"Date","Price","Open","High","Low","Vol.","Change %"
"04/07/2026","85.39","82.60","86.00","82.55","2.75M","3.38%"
"04/06/2026","82.60","81.35","84.30","81.00","2.31M","1.64%"
"04/05/2026","81.27","81.98","82.10","80.10","2.44M","-0.89%"
"04/02/2026","82.00","83.79","84.25","81.60","2.36M","-2.14%"
"04/01/2026","83.79","81.72","84.46","80.75","3.00M","2.56%"
"03/31/2026","81.70","80.96","83.00","79.50","3.72M","0.93%"
"03/30/2026","80.95","85.37","85.95","79.80","3.93M","-4.81%"
"03/29/2026","85.04","89.52","89.84","83.60","6.28M","-4.45%"
"03/26/2026","89.00","93.29","93.75","88.88","2.89M","-3.78%"
"03/25/2026","92.50","94.62","95.00","91.25","1.61M","-1.60%"
"03/24/2026","94.00","87.40","94.40","87.00","4.17M","8.05%"
"03/18/2026","87.00","87.55","88.10","86.75","1.02M","-0.63%"
"03/17/2026","87.55","87.00","87.99","85.50","1.54M","1.02%"
"03/16/2026","86.67","86.22","87.95","82.50","2.03M","0.78%"
"03/15/2026","86.00","89.00","90.35","85.53","3.27M","-2.34%"
"03/12/2026","88.06","87.50","89.00","85.50","3.97M","3.60%"
"03/11/2026","85.00","81.50","85.00","80.50","1.90M","6.38%"
"03/10/2026","79.90","82.86","82.86","78.50","2.09M","-4.99%"
"03/09/2026","84.10","91.00","91.80","82.10","3.04M","-3.33%"
"03/08/2026","87.00","83.10","91.50","83.00","5.28M","11.64%"
"03/05/2026","77.93","79.00","81.26","77.51","1.31M","-0.90%"
"03/04/2026","78.64","78.71","85.84","77.90","5.68M","0.96%"
"03/03/2026","77.89","67.75","79.80","66.65","5.69M","14.88%"
"03/02/2026","67.80","68.00","68.60","66.30","1.48M","-1.45%"
"03/01/2026","68.80","66.00","68.80","63.70","2.69M","-1.29%"
"02/26/2026","69.70","68.30","70.97","68.00","2.25M","2.05%"
"02/25/2026","68.30","69.01","69.50","67.54","789.32K","-1.04%"
"02/24/2026","69.02","70.10","70.10","68.90","633.22K","-1.54%"
"02/23/2026","70.10","67.00","71.89","66.95","4.06M","4.63%"
"02/22/2026","67.00","67.01","67.50","65.00","1.85M","-0.96%"
"02/19/2026","67.65","68.16","68.65","67.23","787.21K","-1.53%"
"02/18/2026","68.70","68.99","70.00","66.53","3.16M","-0.42%"
"02/17/2026","68.99","70.32","71.00","68.01","2.49M","-1.86%"
"02/16/2026","70.30","71.90","72.50","70.00","1.38M","-2.18%"
"02/15/2026","71.87","69.72","72.00","69.01","1.47M","3.08%"
"02/12/2026","69.72","69.50","70.84","62.01","1.68M","0.24%"
"02/11/2026","69.55","69.50","71.00","69.20","1.35M","0.36%"
"02/10/2026","69.30","68.70","69.69","68.51","1.49M","0.73%"
"02/09/2026","68.80","69.47","69.90","68.12","1.31M","-0.94%"
"02/08/2026","69.45","65.76","69.75","65.76","2.24M","5.77%"
"02/05/2026","65.66","65.89","66.43","65.00","1.46M","-0.47%"
"02/04/2026","65.97","67.00","67.69","65.00","2.93M","-1.68%"
"02/03/2026","67.10","66.49","68.00","65.92","2.51M","0.92%"
"02/02/2026","66.49","65.49","66.49","64.14","1.87M","1.59%"
"02/01/2026","65.45","64.15","65.49","62.72","2.50M","2.01%"
"01/28/2026","64.16","63.00","65.70","63.00","3.70M","1.84%"
"01/27/2026","63.00","59.00","63.00","58.71","5.38M","6.78%"
"01/26/2026","59.00","58.81","59.60","58.12","2.67M","0.34%"
"01/25/2026","58.80","59.25","61.25","58.60","4.77M","-0.24%"
"01/22/2026","58.94","55.91","59.38","55.91","7.36M","6.39%"
"01/21/2026","55.40","53.50","55.55","52.80","8.02M","3.55%"
"01/20/2026","53.50","53.04","53.88","52.04","2.42M","0.89%"
"01/19/2026","53.03","52.02","53.39","51.66","2.72M","2.37%"
"01/18/2026","51.80","50.98","52.49","50.03","1.89M","3.56%"
"01/15/2026","50.02","50.20","51.00","49.01","1.67M","-0.42%"
"01/14/2026","50.23","50.82","51.00","49.40","1.22M","-1.53%"
"01/13/2026","51.01","52.30","52.49","51.00","1.03M","-1.96%"
"01/12/2026","52.03","53.30","53.65","51.50","2.01M","-2.29%"
"01/11/2026","53.25","52.23","53.50","51.82","2.74M","1.95%"
"01/08/2026","52.23","50.55","52.55","50.51","2.82M","3.43%"
"01/06/2026","50.50","49.25","50.50","49.08","548.30K","3.02%"
"01/05/2026","49.02","50.00","50.40","48.90","1.07M","-1.96%"
"01/04/2026","50.00","51.00","51.45","49.82","754.29K","-1.96%"
"12/31/2025","51.00","50.81","51.50","50.70","490.09K","0.43%"
"12/30/2025","50.78","51.50","51.58","50.75","528.80K","-1.36%"
"12/29/2025","51.48","51.62","51.80","51.45","362.61K","-0.23%"
"12/28/2025","51.60","52.00","52.17","51.52","676.75K","-0.60%"
"12/25/2025","51.91","52.17","52.20","51.66","373.06K","-0.36%"
"12/24/2025","52.10","52.50","52.60","51.52","822.66K","-0.57%"
"12/23/2025","52.40","51.22","52.45","51.21","3.83M","2.48%"
"12/22/2025","51.13","49.62","51.25","49.62","4.64M","3.13%"
"12/21/2025","49.58","48.79","49.64","48.75","1.55M","1.97%"
"12/18/2025","48.62","47.50","49.65","47.50","4.23M","4.33%"
"12/17/2025","46.60","47.00","47.19","46.52","690.67K","-0.85%"
"12/16/2025","47.00","47.70","47.90","46.75","937.57K","-1.47%"
"12/15/2025","47.70","47.86","48.36","47.50","643.36K","-0.31%"
"12/14/2025","47.85","48.46","48.49","47.85","859.91K","-0.85%"
"12/11/2025","48.26","47.79","48.47","47.56","1.29M","0.98%"
"12/10/2025","47.79","47.50","47.80","47.00","975.42K","0.99%"
"12/09/2025","47.32","47.17","47.65","46.90","874.34K","0.66%"
"12/08/2025","47.01","46.90","47.20","46.63","700.72K","0.02%"
"12/07/2025","47.00","45.68","47.00","45.65","874.29K","2.98%"
"12/04/2025","45.64","45.39","45.65","45.30","638.47K","0.60%"
"12/03/2025","45.37","45.60","45.70","45.18","1.15M","-0.44%"
"12/02/2025","45.57","45.80","45.84","45.47","840.59K","-0.11%"
"12/01/2025","45.62","46.00","46.18","45.60","830.94K","-0.70%"
"11/30/2025","45.94","46.18","46.30","45.90","635.23K","-0.13%"
"11/27/2025","46.00","46.10","46.25","45.50","880.25K","-0.02%"
"11/26/2025","46.01","46.12","46.23","46.00","607.31K","-0.24%"
"11/25/2025","46.12","46.50","46.66","46.02","686.68K","-0.77%"
"11/24/2025","46.48","46.72","46.80","46.41","737.53K","-0.26%"
"11/23/2025","46.60","46.51","46.98","46.51","592.61K","0.22%"
"11/20/2025","46.50","46.68","46.77","46.35","687.52K","-0.32%"
"11/19/2025","46.65","46.86","47.00","46.46","770.52K","0.11%"
"11/18/2025","46.60","46.17","46.98","46.04","1.68M","1.22%"
"11/17/2025","46.04","46.35","46.43","46.00","858.99K","-0.30%"
"11/16/2025","46.18","46.31","46.49","46.11","797.42K","-0.04%"
"11/13/2025","46.20","46.48","46.57","46.20","776.15K","-0.22%"
"11/12/2025","46.30","46.36","46.54","46.20","851.48K","0.11%"
"11/11/2025","46.25","46.50","46.67","46.07","1.88M","-0.30%"
"11/10/2025","46.39","46.90","46.92","46.05","1.95M","-0.43%"
"11/09/2025","46.59","46.97","47.28","46.48","1.52M","-0.30%"
"11/06/2025","46.73","46.70","47.05","46.45","1.16M","0.69%"
"11/05/2025","46.41","47.51","47.79","46.00","2.32M","-2.21%"
"11/04/2025","47.46","47.69","47.85","47.45","903.56K","-0.29%"
"11/03/2025","47.60","48.65","48.69","47.52","1.83M","-2.08%"
"11/02/2025","48.61","48.84","48.92","48.51","323.55K","0.02%"
"10/30/2025","48.60","48.55","48.86","48.48","496.39K","0.21%"
"10/29/2025","48.50","48.61","48.84","48.18","587.10K","-0.10%"
"10/28/2025","48.55","48.48","48.58","47.98","1.28M","0.50%"
"10/27/2025","48.31","49.45","49.48","48.25","1.82M","-1.87%"
"10/26/2025","49.23","49.45","49.50","48.95","586.95K","0.08%"
"10/23/2025","49.19","49.98","50.34","48.99","1.08M","-1.42%"
"10/22/2025","49.90","48.40","50.10","48.12","2.68M","-7.02%"
"10/21/2025","53.67","53.90","53.99","53.55","1.96M","-0.41%"
"10/20/2025","53.89","53.90","53.99","53.63","704.56K","0.04%"
"10/19/2025","53.87","53.79","54.05","53.54","835.52K","0.92%"
"10/16/2025","53.38","53.31","54.19","53.19","980.04K","0.53%"
"10/15/2025","53.10","53.49","53.50","53.01","314.65K","-0.19%"
"10/14/2025","53.20","52.62","53.40","52.61","708.99K","1.20%"
"10/13/2025","52.57","53.30","53.46","52.25","1.61M","-0.81%"
"10/12/2025","53.00","53.41","53.79","52.52","1.44M","-0.93%"
"10/08/2025","53.50","53.95","53.98","53.50","823.22K","-0.71%"
"10/07/2025","53.88","54.09","54.19","53.80","378.20K","-0.22%"
"10/06/2025","54.00","54.01","54.29","53.70","609.95K","0.26%"
"10/05/2025","53.86","53.51","54.14","53.50","577.20K","0.80%"
"10/02/2025","53.43","53.54","53.54","53.04","359.64K","0.24%"
"10/01/2025","53.30","53.50","53.55","52.97","593.62K","0.00%"
"09/30/2025","53.30","52.90","53.55","52.80","792.47K","0.79%"
"09/29/2025","52.88","53.44","53.67","52.40","1.23M","-0.49%"
"09/28/2025","53.14","53.00","53.59","52.70","1.33M","2.37%"
"09/25/2025","51.91","51.63","52.09","51.52","727.59K","0.84%"
"09/24/2025","51.48","51.00","51.75","50.66","1.69M","0.98%"
"09/23/2025","50.98","51.54","51.98","50.26","1.37M","-1.01%"
"09/22/2025","51.50","52.00","52.10","50.20","923.86K","-0.48%"
"09/21/2025","51.75","52.31","52.70","51.55","676.85K","-1.05%"
"09/18/2025","52.30","53.50","53.96","51.92","1.15M","-2.24%"
"09/17/2025","53.50","52.88","53.62","52.52","448.34K","1.13%"
"09/16/2025","52.90","54.25","54.48","52.85","1.11M","-2.90%"
"09/15/2025","54.48","54.04","54.80","53.87","1.39M","0.80%"
"09/14/2025","54.05","53.50","54.08","53.01","754.38K","1.03%"
"09/11/2025","53.50","52.87","53.50","52.50","549.15K","1.17%"
"09/10/2025","52.88","52.50","52.96","51.90","328.37K","0.72%"
"09/09/2025","52.50","53.42","53.80","52.45","681.28K","-1.70%"
"09/08/2025","53.41","52.22","54.00","52.05","1.13M","2.30%"
"09/07/2025","52.21","52.85","53.39","51.99","922.03K","-1.15%"
"09/03/2025","52.82","53.70","53.80","52.65","735.89K","-1.99%"
"09/02/2025","53.89","52.68","54.00","52.51","1.89M","2.39%"
"09/01/2025","52.63","52.25","52.75","52.16","395.45K","0.96%"
"08/31/2025","52.13","52.61","53.00","52.10","516.60K","-0.87%"
"08/28/2025","52.59","52.11","52.59","51.96","295.45K","0.92%"
"08/27/2025","52.11","52.18","52.30","51.85","312.78K","-0.17%"
"08/26/2025","52.20","52.25","52.40","51.85","340.92K","-0.10%"
"08/25/2025","52.25","52.20","52.39","51.70","386.11K","0.75%"
"08/24/2025","51.86","52.31","52.63","51.80","546.31K","-0.77%"
"08/21/2025","52.26","51.90","52.38","51.56","240.69K","0.69%"
"08/20/2025","51.90","52.61","52.87","51.80","772.71K","-1.14%"
"08/19/2025","52.50","52.50","52.70","52.25","774.87K","0.19%"
"08/18/2025","52.40","52.89","53.20","52.20","232.82K","-0.93%"
"08/17/2025","52.89","52.49","52.98","52.10","414.06K","0.76%"
"08/14/2025","52.49","52.61","52.99","51.87","498.14K","-0.23%"
"08/13/2025","52.61","53.57","53.90","50.50","564.74K","-1.79%"
"08/12/2025","53.57","53.70","54.00","53.50","598.58K","-0.06%"
"08/11/2025","53.60","54.25","54.48","53.00","761.52K","-1.13%"
"08/10/2025","54.21","53.30","54.49","53.29","1.92M","2.09%"
"08/07/2025","53.10","51.79","53.37","51.45","2.73M","2.53%"
"08/06/2025","51.79","51.31","51.79","50.80","927.03K","1.03%"
"08/05/2025","51.26","50.89","51.40","50.53","488.42K","0.99%"
"08/04/2025","50.76","50.53","50.99","50.02","585.69K","0.49%"
"08/03/2025","50.51","49.50","50.51","48.75","1.23M","1.63%"
"07/31/2025","49.70","50.20","50.60","49.50","575.04K","-0.62%"
"07/30/2025","50.01","50.35","51.00","49.70","703.45K","-0.38%"
"07/29/2025","50.20","50.85","51.14","50.05","813.86K","-1.28%"
"07/28/2025","50.85","51.49","52.25","50.50","1.14M","-0.88%"
"07/27/2025","51.30","50.63","51.80","50.63","1.00M","1.48%"
"07/23/2025","50.55","50.89","50.89","50.15","841.40K","0.10%"
"07/22/2025","50.50","51.96","51.96","50.32","1.35M","-2.04%"
"07/21/2025","51.55","52.70","52.95","51.55","1.06M","-2.18%"
"07/20/2025","52.70","52.02","53.25","51.82","933.68K","1.74%"
"07/17/2025","51.80","51.97","52.19","51.52","772.64K","0.27%"
"07/16/2025","51.66","51.72","52.83","51.51","2.65M","-0.06%"
"07/15/2025","51.69","49.99","52.38","49.95","3.88M","3.55%"
"07/14/2025","49.92","49.87","50.33","49.51","853.29K","0.62%"
"07/13/2025","49.61","50.50","50.90","49.53","826.43K","-1.27%"
"07/10/2025","50.25","49.12","50.40","49.10","1.60M","2.34%"
"07/09/2025","49.10","49.50","49.99","49.10","608.79K","-0.91%"
"07/07/2025","49.55","48.69","49.55","48.31","1.24M","2.14%"
"07/06/2025","48.51","48.86","49.15","48.48","585.43K","-0.19%"
"07/02/2025","48.60","49.01","49.17","48.22","936.43K","-0.82%"
"07/01/2025","49.00","50.29","50.29","48.89","604.70K","-2.00%"
"06/30/2025","50.00","50.65","50.93","49.75","698.20K","-0.77%"
"06/29/2025","50.39","49.52","50.87","49.52","994.01K","3.07%"
"06/25/2025","48.89","48.02","48.99","47.94","833.21K","2.09%"
"06/24/2025","47.89","47.01","47.95","47.01","1.18M","3.19%"
"06/23/2025","46.41","46.85","47.10","45.83","1.43M","-0.92%"
"06/22/2025","46.84","45.50","47.00","45.05","408.34K","1.89%"
"06/19/2025","45.97","46.60","46.90","45.60","572.74K","-0.58%"
"06/18/2025","46.24","46.15","46.40","45.60","610.15K","0.20%"
"06/17/2025","46.15","47.00","47.15","45.67","797.54K","-1.81%"
"06/16/2025","47.00","47.80","47.90","46.30","1.07M","-0.40%"
"06/15/2025","47.19","47.51","47.56","45.01","2.08M","-5.43%"
"06/12/2025","49.90","50.65","51.00","49.68","1.31M","-1.09%"
"06/11/2025","50.45","50.98","51.50","50.31","1.80M","-0.61%"
"06/10/2025","50.76","50.00","50.86","49.92","1.12M","1.74%"
"06/04/2025","49.89","49.29","49.89","48.97","592.66K","1.63%"
"06/03/2025","49.09","49.30","49.47","49.03","379.77K","0.18%"
"06/02/2025","49.00","48.57","49.45","48.50","648.05K","1.24%"
"06/01/2025","48.40","48.44","48.84","48.19","583.56K","0.17%"
"05/29/2025","48.32","49.23","49.27","48.10","971.41K","-1.39%"
"05/28/2025","49.00","49.60","49.89","48.92","1.11M","-0.81%"
"05/27/2025","49.40","49.19","49.60","49.12","618.67K","0.82%"
"05/26/2025","49.00","48.68","49.18","48.26","699.85K","1.03%"
"05/25/2025","48.50","49.30","49.31","48.00","1.64M","-1.02%"
"05/22/2025","49.00","49.93","49.93","48.26","1.66M","-1.63%"
"05/21/2025","49.81","51.01","51.10","49.67","1.37M","-2.41%"
"05/20/2025","51.04","51.20","51.39","50.82","239.97K","0.08%"
"05/19/2025","51.00","52.10","52.19","50.65","594.87K","-1.83%"
"05/18/2025","51.95","52.98","53.10","51.56","675.43K","-1.61%"
"05/15/2025","52.80","52.50","52.80","52.30","272.35K","0.94%"
"05/14/2025","52.31","53.57","53.95","52.12","740.65K","-2.32%"
"05/13/2025","53.55","54.20","54.55","53.55","685.76K","-0.85%"
"05/12/2025","54.01","53.39","54.20","53.30","426.01K","1.18%"
"05/11/2025","53.38","53.60","54.00","53.00","372.62K","-0.04%"
"05/08/2025","53.40","54.00","54.50","53.26","232.22K","-0.87%"
"05/07/2025","53.87","55.20","55.79","53.83","847.11K","-2.41%"
"05/06/2025","55.20","54.94","56.17","54.94","1.15M","0.38%"
"05/05/2025","54.99","54.98","55.00","54.11","724.67K","0.00%"
"05/04/2025","54.99","53.97","55.00","53.67","1.33M","1.89%"
"04/30/2025","53.97","54.00","54.21","53.60","686.49K","-0.06%"
"04/29/2025","54.00","53.01","54.14","52.91","814.80K","2.06%"
"04/28/2025","52.91","53.35","53.50","52.50","679.70K","-0.60%"
"04/27/2025","53.23","52.80","53.53","52.80","339.17K","1.20%"
"04/23/2025","52.60","51.88","52.60","51.70","654.76K","1.84%"
"04/22/2025","51.65","52.31","52.62","51.64","570.97K","-0.88%"
"04/17/2025","52.11","52.16","52.53","52.05","334.99K","0.10%"
"04/16/2025","52.06","52.86","52.97","52.05","291.34K","-1.49%"
"04/15/2025","52.85","52.85","53.10","52.70","272.19K","0.08%"
"04/14/2025","52.81","52.90","52.93","52.38","225.09K","0.25%"
"04/13/2025","52.68","52.89","52.89","52.25","354.60K","1.23%"
"04/10/2025","52.04","52.90","53.23","52.01","540.33K","1.62%"
"04/09/2025","51.21","52.30","52.60","51.21","470.08K","-1.90%"
"04/08/2025","52.20","53.22","54.00","52.05","1.38M","-1.04%"
"04/07/2025","52.75","53.80","53.80","51.77","1.03M","-2.85%"
"04/06/2025","54.30","54.98","55.40","53.36","522.89K","-3.29%"
"04/03/2025","56.15","56.85","56.85","56.00","242.68K","-1.25%"
"03/27/2025","56.86","56.08","57.20","56.08","270.52K","1.54%"
"03/26/2025","56.00","55.35","57.89","54.80","476.69K","1.34%"
"03/25/2025","55.26","55.74","56.00","55.05","255.16K","-0.86%"
"03/24/2025","55.74","57.02","57.47","55.62","380.74K","-2.21%"
"03/23/2025","57.00","57.10","57.50","56.53","254.51K","-0.14%"
"03/20/2025","57.08","56.05","57.25","56.05","462.58K","1.84%"
"03/19/2025","56.05","57.50","57.70","56.03","506.37K","-2.40%"
"03/18/2025","57.43","58.22","58.49","57.36","342.49K","-1.34%"
"03/17/2025","58.21","59.20","59.20","58.20","228.90K","-1.67%"
"03/16/2025","59.20","58.99","59.58","58.50","193.22K","0.80%"
"03/13/2025","58.73","59.61","60.40","58.70","363.17K","-1.33%"
"03/12/2025","59.52","59.40","60.42","59.30","513.21K","0.37%"
"03/11/2025","59.30","59.90","59.90","59.15","192.71K","-1.08%"
"03/10/2025","59.95","60.50","60.60","59.55","345.02K","-0.91%"
"03/09/2025","60.50","61.50","61.73","59.77","605.06K","-1.63%"
"03/06/2025","61.50","60.90","61.90","60.70","641.96K","0.92%"
"03/05/2025","60.94","60.20","61.00","58.75","725.53K","1.23%"
"03/04/2025","60.20","61.00","61.49","60.20","1.22M","-1.31%"
"03/03/2025","61.00","58.75","61.09","58.60","1.71M","3.83%"
"03/02/2025","58.75","58.75","59.10","58.00","182.87K","-0.09%"
"02/27/2025","58.80","58.21","58.80","57.70","735.20K","1.00%"
"02/26/2025","58.22","57.50","58.29","57.10","335.75K","1.29%"
"02/25/2025","57.48","58.60","58.70","57.27","321.15K","-1.74%"
"02/24/2025","58.50","58.60","58.90","58.50","251.72K","-0.02%"
"02/23/2025","58.51","59.05","59.28","58.30","410.61K","-0.83%"
"02/20/2025","59.00","59.30","59.40","58.81","448.40K","-0.59%"
"02/19/2025","59.35","58.03","59.43","58.00","1.34M","2.33%"
"02/18/2025","58.00","57.49","58.39","57.40","1.25M","1.05%"
"02/17/2025","57.40","58.00","58.00","57.35","835.43K","-0.86%"
"02/16/2025","57.90","56.81","58.01","56.81","967.32K","2.03%"
"02/13/2025","56.75","56.25","57.27","56.00","880.61K","1.34%"
"02/12/2025","56.00","57.48","57.48","55.00","870.64K","-2.61%"
"02/11/2025","57.50","56.16","57.95","55.90","2.23M","2.50%"
"02/10/2025","56.10","55.75","56.99","55.75","1.57M","0.63%"
"02/09/2025","55.75","55.26","55.78","55.05","481.04K","1.01%"
"02/06/2025","55.19","54.60","56.00","54.60","1.66M","1.40%"
"02/05/2025","54.43","54.50","55.00","54.06","338.93K","-0.17%"
"02/04/2025","54.52","55.38","55.40","54.50","211.16K","-1.55%"
"02/03/2025","55.38","55.69","56.10","54.55","355.69K","-0.57%"
"02/02/2025","55.70","55.88","57.00","55.27","1.14M","-0.34%"
"01/30/2025","55.89","54.51","56.10","54.51","1.62M","2.51%"
"01/29/2025","54.52","53.51","54.65","53.50","440.32K","2.10%"
"01/28/2025","53.40","53.79","54.30","53.26","420.25K","-0.73%"
"01/27/2025","53.79","54.90","55.00","53.70","282.15K","-1.99%"
"01/26/2025","54.88","54.51","55.20","54.22","682.72K","0.68%"
"01/23/2025","54.51","54.97","55.55","54.50","502.40K","-0.16%"
"01/22/2025","54.60","54.02","55.79","53.71","762.28K","1.11%"
"01/21/2025","54.00","55.00","55.00","53.50","1.35M","-1.82%"
"01/20/2025","55.00","56.05","56.20","53.75","1.29M","-1.86%"
"01/19/2025","56.04","56.09","56.94","55.71","938.69K","-0.07%"
"01/16/2025","56.08","54.10","56.10","54.10","2.00M","3.83%"
"01/15/2025","54.01","53.13","54.79","52.76","1.77M","1.66%"
"01/14/2025","53.13","51.51","53.50","50.50","1.13M","3.17%"
"01/13/2025","51.50","51.05","54.40","51.05","3.24M","0.98%"
"01/12/2025","51.00","48.20","51.30","47.55","1.47M","5.99%"
"01/09/2025","48.12","48.67","49.00","48.01","399.27K","-1.09%"
"01/08/2025","48.65","49.40","49.50","48.55","285.09K","-1.20%"
"01/06/2025","49.24","49.63","49.70","49.02","303.82K","-0.71%"
"01/05/2025","49.59","49.96","49.99","49.30","210.41K","-0.74%"
"01/02/2025","49.96","49.01","49.98","48.95","371.23K","2.15%"
"12/31/2024","48.91","48.27","49.38","48.11","344.52K","1.66%"
"12/30/2024","48.11","48.69","48.98","47.81","594.84K","-1.19%"
"12/29/2024","48.69","49.11","49.40","48.50","277.86K","-0.84%"
"12/26/2024","49.10","49.28","49.40","49.00","266.13K","0.04%"
"12/25/2024","49.08","49.15","49.62","49.08","384.32K","-0.14%"
"12/24/2024","49.15","48.92","49.45","48.80","246.82K","0.51%"
"12/23/2024","48.90","49.66","49.99","48.80","467.99K","-1.45%"
"12/22/2024","49.62","50.51","50.70","49.61","810.35K","-1.76%"
"12/19/2024","50.51","49.01","51.10","48.55","876.81K","3.10%"
"12/18/2024","48.99","49.61","49.96","48.51","1.24M","-1.13%"
"12/17/2024","49.55","51.05","51.33","49.55","1.79M","-3.58%"
"12/16/2024","51.39","51.95","52.00","51.31","856.89K","-0.91%"
"12/15/2024","51.86","52.38","52.45","51.80","773.02K","-0.46%"
"12/12/2024","52.10","52.14","52.35","51.88","978.92K","0.15%"
"12/11/2024","52.02","52.49","52.87","51.85","394.84K","-0.73%"
"12/10/2024","52.40","52.85","53.00","52.10","404.22K","-0.85%"
"12/09/2024","52.85","53.55","53.78","52.85","531.14K","-1.25%"
"12/08/2024","53.52","53.51","54.00","53.48","313.07K","0.13%"
"12/05/2024","53.45","53.00","53.54","53.00","326.10K","1.23%"
"12/04/2024","52.80","53.35","53.50","52.80","332.09K","-0.85%"
"12/03/2024","53.25","53.50","53.93","53.00","354.28K","-0.47%"
"12/02/2024","53.50","54.11","54.40","53.46","557.90K","-0.83%"
"12/01/2024","53.95","52.90","54.90","52.85","973.37K","2.20%"
"11/28/2024","52.79","51.70","52.80","51.70","539.11K","2.11%"
"11/27/2024","51.70","52.50","52.80","51.54","624.62K","-1.28%"
"11/26/2024","52.37","52.35","52.69","52.05","514.01K","0.15%"
"11/25/2024","52.29","52.70","52.89","52.01","549.72K","-0.78%"
"11/24/2024","52.70","53.27","53.60","52.70","387.71K","-1.03%"
"11/21/2024","53.25","53.29","53.47","53.10","329.74K","0.36%"
"11/20/2024","53.06","53.25","53.60","53.00","466.17K","-0.08%"
"11/19/2024","53.10","53.61","53.80","52.94","689.72K","-0.95%"
"11/18/2024","53.61","54.60","54.65","53.60","648.96K","-1.65%"
"11/17/2024","54.51","54.90","54.97","54.50","500.28K","-0.55%"
"11/14/2024","54.81","54.71","55.06","54.71","595.70K","0.24%"
"11/13/2024","54.68","55.00","55.24","54.68","910.62K","-0.60%"
"11/12/2024","55.01","55.19","55.38","54.65","1.02M","-0.34%"
"11/11/2024","55.20","55.83","55.83","55.04","2.05M","-1.09%"
"11/10/2024","55.81","56.30","56.39","55.60","1.02M","-0.46%"
"11/07/2024","56.07","56.03","56.80","55.90","730.04K","0.30%"
"11/06/2024","55.90","56.24","56.35","55.84","402.10K","0.04%"
"11/05/2024","55.88","55.99","56.25","55.81","229.38K","0.00%"
"11/04/2024","55.88","56.39","56.78","55.88","523.85K","-0.80%"
"11/03/2024","56.33","57.01","57.40","56.28","788.92K","-1.18%"
"10/31/2024","57.00","55.47","57.00","55.05","923.50K","3.41%"
"10/30/2024","55.12","55.66","55.86","55.02","740.73K","-0.43%"
"10/29/2024","55.36","56.89","56.94","55.00","1.03M","-2.57%"
"10/28/2024","56.82","57.37","57.37","56.76","371.32K","-0.32%"
"10/27/2024","57.00","57.00","57.46","56.95","359.39K","0.14%"
"10/24/2024","56.92","57.10","57.29","56.80","495.56K","-0.07%"
"10/23/2024","56.96","57.51","58.15","56.71","1.23M","-0.90%"
"10/22/2024","57.48","57.00","58.00","56.01","1.79M","-9.19%"
"10/21/2024","63.30","63.99","64.25","63.00","2.26M","-1.09%"
"10/20/2024","64.00","65.74","65.75","63.80","2.40M","-1.67%"
"10/17/2024","65.09","63.80","65.49","63.71","2.35M","2.34%"
"10/16/2024","63.60","64.88","64.89","63.60","1.56M","-1.24%"
"10/15/2024","64.40","64.04","64.88","64.04","1.53M","0.66%"
"10/14/2024","63.98","63.60","64.10","63.00","1.64M","0.60%"
"10/13/2024","63.60","63.48","64.10","62.90","2.60M","0.97%"
"10/10/2024","62.99","61.61","63.30","61.40","2.40M","2.42%"
"10/09/2024","61.50","61.00","62.30","60.51","985.51K","0.82%"
"10/08/2024","61.00","62.15","62.49","60.11","1.21M","-1.82%"
"10/07/2024","62.13","62.16","62.88","62.02","791.89K","0.21%"
"10/03/2024","62.00","61.90","62.30","61.45","1.19M","0.49%"
"10/02/2024","61.70","62.89","63.00","61.66","1.63M","-2.51%"
"10/01/2024","63.29","63.62","63.90","63.10","888.21K","-0.52%"
"09/30/2024","63.62","64.20","64.30","62.66","2.03M","-0.59%"
"09/29/2024","64.00","64.00","64.48","63.27","2.93M","3.98%"
"09/26/2024","61.55","60.60","62.03","60.60","2.85M","1.77%"
"09/25/2024","60.48","59.99","60.69","59.60","851.91K","1.05%"
"09/24/2024","59.85","60.28","60.50","59.76","729.72K","-0.68%"
"09/23/2024","60.26","60.53","60.90","59.90","1.37M","-0.40%"
"09/22/2024","60.50","61.50","61.60","60.12","1.53M","-1.55%"
"09/19/2024","61.45","59.03","61.45","58.83","1.51M","4.68%"
"09/18/2024","58.70","58.78","59.17","58.50","661.84K","0.00%"
"09/17/2024","58.70","57.80","59.49","57.68","5.50M","1.77%"
"09/16/2024","57.68","59.00","59.10","57.63","10.61M","-2.24%"
"09/12/2024","59.00","60.00","60.18","58.70","1.75M","-1.37%"
"09/11/2024","59.82","59.50","60.25","58.85","2.25M","0.52%"
"09/10/2024","59.51","61.20","61.70","59.37","2.59M","-2.44%"
"09/09/2024","61.00","63.00","63.10","60.97","2.48M","-3.17%"
"09/08/2024","63.00","63.60","64.20","62.02","1.33M","-0.94%"
"09/05/2024","63.60","64.50","64.81","63.60","805.69K","-1.40%"
"09/04/2024","64.50","64.25","64.90","63.33","2.20M","-1.19%"
"09/03/2024","65.28","62.24","66.49","61.85","4.59M","4.88%"
"09/02/2024","62.24","61.00","62.96","60.95","6.25M","2.20%"
"09/01/2024","60.90","58.48","60.97","58.41","3.92M","5.00%"
"08/29/2024","58.00","58.86","58.89","57.95","1.48M","-0.62%"
"08/28/2024","58.36","57.53","58.70","57.34","1.73M","1.85%"
"08/27/2024","57.30","57.20","57.73","57.12","875.66K","0.35%"
"08/26/2024","57.10","58.03","58.40","57.00","894.77K","-1.38%"
"08/25/2024","57.90","57.20","58.11","57.06","923.26K","1.56%"
"08/22/2024","57.01","57.69","57.70","56.85","868.49K","-0.96%"
"08/21/2024","57.56","58.70","58.95","57.37","1.69M","-1.61%"
"08/20/2024","58.50","57.50","58.59","57.20","1.65M","1.93%"
"08/19/2024","57.39","57.49","57.68","56.67","1.26M","-0.03%"
"08/18/2024","57.41","58.90","59.17","57.40","2.13M","-2.03%"
"08/15/2024","58.60","58.30","59.24","57.60","4.38M","1.21%"
"08/14/2024","57.90","55.30","57.97","55.04","9.18M","5.02%"
"08/13/2024","55.13","55.79","56.30","55.00","2.18M","-0.93%"
"08/12/2024","55.65","57.50","57.70","55.60","3.84M","-1.68%"
"08/11/2024","56.60","56.01","56.88","55.80","2.34M","1.80%"
"08/08/2024","55.60","55.97","56.50","55.12","2.93M","-0.63%"
"08/07/2024","55.95","56.95","56.95","55.67","1.61M","-0.73%"
"08/06/2024","56.36","56.28","57.25","56.03","995.96K","-0.19%"
"08/05/2024","56.47","57.00","57.39","54.04","2.04M","-3.11%"
"08/04/2024","58.28","59.41","59.49","57.21","1.60M","-3.69%"
"08/01/2024","60.51","62.19","62.96","60.51","1.88M","-2.40%"
"07/31/2024","62.00","60.50","62.00","59.61","2.21M","2.89%"
"07/30/2024","60.26","60.40","60.97","60.06","674.35K","0.02%"
"07/29/2024","60.25","59.80","61.40","59.80","1.97M","1.02%"
"07/28/2024","59.64","58.47","59.88","58.20","1.03M","2.65%"
"07/24/2024","58.10","58.50","58.97","57.86","663.83K","-0.38%"
"07/23/2024","58.32","59.05","59.36","58.12","730.72K","-1.24%"
"07/22/2024","59.05","60.06","60.50","58.59","1.60M","-1.50%"
"07/21/2024","59.95","56.94","60.33","56.71","3.31M","5.71%"
"07/18/2024","56.71","56.95","57.50","56.10","1.28M","0.32%"
"07/17/2024","56.53","54.09","56.61","53.84","1.86M","5.02%"
"07/16/2024","53.83","54.60","54.77","53.83","1.97M","-0.94%"
"07/15/2024","54.34","53.50","55.50","53.45","1.55M","1.70%"
"07/14/2024","53.43","54.65","54.85","53.30","1.12M","-1.06%"
"07/10/2024","54.00","54.97","55.94","53.82","1.95M","-1.28%"
"07/09/2024","54.70","56.35","56.90","54.70","2.67M","-2.81%"
"07/08/2024","56.28","58.22","58.66","56.28","2.14M","-3.30%"
"07/07/2024","58.20","60.10","61.00","58.00","2.98M","-3.03%"
"07/04/2024","60.02","60.07","60.45","59.25","1.87M","0.08%"
"07/03/2024","59.97","58.50","61.00","58.18","2.17M","2.69%"
"07/02/2024","58.40","59.38","59.74","58.11","1.01M","-1.22%"
"07/01/2024","59.12","58.80","61.25","58.80","1.99M","0.89%"
"06/27/2024","58.60","57.97","59.69","57.80","1.25M","1.09%"
"06/26/2024","57.97","57.01","58.40","56.12","1.95M","0.64%"
"06/25/2024","57.60","56.50","58.00","54.33","2.45M","1.75%"
"06/24/2024","56.61","57.60","58.49","56.50","2.36M","-1.48%"
"06/23/2024","57.46","57.22","58.00","56.02","1.38M","0.81%"
"06/13/2024","57.00","53.13","57.00","52.95","2.93M","7.73%"
"06/12/2024","52.91","53.23","54.20","52.61","1.58M","-0.17%"
"06/11/2024","53.00","55.90","56.20","52.80","4.20M","-3.99%"
"06/10/2024","55.20","55.53","56.95","54.12","1.89M","-0.58%"
"06/09/2024","55.52","58.00","58.11","55.52","1.38M","-3.81%"
"06/06/2024","57.72","59.10","59.30","57.12","1.55M","-1.80%"
"06/05/2024","58.78","60.20","60.89","56.12","4.58M","-4.89%"
"06/04/2024","61.80","61.50","63.00","61.20","1.59M","1.15%"
"06/03/2024","61.10","62.10","62.50","60.57","1.07M","-1.40%"
"06/02/2024","61.97","62.50","63.50","61.50","667.42K","-0.05%"
"05/30/2024","62.00","63.45","63.88","62.00","952.89K","-2.27%"
"05/29/2024","63.44","64.00","64.79","63.21","627.25K","-0.41%"
"05/28/2024","63.70","64.98","65.00","63.63","855.29K","-2.38%"
"05/27/2024","65.25","65.60","67.00","65.25","700.26K","-0.18%"
"05/26/2024","65.37","65.49","65.74","64.65","363.89K","0.57%"
"05/23/2024","65.00","66.44","67.45","65.00","566.64K","-1.52%"
"05/22/2024","66.00","68.00","68.47","65.37","1.03M","-2.94%"
"05/21/2024","68.00","67.70","69.91","67.02","1.48M","0.50%"
"05/20/2024","67.66","69.05","69.50","67.66","1.19M","-1.89%"
"05/19/2024","68.96","65.00","69.68","65.00","2.42M","6.17%"
"05/16/2024","64.95","62.06","64.99","62.06","920.46K","4.76%"
"05/15/2024","62.00","61.70","62.15","61.02","422.24K","0.49%"
"05/14/2024","61.70","62.56","62.99","61.53","174.37K","-1.37%"
"05/13/2024","62.56","63.10","63.60","60.11","760.10K","-0.81%"
"05/12/2024","63.07","66.70","67.20","62.51","496.82K","-5.20%"
"05/09/2024","66.53","64.00","67.48","64.00","905.52K","3.15%"
"05/08/2024","64.50","66.05","66.90","64.16","301.43K","-2.21%"
"05/07/2024","65.96","66.99","68.00","65.00","604.87K","-1.55%"
"05/02/2024","67.00","63.00","67.00","62.04","1.23M","7.29%"
"05/01/2024","62.45","62.25","63.20","60.20","973.84K","0.40%"
"04/30/2024","62.20","64.56","64.97","61.50","979.84K","-3.64%"
"04/29/2024","64.55","62.91","65.00","62.11","671.30K","2.62%"
"04/28/2024","62.90","63.20","64.25","61.00","708.93K","-0.16%"
"04/24/2024","63.00","63.00","63.99","59.88","1.71M","0.00%"
"04/23/2024","63.00","67.32","67.32","62.56","1.03M","-6.42%"
"04/22/2024","67.32","69.00","69.99","67.11","493.28K","-2.43%"
"04/21/2024","69.00","69.00","71.50","68.51","1.08M","0.00%"
"04/18/2024","69.00","72.25","72.94","66.91","2.21M","-4.50%"
"04/17/2024","72.25","73.55","74.45","71.81","1.90M","-1.77%"
"04/16/2024","73.55","75.50","75.84","72.50","2.18M","-2.58%"
"04/15/2024","75.50","71.50","75.98","71.61","3.40M","5.59%"
"04/08/2024","71.50","70.25","71.75","68.50","759.95K","1.78%"
"04/07/2024","70.25","65.40","71.70","65.95","2.20M","7.42%"
"04/04/2024","65.40","65.00","66.49","64.71","1.08M","0.62%"
"04/03/2024","65.00","65.70","65.50","64.00","709.70K","-1.07%"
"04/02/2024","65.70","66.00","67.30","64.10","781.49K","-0.45%"
"04/01/2024","66.00","61.50","66.89","61.56","634.58K","7.32%"
"03/31/2024","61.50","63.09","64.53","60.40","635.24K","-2.52%"
"03/28/2024","63.09","65.02","65.99","62.31","242.99K","-2.97%"
"03/27/2024","65.02","67.99","67.88","64.15","467.33K","-4.37%"
"03/26/2024","67.99","68.99","69.50","67.00","1.02M","-1.45%"
"03/25/2024","68.99","68.00","69.00","66.04","809.36K","1.46%"
"03/24/2024","68.00","67.10","69.19","66.18","1.19M","1.34%"
"03/21/2024","67.10","64.00","68.00","62.01","1.35M","4.84%"
"03/20/2024","64.00","65.10","67.30","63.00","929.40K","-1.69%"
"03/19/2024","65.10","61.60","65.60","60.03","800.52K","5.68%"
"03/18/2024","61.60","61.25","64.40","59.00","1.35M","0.57%"
"03/17/2024","61.25","63.20","65.20","60.99","981.90K","-3.09%"
"03/14/2024","63.20","61.00","63.48","59.50","1.64M","3.61%"
"03/13/2024","61.00","65.70","67.44","59.02","2.44M","-7.15%"
"03/12/2024","65.70","70.05","70.98","64.64","1.21M","-6.21%"
"03/11/2024","70.05","73.01","74.75","69.57","2.34M","-4.05%"
"03/10/2024","73.01","69.00","73.01","69.12","1.72M","5.81%"
"03/07/2024","69.00","70.00","72.98","67.50","1.68M","-1.43%"
"03/06/2024","70.00","69.53","80.99","70.00","4.51M","0.68%"
"03/05/2024","69.53","68.00","71.75","68.75","1.62M","2.25%"
"03/04/2024","68.00","63.80","69.29","63.50","1.69M","6.58%"
"03/03/2024","63.80","67.00","66.99","62.88","999.05K","-4.78%"
"02/29/2024","67.00","66.30","69.01","66.04","1.89M","1.06%"
"02/28/2024","66.30","69.71","70.84","66.00","2.29M","-4.89%"
"02/27/2024","69.71","72.21","73.45","69.51","3.82M","-3.46%"
"02/26/2024","72.21","72.79","74.50","70.02","3.08M","-0.80%"
"02/25/2024","72.79","90.82","85.00","72.66","5.62M","-19.85%"
"02/22/2024","90.82","88.82","90.82","88.00","599.58K","2.25%"
"02/21/2024","88.82","89.27","90.00","88.03","408.73K","-0.50%"
"02/20/2024","89.27","90.00","90.50","89.06","418.15K","-0.81%"
"02/19/2024","90.00","90.96","91.83","88.50","757.95K","-1.06%"
"02/18/2024","90.96","90.80","91.50","89.52","373.63K","0.18%"
"02/15/2024","90.80","91.15","91.89","90.51","412.74K","-0.38%"
"02/14/2024","91.15","90.00","91.20","90.05","359.22K","1.28%"
"02/13/2024","90.00","90.24","90.98","89.63","435.59K","-0.27%"
"02/12/2024","90.24","90.50","90.99","88.00","423.02K","-0.29%"
"02/11/2024","90.50","89.00","92.00","89.01","625.67K","1.69%"
"02/08/2024","89.00","86.65","91.49","86.25","1.14M","2.71%"
"02/07/2024","86.65","85.03","87.30","84.75","740.14K","1.91%"
"02/06/2024","85.03","91.00","92.50","84.51","1.36M","-6.56%"
"02/05/2024","91.00","91.31","93.20","90.01","916.09K","-0.34%"
"02/04/2024","91.31","98.95","99.01","89.30","2.17M","-7.72%"
"02/01/2024","98.95","96.89","99.70","87.00","2.20M","2.13%"
"01/31/2024","96.89","106.50","108.50","95.00","1.92M","-9.19%"
"01/30/2024","106.70","106.00","107.00","102.00","1.17M","0.65%"
"01/29/2024","106.01","98.99","106.01","98.76","1.40M","7.09%"
"01/28/2024","98.99","92.49","99.98","92.45","1.26M","7.60%"
"01/24/2024","92.00","92.02","92.85","91.00","292.34K","-0.02%"
"01/23/2024","92.02","94.10","94.15","90.95","596.58K","-2.11%"
"01/22/2024","94.00","94.25","96.50","93.00","872.91K","0.00%"
"01/21/2024","94.00","90.01","95.00","89.60","1.03M","4.44%"
"01/18/2024","90.00","89.99","90.00","87.85","749.89K","0.00%"
"01/17/2024","90.00","90.10","90.89","88.55","1.26M","0.00%"
"01/16/2024","90.00","89.31","90.05","86.80","1.48M","0.77%"
"01/15/2024","89.31","89.93","90.11","88.51","332.66K","0.24%"
"01/14/2024","89.10","88.00","90.85","87.70","744.42K","1.72%"
"01/11/2024","87.59","85.90","87.75","84.75","1.29M","2.31%"
"01/10/2024","85.61","86.10","86.50","85.10","1.08M","0.78%"
"01/09/2024","84.95","82.97","85.50","82.10","1.12M","3.35%"
"01/08/2024","82.20","82.00","83.00","80.80","512.26K","0.24%"
"01/04/2024","82.00","83.50","83.50","81.75","445.80K","-1.81%"
"01/03/2024","83.51","83.40","84.40","83.25","368.77K","0.13%"
"01/02/2024","83.40","84.11","85.00","83.00","365.38K","-0.71%"
"12/31/2023","84.00","83.99","85.85","83.61","952.33K","0.78%"
"12/28/2023","83.35","83.09","84.77","82.71","1.58M","0.87%"
"12/27/2023","82.63","80.00","83.40","80.00","1.97M","3.79%"
"12/26/2023","79.61","77.31","79.80","77.31","1.00M","3.38%"
"12/25/2023","77.01","76.50","77.55","75.20","777.94K","1.33%"
"12/24/2023","76.00","77.30","78.49","76.00","1.18M","-1.30%"
"12/21/2023","77.00","77.14","79.00","76.66","1.17M","-0.18%"
"12/20/2023","77.14","78.12","78.44","76.65","314.35K","-1.12%"
"12/19/2023","78.01","78.30","80.10","77.87","1.38M","-0.12%"
"12/18/2023","78.10","76.74","78.70","76.74","1.15M","1.81%"
"12/17/2023","76.71","77.01","77.70","76.30","384.81K","-0.30%"
"12/14/2023","76.94","78.69","78.79","75.81","1.17M","-1.42%"
"12/13/2023","78.05","72.00","78.50","72.00","3.22M","8.55%"
"12/12/2023","71.90","72.00","72.97","71.51","1.23M","0.56%"
"12/11/2023","71.50","70.99","73.75","69.50","1.35M","0.70%"
"12/10/2023","71.00","75.00","75.00","70.06","1.17M","-5.12%"
"12/07/2023","74.83","73.70","75.00","71.80","1.22M","1.81%"
"12/06/2023","73.50","78.03","78.35","73.20","1.37M","-5.54%"
"12/05/2023","77.81","78.40","79.00","77.22","842.05K","-0.31%"
"12/04/2023","78.05","77.21","78.49","77.21","579.95K","1.09%"
"12/03/2023","77.21","79.98","80.30","76.01","781.06K","-2.70%"
"11/30/2023","79.35","80.06","81.78","79.00","975.52K","-0.81%"
"11/29/2023","80.00","79.25","80.20","77.50","1.42M","0.95%"
"11/28/2023","79.25","82.43","82.50","79.00","1.28M","-3.35%"
"11/27/2023","82.00","84.00","84.38","82.00","664.97K","-2.38%"
"11/26/2023","84.00","84.60","84.80","83.61","481.46K","-0.30%"
"11/23/2023","84.25","84.85","85.50","84.00","370.13K","-0.09%"
"11/22/2023","84.33","85.90","86.69","84.20","780.68K","-1.29%"
"11/21/2023","85.43","84.00","85.80","82.90","855.15K","0.52%"
"11/20/2023","84.99","85.99","86.66","83.00","986.44K","-0.42%"
"11/19/2023","85.35","84.00","86.75","84.00","1.33M","2.15%"
"11/16/2023","83.55","82.26","84.81","81.90","1.21M","1.89%"
"11/15/2023","82.00","81.99","82.90","81.50","565.63K","0.92%"
"11/14/2023","81.25","79.01","82.95","78.20","1.17M","2.85%"
"11/13/2023","79.00","81.50","81.50","78.78","624.72K","-3.23%"
"11/12/2023","81.64","83.30","84.00","80.75","696.17K","-0.69%"
"11/09/2023","82.21","80.40","85.00","80.40","2.33M","2.76%"
"11/08/2023","80.00","79.00","82.80","78.00","1.66M","1.91%"
"11/07/2023","78.50","77.90","79.50","76.01","603.04K","1.68%"
"11/06/2023","77.20","78.00","78.80","76.80","914.68K","0.26%"
"11/05/2023","77.00","76.00","78.84","75.29","1.12M","2.80%"
"11/02/2023","74.90","77.00","77.99","74.05","967.70K","-1.07%"
"11/01/2023","75.71","76.99","79.65","71.03","2.21M","-1.68%"
"10/31/2023","77.00","88.00","88.10","76.62","3.45M","-11.49%"
"10/30/2023","87.00","86.02","88.50","81.25","2.33M","1.16%"
"10/29/2023","86.00","92.27","92.90","85.17","1.07M","-6.52%"
"10/26/2023","92.00","97.00","98.50","90.00","1.48M","-4.37%"
"10/25/2023","96.20","90.00","99.85","88.02","1.65M","7.79%"
"10/24/2023","89.25","87.97","91.80","85.86","1.93M","-3.10%"
"10/23/2023","92.11","86.93","93.00","86.20","2.37M","7.72%"
"10/22/2023","85.51","85.00","86.00","83.50","1.18M","0.83%"
"10/19/2023","84.81","87.20","88.00","84.15","1.74M","-2.64%"
"10/18/2023","87.11","90.01","91.00","87.00","2.02M","-1.01%"
"10/17/2023","88.00","88.80","93.00","83.51","3.54M","0.23%"
"10/16/2023","87.80","74.93","88.81","74.21","3.89M","18.63%"
"10/15/2023","74.01","70.08","75.50","70.08","1.16M","6.02%"
"10/12/2023","69.81","68.50","70.30","66.00","949.40K","2.66%"
"10/11/2023","68.00","67.98","68.99","67.65","508.32K","0.58%"
"10/10/2023","67.61","65.63","68.50","65.63","998.35K","3.05%"
"10/09/2023","65.61","66.65","66.80","65.06","481.72K","-2.07%"
"10/08/2023","67.00","66.38","67.00","61.55","1.53M","0.89%"
"10/04/2023","66.41","66.00","67.00","66.00","285.07K","0.30%"
"10/03/2023","66.21","67.01","67.70","64.80","450.41K","-1.19%"
"10/02/2023","67.01","67.99","68.00","64.00","637.35K","-0.73%"
"10/01/2023","67.50","67.60","70.00","67.00","502.11K","0.75%"
"09/27/2023","67.00","69.90","69.90","66.49","1.30M","-3.60%"
"09/26/2023","69.50","68.80","70.89","68.50","1.41M","1.49%"
"09/25/2023","68.48","67.11","69.00","67.11","574.52K","2.21%"
"09/24/2023","67.00","62.51","68.00","62.51","1.26M","7.46%"
"09/21/2023","62.35","61.37","62.40","61.37","431.93K","1.05%"
"09/20/2023","61.70","62.70","64.00","61.51","2.06M","-1.17%"
"09/19/2023","62.43","59.31","62.99","59.31","1.21M","5.46%"
"09/18/2023","59.20","59.70","60.00","58.94","768.34K","-0.49%"
"09/17/2023","59.49","58.20","59.85","58.03","842.20K","2.57%"
"09/14/2023","58.00","56.80","59.00","56.26","845.60K","2.65%"
"09/13/2023","56.50","56.50","57.00","56.25","615.71K","-0.18%"
"09/12/2023","56.60","57.01","57.05","56.06","375.63K","-0.82%"
"09/11/2023","57.07","56.85","58.35","56.51","953.33K","0.12%"
"09/10/2023","57.00","54.01","57.00","53.80","943.21K","6.15%"
"09/07/2023","53.70","52.60","54.24","52.60","1.03M","2.29%"
"09/06/2023","52.50","52.50","52.71","52.11","433.42K","0.23%"
"09/05/2023","52.38","52.61","52.75","52.15","302.08K","-0.61%"
"09/04/2023","52.70","52.08","52.90","51.80","309.57K","1.17%"
"09/03/2023","52.09","52.70","52.99","51.87","385.69K","-1.25%"
"08/31/2023","52.75","51.50","52.75","51.50","905.86K","2.43%"
"08/30/2023","51.50","51.29","51.60","51.11","649.02K","0.76%"
"08/29/2023","51.11","51.05","51.46","51.00","469.54K","0.65%"
"08/28/2023","50.78","50.85","51.29","50.40","293.34K","0.22%"
"08/27/2023","50.67","50.97","51.65","50.50","461.44K","-0.59%"
"08/24/2023","50.97","49.70","51.30","49.54","900.75K","2.56%"
"08/23/2023","49.70","49.81","50.00","49.53","762.39K","0.00%"
"08/22/2023","49.70","49.40","50.00","49.32","419.88K","0.81%"
"08/21/2023","49.30","49.35","49.60","49.00","358.60K","-0.04%"
"08/20/2023","49.32","49.65","50.05","49.30","246.73K","-0.30%"
"08/17/2023","49.47","49.40","49.60","49.00","358.61K","0.28%"
"08/16/2023","49.33","49.81","50.05","49.20","663.45K","-0.96%"
"08/15/2023","49.81","49.75","49.88","49.27","536.81K","0.00%"
"08/14/2023","49.81","50.00","50.60","49.81","755.66K","0.00%"
"08/13/2023","49.81","49.00","50.38","48.98","1.36M","2.47%"
"08/10/2023","48.61","48.60","49.44","48.60","1.18M","0.02%"
"08/09/2023","48.60","47.80","48.89","47.50","1.02M","1.59%"
"08/08/2023","47.84","47.93","48.12","47.30","606.90K","-0.15%"
"08/07/2023","47.91","47.61","48.19","47.47","653.90K","0.97%"
"08/06/2023","47.45","46.99","47.49","46.60","453.75K","1.09%"
"08/03/2023","46.94","46.75","46.94","46.15","368.86K","0.58%"
"08/02/2023","46.67","47.51","47.51","46.55","913.68K","-1.77%"
"08/01/2023","47.51","47.50","48.47","47.40","1.60M","0.64%"
"07/31/2023","47.21","47.34","47.40","47.03","572.78K","0.45%"
"07/30/2023","47.00","46.57","47.57","46.41","574.69K","1.03%"
"07/27/2023","46.52","47.00","47.05","46.50","546.84K","-1.04%"
"07/26/2023","47.01","47.30","47.39","47.01","385.39K","-0.30%"
"07/25/2023","47.15","47.20","47.69","47.12","842.85K","0.00%"
"07/24/2023","47.15","47.97","47.99","47.05","587.03K","-1.40%"
"07/19/2023","47.82","48.40","48.60","47.78","785.40K","-1.32%"
"07/18/2023","48.46","48.35","48.54","48.16","674.82K","0.31%"
"07/17/2023","48.31","48.50","48.64","47.71","1.03M","0.02%"
"07/16/2023","48.30","47.88","49.15","47.82","2.35M","1.64%"
"07/13/2023","47.52","46.80","47.78","46.70","2.12M","1.97%"
"07/12/2023","46.60","45.86","46.99","45.85","2.37M","1.70%"
"07/11/2023","45.82","44.77","45.90","44.45","2.35M","2.71%"
"07/10/2023","44.61","43.40","44.85","43.11","540.65K","2.76%"
"07/09/2023","43.41","44.55","44.99","43.40","522.98K","-2.56%"
"07/06/2023","44.55","45.47","45.98","44.51","749.75K","-2.02%"
"07/05/2023","45.47","45.00","45.88","45.00","610.68K","1.07%"
"07/04/2023","44.99","44.65","45.07","44.65","802.51K","0.99%"
"06/26/2023","44.55","44.00","44.55","43.91","423.18K","1.34%"
"06/25/2023","43.96","45.00","45.00","43.95","566.39K","-1.21%"
"06/22/2023","44.50","43.80","44.50","43.72","609.89K","1.81%"
"06/21/2023","43.71","45.00","45.09","43.70","1.33M","-2.78%"
"06/20/2023","44.96","45.30","45.60","44.94","780.56K","-0.64%"
"06/19/2023","45.25","45.26","45.94","45.09","1.54M","0.29%"
"06/18/2023","45.12","45.00","45.75","45.00","1.04M","0.49%"
"06/15/2023","44.90","45.70","45.80","44.90","1.36M","-1.97%"
"06/14/2023","45.80","46.85","46.96","45.51","2.14M","-1.55%"
"06/13/2023","46.52","45.00","47.67","44.95","7.42M","4.30%"
"06/12/2023","44.60","43.88","44.60","43.76","1.32M","2.43%"
"06/11/2023","43.54","43.20","44.14","43.16","2.20M","1.14%"
"06/08/2023","43.05","43.22","43.50","42.42","1.47M","0.12%"
"06/07/2023","43.00","43.70","43.95","43.00","5.34M","-0.69%"
"06/06/2023","43.30","43.32","44.44","43.02","2.88M","0.42%"
"06/05/2023","43.12","44.90","44.90","42.96","2.78M","-3.45%"
"06/04/2023","44.66","46.55","46.90","44.65","2.60M","-3.54%"
"06/01/2023","46.30","47.37","47.37","46.30","1.49M","-2.46%"
"05/31/2023","47.47","47.95","47.99","46.46","2.27M","-0.11%"
"05/30/2023","47.52","47.80","48.24","47.36","1.30M","0.36%"
"05/29/2023","47.35","47.79","47.98","46.90","560.86K","0.47%"
"05/28/2023","47.13","48.00","48.85","47.12","648.16K","-1.65%"
"05/25/2023","47.92","48.39","48.79","47.72","512.39K","-0.17%"
"05/24/2023","48.00","47.66","48.29","47.49","615.43K","1.20%"
"05/23/2023","47.43","48.02","48.02","46.65","667.77K","-1.04%"
"05/22/2023","47.93","48.80","49.42","47.85","357.79K","-1.94%"
"05/21/2023","48.88","48.50","49.35","48.01","133.38K","1.03%"
"05/18/2023","48.38","48.99","48.99","47.70","428.28K","-0.86%"
"05/17/2023","48.80","49.80","50.00","48.70","442.78K","-1.71%"
"05/16/2023","49.65","50.99","50.99","49.00","813.46K","-2.51%"
"05/15/2023","50.93","52.15","52.30","50.75","801.02K","-2.34%"
"05/14/2023","52.15","52.50","52.60","51.80","430.67K","0.10%"
"05/11/2023","52.10","52.15","53.20","51.67","551.15K","0.00%"
"05/10/2023","52.10","50.00","52.50","49.92","954.02K","4.16%"
"05/09/2023","50.02","52.51","52.85","49.90","1.00M","-4.72%"
"05/08/2023","52.50","48.00","52.60","47.63","1.64M","9.38%"
"05/07/2023","48.00","48.50","48.50","47.30","316.91K","-0.56%"
"05/03/2023","48.27","48.11","49.00","47.80","647.15K","-0.29%"
"05/02/2023","48.41","47.37","48.50","46.50","1.04M","2.20%"
"05/01/2023","47.37","49.50","49.50","47.02","693.20K","-4.71%"
"04/30/2023","49.71","50.62","50.89","49.20","823.47K","-1.35%"
"04/27/2023","50.39","50.51","50.99","49.50","1.32M","0.80%"
"04/26/2023","49.99","48.50","49.99","48.39","1.00M","3.22%"
"04/19/2023","48.43","48.71","49.44","48.23","520.65K","-0.60%"
"04/18/2023","48.72","46.60","49.48","46.30","1.09M","6.19%"
"04/13/2023","45.88","45.00","46.39","44.80","535.49K","2.41%"
"04/12/2023","44.80","45.50","45.90","44.70","821.34K","-1.39%"
"04/11/2023","45.43","44.39","45.97","44.11","841.15K","3.04%"
"04/10/2023","44.09","43.71","44.58","43.64","647.62K","0.94%"
"04/09/2023","43.68","44.81","44.98","43.66","709.69K","-2.52%"
"04/06/2023","44.81","46.18","46.20","44.80","1.07M","-2.97%"
"04/05/2023","46.18","46.80","46.80","46.00","579.85K","-1.47%"
"04/04/2023","46.87","47.53","47.60","45.88","1.23M","-1.37%"
"04/03/2023","47.52","44.66","51.00","44.66","1.79M","6.79%"
"04/02/2023","44.50","43.90","44.69","43.70","848.55K","1.57%"
"03/30/2023","43.81","43.30","44.37","42.44","2.04M","1.48%"
"03/29/2023","43.17","40.90","43.29","40.80","2.53M","5.94%"
"03/28/2023","40.75","41.00","41.19","40.48","1.41M","-0.49%"
"03/27/2023","40.95","41.04","41.40","40.60","1.79M","-0.12%"
"03/26/2023","41.00","40.00","41.70","40.00","2.57M","2.65%"
"03/23/2023","39.94","39.61","40.28","39.61","1.27M","0.71%"
"03/22/2023","39.66","39.80","40.24","39.61","1.09M","-0.38%"
"03/21/2023","39.81","39.80","40.25","39.72","2.21M","1.14%"
"03/20/2023","39.36","39.39","40.48","38.90","1.02M","-0.18%"
"03/19/2023","39.43","39.40","39.58","37.50","464.60K","0.08%"
"03/16/2023","39.40","37.01","39.40","37.00","938.48K","-0.51%"
"03/15/2023","39.60","39.85","40.50","36.07","1.21M","-0.50%"
"03/14/2023","39.80","39.12","39.90","38.00","942.87K","1.53%"
"03/13/2023","39.20","40.00","40.20","37.93","4.56M","-2.00%"
"03/12/2023","40.00","41.00","41.00","39.92","2.99M","-2.44%"
"03/09/2023","41.00","39.95","41.36","39.90","2.57M","2.73%"
"03/08/2023","39.91","40.18","40.38","39.71","2.49M","-0.60%"
"03/07/2023","40.15","41.05","41.15","40.15","2.29M","-2.05%"
"03/06/2023","40.99","41.05","41.49","40.70","1.21M","-0.24%"
"03/05/2023","41.09","41.00","41.20","40.65","454.61K","0.29%"
"03/02/2023","40.97","41.09","41.29","40.76","851.10K","0.15%"
"03/01/2023","40.91","41.75","41.88","40.91","1.12M","-1.89%"
"02/28/2023","41.70","41.70","41.94","41.35","1.57M","0.39%"
"02/27/2023","41.54","41.99","42.18","41.30","1.06M","-0.69%"
"02/26/2023","41.83","40.88","41.95","40.53","1.14M","2.47%"
"02/23/2023","40.82","40.61","41.05","39.90","708.69K","-0.44%"
"02/22/2023","41.00","41.72","42.00","40.20","1.40M","-1.44%"
"02/21/2023","41.60","40.75","41.60","39.86","1.26M","1.02%"
"02/20/2023","41.18","41.80","41.97","40.00","1.27M","-1.48%"
"02/19/2023","41.80","42.43","42.68","41.72","584.79K","-0.71%"
"02/16/2023","42.10","41.80","42.65","41.80","2.40M","1.13%"
"02/15/2023","41.63","41.40","42.49","41.40","1.57M","0.63%"
"02/14/2023","41.37","41.40","41.62","41.30","765.11K","0.24%"
"02/13/2023","41.27","41.55","41.90","40.88","593.33K","-0.31%"
"02/12/2023","41.40","41.92","42.19","41.32","1.00M","-1.43%"
"02/09/2023","42.00","41.18","42.29","41.06","2.94M","2.19%"
"02/08/2023","41.10","40.30","41.39","39.52","1.93M","2.14%"
"02/07/2023","40.24","40.35","40.75","39.90","2.22M","0.60%"
"02/06/2023","40.00","40.80","41.35","39.81","1.55M","-1.91%"
"02/05/2023","40.78","41.77","41.77","39.25","2.09M","-2.67%"
"02/02/2023","41.90","42.50","42.62","41.14","1.15M","-1.04%"
"02/01/2023","42.34","42.90","42.90","41.72","594.47K","-1.49%"
"01/31/2023","42.98","43.05","43.10","41.80","1.19M","-0.12%"
"01/30/2023","43.03","43.63","44.25","42.71","2.92M","-0.55%"
"01/29/2023","43.27","43.50","43.69","43.12","2.04M","0.49%"
"01/25/2023","43.06","43.00","43.47","42.75","1.75M","0.73%"
"01/24/2023","42.75","43.10","43.89","42.22","1.86M","-0.58%"
"01/23/2023","43.00","43.38","43.44","42.33","1.10M","-0.72%"
"01/22/2023","43.31","43.50","44.25","43.10","501.52K","-1.12%"
"01/19/2023","43.80","43.77","43.98","42.22","1.63M","0.02%"
"01/18/2023","43.79","44.25","44.35","42.06","2.99M","-0.95%"
"01/17/2023","44.21","45.15","45.44","44.00","701.20K","-1.97%"
"01/16/2023","45.10","45.11","45.77","44.95","525.77K","0.20%"
"01/15/2023","45.01","45.17","45.60","44.62","700.21K","0.02%"
"01/12/2023","45.00","46.05","46.35","43.21","3.49M","-2.17%"
"01/11/2023","46.00","44.30","46.77","43.50","2.98M","3.86%"
"01/10/2023","44.29","45.08","45.25","43.50","1.29M","-1.80%"
"01/09/2023","45.10","45.71","45.88","44.81","1.44M","-0.22%"
"01/05/2023","45.20","45.20","47.99","45.00","1.49M","0.33%"
"01/04/2023","45.05","41.10","45.80","38.50","2.73M","9.58%"
"01/03/2023","41.11","40.80","41.59","40.50","1.54M","0.71%"
"01/02/2023","40.82","38.75","40.89","38.75","1.85M","5.23%"
"12/29/2022","38.79","38.60","38.89","38.42","365.07K","0.26%"
"12/28/2022","38.69","38.71","38.94","38.55","71.21K","-0.05%"
"12/27/2022","38.71","38.90","39.10","38.60","206.12K","-0.74%"
"12/26/2022","39.00","39.01","39.20","38.31","317.38K","0.00%"
"12/25/2022","39.00","37.00","39.39","36.75","2.37M","4.45%"
"12/22/2022","37.34","37.30","38.15","37.00","1.47M","0.51%"
"12/21/2022","37.15","37.79","38.50","36.76","387.45K","-1.69%"
"12/20/2022","37.79","36.99","38.50","36.50","740.77K","2.22%"
"12/19/2022","36.97","37.28","37.31","36.40","967.85K","-0.67%"
"12/18/2022","37.22","37.88","37.88","36.70","706.05K","-1.74%"
"12/15/2022","37.88","39.09","39.10","36.65","1.15M","-1.89%"
"12/14/2022","38.61","39.71","39.99","38.45","1.04M","-2.57%"
"12/13/2022","39.63","38.00","39.74","38.00","961.99K","4.70%"
"12/12/2022","37.85","38.42","38.51","36.52","1.11M","-2.27%"
"12/11/2022","38.73","39.30","39.49","38.30","628.38K","-0.41%"
"12/08/2022","38.89","37.60","39.85","36.81","2.04M","3.60%"
"12/07/2022","37.54","36.85","37.75","36.55","1.16M","2.79%"
"12/06/2022","36.52","36.52","37.19","36.40","936.24K","-1.30%"
"12/05/2022","37.00","36.50","37.50","36.10","1.38M","1.51%"
"12/04/2022","36.45","35.49","36.70","35.30","593.18K","4.29%"
"12/01/2022","34.95","33.97","35.40","33.66","1.99M","3.37%"
"11/30/2022","33.81","34.07","34.70","33.40","5.84M","-0.56%"
"11/29/2022","34.00","32.50","34.00","32.50","1.90M","4.62%"
"11/28/2022","32.50","32.10","32.50","31.80","884.65K","1.34%"
"11/27/2022","32.07","30.84","32.10","30.78","690.76K","4.09%"
"11/24/2022","30.81","30.77","30.99","30.54","624.60K","0.16%"
"11/23/2022","30.76","30.94","31.15","30.47","643.46K","0.16%"
"11/22/2022","30.71","30.75","31.00","30.40","948.44K","-0.13%"
"11/21/2022","30.75","30.00","30.95","29.90","1.79M","3.15%"
"11/20/2022","29.81","29.45","31.88","29.31","1.89M","1.22%"
"11/17/2022","29.45","28.99","29.49","28.80","865.49K","2.61%"
"11/16/2022","28.70","28.70","29.49","28.40","1.34M","0.00%"
"11/15/2022","28.70","28.94","28.98","28.17","935.96K","-0.80%"
"11/14/2022","28.93","28.89","29.46","28.71","2.96M","0.56%"
"11/13/2022","28.77","28.14","28.98","28.14","1.12M","2.24%"
"11/10/2022","28.14","27.28","28.50","27.06","1.78M","2.74%"
"11/09/2022","27.39","26.87","27.44","26.42","975.04K","1.86%"
"11/08/2022","26.89","27.60","27.80","26.80","853.67K","-2.29%"
"11/07/2022","27.52","26.79","28.48","26.70","1.11M","2.72%"
"11/06/2022","26.79","27.37","27.40","26.60","277.84K","-2.12%"
"11/03/2022","27.37","27.55","27.60","27.10","662.96K","-1.19%"
"11/02/2022","27.70","27.49","28.50","27.15","1.62M","0.73%"
"11/01/2022","27.50","27.00","27.79","26.82","1.73M","1.85%"
"10/31/2022","27.00","25.82","27.00","25.82","1.82M","4.65%"
"10/30/2022","25.80","26.35","26.40","25.40","1.79M","-2.27%"
"10/27/2022","26.40","24.75","29.61","24.75","4.27M","6.93%"
"10/26/2022","24.69","24.70","24.74","24.60","237.00K","0.08%"
"10/25/2022","24.67","24.60","24.83","24.47","276.58K","0.69%"
"10/24/2022","24.50","24.60","24.70","24.42","953.40K","0.04%"
"10/23/2022","24.49","24.50","24.70","24.30","468.58K","0.49%"
"10/20/2022","24.37","24.43","24.80","24.00","954.70K","-0.25%"
"10/19/2022","24.43","24.60","25.00","24.34","1.32M","0.12%"
"10/18/2022","24.40","23.98","24.56","23.71","1.44M","-7.19%"
"10/17/2022","26.29","26.29","26.45","26.00","1.54M","0.61%"
"10/16/2022","26.13","25.79","26.35","25.51","943.97K","1.91%"
"10/13/2022","25.64","25.58","25.97","25.45","741.47K","-0.12%"
"10/12/2022","25.67","25.78","25.78","25.10","468.88K","-0.12%"
"10/11/2022","25.70","25.95","25.95","25.51","362.34K","-0.54%"
"10/10/2022","25.84","25.79","25.90","25.60","935.34K","0.39%"
"10/09/2022","25.74","25.52","25.80","25.24","315.31K","0.27%"
"10/05/2022","25.67","25.62","25.88","25.62","373.99K","0.31%"
"10/04/2022","25.59","25.00","25.80","25.00","509.56K","2.40%"
"10/03/2022","24.99","24.72","24.99","24.54","547.08K","1.09%"
"10/02/2022","24.72","24.80","24.80","24.45","319.62K","-0.32%"
"09/29/2022","24.80","24.48","24.80","24.26","729.55K","1.64%"
"09/28/2022","24.40","24.52","24.52","24.10","933.93K","-0.49%"
"09/27/2022","24.52","24.50","24.52","24.20","382.66K","0.08%"
"09/26/2022","24.50","24.40","24.82","24.05","1.41M","0.41%"
"09/25/2022","24.40","23.80","24.60","23.50","1.59M","3.39%"
"09/22/2022","23.60","23.72","23.99","23.17","1.68M","-0.59%"
"09/21/2022","23.74","23.90","23.90","23.53","257.76K","-0.25%"
"09/20/2022","23.80","23.50","23.90","23.35","355.58K","1.32%"
"09/19/2022","23.49","23.64","23.64","23.11","428.92K","-0.63%"
"09/18/2022","23.64","23.80","23.89","22.80","815.36K","-1.09%"
"09/15/2022","23.90","23.50","24.00","23.28","2.16M","1.79%"
"09/14/2022","23.48","23.96","24.40","23.20","5.26M","-6.08%"
"09/13/2022","25.00","25.18","25.18","24.84","386.96K","0.00%"
"09/12/2022","25.00","25.50","25.63","24.80","1.99M","-1.57%"
"09/11/2022","25.40","25.08","25.61","25.08","869.97K","1.28%"
"09/08/2022","25.08","25.09","25.14","24.85","771.63K","0.60%"
"09/07/2022","24.93","25.30","25.30","24.88","349.37K","-0.68%"
"09/06/2022","25.10","24.94","25.25","24.85","1.16M","1.37%"
"09/05/2022","24.76","24.96","25.23","24.70","2.71M","-0.72%"
"09/04/2022","24.94","24.92","25.07","23.80","1.91M","0.93%"
"09/01/2022","24.71","25.27","25.27","24.65","580.45K","-2.25%"
"08/31/2022","25.28","25.01","25.34","24.80","348.50K","0.32%"
"08/30/2022","25.20","24.54","25.45","24.27","699.69K","2.69%"
"08/29/2022","24.54","24.70","24.90","24.45","474.35K","-0.61%"
"08/28/2022","24.69","24.90","25.00","24.60","187.98K","-0.88%"
"08/25/2022","24.91","24.30","25.00","24.26","1.56M","2.72%"
"08/24/2022","24.25","24.60","24.60","24.10","1.08M","-1.22%"
"08/23/2022","24.55","25.00","25.04","24.50","1.19M","-0.77%"
"08/22/2022","24.74","25.02","25.24","24.65","1.14M","-1.12%"
"08/21/2022","25.02","24.95","25.21","24.75","602.85K","0.20%"
"08/18/2022","24.97","24.12","25.00","24.11","2.57M","4.39%"
"08/17/2022","23.92","23.81","24.27","23.61","2.54M","0.50%"
"08/16/2022","23.80","24.00","24.00","23.75","421.65K","-0.58%"
"08/15/2022","23.94","24.25","24.25","23.60","900.68K","-0.95%"
"08/14/2022","24.17","24.20","24.33","24.00","1.98M","0.37%"
"08/11/2022","24.08","24.26","24.40","23.91","1.02M","-0.50%"
"08/10/2022","24.20","24.03","24.96","24.01","2.02M","1.42%"
"08/09/2022","23.86","23.90","24.48","23.81","2.76M","0.29%"
"08/08/2022","23.79","24.27","24.27","23.75","638.47K","-1.65%"
"08/07/2022","24.19","24.06","24.74","24.00","5.57M","0.79%"
"08/04/2022","24.00","23.70","24.44","23.70","1.87M","1.87%"
"08/03/2022","23.56","23.30","23.64","23.16","1.28M","1.16%"
"08/02/2022","23.29","23.31","23.36","23.07","1.41M","0.43%"
"08/01/2022","23.19","23.20","23.60","23.04","630.81K","0.00%"
"07/31/2022","23.19","23.25","23.29","23.00","328.85K","1.44%"
"07/28/2022","22.86","22.70","23.50","22.60","2.23M","1.87%"
"07/27/2022","22.44","22.81","22.81","22.31","624.66K","-1.62%"
"07/26/2022","22.81","22.60","23.20","22.50","2.58M","1.20%"
"07/25/2022","22.54","22.59","22.80","22.47","501.74K","0.13%"
"07/24/2022","22.51","22.71","22.75","22.35","228.78K","0.04%"
"07/21/2022","22.50","22.37","22.69","22.32","891.43K","2.13%"
"07/20/2022","22.03","21.69","22.50","21.60","1.72M","2.32%"
"07/19/2022","21.53","21.31","21.68","21.30","2.59M","0.65%"
"07/18/2022","21.39","21.12","21.57","21.03","786.60K","1.28%"
"07/17/2022","21.12","21.38","21.46","20.90","107.35K","-1.22%"
"07/07/2022","21.38","21.31","21.54","21.26","186.95K","0.33%"
"07/06/2022","21.31","21.30","21.42","21.10","205.16K","0.61%"
"07/05/2022","21.18","21.62","21.73","21.00","1.05M","-0.84%"
"07/04/2022","21.36","22.00","22.05","21.30","327.25K","-2.11%"
"07/03/2022","21.82","22.78","22.78","21.63","443.38K","-3.88%"
"06/29/2022","22.70","22.30","22.80","22.20","1.36M","1.79%"
"06/28/2022","22.30","21.85","22.37","21.20","1.59M","0.59%"
"06/27/2022","22.17","23.38","23.52","21.90","1.43M","-4.89%"
"06/26/2022","23.31","23.60","23.80","23.30","73.20K","-1.23%"
"06/23/2022","23.60","23.60","23.77","23.13","296.76K","0.00%"
"06/22/2022","23.60","23.92","23.92","23.45","319.03K","-0.84%"
"06/21/2022","23.80","23.99","24.45","23.41","2.15M","-0.42%"
"06/20/2022","23.90","24.06","24.46","23.73","817.51K","-0.75%"
"06/19/2022","24.08","24.67","24.70","24.00","355.82K","-2.51%"
"06/16/2022","24.70","24.88","25.20","24.66","519.25K","-1.20%"
"06/15/2022","25.00","24.35","25.00","24.35","662.98K","2.67%"
"06/14/2022","24.35","24.25","24.59","24.20","318.41K","-0.61%"
"06/13/2022","24.50","24.70","24.70","24.14","1.33M","-0.77%"
"06/12/2022","24.69","25.40","25.40","24.42","1.49M","-3.29%"
"06/09/2022","25.53","25.99","25.99","25.45","1.03M","-1.24%"
"06/08/2022","25.85","25.90","26.30","25.77","906.70K","0.27%"
"06/07/2022","25.78","25.70","25.93","25.60","256.96K","0.19%"
"06/06/2022","25.73","25.70","25.75","25.43","115.54K","0.31%"
"06/05/2022","25.65","25.80","26.00","25.52","66.48K","-0.74%"
"06/02/2022","25.84","25.98","25.98","25.50","146.66K","0.43%"
"06/01/2022","25.73","26.00","26.39","25.70","898.11K","-1.04%"
"05/31/2022","26.00","25.50","26.50","25.10","823.88K","3.05%"
"05/30/2022","25.23","25.36","25.99","24.85","1.34M","0.48%"
"05/29/2022","25.11","25.50","25.50","25.02","406.47K","-0.55%"
"05/26/2022","25.25","26.00","26.35","25.02","1.57M","-2.77%"
"05/25/2022","25.97","26.20","26.79","25.42","2.89M","-0.50%"
"05/24/2022","26.10","26.51","26.84","26.03","1.00M","-1.51%"
"05/23/2022","26.50","26.55","27.00","26.41","1.14M","0.61%"
"05/22/2022","26.34","26.92","27.21","26.30","606.35K","-2.26%"
"05/19/2022","26.95","26.89","27.36","26.71","2.31M","-0.92%"
"05/18/2022","27.20","27.50","27.74","27.08","488.77K","-1.05%"
"05/17/2022","27.49","27.21","28.00","27.16","1.01M","1.81%"
"05/16/2022","27.00","27.39","27.43","26.99","957.00K","-0.59%"
"05/15/2022","27.16","28.38","28.40","27.16","686.32K","-2.83%"
"05/12/2022","27.95","28.80","28.80","26.87","4.11M","-2.71%"
"05/11/2022","28.73","27.00","29.30","26.99","2.26M","6.25%"
"05/10/2022","27.04","27.41","27.41","26.63","912.02K","-3.77%"
"05/09/2022","28.10","28.60","29.01","28.00","2.76M","-0.85%"
"05/08/2022","28.34","28.70","28.70","27.80","1.50M","0.18%"
"04/28/2022","28.29","26.55","30.01","26.50","4.62M","7.57%"
"04/27/2022","26.30","26.00","26.80","25.90","1.23M","1.35%"
"04/26/2022","25.95","24.81","25.98","24.65","671.48K","4.93%"
"04/21/2022","24.73","24.00","24.99","24.00","708.78K","1.35%"
"04/20/2022","24.40","24.00","24.40","23.70","626.55K","1.67%"
"04/19/2022","24.00","23.78","24.00","23.75","294.53K","0.84%"
"04/18/2022","23.80","24.21","24.34","23.80","929.12K","-1.69%"
"04/17/2022","24.21","24.74","24.88","23.52","468.63K","-2.14%"
"04/14/2022","24.74","24.50","25.00","24.50","691.52K","-1.00%"
"04/13/2022","24.99","25.00","25.22","24.40","1.48M","0.97%"
"04/12/2022","24.75","24.00","25.05","24.00","631.12K","3.56%"
"04/11/2022","23.90","24.40","24.40","23.40","3.25M","-1.28%"
"04/10/2022","24.21","24.65","24.65","24.13","380.92K","-0.82%"
"04/07/2022","24.41","24.92","24.92","24.20","2.71M","-2.05%"
"04/06/2022","24.92","25.15","25.27","24.64","544.42K","-0.32%"
"04/05/2022","25.00","25.30","25.30","24.75","524.37K","-1.22%"
"04/04/2022","25.31","25.50","25.50","25.17","114.92K","-0.35%"
"04/03/2022","25.40","24.99","25.46","24.40","337.75K","2.13%"
"03/31/2022","24.87","25.03","25.03","23.80","3.90M","-1.97%"
"03/30/2022","25.37","25.40","25.75","25.00","777.01K","-0.12%"
"03/29/2022","25.40","25.01","25.70","24.75","1.36M","1.76%"
"03/28/2022","24.96","25.71","26.00","24.78","3.27M","-3.70%"
"03/27/2022","25.92","26.01","26.48","25.63","733.32K","-0.84%"
"03/24/2022","26.14","26.50","26.99","26.03","1.95M","0.54%"
"03/23/2022","26.00","25.99","26.00","25.19","1.23M","1.76%"
"03/22/2022","25.55","26.70","26.80","25.30","2.36M","-1.73%"
"03/21/2022","26.00","25.25","27.50","25.25","9.03M","4.00%"
"03/20/2022","25.00","24.40","25.15","24.40","542.62K","1.67%"
"03/17/2022","24.59","24.69","25.10","24.35","3.62M","-0.04%"
"03/16/2022","24.60","24.00","25.00","23.80","11.53M","2.50%"
"03/15/2022","24.00","22.70","24.00","21.97","4.36M","6.05%"
"03/14/2022","22.63","22.60","22.88","22.50","789.67K","0.58%"
"03/13/2022","22.50","21.78","23.00","21.78","2.82M","3.50%"
"03/10/2022","21.74","21.59","21.74","21.30","656.01K","0.56%"
"03/09/2022","21.62","21.55","21.77","21.52","214.61K","0.56%"
"03/08/2022","21.50","21.61","21.90","21.45","511.26K","-1.38%"
"03/07/2022","21.80","21.59","22.80","21.30","1.93M","0.93%"
"03/06/2022","21.60","21.62","22.00","21.50","1.88M","-0.28%"
"03/03/2022","21.66","21.20","21.80","21.20","1.37M","1.93%"
"03/02/2022","21.25","20.80","21.37","20.67","382.86K","1.82%"
"03/01/2022","20.87","20.95","20.95","20.80","88.58K","-0.52%"
"02/28/2022","20.98","20.70","21.00","20.65","457.92K","-0.05%"
"02/27/2022","20.99","20.93","21.20","20.59","521.48K","0.91%"
"02/24/2022","20.80","19.91","21.00","19.50","1.82M","0.05%"
"02/23/2022","20.79","20.65","20.79","20.60","425.74K","0.68%"
"02/22/2022","20.65","20.70","21.29","20.40","1.94M","-1.53%"
"02/21/2022","20.97","20.97","21.10","20.70","216.58K","1.26%"
"02/20/2022","20.71","21.06","21.11","20.60","403.00K","-2.77%"
"02/17/2022","21.30","21.05","21.49","21.00","658.72K","0.42%"
"02/16/2022","21.21","20.85","21.50","20.85","1.74M","1.00%"
"02/15/2022","21.00","20.75","21.00","20.50","462.54K","1.30%"
"02/14/2022","20.73","20.60","21.00","20.45","480.08K","-0.34%"
"02/13/2022","20.80","20.80","20.80","20.25","328.89K","-0.72%"
"02/10/2022","20.95","20.55","21.00","20.51","2.36M","2.15%"
"02/09/2022","20.51","20.85","21.29","20.50","1.17M","-1.30%"
"02/08/2022","20.78","20.88","20.89","20.60","377.11K","-0.67%"
"02/07/2022","20.92","20.98","20.98","20.53","641.77K","-0.10%"
"02/06/2022","20.94","21.10","21.14","20.83","788.19K","-0.33%"
"02/03/2022","21.01","21.05","21.16","20.87","645.95K","-0.10%"
"02/02/2022","21.03","21.25","21.40","20.94","420.48K","-1.45%"
"02/01/2022","21.34","21.11","21.34","21.10","195.09K","0.95%"
"01/31/2022","21.14","21.10","21.35","20.90","965.23K","-0.28%"
"01/30/2022","21.20","21.40","21.55","21.04","461.88K","-1.17%"
"01/26/2022","21.45","21.48","21.80","21.30","1.36M","-0.09%"
"01/25/2022","21.47","21.25","21.65","21.17","1.04M","-0.09%"
"01/24/2022","21.49","21.36","21.49","21.24","382.32K","0.61%"
"01/23/2022","21.36","21.35","21.50","21.21","194.28K","-0.84%"
"01/20/2022","21.54","21.30","21.75","21.10","2.27M","0.75%"
"01/19/2022","21.38","21.50","21.74","21.00","904.53K","-0.47%"
"01/18/2022","21.48","21.50","21.80","21.20","643.34K","-0.09%"
"01/17/2022","21.50","21.39","21.50","20.90","561.87K","0.94%"
"01/16/2022","21.30","21.79","21.79","20.95","488.18K","-1.98%"
"01/13/2022","21.73","21.89","21.99","21.50","506.23K","-0.50%"
"01/12/2022","21.84","21.47","21.84","21.31","1.85M","1.68%"
"01/11/2022","21.48","21.25","21.50","21.03","757.11K","1.08%"
"01/10/2022","21.25","20.90","21.25","20.90","588.09K","1.48%"
"01/09/2022","20.94","21.48","21.58","20.90","474.61K","-2.56%"
"01/05/2022","21.49","21.52","21.52","21.13","176.88K","0.89%"
"01/04/2022","21.30","21.31","21.55","21.23","579.80K","0.14%"
"01/03/2022","21.27","20.82","21.27","20.71","363.51K","2.16%"
"01/02/2022","20.82","21.40","21.50","20.70","309.12K","-3.16%"
"12/30/2021","21.50","21.40","21.50","20.92","571.98K","0.47%"
"12/29/2021","21.40","21.50","21.70","21.22","709.05K","-0.23%"
"12/28/2021","21.45","20.35","22.12","20.35","3.72M","4.63%"
"12/27/2021","20.50","20.21","20.99","20.10","740.48K","0.74%"
"12/26/2021","20.35","20.22","20.44","20.07","658.01K","1.75%"
"12/23/2021","20.00","20.59","20.60","20.00","637.89K","-2.91%"
"12/22/2021","20.60","20.40","20.85","20.19","1.19M","0.98%"
"12/21/2021","20.40","19.98","20.40","19.70","293.56K","2.10%"
"12/20/2021","19.98","19.90","20.28","19.59","1.30M","0.40%"
"12/19/2021","19.90","20.32","20.55","19.75","1.19M","-2.26%"
"12/16/2021","20.36","20.49","21.00","20.11","3.06M","0.64%"
"12/15/2021","20.23","19.97","20.50","19.70","1.93M","1.30%"
"12/14/2021","19.97","20.47","20.47","19.80","2.06M","-2.59%"
"12/13/2021","20.50","20.97","20.97","20.50","3.82M","-1.63%"
"12/12/2021","20.84","21.89","21.89","19.81","9.22M","-5.74%"
"12/09/2021","22.11","21.00","22.11","18.75","5.48M","19.97%"
"12/08/2021","18.43","19.00","19.00","18.15","491.11K","-2.95%"
"12/07/2021","18.99","18.85","18.99","17.90","1.65M","1.06%"
"12/06/2021","18.79","18.74","18.90","18.69","406.07K","0.48%"
"12/05/2021","18.70","18.80","18.90","18.67","159.03K","-0.53%"
"12/02/2021","18.80","18.81","18.94","18.75","107.81K","-0.05%"
"12/01/2021","18.81","18.68","18.99","18.65","124.15K","0.53%"
"11/30/2021","18.71","18.76","18.89","18.50","262.18K","-0.11%"
"11/29/2021","18.73","18.94","19.00","18.70","102.04K","-0.85%"
"11/28/2021","18.89","18.96","18.99","18.50","128.41K","-1.41%"
"11/25/2021","19.16","19.13","19.45","19.08","392.26K","-0.31%"
"11/24/2021","19.22","19.40","19.47","19.01","247.67K","0.31%"
"11/23/2021","19.16","19.75","19.75","19.00","425.94K","-1.14%"
"11/22/2021","19.38","19.35","19.51","19.20","428.81K","0.26%"
"11/21/2021","19.33","20.80","21.20","19.05","2.64M","-2.23%"
"11/18/2021","19.77","20.10","20.10","19.60","23.69K","-1.15%"
"11/17/2021","20.00","19.93","20.17","19.56","391.71K","0.00%"
"11/16/2021","20.00","20.48","20.48","19.80","543.70K","-2.34%"
"11/15/2021","20.48","20.35","20.85","19.92","357.94K","-0.05%"
"11/14/2021","20.49","19.90","20.49","19.37","586.41K","5.78%"
"11/11/2021","19.37","19.50","19.57","19.11","141.46K","-0.67%"
"11/10/2021","19.50","19.44","19.50","19.02","129.40K","0.78%"
"11/09/2021","19.35","19.52","19.52","19.25","210.36K","-0.77%"
"11/08/2021","19.50","19.85","19.85","19.40","130.48K","0.00%"
"11/07/2021","19.50","19.79","19.79","19.00","189.30K","1.67%"
"11/04/2021","19.18","19.10","19.40","19.01","314.13K","-1.08%"
"11/03/2021","19.39","19.57","19.75","19.10","598.16K","-0.87%"
"11/02/2021","19.56","19.77","19.99","19.55","735.83K","-2.15%"
"11/01/2021","19.99","20.18","20.45","19.65","517.49K","-1.04%"
"10/31/2021","20.20","20.61","20.61","19.60","3.14M","-6.05%"
"10/28/2021","21.50","21.75","21.76","21.01","422.81K","-0.65%"
"10/27/2021","21.64","22.50","22.50","21.41","391.40K","-2.83%"
"10/26/2021","22.27","22.20","22.89","22.07","1.02M","1.27%"
"10/25/2021","21.99","21.70","22.79","21.62","1.91M","1.01%"
"10/24/2021","21.77","19.98","21.80","19.75","1.95M","10.51%"
"10/20/2021","19.70","19.91","20.00","19.40","408.60K","-0.96%"
"10/19/2021","19.89","20.00","20.00","19.66","904.09K","-0.25%"
"10/18/2021","19.94","20.00","20.20","19.89","1.26M","-4.27%"
"10/17/2021","20.83","21.35","21.44","20.65","2.04M","-1.42%"
"10/14/2021","21.13","20.20","21.70","20.20","2.37M","3.99%"
"10/13/2021","20.32","19.79","20.54","19.79","857.89K","2.63%"
"10/12/2021","19.80","19.91","19.99","19.75","253.20K","0.10%"
"10/11/2021","19.78","19.91","20.00","19.77","152.37K","-0.80%"
"10/10/2021","19.94","20.00","20.45","19.80","745.28K","-0.05%"
"10/06/2021","19.95","20.20","20.20","19.85","127.23K","-0.25%"
"10/05/2021","20.00","19.99","20.18","19.90","253.16K","0.50%"
"10/04/2021","19.90","20.15","20.29","19.90","68.86K","-1.00%"
"10/03/2021","20.10","19.99","20.40","19.99","364.28K","1.11%"
"09/30/2021","19.88","19.80","20.00","19.60","135.85K","-0.50%"
"09/29/2021","19.98","20.02","20.60","19.90","143.17K","-0.10%"
"09/28/2021","20.00","19.30","20.50","19.15","11.37M","2.67%"
"09/27/2021","19.48","19.70","19.70","19.40","198.99K","-0.61%"
"09/26/2021","19.60","19.70","19.90","19.54","301.74K","-0.56%"
"09/23/2021","19.71","19.70","19.90","19.66","297.01K","0.77%"
"09/22/2021","19.56","19.48","19.74","19.41","315.32K","1.03%"
"09/21/2021","19.36","19.37","19.52","18.90","2.41M","-0.05%"
"09/20/2021","19.37","19.50","19.58","19.30","774.39K","0.21%"
"09/19/2021","19.33","18.50","19.86","18.40","2.79M","3.98%"
"09/16/2021","18.59","18.74","18.82","18.40","154.89K","-0.48%"
"09/15/2021","18.68","18.64","18.80","18.60","394.34K","-0.11%"
"09/14/2021","18.70","18.83","19.06","18.70","374.64K","-0.69%"
"09/13/2021","18.83","18.79","18.95","18.65","133.90K","1.02%"
"09/12/2021","18.64","18.69","18.75","18.50","56.32K","0.16%"
"09/09/2021","18.61","18.70","18.82","18.60","214.07K","-0.48%"
"09/08/2021","18.70","18.80","18.84","18.67","89.88K","0.00%"
"09/07/2021","18.70","18.61","18.80","18.61","252.50K","0.48%"
"09/06/2021","18.61","18.85","18.85","18.33","1.22M","-1.27%"
"09/05/2021","18.85","19.20","19.35","18.81","451.19K","-2.03%"
"09/02/2021","19.24","19.16","19.30","19.06","1.02M","1.32%"
"09/01/2021","18.99","19.05","19.36","18.88","1.34M","0.53%"
"08/31/2021","18.89","18.90","19.00","18.75","555.76K","-0.16%"
"08/30/2021","18.92","19.00","19.09","18.77","385.86K","-0.32%"
"08/29/2021","18.98","19.38","19.38","18.86","341.06K","-0.78%"
"08/26/2021","19.13","19.15","19.50","18.90","480.15K","0.26%"
"08/25/2021","19.08","19.15","19.45","18.88","311.63K","0.16%"
"08/24/2021","19.05","19.11","19.30","18.86","193.61K","-0.21%"
"08/23/2021","19.09","18.98","19.30","18.95","200.78K","1.43%"
"08/22/2021","18.82","18.90","18.98","18.73","97.55K","-0.84%"
"08/19/2021","18.98","19.06","19.20","18.90","208.30K","-1.04%"
"08/18/2021","19.18","19.10","19.35","19.05","149.08K","-0.26%"
"08/17/2021","19.23","19.24","19.60","19.10","205.88K","-0.41%"
"08/16/2021","19.31","19.42","19.50","19.20","209.69K","-0.21%"
"08/15/2021","19.35","19.92","19.92","19.16","348.35K","-1.17%"
"08/11/2021","19.58","19.48","19.84","19.40","408.39K","-0.61%"
"08/10/2021","19.70","19.81","20.09","19.31","396.25K","-2.04%"
"08/09/2021","20.11","20.10","20.40","19.71","918.71K","0.70%"
"08/08/2021","19.97","19.90","20.10","19.70","434.99K","1.78%"
"08/05/2021","19.62","19.65","19.75","19.51","81.90K","0.20%"
"08/04/2021","19.58","19.50","19.90","19.25","101.34K","0.56%"
"08/03/2021","19.47","19.79","20.00","19.20","296.64K","-2.21%"
"08/02/2021","19.91","20.08","20.14","19.60","254.65K","-0.55%"
"08/01/2021","20.02","19.61","20.19","19.61","305.05K","1.01%"
"07/29/2021","19.82","20.02","20.35","19.65","335.08K","-1.05%"
"07/28/2021","20.03","20.22","20.25","19.90","252.81K","-1.38%"
"07/27/2021","20.31","20.87","20.87","20.05","490.44K","-0.29%"
"07/26/2021","20.37","20.46","20.85","20.01","978.21K","0.10%"
"07/25/2021","20.35","20.00","21.00","20.00","554.02K","3.14%"
"07/18/2021","19.73","19.79","19.99","19.40","198.33K","1.91%"
"07/15/2021","19.36","19.63","19.90","19.30","483.27K","0.31%"
"07/14/2021","19.30","19.30","19.68","19.25","753.66K","1.21%"
"07/13/2021","19.07","19.14","19.15","19.01","12.44K","-0.37%"
"07/12/2021","19.14","18.85","19.30","18.85","48.80K","1.22%"
"07/11/2021","18.91","18.99","19.01","18.70","44.29K","-0.16%"
"07/08/2021","18.94","19.06","19.11","18.73","463.74K","-0.37%"
"07/07/2021","19.01","19.00","19.23","18.94","65.72K","0.00%"
"07/06/2021","19.01","19.19","19.23","18.90","175.06K","-3.26%"
"07/05/2021","19.65","20.01","20.25","19.30","360.87K","-1.45%"
"07/04/2021","19.94","19.40","20.40","19.40","593.74K","3.80%"
"06/30/2021","19.21","19.31","19.50","18.92","416.87K","-1.18%"
"06/29/2021","19.44","19.68","19.68","19.31","34.87K","-1.97%"
"06/28/2021","19.83","19.49","20.50","19.33","464.69K","2.53%"
"06/27/2021","19.34","19.49","19.76","19.20","107.54K","1.15%"
"06/24/2021","19.12","19.33","19.33","19.10","302.59K","-0.68%"
"06/23/2021","19.25","19.47","19.50","19.05","777.42K","3.00%"
"06/22/2021","18.69","18.53","19.30","18.51","661.97K","0.97%"
"06/21/2021","18.51","18.62","18.65","18.50","516.07K","0.71%"
"06/20/2021","18.38","18.55","18.80","18.12","75.76K","-1.71%"
"06/17/2021","18.70","18.60","18.90","18.52","322.48K","0.70%"
"06/16/2021","18.57","18.50","18.97","18.40","403.92K","1.36%"
"06/15/2021","18.32","18.45","18.50","18.20","86.48K","-0.70%"
"06/14/2021","18.45","18.26","18.50","18.26","46.15K","-0.11%"
"06/13/2021","18.47","18.75","18.80","18.30","120.35K","-1.28%"
"06/10/2021","18.71","18.98","18.98","18.60","76.03K","-0.37%"
"06/09/2021","18.78","18.50","18.93","18.50","49.63K","1.51%"
"06/08/2021","18.50","18.98","18.98","18.40","93.26K","-1.49%"
"06/07/2021","18.78","18.85","19.98","18.50","102.86K","1.68%"
"06/06/2021","18.47","18.80","19.00","18.20","542.48K","-1.39%"
"06/03/2021","18.73","18.99","19.00","18.50","78.71K","-0.48%"
"06/02/2021","18.82","19.00","19.00","18.70","299.66K","0.37%"
"06/01/2021","18.75","18.94","18.94","18.50","31.46K","-1.21%"
"05/31/2021","18.98","19.49","19.49","18.70","150.29K","-0.73%"
"05/30/2021","19.12","19.16","19.25","19.00","157.84K","-0.21%"
"05/27/2021","19.16","20.16","20.16","19.00","258.53K","-1.39%"
"05/26/2021","19.43","19.73","19.73","19.20","140.60K","-1.52%"
"05/25/2021","19.73","20.20","20.20","19.60","27.12K","-1.10%"
"05/24/2021","19.95","20.00","20.40","19.80","20.40K","-0.20%"
"05/23/2021","19.99","20.30","20.30","19.86","51.60K","-1.38%"
"05/20/2021","20.27","20.44","20.49","20.13","6.41K","-0.83%"
"05/19/2021","20.44","20.88","20.89","20.25","26.64K","-1.49%"
"05/18/2021","20.75","20.75","21.50","20.30","310.41K","2.17%"
"05/17/2021","20.31","19.94","20.83","19.94","21.67K","1.91%"
"05/11/2021","19.93","19.89","20.00","19.65","19.45K","0.40%"
"05/10/2021","19.85","19.85","19.90","19.71","1.71K","0.00%"
"05/09/2021","19.85","19.90","19.90","19.70","36.46K","0.92%"
"05/06/2021","19.67","19.90","19.90","19.61","12.37K","-1.16%"
"05/05/2021","19.90","19.67","19.95","19.60","70.68K","-0.05%"
"05/04/2021","19.91","19.87","20.00","19.63","48.73K","0.50%"
"04/28/2021","19.81","19.98","19.98","19.60","51.51K","-0.75%"
"04/27/2021","19.96","20.00","20.38","19.77","74.40K","0.00%"
"04/26/2021","19.96","19.90","20.00","19.76","16.30K","0.10%"
"04/25/2021","19.94","20.48","20.48","19.75","29.08K","-0.35%"
"04/22/2021","20.01","20.00","20.24","20.00","17.75K","0.96%"
"04/21/2021","19.82","20.00","20.00","19.71","18.01K","-0.90%"
"04/20/2021","20.00","19.95","20.49","19.95","254.57K","0.15%"
"04/19/2021","19.97","19.99","20.25","19.80","25.25K","0.86%"
"04/18/2021","19.80","19.51","19.99","19.51","5.18K","1.64%"
"04/15/2021","19.48","19.06","19.84","19.00","95.42K","-0.97%"
"04/14/2021","19.67","19.85","20.00","19.00","94.85K","-1.65%"
"04/13/2021","20.00","20.17","20.17","19.91","25.56K","-0.94%"
"04/12/2021","20.19","20.80","20.80","20.16","4.74K","0.00%"
"04/11/2021","20.19","20.21","20.95","19.45","34.65K","-1.22%"
"04/08/2021","20.44","20.70","20.75","20.11","20.38K","-0.05%"
"04/07/2021","20.45","20.48","20.95","20.10","23.38K","-0.58%"
"04/06/2021","20.57","20.55","21.00","20.01","66.28K","-1.95%"
"04/05/2021","20.98","19.90","21.50","19.90","420.44K","4.90%"
"04/04/2021","20.00","20.81","20.81","19.83","43.76K","-4.44%"
"04/01/2021","20.93","21.30","21.30","20.81","10.74K","-2.10%"
"03/31/2021","21.38","21.38","21.38","20.80","4.27K","0.00%"
"03/30/2021","21.38","21.48","21.48","21.05","9.05K","1.33%"
"03/29/2021","21.10","21.50","21.69","21.00","18.00K","-1.86%"
"03/28/2021","21.50","21.70","22.00","21.02","56.91K","-0.42%"
"03/25/2021","21.59","21.43","22.00","21.00","228.72K","1.84%"
"03/24/2021","21.20","20.48","22.00","20.48","407.93K","5.37%"
"03/23/2021","20.12","20.00","20.49","19.65","76.61K","0.50%"
"03/22/2021","20.02","20.49","20.49","19.99","107.87K","-3.47%"
"03/21/2021","20.74","20.99","21.00","20.01","159.46K","-0.34%"
"03/18/2021","20.81","20.64","21.01","20.64","26.07K","-0.95%"
"03/17/2021","21.01","21.03","21.40","20.64","19.79K","-1.82%"
"03/16/2021","21.40","21.00","21.50","20.51","114.02K","2.00%"
"03/15/2021","20.98","21.12","21.50","20.70","110.94K","-2.37%"
"03/14/2021","21.49","21.30","21.54","21.20","212.94K","0.51%"
"03/11/2021","21.38","21.04","21.60","21.03","163.69K","-0.97%"
"03/10/2021","21.59","21.05","21.98","19.34","1.47M","0.51%"
"03/09/2021","21.48","22.00","22.00","21.00","470.54K","-5.12%"
"03/08/2021","22.64","22.80","23.00","21.01","152.01K","0.80%"
"03/07/2021","22.46","21.88","23.07","21.88","462.39K","3.07%"
"03/04/2021","21.79","21.70","21.90","21.65","152.91K","-0.50%"
"03/03/2021","21.90","22.36","22.36","21.25","65.31K","-1.97%"
"03/02/2021","22.34","22.24","22.42","22.24","250.90K","1.09%"
"03/01/2021","22.10","21.65","22.40","21.65","118.85K","0.73%"
"02/28/2021","21.94","21.71","22.21","21.70","274.10K","-1.17%"
"02/25/2021","22.20","21.88","22.69","21.79","483.10K","1.09%"
"02/24/2021","21.96","21.40","22.00","21.30","119.54K","1.62%"
"02/23/2021","21.61","21.70","21.70","21.50","174.13K","-0.28%"
"02/22/2021","21.67","21.89","21.89","21.63","22.20K","-0.32%"
"02/21/2021","21.74","21.50","21.90","21.50","61.40K","-0.78%"
"02/18/2021","21.91","21.25","22.00","21.21","315.32K","3.30%"
"02/17/2021","21.21","21.58","21.69","21.12","86.00K","-1.26%"
"02/16/2021","21.48","21.65","21.65","21.12","476.03K","0.51%"
"02/15/2021","21.37","21.75","21.80","21.10","385.15K","0.00%"
"02/14/2021","21.37","21.98","22.00","21.20","500.43K","-2.20%"
"02/11/2021","21.85","22.25","22.25","21.81","72.45K","-0.36%"
"02/10/2021","21.93","22.34","22.35","21.69","110.45K","-0.23%"
"02/09/2021","21.98","22.00","22.35","21.65","200.35K","-0.32%"
"02/08/2021","22.05","22.80","22.80","21.50","272.51K","-2.39%"
"02/07/2021","22.59","23.00","23.79","22.42","150.24K","-1.05%"
"02/04/2021","22.83","22.86","23.00","22.64","88.32K","-0.52%"
"02/03/2021","22.95","23.01","23.02","22.65","171.94K","-2.42%"
"02/02/2021","23.52","23.80","24.00","23.20","54.06K","-1.26%"
"02/01/2021","23.82","23.05","24.24","23.02","929.86K","1.58%"
"01/31/2021","23.45","22.80","23.91","22.60","544.27K","3.85%"
"01/27/2021","22.58","21.79","23.00","21.45","808.73K","4.88%"
"01/26/2021","21.53","21.67","21.67","21.41","54.82K","-0.65%"
"01/25/2021","21.67","21.50","21.90","21.50","56.41K","-1.32%"
"01/24/2021","21.96","21.99","22.00","21.70","193.82K","-0.14%"
"01/21/2021","21.99","21.51","22.30","21.50","534.92K","0.09%"
"01/20/2021","21.97","21.06","22.40","21.06","1.06M","2.86%"
"01/19/2021","21.36","20.90","21.50","20.90","448.47K","1.52%"
"01/18/2021","21.04","21.52","21.70","20.70","443.69K","-2.00%"
"01/17/2021","21.47","20.74","21.70","20.74","1.15M","4.22%"
"01/14/2021","20.60","20.70","20.74","20.45","245.97K","0.68%"
"01/13/2021","20.46","20.10","20.67","20.00","902.46K","1.79%"
"01/12/2021","20.10","20.00","20.59","19.95","876.90K","0.40%"
"01/11/2021","20.02","20.07","20.10","19.91","122.48K","-0.50%"
"01/10/2021","20.12","20.85","20.85","19.81","892.37K","-2.66%"
"01/06/2021","20.67","20.54","20.85","20.52","672.30K","0.98%"
"01/05/2021","20.47","20.59","20.60","20.21","418.86K","-0.68%"
"01/04/2021","20.61","20.85","20.85","20.30","130.35K","-0.82%"
"01/03/2021","20.78","20.73","21.00","20.65","85.05K","0.48%"
"12/31/2020","20.68","20.22","20.70","20.22","870.18K","0.98%"
"12/30/2020","20.48","20.51","20.71","20.36","390.42K","-0.15%"
"12/29/2020","20.51","20.40","20.69","20.16","408.90K","0.00%"
"12/28/2020","20.51","20.22","20.73","20.04","40.04K","0.69%"
"12/27/2020","20.37","20.33","20.80","20.30","19.90K","-2.30%"
"12/24/2020","20.85","20.62","20.90","20.62","78.30K","0.63%"
"12/23/2020","20.72","20.65","20.84","20.60","337.77K","-0.05%"
"12/22/2020","20.73","20.30","20.97","20.30","330.90K","0.24%"
"12/21/2020","20.68","21.20","21.20","19.71","517.68K","-4.92%"
"12/20/2020","21.75","20.99","22.49","20.99","1.02M","5.48%"
"12/17/2020","20.62","20.80","20.80","20.01","920.62K","0.10%"
"12/16/2020","20.60","20.61","20.98","20.50","19.71K","-1.90%"
"12/15/2020","21.00","21.00","21.20","20.75","981.03K","0.96%"
"12/14/2020","20.80","21.25","21.25","20.75","652.99K","-0.05%"
"12/13/2020","20.81","20.54","21.00","20.25","707.48K","-0.90%"
"12/10/2020","21.00","21.01","21.30","20.50","288.82K","-0.28%"
"12/09/2020","21.06","21.75","21.75","21.00","235.17K","-1.54%"
"12/08/2020","21.39","21.47","21.51","21.25","353.39K","0.66%"
"12/07/2020","21.25","21.90","21.90","21.00","275.37K","-2.25%"
"12/06/2020","21.74","20.40","22.34","20.05","1.04M","7.04%"
"12/03/2020","20.31","19.90","20.40","19.70","58.89K","1.50%"
"12/02/2020","20.01","20.17","20.17","19.85","109.10K","-0.35%"
"12/01/2020","20.08","20.10","20.49","20.00","166.32K","-1.23%"
"11/30/2020","20.33","20.01","20.50","20.01","251.72K","-0.68%"
"11/29/2020","20.47","20.70","21.00","20.00","316.20K","-1.16%"
"11/26/2020","20.71","20.86","21.21","20.00","646.70K","2.58%"
"11/25/2020","20.19","19.61","20.90","19.61","404.79K","1.76%"
"11/24/2020","19.84","19.90","20.00","19.50","145.51K","0.66%"
"11/23/2020","19.71","19.50","19.88","19.50","255.85K","1.86%"
"11/22/2020","19.35","19.26","19.57","19.21","28.61K","-1.23%"
"11/19/2020","19.59","19.70","19.90","19.50","261.44K","-1.11%"
"11/18/2020","19.81","20.10","20.10","19.57","60.06K","-0.95%"
"11/17/2020","20.00","19.72","20.10","19.72","2.15M","2.88%"
"11/16/2020","19.44","19.25","19.70","19.25","523.88K","1.09%"
"11/15/2020","19.23","19.25","19.30","19.00","339.95K","0.94%"
"11/12/2020","19.05","18.89","19.20","18.81","120.37K","1.33%"
"11/11/2020","18.80","19.00","19.00","18.71","121.49K","-0.16%"
"11/10/2020","18.83","18.56","19.00","18.56","581.49K","1.18%"
"11/09/2020","18.61","18.46","18.80","18.46","194.50K","0.81%"
"11/08/2020","18.46","18.60","18.70","18.15","88.76K","-0.54%"
"11/05/2020","18.56","18.50","18.71","18.30","230.87K","-0.54%"
"11/04/2020","18.66","18.50","18.85","18.50","377.36K","2.08%"
"11/03/2020","18.28","17.97","18.84","17.89","595.41K","1.95%"
"11/02/2020","17.93","16.98","18.30","16.97","2.38M","6.66%"
"11/01/2020","16.81","16.90","16.90","16.66","84.37K","-2.21%"
"10/28/2020","17.19","17.39","17.40","17.00","253.15K","0.53%"
"10/27/2020","17.10","16.70","17.20","16.70","258.75K","2.33%"
"10/26/2020","16.71","16.74","17.00","16.50","179.49K","0.84%"
"10/25/2020","16.57","16.51","17.00","16.25","87.70K","-2.07%"
"10/22/2020","16.92","17.10","17.45","16.53","417.96K","-2.48%"
"10/21/2020","17.35","17.12","17.58","17.10","353.19K","1.52%"
"10/20/2020","17.09","17.38","17.50","16.85","288.73K","-4.95%"
"10/19/2020","17.98","18.14","18.14","17.85","310.12K","0.06%"
"10/18/2020","17.97","17.99","18.10","17.80","222.50K","-0.33%"
"10/15/2020","18.03","18.30","18.30","17.95","241.12K","-0.93%"
"10/14/2020","18.20","17.97","18.49","17.84","147.48K","1.28%"
"10/13/2020","17.97","18.10","18.30","17.79","1.16M","-2.28%"
"10/12/2020","18.39","18.89","18.90","18.00","1.10M","-2.02%"
"10/11/2020","18.77","18.92","18.97","18.61","179.02K","-0.85%"
"10/07/2020","18.93","19.17","19.50","18.70","594.42K","0.11%"
"10/06/2020","18.91","19.19","19.40","18.80","579.41K","-0.42%"
"10/05/2020","18.99","19.15","19.25","18.70","496.48K","-1.91%"
"10/04/2020","19.36","19.00","19.70","18.93","66.34K","-0.87%"
"10/01/2020","19.53","19.74","19.75","19.49","837.27K","1.03%"
"09/30/2020","19.33","19.34","19.50","19.20","400.77K","-0.05%"
"09/29/2020","19.34","19.69","19.69","19.10","129.37K","1.15%"
"09/28/2020","19.12","19.75","19.75","19.00","919.41K","-3.77%"
"09/27/2020","19.87","20.33","20.46","19.70","230.97K","-2.21%"
"09/24/2020","20.32","19.75","20.90","19.75","2.93M","2.11%"
"09/23/2020","19.90","20.20","20.25","19.50","776.09K","0.30%"
"09/22/2020","19.84","18.66","20.10","18.56","2.75M","5.08%"
"09/21/2020","18.88","19.03","19.50","18.40","820.90K","-0.74%"
"09/20/2020","19.02","18.80","19.25","18.75","428.72K","0.21%"
"09/17/2020","18.98","19.17","19.20","18.75","1.98M","-0.68%"
"09/16/2020","19.11","18.89","19.30","18.89","871.80K","1.76%"
"09/15/2020","18.78","18.45","18.94","18.45","525.43K","2.23%"
"09/14/2020","18.37","18.70","18.70","18.00","110.81K","-1.76%"
"09/13/2020","18.70","18.94","19.08","18.50","539.29K","-1.27%"
"09/10/2020","18.94","18.60","19.20","18.55","936.06K","4.70%"
"09/09/2020","18.09","17.50","18.60","17.35","828.18K","2.32%"
"09/08/2020","17.68","18.00","18.00","17.05","567.25K","-2.54%"
"09/07/2020","18.14","18.00","18.29","17.80","414.41K","1.51%"
"09/06/2020","17.87","18.23","18.23","17.66","569.55K","-2.08%"
"09/03/2020","18.25","17.90","18.60","17.82","812.42K","2.24%"
"09/02/2020","17.85","17.75","18.00","17.60","1.45M","0.39%"
"09/01/2020","17.78","17.62","17.93","17.50","645.88K","0.00%"
"08/31/2020","17.78","17.88","18.00","17.60","104.52K","-1.39%"
"08/30/2020","18.03","17.80","18.50","17.50","613.17K","0.84%"
"08/27/2020","17.88","17.82","18.00","17.65","246.83K","0.45%"
"08/26/2020","17.80","18.00","18.00","17.65","974.76K","-0.84%"
"08/25/2020","17.95","18.50","18.50","17.75","292.43K","-3.65%"
"08/24/2020","18.63","18.50","18.90","18.50","345.58K","2.08%"
"08/23/2020","18.25","17.92","18.50","17.92","552.28K","1.84%"
"08/19/2020","17.92","18.06","18.36","17.76","430.92K","-0.83%"
"08/18/2020","18.07","18.55","18.55","17.90","462.73K","-1.95%"
"08/17/2020","18.43","18.17","18.79","18.17","194.02K","-3.10%"
"08/16/2020","19.02","18.16","19.55","18.16","1.43M","6.26%"
"08/13/2020","17.90","17.51","18.01","17.50","622.62K","1.02%"
"08/12/2020","17.72","17.84","18.07","17.41","411.15K","1.72%"
"08/11/2020","17.42","17.38","17.80","16.80","629.17K","2.23%"
"08/10/2020","17.04","16.04","17.38","16.04","1.53M","7.10%"
"08/09/2020","15.91","15.48","16.40","15.35","904.34K","5.02%"
"08/06/2020","15.15","15.00","15.40","15.00","352.59K","1.34%"
"08/05/2020","14.95","14.95","15.15","14.83","618.16K","0.27%"
"08/04/2020","14.91","14.95","15.00","14.88","22.75K","-0.13%"
"07/29/2020","14.93","14.82","15.00","14.82","192.34K","-0.33%"
"07/28/2020","14.98","14.86","15.00","14.85","178.03K","-0.13%"
"07/27/2020","15.00","15.00","15.30","14.87","164.01K","-1.19%"
"07/26/2020","15.18","14.70","15.50","14.70","564.73K","3.27%"
"07/22/2020","14.70","14.75","14.85","14.60","70.18K","-0.81%"
"07/21/2020","14.82","15.02","15.03","14.66","104.88K","-1.20%"
"07/20/2020","15.00","15.00","15.06","14.88","572.33K","1.42%"
"07/19/2020","14.79","15.00","15.07","14.50","580.04K","0.82%"
"07/16/2020","14.67","14.55","15.05","14.40","251.72K","1.45%"
"07/15/2020","14.46","15.20","15.25","14.00","530.65K","-4.74%"
"07/14/2020","15.18","15.90","15.90","14.90","639.46K","-4.47%"
"07/13/2020","15.89","15.99","16.00","15.70","2.86M","0.63%"
"07/12/2020","15.79","15.30","16.17","15.11","1.02M","5.90%"
"07/09/2020","14.91","14.90","15.19","14.70","404.89K","-1.84%"
"07/08/2020","15.19","15.37","15.61","14.90","592.54K","-1.87%"
"07/07/2020","15.48","15.25","15.69","15.20","666.69K","2.38%"
"07/06/2020","15.12","14.55","15.31","14.53","956.33K","2.51%"
"07/05/2020","14.75","14.86","14.86","14.53","648.19K","2.15%"
"06/30/2020","14.44","14.30","14.75","14.30","238.49K","0.42%"
"06/29/2020","14.38","14.40","14.50","14.20","154.07K","-0.21%"
"06/28/2020","14.41","14.50","14.50","14.30","38.67K","-1.77%"
"06/25/2020","14.67","14.85","14.85","14.32","549.23K","-1.08%"
"06/24/2020","14.83","14.59","15.03","14.46","892.50K","3.49%"
"06/23/2020","14.33","14.35","14.81","14.00","1.97M","-0.07%"
"06/22/2020","14.34","14.35","14.41","14.20","945.35K","-0.28%"
"06/21/2020","14.38","14.11","14.69","14.00","1.22M","1.05%"
"06/18/2020","14.23","14.30","14.37","14.13","956.78K","-0.28%"
"06/17/2020","14.27","14.38","14.40","14.10","1.30M","-1.04%"
"06/16/2020","14.42","14.75","14.95","14.12","1.13M","0.07%"
"06/15/2020","14.41","14.15","14.80","13.82","2.58M","3.45%"
"06/14/2020","13.93","13.42","14.28","13.27","2.35M","2.96%"
"06/11/2020","13.53","13.46","13.60","13.46","525.82K","-0.73%"
"06/10/2020","13.63","13.52","13.79","13.45","917.46K","0.29%"
"06/09/2020","13.59","13.91","13.95","13.37","1.15M","-2.44%"
"06/08/2020","13.93","14.06","14.29","13.70","2.05M","-0.92%"
"06/07/2020","14.06","13.90","14.25","13.83","1.91M","3.69%"
"06/04/2020","13.56","13.44","13.75","13.20","6.27M","3.59%"
"06/03/2020","13.09","12.90","13.48","12.81","6.13M","1.95%"
"06/02/2020","12.84","12.72","12.99","12.68","2.89M","3.13%"
"06/01/2020","12.45","12.25","13.07","12.00","10.11M","1.63%"
"05/31/2020","12.25","12.10","12.46","12.10","1.20M","2.42%"
"05/21/2020","11.96","11.75","12.08","11.70","1.62M","1.96%"
"05/20/2020","11.73","11.81","11.81","11.65","863.03K","-1.18%"
"05/19/2020","11.87","11.90","12.00","11.80","1.18M","1.02%"
"05/18/2020","11.75","11.96","11.96","11.60","919.70K","-1.51%"
"05/17/2020","11.93","11.97","12.05","11.80","664.32K","-0.33%"
"05/14/2020","11.97","11.65","12.29","11.60","3.19M","2.22%"
"05/13/2020","11.71","12.15","12.23","11.25","4.14M","-3.86%"
"05/12/2020","12.18","12.38","12.50","12.00","5.48M","2.35%"
"05/11/2020","11.90","13.17","13.17","11.61","4.21M","-7.75%"
"05/10/2020","12.90","13.80","13.85","12.50","722.38K","-5.98%"
"05/07/2020","13.72","14.20","14.20","13.40","973.84K","-4.66%"
"05/06/2020","14.39","14.75","14.75","14.05","481.71K","-1.24%"
"05/05/2020","14.57","14.86","14.98","14.40","300.00K","-1.82%"
"05/04/2020","14.84","15.10","15.10","14.68","228.32K","0.00%"
"05/03/2020","14.84","15.38","15.38","14.04","896.62K","-4.87%"
"04/30/2020","15.60","15.71","15.94","15.35","528.50K","-1.58%"
"04/29/2020","15.85","16.24","16.30","15.50","830.25K","-2.52%"
"04/28/2020","16.26","16.25","16.68","15.95","663.62K","1.50%"
"04/27/2020","16.02","15.95","16.20","15.80","298.40K","0.19%"
"04/26/2020","15.99","16.00","16.28","15.84","156.17K","1.46%"
"04/23/2020","15.76","15.31","16.01","15.31","443.67K","2.80%"
"04/22/2020","15.33","15.41","15.59","15.18","437.85K","-1.03%"
"04/21/2020","15.49","15.60","15.60","15.40","74.90K","-3.43%"
"04/16/2020","16.04","15.81","16.20","15.80","199.32K","0.00%"
"04/15/2020","16.04","16.58","16.58","15.80","92.64K","-1.66%"
"04/14/2020","16.31","15.83","16.60","15.83","537.35K","5.98%"
"04/13/2020","15.39","15.36","15.59","14.97","149.02K","2.40%"
"04/12/2020","15.03","15.07","15.19","14.90","20.16K","-1.44%"
"04/09/2020","15.25","15.30","15.43","15.02","87.57K","0.79%"
"04/08/2020","15.13","15.55","15.70","15.00","1.02M","-2.76%"
"04/07/2020","15.56","15.50","15.74","15.22","368.48K","3.60%"
"04/06/2020","15.02","15.86","15.86","14.99","135.42K","-1.51%"
"04/05/2020","15.25","15.49","15.50","15.04","2.00K","-2.31%"
"04/02/2020","15.61","15.98","16.00","15.41","30.61K","1.50%"
"04/01/2020","15.38","15.38","15.65","15.14","8.74K","-3.63%"
"03/31/2020","15.96","15.84","16.25","15.31","33.46K","3.37%"
"03/30/2020","15.44","16.00","16.00","15.35","17.05K","-5.51%"
"03/29/2020","16.34","16.30","16.60","15.90","39.33K","2.83%"
"03/26/2020","15.89","15.75","16.63","15.50","330.77K","5.09%"
"03/25/2020","15.12","14.90","15.35","14.80","474.75K","4.49%"
"03/24/2020","14.47","14.70","14.70","14.20","339.58K","-0.96%"
"03/23/2020","14.61","14.85","14.90","14.20","561.84K","7.82%"
"03/22/2020","13.55","12.70","13.59","12.36","323.50K","9.63%"
"03/19/2020","12.36","11.68","13.18","10.85","92.15K","3.09%"
"03/18/2020","11.99","12.97","12.97","11.68","96.13K","-2.91%"
"03/17/2020","12.35","12.30","13.00","11.61","72.83K","-4.11%"
"03/16/2020","12.88","12.99","13.50","12.30","76.73K","-5.36%"
"03/15/2020","13.61","13.76","14.00","13.55","57.28K","-9.57%"
"03/11/2020","15.05","15.39","15.39","14.87","90.67K","0.33%"
"03/10/2020","15.00","15.00","15.50","14.83","137.70K","0.33%"
"03/09/2020","14.95","15.53","15.53","14.46","461.81K","-6.91%"
"03/08/2020","16.06","16.75","16.75","15.90","63.74K","-5.14%"
"03/05/2020","16.93","16.88","17.25","16.30","685.63K","4.38%"
"03/04/2020","16.22","15.50","16.68","15.50","221.73K","1.00%"
"03/03/2020","16.06","15.60","16.50","15.60","500.76K","4.42%"
"03/02/2020","15.38","16.00","16.00","15.00","54.34K","-0.13%"
"03/01/2020","15.40","16.00","16.00","15.11","48.56K","-7.95%"
"02/27/2020","16.73","17.49","17.49","16.52","136.04K","-2.85%"
"02/26/2020","17.22","17.68","17.68","16.86","127.14K","-2.99%"
"02/25/2020","17.75","18.36","18.36","17.50","18.95K","-1.88%"
"02/24/2020","18.09","18.70","18.70","18.00","37.80K","-4.79%"
"02/23/2020","19.00","19.00","19.00","18.85","20.52K","1.01%"
"02/20/2020","18.81","19.10","19.10","18.75","124.58K","-0.95%"
"02/19/2020","18.99","19.00","19.40","18.88","86.57K","0.05%"
"02/18/2020","18.98","19.01","19.01","18.76","71.06K","-0.21%"
"02/17/2020","19.02","19.00","19.22","19.00","33.93K","0.05%"
"02/16/2020","19.01","19.25","19.50","18.76","31.94K","-1.96%"
"02/13/2020","19.39","19.59","19.60","19.20","36.25K","-1.22%"
"02/12/2020","19.63","20.00","20.00","19.54","7.94K","-1.31%"
"02/11/2020","19.89","20.02","20.30","19.85","4.07K","-0.50%"
"02/10/2020","19.99","20.39","20.39","19.85","26.80K","-0.45%"
"02/09/2020","20.08","20.10","20.20","19.90","91.23K","-1.13%"
"02/06/2020","20.31","20.30","20.47","20.02","21.71K","1.40%"
"02/05/2020","20.03","20.30","20.30","19.92","104.59K","-1.33%"
"02/04/2020","20.30","20.25","20.67","20.06","105.33K","-0.20%"
"02/03/2020","20.34","20.38","20.74","20.05","47.10K","0.49%"
"02/02/2020","20.24","20.43","20.50","20.08","25.64K","-3.71%"
"01/30/2020","21.02","20.21","21.48","20.21","23.08K","3.04%"
"01/29/2020","20.40","20.11","21.00","19.85","72.85K","2.62%"
"01/28/2020","19.88","20.18","20.18","19.84","4.69K","-0.05%"
"01/27/2020","19.89","20.20","20.20","19.85","13.86K","-1.04%"
"01/26/2020","20.10","20.49","20.49","19.64","22.30K","-0.45%"
"01/23/2020","20.19","19.81","20.28","19.80","28.33K","0.20%"
"01/22/2020","20.15","20.49","20.50","20.00","10.06K","0.75%"
"01/21/2020","20.00","19.99","20.19","19.72","20.05K","0.20%"
"01/20/2020","19.96","20.00","20.24","19.61","19.68K","-0.40%"
"01/19/2020","20.04","20.40","20.40","19.96","9.69K","-0.45%"
"01/16/2020","20.13","20.17","20.51","20.00","137.79K","-1.52%"
"01/15/2020","20.44","20.21","20.59","20.20","23.44K","-0.15%"
"01/14/2020","20.47","20.61","20.79","20.21","25.88K","-0.63%"
"01/13/2020","20.60","20.26","20.75","20.26","23.54K","0.34%"
"01/12/2020","20.53","20.78","20.78","20.21","15.60K","1.08%"
"01/09/2020","20.31","20.50","20.80","20.01","38.03K","1.70%"
"01/08/2020","19.97","19.01","20.45","19.00","133.49K","3.69%"
"01/06/2020","19.26","19.25","19.87","19.00","53.61K","-2.43%"
"01/05/2020","19.74","20.55","20.55","19.21","152.33K","-6.22%"
"01/02/2020","21.05","21.00","21.20","20.95","13.82K","0.67%"
"12/31/2019","20.91","21.00","22.00","20.20","458.76K","2.00%"
"12/30/2019","20.50","20.55","20.89","20.11","11.46K","-0.92%"
"12/29/2019","20.69","20.51","20.75","20.51","10.87K","0.39%"
"12/26/2019","20.61","20.99","21.00","20.51","66.30K","0.10%"
"12/25/2019","20.59","21.00","21.20","20.50","39.00K","-1.58%"
"12/24/2019","20.92","21.02","21.02","20.71","21.95K","-0.48%"
"12/23/2019","21.02","21.00","21.19","21.00","15.85K","-0.33%"
"12/22/2019","21.09","21.10","21.38","21.02","59.29K","0.05%"
"12/19/2019","21.08","21.00","21.21","21.00","55.19K","-0.33%"
"12/18/2019","21.15","21.40","21.44","21.00","57.38K","0.33%"
"12/17/2019","21.08","21.00","21.50","20.81","399.61K","1.84%"
"12/16/2019","20.70","20.70","20.71","20.65","76.20K","-0.48%"
"12/15/2019","20.80","21.89","21.89","20.80","119.59K","-0.24%"
"12/12/2019","20.85","21.30","21.30","20.56","46.11K","-2.80%"
"12/11/2019","21.45","21.40","21.50","21.27","9.86K","-0.23%"
"12/10/2019","21.50","21.58","21.70","21.50","104.23K","0.09%"
"12/09/2019","21.48","21.50","21.51","21.20","72.47K","-0.14%"
"12/08/2019","21.51","21.64","21.64","21.50","73.55K","0.05%"
"12/05/2019","21.50","21.99","21.99","21.35","84.99K","-0.37%"
"12/04/2019","21.58","21.80","21.99","21.50","89.31K","2.03%"
"12/03/2019","21.15","20.50","21.70","20.50","76.91K","0.81%"
"12/02/2019","20.98","21.50","21.50","20.52","50.95K","-4.24%"
"12/01/2019","21.91","22.00","22.00","21.31","79.53K","-0.18%"
"11/28/2019","21.95","21.10","22.09","21.01","90.95K","2.91%"
"11/27/2019","21.33","21.10","21.80","21.05","15.54K","-0.74%"
"11/26/2019","21.49","21.51","21.90","21.31","58.60K","-0.09%"
"11/25/2019","21.51","21.74","21.75","21.50","157.09K","0.19%"
"11/24/2019","21.47","21.75","21.88","21.02","93.70K","-2.19%"
"11/21/2019","21.95","22.50","22.50","21.72","30.90K","-0.99%"
"11/20/2019","22.17","22.26","22.30","22.05","27.36K","-0.63%"
"11/19/2019","22.31","22.40","22.55","22.06","36.03K","-0.80%"
"11/18/2019","22.49","23.00","23.00","22.27","14.86K","-1.66%"
"11/17/2019","22.87","23.26","23.26","22.60","13.98K","-0.78%"
"11/14/2019","23.05","23.03","23.39","22.96","83.78K","-0.99%"
"11/13/2019","23.28","23.40","23.46","23.02","41.90K","-0.17%"
"11/12/2019","23.32","23.63","23.64","23.01","116.06K","-1.85%"
"11/11/2019","23.76","24.03","24.03","23.60","90.36K","-1.49%"
"11/07/2019","24.12","24.30","24.40","23.80","279.32K","0.33%"
"11/06/2019","24.04","23.60","24.30","23.50","722.42K","3.53%"
"11/05/2019","23.22","22.26","23.60","22.26","756.11K","3.25%"
"11/04/2019","22.49","22.83","22.83","22.33","121.82K","-0.79%"
"11/03/2019","22.67","22.53","22.99","22.43","162.67K","2.30%"
"10/31/2019","22.16","21.76","22.99","21.70","321.70K","2.12%"
"10/30/2019","21.70","21.69","21.95","21.40","243.73K","0.70%"
"10/29/2019","21.55","21.31","21.70","21.30","188.14K","1.65%"
"10/28/2019","21.20","20.92","21.78","20.91","819.48K","0.47%"
"10/27/2019","21.10","21.24","21.25","21.00","16.66K","-0.52%"
"10/24/2019","21.21","20.96","21.31","20.93","37.84K","0.71%"
"10/23/2019","21.06","20.55","21.31","20.53","48.50K","0.05%"
"10/22/2019","21.05","21.33","21.33","20.90","59.68K","-4.66%"
"10/21/2019","22.08","21.81","22.37","21.74","392.94K","-0.05%"
"10/20/2019","22.09","22.10","22.25","22.00","123.53K","-0.85%"
"10/17/2019","22.28","22.50","22.50","22.11","100.13K","-0.04%"
"10/16/2019","22.29","22.00","22.42","22.00","102.61K","1.23%"
"10/15/2019","22.02","22.33","22.33","21.61","24.15K","-1.43%"
"10/14/2019","22.34","22.51","22.51","22.20","165.47K","-0.76%"
"10/13/2019","22.51","22.63","22.74","22.40","42.71K","-1.10%"
"10/10/2019","22.76","22.66","23.10","22.51","755.53K","0.66%"
"10/09/2019","22.61","22.50","22.70","22.50","703.65K","-1.87%"
"10/08/2019","23.04","23.00","23.69","22.62","323.98K","1.99%"
"10/07/2019","22.59","21.44","23.28","21.30","1.75M","6.71%"
"10/03/2019","21.17","20.50","21.49","20.05","398.89K","3.27%"
"10/02/2019","20.50","20.55","20.60","20.32","194.18K","-1.96%"
"10/01/2019","20.91","20.80","21.00","20.80","34.18K","0.77%"
"09/30/2019","20.75","20.86","21.00","20.50","154.86K","-0.57%"
"09/29/2019","20.87","20.50","21.50","20.43","131.44K","6.43%"
"09/26/2019","19.61","19.50","19.98","19.01","88.34K","-0.10%"
"09/25/2019","19.63","19.30","19.87","19.30","45.31K","1.66%"
"09/24/2019","19.31","19.50","19.87","18.60","678.28K","-2.82%"
"09/23/2019","19.87","20.00","20.38","18.52","141.55K","-0.75%"
"09/22/2019","20.02","20.66","20.68","19.70","223.30K","-7.91%"
"09/19/2019","21.74","22.02","22.11","21.50","2.71M","-2.20%"
"09/18/2019","22.23","22.15","22.50","22.00","81.73K","-0.31%"
"09/17/2019","22.30","22.94","23.00","21.90","330.38K","-1.11%"
"09/16/2019","22.55","22.40","22.89","22.30","1.49M","0.40%"
"09/15/2019","22.46","22.65","22.79","22.20","623.25K","-1.23%"
"09/12/2019","22.74","23.05","23.05","22.52","61.43K","-1.13%"
"09/11/2019","23.00","22.87","23.14","22.83","29.00K","-0.26%"
"09/10/2019","23.06","23.23","23.40","23.00","85.17K","-0.77%"
"09/09/2019","23.24","23.41","23.43","23.08","162.56K","-0.26%"
"09/08/2019","23.30","22.69","23.56","22.69","422.12K","2.73%"
"09/05/2019","22.68","22.53","23.00","22.44","286.49K","0.31%"
"09/04/2019","22.61","22.70","22.98","22.35","186.65K","-1.27%"
"09/03/2019","22.90","22.32","23.09","22.32","338.79K","1.01%"
"09/02/2019","22.67","22.26","23.15","22.11","973.62K","1.43%"
"09/01/2019","22.35","21.77","22.75","21.70","573.52K","2.48%"
"08/29/2019","21.81","21.87","22.19","21.70","166.78K","-0.86%"
"08/28/2019","22.00","21.88","22.31","21.82","267.89K","0.27%"
"08/27/2019","21.94","22.03","22.20","21.75","103.53K","-0.95%"
"08/26/2019","22.15","22.48","22.50","21.92","140.09K","-0.98%"
"08/25/2019","22.37","22.68","22.80","22.00","250.02K","0.18%"
"08/22/2019","22.33","22.22","22.57","22.00","261.58K","-0.45%"
"08/21/2019","22.43","22.05","22.80","22.03","305.20K","2.05%"
"08/20/2019","21.98","21.75","22.15","21.70","128.81K","1.57%"
"08/19/2019","21.64","21.75","21.75","21.55","56.03K","0.19%"
"08/18/2019","21.60","21.73","21.79","21.50","58.35K","-0.64%"
"08/15/2019","21.74","22.19","22.20","21.52","83.83K","-1.94%"
"08/14/2019","22.17","21.96","22.76","21.96","62.50K","5.67%"
"08/08/2019","20.98","20.88","21.49","20.70","88.97K","1.25%"
"08/07/2019","20.72","20.95","20.98","20.68","128.74K","0.05%"
"08/06/2019","20.71","20.73","20.95","20.61","90.12K","-0.10%"
"08/05/2019","20.73","21.00","21.00","20.49","36.24K","-1.05%"
"08/04/2019","20.95","21.05","21.23","20.02","49.89K","-0.71%"
"08/01/2019","21.10","21.50","21.50","21.02","31.76K","-1.17%"
"07/31/2019","21.35","21.53","21.60","21.05","83.27K","-1.57%"
"07/30/2019","21.69","22.77","22.77","21.55","58.71K","-1.41%"
"07/29/2019","22.00","22.57","22.57","21.85","28.86K","-3.51%"
"07/28/2019","22.80","22.80","22.99","22.73","8.79K","-0.52%"
"07/25/2019","22.92","22.90","23.00","22.67","17.65K","-0.69%"
"07/24/2019","23.08","23.15","23.20","22.82","31.23K","-0.13%"
"07/22/2019","23.11","23.00","23.20","22.92","14.24K","0.70%"
"07/21/2019","22.95","22.15","23.00","22.15","28.95K","2.05%"
"07/18/2019","22.49","22.40","22.52","22.40","45.50K","0.04%"
"07/17/2019","22.48","22.25","22.75","22.00","97.45K","-0.13%"
"07/16/2019","22.51","22.55","22.55","22.50","60.17K","1.81%"
"07/15/2019","22.11","22.00","22.65","21.55","14.13K","-1.29%"
"07/14/2019","22.40","23.05","23.25","21.11","9.92K","-3.49%"
"07/11/2019","23.21","24.07","24.07","23.00","88.34K","-3.57%"
"07/10/2019","24.07","24.00","24.40","23.70","257.75K","1.35%"
"07/09/2019","23.75","23.76","23.76","23.76","1.13K","0.00%"
"07/08/2019","23.75","23.75","24.00","23.70","7.54K","0.13%"
"07/07/2019","23.72","23.71","23.75","23.70","17.36K","-0.13%"
"07/04/2019","23.75","23.89","23.94","23.71","26.56K","-1.08%"
"07/03/2019","24.01","24.03","24.20","23.89","151.77K","-0.12%"
"07/02/2019","24.04","24.53","24.55","24.00","117.38K","-0.25%"
"06/27/2019","24.10","24.45","24.50","23.88","193.23K","0.33%"
"06/26/2019","24.02","23.60","24.10","23.60","109.47K","0.71%"
"06/25/2019","23.85","24.04","24.04","23.42","75.55K","-1.53%"
"06/24/2019","24.22","25.00","25.00","24.00","88.13K","-1.46%"
"06/23/2019","24.58","23.89","25.00","23.89","505.31K","3.80%"
"06/20/2019","23.68","23.73","23.95","23.30","32.48K","0.77%"
"06/19/2019","23.50","23.60","23.60","23.30","11.01K","-0.93%"
"06/18/2019","23.72","23.81","24.10","23.55","47.55K","-1.04%"
"06/17/2019","23.97","24.16","24.17","23.64","47.56K","-0.13%"
"06/16/2019","24.00","24.00","24.14","23.62","78.33K","-0.21%"
"06/13/2019","24.05","23.99","24.17","23.74","133.67K","1.69%"
"06/12/2019","23.65","23.61","24.00","23.61","450.79K","0.17%"
"06/11/2019","23.61","23.99","24.00","23.30","166.33K","-1.38%"
"06/10/2019","23.94","23.78","24.05","23.70","132.99K","2.13%"
"06/09/2019","23.44","23.31","23.84","23.21","40.87K","1.12%"
"06/03/2019","23.18","24.00","24.00","22.74","162.56K","-3.66%"
"06/02/2019","24.06","24.00","24.30","23.86","15.40K","1.05%"
"05/30/2019","23.81","24.10","24.24","23.50","17.65K","-2.18%"
"05/29/2019","24.34","24.50","24.50","24.03","21.52K","-1.97%"
"05/28/2019","24.83","24.55","25.00","24.35","17.30K","2.99%"
"05/27/2019","24.11","24.28","24.50","24.00","164.75K","-0.62%"
"05/26/2019","24.26","24.32","24.80","24.16","25.30K","-0.90%"
"05/23/2019","24.48","24.50","24.50","24.12","13.55K","0.82%"
"05/22/2019","24.28","24.36","24.40","24.14","4.25K","-1.10%"
"05/21/2019","24.55","24.50","25.00","24.11","87.89K","1.91%"
"05/20/2019","24.09","24.20","24.20","24.00","15.15K","-1.11%"
"05/19/2019","24.36","24.24","24.50","24.11","14.94K","-0.16%"
"05/16/2019","24.40","24.60","24.78","24.07","12.72K","-1.85%"
"05/15/2019","24.86","25.00","25.01","24.51","10.99K","-4.20%"
"05/14/2019","25.95","24.50","26.00","24.50","174.20K","3.10%"
"05/13/2019","25.17","24.40","25.50","24.36","5.13K","1.08%"
"05/12/2019","24.90","24.06","25.00","24.06","1.90K","-0.64%"
"05/09/2019","25.06","24.00","25.50","24.00","28.50K","2.49%"
"05/08/2019","24.45","25.00","25.00","24.02","14.93K","-4.38%"
"05/07/2019","25.57","25.01","25.89","25.01","1.65K","1.83%"
"05/06/2019","25.11","25.05","25.70","24.99","13.70K","-1.91%"
"05/05/2019","25.60","26.15","26.15","25.30","22.39K","-2.55%"
"05/02/2019","26.27","26.54","26.54","26.06","9.42K","-1.68%"
"04/30/2019","26.72","27.12","27.12","26.52","20.83K","-1.47%"
"04/24/2019","27.12","26.62","27.33","26.61","15.01K","0.67%"
"04/23/2019","26.94","27.00","27.00","26.75","42.41K","0.37%"
"04/22/2019","26.84","27.00","27.00","26.52","15.82K","1.17%"
"04/21/2019","26.53","26.95","26.95","26.25","11.27K","-1.70%"
"04/18/2019","26.99","27.00","27.00","26.90","105.70K","0.86%"
"04/17/2019","26.76","26.75","27.00","26.75","277.75K","-0.56%"
"04/16/2019","26.91","27.23","27.23","26.80","132.06K","-1.25%"
"04/15/2019","27.25","27.26","27.26","27.22","53.39K","-0.80%"
"04/14/2019","27.47","27.58","27.90","27.21","18.62K","0.22%"
"04/11/2019","27.41","27.00","27.55","27.00","101.15K","1.63%"
"04/10/2019","26.97","26.57","27.05","26.51","23.41K","2.98%"
"04/09/2019","26.19","26.11","26.57","26.00","7.01K","0.31%"
"04/08/2019","26.11","26.06","26.20","26.05","7.60K","-0.61%"
"04/07/2019","26.27","26.52","26.52","26.03","13.60K","-2.52%"
"04/04/2019","26.95","27.00","27.00","26.50","30.06K","-0.15%"
"04/03/2019","26.99","27.00","27.00","26.63","7.00K","0.00%"
"04/02/2019","26.99","26.96","27.50","26.50","25.50K","2.23%"
"04/01/2019","26.40","26.30","26.85","26.20","2.50K","-1.60%"
"03/31/2019","26.83","26.98","27.10","26.30","49.34K","2.02%"
"03/28/2019","26.30","26.00","26.45","25.80","2.45K","0.77%"
"03/27/2019","26.10","26.83","26.90","25.79","63.83K","-2.39%"
"03/26/2019","26.74","26.70","26.80","26.54","16.05K","-0.37%"
"03/25/2019","26.84","27.11","27.11","26.31","60.00K","-1.94%"
"03/24/2019","27.37","27.50","27.50","27.20","5.43K","0.26%"
"03/21/2019","27.30","27.35","27.44","27.25","15.10K","-1.05%"
"03/20/2019","27.59","27.80","27.90","27.13","23.84K","-0.83%"
"03/19/2019","27.82","28.30","28.30","27.02","64.39K","-2.83%"
"03/18/2019","28.63","28.69","28.75","28.30","19.03K","-0.21%"
"03/17/2019","28.69","29.00","29.00","28.44","5.64K","-0.83%"
"03/14/2019","28.93","28.01","29.25","28.00","435.16K","3.51%"
"03/13/2019","27.95","27.05","28.64","27.05","757.35K","3.60%"
"03/12/2019","26.98","27.00","27.17","26.95","775.72K","0.15%"
"03/11/2019","26.94","26.90","27.00","26.80","209.92K","-0.74%"
"03/10/2019","27.14","27.34","27.40","27.00","77.09K","1.50%"
"03/07/2019","26.74","26.35","27.08","26.25","256.08K","1.75%"
"03/06/2019","26.28","26.49","26.60","25.80","128.85K","0.04%"
"03/05/2019","26.27","25.80","26.50","25.80","342.89K","2.62%"
"03/04/2019","25.60","24.85","25.85","24.85","335.50K","2.77%"
"03/03/2019","24.91","24.70","25.36","24.57","16.39K","-0.48%"
"02/28/2019","25.03","25.06","25.40","24.91","78.46K","-0.79%"
"02/27/2019","25.23","25.28","25.50","25.07","39.69K","-1.33%"
"02/26/2019","25.57","25.90","25.95","25.27","41.69K","-0.35%"
"02/25/2019","25.66","25.53","25.97","25.50","6.61K","0.51%"
"02/24/2019","25.53","25.76","25.76","25.35","28.67K","-1.54%"
"02/21/2019","25.93","26.29","26.30","25.80","39.48K","-0.84%"
"02/20/2019","26.15","26.23","26.48","26.01","31.36K","-0.38%"
"02/19/2019","26.25","26.23","26.57","26.09","122.90K","-1.20%"
"02/18/2019","26.57","26.84","26.95","26.30","132.15K","-0.75%"
"02/17/2019","26.77","26.68","27.00","26.60","79.27K","1.02%"
"02/14/2019","26.50","26.49","26.73","26.40","291.40K","-0.34%"
"02/13/2019","26.59","26.80","26.97","26.11","140.91K","-0.30%"
"02/12/2019","26.67","26.18","26.94","26.06","362.05K","2.81%"
"02/11/2019","25.94","26.20","26.50","25.51","290.43K","-2.33%"
"02/10/2019","26.56","26.33","27.02","26.18","256.32K","2.83%"
"02/07/2019","25.83","24.29","26.29","24.27","1.28M","8.08%"
"02/06/2019","23.90","23.30","24.20","23.30","251.18K","2.75%"
"02/05/2019","23.26","23.30","23.40","23.03","129.36K","-0.17%"
"02/04/2019","23.30","23.03","23.54","23.00","151.71K","0.95%"
"02/03/2019","23.08","23.55","23.55","22.80","128.63K","-0.94%"
"01/31/2019","23.30","23.60","23.74","22.95","84.29K","-1.48%"
"01/30/2019","23.65","23.86","23.98","23.50","63.45K","-0.13%"
"01/29/2019","23.68","23.40","23.80","23.30","288.31K","1.94%"
"01/28/2019","23.23","23.30","23.38","23.06","70.90K","0.52%"
"01/27/2019","23.11","22.81","23.30","22.80","76.87K","2.30%"
"01/23/2019","22.59","22.65","22.87","22.50","42.62K","-1.44%"
"01/22/2019","22.92","23.37","23.39","22.62","95.36K","-0.74%"
"01/21/2019","23.09","22.46","23.35","22.45","261.78K","1.99%"
"01/20/2019","22.64","22.54","22.90","22.40","67.07K","-0.09%"
"01/17/2019","22.66","23.00","23.00","22.55","82.33K","-1.39%"
"01/16/2019","22.98","23.50","23.50","22.76","116.22K","-1.67%"
"01/15/2019","23.37","23.80","23.80","23.10","167.95K","-0.43%"
"01/14/2019","23.47","23.80","24.00","23.25","84.08K","-1.92%"
"01/13/2019","23.93","24.00","24.02","23.80","73.74K","0.50%"
"01/10/2019","23.81","24.00","24.18","23.52","82.88K","-1.00%"
"01/09/2019","24.05","24.12","24.50","23.50","290.27K","0.92%"
"01/08/2019","23.83","23.20","24.28","23.15","340.10K","2.19%"
"01/06/2019","23.32","23.06","23.58","23.05","58.08K","0.73%"
"01/03/2019","23.15","23.45","23.45","23.00","64.00K","-0.73%"
"01/02/2019","23.32","22.95","23.49","22.95","107.72K","1.83%"
"12/31/2018","22.90","23.01","23.44","22.51","447.46K","-2.30%"
"12/30/2018","23.44","24.03","24.16","22.99","354.62K","-3.62%"
"12/27/2018","24.32","24.40","24.50","24.00","197.33K","-0.29%"
"12/26/2018","24.39","24.60","24.60","24.00","314.68K","2.18%"
"12/25/2018","23.87","23.51","24.09","23.48","192.15K","0.29%"
"12/24/2018","23.80","23.75","24.00","23.40","52.97K","-1.20%"
"12/23/2018","24.09","24.79","24.79","23.51","50.93K","-1.67%"
"12/20/2018","24.50","24.24","24.70","24.24","634.78K","0.29%"
"12/19/2018","24.43","24.32","24.85","24.25","57.49K","-1.69%"
"12/18/2018","24.85","25.45","25.45","24.27","236.62K","-1.31%"
"12/17/2018","25.18","25.85","25.85","24.92","104.45K","0.60%"
"12/16/2018","25.03","25.35","25.44","24.86","62.97K","-2.64%"
"12/13/2018","25.71","26.00","26.00","25.35","157.76K","-0.16%"
"12/12/2018","25.75","25.55","25.94","25.55","30.61K","-0.92%"
"12/11/2018","25.99","25.79","26.11","25.68","271.31K","1.92%"
"12/10/2018","25.50","25.00","25.74","25.00","211.20K","2.04%"
"12/09/2018","24.99","24.11","25.50","24.11","152.93K","0.20%"
"12/06/2018","24.94","25.49","25.49","24.77","6.67K","0.04%"
"12/05/2018","24.93","25.02","25.49","24.02","26.30K","-1.66%"
"12/04/2018","25.35","25.71","25.74","25.00","138.75K","-2.76%"
"12/03/2018","26.07","26.72","26.72","25.85","35.58K","-2.40%"
"12/02/2018","26.71","27.00","27.00","26.25","26.08K","-1.04%"
"11/29/2018","26.99","26.85","27.29","26.80","156.81K","-0.55%"
"11/28/2018","27.14","26.38","27.75","26.38","802.89K","4.59%"
"11/27/2018","25.95","26.49","26.49","25.80","152.56K","0.70%"
"11/26/2018","25.77","27.00","27.00","25.50","41.68K","-3.56%"
"11/25/2018","26.72","27.00","27.00","26.50","8.93K","-2.52%"
"11/22/2018","27.41","27.48","27.69","27.02","39.08K","0.40%"
"11/21/2018","27.30","27.36","27.48","27.10","7.02K","-0.69%"
"11/19/2018","27.49","27.77","27.84","27.42","39.26K","-1.01%"
"11/18/2018","27.77","27.94","28.45","27.70","34.71K","1.02%"
"11/15/2018","27.49","27.50","27.60","27.40","86.04K","0.70%"
"11/14/2018","27.30","27.13","27.47","27.13","76.68K","-0.22%"
"11/13/2018","27.36","27.52","27.95","27.10","90.72K","-1.55%"
"11/12/2018","27.79","27.61","28.20","27.60","3.18K","-0.29%"
"11/11/2018","27.87","28.01","28.06","27.56","6.47K","-0.50%"
"11/08/2018","28.01","27.81","28.47","27.75","67.70K","0.21%"
"11/07/2018","27.95","28.78","28.90","27.71","130.66K","-2.88%"
"11/06/2018","28.78","28.53","28.99","28.21","132.27K","2.68%"
"11/05/2018","28.03","27.50","28.50","27.50","152.27K","1.52%"
"11/04/2018","27.61","27.30","27.70","27.30","74.03K","0.77%"
"11/01/2018","27.40","27.00","27.96","26.58","94.02K","1.48%"
"10/31/2018","27.00","26.75","27.50","26.54","356.41K","1.66%"
"10/30/2018","26.56","26.52","26.74","26.30","15.72K","1.57%"
"10/29/2018","26.15","26.58","26.58","26.03","9.17K","0.65%"
"10/28/2018","25.98","25.71","26.48","25.66","56.77K","0.00%"
"10/25/2018","25.98","26.02","26.44","25.55","115.87K","-3.46%"
"10/24/2018","26.91","28.10","28.10","26.50","60.61K","-5.18%"
"10/23/2018","28.38","29.01","29.02","27.82","199.31K","-6.89%"
"10/22/2018","30.48","30.57","30.60","29.55","810.72K","-0.33%"
"10/21/2018","30.58","30.62","30.88","30.50","40.73K","-0.62%"
"10/18/2018","30.77","31.00","31.00","30.56","54.83K","0.13%"
"10/17/2018","30.73","31.00","31.37","30.50","38.92K","-0.13%"
"10/16/2018","30.77","31.00","31.00","30.50","33.54K","0.89%"
"10/15/2018","30.50","30.01","30.52","30.01","186.57K","-1.58%"
"10/14/2018","30.99","30.58","31.25","30.52","89.51K","1.54%"
"10/11/2018","30.52","30.82","30.82","30.40","153.17K","-1.90%"
"10/10/2018","31.11","30.65","31.65","30.65","27.68K","0.55%"
"10/09/2018","30.94","30.30","31.00","30.25","86.29K","1.18%"
"10/08/2018","30.58","31.85","31.85","30.49","153.87K","-2.27%"
"10/04/2018","31.29","31.69","31.69","31.00","1.11M","-0.64%"
"10/03/2018","31.49","31.97","31.97","31.40","85.36K","-0.19%"
"10/02/2018","31.55","30.70","32.00","30.52","94.71K","0.54%"
"10/01/2018","31.38","30.61","32.00","30.61","91.32K","0.35%"
"09/30/2018","31.27","32.50","32.50","30.66","104.46K","-2.43%"
"09/27/2018","32.05","31.75","32.35","31.75","47.49K","-0.06%"
"09/26/2018","32.07","31.90","32.30","31.61","84.03K","1.55%"
"09/25/2018","31.58","31.50","31.65","31.35","23.42K","0.10%"
"09/24/2018","31.55","31.50","31.70","31.35","118.70K","0.38%"
"09/23/2018","31.43","32.10","32.21","31.05","36.84K","0.10%"
"09/20/2018","31.40","31.30","32.01","30.25","3.30M","4.60%"
"09/19/2018","30.02","31.00","31.01","29.01","266.05K","-5.27%"
"09/18/2018","31.69","31.50","32.20","31.00","172.27K","0.64%"
"09/17/2018","31.49","30.70","31.96","30.70","98.97K","-0.19%"
"09/16/2018","31.55","32.82","33.00","30.00","205.26K","-5.03%"
"09/13/2018","33.22","33.52","33.57","32.82","209.84K","-2.12%"
"09/12/2018","33.94","33.00","34.64","33.00","448.43K","2.85%"
"09/10/2018","33.00","33.00","33.25","32.95","286.77K","0.00%"
"09/09/2018","33.00","33.00","33.35","32.85","76.80K","-0.42%"
"09/06/2018","33.14","32.61","33.44","32.61","241.21K","0.70%"
"09/05/2018","32.91","33.50","33.50","32.64","106.42K","-0.12%"
"09/04/2018","32.95","33.49","33.49","32.74","88.25K","-0.33%"
"09/03/2018","33.06","33.50","33.50","32.65","138.52K","0.39%"
"09/02/2018","32.93","32.99","33.10","32.40","351.52K","-0.99%"
"08/30/2018","33.26","32.90","35.00","32.50","488.12K","2.78%"
"08/29/2018","32.36","30.00","33.11","30.00","1.05M","7.51%"
"08/28/2018","30.10","29.99","30.88","29.50","46.08K","1.48%"
"08/27/2018","29.66","29.55","29.95","29.45","15.14K","-0.77%"
"08/26/2018","29.89","30.11","30.14","29.62","14.77K","-0.37%"
"08/19/2018","30.00","30.00","30.23","29.80","74.07K","0.07%"
"08/16/2018","29.98","29.90","30.01","29.55","188.10K","0.20%"
"08/15/2018","29.92","28.70","30.05","28.68","549.07K","3.53%"
"08/14/2018","28.90","28.89","29.04","28.68","57.83K","0.59%"
"08/13/2018","28.73","29.00","29.00","28.52","53.93K","-0.86%"
"08/12/2018","28.98","29.25","29.30","28.80","36.76K","-0.65%"
"08/09/2018","29.17","29.45","29.60","29.00","120.56K","-2.93%"
"08/08/2018","30.05","30.00","30.75","29.51","377.91K","2.35%"
"08/07/2018","29.36","27.75","30.05","27.70","417.86K","4.89%"
"08/06/2018","27.99","28.00","28.20","27.71","54.48K","0.47%"
"08/05/2018","27.86","27.90","28.00","27.56","73.32K","0.07%"
"08/02/2018","27.84","27.99","27.99","27.61","36.69K","0.98%"
"08/01/2018","27.57","27.71","27.76","27.48","55.53K","-0.47%"
"07/31/2018","27.70","27.25","27.98","27.25","60.17K","-0.25%"
"07/30/2018","27.77","28.28","28.28","27.47","62.87K","-1.21%"
"07/29/2018","28.11","28.30","28.30","28.00","100.17K","-1.23%"
"07/26/2018","28.46","28.50","28.50","28.22","97.76K","-0.14%"
"07/25/2018","28.50","28.32","28.60","28.30","98.52K","-0.07%"
"07/24/2018","28.52","28.60","28.80","28.47","59.05K","-0.11%"
"07/22/2018","28.55","28.85","28.85","28.23","11.11K","-0.42%"
"07/19/2018","28.67","28.84","28.85","28.41","19.43K","-0.38%"
"07/18/2018","28.78","28.70","28.98","28.36","60.94K","1.05%"
"07/17/2018","28.48","28.85","28.85","28.30","41.08K","-0.80%"
"07/16/2018","28.71","29.00","29.22","28.50","50.36K","-1.00%"
"07/15/2018","29.00","28.84","29.23","28.75","182.70K","0.87%"
"07/12/2018","28.75","28.83","29.00","28.60","145.77K","0.49%"
"07/11/2018","28.61","28.55","28.88","28.55","208.69K","0.07%"
"07/10/2018","28.59","28.60","28.79","28.51","157.78K","0.14%"
"07/09/2018","28.55","28.49","28.89","28.21","100.55K","-1.28%"
"07/08/2018","28.92","29.00","29.14","28.50","380.01K","-0.24%"
"07/05/2018","28.99","28.65","29.00","28.63","95.26K","-0.03%"
"07/04/2018","29.00","29.00","29.03","28.90","133.95K","0.14%"
"07/03/2018","28.96","28.80","29.15","28.80","99.80K","0.73%"
"07/02/2018","28.75","28.83","29.01","28.50","276.14K","-0.62%"
"06/28/2018","28.93","29.10","29.29","28.51","192.23K","-0.24%"
"06/27/2018","29.00","29.03","29.10","28.82","318.12K","-1.09%"
"06/26/2018","29.32","29.22","29.54","28.52","310.60K","-1.35%"
"06/25/2018","29.72","28.60","30.00","28.60","397.42K","3.88%"
"06/24/2018","28.61","28.70","28.85","28.43","36.70K","-0.56%"
"06/21/2018","28.77","28.70","28.98","28.55","22.36K","0.77%"
"06/20/2018","28.55","28.52","28.75","28.50","12.29K","-0.59%"
"06/19/2018","28.72","29.10","29.10","28.25","42.93K","-1.17%"
"06/14/2018","29.06","28.30","29.70","28.30","249.74K","3.56%"
"06/13/2018","28.06","27.52","28.30","27.50","62.58K","1.37%"
"06/12/2018","27.68","27.90","27.91","27.56","8.95K","0.07%"
"06/11/2018","27.66","27.80","27.94","27.50","56.68K","0.00%"
"06/10/2018","27.66","27.60","27.80","27.44","38.65K","1.32%"
"06/07/2018","27.30","27.96","27.97","27.12","144.70K","-0.76%"
"06/06/2018","27.51","28.06","28.06","27.11","102.79K","-1.79%"
"06/05/2018","28.01","28.51","28.51","27.50","154.45K","-3.65%"
"06/04/2018","29.07","28.65","29.70","28.01","335.30K","3.53%"
"06/03/2018","28.08","27.75","28.50","27.75","69.06K","2.03%"
"05/31/2018","27.52","28.10","28.10","27.03","107.67K","-3.17%"
"05/30/2018","28.42","28.89","28.98","28.00","105.91K","-1.22%"
"05/29/2018","28.77","28.75","29.36","28.60","45.62K","0.35%"
"05/28/2018","28.67","28.99","28.99","28.55","29.85K","-0.86%"
"05/27/2018","28.92","29.33","29.33","28.70","68.18K","-1.93%"
"05/24/2018","29.49","29.80","30.24","29.10","213.50K","-0.64%"
"05/23/2018","29.68","29.50","29.80","29.25","171.52K","1.61%"
"05/22/2018","29.21","29.27","29.60","28.90","160.83K","0.14%"
"05/21/2018","29.17","28.84","29.70","28.62","254.20K","2.68%"
"05/20/2018","28.41","28.59","28.70","28.13","52.07K","0.39%"
"05/17/2018","28.30","28.10","28.60","27.90","140.00K","1.29%"
"05/16/2018","27.94","27.80","28.10","27.67","64.32K","0.00%"
"05/15/2018","27.94","28.00","28.45","27.63","194.35K","1.16%"
"05/14/2018","27.62","28.30","28.30","27.13","114.13K","-1.50%"
"05/13/2018","28.04","27.99","28.50","27.75","159.42K","0.04%"
"05/10/2018","28.03","27.88","28.39","27.72","262.63K","-2.54%"
"05/09/2018","28.76","30.15","30.41","27.40","784.09K","-3.75%"
"05/08/2018","29.88","30.15","30.15","29.67","98.96K","0.40%"
"05/07/2018","29.76","30.00","30.20","29.15","273.90K","-1.23%"
"05/06/2018","30.13","30.95","31.19","29.40","444.95K","-1.47%"
"05/03/2018","30.58","30.90","31.37","30.50","499.86K","-2.43%"
"05/02/2018","31.34","31.90","32.24","30.90","251.50K","-0.89%"
"04/30/2018","31.62","31.77","31.95","31.38","182.90K","-1.46%"
"04/29/2018","32.09","32.49","32.60","31.76","201.17K","-0.96%"
"04/26/2018","32.40","32.58","32.79","32.11","267.87K","0.06%"
"04/24/2018","32.38","33.00","33.05","32.00","382.52K","-2.12%"
"04/23/2018","33.08","33.21","33.60","32.61","384.38K","-0.03%"
"04/22/2018","33.09","31.94","33.89","31.89","1.34M","4.72%"
"04/19/2018","31.60","30.98","32.00","30.90","472.55K","2.36%"
"04/18/2018","30.87","31.62","31.62","30.61","143.52K","-1.44%"
"04/17/2018","31.32","31.38","31.68","31.08","196.83K","1.13%"
"04/16/2018","30.97","30.61","31.14","30.59","111.23K","1.14%"
"04/15/2018","30.62","31.50","31.50","30.50","170.37K","-1.19%"
"04/12/2018","30.99","31.50","31.63","30.80","102.52K","-3.22%"
"04/11/2018","32.02","32.00","32.79","31.08","561.35K","0.79%"
"04/10/2018","31.77","31.17","32.20","31.00","520.82K","2.95%"
"04/05/2018","30.86","31.00","31.27","30.53","210.38K","-1.72%"
"04/04/2018","31.40","31.98","32.44","30.50","496.71K","-1.35%"
"04/03/2018","31.83","32.68","32.68","31.50","269.19K","-1.64%"
"04/02/2018","32.36","31.95","32.75","31.95","516.45K","1.70%"
"04/01/2018","31.82","31.80","32.10","31.32","208.77K","0.35%"
"03/29/2018","31.71","31.60","31.99","31.40","201.86K","0.51%"
"03/28/2018","31.55","32.39","32.39","31.25","175.11K","-2.56%"
"03/27/2018","32.38","32.47","33.20","31.66","584.32K","1.19%"
"03/26/2018","32.00","32.29","32.55","31.62","251.72K","1.52%"
"03/25/2018","31.52","31.90","31.90","31.31","161.92K","-2.08%"
"03/22/2018","32.19","32.97","32.97","32.00","262.52K","-1.92%"
"03/21/2018","32.82","33.05","33.35","32.52","397.12K","-0.79%"
"03/20/2018","33.08","33.25","33.57","32.82","354.34K","-1.64%"
"03/19/2018","33.63","33.32","34.22","33.17","962.70K","1.97%"
"03/18/2018","32.98","33.00","33.65","32.57","432.59K","0.49%"
"03/15/2018","32.82","32.97","33.22","32.52","189.50K","-0.67%"
"03/14/2018","33.04","33.50","33.60","32.50","574.01K","-1.64%"
"03/13/2018","33.59","32.89","34.50","32.86","1.67M","3.48%"
"03/12/2018","32.46","32.05","32.85","32.05","737.75K","0.00%"
"03/11/2018","32.46","32.73","33.02","32.00","679.59K","-1.73%"
"03/08/2018","33.03","33.94","33.94","32.60","1.18M","-3.42%"
"03/07/2018","34.20","34.88","35.50","33.16","1.10M","-1.21%"
"03/06/2018","34.62","35.02","35.18","34.24","469.06K","-0.97%"
"03/05/2018","34.96","34.80","35.79","34.51","328.15K","0.69%"
"03/04/2018","34.72","35.00","35.29","34.00","318.30K","0.43%"
"03/01/2018","34.57","35.49","35.50","34.08","473.63K","-3.38%"
"02/28/2018","35.78","35.98","36.65","35.05","763.02K","0.85%"
"02/27/2018","35.48","34.55","36.69","34.40","1.09M","2.75%"
"02/26/2018","34.53","34.33","35.20","34.00","942.01K","2.52%"
"02/25/2018","33.68","33.47","34.10","33.15","575.86K","1.17%"
"02/22/2018","33.29","31.99","34.20","31.99","991.37K","4.19%"
"02/21/2018","31.95","32.58","32.58","31.21","345.44K","-3.47%"
"02/20/2018","33.10","33.10","34.35","32.05","613.99K","5.21%"
"02/19/2018","31.46","29.80","32.40","29.80","1.15M","6.79%"
"02/18/2018","29.46","29.00","29.83","28.83","830.34K","2.22%"
"02/15/2018","28.82","28.60","29.19","28.41","204.65K","0.52%"
"02/14/2018","28.67","28.50","29.01","28.30","258.51K","-1.07%"
"02/13/2018","28.98","28.97","29.50","28.16","755.59K","0.98%"
"02/12/2018","28.70","28.20","29.01","28.00","458.88K","1.85%"
"02/11/2018","28.18","28.90","28.90","27.80","219.67K","-1.81%"
"02/08/2018","28.70","29.00","29.32","28.45","204.09K","-2.91%"
"02/07/2018","29.56","29.60","30.20","28.76","769.48K","2.71%"
"02/06/2018","28.78","28.10","29.30","27.51","469.52K","-2.70%"
"02/05/2018","29.58","29.65","30.19","28.70","485.73K","0.96%"
"02/04/2018","29.30","30.00","30.00","28.80","475.71K","-1.97%"
"02/01/2018","29.89","29.69","30.45","29.12","635.74K","-0.03%"
"01/31/2018","29.90","33.00","33.00","28.50","1.33M","-3.20%"
"01/30/2018","30.89","29.70","30.97","29.70","600.03K","9.69%"
"01/29/2018","28.16","27.00","29.52","26.70","878.80K","7.03%"
"01/28/2018","26.31","25.55","26.90","25.55","745.05K","4.49%"
"01/24/2018","25.18","24.69","25.60","24.60","629.27K","1.57%"
"01/23/2018","24.79","24.99","25.10","24.56","165.95K","-0.80%"
"01/22/2018","24.99","25.16","25.60","24.64","282.75K","0.08%"
"01/21/2018","24.97","24.75","25.26","24.69","300.20K","-0.12%"
"01/18/2018","25.00","25.30","25.69","24.70","374.46K","-1.92%"
"01/17/2018","25.49","25.50","25.74","25.13","416.55K","-0.27%"
"01/16/2018","25.56","25.17","25.90","25.13","818.89K","2.57%"
"01/15/2018","24.92","25.02","25.33","24.66","552.46K","-0.28%"
"01/14/2018","24.99","24.60","25.40","24.60","753.63K","2.71%"
"01/11/2018","24.33","24.68","24.74","24.14","194.91K","-0.37%"
"01/10/2018","24.42","23.50","25.00","23.40","840.05K","5.71%"
"01/09/2018","23.10","22.50","23.50","22.34","1.05M","3.87%"
"01/08/2018","22.24","21.51","22.59","21.50","709.36K","3.93%"
"01/04/2018","21.40","21.83","21.83","21.25","101.79K","-0.74%"
"01/03/2018","21.56","21.98","21.98","21.45","280.20K","-0.87%"
"01/02/2018","21.75","21.75","22.17","21.42","286.92K","1.16%"
"12/31/2017","21.50","21.89","22.07","21.25","416.20K","-1.33%"
"12/28/2017","21.79","21.67","21.99","21.63","187.47K","-1.09%"
"12/27/2017","22.03","22.10","22.40","21.61","478.48K","-0.45%"
"12/26/2017","22.13","22.25","22.64","21.76","279.13K","0.09%"
"12/25/2017","22.11","21.69","22.45","21.44","261.10K","2.98%"
"12/24/2017","21.47","21.87","21.87","21.32","55.48K","-0.60%"
"12/21/2017","21.60","21.71","21.90","21.42","107.48K","-1.86%"
"12/20/2017","22.01","22.49","22.50","21.60","477.16K","-2.31%"
"12/19/2017","22.53","22.67","22.94","22.00","537.34K","-1.36%"
"12/18/2017","22.84","22.64","23.20","22.35","1.06M","0.71%"
"12/17/2017","22.68","22.47","23.10","22.16","1.18M","6.73%"
"12/14/2017","21.25","20.17","21.80","20.17","3.44M","7.21%"
"12/13/2017","19.82","19.14","20.20","19.14","1.16M","3.55%"
"12/12/2017","19.14","19.19","19.36","19.00","181.37K","0.47%"
"12/11/2017","19.05","19.39","19.39","18.90","186.45K","-0.63%"
"12/10/2017","19.17","19.11","19.30","19.00","89.56K","1.05%"
"12/07/2017","18.97","19.04","19.10","18.90","115.81K","0.16%"
"12/06/2017","18.94","19.01","19.20","18.81","89.39K","-0.99%"
"12/05/2017","19.13","19.15","19.40","19.00","142.75K","-0.52%"
"12/04/2017","19.23","19.35","19.40","19.07","160.99K","-1.38%"
"12/03/2017","19.50","19.60","19.89","19.35","174.90K","-1.22%"
"11/29/2017","19.74","20.08","20.10","19.50","225.74K","-1.60%"
"11/28/2017","20.06","20.20","20.39","19.81","334.97K","0.50%"
"11/27/2017","19.96","19.40","20.20","19.14","835.20K","2.52%"
"11/26/2017","19.47","19.74","19.75","19.24","60.60K","-0.61%"
"11/23/2017","19.59","19.88","19.89","19.45","489.19K","1.35%"
"11/22/2017","19.33","18.30","19.90","18.20","928.79K","4.88%"
"11/21/2017","18.43","18.39","18.65","18.22","199.14K","1.10%"
"11/20/2017","18.23","18.25","18.40","18.02","137.74K","-1.14%"
"11/19/2017","18.44","18.70","18.97","18.11","172.97K","-1.97%"
"11/16/2017","18.81","19.00","19.00","18.63","148.95K","-1.31%"
"11/15/2017","19.06","19.46","19.46","18.81","225.57K","-1.14%"
"11/14/2017","19.28","19.50","19.58","19.05","464.20K","-0.57%"
"11/13/2017","19.39","19.40","19.60","19.20","501.69K","-1.22%"
"11/12/2017","19.63","20.32","20.36","19.12","765.43K","-3.77%"
"11/09/2017","20.40","19.99","20.97","19.82","1.43M","3.40%"
"11/08/2017","19.73","19.47","19.99","19.30","1.17M","0.77%"
"11/07/2017","19.58","19.11","19.90","19.00","828.64K","-0.15%"
"11/06/2017","19.61","20.01","20.25","19.20","477.23K","-3.16%"
"11/05/2017","20.25","20.10","20.50","19.70","967.39K","1.10%"
"11/02/2017","20.03","19.50","20.30","19.50","1.21M","4.70%"
"11/01/2017","19.13","18.30","20.00","18.30","1.92M","6.10%"
"10/31/2017","18.03","18.30","18.35","17.90","314.85K","-0.61%"
"10/30/2017","18.14","18.09","18.30","18.00","1.27M","0.89%"
"10/29/2017","17.98","18.00","18.10","17.82","424.50K","0.56%"
"10/26/2017","17.88","17.79","18.00","17.70","366.47K","1.25%"
"10/25/2017","17.66","17.59","17.90","17.31","119.16K","0.51%"
"10/24/2017","17.57","17.55","17.80","17.40","341.22K","-5.13%"
"10/23/2017","18.52","18.40","18.80","18.30","698.36K","0.05%"
"10/22/2017","18.51","18.34","18.73","18.30","356.54K","-0.70%"
"10/19/2017","18.64","19.00","19.10","18.37","357.59K","-2.61%"
"10/18/2017","19.14","19.39","19.40","18.89","456.31K","-0.98%"
"10/17/2017","19.33","19.50","19.60","19.12","554.52K","0.16%"
"10/16/2017","19.30","19.52","19.52","19.05","433.82K","-2.43%"
"10/15/2017","19.78","19.60","20.00","19.57","876.26K","1.38%"
"10/12/2017","19.51","19.00","19.75","19.00","645.53K","2.47%"
"10/11/2017","19.04","19.10","19.18","18.88","226.33K","-0.52%"
"10/10/2017","19.14","19.11","19.40","19.01","419.74K","-1.90%"
"10/09/2017","19.51","19.55","19.80","19.10","426.71K","0.15%"
"10/08/2017","19.48","19.10","19.70","19.10","588.53K","2.31%"
"10/04/2017","19.04","19.11","19.25","18.70","809.11K","-0.78%"
"10/03/2017","19.19","19.30","19.39","18.92","543.15K","0.26%"
"10/02/2017","19.14","18.80","19.39","18.80","1.75M","3.91%"
"10/01/2017","18.42","18.29","18.80","18.00","1.57M","0.99%"
"09/28/2017","18.24","17.75","18.68","17.70","2.41M","4.41%"
"09/27/2017","17.47","17.50","17.68","17.30","884.50K","-1.41%"
"09/26/2017","17.72","18.00","18.10","17.43","975.25K","-1.34%"
"09/25/2017","17.96","17.85","18.24","17.80","1.22M","2.22%"
"09/24/2017","17.57","17.26","17.90","17.19","1.67M","2.39%"
"09/20/2017","17.16","17.40","17.40","17.00","1.13M","-0.46%"
"09/19/2017","17.24","17.00","17.40","16.91","1.35M","1.29%"
"09/18/2017","17.02","17.25","17.30","16.81","932.16K","-1.45%"
"09/17/2017","17.27","17.00","17.49","17.00","1.12M","1.83%"
"09/14/2017","16.96","17.00","17.32","16.81","979.71K","0.83%"
"09/13/2017","16.82","16.30","17.15","16.25","1.41M","3.13%"
"09/12/2017","16.31","16.51","16.51","16.00","774.29K","-1.39%"
"09/11/2017","16.54","16.39","16.74","16.25","1.58M","4.16%"
"09/10/2017","15.88","15.30","16.40","15.30","2.02M","3.39%"
"09/07/2017","15.36","15.45","15.60","15.20","767.35K","-0.07%"
"09/06/2017","15.37","15.53","15.67","15.25","391.65K","-1.16%"
"09/05/2017","15.55","15.68","15.70","15.41","322.32K","-0.83%"
"08/30/2017","15.68","15.99","16.10","15.41","687.08K","-0.76%"
"08/29/2017","15.80","15.80","15.94","15.51","371.02K","-3.13%"
"08/28/2017","16.31","16.80","17.00","15.78","1.47M","2.19%"
"08/27/2017","15.96","15.30","16.18","15.21","412.12K","3.17%"
"08/24/2017","15.47","15.10","15.70","15.10","373.56K","2.18%"
"08/23/2017","15.14","14.70","15.78","14.40","748.69K","2.64%"
"08/22/2017","14.75","14.60","15.00","14.55","347.70K","-0.67%"
"08/21/2017","14.85","14.55","15.02","14.51","137.12K","-1.72%"
"08/20/2017","15.11","15.50","15.51","14.65","253.01K","-2.70%"
"08/17/2017","15.53","15.55","15.90","15.26","384.27K","-0.13%"
"08/16/2017","15.55","15.29","16.70","14.40","989.99K","11.87%"
"08/15/2017","13.90","14.10","14.40","13.61","186.02K","-1.14%"
"08/14/2017","14.06","14.30","14.40","13.90","155.94K","-1.40%"
"08/13/2017","14.26","14.55","15.17","13.87","721.88K","-6.12%"
"08/10/2017","15.19","15.57","15.60","15.00","798.29K","-3.00%"
"08/09/2017","15.66","15.50","15.90","15.45","241.35K","-0.95%"
"08/08/2017","15.81","15.01","16.35","15.01","545.94K","3.88%"
"08/07/2017","15.22","15.90","16.00","14.92","249.19K","-4.87%"
"08/06/2017","16.00","16.30","16.60","15.67","482.50K","-1.48%"
"08/03/2017","16.24","16.27","16.33","16.11","210.40K","-0.37%"
"08/02/2017","16.30","16.33","17.17","16.07","559.15K","-0.61%"
"08/01/2017","16.40","16.33","16.60","16.21","303.82K","-2.03%"
"07/31/2017","16.74","17.20","17.33","16.13","411.15K","-2.56%"
"07/30/2017","17.18","17.23","17.51","16.87","157.41K","-1.43%"
"07/27/2017","17.43","17.40","17.80","17.14","235.84K","1.46%"
"07/26/2017","17.18","16.83","17.53","16.67","383.94K","4.82%"
"07/25/2017","16.39","15.55","16.87","15.53","356.40K","5.47%"
"07/24/2017","15.54","15.96","15.96","15.34","93.06K","-0.77%"
"07/20/2017","15.66","16.00","16.00","15.40","495.31K","0.13%"
"07/19/2017","15.64","15.23","15.93","15.07","550.27K","3.30%"
"07/18/2017","15.14","15.27","15.33","14.97","114.36K","-1.43%"
"07/17/2017","15.36","15.67","15.67","15.20","180.75K","-2.29%"
"07/16/2017","15.72","15.80","15.84","15.55","224.56K","-0.95%"
"07/13/2017","15.87","15.80","16.00","15.77","119.89K","0.51%"
"07/12/2017","15.79","16.00","16.07","15.67","274.44K","0.19%"
"07/11/2017","15.76","15.81","15.87","15.54","192.84K","-1.38%"
"07/10/2017","15.98","16.20","16.53","15.69","586.33K","-1.66%"
"07/09/2017","16.25","16.28","16.39","15.80","668.79K","-0.12%"
"07/06/2017","16.27","16.33","16.52","16.00","430.93K","-0.49%"
"07/05/2017","16.35","16.60","16.60","16.27","142.69K","-0.97%"
"07/04/2017","16.51","16.67","16.86","16.40","112.02K","-1.84%"
"07/03/2017","16.82","17.07","17.26","16.61","210.51K","-0.18%"
"07/02/2017","16.85","16.67","17.20","16.67","391.23K","1.14%"
"06/28/2017","16.66","16.40","16.73","16.40","228.73K","1.46%"
"06/22/2017","16.42","16.41","16.67","16.27","445.27K","0.37%"
"06/21/2017","16.36","16.33","16.60","16.20","95.65K","0.62%"
"06/20/2017","16.26","16.21","16.47","16.07","164.62K","-0.73%"
"06/19/2017","16.38","16.60","16.67","16.17","68.37K","-2.03%"
"06/18/2017","16.72","16.65","17.00","16.15","162.48K","0.36%"
"06/15/2017","16.66","16.67","16.87","16.40","246.15K","2.78%"
"06/14/2017","16.21","15.80","16.67","15.79","945.84K","5.06%"
"06/13/2017","15.43","15.46","15.73","15.20","342.58K","2.05%"
"06/12/2017","15.12","15.20","15.50","15.00","454.75K","-0.33%"
"06/11/2017","15.17","15.32","15.66","14.93","176.89K","-1.30%"
"06/08/2017","15.37","15.27","15.50","15.20","241.11K","-0.97%"
"06/07/2017","15.52","15.53","15.67","15.34","157.95K","-0.32%"
"06/06/2017","15.57","15.99","15.99","15.47","338.14K","-1.21%"
"06/05/2017","15.76","15.86","15.93","15.57","334.84K","-0.69%"
"06/04/2017","15.87","16.27","16.27","15.67","290.26K","-1.00%"
"06/01/2017","16.03","15.92","16.26","15.83","519.46K","2.69%"
"05/31/2017","15.61","15.47","15.93","15.47","681.52K","1.04%"
"05/30/2017","15.45","15.32","15.85","15.20","760.95K","3.69%"
"05/29/2017","14.90","14.40","15.33","14.40","555.94K","2.83%"
"05/28/2017","14.49","14.90","14.90","14.40","95.01K","-1.23%"
"05/25/2017","14.67","15.00","15.00","14.43","675.84K","-2.13%"
"05/24/2017","14.99","14.77","15.33","14.60","655.68K","4.39%"
"05/23/2017","14.36","14.27","14.67","14.00","792.60K","3.38%"
"05/22/2017","13.89","13.84","14.27","13.53","816.13K","0.07%"
"05/21/2017","13.88","13.50","14.13","13.50","529.05K","5.95%"
"05/18/2017","13.10","12.93","13.73","12.81","1.73M","3.07%"
"05/17/2017","12.71","12.63","12.93","12.43","388.60K","0.32%"
"05/16/2017","12.67","12.93","12.94","12.47","319.38K","-1.93%"
"05/15/2017","12.92","12.73","13.00","12.73","740.41K","2.95%"
"05/14/2017","12.55","12.15","12.80","12.15","674.74K","3.12%"
"05/11/2017","12.17","11.83","12.33","11.83","528.84K","2.44%"
"05/10/2017","11.88","12.00","12.00","11.80","151.51K","-0.25%"
"05/09/2017","11.91","11.99","12.07","11.80","266.50K","-0.83%"
"05/08/2017","12.01","12.01","12.20","11.88","409.77K","0.76%"
"05/07/2017","11.92","11.87","12.07","11.80","386.41K","-0.91%"
"05/04/2017","12.03","12.20","12.20","11.87","338.10K","-0.25%"
"05/03/2017","12.06","12.13","12.23","11.93","311.92K","-1.87%"
"05/02/2017","12.29","12.07","12.52","12.01","1.02M","3.45%"
"04/30/2017","11.88","11.51","12.07","11.47","836.71K","1.63%"
"04/27/2017","11.69","11.65","12.00","11.47","574.86K","1.39%"
"04/26/2017","11.53","11.52","11.73","11.33","387.36K","1.14%"
"04/24/2017","11.40","11.46","11.67","11.27","568.08K","2.06%"
"04/23/2017","11.17","10.77","11.33","10.77","324.60K","0.54%"
"04/20/2017","11.11","11.20","11.30","10.88","278.34K","-0.71%"
"04/19/2017","11.19","11.02","11.40","10.80","297.01K","0.90%"
"04/18/2017","11.09","10.87","11.33","10.68","357.88K","1.37%"
"04/13/2017","10.94","11.07","11.20","10.80","444.43K","-2.32%"
"04/12/2017","11.20","11.33","11.33","11.07","396.18K","-2.01%"
"04/11/2017","11.43","11.67","11.79","11.27","827.29K","0.00%"
"04/10/2017","11.43","11.13","11.80","11.07","998.58K","-1.72%"
"04/09/2017","11.63","12.08","12.26","11.17","1.27M","-3.65%"
"04/06/2017","12.07","11.16","12.27","11.16","1.90M","19.03%"
"04/05/2017","10.14","10.14","10.14","10.14","47.85K","2.63%"
"04/04/2017","9.88","9.73","10.27","9.53","1.42M","7.16%"
"04/03/2017","9.22","8.67","9.59","8.67","1.47M","5.73%"
"04/02/2017","8.72","8.73","8.83","8.58","402.85K","0.00%"
"03/30/2017","8.72","8.53","8.80","8.53","313.12K","3.20%"
"03/29/2017","8.45","8.37","8.53","8.37","156.13K","-0.12%"
"03/28/2017","8.46","8.59","8.60","8.37","244.96K","0.00%"
"03/27/2017","8.46","8.53","8.53","8.37","276.60K","-1.28%"
"03/26/2017","8.57","8.63","8.80","8.48","196.50K","-0.58%"
"03/23/2017","8.62","8.67","8.76","8.57","83.05K","-1.03%"
"03/22/2017","8.71","8.51","8.86","8.51","255.36K","0.23%"
"03/21/2017","8.69","8.87","8.87","8.60","405.54K","-1.14%"
"03/20/2017","8.79","8.82","8.93","8.72","254.52K","-1.46%"
"03/19/2017","8.92","8.87","9.06","8.80","751.84K","0.45%"
"03/16/2017","8.88","8.83","8.98","8.74","766.66K","1.02%"
"03/15/2017","8.79","8.73","8.98","8.67","431.74K","1.50%"
"03/14/2017","8.66","8.68","8.73","8.60","386.35K","-1.48%"
"03/13/2017","8.79","8.67","9.00","8.67","1.12M","-0.45%"
"03/12/2017","8.83","8.72","9.07","8.57","1.27M","3.52%"
"03/09/2017","8.53","8.07","8.76","8.06","3.05M","7.16%"
"03/08/2017","7.96","7.62","8.07","7.60","1.81M","2.05%"
"03/07/2017","7.80","7.73","8.00","7.47","513.55K","0.13%"
"03/06/2017","7.79","7.80","7.97","7.53","527.49K","1.17%"
"03/05/2017","7.70","7.17","7.79","7.13","682.90K","8.76%"
"03/02/2017","7.08","6.98","7.23","6.93","464.71K","1.29%"
"03/01/2017","6.99","6.93","7.01","6.93","105.24K","0.00%"
"02/28/2017","6.99","6.90","7.10","6.90","64.09K","-0.14%"
"02/27/2017","7.00","7.20","7.20","6.83","335.88K","-4.24%"
"02/26/2017","7.31","7.57","7.57","7.20","92.94K","-2.01%"
"02/23/2017","7.46","7.53","7.67","7.20","280.27K","-0.27%"
"02/22/2017","7.48","7.33","7.58","7.28","145.69K","1.36%"
"02/21/2017","7.38","7.58","7.58","7.33","128.80K","-0.40%"
"02/20/2017","7.41","7.33","7.57","7.27","91.03K","-0.94%"
"02/19/2017","7.48","7.64","7.64","7.33","117.72K","-2.73%"
"02/16/2017","7.69","7.71","7.83","7.57","571.92K","0.65%"
"02/15/2017","7.64","7.53","7.87","7.51","741.66K","-3.78%"
"02/14/2017","7.94","8.05","8.33","7.41","797.86K","8.47%"
"02/13/2017","7.32","7.39","7.39","6.87","263.68K","8.93%"
"02/12/2017","6.72","7.00","7.00","6.47","33.49K","-3.17%"
"02/09/2017","6.94","6.93","7.07","6.80","60.18K","-0.29%"
"02/08/2017","6.96","7.23","7.23","6.85","108.03K","-2.66%"
"02/07/2017","7.15","7.13","7.33","6.93","353.14K","-2.05%"
"02/06/2017","7.30","7.27","7.43","7.07","436.21K","-1.75%"
"02/05/2017","7.43","7.27","7.53","7.07","729.94K","8.47%"
"02/02/2017","6.85","6.67","7.27","6.53","201.30K","2.39%"
"02/01/2017","6.69","6.66","6.80","6.66","11.44K","5.19%"
"01/31/2017","6.36","6.33","6.38","6.33","8.44K","-1.85%"
"01/30/2017","6.48","6.47","6.49","6.47","19.80K","-0.61%"
"01/29/2017","6.52","6.67","6.67","6.40","32.23K","-2.25%"
"01/26/2017","6.67","6.67","6.67","6.67","2.98K","0.91%"
"01/24/2017","6.61","6.63","6.67","6.53","14.61K","0.15%"
"01/23/2017","6.60","6.60","6.60","6.60","1.74K","-0.90%"
"01/22/2017","6.66","6.47","6.73","6.47","6.90K","0.91%"
"01/19/2017","6.60","6.87","6.87","6.53","17.17K","-2.51%"
"01/18/2017","6.77","6.79","6.87","6.60","16.15K","-0.73%"
"01/17/2017","6.82","6.82","6.82","6.80","255.13K","0.00%"
"01/16/2017","6.82","6.87","6.87","6.77","98.82K","-0.44%"
"01/15/2017","6.85","6.83","6.87","6.77","50.01K","0.74%"
"01/12/2017","6.80","6.77","6.90","6.77","16.69K","0.00%"
"01/11/2017","6.80","6.80","6.87","6.77","37.53K","0.00%"
"01/10/2017","6.80","6.80","6.80","6.77","15.52K","-0.15%"
"01/09/2017","6.81","6.80","6.87","6.80","12.75K","0.29%"
"01/08/2017","6.79","6.96","6.96","6.77","34.80K","-0.15%"
"01/05/2017","6.80","6.79","6.81","6.79","24.15K","0.44%"
"01/04/2017","6.77","6.77","6.78","6.77","6.82K","-0.88%"
"01/03/2017","6.83","6.83","6.87","6.77","50.46K","-0.87%"
"01/02/2017","6.89","6.74","6.93","6.74","19.03K","-0.86%"
"12/29/2016","6.95","6.93","7.00","6.90","17.07K","-0.57%"
"12/28/2016","6.99","7.00","7.00","6.93","9.00K","-0.14%"
"12/27/2016","7.00","7.00","7.00","7.00","21.94K","-1.27%"
"12/26/2016","7.09","7.13","7.13","6.93","38.16K","3.20%"
"12/25/2016","6.87","6.87","6.87","6.87","1.50K","-0.87%"
"12/22/2016","6.93","6.93","6.93","6.87","62.49K","-0.57%"
"12/21/2016","6.97","6.93","7.00","6.93","23.68K","-1.69%"
"12/20/2016","7.09","7.07","7.33","7.00","110.02K","-0.28%"
"12/19/2016","7.11","7.07","7.18","7.07","51.30K","-1.25%"
"12/18/2016","7.20","7.00","7.40","7.00","414.37K","4.65%"
"12/15/2016","6.88","6.87","6.91","6.87","20.85K","0.15%"
"12/14/2016","6.87","7.00","7.00","6.85","3.16K","-2.00%"
"12/13/2016","7.01","7.06","7.06","6.84","8.02K","1.15%"
"12/12/2016","6.93","6.74","7.00","6.74","0.60K","0.00%"
"12/08/2016","6.93","6.83","7.00","6.68","25.53K","1.76%"
"12/07/2016","6.81","6.83","6.83","6.80","13.08K","-0.15%"
"12/06/2016","6.82","6.83","6.83","6.80","13.98K","-0.73%"
"12/05/2016","6.87","6.87","6.87","6.87","15.46K","0.15%"
"12/04/2016","6.86","6.88","6.88","6.80","37.47K","0.15%"
"12/01/2016","6.85","6.83","7.03","6.80","32.26K","-0.29%"
"11/30/2016","6.87","6.87","6.93","6.86","36.25K","0.15%"
"11/29/2016","6.86","6.83","7.00","6.83","3.91K","0.44%"
"11/28/2016","6.83","6.93","6.93","6.73","24.90K","-1.44%"
"11/27/2016","6.93","6.93","6.93","6.90","21.37K","-0.14%"
"11/24/2016","6.94","7.10","7.10","6.87","130.50K","-2.80%"
"11/23/2016","7.14","7.15","7.15","7.13","69.00K","-2.72%"
"11/22/2016","7.34","7.47","7.47","7.14","132.00K","0.41%"
"11/21/2016","7.31","7.47","7.47","7.20","99.19K","-3.43%"
"11/20/2016","7.57","7.67","7.67","7.42","13.50K","-4.42%"
"11/17/2016","7.92","7.93","8.00","7.87","30.22K","3.66%"
"11/16/2016","7.64","7.47","8.10","7.40","106.12K","3.80%"
"11/15/2016","7.36","7.40","7.40","7.33","4.71K","-4.42%"
"11/13/2016","7.70","7.33","8.06","7.33","5.16K","5.19%"
"11/10/2016","7.32","7.00","7.42","7.00","15.00K","8.61%"
"11/09/2016","6.74","6.67","6.80","6.67","5.04K","1.20%"
"11/08/2016","6.66","7.07","7.07","6.40","34.27K","-5.80%"
"11/07/2016","7.07","7.07","7.13","6.97","4.96K","1.87%"
"11/06/2016","6.94","7.00","7.07","6.87","11.97K","-3.48%"
"11/03/2016","7.19","6.87","7.53","6.87","22.50K","4.96%"
"11/02/2016","6.85","6.73","6.87","6.73","8.40K","-0.15%"
"11/01/2016","6.86","6.93","6.98","6.80","7.50K","-1.01%"
"10/27/2016","6.93","6.80","6.97","6.80","1.81K","3.90%"
"10/26/2016","6.67","6.73","6.73","6.63","8.29K","-0.89%"
"10/25/2016","6.73","6.73","6.73","6.73","2.68K","-1.32%"
"10/24/2016","6.82","6.73","6.73","6.73","1.38K","0.00%"
"10/23/2016","6.82","7.00","7.00","6.80","14.92K","-4.88%"
"10/20/2016","7.17","6.97","7.20","6.97","3.45K","7.17%"
"10/19/2016","6.69","6.73","6.73","6.67","2.52K","-8.86%"
"10/18/2016","7.34","7.11","7.11","6.87","0.52K","0.00%"
"10/17/2016","7.34","7.34","7.34","7.33","5.25K","-1.87%"
"10/16/2016","7.48","7.40","7.56","7.40","12.49K","-1.06%"
"10/13/2016","7.56","7.47","7.73","7.39","17.19K","1.20%"
"10/12/2016","7.47","7.47","7.48","7.47","22.68K","-0.53%"
"10/11/2016","7.51","7.60","7.60","7.40","4.50K","-2.09%"
"10/10/2016","7.67","7.67","7.67","7.67","19.87K","-2.54%"
"10/09/2016","7.87","7.87","7.87","7.77","170.22K","1.03%"
"10/05/2016","7.79","7.73","7.87","7.73","6.22K","2.50%"
"10/04/2016","7.60","7.40","7.73","7.40","25.53K","0.66%"
"10/03/2016","7.55","7.34","7.73","7.33","19.98K","0.67%"
"09/29/2016","7.50","7.40","7.61","7.20","8.16K","1.90%"
"09/28/2016","7.36","7.40","7.40","7.27","5.83K","-0.54%"
"09/27/2016","7.40","7.33","7.40","7.33","11.25K","-3.01%"
"09/26/2016","7.63","7.40","7.40","6.93","0.75K","0.00%"
"09/25/2016","7.63","7.63","7.63","7.63","1.50K","0.13%"
"09/21/2016","7.62","7.63","7.63","7.48","5.01K","-0.52%"
"09/19/2016","7.66","7.60","7.67","7.60","9.94K","0.00%"
"09/18/2016","7.66","7.60","7.67","7.60","3.73K","0.79%"
"09/15/2016","7.60","7.60","7.60","7.60","3.07K","0.13%"
"09/14/2016","7.59","7.60","7.60","7.60","0.34K","0.00%"
"09/07/2016","7.59","7.34","7.60","7.34","4.32K","1.07%"
"09/06/2016","7.51","7.67","7.67","7.50","15.37K","0.54%"
"09/05/2016","7.47","7.45","7.50","7.45","3.69K","1.63%"
"09/04/2016","7.35","7.47","7.47","7.47","0.01K","0.00%"
"09/01/2016","7.35","7.50","7.50","7.27","14.07K","-1.87%"
"08/31/2016","7.49","7.49","7.49","7.49","2.02K","-1.06%"
"08/30/2016","7.57","7.73","7.73","7.57","7.89K","0.00%"
"08/29/2016","7.57","7.73","7.73","7.40","19.80K","-1.30%"
"08/28/2016","7.67","7.67","7.67","7.67","6.90K","0.13%"
"08/25/2016","7.66","7.70","7.70","7.47","2.29K","2.96%"
"08/23/2016","7.44","7.80","7.80","7.73","1.21K","0.00%"
"08/22/2016","7.44","7.40","7.70","7.40","8.08K","0.40%"
"08/21/2016","7.41","7.48","7.48","7.34","2.02K","-0.94%"
"08/18/2016","7.48","7.34","7.34","7.34","1.35K","0.00%"
"08/17/2016","7.48","7.33","7.33","7.33","1.35K","0.00%"
"08/16/2016","7.48","7.49","7.50","7.34","6.13K","-0.66%"
"08/15/2016","7.53","7.53","7.53","7.53","5.56K","-0.26%"
"08/14/2016","7.55","7.57","7.57","7.53","17.65K","0.27%"
"08/11/2016","7.53","7.53","7.53","7.53","1.05K","0.00%"
"08/10/2016","7.53","7.53","7.53","7.53","1.08K","0.00%"
"08/09/2016","7.53","7.53","7.53","7.53","13.50K","-0.53%"
"08/07/2016","7.57","7.57","7.57","7.57","12.00K","0.53%"
"08/04/2016","7.53","7.48","7.57","7.48","16.20K","0.67%"
"08/03/2016","7.48","7.48","7.48","7.48","3.00K","-0.66%"
"08/02/2016","7.53","7.47","7.53","7.47","11.34K","0.00%"
"08/01/2016","7.53","7.48","7.48","7.47","0.88K","0.00%"
"07/28/2016","7.53","7.47","7.53","7.47","16.53K","0.53%"
"07/27/2016","7.49","7.48","7.67","7.44","6.45K","-1.45%"
"07/26/2016","7.60","7.60","7.60","7.60","12.00K","0.26%"
"07/25/2016","7.58","7.47","7.60","7.47","15.70K","0.66%"
"07/24/2016","7.53","7.60","7.60","7.47","32.52K","-0.92%"
"07/21/2016","7.60","7.60","7.60","7.60","33.30K","0.00%"
"07/19/2016","7.60","7.60","7.60","7.60","15.00K","0.93%"
"07/18/2016","7.53","7.53","7.53","7.53","26.59K","1.76%"
"07/17/2016","7.40","7.40","7.40","7.40","10.50K","-0.80%"
"07/14/2016","7.46","7.35","7.35","7.35","0.60K","0.00%"
"07/13/2016","7.46","7.47","7.47","7.35","45.75K","1.08%"
"07/12/2016","7.38","7.38","7.38","7.38","1.53K","-2.12%"
"07/11/2016","7.54","7.87","7.87","7.34","5.28K","-4.68%"
"07/10/2016","7.91","7.91","7.91","7.91","3.75K","7.91%"
"07/04/2016","7.33","7.33","7.33","7.33","0.79K","0.00%"
"07/03/2016","7.33","7.25","7.25","7.25","1.38K","0.00%"
"06/29/2016","7.33","7.33","7.33","7.33","14.25K","0.69%"
"06/28/2016","7.28","7.28","7.28","7.27","2.01K","-0.55%"
"06/26/2016","7.32","7.34","7.34","7.28","21.43K","-1.08%"
"06/23/2016","7.40","7.40","7.40","7.40","3.67K","0.00%"
"06/21/2016","7.40","7.40","7.40","7.40","3.10K","-1.07%"
"06/20/2016","7.48","7.47","7.63","7.40","14.64K","1.08%"
"06/19/2016","7.40","7.40","7.40","7.40","3.00K","0.95%"
"06/16/2016","7.33","7.33","7.33","7.33","1.24K","0.00%"
"06/15/2016","7.33","7.31","7.31","7.31","0.21K","0.00%"
"06/14/2016","7.33","7.33","7.33","7.30","2.64K","0.00%"
"06/13/2016","7.33","7.33","7.33","7.33","15.07K","0.00%"
"06/12/2016","7.33","7.34","7.34","7.33","11.44K","0.00%"
"06/07/2016","7.33","7.34","7.34","7.33","1.87K","0.14%"
"06/06/2016","7.32","7.40","7.40","7.40","0.90K","0.00%"
"06/05/2016","7.32","7.34","7.34","7.33","1.02K","0.00%"
"06/01/2016","7.32","7.33","7.33","7.27","16.09K","-1.08%"
"05/31/2016","7.40","7.33","7.33","7.33","0.01K","0.00%"
"05/30/2016","7.40","7.33","7.47","7.30","10.38K","0.82%"
"05/26/2016","7.34","7.46","7.46","7.33","10.20K","-2.39%"
"05/25/2016","7.52","7.53","7.53","7.47","6.94K","4.30%"
"05/24/2016","7.21","7.20","7.33","7.20","5.70K","2.85%"
"05/23/2016","7.01","7.07","7.07","6.87","8.82K","-2.77%"
"05/22/2016","7.21","7.14","7.14","7.14","1.12K","0.00%"
"05/19/2016","7.21","7.04","7.27","7.04","11.68K","1.55%"
"05/18/2016","7.10","7.26","7.26","7.04","5.41K","-4.05%"
"05/12/2016","7.40","7.40","7.40","7.40","7.05K","0.00%"
"05/11/2016","7.40","7.40","7.40","7.40","7.50K","1.51%"
"05/09/2016","7.29","7.33","7.33","7.33","1.65K","-0.68%"
"05/08/2016","7.34","7.34","7.40","7.33","11.02K","-1.21%"
"05/05/2016","7.43","7.47","7.47","7.34","38.07K","-0.67%"
"05/04/2016","7.48","7.50","7.60","7.47","18.31K","-0.27%"
"05/03/2016","7.50","7.50","7.50","7.50","10.98K","-0.66%"
"04/28/2016","7.55","7.57","7.58","7.53","12.49K","-0.79%"
"04/27/2016","7.61","7.61","7.61","7.60","36.81K","-1.68%"
"04/26/2016","7.74","7.78","7.78","7.60","1.18K","0.00%"
"04/24/2016","7.74","7.73","7.86","7.73","3.15K","2.79%"
"04/21/2016","7.53","7.53","7.53","7.53","5.25K","-0.26%"
"04/20/2016","7.55","7.83","7.83","7.53","20.46K","-0.79%"
"04/19/2016","7.61","7.67","7.86","7.47","22.33K","-0.78%"
"04/18/2016","7.67","7.67","7.67","7.67","2.38K","-1.41%"
"04/14/2016","7.78","7.70","7.86","7.70","3.96K","3.18%"
"04/13/2016","7.54","7.57","7.57","7.50","7.74K","-0.79%"
"04/12/2016","7.60","7.60","7.60","7.60","15.00K","1.33%"
"04/11/2016","7.50","7.50","7.50","7.50","5.59K","-2.22%"
"04/10/2016","7.67","7.60","7.70","7.60","0.36K","0.00%"
"04/07/2016","7.67","7.67","7.67","7.67","7.50K","0.66%"
"04/06/2016","7.62","7.67","7.67","7.53","11.25K","-0.78%"
"04/05/2016","7.68","7.73","7.73","7.60","12.49K","-0.65%"
"04/03/2016","7.73","7.73","7.73","7.73","15.00K","-0.39%"
"03/31/2016","7.76","7.79","7.79","7.73","15.09K","-1.02%"
"03/30/2016","7.84","7.48","7.48","7.33","0.70K","0.00%"
"03/29/2016","7.84","7.67","7.67","7.62","0.75K","0.00%"
"03/28/2016","7.84","7.87","7.87","7.48","30.73K","2.22%"
"03/27/2016","7.67","7.87","7.87","7.87","0.42K","0.00%"
"03/24/2016","7.67","7.67","7.67","7.67","1.83K","-3.16%"
"03/23/2016","7.92","7.93","7.94","7.73","258.52K","0.25%"
"03/21/2016","7.90","7.93","7.93","7.83","4.83K","-0.38%"
"03/20/2016","7.93","7.93","8.13","7.80","31.38K","-0.50%"
"03/17/2016","7.97","8.01","8.01","7.87","57.00K","-1.24%"
"03/16/2016","8.07","8.07","8.07","8.07","15.00K","-0.12%"
"03/15/2016","8.08","8.13","8.13","8.07","14.76K","-0.74%"
"03/14/2016","8.14","8.27","8.27","8.13","10.39K","-0.25%"
"03/10/2016","8.16","8.00","8.33","8.00","7.72K","-0.97%"
"03/09/2016","8.24","8.27","8.27","8.20","24.28K","-0.84%"
"03/08/2016","8.31","8.33","8.33","8.20","9.33K","-0.24%"
"03/07/2016","8.33","8.33","8.33","8.20","15.30K","2.33%"
"03/06/2016","8.14","8.34","8.34","8.00","3.19K","-2.98%"
"03/03/2016","8.39","8.40","8.40","8.35","10.98K","0.12%"
"03/01/2016","8.38","8.34","8.53","8.34","1.80K","0.00%"
"02/25/2016","8.38","8.47","8.47","8.33","3.07K","-1.76%"
"02/23/2016","8.53","8.50","8.53","8.47","8.47K","0.71%"
"02/16/2016","8.47","8.47","8.47","8.47","10.27K","0.83%"
"02/11/2016","8.40","8.47","8.47","8.40","5.56K","-0.24%"
"02/10/2016","8.42","8.47","8.47","8.40","7.09K","-1.98%"
"02/09/2016","8.59","8.33","8.99","8.33","10.57K","-4.56%"
"02/08/2016","9.00","8.60","8.60","8.33","1.36K","0.00%"
"02/07/2016","9.00","9.00","9.00","9.00","7.50K","7.14%"
"02/04/2016","8.40","8.35","8.40","8.34","14.19K","-0.71%"
"02/03/2016","8.46","8.40","8.40","8.40","0.75K","0.00%"
"02/02/2016","8.46","8.53","8.53","8.41","1.72K","-6.52%"
"02/01/2016","9.05","9.13","9.13","8.93","10.65K","-2.58%"
"01/28/2016","9.29","9.33","9.33","9.13","12.43K","-0.43%"
"01/27/2016","9.33","9.13","9.40","9.13","7.65K","-0.74%"
"01/24/2016","9.40","9.40","9.40","9.40","0.90K","0.00%"
"01/21/2016","9.40","9.40","9.40","9.40","1.50K","0.21%"
"01/20/2016","9.38","9.33","9.40","9.33","22.39K","-0.21%"
"01/19/2016","9.40","9.40","9.40","9.40","22.50K","0.75%"
"01/18/2016","9.33","9.00","9.00","9.00","0.97K","0.00%"
"01/17/2016","9.33","9.20","9.20","9.20","1.42K","0.00%"
"01/14/2016","9.33","9.33","9.33","9.33","42.00K","0.00%"
"01/13/2016","9.33","9.33","9.50","9.33","39.37K","0.00%"
"01/12/2016","9.33","9.33","9.33","9.33","3.33K","-1.06%"
"01/11/2016","9.43","9.43","9.43","9.43","8.89K","0.32%"
"01/10/2016","9.40","9.44","9.44","9.33","4.41K","-0.42%"
"01/06/2016","9.44","9.44","9.44","9.44","0.55K","0.00%"
"01/05/2016","9.44","9.47","9.47","9.40","2.25K","0.75%"
"01/04/2016","9.37","9.37","9.37","9.37","1.87K","-0.43%"