"Date","Price","Open","High","Low","Vol.","Change %"
"2026/04/07","11,210","11,111","11,318","11,076","131.96K","-0.84%"
"2026/04/02","11,305","11,020","11,394","11,020","120.58K","-1.79%"
"2026/04/01","11,511","11,506","11,577","11,377","172.22K","0.72%"
"2026/03/31","11,429","11,267","11,696","11,267","184.37K","-1.64%"
"2026/03/30","11,619","11,546","11,748","11,540","278.88K","0.26%"
"2026/03/27","11,589","11,665","11,665","11,485","175.53K","-0.30%"
"2026/03/26","11,624","11,555","11,660","11,471","200.43K","0.87%"
"2026/03/25","11,524","11,440","11,524","11,260","539.01K","1.53%"
"2026/03/24","11,350","11,164","11,390","11,073","395.21K","0.58%"
"2026/03/23","11,285","11,289","11,443","11,151","541.12K","0.29%"
"2026/03/20","11,252","11,316","11,501","11,252","331.55K","-0.38%"
"2026/03/19","11,295","11,393","11,393","11,126","419.37K","0.25%"
"2026/03/18","11,267","11,111","11,404","11,111","256.53K","0.97%"
"2026/03/17","11,159","10,841","11,235","10,841","135.49K","0.35%"
"2026/03/16","11,120","10,797","11,148","10,797","435.72K","3.00%"
"2026/03/13","10,796","10,950","11,208","10,694","206.37K","-1.21%"
"2026/03/12","10,928","10,998","11,054","10,783","335.84K","-0.42%"
"2026/03/11","10,974","11,234","11,234","10,796","184.04K","-0.02%"
"2026/03/10","10,976","10,887","11,041","10,720","217.99K","1.74%"
"2026/03/09","10,788","10,880","10,897","10,635","403.33K","-1.75%"
"2026/03/06","10,980","11,185","11,320","10,948","267.74K","-2.53%"
"2026/03/05","11,265","11,013","11,431","10,960","252.12K","2.38%"
"2026/03/04","11,003","10,600","11,019","10,600","400.69K","1.32%"
"2026/03/03","10,860","11,235","11,235","10,815","521.36K","-2.88%"
"2026/03/02","11,182","10,899","11,182","10,744","299.31K","1.93%"
"2026/02/27","10,970","10,211","11,041","10,211","534.95K","2.43%"
"2026/02/26","10,710","10,500","10,737","10,422","417.43K","3.45%"
"2026/02/25","10,353","10,188","10,353","9,832","523.29K","2.48%"
"2026/02/24","10,102","10,087","10,189","9,999","195.64K","-0.92%"
"2026/02/23","10,196","9,965","10,234","9,965","267.30K","2.05%"
"2026/02/20","9,991","10,100","10,204","9,954","298.36K","-1.18%"
"2026/02/19","10,110","10,483","10,490","10,110","245.96K","-3.61%"
"2026/02/18","10,489","10,600","10,600","10,361","119.36K","-0.83%"
"2026/02/17","10,577","10,469","10,697","10,373","214.65K","1.17%"
"2026/02/16","10,455","10,080","10,531","9,769","703.77K","8.19%"
"2026/02/13","9,664","9,652","9,664","9,573","327.87K","-0.37%"
"2026/02/12","9,700","9,891","9,891","9,623","411.15K","-0.67%"
"2026/02/11","9,765","9,730","9,765","9,684","461.87K","0.26%"
"2026/02/10","9,740","9,699","9,844","9,646","615.07K","0.93%"
"2026/02/09","9,650","9,596","9,678","9,575","329.98K","0.80%"
"2026/02/06","9,573","9,240","9,657","9,240","491.36K","0.14%"
"2026/02/05","9,560","9,750","9,750","9,548","447.86K","-0.31%"
"2026/02/04","9,590","9,561","9,767","9,561","491.21K","-0.62%"
"2026/02/03","9,650","9,700","9,715","9,558","273.48K","0.00%"
"2026/02/02","9,650","9,500","9,660","9,244","236.27K","1.49%"
"2026/01/30","9,508","9,750","9,750","9,508","445.27K","-1.75%"
"2026/01/29","9,677","9,700","9,752","9,599","171.70K","0.03%"
"2026/01/28","9,674","9,667","9,696","9,545","150.20K","0.04%"
"2026/01/27","9,670","9,654","9,806","9,532","463.19K","-0.03%"
"2026/01/26","9,673","9,976","9,976","9,597","348.62K","0.14%"
"2026/01/23","9,659","9,976","9,976","9,595","188.90K","-3.16%"
"2026/01/22","9,974","9,702","9,974","9,640","414.75K","4.22%"
"2026/01/21","9,570","9,303","9,587","9,303","369.88K","0.77%"
"2026/01/20","9,497","9,702","9,702","9,367","143.62K","1.36%"
"2026/01/19","9,370","9,276","9,443","9,220","174.97K","0.50%"
"2026/01/16","9,323","9,701","9,701","9,323","573.48K","-1.34%"
"2026/01/15","9,450","9,580","9,621","9,430","720.63K","-0.22%"
"2026/01/14","9,471","9,360","9,578","9,315","367.57K","1.10%"
"2026/01/13","9,368","9,580","9,580","9,257","375.99K","0.16%"
"2026/01/12","9,353","9,499","9,550","9,345","176.61K","-1.65%"
"2026/01/09","9,510","9,115","9,559","9,115","412.73K","2.70%"
"2026/01/08","9,260","9,317","9,317","9,160","95.74K","-0.02%"
"2026/01/07","9,262","9,408","9,420","9,217","115.38K","-1.05%"
"2026/01/06","9,360","8,940","9,420","8,940","371.31K","3.21%"
"2026/01/05","9,069","9,122","9,296","9,015","208.20K","-0.01%"
"2026/01/02","9,070","8,775","9,070","8,775","378.76K","1.55%"
"2025/12/31","8,932","8,983","8,985","8,912","144.04K","-0.42%"
"2025/12/30","8,970","9,039","9,039","8,931","529.90K","0.62%"
"2025/12/29","8,915","9,040","9,040","8,864","420.91K","-0.39%"
"2025/12/24","8,950","8,850","9,015","8,813","240.97K","0.91%"
"2025/12/23","8,869","8,826","8,895","8,750","394.02K","0.44%"
"2025/12/22","8,830","8,778","8,888","8,699","267.35K","1.33%"
"2025/12/19","8,714","8,776","8,817","8,702","697.45K","-0.85%"
"2025/12/18","8,789","8,915","8,915","8,711","162.42K","1.08%"
"2025/12/17","8,695","8,921","8,921","8,622","208.45K","0.08%"
"2025/12/15","8,688","8,740","8,840","8,688","134.70K","0.06%"
"2025/12/12","8,683","8,661","8,779","8,620","305.20K","1.26%"
"2025/12/11","8,575","8,698","8,699","8,521","400.48K","-1.56%"
"2025/12/10","8,711","8,654","8,725","8,654","109.54K","0.11%"
"2025/12/09","8,701","8,749","8,773","8,639","213.55K","-0.85%"
"2025/12/08","8,776","8,771","8,835","8,749","220.43K","-0.27%"
"2025/12/05","8,800","8,818","8,870","8,736","243.48K","0.11%"
"2025/12/04","8,790","8,778","8,890","8,751","333.41K","-0.11%"
"2025/12/03","8,800","8,843","8,864","8,780","457.30K","0.36%"
"2025/12/02","8,768","8,847","8,864","8,726","353.17K","-0.70%"
"2025/12/01","8,830","8,766","8,834","8,701","75.27K","0.03%"
"2025/11/28","8,827","8,775","8,868","8,738","243.37K","-0.24%"
"2025/11/27","8,848","8,998","9,038","8,848","91.17K","-1.04%"
"2025/11/26","8,941","8,872","8,954","8,790","190.79K","1.60%"
"2025/11/25","8,800","8,749","8,825","8,598","382.53K","0.00%"
"2025/11/24","8,800","8,695","8,825","8,679","424.13K","1.58%"
"2025/11/21","8,663","8,673","8,758","8,586","354.94K","-0.84%"
"2025/11/20","8,736","8,788","8,841","8,668","371.91K","0.65%"
"2025/11/19","8,680","8,711","8,777","8,653","467.63K","0.07%"
"2025/11/18","8,674","8,770","8,783","8,664","120.72K","-1.42%"
"2025/11/17","8,799","8,668","8,830","8,651","193.65K","1.16%"
"2025/11/14","8,698","8,800","8,801","8,640","199.35K","-0.88%"
"2025/11/13","8,775","8,790","8,822","8,763","259.77K","-0.40%"
"2025/11/12","8,810","8,850","8,944","8,800","336.10K","-0.55%"
"2025/11/11","8,859","8,894","9,048","8,859","130.37K","0.21%"
"2025/11/10","8,840","8,820","8,892","8,797","29.15K","0.41%"
"2025/11/07","8,804","8,898","8,898","8,800","269.43K","-0.99%"
"2025/11/06","8,892","9,015","9,015","8,797","52.42K","-0.38%"
"2025/11/05","8,926","8,766","8,926","8,750","139.68K","0.88%"
"2025/11/04","8,848","8,910","8,959","8,695","229.39K","-0.80%"
"2025/11/03","8,919","9,007","9,008","8,890","75.35K","-0.34%"
"2025/10/31","8,949","8,881","8,999","8,880","143.42K","-0.30%"
"2025/10/30","8,976","8,860","8,976","8,842","178.67K","0.93%"
"2025/10/29","8,893","8,849","8,941","8,849","55.28K","-0.63%"
"2025/10/28","8,949","8,948","8,998","8,834","243.57K","0.58%"
"2025/10/27","8,897","8,890","8,976","8,842","74.61K","0.12%"
"2025/10/24","8,886","8,856","9,020","8,800","351.77K","-0.25%"
"2025/10/23","8,908","8,848","8,915","8,816","71.05K","0.09%"
"2025/10/22","8,900","8,839","8,950","8,800","109.53K","0.41%"
"2025/10/21","8,864","8,827","9,000","8,800","265.13K","-0.15%"
"2025/10/20","8,877","8,821","9,061","8,800","179.10K","0.29%"
"2025/10/17","8,851","8,726","9,000","8,725","187.26K","1.18%"
"2025/10/16","8,748","9,100","9,100","8,658","896.62K","-0.59%"
"2025/10/15","8,800","9,767","9,767","8,750","978.01K","-8.80%"
"2025/10/14","9,649","9,643","9,710","9,578","126.86K","-0.51%"
"2025/10/13","9,698","9,597","9,786","9,548","93.19K","0.47%"
"2025/10/10","9,653","9,642","9,796","9,642","82.71K","-0.36%"
"2025/10/09","9,688","9,420","9,888","9,420","172.84K","0.02%"
"2025/10/08","9,686","9,602","9,750","9,590","64.37K","0.90%"
"2025/10/07","9,600","9,663","9,663","9,519","94.08K","0.67%"
"2025/10/06","9,536","9,612","9,646","9,465","215.60K","-0.79%"
"2025/10/03","9,612","9,515","9,674","9,515","148.61K","0.38%"
"2025/10/02","9,576","9,570","9,760","9,491","254.07K","0.06%"
"2025/10/01","9,570","9,700","9,815","9,501","123.33K","-1.48%"
"2025/09/30","9,714","9,500","9,813","9,424","147.98K","2.46%"
"2025/09/29","9,481","9,535","9,599","9,463","516.94K","-0.35%"
"2025/09/26","9,514","9,432","9,637","9,424","481.61K","0.30%"
"2025/09/25","9,486","9,600","9,757","9,434","150.49K","-2.03%"
"2025/09/23","9,683","10,001","10,150","9,683","720.31K","-4.13%"
"2025/09/22","10,100","10,273","10,279","10,100","91.92K","-2.10%"
"2025/09/19","10,317","10,427","10,489","10,181","285.31K","-1.13%"
"2025/09/18","10,435","10,649","10,649","10,267","65.24K","-1.95%"
"2025/09/17","10,643","10,378","10,679","10,378","119.98K","1.20%"
"2025/09/16","10,517","10,710","10,710","10,372","167.32K","0.36%"
"2025/09/15","10,479","10,629","10,668","10,335","163.78K","-0.94%"
"2025/09/12","10,578","10,115","10,690","10,115","260.12K","-0.84%"
"2025/09/11","10,668","10,393","10,672","10,336","205.15K","2.14%"
"2025/09/10","10,444","10,439","10,483","10,150","176.53K","0.13%"
"2025/09/09","10,430","10,568","10,580","10,344","147.77K","-1.33%"
"2025/09/08","10,571","10,600","10,600","10,465","81.01K","1.14%"
"2025/09/05","10,452","10,476","10,552","10,410","49.82K","-0.26%"
"2025/09/04","10,479","10,899","10,899","10,477","107.70K","-1.14%"
"2025/09/03","10,600","10,615","10,748","10,543","100.71K","-1.05%"
"2025/09/02","10,713","10,899","10,899","10,600","125.44K","-0.38%"
"2025/09/01","10,754","10,754","10,850","10,600","195.99K","0.00%"
"2025/08/29","10,754","10,785","10,829","10,624","276.30K","0.55%"
"2025/08/28","10,695","10,645","10,760","10,620","137.31K","0.47%"
"2025/08/27","10,645","10,732","10,940","10,601","140.61K","-1.57%"
"2025/08/26","10,815","10,908","10,908","10,551","145.97K","-0.87%"
"2025/08/25","10,910","10,933","11,000","10,750","83.79K","0.45%"
"2025/08/22","10,861","10,699","10,891","10,696","159.06K","1.54%"
"2025/08/21","10,696","10,839","10,907","10,696","86.57K","-0.70%"
"2025/08/20","10,771","10,818","10,818","10,645","297.11K","-0.05%"
"2025/08/19","10,776","10,807","10,994","10,776","131.18K","-0.37%"
"2025/08/18","10,816","10,847","10,876","10,733","174.19K","-0.52%"
"2025/08/15","10,873","10,899","11,047","10,561","199.42K","-0.57%"
"2025/08/14","10,935","11,025","11,050","10,922","177.02K","-0.58%"
"2025/08/13","10,999","10,999","11,040","10,928","350.77K","0.30%"
"2025/08/12","10,966","10,897","11,086","10,864","148.63K","1.47%"
"2025/08/11","10,807","10,904","11,024","10,745","194.14K","-1.08%"
"2025/08/08","10,925","10,815","11,084","10,747","265.04K","0.87%"
"2025/08/07","10,831","10,841","11,041","10,831","486.89K","-0.83%"
"2025/08/06","10,922","10,922","11,000","10,840","153.98K","0.27%"
"2025/08/05","10,893","10,600","10,944","10,600","163.97K","0.00%"
"2025/08/04","10,893","10,704","10,904","10,704","137.31K","1.03%"
"2025/08/01","10,782","10,936","10,936","10,713","191.87K","-1.49%"
"2025/07/31","10,945","10,855","11,000","10,723","434.02K","0.46%"
"2025/07/30","10,895","11,002","11,025","10,813","123.46K","0.10%"
"2025/07/29","10,884","11,037","11,159","10,877","335.37K","-1.05%"
"2025/07/28","11,000","10,818","11,051","10,798","352.98K","1.85%"
"2025/07/25","10,800","10,818","10,875","10,747","221.70K","-0.85%"
"2025/07/24","10,893","10,685","10,950","10,685","309.11K","-0.06%"
"2025/07/23","10,900","10,605","11,015","10,480","669.56K","4.35%"
"2025/07/22","10,446","10,361","10,532","10,341","210.00K","0.78%"
"2025/07/21","10,365","10,341","10,481","10,313","177.41K","0.00%"
"2025/07/18","10,365","10,001","10,498","10,001","220.99K","0.34%"
"2025/07/17","10,330","9,750","10,445","9,750","543.44K","5.54%"
"2025/07/16","9,788","9,840","9,905","9,719","269.44K","0.12%"
"2025/07/15","9,776","9,745","9,813","9,743","56.58K","0.05%"
"2025/07/14","9,771","9,950","10,013","9,684","189.74K","-2.01%"
"2025/07/11","9,971","10,004","10,040","9,851","246.18K","-0.84%"
"2025/07/10","10,055","10,022","10,152","9,949","482.07K","0.15%"
"2025/07/09","10,040","10,186","10,491","9,936","727.01K","-1.08%"
"2025/07/08","10,150","10,156","10,255","10,108","337.05K","0.00%"
"2025/07/07","10,150","10,090","10,191","10,050","466.11K","-0.07%"
"2025/07/04","10,157","10,212","10,212","10,036","284.49K","-1.16%"
"2025/07/03","10,276","9,982","10,485","9,939","389.32K","2.63%"
"2025/07/02","10,013","10,049","10,201","9,983","294.03K","-0.69%"
"2025/07/01","10,083","10,599","10,599","9,820","1.03M","-4.87%"
"2025/06/30","10,599","10,542","10,695","10,269","433.01K","0.84%"
"2025/06/27","10,511","10,409","10,511","10,303","709.87K","1.07%"
"2025/06/26","10,400","10,375","10,445","10,263","582.44K","0.70%"
"2025/06/25","10,328","10,500","10,552","10,303","232.09K","-1.46%"
"2025/06/24","10,481","10,399","10,481","10,343","222.35K","1.62%"
"2025/06/23","10,314","10,300","10,386","10,137","181.14K","-0.40%"
"2025/06/20","10,355","10,396","10,450","10,342","283.04K","-0.43%"
"2025/06/19","10,400","10,414","10,631","10,399","85.96K","-0.18%"
"2025/06/18","10,419","10,362","10,488","10,276","256.49K","0.54%"
"2025/06/17","10,363","10,297","10,505","10,297","266.80K","-0.17%"
"2025/06/13","10,381","10,670","10,670","10,297","249.17K","-2.81%"
"2025/06/12","10,681","10,639","10,704","10,300","189.79K","0.50%"
"2025/06/11","10,628","10,622","10,668","10,439","54.80K","-0.08%"
"2025/06/10","10,636","10,435","10,700","10,403","223.68K","2.63%"
"2025/06/09","10,363","10,261","10,438","10,007","83.11K","1.21%"
"2025/06/06","10,239","10,298","10,301","10,238","69.46K","-0.34%"
"2025/06/05","10,274","10,212","10,328","10,172","102.42K","0.75%"
"2025/06/04","10,198","10,203","10,250","10,114","431.64K","0.47%"
"2025/06/03","10,150","10,113","10,386","10,105","104.60K","0.35%"
"2025/06/02","10,115","10,336","10,351","10,060","224.23K","-2.13%"
"2025/05/30","10,335","10,338","10,392","10,295","501.72K","0.09%"
"2025/05/29","10,326","10,452","10,453","10,252","1.02M","-1.13%"
"2025/05/28","10,444","10,417","10,513","10,417","88.09K","0.26%"
"2025/05/27","10,417","10,100","10,420","10,100","64.26K","0.73%"
"2025/05/26","10,342","10,400","10,400","10,294","96.85K","0.80%"
"2025/05/23","10,260","10,227","10,300","10,173","102.96K","0.59%"
"2025/05/22","10,200","10,201","10,297","10,051","133.53K","-0.04%"
"2025/05/21","10,204","10,238","10,305","10,163","115.65K","-0.33%"
"2025/05/20","10,238","10,244","10,256","10,134","75.88K","0.67%"
"2025/05/19","10,170","10,165","10,228","10,027","102.66K","0.01%"
"2025/05/16","10,169","10,171","10,235","10,112","42.16K","0.49%"
"2025/05/15","10,119","9,900","10,330","9,900","64.34K","-1.42%"
"2025/05/14","10,265","10,400","10,400","10,204","127.33K","-0.31%"
"2025/05/13","10,297","10,195","10,341","10,195","212.37K","0.98%"
"2025/05/12","10,197","10,199","10,416","10,185","129.40K","0.18%"
"2025/05/09","10,179","10,100","10,306","10,100","81.70K","0.46%"
"2025/05/08","10,132","10,083","10,132","9,951","107.84K","1.27%"
"2025/05/07","10,005","9,920","10,009","9,865","102.15K","0.85%"
"2025/05/06","9,921","9,927","10,000","9,794","98.09K","-0.29%"
"2025/05/05","9,950","10,337","10,337","9,950","148.08K","-3.76%"
"2025/05/02","10,339","10,253","10,442","10,217","113.42K","1.21%"
"2025/04/30","10,215","10,149","10,316","10,108","269.69K","0.25%"
"2025/04/29","10,190","10,133","10,578","10,133","342.91K","1.00%"
"2025/04/25","10,089","9,994","10,089","9,950","265.35K","1.42%"
"2025/04/24","9,948","9,765","9,975","9,765","69.32K","1.87%"
"2025/04/23","9,765","9,670","9,861","9,670","149.53K","1.64%"
"2025/04/22","9,607","9,681","9,681","9,500","106.24K","0.67%"
"2025/04/17","9,543","9,620","9,640","9,473","72.60K","-0.80%"
"2025/04/16","9,620","9,588","9,681","9,538","122.22K","0.55%"
"2025/04/15","9,567","9,607","9,662","9,554","52.34K","-0.52%"
"2025/04/14","9,617","9,490","9,631","9,455","124.61K","2.31%"
"2025/04/11","9,400","9,081","9,554","9,081","321.04K","0.00%"
"2025/04/10","9,400","9,212","9,450","9,201","288.20K","4.44%"
"2025/04/09","9,000","8,864","9,125","8,839","306.37K","-3.10%"
"2025/04/08","9,288","9,061","9,412","9,016","306.06K","2.44%"
"2025/04/07","9,067","8,728","9,184","8,607","378.29K","0.30%"
"2025/04/04","9,040","9,255","9,273","9,040","367.63K","-3.06%"
"2025/04/03","9,325","9,500","9,500","9,081","410.05K","-2.67%"
"2025/04/02","9,581","9,848","9,933","9,545","95.12K","-3.01%"
"2025/04/01","9,878","9,759","9,891","9,759","95.65K","1.56%"
"2025/03/31","9,726","9,800","9,894","9,726","401.90K","-1.18%"
"2025/03/28","9,842","10,092","10,092","9,810","81.04K","-0.24%"
"2025/03/27","9,866","9,818","10,035","9,768","131.35K","0.10%"
"2025/03/26","9,856","9,801","9,862","9,752","63.50K","0.40%"
"2025/03/25","9,817","9,909","10,022","9,767","188.83K","0.55%"
"2025/03/24","9,763","10,035","10,035","9,731","108.73K","-2.24%"
"2025/03/20","9,987","9,950","10,134","9,945","278.98K","0.00%"
"2025/03/19","9,987","9,963","10,021","9,914","163.79K","0.69%"
"2025/03/18","9,919","10,041","10,056","9,885","157.69K","-0.95%"
"2025/03/17","10,014","9,800","10,116","9,765","154.23K","2.15%"
"2025/03/14","9,803","9,856","9,860","9,632","174.23K","-0.39%"
"2025/03/13","9,841","9,862","9,865","9,722","211.89K","0.04%"
"2025/03/12","9,837","9,763","9,887","9,646","210.22K","0.84%"
"2025/03/11","9,755","9,835","10,019","9,687","191.56K","-0.93%"
"2025/03/10","9,847","9,705","10,154","9,689","231.43K","2.13%"
"2025/03/07","9,642","9,576","9,736","9,500","179.92K","1.13%"
"2025/03/06","9,534","9,672","9,759","9,350","139.88K","-1.10%"
"2025/03/05","9,640","9,470","9,658","9,385","840.63K","1.66%"
"2025/03/04","9,483","9,474","9,513","9,429","896.04K","-0.18%"
"2025/03/03","9,500","9,501","9,618","9,442","752.84K","0.00%"
"2025/02/28","9,500","9,326","9,525","9,326","1.50M","1.69%"
"2025/02/27","9,342","9,655","9,673","9,300","1.10M","-2.31%"
"2025/02/26","9,563","8,904","9,650","8,845","954.13K","7.38%"
"2025/02/25","8,906","8,819","8,984","8,819","110.93K","-0.06%"
"2025/02/24","8,911","8,823","9,020","8,823","273.58K","1.26%"
"2025/02/21","8,800","8,893","8,893","8,665","280.27K","-0.34%"
"2025/02/20","8,830","8,318","8,862","8,204","1.06M","6.51%"
"2025/02/19","8,290","8,459","8,459","8,259","197.53K","-0.52%"
"2025/02/18","8,333","8,499","8,499","8,262","113.50K","0.02%"
"2025/02/17","8,331","8,498","8,498","8,278","237.13K","-1.43%"
"2025/02/14","8,452","8,414","8,456","8,339","132.82K","0.78%"
"2025/02/13","8,387","8,393","8,406","8,271","324.81K","0.99%"
"2025/02/12","8,305","8,252","8,328","8,213","214.83K","0.51%"
"2025/02/11","8,263","8,462","8,462","8,201","381.28K","-1.58%"
"2025/02/10","8,396","8,201","8,463","8,201","305.59K","1.62%"
"2025/02/07","8,262","8,421","8,526","8,232","316.29K","-1.99%"
"2025/02/06","8,430","8,499","8,499","8,229","217.42K","1.49%"
"2025/02/05","8,306","8,499","8,499","8,286","169.73K","-1.10%"
"2025/02/04","8,398","8,250","8,424","8,235","697.81K","2.38%"
"2025/02/03","8,203","8,399","8,399","8,170","434.83K","-1.19%"
"2025/01/31","8,302","8,341","8,497","8,288","221.48K","-2.06%"
"2025/01/30","8,477","8,351","8,546","8,351","161.05K","0.09%"
"2025/01/29","8,469","8,546","8,546","8,343","376.60K","-0.07%"
"2025/01/28","8,475","8,221","8,520","8,221","445.44K","0.90%"
"2025/01/27","8,399","8,311","8,399","8,221","686.95K","1.06%"
"2025/01/24","8,311","8,383","8,408","8,311","171.74K","-0.11%"
"2025/01/23","8,320","8,321","8,390","8,268","205.23K","-0.49%"
"2025/01/22","8,361","8,460","8,613","8,335","190.41K","-0.77%"
"2025/01/21","8,426","8,431","8,715","8,355","664.52K","0.31%"
"2025/01/20","8,400","8,329","8,425","8,201","1.14M","1.39%"
"2025/01/17","8,285","8,172","8,306","8,172","855.30K","1.16%"
"2025/01/16","8,190","8,310","8,332","8,073","232.60K","-1.34%"
"2025/01/15","8,301","8,255","8,347","8,132","373.88K","0.94%"
"2025/01/14","8,224","8,275","8,370","8,213","367.32K","-0.44%"
"2025/01/13","8,260","8,575","8,575","8,260","500.30K","-3.92%"
"2025/01/10","8,597","8,530","8,654","8,530","115.09K","0.79%"
"2025/01/09","8,530","8,541","8,575","8,465","200.40K","0.34%"
"2025/01/08","8,501","8,734","8,801","8,474","190.92K","-2.89%"
"2025/01/07","8,754","8,719","8,791","8,704","202.03K","0.39%"
"2025/01/06","8,720","8,750","8,794","8,680","406.62K","-0.34%"
"2025/01/03","8,750","8,740","8,786","8,695","273.75K","0.11%"
"2025/01/02","8,740","8,762","8,891","8,719","211.58K","-0.02%"
"2024/12/31","8,742","8,725","8,826","8,725","100.58K","0.96%"
"2024/12/30","8,659","8,650","8,842","8,576","220.92K","0.01%"
"2024/12/27","8,658","8,896","8,896","8,656","145.90K","-1.89%"
"2024/12/24","8,825","8,900","8,900","8,778","35.39K","-0.48%"
"2024/12/23","8,868","8,969","8,970","8,756","179.93K","-1.14%"
"2024/12/20","8,970","8,878","9,004","8,860","370.16K","0.68%"
"2024/12/19","8,909","8,993","9,000","8,860","331.70K","-1.00%"
"2024/12/18","8,999","8,984","9,074","8,951","311.79K","0.78%"
"2024/12/17","8,929","9,249","9,249","8,900","138.92K","-2.65%"
"2024/12/13","9,172","9,280","9,280","9,136","336.80K","-0.84%"
"2024/12/12","9,250","9,200","9,300","9,175","653.00K","1.10%"
"2024/12/11","9,149","9,136","9,240","9,092","196.79K","-0.04%"
"2024/12/10","9,153","9,150","9,250","9,101","63.88K","0.02%"
"2024/12/09","9,151","9,171","9,218","9,112","354.77K","-0.01%"
"2024/12/06","9,152","9,037","9,174","9,036","313.84K","0.57%"
"2024/12/05","9,100","9,141","9,177","9,092","213.41K","-0.43%"
"2024/12/04","9,139","9,063","9,221","9,040","134.05K","0.48%"
"2024/12/03","9,095","9,252","9,293","9,050","328.03K","-1.44%"
"2024/12/02","9,228","9,211","9,315","9,185","166.91K","0.20%"
"2024/11/29","9,210","9,284","9,284","9,173","233.59K","-0.15%"
"2024/11/28","9,224","9,360","9,399","9,211","128.72K","-0.90%"
"2024/11/27","9,308","9,381","9,397","9,301","158.30K","-1.24%"
"2024/11/26","9,425","9,254","9,425","9,221","92.33K","0.47%"
"2024/11/25","9,381","9,608","9,608","9,345","147.16K","-0.79%"
"2024/11/22","9,456","9,485","9,533","9,405","63.73K","0.55%"
"2024/11/21","9,404","9,490","9,490","9,366","71.61K","-0.77%"
"2024/11/20","9,477","9,315","9,477","9,253","93.28K","1.75%"
"2024/11/19","9,314","9,538","9,538","9,222","163.89K","-1.21%"
"2024/11/18","9,428","9,509","9,509","9,351","71.84K","0.37%"
"2024/11/15","9,393","9,405","9,444","9,315","129.44K","-0.33%"
"2024/11/14","9,424","9,401","9,596","9,285","130.61K","-0.49%"
"2024/11/13","9,470","9,601","9,601","9,470","187.69K","-0.82%"
"2024/11/12","9,548","9,749","9,749","9,500","260.64K","-1.33%"
"2024/11/11","9,677","9,797","9,797","9,628","137.71K","-0.64%"
"2024/11/08","9,739","9,897","9,897","9,690","68.25K","-0.20%"
"2024/11/07","9,759","9,740","9,831","9,651","62.33K","0.39%"
"2024/11/06","9,721","9,897","9,947","9,634","183.45K","-2.40%"
"2024/11/05","9,960","9,857","9,963","9,814","115.10K","0.91%"
"2024/11/04","9,870","9,829","9,946","9,705","369.86K","0.83%"
"2024/11/01","9,789","9,753","9,855","9,677","213.77K","1.00%"
"2024/10/31","9,692","9,710","9,727","9,610","256.74K","0.02%"
"2024/10/30","9,690","9,770","9,770","9,651","147.58K","-0.72%"
"2024/10/29","9,760","9,884","9,888","9,692","131.55K","-0.83%"
"2024/10/28","9,842","9,710","9,878","9,706","158.18K","1.57%"
"2024/10/25","9,690","9,689","9,693","9,593","173.59K","0.41%"
"2024/10/24","9,650","9,600","9,786","9,600","209.51K","0.46%"
"2024/10/23","9,606","9,722","9,722","9,558","225.53K","-0.59%"
"2024/10/22","9,663","9,846","9,846","9,663","176.97K","-1.59%"
"2024/10/21","9,819","10,000","10,000","9,750","239.85K","-1.02%"
"2024/10/18","9,920","9,800","10,000","9,800","150.86K","0.86%"
"2024/10/17","9,835","9,912","9,954","9,815","134.06K","-0.77%"
"2024/10/16","9,911","9,960","10,005","9,900","683.41K","-0.49%"
"2024/10/15","9,960","10,044","10,044","9,938","208.41K","-1.11%"
"2024/10/14","10,072","10,100","10,100","9,971","187.42K","0.51%"
"2024/10/11","10,021","10,092","10,144","10,008","228.34K","-0.78%"
"2024/10/10","10,100","9,957","10,105","9,944","869.80K","1.00%"
"2024/10/09","10,000","10,101","10,101","9,950","219.85K","-0.19%"
"2024/10/08","10,019","9,900","10,091","9,894","150.43K","0.05%"
"2024/10/07","10,014","10,150","10,150","9,999","319.33K","-1.34%"
"2024/10/04","10,150","10,063","10,215","10,008","241.15K","1.00%"
"2024/10/03","10,050","10,035","10,400","9,900","515.43K","-0.81%"
"2024/10/02","10,132","10,150","10,244","10,061","227.14K","-0.10%"
"2024/10/01","10,142","10,333","10,371","10,099","441.32K","-2.00%"
"2024/09/30","10,349","10,364","10,530","10,340","254.05K","0.06%"
"2024/09/27","10,343","10,282","10,429","10,282","184.88K","-0.20%"
"2024/09/26","10,364","10,414","10,466","10,249","316.72K","0.27%"
"2024/09/25","10,336","10,243","10,365","10,195","276.51K","1.95%"
"2024/09/23","10,138","10,150","10,262","10,117","348.03K","0.07%"
"2024/09/20","10,131","10,174","10,275","10,100","314.95K","-0.24%"
"2024/09/19","10,155","10,470","10,522","10,134","436.07K","-1.85%"
"2024/09/18","10,346","10,389","10,446","10,220","135.97K","-0.23%"
"2024/09/17","10,370","10,199","10,381","10,161","257.94K","1.41%"
"2024/09/16","10,226","10,139","10,325","10,118","123.77K","0.23%"
"2024/09/13","10,203","10,201","10,366","10,200","235.46K","-1.58%"
"2024/09/12","10,367","10,390","10,430","10,330","267.45K","0.09%"
"2024/09/11","10,358","10,369","10,472","10,358","276.31K","-0.65%"
"2024/09/10","10,426","10,329","10,478","10,329","363.80K","0.41%"
"2024/09/09","10,383","10,486","10,550","10,383","164.32K","-0.36%"
"2024/09/06","10,421","10,436","10,486","10,376","210.95K","-0.28%"
"2024/09/05","10,450","10,264","10,528","10,240","151.30K","0.51%"
"2024/09/04","10,397","10,368","10,500","10,271","379.85K","0.36%"
"2024/09/03","10,360","10,755","10,762","10,360","306.62K","-3.31%"
"2024/09/02","10,715","10,562","10,746","10,513","119.23K","1.08%"
"2024/08/30","10,600","10,702","10,706","10,525","915.34K","-0.47%"
"2024/08/29","10,650","10,635","10,766","10,634","277.42K","0.00%"
"2024/08/28","10,650","10,678","10,896","10,578","163.17K","-1.57%"
"2024/08/27","10,820","10,835","11,000","10,789","489.13K","-0.31%"
"2024/08/26","10,854","10,780","10,909","10,780","322.91K","-0.13%"
"2024/08/23","10,868","10,552","10,876","10,552","255.09K","2.05%"
"2024/08/22","10,650","10,707","10,786","10,620","301.29K","0.00%"
"2024/08/21","10,650","10,652","10,743","10,584","358.65K","-0.02%"
"2024/08/20","10,652","10,300","10,762","10,300","192.64K","0.00%"
"2024/08/19","10,652","10,628","10,801","10,500","361.86K","-0.45%"
"2024/08/16","10,700","10,647","10,762","10,600","219.77K","0.50%"
"2024/08/15","10,647","10,320","10,709","10,320","357.93K","2.38%"
"2024/08/14","10,400","10,270","10,458","10,270","215.21K","0.48%"
"2024/08/13","10,350","10,200","10,380","10,100","343.43K","0.93%"
"2024/08/12","10,255","10,464","10,464","10,096","518.82K","-0.92%"
"2024/08/08","10,350","10,400","10,489","10,227","366.04K","-1.27%"
"2024/08/07","10,483","10,231","10,625","10,230","344.58K","2.77%"
"2024/08/06","10,200","10,218","10,258","10,000","747.98K","-0.65%"
"2024/08/05","10,267","10,165","10,302","10,001","533.60K","-1.29%"
"2024/08/02","10,401","10,423","10,577","10,341","317.06K","0.12%"
"2024/08/01","10,389","10,630","10,746","10,389","538.15K","-2.28%"
"2024/07/31","10,631","10,050","10,800","10,002","593.15K","3.21%"
"2024/07/30","10,300","10,000","10,400","9,901","460.66K","-0.24%"
"2024/07/29","10,325","10,139","10,489","10,100","541.11K","2.23%"
"2024/07/26","10,100","9,849","10,165","9,800","241.99K","2.96%"
"2024/07/25","9,810","9,369","9,839","9,125","368.71K","3.26%"
"2024/07/24","9,500","10,495","10,715","9,132","890.45K","-10.34%"
"2024/07/23","10,595","10,587","10,655","10,532","139.31K","-0.52%"
"2024/07/22","10,650","10,878","10,878","10,569","94.35K","-0.37%"
"2024/07/19","10,690","10,529","10,690","10,500","53.98K","1.51%"
"2024/07/18","10,531","10,746","10,746","10,531","41.41K","-0.48%"
"2024/07/17","10,582","10,693","10,693","10,552","70.95K","-1.76%"
"2024/07/16","10,772","10,658","10,852","10,632","97.45K","0.28%"
"2024/07/15","10,742","10,767","10,843","10,660","169.92K","-0.54%"
"2024/07/12","10,800","10,600","10,884","10,600","79.65K","0.93%"
"2024/07/11","10,700","10,742","10,792","10,640","91.27K","-0.40%"
"2024/07/10","10,743","10,789","10,831","10,743","94.97K","-0.33%"
"2024/07/09","10,779","10,800","10,895","10,734","110.83K","-0.44%"
"2024/07/08","10,827","10,763","10,827","10,676","139.46K","0.74%"
"2024/07/05","10,747","11,136","11,142","10,709","107.86K","-3.18%"
"2024/07/04","11,100","11,000","11,219","10,949","324.85K","0.98%"
"2024/07/03","10,992","10,753","11,104","10,700","166.42K","1.78%"
"2024/07/02","10,800","10,853","10,859","10,700","481.50K","-0.91%"
"2024/07/01","10,899","10,825","10,985","10,730","377.89K","0.89%"
"2024/06/28","10,803","10,527","10,832","10,511","123.35K","2.68%"
"2024/06/27","10,521","10,300","10,582","10,300","670.08K","0.34%"
"2024/06/26","10,485","10,101","10,624","10,101","271.37K","-1.45%"
"2024/06/25","10,639","10,420","10,700","10,201","329.45K","1.02%"
"2024/06/24","10,532","10,409","10,574","10,390","219.00K","1.18%"
"2024/06/21","10,409","10,248","10,409","10,200","341.77K","2.05%"
"2024/06/20","10,200","10,218","10,250","10,197","53.14K","0.00%"
"2024/06/19","10,200","10,368","10,470","10,106","134.82K","-0.97%"
"2024/06/18","10,300","9,510","10,370","9,510","179.57K","6.28%"
"2024/06/14","9,691","9,692","9,717","9,462","90.21K","1.33%"
"2024/06/13","9,564","9,506","9,564","9,470","35.35K","0.15%"
"2024/06/12","9,550","9,506","9,600","9,468","36.16K","0.53%"
"2024/06/11","9,500","9,500","9,511","9,444","55.51K","0.05%"
"2024/06/10","9,495","9,416","9,495","9,398","70.70K","0.42%"
"2024/06/07","9,455","9,301","9,467","9,301","38.86K","0.05%"
"2024/06/06","9,450","9,500","9,500","9,414","59.33K","-0.53%"
"2024/06/05","9,500","9,604","9,604","9,440","161.69K","-1.08%"
"2024/06/04","9,604","9,608","9,718","9,050","188.94K","0.45%"
"2024/06/03","9,561","9,671","9,671","9,472","72.12K","-0.10%"
"2024/05/31","9,571","9,376","9,571","9,376","144.71K","1.54%"
"2024/05/30","9,426","9,700","9,700","9,360","158.85K","-3.46%"
"2024/05/28","9,764","9,620","9,800","9,620","54.57K","0.66%"
"2024/05/27","9,700","9,747","9,792","9,562","136.41K","-0.41%"
"2024/05/24","9,740","9,800","9,812","9,720","76.11K","-0.30%"
"2024/05/23","9,769","9,712","9,781","9,625","97.21K","0.23%"
"2024/05/22","9,747","9,637","9,766","9,637","23.48K","0.78%"
"2024/05/21","9,672","9,657","9,734","9,555","128.53K","0.45%"
"2024/05/20","9,629","9,611","9,726","9,570","205.82K","0.14%"
"2024/05/17","9,616","9,700","9,850","9,584","134.46K","-1.88%"
"2024/05/16","9,800","9,550","9,859","9,550","145.69K","2.05%"
"2024/05/15","9,603","9,709","9,709","9,595","82.49K","-0.64%"
"2024/05/14","9,665","9,589","9,685","9,513","111.94K","0.68%"
"2024/05/13","9,600","9,630","9,708","9,566","203.66K","0.28%"
"2024/05/10","9,573","9,379","9,573","9,379","157.14K","2.82%"
"2024/05/09","9,310","9,581","9,581","9,300","66.75K","-1.85%"
"2024/05/08","9,485","9,411","9,627","9,300","85.50K","-0.32%"
"2024/05/07","9,515","9,282","9,576","9,282","145.61K","2.31%"
"2024/05/06","9,300","9,210","9,482","9,210","86.10K","0.81%"
"2024/05/03","9,225","9,307","9,367","9,173","130.65K","-1.09%"
"2024/05/02","9,327","9,411","9,482","9,318","117.91K","-0.68%"
"2024/04/30","9,391","9,410","9,539","9,340","149.04K","-0.46%"
"2024/04/29","9,434","9,248","9,434","9,159","100.08K","1.57%"
"2024/04/26","9,288","9,229","9,345","9,130","123.24K","1.15%"
"2024/04/25","9,182","9,375","9,375","9,048","144.16K","-2.20%"
"2024/04/24","9,389","9,376","9,475","9,301","130.54K","-0.05%"
"2024/04/23","9,394","9,361","9,417","9,145","153.26K","1.67%"
"2024/04/22","9,240","9,313","9,499","9,191","105.56K","-0.61%"
"2024/04/19","9,297","9,071","9,325","9,023","190.43K","1.51%"
"2024/04/18","9,159","9,051","9,165","8,935","70.09K","1.38%"
"2024/04/17","9,034","9,147","9,147","8,992","166.50K","-1.40%"
"2024/04/16","9,162","9,101","9,200","8,972","119.31K","-0.10%"
"2024/04/15","9,171","9,256","9,323","9,095","97.04K","-0.13%"
"2024/04/12","9,183","9,161","9,272","8,988","248.96K","0.04%"
"2024/04/11","9,179","9,101","9,313","9,101","132.94K","-1.66%"
"2024/04/10","9,334","9,389","9,408","9,275","82.48K","-0.24%"
"2024/04/09","9,356","9,348","9,420","9,290","128.88K","0.44%"
"2024/04/08","9,315","9,211","9,412","9,211","90.30K","0.37%"
"2024/04/05","9,281","9,305","9,353","9,263","59.78K","-1.54%"
"2024/04/04","9,426","9,300","9,479","9,276","101.57K","1.56%"
"2024/04/03","9,281","9,300","9,349","9,206","188.57K","-0.84%"
"2024/04/02","9,360","9,346","9,547","9,321","148.84K","0.72%"
"2024/03/28","9,293","9,456","9,456","9,293","186.21K","-0.60%"
"2024/03/27","9,349","9,291","9,600","9,291","124.22K","-0.25%"
"2024/03/26","9,372","9,326","9,413","9,321","1.67M","1.47%"
"2024/03/25","9,236","9,175","9,270","9,156","49.93K","-0.58%"
"2024/03/22","9,290","9,000","9,395","9,000","128.90K","1.71%"
"2024/03/20","9,134","9,231","9,250","9,050","36.75K","-0.59%"
"2024/03/19","9,188","9,072","9,199","9,060","34.47K","0.94%"
"2024/03/18","9,102","9,100","9,386","9,086","176.89K","-0.96%"
"2024/03/15","9,190","9,419","9,419","9,053","187.13K","0.77%"
"2024/03/14","9,120","9,424","9,425","9,080","115.51K","-1.55%"
"2024/03/13","9,264","9,112","9,290","9,080","119.88K","1.68%"
"2024/03/12","9,111","9,387","9,434","9,104","89.43K","-2.56%"
"2024/03/11","9,350","9,450","9,450","9,296","62.67K","-1.06%"
"2024/03/08","9,450","9,201","9,583","9,201","125.44K","0.00%"
"2024/03/07","9,450","9,479","9,483","9,339","59.02K","0.35%"
"2024/03/06","9,417","9,401","9,500","9,371","74.79K","-0.30%"
"2024/03/05","9,445","9,503","9,598","9,425","159.88K","-0.69%"
"2024/03/04","9,511","9,701","9,701","9,491","106.14K","-2.13%"
"2024/03/01","9,718","9,691","9,718","9,643","148.00K","0.24%"
"2024/02/29","9,695","9,594","9,745","9,502","290.48K","2.59%"
"2024/02/28","9,450","9,350","9,617","9,300","108.44K","1.91%"
"2024/02/27","9,273","9,500","9,500","9,125","172.29K","-2.38%"
"2024/02/26","9,499","9,402","9,623","9,401","146.84K","-0.20%"
"2024/02/23","9,518","9,919","9,919","9,404","45.01K","-1.28%"
"2024/02/22","9,641","9,409","9,641","9,400","97.05K","2.06%"
"2024/02/21","9,446","9,500","9,513","9,405","155.42K","-0.57%"
"2024/02/20","9,500","9,506","9,537","9,484","94.72K","-0.51%"
"2024/02/19","9,549","9,601","9,618","9,484","52.85K","-0.65%"
"2024/02/16","9,611","9,501","9,663","9,501","97.25K","1.30%"
"2024/02/15","9,488","9,778","9,778","9,488","103.57K","-1.88%"
"2024/02/14","9,670","9,494","9,670","9,494","31.04K","1.81%"
"2024/02/13","9,498","9,530","9,547","9,454","122.30K","0.06%"
"2024/02/12","9,492","9,646","9,646","9,477","115.83K","-1.73%"
"2024/02/09","9,659","9,841","9,900","9,601","72.86K","-1.10%"
"2024/02/08","9,766","9,900","9,902","9,715","45.00K","-1.27%"
"2024/02/07","9,892","9,750","9,925","9,725","118.84K","0.53%"
"2024/02/06","9,840","9,913","9,915","9,813","225.98K","-0.74%"
"2024/02/05","9,913","9,813","10,060","9,800","95.65K","1.15%"
"2024/02/02","9,800","10,200","10,299","9,800","343.82K","-3.56%"
"2024/02/01","10,162","10,050","10,184","9,927","202.59K","0.34%"
"2024/01/31","10,128","10,486","10,486","10,070","151.98K","-1.34%"
"2024/01/30","10,266","10,160","10,266","10,148","55.55K","0.32%"
"2024/01/29","10,233","10,031","10,316","9,999","140.79K","-0.64%"
"2024/01/26","10,299","10,319","10,370","10,243","124.98K","-1.04%"
"2024/01/25","10,407","10,506","10,650","10,316","40.40K","-1.54%"
"2024/01/24","10,570","10,659","10,659","10,500","24.89K","-0.78%"
"2024/01/23","10,653","10,693","10,796","10,582","11.41K","-0.78%"
"2024/01/22","10,737","10,690","11,033","10,458","60.74K","1.34%"
"2024/01/19","10,595","10,927","10,927","10,448","112.47K","-1.82%"
"2024/01/18","10,791","10,520","11,251","10,288","353.01K","3.90%"
"2024/01/17","10,386","10,447","10,659","10,199","77.90K","-0.40%"
"2024/01/16","10,428","10,566","10,646","10,425","28.71K","-1.59%"
"2024/01/15","10,597","10,631","10,631","10,451","55.99K","0.46%"
"2024/01/12","10,549","10,530","10,602","10,415","172.97K","0.20%"
"2024/01/11","10,528","10,639","10,700","10,450","65.66K","-0.71%"
"2024/01/10","10,603","10,650","10,899","10,536","58.12K","-2.23%"
"2024/01/09","10,845","10,861","10,893","10,749","39.90K","0.18%"
"2024/01/08","10,825","10,800","10,887","10,708","67.56K","-0.17%"
"2024/01/05","10,843","10,863","10,887","10,597","90.38K","0.61%"
"2024/01/04","10,777","10,721","10,906","10,621","78.37K","1.21%"
"2024/01/03","10,648","10,715","10,725","10,557","67.45K","-0.45%"
"2024/01/02","10,696","10,835","10,908","10,579","89.48K","-2.49%"
"2023/12/29","10,969","10,858","10,985","10,858","50.06K","0.35%"
"2023/12/28","10,931","10,947","10,950","10,843","37.06K","0.27%"
"2023/12/27","10,902","10,950","10,950","10,842","82.55K","-0.47%"
"2023/12/22","10,954","10,900","10,972","10,851","36.23K","1.57%"
"2023/12/21","10,785","10,710","10,792","10,545","109.13K","1.60%"
"2023/12/20","10,615","10,425","10,621","10,299","125.75K","1.56%"
"2023/12/19","10,452","10,660","10,660","10,235","337.60K","-0.87%"
"2023/12/18","10,544","10,432","10,759","10,432","159.33K","0.51%"
"2023/12/14","10,491","10,301","10,678","9,984","393.83K","-0.37%"
"2023/12/13","10,530","10,101","10,538","10,087","121.97K","2.60%"
"2023/12/12","10,263","10,349","10,636","10,263","103.88K","-2.06%"
"2023/12/11","10,479","10,271","10,498","10,133","135.25K","2.74%"
"2023/12/08","10,200","10,440","10,500","10,141","232.46K","-2.86%"
"2023/12/07","10,500","10,651","10,920","10,500","279.49K","-4.06%"
"2023/12/06","10,944","10,919","11,000","10,902","107.69K","0.21%"
"2023/12/05","10,921","10,760","10,973","10,760","121.31K","1.03%"
"2023/12/04","10,810","10,744","10,817","10,660","170.71K","1.28%"
"2023/12/01","10,673","10,369","10,720","10,324","220.13K","3.30%"
"2023/11/30","10,332","10,404","10,499","10,271","406.32K","-1.22%"
"2023/11/29","10,460","10,572","10,650","10,427","195.19K","-1.68%"
"2023/11/28","10,639","10,411","10,725","10,411","254.81K","-0.23%"
"2023/11/27","10,664","10,773","10,800","10,633","212.59K","-1.26%"
"2023/11/24","10,800","10,775","10,862","10,671","186.22K","-0.28%"
"2023/11/23","10,830","10,796","10,914","10,695","184.12K","0.88%"
"2023/11/22","10,736","10,782","10,822","10,708","141.87K","-0.50%"
"2023/11/21","10,790","10,734","10,889","10,648","140.92K","-0.02%"
"2023/11/20","10,792","10,818","10,880","10,704","68.43K","-0.42%"
"2023/11/17","10,838","10,827","10,910","10,711","260.69K","0.46%"
"2023/11/16","10,788","10,814","11,000","10,669","154.91K","-0.92%"
"2023/11/15","10,888","10,932","11,000","10,716","171.21K","-0.54%"
"2023/11/14","10,947","10,647","10,970","10,647","81.76K","2.17%"
"2023/11/13","10,714","10,786","10,868","10,645","126.23K","-0.67%"
"2023/11/10","10,786","10,666","10,786","10,648","41.57K","0.20%"
"2023/11/09","10,764","10,700","10,801","10,586","130.88K","0.23%"
"2023/11/08","10,739","10,830","10,849","10,555","172.43K","-0.85%"
"2023/11/07","10,831","10,867","11,011","10,769","146.48K","-2.42%"
"2023/11/06","11,100","11,101","11,238","11,039","146.74K","-0.10%"
"2023/11/03","11,111","11,194","11,230","11,000","161.11K","-0.33%"
"2023/11/02","11,148","10,862","11,148","10,601","146.98K","2.38%"
"2023/11/01","10,889","10,979","11,039","10,860","100.29K","-1.38%"
"2023/10/31","11,041","10,651","11,152","10,651","415.10K","1.10%"
"2023/10/30","10,921","10,701","11,036","10,700","71.87K","-0.10%"
"2023/10/27","10,932","10,762","11,000","10,607","112.61K","0.83%"
"2023/10/26","10,842","10,999","11,333","10,626","204.89K","-1.43%"
"2023/10/25","10,999","10,661","11,059","10,660","160.64K","0.30%"
"2023/10/24","10,966","10,986","11,016","10,849","131.21K","-0.18%"
"2023/10/23","10,986","10,700","11,000","10,663","110.03K","1.42%"
"2023/10/20","10,832","10,557","10,900","10,557","221.60K","0.06%"
"2023/10/19","10,825","11,000","11,000","10,485","186.90K","0.82%"
"2023/10/18","10,737","10,940","10,975","10,654","276.69K","-0.26%"
"2023/10/17","10,765","10,756","10,846","10,662","106.50K","-0.97%"
"2023/10/16","10,870","10,810","10,980","10,810","194.44K","-0.29%"
"2023/10/13","10,902","10,741","11,149","10,741","101.62K","-0.99%"
"2023/10/12","11,011","10,710","11,079","10,551","153.67K","0.47%"
"2023/10/11","10,959","10,817","11,089","10,817","233.90K","0.68%"
"2023/10/10","10,885","10,634","10,924","10,606","266.35K","2.73%"
"2023/10/09","10,596","10,712","11,221","10,477","219.19K","-1.56%"
"2023/10/06","10,764","10,832","11,340","10,691","297.31K","-0.61%"
"2023/10/05","10,830","11,153","11,153","10,714","422.82K","-0.29%"
"2023/10/04","10,862","10,639","10,907","10,639","278.65K","1.27%"
"2023/10/03","10,726","11,256","11,256","10,611","364.67K","-4.46%"
"2023/10/02","11,227","11,312","11,353","11,197","217.68K","-0.65%"
"2023/09/29","11,300","11,460","11,480","11,244","326.19K","-1.40%"
"2023/09/28","11,460","11,347","11,473","11,323","394.26K","0.88%"
"2023/09/27","11,360","11,299","11,415","11,290","343.06K","0.42%"
"2023/09/26","11,313","11,388","11,446","11,204","1.10M","-0.55%"
"2023/09/22","11,375","11,374","11,497","11,296","691.26K","0.39%"
"2023/09/21","11,331","11,383","11,515","11,288","698.11K","-1.13%"
"2023/09/20","11,460","11,183","11,477","11,169","412.17K","2.78%"
"2023/09/19","11,150","11,070","11,225","11,069","517.03K","0.17%"
"2023/09/18","11,131","11,035","11,243","11,035","662.79K","0.32%"
"2023/09/15","11,096","11,049","11,300","10,800","466.63K","-1.00%"
"2023/09/14","11,208","10,931","11,299","10,833","2.49M","2.12%"
"2023/09/13","10,975","10,701","10,975","10,701","1.24M","-0.01%"
"2023/09/12","10,976","10,930","11,001","10,883","1.63M","-0.22%"
"2023/09/11","11,000","10,844","11,056","10,683","914.12K","2.34%"
"2023/09/08","10,749","10,900","10,918","10,667","2.45M","-0.84%"
"2023/09/07","10,840","10,996","11,050","10,697","1.97M","-1.54%"
"2023/09/06","11,010","10,551","11,299","10,551","1.41M","1.78%"
"2023/09/05","10,817","10,593","10,975","10,593","1.05M","0.62%"
"2023/09/04","10,750","10,920","10,920","10,267","310.03K","-0.74%"
"2023/09/01","10,830","10,734","10,890","10,722","482.50K","0.52%"
"2023/08/31","10,774","10,833","10,835","10,700","323.00K","-0.65%"
"2023/08/30","10,844","10,521","10,844","10,476","226.36K","3.55%"
"2023/08/29","10,472","10,469","10,600","10,469","124.76K","-0.97%"
"2023/08/28","10,575","10,620","10,657","10,495","304.91K","0.53%"
"2023/08/25","10,519","10,594","10,622","10,498","258.14K","0.19%"
"2023/08/24","10,499","10,503","10,716","10,430","248.75K","0.95%"
"2023/08/23","10,400","10,349","10,400","10,277","244.64K","1.41%"
"2023/08/22","10,255","10,355","10,396","10,196","192.10K","-1.36%"
"2023/08/21","10,396","10,339","10,501","10,339","193.78K","0.36%"
"2023/08/18","10,359","10,272","10,398","10,121","282.28K","0.30%"
"2023/08/17","10,328","10,357","10,567","10,221","356.16K","-0.01%"
"2023/08/16","10,329","10,313","10,385","10,254","399.18K","-0.20%"
"2023/08/15","10,350","10,302","10,350","10,203","258.22K","-0.06%"
"2023/08/14","10,356","10,450","10,450","10,299","211.74K","-0.79%"
"2023/08/11","10,438","10,499","10,499","10,387","272.52K","-0.66%"
"2023/08/10","10,507","10,449","10,553","10,424","519.91K","0.55%"
"2023/08/08","10,450","10,297","10,508","10,266","559.69K","1.49%"
"2023/08/07","10,297","10,399","10,399","10,174","256.62K","-0.75%"
"2023/08/04","10,375","9,605","10,427","9,566","497.38K","8.36%"
"2023/08/03","9,575","9,451","9,600","9,361","526.70K","1.41%"
"2023/08/02","9,442","9,400","9,458","9,380","379.51K","-0.16%"
"2023/08/01","9,457","9,441","9,463","9,400","173.55K","0.29%"
"2023/07/31","9,430","9,400","9,471","9,362","148.73K","0.53%"
"2023/07/28","9,380","9,357","9,460","9,270","286.50K","-0.42%"
"2023/07/27","9,420","9,122","9,460","9,122","343.97K","3.55%"
"2023/07/26","9,097","9,028","9,193","9,025","351.74K","0.80%"
"2023/07/25","9,025","9,048","9,070","9,023","300.39K","0.06%"
"2023/07/24","9,020","8,967","9,031","8,950","247.05K","0.24%"
"2023/07/21","8,998","8,938","9,006","8,917","66.87K","0.29%"
"2023/07/20","8,972","8,895","9,008","8,890","87.92K","-0.31%"
"2023/07/19","9,000","8,861","9,011","8,859","200.52K","1.12%"
"2023/07/18","8,900","8,921","8,985","8,882","66.90K","-1.06%"
"2023/07/17","8,995","8,922","9,100","8,921","140.57K","0.69%"
"2023/07/14","8,933","8,889","8,990","8,823","53.05K","-0.58%"
"2023/07/13","8,985","8,920","9,000","8,886","164.14K","1.26%"
"2023/07/12","8,873","9,000","9,000","8,800","167.29K","-0.72%"
"2023/07/11","8,937","8,700","8,943","8,669","174.66K","2.44%"
"2023/07/10","8,724","8,889","8,889","8,696","60.27K","-1.40%"
"2023/07/07","8,848","8,713","8,848","8,660","93.64K","1.91%"
"2023/07/06","8,682","8,700","8,762","8,653","120.20K","-1.22%"
"2023/07/05","8,789","9,114","9,116","8,761","77.27K","-1.25%"
"2023/07/04","8,900","8,849","9,011","8,816","270.92K","0.58%"
"2023/07/03","8,849","9,248","9,248","8,821","206.03K","-2.33%"
"2023/06/30","9,060","9,174","9,198","9,021","278.49K","0.02%"
"2023/06/29","9,058","8,859","9,137","8,783","251.20K","2.04%"
"2023/06/28","8,877","8,679","8,953","8,679","163.42K","2.21%"
"2023/06/27","8,685","9,120","9,120","8,646","101.15K","-3.00%"
"2023/06/26","8,954","9,015","9,059","8,846","133.28K","-0.57%"
"2023/06/23","9,005","9,082","9,156","8,944","644.75K","-1.22%"
"2023/06/22","9,116","9,100","9,218","8,994","149.08K","-0.47%"
"2023/06/21","9,159","9,345","9,345","9,073","120.24K","-1.17%"
"2023/06/20","9,267","9,250","9,326","9,219","86.62K","0.18%"
"2023/06/19","9,250","9,171","9,259","9,147","61.04K","0.27%"
"2023/06/15","9,225","9,098","9,247","9,029","191.13K","0.82%"
"2023/06/14","9,150","9,002","9,180","8,957","93.02K","2.49%"
"2023/06/13","8,928","8,895","9,039","8,853","105.24K","0.43%"
"2023/06/12","8,890","8,807","8,937","8,750","110.45K","1.96%"
"2023/06/09","8,719","9,000","9,029","8,684","329.89K","-3.12%"
"2023/06/08","9,000","8,862","9,029","8,838","120.27K","2.21%"
"2023/06/07","8,805","8,572","8,842","8,487","348.89K","2.10%"
"2023/06/06","8,624","8,462","8,653","8,431","2.11M","1.73%"
"2023/06/05","8,477","8,535","8,562","8,438","29.86K","-0.12%"
"2023/06/02","8,487","8,433","8,547","8,428","71.81K","0.57%"
"2023/06/01","8,439","8,397","8,499","8,372","78.27K","0.38%"
"2023/05/31","8,407","8,285","8,481","8,285","166.76K","0.73%"
"2023/05/30","8,346","8,330","8,694","8,247","103.24K","-0.76%"
"2023/05/29","8,410","8,496","8,509","8,316","69.36K","-0.44%"
"2023/05/26","8,447","8,500","8,638","8,403","195.51K","-1.39%"
"2023/05/25","8,566","8,450","8,664","8,400","327.91K","1.41%"
"2023/05/24","8,447","8,282","8,503","8,171","206.84K","0.80%"
"2023/05/23","8,380","8,342","8,531","8,342","123.86K","-0.69%"
"2023/05/22","8,438","8,280","8,510","8,280","328.62K","2.15%"
"2023/05/19","8,260","8,379","8,417","8,188","206.79K","0.54%"
"2023/05/18","8,216","8,300","8,320","8,172","168.65K","-0.18%"
"2023/05/17","8,231","8,300","8,300","8,075","204.92K","0.32%"
"2023/05/16","8,205","8,426","8,426","8,198","88.78K","-1.32%"
"2023/05/15","8,315","8,264","8,315","8,074","139.10K","1.09%"
"2023/05/12","8,225","8,439","8,453","8,211","138.32K","-0.46%"
"2023/05/11","8,263","8,237","8,321","8,140","366.02K","0.67%"
"2023/05/10","8,208","8,303","8,303","8,159","243.58K","-0.63%"
"2023/05/09","8,260","8,259","8,361","8,230","171.81K","-0.12%"
"2023/05/08","8,270","8,479","8,479","8,216","334.71K","-1.50%"
"2023/05/05","8,396","8,234","8,429","8,234","132.30K","1.61%"
"2023/05/04","8,263","8,301","8,396","8,220","198.49K","-1.51%"
"2023/05/03","8,390","8,534","8,534","8,325","451.35K","-1.07%"
"2023/05/02","8,481","8,534","8,638","8,480","168.42K","-1.74%"
"2023/04/28","8,631","8,667","8,802","8,440","147.11K","0.59%"
"2023/04/26","8,580","8,550","8,650","8,541","150.65K","0.36%"
"2023/04/25","8,549","8,500","8,549","8,450","127.63K","0.85%"
"2023/04/24","8,477","8,946","8,946","8,414","212.65K","-0.92%"
"2023/04/21","8,556","8,564","8,672","8,501","164.73K","0.01%"
"2023/04/20","8,555","8,623","8,818","8,494","236.57K","-1.27%"
"2023/04/19","8,665","8,810","8,839","8,626","183.55K","-1.78%"
"2023/04/18","8,822","9,094","9,094","8,768","207.89K","-3.35%"
"2023/04/17","9,128","9,285","9,337","9,088","109.85K","-1.47%"
"2023/04/14","9,264","9,219","9,283","9,184","64.40K","0.47%"
"2023/04/13","9,221","9,231","9,259","9,180","173.30K","0.12%"
"2023/04/12","9,210","9,198","9,329","9,125","195.35K","0.66%"
"2023/04/11","9,150","9,149","9,184","8,993","155.82K","1.60%"
"2023/04/06","9,006","8,996","9,160","8,996","95.19K","0.07%"
"2023/04/05","9,000","8,951","9,022","8,900","227.03K","-0.21%"
"2023/04/04","9,019","9,000","9,092","8,943","455.24K","-5.38%"
"2023/04/03","9,532","9,425","9,640","9,390","112.74K","1.53%"
"2023/03/31","9,388","9,630","9,630","9,350","124.72K","-1.39%"
"2023/03/30","9,520","9,603","9,608","9,465","103.43K","-0.52%"
"2023/03/29","9,570","9,545","9,571","9,426","79.22K","1.40%"
"2023/03/28","9,438","9,299","9,493","9,293","121.12K","2.15%"
"2023/03/27","9,239","9,151","9,331","9,150","91.49K","0.97%"
"2023/03/24","9,150","9,187","9,228","8,978","300.76K","-0.32%"
"2023/03/23","9,179","9,199","9,224","9,036","92.02K","0.61%"
"2023/03/22","9,123","9,093","9,143","8,922","129.43K","1.75%"
"2023/03/20","8,966","8,849","8,981","8,715","318.90K","1.32%"
"2023/03/17","8,849","9,213","9,285","8,680","413.18K","-3.97%"
"2023/03/16","9,215","9,130","9,311","9,098","235.32K","0.94%"
"2023/03/15","9,129","9,341","9,341","9,023","360.63K","-0.83%"
"2023/03/14","9,205","9,162","9,205","9,030","169.07K","0.11%"
"2023/03/13","9,195","9,214","9,243","9,146","449.98K","-0.47%"
"2023/03/10","9,238","9,271","9,271","9,180","301.00K","-0.60%"
"2023/03/09","9,294","9,250","9,356","9,199","91.95K","-1.77%"
"2023/03/08","9,461","9,317","9,499","9,249","181.80K","1.55%"
"2023/03/07","9,317","9,600","9,600","9,305","127.96K","-2.14%"
"2023/03/06","9,521","9,502","9,728","9,415","302.32K","0.28%"
"2023/03/03","9,494","9,500","9,676","9,485","116.15K","-0.99%"
"2023/03/02","9,589","9,740","9,740","9,418","105.22K","-0.79%"
"2023/03/01","9,665","9,432","9,746","9,370","368.74K","3.65%"
"2023/02/28","9,325","9,415","9,415","9,296","247.90K","0.15%"
"2023/02/27","9,311","9,499","9,499","9,250","133.02K","0.04%"
"2023/02/24","9,307","9,350","9,538","9,250","222.96K","-0.10%"
"2023/02/23","9,316","9,224","9,346","9,120","148.25K","1.29%"
"2023/02/22","9,197","9,025","9,197","9,023","261.56K","0.83%"
"2023/02/21","9,121","9,141","9,171","9,082","173.20K","-0.58%"
"2023/02/20","9,174","9,146","9,243","8,989","456.56K","1.46%"
"2023/02/17","9,042","8,919","9,086","8,875","188.24K","1.88%"
"2023/02/16","8,875","9,146","9,146","8,779","183.23K","0.07%"
"2023/02/15","8,869","9,146","9,146","8,863","126.59K","-1.86%"
"2023/02/14","9,037","9,047","9,162","9,037","136.64K","-0.22%"
"2023/02/13","9,057","8,900","9,079","8,817","361.26K","2.83%"
"2023/02/10","8,808","8,880","8,957","8,775","244.61K","-1.20%"
"2023/02/09","8,915","9,250","9,250","8,915","277.24K","-3.62%"
"2023/02/08","9,250","9,050","9,270","9,044","292.84K","2.75%"
"2023/02/07","9,002","9,000","9,042","8,864","286.99K","0.37%"
"2023/02/06","8,969","9,300","9,300","8,967","274.62K","-2.74%"
"2023/02/03","9,222","8,795","9,274","8,656","346.94K","6.00%"
"2023/02/02","8,700","8,700","8,833","8,643","902.76K","0.50%"
"2023/02/01","8,657","8,750","8,761","8,610","321.88K","-1.05%"
"2023/01/31","8,749","8,630","8,835","8,624","343.13K","1.29%"
"2023/01/30","8,638","8,722","8,753","8,618","95.69K","-0.94%"
"2023/01/27","8,720","8,610","8,836","8,610","263.48K","-1.50%"
"2023/01/26","8,853","8,808","8,862","8,643","267.39K","1.08%"
"2023/01/25","8,758","8,842","8,842","8,722","183.04K","-0.95%"
"2023/01/24","8,842","9,030","9,030","8,811","86.54K","0.39%"
"2023/01/23","8,808","9,030","9,030","8,793","306.09K","0.58%"
"2023/01/20","8,757","8,521","8,981","8,521","187.14K","-1.51%"
"2023/01/19","8,891","8,610","8,983","8,537","763.13K","3.31%"
"2023/01/18","8,606","8,603","8,721","8,600","541.41K","-0.90%"
"2023/01/17","8,684","9,000","9,000","8,642","185.37K","-1.81%"
"2023/01/16","8,844","8,818","8,933","8,794","96.27K","1.09%"
"2023/01/13","8,749","8,995","8,995","8,705","204.98K","0.06%"
"2023/01/12","8,744","8,700","8,993","8,689","686.31K","-0.82%"
"2023/01/11","8,816","9,084","9,103","8,801","173.51K","-2.46%"
"2023/01/10","9,038","9,100","9,100","8,900","215.82K","1.55%"
"2023/01/09","8,900","9,100","9,100","8,793","428.46K","1.10%"
"2023/01/06","8,803","8,862","8,915","8,750","123.23K","-1.42%"
"2023/01/05","8,930","8,650","9,104","8,650","110.80K","-1.63%"
"2023/01/04","9,078","8,948","9,087","8,850","165.29K","1.45%"
"2023/01/03","8,948","8,501","8,954","8,501","47.27K","2.15%"
"2022/12/30","8,760","8,815","8,840","8,760","45.60K","-1.53%"
"2022/12/29","8,896","8,645","8,931","8,645","67.82K","1.67%"
"2022/12/28","8,750","8,702","8,806","8,661","92.20K","-0.15%"
"2022/12/23","8,763","8,820","8,837","8,702","23.24K","1.24%"
"2022/12/22","8,656","8,820","8,884","8,656","67.91K","-1.63%"
"2022/12/21","8,799","8,596","8,847","8,595","55.15K","2.49%"
"2022/12/20","8,585","8,560","8,653","8,504","99.00K","-0.74%"
"2022/12/19","8,649","8,400","8,649","8,375","174.14K","2.59%"
"2022/12/15","8,431","8,721","8,721","8,383","433.78K","-2.87%"
"2022/12/14","8,680","8,879","8,879","8,673","108.69K","-1.75%"
"2022/12/13","8,835","8,807","8,900","8,783","170.04K","0.80%"
"2022/12/12","8,765","8,973","8,973","8,750","109.22K","-3.04%"
"2022/12/09","9,040","9,107","9,109","8,949","174.09K","0.18%"
"2022/12/08","9,024","8,899","9,104","8,867","129.62K","1.39%"
"2022/12/07","8,900","9,015","9,033","8,774","129.58K","-1.96%"
"2022/12/06","9,078","9,149","9,231","8,969","128.94K","-0.02%"
"2022/12/05","9,080","9,145","9,287","9,034","144.41K","-0.21%"
"2022/12/02","9,099","9,202","9,263","9,024","115.36K","-1.34%"
"2022/12/01","9,223","9,200","9,370","9,159","220.65K","0.25%"
"2022/11/30","9,200","9,326","9,460","9,171","308.83K","-2.20%"
"2022/11/29","9,407","9,566","9,601","9,388","55.06K","-1.31%"
"2022/11/28","9,532","9,468","9,629","9,402","122.06K","0.32%"
"2022/11/25","9,502","9,600","9,600","9,433","145.34K","-0.92%"
"2022/11/24","9,590","9,626","9,702","9,589","69.55K","-0.69%"
"2022/11/23","9,657","9,560","9,700","9,449","74.26K","0.76%"
"2022/11/22","9,584","9,387","9,654","9,355","61.48K","2.52%"
"2022/11/21","9,348","9,541","9,549","9,296","69.95K","-1.69%"
"2022/11/18","9,509","9,332","9,536","9,331","74.31K","1.92%"
"2022/11/17","9,330","9,367","9,450","9,294","36.43K","-1.44%"
"2022/11/16","9,466","9,600","9,600","9,455","58.92K","-1.27%"
"2022/11/15","9,588","9,750","9,800","9,523","152.41K","-1.66%"
"2022/11/14","9,750","9,100","9,877","9,100","187.07K","0.78%"
"2022/11/11","9,675","9,850","9,850","9,446","233.60K","0.00%"
"2022/11/10","9,675","9,521","9,733","9,521","244.29K","1.84%"
"2022/11/09","9,500","9,523","9,523","9,263","269.54K","1.05%"
"2022/11/08","9,401","9,500","9,500","9,360","78.46K","-1.03%"
"2022/11/07","9,499","9,339","9,500","9,200","68.36K","3.25%"
"2022/11/04","9,200","9,363","9,363","9,150","173.61K","0.52%"
"2022/11/03","9,152","9,226","9,242","9,062","272.00K","-1.69%"
"2022/11/02","9,309","9,001","9,413","9,001","58.88K","0.93%"
"2022/11/01","9,223","9,231","9,350","9,084","124.07K","-0.08%"
"2022/10/31","9,230","9,200","9,320","9,002","121.86K","0.12%"
"2022/10/28","9,219","9,100","9,233","9,100","78.78K","0.57%"
"2022/10/27","9,167","9,187","9,261","9,158","177.32K","0.37%"
"2022/10/26","9,133","8,616","9,201","8,616","79.82K","1.40%"
"2022/10/25","9,007","8,942","9,050","8,878","164.43K","1.77%"
"2022/10/24","8,850","8,659","8,938","8,659","35.93K","1.14%"
"2022/10/21","8,750","8,563","8,884","8,551","66.79K","-1.45%"
"2022/10/20","8,879","8,911","8,940","8,733","355.87K","-0.52%"
"2022/10/19","8,925","8,882","8,964","8,744","79.31K","0.48%"
"2022/10/18","8,882","8,874","9,027","8,847","79.44K","0.06%"
"2022/10/17","8,877","8,782","8,889","8,600","100.69K","2.59%"
"2022/10/14","8,653","9,000","9,038","8,601","90.98K","-2.83%"
"2022/10/13","8,905","8,775","8,952","8,755","217.37K","0.86%"
"2022/10/12","8,829","8,785","8,850","8,649","199.68K","1.20%"
"2022/10/11","8,724","8,733","8,733","8,520","193.48K","0.69%"
"2022/10/10","8,664","8,700","8,794","8,650","91.42K","-0.41%"
"2022/10/07","8,700","8,819","8,819","8,646","163.01K","0.31%"
"2022/10/06","8,673","8,999","8,999","8,650","111.12K","-1.88%"
"2022/10/05","8,839","8,999","8,999","8,742","218.04K","-0.16%"
"2022/10/04","8,853","8,903","8,983","8,803","205.72K","1.28%"
"2022/10/03","8,741","8,578","8,765","8,471","299.46K","1.31%"
"2022/09/30","8,628","8,500","8,734","8,500","304.46K","-1.09%"
"2022/09/29","8,723","8,818","8,889","8,689","487.29K","-1.87%"
"2022/09/28","8,889","8,450","8,889","8,450","299.56K","3.36%"
"2022/09/27","8,600","8,576","8,610","8,341","215.92K","2.91%"
"2022/09/26","8,357","8,349","8,393","8,178","172.76K","0.10%"
"2022/09/23","8,349","8,550","8,550","8,236","396.86K","-1.79%"
"2022/09/22","8,501","8,543","8,544","8,396","203.87K","0.11%"
"2022/09/21","8,492","8,544","8,544","8,303","322.67K","-0.79%"
"2022/09/20","8,560","8,826","8,826","8,444","421.89K","-0.86%"
"2022/09/19","8,634","8,900","8,900","8,550","672.34K","-4.07%"
"2022/09/16","9,000","8,623","9,000","8,599","2.10M","3.10%"
"2022/09/15","8,729","8,281","8,806","8,281","531.30K","5.92%"
"2022/09/14","8,241","7,921","8,286","7,921","269.38K","2.47%"
"2022/09/13","8,042","8,285","8,305","8,000","230.27K","-2.93%"
"2022/09/12","8,285","8,326","8,355","8,241","171.26K","-0.24%"
"2022/09/09","8,305","7,978","8,329","7,978","175.01K","4.10%"
"2022/09/08","7,978","7,970","7,994","7,840","93.84K","0.10%"
"2022/09/07","7,970","8,197","8,197","7,845","153.13K","-2.82%"
"2022/09/06","8,201","8,416","8,416","8,195","52.73K","-2.14%"
"2022/09/05","8,380","8,240","8,454","8,198","273.22K","1.72%"
"2022/09/02","8,238","8,106","8,287","7,950","425.26K","1.65%"
"2022/09/01","8,104","8,303","8,303","8,068","171.41K","-2.36%"
"2022/08/31","8,300","8,490","8,654","8,236","454.17K","-2.92%"
"2022/08/30","8,550","8,677","8,883","8,512","460.88K","-1.46%"
"2022/08/29","8,677","8,595","8,726","8,595","339.03K","0.57%"
"2022/08/26","8,628","8,669","8,785","8,628","97.77K","-0.17%"
"2022/08/25","8,643","8,697","8,761","8,643","232.16K","-0.21%"
"2022/08/24","8,661","8,709","8,760","8,649","92.04K","-0.21%"
"2022/08/23","8,679","8,630","8,788","8,610","354.60K","0.36%"
"2022/08/22","8,648","8,856","8,856","8,572","169.77K","-1.48%"
"2022/08/19","8,778","8,962","8,971","8,720","193.28K","-2.13%"
"2022/08/18","8,969","8,961","9,021","8,940","201.11K","-0.59%"
"2022/08/17","9,022","8,973","9,051","8,918","166.79K","0.26%"
"2022/08/16","8,999","9,020","9,055","8,887","144.86K","0.23%"
"2022/08/15","8,978","9,235","9,235","8,858","163.49K","-2.66%"
"2022/08/12","9,223","9,000","9,292","9,000","146.21K","2.34%"
"2022/08/11","9,012","8,902","9,086","8,900","241.79K","1.60%"
"2022/08/10","8,870","8,850","9,000","8,745","225.14K","0.20%"
"2022/08/08","8,852","9,000","9,009","8,820","106.32K","-0.60%"
"2022/08/05","8,905","8,800","8,972","8,737","134.64K","1.55%"
"2022/08/04","8,769","8,931","8,936","8,769","199.32K","-1.18%"
"2022/08/03","8,874","8,908","8,929","8,718","124.97K","0.61%"
"2022/08/02","8,820","9,000","9,000","8,700","238.84K","-1.98%"
"2022/08/01","8,998","9,050","9,214","8,926","186.85K","-1.12%"
"2022/07/29","9,100","9,500","9,500","8,977","344.51K","-3.83%"
"2022/07/28","9,462","9,671","9,744","9,368","223.21K","-2.00%"
"2022/07/27","9,655","9,825","9,850","9,586","110.44K","-1.31%"
"2022/07/26","9,783","9,808","9,899","9,775","497.83K","0.54%"
"2022/07/25","9,730","9,614","9,768","9,604","196.07K","0.72%"
"2022/07/22","9,660","9,719","9,818","9,585","208.23K","-1.61%"
"2022/07/21","9,818","9,735","9,900","9,683","69.70K","1.06%"
"2022/07/20","9,715","9,648","9,767","9,565","126.97K","1.58%"
"2022/07/19","9,564","9,361","9,817","9,361","211.56K","0.71%"
"2022/07/18","9,497","9,350","9,559","9,350","66.13K","2.36%"
"2022/07/15","9,278","9,300","9,350","9,009","134.52K","2.08%"
"2022/07/14","9,089","9,198","9,327","9,001","115.56K","-2.28%"
"2022/07/13","9,301","9,481","9,543","9,155","149.91K","-2.88%"
"2022/07/12","9,577","9,757","9,757","9,421","186.92K","-0.04%"
"2022/07/11","9,581","9,525","9,614","9,525","107.43K","-1.00%"
"2022/07/08","9,678","9,558","9,678","9,507","61.14K","0.11%"
"2022/07/07","9,667","9,591","9,760","9,591","43.16K","1.34%"
"2022/07/06","9,539","9,441","9,592","9,413","77.52K","0.42%"
"2022/07/05","9,499","9,669","9,669","9,392","57.61K","-2.00%"
"2022/07/04","9,693","9,378","9,765","9,344","61.58K","3.46%"
"2022/07/01","9,369","9,565","9,652","9,208","100.28K","-1.83%"
"2022/06/30","9,544","9,686","9,729","9,460","203.02K","-1.91%"
"2022/06/29","9,730","9,701","9,920","9,581","137.16K","-0.91%"
"2022/06/28","9,819","9,700","9,913","9,700","61.51K","0.51%"
"2022/06/27","9,769","9,952","10,000","9,751","49.57K","-1.27%"
"2022/06/24","9,895","9,778","9,982","9,713","154.38K","0.42%"
"2022/06/23","9,854","9,851","9,946","9,675","214.09K","-0.96%"
"2022/06/22","9,950","9,800","10,048","9,729","195.00K","0.97%"
"2022/06/21","9,854","9,911","10,045","9,795","56.26K","-0.15%"
"2022/06/20","9,869","9,900","10,016","9,831","33.92K","-0.25%"
"2022/06/17","9,894","9,955","10,086","9,894","239.36K","-1.73%"
"2022/06/15","10,068","9,699","10,094","9,691","123.25K","3.67%"
"2022/06/14","9,712","10,200","10,200","9,501","219.91K","-1.52%"
"2022/06/13","9,862","9,958","10,000","9,660","90.79K","-1.69%"
"2022/06/10","10,032","9,985","10,091","9,960","346.62K","0.47%"
"2022/06/09","9,985","9,943","10,069","9,876","121.04K","0.37%"
"2022/06/08","9,948","9,912","10,024","9,894","157.00K","0.36%"
"2022/06/07","9,912","10,083","10,083","9,852","104.19K","-1.71%"
"2022/06/06","10,084","10,102","10,169","9,998","211.56K","-0.78%"
"2022/06/03","10,163","10,200","10,300","10,163","225.59K","0.37%"
"2022/06/02","10,126","10,425","10,425","10,048","116.08K","-0.60%"
"2022/06/01","10,187","10,345","10,442","10,152","103.71K","-1.53%"
"2022/05/31","10,345","10,450","10,484","10,332","251.70K","-1.00%"
"2022/05/30","10,449","10,287","10,470","10,287","91.14K","1.54%"
"2022/05/27","10,291","10,198","10,363","10,198","58.04K","1.30%"
"2022/05/26","10,159","10,129","10,178","9,960","102.15K","2.13%"
"2022/05/25","9,947","9,999","10,041","9,894","127.74K","-1.02%"
"2022/05/24","10,050","10,084","10,156","10,037","112.10K","-0.74%"
"2022/05/23","10,125","10,197","10,227","10,083","80.46K","-0.19%"
"2022/05/20","10,144","10,199","10,441","10,130","99.72K","0.14%"
"2022/05/19","10,130","10,010","10,130","9,891","103.29K","0.90%"
"2022/05/18","10,040","10,075","10,100","9,944","101.85K","0.49%"
"2022/05/17","9,991","10,097","10,177","9,990","111.93K","-0.55%"
"2022/05/16","10,046","10,076","10,084","9,944","190.27K","-0.27%"
"2022/05/13","10,073","10,034","10,128","9,982","131.26K","0.69%"
"2022/05/12","10,004","10,000","10,029","9,891","163.71K","-0.61%"
"2022/05/11","10,065","10,195","10,211","10,000","206.13K","0.65%"
"2022/05/10","10,000","9,800","10,163","9,800","166.06K","1.62%"
"2022/05/09","9,841","9,807","9,936","9,799","221.34K","-0.50%"
"2022/05/06","9,890","9,966","9,966","9,598","120.01K","-0.57%"
"2022/05/05","9,947","9,700","10,119","9,700","70.60K","-0.13%"
"2022/05/04","9,960","10,300","10,300","9,960","83.05K","-3.65%"
"2022/05/03","10,337","10,276","10,589","10,015","132.66K","1.51%"
"2022/04/29","10,183","10,840","10,840","10,175","60.75K","-0.90%"
"2022/04/28","10,275","10,137","10,446","10,044","157.10K","1.43%"
"2022/04/26","10,130","9,701","10,213","9,700","229.70K","4.14%"
"2022/04/25","9,727","9,950","10,000","9,727","203.59K","-2.73%"
"2022/04/22","10,000","10,170","10,275","10,000","81.16K","-2.38%"
"2022/04/21","10,244","10,175","10,342","9,648","664.53K","0.24%"
"2022/04/20","10,219","10,221","10,395","10,187","104.56K","-0.69%"
"2022/04/19","10,290","10,268","10,438","10,265","216.44K","-0.89%"
"2022/04/14","10,382","10,363","10,453","10,132","129.13K","-0.10%"
"2022/04/13","10,392","10,539","10,609","10,382","83.53K","-1.48%"
"2022/04/12","10,548","10,918","10,918","10,345","199.63K","-0.33%"
"2022/04/11","10,583","10,601","10,702","10,276","357.02K","-0.55%"
"2022/04/08","10,642","10,746","10,880","10,551","108.31K","-1.63%"
"2022/04/07","10,818","11,038","11,038","10,800","119.39K","-2.06%"
"2022/04/06","11,046","11,250","11,250","10,877","145.37K","-4.01%"
"2022/04/05","11,508","11,435","11,710","11,405","135.19K","0.65%"
"2022/04/04","11,434","11,696","11,696","11,376","200.38K","-0.57%"
"2022/04/01","11,500","11,679","11,716","11,500","147.89K","-1.27%"
"2022/03/31","11,648","11,494","11,674","11,383","158.86K","1.34%"
"2022/03/30","11,494","11,356","11,500","11,356","55.02K","1.44%"
"2022/03/29","11,331","11,234","11,456","11,192","67.09K","0.86%"
"2022/03/28","11,234","11,568","11,600","11,230","57.78K","-2.69%"
"2022/03/25","11,545","11,607","11,648","11,463","182.19K","0.77%"
"2022/03/24","11,457","11,528","11,600","11,278","154.22K","1.39%"
"2022/03/23","11,300","11,291","11,501","11,201","161.81K","0.00%"
"2022/03/22","11,300","11,050","11,491","11,050","111.17K","2.83%"
"2022/03/18","10,989","11,050","11,798","10,989","704.02K","-5.64%"
"2022/03/17","11,646","11,688","11,918","11,600","125.46K","0.61%"
"2022/03/16","11,575","11,248","11,658","11,210","78.68K","4.21%"
"2022/03/15","11,107","11,700","11,700","10,840","201.70K","-0.51%"
"2022/03/14","11,164","11,700","11,700","11,004","108.31K","-2.14%"
"2022/03/11","11,408","11,391","11,528","11,102","105.39K","1.40%"
"2022/03/10","11,250","10,792","11,356","10,792","90.58K","5.27%"
"2022/03/09","10,687","10,600","10,893","10,093","130.53K","0.97%"
"2022/03/08","10,584","10,950","11,500","10,001","183.61K","0.64%"
"2022/03/07","10,517","10,698","11,500","10,480","256.98K","-1.97%"
"2022/03/04","10,728","11,273","11,537","10,661","245.55K","-5.89%"
"2022/03/03","11,400","11,001","11,605","11,001","71.19K","-0.25%"
"2022/03/02","11,428","11,444","11,624","11,304","184.37K","0.87%"
"2022/03/01","11,329","10,890","11,339","10,877","64.67K","4.59%"
"2022/02/28","10,832","10,913","10,974","10,630","149.52K","-1.06%"
"2022/02/25","10,948","11,043","11,043","10,801","29.24K","-0.47%"
"2022/02/24","11,000","11,400","11,400","10,805","96.75K","-3.31%"
"2022/02/23","11,377","11,458","11,660","11,197","115.83K","-0.11%"
"2022/02/22","11,390","11,020","11,422","11,020","60.18K","-0.52%"
"2022/02/21","11,449","11,576","11,707","11,428","51.48K","-1.56%"
"2022/02/18","11,631","11,694","11,728","11,536","55.41K","-0.44%"
"2022/02/17","11,682","11,354","11,964","11,354","50.44K","-0.78%"
"2022/02/16","11,774","11,290","11,820","11,290","130.37K","0.69%"
"2022/02/15","11,693","11,640","11,700","11,542","51.54K","0.46%"
"2022/02/14","11,640","11,899","11,899","11,528","63.82K","-1.99%"
"2022/02/11","11,876","11,726","11,901","11,659","134.89K","0.64%"
"2022/02/10","11,800","11,706","11,942","11,696","173.75K","0.61%"
"2022/02/09","11,729","11,813","11,881","11,611","111.29K","-0.70%"
"2022/02/08","11,812","11,698","11,905","11,696","153.14K","0.75%"
"2022/02/07","11,724","11,713","11,865","11,698","115.92K","0.30%"
"2022/02/04","11,689","11,883","11,899","11,627","30.40K","-1.64%"
"2022/02/03","11,884","11,654","11,926","11,654","167.04K","0.68%"
"2022/02/02","11,804","11,795","11,946","11,604","160.06K","0.40%"
"2022/02/01","11,757","11,595","11,800","11,387","197.17K","3.19%"
"2022/01/31","11,393","11,200","11,408","11,194","568.38K","2.71%"
"2022/01/28","11,092","11,215","11,215","10,901","144.19K","-0.25%"
"2022/01/27","11,120","11,003","11,126","10,996","152.55K","-0.79%"
"2022/01/26","11,209","11,304","11,304","11,155","124.65K","-0.36%"
"2022/01/25","11,250","11,479","11,490","11,217","245.33K","-1.94%"
"2022/01/24","11,473","12,150","12,150","11,456","201.69K","-3.59%"
"2022/01/21","11,900","12,700","12,700","11,801","563.95K","-1.65%"
"2022/01/20","12,100","12,102","12,200","11,932","744.63K","0.92%"
"2022/01/19","11,990","11,700","11,990","11,694","321.11K","2.09%"
"2022/01/18","11,745","11,568","11,891","11,568","1.14M","1.69%"
"2022/01/17","11,550","11,545","11,575","11,501","191.77K","0.39%"
"2022/01/14","11,505","11,527","11,527","11,377","126.63K","0.13%"
"2022/01/13","11,490","11,122","11,628","11,020","302.86K","4.08%"
"2022/01/12","11,040","11,150","11,150","10,965","379.89K","-0.07%"
"2022/01/11","11,048","11,200","11,200","11,036","139.67K","0.32%"
"2022/01/10","11,013","11,095","11,106","10,950","48.20K","0.45%"
"2022/01/07","10,964","11,141","11,154","10,804","23.45K","-0.39%"
"2022/01/06","11,007","11,095","11,095","10,857","62.08K","-0.53%"
"2022/01/05","11,066","10,925","11,099","10,897","39.17K","1.29%"
"2022/01/04","10,925","11,112","11,112","10,918","72.53K","-1.01%"
"2022/01/03","11,036","11,010","11,200","11,010","51.14K","-1.46%"
"2021/12/31","11,200","11,199","11,200","11,098","121.67K","1.82%"
"2021/12/30","11,000","11,077","11,077","10,907","31.24K","-0.72%"
"2021/12/29","11,080","11,135","11,135","11,060","41.97K","0.51%"
"2021/12/28","11,024","10,922","11,074","10,922","30.74K","0.93%"
"2021/12/24","10,922","11,149","11,149","10,909","5.44K","-1.07%"
"2021/12/23","11,040","10,998","11,107","10,998","57.35K","0.57%"
"2021/12/22","10,977","11,108","11,159","10,925","24.72K","-0.18%"
"2021/12/21","10,997","10,757","11,091","10,757","55.08K","2.23%"
"2021/12/20","10,757","10,856","10,898","10,680","32.03K","-0.92%"
"2021/12/17","10,857","10,820","11,147","10,717","434.87K","2.17%"
"2021/12/15","10,626","10,800","11,157","10,626","117.30K","-1.79%"
"2021/12/14","10,820","11,001","11,100","10,550","181.49K","1.96%"
"2021/12/13","10,612","10,733","10,923","10,612","29.53K","-2.60%"
"2021/12/10","10,895","10,950","11,066","10,895","39.84K","-1.85%"
"2021/12/09","11,100","11,132","11,183","11,051","58.46K","-0.88%"
"2021/12/08","11,199","11,072","11,233","11,006","163.00K","0.37%"
"2021/12/07","11,158","10,850","11,213","10,850","121.08K","0.56%"
"2021/12/06","11,096","10,751","11,295","10,751","55.93K","-0.99%"
"2021/12/03","11,207","11,409","11,549","11,067","836.50K","-1.70%"
"2021/12/02","11,401","11,400","11,446","11,259","90.23K","0.41%"
"2021/12/01","11,355","11,300","11,355","11,167","62.85K","0.49%"
"2021/11/30","11,300","11,146","11,300","10,921","210.49K","3.07%"
"2021/11/29","10,963","10,870","11,399","10,852","34.25K","2.98%"
"2021/11/26","10,646","11,187","11,187","10,646","60.65K","-4.88%"
"2021/11/25","11,192","11,400","11,400","10,711","104.37K","2.37%"
"2021/11/24","10,933","10,794","11,016","10,648","98.34K","1.23%"
"2021/11/23","10,800","10,763","10,821","10,757","50.58K","-0.04%"
"2021/11/22","10,804","10,800","10,982","10,720","98.87K","-0.79%"
"2021/11/19","10,890","11,020","11,020","10,710","51.34K","0.01%"
"2021/11/18","10,889","11,190","11,207","10,712","144.46K","-2.75%"
"2021/11/17","11,197","11,117","11,219","11,103","68.17K","0.65%"
"2021/11/16","11,125","11,275","11,301","11,112","105.52K","-0.19%"
"2021/11/15","11,146","11,350","11,350","11,079","52.76K","-0.76%"
"2021/11/12","11,231","11,329","11,329","11,141","107.56K","-1.02%"
"2021/11/11","11,347","11,480","11,480","11,249","236.97K","0.14%"
"2021/11/10","11,331","11,421","11,473","11,226","329.58K","-0.79%"
"2021/11/09","11,421","11,491","11,726","11,335","256.17K","-0.61%"
"2021/11/08","11,491","11,385","11,491","11,256","160.20K","1.20%"
"2021/11/05","11,355","11,437","11,437","11,265","41.56K","0.43%"
"2021/11/04","11,306","11,296","11,423","11,224","97.61K","0.48%"
"2021/11/03","11,252","11,116","11,283","11,116","78.29K","1.22%"
"2021/11/02","11,116","11,250","11,318","10,974","173.63K","-1.10%"
"2021/10/29","11,240","11,199","11,241","11,036","361.53K","1.14%"
"2021/10/28","11,113","11,110","11,240","11,033","78.98K","-0.54%"
"2021/10/27","11,173","11,190","11,202","11,019","77.30K","-0.06%"
"2021/10/26","11,180","11,200","11,240","11,157","52.52K","-0.18%"
"2021/10/25","11,200","11,200","11,261","11,100","54.08K","0.50%"
"2021/10/22","11,144","11,052","11,253","11,050","80.16K","0.83%"
"2021/10/21","11,052","11,329","11,419","11,052","244.82K","-3.45%"
"2021/10/20","11,447","11,124","11,451","11,124","128.34K","2.59%"
"2021/10/19","11,158","11,101","11,158","10,716","147.15K","2.43%"
"2021/10/18","10,893","11,134","11,134","10,812","87.04K","-0.69%"
"2021/10/15","10,969","11,274","11,274","10,900","119.56K","-0.87%"
"2021/10/14","11,065","11,300","11,353","10,968","110.21K","-1.79%"
"2021/10/13","11,267","10,857","11,279","10,735","69.29K","3.37%"
"2021/10/12","10,900","10,952","11,231","10,900","164.59K","-0.94%"
"2021/10/11","11,003","10,860","11,007","10,772","86.71K","0.94%"
"2021/10/08","10,900","10,933","11,032","10,890","114.06K","-0.04%"
"2021/10/07","10,904","10,801","11,005","10,744","218.12K","-0.92%"
"2021/10/06","11,005","10,950","11,098","10,799","82.45K","1.53%"
"2021/10/05","10,839","10,602","10,839","10,602","62.62K","0.87%"
"2021/10/04","10,745","10,741","10,938","10,695","106.45K","-1.22%"
"2021/10/01","10,878","10,899","10,966","10,565","142.37K","2.49%"
"2021/09/30","10,614","10,631","10,648","10,386","181.94K","1.19%"
"2021/09/29","10,489","10,608","10,728","10,434","80.96K","-0.66%"
"2021/09/28","10,559","10,590","10,668","10,414","225.63K","-0.12%"
"2021/09/27","10,572","10,487","10,611","10,338","120.76K","1.24%"
"2021/09/23","10,442","10,575","10,575","10,216","91.79K","0.55%"
"2021/09/22","10,385","10,120","10,539","10,120","85.44K","2.51%"
"2021/09/21","10,131","10,042","10,218","10,041","213.23K","0.72%"
"2021/09/20","10,059","10,279","10,279","9,973","282.95K","-2.14%"
"2021/09/17","10,279","10,472","10,472","10,231","584.63K","-2.12%"
"2021/09/16","10,502","10,312","10,602","10,190","481.00K","3.07%"
"2021/09/15","10,189","10,394","10,394","10,150","61.26K","-0.94%"
"2021/09/14","10,286","10,049","10,394","10,049","121.30K","1.31%"
"2021/09/13","10,153","10,247","10,247","10,093","154.62K","-0.27%"
"2021/09/10","10,180","10,115","10,244","10,086","114.74K","0.57%"
"2021/09/09","10,122","10,068","10,122","9,850","192.02K","0.65%"
"2021/09/08","10,057","10,246","10,246","9,913","102.83K","-2.18%"
"2021/09/07","10,281","10,221","10,365","10,221","155.82K","0.64%"
"2021/09/06","10,216","10,350","10,386","10,200","74.68K","-1.22%"
"2021/09/03","10,342","10,209","10,413","10,209","111.86K","1.49%"
"2021/09/02","10,190","10,198","10,198","10,120","163.42K","-0.10%"
"2021/09/01","10,200","10,199","10,221","10,137","159.81K","0.00%"
"2021/08/31","10,200","10,166","10,200","10,052","187.37K","1.40%"
"2021/08/30","10,059","10,115","10,159","10,028","31.49K","0.59%"
"2021/08/27","10,000","10,008","10,072","9,908","107.66K","-0.54%"
"2021/08/26","10,054","10,131","10,255","10,004","79.03K","0.07%"
"2021/08/25","10,047","10,064","10,103","9,936","158.66K","0.20%"
"2021/08/24","10,027","10,231","10,304","10,000","175.92K","-2.54%"
"2021/08/23","10,288","10,300","10,366","10,270","641.69K","-0.12%"
"2021/08/20","10,300","10,297","10,400","10,223","507.85K","1.27%"
"2021/08/19","10,171","10,217","10,245","9,990","81.56K","-0.51%"
"2021/08/18","10,223","10,300","10,302","10,106","58.96K","-0.60%"
"2021/08/17","10,285","10,300","10,366","10,220","193.42K","0.83%"
"2021/08/16","10,200","10,055","10,215","10,049","273.71K","1.07%"
"2021/08/13","10,092","10,163","10,178","10,071","59.20K","-0.79%"
"2021/08/12","10,172","10,149","10,212","10,045","98.17K","0.43%"
"2021/08/11","10,128","9,780","10,255","9,780","131.10K","-0.71%"
"2021/08/10","10,200","10,275","10,275","10,075","126.81K","-0.87%"
"2021/08/06","10,290","10,418","10,418","10,155","609.13K","1.03%"
"2021/08/05","10,185","10,251","10,343","10,180","546.91K","-0.47%"
"2021/08/04","10,233","10,183","10,391","10,183","210.09K","0.20%"
"2021/08/03","10,213","10,010","10,245","9,902","142.25K","2.42%"
"2021/08/02","9,972","10,026","10,177","9,972","65.76K","-0.41%"
"2021/07/30","10,013","10,401","10,411","10,013","323.02K","-4.00%"
"2021/07/29","10,430","9,979","10,512","9,948","254.85K","2.95%"
"2021/07/28","10,131","9,799","10,259","9,660","367.17K","5.36%"
"2021/07/27","9,616","9,682","9,682","9,476","134.29K","-0.68%"
"2021/07/26","9,682","9,735","9,880","9,682","56.72K","-0.45%"
"2021/07/23","9,726","9,733","9,783","9,677","95.31K","0.51%"
"2021/07/22","9,677","9,598","9,700","9,549","200.53K","1.22%"
"2021/07/21","9,560","9,573","9,576","9,470","215.51K","0.10%"
"2021/07/20","9,550","9,360","9,573","9,360","239.27K","1.30%"
"2021/07/19","9,427","9,300","9,531","9,300","151.89K","-0.85%"
"2021/07/16","9,508","9,499","9,614","9,349","261.91K","0.82%"
"2021/07/15","9,431","9,737","9,772","9,424","104.39K","-3.07%"
"2021/07/14","9,730","9,723","9,897","9,702","98.46K","-0.82%"
"2021/07/13","9,810","9,600","9,846","9,600","150.50K","1.49%"
"2021/07/12","9,666","9,496","9,733","9,394","162.10K","1.75%"
"2021/07/09","9,500","9,465","9,557","9,453","432.54K","0.58%"
"2021/07/08","9,445","9,479","9,480","9,098","278.58K","2.73%"
"2021/07/07","9,194","9,150","9,240","9,082","185.96K","-0.42%"
"2021/07/06","9,233","9,162","9,257","9,126","192.10K","0.62%"
"2021/07/05","9,176","9,250","9,258","9,106","209.00K","-1.16%"
"2021/07/02","9,284","9,400","9,517","9,267","284.52K","-1.65%"
"2021/07/01","9,440","9,780","9,792","9,383","342.05K","-3.98%"
"2021/06/30","9,831","9,950","9,950","9,786","96.46K","-1.03%"
"2021/06/29","9,933","9,756","9,991","9,741","87.28K","1.72%"
"2021/06/28","9,765","9,913","9,913","9,679","92.14K","-1.36%"
"2021/06/25","9,900","10,038","10,038","9,852","83.53K","-0.28%"
"2021/06/24","9,928","9,837","10,001","9,837","62.43K","0.00%"
"2021/06/23","9,928","9,830","10,000","9,820","196.51K","1.00%"
"2021/06/22","9,830","10,300","10,300","9,699","154.63K","1.60%"
"2021/06/21","9,675","9,570","9,735","9,401","237.65K","-0.61%"
"2021/06/18","9,734","10,650","10,650","9,733","326.22K","-3.36%"
"2021/06/17","10,072","9,600","10,249","9,600","587.38K","-2.19%"
"2021/06/15","10,298","10,219","10,521","10,219","342.29K","-0.30%"
"2021/06/14","10,329","10,205","10,332","10,178","188.60K","0.71%"
"2021/06/11","10,256","10,205","10,276","10,125","151.52K","0.39%"
"2021/06/10","10,216","10,650","10,650","10,216","63.46K","-1.31%"
"2021/06/09","10,352","10,301","10,521","10,301","366.07K","-0.22%"
"2021/06/08","10,375","10,417","10,417","10,292","255.81K","0.32%"
"2021/06/07","10,342","9,961","10,400","9,858","137.56K","0.06%"
"2021/06/04","10,336","10,493","10,539","10,328","116.32K","-0.81%"
"2021/06/03","10,420","10,600","10,652","10,401","113.63K","-1.58%"
"2021/06/02","10,587","10,500","10,690","10,368","280.51K","1.52%"
"2021/06/01","10,429","10,134","10,441","10,134","236.30K","2.55%"
"2021/05/31","10,170","10,181","10,235","10,075","124.02K","-0.41%"
"2021/05/28","10,212","10,170","10,250","10,078","277.39K","0.12%"
"2021/05/27","10,200","10,018","10,315","10,018","458.97K","0.80%"
"2021/05/26","10,119","9,961","10,324","9,960","115.81K","-1.11%"
"2021/05/25","10,233","10,421","10,488","10,116","379.10K","-1.44%"
"2021/05/24","10,382","10,402","10,404","10,186","244.72K","0.14%"
"2021/05/21","10,368","10,535","10,535","10,341","160.87K","0.14%"
"2021/05/20","10,353","10,303","10,630","10,303","129.27K","-2.80%"
"2021/05/19","10,651","10,459","10,760","10,459","160.30K","1.84%"
"2021/05/18","10,459","10,500","10,523","10,250","850.48K","0.84%"
"2021/05/17","10,372","10,413","10,424","10,245","172.86K","0.85%"
"2021/05/14","10,285","10,309","10,374","10,199","270.28K","0.25%"
"2021/05/13","10,259","10,179","10,300","10,056","242.85K","0.34%"
"2021/05/12","10,224","10,300","10,301","10,100","334.84K","-0.12%"
"2021/05/11","10,236","10,151","10,254","10,089","165.65K","0.93%"
"2021/05/10","10,142","10,100","10,178","9,965","395.14K","0.77%"
"2021/05/07","10,065","10,108","10,222","10,060","187.00K","-0.35%"
"2021/05/06","10,100","9,935","10,121","9,935","228.63K","1.00%"
"2021/05/05","10,000","9,811","10,003","9,800","255.50K","1.44%"
"2021/05/04","9,858","9,935","9,995","9,793","182.59K","-1.35%"
"2021/05/03","9,993","10,160","10,199","9,958","122.87K","-1.74%"
"2021/04/30","10,170","10,011","10,394","10,011","220.33K","-1.35%"
"2021/04/29","10,309","10,300","10,405","10,299","176.28K","0.09%"
"2021/04/28","10,300","10,325","10,412","10,289","279.20K","-0.24%"
"2021/04/26","10,325","10,318","10,414","10,280","265.90K","0.90%"
"2021/04/23","10,233","10,260","10,280","10,149","201.95K","0.43%"
"2021/04/22","10,189","10,265","10,325","10,178","127.84K","0.25%"
"2021/04/21","10,164","10,133","10,215","10,058","403.48K","1.72%"
"2021/04/20","9,992","10,028","10,090","9,739","227.90K","1.56%"
"2021/04/19","9,839","9,969","9,994","9,834","48.25K","-0.79%"
"2021/04/16","9,917","9,975","9,975","9,740","382.89K","0.96%"
"2021/04/15","9,823","9,500","9,923","9,500","269.52K","0.23%"
"2021/04/14","9,800","9,661","9,816","9,661","193.15K","1.21%"
"2021/04/13","9,683","9,691","9,778","9,603","269.44K","-0.03%"
"2021/04/12","9,686","9,684","9,759","9,634","149.03K","-0.14%"
"2021/04/09","9,700","9,700","9,738","9,670","134.36K","-0.11%"
"2021/04/08","9,711","9,885","9,919","9,711","167.09K","-1.96%"
"2021/04/07","9,905","9,990","10,086","9,862","109.06K","-4.83%"
"2021/04/06","10,408","10,374","10,495","10,355","130.98K","0.33%"
"2021/04/01","10,374","10,490","10,490","10,307","126.77K","0.25%"
"2021/03/31","10,348","10,496","10,576","10,300","141.71K","-1.53%"
"2021/03/30","10,509","10,266","10,577","10,266","188.95K","1.43%"
"2021/03/29","10,361","10,248","10,361","10,215","290.97K","1.49%"
"2021/03/26","10,209","10,302","10,302","10,099","236.20K","0.68%"
"2021/03/25","10,140","10,120","10,216","10,104","261.71K","0.20%"
"2021/03/24","10,120","10,070","10,232","9,892","217.32K","0.70%"
"2021/03/23","10,050","10,100","10,186","9,997","308.15K","-0.80%"
"2021/03/19","10,131","10,209","10,303","10,103","759.38K","-0.61%"
"2021/03/18","10,193","10,197","10,372","10,062","270.63K","-0.39%"
"2021/03/17","10,233","9,805","10,272","9,805","380.02K","1.32%"
"2021/03/16","10,100","10,005","10,169","9,968","158.12K","0.32%"
"2021/03/15","10,068","10,030","10,111","10,007","92.16K","0.28%"
"2021/03/12","10,040","9,823","10,094","9,823","163.80K","0.93%"
"2021/03/11","9,947","9,615","10,052","9,615","278.17K","-1.29%"
"2021/03/10","10,077","9,955","10,102","9,913","129.33K","0.39%"
"2021/03/09","10,038","9,500","10,099","9,500","209.56K","1.16%"
"2021/03/08","9,923","10,000","10,126","9,897","192.50K","-1.50%"
"2021/03/05","10,074","10,097","10,135","9,995","208.74K","0.62%"
"2021/03/04","10,012","10,120","10,169","9,992","418.97K","-1.08%"
"2021/03/03","10,121","9,225","10,187","9,225","326.69K","1.99%"
"2021/03/02","9,924","9,934","10,079","9,895","106.55K","0.22%"
"2021/03/01","9,902","10,012","10,178","9,723","228.86K","-0.11%"
"2021/02/26","9,913","9,801","10,026","9,800","162.91K","-1.13%"
"2021/02/25","10,026","10,100","10,199","9,966","210.64K","0.00%"
"2021/02/24","10,026","9,331","10,085","9,331","274.85K","3.36%"
"2021/02/23","9,700","8,900","9,950","8,900","115.54K","-1.84%"
"2021/02/22","9,882","9,600","9,908","9,551","270.31K","2.51%"
"2021/02/19","9,640","9,330","9,729","9,330","400.50K","-0.86%"
"2021/02/18","9,724","9,999","9,999","9,100","310.43K","1.80%"
"2021/02/17","9,552","9,451","9,593","9,200","312.77K","0.21%"
"2021/02/16","9,532","9,719","9,726","9,320","261.50K","1.09%"
"2021/02/15","9,429","9,959","9,998","9,391","153.76K","-2.23%"
"2021/02/12","9,644","9,450","9,696","9,425","357.88K","2.38%"
"2021/02/11","9,420","9,358","9,474","9,284","806.40K","1.51%"
"2021/02/10","9,280","9,489","9,701","9,186","737.90K","0.87%"
"2021/02/09","9,200","9,167","9,221","9,053","143.57K","-0.05%"
"2021/02/08","9,205","9,217","9,246","9,142","463.83K","-0.13%"
"2021/02/05","9,217","9,109","9,217","9,109","660.19K","2.41%"
"2021/02/04","9,000","8,905","9,160","8,699","230.22K","-0.99%"
"2021/02/03","9,090","9,005","9,143","8,925","214.63K","1.09%"
"2021/02/02","8,992","9,045","9,080","8,948","153.45K","-0.97%"
"2021/02/01","9,080","9,000","9,150","8,963","86.24K","-0.23%"
"2021/01/29","9,101","9,000","9,125","9,000","122.43K","0.56%"
"2021/01/28","9,050","8,900","9,056","8,900","92.19K","0.33%"
"2021/01/27","9,020","9,100","9,100","8,801","81.92K","0.99%"
"2021/01/26","8,932","8,741","9,069","8,741","156.89K","-0.43%"
"2021/01/25","8,971","9,100","9,100","8,767","127.27K","2.36%"
"2021/01/22","8,764","8,902","9,018","8,686","105.96K","-1.55%"
"2021/01/21","8,902","9,104","9,142","8,882","262.97K","-1.97%"
"2021/01/20","9,081","9,060","9,500","9,060","177.52K","-0.37%"
"2021/01/19","9,115","8,900","9,136","8,900","252.58K","2.24%"
"2021/01/18","8,915","8,571","8,933","8,571","78.86K","0.07%"
"2021/01/15","8,909","8,920","8,982","8,894","60.93K","-0.72%"
"2021/01/14","8,974","8,818","9,000","8,818","205.51K","1.70%"
"2021/01/13","8,824","8,739","8,857","8,731","244.46K","2.01%"
"2021/01/12","8,650","8,550","8,775","8,550","222.75K","-0.71%"
"2021/01/11","8,712","8,860","8,860","8,552","71.74K","-1.00%"
"2021/01/08","8,800","8,826","8,899","8,716","136.89K","1.10%"
"2021/01/07","8,704","8,275","8,825","8,275","232.88K","2.24%"
"2021/01/06","8,513","8,241","8,600","8,241","78.49K","-0.02%"
"2021/01/05","8,515","8,825","8,825","8,494","124.47K","-3.03%"
"2021/01/04","8,781","8,700","8,824","8,700","85.77K","0.93%"
"2020/12/31","8,700","8,700","8,825","8,700","38.79K","-0.15%"
"2020/12/30","8,713","8,825","8,825","8,697","69.85K","0.15%"
"2020/12/29","8,700","8,825","8,825","8,682","55.07K","-0.38%"
"2020/12/28","8,733","8,700","8,825","8,700","18.41K","-0.92%"
"2020/12/24","8,814","8,701","8,832","8,695","59.42K","1.65%"
"2020/12/23","8,671","8,710","8,710","8,615","140.64K","-0.45%"
"2020/12/22","8,710","8,825","8,825","8,672","121.62K","-0.54%"
"2020/12/21","8,757","9,000","9,000","8,699","138.85K","-0.22%"
"2020/12/18","8,776","8,857","8,945","8,671","388.66K","0.21%"
"2020/12/17","8,758","8,715","8,900","8,700","285.70K","-0.76%"
"2020/12/15","8,825","8,702","8,907","8,700","87.38K","0.00%"
"2020/12/14","8,825","8,789","8,904","8,707","252.92K","0.68%"
"2020/12/11","8,765","8,506","8,825","8,472","1.22M","1.54%"
"2020/12/10","8,632","8,506","8,713","8,300","216.66K","-0.79%"
"2020/12/09","8,701","8,205","8,752","8,200","161.31K","1.45%"
"2020/12/08","8,577","8,350","8,799","8,350","122.34K","-1.41%"
"2020/12/07","8,700","8,456","8,801","8,456","1.00M","1.74%"
"2020/12/04","8,551","7,880","8,584","7,880","203.26K","5.18%"
"2020/12/03","8,130","8,820","8,820","8,049","206.04K","-1.45%"
"2020/12/02","8,250","8,488","8,488","7,960","190.88K","0.00%"
"2020/12/01","8,250","8,272","8,652","8,209","107.03K","-3.26%"
"2020/11/30","8,528","8,900","8,900","8,528","349.30K","-2.83%"
"2020/11/27","8,776","8,920","9,350","8,490","233.90K","1.20%"
"2020/11/26","8,672","8,629","8,755","8,321","200.80K","1.43%"
"2020/11/25","8,550","8,205","8,584","8,205","197.03K","1.14%"
"2020/11/24","8,454","8,031","8,473","7,946","97.00K","1.64%"
"2020/11/23","8,318","8,373","8,500","8,052","137.65K","-1.34%"
"2020/11/20","8,431","8,464","8,529","8,294","56.40K","-1.98%"
"2020/11/19","8,601","8,121","8,601","7,911","107.22K","2.64%"
"2020/11/18","8,380","8,131","8,534","8,131","75.23K","-1.27%"
"2020/11/17","8,488","8,256","8,540","8,248","87.63K","1.05%"
"2020/11/16","8,400","8,006","8,534","8,006","76.24K","0.00%"
"2020/11/13","8,400","8,121","8,526","8,121","120.77K","-0.38%"
"2020/11/12","8,432","8,555","8,599","8,408","146.15K","-1.95%"
"2020/11/11","8,600","8,600","8,650","7,701","283.00K","0.00%"
"2020/11/10","8,600","8,374","8,600","8,195","218.23K","2.14%"
"2020/11/09","8,420","8,300","8,528","8,214","362.00K","2.37%"
"2020/11/06","8,225","8,290","8,400","8,164","141.22K","-2.08%"
"2020/11/05","8,400","8,200","8,400","7,926","302.01K","6.33%"
"2020/11/04","7,900","7,940","8,328","7,627","117.76K","1.62%"
"2020/11/03","7,774","7,880","7,890","7,551","143.65K","2.63%"
"2020/11/02","7,575","7,800","7,904","7,363","145.45K","-0.68%"
"2020/10/30","7,627","7,936","7,936","7,609","306.62K","-3.89%"
"2020/10/29","7,936","8,242","8,242","7,797","272.37K","-2.02%"
"2020/10/28","8,100","8,350","8,350","7,938","164.38K","-0.72%"
"2020/10/27","8,159","7,906","8,368","7,500","158.67K","0.23%"
"2020/10/26","8,140","7,960","8,253","7,895","107.03K","-0.43%"
"2020/10/23","8,175","8,133","8,248","8,042","221.17K","1.91%"
"2020/10/22","8,022","7,741","8,200","7,740","336.64K","-0.17%"
"2020/10/21","8,036","8,061","8,150","7,936","187.17K","-0.27%"
"2020/10/20","8,058","7,977","8,126","7,729","165.95K","2.01%"
"2020/10/19","7,899","7,940","7,940","7,662","403.48K","3.09%"
"2020/10/16","7,662","7,597","7,719","7,512","268.96K","0.46%"
"2020/10/15","7,627","7,719","7,719","7,554","185.81K","-0.73%"
"2020/10/14","7,683","7,770","7,770","7,650","236.13K","-0.23%"
"2020/10/13","7,701","7,753","7,755","7,694","111.74K","-0.40%"
"2020/10/12","7,732","7,780","7,780","7,668","71.25K","0.12%"
"2020/10/09","7,723","7,729","7,810","7,696","51.79K","-1.50%"
"2020/10/08","7,841","7,807","7,850","7,691","139.00K","0.53%"
"2020/10/07","7,800","7,800","7,824","7,681","41.75K","0.00%"
"2020/10/06","7,800","7,990","7,991","7,700","126.74K","0.57%"
"2020/10/05","7,756","8,199","8,199","7,737","72.39K","-3.95%"
"2020/10/02","8,075","7,800","8,075","7,748","251.33K","1.56%"
"2020/10/01","7,951","7,813","8,112","7,685","84.86K","3.58%"
"2020/09/30","7,676","7,700","7,812","7,601","263.41K","-0.36%"
"2020/09/29","7,704","7,397","7,851","7,389","208.85K","4.57%"
"2020/09/28","7,367","7,400","8,272","7,000","242.21K","0.10%"
"2020/09/25","7,360","7,600","7,708","7,356","134.51K","-4.07%"
"2020/09/23","7,672","8,042","8,042","7,620","205.63K","-3.13%"
"2020/09/22","7,920","7,766","8,099","7,739","183.39K","0.89%"
"2020/09/21","7,850","7,990","8,112","7,754","107.66K","0.24%"
"2020/09/18","7,831","8,106","8,106","7,831","668.52K","-3.08%"
"2020/09/17","8,080","8,131","8,731","8,000","401.08K","-4.42%"
"2020/09/16","8,454","8,108","8,526","8,108","116.26K","1.49%"
"2020/09/15","8,330","8,283","8,466","8,226","32.15K","-0.97%"
"2020/09/14","8,412","8,221","8,613","8,221","30.50K","-0.59%"
"2020/09/11","8,462","8,455","8,573","8,278","68.92K","0.08%"
"2020/09/10","8,455","8,800","8,800","8,171","101.38K","-0.41%"
"2020/09/09","8,490","8,355","8,490","8,184","90.76K","1.74%"
"2020/09/08","8,345","8,000","8,652","8,000","47.73K","-0.12%"
"2020/09/07","8,355","8,171","8,427","8,112","112.85K","0.66%"
"2020/09/04","8,300","8,215","8,452","8,137","64.84K","0.76%"
"2020/09/03","8,237","7,842","8,358","7,705","64.78K","1.07%"
"2020/09/02","8,150","8,373","8,562","7,498","248.28K","-3.64%"
"2020/09/01","8,458","8,420","8,798","8,345","174.12K","0.59%"
"2020/08/31","8,408","8,654","8,698","8,408","129.39K","-2.56%"
"2020/08/28","8,629","8,600","8,798","8,493","94.49K","-0.09%"
"2020/08/27","8,637","8,693","8,740","8,597","84.05K","-1.36%"
"2020/08/26","8,756","8,933","8,934","8,674","64.16K","-2.64%"
"2020/08/25","8,993","8,552","9,011","8,552","153.51K","1.82%"
"2020/08/24","8,832","8,686","8,851","8,686","46.63K","0.36%"
"2020/08/21","8,800","8,704","8,864","8,658","99.14K","0.77%"
"2020/08/20","8,733","8,775","8,789","8,633","93.83K","-0.94%"
"2020/08/19","8,816","8,742","8,916","8,732","62.96K","1.08%"
"2020/08/18","8,722","8,900","8,922","8,587","440.72K","1.29%"
"2020/08/17","8,611","9,115","9,115","8,611","104.37K","-3.25%"
"2020/08/14","8,900","9,047","9,155","8,849","108.16K","-3.77%"
"2020/08/13","9,249","9,257","9,354","9,156","353.59K","0.53%"
"2020/08/12","9,200","8,627","9,265","8,627","127.24K","2.77%"
"2020/08/11","8,952","8,276","8,980","8,276","145.26K","8.18%"
"2020/08/07","8,275","8,340","8,431","8,242","207.46K","-1.03%"
"2020/08/06","8,361","8,328","8,361","8,243","116.22K","0.35%"
"2020/08/05","8,332","8,271","8,479","8,271","109.52K","0.49%"
"2020/08/04","8,291","8,230","8,331","8,217","213.40K","-0.01%"
"2020/08/03","8,292","8,648","8,731","8,239","120.66K","-4.58%"
"2020/07/31","8,690","8,583","8,764","8,390","380.19K","0.93%"
"2020/07/30","8,610","8,001","8,652","8,001","227.40K","2.41%"
"2020/07/29","8,407","7,810","8,407","7,810","112.58K","6.40%"
"2020/07/28","7,901","7,673","7,942","7,655","189.65K","2.78%"
"2020/07/27","7,687","7,597","7,687","7,546","59.54K","0.10%"
"2020/07/24","7,679","7,660","7,700","7,523","195.46K","-0.27%"
"2020/07/23","7,700","7,810","7,850","7,662","261.86K","-1.31%"
"2020/07/22","7,802","7,762","8,039","7,654","230.28K","1.15%"
"2020/07/21","7,713","7,905","7,930","7,713","247.35K","-2.18%"
"2020/07/20","7,885","8,043","8,091","7,814","107.48K","-1.68%"
"2020/07/17","8,020","8,299","8,299","7,942","81.16K","-2.94%"
"2020/07/16","8,263","8,299","8,300","8,214","138.15K","-0.45%"
"2020/07/15","8,300","8,121","8,332","8,116","236.55K","1.62%"
"2020/07/14","8,168","8,265","8,265","8,000","266.16K","2.34%"
"2020/07/13","7,981","8,105","8,105","7,870","84.70K","1.69%"
"2020/07/10","7,848","7,926","8,250","7,828","134.33K","-2.67%"
"2020/07/09","8,063","7,874","8,223","7,874","171.63K","0.79%"
"2020/07/08","8,000","7,943","8,075","7,900","95.72K","1.32%"
"2020/07/07","7,896","7,821","7,990","7,772","111.78K","0.24%"
"2020/07/06","7,877","7,780","7,895","7,697","93.66K","1.36%"
"2020/07/03","7,771","7,785","7,785","7,672","18.63K","0.01%"
"2020/07/02","7,770","7,771","7,890","7,716","60.83K","0.80%"
"2020/07/01","7,708","7,660","7,963","7,660","110.65K","-0.28%"
"2020/06/30","7,730","7,755","7,824","7,696","205.84K","-0.50%"
"2020/06/29","7,769","7,553","7,910","7,553","68.26K","0.90%"
"2020/06/26","7,700","7,808","7,834","7,700","88.50K","-1.47%"
"2020/06/25","7,815","7,801","7,885","7,706","97.39K","0.01%"
"2020/06/24","7,814","7,661","7,814","7,661","171.64K","0.22%"
"2020/06/23","7,797","7,800","7,964","7,660","90.08K","-1.09%"
"2020/06/22","7,883","7,800","7,911","7,728","102.02K","0.81%"
"2020/06/19","7,820","7,995","8,114","7,447","881.01K","-0.61%"
"2020/06/18","7,868","7,900","8,262","7,830","178.16K","-0.41%"
"2020/06/17","7,900","8,237","8,237","7,882","207.43K","-1.88%"
"2020/06/15","8,051","8,069","8,111","8,002","104.53K","-1.53%"
"2020/06/12","8,176","8,148","8,220","8,027","155.17K","0.31%"
"2020/06/11","8,151","8,188","8,267","8,083","117.47K","-0.90%"
"2020/06/10","8,225","8,872","8,872","8,119","175.40K","1.54%"
"2020/06/09","8,100","7,935","8,494","7,935","189.46K","-1.23%"
"2020/06/08","8,201","8,253","8,271","8,100","144.65K","0.09%"
"2020/06/05","8,194","7,600","8,244","7,600","280.20K","3.36%"
"2020/06/04","7,928","8,449","8,450","7,882","94.15K","-2.24%"
"2020/06/03","8,110","8,310","8,668","8,046","151.48K","0.20%"
"2020/06/02","8,094","7,893","8,699","7,599","127.75K","6.95%"
"2020/06/01","7,568","7,275","7,601","7,275","146.20K","4.39%"
"2020/05/29","7,250","7,787","7,790","7,221","243.58K","-6.75%"
"2020/05/28","7,775","7,795","7,801","7,676","99.75K","0.75%"
"2020/05/27","7,717","7,617","7,863","7,617","197.42K","2.31%"
"2020/05/26","7,543","7,512","7,699","7,486","151.72K","-0.24%"
"2020/05/25","7,561","7,364","7,561","7,315","68.65K","4.28%"
"2020/05/22","7,251","7,196","7,373","7,081","144.18K","-0.12%"
"2020/05/21","7,260","7,237","7,375","7,225","162.65K","0.53%"
"2020/05/20","7,222","7,167","7,258","7,045","78.80K","1.01%"
"2020/05/19","7,150","7,900","7,900","7,100","97.66K","-1.17%"
"2020/05/18","7,235","6,951","7,267","6,951","70.99K","2.62%"
"2020/05/15","7,050","7,045","7,185","7,030","102.01K","0.09%"
"2020/05/14","7,044","7,100","7,102","6,905","156.74K","0.21%"
"2020/05/13","7,029","7,600","7,662","6,934","249.72K","-2.93%"
"2020/05/12","7,241","7,508","7,553","7,198","179.43K","-4.64%"
"2020/05/11","7,593","7,789","7,847","7,509","210.98K","-3.24%"
"2020/05/08","7,847","7,349","8,000","7,349","437.80K","5.37%"
"2020/05/07","7,447","7,361","7,505","7,256","78.65K","1.42%"
"2020/05/06","7,343","7,100","7,344","7,093","124.76K","2.92%"
"2020/05/05","7,135","7,239","7,243","7,043","215.72K","-0.90%"
"2020/05/04","7,200","7,380","7,454","7,174","229.35K","-2.69%"
"2020/04/30","7,399","7,700","7,705","7,337","133.01K","-2.99%"
"2020/04/29","7,627","7,660","7,713","7,507","370.21K","0.89%"
"2020/04/28","7,560","7,250","7,702","7,250","214.53K","-0.79%"
"2020/04/24","7,620","7,464","7,620","7,328","186.24K","1.72%"
"2020/04/23","7,491","7,620","7,761","7,402","545.01K","-1.69%"
"2020/04/22","7,620","7,580","7,620","7,500","159.74K","1.29%"
"2020/04/21","7,523","7,565","7,620","7,436","277.23K","-0.75%"
"2020/04/20","7,580","7,620","7,620","7,546","143.41K","-0.05%"
"2020/04/17","7,584","7,500","7,620","7,490","230.21K","1.44%"
"2020/04/16","7,476","7,300","7,619","7,300","149.67K","0.05%"
"2020/04/15","7,472","7,600","7,600","7,391","168.45K","-1.94%"
"2020/04/14","7,620","7,517","7,728","7,377","304.70K","3.50%"
"2020/04/09","7,362","7,250","7,540","7,250","304.42K","0.85%"
"2020/04/08","7,300","7,397","7,403","7,264","206.77K","-0.90%"
"2020/04/07","7,366","7,180","7,446","7,174","264.65K","2.31%"
"2020/04/06","7,200","7,414","7,448","7,091","293.89K","0.00%"
"2020/04/03","7,200","7,127","7,317","7,094","161.28K","0.00%"
"2020/04/02","7,200","7,165","7,422","7,116","207.98K","-0.10%"
"2020/04/01","7,207","7,224","7,392","6,950","221.07K","-1.95%"
"2020/03/31","7,350","7,000","7,375","7,000","250.57K","3.33%"
"2020/03/30","7,113","7,010","7,175","6,954","561.95K","-1.82%"
"2020/03/27","7,245","7,200","7,420","7,200","408.15K","-2.04%"
"2020/03/26","7,396","7,200","7,588","7,001","458.84K","-0.05%"
"2020/03/25","7,400","6,600","7,418","6,600","562.95K","3.06%"
"2020/03/24","7,180","6,900","7,400","6,401","320.39K","-2.63%"
"2020/03/23","7,374","7,943","7,943","7,080","357.50K","-11.16%"
"2020/03/20","8,300","8,021","8,521","8,021","730.13K","1.23%"
"2020/03/19","8,199","7,800","8,600","7,800","192.48K","-4.99%"
"2020/03/18","8,630","8,599","8,700","8,518","296.16K","-1.29%"
"2020/03/17","8,743","8,500","8,878","7,901","329.28K","2.86%"
"2020/03/16","8,500","8,600","9,061","8,222","229.91K","-7.46%"
"2020/03/13","9,185","9,015","9,248","9,015","554.84K","-0.12%"
"2020/03/12","9,196","9,799","9,949","9,001","544.33K","-5.49%"
"2020/03/11","9,730","9,705","9,950","9,705","235.01K","-1.63%"
"2020/03/10","9,891","9,950","10,400","9,601","232.89K","-1.14%"
"2020/03/09","10,005","10,050","10,180","9,924","277.82K","-4.62%"
"2020/03/06","10,490","10,399","10,520","10,374","224.71K","-0.36%"
"2020/03/05","10,528","10,530","10,530","10,426","323.34K","0.75%"
"2020/03/04","10,450","10,351","10,538","10,061","255.28K","0.28%"
"2020/03/03","10,421","10,518","10,531","10,360","181.06K","0.16%"
"2020/03/02","10,404","10,422","10,562","10,377","332.50K","-0.16%"
"2020/02/28","10,421","10,261","10,450","9,600","289.54K","-0.28%"
"2020/02/27","10,450","10,995","10,995","10,318","230.82K","-2.58%"
"2020/02/26","10,727","10,160","10,873","10,054","267.97K","5.17%"
"2020/02/25","10,200","9,940","10,301","9,640","358.02K","3.03%"
"2020/02/24","9,900","10,100","10,100","9,879","145.98K","-2.94%"
"2020/02/21","10,200","10,225","10,293","10,123","169.69K","-0.36%"
"2020/02/20","10,237","9,985","10,258","9,985","100.44K","-0.59%"
"2020/02/19","10,298","10,240","10,389","10,096","163.27K","0.65%"
"2020/02/18","10,232","10,600","10,613","10,230","138.72K","-3.15%"
"2020/02/17","10,565","10,210","10,658","10,210","46.21K","-0.33%"
"2020/02/14","10,600","10,300","10,641","10,205","167.49K","3.19%"
"2020/02/13","10,272","10,299","10,406","10,222","106.54K","-0.27%"
"2020/02/12","10,300","10,255","10,334","10,250","152.10K","0.44%"
"2020/02/11","10,255","10,377","10,377","10,210","141.32K","0.53%"
"2020/02/10","10,201","10,418","10,430","10,192","80.81K","-1.91%"
"2020/02/07","10,400","10,499","10,500","10,400","171.94K","-0.95%"
"2020/02/06","10,500","10,239","10,556","10,239","168.21K","-0.43%"
"2020/02/05","10,545","10,385","10,571","10,381","95.94K","1.19%"
"2020/02/04","10,421","10,562","10,562","10,378","55.56K","0.13%"
"2020/02/03","10,407","10,350","10,526","9,990","76.79K","0.26%"
"2020/01/31","10,380","9,986","10,427","9,986","166.27K","-0.49%"
"2020/01/30","10,431","10,397","10,462","10,307","79.62K","0.17%"
"2020/01/29","10,413","10,100","10,425","10,073","69.08K","1.00%"
"2020/01/28","10,310","10,490","10,490","10,150","43.58K","0.60%"
"2020/01/27","10,249","10,300","10,507","10,249","173.62K","-1.24%"
"2020/01/24","10,378","10,389","10,389","9,989","128.88K","0.76%"
"2020/01/23","10,300","10,311","10,390","10,290","76.96K","-0.29%"
"2020/01/22","10,330","10,399","10,454","10,325","89.55K","0.17%"
"2020/01/21","10,312","10,633","10,633","10,226","86.53K","-2.72%"
"2020/01/20","10,600","10,700","10,700","10,578","33.83K","-0.37%"
"2020/01/17","10,639","10,632","10,690","10,478","202.99K","0.07%"
"2020/01/16","10,632","10,512","10,690","10,511","337.25K","0.33%"
"2020/01/15","10,597","10,540","10,740","10,517","178.62K","0.54%"
"2020/01/14","10,540","10,700","10,700","10,510","47.31K","-0.47%"
"2020/01/13","10,590","10,586","10,671","10,507","52.04K","-0.83%"
"2020/01/10","10,679","10,700","10,900","10,617","43.05K","0.30%"
"2020/01/09","10,647","10,755","10,840","10,614","69.36K","-1.59%"
"2020/01/08","10,819","10,561","10,886","10,561","48.08K","1.12%"
"2020/01/07","10,699","10,781","10,810","10,565","118.45K","0.70%"
"2020/01/06","10,625","10,923","10,923","10,600","42.95K","-1.37%"
"2020/01/03","10,773","10,868","10,868","10,597","48.99K","0.91%"
"2020/01/02","10,676","10,900","10,900","10,636","36.10K","-0.22%"
"2019/12/31","10,700","10,791","10,809","10,601","18.33K","-1.30%"
"2019/12/30","10,841","11,074","11,074","10,599","81.94K","2.27%"
"2019/12/27","10,600","10,780","10,988","10,534","81.66K","-2.75%"
"2019/12/24","10,900","10,491","10,900","10,302","20.72K","1.49%"
"2019/12/23","10,740","10,829","11,199","10,600","62.46K","-2.53%"
"2019/12/20","11,019","10,400","11,123","10,400","791.77K","1.01%"
"2019/12/19","10,909","10,700","10,929","10,699","205.77K","0.72%"
"2019/12/18","10,831","10,755","10,831","10,558","145.89K","0.96%"
"2019/12/17","10,728","10,641","10,804","10,584","273.12K","1.22%"
"2019/12/13","10,599","10,667","10,760","10,472","265.46K","-0.17%"
"2019/12/12","10,617","10,299","10,800","10,299","156.75K","-1.41%"
"2019/12/11","10,769","10,399","10,886","10,159","64.74K","-0.32%"
"2019/12/10","10,804","10,491","10,972","10,200","216.10K","1.01%"
"2019/12/09","10,696","10,629","10,745","10,594","264.45K","0.91%"
"2019/12/06","10,600","10,292","10,690","10,292","296.62K","0.12%"
"2019/12/05","10,587","10,559","10,630","10,463","138.87K","0.35%"
"2019/12/04","10,550","10,298","10,550","10,298","116.38K","0.22%"
"2019/12/03","10,527","10,573","10,627","10,491","242.56K","-0.62%"
"2019/12/02","10,593","10,599","10,724","10,352","269.70K","0.62%"
"2019/11/29","10,528","10,456","10,579","10,400","81.08K","0.69%"
"2019/11/28","10,456","10,347","10,456","10,314","205.13K","0.69%"
"2019/11/27","10,384","10,288","10,400","10,288","50.30K","1.10%"
"2019/11/26","10,271","10,275","10,370","10,217","222.14K","-0.04%"
"2019/11/25","10,275","10,339","10,357","10,179","124.80K","0.05%"
"2019/11/22","10,270","10,003","10,414","10,003","147.54K","0.44%"
"2019/11/21","10,225","10,110","10,490","10,110","161.41K","-1.43%"
"2019/11/20","10,373","10,123","10,437","10,123","235.71K","2.48%"
"2019/11/19","10,122","10,237","10,237","9,944","104.02K","0.72%"
"2019/11/18","10,050","9,825","10,237","9,825","116.97K","-0.79%"
"2019/11/15","10,130","9,886","10,186","9,886","536.84K","0.30%"
"2019/11/14","10,100","10,147","10,147","9,930","129.23K","0.93%"
"2019/11/13","10,007","9,803","10,034","9,803","188.09K","0.07%"
"2019/11/12","10,000","9,997","10,000","9,943","106.24K","0.00%"
"2019/11/11","10,000","9,978","10,001","9,958","176.02K","0.10%"
"2019/11/08","9,990","9,997","10,017","9,967","123.21K","-0.17%"
"2019/11/07","10,007","10,024","10,024","9,602","187.74K","1.89%"
"2019/11/06","9,821","9,752","9,970","9,752","405.30K","0.47%"
"2019/11/05","9,775","9,483","9,900","9,480","150.55K","0.26%"
"2019/11/04","9,750","9,420","10,021","9,420","480.54K","0.38%"
"2019/11/01","9,713","9,672","9,769","9,609","84.13K","-0.53%"
"2019/10/31","9,765","9,703","9,795","9,672","213.08K","0.03%"
"2019/10/30","9,762","9,999","9,999","9,580","103.05K","0.34%"
"2019/10/29","9,729","9,900","9,996","9,616","40.35K","1.09%"
"2019/10/28","9,624","9,749","9,750","9,599","105.72K","-1.29%"
"2019/10/25","9,750","9,200","9,883","9,005","85.50K","1.10%"
"2019/10/24","9,644","9,200","9,684","9,107","291.00K","1.19%"
"2019/10/23","9,531","9,600","9,651","9,516","72.46K","-1.27%"
"2019/10/22","9,654","9,630","9,701","9,566","159.59K","0.80%"
"2019/10/21","9,577","9,499","9,698","9,468","205.63K","-0.55%"
"2019/10/18","9,630","9,699","9,710","9,413","462.08K","-0.72%"
"2019/10/17","9,700","9,942","9,942","9,611","100.72K","-2.43%"
"2019/10/16","9,942","9,800","9,948","9,800","151.86K","0.12%"
"2019/10/15","9,930","9,900","9,930","9,841","45.52K","0.56%"
"2019/10/14","9,875","9,947","9,947","9,850","249.28K","-0.39%"
"2019/10/11","9,914","9,772","9,914","9,764","41.77K","0.65%"
"2019/10/10","9,850","9,948","10,005","9,838","530.38K","-1.01%"
"2019/10/09","9,950","9,891","10,001","9,808","158.86K","0.52%"
"2019/10/08","9,899","9,651","9,965","9,651","144.17K","1.53%"
"2019/10/07","9,750","9,575","9,864","9,575","67.42K","1.56%"
"2019/10/04","9,600","9,595","9,648","9,347","225.28K","2.72%"
"2019/10/03","9,346","9,691","9,694","9,300","124.93K","-3.57%"
"2019/10/02","9,692","9,800","9,800","9,611","135.79K","0.22%"
"2019/10/01","9,671","9,596","9,777","9,586","71.46K","0.78%"
"2019/09/30","9,596","9,590","9,625","9,468","68.49K","0.38%"
"2019/09/27","9,560","9,698","9,698","9,390","45.26K","-0.93%"
"2019/09/26","9,650","9,400","9,800","9,400","109.83K","0.51%"
"2019/09/25","9,601","9,443","9,622","9,443","104.17K","-0.19%"
"2019/09/23","9,619","9,800","9,826","9,559","104.15K","-2.53%"
"2019/09/20","9,869","9,815","9,999","9,796","246.72K","1.43%"
"2019/09/19","9,730","9,660","9,747","9,630","39.62K","0.74%"
"2019/09/18","9,659","9,700","9,700","9,615","25.83K","0.46%"
"2019/09/17","9,615","9,600","9,850","9,203","84.95K","-1.89%"
"2019/09/16","9,800","9,765","9,882","9,758","117.30K","0.00%"
"2019/09/13","9,800","10,000","10,000","9,730","66.13K","1.19%"
"2019/09/12","9,685","9,640","9,705","9,580","146.94K","-0.11%"
"2019/09/11","9,696","9,649","9,777","9,630","192.28K","1.25%"
"2019/09/10","9,576","9,560","9,793","9,530","136.34K","0.17%"
"2019/09/09","9,560","9,574","9,609","9,509","218.92K","0.31%"
"2019/09/06","9,530","9,750","9,750","9,400","241.44K","1.19%"
"2019/09/05","9,418","9,300","9,476","9,243","63.09K","2.37%"
"2019/09/04","9,200","9,115","9,200","9,098","88.58K","1.04%"
"2019/09/03","9,105","9,070","9,143","8,995","60.23K","0.80%"
"2019/09/02","9,033","9,100","9,117","8,999","64.79K","-0.73%"
"2019/08/30","9,099","8,951","9,165","8,889","142.92K","1.90%"
"2019/08/29","8,929","8,875","8,963","8,839","104.14K","1.01%"
"2019/08/28","8,840","8,950","9,125","8,771","428.03K","-2.00%"
"2019/08/27","9,020","9,045","9,064","8,990","97.38K","-0.28%"
"2019/08/26","9,045","9,475","9,475","9,000","36.19K","-0.67%"
"2019/08/23","9,106","9,120","9,189","8,974","100.91K","-1.93%"
"2019/08/22","9,285","9,110","9,294","9,110","121.57K","1.90%"
"2019/08/21","9,112","9,100","9,364","9,100","40.61K","-1.21%"
"2019/08/20","9,224","9,259","9,260","9,098","99.09K","2.09%"
"2019/08/19","9,035","9,475","9,475","9,032","46.20K","0.00%"
"2019/08/16","9,035","8,802","9,107","8,802","77.74K","0.04%"
"2019/08/15","9,031","9,100","9,150","8,986","37.46K","-0.76%"
"2019/08/14","9,100","9,381","9,400","9,083","254.23K","-1.64%"
"2019/08/13","9,252","9,200","9,310","9,199","101.52K","-1.57%"
"2019/08/12","9,400","9,400","9,568","9,369","337.12K","-0.71%"
"2019/08/08","9,467","9,499","9,555","9,408","36.86K","1.05%"
"2019/08/07","9,369","9,670","9,670","9,201","220.11K","0.74%"
"2019/08/06","9,300","9,236","9,366","9,236","367.48K","0.76%"
"2019/08/05","9,230","9,000","9,375","9,000","232.89K","-0.91%"
"2019/08/02","9,315","9,390","9,391","9,220","97.13K","-0.72%"
"2019/08/01","9,383","9,220","9,451","9,220","377.70K","0.89%"
"2019/07/31","9,300","9,220","9,356","9,220","433.64K","0.67%"
"2019/07/30","9,238","9,220","9,368","9,218","57.37K","0.11%"
"2019/07/29","9,228","8,875","9,271","8,875","75.47K","-1.08%"
"2019/07/26","9,329","9,223","9,351","9,191","134.79K","0.85%"
"2019/07/25","9,250","8,850","9,344","8,850","1.53M","-0.53%"
"2019/07/24","9,299","9,600","9,795","9,201","470.99K","1.08%"
"2019/07/23","9,200","8,850","9,299","8,850","141.24K","-0.52%"
"2019/07/22","9,248","9,155","9,248","9,118","41.15K","0.52%"
"2019/07/19","9,200","9,500","9,500","9,134","116.72K","0.44%"
"2019/07/18","9,160","9,160","9,184","9,149","55.93K","0.00%"
"2019/07/17","9,160","9,129","9,300","9,040","151.60K","1.08%"
"2019/07/16","9,062","9,300","9,300","8,991","116.80K","-0.56%"
"2019/07/15","9,113","9,100","9,124","9,050","89.09K","1.26%"
"2019/07/12","9,000","8,851","9,000","8,851","143.49K","0.61%"
"2019/07/11","8,945","8,950","8,971","8,870","128.65K","-0.04%"
"2019/07/10","8,949","8,972","8,984","8,889","123.41K","-0.01%"
"2019/07/09","8,950","8,949","8,979","8,886","64.56K","0.01%"
"2019/07/08","8,949","8,918","8,980","8,918","97.94K","0.35%"
"2019/07/05","8,918","8,550","8,935","8,507","79.12K","-0.69%"
"2019/07/04","8,980","8,948","9,027","8,862","85.39K","-0.17%"
"2019/07/03","8,995","9,090","9,090","8,933","482.21K","0.08%"
"2019/07/02","8,988","9,137","9,137","8,984","295.31K","-1.63%"
"2019/07/01","9,137","9,153","9,224","9,056","79.43K","-0.13%"
"2019/06/28","9,149","9,000","9,215","9,000","85.89K","0.16%"
"2019/06/27","9,134","9,000","9,225","9,000","80.75K","-0.70%"
"2019/06/26","9,198","8,870","9,376","8,870","197.37K","-0.63%"
"2019/06/25","9,256","9,127","9,386","9,127","355.40K","-1.51%"
"2019/06/24","9,398","9,700","9,700","9,324","148.68K","-0.02%"
"2019/06/21","9,400","9,125","9,510","9,125","681.47K","-0.48%"
"2019/06/20","9,445","8,500","9,500","8,500","126.27K","1.11%"
"2019/06/19","9,341","9,350","9,454","9,341","163.31K","-0.20%"
"2019/06/18","9,360","9,120","9,440","9,120","170.68K","0.11%"
"2019/06/14","9,350","9,285","9,399","9,281","116.58K","-0.28%"
"2019/06/13","9,376","9,250","9,376","9,250","63.01K","0.55%"
"2019/06/12","9,325","9,285","9,394","9,285","169.07K","-0.80%"
"2019/06/11","9,400","9,400","9,497","9,338","167.90K","-1.05%"
"2019/06/10","9,500","9,550","9,652","9,450","148.52K","-1.75%"
"2019/06/07","9,669","9,570","9,669","9,420","36.12K","2.43%"
"2019/06/06","9,440","9,420","9,574","9,420","57.11K","0.53%"
"2019/06/05","9,390","9,420","9,420","9,291","148.62K","0.74%"
"2019/06/04","9,321","9,347","9,448","9,307","112.93K","-0.28%"
"2019/06/03","9,347","9,700","9,700","9,321","163.28K","-1.61%"
"2019/05/31","9,500","9,566","9,592","9,354","186.51K","-1.63%"
"2019/05/30","9,657","9,310","9,692","9,310","38.48K","3.72%"
"2019/05/29","9,311","9,348","9,675","9,200","146.46K","0.69%"
"2019/05/28","9,247","9,300","9,350","9,247","387.01K","-0.73%"
"2019/05/27","9,315","9,205","9,442","9,205","132.72K","0.70%"
"2019/05/24","9,250","9,230","9,300","9,230","252.57K","0.00%"
"2019/05/23","9,250","9,300","9,367","9,215","221.11K","-0.58%"
"2019/05/22","9,304","9,599","9,599","9,304","150.90K","-1.01%"
"2019/05/21","9,399","9,700","9,700","9,397","321.54K","-2.41%"
"2019/05/20","9,631","9,300","9,631","9,300","51.78K","1.67%"
"2019/05/17","9,473","9,600","9,688","9,402","232.00K","-1.32%"
"2019/05/16","9,600","9,500","9,682","9,500","62.65K","-0.37%"
"2019/05/15","9,636","9,550","9,668","9,514","167.16K","0.90%"
"2019/05/14","9,550","9,575","9,642","9,428","302.29K","-0.61%"
"2019/05/13","9,609","9,650","9,783","9,605","230.47K","-2.25%"
"2019/05/10","9,830","9,920","9,951","9,620","136.90K","1.65%"
"2019/05/09","9,670","9,574","9,900","9,574","207.01K","0.21%"
"2019/05/07","9,650","9,600","9,697","9,600","166.63K","0.00%"
"2019/05/06","9,650","9,574","10,005","9,565","217.67K","0.00%"
"2019/05/03","9,650","10,000","10,054","9,550","279.68K","0.00%"
"2019/05/02","9,650","9,540","9,689","9,522","154.57K","0.70%"
"2019/04/30","9,583","10,050","10,050","9,519","145.52K","0.00%"
"2019/04/29","9,583","9,650","10,100","9,500","109.05K","-1.21%"
"2019/04/26","9,700","9,740","9,900","9,613","104.02K","-0.41%"
"2019/04/25","9,740","10,190","10,190","9,700","69.82K","-3.16%"
"2019/04/24","10,058","9,955","10,175","9,780","90.11K","1.09%"
"2019/04/23","9,950","9,650","9,980","9,650","68.15K","2.21%"
"2019/04/18","9,735","9,950","9,950","9,685","166.58K","-1.42%"
"2019/04/17","9,875","9,700","9,927","9,613","335.26K","1.84%"
"2019/04/16","9,697","9,500","9,737","9,500","180.73K","1.16%"
"2019/04/15","9,586","9,550","9,661","9,488","100.90K","-0.97%"
"2019/04/12","9,680","9,587","9,701","9,511","111.51K","0.47%"
"2019/04/11","9,635","9,600","9,850","9,516","68.70K","0.02%"
"2019/04/10","9,633","9,550","9,758","9,550","89.52K","0.90%"
"2019/04/09","9,547","9,849","9,849","9,523","81.06K","-1.09%"
"2019/04/08","9,652","9,600","9,679","9,350","82.30K","-0.16%"
"2019/04/05","9,667","9,200","9,667","9,200","83.54K","1.26%"
"2019/04/04","9,547","9,500","9,825","9,205","125.76K","-0.35%"
"2019/04/03","9,581","9,599","9,638","9,450","92.16K","-1.48%"
"2019/04/02","9,725","9,700","9,898","9,693","78.30K","0.26%"
"2019/04/01","9,700","9,700","10,040","9,589","189.32K","1.29%"
"2019/03/29","9,576","9,600","9,737","9,550","213.94K","-0.25%"
"2019/03/28","9,600","10,300","10,300","9,490","155.01K","-3.52%"
"2019/03/27","9,950","10,200","10,200","9,765","69.39K","0.56%"
"2019/03/26","9,895","10,230","10,230","9,694","125.14K","-0.53%"
"2019/03/25","9,948","10,400","10,700","9,818","228.47K","-3.42%"
"2019/03/22","10,300","9,901","10,357","9,901","162.93K","2.58%"
"2019/03/20","10,041","10,500","10,500","9,785","130.19K","-1.17%"
"2019/03/19","10,160","10,087","10,233","9,714","196.59K","4.22%"
"2019/03/18","9,749","10,012","10,012","9,657","184.36K","-1.65%"
"2019/03/15","9,913","10,135","10,135","9,741","1.22M","-0.87%"
"2019/03/14","10,000","10,135","10,135","9,952","114.61K","1.22%"
"2019/03/13","9,879","9,600","10,000","9,427","128.86K","-0.71%"
"2019/03/12","9,950","9,997","9,998","9,732","247.72K","-0.14%"
"2019/03/11","9,964","9,600","10,591","9,401","157.60K","-0.86%"
"2019/03/08","10,050","10,050","10,192","9,406","199.23K","0.00%"
"2019/03/07","10,050","10,550","10,550","9,600","196.11K","-0.99%"
"2019/03/06","10,150","10,280","10,350","10,125","143.31K","0.40%"
"2019/03/05","10,110","10,150","10,172","9,201","151.84K","-0.39%"
"2019/03/04","10,150","10,203","10,230","10,054","188.94K","0.48%"
"2019/03/01","10,102","9,830","10,111","9,830","120.94K","3.19%"
"2019/02/28","9,790","9,950","9,950","9,540","227.26K","1.35%"
"2019/02/27","9,660","9,535","9,700","9,428","174.35K","1.91%"
"2019/02/26","9,479","9,000","9,554","9,000","332.77K","6.02%"
"2019/02/25","8,941","9,300","9,300","8,799","247.14K","0.48%"
"2019/02/22","8,898","8,265","9,088","8,265","166.94K","0.75%"
"2019/02/21","8,832","8,400","8,870","8,400","207.59K","-0.48%"
"2019/02/20","8,875","8,501","8,916","8,501","176.37K","0.57%"
"2019/02/19","8,825","8,702","8,825","8,695","192.72K","0.63%"
"2019/02/18","8,770","8,900","8,993","8,750","169.60K","-1.46%"
"2019/02/15","8,900","8,635","9,000","8,635","111.36K","-0.66%"
"2019/02/14","8,959","8,650","9,050","8,650","131.99K","-0.53%"
"2019/02/13","9,007","9,248","9,248","8,939","64.67K","2.04%"
"2019/02/12","8,827","9,189","9,189","8,651","83.18K","-0.51%"
"2019/02/11","8,872","9,312","9,312","8,870","94.81K","-3.77%"
"2019/02/08","9,220","9,450","9,450","9,002","104.54K","1.46%"
"2019/02/07","9,087","9,450","9,450","9,035","56.56K","-0.27%"
"2019/02/06","9,112","9,109","9,261","9,054","94.76K","1.24%"
"2019/02/05","9,000","8,637","9,000","8,637","274.46K","2.56%"
"2019/02/04","8,775","9,149","9,149","8,775","195.20K","-1.47%"
"2019/02/01","8,906","8,790","9,104","8,762","479.47K","0.07%"
"2019/01/31","8,900","8,933","8,975","8,885","229.71K","-0.37%"
"2019/01/30","8,933","9,078","9,078","8,933","175.72K","-1.82%"
"2019/01/29","9,099","8,885","9,123","8,885","147.72K","0.00%"
"2019/01/28","9,099","9,137","9,137","8,897","61.92K","-0.42%"
"2019/01/25","9,137","8,785","9,189","8,785","188.74K","1.86%"
"2019/01/24","8,970","8,788","9,192","8,788","319.85K","1.40%"
"2019/01/23","8,846","8,635","8,846","8,635","342.36K","0.52%"
"2019/01/22","8,800","8,725","8,894","8,725","187.49K","0.86%"
"2019/01/21","8,725","8,601","8,750","8,601","368.35K","-0.46%"
"2019/01/18","8,765","8,600","8,800","8,600","254.06K","1.91%"
"2019/01/17","8,601","9,053","9,053","8,597","272.17K","-2.07%"
"2019/01/16","8,783","8,602","8,850","8,602","435.57K","0.09%"
"2019/01/15","8,775","8,706","8,800","8,684","113.81K","0.06%"
"2019/01/14","8,770","8,750","8,823","8,713","256.11K","0.74%"
"2019/01/11","8,706","8,512","8,716","8,508","195.91K","1.85%"
"2019/01/10","8,548","8,798","8,798","8,452","865.95K","1.28%"
"2019/01/09","8,440","8,301","8,455","8,301","588.19K","0.48%"
"2019/01/08","8,400","8,802","8,802","8,352","182.75K","-0.58%"
"2019/01/07","8,449","8,499","8,499","8,200","265.07K","0.60%"
"2019/01/04","8,399","8,698","8,698","8,295","206.31K","0.38%"
"2019/01/03","8,367","8,122","8,800","7,701","211.04K","1.81%"
"2019/01/02","8,218","8,521","8,521","8,189","66.35K","-1.59%"
"2018/12/31","8,351","8,312","8,400","8,312","6.15K","-0.58%"
"2018/12/28","8,400","8,354","8,401","8,303","99.62K","0.55%"
"2018/12/27","8,354","8,350","8,400","8,244","54.92K","-0.31%"
"2018/12/24","8,380","8,495","8,496","8,299","28.45K","0.31%"
"2018/12/21","8,354","8,657","8,657","8,354","195.83K","-0.50%"
"2018/12/20","8,396","8,656","8,656","8,380","93.96K","-1.61%"
"2018/12/19","8,533","8,600","8,604","8,491","97.72K","1.03%"
"2018/12/18","8,446","8,820","8,904","8,239","152.51K","-0.28%"
"2018/12/14","8,470","8,550","8,550","8,395","211.52K","-0.94%"
"2018/12/13","8,550","8,780","8,780","8,496","224.83K","-0.35%"
"2018/12/12","8,580","8,680","8,850","8,554","192.25K","-1.15%"
"2018/12/11","8,680","8,795","8,810","8,650","301.74K","-1.56%"
"2018/12/10","8,818","9,034","9,034","8,732","43.21K","-2.32%"
"2018/12/07","9,027","9,420","9,479","9,027","132.95K","-0.01%"
"2018/12/06","9,028","9,199","9,199","8,878","135.14K","0.11%"
"2018/12/05","9,018","9,200","9,200","9,000","156.99K","-2.02%"
"2018/12/04","9,204","9,490","9,490","9,156","92.22K","0.38%"
"2018/12/03","9,169","9,480","9,480","9,100","77.56K","0.76%"
"2018/11/30","9,100","9,077","9,178","9,077","198.43K","0.25%"
"2018/11/29","9,077","9,296","9,300","8,698","226.10K","-2.21%"
"2018/11/28","9,282","9,325","9,325","9,134","299.16K","0.35%"
"2018/11/27","9,250","9,199","9,650","9,199","109.68K","0.15%"
"2018/11/26","9,236","9,450","9,450","9,217","133.96K","-2.36%"
"2018/11/23","9,459","9,650","9,792","9,367","128.79K","0.12%"
"2018/11/22","9,448","9,700","9,700","9,400","58.37K","0.77%"
"2018/11/21","9,376","9,700","9,700","9,330","56.72K","-0.57%"
"2018/11/20","9,430","9,302","9,574","9,302","259.97K","-1.19%"
"2018/11/19","9,544","9,465","9,850","9,250","64.19K","-1.61%"
"2018/11/16","9,700","9,499","9,795","9,499","187.99K","0.03%"
"2018/11/15","9,697","9,800","9,800","9,573","81.48K","-0.03%"
"2018/11/14","9,700","9,751","9,935","9,652","225.16K","-1.46%"
"2018/11/13","9,844","10,301","10,301","9,762","130.13K","-0.32%"
"2018/11/12","9,876","10,000","10,093","9,845","343.31K","-2.91%"
"2018/11/09","10,172","10,350","10,350","10,101","82.44K","-1.53%"
"2018/11/08","10,330","10,450","10,450","10,280","391.90K","-0.15%"
"2018/11/07","10,346","10,587","10,587","10,280","76.15K","0.63%"
"2018/11/06","10,281","10,551","10,561","10,270","156.18K","-2.61%"
"2018/11/05","10,557","9,915","10,557","9,915","121.33K","5.40%"
"2018/11/02","10,016","9,632","10,049","9,632","248.21K","1.17%"
"2018/11/01","9,900","9,595","9,967","9,416","182.12K","4.76%"
"2018/10/31","9,450","9,400","9,580","9,273","638.85K","-0.19%"
"2018/10/30","9,468","9,500","9,595","9,412","369.79K","-0.86%"
"2018/10/29","9,550","9,200","9,612","8,708","70.58K","-1.24%"
"2018/10/26","9,670","9,625","9,749","9,529","182.39K","-0.81%"
"2018/10/25","9,749","9,300","9,800","9,253","110.95K","0.12%"
"2018/10/24","9,737","9,790","9,810","9,661","163.28K","1.43%"
"2018/10/23","9,600","9,449","9,850","9,314","358.19K","-2.64%"
"2018/10/22","9,860","9,780","9,950","9,780","98.56K","0.12%"
"2018/10/19","9,848","9,800","9,848","9,716","335.02K","0.36%"
"2018/10/18","9,813","9,720","9,825","9,720","82.96K","-0.38%"
"2018/10/17","9,850","10,060","10,060","9,742","82.32K","-1.71%"
"2018/10/16","10,021","9,500","10,021","9,142","185.99K","3.12%"
"2018/10/15","9,718","9,886","10,089","9,650","136.34K","-1.71%"
"2018/10/12","9,887","9,950","9,983","9,873","349.48K","-0.63%"
"2018/10/11","9,950","10,055","10,098","9,757","206.76K","-0.75%"
"2018/10/10","10,025","10,000","10,074","10,000","100.69K","-1.23%"
"2018/10/09","10,150","10,519","10,519","10,042","79.12K","-4.22%"
"2018/10/08","10,597","9,900","10,599","9,900","197.58K","3.39%"
"2018/10/05","10,250","10,085","10,319","10,085","87.85K","0.10%"
"2018/10/04","10,240","10,300","10,507","10,186","166.53K","-0.10%"
"2018/10/03","10,250","10,055","10,367","10,055","184.68K","-0.94%"
"2018/10/02","10,347","10,431","10,542","10,250","214.95K","-1.04%"
"2018/10/01","10,456","10,155","10,550","10,155","83.50K","-0.16%"
"2018/09/28","10,473","10,238","10,473","10,166","225.99K","1.88%"
"2018/09/27","10,280","10,300","10,498","10,235","183.36K","-2.10%"
"2018/09/26","10,500","10,055","10,545","10,055","139.19K","1.98%"
"2018/09/25","10,296","10,150","10,430","9,949","156.14K","0.92%"
"2018/09/21","10,202","10,200","10,202","9,831","1.05M","2.53%"
"2018/09/20","9,950","10,076","10,170","9,912","727.96K","-1.97%"
"2018/09/19","10,150","9,930","10,200","9,930","88.50K","-0.94%"
"2018/09/18","10,246","9,969","10,261","9,969","67.80K","2.46%"
"2018/09/17","10,000","10,158","10,158","9,925","94.22K","-1.57%"
"2018/09/14","10,160","10,045","10,215","10,045","82.77K","-0.58%"
"2018/09/13","10,219","10,423","10,423","10,088","223.53K","0.76%"
"2018/09/12","10,142","10,450","10,450","10,136","286.90K","-2.67%"
"2018/09/11","10,420","10,450","10,451","10,385","92.89K","-0.29%"
"2018/09/10","10,450","10,501","10,502","10,405","324.41K","-0.50%"
"2018/09/07","10,502","10,406","10,600","10,368","136.78K","0.92%"
"2018/09/06","10,406","10,325","10,442","10,325","140.73K","0.78%"
"2018/09/05","10,325","10,380","10,417","10,270","167.60K","-0.72%"
"2018/09/04","10,400","10,400","10,540","10,400","61.40K","-0.48%"
"2018/09/03","10,450","10,600","10,600","10,260","123.52K","0.41%"
"2018/08/31","10,407","10,269","10,411","10,241","209.73K","0.73%"
"2018/08/30","10,332","10,425","10,529","10,297","55.97K","-0.89%"
"2018/08/29","10,425","10,201","10,498","10,201","140.79K","-1.03%"
"2018/08/28","10,534","10,730","10,730","10,368","109.71K","-0.51%"
"2018/08/27","10,588","10,484","10,699","10,470","329.44K","1.35%"
"2018/08/24","10,447","10,850","10,850","9,916","222.75K","3.49%"
"2018/08/23","10,095","10,134","10,337","10,048","270.64K","-0.04%"
"2018/08/22","10,099","10,296","10,296","10,070","332.17K","-1.41%"
"2018/08/21","10,243","10,359","10,359","10,180","93.00K","0.13%"
"2018/08/20","10,230","10,167","10,320","10,101","219.35K","0.59%"
"2018/08/17","10,170","10,184","10,385","10,096","214.16K","-0.78%"
"2018/08/16","10,250","10,100","10,275","10,100","176.48K","1.58%"
"2018/08/15","10,091","10,332","10,347","10,023","207.31K","-2.42%"
"2018/08/14","10,341","10,383","10,470","10,233","115.95K","0.33%"
"2018/08/13","10,307","10,440","10,506","10,269","299.95K","-1.62%"
"2018/08/10","10,477","10,491","10,530","10,302","171.41K","-1.24%"
"2018/08/08","10,609","10,442","10,629","10,442","425.01K","1.60%"
"2018/08/07","10,442","10,345","10,589","10,345","694.44K","0.69%"
"2018/08/06","10,370","10,400","10,599","10,282","706.83K","-4.00%"
"2018/08/03","10,802","10,707","10,802","10,419","644.86K","0.95%"
"2018/08/02","10,700","10,600","10,876","10,600","293.22K","-0.32%"
"2018/08/01","10,734","10,900","10,900","10,460","355.73K","1.41%"
"2018/07/31","10,585","10,600","10,666","10,380","485.33K","1.78%"
"2018/07/30","10,400","10,380","10,499","10,300","251.49K","0.19%"
"2018/07/27","10,380","11,000","11,000","10,371","609.63K","-1.14%"
"2018/07/26","10,500","10,995","10,995","10,396","218.21K","-0.16%"
"2018/07/25","10,517","10,700","10,998","10,391","203.12K","1.93%"
"2018/07/24","10,318","10,695","10,695","10,306","82.38K","-0.46%"
"2018/07/23","10,366","10,850","10,850","10,357","99.76K","-3.12%"
"2018/07/20","10,700","10,550","10,806","10,550","54.83K","2.26%"
"2018/07/19","10,464","10,700","10,700","10,457","101.26K","-2.21%"
"2018/07/18","10,700","10,869","10,869","10,631","130.49K","-1.55%"
"2018/07/17","10,869","10,795","10,869","10,754","28.36K","0.64%"
"2018/07/16","10,800","10,919","11,350","10,800","51.50K","-0.63%"
"2018/07/13","10,869","11,695","11,695","10,796","724.39K","-1.50%"
"2018/07/12","11,035","11,600","11,600","10,978","132.74K","-0.14%"
"2018/07/11","11,050","10,800","11,444","10,800","589.51K","1.18%"
"2018/07/10","10,921","11,099","11,100","10,872","198.78K","-1.48%"
"2018/07/09","11,085","11,000","11,085","10,855","197.57K","0.77%"
"2018/07/06","11,000","10,800","11,000","10,693","184.97K","0.73%"
"2018/07/05","10,920","10,611","10,940","10,611","110.23K","-0.56%"
"2018/07/04","10,982","10,750","11,000","10,530","226.01K","1.02%"
"2018/07/03","10,871","10,800","10,931","10,756","122.17K","-0.05%"
"2018/07/02","10,876","10,500","10,984","10,500","118.34K","2.85%"
"2018/06/29","10,575","10,550","10,600","10,525","127.47K","0.94%"
"2018/06/28","10,477","10,350","10,581","10,350","182.12K","-0.22%"
"2018/06/27","10,500","10,330","10,500","10,285","191.81K","1.46%"
"2018/06/26","10,349","10,350","10,523","10,273","330.30K","-0.20%"
"2018/06/25","10,370","10,300","10,498","10,300","163.39K","-1.24%"
"2018/06/22","10,500","10,969","10,969","10,442","61.81K","0.51%"
"2018/06/21","10,447","10,524","10,525","10,441","180.00K","-0.73%"
"2018/06/20","10,524","10,525","10,542","10,475","186.68K","0.28%"
"2018/06/19","10,495","10,400","10,501","10,400","194.70K","-0.61%"
"2018/06/18","10,559","10,685","10,685","10,536","43.77K","-1.18%"
"2018/06/15","10,685","10,761","10,800","10,668","270.49K","-0.14%"
"2018/06/14","10,700","10,490","10,724","10,463","328.54K","2.20%"
"2018/06/13","10,470","10,350","10,500","10,350","186.41K","0.11%"
"2018/06/12","10,458","10,333","10,500","10,333","45.95K","-0.21%"
"2018/06/11","10,480","10,000","10,500","10,000","150.83K","0.45%"
"2018/06/08","10,433","10,400","10,571","10,400","167.66K","-0.89%"
"2018/06/07","10,527","10,600","10,673","10,458","133.36K","-1.45%"
"2018/06/06","10,682","10,550","10,705","10,447","197.03K","1.06%"
"2018/06/05","10,570","10,300","10,653","10,300","345.92K","-1.52%"
"2018/06/04","10,733","10,600","10,856","10,600","160.87K","-0.62%"
"2018/06/01","10,800","10,620","10,876","10,620","212.93K","0.01%"
"2018/05/31","10,799","10,500","10,873","10,500","211.76K","2.36%"
"2018/05/30","10,550","10,800","10,802","10,456","252.37K","-3.02%"
"2018/05/29","10,878","10,910","11,000","10,838","226.08K","-0.67%"
"2018/05/28","10,951","10,955","10,998","10,700","216.50K","-0.04%"
"2018/05/25","10,955","10,600","11,023","10,600","140.50K","-0.06%"
"2018/05/24","10,962","11,000","11,211","10,877","158.44K","-1.55%"
"2018/05/23","11,135","11,250","11,335","11,112","66.12K","-1.86%"
"2018/05/22","11,346","11,200","11,496","11,200","56.78K","-0.65%"
"2018/05/21","11,420","11,300","11,500","11,300","55.91K","0.40%"
"2018/05/18","11,374","11,460","11,599","11,256","87.84K","-0.92%"
"2018/05/17","11,480","11,580","11,580","11,444","70.15K","-1.03%"
"2018/05/16","11,600","11,650","11,656","11,580","208.49K","0.10%"
"2018/05/15","11,588","11,800","11,800","11,588","113.40K","-1.16%"
"2018/05/14","11,724","11,850","11,850","11,710","44.64K","-0.64%"
"2018/05/11","11,800","11,900","11,900","11,764","160.04K","0.00%"
"2018/05/10","11,800","11,950","11,950","11,691","120.05K","-0.84%"
"2018/05/09","11,900","11,979","11,980","11,841","341.88K","0.00%"
"2018/05/08","11,900","12,000","12,000","11,896","166.88K","-0.28%"
"2018/05/07","11,933","11,870","12,099","11,519","186.74K","1.20%"
"2018/05/04","11,791","11,855","12,100","11,349","102.93K","0.18%"
"2018/05/03","11,770","11,400","11,900","11,400","710.76K","-0.20%"
"2018/05/02","11,793","11,400","11,899","11,344","118.98K","0.08%"
"2018/04/30","11,783","11,600","11,994","11,339","262.07K","3.30%"
"2018/04/26","11,407","11,770","11,770","11,376","140.97K","-2.08%"
"2018/04/25","11,649","11,692","11,778","11,589","70.01K","-0.55%"
"2018/04/24","11,714","11,730","11,972","11,405","166.90K","0.55%"
"2018/04/23","11,650","11,700","11,797","11,585","43.76K","-0.09%"
"2018/04/20","11,660","11,646","11,753","11,578","211.11K","0.52%"
"2018/04/19","11,600","11,565","11,673","11,565","130.91K","0.37%"
"2018/04/18","11,557","11,600","11,614","11,503","294.09K","0.32%"
"2018/04/17","11,520","11,500","11,600","11,462","462.54K","0.29%"
"2018/04/16","11,487","11,970","11,970","11,264","145.45K","0.54%"
"2018/04/13","11,425","11,423","11,493","11,347","149.53K","0.57%"
"2018/04/12","11,360","11,276","11,431","11,276","116.04K","1.41%"
"2018/04/11","11,202","11,347","12,100","11,202","197.35K","-1.28%"
"2018/04/10","11,347","11,200","11,694","11,192","335.14K","1.77%"
"2018/04/09","11,150","11,150","11,180","10,969","286.40K","0.45%"
"2018/04/06","11,100","11,200","11,200","11,067","279.35K","0.00%"
"2018/04/05","11,100","11,200","11,200","10,950","240.31K","0.24%"
"2018/04/04","11,073","11,100","11,100","10,880","233.32K","-1.66%"
"2018/04/03","11,260","11,550","11,550","11,156","195.68K","-2.51%"
"2018/03/29","11,550","11,525","11,600","11,404","147.80K","-0.26%"
"2018/03/28","11,580","11,585","11,622","11,482","545.28K","-0.12%"
"2018/03/27","11,594","11,550","11,734","11,340","490.49K","0.47%"
"2018/03/26","11,540","11,549","11,550","11,411","281.57K","0.60%"
"2018/03/23","11,471","11,745","11,774","11,201","214.76K","-2.29%"
"2018/03/22","11,740","11,700","11,779","11,201","269.85K","2.64%"
"2018/03/20","11,438","11,439","11,443","11,159","240.46K","2.26%"
"2018/03/19","11,185","11,110","11,438","11,110","216.91K","0.68%"
"2018/03/16","11,110","11,400","11,698","11,110","711.77K","-2.73%"
"2018/03/15","11,422","11,700","11,700","11,420","191.29K","-0.32%"
"2018/03/14","11,459","11,600","11,600","11,200","109.36K","-1.22%"
"2018/03/13","11,600","11,700","11,700","11,000","90.58K","-0.85%"
"2018/03/12","11,700","11,482","11,726","11,464","181.12K","2.01%"
"2018/03/09","11,470","11,550","11,550","11,456","484.88K","0.00%"
"2018/03/08","11,470","11,200","11,550","10,501","171.64K","-0.35%"
"2018/03/07","11,510","11,400","11,510","11,300","215.84K","0.99%"
"2018/03/06","11,397","11,484","11,563","11,351","187.21K","0.11%"
"2018/03/05","11,385","11,150","11,992","11,150","206.29K","-0.57%"
"2018/03/02","11,450","11,400","11,582","11,357","529.88K","0.05%"
"2018/03/01","11,444","11,150","11,551","11,150","485.28K","1.13%"
"2018/02/28","11,316","11,197","11,316","11,110","313.85K","0.86%"
"2018/02/27","11,220","11,400","11,446","11,100","342.61K","-0.71%"
"2018/02/26","11,300","11,310","11,488","11,153","179.06K","0.89%"
"2018/02/23","11,200","11,370","11,370","11,093","193.46K","1.04%"
"2018/02/22","11,085","11,200","11,229","11,037","104.63K","-1.03%"
"2018/02/21","11,200","10,920","11,239","10,900","71.87K","-0.48%"
"2018/02/20","11,254","11,500","11,500","11,090","104.93K","-1.41%"
"2018/02/19","11,415","11,299","12,000","10,759","158.27K","4.74%"
"2018/02/16","10,898","10,599","10,997","10,506","112.26K","3.35%"
"2018/02/15","10,545","10,300","10,598","10,299","80.49K","2.38%"
"2018/02/14","10,300","10,178","10,448","10,116","268.29K","1.20%"
"2018/02/13","10,178","10,150","10,251","10,149","247.64K","0.28%"
"2018/02/12","10,150","10,225","10,225","10,110","179.74K","-0.40%"
"2018/02/09","10,191","10,110","10,233","10,090","105.25K","-0.48%"
"2018/02/08","10,240","10,200","10,300","10,124","150.23K","0.89%"
"2018/02/07","10,150","10,198","10,199","10,074","125.77K","-0.49%"
"2018/02/06","10,200","10,000","10,200","10,000","99.00K","0.00%"
"2018/02/05","10,200","10,674","10,674","10,097","534.83K","-2.11%"
"2018/02/02","10,420","10,675","10,675","10,313","103.61K","0.25%"
"2018/02/01","10,394","10,300","10,650","10,261","52.69K","0.91%"
"2018/01/31","10,300","10,200","10,404","10,200","550.12K","-1.34%"
"2018/01/30","10,440","10,600","10,665","10,200","54.68K","-1.51%"
"2018/01/29","10,600","10,750","10,760","10,568","76.79K","0.50%"
"2018/01/26","10,547","10,570","10,852","10,500","78.48K","-1.43%"
"2018/01/25","10,700","10,851","10,851","10,600","125.65K","0.94%"
"2018/01/24","10,600","10,700","10,800","10,401","128.97K","0.95%"
"2018/01/23","10,500","10,500","10,542","10,450","84.39K","0.00%"
"2018/01/22","10,500","10,443","10,549","10,246","88.97K","2.94%"
"2018/01/19","10,200","10,383","10,427","10,200","117.53K","-1.16%"
"2018/01/18","10,320","10,364","10,416","9,850","319.04K","0.19%"
"2018/01/17","10,300","10,364","10,380","10,126","141.09K","-0.62%"
"2018/01/16","10,364","10,255","10,365","10,255","235.28K","-0.01%"
"2018/01/15","10,365","10,030","10,365","10,030","107.13K","1.57%"
"2018/01/12","10,205","10,100","10,205","10,064","100.81K","0.67%"
"2018/01/11","10,137","10,300","10,359","10,043","42.13K","0.37%"
"2018/01/10","10,100","10,113","10,369","10,097","37.83K","-0.13%"
"2018/01/09","10,113","10,371","10,371","10,010","172.78K","-0.89%"
"2018/01/08","10,204","9,800","10,278","9,800","248.43K","2.39%"
"2018/01/05","9,966","10,180","10,282","9,840","75.55K","1.69%"
"2018/01/04","9,800","10,200","10,280","9,800","178.71K","-1.72%"
"2018/01/03","9,972","9,916","10,282","9,805","100.03K","-0.96%"
"2018/01/02","10,069","10,282","10,282","9,953","137.78K","0.69%"
"2017/12/29","10,000","10,000","10,241","10,000","101.48K","0.00%"
"2017/12/28","10,000","9,916","10,020","9,916","177.89K","0.68%"
"2017/12/27","9,932","9,805","9,970","9,805","53.14K","-0.48%"
"2017/12/22","9,980","9,990","10,000","9,813","51.54K","1.78%"
"2017/12/21","9,805","9,450","9,905","9,450","261.78K","0.87%"
"2017/12/20","9,720","9,999","10,000","9,696","128.18K","0.21%"
"2017/12/19","9,700","9,354","9,778","9,354","577.00K","3.69%"
"2017/12/18","9,355","8,995","9,447","8,995","788.89K","4.05%"
"2017/12/15","8,991","8,835","9,189","8,835","401.70K","2.31%"
"2017/12/14","8,788","8,640","9,251","8,640","111.97K","1.55%"
"2017/12/13","8,654","8,610","9,050","8,610","128.04K","-0.76%"
"2017/12/12","8,720","8,770","8,770","8,590","369.97K","-0.57%"
"2017/12/11","8,770","5,005","8,998","5,005","268.49K","0.17%"
"2017/12/08","8,755","9,100","9,177","8,625","473.06K","-4.62%"
"2017/12/07","9,179","8,950","9,250","8,950","195.32K","1.01%"
"2017/12/06","9,087","9,200","9,222","9,074","397.91K","-1.30%"
"2017/12/05","9,207","9,449","9,449","9,160","75.46K","-0.24%"
"2017/12/04","9,229","9,361","9,361","9,150","123.42K","-0.76%"
"2017/12/01","9,300","9,315","9,346","9,280","63.36K","0.00%"
"2017/11/30","9,300","9,320","9,334","9,234","207.20K","-0.36%"
"2017/11/29","9,334","9,352","9,400","9,327","60.97K","-0.17%"
"2017/11/28","9,350","9,321","9,396","9,291","66.37K","0.54%"
"2017/11/27","9,300","9,354","9,427","9,292","72.95K","0.35%"
"2017/11/24","9,268","9,260","9,396","9,250","265.86K","-1.40%"
"2017/11/23","9,400","9,275","9,446","9,221","233.99K","1.35%"
"2017/11/22","9,275","9,448","9,448","9,220","125.28K","0.30%"
"2017/11/21","9,247","9,220","9,277","9,170","471.71K","0.29%"
"2017/11/20","9,220","9,426","9,432","9,180","99.81K","-2.23%"
"2017/11/17","9,430","9,424","9,482","9,292","1.20M","-0.14%"
"2017/11/16","9,443","9,600","9,600","9,250","227.49K","-1.64%"
"2017/11/15","9,600","9,733","9,800","9,367","176.42K","-1.67%"
"2017/11/14","9,763","9,810","9,989","9,600","451.58K","-0.68%"
"2017/11/13","9,830","9,850","10,129","9,650","236.02K","-0.20%"
"2017/11/10","9,850","10,447","10,447","9,850","309.82K","-1.50%"
"2017/11/09","10,000","9,605","10,189","9,600","277.84K","-1.86%"
"2017/11/08","10,190","10,447","10,447","10,119","311.98K","-1.83%"
"2017/11/07","10,380","10,550","10,550","10,350","81.60K","0.62%"
"2017/11/06","10,316","10,480","10,486","10,316","239.32K","-1.96%"
"2017/11/03","10,522","10,500","10,550","10,469","72.62K","1.01%"
"2017/11/02","10,417","10,540","10,540","10,372","61.54K","-0.44%"
"2017/11/01","10,463","10,569","10,608","10,463","92.00K","-1.00%"
"2017/10/31","10,569","10,630","10,630","10,483","111.86K","-0.29%"
"2017/10/30","10,600","10,511","10,669","10,501","59.22K","2.12%"
"2017/10/27","10,380","10,669","10,669","10,377","109.55K","-0.14%"
"2017/10/26","10,395","10,330","10,465","10,329","228.60K","0.43%"
"2017/10/25","10,350","9,750","10,386","9,749","68.17K","0.85%"
"2017/10/24","10,263","10,400","10,453","10,050","93.94K","-1.46%"
"2017/10/23","10,415","10,400","10,656","10,400","113.58K","0.01%"
"2017/10/20","10,414","10,582","10,684","10,414","332.81K","-2.39%"
"2017/10/19","10,669","10,900","10,900","10,582","84.46K","-1.12%"
"2017/10/18","10,790","10,740","10,814","10,706","128.02K","0.54%"
"2017/10/17","10,732","10,750","10,750","10,614","91.08K","-0.17%"
"2017/10/16","10,750","10,711","10,780","10,669","175.11K","1.27%"
"2017/10/13","10,615","10,900","10,900","10,551","146.74K","-0.90%"
"2017/10/12","10,711","10,889","10,889","10,571","319.84K","0.10%"
"2017/10/11","10,700","10,711","10,711","10,592","161.86K","0.74%"
"2017/10/10","10,621","10,650","10,730","10,587","322.17K","0.31%"
"2017/10/09","10,588","10,635","10,635","10,412","163.64K","1.32%"
"2017/10/06","10,450","10,500","10,517","10,403","324.89K","-0.15%"
"2017/10/05","10,466","10,190","10,466","9,904","141.92K","3.86%"
"2017/10/04","10,077","10,169","10,169","9,956","346.64K","0.85%"
"2017/10/03","9,992","10,289","10,289","9,923","88.83K","-1.17%"
"2017/10/02","10,110","10,320","10,320","10,081","321.82K","-0.30%"
"2017/09/29","10,140","10,214","10,214","9,964","347.34K","1.29%"
"2017/09/28","10,011","10,000","10,070","9,931","219.03K","0.48%"
"2017/09/27","9,963","10,131","10,131","9,942","102.71K","-1.55%"
"2017/09/26","10,120","10,001","10,197","10,001","144.37K","0.81%"
"2017/09/22","10,039","10,076","10,150","9,973","167.64K","-0.60%"
"2017/09/21","10,100","10,146","10,213","10,017","668.94K","-1.85%"
"2017/09/20","10,290","10,511","10,511","10,232","88.09K","-0.92%"
"2017/09/19","10,386","10,195","10,481","10,170","437.54K","-0.13%"
"2017/09/18","10,400","10,214","10,455","10,188","55.15K","-0.19%"
"2017/09/15","10,420","9,950","10,600","9,690","345.51K","-0.43%"
"2017/09/14","10,465","10,410","10,527","10,410","244.78K","-0.67%"
"2017/09/13","10,536","10,510","10,570","10,417","123.26K","-0.13%"
"2017/09/12","10,550","10,500","10,600","10,500","110.62K","0.21%"
"2017/09/11","10,528","10,393","10,573","10,393","172.00K","-0.21%"
"2017/09/08","10,550","10,375","10,647","10,375","240.85K","-0.32%"
"2017/09/07","10,584","10,335","10,621","10,335","69.71K","0.39%"
"2017/09/06","10,543","10,496","10,645","10,496","104.53K","-0.83%"
"2017/09/05","10,631","10,483","10,687","10,483","140.39K","0.29%"
"2017/09/04","10,600","10,482","10,700","10,482","64.88K","-0.87%"
"2017/09/01","10,693","10,460","10,700","10,460","123.46K","-0.07%"
"2017/08/31","10,700","10,450","10,700","10,450","150.41K","1.49%"
"2017/08/30","10,543","10,435","10,558","10,391","1.45M","0.30%"
"2017/08/29","10,511","10,549","10,550","10,450","78.00K","-0.36%"
"2017/08/28","10,549","10,500","10,699","10,465","178.58K","0.56%"
"2017/08/25","10,490","10,539","10,593","10,470","100.70K","-0.10%"
"2017/08/24","10,500","10,520","10,529","10,454","96.82K","0.18%"
"2017/08/23","10,481","10,555","10,560","10,443","115.49K","-0.73%"
"2017/08/22","10,558","10,650","10,650","10,514","118.45K","0.06%"
"2017/08/21","10,552","10,300","10,732","10,300","194.22K","0.74%"
"2017/08/18","10,475","10,350","10,525","10,350","314.17K","-0.12%"
"2017/08/17","10,488","10,449","10,488","10,433","86.22K","0.27%"
"2017/08/16","10,460","10,418","10,499","10,418","104.61K","0.00%"
"2017/08/15","10,460","10,450","10,489","10,420","130.40K","-0.08%"
"2017/08/14","10,468","10,410","10,500","10,410","370.09K","0.08%"
"2017/08/11","10,460","10,480","10,500","10,417","223.54K","-0.38%"
"2017/08/10","10,500","10,412","10,504","10,412","240.88K","0.10%"
"2017/08/08","10,490","10,600","10,600","10,460","115.87K","0.19%"
"2017/08/07","10,470","10,438","10,500","10,423","256.52K","0.31%"
"2017/08/04","10,438","10,500","10,517","10,400","367.08K","0.46%"
"2017/08/03","10,390","10,500","10,500","10,364","215.60K","-0.43%"
"2017/08/02","10,435","10,480","10,508","10,435","496.09K","-0.52%"
"2017/08/01","10,490","10,469","10,550","10,455","597.49K","-1.04%"
"2017/07/31","10,600","10,750","10,750","10,503","234.99K","0.25%"
"2017/07/28","10,574","10,470","10,800","10,470","24.96K","-1.17%"
"2017/07/27","10,699","10,750","10,800","10,465","254.86K","0.99%"
"2017/07/26","10,594","10,740","10,740","10,038","149.50K","-1.43%"
"2017/07/25","10,748","11,024","11,024","10,731","39.60K","-2.02%"
"2017/07/24","10,970","10,922","11,014","10,900","95.81K","0.05%"
"2017/07/21","10,964","10,850","11,000","10,850","36.59K","0.59%"
"2017/07/20","10,900","10,658","10,925","10,658","163.63K","0.00%"
"2017/07/19","10,900","11,123","11,123","10,846","46.21K","-1.22%"
"2017/07/18","11,035","11,076","11,472","10,970","202.51K","-0.33%"
"2017/07/17","11,072","11,200","11,240","11,063","123.07K","0.69%"
"2017/07/14","10,996","11,064","11,184","10,865","87.85K","0.05%"
"2017/07/13","10,991","10,982","11,020","10,839","128.07K","0.70%"
"2017/07/12","10,915","11,149","11,149","10,910","82.35K","0.14%"
"2017/07/11","10,900","11,239","11,239","10,858","82.07K","-0.80%"
"2017/07/10","10,988","11,300","11,300","10,966","457.21K","-0.92%"
"2017/07/07","11,090","11,416","11,416","10,976","220.28K","-0.65%"
"2017/07/06","11,162","10,880","11,162","10,803","402.40K","2.59%"
"2017/07/05","10,880","10,653","10,901","10,653","111.48K","-0.14%"
"2017/07/04","10,895","10,885","10,990","10,784","139.74K","1.24%"
"2017/07/03","10,762","10,870","10,870","10,580","534.22K","1.26%"
"2017/06/30","10,628","10,750","10,802","10,567","223.82K","-1.28%"
"2017/06/29","10,766","10,821","11,010","10,687","436.90K","-1.37%"
"2017/06/28","10,916","10,680","10,925","10,680","175.02K","0.84%"
"2017/06/27","10,825","10,700","10,907","10,700","102.76K","1.10%"
"2017/06/26","10,707","10,787","10,787","10,589","138.19K","1.52%"
"2017/06/23","10,547","10,360","10,580","10,360","219.11K","0.78%"
"2017/06/22","10,465","10,739","10,739","10,431","95.17K","-0.33%"
"2017/06/21","10,500","10,485","10,575","10,450","103.45K","0.00%"
"2017/06/20","10,500","10,650","10,650","10,494","139.56K","-1.41%"
"2017/06/19","10,650","10,300","10,761","10,300","112.53K","1.52%"
"2017/06/15","10,491","10,365","10,491","10,319","378.20K","0.96%"
"2017/06/14","10,391","10,355","10,540","10,355","25.51K","-1.03%"
"2017/06/13","10,499","10,350","10,550","10,350","123.07K","1.12%"
"2017/06/12","10,383","10,350","10,548","10,350","265.03K","-1.22%"
"2017/06/09","10,511","10,400","10,668","10,363","390.94K","1.75%"
"2017/06/08","10,330","10,340","10,427","10,272","108.66K","-0.10%"
"2017/06/07","10,340","10,300","10,580","10,268","138.94K","-1.45%"
"2017/06/06","10,492","10,389","10,553","10,389","120.43K","-0.09%"
"2017/06/05","10,501","10,506","10,590","10,332","171.47K","-0.84%"
"2017/06/02","10,590","10,444","10,600","10,444","103.68K","1.15%"
"2017/06/01","10,470","10,650","10,695","10,439","200.91K","-2.31%"
"2017/05/31","10,718","10,645","10,731","10,581","134.32K","0.83%"
"2017/05/30","10,630","10,610","10,649","10,511","200.10K","0.78%"
"2017/05/29","10,548","10,617","10,848","10,510","183.52K","-0.55%"
"2017/05/26","10,606","10,750","10,750","10,100","318.91K","-0.81%"
"2017/05/25","10,693","10,900","10,900","10,570","166.15K","-1.36%"
"2017/05/24","10,840","10,800","10,876","10,650","183.16K","0.74%"
"2017/05/23","10,760","10,799","10,799","10,611","234.73K","0.00%"
"2017/05/22","10,760","10,820","10,820","10,512","194.47K","-0.35%"
"2017/05/19","10,798","10,800","10,826","10,674","446.22K","0.97%"
"2017/05/18","10,694","11,000","11,000","10,668","142.13K","-0.61%"
"2017/05/17","10,760","10,773","10,800","10,695","348.73K","-0.11%"
"2017/05/16","10,772","10,842","10,883","10,715","245.93K","-0.26%"
"2017/05/15","10,800","10,875","10,900","10,728","320.79K","-0.70%"
"2017/05/12","10,876","10,973","11,150","10,850","485.25K","-0.22%"
"2017/05/11","10,900","11,117","11,246","10,815","276.78K","-0.87%"
"2017/05/10","10,996","11,200","11,260","10,996","457.21K","-1.82%"
"2017/05/09","11,200","11,500","11,580","11,200","62.05K","-0.86%"
"2017/05/08","11,297","11,590","11,590","11,225","141.71K","-0.03%"
"2017/05/05","11,300","11,485","11,540","11,288","221.86K","-0.26%"
"2017/05/04","11,330","11,448","11,468","11,315","160.45K","-0.75%"
"2017/05/03","11,416","11,455","11,889","11,410","73.57K","-1.62%"
"2017/05/02","11,604","11,893","11,893","11,604","269.33K","0.01%"
"2017/04/28","11,603","11,500","11,910","11,399","247.56K","0.20%"
"2017/04/26","11,580","11,190","11,580","11,190","82.99K","0.70%"
"2017/04/25","11,500","11,500","11,530","11,388","285.34K","0.00%"
"2017/04/24","11,500","11,337","11,500","11,250","98.78K","1.95%"
"2017/04/21","11,280","11,236","11,301","11,236","187.65K","-0.18%"
"2017/04/20","11,300","11,300","11,325","11,268","130.64K","0.00%"
"2017/04/19","11,300","11,410","11,431","11,228","235.83K","-0.88%"
"2017/04/18","11,400","11,510","11,510","11,326","148.50K","-0.87%"
"2017/04/13","11,500","11,500","11,506","11,331","176.73K","0.50%"
"2017/04/12","11,443","11,495","11,539","11,443","91.06K","-0.13%"
"2017/04/11","11,458","11,497","11,499","11,436","67.99K","-0.37%"
"2017/04/10","11,500","11,400","11,500","11,375","217.06K","1.79%"
"2017/04/07","11,298","11,250","11,298","11,200","181.76K","0.26%"
"2017/04/06","11,269","11,206","11,500","11,205","46.14K","-1.15%"
"2017/04/05","11,400","11,375","11,454","11,268","132.32K","-0.96%"
"2017/04/04","11,510","11,488","11,644","11,102","175.34K","0.19%"
"2017/04/03","11,488","11,188","11,564","11,181","111.92K","-0.10%"
"2017/03/31","11,500","11,912","11,912","11,493","369.55K","-1.25%"
"2017/03/30","11,645","11,605","11,701","11,545","130.47K","0.34%"
"2017/03/29","11,605","11,700","11,700","11,526","109.62K","-0.47%"
"2017/03/28","11,660","11,460","12,186","11,380","124.84K","3.12%"
"2017/03/27","11,307","11,458","11,458","11,221","88.55K","-0.21%"
"2017/03/24","11,331","11,358","11,436","11,200","352.55K","-0.24%"
"2017/03/23","11,358","11,595","11,595","11,305","66.63K","-1.13%"
"2017/03/22","11,488","11,500","11,600","11,398","399.32K","0.81%"
"2017/03/20","11,396","11,485","11,543","11,288","82.97K","-0.90%"
"2017/03/17","11,500","11,871","11,871","11,187","342.55K","0.58%"
"2017/03/16","11,434","11,250","11,434","11,221","318.61K","2.26%"
"2017/03/15","11,181","11,243","11,340","11,180","252.26K","-0.55%"
"2017/03/14","11,243","11,170","11,243","11,106","79.97K","0.83%"
"2017/03/13","11,151","11,170","11,182","11,002","76.80K","0.46%"
"2017/03/10","11,100","11,065","11,111","10,956","85.43K","0.32%"
"2017/03/09","11,065","11,100","11,128","10,969","178.75K","-0.41%"
"2017/03/08","11,111","11,177","11,225","11,068","97.40K","0.06%"
"2017/03/07","11,104","11,015","11,104","10,966","185.70K","1.35%"
"2017/03/06","10,956","10,990","11,013","10,950","153.29K","-0.26%"
"2017/03/03","10,985","10,930","10,985","10,930","110.49K","0.14%"
"2017/03/02","10,970","10,510","10,970","10,510","121.64K","0.64%"
"2017/03/01","10,900","10,650","10,950","10,650","144.16K","-0.42%"
"2017/02/28","10,946","10,350","11,889","10,350","292.86K","5.91%"
"2017/02/27","10,335","10,330","10,475","10,330","162.52K","0.00%"
"2017/02/24","10,335","10,450","10,496","10,330","243.79K","-1.25%"
"2017/02/23","10,466","10,499","10,499","10,438","69.54K","0.06%"
"2017/02/22","10,460","10,501","10,640","10,428","125.03K","-0.58%"
"2017/02/21","10,521","10,499","10,531","10,450","80.88K","0.71%"
"2017/02/20","10,447","10,450","10,488","10,385","106.08K","-0.50%"
"2017/02/17","10,499","10,460","10,499","10,333","132.25K","0.32%"
"2017/02/16","10,465","10,477","10,635","10,421","62.79K","-0.33%"
"2017/02/15","10,500","10,400","10,548","10,366","249.07K","0.96%"
"2017/02/14","10,400","10,300","10,499","10,300","144.67K","-0.48%"
"2017/02/13","10,450","10,360","10,547","10,360","263.31K","0.87%"
"2017/02/10","10,360","10,230","10,405","10,230","222.00K","0.52%"
"2017/02/09","10,306","10,230","10,397","10,230","119.76K","0.06%"
"2017/02/08","10,300","10,357","10,400","10,281","166.16K","-0.95%"
"2017/02/07","10,399","10,230","10,399","10,230","70.58K","1.65%"
"2017/02/06","10,230","10,230","10,296","10,185","110.24K","0.00%"
"2017/02/03","10,230","10,286","10,346","10,201","34.53K","-1.15%"
"2017/02/02","10,349","10,400","10,400","10,301","51.58K","0.27%"
"2017/02/01","10,321","10,379","10,397","10,200","180.37K","0.30%"
"2017/01/31","10,290","10,350","10,360","10,162","73.38K","1.63%"
"2017/01/30","10,125","10,700","10,700","10,125","74.97K","-1.55%"
"2017/01/27","10,284","10,187","10,370","10,104","154.29K","-0.16%"
"2017/01/26","10,300","10,300","10,314","10,213","473.30K","0.53%"
"2017/01/25","10,246","10,116","10,300","10,116","116.95K","-0.10%"
"2017/01/24","10,256","9,992","10,367","9,992","185.45K","-0.43%"
"2017/01/23","10,300","10,178","10,325","10,040","212.24K","1.21%"
"2017/01/20","10,177","9,999","10,218","9,967","114.41K","-0.24%"
"2017/01/19","10,201","10,198","10,225","10,190","275.30K","0.06%"
"2017/01/18","10,195","10,391","10,391","10,088","322.17K","0.78%"
"2017/01/17","10,116","10,100","10,195","10,099","71.88K","0.16%"
"2017/01/16","10,100","9,935","10,133","9,935","166.72K","0.70%"
"2017/01/13","10,030","9,999","10,084","9,911","1.02M","1.19%"
"2017/01/12","9,912","9,905","10,000","9,890","830.92K","-0.63%"
"2017/01/11","9,975","9,892","10,058","9,890","375.65K","0.76%"
"2017/01/10","9,900","9,875","10,200","9,875","348.96K","0.20%"
"2017/01/09","9,880","9,994","9,998","9,834","132.44K","-1.20%"
"2017/01/06","10,000","9,950","10,074","9,864","278.13K","0.20%"
"2017/01/05","9,980","10,150","10,150","9,980","548.41K","0.13%"
"2017/01/04","9,967","10,000","10,011","9,950","180.47K","-0.28%"
"2017/01/03","9,995","9,910","10,340","9,760","151.75K","-1.14%"
"2016/12/30","10,110","10,293","10,499","9,761","150.08K","3.13%"
"2016/12/29","9,803","9,825","10,300","9,798","160.32K","-0.23%"
"2016/12/28","9,826","9,833","9,918","9,750","371.10K","0.27%"
"2016/12/23","9,800","9,800","10,204","9,764","40.23K","0.12%"
"2016/12/22","9,788","10,200","10,200","9,713","94.46K","0.08%"
"2016/12/21","9,780","9,892","10,350","9,600","215.93K","-1.21%"
"2016/12/20","9,900","9,948","9,948","9,830","178.71K","0.08%"
"2016/12/19","9,892","9,950","9,950","9,600","296.96K","-0.08%"
"2016/12/15","9,900","10,000","10,000","9,855","431.08K","-1.00%"
"2016/12/14","10,000","10,099","10,099","9,984","316.01K","0.05%"
"2016/12/13","9,995","9,250","10,200","9,250","391.66K","-1.46%"
"2016/12/12","10,143","10,249","10,249","10,134","237.71K","-0.51%"
"2016/12/09","10,195","10,400","10,400","10,133","222.76K","0.43%"
"2016/12/08","10,151","10,200","10,200","10,073","239.24K","0.87%"
"2016/12/07","10,063","10,150","10,160","10,043","320.94K","0.13%"
"2016/12/06","10,050","9,809","10,100","9,809","762.64K","0.76%"
"2016/12/05","9,974","9,750","10,009","9,750","433.85K","0.66%"
"2016/12/02","9,909","9,861","9,935","9,861","634.68K","-0.11%"
"2016/12/01","9,920","9,950","9,978","9,873","242.09K","0.30%"
"2016/11/30","9,890","9,687","9,900","9,371","391.22K","0.31%"
"2016/11/29","9,859","9,870","9,874","9,823","228.44K","-0.08%"
"2016/11/28","9,867","9,900","9,900","9,848","119.35K","0.12%"
"2016/11/25","9,855","9,921","10,049","9,850","197.91K","-0.70%"
"2016/11/24","9,924","10,092","10,109","9,650","171.33K","-1.22%"
"2016/11/23","10,047","10,110","10,110","9,800","224.98K","-0.51%"
"2016/11/22","10,099","10,052","10,110","10,000","489.48K","1.28%"
"2016/11/21","9,971","10,200","10,200","9,949","286.16K","-0.79%"
"2016/11/18","10,050","10,100","10,112","9,984","279.03K","-0.50%"
"2016/11/17","10,100","10,200","10,200","10,074","277.00K","0.31%"
"2016/11/16","10,069","10,010","10,114","10,007","229.72K","0.49%"
"2016/11/15","10,020","10,175","10,200","9,900","572.65K","-1.18%"
"2016/11/14","10,140","10,100","10,204","10,057","169.28K","-0.37%"
"2016/11/11","10,178","10,308","10,312","10,031","306.06K","-1.39%"
"2016/11/10","10,321","10,600","10,600","10,151","192.31K","1.19%"
"2016/11/09","10,200","10,220","10,220","10,127","229.27K","-0.03%"
"2016/11/08","10,203","10,200","10,230","10,091","451.58K","0.03%"
"2016/11/07","10,200","10,175","10,205","10,128","123.84K","1.10%"
"2016/11/04","10,089","9,850","10,129","9,850","195.20K","-1.51%"
"2016/11/03","10,244","10,400","10,400","10,225","376.44K","0.36%"
"2016/11/02","10,207","10,330","10,460","10,180","267.44K","-1.19%"
"2016/11/01","10,330","10,234","10,405","10,234","250.48K","1.47%"
"2016/10/31","10,180","10,200","10,296","10,169","355.79K","-0.60%"
"2016/10/28","10,241","10,210","10,295","10,182","202.54K","-0.16%"
"2016/10/27","10,257","10,250","10,257","10,205","174.13K","0.24%"
"2016/10/26","10,232","10,230","10,263","10,210","40.69K","-0.37%"
"2016/10/25","10,270","10,250","10,290","10,230","89.79K","-0.01%"
"2016/10/24","10,271","10,399","10,399","10,234","79.22K","-0.90%"
"2016/10/21","10,364","10,050","10,473","10,001","246.07K","-0.74%"
"2016/10/20","10,441","10,600","10,600","10,100","343.71K","-1.31%"
"2016/10/19","10,580","10,661","10,701","10,490","215.38K","-1.90%"
"2016/10/18","10,785","10,850","10,963","10,701","72.45K","-1.05%"
"2016/10/17","10,899","11,000","11,000","10,785","248.27K","-0.03%"
"2016/10/14","10,902","10,762","10,990","10,743","251.57K","1.89%"
"2016/10/13","10,700","10,670","10,887","10,577","355.82K","0.30%"
"2016/10/12","10,668","10,405","10,670","10,405","50.52K","0.55%"
"2016/10/11","10,610","10,656","10,670","10,489","379.58K","-0.14%"
"2016/10/10","10,625","10,625","10,641","10,512","231.95K","0.75%"
"2016/10/07","10,546","10,500","10,793","10,500","121.84K","-0.70%"
"2016/10/06","10,620","10,615","10,635","10,265","222.23K","0.19%"
"2016/10/05","10,600","10,112","10,602","10,112","432.33K","1.42%"
"2016/10/04","10,452","10,650","10,650","10,362","255.19K","-0.46%"
"2016/10/03","10,500","10,648","10,648","10,290","449.65K","1.16%"
"2016/09/30","10,380","10,630","10,630","10,111","203.18K","1.89%"
"2016/09/29","10,187","10,650","10,650","10,110","246.21K","-0.13%"
"2016/09/28","10,200","10,600","10,600","10,080","205.59K","0.39%"
"2016/09/27","10,160","10,200","10,200","9,900","214.54K","0.46%"
"2016/09/26","10,113","10,550","10,648","9,912","29.89K","-0.85%"
"2016/09/23","10,200","10,250","10,250","10,102","85.26K","-0.49%"
"2016/09/22","10,250","10,169","10,288","10,169","48.03K","1.08%"
"2016/09/21","10,140","9,901","10,299","9,901","36.39K","-0.10%"
"2016/09/20","10,150","9,906","10,431","9,905","59.49K","-0.49%"
"2016/09/19","10,200","10,348","10,400","10,080","64.84K","-1.45%"
"2016/09/16","10,350","10,355","10,358","10,129","199.90K","-0.24%"
"2016/09/15","10,375","9,999","10,498","9,999","133.98K","-1.17%"
"2016/09/14","10,498","10,499","10,599","10,101","158.59K","0.94%"
"2016/09/13","10,400","10,650","10,660","10,356","50.59K","-0.48%"
"2016/09/12","10,450","10,500","10,605","10,398","125.45K","-1.47%"
"2016/09/09","10,606","10,715","10,864","10,387","166.26K","1.98%"
"2016/09/08","10,400","10,356","10,600","10,356","443.55K","-1.21%"
"2016/09/07","10,527","10,648","10,648","10,400","205.38K","0.28%"
"2016/09/06","10,498","10,710","10,710","10,262","102.01K","2.12%"
"2016/09/05","10,280","10,280","10,712","10,280","101.96K","0.00%"
"2016/09/02","10,280","10,100","10,450","10,056","128.58K","-0.63%"
"2016/09/01","10,345","10,450","10,450","10,198","123.29K","0.43%"
"2016/08/31","10,301","10,715","10,715","10,127","1.19M","-4.62%"
"2016/08/30","10,800","10,384","10,842","10,309","502.51K","4.10%"
"2016/08/29","10,375","10,202","10,491","10,202","92.38K","0.64%"
"2016/08/26","10,309","10,200","10,430","10,200","64.96K","0.87%"
"2016/08/25","10,220","10,239","10,291","10,085","90.37K","1.16%"
"2016/08/24","10,103","10,003","10,224","9,850","90.00K","-0.46%"
"2016/08/23","10,150","10,200","10,248","10,051","84.57K","0.54%"
"2016/08/22","10,095","10,051","10,120","10,041","87.24K","0.01%"
"2016/08/19","10,094","10,123","10,191","9,960","175.13K","-1.64%"
"2016/08/18","10,262","10,100","10,262","10,042","271.12K","0.34%"
"2016/08/17","10,227","10,290","10,299","10,131","283.95K","1.11%"
"2016/08/16","10,115","10,067","10,234","9,950","316.46K","0.48%"
"2016/08/15","10,067","10,156","10,190","9,900","171.98K","0.42%"
"2016/08/12","10,025","10,210","10,283","9,967","146.06K","-1.13%"
"2016/08/11","10,140","9,566","10,142","9,566","197.10K","3.16%"
"2016/08/10","9,829","9,570","9,896","9,400","596.00K","4.56%"
"2016/08/08","9,400","9,650","9,650","9,367","353.10K","-0.91%"
"2016/08/05","9,486","9,650","9,690","9,432","225.20K","-1.24%"
"2016/08/04","9,605","9,405","9,721","9,405","685.95K","2.13%"
"2016/08/02","9,405","9,500","9,500","9,356","226.90K","-1.00%"
"2016/08/01","9,500","9,550","9,580","9,355","276.84K","0.54%"
"2016/07/29","9,449","9,400","9,468","9,356","210.13K","0.94%"
"2016/07/28","9,361","9,500","9,635","9,188","417.20K","-1.46%"
"2016/07/27","9,500","9,200","9,517","9,020","914.97K","3.54%"
"2016/07/26","9,175","8,975","9,210","8,828","596.11K","3.36%"
"2016/07/25","8,877","9,000","9,000","8,779","230.44K","-0.18%"
"2016/07/22","8,893","8,900","8,975","8,800","146.64K","1.06%"
"2016/07/21","8,800","8,820","8,900","8,600","155.79K","1.28%"
"2016/07/20","8,689","8,892","8,892","8,618","107.89K","-1.25%"
"2016/07/19","8,799","8,456","8,851","8,456","119.11K","-0.12%"
"2016/07/18","8,810","8,800","8,899","8,545","153.63K","1.56%"
"2016/07/15","8,675","8,569","8,730","8,458","464.97K","1.24%"
"2016/07/14","8,569","8,894","8,894","8,502","120.02K","-0.24%"
"2016/07/13","8,590","8,611","8,700","8,461","109.57K","-0.22%"
"2016/07/12","8,609","8,370","8,694","8,370","135.85K","0.84%"
"2016/07/11","8,537","8,895","8,895","8,475","149.37K","0.44%"
"2016/07/08","8,500","8,360","8,563","8,360","144.04K","0.56%"
"2016/07/07","8,453","8,110","8,453","8,110","68.35K","2.15%"
"2016/07/06","8,275","8,432","8,484","8,202","139.83K","-3.40%"
"2016/07/05","8,566","8,487","8,571","8,352","105.21K","0.60%"
"2016/07/04","8,515","8,125","8,515","8,125","140.62K","3.02%"
"2016/07/01","8,265","8,320","8,350","8,156","180.61K","-0.42%"
"2016/06/30","8,300","8,379","8,445","8,260","153.78K","-1.00%"
"2016/06/29","8,384","8,500","8,500","8,252","160.45K","0.82%"
"2016/06/28","8,316","8,125","8,491","8,121","248.18K","0.50%"
"2016/06/27","8,275","8,103","8,587","8,103","194.67K","-1.79%"
"2016/06/24","8,426","8,219","8,520","8,149","415.25K","-0.27%"
"2016/06/23","8,449","8,574","8,800","8,103","133.51K","-0.82%"
"2016/06/22","8,519","8,303","8,610","8,303","270.85K","-1.21%"
"2016/06/21","8,623","8,650","8,652","8,506","265.96K","-0.15%"
"2016/06/20","8,636","8,590","8,655","8,545","135.69K","0.13%"
"2016/06/17","8,625","8,650","8,663","8,547","603.86K","-0.29%"
"2016/06/15","8,650","8,625","8,949","8,625","813.46K","0.29%"
"2016/06/14","8,625","8,407","9,000","8,407","179.04K","-0.06%"
"2016/06/13","8,630","8,725","8,759","8,613","68.59K","-0.80%"
"2016/06/10","8,700","8,790","8,790","8,500","392.87K","-1.02%"
"2016/06/09","8,790","8,517","8,897","8,400","234.34K","-0.11%"
"2016/06/08","8,800","8,823","8,863","8,654","269.28K","-1.29%"
"2016/06/07","8,915","8,800","8,956","8,764","359.88K","1.89%"
"2016/06/06","8,750","8,759","8,844","8,656","429.90K","-1.13%"
"2016/06/03","8,850","8,789","8,908","8,719","447.48K","0.36%"
"2016/06/02","8,818","8,600","8,970","8,600","118.68K","-0.02%"
"2016/06/01","8,820","9,050","9,050","8,707","159.93K","0.57%"
"2016/05/31","8,770","9,000","9,035","8,708","278.24K","-1.77%"
"2016/05/30","8,928","8,818","9,160","8,603","160.30K","1.20%"
"2016/05/27","8,822","9,100","9,199","8,698","165.33K","-2.36%"
"2016/05/26","9,035","9,049","9,083","8,970","270.17K","1.09%"
"2016/05/25","8,938","8,550","9,001","8,549","128.51K","0.43%"
"2016/05/24","8,900","8,800","8,901","8,675","237.03K","1.14%"
"2016/05/23","8,800","8,953","9,280","8,518","254.43K","-3.12%"
"2016/05/20","9,083","8,780","9,104","8,537","369.43K","4.50%"
"2016/05/19","8,692","8,540","8,799","8,540","138.48K","-0.70%"
"2016/05/18","8,753","8,570","8,808","8,500","173.40K","2.14%"
"2016/05/17","8,570","8,400","8,689","8,400","404.84K","-0.70%"
"2016/05/16","8,630","8,579","8,692","8,579","282.95K","-0.80%"
"2016/05/13","8,700","9,040","9,125","8,487","480.41K","1.05%"
"2016/05/12","8,610","8,700","8,700","8,401","418.51K","-1.03%"
"2016/05/11","8,700","9,050","9,055","8,687","397.22K","-0.98%"
"2016/05/10","8,786","8,900","8,900","8,665","548.68K","-0.17%"
"2016/05/09","8,801","9,168","9,168","8,700","795.06K","-4.08%"
"2016/05/06","9,175","9,162","9,324","9,100","464.97K","-0.27%"
"2016/05/05","9,200","9,200","9,294","9,106","376.66K","0.00%"
"2016/05/04","9,200","9,200","9,310","9,169","596.83K","0.00%"
"2016/05/03","9,200","9,526","9,639","9,173","130.21K","-4.26%"
"2016/04/29","9,609","9,649","9,676","9,540","155.70K","0.09%"
"2016/04/28","9,600","9,500","9,723","9,464","193.71K","1.94%"
"2016/04/26","9,417","9,498","9,621","9,371","124.87K","0.12%"
"2016/04/25","9,406","9,500","9,563","9,326","183.53K","-0.99%"
"2016/04/22","9,500","9,632","9,635","9,206","259.96K","0.00%"
"2016/04/21","9,500","9,600","9,775","9,370","178.12K","-0.73%"
"2016/04/20","9,570","9,400","9,729","9,233","200.77K","2.90%"
"2016/04/19","9,300","8,900","9,437","8,900","290.36K","-0.53%"
"2016/04/18","9,350","9,250","9,350","9,212","170.41K","1.08%"
"2016/04/15","9,250","9,380","9,380","9,199","340.66K","0.16%"
"2016/04/14","9,235","9,061","9,250","8,954","250.62K","-0.16%"
"2016/04/13","9,250","9,049","9,363","9,049","685.11K","2.93%"
"2016/04/12","8,987","8,810","9,080","8,810","478.81K","1.66%"
"2016/04/11","8,840","8,825","8,909","8,814","154.62K","0.34%"
"2016/04/08","8,810","8,780","8,850","8,775","255.11K","0.46%"
"2016/04/07","8,770","9,166","9,385","8,700","548.84K","0.46%"
"2016/04/06","8,730","8,750","8,750","8,690","199.80K","-0.23%"
"2016/04/05","8,750","8,749","8,750","8,660","165.36K","0.00%"
"2016/04/04","8,750","8,899","8,899","8,705","112.58K","-2.03%"
"2016/04/01","8,931","9,119","9,119","8,931","619.65K","-1.86%"
"2016/03/31","9,100","9,100","9,157","9,000","227.92K","0.55%"
"2016/03/30","9,050","9,200","9,272","9,025","359.05K","-1.38%"
"2016/03/29","9,177","9,321","9,750","9,050","144.41K","-2.37%"
"2016/03/24","9,400","9,700","9,740","9,000","100.88K","1.62%"
"2016/03/23","9,250","9,244","9,775","9,150","128.21K","0.06%"
"2016/03/22","9,244","8,950","9,427","8,950","106.25K","-1.66%"
"2016/03/18","9,400","8,900","9,601","8,900","563.02K","2.73%"
"2016/03/17","9,150","10,000","10,000","9,133","254.88K","0.00%"
"2016/03/16","9,150","9,200","9,200","9,004","193.48K","0.00%"
"2016/03/15","9,150","9,400","9,400","9,150","134.54K","-1.73%"
"2016/03/14","9,311","9,250","9,481","9,246","313.66K","1.13%"
"2016/03/11","9,207","9,300","9,456","9,207","141.82K","-1.49%"
"2016/03/10","9,346","9,200","9,454","9,200","431.76K","-0.04%"
"2016/03/09","9,350","9,200","9,520","9,200","82.45K","-2.09%"
"2016/03/08","9,550","9,600","9,600","9,503","313.23K","0.06%"
"2016/03/07","9,544","9,500","9,799","9,299","400.02K","3.74%"
"2016/03/04","9,200","9,040","9,550","9,030","755.21K","1.66%"
"2016/03/03","9,050","8,950","9,050","8,950","115.22K","1.12%"
"2016/03/02","8,950","8,700","9,027","8,700","246.50K","2.29%"
"2016/03/01","8,750","8,900","8,900","8,691","480.43K","0.57%"
"2016/02/29","8,700","8,625","8,980","8,625","508.16K","-0.17%"
"2016/02/26","8,715","8,866","8,900","8,662","125.44K","-1.53%"
"2016/02/25","8,850","9,450","9,450","8,687","783.96K","-1.67%"
"2016/02/24","9,000","8,850","9,110","8,685","153.95K","2.75%"
"2016/02/23","8,759","8,700","8,914","8,450","796.70K","0.68%"
"2016/02/22","8,700","8,287","8,727","8,055","266.94K","0.58%"
"2016/02/19","8,650","8,500","8,666","8,500","182.35K","0.76%"
"2016/02/18","8,585","8,210","8,600","8,210","129.62K","3.06%"
"2016/02/17","8,330","8,250","8,520","8,099","147.80K","1.59%"
"2016/02/16","8,200","8,577","8,577","8,110","187.00K","-0.46%"
"2016/02/15","8,238","8,140","8,505","8,140","202.10K","-0.75%"
"2016/02/12","8,300","8,499","8,499","8,100","179.74K","2.32%"
"2016/02/11","8,112","8,245","9,000","8,112","366.24K","-4.90%"
"2016/02/10","8,530","8,561","8,650","8,436","191.32K","0.68%"
"2016/02/09","8,472","8,200","8,472","8,149","70.17K","3.32%"
"2016/02/08","8,200","7,620","8,257","7,620","228.10K","1.23%"
"2016/02/05","8,100","8,050","8,500","7,901","359.86K","1.25%"
"2016/02/04","8,000","7,938","8,159","7,938","89.71K","0.79%"
"2016/02/03","7,937","7,990","8,000","7,813","119.54K","-0.66%"
"2016/02/02","7,990","8,380","8,879","7,979","259.10K","-0.13%"
"2016/02/01","8,000","7,550","8,601","7,401","219.02K","-3.47%"
"2016/01/29","8,288","8,700","8,918","8,200","729.52K","-2.01%"
"2016/01/28","8,458","7,700","8,510","7,700","107.25K","6.93%"
"2016/01/27","7,910","7,780","8,026","7,660","79.48K","0.73%"
"2016/01/26","7,853","7,700","7,931","7,649","354.35K","0.81%"
"2016/01/25","7,790","8,063","8,179","7,750","106.23K","-2.01%"
"2016/01/22","7,950","7,948","7,997","7,695","249.96K","0.03%"
"2016/01/21","7,948","7,700","7,948","7,500","146.15K","1.90%"
"2016/01/20","7,800","8,400","8,400","7,737","286.89K","-3.82%"
"2016/01/19","8,110","7,951","8,138","7,888","43.41K","2.00%"
"2016/01/18","7,951","7,830","8,163","7,830","131.66K","-1.50%"
"2016/01/15","8,072","7,975","8,115","7,791","284.04K","1.22%"
"2016/01/14","7,975","7,655","8,070","7,655","257.54K","-2.99%"
"2016/01/13","8,221","8,250","8,250","8,096","43.24K","0.13%"
"2016/01/12","8,210","8,096","8,780","8,096","87.81K","0.74%"
"2016/01/11","8,150","8,200","8,818","8,115","90.60K","-0.55%"
"2016/01/08","8,195","8,179","8,195","8,100","43.82K","0.12%"
"2016/01/07","8,185","8,201","8,475","8,102","210.96K","-3.80%"
"2016/01/06","8,508","8,418","8,802","8,301","65.46K","1.53%"
"2016/01/05","8,380","8,800","8,966","8,205","88.90K","-2.15%"
"2016/01/04","8,564","8,775","9,500","8,105","173.08K","-3.41%"