"Date","Price","Open","High","Low","Vol.","Change %"
"04/08/2026","26.89","26.60","26.95","26.70","343.81K","1.09%"
"04/07/2026","26.60","26.50","26.99","26.06","4.75M","0.38%"
"04/06/2026","26.50","25.95","26.50","25.80","3.64M","2.79%"
"04/05/2026","25.78","25.38","25.89","25.22","1.87M","2.38%"
"04/02/2026","25.18","24.83","25.45","24.71","3.27M","2.15%"
"04/01/2026","24.65","24.95","24.96","24.25","2.58M","2.71%"
"03/31/2026","24.00","24.00","24.40","23.29","3.00M","4.21%"
"03/30/2026","23.03","22.98","23.28","22.80","536.93K","0.13%"
"03/29/2026","23.00","22.98","23.08","22.78","86.27K","0.83%"
"03/26/2026","22.81","23.00","23.08","22.77","489.03K","0.04%"
"03/25/2026","22.80","22.80","23.00","22.70","1.45M","0.48%"
"03/24/2026","22.69","23.24","23.50","22.66","883.14K","-2.37%"
"03/18/2026","23.24","23.00","23.30","22.74","89.08K","1.93%"
"03/17/2026","22.80","22.40","23.09","22.40","185.73K","1.88%"
"03/16/2026","22.38","23.03","23.12","22.14","340.75K","-2.78%"
"03/15/2026","23.02","23.20","23.25","22.70","391.60K","-0.78%"
"03/12/2026","23.20","23.29","23.40","22.61","1.01M","-0.43%"
"03/11/2026","23.30","22.30","23.30","22.00","1.54M","5.00%"
"03/10/2026","22.19","21.57","22.39","21.42","1.48M","3.79%"
"03/09/2026","21.38","21.83","21.95","21.10","989.92K","-1.57%"
"03/08/2026","21.72","21.99","22.00","21.58","463.86K","0.14%"
"03/05/2026","21.69","21.59","21.95","21.55","600.46K","0.84%"
"03/04/2026","21.51","22.25","22.47","21.50","545.17K","-1.83%"
"03/03/2026","21.91","21.70","22.30","21.54","923.05K","1.67%"
"03/02/2026","21.55","22.24","22.79","21.01","429.32K","-2.13%"
"03/01/2026","22.02","21.95","22.25","20.00","264.15K","-3.25%"
"02/26/2026","22.76","22.95","23.23","22.70","157.98K","-1.04%"
"02/25/2026","23.00","22.99","23.23","22.63","1.24M","0.31%"
"02/24/2026","22.93","23.39","23.45","22.90","329.06K","-1.63%"
"02/23/2026","23.31","22.55","23.35","22.50","453.63K","3.51%"
"02/22/2026","22.52","22.89","22.90","22.45","324.15K","-1.66%"
"02/19/2026","22.90","23.15","23.39","22.00","1.65M","-0.65%"
"02/18/2026","23.05","23.76","24.25","22.90","2.50M","-2.95%"
"02/17/2026","23.75","23.94","24.17","23.60","930.12K","0.89%"
"02/16/2026","23.54","23.92","24.19","23.54","2.17M","-1.38%"
"02/15/2026","23.87","24.00","24.38","23.71","430.13K","-0.50%"
"02/12/2026","23.99","23.50","24.00","23.49","609.46K","1.10%"
"02/11/2026","23.73","24.01","24.43","23.50","1.92M","-1.13%"
"02/10/2026","24.00","24.96","25.20","23.80","1.67M","-3.73%"
"02/09/2026","24.93","25.60","25.96","24.90","1.05M","-1.97%"
"02/08/2026","25.43","25.37","26.00","25.00","239.11K","1.72%"
"02/05/2026","25.00","25.70","25.98","24.80","896.78K","-2.84%"
"02/04/2026","25.73","25.86","26.00","25.51","502.69K","0.27%"
"02/03/2026","25.66","25.44","26.00","25.40","426.02K","0.90%"
"02/02/2026","25.43","25.99","25.99","25.25","228.10K","-2.15%"
"02/01/2026","25.99","25.75","26.10","24.80","1.02M","-1.29%"
"01/28/2026","26.33","25.65","26.40","24.85","1.21M","2.61%"
"01/27/2026","25.66","25.90","26.17","25.50","1.37M","-0.08%"
"01/26/2026","25.68","25.56","25.97","25.51","358.23K","-0.23%"
"01/25/2026","25.74","26.40","26.50","25.45","472.61K","-2.61%"
"01/22/2026","26.43","25.99","26.50","25.60","708.66K","1.65%"
"01/21/2026","26.00","25.50","26.00","25.43","1.63M","1.96%"
"01/20/2026","25.50","25.50","25.99","25.12","2.10M","1.76%"
"01/19/2026","25.06","25.50","25.50","24.95","409.44K","-1.69%"
"01/18/2026","25.49","24.26","25.90","24.26","3.22M","6.21%"
"01/15/2026","24.00","24.05","24.85","23.80","819.71K","-0.21%"
"01/14/2026","24.05","24.10","24.30","23.50","607.18K","0.21%"
"01/13/2026","24.00","24.25","24.50","23.81","923.69K","0.76%"
"01/12/2026","23.82","24.31","24.43","23.40","778.49K","-1.57%"
"01/11/2026","24.20","22.34","24.76","22.24","4.67M","8.81%"
"01/08/2026","22.24","21.86","22.34","21.50","148.42K","1.88%"
"01/06/2026","21.83","21.65","22.34","21.65","167.98K","1.02%"
"01/05/2026","21.61","22.10","22.50","21.60","245.87K","-1.46%"
"01/04/2026","21.93","22.51","22.80","21.90","283.06K","-2.36%"
"12/31/2025","22.46","22.64","22.64","22.40","34.72K","-0.84%"
"12/30/2025","22.65","22.30","22.65","22.27","405.97K","1.12%"
"12/29/2025","22.40","22.50","22.50","22.22","77.76K","0.13%"
"12/28/2025","22.37","22.30","22.50","22.20","123.70K","-0.13%"
"12/25/2025","22.40","22.25","22.50","22.10","143.46K","0.72%"
"12/24/2025","22.24","22.25","22.50","22.21","78.25K","-0.80%"
"12/23/2025","22.42","22.05","22.44","22.05","94.51K","1.82%"
"12/22/2025","22.02","22.40","22.51","22.00","228.99K","-1.61%"
"12/21/2025","22.38","22.20","22.50","22.20","1.99M","-0.09%"
"12/18/2025","22.40","22.40","22.58","22.20","339.80K","-0.44%"
"12/17/2025","22.50","22.35","22.58","22.16","91.39K","0.81%"
"12/16/2025","22.32","22.68","22.69","22.26","815.72K","-1.20%"
"12/15/2025","22.59","22.51","22.78","22.44","174.16K","0.27%"
"12/14/2025","22.53","22.52","22.90","22.31","160.90K","0.18%"
"12/11/2025","22.49","22.30","22.60","21.50","208.22K","-0.04%"
"12/10/2025","22.50","22.60","22.65","22.40","43.09K","0.00%"
"12/09/2025","22.50","22.62","22.65","22.15","363.65K","0.00%"
"12/08/2025","22.50","22.35","22.50","22.06","915.43K","1.81%"
"12/07/2025","22.10","22.20","22.46","22.06","192.75K","-0.45%"
"12/04/2025","22.20","22.18","22.47","22.02","813.89K","0.45%"
"12/03/2025","22.10","22.33","22.60","22.05","706.85K","0.27%"
"12/02/2025","22.04","21.90","22.14","21.65","75.78K","1.71%"
"12/01/2025","21.67","22.21","22.28","21.57","138.17K","-1.41%"
"11/30/2025","21.98","21.45","22.15","21.11","234.00K","4.77%"
"11/27/2025","20.98","21.90","21.99","20.00","399.45K","-4.11%"
"11/26/2025","21.88","21.75","22.33","21.54","104.17K","1.02%"
"11/25/2025","21.66","22.05","22.30","21.12","1.59M","-2.52%"
"11/24/2025","22.22","22.51","22.51","22.03","274.67K","-1.29%"
"11/23/2025","22.51","22.80","22.94","22.45","106.10K","-1.70%"
"11/20/2025","22.90","22.92","23.00","22.60","1.55M","-0.09%"
"11/19/2025","22.92","22.90","22.99","22.80","2.17M","-0.09%"
"11/18/2025","22.94","23.00","23.13","22.73","55.68K","-0.22%"
"11/17/2025","22.99","23.16","23.19","22.86","350.79K","-0.48%"
"11/16/2025","23.10","22.97","23.12","22.60","541.81K","0.79%"
"11/13/2025","22.92","22.92","22.98","22.72","949.07K","0.00%"
"11/12/2025","22.92","22.80","22.98","22.65","363.04K","0.53%"
"11/11/2025","22.80","22.51","23.19","22.51","2.91M","0.97%"
"11/10/2025","22.58","22.25","22.70","22.21","410.25K","1.67%"
"11/09/2025","22.21","22.00","22.40","21.86","806.45K","0.91%"
"11/06/2025","22.01","21.40","22.19","21.40","1.92M","2.99%"
"11/05/2025","21.37","21.50","21.93","21.30","977.17K","-0.60%"
"11/04/2025","21.50","21.20","21.68","21.11","884.17K","1.37%"
"11/03/2025","21.21","21.02","21.22","20.87","778.39K","0.90%"
"11/02/2025","21.02","21.11","21.50","20.70","1.17M","0.05%"
"10/30/2025","21.01","20.70","21.17","20.38","1.24M","1.99%"
"10/29/2025","20.60","20.37","20.70","20.30","304.48K","1.08%"
"10/28/2025","20.38","20.54","20.59","20.25","182.23K","-1.02%"
"10/27/2025","20.59","20.80","20.80","20.22","250.57K","-0.91%"
"10/26/2025","20.78","20.30","20.78","20.05","2.09M","3.28%"
"10/23/2025","20.12","19.85","20.18","19.83","3.75M","1.51%"
"10/22/2025","19.82","19.50","19.82","19.35","2.47M","1.69%"
"10/21/2025","19.49","19.25","19.68","19.25","642.71K","1.25%"
"10/20/2025","19.25","19.00","19.33","18.99","481.01K","1.58%"
"10/19/2025","18.95","18.80","19.00","18.71","262.77K","1.01%"
"10/16/2025","18.76","18.64","18.85","18.61","653.91K","0.64%"
"10/15/2025","18.64","18.80","18.85","18.60","250.58K","-0.59%"
"10/14/2025","18.75","18.87","18.90","18.70","108.36K","0.43%"
"10/13/2025","18.67","18.77","18.95","18.64","274.20K","-0.05%"
"10/12/2025","18.68","19.00","19.00","18.66","141.75K","-1.53%"
"10/08/2025","18.97","18.84","19.00","18.75","263.84K","0.42%"
"10/07/2025","18.89","18.75","19.02","18.63","435.79K","0.59%"
"10/06/2025","18.78","18.74","18.80","18.56","366.71K","0.54%"
"10/05/2025","18.68","18.65","18.74","18.54","121.43K","0.27%"
"10/02/2025","18.63","18.60","18.71","18.54","81.65K","0.05%"
"10/01/2025","18.62","18.73","18.75","18.50","367.77K","0.05%"
"09/30/2025","18.61","18.65","18.75","18.44","524.72K","0.05%"
"09/29/2025","18.60","18.64","18.65","18.44","658.98K","-0.05%"
"09/28/2025","18.61","18.35","18.64","18.23","560.67K","1.92%"
"09/25/2025","18.26","18.60","18.64","18.15","307.25K","-1.08%"
"09/24/2025","18.46","18.45","18.59","18.21","252.48K","0.60%"
"09/23/2025","18.35","18.20","18.44","18.12","840.31K","0.77%"
"09/22/2025","18.21","18.11","18.42","18.11","344.40K","-0.05%"
"09/21/2025","18.22","18.48","18.48","18.21","43.16K","-0.55%"
"09/18/2025","18.32","18.39","18.60","18.20","360.03K","-0.43%"
"09/17/2025","18.40","18.37","18.43","18.07","195.79K","1.10%"
"09/16/2025","18.20","18.48","18.48","18.01","373.75K","-1.57%"
"09/15/2025","18.49","17.90","18.50","17.90","527.61K","3.01%"
"09/14/2025","17.95","18.13","18.13","17.75","114.30K","-0.44%"
"09/11/2025","18.03","17.82","18.10","17.76","422.58K","1.35%"
"09/10/2025","17.79","17.79","17.90","17.70","98.17K","0.06%"
"09/09/2025","17.78","18.00","18.07","17.74","677.24K","-0.45%"
"09/08/2025","17.86","18.10","18.20","17.80","124.86K","-1.38%"
"09/07/2025","18.11","18.00","18.16","17.85","230.62K","0.72%"
"09/03/2025","17.98","18.10","18.43","17.80","928.14K","-0.88%"
"09/02/2025","18.14","18.40","18.46","18.00","710.85K","-0.60%"
"09/01/2025","18.25","18.45","18.64","18.25","132.74K","-0.82%"
"08/31/2025","18.40","18.55","18.74","18.39","171.53K","-1.18%"
"08/28/2025","18.62","18.80","18.84","18.52","84.56K","-0.27%"
"08/27/2025","18.67","18.50","18.72","18.46","398.03K","0.92%"
"08/26/2025","18.50","18.55","18.70","18.46","875.88K","-0.27%"
"08/25/2025","18.55","18.49","18.80","18.49","837.21K","0.32%"
"08/24/2025","18.49","18.45","18.71","18.40","476.26K","0.43%"
"08/21/2025","18.41","18.50","18.74","18.38","636.90K","-0.49%"
"08/20/2025","18.50","19.15","19.25","18.46","1.88M","-3.44%"
"08/19/2025","19.16","19.16","19.28","19.03","1.62M","0.05%"
"08/18/2025","19.15","18.81","19.20","18.81","1.15M","1.00%"
"08/17/2025","18.96","18.97","19.12","18.71","150.98K","0.85%"
"08/14/2025","18.80","19.03","19.07","18.75","1.66M","-0.95%"
"08/13/2025","18.98","19.23","19.23","18.81","2.48M","-1.09%"
"08/12/2025","19.19","19.20","19.29","19.03","1.21M","0.00%"
"08/11/2025","19.19","19.10","19.20","19.01","798.33K","0.37%"
"08/10/2025","19.12","18.96","19.20","18.91","1.38M","0.84%"
"08/07/2025","18.96","18.00","19.22","18.00","2.32M","2.49%"
"08/06/2025","18.50","18.58","18.79","18.48","1.35M","-1.02%"
"08/05/2025","18.69","18.35","18.70","18.35","413.24K","1.69%"
"08/04/2025","18.38","18.35","18.70","18.30","839.84K","0.11%"
"08/03/2025","18.36","18.34","18.59","18.25","155.36K","-0.22%"
"07/31/2025","18.40","18.41","18.55","18.30","663.50K","0.22%"
"07/30/2025","18.36","18.70","18.79","18.30","1.07M","-1.82%"
"07/29/2025","18.70","18.57","18.72","18.40","727.20K","0.70%"
"07/28/2025","18.57","18.42","18.85","18.42","275.38K","-0.21%"
"07/27/2025","18.61","18.36","18.64","18.19","554.74K","1.36%"
"07/23/2025","18.36","18.40","18.50","18.10","385.22K","-0.22%"
"07/22/2025","18.40","18.73","18.85","18.33","472.05K","-1.66%"
"07/21/2025","18.71","18.70","18.91","18.64","689.47K","0.43%"
"07/20/2025","18.63","18.48","18.70","18.32","757.47K","1.19%"
"07/17/2025","18.41","18.35","18.48","18.13","282.21K","1.77%"
"07/16/2025","18.09","18.70","18.75","18.05","404.57K","-3.26%"
"07/15/2025","18.70","18.33","18.70","18.31","970.57K","1.91%"
"07/14/2025","18.35","18.02","18.45","18.00","1.14M","1.89%"
"07/13/2025","18.01","17.62","18.10","17.52","1.32M","2.27%"
"07/10/2025","17.61","17.60","17.71","17.55","569.21K","0.34%"
"07/09/2025","17.55","17.60","17.70","17.54","191.44K","-0.28%"
"07/07/2025","17.60","17.56","17.84","17.53","234.27K","0.23%"
"07/06/2025","17.56","17.65","17.80","17.50","352.05K","-0.17%"
"07/02/2025","17.59","17.50","17.70","17.50","569.04K","0.51%"
"07/01/2025","17.50","17.65","17.85","17.47","347.48K","-0.57%"
"06/30/2025","17.60","17.89","17.99","17.60","564.47K","-1.57%"
"06/29/2025","17.88","17.73","18.00","17.73","470.07K","1.02%"
"06/25/2025","17.70","17.79","17.83","17.64","1.14M","0.00%"
"06/24/2025","17.70","17.55","17.88","17.51","1.67M","1.14%"
"06/23/2025","17.50","17.31","17.60","17.10","835.46K","1.27%"
"06/22/2025","17.28","16.99","17.33","16.58","269.89K","1.59%"
"06/19/2025","17.01","17.00","17.25","16.80","367.62K","0.06%"
"06/18/2025","17.00","17.01","17.10","16.75","294.19K","-0.06%"
"06/17/2025","17.01","17.30","17.35","16.90","492.19K","-2.07%"
"06/16/2025","17.37","17.10","17.42","16.83","408.29K","1.64%"
"06/15/2025","17.09","17.66","17.66","16.00","1.09M","-4.58%"
"06/12/2025","17.91","17.99","18.09","17.80","618.00K","-0.50%"
"06/11/2025","18.00","17.80","18.30","17.80","1.22M","1.24%"
"06/10/2025","17.78","17.80","17.96","17.72","377.97K","0.51%"
"06/04/2025","17.69","17.71","17.80","17.66","343.50K","0.00%"
"06/03/2025","17.69","17.72","17.77","17.60","819.76K","-0.17%"
"06/02/2025","17.72","17.75","17.77","17.60","467.24K","-0.17%"
"06/01/2025","17.75","17.78","17.84","17.66","311.40K","0.00%"
"05/29/2025","17.75","17.66","17.84","17.51","887.25K","0.34%"
"05/28/2025","17.69","17.80","17.83","17.66","527.76K","0.06%"
"05/27/2025","17.68","17.66","17.79","17.63","193.14K","0.17%"
"05/26/2025","17.65","17.65","17.97","17.63","301.42K","-0.11%"
"05/25/2025","17.67","17.70","17.85","17.61","77.66K","0.40%"
"05/22/2025","17.60","17.83","17.85","17.60","421.35K","-0.85%"
"05/21/2025","17.75","17.84","17.84","17.61","142.56K","0.11%"
"05/20/2025","17.73","17.65","18.00","17.53","198.82K","0.80%"
"05/19/2025","17.59","18.00","18.00","17.53","210.95K","-2.28%"
"05/18/2025","18.00","18.09","18.14","17.90","379.76K","-0.17%"
"05/15/2025","18.03","17.48","18.20","17.47","1.05M","3.21%"
"05/14/2025","17.47","17.40","17.55","17.30","720.80K","0.23%"
"05/13/2025","17.43","17.61","17.65","17.36","537.60K","-0.40%"
"05/12/2025","17.50","17.51","17.64","17.47","1.13M","0.06%"
"05/11/2025","17.49","17.80","17.92","17.44","653.47K","-1.35%"
"05/08/2025","17.73","17.74","17.86","17.55","582.85K","0.51%"
"05/07/2025","17.64","18.14","18.20","17.60","1.96M","-2.11%"
"05/06/2025","18.02","18.20","18.34","18.01","558.52K","-0.99%"
"05/05/2025","18.20","18.31","18.50","18.10","2.17M","-0.71%"
"05/04/2025","18.33","18.72","18.79","18.30","1.93M","-1.77%"
"04/30/2025","18.66","18.90","18.90","18.61","851.72K","-0.74%"
"04/29/2025","18.80","18.81","18.93","18.78","558.64K","0.00%"
"04/28/2025","18.80","18.90","18.99","18.71","720.70K","-0.27%"
"04/27/2025","18.85","18.95","19.07","18.75","943.15K","-0.26%"
"04/23/2025","18.90","18.67","18.95","18.67","522.77K","1.34%"
"04/22/2025","18.65","18.61","18.77","18.51","2.54M","0.27%"
"04/17/2025","18.60","18.76","18.86","18.60","482.77K","-0.80%"
"04/16/2025","18.75","19.15","19.20","18.74","1.02M","-1.83%"
"04/15/2025","19.10","19.16","19.39","19.00","967.83K","-14.46%"
"04/14/2025","22.33","22.88","23.00","22.33","2.74M","-2.36%"
"04/13/2025","22.87","22.06","22.90","22.05","1.17M","3.86%"
"04/10/2025","22.02","22.00","22.18","21.77","543.78K","2.66%"
"04/09/2025","21.45","21.92","22.05","21.45","693.41K","-2.23%"
"04/08/2025","21.94","21.75","21.96","21.60","603.74K","2.33%"
"04/07/2025","21.44","21.50","21.60","21.20","1.28M","-0.56%"
"04/06/2025","21.56","22.00","22.09","21.40","1.18M","-4.18%"
"04/03/2025","22.50","22.39","22.50","22.31","517.40K","0.85%"
"03/27/2025","22.31","22.58","22.71","22.25","643.17K","-1.28%"
"03/26/2025","22.60","22.50","22.73","22.44","637.53K","0.89%"
"03/25/2025","22.40","22.00","22.50","21.90","1.96M","2.33%"
"03/24/2025","21.89","21.99","22.07","21.72","384.92K","0.32%"
"03/23/2025","21.82","21.81","22.00","21.67","393.94K","0.05%"
"03/20/2025","21.81","21.90","21.94","21.70","602.08K","0.00%"
"03/19/2025","21.81","22.10","22.11","21.57","152.33K","-1.85%"
"03/18/2025","22.22","21.82","22.30","21.57","667.10K","1.79%"
"03/17/2025","21.83","21.80","21.94","21.53","134.88K","0.14%"
"03/16/2025","21.80","22.07","22.29","21.80","502.29K","-0.64%"
"03/13/2025","21.94","20.82","22.00","20.82","2.30M","5.38%"
"03/12/2025","20.82","20.80","20.90","20.75","879.37K","-0.38%"
"03/11/2025","20.90","20.88","20.90","20.71","506.83K","0.00%"
"03/10/2025","20.90","20.91","20.98","20.80","1.32M","0.00%"
"03/09/2025","20.90","20.59","21.00","20.59","1.22M","1.51%"
"03/06/2025","20.59","20.34","20.60","20.21","668.36K","1.68%"
"03/05/2025","20.25","20.25","20.35","20.14","296.42K","0.00%"
"03/04/2025","20.25","20.40","20.60","20.21","266.62K","-0.54%"
"03/03/2025","20.36","20.60","20.65","20.30","147.95K","-0.73%"
"03/02/2025","20.51","20.61","20.68","20.50","282.29K","-0.10%"
"02/27/2025","20.53","20.52","20.61","20.45","678.58K","-0.24%"
"02/26/2025","20.58","20.62","20.78","20.50","268.41K","-0.15%"
"02/25/2025","20.61","20.61","20.75","20.54","496.35K","-0.05%"
"02/24/2025","20.62","20.65","20.78","20.53","180.43K","-0.15%"
"02/23/2025","20.65","20.70","20.73","20.50","173.69K","-1.15%"
"02/20/2025","20.89","20.89","20.90","20.50","1.83M","0.14%"
"02/19/2025","20.86","20.80","20.95","20.55","680.51K","0.24%"
"02/18/2025","20.81","20.90","20.90","20.54","516.39K","0.05%"
"02/17/2025","20.80","20.52","20.83","20.35","893.08K","0.97%"
"02/16/2025","20.60","20.10","20.65","20.10","2.29M","2.64%"
"02/13/2025","20.07","19.92","20.25","19.53","3.23M","1.88%"
"02/12/2025","19.70","18.80","19.71","18.63","4.02M","5.01%"
"02/11/2025","18.76","18.76","19.29","18.60","2.91M","0.00%"
"02/10/2025","18.76","18.85","18.97","18.75","1.08M","-0.48%"
"02/09/2025","18.85","18.82","19.05","18.80","405.75K","0.53%"
"02/06/2025","18.75","18.90","18.97","18.75","543.59K","-0.21%"
"02/05/2025","18.79","18.87","19.00","18.77","433.35K","0.27%"
"02/04/2025","18.74","18.66","18.89","18.65","247.27K","0.43%"
"02/03/2025","18.66","18.70","18.94","18.65","271.99K","-0.48%"
"02/02/2025","18.75","18.77","18.93","18.73","207.44K","-0.37%"
"01/30/2025","18.82","18.93","19.00","18.75","262.12K","-0.48%"
"01/29/2025","18.91","18.56","18.95","18.56","430.51K","1.72%"
"01/28/2025","18.59","18.75","18.88","18.56","607.92K","-0.64%"
"01/27/2025","18.71","19.00","19.00","18.70","298.07K","-1.27%"
"01/26/2025","18.95","18.89","19.10","18.82","597.79K","0.26%"
"01/23/2025","18.90","19.00","19.05","18.75","945.33K","-0.16%"
"01/22/2025","18.93","18.97","19.07","18.85","1.67M","0.69%"
"01/21/2025","18.80","18.75","18.85","18.74","1.53M","0.37%"
"01/20/2025","18.73","19.10","19.13","18.72","3.75M","-1.42%"
"01/19/2025","19.00","19.12","19.20","19.00","938.30K","-0.21%"
"01/16/2025","19.04","19.18","19.29","19.00","919.39K","0.05%"
"01/15/2025","19.03","18.82","19.58","18.82","1.67M","0.90%"
"01/14/2025","18.86","18.95","19.22","18.65","243.98K","-1.26%"
"01/13/2025","19.10","19.39","19.55","18.75","403.40K","-0.88%"
"01/12/2025","19.27","19.00","19.48","18.86","1.98M","1.05%"
"01/09/2025","19.07","19.11","19.29","19.01","265.45K","-0.52%"
"01/08/2025","19.17","19.27","19.30","19.03","146.22K","-0.47%"
"01/06/2025","19.26","19.54","19.64","19.22","1.65M","-1.33%"
"01/05/2025","19.52","19.22","19.52","19.22","431.24K","1.67%"
"01/02/2025","19.20","19.16","19.29","19.04","411.73K","1.05%"
"12/31/2024","19.00","19.00","19.28","18.86","581.58K","0.00%"
"12/30/2024","19.00","19.35","19.35","18.85","431.75K","-1.04%"
"12/29/2024","19.20","19.61","19.70","19.10","342.54K","-1.84%"
"12/26/2024","19.56","19.50","19.70","19.49","239.19K","-0.20%"
"12/25/2024","19.60","19.65","19.70","19.47","175.90K","0.62%"
"12/24/2024","19.48","19.60","19.95","19.04","403.25K","-0.51%"
"12/23/2024","19.58","20.05","20.20","19.50","294.63K","-2.20%"
"12/22/2024","20.02","20.32","20.32","19.94","446.20K","-0.40%"
"12/19/2024","20.10","19.90","20.15","19.52","392.97K","0.85%"
"12/18/2024","19.93","20.60","20.76","19.82","1.27M","-3.49%"
"12/17/2024","20.65","21.05","21.05","20.23","1.21M","-1.05%"
"12/16/2024","20.87","21.10","21.45","20.83","494.16K","-1.23%"
"12/15/2024","21.13","21.05","21.25","21.00","1.33M","0.43%"
"12/12/2024","21.04","21.21","21.47","21.00","717.14K","-0.66%"
"12/11/2024","21.18","21.45","21.55","21.12","245.21K","-1.30%"
"12/10/2024","21.46","22.47","22.47","21.00","1.11M","-3.81%"
"12/09/2024","22.31","22.40","22.41","22.11","1.27M","0.18%"
"12/08/2024","22.27","22.40","22.47","22.00","1.13M","-0.36%"
"12/05/2024","22.35","21.90","22.35","21.62","1.63M","2.52%"
"12/04/2024","21.80","21.70","21.90","21.64","934.86K","0.83%"
"12/03/2024","21.62","21.75","21.89","21.52","1.11M","0.09%"
"12/02/2024","21.60","21.15","21.85","21.12","3.97M","2.47%"
"12/01/2024","21.08","21.45","21.49","21.00","993.80K","-0.85%"
"11/28/2024","21.26","21.29","21.29","20.99","899.70K","1.14%"
"11/27/2024","21.02","21.00","21.20","20.53","1.03M","-0.05%"
"11/26/2024","21.03","21.25","21.55","20.60","842.01K","-0.94%"
"11/25/2024","21.23","21.65","21.80","21.20","429.04K","-1.94%"
"11/24/2024","21.65","22.03","22.37","21.64","862.20K","-1.59%"
"11/21/2024","22.00","22.00","22.20","21.76","2.99M","1.20%"
"11/20/2024","21.74","21.75","22.17","21.55","1.85M","0.18%"
"11/19/2024","21.70","21.85","22.00","21.16","1.22M","-0.69%"
"11/18/2024","21.85","22.35","22.64","21.71","2.14M","-1.58%"
"11/17/2024","22.20","22.60","22.88","22.20","468.00K","-1.77%"
"11/14/2024","22.60","22.31","23.45","22.31","2.97M","1.57%"
"11/13/2024","22.25","22.70","22.80","22.21","1.21M","-1.55%"
"11/12/2024","22.60","21.87","22.99","21.73","11.58M","4.15%"
"11/11/2024","21.70","21.44","21.88","21.32","2.73M","2.41%"
"11/10/2024","21.19","21.16","21.90","21.11","2.19M","0.71%"
"11/07/2024","21.04","21.21","21.50","20.90","1.43M","-0.71%"
"11/06/2024","21.19","21.02","21.40","20.76","672.31K","0.95%"
"11/05/2024","20.99","21.21","21.34","20.70","471.40K","-1.04%"
"11/04/2024","21.21","21.45","21.78","21.10","1.03M","-0.89%"
"11/03/2024","21.40","20.78","21.55","20.78","3.71M","3.78%"
"10/31/2024","20.62","20.67","21.00","20.36","660.06K","0.59%"
"10/30/2024","20.50","21.10","21.10","20.43","1.00M","-2.38%"
"10/29/2024","21.00","21.20","21.30","21.00","1.85M","-0.94%"
"10/28/2024","21.20","20.60","21.48","20.56","3.60M","4.43%"
"10/27/2024","20.30","20.12","21.17","20.10","4.48M","1.00%"
"10/24/2024","20.10","19.91","20.30","19.80","714.93K","1.01%"
"10/23/2024","19.90","19.95","20.31","19.83","1.94M","0.05%"
"10/22/2024","19.89","19.31","19.90","19.20","1.56M","2.53%"
"10/21/2024","19.40","18.78","19.40","18.75","646.80K","3.30%"
"10/20/2024","18.78","19.30","19.50","18.76","632.71K","-2.69%"
"10/17/2024","19.30","19.18","19.39","18.96","928.14K","0.63%"
"10/16/2024","19.18","19.30","19.50","19.07","1.18M","-0.57%"
"10/15/2024","19.29","19.50","19.59","19.21","190.06K","-1.08%"
"10/14/2024","19.50","19.01","19.70","18.90","922.34K","2.58%"
"10/13/2024","19.01","19.24","19.33","19.00","170.61K","-0.94%"
"10/10/2024","19.19","19.15","19.30","18.97","376.78K","0.79%"
"10/09/2024","19.04","19.50","19.59","18.90","1.04M","-1.35%"
"10/08/2024","19.30","19.60","19.69","19.17","912.62K","-1.03%"
"10/07/2024","19.50","20.09","20.09","19.43","1.43M","-2.40%"
"10/03/2024","19.98","20.42","20.44","19.89","1.53M","-1.19%"
"10/02/2024","20.22","20.44","20.88","20.10","803.36K","-1.94%"
"10/01/2024","20.62","20.50","20.82","20.35","1.60M","-0.96%"
"09/30/2024","20.82","20.81","21.24","20.62","1.53M","0.00%"
"09/29/2024","20.82","20.59","21.00","20.30","1.36M","1.56%"
"09/26/2024","20.50","19.89","20.59","19.80","2.24M","3.48%"
"09/25/2024","19.81","19.80","19.90","19.71","700.21K","0.41%"
"09/24/2024","19.73","19.95","20.00","19.62","1.14M","-0.55%"
"09/23/2024","19.84","19.81","20.15","19.81","684.68K","0.56%"
"09/22/2024","19.73","19.86","20.08","19.71","639.59K","0.05%"
"09/19/2024","19.72","19.78","19.85","19.63","183.37K","0.56%"
"09/18/2024","19.61","19.68","19.84","19.50","347.73K","-0.36%"
"09/17/2024","19.68","19.98","20.00","19.51","249.21K","-0.66%"
"09/16/2024","19.81","20.15","20.20","19.69","361.40K","-1.30%"
"09/12/2024","20.07","20.00","20.18","19.89","179.31K","0.35%"
"09/11/2024","20.00","19.83","20.07","19.36","584.92K","1.06%"
"09/10/2024","19.79","20.50","20.50","19.68","1.56M","-2.46%"
"09/09/2024","20.29","20.37","20.54","20.12","914.08K","-0.39%"
"09/08/2024","20.37","21.00","21.10","20.26","513.56K","-3.00%"
"09/05/2024","21.00","20.83","21.05","20.75","2.80M","1.25%"
"09/04/2024","20.74","20.49","20.86","20.20","2.04M","1.17%"
"09/03/2024","20.50","20.31","20.68","20.23","757.20K","1.33%"
"09/02/2024","20.23","20.15","20.55","19.95","4.24M","1.15%"
"09/01/2024","20.00","20.00","20.49","19.97","4.43M","0.00%"
"08/29/2024","20.00","20.54","20.55","19.90","2.06M","-2.06%"
"08/28/2024","20.42","20.65","20.70","20.32","2.29M","0.05%"
"08/27/2024","20.41","20.76","20.91","20.30","4.79M","-0.97%"
"08/26/2024","20.61","20.75","20.94","20.25","1.21M","-0.48%"
"08/25/2024","20.71","21.23","21.39","20.70","952.52K","-2.45%"
"08/22/2024","21.23","21.70","21.86","21.20","506.59K","-2.48%"
"08/21/2024","21.77","21.95","22.08","21.70","1.32M","0.32%"
"08/20/2024","21.70","21.51","21.78","21.10","1.29M","0.93%"
"08/19/2024","21.50","21.65","21.65","21.40","1.25M","-0.19%"
"08/18/2024","21.54","21.79","21.99","21.30","1.98M","-0.42%"
"08/15/2024","21.63","20.59","21.87","20.40","1.73M","5.10%"
"08/14/2024","20.58","20.49","20.63","20.16","1.23M","0.88%"
"08/13/2024","20.40","20.48","20.58","20.17","506.91K","0.00%"
"08/12/2024","20.40","20.69","20.80","20.33","2.38M","-0.97%"
"08/11/2024","20.60","20.40","20.73","20.25","809.59K","1.28%"
"08/08/2024","20.34","20.10","20.40","20.02","536.32K","0.69%"
"08/07/2024","20.20","19.76","20.30","19.70","2.90M","2.80%"
"08/06/2024","19.65","19.30","19.83","19.30","389.79K","0.67%"
"08/05/2024","19.52","19.50","19.68","18.57","1.05M","-2.40%"
"08/04/2024","20.00","20.00","20.25","19.30","1.77M","-1.53%"
"08/01/2024","20.31","20.74","21.11","20.31","2.73M","-1.41%"
"07/31/2024","20.60","20.97","21.00","20.60","816.47K","-1.72%"
"07/30/2024","20.96","20.14","21.00","20.00","4.32M","4.80%"
"07/29/2024","20.00","20.00","20.40","19.95","451.20K","0.50%"
"07/28/2024","19.90","20.51","20.68","19.86","287.77K","-2.55%"
"07/24/2024","20.42","20.42","20.70","20.18","790.57K","0.69%"
"07/23/2024","20.28","19.96","20.89","19.89","3.54M","2.32%"
"07/22/2024","19.82","19.54","20.14","19.54","3.63M","1.54%"
"07/21/2024","19.52","19.64","19.80","19.34","992.92K","0.10%"
"07/18/2024","19.50","19.31","20.10","19.20","4.29M","1.77%"
"07/17/2024","19.16","19.00","19.23","18.80","2.36M","1.59%"
"07/16/2024","18.86","19.20","19.20","18.85","2.45M","-1.05%"
"07/15/2024","19.06","19.06","19.30","19.00","2.13M","-0.73%"
"07/14/2024","19.20","19.27","19.50","19.00","1.33M","-0.26%"
"07/10/2024","19.25","19.40","19.57","19.21","2.27M","-0.36%"
"07/09/2024","19.32","19.64","19.85","19.30","3.09M","-1.08%"
"07/08/2024","19.53","18.98","20.10","18.80","26.89M","3.66%"
"07/07/2024","18.84","18.97","19.14","18.80","5.70M","-0.05%"
"07/04/2024","18.85","19.02","19.10","18.84","2.46M","-0.37%"
"07/03/2024","18.92","18.83","18.97","18.71","874.85K","0.48%"
"07/02/2024","18.83","19.00","19.09","18.70","1.94M","-0.79%"
"07/01/2024","18.98","18.97","19.10","18.80","3.98M","1.55%"
"06/27/2024","18.69","18.83","19.00","18.59","503.21K","0.75%"
"06/26/2024","18.55","18.80","19.15","18.23","4.93M","-1.80%"
"06/25/2024","18.89","19.00","19.00","18.18","381.67K","-0.53%"
"06/24/2024","18.99","19.00","19.10","18.85","194.63K","-0.11%"
"06/23/2024","19.01","18.50","19.16","18.50","1.12M","2.48%"
"06/13/2024","18.55","18.40","18.65","18.00","528.85K","1.26%"
"06/12/2024","18.32","17.98","18.40","17.80","106.19K","1.95%"
"06/11/2024","17.97","17.87","18.58","17.87","284.02K","0.79%"
"06/10/2024","17.83","17.70","18.05","17.60","334.20K","1.25%"
"06/09/2024","17.61","19.00","19.20","17.54","383.63K","-7.32%"
"06/06/2024","19.00","18.97","19.29","18.96","96.78K","0.26%"
"06/05/2024","18.95","19.20","19.30","18.90","141.28K","-1.86%"
"06/04/2024","19.31","19.04","19.60","19.02","154.25K","1.58%"
"06/03/2024","19.01","19.01","19.59","19.00","114.80K","0.00%"
"06/02/2024","19.01","19.00","19.60","18.94","142.72K","0.37%"
"05/30/2024","18.94","19.22","19.50","18.90","620.27K","-0.42%"
"05/29/2024","19.02","18.90","19.14","18.90","111.69K","0.63%"
"05/28/2024","18.90","19.31","19.40","18.90","822.54K","-1.00%"
"05/27/2024","19.09","19.63","19.63","19.08","224.70K","-1.55%"
"05/26/2024","19.39","19.78","19.80","19.20","422.32K","-0.56%"
"05/23/2024","19.50","19.89","19.89","19.41","152.30K","-0.36%"
"05/22/2024","19.57","19.69","19.85","19.41","144.30K","0.36%"
"05/21/2024","19.50","20.01","20.40","19.40","3.05M","-2.40%"
"05/20/2024","19.98","20.15","20.38","19.81","312.00K","-0.79%"
"05/19/2024","20.14","19.60","20.95","19.60","2.76M","1.72%"
"05/16/2024","19.80","19.45","19.90","19.21","64.60K","1.80%"
"05/15/2024","19.45","19.91","19.91","19.07","48.49K","-0.36%"
"05/14/2024","19.52","20.00","20.10","19.50","238.66K","-2.20%"
"05/13/2024","19.96","19.13","20.00","18.76","157.63K","1.89%"
"05/12/2024","19.59","20.64","20.99","19.25","83.04K","-5.36%"
"05/09/2024","20.70","20.04","21.08","20.00","872.96K","3.29%"
"05/08/2024","20.04","20.70","21.10","20.00","315.77K","-2.15%"
"05/07/2024","20.48","19.40","20.59","19.07","423.91K","4.97%"
"05/02/2024","19.51","18.59","19.65","18.50","182.49K","5.52%"
"05/01/2024","18.49","17.91","18.65","17.76","551.08K","3.53%"
"04/30/2024","17.86","18.70","19.06","17.55","858.23K","-4.08%"
"04/29/2024","18.62","17.55","18.75","17.20","125.89K","5.38%"
"04/28/2024","17.67","18.80","18.89","17.17","179.42K","-5.51%"
"04/24/2024","18.70","18.60","19.00","18.46","3.75M","0.54%"
"04/23/2024","18.60","20.49","20.55","18.45","2.19M","-9.22%"
"04/22/2024","20.49","21.50","21.25","20.12","674.13K","-4.70%"
"04/21/2024","21.50","21.14","22.10","21.00","1.10M","1.70%"
"04/18/2024","21.14","21.97","22.20","19.52","592.27K","-3.78%"
"04/17/2024","21.97","21.88","22.48","21.83","575.36K","0.41%"
"04/16/2024","21.88","21.91","22.44","21.60","2.37M","-0.14%"
"04/15/2024","21.91","20.73","22.70","20.21","1.31M","5.69%"
"04/08/2024","20.73","20.50","20.93","20.60","177.31K","1.12%"
"04/07/2024","20.50","20.56","21.00","20.50","347.34K","-0.29%"
"04/04/2024","20.56","20.20","20.89","20.31","635.20K","1.78%"
"04/03/2024","20.20","20.06","20.40","19.67","494.60K","0.70%"
"04/02/2024","20.06","20.35","20.95","19.88","292.68K","-1.43%"
"04/01/2024","20.35","19.40","20.43","19.47","443.21K","4.90%"
"03/31/2024","19.40","20.70","21.00","19.25","1.01M","-6.28%"
"03/28/2024","20.70","21.00","21.68","20.50","718.53K","-1.43%"
"03/27/2024","21.00","22.00","22.00","20.60","1.39M","-4.55%"
"03/26/2024","22.00","23.33","23.77","22.00","851.39K","-5.70%"
"03/25/2024","23.33","23.60","23.90","22.31","397.65K","-1.14%"
"03/24/2024","23.60","22.82","23.65","23.06","1.31M","3.42%"
"03/21/2024","22.82","23.00","23.50","22.10","539.58K","-0.78%"
"03/20/2024","23.00","21.98","23.49","21.98","433.33K","4.64%"
"03/19/2024","21.98","22.26","22.19","21.01","541.25K","-1.26%"
"03/18/2024","22.26","24.37","24.38","20.78","836.39K","-8.66%"
"03/17/2024","24.37","25.62","25.50","24.06","576.51K","-4.88%"
"03/14/2024","25.62","25.79","25.79","23.82","524.22K","-0.66%"
"03/13/2024","25.79","26.39","26.90","24.00","652.32K","-2.27%"
"03/12/2024","26.39","27.00","27.94","26.07","1.56M","-2.26%"
"03/11/2024","27.00","26.40","28.79","26.66","3.09M","2.27%"
"03/10/2024","26.40","26.45","27.47","26.00","4.10M","-0.19%"
"03/07/2024","26.45","26.00","27.50","25.80","2.14M","1.73%"
"03/06/2024","26.00","24.59","29.50","25.21","3.42M","5.73%"
"03/05/2024","24.59","24.26","26.00","24.30","768.37K","1.36%"
"03/04/2024","24.26","23.20","24.76","23.15","304.86K","4.57%"
"03/03/2024","23.20","23.33","23.92","23.00","375.47K","-0.56%"
"02/29/2024","23.33","23.93","24.28","23.01","640.31K","-2.51%"
"02/28/2024","23.93","23.88","24.40","23.70","563.33K","0.21%"
"02/27/2024","23.88","24.24","25.20","23.66","461.53K","-1.49%"
"02/26/2024","24.24","23.51","24.64","23.50","509.73K","3.11%"
"02/25/2024","23.51","25.76","25.64","21.75","2.33M","-8.73%"
"02/22/2024","25.76","26.40","26.50","25.26","395.87K","-2.42%"
"02/21/2024","26.40","26.43","26.90","26.26","414.39K","-0.11%"
"02/20/2024","26.43","26.25","27.00","26.16","4.60M","0.69%"
"02/19/2024","26.25","26.72","27.00","26.09","365.98K","-1.76%"
"02/18/2024","26.72","26.91","26.99","26.58","110.07K","-0.71%"
"02/15/2024","26.91","26.86","27.00","26.81","427.09K","0.19%"
"02/14/2024","26.86","26.79","27.50","26.79","280.94K","0.26%"
"02/13/2024","26.79","26.72","27.00","26.65","216.88K","0.26%"
"02/12/2024","26.72","26.07","26.99","23.01","433.08K","2.49%"
"02/11/2024","26.07","26.26","26.50","25.97","395.91K","-0.72%"
"02/08/2024","26.26","25.99","26.50","25.77","224.50K","1.04%"
"02/07/2024","25.99","25.51","26.40","25.42","227.34K","1.88%"
"02/06/2024","25.51","25.50","26.89","25.06","2.11M","0.04%"
"02/05/2024","25.50","24.36","25.59","24.40","927.43K","4.68%"
"02/04/2024","24.36","24.80","25.10","23.56","392.49K","-1.77%"
"02/01/2024","24.80","24.00","25.00","21.00","1.50M","3.33%"
"01/31/2024","24.00","28.50","29.00","23.80","2.75M","-14.29%"
"01/30/2024","28.00","27.70","28.30","24.99","3.02M","2.19%"
"01/29/2024","27.40","29.30","29.30","26.94","1.04M","-3.79%"
"01/28/2024","28.48","27.55","31.97","27.54","396.20K","1.79%"
"01/24/2024","27.98","26.80","29.00","26.80","372.46K","1.89%"
"01/23/2024","27.46","27.40","27.90","26.27","141.04K","0.26%"
"01/22/2024","27.39","26.71","27.50","26.26","228.41K","2.55%"
"01/21/2024","26.71","25.95","27.00","25.90","152.03K","2.77%"
"01/18/2024","25.99","24.11","26.00","24.10","189.15K","6.04%"
"01/17/2024","24.51","25.03","25.35","24.10","341.93K","-2.00%"
"01/16/2024","25.01","24.07","25.01","23.90","373.85K","3.99%"
"01/15/2024","24.05","23.30","24.10","22.30","441.95K","3.49%"
"01/14/2024","23.24","21.86","23.29","21.86","591.69K","6.41%"
"01/11/2024","21.84","21.77","21.91","21.57","326.18K","0.46%"
"01/10/2024","21.74","21.55","21.80","21.45","464.81K","1.02%"
"01/09/2024","21.52","21.74","21.74","21.48","189.05K","0.05%"
"01/08/2024","21.51","21.70","21.99","21.50","246.65K","-0.46%"
"01/04/2024","21.61","22.00","22.26","21.31","327.02K","-1.82%"
"01/03/2024","22.01","22.09","22.45","21.81","85.04K","0.27%"
"01/02/2024","21.95","22.20","22.40","21.55","247.90K","-0.23%"
"12/31/2023","22.00","20.75","22.00","20.26","253.45K","5.97%"
"12/28/2023","20.76","19.80","20.89","19.65","259.25K","6.24%"
"12/27/2023","19.54","19.50","20.71","19.31","665.14K","0.21%"
"12/26/2023","19.50","19.80","19.99","19.01","1.12M","-0.66%"
"12/25/2023","19.63","19.89","20.00","19.20","350.85K","-1.31%"
"12/24/2023","19.89","20.50","20.70","19.86","5.26M","-0.55%"
"12/21/2023","20.00","21.90","21.90","20.00","504.07K","-5.66%"
"12/20/2023","21.20","22.20","22.20","21.10","171.37K","-2.84%"
"12/19/2023","21.82","22.29","22.29","21.50","325.44K","-0.91%"
"12/18/2023","22.02","21.67","22.80","21.29","500.34K","1.62%"
"12/17/2023","21.67","21.25","21.70","21.00","247.76K","3.19%"
"12/14/2023","21.00","20.30","21.25","20.14","364.31K","3.55%"
"12/13/2023","20.28","20.20","20.50","20.07","329.32K","-0.15%"
"12/12/2023","20.31","20.20","20.70","20.05","457.63K","1.04%"
"12/11/2023","20.10","20.40","20.40","19.86","1.17M","-1.90%"
"12/10/2023","20.49","20.73","20.75","20.26","81.82K","-1.16%"
"12/07/2023","20.73","20.43","20.73","19.91","355.40K","1.17%"
"12/06/2023","20.49","20.52","20.83","20.30","296.93K","-0.05%"
"12/05/2023","20.50","21.01","21.25","20.35","341.99K","-2.33%"
"12/04/2023","20.99","20.99","21.17","20.55","596.84K","0.00%"
"12/03/2023","20.99","21.00","21.74","20.60","314.20K","0.00%"
"11/30/2023","20.99","21.03","21.03","20.51","193.95K","1.45%"
"11/29/2023","20.69","21.12","21.12","20.34","529.37K","-0.19%"
"11/28/2023","20.73","22.45","22.45","20.70","370.12K","-5.77%"
"11/27/2023","22.00","22.03","22.99","21.90","931.24K","-0.14%"
"11/26/2023","22.03","21.71","22.10","21.42","354.24K","1.29%"
"11/23/2023","21.75","20.70","21.99","20.42","629.75K","6.20%"
"11/22/2023","20.48","20.49","20.51","20.19","245.25K","0.39%"
"11/21/2023","20.40","20.60","20.69","20.08","351.89K","0.00%"
"11/20/2023","20.40","20.75","21.24","20.32","262.44K","-2.16%"
"11/19/2023","20.85","20.50","20.90","20.32","241.23K","1.71%"
"11/16/2023","20.50","20.38","21.00","20.21","810.50K","1.38%"
"11/15/2023","20.22","19.98","20.25","19.98","492.86K","1.51%"
"11/14/2023","19.92","21.35","21.46","19.82","535.56K","-5.28%"
"11/13/2023","21.03","21.49","21.49","20.90","98.07K","-0.61%"
"11/12/2023","21.16","21.00","21.50","20.75","248.85K","3.22%"
"11/09/2023","20.50","20.98","21.81","19.85","2.51M","-2.66%"
"11/08/2023","21.06","19.55","21.40","19.37","336.40K","7.12%"
"11/07/2023","19.66","18.51","20.22","18.40","324.97K","6.50%"
"11/06/2023","18.46","18.49","18.70","18.37","237.48K","0.05%"
"11/05/2023","18.45","18.54","18.66","18.30","89.39K","0.76%"
"11/02/2023","18.31","18.26","18.68","18.21","95.95K","-0.97%"
"11/01/2023","18.49","18.65","18.69","18.21","732.89K","0.82%"
"10/31/2023","18.34","18.60","18.74","18.20","1.06M","-0.60%"
"10/30/2023","18.45","18.83","19.01","18.41","419.34K","-2.95%"
"10/29/2023","19.01","19.28","19.28","18.00","273.63K","1.12%"
"10/26/2023","18.80","19.50","19.97","17.85","1.78M","-0.79%"
"10/25/2023","18.95","17.70","19.01","17.56","792.45K","6.82%"
"10/24/2023","17.74","17.63","18.25","17.51","260.67K","0.62%"
"10/23/2023","17.63","17.49","17.85","17.06","481.19K","3.40%"
"10/22/2023","17.05","16.81","17.75","16.78","212.09K","1.19%"
"10/19/2023","16.85","17.25","17.40","16.72","1.40M","-3.38%"
"10/18/2023","17.44","17.89","18.19","17.20","1.01M","-2.57%"
"10/17/2023","17.90","16.81","17.99","16.60","1.14M","6.80%"
"10/16/2023","16.76","15.70","17.10","15.60","1.36M","6.68%"
"10/15/2023","15.71","15.47","16.15","15.47","434.73K","2.08%"
"10/12/2023","15.39","15.00","15.47","14.62","442.99K","1.52%"
"10/11/2023","15.16","14.50","15.20","14.50","450.92K","2.43%"
"10/10/2023","14.80","14.40","14.80","14.05","225.96K","4.59%"
"10/09/2023","14.15","14.50","14.70","13.91","718.92K","-0.91%"
"10/08/2023","14.28","14.50","14.90","13.69","289.25K","-4.48%"
"10/04/2023","14.95","14.22","15.00","14.10","455.82K","5.21%"
"10/03/2023","14.21","15.45","15.45","14.00","276.27K","-3.73%"
"10/02/2023","14.76","15.55","15.55","14.50","259.00K","-3.28%"
"10/01/2023","15.26","15.49","15.60","15.11","139.38K","-1.55%"
"09/27/2023","15.50","15.40","15.87","15.00","391.85K","1.31%"
"09/26/2023","15.30","15.00","15.57","14.85","1.28M","2.20%"
"09/25/2023","14.97","14.90","15.10","14.65","270.60K","1.35%"
"09/24/2023","14.77","14.90","15.00","14.61","38.34K","0.20%"
"09/21/2023","14.74","14.95","14.95","14.57","139.13K","1.66%"
"09/20/2023","14.50","15.20","15.20","14.40","335.54K","-3.59%"
"09/19/2023","15.04","15.10","15.25","15.00","582.45K","0.13%"
"09/18/2023","15.02","15.19","15.24","15.00","187.87K","-0.92%"
"09/17/2023","15.16","15.00","15.25","14.95","117.78K","1.61%"
"09/14/2023","14.92","14.96","15.10","14.90","342.78K","-0.27%"
"09/13/2023","14.96","14.95","15.00","14.87","194.97K","0.27%"
"09/12/2023","14.92","14.98","15.10","14.88","27.22K","0.00%"
"09/11/2023","14.92","15.11","15.15","14.90","1.08M","-0.67%"
"09/10/2023","15.02","15.20","15.20","14.95","1.28M","-0.66%"
"09/07/2023","15.12","15.00","15.39","15.00","1.13M","0.47%"
"09/06/2023","15.05","15.35","15.49","15.00","169.56K","-2.02%"
"09/05/2023","15.36","15.68","15.68","15.34","121.30K","-0.52%"
"09/04/2023","15.44","15.47","15.71","15.35","96.12K","-0.39%"
"09/03/2023","15.50","15.66","15.69","15.43","98.06K","0.52%"
"08/31/2023","15.42","15.75","15.90","15.35","121.76K","-1.78%"
"08/30/2023","15.70","15.70","15.80","15.51","150.85K","0.19%"
"08/29/2023","15.67","15.43","15.75","15.25","218.83K","1.56%"
"08/28/2023","15.43","15.25","15.69","15.00","305.86K","1.18%"
"08/27/2023","15.25","14.70","15.25","14.57","234.71K","3.95%"
"08/24/2023","14.67","14.60","14.71","14.50","68.88K","0.76%"
"08/23/2023","14.56","14.50","14.60","14.44","97.23K","0.28%"
"08/22/2023","14.52","14.60","14.70","14.25","62.39K","-0.55%"
"08/21/2023","14.60","14.84","14.90","14.41","44.37K","-1.15%"
"08/20/2023","14.77","14.80","14.80","14.60","32.31K","-0.20%"
"08/17/2023","14.80","14.69","14.80","14.51","592.54K","0.48%"
"08/16/2023","14.73","14.75","14.83","14.60","154.94K","-0.34%"
"08/15/2023","14.78","14.32","14.85","14.17","2.28M","3.72%"
"08/14/2023","14.25","14.20","14.45","14.10","487.83K","0.92%"
"08/13/2023","14.12","14.17","14.35","14.07","147.89K","0.79%"
"08/10/2023","14.01","14.35","14.50","14.00","299.37K","-2.30%"
"08/09/2023","14.34","14.40","14.73","14.25","362.99K","-0.35%"
"08/08/2023","14.39","14.03","14.43","13.85","157.60K","1.34%"
"08/07/2023","14.20","13.59","14.25","13.50","2.40M","4.49%"
"08/06/2023","13.59","13.96","13.96","13.40","763.23K","-1.24%"
"08/03/2023","13.76","13.70","13.99","13.68","36.36K","-0.51%"
"08/02/2023","13.83","13.85","14.24","13.66","415.23K","-0.50%"
"08/01/2023","13.90","13.80","13.98","13.61","135.82K","0.29%"
"07/31/2023","13.86","13.90","13.98","13.66","95.00K","-0.29%"
"07/30/2023","13.90","13.50","13.90","13.50","301.03K","2.96%"
"07/27/2023","13.50","13.58","13.68","13.30","132.16K","-0.37%"
"07/26/2023","13.55","13.72","13.72","13.50","1.02M","0.22%"
"07/25/2023","13.52","13.99","14.05","13.50","168.58K","-3.36%"
"07/24/2023","13.99","13.32","13.99","13.30","255.80K","4.87%"
"07/19/2023","13.34","13.50","13.65","13.30","34.28K","-0.52%"
"07/18/2023","13.41","13.42","13.55","13.25","135.85K","0.07%"
"07/17/2023","13.40","13.80","13.90","13.15","123.18K","-1.98%"
"07/16/2023","13.67","13.75","13.99","13.60","35.40K","-0.87%"
"07/13/2023","13.79","13.65","14.00","13.59","485.50K","1.17%"
"07/12/2023","13.63","13.70","13.90","13.32","27.69K","0.15%"
"07/11/2023","13.61","13.51","13.90","13.20","85.27K","3.50%"
"07/10/2023","13.15","13.31","13.43","12.81","1.42M","-2.66%"
"07/09/2023","13.51","13.90","13.90","13.00","34.80K","-2.45%"
"07/06/2023","13.85","14.09","14.38","13.73","64.79K","-1.63%"
"07/05/2023","14.08","14.42","14.50","14.00","730.13K","-2.09%"
"07/04/2023","14.38","14.25","14.44","14.01","962.95K","0.56%"
"06/26/2023","14.30","14.10","14.35","13.70","745.04K","2.44%"
"06/25/2023","13.96","14.50","14.60","13.90","741.31K","-3.32%"
"06/22/2023","14.44","14.31","14.66","14.00","633.43K","0.91%"
"06/21/2023","14.31","14.88","14.99","14.15","159.57K","-3.25%"
"06/20/2023","14.79","14.25","15.40","13.92","1.10M","5.12%"
"06/19/2023","14.07","14.30","15.00","13.73","1.70M","1.59%"
"06/18/2023","13.85","13.80","14.50","13.16","1.20M","0.07%"
"06/15/2023","13.84","13.00","13.85","12.93","393.43K","6.30%"
"06/14/2023","13.02","13.00","13.30","13.00","92.58K","-2.47%"
"06/13/2023","13.35","13.50","13.50","12.95","268.04K","-0.52%"
"06/12/2023","13.42","13.15","13.61","13.15","144.85K","2.91%"
"06/11/2023","13.04","13.00","13.30","13.00","41.56K","0.31%"
"06/08/2023","13.00","13.00","13.05","12.70","567.08K","0.00%"
"06/07/2023","13.00","12.96","13.10","12.90","1.01M","0.31%"
"06/06/2023","12.96","13.15","13.35","12.68","417.16K","-1.22%"
"06/05/2023","13.12","13.30","13.49","13.11","179.16K","-1.58%"
"06/04/2023","13.33","13.60","13.60","13.30","407.48K","0.23%"
"06/01/2023","13.30","13.40","13.79","13.15","2.19M","0.61%"
"05/31/2023","13.22","13.11","13.43","13.05","521.62K","0.15%"
"05/30/2023","13.20","13.13","13.35","13.03","447.06K","0.69%"
"05/29/2023","13.11","13.21","13.49","13.01","586.47K","-0.76%"
"05/28/2023","13.21","12.62","13.25","12.61","887.85K","4.76%"
"05/25/2023","12.61","11.97","12.77","11.94","1.78M","5.70%"
"05/24/2023","11.93","11.78","12.12","11.57","321.95K","2.40%"
"05/23/2023","11.65","11.71","11.84","11.55","242.04K","-1.27%"
"05/22/2023","11.80","11.73","11.94","11.60","350.69K","0.43%"
"05/21/2023","11.75","11.99","12.05","11.70","452.32K","-1.18%"
"05/18/2023","11.89","11.84","11.97","11.43","763.76K","1.62%"
"05/17/2023","11.70","12.00","12.14","11.68","716.88K","-2.50%"
"05/16/2023","12.00","12.24","12.30","11.68","1.38M","-2.20%"
"05/15/2023","12.27","11.33","12.30","11.22","3.92M","8.30%"
"05/14/2023","11.33","10.20","11.39","10.01","3.88M","11.08%"
"05/11/2023","10.20","9.95","10.20","9.87","737.20K","2.82%"
"05/10/2023","9.92","10.15","10.15","9.83","979.80K","-0.50%"
"05/09/2023","9.97","10.45","10.48","9.91","398.86K","-3.76%"
"05/08/2023","10.36","10.25","10.50","10.10","539.80K","0.48%"
"05/07/2023","10.31","10.40","10.40","10.02","266.79K","-1.81%"
"05/03/2023","10.50","10.50","10.50","10.15","514.10K","1.16%"
"05/02/2023","10.38","10.28","10.69","10.00","1.55M","0.97%"
"05/01/2023","10.28","10.30","10.31","10.10","666.06K","-0.19%"
"04/30/2023","10.30","10.19","10.45","10.10","917.56K","1.18%"
"04/27/2023","10.18","10.04","10.33","9.95","621.57K","1.90%"
"04/26/2023","9.99","9.98","10.09","9.82","1.06M","0.10%"
"04/19/2023","9.98","10.02","10.10","9.80","656.71K","-0.40%"
"04/18/2023","10.02","9.40","10.23","9.40","2.45M","6.71%"
"04/13/2023","9.39","9.35","9.40","9.22","626.28K","0.43%"
"04/12/2023","9.35","9.21","9.39","9.21","690.81K","1.41%"
"04/11/2023","9.22","9.25","9.39","9.19","422.29K","-0.22%"
"04/10/2023","9.24","9.25","9.35","9.20","553.37K","0.43%"
"04/09/2023","9.20","9.50","9.50","9.01","963.05K","-3.16%"
"04/06/2023","9.50","9.56","9.61","9.45","2.01M","-0.11%"
"04/05/2023","9.51","9.40","9.57","9.30","2.24M","2.26%"
"04/04/2023","9.30","8.95","9.39","8.95","1.64M","4.61%"
"04/03/2023","8.89","8.60","8.99","8.57","758.12K","4.10%"
"04/02/2023","8.54","8.50","8.65","8.50","426.68K","0.59%"
"03/30/2023","8.49","8.95","9.50","8.25","1.52M","0.24%"
"03/29/2023","8.47","8.26","8.51","8.21","1.23M","2.54%"
"03/28/2023","8.26","8.54","8.54","8.10","474.70K","-1.43%"
"03/27/2023","8.38","8.74","8.77","8.00","3.79M","-5.95%"
"03/26/2023","8.91","8.88","9.10","8.75","654.66K","-0.56%"
"03/23/2023","8.96","8.50","9.00","8.46","557.14K","5.41%"
"03/22/2023","8.50","8.70","8.83","8.50","980.13K","-1.85%"
"03/21/2023","8.66","8.73","8.80","8.55","581.27K","1.05%"
"03/20/2023","8.57","8.73","8.85","8.40","650.83K","-1.27%"
"03/19/2023","8.68","8.69","8.75","8.12","336.08K","3.70%"
"03/16/2023","8.37","7.85","8.76","7.80","531.16K","4.62%"
"03/15/2023","8.00","8.70","8.95","7.85","664.58K","-8.26%"
"03/14/2023","8.72","8.77","8.79","8.02","621.39K","2.83%"
"03/13/2023","8.48","9.48","9.50","8.11","1.13M","-8.52%"
"03/12/2023","9.27","9.80","9.90","9.12","433.48K","-6.36%"
"03/09/2023","9.90","9.93","9.93","9.71","478.12K","1.33%"
"03/08/2023","9.77","9.90","9.95","9.62","399.14K","-0.81%"
"03/07/2023","9.85","10.00","10.15","9.80","397.34K","-2.18%"
"03/06/2023","10.07","10.20","10.30","10.01","650.02K","-0.49%"
"03/05/2023","10.12","10.17","10.23","10.00","589.84K","0.00%"
"03/02/2023","10.12","10.55","10.56","9.96","1.75M","-2.69%"
"03/01/2023","10.40","10.31","10.52","10.31","859.65K","0.87%"
"02/28/2023","10.31","10.30","10.49","10.20","1.59M","1.08%"
"02/27/2023","10.20","10.03","10.40","10.03","865.41K","2.10%"
"02/26/2023","9.99","10.03","10.20","9.97","789.87K","-0.40%"
"02/23/2023","10.03","10.05","10.30","9.90","600.95K","1.01%"
"02/22/2023","9.93","10.37","10.44","9.86","444.75K","-4.24%"
"02/21/2023","10.37","10.30","10.46","10.10","562.10K","1.07%"
"02/20/2023","10.26","10.66","10.85","10.16","495.95K","-4.47%"
"02/19/2023","10.74","10.56","11.05","10.56","742.57K","-1.01%"
"02/16/2023","10.85","11.01","11.08","10.51","1.58M","-1.18%"
"02/15/2023","10.98","10.47","11.04","10.34","4.93M","6.40%"
"02/14/2023","10.32","9.94","10.40","9.85","1.98M","4.88%"
"02/13/2023","9.84","10.40","10.50","9.56","2.86M","-4.56%"
"02/12/2023","10.31","10.60","10.80","10.16","371.90K","-2.74%"
"02/09/2023","10.60","10.16","10.64","10.10","2.31M","5.05%"
"02/08/2023","10.09","10.00","10.47","9.84","811.90K","0.60%"
"02/07/2023","10.03","9.90","10.20","9.80","1.34M","2.87%"
"02/06/2023","9.75","9.95","10.04","9.75","1.34M","-1.12%"
"02/05/2023","9.86","9.80","10.08","9.11","838.85K","0.61%"
"02/02/2023","9.80","9.70","10.03","9.60","1.41M","1.24%"
"02/01/2023","9.68","9.83","10.28","9.62","1.51M","-1.33%"
"01/31/2023","9.81","10.61","10.78","8.80","1.11M","-7.28%"
"01/30/2023","10.58","10.70","11.50","10.50","4.00M","-0.56%"
"01/29/2023","10.64","10.25","10.78","10.20","3.93M","6.40%"
"01/25/2023","10.00","9.24","10.14","9.24","4.97M","9.05%"
"01/24/2023","9.17","9.08","9.24","8.99","2.49M","2.00%"
"01/23/2023","8.99","8.96","9.13","8.91","842.09K","0.56%"
"01/22/2023","8.94","9.00","9.21","8.91","175.87K","-0.45%"
"01/19/2023","8.98","9.00","9.28","8.90","987.06K","-0.22%"
"01/18/2023","9.00","9.32","9.47","8.96","971.42K","-3.64%"
"01/17/2023","9.34","9.56","9.58","9.31","826.00K","-1.27%"
"01/16/2023","9.46","9.33","9.63","9.30","818.21K","2.71%"
"01/15/2023","9.21","9.05","9.38","8.90","710.50K","2.11%"
"01/12/2023","9.02","9.15","9.49","8.81","927.14K","-2.49%"
"01/11/2023","9.25","9.21","10.00","9.01","1.29M","-1.91%"
"01/10/2023","9.43","9.90","9.98","9.22","961.43K","-3.78%"
"01/09/2023","9.80","9.51","10.10","9.50","1.31M","3.70%"
"01/05/2023","9.45","8.75","9.50","8.75","2.58M","8.00%"
"01/04/2023","8.75","8.80","9.10","8.31","3.58M","0.46%"
"01/03/2023","8.71","8.66","8.84","8.52","461.60K","1.28%"
"01/02/2023","8.60","8.55","8.68","8.47","200.86K","1.65%"
"12/29/2022","8.46","8.75","8.75","8.43","153.31K","-0.94%"
"12/28/2022","8.54","8.75","8.82","8.51","171.39K","0.47%"
"12/27/2022","8.50","8.70","8.85","8.49","755.57K","-2.30%"
"12/26/2022","8.70","8.50","8.73","8.40","197.79K","1.99%"
"12/25/2022","8.53","8.68","8.68","8.50","530.05K","-1.39%"
"12/22/2022","8.65","8.57","8.75","8.55","372.31K","1.17%"
"12/21/2022","8.55","8.44","8.70","8.31","185.97K","1.54%"
"12/20/2022","8.42","8.68","8.68","8.40","465.90K","-1.64%"
"12/19/2022","8.56","8.50","8.74","8.42","314.89K","0.71%"
"12/18/2022","8.50","8.65","8.79","8.39","289.23K","-1.51%"
"12/15/2022","8.63","8.85","8.99","8.60","795.11K","-2.38%"
"12/14/2022","8.84","9.00","9.07","8.70","1.92M","-1.12%"
"12/13/2022","8.94","8.51","9.03","8.51","1.36M","4.56%"
"12/12/2022","8.55","8.39","8.62","8.21","475.07K","3.26%"
"12/11/2022","8.28","8.70","8.70","8.21","474.78K","-3.72%"
"12/08/2022","8.60","8.66","8.80","8.35","540.81K","-0.69%"
"12/07/2022","8.66","8.60","8.99","8.60","1.71M","1.29%"
"12/06/2022","8.55","8.48","8.80","8.41","1.50M","-1.50%"
"12/05/2022","8.68","8.59","8.99","8.50","2.07M","1.17%"
"12/04/2022","8.58","8.48","8.70","8.47","204.40K","1.18%"
"12/01/2022","8.48","8.50","8.60","8.37","141.82K","-0.24%"
"11/30/2022","8.50","8.35","8.55","8.24","725.89K","2.78%"
"11/29/2022","8.27","7.80","8.40","7.80","904.41K","5.48%"
"11/28/2022","7.84","7.98","7.98","7.80","218.23K","-0.88%"
"11/27/2022","7.91","7.94","8.05","7.87","246.42K","-1.13%"
"11/24/2022","8.00","8.00","8.04","7.90","1.10M","0.13%"
"11/23/2022","7.99","8.00","8.06","7.90","99.95K","0.00%"
"11/22/2022","7.99","8.01","8.09","7.71","326.56K","0.00%"
"11/21/2022","7.99","8.15","8.15","7.95","2.63M","-0.99%"
"11/20/2022","8.07","7.91","8.15","7.90","820.28K","2.54%"
"11/17/2022","7.87","7.80","7.92","7.77","943.63K","-0.13%"
"11/16/2022","7.88","7.87","7.93","7.74","2.91M","0.38%"
"11/15/2022","7.85","7.78","7.88","7.71","684.61K","1.82%"
"11/14/2022","7.71","7.73","7.90","7.60","541.00K","0.65%"
"11/13/2022","7.66","7.62","7.87","7.60","217.47K","0.52%"
"11/10/2022","7.62","7.18","7.70","7.07","1.69M","6.87%"
"11/09/2022","7.13","7.20","7.22","7.03","46.57K","0.56%"
"11/08/2022","7.09","7.23","7.25","7.03","375.74K","-0.70%"
"11/07/2022","7.14","7.02","7.24","6.91","737.55K","1.85%"
"11/06/2022","7.01","7.00","7.04","6.85","113.04K","0.72%"
"11/03/2022","6.96","6.96","7.04","6.90","115.63K","0.14%"
"11/02/2022","6.95","7.05","7.24","6.92","215.90K","-2.52%"
"11/01/2022","7.13","7.00","7.30","7.00","1.09M","3.03%"
"10/31/2022","6.92","7.03","7.20","6.92","233.20K","-1.84%"
"10/30/2022","7.05","7.00","7.22","6.80","2.53M","2.17%"
"10/27/2022","6.90","6.89","7.00","6.67","1.14M","1.62%"
"10/26/2022","6.79","6.70","6.89","6.55","229.25K","1.34%"
"10/25/2022","6.70","6.49","6.73","6.40","1.12M","3.24%"
"10/24/2022","6.49","6.45","6.50","6.40","459.66K","1.09%"
"10/23/2022","6.42","6.44","6.45","6.40","185.31K","0.00%"
"10/20/2022","6.42","6.40","6.43","6.27","364.91K","0.31%"
"10/19/2022","6.40","6.39","6.44","6.30","301.59K","0.47%"
"10/18/2022","6.37","6.37","6.40","6.26","258.57K","0.16%"
"10/17/2022","6.36","6.28","6.42","6.14","251.27K","4.09%"
"10/16/2022","6.11","5.95","6.28","5.95","686.14K","2.00%"
"10/13/2022","5.99","5.93","6.17","5.93","73.55K","0.84%"
"10/12/2022","5.94","6.17","6.17","5.90","92.35K","-3.26%"
"10/11/2022","6.14","6.20","6.20","5.90","17.49K","0.00%"
"10/10/2022","6.14","6.25","6.30","6.10","118.21K","-0.49%"
"10/09/2022","6.17","6.30","6.30","6.11","53.78K","-0.80%"
"10/05/2022","6.22","6.10","6.25","6.10","122.18K","2.13%"
"10/04/2022","6.09","6.10","6.10","5.96","207.61K","1.84%"
"10/03/2022","5.98","6.10","6.17","5.90","157.92K","-2.13%"
"10/02/2022","6.11","6.11","6.18","6.10","26.60K","0.00%"
"09/29/2022","6.11","6.20","6.22","6.10","60.46K","-0.49%"
"09/28/2022","6.14","6.15","6.18","6.10","47.19K","0.00%"
"09/27/2022","6.14","6.24","6.24","6.05","91.13K","0.66%"
"09/26/2022","6.10","6.16","6.28","6.09","155.29K","-1.61%"
"09/25/2022","6.20","6.45","6.45","6.14","792.31K","-3.13%"
"09/22/2022","6.40","6.35","6.45","6.30","947.12K","0.00%"
"09/21/2022","6.40","6.50","6.50","6.37","496.28K","-0.16%"
"09/20/2022","6.41","6.50","6.52","6.38","118.65K","-0.16%"
"09/19/2022","6.42","6.21","6.50","6.21","254.98K","1.58%"
"09/18/2022","6.32","6.45","6.45","6.20","392.77K","-0.94%"
"09/15/2022","6.38","6.49","6.49","6.27","245.33K","0.31%"
"09/14/2022","6.36","6.33","6.38","6.15","282.08K","-1.24%"
"09/13/2022","6.44","6.50","6.54","6.30","236.91K","-0.46%"
"09/12/2022","6.47","6.44","6.62","6.41","682.28K","0.15%"
"09/11/2022","6.46","6.50","6.55","6.40","261.39K","-0.31%"
"09/08/2022","6.48","6.32","6.68","6.32","1.13M","4.01%"
"09/07/2022","6.23","6.35","6.35","6.20","295.95K","-0.95%"
"09/06/2022","6.29","6.35","6.35","6.15","1.45M","1.45%"
"09/05/2022","6.20","6.20","6.33","6.12","2.04M","1.64%"
"09/04/2022","6.10","6.20","6.20","6.02","597.84K","-0.33%"
"09/01/2022","6.12","6.11","6.20","6.05","1.72M","-1.29%"
"08/31/2022","6.20","6.25","6.30","6.17","416.43K","-0.32%"
"08/30/2022","6.22","6.20","6.30","6.07","1.19M","-0.16%"
"08/29/2022","6.23","6.30","6.39","6.20","1.03M","-0.95%"
"08/28/2022","6.29","6.40","6.40","6.26","116.08K","-0.94%"
"08/25/2022","6.35","6.36","6.40","6.30","766.80K","-0.47%"
"08/24/2022","6.38","6.37","6.41","6.27","1.27M","0.16%"
"08/23/2022","6.37","6.45","6.46","6.20","1.92M","-0.31%"
"08/22/2022","6.39","6.68","6.68","6.37","1.25M","-3.33%"
"08/21/2022","6.61","6.40","6.68","6.30","2.96M","4.09%"
"08/18/2022","6.35","6.35","6.48","6.27","752.22K","1.60%"
"08/17/2022","6.25","5.89","6.25","5.86","1.92M","5.40%"
"08/16/2022","5.93","5.99","6.00","5.89","74.26K","-1.00%"
"08/15/2022","5.99","6.20","6.22","5.95","265.65K","-0.83%"
"08/14/2022","6.04","6.13","6.25","6.02","121.27K","-1.31%"
"08/11/2022","6.12","5.99","6.15","5.99","102.12K","2.00%"
"08/10/2022","6.00","6.10","6.14","5.93","429.09K","-1.96%"
"08/09/2022","6.12","6.23","6.28","6.10","659.74K","-1.77%"
"08/08/2022","6.23","6.40","6.45","6.20","125.50K","-2.81%"
"08/07/2022","6.41","6.21","6.65","6.21","550.91K","4.23%"
"08/04/2022","6.15","5.80","6.39","5.74","2.50M","7.14%"
"08/03/2022","5.74","5.62","5.89","5.62","802.03K","2.87%"
"08/02/2022","5.58","5.28","5.70","5.26","387.65K","5.08%"
"08/01/2022","5.31","5.27","5.41","5.27","354.77K","-0.56%"
"07/31/2022","5.34","5.42","5.42","5.25","434.82K","0.00%"
"07/28/2022","5.34","5.44","5.44","5.33","400.59K","-1.48%"
"07/27/2022","5.42","5.50","5.50","5.34","113.37K","-0.18%"
"07/26/2022","5.43","5.30","5.50","5.30","1.31M","1.88%"
"07/25/2022","5.33","5.48","5.49","5.20","2.29M","-1.84%"
"07/24/2022","5.43","5.15","5.53","5.15","660.02K","6.05%"
"07/21/2022","5.12","5.05","5.15","4.95","758.26K","2.20%"
"07/20/2022","5.01","5.10","5.10","4.98","182.67K","-0.20%"
"07/19/2022","5.02","5.00","5.12","4.90","987.92K","0.60%"
"07/18/2022","4.99","4.41","5.09","4.40","2.87M","13.41%"
"07/17/2022","4.40","4.50","4.50","4.31","3.97M","-0.90%"
"07/07/2022","4.44","4.30","4.47","4.21","923.84K","5.21%"
"07/06/2022","4.22","4.45","4.45","4.10","2.21M","-4.09%"
"07/05/2022","4.40","4.39","4.44","4.30","15.23M","1.85%"
"07/04/2022","4.32","4.80","4.89","4.20","2.71M","-10.74%"
"07/03/2022","4.84","5.12","5.12","4.77","1.48M","-7.10%"
"06/29/2022","5.21","5.25","5.30","5.18","255.22K","0.19%"
"06/28/2022","5.20","5.22","5.22","4.95","761.57K","-0.38%"
"06/27/2022","5.22","5.36","5.36","5.21","395.72K","-2.79%"
"06/26/2022","5.37","5.40","5.52","5.35","128.36K","0.37%"
"06/23/2022","5.35","5.32","5.44","5.32","223.32K","-1.29%"
"06/22/2022","5.42","5.53","5.53","5.40","150.84K","-0.55%"
"06/21/2022","5.45","5.47","5.59","5.44","289.50K","-0.18%"
"06/20/2022","5.46","5.45","5.50","5.41","363.65K","-0.55%"
"06/19/2022","5.49","5.57","5.57","5.41","428.63K","-1.08%"
"06/16/2022","5.55","5.60","5.62","5.50","661.53K","-0.89%"
"06/15/2022","5.60","5.65","5.65","5.55","2.88M","0.00%"
"06/14/2022","5.60","5.70","5.75","5.60","4.54M","-2.10%"
"06/13/2022","5.72","5.88","5.88","5.70","555.51K","-3.05%"
"06/12/2022","5.90","6.03","6.03","5.88","288.25K","-1.50%"
"06/09/2022","5.99","6.02","6.03","5.97","181.54K","-0.17%"
"06/08/2022","6.00","6.01","6.05","5.98","2.19M","0.17%"
"06/07/2022","5.99","5.94","6.00","5.87","891.25K","0.67%"
"06/06/2022","5.95","5.98","5.98","5.87","18.77K","0.00%"
"06/05/2022","5.95","5.98","5.98","5.94","12.94K","0.00%"
"06/02/2022","5.95","6.00","6.00","5.88","42.37K","0.00%"
"06/01/2022","5.95","5.95","6.01","5.85","551.83K","0.17%"
"05/31/2022","5.94","5.96","5.96","5.86","105.61K","1.54%"
"05/30/2022","5.85","5.88","5.97","5.75","221.15K","-0.85%"
"05/29/2022","5.90","5.79","5.96","5.75","50.40K","0.00%"
"05/26/2022","5.90","5.95","5.99","5.75","87.11K","-0.17%"
"05/25/2022","5.91","6.01","6.07","5.86","181.66K","-1.83%"
"05/24/2022","6.02","6.10","6.10","5.96","98.18K","-0.82%"
"05/23/2022","6.07","6.12","6.15","6.03","2.61M","-0.49%"
"05/22/2022","6.10","6.11","6.15","6.07","185.59K","0.16%"
"05/19/2022","6.09","6.10","6.19","6.04","492.04K","-1.14%"
"05/18/2022","6.16","6.17","6.20","6.02","357.04K","0.82%"
"05/17/2022","6.11","6.05","6.19","6.00","532.00K","2.69%"
"05/16/2022","5.95","6.12","6.12","5.90","1.47M","-1.16%"
"05/15/2022","6.02","6.22","6.27","6.00","887.61K","-3.53%"
"05/12/2022","6.24","6.30","6.30","6.18","343.07K","-0.95%"
"05/11/2022","6.30","6.39","6.40","6.27","1.22M","-1.56%"
"05/10/2022","6.40","6.42","6.42","6.33","457.63K","-0.62%"
"05/09/2022","6.44","6.62","6.65","6.40","308.45K","-2.72%"
"05/08/2022","6.62","6.51","6.69","6.50","302.83K","0.46%"
"04/28/2022","6.59","6.50","6.62","6.42","114.46K","2.65%"
"04/27/2022","6.42","6.65","6.65","6.39","184.07K","-1.23%"
"04/26/2022","6.50","6.65","6.75","6.47","286.88K","-1.07%"
"04/21/2022","6.57","6.64","6.64","6.51","87.83K","0.92%"
"04/20/2022","6.51","6.68","6.70","6.45","87.46K","-3.27%"
"04/19/2022","6.73","6.64","6.84","6.20","623.06K","-8.93%"
"04/18/2022","7.39","7.10","7.50","7.10","625.15K","4.38%"
"04/17/2022","7.08","7.10","7.24","7.06","86.26K","-0.28%"
"04/14/2022","7.10","7.34","7.34","7.06","10.70M","-2.87%"
"04/13/2022","7.31","7.40","7.40","7.29","509.04K","-0.41%"
"04/12/2022","7.34","7.35","7.44","7.10","191.06K","-0.54%"
"04/11/2022","7.38","7.47","7.49","7.35","67.43K","-1.34%"
"04/10/2022","7.48","7.64","7.64","7.39","505.94K","0.13%"
"04/07/2022","7.47","7.40","7.50","7.38","104.15K","0.67%"
"04/06/2022","7.42","7.45","7.70","7.39","184.25K","0.00%"
"04/05/2022","7.42","7.50","7.52","7.40","270.47K","-1.46%"
"04/04/2022","7.53","7.60","7.60","7.46","252.89K","-0.92%"
"04/03/2022","7.60","7.50","7.67","7.50","314.05K","2.01%"
"03/31/2022","7.45","7.42","7.59","7.30","929.19K","0.68%"
"03/30/2022","7.40","7.60","7.60","7.40","564.85K","-1.07%"
"03/29/2022","7.48","7.60","7.60","7.43","836.09K","-1.84%"
"03/28/2022","7.62","7.62","7.70","7.55","901.29K","-1.04%"
"03/27/2022","7.70","7.73","7.80","7.52","267.11K","-1.03%"
"03/24/2022","7.78","7.72","7.81","7.10","772.15K","1.17%"
"03/23/2022","7.69","7.65","7.71","7.52","2.23M","2.26%"
"03/22/2022","7.52","7.70","7.95","7.47","3.13M","-1.05%"
"03/21/2022","7.60","7.35","7.90","7.35","3.94M","4.83%"
"03/20/2022","7.25","7.25","7.29","7.22","1.32M","0.42%"
"03/17/2022","7.22","7.30","7.33","7.15","2.34M","-0.69%"
"03/16/2022","7.27","7.29","7.35","7.26","629.04K","0.14%"
"03/15/2022","7.26","7.24","7.33","7.15","141.02K","-0.55%"
"03/14/2022","7.30","7.28","7.33","7.26","235.67K","-0.41%"
"03/13/2022","7.33","7.40","7.40","7.26","114.67K","0.41%"
"03/10/2022","7.30","7.35","7.37","7.26","2.26M","0.00%"
"03/09/2022","7.30","7.31","7.41","7.30","1.37M","-0.68%"
"03/08/2022","7.35","7.50","7.50","7.30","566.00K","-2.39%"
"03/07/2022","7.53","7.60","7.80","7.50","1.79M","-0.53%"
"03/06/2022","7.57","7.80","7.81","7.50","404.91K","-2.95%"
"03/03/2022","7.80","7.82","7.90","7.70","1.13M","-0.26%"
"03/02/2022","7.82","7.90","8.05","7.70","515.95K","-1.01%"
"03/01/2022","7.90","7.96","7.99","7.84","769.11K","0.13%"
"02/28/2022","7.89","7.97","8.00","7.81","554.08K","-1.00%"
"02/27/2022","7.97","8.15","8.15","7.91","492.70K","-0.13%"
"02/24/2022","7.98","8.00","8.01","7.90","1.51M","-2.33%"
"02/23/2022","8.17","8.16","8.23","8.10","563.30K","-0.37%"
"02/22/2022","8.20","8.22","8.27","8.13","1.12M","-3.64%"
"02/21/2022","8.51","8.19","8.59","8.19","294.59K","4.80%"
"02/20/2022","8.12","8.30","8.39","8.10","711.73K","-2.52%"
"02/17/2022","8.33","8.33","8.40","8.30","695.87K","0.12%"
"02/16/2022","8.32","8.06","8.37","8.06","144.49K","4.00%"
"02/15/2022","8.00","7.94","8.13","7.94","792.94K","1.01%"
"02/14/2022","7.92","8.01","8.05","7.90","873.81K","-1.98%"
"02/13/2022","8.08","8.32","8.32","8.00","332.43K","-2.42%"
"02/10/2022","8.28","8.53","8.60","8.15","356.80K","-2.24%"
"02/09/2022","8.47","8.61","8.67","8.45","107.43K","-1.40%"
"02/08/2022","8.59","8.57","8.68","8.54","278.42K","-0.12%"
"02/07/2022","8.60","8.70","8.70","8.50","949.34K","-2.16%"
"02/06/2022","8.79","8.71","8.87","8.63","279.26K","1.15%"
"02/03/2022","8.69","8.60","8.75","8.53","854.47K","1.05%"
"02/02/2022","8.60","8.19","9.00","8.18","2.57M","5.78%"
"02/01/2022","8.13","8.00","8.16","8.00","253.62K","1.50%"
"01/31/2022","8.01","8.00","8.03","7.90","350.67K","0.13%"
"01/30/2022","8.00","8.05","8.05","7.97","173.54K","0.13%"
"01/26/2022","7.99","8.03","8.03","7.95","89.82K","-0.25%"
"01/25/2022","8.01","8.00","8.03","7.98","463.24K","0.13%"
"01/24/2022","8.00","7.95","8.06","7.95","844.82K","0.38%"
"01/23/2022","7.97","8.05","8.05","7.92","68.35K","-0.62%"
"01/20/2022","8.02","8.09","8.12","7.99","531.92K","0.25%"
"01/19/2022","8.00","8.20","8.20","7.90","241.62K","-1.96%"
"01/18/2022","8.16","8.13","8.20","8.06","171.54K","0.62%"
"01/17/2022","8.11","8.15","8.20","8.07","79.16K","-0.37%"
"01/16/2022","8.14","8.32","8.32","8.13","86.34K","-0.97%"
"01/13/2022","8.22","8.33","8.39","8.20","851.46K","-0.96%"
"01/12/2022","8.30","8.25","8.42","8.24","739.29K","0.73%"
"01/11/2022","8.24","8.20","8.30","8.19","270.27K","0.37%"
"01/10/2022","8.21","8.31","8.36","8.19","269.00K","-2.03%"
"01/09/2022","8.38","8.45","8.45","8.26","249.74K","-0.24%"
"01/05/2022","8.40","8.20","8.47","8.11","1.00M","3.19%"
"01/04/2022","8.14","7.92","8.33","7.92","1.33M","2.91%"
"01/03/2022","7.91","8.20","8.30","7.85","931.79K","-3.77%"
"01/02/2022","8.22","8.55","8.55","8.18","533.91K","-2.38%"
"12/30/2021","8.42","8.62","8.62","8.03","756.32K","1.08%"
"12/29/2021","8.33","8.33","8.36","8.24","3.23M","0.85%"
"12/28/2021","8.26","8.38","8.42","8.24","410.57K","-1.08%"
"12/27/2021","8.35","8.36","8.40","8.26","1.53M","0.72%"
"12/26/2021","8.29","8.23","8.44","8.23","947.34K","0.73%"
"12/23/2021","8.23","8.18","8.28","8.13","1.38M","0.86%"
"12/22/2021","8.16","8.21","8.22","8.14","1.29M","-0.12%"
"12/21/2021","8.17","8.21","8.32","8.14","1.27M","-0.24%"
"12/20/2021","8.19","8.36","8.36","8.12","1.10M","-1.92%"
"12/19/2021","8.35","8.61","8.61","8.33","747.62K","-1.42%"
"12/16/2021","8.47","8.23","8.57","8.22","2.51M","3.80%"
"12/15/2021","8.16","7.89","8.21","7.86","1.36M","4.08%"
"12/14/2021","7.84","8.03","8.18","7.84","1.44M","-2.12%"
"12/13/2021","8.01","8.03","8.30","7.84","4.78M","0.75%"
"12/12/2021","7.95","7.84","8.10","7.74","3.65M","4.74%"
"12/09/2021","7.59","7.64","7.64","7.51","4.60M","0.13%"
"12/08/2021","7.58","7.59","7.65","7.49","469.24K","0.13%"
"12/07/2021","7.57","7.71","7.71","7.49","1.24M","-0.53%"
"12/06/2021","7.61","7.20","7.71","7.20","3.79M","7.18%"
"12/05/2021","7.10","7.03","7.19","7.03","79.21K","-0.28%"
"12/02/2021","7.12","7.09","7.19","7.09","123.77K","-1.25%"
"12/01/2021","7.21","7.20","7.20","7.05","41.96K","0.00%"
"11/30/2021","7.21","7.09","7.21","6.96","2.88M","2.41%"
"11/29/2021","7.04","7.03","7.13","6.97","321.58K","0.14%"
"11/28/2021","7.03","7.21","7.26","6.84","54.83K","-2.50%"
"11/25/2021","7.21","7.21","7.28","7.19","2.42M","1.26%"
"11/24/2021","7.12","7.27","7.27","5.98","354.23K","-1.39%"
"11/23/2021","7.22","7.21","7.28","7.18","81.64K","0.14%"
"11/22/2021","7.21","7.17","7.21","7.17","11.44K","0.00%"
"11/21/2021","7.21","7.08","7.22","6.97","1.00M","0.14%"
"11/18/2021","7.20","7.18","7.21","7.01","904.67K","2.56%"
"11/17/2021","7.02","7.12","7.21","6.91","640.25K","-1.40%"
"11/16/2021","7.12","7.18","7.32","7.07","77.07K","-1.39%"
"11/15/2021","7.22","7.20","7.32","7.14","825.15K","0.00%"
"11/14/2021","7.22","7.22","7.25","7.09","400.41K","0.56%"
"11/11/2021","7.18","7.06","7.31","6.96","1.98M","2.57%"
"11/10/2021","7.00","6.96","7.01","6.92","2.08M","0.57%"
"11/09/2021","6.96","6.94","6.96","6.91","869.24K","0.58%"
"11/08/2021","6.92","6.95","6.99","6.87","1.31M","-0.43%"
"11/07/2021","6.95","6.97","6.97","6.87","804.99K","0.43%"
"11/04/2021","6.92","6.97","6.97","6.85","318.96K","-0.57%"
"11/03/2021","6.96","6.83","6.97","6.78","1.05M","1.75%"
"11/02/2021","6.84","6.84","6.89","6.76","1.07M","0.15%"
"11/01/2021","6.83","6.67","6.87","6.64","1.61M","2.40%"
"10/31/2021","6.67","6.77","6.77","6.62","539.80K","-1.77%"
"10/28/2021","6.79","6.84","6.84","6.75","204.13K","-0.59%"
"10/27/2021","6.83","6.93","6.93","6.72","258.64K","-0.15%"
"10/26/2021","6.84","6.65","6.91","6.65","2.39M","3.01%"
"10/25/2021","6.64","6.66","6.75","6.49","1.71M","-0.30%"
"10/24/2021","6.66","6.57","6.71","6.57","86.37K","0.76%"
"10/20/2021","6.61","6.72","6.72","6.48","391.29K","-0.45%"
"10/19/2021","6.64","6.84","6.86","5.72","616.04K","-2.92%"
"10/18/2021","6.84","6.87","6.87","6.73","931.27K","0.59%"
"10/17/2021","6.80","6.77","6.84","6.75","209.68K","0.74%"
"10/14/2021","6.75","6.62","6.79","6.59","2.48M","2.12%"
"10/13/2021","6.61","6.62","6.63","6.50","1.05M","0.30%"
"10/12/2021","6.59","6.51","6.64","6.50","838.78K","1.54%"
"10/11/2021","6.49","6.45","6.52","6.38","1.96M","1.56%"
"10/10/2021","6.39","6.43","6.45","6.38","126.04K","-0.31%"
"10/06/2021","6.41","6.39","6.43","6.35","49.43K","0.31%"
"10/05/2021","6.39","6.44","6.44","6.35","117.96K","0.00%"
"10/04/2021","6.39","6.46","6.46","6.27","2.51M","0.63%"
"10/03/2021","6.35","6.47","6.54","6.34","235.24K","-0.78%"
"09/30/2021","6.40","6.22","6.62","6.22","683.82K","2.40%"
"09/29/2021","6.25","6.47","6.47","6.22","541.57K","-2.65%"
"09/28/2021","6.42","6.49","6.49","6.41","285.99K","-1.08%"
"09/27/2021","6.49","6.60","6.62","6.49","568.67K","-2.11%"
"09/26/2021","6.63","6.69","6.69","6.61","122.65K","-0.30%"
"09/23/2021","6.65","6.67","6.72","6.59","1.26M","0.30%"
"09/22/2021","6.63","6.72","6.81","6.59","155.64K","-0.90%"
"09/21/2021","6.69","6.62","6.71","6.52","662.57K","-1.33%"
"09/20/2021","6.78","6.84","6.84","6.63","1.45M","-1.45%"
"09/19/2021","6.88","7.00","7.00","6.84","532.17K","-1.15%"
"09/16/2021","6.96","6.85","7.09","6.84","666.96K","1.46%"
"09/15/2021","6.86","6.80","6.87","6.80","511.30K","0.15%"
"09/14/2021","6.85","6.82","6.90","6.74","269.22K","0.44%"
"09/13/2021","6.82","6.84","6.89","6.80","389.63K","0.29%"
"09/12/2021","6.80","6.79","6.90","6.76","629.25K","0.15%"
"09/09/2021","6.79","6.73","6.89","6.73","276.60K","-0.59%"
"09/08/2021","6.83","6.92","6.92","6.79","297.90K","0.29%"
"09/07/2021","6.81","6.95","6.96","6.69","564.16K","-2.16%"
"09/06/2021","6.96","6.85","6.96","6.47","2.06M","0.58%"
"09/05/2021","6.92","7.03","7.15","6.84","931.69K","-0.86%"
"09/02/2021","6.98","6.93","7.09","6.89","3.00M","1.01%"
"09/01/2021","6.91","6.94","6.94","6.86","1.19M","1.92%"
"08/31/2021","6.78","6.65","6.91","6.61","3.67M","1.80%"
"08/30/2021","6.66","6.53","6.71","6.53","2.46M","0.76%"
"08/29/2021","6.61","6.65","6.66","6.55","406.66K","0.30%"
"08/26/2021","6.59","6.53","6.69","6.48","2.11M","1.07%"
"08/25/2021","6.52","6.53","6.53","6.47","3.52M","0.46%"
"08/24/2021","6.49","6.47","6.55","6.44","3.11M","0.31%"
"08/23/2021","6.47","6.44","6.52","6.44","5.49M","0.47%"
"08/22/2021","6.44","6.42","6.47","6.42","2.78M","0.00%"
"08/19/2021","6.44","6.50","6.50","6.40","2.22M","-0.77%"
"08/18/2021","6.49","6.59","6.59","6.44","2.92M","-0.61%"
"08/17/2021","6.53","6.59","6.62","6.43","6.27M","0.93%"
"08/16/2021","6.47","6.33","6.64","6.23","5.65M","2.70%"
"08/15/2021","6.30","6.24","6.44","6.22","4.29M","1.94%"
"08/11/2021","6.18","6.11","6.24","6.06","2.05M","1.15%"
"08/10/2021","6.11","6.09","6.15","6.03","1.06M","0.99%"
"08/09/2021","6.05","6.14","6.14","6.00","652.30K","-0.66%"
"08/08/2021","6.09","6.03","6.16","6.03","2.27M","1.67%"
"08/05/2021","5.99","5.94","6.07","5.94","689.33K","0.17%"
"08/04/2021","5.98","5.98","6.04","5.92","1.09M","0.00%"
"08/03/2021","5.98","6.00","6.06","5.90","1.91M","-0.33%"
"08/02/2021","6.00","6.01","6.17","5.95","2.73M","0.33%"
"08/01/2021","5.98","5.96","6.16","5.89","1.83M","1.01%"
"07/29/2021","5.92","5.97","6.01","5.87","910.97K","-0.34%"
"07/28/2021","5.94","5.94","5.99","5.91","908.85K","0.00%"
"07/27/2021","5.94","5.99","6.01","5.89","1.04M","-0.34%"
"07/26/2021","5.96","6.07","6.07","5.91","1.57M","-0.83%"
"07/25/2021","6.01","6.02","6.09","5.97","2.21M","1.52%"
"07/18/2021","5.92","5.75","6.01","5.75","2.04M","2.60%"
"07/15/2021","5.77","5.72","5.91","5.71","2.35M","0.70%"
"07/14/2021","5.73","5.82","5.82","5.70","8.29M","0.00%"
"07/13/2021","5.73","5.68","5.80","5.65","1.51M","1.06%"
"07/12/2021","5.67","5.70","5.74","5.63","1.33M","-0.18%"
"07/11/2021","5.68","5.76","5.76","5.60","578.73K","0.53%"
"07/08/2021","5.65","5.75","5.76","5.60","1.36M","-1.91%"
"07/07/2021","5.76","5.74","5.83","5.63","544.76K","0.70%"
"07/06/2021","5.72","5.79","5.82","5.63","1.40M","-2.89%"
"07/05/2021","5.89","5.97","5.97","5.82","1.41M","0.17%"
"07/04/2021","5.88","5.91","5.97","5.82","896.36K","0.00%"
"06/30/2021","5.88","5.87","5.94","5.82","3.24M","0.68%"
"06/29/2021","5.84","5.94","6.02","5.72","3.24M","-1.18%"
"06/28/2021","5.91","5.82","6.02","5.78","5.56M","3.14%"
"06/27/2021","5.73","5.75","5.97","5.66","2.28M","1.06%"
"06/24/2021","5.67","5.72","5.72","5.62","645.46K","-0.18%"
"06/23/2021","5.68","5.71","5.76","5.63","491.71K","-0.18%"
"06/22/2021","5.69","5.55","5.76","5.55","1.31M","3.83%"
"06/21/2021","5.48","5.54","5.61","5.47","2.27M","-1.44%"
"06/20/2021","5.56","5.64","5.66","5.52","146.44K","0.18%"
"06/17/2021","5.55","5.48","5.59","5.47","254.69K","0.00%"
"06/16/2021","5.55","5.54","5.63","5.52","151.04K","-0.36%"
"06/15/2021","5.57","5.67","5.70","5.50","603.73K","-0.71%"
"06/14/2021","5.61","5.67","5.67","5.57","240.12K","-0.88%"
"06/13/2021","5.66","5.70","5.72","5.60","295.97K","0.35%"
"06/10/2021","5.64","5.71","5.71","5.53","3.66M","-0.53%"
"06/09/2021","5.67","5.63","5.70","5.63","328.39K","-0.18%"
"06/08/2021","5.68","5.71","5.72","5.65","622.95K","0.00%"
"06/07/2021","5.68","5.53","5.72","5.50","1.05M","0.00%"
"06/06/2021","5.68","5.62","5.70","5.62","280.60K","0.18%"
"06/03/2021","5.67","5.94","5.94","5.65","89.53K","-0.35%"
"06/02/2021","5.69","5.63","5.72","5.63","716.42K","0.18%"
"06/01/2021","5.68","5.71","5.72","5.64","250.34K","-0.18%"
"05/31/2021","5.69","5.72","5.72","5.65","519.72K","-0.52%"
"05/30/2021","5.72","5.71","5.77","5.67","277.38K","0.70%"
"05/27/2021","5.68","5.72","5.72","5.62","123.63K","-0.35%"
"05/26/2021","5.70","5.72","5.72","5.65","61.52K","-0.35%"
"05/25/2021","5.72","5.77","5.77","5.67","2.38M","-1.38%"
"05/24/2021","5.80","5.86","5.89","5.73","60.96K","-2.03%"
"05/23/2021","5.92","5.91","5.94","5.85","202.70K","-0.50%"
"05/20/2021","5.95","5.97","6.01","5.82","893.32K","1.19%"
"05/19/2021","5.88","5.65","6.01","5.65","632.02K","2.80%"
"05/18/2021","5.72","5.73","5.73","5.68","2.05M","-0.35%"
"05/17/2021","5.74","5.85","5.85","5.72","1.38M","0.17%"
"05/11/2021","5.73","5.78","5.78","5.72","263.15K","-0.87%"
"05/10/2021","5.78","5.62","5.82","5.62","50.73K","0.00%"
"05/09/2021","5.78","5.73","5.85","5.72","133.83K","1.23%"
"05/06/2021","5.71","5.72","5.76","5.61","902.23K","0.88%"
"05/05/2021","5.66","5.77","5.77","5.61","165.96K","-1.57%"
"05/04/2021","5.75","5.62","5.81","5.47","135.58K","2.31%"
"04/28/2021","5.62","5.62","5.72","5.60","161.56K","-1.06%"
"04/27/2021","5.68","5.71","5.89","5.59","216.21K","3.65%"
"04/26/2021","5.48","5.56","5.67","5.47","4.13M","0.55%"
"04/25/2021","5.45","5.47","5.47","5.35","85.63K","-0.73%"
"04/22/2021","5.49","5.56","5.58","5.47","1.47M","0.37%"
"04/21/2021","5.47","5.59","5.59","5.45","295.69K","0.00%"
"04/20/2021","5.47","5.64","5.65","5.40","737.21K","0.00%"
"04/19/2021","5.47","5.59","5.60","5.45","987.97K","0.00%"
"04/18/2021","5.47","5.47","5.47","5.47","104.33K","0.18%"
"04/15/2021","5.46","5.47","5.56","5.24","257.44K","-0.73%"
"04/14/2021","5.50","5.60","5.60","5.47","3.44M","-1.79%"
"04/13/2021","5.60","5.59","5.65","5.55","2.36M","0.36%"
"04/12/2021","5.58","5.60","5.60","5.55","275.37K","0.36%"
"04/11/2021","5.56","5.60","5.60","5.56","998.52K","-0.18%"
"04/08/2021","5.57","5.68","5.68","5.56","905.06K","-0.54%"
"04/07/2021","5.60","5.66","5.66","5.60","628.36K","-2.10%"
"04/06/2021","5.72","5.72","5.82","5.62","2.44M","0.35%"
"04/05/2021","5.70","5.62","5.90","5.57","227.71K","1.24%"
"04/04/2021","5.63","5.82","5.82","5.52","169.46K","-2.60%"
"04/01/2021","5.78","5.82","5.97","5.72","139.50K","1.05%"
"03/31/2021","5.72","5.72","5.80","5.72","229.64K","-0.52%"
"03/30/2021","5.75","5.89","5.89","5.72","271.37K","-1.37%"
"03/29/2021","5.83","5.89","5.91","5.72","604.53K","-0.51%"
"03/28/2021","5.86","5.97","5.97","5.72","53.20K","0.86%"
"03/25/2021","5.81","5.76","5.97","5.72","1.66M","0.87%"
"03/24/2021","5.76","5.67","5.97","5.67","704.09K","0.00%"
"03/23/2021","5.76","5.96","6.10","5.61","357.74K","0.17%"
"03/22/2021","5.75","5.77","5.95","5.72","210.01K","-3.36%"
"03/21/2021","5.95","5.96","5.96","5.79","63.64K","-0.17%"
"03/18/2021","5.96","5.76","5.97","5.76","106.90K","0.00%"
"03/17/2021","5.96","5.97","5.97","5.92","160.14K","-0.17%"
"03/16/2021","5.97","6.09","6.09","5.94","192.76K","0.00%"
"03/15/2021","5.97","6.17","6.20","5.73","1.76M","-3.71%"
"03/14/2021","6.20","6.22","6.22","6.17","42.78K","-0.32%"
"03/11/2021","6.22","6.22","6.22","6.18","287.62K","0.00%"
"03/10/2021","6.22","6.22","6.22","6.22","316.85K","-0.48%"
"03/09/2021","6.25","6.26","6.27","6.17","160.34K","0.16%"
"03/08/2021","6.24","6.44","6.44","6.22","494.27K","-2.35%"
"03/07/2021","6.39","6.34","6.46","6.28","81.69K","0.63%"
"03/04/2021","6.35","6.43","6.43","6.34","2.91M","0.00%"
"03/03/2021","6.35","6.47","6.47","6.34","1.05M","-1.85%"
"03/02/2021","6.47","6.59","6.59","6.42","238.60K","-1.37%"
"03/01/2021","6.56","6.64","6.64","6.52","26.89K","-0.91%"
"02/28/2021","6.62","6.65","6.67","6.53","120.51K","-0.60%"
"02/25/2021","6.66","6.65","6.70","6.50","1.18M","0.76%"
"02/24/2021","6.61","6.54","6.72","6.53","140.60K","0.92%"
"02/23/2021","6.55","6.54","6.57","6.53","125.90K","-1.80%"
"02/22/2021","6.67","6.67","6.67","6.62","168.68K","0.00%"
"02/21/2021","6.67","6.69","6.69","6.59","521.62K","-0.60%"
"02/18/2021","6.71","6.70","6.72","6.62","55.73K","0.00%"
"02/17/2021","6.71","6.71","6.71","6.50","11.98K","0.00%"
"02/16/2021","6.71","6.75","6.81","6.69","179.78K","-2.33%"
"02/15/2021","6.87","6.85","6.85","6.85","0.02K","0.00%"
"02/14/2021","6.87","6.88","6.88","6.72","106.53K","-0.15%"
"02/11/2021","6.88","6.94","6.96","6.87","346.23K","-0.86%"
"02/10/2021","6.94","7.09","7.09","6.93","49.07K","-0.57%"
"02/09/2021","6.98","7.18","7.19","6.90","92.59K","0.29%"
"02/08/2021","6.96","6.96","7.05","6.88","46.92K","-1.28%"
"02/07/2021","7.05","7.01","7.01","6.98","3.25K","0.00%"
"02/04/2021","7.05","7.01","7.21","6.96","197.25K","1.15%"
"02/03/2021","6.97","6.99","7.06","6.93","443.15K","0.14%"
"02/02/2021","6.96","6.88","7.08","6.88","1.75M","0.00%"
"02/01/2021","6.96","6.98","7.04","6.96","1.20M","-0.29%"
"01/31/2021","6.98","6.99","6.99","6.97","684.20K","-0.14%"
"01/27/2021","6.99","7.03","7.08","6.98","31.00K","-1.13%"
"01/26/2021","7.07","6.96","7.09","6.96","72.37K","0.57%"
"01/25/2021","7.03","7.03","7.03","7.03","63.77K","-0.28%"
"01/24/2021","7.05","7.21","7.21","6.97","15.48K","-1.54%"
"01/21/2021","7.16","7.19","7.21","7.16","1.07M","2.14%"
"01/20/2021","7.01","7.09","7.21","7.00","1.70M","0.14%"
"01/19/2021","7.00","6.99","7.19","6.96","3.14M","0.57%"
"01/18/2021","6.96","6.96","7.02","6.89","84.19K","1.61%"
"01/17/2021","6.85","6.84","6.91","6.84","837.74K","1.33%"
"01/14/2021","6.76","6.72","6.84","6.72","99.20K","-0.29%"
"01/13/2021","6.78","6.84","6.91","6.63","715.72K","-3.28%"
"01/12/2021","7.01","7.49","7.49","6.85","2.97M","-6.16%"
"01/11/2021","7.47","7.49","7.54","7.46","203.08K","0.00%"
"01/10/2021","7.47","7.19","7.57","7.19","1.51M","2.89%"
"01/06/2021","7.26","6.97","7.39","6.97","978.79K","-0.55%"
"01/05/2021","7.30","7.31","7.31","7.17","882.45K","-0.14%"
"01/04/2021","7.31","7.33","7.39","7.22","1.64M","0.41%"
"01/03/2021","7.28","7.23","7.31","7.23","905.68K","0.83%"
"12/31/2020","7.22","7.36","7.36","7.21","379.41K","-1.50%"
"12/30/2020","7.33","7.33","7.34","7.16","3.62M","1.81%"
"12/29/2020","7.20","7.08","7.34","7.08","198.23K","2.56%"
"12/28/2020","7.02","6.96","7.09","6.94","503.39K","1.01%"
"12/27/2020","6.95","7.03","7.03","6.75","6.54K","0.00%"
"12/24/2020","6.95","6.99","7.01","6.84","115.79K","-0.14%"
"12/23/2020","6.96","6.84","6.96","6.74","2.53M","2.35%"
"12/22/2020","6.80","6.60","6.84","6.59","336.82K","3.03%"
"12/21/2020","6.60","6.72","6.72","6.49","1.21M","-1.64%"
"12/20/2020","6.71","6.77","6.88","6.73","12.74K","0.00%"
"12/17/2020","6.71","6.59","6.79","6.47","1.39M","-0.30%"
"12/16/2020","6.73","6.80","6.84","6.67","16.61K","-0.74%"
"12/15/2020","6.78","6.74","6.95","6.74","1.29M","1.80%"
"12/14/2020","6.66","6.62","6.75","6.59","483.94K","0.76%"
"12/13/2020","6.61","6.62","6.64","6.44","1.85M","1.54%"
"12/10/2020","6.51","6.57","6.59","6.47","5.83M","0.93%"
"12/09/2020","6.45","6.44","6.55","6.39","3.08M","0.31%"
"12/08/2020","6.43","6.51","6.51","6.39","253.73K","-0.16%"
"12/07/2020","6.44","6.57","6.57","6.36","993.60K","-1.68%"
"12/06/2020","6.55","6.57","6.64","6.43","374.05K","1.55%"
"12/03/2020","6.45","6.50","6.50","6.39","243.52K","-0.77%"
"12/02/2020","6.50","6.37","6.59","6.37","1.28M","0.78%"
"12/01/2020","6.45","6.42","6.52","6.42","1.82M","0.47%"
"11/30/2020","6.42","6.46","6.47","6.42","48.40K","-0.77%"
"11/29/2020","6.47","6.46","6.52","6.39","1.35M","0.31%"
"11/26/2020","6.45","6.35","6.47","6.35","284.96K","0.16%"
"11/25/2020","6.44","6.46","6.46","6.37","456.80K","1.42%"
"11/24/2020","6.35","6.35","6.37","6.34","2.44M","0.00%"
"11/23/2020","6.35","6.41","6.41","6.33","415.82K","0.00%"
"11/22/2020","6.35","6.35","6.45","6.34","881.52K","-0.63%"
"11/19/2020","6.39","6.47","6.47","6.35","499.41K","-0.47%"
"11/18/2020","6.42","6.43","6.47","6.39","1.40M","-0.47%"
"11/17/2020","6.45","6.47","6.47","6.38","152.47K","0.00%"
"11/16/2020","6.45","6.37","6.47","6.37","23.56K","0.47%"
"11/15/2020","6.42","6.47","6.47","6.39","420.75K","0.00%"
"11/12/2020","6.42","6.52","6.52","6.38","1.39M","-0.31%"
"11/11/2020","6.44","6.42","6.53","6.39","546.43K","0.47%"
"11/10/2020","6.41","6.46","6.60","6.29","2.77M","1.42%"
"11/09/2020","6.32","6.44","6.47","6.22","2.20M","0.64%"
"11/08/2020","6.28","6.33","6.34","6.18","316.60K","0.32%"
"11/05/2020","6.26","6.42","6.44","6.18","871.49K","0.48%"
"11/04/2020","6.23","6.39","6.39","6.22","571.37K","-1.89%"
"11/03/2020","6.35","6.02","6.39","6.02","3.39K","0.00%"
"11/02/2020","6.35","6.47","6.47","6.22","1.34M","-1.85%"
"11/01/2020","6.47","6.49","6.59","6.42","97.38K","0.15%"
"10/28/2020","6.46","6.39","6.47","6.39","128.13K","0.00%"
"10/27/2020","6.46","6.57","6.57","6.42","948.74K","0.00%"
"10/26/2020","6.46","6.35","6.47","6.31","333.75K","0.31%"
"10/25/2020","6.44","6.44","6.47","6.34","909.37K","0.00%"
"10/22/2020","6.44","6.47","6.47","6.23","368.81K","-1.98%"
"10/21/2020","6.57","6.71","6.71","6.47","63.66K","-0.30%"
"10/20/2020","6.59","6.72","6.72","6.54","22.11K","-1.93%"
"10/19/2020","6.72","6.70","6.74","6.65","288.44K","0.00%"
"10/18/2020","6.72","6.72","6.73","6.60","195.39K","-0.44%"
"10/15/2020","6.75","6.77","6.82","6.72","29.16K","-1.03%"
"10/14/2020","6.82","6.82","6.82","6.73","2.16M","0.00%"
"10/13/2020","6.82","6.83","6.83","6.77","522.45K","-1.02%"
"10/12/2020","6.89","6.90","6.96","6.84","1.41M","-0.14%"
"10/11/2020","6.90","6.94","6.94","6.78","1.44M","0.29%"
"10/07/2020","6.88","6.89","6.94","6.84","3.18M","1.03%"
"10/06/2020","6.81","6.77","6.89","6.72","3.18M","1.34%"
"10/05/2020","6.72","6.63","6.74","6.63","5.47M","0.15%"
"10/04/2020","6.71","6.66","6.72","6.62","807.86K","1.82%"
"10/01/2020","6.59","6.47","6.72","6.47","720.91K","0.00%"
"09/30/2020","6.59","6.47","6.64","6.47","2.99M","2.17%"
"09/29/2020","6.45","6.55","6.57","6.39","8.15M","0.31%"
"09/28/2020","6.43","6.37","6.46","6.37","168.05K","0.94%"
"09/27/2020","6.37","6.37","6.37","6.37","50.44K","0.00%"
"09/24/2020","6.37","6.35","6.46","6.32","54.76K","-0.78%"
"09/23/2020","6.42","6.31","6.47","6.29","142.49K","-0.31%"
"09/22/2020","6.44","6.47","6.47","6.34","771.38K","-0.46%"
"09/21/2020","6.47","6.47","6.53","6.44","4.79M","-0.77%"
"09/20/2020","6.52","6.48","6.57","6.47","897.18K","0.00%"
"09/17/2020","6.52","6.47","6.61","6.47","2.07M","0.62%"
"09/16/2020","6.48","6.47","6.57","6.47","272.91K","0.15%"
"09/15/2020","6.47","6.58","6.58","6.45","2.79M","0.00%"
"09/14/2020","6.47","6.47","6.53","6.44","6.34M","-0.61%"
"09/13/2020","6.51","6.52","6.57","6.47","29.25K","0.93%"
"09/10/2020","6.45","6.47","6.54","6.39","916.08K","0.62%"
"09/09/2020","6.41","6.22","6.45","6.22","200.21K","3.05%"
"09/08/2020","6.22","6.44","6.44","6.22","2.53M","-3.12%"
"09/07/2020","6.42","6.46","6.47","6.27","352.34K","1.42%"
"09/06/2020","6.33","6.23","6.39","6.23","545.64K","0.00%"
"09/03/2020","6.33","6.37","6.37","6.24","350.84K","0.32%"
"09/02/2020","6.31","6.40","6.47","6.25","3.56M","1.28%"
"09/01/2020","6.23","6.21","6.34","6.20","1.38M","1.14%"
"08/31/2020","6.16","6.22","6.31","6.09","2.25M","-2.22%"
"08/30/2020","6.30","6.29","6.33","6.22","152.64K","1.29%"
"08/27/2020","6.22","6.31","6.31","6.12","3.57M","-1.43%"
"08/26/2020","6.31","6.34","6.34","6.28","2.07M","-1.41%"
"08/25/2020","6.40","6.38","6.47","6.36","229.95K","-0.16%"
"08/24/2020","6.41","6.42","6.59","6.37","5.38M","-0.93%"
"08/23/2020","6.47","6.47","6.55","6.45","2.93M","0.31%"
"08/19/2020","6.45","6.48","6.48","6.36","476.42K","-0.92%"
"08/18/2020","6.51","6.64","6.64","6.47","1.34M","-0.91%"
"08/17/2020","6.57","6.64","6.64","6.52","3.36M","-1.05%"
"08/16/2020","6.64","6.66","6.66","6.59","63.08K","-0.15%"
"08/13/2020","6.65","6.72","6.72","6.59","33.85K","-1.34%"
"08/12/2020","6.74","6.74","6.80","6.71","1.51M","0.30%"
"08/11/2020","6.72","6.72","6.91","6.72","3.09M","0.15%"
"08/10/2020","6.71","6.65","6.72","6.65","121.08K","0.30%"
"08/09/2020","6.69","6.71","6.96","6.57","351.99K","1.36%"
"08/06/2020","6.60","6.59","6.67","6.59","17.92K","1.07%"
"08/05/2020","6.53","6.59","6.60","6.49","5.40M","-1.36%"
"08/04/2020","6.62","6.72","6.72","6.55","175.31K","-1.49%"
"07/29/2020","6.72","6.72","6.72","6.71","5.18K","0.00%"
"07/28/2020","6.72","6.72","6.76","6.72","2.58M","0.00%"
"07/27/2020","6.72","6.81","6.81","6.69","199.66K","0.15%"
"07/26/2020","6.71","6.72","6.72","6.71","2.18K","0.00%"
"07/22/2020","6.71","6.64","6.72","6.64","75.59K","-0.15%"
"07/21/2020","6.72","6.72","6.72","6.72","1.18M","0.00%"
"07/20/2020","6.72","6.72","6.84","6.69","56.52K","0.15%"
"07/19/2020","6.71","6.72","6.72","6.67","44.18K","-0.15%"
"07/16/2020","6.72","6.75","6.87","6.72","465.81K","-5.08%"
"07/15/2020","7.08","7.09","7.19","6.72","1.96M","-0.14%"
"07/14/2020","7.09","7.09","7.09","7.09","260.05K","-0.84%"
"07/13/2020","7.15","7.00","7.21","7.00","18.78K","-0.83%"
"07/12/2020","7.21","7.21","7.21","7.20","1.32M","0.14%"
"07/09/2020","7.20","7.06","7.21","6.96","1.05M","-0.14%"
"07/08/2020","7.21","7.21","7.21","7.09","973.57K","0.98%"
"07/07/2020","7.14","7.14","7.14","7.14","184.16K","0.00%"
"07/06/2020","7.14","7.14","7.14","7.09","2.58M","-1.92%"
"07/05/2020","7.28","7.25","7.34","7.25","6.03K","-1.36%"
"06/30/2020","7.38","7.21","7.46","7.10","643.26K","3.07%"
"06/29/2020","7.16","6.98","7.21","6.98","74.87K","-0.28%"
"06/28/2020","7.18","6.96","7.33","6.96","73.51K","1.41%"
"06/25/2020","7.08","7.09","7.19","6.96","207.66K","-1.94%"
"06/24/2020","7.22","7.21","7.27","7.09","98.48K","1.98%"
"06/23/2020","7.08","7.01","7.09","6.97","630.31K","-0.14%"
"06/22/2020","7.09","7.09","7.09","7.09","2.43M","1.72%"
"06/21/2020","6.97","6.96","6.98","6.96","513.25K","-1.55%"
"06/18/2020","7.08","6.99","7.28","6.96","153.58K","1.29%"
"06/17/2020","6.99","6.99","6.99","6.96","279.42K","0.29%"
"06/16/2020","6.97","7.08","7.09","6.96","33.04K","0.14%"
"06/15/2020","6.96","6.96","7.09","6.96","554.07K","-0.14%"
"06/14/2020","6.97","7.20","7.20","6.84","29.77K","-3.33%"
"06/11/2020","7.21","7.21","7.21","7.21","259.88K","0.00%"
"06/10/2020","7.21","7.21","7.22","7.21","89.13K","0.00%"
"06/09/2020","7.21","7.22","7.24","7.21","2.35M","-0.14%"
"06/08/2020","7.22","7.42","7.42","7.21","2.85M","-1.50%"
"06/07/2020","7.33","7.09","7.36","7.09","2.52M","5.47%"
"06/04/2020","6.95","6.49","7.11","6.49","2.39M","7.59%"
"06/03/2020","6.46","6.39","6.59","6.38","5.66M","1.73%"
"06/02/2020","6.35","6.34","6.44","6.34","4.91M","0.16%"
"06/01/2020","6.34","6.29","6.39","6.29","177.30K","0.79%"
"05/31/2020","6.29","6.22","6.39","6.19","108.76K","1.78%"
"05/21/2020","6.18","6.27","6.27","6.12","574.27K","-2.52%"
"05/20/2020","6.34","6.34","6.34","6.26","690.06K","0.00%"
"05/19/2020","6.34","6.24","6.34","6.24","552.79K","0.32%"
"05/18/2020","6.32","6.34","6.34","6.22","1.53M","-1.10%"
"05/17/2020","6.39","6.43","6.43","6.32","814.34K","-0.62%"
"05/14/2020","6.43","6.36","6.47","6.36","1.96M","0.00%"
"05/13/2020","6.43","6.53","6.53","6.37","326.54K","0.78%"
"05/12/2020","6.38","6.39","6.47","6.33","2.18M","2.08%"
"05/11/2020","6.25","6.64","6.64","6.23","2.01M","-6.02%"
"05/10/2020","6.65","6.59","6.74","6.59","111.19K","-2.78%"
"05/07/2020","6.84","6.87","6.94","6.72","882.65K","-0.44%"
"05/06/2020","6.87","6.77","6.96","6.77","1.94M","0.15%"
"05/05/2020","6.86","6.91","6.93","6.84","2.03M","-0.72%"
"05/04/2020","6.91","6.91","6.94","6.78","652.62K","-0.58%"
"05/03/2020","6.95","6.95","6.98","6.74","2.43M","-0.14%"
"04/30/2020","6.96","6.96","7.02","6.93","2.17M","0.58%"
"04/29/2020","6.92","6.96","6.99","6.87","2.29M","-0.14%"
"04/28/2020","6.93","6.95","7.06","6.86","1.65M","-10.23%"
"04/27/2020","7.72","7.70","7.82","7.70","1.40M","0.13%"
"04/26/2020","7.71","7.71","7.71","7.66","1.27M","0.78%"
"04/23/2020","7.65","7.65","7.71","7.63","545.44K","0.00%"
"04/22/2020","7.65","7.67","7.71","7.60","444.89K","-0.65%"
"04/21/2020","7.70","7.72","7.72","7.61","304.41K","-1.16%"
"04/16/2020","7.79","7.71","7.84","7.59","387.89K","1.04%"
"04/15/2020","7.71","7.71","7.77","7.67","346.84K","2.66%"
"04/14/2020","7.51","7.46","7.85","7.46","2.09M","0.81%"
"04/13/2020","7.45","7.49","7.49","7.34","869.11K","0.00%"
"04/12/2020","7.45","7.34","7.58","7.28","1.32M","3.47%"
"04/09/2020","7.20","7.21","7.21","7.09","3.43M","1.41%"
"04/08/2020","7.10","7.33","7.33","7.00","1.69M","-1.93%"
"04/07/2020","7.24","7.46","7.46","7.11","2.05M","-2.29%"
"04/06/2020","7.41","7.36","7.46","7.34","375.06K","-1.07%"
"04/05/2020","7.49","7.68","7.71","7.39","29.47K","2.04%"
"04/02/2020","7.34","7.46","7.46","7.34","2.05M","-1.08%"
"04/01/2020","7.42","7.46","7.46","7.34","99.76K","1.09%"
"03/31/2020","7.34","7.46","7.46","7.21","1.07M","-0.27%"
"03/30/2020","7.36","7.92","7.92","7.21","274.59K","-7.54%"
"03/29/2020","7.96","7.92","7.96","7.92","664.48K","0.00%"
"03/26/2020","7.96","7.96","8.16","7.96","142.52K","0.00%"
"03/25/2020","7.96","8.15","8.15","7.96","4.17M","-2.93%"
"03/24/2020","8.20","8.11","8.21","8.08","147.62K","-0.73%"
"03/23/2020","8.26","8.51","8.56","8.11","1.20M","3.77%"
"03/22/2020","7.96","7.96","8.01","7.73","989.12K","0.00%"
"03/19/2020","7.96","7.96","8.45","7.96","5.23M","-9.03%"
"03/17/2020","8.75","8.95","9.08","8.46","163.50K","0.81%"
"03/16/2020","8.68","8.25","9.20","8.24","1.32K","0.00%"
"03/15/2020","8.68","8.53","8.71","8.51","29.24K","-8.25%"
"03/11/2020","9.46","9.69","9.70","9.33","387.48K","-1.36%"
"03/10/2020","9.59","9.85","9.85","9.58","6.27M","-3.62%"
"03/09/2020","9.95","9.99","10.01","9.82","886.05K","-3.68%"
"03/08/2020","10.33","10.42","10.42","9.98","185.08K","-2.27%"
"03/05/2020","10.57","10.57","10.57","10.57","3.01M","0.67%"
"03/04/2020","10.50","10.07","10.70","9.83","14.27K","-3.85%"
"03/03/2020","10.92","10.57","11.19","10.45","45.02K","7.06%"
"03/02/2020","10.20","10.20","10.20","9.82","2.18M","2.51%"
"03/01/2020","9.95","9.95","10.20","9.70","3.51M","-4.78%"
"02/27/2020","10.45","10.45","10.45","10.44","2.48M","0.00%"
"02/26/2020","10.45","10.45","10.45","10.45","5.09K","-1.51%"
"02/25/2020","10.61","10.62","10.70","10.57","3.08M","-0.84%"
"02/24/2020","10.70","10.70","10.70","10.70","1.40M","-0.19%"
"02/23/2020","10.72","10.74","10.74","10.72","251.36K","-2.01%"
"02/20/2020","10.94","10.94","10.94","10.70","3.39M","2.24%"
"02/19/2020","10.70","10.70","10.94","10.69","1.87M","0.00%"
"02/18/2020","10.70","10.69","10.70","10.69","13.31M","0.00%"
"02/17/2020","10.70","10.70","10.70","10.70","20.72K","0.00%"
"02/16/2020","10.70","10.70","10.70","10.69","11.26K","0.00%"
"02/13/2020","10.70","10.70","10.70","10.69","71.52K","-0.28%"
"02/12/2020","10.73","10.82","10.82","10.62","113.17K","-0.83%"
"02/11/2020","10.82","10.82","10.82","10.82","28.75K","0.00%"
"02/10/2020","10.82","10.82","10.82","10.81","172.59K","0.00%"
"02/09/2020","10.82","10.94","10.94","10.82","27.21K","-0.46%"
"02/06/2020","10.87","10.94","10.95","10.76","140.78K","0.00%"
"02/05/2020","10.87","10.89","10.89","10.70","124.79K","0.09%"
"02/04/2020","10.86","10.92","10.92","10.86","425.35K","0.84%"
"02/03/2020","10.77","10.80","10.80","10.71","11.58K","-0.28%"
"02/02/2020","10.80","10.71","10.82","10.71","5.68K","-1.28%"
"01/30/2020","10.94","10.82","10.94","10.82","2.87K","0.00%"
"01/29/2020","10.94","11.18","11.18","10.94","1.13M","-0.18%"
"01/28/2020","10.96","11.02","11.02","10.94","532.58K","-0.72%"
"01/27/2020","11.04","11.04","11.04","11.04","13.13K","-1.34%"
"01/26/2020","11.19","11.19","11.19","11.19","8.04K","1.82%"
"01/23/2020","10.99","10.95","11.07","10.95","943.20K","0.46%"
"01/22/2020","10.94","10.94","11.19","10.94","617.49K","0.00%"
"01/21/2020","10.94","10.94","10.94","10.94","27.74K","-0.73%"
"01/20/2020","11.02","11.01","11.12","11.01","27.79K","-0.09%"
"01/19/2020","11.03","11.09","11.09","11.01","8.31K","-0.09%"
"01/16/2020","11.04","11.07","11.07","11.01","288.09K","-0.09%"
"01/15/2020","11.05","10.94","11.11","10.94","2.35M","0.45%"
"01/14/2020","11.00","10.81","11.04","10.81","19.25K","1.95%"
"01/13/2020","10.79","10.82","10.82","10.70","303.68K","-0.28%"
"01/12/2020","10.82","10.57","10.57","10.57","0.60K","0.00%"
"01/09/2020","10.82","10.82","10.83","10.82","631.68K","0.09%"
"01/08/2020","10.81","11.04","11.04","10.51","102.52K","1.12%"
"01/06/2020","10.69","10.70","10.80","10.51","868.52K","-0.09%"
"01/05/2020","10.70","10.71","10.71","10.45","357.14K","-1.38%"
"01/02/2020","10.85","10.71","10.71","10.71","1.59K","0.00%"
"12/31/2019","10.85","10.94","10.94","10.82","293.33K","-1.18%"
"12/30/2019","10.98","10.94","11.06","10.83","98.99K","0.55%"
"12/29/2019","10.92","10.82","10.94","10.82","84.77K","-0.09%"
"12/26/2019","10.93","10.94","10.94","10.82","50.27K","0.09%"
"12/25/2019","10.92","10.81","11.07","10.70","25.44K","2.06%"
"12/24/2019","10.70","10.81","10.82","10.70","2.66M","0.28%"
"12/23/2019","10.67","10.57","10.82","10.57","38.80K","-1.39%"
"12/22/2019","10.82","10.82","10.82","10.71","40.37K","0.00%"
"12/19/2019","10.82","10.70","10.82","10.59","512.81K","2.27%"
"12/18/2019","10.58","10.57","10.84","10.57","101.74K","1.24%"
"12/17/2019","10.45","10.45","10.45","10.45","3.10K","-0.10%"
"12/16/2019","10.46","10.57","10.57","10.32","382.15K","1.26%"
"12/15/2019","10.33","10.34","10.34","10.33","6.00K","0.10%"
"12/12/2019","10.32","10.32","10.33","10.32","6.09M","-0.19%"
"12/11/2019","10.34","10.45","10.45","10.32","37.78K","-1.24%"
"12/10/2019","10.47","10.58","10.70","10.34","6.69K","-0.95%"
"12/09/2019","10.57","10.57","10.58","10.57","908.89K","3.22%"
"12/08/2019","10.24","10.22","10.45","10.20","9.89K","-4.30%"
"12/05/2019","10.70","10.70","10.82","10.58","1.52K","0.00%"
"12/04/2019","10.70","10.70","10.70","10.70","7.97M","-0.56%"
"12/03/2019","10.76","10.76","10.76","10.76","1.42M","0.00%"
"12/02/2019","10.76","10.70","10.76","10.70","2.09M","0.47%"
"12/01/2019","10.71","11.07","11.19","10.63","23.28K","-2.10%"
"11/28/2019","10.94","10.82","10.94","10.82","8.54K","0.55%"
"11/27/2019","10.88","10.94","10.94","10.88","1.89M","-0.55%"
"11/26/2019","10.94","10.94","10.94","10.70","24.93K","0.27%"
"11/25/2019","10.91","10.93","10.94","10.70","36.99K","1.77%"
"11/21/2019","10.72","10.94","10.94","10.70","1.54M","-2.01%"
"11/20/2019","10.94","10.94","10.94","10.94","20.10K","-0.09%"
"11/19/2019","10.95","10.76","10.82","10.76","0.34K","0.00%"
"11/18/2019","10.95","11.01","11.07","10.70","1.92M","0.09%"
"11/17/2019","10.94","10.94","11.01","10.94","2.01M","-0.73%"
"11/13/2019","11.02","11.02","11.15","11.02","20.62K","-0.45%"
"11/12/2019","11.07","11.07","11.09","11.07","52.47K","-0.27%"
"11/11/2019","11.10","11.12","11.12","10.96","9.04K","0.36%"
"11/07/2019","11.06","10.94","11.07","10.77","2.13M","1.19%"
"11/06/2019","10.93","10.70","10.94","10.70","34.75K","-0.09%"
"11/05/2019","10.94","10.94","10.94","10.94","775.13K","-0.27%"
"11/04/2019","10.97","11.01","11.01","11.01","1.05K","0.00%"
"11/03/2019","10.97","10.94","11.04","10.94","14.30K","0.46%"
"10/31/2019","10.92","10.92","10.92","10.92","100.87K","-0.18%"
"10/30/2019","10.94","10.84","10.84","10.82","2.00K","0.00%"
"10/29/2019","10.94","10.92","10.94","10.92","217.33K","1.11%"
"10/28/2019","10.82","10.82","10.82","10.82","281.45K","0.46%"
"10/27/2019","10.77","10.77","10.77","10.77","2.21K","0.00%"
"10/24/2019","10.77","10.77","10.78","10.77","173.02K","0.00%"
"10/23/2019","10.77","10.77","10.77","10.77","217.10K","-0.19%"
"10/22/2019","10.79","10.82","10.82","10.01","104.15K","-0.09%"
"10/21/2019","10.80","10.80","10.80","10.80","321.84K","0.00%"
"10/20/2019","10.80","10.80","10.80","10.80","22.18K","0.19%"
"10/17/2019","10.78","10.70","10.87","10.70","191.31K","0.09%"
"10/16/2019","10.77","10.77","10.77","10.77","42.21K","0.00%"
"10/15/2019","10.77","10.77","10.77","10.76","19.46K","0.65%"
"10/14/2019","10.70","10.70","10.70","10.70","226.43K","0.00%"
"10/13/2019","10.70","10.70","10.70","10.70","8.04K","0.00%"
"10/10/2019","10.70","10.70","10.70","10.70","25.33K","0.00%"
"10/09/2019","10.70","10.70","10.70","10.45","334.90K","0.00%"
"10/08/2019","10.70","10.70","11.14","10.70","357.46K","0.00%"
"10/07/2019","10.70","10.70","10.70","10.70","8.04K","0.66%"
"10/03/2019","10.63","10.57","10.63","10.57","589.47K","1.33%"
"10/02/2019","10.49","10.45","10.57","10.45","1.38M","0.67%"
"10/01/2019","10.42","10.32","10.45","10.32","208.05K","0.97%"
"09/30/2019","10.32","10.32","10.33","10.32","92.65K","0.00%"
"09/29/2019","10.32","10.47","10.57","10.32","423.61K","2.18%"
"09/26/2019","10.10","10.15","10.19","10.10","308.45K","0.10%"
"09/25/2019","10.09","10.07","10.30","10.02","2.86M","0.10%"
"09/24/2019","10.08","10.09","10.09","9.97","581.29K","-1.56%"
"09/23/2019","10.24","10.20","10.32","10.14","53.93K","-1.63%"
"09/22/2019","10.41","10.32","10.45","10.32","484.34K","-0.38%"
"09/19/2019","10.45","10.45","10.45","10.45","4.98M","-2.34%"
"09/18/2019","10.70","10.38","10.45","10.21","0.86K","0.00%"
"09/17/2019","10.70","10.70","10.70","9.95","1.81K","0.00%"
"09/15/2019","10.70","10.65","10.65","10.65","0.19K","0.00%"
"09/12/2019","10.70","10.77","10.77","10.70","65.15K","-0.93%"
"09/11/2019","10.80","10.77","10.82","10.76","127.60K","-0.37%"
"09/10/2019","10.84","10.94","10.94","10.76","112.17K","0.74%"
"09/09/2019","10.76","10.76","10.77","10.76","159.77K","-1.19%"
"09/08/2019","10.89","10.94","10.94","10.76","2.94K","-2.68%"
"09/05/2019","11.19","10.73","11.19","10.73","1.10M","0.00%"
"09/04/2019","11.19","11.19","11.19","10.76","458.91K","0.00%"
"09/03/2019","11.19","11.19","11.19","11.19","844.28K","0.00%"
"09/02/2019","11.19","11.19","11.19","11.19","1.54M","0.00%"
"09/01/2019","11.19","11.19","11.19","11.07","9.74K","1.08%"
"08/29/2019","11.07","11.07","11.07","10.94","722.89K","0.18%"
"08/28/2019","11.05","10.82","11.07","10.70","515.02K","0.82%"
"08/27/2019","10.96","11.07","11.07","10.94","145.32K","-0.18%"
"08/26/2019","10.98","10.96","10.96","10.94","2.64K","0.00%"
"08/25/2019","10.98","11.19","11.19","10.85","216.21K","-1.88%"
"08/22/2019","11.19","11.19","11.19","11.19","1.71K","0.00%"
"08/21/2019","11.19","11.19","11.20","11.19","410.29K","0.00%"
"08/20/2019","11.19","11.19","11.20","11.19","446.46K","0.00%"
"08/19/2019","11.19","11.19","11.20","10.94","75.22K","0.00%"
"08/18/2019","11.19","10.95","11.19","10.95","0.41K","0.00%"
"08/15/2019","11.19","11.19","11.21","11.19","1.01M","0.00%"
"08/14/2019","11.19","11.23","11.23","11.23","0.70K","0.00%"
"08/08/2019","11.19","11.19","11.20","11.19","2.07M","2.01%"
"08/07/2019","10.97","10.94","11.07","10.94","206.18K","1.39%"
"08/05/2019","10.82","10.85","10.85","10.85","0.35K","0.00%"
"08/04/2019","10.82","10.82","10.83","10.82","136.03K","0.00%"
"08/01/2019","10.82","10.95","10.95","10.95","1.01K","0.00%"
"07/31/2019","10.82","10.82","10.82","10.71","1.40M","0.00%"
"07/30/2019","10.82","10.94","10.94","10.82","724.39K","0.00%"
"07/29/2019","10.82","10.82","10.82","10.81","266.49K","0.00%"
"07/28/2019","10.82","10.72","10.94","10.72","0.78K","0.00%"
"07/25/2019","10.82","10.82","10.82","10.72","149.12K","0.00%"
"07/24/2019","10.82","10.82","10.82","10.82","1.25M","-1.10%"
"07/22/2019","10.94","10.94","10.94","10.76","268.27K","-2.23%"
"07/21/2019","11.19","10.73","11.19","10.70","1.60K","0.00%"
"07/18/2019","11.19","11.19","11.19","11.19","91.26K","0.00%"
"07/17/2019","11.19","11.19","11.19","11.19","348.27K","0.00%"
"07/16/2019","11.19","11.19","11.19","11.19","97.71K","-1.06%"
"07/11/2019","11.31","10.98","11.44","10.87","31.55K","-2.33%"
"07/10/2019","11.58","11.44","11.67","11.19","30.77K","-0.86%"
"07/09/2019","11.68","11.69","11.69","10.72","159.92K","-0.09%"
"07/08/2019","11.69","11.69","11.69","11.69","737.33K","0.00%"
"07/07/2019","11.69","10.70","10.70","10.70","0.04K","0.00%"
"07/04/2019","11.69","11.69","11.69","11.44","4.27K","0.00%"
"07/03/2019","11.69","11.50","11.69","11.50","203.63K","0.00%"
"07/02/2019","11.69","11.69","11.69","11.69","1.50M","0.00%"
"06/27/2019","11.69","11.66","11.72","11.66","993.84K","2.90%"
"06/26/2019","11.36","11.06","11.44","11.06","20.06K","3.84%"
"06/25/2019","10.94","10.73","10.94","10.71","1.32M","0.00%"
"06/24/2019","10.94","10.75","10.75","10.74","0.17K","0.00%"
"06/20/2019","10.94","10.73","10.94","10.73","1.36M","0.00%"
"06/19/2019","10.94","10.94","10.94","10.94","68.35K","1.96%"
"06/18/2019","10.73","10.72","10.75","10.72","4.38K","-1.92%"
"06/17/2019","10.94","10.70","10.94","10.45","442.43K","0.00%"
"06/16/2019","10.94","10.72","10.72","10.72","2.01K","0.00%"
"06/13/2019","10.94","10.93","10.94","10.72","922.97K","0.46%"
"06/12/2019","10.89","10.94","10.94","10.70","145.11K","-0.46%"
"06/11/2019","10.94","10.73","10.94","10.73","878.36K","0.27%"
"06/10/2019","10.91","10.81","10.94","10.81","28.55K","1.96%"
"06/09/2019","10.70","10.70","10.70","10.70","0.60K","0.00%"
"05/30/2019","10.70","10.70","10.70","10.70","580.90K","0.00%"
"05/29/2019","10.70","10.70","10.70","10.70","281.53K","0.09%"
"05/28/2019","10.69","10.47","10.82","10.47","84.51K","-0.09%"
"05/27/2019","10.70","10.70","10.70","10.70","436.64K","1.04%"
"05/26/2019","10.59","10.70","10.70","10.45","18.87K","-1.03%"
"05/23/2019","10.70","10.70","10.70","10.70","186.43K","0.00%"
"05/22/2019","10.70","10.70","10.70","10.70","2.61M","0.00%"
"05/21/2019","10.70","10.57","10.70","10.57","294.69K","0.00%"
"05/20/2019","10.70","10.81","10.81","10.70","923.56K","0.66%"
"05/19/2019","10.63","10.70","10.70","10.57","383.21K","-1.76%"
"05/16/2019","10.82","10.82","10.82","10.82","4.81K","-0.09%"
"05/15/2019","10.83","10.71","10.94","10.57","299.66K","-1.01%"
"05/14/2019","10.94","10.72","10.94","10.72","363.33K","3.50%"
"05/13/2019","10.57","10.57","10.69","10.57","244.78K","1.15%"
"05/12/2019","10.45","10.47","10.47","10.45","4.56K","-0.85%"
"05/08/2019","10.54","10.47","10.70","10.46","21.34K","-1.03%"
"05/07/2019","10.65","10.57","10.81","10.57","843.39K","1.82%"
"05/06/2019","10.46","10.81","10.81","10.45","152.88K","0.10%"
"05/05/2019","10.45","10.48","10.48","10.45","22.11K","-1.97%"
"05/02/2019","10.66","10.57","10.77","10.57","408.36K","2.01%"
"04/30/2019","10.45","10.45","10.51","10.45","2.35M","1.26%"
"04/24/2019","10.32","10.67","10.68","10.32","2.01K","0.00%"
"04/23/2019","10.32","9.95","10.38","9.95","5.27K","0.98%"
"04/22/2019","10.22","10.20","10.20","10.20","0.44K","0.00%"
"04/21/2019","10.22","10.26","10.44","10.01","6.11K","-3.49%"
"04/18/2019","10.59","10.50","10.50","10.50","1.90K","0.00%"
"04/17/2019","10.59","10.51","10.51","10.51","0.80K","0.00%"
"04/16/2019","10.59","10.45","10.94","10.45","58.92K","-6.78%"
"04/15/2019","11.36","11.40","11.69","11.19","338.94K","-1.13%"
"04/14/2019","11.49","11.81","11.81","11.44","126.76K","-0.78%"
"04/11/2019","11.58","11.57","11.69","11.44","371.94K","0.43%"
"04/10/2019","11.53","11.50","11.55","11.50","82.08K","0.26%"
"04/09/2019","11.50","11.50","11.51","11.49","22.98K","0.26%"
"04/08/2019","11.47","11.47","11.50","11.47","153.41K","0.00%"
"04/07/2019","11.47","11.47","11.47","11.47","0.90K","0.00%"
"04/04/2019","11.47","11.94","11.96","11.44","291.56K","-0.86%"
"04/03/2019","11.57","11.57","11.94","11.57","741.09K","1.14%"
"04/02/2019","11.44","11.44","11.56","11.32","1.62M","0.00%"
"04/01/2019","11.44","11.44","11.44","11.44","1.23M","-0.09%"
"03/31/2019","11.45","11.47","11.47","11.44","75.97K","0.09%"
"03/28/2019","11.44","11.44","11.86","11.44","925.01K","-1.12%"
"03/27/2019","11.57","11.56","11.57","11.56","8.04K","0.00%"
"03/26/2019","11.57","11.57","11.57","11.48","1.02M","0.09%"
"03/25/2019","11.56","11.24","11.62","11.24","466.75K","-2.53%"
"03/24/2019","11.86","11.92","11.93","11.80","8.04K","4.49%"
"03/21/2019","11.35","11.20","11.75","11.20","44.41K","0.80%"
"03/20/2019","11.26","11.21","11.32","11.19","463.78K","0.63%"
"03/19/2019","11.19","11.19","11.19","11.05","151.50K","0.00%"
"03/18/2019","11.19","11.19","11.19","11.07","372.55K","-0.09%"
"03/17/2019","11.20","11.40","11.43","11.19","4.57K","0.00%"
"03/14/2019","11.20","11.20","11.21","10.94","731.81K","0.09%"
"03/13/2019","11.19","11.19","11.40","11.19","287.22K","0.54%"
"03/12/2019","11.13","10.97","11.37","10.97","101.69K","0.00%"
"03/11/2019","11.13","10.70","10.94","10.70","1.02K","0.00%"
"03/10/2019","11.13","10.75","11.43","10.73","6.10K","0.00%"
"03/07/2019","11.13","10.97","11.44","10.72","112.80K","-0.71%"
"03/06/2019","11.21","11.32","11.32","10.71","124.95K","-1.92%"
"03/05/2019","11.43","11.44","11.44","11.21","38.69K","-0.09%"
"03/04/2019","11.44","11.44","11.44","11.33","485.18K","0.00%"
"03/03/2019","11.44","11.44","11.44","11.39","21.77K","0.53%"
"02/28/2019","11.38","11.38","11.44","11.38","1.36M","0.00%"
"02/27/2019","11.38","11.68","11.68","11.38","105.39K","0.53%"
"02/26/2019","11.32","11.75","11.75","11.32","2.80K","0.00%"
"02/25/2019","11.32","11.32","11.74","11.32","79.88K","1.16%"
"02/24/2019","11.19","11.68","11.77","11.66","6.74K","0.00%"
"02/21/2019","11.19","11.32","11.56","11.32","3.64K","0.00%"
"02/20/2019","11.19","11.19","11.56","10.95","810.48K","1.18%"
"02/19/2019","11.06","11.19","11.19","11.14","4.19K","0.00%"
"02/18/2019","11.06","11.19","11.19","11.14","4.99K","0.00%"
"02/17/2019","11.06","10.97","11.19","10.97","23.85K","0.91%"
"02/14/2019","10.96","10.94","10.99","10.94","28.57K","1.29%"
"02/13/2019","10.82","10.82","10.94","10.70","199.63K","0.00%"
"02/12/2019","10.82","10.73","10.82","10.73","182.79K","0.56%"
"02/11/2019","10.76","10.76","10.76","10.70","19.99K","-0.55%"
"02/10/2019","10.82","10.82","10.85","10.76","1.72M","0.93%"
"02/07/2019","10.72","10.82","10.82","10.70","341.73K","-4.20%"
"02/06/2019","11.19","10.70","11.69","10.70","7.89K","4.58%"
"02/05/2019","10.70","10.70","10.70","10.57","959.40K","1.23%"
"02/04/2019","10.57","10.57","10.57","10.57","1.96M","0.00%"
"02/03/2019","10.57","10.57","10.57","10.45","124.63K","-0.47%"
"01/31/2019","10.62","10.45","10.63","10.45","20.91K","1.63%"
"01/30/2019","10.45","10.45","10.45","10.45","422.14K","2.45%"
"01/29/2019","10.20","10.23","10.23","10.20","1.00K","0.00%"
"01/28/2019","10.20","10.50","10.50","10.20","221.12K","-2.39%"
"01/27/2019","10.45","10.45","10.50","10.45","810.79K","2.45%"
"01/23/2019","10.20","10.12","10.66","10.12","1.71K","0.00%"
"01/22/2019","10.20","10.20","10.20","10.20","897.61K","0.00%"
"01/21/2019","10.20","9.95","10.20","9.95","528.85K","-0.20%"
"01/20/2019","10.22","10.45","10.45","10.45","0.02K","0.00%"
"01/17/2019","10.22","10.22","10.22","10.22","2.21M","-0.49%"
"01/16/2019","10.27","10.27","10.27","10.26","5.62M","0.00%"
"01/15/2019","10.27","10.27","10.27","10.15","829.27K","-0.29%"
"01/14/2019","10.30","10.30","10.30","10.30","68.35K","0.29%"
"01/13/2019","10.27","10.25","10.45","10.25","0.34K","0.00%"
"01/10/2019","10.27","10.30","10.30","10.27","6.42M","0.69%"
"01/08/2019","10.20","10.20","10.20","10.20","44.05K","0.00%"
"01/03/2019","10.20","10.32","10.32","10.32","0.85K","0.00%"
"01/02/2019","10.20","10.20","10.20","10.20","70.57K","0.00%"
"12/31/2018","10.20","10.20","10.20","10.20","179.32K","0.79%"
"12/30/2018","10.12","10.11","10.20","9.95","87.54K","0.10%"
"12/27/2018","10.11","10.10","10.15","10.10","4.22K","0.30%"
"12/26/2018","10.08","10.09","10.09","10.09","0.55K","0.00%"
"12/24/2018","10.08","10.08","10.08","10.08","12.06K","-0.49%"
"12/23/2018","10.13","10.24","10.24","10.12","45.35K","0.20%"
"12/20/2018","10.11","10.08","10.20","10.07","110.87K","-0.88%"
"12/19/2018","10.20","10.08","10.08","10.08","1.02K","0.00%"
"12/18/2018","10.20","10.20","10.20","10.20","7.63K","1.19%"
"12/17/2018","10.08","10.07","10.20","10.07","39.86K","-0.49%"
"12/16/2018","10.13","10.07","10.07","10.07","0.22K","0.00%"
"12/13/2018","10.13","10.20","10.32","10.07","45.07K","-0.69%"
"12/12/2018","10.20","10.20","10.32","10.20","155.54K","1.80%"
"12/11/2018","10.02","10.20","10.20","9.82","71.25K","2.04%"
"12/10/2018","9.82","9.82","9.82","9.82","76.62K","0.00%"
"12/09/2018","9.82","9.82","9.82","9.82","221.39K","0.00%"
"12/06/2018","9.82","9.82","9.83","9.82","391.78K","-1.21%"
"12/05/2018","9.94","10.15","10.20","9.82","124.27K","1.12%"
"12/04/2018","9.83","9.70","10.32","9.70","91.64K","0.00%"
"12/03/2018","9.83","9.95","9.95","9.70","97.19K","-1.21%"
"12/02/2018","9.95","10.20","10.20","10.20","0.51K","0.00%"
"11/29/2018","9.95","9.95","10.07","9.95","398.53K","0.00%"
"11/28/2018","9.95","9.95","9.95","9.95","103.89K","0.00%"
"11/27/2018","9.95","9.95","10.20","9.95","68.43K","0.00%"
"11/26/2018","9.95","9.95","9.95","9.92","796.64K","0.00%"
"11/25/2018","9.95","9.95","9.95","9.95","4.56K","-3.59%"
"11/22/2018","10.32","10.47","10.47","9.95","202.63K","-3.55%"
"11/21/2018","10.70","10.70","10.70","10.47","1.64M","0.47%"
"11/19/2018","10.65","10.47","10.70","10.45","75.86K","2.31%"
"11/18/2018","10.41","10.41","10.70","10.41","82.47M","0.00%"
"11/15/2018","10.41","10.57","10.57","10.20","193.06K","-2.71%"
"11/14/2018","10.70","10.57","10.70","10.57","1.18M","1.23%"
"11/13/2018","10.57","10.38","10.70","10.32","1.34M","1.15%"
"11/12/2018","10.45","10.46","10.46","10.45","20.85K","-0.10%"
"11/11/2018","10.46","10.46","10.46","10.46","265.34K","1.26%"
"11/08/2018","10.33","10.45","10.45","10.20","132.72K","-1.15%"
"11/07/2018","10.45","10.45","10.45","10.45","2.01M","0.00%"
"11/06/2018","10.45","10.20","10.45","10.20","1.28M","3.57%"
"11/05/2018","10.09","10.20","10.20","9.95","432.39K","1.31%"
"11/04/2018","9.96","9.96","9.96","9.96","0.60K","0.00%"
"11/01/2018","9.96","9.95","10.20","9.95","18.02K","-0.10%"
"10/31/2018","9.97","10.07","10.20","9.95","404.07K","0.20%"
"10/30/2018","9.95","9.95","10.20","9.95","539.76K","0.00%"
"10/29/2018","9.95","9.95","9.95","9.95","1.12M","-1.19%"
"10/25/2018","10.07","10.06","10.17","9.95","2.09M","-1.27%"
"10/23/2018","10.20","10.20","10.20","10.20","108.55K","0.00%"
"10/22/2018","10.20","10.20","10.20","10.20","6.40K","0.00%"
"10/21/2018","10.20","10.20","10.20","10.20","6.31K","-1.16%"
"10/18/2018","10.32","10.32","10.33","10.32","596.30K","0.00%"
"10/17/2018","10.32","10.32","10.32","10.32","410.52K","-1.24%"
"10/16/2018","10.45","10.44","10.45","10.40","805.38K","0.10%"
"10/15/2018","10.44","10.45","10.45","10.44","1.53M","-0.10%"
"10/14/2018","10.45","10.45","10.70","10.45","1.52M","0.00%"
"10/11/2018","10.45","10.45","10.45","10.45","159.70K","-2.25%"
"10/10/2018","10.69","10.10","10.68","10.05","1.03K","0.00%"
"10/08/2018","10.69","10.69","10.70","10.05","171.63K","0.00%"
"10/04/2018","10.69","10.01","10.70","10.01","81.28K","-0.09%"
"10/03/2018","10.70","10.70","10.70","10.70","0.27K","0.00%"
"10/02/2018","10.70","10.70","10.70","10.70","2.18K","0.00%"
"10/01/2018","10.70","10.70","10.70","10.69","193.44K","-1.83%"
"09/26/2018","10.90","10.70","10.94","10.70","5.80K","-1.00%"
"09/25/2018","11.01","11.07","11.07","10.94","64.33K","0.64%"
"09/24/2018","10.94","10.70","10.94","10.70","161.03K","-1.17%"
"09/23/2018","11.07","11.07","11.07","11.07","93.13K","1.10%"
"09/20/2018","10.95","10.94","10.95","10.94","10.76K","0.09%"
"09/19/2018","10.94","10.94","10.94","10.94","5.27K","-1.97%"
"09/18/2018","11.16","11.07","11.19","11.07","121.96K","2.01%"
"09/17/2018","10.94","10.94","10.94","10.94","390.01K","-1.35%"
"09/16/2018","11.09","10.94","10.94","10.70","2.54K","0.00%"
"09/13/2018","11.09","11.21","11.21","11.07","28.14K","-3.06%"
"09/12/2018","11.44","11.44","11.64","11.44","2.38M","0.00%"
"09/10/2018","11.44","11.44","11.44","11.20","23.60K","0.18%"
"09/09/2018","11.42","11.21","11.44","11.20","8.66K","-0.17%"
"09/06/2018","11.44","11.44","11.44","11.44","1.11M","0.00%"
"09/05/2018","11.44","11.44","11.44","11.44","320.53K","0.00%"
"09/04/2018","11.44","11.44","11.44","11.44","41.51K","0.00%"
"09/03/2018","11.44","11.44","11.44","11.44","1.86K","0.00%"
"09/02/2018","11.44","11.44","11.44","11.44","3.39M","0.00%"
"08/30/2018","11.44","11.44","11.44","11.44","4.36M","0.44%"
"08/29/2018","11.39","11.20","11.44","11.20","18.90K","-0.44%"
"08/28/2018","11.44","11.43","11.44","11.20","1.21M","1.06%"
"08/27/2018","11.32","11.32","11.43","11.31","1.38M","0.09%"
"08/19/2018","11.31","11.32","11.32","11.19","82.53K","0.00%"
"08/16/2018","11.31","11.31","11.31","11.31","82.42K","-0.09%"
"08/15/2018","11.32","11.32","11.32","11.32","85.59K","0.00%"
"08/14/2018","11.32","11.32","11.32","11.32","1.40M","0.00%"
"08/13/2018","11.32","11.32","11.33","11.32","711.28K","-0.09%"
"08/12/2018","11.33","10.95","10.95","10.95","0.68K","0.00%"
"08/09/2018","11.33","10.95","11.43","10.95","168.89K","-0.09%"
"08/08/2018","11.34","11.42","11.42","11.32","5.46K","0.18%"
"08/07/2018","11.32","11.32","11.32","11.32","315.52K","0.00%"
"08/06/2018","11.32","11.39","11.39","11.19","446.15K","-0.79%"
"08/05/2018","11.41","10.95","11.44","10.95","85.62K","2.15%"
"08/01/2018","11.17","10.94","11.42","10.94","2.14M","2.67%"
"07/31/2018","10.88","10.21","10.88","10.21","67.25K","2.93%"
"07/30/2018","10.57","10.57","10.57","10.57","282.90K","0.00%"
"07/29/2018","10.57","10.57","10.57","10.57","37.22K","0.00%"
"07/26/2018","10.57","10.45","10.57","10.45","792.26K","-0.09%"
"07/25/2018","10.58","10.65","10.70","10.57","1.23M","1.24%"
"07/24/2018","10.45","10.45","10.45","10.45","0.08K","0.00%"
"07/19/2018","10.45","10.45","10.69","10.45","1.07K","0.00%"
"07/18/2018","10.45","10.45","10.45","10.45","229.31K","-2.34%"
"07/17/2018","10.70","10.70","10.70","10.32","2.64M","0.00%"
"07/16/2018","10.70","10.70","10.70","10.70","1.67M","3.08%"
"07/15/2018","10.38","10.21","10.21","10.21","0.25K","0.00%"
"07/12/2018","10.38","10.67","10.70","9.95","418.92K","1.76%"
"07/10/2018","10.20","10.20","10.22","10.20","1.61M","-0.20%"
"07/09/2018","10.22","10.20","10.45","10.20","891.48K","-1.73%"
"07/05/2018","10.40","10.48","10.48","10.23","77.63K","-0.48%"
"07/04/2018","10.45","10.45","10.45","10.45","7.64K","-2.43%"
"07/03/2018","10.71","10.94","10.94","10.45","1.34M","0.09%"
"07/02/2018","10.70","10.45","10.71","10.45","312.02K","-4.21%"
"06/28/2018","11.17","10.70","11.19","10.70","15.23K","5.38%"
"06/26/2018","10.60","10.70","10.70","10.45","548.74K","0.09%"
"06/25/2018","10.59","10.65","10.70","10.45","69.17K","-0.75%"
"06/24/2018","10.67","10.84","11.07","10.57","140.11K","-3.26%"
"06/21/2018","11.03","11.57","11.57","10.67","297.72K","-0.36%"
"06/20/2018","11.07","11.07","11.07","11.07","58.61K","0.00%"
"06/19/2018","11.07","11.07","11.07","11.07","8.42K","-0.18%"
"06/14/2018","11.09","11.07","11.19","11.07","4.22K","-2.03%"
"06/13/2018","11.32","11.32","11.32","11.32","8.27K","-1.05%"
"06/12/2018","11.44","11.42","11.44","11.42","211.56K","0.00%"
"06/11/2018","11.44","11.44","11.44","11.40","1.66M","0.70%"
"06/05/2018","11.36","10.70","11.37","10.67","749.30K","-0.61%"
"06/04/2018","11.43","11.38","11.44","10.84","297.00K","-1.38%"
"05/31/2018","11.59","11.69","11.69","10.82","968.41K","1.31%"
"05/30/2018","11.44","11.42","11.44","11.42","185.63K","-2.14%"
"05/29/2018","11.69","11.44","11.69","11.44","141.32K","0.00%"
"05/28/2018","11.69","11.69","11.69","10.97","805.10K","0.00%"
"05/27/2018","11.69","11.69","11.69","11.69","0.43K","0.00%"
"05/24/2018","11.69","11.69","11.69","11.57","1.52K","0.00%"
"05/23/2018","11.69","11.69","11.69","11.48","762.06K","-0.60%"
"05/22/2018","11.76","11.96","11.96","11.69","8.77M","-1.67%"
"05/21/2018","11.96","11.51","12.16","11.51","6.18K","4.36%"
"05/17/2018","11.46","11.47","11.47","11.47","0.20K","0.00%"
"05/16/2018","11.46","11.46","12.16","11.44","514.21K","0.09%"
"05/15/2018","11.45","11.54","11.54","11.44","4.35K","-2.05%"
"05/14/2018","11.69","11.69","11.69","11.64","902.01K","-0.76%"
"05/13/2018","11.78","11.77","11.81","11.77","2.58K","-0.17%"
"05/09/2018","11.80","11.69","11.81","11.69","518.88K","-0.08%"
"05/08/2018","11.81","11.49","11.81","11.49","124.44K","1.55%"
"05/07/2018","11.63","11.63","11.63","11.45","357.19K","0.00%"
"05/06/2018","11.63","11.67","11.67","11.47","250.92K","0.87%"
"05/03/2018","11.53","11.44","11.69","11.34","5.45M","0.79%"
"05/02/2018","11.44","11.49","11.49","11.33","1.34M","0.00%"
"04/30/2018","11.44","11.44","11.44","11.32","400.78K","0.00%"
"04/29/2018","11.44","11.44","11.44","11.44","590.47K","0.70%"
"04/26/2018","11.36","11.29","12.19","11.26","4.89M","0.53%"
"04/24/2018","11.30","11.19","11.32","11.19","2.00M","0.09%"
"04/23/2018","11.29","11.61","11.61","10.11","1.81M","-7.23%"
"04/22/2018","12.17","12.19","12.19","12.09","80.04K","0.08%"
"04/19/2018","12.16","12.19","12.19","12.06","79.31K","-0.25%"
"04/18/2018","12.19","12.19","12.19","12.19","5.65K","-0.97%"
"04/17/2018","12.31","12.07","12.41","12.07","972.75K","-0.97%"
"04/16/2018","12.43","12.08","12.44","12.08","290.15K","0.00%"
"04/15/2018","12.43","12.23","12.23","12.23","0.40K","0.00%"
"04/12/2018","12.43","12.25","12.44","12.25","32.17K","0.89%"
"04/11/2018","12.32","12.32","12.32","12.31","617.17K","1.07%"
"04/10/2018","12.19","11.95","12.98","11.95","769.34K","0.91%"
"04/05/2018","12.08","12.41","12.91","11.84","1.08M","-0.90%"
"04/04/2018","12.19","12.19","12.43","12.06","219.86K","0.99%"
"04/03/2018","12.07","11.94","12.17","11.94","562.46K","-2.74%"
"04/02/2018","12.41","12.93","12.93","12.19","88.05K","-0.56%"
"04/01/2018","12.48","11.94","13.18","11.94","94.61K","0.40%"
"03/29/2018","12.43","12.43","12.44","12.32","205.28K","0.00%"
"03/28/2018","12.43","12.31","12.31","12.31","0.60K","0.00%"
"03/27/2018","12.43","12.30","12.50","12.30","284.73K","2.22%"
"03/26/2018","12.16","12.16","12.19","12.16","619.46K","0.83%"
"03/25/2018","12.06","12.06","12.06","12.06","10.85K","0.00%"
"03/22/2018","12.06","12.06","12.15","12.06","2.33M","1.86%"
"03/21/2018","11.84","11.96","11.96","11.46","6.08K","-1.50%"
"03/20/2018","12.02","11.94","12.15","11.94","2.63M","0.59%"
"03/19/2018","11.95","12.01","12.01","11.94","61.07K","-0.17%"
"03/18/2018","11.97","11.81","12.06","11.81","15.59K","0.17%"
"03/15/2018","11.95","11.94","12.16","11.94","432.20K","1.10%"
"03/14/2018","11.82","11.81","11.82","11.81","1.55M","0.08%"
"03/13/2018","11.81","11.83","12.04","11.69","1.61M","1.81%"
"03/12/2018","11.60","11.66","11.81","11.44","150.66K","2.93%"
"03/11/2018","11.27","11.69","11.75","11.11","148.46K","-2.51%"
"03/08/2018","11.56","11.31","11.75","11.31","150.01K","3.31%"
"03/07/2018","11.19","11.19","11.21","11.19","42.16K","0.00%"
"03/06/2018","11.19","10.94","11.31","10.94","438.83K","1.54%"
"03/05/2018","11.02","11.12","11.12","10.94","3.70K","-0.90%"
"03/04/2018","11.12","11.19","11.19","10.94","6.69K","-0.63%"
"03/01/2018","11.19","11.31","11.31","11.18","51.13K","0.00%"
"02/28/2018","11.19","11.19","11.19","11.16","7.64K","1.63%"
"02/27/2018","11.01","10.66","11.19","10.66","24.26K","2.99%"
"02/26/2018","10.69","10.70","10.72","10.65","1.77M","0.28%"
"02/25/2018","10.66","10.70","10.70","10.63","8.82K","-0.65%"
"02/22/2018","10.73","10.70","10.82","10.61","121.71K","-0.74%"
"02/21/2018","10.81","10.82","10.82","10.70","164.80K","-0.09%"
"02/20/2018","10.82","10.82","10.82","10.82","256.70K","-0.18%"
"02/19/2018","10.84","10.85","10.85","10.75","989.75K","-0.09%"
"02/18/2018","10.85","10.94","10.94","10.75","7.32K","0.28%"
"02/15/2018","10.82","10.82","10.83","10.82","463.87K","0.00%"
"02/14/2018","10.82","10.55","10.82","10.55","97.59K","0.00%"
"02/13/2018","10.82","10.89","10.89","10.77","414.90K","0.46%"
"02/12/2018","10.77","10.89","10.89","10.83","0.50K","0.00%"
"02/11/2018","10.77","10.77","10.77","10.77","16.49K","-1.55%"
"02/08/2018","10.94","10.70","10.70","10.70","2.01K","0.00%"
"02/07/2018","10.94","10.76","10.94","10.76","162.69K","-1.00%"
"02/06/2018","11.05","10.55","11.07","10.53","124.61K","-1.25%"
"02/05/2018","11.19","11.19","11.19","10.70","841.94K","0.00%"
"02/04/2018","11.19","11.19","11.19","11.19","4.02K","0.00%"
"02/01/2018","11.19","11.19","11.19","10.94","746.93K","0.00%"
"01/31/2018","11.19","10.94","11.19","10.94","921.55K","0.00%"
"01/30/2018","11.19","10.70","11.19","10.70","284.91K","4.48%"
"01/29/2018","10.71","10.35","10.87","10.35","17.69K","2.49%"
"01/28/2018","10.45","10.45","10.45","10.45","15.27K","-0.38%"
"01/24/2018","10.49","10.45","10.57","10.32","88.71K","1.25%"
"01/23/2018","10.36","10.37","10.37","10.35","10.90K","-0.86%"
"01/22/2018","10.45","10.39","10.45","10.39","289.33K","0.38%"
"01/21/2018","10.41","10.32","10.42","10.27","7.06K","-0.38%"
"01/18/2018","10.45","10.50","10.50","10.45","1.76M","0.10%"
"01/17/2018","10.44","10.40","10.45","10.26","455.82K","-0.57%"
"01/16/2018","10.50","10.45","10.65","10.40","19.00K","0.48%"
"01/15/2018","10.45","10.45","10.47","10.44","85.55K","-1.88%"
"01/14/2018","10.65","10.93","10.93","10.65","29.30K","-0.37%"
"01/11/2018","10.69","10.57","10.70","10.57","2.54M","0.28%"
"01/10/2018","10.66","10.67","10.70","10.45","168.81K","2.01%"
"01/09/2018","10.45","10.45","10.45","10.38","3.32M","0.00%"
"01/08/2018","10.45","10.45","10.45","10.41","440.53K","0.00%"
"01/04/2018","10.45","10.39","10.45","10.39","654.94K","0.67%"
"01/02/2018","10.38","10.38","10.57","10.32","60.47K","-0.29%"
"12/31/2017","10.41","10.48","10.48","10.29","113.53K","-2.71%"
"12/28/2017","10.70","10.70","10.70","10.63","239.15K","0.09%"
"12/27/2017","10.69","10.47","10.70","10.47","509.22K","0.47%"
"12/26/2017","10.64","10.70","10.70","10.42","70.89K","-0.56%"
"12/25/2017","10.70","10.82","10.82","10.70","322.92K","-1.92%"
"12/21/2017","10.91","10.96","10.96","10.82","7.06K","-0.27%"
"12/20/2017","10.94","10.94","10.96","10.94","317.33K","-0.09%"
"12/19/2017","10.95","10.94","11.19","10.94","1.61M","0.09%"
"12/18/2017","10.94","10.90","10.94","10.90","674.18K","-2.23%"
"12/17/2017","11.19","10.84","10.89","10.84","0.62K","0.00%"
"12/14/2017","11.19","11.19","11.19","11.11","222.57K","-2.19%"
"12/13/2017","11.44","11.42","11.42","11.42","1.34K","0.00%"
"12/12/2017","11.44","11.44","11.44","11.44","4.02K","2.23%"
"12/11/2017","11.19","11.13","11.20","11.07","102.80K","0.63%"
"12/10/2017","11.12","11.32","11.32","11.32","2.85K","0.00%"
"12/07/2017","11.12","11.18","11.43","10.94","784.85K","1.18%"
"12/06/2017","10.99","11.19","11.19","10.94","111.87K","-1.70%"
"12/05/2017","11.18","11.19","11.19","11.14","437.38K","0.54%"
"12/04/2017","11.12","11.19","11.19","10.82","65.54K","-0.45%"
"12/03/2017","11.17","10.82","11.19","10.80","30.10K","0.18%"
"11/29/2017","11.15","10.82","11.19","10.77","58.77K","-0.36%"
"11/28/2017","11.19","10.92","11.19","10.77","2.24M","3.52%"
"11/27/2017","10.81","10.50","10.87","10.50","24.94K","1.98%"
"11/26/2017","10.60","10.20","10.92","10.20","21.90K","-1.03%"
"11/23/2017","10.71","10.89","10.94","10.70","209.85K","0.09%"
"11/22/2017","10.70","10.70","10.70","10.70","1.06M","0.00%"
"11/21/2017","10.70","10.69","10.70","10.69","270.46K","0.75%"
"11/20/2017","10.62","10.58","10.70","10.52","9.05K","0.95%"
"11/19/2017","10.52","10.25","10.45","10.25","2.72K","0.00%"
"11/16/2017","10.52","10.58","10.58","10.32","24.95K","0.77%"
"11/15/2017","10.44","10.45","10.45","10.35","125.00K","-0.10%"
"11/14/2017","10.45","10.44","10.44","10.32","3.90K","0.00%"
"11/13/2017","10.45","10.45","10.45","10.45","376.44K","0.00%"
"11/12/2017","10.45","10.45","10.45","10.44","160.87K","-0.57%"
"11/09/2017","10.51","10.45","10.57","10.45","259.15K","0.96%"
"11/08/2017","10.41","10.45","10.45","10.32","169.60K","-0.38%"
"11/07/2017","10.45","10.45","10.45","10.45","532.51K","-0.29%"
"11/06/2017","10.48","10.45","10.70","10.45","324.56K","0.67%"
"11/05/2017","10.41","10.47","10.47","10.40","269.75K","-0.95%"
"11/02/2017","10.51","10.48","10.53","10.48","596.49K","0.10%"
"11/01/2017","10.50","10.57","10.57","10.50","600.26K","0.29%"
"10/31/2017","10.47","10.57","10.57","10.45","273.12K","0.19%"
"10/30/2017","10.45","10.43","10.55","10.43","6.08M","0.29%"
"10/29/2017","10.42","10.33","10.43","10.23","21.76K","2.16%"
"10/26/2017","10.20","10.20","10.22","10.20","175.83K","-0.10%"
"10/25/2017","10.21","10.20","10.22","10.20","61.31K","0.00%"
"10/24/2017","10.21","10.20","10.23","9.95","211.52K","0.00%"
"10/23/2017","10.21","10.20","10.30","10.20","556.16K","0.10%"
"10/22/2017","10.20","10.42","10.43","10.20","4.28M","-2.11%"
"10/19/2017","10.42","10.42","10.43","10.42","487.13K","1.86%"
"10/18/2017","10.23","10.45","10.65","10.19","426.01K","-1.35%"
"10/17/2017","10.37","10.82","10.82","10.07","46.27K","-5.21%"
"10/16/2017","10.94","11.07","11.07","10.57","58.23K","-2.23%"
"10/15/2017","11.19","11.07","11.19","10.99","214.51K","0.00%"
"10/11/2017","11.19","11.19","11.19","11.19","3.96K","0.00%"
"10/10/2017","11.19","11.19","11.19","11.19","299.71K","0.00%"
"10/09/2017","11.19","11.19","11.56","11.19","492.84K","0.00%"
"10/08/2017","11.19","10.45","11.19","10.45","241.32K","0.00%"
"10/04/2017","11.19","11.22","11.26","11.19","2.76M","-2.19%"
"10/03/2017","11.44","11.44","11.44","11.44","1.77M","2.05%"
"10/02/2017","11.21","11.21","11.21","11.21","5.13K","-1.06%"
"10/01/2017","11.33","11.32","11.44","11.32","20.10K","-0.96%"
"09/28/2017","11.44","11.44","11.56","11.32","83.36K","0.00%"
"09/27/2017","11.44","11.44","11.44","11.44","4.83M","0.00%"
"09/26/2017","11.44","11.44","11.44","11.44","227.96K","0.00%"
"09/25/2017","11.44","11.44","11.81","11.44","74.98K","0.00%"
"09/24/2017","11.44","10.94","11.94","10.94","3.12M","2.23%"
"09/20/2017","11.19","11.19","11.20","11.19","3.40M","0.00%"
"09/19/2017","11.19","11.22","11.22","11.19","2.91M","0.00%"
"09/18/2017","11.19","11.19","11.19","11.19","12.87K","0.00%"
"09/17/2017","11.19","11.19","11.21","11.19","813.24K","0.00%"
"09/14/2017","11.19","11.19","11.19","11.19","4.00M","2.10%"
"09/13/2017","10.96","10.94","11.19","10.94","473.20K","-1.79%"
"09/12/2017","11.16","11.19","11.19","10.70","12.26K","-0.09%"
"09/11/2017","11.17","10.45","11.19","10.45","509.89K","-2.27%"
"09/10/2017","11.43","11.44","11.44","11.32","534.90K","-0.09%"
"09/07/2017","11.44","11.47","11.47","11.44","883.62K","-0.17%"
"09/06/2017","11.46","11.47","11.69","11.45","925.64K","0.17%"
"09/05/2017","11.44","11.44","11.94","11.44","1.22M","0.00%"
"08/30/2017","11.44","11.44","11.44","11.44","720.27K","0.00%"
"08/29/2017","11.44","11.44","11.57","11.44","1.59M","1.15%"
"08/28/2017","11.31","11.44","11.44","11.34","1.23K","0.00%"
"08/27/2017","11.31","11.26","11.32","11.26","40.54K","-0.09%"
"08/24/2017","11.32","11.23","11.32","11.23","81.91K","0.00%"
"08/23/2017","11.32","10.58","11.32","10.58","327.72K","1.16%"
"08/22/2017","11.19","11.19","11.19","11.19","6.28K","0.00%"
"08/21/2017","11.19","11.19","11.19","11.19","571.70K","4.97%"
"08/20/2017","10.66","10.20","11.69","10.20","24.73K","-3.53%"
"08/17/2017","11.05","11.06","11.06","10.94","34.98K","-0.09%"
"08/16/2017","11.06","11.06","11.19","10.94","2.21M","0.00%"
"08/15/2017","11.06","11.06","11.07","11.04","245.87K","-0.18%"
"08/13/2017","11.08","10.94","11.16","10.70","10.52K","-0.98%"
"08/10/2017","11.19","11.20","11.44","10.96","78.50K","-2.19%"
"08/09/2017","11.44","11.20","11.47","11.20","460.96K","0.00%"
"08/08/2017","11.44","11.23","11.45","11.19","573.90K","0.00%"
"08/07/2017","11.44","11.44","11.44","11.20","381.61K","0.00%"
"08/06/2017","11.44","11.47","11.47","11.01","893.31K","-0.26%"
"08/03/2017","11.47","11.44","11.57","11.44","4.80M","0.09%"
"08/02/2017","11.46","11.20","11.20","11.20","0.20K","0.00%"
"08/01/2017","11.46","11.69","11.69","11.20","291.35K","-1.72%"
"07/31/2017","11.66","11.69","11.69","11.44","482.52K","-0.26%"
"07/30/2017","11.69","11.82","11.82","11.47","109.38K","-1.18%"
"07/27/2017","11.83","11.82","11.83","11.82","6.05K","-1.66%"
"07/26/2017","12.03","12.19","12.19","11.94","633.32K","-1.23%"
"07/25/2017","12.18","11.69","12.19","11.69","30.35K","-1.93%"
"07/24/2017","12.42","11.94","12.19","11.94","2.98K","0.00%"
"07/20/2017","12.42","12.41","12.44","12.19","581.52K","0.00%"
"07/19/2017","12.42","12.43","12.44","12.09","43.82K","-1.11%"
"07/18/2017","12.56","12.57","12.57","11.96","626.42K","-0.16%"
"07/17/2017","12.58","12.44","13.06","12.44","589.51K","1.13%"
"07/16/2017","12.44","12.43","12.44","12.43","7.86K","-0.08%"
"07/13/2017","12.45","12.44","12.69","12.44","2.74M","0.16%"
"07/12/2017","12.43","12.41","12.47","12.39","1.76M","2.73%"
"07/11/2017","12.10","11.64","12.19","11.64","482.65K","4.40%"
"07/10/2017","11.59","11.37","11.69","11.32","54.62K","0.70%"
"07/09/2017","11.51","11.28","11.28","11.28","2.03K","0.00%"
"07/06/2017","11.51","11.29","11.96","11.21","22.23K","2.86%"
"07/05/2017","11.19","11.19","11.36","11.19","506.84K","0.00%"
"07/04/2017","11.19","11.19","11.19","11.19","154.78K","-0.09%"
"07/03/2017","11.20","11.19","11.20","11.19","307.78K","0.00%"
"07/02/2017","11.20","11.17","11.37","11.01","220.30K","1.17%"
"06/28/2017","11.07","10.94","11.17","10.94","773.39K","-0.72%"
"06/22/2017","11.15","10.95","11.17","10.95","34.50K","0.18%"
"06/21/2017","11.13","11.07","11.19","11.07","83.30K","1.64%"
"06/20/2017","10.95","10.97","10.97","10.97","2.04K","0.00%"
"06/19/2017","10.95","10.95","10.97","10.94","111.92K","0.09%"
"06/18/2017","10.94","10.72","10.96","10.72","184.13K","0.00%"
"06/15/2017","10.94","10.94","10.94","10.94","325.65K","0.00%"
"06/14/2017","10.94","10.82","10.94","10.70","291.75K","-1.17%"
"06/13/2017","11.07","11.19","11.19","10.94","134.83K","-1.07%"
"06/12/2017","11.19","11.19","11.20","10.94","309.46K","-0.09%"
"06/11/2017","11.20","11.19","11.22","11.19","11.57K","0.00%"
"06/08/2017","11.20","10.94","11.39","10.94","1.03M","2.28%"
"06/07/2017","10.95","10.82","11.04","10.82","456.57K","5.39%"
"06/06/2017","10.39","10.37","10.70","10.37","3.01M","1.37%"
"06/05/2017","10.25","10.20","10.39","10.20","5.50M","0.00%"
"06/04/2017","10.25","10.20","10.30","10.20","16.28K","0.49%"
"06/01/2017","10.20","10.20","10.21","10.20","182.79K","0.20%"
"05/31/2017","10.18","10.17","10.20","9.82","68.65K","2.41%"
"05/30/2017","9.94","9.82","10.07","9.82","60.47K","-0.20%"
"05/29/2017","9.96","9.95","10.20","9.95","947.30K","0.10%"
"05/28/2017","9.95","9.93","9.95","9.93","677.43K","0.10%"
"05/25/2017","9.94","9.82","9.95","9.82","442.24K","1.22%"
"05/24/2017","9.82","9.82","9.82","9.77","2.98M","-1.31%"
"05/23/2017","9.95","9.70","10.02","9.70","20.18K","2.58%"
"05/22/2017","9.70","9.70","9.78","9.70","11.68M","-1.42%"
"05/21/2017","9.84","9.47","9.95","9.47","13.61K","0.31%"
"05/18/2017","9.81","9.85","9.85","9.70","1.02M","0.00%"
"05/17/2017","9.81","9.33","10.17","9.33","973.59K","1.66%"
"05/16/2017","9.65","9.33","9.70","8.95","41.86K","-0.52%"
"05/15/2017","9.70","9.70","9.70","9.50","232.33K","0.00%"
"05/14/2017","9.70","9.70","9.70","9.45","126.26K","0.00%"
"05/11/2017","9.70","9.51","9.70","9.51","613.12K","0.52%"
"05/10/2017","9.65","9.20","9.70","9.20","3.48M","4.89%"
"05/09/2017","9.20","9.14","9.21","9.08","125.03K","1.10%"
"05/08/2017","9.10","9.08","9.18","9.08","56.55K","1.34%"
"05/07/2017","8.98","8.95","9.18","8.95","303.59K","0.79%"
"05/04/2017","8.91","8.62","8.95","8.62","49.55K","0.91%"
"05/03/2017","8.83","8.61","8.61","8.61","0.42K","0.00%"
"05/02/2017","8.83","8.83","8.83","8.58","915.35K","0.57%"
"04/30/2017","8.78","8.78","8.83","8.52","6.43K","1.04%"
"04/27/2017","8.69","8.47","8.78","8.47","33.49K","-1.03%"
"04/26/2017","8.78","8.78","8.82","8.78","324.91K","0.00%"
"04/24/2017","8.78","8.71","8.83","8.71","499.02K","-2.12%"
"04/23/2017","8.97","9.05","9.05","8.95","229.10K","0.11%"
"04/20/2017","8.96","8.97","8.99","8.95","22.80K","0.00%"
"04/19/2017","8.96","8.96","8.96","8.96","75.67K","0.00%"
"04/18/2017","8.96","8.98","8.98","8.93","32.13K","-2.18%"
"04/13/2017","9.16","9.18","9.18","8.95","260.80K","-0.33%"
"04/12/2017","9.19","8.96","9.20","8.96","22.43K","-0.11%"
"04/11/2017","9.20","9.08","9.20","8.95","832.23K","2.68%"
"04/10/2017","8.96","9.02","9.02","8.92","449.94K","0.11%"
"04/09/2017","8.95","9.08","9.08","8.95","451.20K","-0.11%"
"04/06/2017","8.96","9.02","9.03","8.95","1.50M","-2.50%"
"04/05/2017","9.19","9.19","9.20","8.95","15.74M","0.00%"
"04/04/2017","9.19","9.11","9.20","9.10","85.43K","-0.22%"
"04/03/2017","9.21","9.33","9.33","9.18","444.47K","0.33%"
"04/02/2017","9.18","9.23","9.23","9.15","118.89K","-0.76%"
"03/30/2017","9.25","9.09","9.33","9.09","608.68K","0.54%"
"03/29/2017","9.20","9.18","9.30","9.08","183.33K","2.68%"
"03/28/2017","8.96","9.09","9.27","8.95","214.46K","-3.86%"
"03/27/2017","9.32","9.08","9.33","9.08","79.54K","0.54%"
"03/26/2017","9.27","9.20","9.45","9.20","51.56K","0.76%"
"03/23/2017","9.20","9.20","9.20","9.20","2.24M","2.56%"
"03/22/2017","8.97","8.97","9.33","8.95","84.52K","-1.54%"
"03/21/2017","9.11","8.87","9.20","8.87","236.50K","0.66%"
"03/20/2017","9.05","9.20","9.45","8.95","101.95K","1.12%"
"03/19/2017","8.95","8.95","9.20","8.83","179.61K","2.52%"
"03/16/2017","8.73","8.74","8.89","8.71","6.55M","-1.13%"
"03/15/2017","8.83","8.83","8.83","8.72","635.68K","0.23%"
"03/14/2017","8.81","8.95","8.95","8.71","227.25K","-1.45%"
"03/13/2017","8.94","8.94","8.95","8.83","189.04K","-0.11%"
"03/12/2017","8.95","8.95","8.96","8.93","1.79M","1.47%"
"03/09/2017","8.82","8.72","8.89","8.71","471.07K","-1.45%"
"03/08/2017","8.95","8.71","8.95","8.71","182.56K","1.24%"
"03/07/2017","8.84","8.83","8.95","8.71","326.66K","0.11%"
"03/06/2017","8.83","8.50","8.95","8.50","1.54M","1.38%"
"03/05/2017","8.71","8.83","8.83","8.71","368.49K","0.58%"
"03/02/2017","8.66","8.47","8.93","7.96","106.25K","-0.46%"
"03/01/2017","8.70","8.70","8.81","8.46","1.12M","2.84%"
"02/28/2017","8.46","8.16","8.46","8.16","28.18K","-0.24%"
"02/27/2017","8.48","8.48","8.58","8.48","1.88M","0.00%"
"02/26/2017","8.48","8.95","8.95","8.68","1.19K","0.00%"
"02/23/2017","8.48","8.71","9.17","8.21","8.36M","0.00%"
"02/22/2017","8.48","8.74","8.74","8.45","458.38K","-2.64%"
"02/21/2017","8.71","9.18","9.18","8.49","607.99K","-2.79%"
"02/20/2017","8.96","8.95","9.02","8.72","143.21K","-2.61%"
"02/19/2017","9.20","9.20","9.20","9.20","28.16K","-2.34%"
"02/16/2017","9.42","8.89","9.42","8.89","5.30M","-0.32%"
"02/15/2017","9.45","9.40","9.45","9.40","16.08K","1.83%"
"02/14/2017","9.28","9.29","9.29","9.28","125.86K","-0.43%"
"02/13/2017","9.32","9.45","9.45","9.28","89.85K","-3.52%"
"02/12/2017","9.66","9.69","9.69","9.45","414.10K","-0.21%"
"02/09/2017","9.68","9.70","9.70","9.45","1.23M","-0.10%"
"02/08/2017","9.69","9.68","9.70","9.67","2.07M","0.10%"
"02/07/2017","9.68","9.69","9.70","9.22","695.01K","-0.10%"
"02/06/2017","9.69","9.69","9.69","9.69","155.34K","0.00%"
"02/05/2017","9.69","9.70","9.70","8.95","994.63K","0.00%"
"02/02/2017","9.69","9.70","9.70","9.45","1.08M","0.00%"
"02/01/2017","9.69","9.70","9.70","9.46","463.31K","-0.10%"
"01/31/2017","9.70","9.70","9.71","9.70","181.84K","-1.72%"
"01/30/2017","9.87","9.70","9.89","9.70","88.45K","0.41%"
"01/29/2017","9.83","9.85","9.91","9.82","107.71K","1.34%"
"01/26/2017","9.70","9.70","9.70","9.58","871.52K","-1.22%"
"01/24/2017","9.82","9.82","9.82","9.45","109.43K","-1.21%"
"01/23/2017","9.94","9.94","9.95","9.89","1.27M","3.43%"
"01/22/2017","9.61","9.70","9.70","9.45","25.76K","-3.42%"
"01/19/2017","9.95","10.17","10.17","9.09","1.49M","-0.50%"
"01/18/2017","10.00","9.95","10.02","9.95","2.00M","0.50%"
"01/17/2017","9.95","9.95","10.20","9.95","311.46K","0.10%"
"01/16/2017","9.94","9.95","9.95","9.33","440.59K","-0.10%"
"01/15/2017","9.95","9.95","9.95","9.95","136.13K","0.30%"
"01/12/2017","9.92","9.70","10.56","9.70","97.30K","2.27%"
"01/11/2017","9.70","9.70","9.94","9.58","98.54K","0.62%"
"01/10/2017","9.64","9.45","9.95","9.45","1.03M","4.67%"
"01/09/2017","9.21","9.54","9.54","8.95","4.03M","0.00%"
"01/08/2017","9.21","9.08","9.45","9.08","1.68M","1.43%"
"01/05/2017","9.08","9.08","9.10","8.95","154.45K","0.00%"
"01/04/2017","9.08","8.95","9.15","8.86","964.19K","-1.20%"
"01/03/2017","9.19","8.95","9.19","8.83","652.67K","0.00%"
"01/02/2017","9.19","9.17","9.23","8.81","272.50K","1.88%"
"12/29/2016","9.02","8.58","9.18","8.58","501.87K","6.62%"
"12/28/2016","8.46","8.51","8.54","8.46","283.50K","0.00%"
"12/27/2016","8.46","8.46","8.52","8.46","289.19K","0.00%"
"12/26/2016","8.46","8.46","8.46","8.46","1.05M","0.00%"
"12/25/2016","8.46","8.48","8.53","8.28","209.94K","0.00%"
"12/22/2016","8.46","8.46","8.58","8.46","2.64M","0.00%"
"12/21/2016","8.46","8.58","8.58","8.21","855.50K","0.00%"
"12/20/2016","8.46","8.46","8.48","8.21","3.70M","-0.35%"
"12/19/2016","8.49","8.46","8.66","8.46","806.97K","0.35%"
"12/18/2016","8.46","8.46","8.54","8.45","351.85K","0.00%"
"12/15/2016","8.46","8.46","8.51","8.35","7.78M","0.12%"
"12/14/2016","8.45","8.43","8.46","8.43","803.79K","-0.12%"
"12/12/2016","8.46","8.44","8.46","8.23","1.17M","0.00%"
"12/08/2016","8.46","8.46","8.51","8.46","1.49M","0.00%"
"12/07/2016","8.46","8.46","8.46","8.46","1.43M","0.00%"
"12/06/2016","8.46","8.45","8.48","8.21","869.04K","0.71%"
"12/05/2016","8.40","8.48","8.48","8.21","2.57M","-0.36%"
"12/04/2016","8.43","8.46","8.46","8.21","196.76K","-0.71%"
"12/01/2016","8.49","8.46","8.54","8.46","4.21M","0.00%"
"11/30/2016","8.49","8.48","8.52","8.46","51.36K","0.95%"
"11/29/2016","8.41","8.21","8.47","8.21","1.67M","-0.36%"
"11/28/2016","8.44","8.23","8.46","8.23","5.80M","2.55%"
"11/27/2016","8.23","8.27","8.46","8.21","774.72K","-3.06%"
"11/24/2016","8.49","8.48","8.52","8.46","2.72M","0.24%"
"11/23/2016","8.47","8.46","8.53","8.46","208.95K","0.36%"
"11/22/2016","8.44","8.22","8.46","8.22","668.78K","2.68%"
"11/21/2016","8.22","8.18","8.31","8.10","336.59K","2.11%"
"11/20/2016","8.05","7.98","8.08","7.98","33.64K","-0.25%"
"11/17/2016","8.07","8.07","8.22","7.96","1.99M","2.02%"
"11/16/2016","7.91","7.84","8.08","7.84","1.23M","0.76%"
"11/15/2016","7.85","7.84","7.96","7.84","265.71K","0.13%"
"11/14/2016","7.84","7.71","7.86","7.71","1.27M","-1.13%"
"11/13/2016","7.93","7.85","8.11","7.71","2.02M","2.85%"
"11/10/2016","7.71","7.83","7.93","7.64","3.44M","-2.16%"
"11/09/2016","7.88","7.22","7.96","7.22","3.85M","5.49%"
"11/08/2016","7.47","6.96","7.52","6.96","2.49M","9.21%"
"11/07/2016","6.84","6.59","7.10","6.47","1.79M","6.05%"
"11/06/2016","6.45","6.31","6.94","6.17","766.95K","12.37%"
"11/03/2016","5.74","5.48","5.75","5.48","1.63M","9.96%"
"11/02/2016","5.22","5.22","5.34","5.22","2.43M","0.00%"
"11/01/2016","5.22","5.22","5.22","5.22","1.12M","0.00%"
"10/31/2016","5.22","5.12","5.22","5.12","1.32M","0.00%"
"10/30/2016","5.22","5.22","5.22","5.22","410.13K","0.58%"
"10/27/2016","5.19","5.10","5.22","5.10","170.75K","1.76%"
"10/26/2016","5.10","5.10","5.20","5.10","390.79K","0.79%"
"10/25/2016","5.06","5.10","5.11","4.97","281.98K","-0.98%"
"10/24/2016","5.11","5.11","5.11","5.11","159.27K","-0.39%"
"10/23/2016","5.13","5.12","5.47","5.10","562.78K","-1.72%"
"10/20/2016","5.22","5.35","5.35","5.16","2.68M","-2.61%"
"10/19/2016","5.36","5.58","5.68","5.29","104.83K","-2.90%"
"10/18/2016","5.52","5.52","5.52","5.47","1.34M","-1.78%"
"10/17/2016","5.62","5.62","5.72","5.47","89.46K","0.18%"
"10/16/2016","5.61","5.67","5.68","5.60","33.65K","-3.77%"
"10/13/2016","5.83","5.85","5.89","5.61","136.22K","0.00%"
"10/11/2016","5.83","5.83","5.83","5.83","77.80K","-0.68%"
"10/10/2016","5.87","5.82","5.82","5.60","1.92K","0.00%"
"10/09/2016","5.87","5.54","5.78","5.54","1.47K","0.00%"
"10/05/2016","5.87","5.85","5.89","5.82","160.78K","1.73%"
"10/04/2016","5.77","5.72","5.81","5.72","64.73K","-1.54%"
"10/03/2016","5.86","5.72","5.72","5.72","0.57K","0.00%"
"09/29/2016","5.86","5.72","5.88","5.72","158.23K","2.09%"
"09/28/2016","5.74","5.72","5.77","5.72","38.60K","4.94%"
"09/27/2016","5.47","5.48","5.48","5.48","3.29K","0.00%"
"09/26/2016","5.47","5.47","5.62","5.40","1.64M","-2.67%"
"09/25/2016","5.62","5.72","5.72","5.47","200.20K","-4.75%"
"09/22/2016","5.90","5.87","5.91","5.72","16.30K","1.90%"
"09/21/2016","5.79","5.68","5.92","5.50","42.69K","0.35%"
"09/20/2016","5.77","5.78","5.78","5.67","91.02K","-2.37%"
"09/19/2016","5.91","5.74","5.74","5.74","0.24K","0.00%"
"09/18/2016","5.91","5.90","5.91","5.74","643.97K","0.17%"
"09/15/2016","5.90","5.81","5.91","5.73","359.87K","-0.17%"
"09/14/2016","5.91","5.91","5.91","5.91","309.57K","0.00%"
"09/08/2016","5.91","5.82","5.91","5.81","199.93K","-0.17%"
"09/07/2016","5.92","5.92","5.92","5.92","1.12M","0.17%"
"09/06/2016","5.91","5.92","5.92","5.81","5.68K","-0.51%"
"09/05/2016","5.94","5.92","5.96","5.92","128.47K","-0.50%"
"09/04/2016","5.97","5.89","5.97","5.81","2.43K","0.00%"
"09/01/2016","5.97","5.81","5.97","5.81","100.55K","0.00%"
"08/31/2016","5.97","5.94","5.97","5.72","2.96M","0.34%"
"08/30/2016","5.95","5.73","5.96","5.73","20.33K","1.19%"
"08/29/2016","5.88","5.73","5.73","5.73","12.98K","-0.84%"
"08/28/2016","5.93","5.81","5.81","5.72","2.38K","0.00%"
"08/25/2016","5.93","5.78","5.97","5.78","68.35K","0.68%"
"08/24/2016","5.89","5.89","5.89","5.89","36.18K","-0.17%"
"08/23/2016","5.90","5.91","5.91","5.90","854.33K","-0.17%"
"08/22/2016","5.91","5.91","5.91","5.90","943.98K","-1.01%"
"08/21/2016","5.97","5.87","6.06","5.87","3.18K","0.00%"
"08/18/2016","5.97","6.03","6.03","5.91","137.28K","0.67%"
"08/17/2016","5.93","5.97","5.97","5.89","418.30K","-0.67%"
"08/16/2016","5.97","5.97","5.97","5.89","15.18K","-0.83%"
"08/15/2016","6.02","6.09","6.09","5.88","861.97K","0.84%"
"08/14/2016","5.97","5.97","5.97","5.97","287.46K","-0.33%"
"08/11/2016","5.99","6.06","6.22","5.97","2.93M","-0.99%"
"08/10/2016","6.05","6.02","6.03","6.02","4.08K","0.00%"
"08/09/2016","6.05","5.97","5.97","5.77","1.10K","0.00%"
"08/08/2016","6.05","5.76","6.03","5.75","1.94K","0.00%"
"08/04/2016","6.05","6.09","6.09","6.02","786.14K","-0.66%"
"08/03/2016","6.09","6.09","6.10","6.09","2.30M","0.66%"
"08/02/2016","6.05","6.14","6.14","5.97","34.53K","0.50%"
"08/01/2016","6.02","6.09","6.11","5.97","76.52K","-1.15%"
"07/31/2016","6.09","6.09","6.09","6.09","4.02K","0.00%"
"07/28/2016","6.09","6.03","6.09","6.03","1.10M","-0.16%"
"07/27/2016","6.10","6.12","6.12","5.78","853.43K","3.04%"
"07/26/2016","5.92","5.74","6.09","5.72","223.81K","6.28%"
"07/25/2016","5.57","5.57","5.72","5.57","904.88K","-2.11%"
"07/24/2016","5.69","5.57","5.62","5.57","0.80K","0.00%"
"07/21/2016","5.69","5.60","5.72","5.60","261.93K","1.07%"
"07/20/2016","5.63","5.60","5.65","5.60","278.39K","1.08%"
"07/19/2016","5.57","5.57","5.60","5.57","2.00M","0.00%"
"07/18/2016","5.57","5.52","5.57","5.52","1.95M","-0.18%"
"07/17/2016","5.58","5.59","5.60","5.57","157.03K","-0.18%"
"07/14/2016","5.59","5.60","5.60","5.57","15.96K","-0.18%"
"07/13/2016","5.60","5.64","5.65","5.52","1.85M","-0.88%"
"07/12/2016","5.65","5.63","5.67","5.63","257.36K","-1.22%"
"07/11/2016","5.72","5.51","5.51","5.51","0.28K","0.00%"
"07/10/2016","5.72","5.72","5.72","5.72","958.02K","0.00%"
"07/04/2016","5.72","5.68","5.72","5.68","180.61K","0.70%"
"07/03/2016","5.68","5.69","5.69","5.22","654.89K","-0.18%"
"06/29/2016","5.69","5.70","5.70","5.47","48.65K","3.64%"
"06/28/2016","5.49","5.47","5.51","5.47","162.14K","-0.36%"
"06/27/2016","5.51","5.51","5.51","5.51","20.10K","0.55%"
"06/26/2016","5.48","5.50","5.50","5.47","23.00K","-4.03%"
"06/23/2016","5.71","5.66","5.72","5.66","36.38K","0.88%"
"06/22/2016","5.66","5.66","5.66","5.66","201.02K","0.00%"
"06/21/2016","5.66","5.67","5.67","5.47","421.53K","0.00%"
"06/20/2016","5.66","5.67","5.67","5.47","431.85K","0.00%"
"06/19/2016","5.66","5.66","5.67","5.66","21.28K","0.00%"
"06/16/2016","5.66","5.72","5.72","5.66","11.18K","-1.05%"
"06/14/2016","5.72","5.72","5.72","5.66","315.39K","0.00%"
"06/13/2016","5.72","5.74","5.74","5.70","352.34K","-0.35%"
"06/09/2016","5.74","5.73","5.85","5.72","72.36K","-0.17%"
"06/08/2016","5.75","5.74","5.85","5.72","39.69K","-1.37%"
"06/07/2016","5.83","5.73","5.85","5.73","30.25K","1.92%"
"06/06/2016","5.72","5.75","5.75","5.70","86.66K","-2.05%"
"06/05/2016","5.84","5.75","5.75","5.75","0.74K","0.00%"
"06/02/2016","5.84","5.80","5.85","5.75","36.04K","1.04%"
"06/01/2016","5.78","5.78","5.78","5.78","898.62K","0.00%"
"05/31/2016","5.78","5.78","5.78","5.78","4.88K","0.52%"
"05/30/2016","5.75","5.77","5.77","5.72","2.98K","-0.69%"
"05/29/2016","5.79","5.82","5.82","5.77","3.05K","-0.69%"
"05/26/2016","5.83","5.72","5.97","5.80","207.49K","1.92%"
"05/24/2016","5.72","5.72","5.72","5.72","1.21M","-1.04%"
"05/23/2016","5.78","5.72","5.72","5.72","95.02K","1.05%"
"05/22/2016","5.72","5.72","5.72","5.72","1.89M","0.00%"
"05/19/2016","5.72","5.72","5.84","5.72","382.34K","0.00%"
"05/18/2016","5.72","5.72","5.84","5.72","44.93M","0.00%"
"05/17/2016","5.72","5.72","5.72","5.72","150.44K","4.19%"
"05/16/2016","5.49","5.82","5.49","5.49","2.16K","-5.67%"
"05/15/2016","5.82","5.85","5.85","5.47","4.49K","-2.35%"
"05/12/2016","5.96","5.85","5.97","5.85","543.33K","3.29%"
"05/11/2016","5.77","5.84","5.85","5.75","603.97K","0.35%"
"05/10/2016","5.75","5.82","5.85","5.72","35.04K","0.52%"
"05/09/2016","5.72","5.47","5.74","5.47","745.97K","1.24%"
"05/08/2016","5.65","5.52","5.72","5.52","0.40K","0.00%"
"05/05/2016","5.65","5.70","5.72","5.60","48.16K","3.67%"
"05/04/2016","5.45","5.45","5.47","5.44","11.46K","0.00%"
"05/03/2016","5.45","5.45","5.45","5.45","2.28K","-0.37%"
"04/28/2016","5.47","5.47","5.47","5.42","6.98M","-2.15%"
"04/27/2016","5.59","5.60","5.60","5.41","182.85K","-2.44%"
"04/26/2016","5.73","5.85","5.85","5.71","805.80K","-3.37%"
"04/24/2016","5.93","5.97","6.07","5.92","56.72K","0.17%"
"04/21/2016","5.92","5.85","5.97","5.85","56.84K","0.34%"
"04/20/2016","5.90","6.02","6.07","5.85","132.78K","-1.17%"
"04/19/2016","5.97","6.01","6.02","5.94","1.45M","0.00%"
"04/18/2016","5.97","5.98","5.98","5.91","6.87K","-2.77%"
"04/17/2016","6.14","6.19","6.19","5.97","3.43K","3.02%"
"04/14/2016","5.96","5.99","6.03","5.88","37.13K","0.51%"
"04/13/2016","5.93","5.92","5.93","5.88","63.79K","0.17%"
"04/12/2016","5.92","6.03","6.03","5.86","4.35K","-1.00%"
"04/11/2016","5.98","6.07","6.07","5.85","1.31K","0.00%"
"04/10/2016","5.98","5.97","6.02","5.97","2.81K","1.70%"
"04/07/2016","5.88","5.85","5.97","5.80","38.93K","2.44%"
"04/06/2016","5.74","5.72","5.83","5.72","5.23K","-0.86%"
"04/05/2016","5.79","5.80","5.85","5.72","753.74K","-0.34%"
"04/04/2016","5.81","5.86","5.86","5.47","263.06K","-0.85%"
"04/03/2016","5.86","5.86","5.86","5.85","193.57K","-0.17%"
"03/31/2016","5.87","5.87","5.87","5.87","4.82K","5.39%"
"03/30/2016","5.57","5.72","5.72","5.72","1.84K","0.00%"
"03/29/2016","5.57","5.94","5.94","5.48","5.50K","-2.96%"
"03/28/2016","5.74","5.74","5.85","5.72","241.34K","0.00%"
"03/24/2016","5.74","5.69","5.82","5.69","44.11K","4.74%"
"03/23/2016","5.48","5.47","5.72","5.47","282.97K","-0.18%"
"03/22/2016","5.49","5.47","5.69","5.47","45.27K","0.37%"
"03/21/2016","5.47","5.27","5.47","5.27","583.28K","2.82%"
"03/20/2016","5.32","5.25","5.47","5.25","3.41K","-2.21%"
"03/17/2016","5.44","5.35","5.47","5.22","192.33K","-0.55%"
"03/16/2016","5.47","5.47","5.57","4.98","106.18K","0.00%"
"03/15/2016","5.47","5.22","5.47","5.22","40.28K","-0.18%"
"03/14/2016","5.48","5.46","5.72","5.43","3.88M","5.38%"
"03/13/2016","5.20","5.21","5.21","5.20","17.83K","-0.38%"
"03/10/2016","5.22","5.22","5.29","5.22","1.38M","0.00%"
"03/09/2016","5.22","5.22","5.22","5.22","1.04M","0.00%"
"03/08/2016","5.22","5.22","5.35","5.22","1.01M","0.00%"
"03/07/2016","5.22","5.22","5.22","5.22","1.46K","0.00%"
"03/06/2016","5.22","5.22","5.22","5.21","2.65K","-0.19%"
"03/03/2016","5.23","5.22","5.35","5.22","8.44K","0.00%"
"03/02/2016","5.23","5.24","5.24","5.22","3.77M","0.00%"
"03/01/2016","5.23","5.20","5.20","5.20","2.01K","0.00%"
"02/29/2016","5.23","5.17","5.35","5.17","36.67K","0.38%"
"02/28/2016","5.21","5.10","5.35","5.10","125.04K","4.62%"
"02/25/2016","4.98","4.97","5.22","4.96","1.65M","0.20%"
"02/24/2016","4.97","5.10","5.10","4.79","0.70K","0.00%"
"02/23/2016","4.97","4.97","4.97","4.97","0.33K","0.00%"
"02/22/2016","4.97","5.04","5.04","4.95","323.71K","-3.68%"
"02/21/2016","5.16","5.07","5.07","4.97","1.13K","0.00%"
"02/18/2016","5.16","4.93","4.93","4.93","0.23K","0.00%"
"02/17/2016","5.16","5.10","5.18","4.97","646.86K","3.82%"
"02/16/2016","4.97","5.20","5.20","5.20","0.24K","0.00%"
"02/15/2016","4.97","4.97","5.17","4.97","241.60K","0.00%"
"02/14/2016","4.97","4.97","5.10","4.86","207.85K","0.00%"
"02/11/2016","4.97","4.97","4.97","4.97","139.45K","-1.00%"
"02/10/2016","5.02","4.97","5.07","4.97","98.99K","1.01%"
"02/09/2016","4.97","4.75","4.97","4.75","93.47K","0.00%"
"02/08/2016","4.97","4.75","4.97","4.73","154.15K","5.07%"
"02/07/2016","4.73","4.73","4.73","4.73","7.95K","-1.46%"
"02/04/2016","4.80","4.74","4.91","4.73","96.45K","1.48%"
"02/03/2016","4.73","4.73","4.73","4.73","103.16K","0.21%"
"02/02/2016","4.72","4.60","4.73","4.60","157.79K","1.29%"
"02/01/2016","4.66","4.54","4.67","4.54","376.18K","-1.48%"
"01/28/2016","4.73","4.73","4.73","4.60","101.30K","0.00%"
"01/27/2016","4.73","4.73","4.73","4.73","102.87K","0.00%"
"01/26/2016","4.73","4.54","4.54","4.54","0.43K","0.00%"
"01/21/2016","4.73","4.73","4.75","4.73","676.75K","0.00%"
"01/20/2016","4.73","4.73","4.73","4.65","1.83K","0.00%"
"01/19/2016","4.73","4.73","4.73","4.73","281.86K","0.85%"
"01/18/2016","4.69","4.69","4.73","4.68","34.40K","0.21%"
"01/17/2016","4.68","4.69","4.69","4.59","603.49K","0.00%"
"01/14/2016","4.68","4.73","4.73","4.50","51.55K","-6.40%"
"01/13/2016","5.00","5.05","5.05","4.92","840.40K","-0.79%"
"01/11/2016","5.04","5.05","5.05","5.00","38.81K","-3.26%"
"01/10/2016","5.21","5.04","5.04","5.04","1.87K","0.00%"
"01/06/2016","5.21","5.05","5.22","5.05","116.64K","0.39%"
"01/05/2016","5.19","5.15","5.22","5.15","62.63K","1.37%"
"01/04/2016","5.12","5.00","5.15","4.97","2.83K","-0.19%"
"01/03/2016","5.13","4.97","5.15","4.97","9.91K","-0.58%"