"Date","Price","Open","High","Low","Vol.","Change %"
"2026/04/07","4,838","4,808","4,943","4,808","644.53K","0.14%"
"2026/04/02","4,831","4,765","4,844","4,685","572.15K","1.22%"
"2026/04/01","4,773","4,841","4,841","4,726","477.78K","0.76%"
"2026/03/31","4,737","4,672","4,786","4,672","684.10K","1.72%"
"2026/03/30","4,657","4,605","4,681","4,548","612.72K","0.37%"
"2026/03/27","4,640","4,515","4,669","4,515","704.72K","-0.22%"
"2026/03/26","4,650","4,564","4,693","4,564","776.22K","1.46%"
"2026/03/25","4,583","4,405","4,590","4,369","465.85K","5.14%"
"2026/03/24","4,359","4,260","4,400","4,225","1.18M","2.18%"
"2026/03/23","4,266","4,286","4,360","4,178","545.55K","-2.71%"
"2026/03/20","4,385","4,255","4,385","4,223","3.29M","3.06%"
"2026/03/19","4,255","4,073","4,255","4,059","520.21K","3.03%"
"2026/03/18","4,130","4,020","4,147","3,930","1.27M","3.72%"
"2026/03/17","3,982","4,049","4,074","3,936","622.23K","-2.52%"
"2026/03/16","4,085","3,825","4,088","3,825","844.99K","10.55%"
"2026/03/13","3,695","3,687","3,735","3,619","418.45K","0.63%"
"2026/03/12","3,672","3,733","3,737","3,671","286.82K","-2.42%"
"2026/03/11","3,763","3,783","3,783","3,689","373.65K","0.32%"
"2026/03/10","3,751","3,869","3,990","3,734","460.21K","-1.70%"
"2026/03/09","3,816","3,973","3,973","3,720","753.51K","-3.64%"
"2026/03/06","3,960","4,140","4,161","3,932","418.51K","-4.39%"
"2026/03/05","4,142","4,246","4,249","4,140","142.96K","-1.89%"
"2026/03/04","4,222","4,120","4,260","4,120","388.95K","1.49%"
"2026/03/03","4,160","4,266","4,348","4,160","754.81K","-5.15%"
"2026/03/02","4,386","4,400","4,410","4,267","475.42K","-0.88%"
"2026/02/27","4,425","4,350","4,425","4,211","454.56K","1.58%"
"2026/02/26","4,356","4,250","4,356","4,250","334.10K","2.49%"
"2026/02/25","4,250","4,279","4,279","4,153","539.64K","0.62%"
"2026/02/24","4,224","4,202","4,261","4,039","948.40K","-1.29%"
"2026/02/23","4,279","4,274","4,300","4,220","233.89K","0.73%"
"2026/02/20","4,248","4,350","4,356","4,216","332.14K","-0.56%"
"2026/02/19","4,272","4,356","4,383","4,272","329.05K","-1.79%"
"2026/02/18","4,350","4,346","4,373","4,303","235.97K","1.21%"
"2026/02/17","4,298","4,280","4,304","4,227","246.02K","0.89%"
"2026/02/16","4,260","4,300","4,300","4,228","301.33K","-0.19%"
"2026/02/13","4,268","4,350","4,350","4,232","151.07K","-0.67%"
"2026/02/12","4,297","4,290","4,334","4,256","350.98K","0.63%"
"2026/02/11","4,270","4,359","4,359","4,265","563.57K","-1.29%"
"2026/02/10","4,326","4,389","4,389","4,242","233.00K","1.74%"
"2026/02/09","4,252","4,329","4,329","4,199","408.49K","-1.32%"
"2026/02/06","4,309","4,392","4,392","4,239","332.82K","-0.51%"
"2026/02/05","4,331","4,399","4,399","4,295","277.74K","0.21%"
"2026/02/04","4,322","4,368","4,385","4,300","319.81K","0.37%"
"2026/02/03","4,306","4,300","4,349","4,232","394.01K","1.46%"
"2026/02/02","4,244","4,300","4,300","4,168","579.12K","-1.30%"
"2026/01/30","4,300","4,200","4,327","4,198","450.46K","1.42%"
"2026/01/29","4,240","4,240","4,262","4,185","440.66K","1.10%"
"2026/01/28","4,194","4,200","4,228","4,125","441.20K","1.67%"
"2026/01/27","4,125","4,245","4,245","4,125","227.46K","-1.67%"
"2026/01/26","4,195","4,149","4,250","4,123","421.50K","1.55%"
"2026/01/23","4,131","4,220","4,247","4,113","472.15K","-2.04%"
"2026/01/22","4,217","3,960","4,230","3,932","712.38K","6.62%"
"2026/01/21","3,955","3,995","3,995","3,862","173.78K","1.96%"
"2026/01/20","3,879","3,889","3,973","3,858","147.18K","-1.57%"
"2026/01/19","3,941","3,987","3,987","3,890","137.41K","-0.73%"
"2026/01/16","3,970","4,010","4,036","3,934","511.47K","-0.50%"
"2026/01/15","3,990","3,955","4,000","3,916","177.04K","0.88%"
"2026/01/14","3,955","4,000","4,010","3,902","385.67K","-0.83%"
"2026/01/13","3,988","3,935","3,990","3,916","281.82K","1.12%"
"2026/01/12","3,944","3,980","3,980","3,895","234.48K","-0.58%"
"2026/01/09","3,967","3,944","4,027","3,919","299.18K","1.72%"
"2026/01/08","3,900","3,860","3,924","3,844","309.61K","-0.46%"
"2026/01/07","3,918","3,918","3,933","3,750","214.07K","0.00%"
"2026/01/06","3,918","3,892","3,929","3,812","225.92K","1.16%"
"2026/01/05","3,873","3,850","3,901","3,815","272.62K","-0.08%"
"2026/01/02","3,876","3,863","3,906","3,823","291.18K","0.28%"
"2025/12/31","3,865","3,890","3,899","3,841","20.92K","-0.13%"
"2025/12/30","3,870","3,886","3,896","3,824","136.48K","-0.51%"
"2025/12/29","3,890","3,859","3,990","3,812","216.44K","1.22%"
"2025/12/24","3,843","3,812","3,860","3,812","21.75K","0.29%"
"2025/12/23","3,832","3,785","3,850","3,768","296.90K","1.24%"
"2025/12/22","3,785","3,799","3,824","3,751","332.53K","-0.37%"
"2025/12/19","3,799","3,809","3,845","3,736","792.02K","-0.03%"
"2025/12/18","3,800","3,890","3,890","3,785","303.65K","-1.71%"
"2025/12/17","3,866","3,857","3,901","3,801","335.63K","0.29%"
"2025/12/15","3,855","3,750","3,894","3,750","220.36K","3.30%"
"2025/12/12","3,732","3,736","3,776","3,701","1.24M","-1.11%"
"2025/12/11","3,774","3,715","3,774","3,680","137.90K","1.59%"
"2025/12/10","3,715","3,846","3,861","3,681","405.32K","-3.26%"
"2025/12/09","3,840","3,832","3,902","3,832","155.55K","-0.62%"
"2025/12/08","3,864","3,855","3,887","3,836","177.97K","0.13%"
"2025/12/05","3,859","3,899","3,930","3,839","366.06K","-0.46%"
"2025/12/04","3,877","3,895","3,945","3,877","149.28K","0.15%"
"2025/12/03","3,871","3,849","3,895","3,825","273.08K","1.02%"
"2025/12/02","3,832","3,896","3,900","3,832","164.75K","-1.77%"
"2025/12/01","3,901","3,900","3,931","3,838","235.05K","-0.28%"
"2025/11/28","3,912","4,005","4,005","3,901","625.86K","-1.46%"
"2025/11/27","3,970","3,975","4,010","3,932","500.23K","0.51%"
"2025/11/26","3,950","3,908","3,950","3,905","127.03K","0.82%"
"2025/11/25","3,918","3,984","3,984","3,901","141.23K","-1.33%"
"2025/11/24","3,971","3,996","4,029","3,928","289.77K","0.18%"
"2025/11/21","3,964","3,971","3,985","3,890","261.68K","-0.38%"
"2025/11/20","3,979","3,898","4,022","3,898","897.71K","1.87%"
"2025/11/19","3,906","3,851","3,924","3,845","99.52K","1.09%"
"2025/11/18","3,864","3,909","3,926","3,851","215.32K","-2.18%"
"2025/11/17","3,950","3,929","3,979","3,929","100.58K","1.15%"
"2025/11/14","3,905","3,940","4,000","3,858","386.91K","-0.89%"
"2025/11/13","3,940","4,011","4,011","3,933","574.69K","-0.53%"
"2025/11/12","3,961","3,970","4,026","3,952","405.37K","0.15%"
"2025/11/11","3,955","3,910","3,978","3,860","216.76K","1.15%"
"2025/11/10","3,910","3,845","3,960","3,838","259.82K","2.09%"
"2025/11/07","3,830","3,853","3,882","3,786","360.65K","-0.98%"
"2025/11/06","3,868","3,850","3,895","3,847","250.43K","0.47%"
"2025/11/05","3,850","3,850","3,870","3,811","361.35K","0.63%"
"2025/11/04","3,826","3,886","3,886","3,820","335.03K","-1.90%"
"2025/11/03","3,900","3,910","3,916","3,855","385.82K","0.44%"
"2025/10/31","3,883","3,889","3,900","3,840","387.28K","0.18%"
"2025/10/30","3,876","3,971","3,971","3,850","402.61K","-1.42%"
"2025/10/29","3,932","4,122","4,122","3,927","362.77K","-1.18%"
"2025/10/28","3,979","3,992","4,000","3,965","847.26K","-0.10%"
"2025/10/27","3,983","4,050","4,050","3,950","694.14K","-0.03%"
"2025/10/24","3,984","4,050","4,050","3,965","601.19K","-1.04%"
"2025/10/23","4,026","4,036","4,062","3,966","323.18K","0.25%"
"2025/10/22","4,016","3,987","4,051","3,978","651.49K","0.73%"
"2025/10/21","3,987","4,115","4,122","3,933","748.09K","-3.04%"
"2025/10/20","4,112","4,103","4,153","4,079","132.18K","0.73%"
"2025/10/17","4,082","4,109","4,131","4,065","577.24K","-0.68%"
"2025/10/16","4,110","4,090","4,164","4,085","904.52K","0.49%"
"2025/10/15","4,090","4,102","4,151","4,055","375.39K","-0.24%"
"2025/10/14","4,100","4,150","4,150","4,084","274.66K","-1.39%"
"2025/10/13","4,158","4,269","4,269","4,086","434.17K","1.41%"
"2025/10/10","4,100","4,086","4,159","4,065","213.74K","0.81%"
"2025/10/09","4,067","4,090","4,284","4,060","376.24K","-0.68%"
"2025/10/08","4,095","4,172","4,195","4,000","311.21K","-1.82%"
"2025/10/07","4,171","4,180","4,210","4,135","490.55K","-0.12%"
"2025/10/06","4,176","4,102","4,197","4,022","473.39K","0.63%"
"2025/10/03","4,150","3,986","4,160","3,970","341.46K","4.11%"
"2025/10/02","3,986","3,928","4,024","3,927","244.17K","1.48%"
"2025/10/01","3,928","4,042","4,048","3,887","325.69K","-2.65%"
"2025/09/30","4,035","3,930","4,054","3,930","235.52K","2.15%"
"2025/09/29","3,950","3,991","4,029","3,929","272.45K","-1.00%"
"2025/09/26","3,990","4,031","4,031","3,940","597.56K","-1.07%"
"2025/09/25","4,033","4,368","4,368","4,027","283.96K","-2.58%"
"2025/09/23","4,140","4,250","4,250","4,123","347.81K","-5.20%"
"2025/09/22","4,367","4,388","4,451","4,322","157.95K","-0.30%"
"2025/09/19","4,380","4,440","4,502","4,326","555.75K","-1.99%"
"2025/09/18","4,469","4,404","4,500","4,321","379.86K","0.90%"
"2025/09/17","4,429","4,529","4,576","4,417","313.51K","-1.80%"
"2025/09/16","4,510","4,540","4,542","4,483","327.51K","0.22%"
"2025/09/15","4,500","4,520","4,520","4,490","448.76K","-0.44%"
"2025/09/12","4,520","4,501","4,524","4,490","134.92K","0.44%"
"2025/09/11","4,500","4,515","4,520","4,423","1.14M","-0.29%"
"2025/09/10","4,513","4,598","4,598","4,440","549.96K","-0.81%"
"2025/09/09","4,550","4,550","4,596","4,525","282.50K","-0.35%"
"2025/09/08","4,566","4,650","4,884","4,531","538.31K","-1.10%"
"2025/09/05","4,617","4,713","4,756","4,615","79.53K","-2.02%"
"2025/09/04","4,712","4,601","4,740","4,601","218.59K","0.94%"
"2025/09/03","4,668","4,719","4,719","4,564","177.86K","0.02%"
"2025/09/02","4,667","4,969","4,969","4,596","379.55K","-1.71%"
"2025/09/01","4,748","4,810","5,114","4,699","312.27K","1.67%"
"2025/08/29","4,670","4,669","4,675","4,640","106.73K","0.43%"
"2025/08/28","4,650","4,697","4,722","4,600","343.57K","0.09%"
"2025/08/27","4,646","4,674","4,674","4,624","50.63K","0.37%"
"2025/08/26","4,629","4,652","4,692","4,610","61.34K","-0.32%"
"2025/08/25","4,644","4,800","4,800","4,591","193.27K","0.56%"
"2025/08/22","4,618","4,593","4,625","4,579","71.20K","0.90%"
"2025/08/21","4,577","4,626","4,686","4,551","189.40K","-1.04%"
"2025/08/20","4,625","4,560","4,724","4,560","78.92K","-1.80%"
"2025/08/19","4,710","4,563","4,758","4,562","443.87K","3.24%"
"2025/08/18","4,562","4,610","4,656","4,555","192.85K","-1.89%"
"2025/08/15","4,650","4,680","4,750","4,615","200.71K","-0.47%"
"2025/08/14","4,672","4,659","4,707","4,643","283.58K","0.47%"
"2025/08/13","4,650","4,656","4,656","4,569","521.56K","0.50%"
"2025/08/12","4,627","4,613","4,650","4,593","335.39K","0.33%"
"2025/08/11","4,612","4,770","4,770","4,555","109.82K","-1.35%"
"2025/08/08","4,675","4,796","4,803","4,580","353.10K","-1.97%"
"2025/08/07","4,769","4,555","4,790","4,555","490.13K","1.62%"
"2025/08/06","4,693","4,583","4,723","4,583","311.27K","2.58%"
"2025/08/05","4,575","4,700","4,724","4,575","159.04K","-2.70%"
"2025/08/04","4,702","4,581","4,748","4,581","360.16K","2.24%"
"2025/08/01","4,599","4,703","4,703","4,599","104.69K","-2.11%"
"2025/07/31","4,698","4,687","4,732","4,480","464.48K","0.00%"
"2025/07/30","4,698","4,696","4,721","4,678","140.63K","-0.02%"
"2025/07/29","4,699","4,630","4,716","4,621","124.63K","1.62%"
"2025/07/28","4,624","4,643","4,643","4,563","87.78K","0.26%"
"2025/07/25","4,612","4,682","4,682","4,595","87.36K","-1.11%"
"2025/07/24","4,664","4,760","4,764","4,631","116.88K","-0.77%"
"2025/07/23","4,700","4,590","4,750","4,590","118.05K","-0.99%"
"2025/07/22","4,747","4,790","4,790","4,729","150.30K","-0.13%"
"2025/07/21","4,753","4,684","4,798","4,670","234.19K","0.36%"
"2025/07/18","4,736","4,717","4,776","4,716","151.92K","-0.08%"
"2025/07/17","4,740","4,801","4,801","4,732","131.41K","-0.52%"
"2025/07/16","4,765","4,784","4,809","4,729","272.26K","-0.56%"
"2025/07/15","4,792","4,750","4,854","4,744","296.41K","0.88%"
"2025/07/14","4,750","4,750","4,778","4,726","129.36K","0.00%"
"2025/07/11","4,750","4,783","4,784","4,728","145.61K","0.00%"
"2025/07/10","4,750","4,676","4,795","4,631","409.68K","2.59%"
"2025/07/09","4,630","4,638","4,703","4,585","296.73K","-1.49%"
"2025/07/08","4,700","4,745","4,745","4,667","219.30K","0.00%"
"2025/07/07","4,700","4,640","4,748","4,640","148.82K","-0.25%"
"2025/07/04","4,712","4,800","4,800","4,682","138.33K","-0.25%"
"2025/07/03","4,724","4,786","4,823","4,712","220.88K","-0.76%"
"2025/07/02","4,760","4,492","4,883","4,492","613.08K","7.89%"
"2025/07/01","4,412","4,371","4,412","4,333","116.92K","0.98%"
"2025/06/30","4,369","4,346","4,401","4,327","194.02K","0.53%"
"2025/06/27","4,346","4,196","4,362","4,186","249.75K","3.67%"
"2025/06/26","4,192","4,205","4,235","4,168","105.76K","0.94%"
"2025/06/25","4,153","4,073","4,180","4,073","363.25K","-0.17%"
"2025/06/24","4,160","4,155","4,180","4,106","239.02K","1.46%"
"2025/06/23","4,100","4,200","4,200","4,067","398.54K","-1.61%"
"2025/06/20","4,167","4,223","4,283","4,167","356.87K","-0.93%"
"2025/06/19","4,206","4,156","4,245","4,111","85.41K","1.42%"
"2025/06/18","4,147","4,075","4,171","4,047","301.83K","1.64%"
"2025/06/17","4,080","4,102","4,112","4,061","282.57K","0.62%"
"2025/06/13","4,055","4,165","4,165","4,054","166.47K","-2.80%"
"2025/06/12","4,172","4,280","4,280","4,165","115.83K","0.05%"
"2025/06/11","4,170","4,180","4,285","4,170","193.27K","-0.24%"
"2025/06/10","4,180","4,197","4,237","4,160","156.33K","-0.21%"
"2025/06/09","4,189","4,232","4,232","4,169","53.60K","-0.12%"
"2025/06/06","4,194","4,242","4,245","4,169","137.81K","-0.14%"
"2025/06/05","4,200","4,168","4,200","4,155","199.52K","1.52%"
"2025/06/04","4,137","4,200","4,242","4,137","176.48K","-1.24%"
"2025/06/03","4,189","4,145","4,200","4,125","225.27K","1.55%"
"2025/06/02","4,125","4,110","4,145","4,071","131.66K","0.36%"
"2025/05/30","4,110","4,163","4,163","4,109","158.40K","-0.29%"
"2025/05/29","4,122","4,180","4,180","4,103","187.90K","-0.07%"
"2025/05/28","4,125","4,108","4,199","4,098","136.11K","1.18%"
"2025/05/27","4,077","4,064","4,114","3,990","207.10K","0.67%"
"2025/05/26","4,050","4,063","4,079","4,025","103.13K","0.55%"
"2025/05/23","4,028","3,966","4,043","3,966","119.49K","2.44%"
"2025/05/22","3,932","3,984","3,984","3,920","281.43K","-1.21%"
"2025/05/21","3,980","4,006","4,014","3,972","89.11K","0.00%"
"2025/05/20","3,980","4,025","4,050","3,976","151.18K","-0.50%"
"2025/05/19","4,000","3,960","4,107","3,942","278.32K","0.81%"
"2025/05/16","3,968","4,055","4,055","3,968","69.99K","-1.59%"
"2025/05/15","4,032","4,129","4,129","4,025","325.04K","-1.66%"
"2025/05/14","4,100","4,100","4,142","4,090","430.55K","0.61%"
"2025/05/13","4,075","4,079","4,144","4,045","450.24K","0.62%"
"2025/05/12","4,050","4,100","4,100","4,050","149.83K","-0.05%"
"2025/05/09","4,052","4,081","4,129","4,052","122.77K","-0.30%"
"2025/05/08","4,064","4,120","4,129","4,055","134.16K","-0.34%"
"2025/05/07","4,078","4,048","4,100","3,993","274.25K","0.94%"
"2025/05/06","4,040","4,051","4,051","3,984","230.81K","0.87%"
"2025/05/05","4,005","4,138","4,138","4,000","104.37K","-3.03%"
"2025/05/02","4,130","4,016","4,154","4,016","229.36K","3.25%"
"2025/04/30","4,000","3,967","4,057","3,967","248.96K","0.63%"
"2025/04/29","3,975","3,999","4,031","3,975","214.44K","-0.60%"
"2025/04/25","3,999","3,896","4,000","3,896","215.02K","2.02%"
"2025/04/24","3,920","3,902","3,947","3,889","159.99K","0.49%"
"2025/04/23","3,901","3,899","3,949","3,850","583.31K","0.80%"
"2025/04/22","3,870","3,801","3,889","3,801","307.12K","-0.15%"
"2025/04/17","3,876","3,928","3,928","3,804","227.25K","0.62%"
"2025/04/16","3,852","3,950","3,950","3,830","322.83K","-1.31%"
"2025/04/15","3,903","3,900","3,941","3,878","333.46K","0.08%"
"2025/04/14","3,900","3,802","3,941","3,795","302.23K","3.15%"
"2025/04/11","3,781","3,849","3,849","3,719","128.40K","-1.12%"
"2025/04/10","3,824","3,821","3,852","3,720","628.24K","4.77%"
"2025/04/09","3,650","3,724","3,765","3,584","675.15K","-8.75%"
"2025/04/08","4,000","3,851","4,040","3,764","528.39K","4.11%"
"2025/04/07","3,842","3,716","3,896","3,654","828.54K","0.13%"
"2025/04/04","3,837","4,010","4,014","3,794","781.82K","-5.75%"
"2025/04/03","4,071","4,225","4,225","4,040","782.57K","-3.64%"
"2025/04/02","4,225","4,279","4,326","4,205","305.48K","-1.35%"
"2025/04/01","4,283","4,218","4,295","4,181","342.50K","3.30%"
"2025/03/31","4,146","4,152","4,171","4,111","141.91K","0.39%"
"2025/03/28","4,130","4,123","4,264","4,114","262.76K","-0.96%"
"2025/03/27","4,170","4,239","4,317","4,100","1.04M","-1.37%"
"2025/03/26","4,228","4,181","4,249","4,122","289.75K","2.37%"
"2025/03/25","4,130","4,224","4,225","4,087","422.74K","-1.05%"
"2025/03/24","4,174","4,235","4,296","4,082","318.90K","-1.44%"
"2025/03/20","4,235","4,160","4,241","4,116","414.00K","2.72%"
"2025/03/19","4,123","4,109","4,123","4,064","231.60K","1.05%"
"2025/03/18","4,080","4,019","4,125","4,002","703.27K","2.00%"
"2025/03/17","4,000","4,020","4,020","3,790","405.15K","2.38%"
"2025/03/14","3,907","3,925","3,925","3,826","73.61K","0.80%"
"2025/03/13","3,876","3,869","3,921","3,833","136.50K","0.54%"
"2025/03/12","3,855","3,988","3,988","3,822","214.50K","-3.34%"
"2025/03/11","3,988","4,050","4,074","3,906","623.71K","-0.99%"
"2025/03/10","4,028","3,820","4,072","3,753","667.62K","6.11%"
"2025/03/07","3,796","3,653","3,802","3,653","150.79K","3.15%"
"2025/03/06","3,680","3,760","3,785","3,673","68.19K","-2.23%"
"2025/03/05","3,764","3,752","3,791","3,733","130.83K","0.05%"
"2025/03/04","3,762","3,820","3,820","3,748","145.30K","-0.97%"
"2025/03/03","3,799","3,844","3,844","3,798","308.94K","-0.34%"
"2025/02/28","3,812","3,804","3,820","3,769","196.79K","0.18%"
"2025/02/27","3,805","3,783","3,860","3,783","133.25K","-0.11%"
"2025/02/26","3,809","3,844","3,844","3,773","186.45K","0.50%"
"2025/02/25","3,790","3,801","3,820","3,750","243.70K","1.07%"
"2025/02/24","3,750","3,724","3,824","3,722","192.29K","0.51%"
"2025/02/21","3,731","3,811","3,838","3,724","269.60K","-2.10%"
"2025/02/20","3,811","3,814","3,847","3,761","142.27K","-0.13%"
"2025/02/19","3,816","3,896","3,896","3,816","91.16K","-1.78%"
"2025/02/18","3,885","4,005","4,005","3,858","186.00K","-1.35%"
"2025/02/17","3,938","3,963","3,979","3,889","49.78K","-0.63%"
"2025/02/14","3,963","3,958","4,000","3,899","224.32K","1.38%"
"2025/02/13","3,909","3,915","3,979","3,886","170.03K","-0.69%"
"2025/02/12","3,936","3,936","3,952","3,892","104.70K","0.18%"
"2025/02/11","3,929","4,037","4,037","3,929","35.92K","-2.26%"
"2025/02/10","4,020","4,014","4,092","3,969","150.18K","0.15%"
"2025/02/07","4,014","4,009","4,094","3,999","135.89K","0.25%"
"2025/02/06","4,004","4,014","4,069","3,999","124.45K","-0.37%"
"2025/02/05","4,019","4,094","4,100","4,000","174.04K","-1.86%"
"2025/02/04","4,095","4,055","4,131","3,980","254.46K","1.71%"
"2025/02/03","4,026","3,955","4,044","3,880","112.75K","1.16%"
"2025/01/31","3,980","4,120","4,120","3,975","144.92K","-2.21%"
"2025/01/30","4,070","4,001","4,137","4,001","136.98K","1.19%"
"2025/01/29","4,022","3,961","4,074","3,960","842.63K","0.45%"
"2025/01/28","4,004","3,971","4,034","3,968","106.02K","0.13%"
"2025/01/27","3,999","4,055","4,057","3,966","133.08K","-1.28%"
"2025/01/24","4,051","4,054","4,134","4,042","64.19K","-1.29%"
"2025/01/23","4,104","4,134","4,136","4,048","72.16K","-1.11%"
"2025/01/22","4,150","4,152","4,255","4,133","402.88K","-0.60%"
"2025/01/21","4,175","4,135","4,190","4,108","473.05K","0.00%"
"2025/01/20","4,175","4,125","4,176","4,125","194.96K","0.63%"
"2025/01/17","4,149","4,131","4,149","4,106","37.55K","0.46%"
"2025/01/16","4,130","4,025","4,178","4,025","201.62K","0.00%"
"2025/01/15","4,130","4,036","4,139","3,980","161.96K","3.04%"
"2025/01/14","4,008","4,017","4,120","3,995","151.33K","-0.05%"
"2025/01/13","4,010","4,213","4,213","3,978","332.23K","-4.95%"
"2025/01/10","4,219","4,077","4,250","4,075","208.71K","2.93%"
"2025/01/09","4,099","4,122","4,151","4,070","106.46K","-0.27%"
"2025/01/08","4,110","4,270","4,294","4,110","134.46K","-3.75%"
"2025/01/07","4,270","4,291","4,368","4,255","136.39K","0.80%"
"2025/01/06","4,236","4,261","4,267","4,181","119.66K","-0.42%"
"2025/01/03","4,254","4,336","4,336","4,118","138.66K","-1.85%"
"2025/01/02","4,334","4,330","4,397","4,288","71.97K","-0.37%"
"2024/12/31","4,350","4,351","4,356","4,326","371.11K","0.00%"
"2024/12/30","4,350","4,463","4,463","4,316","90.08K","-0.73%"
"2024/12/27","4,382","4,376","4,405","4,280","44.06K","1.13%"
"2024/12/24","4,333","4,373","4,448","4,297","66.00K","-0.89%"
"2024/12/23","4,372","4,295","4,431","4,281","38.02K","1.79%"
"2024/12/20","4,295","4,355","4,370","4,283","639.18K","-1.26%"
"2024/12/19","4,350","4,385","4,385","4,328","240.64K","-0.80%"
"2024/12/18","4,385","4,457","4,474","4,358","305.88K","1.01%"
"2024/12/17","4,341","4,499","4,499","4,325","108.70K","-1.94%"
"2024/12/13","4,427","4,411","4,440","4,400","170.61K","0.66%"
"2024/12/12","4,398","4,436","4,440","4,390","211.04K","-0.27%"
"2024/12/11","4,410","4,450","4,450","4,363","184.52K","0.23%"
"2024/12/10","4,400","4,455","4,455","4,388","109.79K","-1.12%"
"2024/12/09","4,450","4,465","4,619","4,410","248.30K","-0.34%"
"2024/12/06","4,465","4,386","4,465","4,385","189.40K","1.43%"
"2024/12/05","4,402","4,417","4,417","4,366","103.93K","0.64%"
"2024/12/04","4,374","4,378","4,440","4,315","246.22K","0.78%"
"2024/12/03","4,340","4,212","4,419","4,212","182.89K","-0.05%"
"2024/12/02","4,342","4,292","4,354","4,202","119.93K","0.63%"
"2024/11/29","4,315","4,290","4,366","4,282","122.30K","0.63%"
"2024/11/28","4,288","4,410","4,410","4,280","55.63K","-1.43%"
"2024/11/27","4,350","4,410","4,410","4,280","82.39K","0.62%"
"2024/11/26","4,323","4,240","4,349","4,200","61.34K","0.70%"
"2024/11/25","4,293","4,450","4,450","4,285","88.81K","-2.56%"
"2024/11/22","4,406","4,317","4,450","4,317","82.36K","0.00%"
"2024/11/21","4,406","4,372","4,446","4,360","34.65K","0.78%"
"2024/11/20","4,372","4,449","4,449","4,350","130.05K","0.58%"
"2024/11/19","4,347","4,305","4,373","4,304","139.53K","0.84%"
"2024/11/18","4,311","4,300","4,369","4,281","81.45K","0.26%"
"2024/11/15","4,300","4,260","4,335","4,260","83.84K","0.19%"
"2024/11/14","4,292","4,260","4,350","4,260","266.74K","0.99%"
"2024/11/13","4,250","4,294","4,331","4,250","100.30K","-1.02%"
"2024/11/12","4,294","4,320","4,355","4,294","124.96K","-1.01%"
"2024/11/11","4,338","4,360","4,373","4,330","42.12K","-0.75%"
"2024/11/08","4,371","4,389","4,422","4,343","82.13K","-0.09%"
"2024/11/07","4,375","4,405","4,443","4,349","115.47K","-0.77%"
"2024/11/06","4,409","4,511","4,521","4,400","69.81K","-2.37%"
"2024/11/05","4,516","4,491","4,536","4,440","264.66K","0.36%"
"2024/11/04","4,500","4,567","4,663","4,457","349.77K","-1.53%"
"2024/11/01","4,570","4,580","4,599","4,540","128.05K","0.59%"
"2024/10/31","4,543","4,555","4,583","4,500","184.15K","-0.53%"
"2024/10/30","4,567","4,691","4,691","4,556","79.88K","-2.16%"
"2024/10/29","4,668","4,625","4,690","4,581","217.66K","0.97%"
"2024/10/28","4,623","4,379","4,698","4,379","460.81K","3.49%"
"2024/10/25","4,467","4,378","4,550","4,378","483.63K","0.86%"
"2024/10/24","4,429","4,395","4,477","4,395","257.79K","-0.14%"
"2024/10/23","4,435","4,481","4,481","4,383","251.37K","-0.09%"
"2024/10/22","4,439","4,470","4,470","4,429","238.40K","-0.25%"
"2024/10/21","4,450","4,462","4,497","4,445","130.28K","-0.09%"
"2024/10/18","4,454","4,459","4,495","4,408","258.37K","-0.13%"
"2024/10/17","4,460","4,476","4,529","4,436","325.68K","0.77%"
"2024/10/16","4,426","4,490","4,595","4,426","3.07M","-1.84%"
"2024/10/15","4,509","4,587","4,587","4,500","136.27K","-0.73%"
"2024/10/14","4,542","4,540","4,605","4,505","172.52K","-0.11%"
"2024/10/11","4,547","4,520","4,583","4,516","240.72K","0.82%"
"2024/10/10","4,510","4,533","4,555","4,494","241.87K","-0.11%"
"2024/10/09","4,515","4,535","4,550","4,500","106.41K","-0.92%"
"2024/10/08","4,557","4,641","4,641","4,514","173.78K","-0.89%"
"2024/10/07","4,598","4,643","4,643","4,487","2.24M","2.11%"
"2024/10/04","4,503","4,470","4,550","4,441","203.53K","0.16%"
"2024/10/03","4,496","4,543","4,543","4,441","72.77K","-0.20%"
"2024/10/02","4,505","4,556","4,582","4,467","223.20K","-0.99%"
"2024/10/01","4,550","4,620","4,620","4,491","555.94K","0.00%"
"2024/09/30","4,550","4,550","4,590","4,450","294.12K","0.00%"
"2024/09/27","4,550","4,575","4,606","4,520","229.70K","-0.55%"
"2024/09/26","4,575","4,649","4,669","4,575","132.55K","-0.97%"
"2024/09/25","4,620","4,700","4,700","4,555","198.83K","-2.51%"
"2024/09/23","4,739","4,687","4,897","4,669","573.51K","1.11%"
"2024/09/20","4,687","4,657","4,743","4,619","454.79K","1.82%"
"2024/09/19","4,603","4,536","4,671","4,526","685.30K","2.29%"
"2024/09/18","4,500","4,500","4,530","4,420","484.40K","-0.07%"
"2024/09/17","4,503","4,550","4,599","4,494","303.70K","-0.73%"
"2024/09/16","4,536","4,637","4,672","4,536","194.56K","-2.72%"
"2024/09/13","4,663","4,550","4,691","4,550","234.79K","2.94%"
"2024/09/12","4,530","4,466","4,539","4,457","220.86K","2.07%"
"2024/09/11","4,438","4,447","4,512","4,418","175.49K","0.38%"
"2024/09/10","4,421","4,415","4,464","4,371","257.89K","-1.14%"
"2024/09/09","4,472","4,357","4,550","4,357","534.58K","2.47%"
"2024/09/06","4,364","4,356","4,400","4,350","232.89K","0.21%"
"2024/09/05","4,355","4,410","4,438","4,352","140.13K","-1.87%"
"2024/09/04","4,438","4,500","4,589","4,419","198.60K","-1.38%"
"2024/09/03","4,500","4,314","4,528","4,289","544.57K","4.63%"
"2024/09/02","4,301","4,199","4,377","4,138","292.80K","2.65%"
"2024/08/30","4,190","4,263","4,263","4,168","81.19K","-1.18%"
"2024/08/29","4,240","4,163","4,280","4,163","514.91K","2.71%"
"2024/08/28","4,128","4,165","4,176","4,103","116.63K","0.05%"
"2024/08/27","4,126","4,123","4,160","4,075","362.01K","0.56%"
"2024/08/26","4,103","4,001","4,169","4,001","279.20K","-0.34%"
"2024/08/23","4,117","4,128","4,149","4,117","93.96K","-0.27%"
"2024/08/22","4,128","4,118","4,145","4,076","92.81K","2.74%"
"2024/08/21","4,018","4,073","4,125","3,956","225.33K","-1.35%"
"2024/08/20","4,073","3,990","4,086","3,950","37.26K","2.75%"
"2024/08/19","3,964","3,977","4,015","3,950","121.51K","-0.10%"
"2024/08/16","3,968","3,972","3,984","3,917","108.24K","0.61%"
"2024/08/15","3,944","3,854","3,965","3,854","7.89K","0.59%"
"2024/08/14","3,921","3,865","4,045","3,865","98.20K","-0.61%"
"2024/08/13","3,945","3,912","4,026","3,862","55.90K","1.15%"
"2024/08/12","3,900","3,870","3,950","3,717","146.95K","1.25%"
"2024/08/08","3,852","3,754","3,869","3,660","120.27K","1.24%"
"2024/08/07","3,805","3,676","3,839","3,676","23.23K","3.37%"
"2024/08/06","3,681","3,841","3,858","3,663","42.49K","-0.51%"
"2024/08/05","3,700","3,860","3,860","3,653","31.46K","-1.60%"
"2024/08/02","3,760","3,792","3,831","3,742","169.58K","-1.16%"
"2024/08/01","3,804","3,864","3,864","3,792","27.95K","-1.17%"
"2024/07/31","3,849","3,791","3,869","3,760","55.56K","2.10%"
"2024/07/30","3,770","3,734","3,780","3,700","56.28K","2.45%"
"2024/07/29","3,680","3,697","3,710","3,653","153.17K","-0.08%"
"2024/07/26","3,683","3,651","3,716","3,631","37.39K","0.96%"
"2024/07/25","3,648","3,622","3,648","3,543","475.58K","1.14%"
"2024/07/24","3,607","3,630","3,630","3,606","138.48K","-0.63%"
"2024/07/23","3,630","3,610","3,631","3,606","58.59K","0.00%"
"2024/07/22","3,630","3,641","3,647","3,620","162.15K","-0.14%"
"2024/07/19","3,635","3,726","3,726","3,627","49.05K","-1.36%"
"2024/07/18","3,685","3,754","3,780","3,652","231.45K","-1.73%"
"2024/07/17","3,750","3,749","3,804","3,689","97.42K","-0.16%"
"2024/07/16","3,756","3,744","3,809","3,683","50.84K","0.67%"
"2024/07/15","3,731","3,705","3,764","3,705","41.46K","-0.51%"
"2024/07/12","3,750","3,772","3,782","3,733","154.81K","-0.16%"
"2024/07/11","3,756","3,794","3,801","3,756","51.73K","-1.16%"
"2024/07/10","3,800","3,753","3,813","3,720","559.46K","0.85%"
"2024/07/09","3,768","3,799","3,829","3,728","82.67K","-0.84%"
"2024/07/08","3,800","3,804","3,831","3,782","179.53K","0.00%"
"2024/07/05","3,800","3,820","3,861","3,792","223.34K","-1.32%"
"2024/07/04","3,851","3,800","3,851","3,784","384.65K","1.72%"
"2024/07/03","3,786","3,753","3,790","3,690","181.09K","2.60%"
"2024/07/02","3,690","3,801","3,837","3,668","96.35K","-3.02%"
"2024/07/01","3,805","3,738","3,840","3,721","143.42K","2.89%"
"2024/06/28","3,698","3,611","3,716","3,564","249.20K","3.70%"
"2024/06/27","3,566","3,625","3,696","3,550","82.84K","-1.76%"
"2024/06/26","3,630","3,636","3,663","3,580","150.02K","0.75%"
"2024/06/25","3,603","3,680","3,680","3,603","90.90K","-2.09%"
"2024/06/24","3,680","3,650","3,709","3,650","84.17K","0.00%"
"2024/06/21","3,680","3,720","3,784","3,650","475.05K","-2.59%"
"2024/06/20","3,778","3,895","3,895","3,778","227.61K","-2.65%"
"2024/06/19","3,881","3,688","3,895","3,688","322.93K","5.40%"
"2024/06/18","3,682","3,645","3,718","3,619","614.07K","2.33%"
"2024/06/14","3,598","3,600","3,673","3,574","335.29K","-0.11%"
"2024/06/13","3,602","3,505","3,630","3,505","225.31K","-0.47%"
"2024/06/12","3,619","3,502","3,665","3,502","188.47K","2.23%"
"2024/06/11","3,540","3,579","3,681","3,490","147.58K","-0.23%"
"2024/06/10","3,548","3,681","3,681","3,525","107.44K","-1.36%"
"2024/06/07","3,597","3,630","3,700","3,590","151.49K","-0.61%"
"2024/06/06","3,619","3,690","3,690","3,600","196.10K","-2.69%"
"2024/06/05","3,719","3,700","3,729","3,700","78.58K","0.51%"
"2024/06/04","3,700","3,735","3,806","3,680","78.33K","-0.59%"
"2024/06/03","3,722","3,693","3,735","3,603","52.62K","0.79%"
"2024/05/31","3,693","3,600","3,700","3,600","265.05K","1.68%"
"2024/05/30","3,632","3,610","3,632","3,591","61.90K","-0.33%"
"2024/05/28","3,644","3,642","3,660","3,561","186.92K","0.97%"
"2024/05/27","3,609","3,650","3,650","3,580","43.37K","-0.03%"
"2024/05/24","3,610","3,629","3,649","3,580","67.73K","-0.55%"
"2024/05/23","3,630","3,630","3,651","3,601","73.63K","-0.14%"
"2024/05/22","3,635","3,650","3,660","3,615","156.40K","0.64%"
"2024/05/21","3,612","3,664","3,670","3,601","210.01K","-0.80%"
"2024/05/20","3,641","3,585","3,661","3,585","95.62K","1.36%"
"2024/05/17","3,592","3,473","3,628","3,473","274.58K","1.33%"
"2024/05/16","3,545","3,499","3,545","3,469","103.79K","2.25%"
"2024/05/15","3,467","3,569","3,569","3,466","113.55K","-1.53%"
"2024/05/14","3,521","3,514","3,599","3,464","218.96K","-1.40%"
"2024/05/13","3,571","3,598","3,600","3,534","135.27K","-0.47%"
"2024/05/10","3,588","3,573","3,590","3,515","177.30K","2.43%"
"2024/05/09","3,503","3,587","3,587","3,500","34.28K","-1.32%"
"2024/05/08","3,550","3,479","3,559","3,414","141.82K","2.54%"
"2024/05/07","3,462","3,567","3,601","3,454","98.83K","-2.15%"
"2024/05/06","3,538","3,588","3,643","3,538","106.80K","-1.83%"
"2024/05/03","3,604","3,695","3,695","3,588","118.75K","-1.40%"
"2024/05/02","3,655","3,691","3,691","3,625","129.04K","-0.76%"
"2024/04/30","3,683","3,696","3,696","3,594","153.05K","1.29%"
"2024/04/29","3,636","3,501","3,666","3,501","110.75K","0.75%"
"2024/04/26","3,609","3,616","3,682","3,548","147.02K","1.86%"
"2024/04/25","3,543","3,555","3,624","3,491","592.72K","-1.03%"
"2024/04/24","3,580","3,811","3,872","3,558","338.89K","-5.52%"
"2024/04/23","3,789","3,798","3,849","3,705","91.29K","-0.29%"
"2024/04/22","3,800","3,651","3,900","3,651","174.88K","3.83%"
"2024/04/19","3,660","3,607","3,734","3,607","7.98K","-1.08%"
"2024/04/18","3,700","3,555","3,709","3,555","101.04K","2.07%"
"2024/04/17","3,625","3,597","3,683","3,597","86.07K","-0.68%"
"2024/04/16","3,650","3,735","3,735","3,600","102.66K","-2.28%"
"2024/04/15","3,735","3,601","3,739","3,601","150.81K","1.00%"
"2024/04/12","3,698","3,701","3,769","3,672","338.92K","-0.67%"
"2024/04/11","3,723","3,729","3,743","3,600","43.74K","0.57%"
"2024/04/10","3,702","3,694","3,758","3,610","150.14K","-3.84%"
"2024/04/09","3,850","3,850","3,889","3,728","150.40K","-0.03%"
"2024/04/08","3,851","3,735","3,853","3,681","71.37K","3.38%"
"2024/04/05","3,725","3,720","3,730","3,649","103.49K","0.43%"
"2024/04/04","3,709","3,601","3,734","3,601","139.59K","3.03%"
"2024/04/03","3,600","3,568","3,666","3,543","357.55K","0.90%"
"2024/04/02","3,568","3,668","3,699","3,543","383.02K","-1.03%"
"2024/03/28","3,605","3,603","3,709","3,588","113.19K","-2.54%"
"2024/03/27","3,699","3,651","3,701","3,623","62.67K","1.87%"
"2024/03/26","3,631","3,565","3,650","3,555","175.05K","1.85%"
"2024/03/25","3,565","3,641","3,660","3,565","2.38M","-1.11%"
"2024/03/22","3,605","3,685","3,700","3,565","293.88K","-2.44%"
"2024/03/20","3,695","3,865","3,902","3,670","65.68K","-2.33%"
"2024/03/19","3,783","3,916","3,916","3,751","44.97K","-2.40%"
"2024/03/18","3,876","3,970","4,010","3,876","41.41K","-0.41%"
"2024/03/15","3,892","4,038","4,040","3,888","249.69K","-3.59%"
"2024/03/14","4,037","4,059","4,059","3,976","21.07K","-0.57%"
"2024/03/13","4,060","3,945","4,071","3,945","33.44K","2.22%"
"2024/03/12","3,972","3,953","4,085","3,940","79.62K","0.10%"
"2024/03/11","3,968","3,926","4,046","3,926","21.59K","-0.18%"
"2024/03/08","3,975","3,930","4,094","3,930","140.55K","1.15%"
"2024/03/07","3,930","3,888","3,985","3,888","442.28K","0.95%"
"2024/03/06","3,893","3,900","3,956","3,888","118.33K","0.08%"
"2024/03/05","3,890","3,949","3,949","3,888","56.06K","-0.26%"
"2024/03/04","3,900","3,959","3,959","3,888","92.87K","-0.51%"
"2024/03/01","3,920","3,974","3,974","3,901","175.37K","-0.51%"
"2024/02/29","3,940","4,045","4,045","3,911","150.32K","-1.43%"
"2024/02/28","3,997","4,062","4,062","3,970","47.07K","-0.89%"
"2024/02/27","4,033","4,099","4,099","3,990","65.37K","-1.10%"
"2024/02/26","4,078","4,122","4,153","3,975","69.26K","-1.07%"
"2024/02/23","4,122","4,199","4,199","4,051","19.10K","-1.97%"
"2024/02/22","4,205","4,126","4,205","4,023","78.14K","0.96%"
"2024/02/21","4,165","4,176","4,176","4,096","24.68K","2.16%"
"2024/02/20","4,077","4,101","4,132","3,989","92.16K","-1.74%"
"2024/02/19","4,149","4,151","4,190","4,124","70.28K","-0.79%"
"2024/02/16","4,182","4,230","4,231","4,150","21.59K","-0.43%"
"2024/02/15","4,200","4,155","4,252","4,155","58.19K","-0.21%"
"2024/02/14","4,209","4,174","4,210","4,100","36.48K","0.94%"
"2024/02/13","4,170","4,011","4,199","4,011","58.49K","1.71%"
"2024/02/12","4,100","4,087","4,182","3,990","68.06K","-1.42%"
"2024/02/09","4,159","4,149","4,217","3,900","107.71K","1.46%"
"2024/02/08","4,099","4,100","4,125","4,004","70.76K","0.94%"
"2024/02/07","4,061","4,077","4,150","4,033","132.17K","-1.46%"
"2024/02/06","4,121","4,092","4,145","4,001","47.16K","-0.65%"
"2024/02/05","4,148","4,205","4,205","4,091","29.94K","-1.12%"
"2024/02/02","4,195","4,091","4,206","4,091","23.51K","0.91%"
"2024/02/01","4,157","4,240","4,332","4,114","98.37K","-1.96%"
"2024/01/31","4,240","4,223","4,326","4,135","105.89K","0.40%"
"2024/01/30","4,223","3,920","4,232","3,920","173.76K","4.22%"
"2024/01/29","4,052","4,072","4,072","4,018","6.60K","-0.52%"
"2024/01/26","4,073","3,999","4,082","3,900","60.67K","0.64%"
"2024/01/25","4,047","4,074","4,074","3,942","15.99K","1.18%"
"2024/01/24","4,000","3,917","4,019","3,903","34.04K","1.24%"
"2024/01/23","3,951","3,968","3,968","3,870","233.48K","0.66%"
"2024/01/22","3,925","4,125","4,125","3,907","95.75K","-3.56%"
"2024/01/19","4,070","4,127","4,140","3,930","84.41K","-0.15%"
"2024/01/18","4,076","3,961","4,106","3,961","101.70K","3.93%"
"2024/01/17","3,922","3,980","3,980","3,859","61.84K","-0.73%"
"2024/01/16","3,951","3,810","4,090","3,805","120.01K","3.43%"
"2024/01/15","3,820","3,811","3,928","3,807","76.43K","-2.55%"
"2024/01/12","3,920","3,970","4,033","3,850","134.94K","0.46%"
"2024/01/11","3,902","4,037","4,037","3,857","21.68K","-0.08%"
"2024/01/10","3,905","4,027","4,027","3,873","26.84K","-2.38%"
"2024/01/09","4,000","3,909","4,050","3,810","173.30K","2.35%"
"2024/01/08","3,908","4,005","4,092","3,908","58.69K","-3.27%"
"2024/01/05","4,040","4,023","4,067","4,008","35.25K","-0.17%"
"2024/01/04","4,047","4,110","4,110","4,031","53.93K","-0.07%"
"2024/01/03","4,050","4,137","4,137","3,978","49.17K","1.66%"
"2024/01/02","3,984","4,100","4,140","3,977","55.57K","-2.83%"
"2023/12/29","4,100","4,125","4,150","4,050","172.95K","-1.23%"
"2023/12/28","4,151","4,170","4,200","4,136","51.22K","-1.17%"
"2023/12/27","4,200","4,230","4,231","4,166","178.66K","-0.73%"
"2023/12/22","4,231","4,247","4,283","4,187","110.11K","0.26%"
"2023/12/21","4,220","4,199","4,231","4,127","188.38K","1.05%"
"2023/12/20","4,176","4,189","4,237","4,103","394.39K","-1.30%"
"2023/12/19","4,231","4,129","4,330","4,098","772.66K","3.20%"
"2023/12/18","4,100","4,064","4,128","3,945","381.47K","0.89%"
"2023/12/14","4,064","4,035","4,071","4,008","137.87K","1.20%"
"2023/12/13","4,016","4,063","4,063","3,967","113.38K","1.08%"
"2023/12/12","3,973","4,060","4,080","3,957","50.92K","-1.29%"
"2023/12/11","4,025","3,933","4,050","3,903","139.15K","1.31%"
"2023/12/08","3,973","4,040","4,040","3,900","302.96K","-0.68%"
"2023/12/07","4,000","3,911","4,069","3,911","39.80K","-0.12%"
"2023/12/06","4,005","3,976","4,074","3,976","59.28K","-1.11%"
"2023/12/05","4,050","3,938","4,100","3,938","199.29K","1.10%"
"2023/12/04","4,006","4,044","4,112","4,006","105.89K","0.05%"
"2023/12/01","4,004","4,147","4,147","3,900","97.53K","0.35%"
"2023/11/30","3,990","3,980","4,099","3,980","264.48K","-0.82%"
"2023/11/29","4,023","4,030","4,107","3,971","53.76K","-0.17%"
"2023/11/28","4,030","4,080","4,137","3,936","411.78K","-0.64%"
"2023/11/27","4,056","4,156","4,211","4,011","536.06K","-1.07%"
"2023/11/24","4,100","4,081","4,140","4,081","187.86K","0.49%"
"2023/11/23","4,080","4,014","4,125","4,014","50.62K","0.74%"
"2023/11/22","4,050","3,986","4,066","3,901","111.85K","3.85%"
"2023/11/21","3,900","3,901","4,004","3,900","319.90K","-1.29%"
"2023/11/20","3,951","4,007","4,007","3,884","64.44K","-0.20%"
"2023/11/17","3,959","3,941","3,975","3,900","162.40K","1.98%"
"2023/11/16","3,882","3,919","3,981","3,860","353.44K","-0.46%"
"2023/11/15","3,900","4,077","4,095","3,900","285.61K","-3.70%"
"2023/11/14","4,050","3,952","4,069","3,875","138.78K","4.25%"
"2023/11/13","3,885","3,904","3,954","3,885","32.20K","-0.49%"
"2023/11/10","3,904","3,876","3,920","3,850","58.14K","0.10%"
"2023/11/09","3,900","3,868","3,933","3,844","134.64K","0.15%"
"2023/11/08","3,894","3,870","3,943","3,830","85.81K","1.94%"
"2023/11/07","3,820","3,785","3,847","3,785","30.14K","-0.18%"
"2023/11/06","3,827","3,823","3,909","3,730","413.06K","2.05%"
"2023/11/03","3,750","3,752","3,820","3,661","508.82K","0.00%"
"2023/11/02","3,750","3,839","3,839","3,694","386.46K","-0.66%"
"2023/11/01","3,775","3,800","3,840","3,735","189.04K","0.67%"
"2023/10/31","3,750","3,922","3,973","3,750","134.57K","-4.48%"
"2023/10/30","3,926","3,894","4,007","3,891","165.76K","0.54%"
"2023/10/27","3,905","3,899","4,007","3,892","90.30K","0.36%"
"2023/10/26","3,891","3,870","3,925","3,856","53.93K","0.54%"
"2023/10/25","3,870","3,898","3,898","3,855","121.09K","-0.79%"
"2023/10/24","3,901","3,972","4,024","3,857","194.26K","-2.48%"
"2023/10/23","4,000","3,897","4,026","3,814","336.84K","3.52%"
"2023/10/20","3,864","4,010","4,060","3,864","184.32K","-5.48%"
"2023/10/19","4,088","4,206","4,206","4,088","55.74K","-1.18%"
"2023/10/18","4,137","4,160","4,206","4,115","830.10K","-0.10%"
"2023/10/17","4,141","4,190","4,211","4,112","114.39K","-0.74%"
"2023/10/16","4,172","4,033","4,210","4,033","84.79K","-0.67%"
"2023/10/13","4,200","4,209","4,214","4,161","122.73K","0.36%"
"2023/10/12","4,185","4,117","4,220","4,117","179.65K","-0.59%"
"2023/10/11","4,210","4,200","4,220","4,163","183.45K","0.62%"
"2023/10/10","4,184","4,097","4,220","4,094","311.60K","2.98%"
"2023/10/09","4,063","4,161","4,161","4,016","223.91K","-2.12%"
"2023/10/06","4,151","4,118","4,236","4,025","336.72K","1.92%"
"2023/10/05","4,073","4,124","4,192","4,051","111.02K","1.77%"
"2023/10/04","4,002","3,976","4,057","3,976","108.71K","0.05%"
"2023/10/03","4,000","4,074","4,100","4,000","270.80K","-1.89%"
"2023/10/02","4,077","4,190","4,190","4,001","111.73K","-2.53%"
"2023/09/29","4,183","4,043","4,189","4,011","118.73K","3.51%"
"2023/09/28","4,041","4,043","4,043","3,950","124.13K","0.92%"
"2023/09/27","4,004","4,000","4,042","3,891","342.75K","-3.00%"
"2023/09/26","4,128","4,220","4,257","3,935","129.86K","-2.13%"
"2023/09/22","4,218","4,223","4,284","4,218","93.89K","0.45%"
"2023/09/21","4,199","4,227","4,252","4,095","117.30K","-0.14%"
"2023/09/20","4,205","4,251","4,290","4,186","449.02K","0.12%"
"2023/09/19","4,200","4,100","4,290","4,058","444.47K","2.49%"
"2023/09/18","4,098","3,950","4,141","3,950","219.91K","3.75%"
"2023/09/15","3,950","3,948","4,034","3,900","354.49K","1.33%"
"2023/09/14","3,898","3,959","4,049","3,896","82.89K","-0.33%"
"2023/09/13","3,911","3,968","3,968","3,875","100.00K","0.31%"
"2023/09/12","3,899","3,900","3,990","3,866","152.47K","-0.03%"
"2023/09/11","3,900","3,671","3,950","3,671","208.07K","6.82%"
"2023/09/08","3,651","3,764","3,769","3,606","79.14K","-1.62%"
"2023/09/07","3,711","3,750","3,765","3,700","84.43K","-1.07%"
"2023/09/06","3,751","3,750","3,815","3,670","197.79K","0.29%"
"2023/09/05","3,740","3,659","3,750","3,600","99.20K","3.31%"
"2023/09/04","3,620","3,551","3,787","3,533","44.37K","0.64%"
"2023/09/01","3,597","3,727","3,727","3,562","92.79K","-2.68%"
"2023/08/31","3,696","3,524","3,760","3,511","89.22K","0.79%"
"2023/08/30","3,667","3,750","3,750","3,667","53.33K","-1.45%"
"2023/08/29","3,721","3,665","3,735","3,665","121.18K","0.19%"
"2023/08/28","3,714","3,694","3,769","3,680","79.44K","1.87%"
"2023/08/25","3,646","3,652","3,696","3,622","75.70K","1.22%"
"2023/08/24","3,602","3,560","3,690","3,527","103.55K","1.87%"
"2023/08/23","3,536","3,502","3,596","3,498","123.32K","0.86%"
"2023/08/22","3,506","3,501","3,664","3,500","147.63K","-1.88%"
"2023/08/21","3,573","3,507","3,600","3,500","46.82K","2.09%"
"2023/08/18","3,500","3,513","3,540","3,492","193.92K","-0.37%"
"2023/08/17","3,513","3,553","3,583","3,499","115.80K","-0.06%"
"2023/08/16","3,515","3,390","3,549","3,390","137.55K","3.96%"
"2023/08/15","3,381","3,443","3,450","3,381","399.60K","-2.28%"
"2023/08/14","3,460","3,507","3,507","3,444","65.70K","-0.29%"
"2023/08/11","3,470","3,530","3,530","3,437","63.64K","-1.81%"
"2023/08/10","3,534","3,655","3,655","3,477","135.18K","-1.92%"
"2023/08/08","3,603","3,549","3,642","3,502","191.31K","2.53%"
"2023/08/07","3,514","3,443","3,514","3,443","81.15K","1.86%"
"2023/08/04","3,450","3,446","3,495","3,443","245.11K","-1.40%"
"2023/08/03","3,499","3,443","3,530","3,401","190.63K","1.13%"
"2023/08/02","3,460","3,544","3,554","3,420","564.58K","-1.87%"
"2023/08/01","3,526","3,589","3,589","3,513","276.16K","-0.48%"
"2023/07/31","3,543","3,565","3,584","3,510","80.56K","-0.20%"
"2023/07/28","3,550","3,470","3,568","3,470","60.07K","0.28%"
"2023/07/27","3,540","3,546","3,590","3,494","75.14K","1.43%"
"2023/07/26","3,490","3,514","3,536","3,448","129.53K","-0.57%"
"2023/07/25","3,510","3,479","3,540","3,446","172.90K","1.95%"
"2023/07/24","3,443","3,484","3,484","3,430","205.94K","-0.20%"
"2023/07/21","3,450","3,422","3,475","3,390","62.82K","2.07%"
"2023/07/20","3,380","3,396","3,400","3,350","31.10K","0.09%"
"2023/07/19","3,377","3,290","3,420","3,274","140.47K","2.24%"
"2023/07/18","3,303","3,350","3,350","3,200","165.25K","-0.66%"
"2023/07/17","3,325","3,469","3,469","3,300","67.28K","-0.30%"
"2023/07/14","3,335","3,389","3,416","3,300","67.78K","-1.85%"
"2023/07/13","3,398","3,369","3,459","3,350","143.38K","1.89%"
"2023/07/12","3,335","3,335","3,380","3,303","26.59K","0.85%"
"2023/07/11","3,307","3,256","3,419","3,256","120.81K","0.79%"
"2023/07/10","3,281","3,336","3,367","3,256","115.28K","-2.58%"
"2023/07/07","3,368","3,280","3,483","3,263","196.99K","3.57%"
"2023/07/06","3,252","3,350","3,358","3,252","188.80K","-2.17%"
"2023/07/05","3,324","3,343","3,349","3,255","95.16K","0.76%"
"2023/07/04","3,299","3,273","3,311","3,195","163.81K","1.32%"
"2023/07/03","3,256","3,382","3,459","3,256","181.59K","-5.05%"
"2023/06/30","3,429","3,539","3,539","3,343","260.93K","-1.32%"
"2023/06/29","3,475","3,451","3,528","3,444","220.93K","-0.03%"
"2023/06/28","3,476","3,469","3,547","3,414","283.07K","1.91%"
"2023/06/27","3,411","3,390","3,520","3,309","368.33K","-0.61%"
"2023/06/26","3,432","3,570","3,582","3,393","169.28K","-4.24%"
"2023/06/23","3,584","3,800","3,800","3,490","174.38K","-2.34%"
"2023/06/22","3,670","3,714","3,714","3,622","52.62K","-1.18%"
"2023/06/21","3,714","3,710","3,718","3,627","129.26K","-0.16%"
"2023/06/20","3,720","3,896","3,896","3,706","141.85K","-3.73%"
"2023/06/19","3,864","3,710","3,871","3,708","181.72K","4.07%"
"2023/06/15","3,713","3,860","3,869","3,713","800.45K","-3.81%"
"2023/06/14","3,860","3,900","3,900","3,847","50.49K","-0.13%"
"2023/06/13","3,865","3,875","3,904","3,807","316.54K","-0.26%"
"2023/06/12","3,875","3,850","3,925","3,817","71.83K","-0.64%"
"2023/06/09","3,900","3,900","3,921","3,864","158.51K","0.03%"
"2023/06/08","3,899","3,897","3,945","3,871","171.18K","-0.33%"
"2023/06/07","3,912","3,944","3,944","3,745","200.04K","0.69%"
"2023/06/06","3,885","3,826","3,955","3,799","285.13K","2.02%"
"2023/06/05","3,808","3,847","3,847","3,733","70.06K","0.45%"
"2023/06/02","3,791","3,600","3,838","3,600","47.24K","0.00%"
"2023/06/01","3,791","3,724","3,799","3,711","112.97K","2.02%"
"2023/05/31","3,716","3,658","3,791","3,577","154.73K","1.81%"
"2023/05/30","3,650","3,752","3,815","3,643","69.26K","-3.80%"
"2023/05/29","3,794","3,743","3,844","3,740","103.05K","0.03%"
"2023/05/26","3,793","3,890","3,890","3,750","77.01K","-2.47%"
"2023/05/25","3,889","3,964","3,964","3,805","133.61K","0.80%"
"2023/05/24","3,858","3,964","3,965","3,811","194.85K","-1.91%"
"2023/05/23","3,933","3,873","3,966","3,873","224.32K","0.08%"
"2023/05/22","3,930","3,767","3,958","3,767","156.11K","2.72%"
"2023/05/19","3,826","3,683","3,829","3,681","228.93K","3.88%"
"2023/05/18","3,683","3,721","3,725","3,642","209.77K","-1.52%"
"2023/05/17","3,740","3,805","3,828","3,717","138.91K","-2.78%"
"2023/05/16","3,847","3,724","3,868","3,713","427.69K","3.30%"
"2023/05/15","3,724","3,701","3,724","3,520","436.61K","0.68%"
"2023/05/12","3,699","3,844","3,846","3,587","320.26K","-4.05%"
"2023/05/11","3,855","3,851","3,869","3,835","246.87K","0.52%"
"2023/05/10","3,835","4,034","4,034","3,835","114.06K","-5.31%"
"2023/05/09","4,050","4,000","4,080","4,000","258.89K","-0.22%"
"2023/05/08","4,059","4,120","4,120","4,056","62.84K","-1.48%"
"2023/05/05","4,120","4,107","4,133","4,000","149.96K","1.83%"
"2023/05/04","4,046","4,115","4,135","4,007","269.24K","-1.37%"
"2023/05/03","4,102","4,015","4,109","4,011","383.51K","1.43%"
"2023/05/02","4,044","4,036","4,110","4,025","163.25K","-1.37%"
"2023/04/28","4,100","4,042","4,119","3,993","271.88K","0.29%"
"2023/04/26","4,088","4,110","4,110","3,998","334.26K","-1.11%"
"2023/04/25","4,134","4,155","4,216","4,103","420.82K","-1.10%"
"2023/04/24","4,180","4,090","4,229","4,090","361.08K","0.48%"
"2023/04/21","4,160","4,229","4,254","4,127","471.41K","-1.63%"
"2023/04/20","4,229","4,151","4,247","4,151","507.75K","-0.14%"
"2023/04/19","4,235","4,199","4,336","4,191","861.47K","0.83%"
"2023/04/18","4,200","4,102","4,271","4,102","569.20K","0.36%"
"2023/04/17","4,185","4,229","4,233","4,148","127.39K","-1.04%"
"2023/04/14","4,229","4,130","4,268","4,130","1.09M","2.27%"
"2023/04/13","4,135","4,250","4,250","4,114","292.05K","-2.93%"
"2023/04/12","4,260","4,302","4,383","4,234","378.01K","-1.73%"
"2023/04/11","4,335","4,260","4,437","4,260","360.76K","-0.12%"
"2023/04/06","4,340","4,500","4,500","4,300","613.96K","-2.03%"
"2023/04/05","4,430","4,420","4,500","4,400","550.91K","0.00%"
"2023/04/04","4,430","4,400","4,468","4,385","425.09K","2.52%"
"2023/04/03","4,321","4,250","4,529","4,250","542.11K","0.49%"
"2023/03/31","4,300","4,200","4,300","4,075","1.13M","3.27%"
"2023/03/30","4,164","4,090","4,173","4,064","960.67K","1.81%"
"2023/03/29","4,090","4,010","4,130","3,980","893.90K","-1.21%"
"2023/03/28","4,140","4,000","4,289","3,999","909.82K","3.94%"
"2023/03/27","3,983","4,040","4,083","3,982","85.08K","-1.41%"
"2023/03/24","4,040","3,890","4,121","3,828","956.30K","4.18%"
"2023/03/23","3,878","3,875","3,880","3,757","453.25K","0.36%"
"2023/03/22","3,864","3,865","3,914","3,700","824.33K","-0.03%"
"2023/03/20","3,865","3,865","3,906","3,642","452.10K","0.13%"
"2023/03/17","3,860","3,705","3,890","3,616","486.88K","6.22%"
"2023/03/16","3,634","3,600","3,690","3,600","257.60K","0.25%"
"2023/03/15","3,625","3,663","3,730","3,600","278.23K","0.69%"
"2023/03/14","3,600","3,475","3,690","3,440","873.43K","4.65%"
"2023/03/13","3,440","3,379","3,555","3,357","207.66K","3.96%"
"2023/03/10","3,309","3,330","3,400","3,230","96.56K","-1.78%"
"2023/03/09","3,369","3,304","3,465","3,304","145.57K","0.18%"
"2023/03/08","3,363","3,388","3,453","3,302","142.10K","-2.38%"
"2023/03/07","3,445","3,443","3,600","3,420","78.70K","1.86%"
"2023/03/06","3,382","3,500","3,586","3,380","210.28K","-2.48%"
"2023/03/03","3,468","3,390","3,585","3,325","314.28K","4.30%"
"2023/03/02","3,325","3,321","3,400","3,319","99.21K","-1.80%"
"2023/03/01","3,386","3,500","3,500","3,337","72.79K","0.27%"
"2023/02/28","3,377","3,351","3,449","3,336","100.10K","0.69%"
"2023/02/27","3,354","3,494","3,494","3,354","23.64K","-3.15%"
"2023/02/24","3,463","3,400","3,605","3,399","54.43K","0.03%"
"2023/02/23","3,462","3,423","3,625","3,386","57.43K","1.82%"
"2023/02/22","3,400","3,400","3,407","3,365","151.53K","0.00%"
"2023/02/21","3,400","3,332","3,428","3,332","37.26K","0.80%"
"2023/02/20","3,373","3,300","3,386","3,300","90.90K","0.93%"
"2023/02/17","3,342","3,485","3,485","3,276","78.19K","-0.24%"
"2023/02/16","3,350","3,291","3,402","3,291","37.62K","0.00%"
"2023/02/15","3,350","3,450","3,450","3,300","57.10K","1.15%"
"2023/02/14","3,312","3,232","3,485","3,200","124.29K","2.32%"
"2023/02/13","3,237","3,350","3,355","3,237","65.92K","-2.18%"
"2023/02/10","3,309","3,396","3,396","3,200","138.65K","-2.56%"
"2023/02/09","3,396","3,421","3,438","3,319","394.29K","-0.73%"
"2023/02/08","3,421","3,300","3,455","3,278","758.96K","3.26%"
"2023/02/07","3,313","3,380","3,399","3,225","189.41K","-1.40%"
"2023/02/06","3,360","3,503","3,503","3,331","378.43K","-3.11%"
"2023/02/03","3,468","3,418","3,500","3,310","175.31K","1.11%"
"2023/02/02","3,430","3,467","3,509","3,407","29.24K","-0.58%"
"2023/02/01","3,450","3,402","3,517","3,402","83.91K","1.20%"
"2023/01/31","3,409","3,517","3,644","3,409","805.34K","-3.73%"
"2023/01/30","3,541","3,546","3,604","3,541","21.63K","-0.14%"
"2023/01/27","3,546","3,547","3,693","3,546","13.86K","-1.50%"
"2023/01/26","3,600","3,539","3,625","3,539","37.71K","2.10%"
"2023/01/25","3,526","3,504","3,662","3,504","65.37K","-1.29%"
"2023/01/24","3,572","3,521","3,696","3,520","154.12K","-0.78%"
"2023/01/23","3,600","3,558","3,695","3,558","64.57K","1.29%"
"2023/01/20","3,554","3,543","3,695","3,530","69.47K","0.54%"
"2023/01/19","3,535","3,520","3,539","3,519","50.93K","-0.06%"
"2023/01/18","3,537","3,602","3,650","3,523","2.99K","0.17%"
"2023/01/17","3,531","3,580","3,701","3,515","167.36K","-1.56%"
"2023/01/16","3,587","3,435","3,587","3,425","24.92K","2.43%"
"2023/01/13","3,502","3,415","3,598","3,415","64.71K","1.42%"
"2023/01/12","3,453","3,550","3,550","3,393","60.87K","-2.07%"
"2023/01/11","3,526","3,571","3,610","3,526","51.61K","-3.92%"
"2023/01/10","3,670","3,700","3,700","3,570","57.22K","-0.76%"
"2023/01/09","3,698","3,740","3,747","3,609","72.70K","0.57%"
"2023/01/06","3,677","3,747","3,747","3,527","153.08K","-1.26%"
"2023/01/05","3,724","3,625","3,754","3,572","103.38K","2.73%"
"2023/01/04","3,625","3,430","3,665","3,427","83.71K","1.26%"
"2023/01/03","3,580","3,457","3,589","3,417","26.18K","3.50%"
"2022/12/30","3,459","3,519","3,567","3,459","16.97K","-1.87%"
"2022/12/29","3,525","3,620","3,620","3,496","21.17K","-2.08%"
"2022/12/28","3,600","3,535","3,665","3,535","29.44K","0.00%"
"2022/12/23","3,600","3,662","3,662","3,530","160.28K","-1.72%"
"2022/12/22","3,663","3,645","3,758","3,635","64.24K","0.14%"
"2022/12/21","3,658","3,600","3,658","3,600","51.32K","1.58%"
"2022/12/20","3,601","3,510","3,620","3,510","71.63K","0.03%"
"2022/12/19","3,600","3,616","3,637","3,557","148.75K","-0.44%"
"2022/12/15","3,616","3,624","3,624","3,559","202.66K","1.01%"
"2022/12/14","3,580","3,562","3,665","3,552","256.92K","-1.24%"
"2022/12/13","3,625","3,552","3,626","3,542","158.31K","1.85%"
"2022/12/12","3,559","3,610","3,610","3,491","37.24K","-1.41%"
"2022/12/09","3,610","3,608","3,642","3,578","136.98K","0.00%"
"2022/12/08","3,610","3,590","3,661","3,516","70.37K","1.12%"
"2022/12/07","3,570","3,590","3,590","3,491","38.41K","0.85%"
"2022/12/06","3,540","3,611","3,611","3,482","97.70K","-1.97%"
"2022/12/05","3,611","3,555","3,616","3,520","286.81K","1.83%"
"2022/12/02","3,546","3,477","3,559","3,390","123.65K","1.58%"
"2022/12/01","3,491","3,630","3,630","3,446","191.70K","-2.59%"
"2022/11/30","3,584","3,630","3,639","3,565","298.20K","-1.13%"
"2022/11/29","3,625","3,580","3,698","3,580","191.68K","1.26%"
"2022/11/28","3,580","3,665","3,699","3,580","94.95K","-4.20%"
"2022/11/25","3,737","3,591","3,737","3,548","137.24K","5.27%"
"2022/11/24","3,550","3,481","3,589","3,481","74.26K","1.14%"
"2022/11/23","3,510","3,451","3,545","3,424","386.40K","3.20%"
"2022/11/22","3,401","3,500","3,504","3,401","209.92K","-2.55%"
"2022/11/21","3,490","3,521","3,575","3,472","87.56K","-0.68%"
"2022/11/18","3,514","3,351","3,546","3,351","157.50K","2.60%"
"2022/11/17","3,425","3,402","3,440","3,354","115.58K","0.71%"
"2022/11/16","3,401","3,451","3,501","3,401","93.89K","-1.48%"
"2022/11/15","3,452","3,468","3,497","3,450","180.26K","-1.48%"
"2022/11/14","3,504","3,620","3,620","3,500","157.60K","-0.62%"
"2022/11/11","3,526","3,462","3,559","3,453","306.51K","1.91%"
"2022/11/10","3,460","3,475","3,521","3,450","158.63K","-0.32%"
"2022/11/09","3,471","3,560","3,560","3,437","173.70K","-2.47%"
"2022/11/08","3,559","3,450","3,623","3,353","180.64K","3.73%"
"2022/11/07","3,431","3,200","3,450","3,200","121.63K","7.22%"
"2022/11/04","3,200","3,214","3,214","3,145","76.42K","0.47%"
"2022/11/03","3,185","3,200","3,261","3,127","23.26K","-1.48%"
"2022/11/02","3,233","3,226","3,267","3,140","72.23K","-0.52%"
"2022/11/01","3,250","3,292","3,358","3,243","137.68K","-1.81%"
"2022/10/31","3,310","3,113","3,359","3,100","752.62K","4.38%"
"2022/10/28","3,171","3,150","3,200","3,135","99.82K","0.67%"
"2022/10/27","3,150","3,200","3,299","3,150","104.14K","-0.57%"
"2022/10/26","3,168","3,041","3,270","2,976","79.81K","2.39%"
"2022/10/25","3,094","3,109","3,147","3,025","375.56K","2.11%"
"2022/10/24","3,030","3,000","3,093","3,000","91.35K","1.00%"
"2022/10/21","3,000","2,951","3,089","2,951","140.49K","-1.64%"
"2022/10/20","3,050","2,992","3,125","2,850","201.39K","2.73%"
"2022/10/19","2,969","2,883","2,979","2,776","363.43K","4.18%"
"2022/10/18","2,850","2,915","2,939","2,795","321.27K","-2.06%"
"2022/10/17","2,910","2,746","2,915","2,731","114.89K","4.68%"
"2022/10/14","2,780","2,760","2,852","2,733","171.19K","0.43%"
"2022/10/13","2,768","2,760","2,768","2,675","99.78K","1.13%"
"2022/10/12","2,737","2,807","2,807","2,737","224.78K","-2.22%"
"2022/10/11","2,799","2,776","2,857","2,744","60.48K","-0.04%"
"2022/10/10","2,800","2,825","2,854","2,775","51.04K","-1.27%"
"2022/10/07","2,836","2,900","2,900","2,825","101.58K","-2.31%"
"2022/10/06","2,903","2,925","2,925","2,884","111.57K","-0.75%"
"2022/10/05","2,925","2,974","2,993","2,900","41.79K","-1.12%"
"2022/10/04","2,958","2,822","3,035","2,790","193.62K","5.08%"
"2022/10/03","2,815","2,780","2,892","2,780","52.04K","0.50%"
"2022/09/30","2,801","2,916","2,964","2,750","137.50K","-1.72%"
"2022/09/29","2,850","3,000","3,000","2,800","77.89K","-4.55%"
"2022/09/28","2,986","3,035","3,036","2,901","63.61K","-1.65%"
"2022/09/27","3,036","3,120","3,120","3,000","254.21K","0.43%"
"2022/09/26","3,023","3,200","3,200","2,976","59.45K","-3.73%"
"2022/09/23","3,140","3,232","3,232","3,076","105.70K","-2.85%"
"2022/09/22","3,232","3,187","3,232","3,136","128.47K","1.67%"
"2022/09/21","3,179","3,217","3,217","3,109","24.94K","2.15%"
"2022/09/20","3,112","3,124","3,220","3,054","247.74K","0.23%"
"2022/09/19","3,105","3,194","3,194","3,070","308.22K","-0.16%"
"2022/09/16","3,110","3,117","3,130","3,071","239.02K","-0.86%"
"2022/09/15","3,137","3,099","3,170","3,051","120.45K","1.85%"
"2022/09/14","3,080","3,110","3,125","2,997","43.93K","-1.91%"
"2022/09/13","3,140","3,089","3,200","3,000","201.21K","0.00%"
"2022/09/12","3,140","3,085","3,207","3,085","25.76K","0.13%"
"2022/09/09","3,136","3,218","3,230","3,136","145.82K","-2.61%"
"2022/09/08","3,220","3,140","3,220","3,121","101.86K","2.32%"
"2022/09/07","3,147","3,194","3,194","3,113","51.14K","-1.04%"
"2022/09/06","3,180","3,090","3,200","3,089","104.25K","1.34%"
"2022/09/05","3,138","3,170","3,199","3,084","63.77K","-1.88%"
"2022/09/02","3,198","3,170","3,249","3,170","49.02K","-1.27%"
"2022/09/01","3,239","3,293","3,293","3,200","61.37K","-1.10%"
"2022/08/31","3,275","3,293","3,293","3,226","133.29K","-0.15%"
"2022/08/30","3,280","3,121","3,390","3,121","286.30K","5.09%"
"2022/08/29","3,121","3,059","3,199","3,008","81.42K","1.00%"
"2022/08/26","3,090","3,117","3,119","3,010","115.09K","1.05%"
"2022/08/25","3,058","3,106","3,185","3,012","63.88K","-3.99%"
"2022/08/24","3,185","3,030","3,228","3,026","148.52K","5.46%"
"2022/08/23","3,020","3,000","3,067","3,000","185.35K","0.83%"
"2022/08/22","2,995","2,928","3,039","2,882","135.00K","2.67%"
"2022/08/19","2,917","2,930","2,930","2,840","177.04K","0.55%"
"2022/08/18","2,901","2,929","2,930","2,880","114.30K","0.38%"
"2022/08/17","2,890","2,783","2,929","2,783","201.02K","2.48%"
"2022/08/16","2,820","2,802","2,850","2,786","87.61K","0.89%"
"2022/08/15","2,795","2,748","2,849","2,748","23.93K","-0.18%"
"2022/08/12","2,800","2,737","2,849","2,737","115.32K","1.93%"
"2022/08/11","2,747","2,688","2,780","2,688","155.03K","0.96%"
"2022/08/10","2,721","2,760","2,780","2,601","78.66K","-1.05%"
"2022/08/08","2,750","2,743","2,785","2,678","146.47K","1.93%"
"2022/08/05","2,698","2,665","2,790","2,665","156.00K","1.24%"
"2022/08/04","2,665","2,776","2,786","2,665","360.52K","-3.96%"
"2022/08/03","2,775","2,701","2,807","2,675","37.07K","2.66%"
"2022/08/02","2,703","2,803","2,803","2,703","102.59K","-3.50%"
"2022/08/01","2,801","2,800","2,810","2,750","36.89K","0.90%"
"2022/07/29","2,776","2,850","2,850","2,776","56.22K","-2.25%"
"2022/07/28","2,840","2,850","2,929","2,840","41.35K","-0.70%"
"2022/07/27","2,860","2,907","2,941","2,860","233.37K","-1.92%"
"2022/07/26","2,916","2,928","2,960","2,890","94.17K","-0.38%"
"2022/07/25","2,927","2,912","2,980","2,912","36.87K","0.38%"
"2022/07/22","2,916","3,002","3,002","2,916","83.90K","-2.05%"
"2022/07/21","2,977","3,023","3,023","2,940","24.11K","-0.77%"
"2022/07/20","3,000","3,010","3,048","2,994","35.86K","-0.33%"
"2022/07/19","3,010","3,075","3,086","3,010","64.61K","0.47%"
"2022/07/18","2,996","2,865","3,050","2,865","161.43K","5.68%"
"2022/07/15","2,835","2,911","2,950","2,835","107.36K","-0.87%"
"2022/07/14","2,860","2,860","2,909","2,834","202.13K","0.00%"
"2022/07/13","2,860","2,797","2,880","2,797","70.68K","2.44%"
"2022/07/12","2,792","2,816","2,926","2,750","76.99K","-0.85%"
"2022/07/11","2,816","2,816","2,901","2,801","35.64K","-2.93%"
"2022/07/08","2,901","2,915","2,948","2,864","77.41K","1.33%"
"2022/07/07","2,863","2,811","2,900","2,781","56.56K","4.11%"
"2022/07/06","2,750","2,837","2,837","2,750","64.56K","-0.51%"
"2022/07/05","2,764","2,818","2,834","2,751","115.15K","-0.93%"
"2022/07/04","2,790","2,801","2,857","2,766","44.02K","1.09%"
"2022/07/01","2,760","2,900","2,931","2,751","115.35K","-4.07%"
"2022/06/30","2,877","3,000","3,000","2,836","191.52K","-4.10%"
"2022/06/29","3,000","2,983","3,000","2,937","230.44K","1.35%"
"2022/06/28","2,960","2,900","2,993","2,893","573.63K","3.90%"
"2022/06/27","2,849","2,828","2,894","2,818","95.38K","1.75%"
"2022/06/24","2,800","2,738","2,846","2,716","1.31M","3.55%"
"2022/06/23","2,704","2,699","2,729","2,666","130.00K","0.15%"
"2022/06/22","2,700","2,697","2,745","2,650","205.13K","-2.14%"
"2022/06/21","2,759","2,616","2,772","2,616","1.37M","2.95%"
"2022/06/20","2,680","2,686","2,722","2,655","69.02K","-0.22%"
"2022/06/17","2,686","2,700","2,746","2,655","576.47K","-3.21%"
"2022/06/15","2,775","2,700","2,815","2,601","392.20K","2.63%"
"2022/06/14","2,704","2,650","2,720","2,650","96.37K","0.15%"
"2022/06/13","2,700","2,775","2,775","2,669","179.88K","-3.05%"
"2022/06/10","2,785","2,852","2,887","2,785","131.64K","-3.77%"
"2022/06/09","2,894","3,000","3,015","2,853","56.33K","-1.93%"
"2022/06/08","2,951","2,953","3,000","2,925","94.93K","-2.06%"
"2022/06/07","3,013","2,990","3,090","2,900","455.50K","0.84%"
"2022/06/06","2,988","2,930","3,029","2,930","277.93K","0.78%"
"2022/06/03","2,965","2,930","3,039","2,930","269.51K","0.75%"
"2022/06/02","2,943","3,000","3,025","2,933","46.95K","-2.94%"
"2022/06/01","3,032","3,047","3,199","3,004","45.84K","-3.16%"
"2022/05/31","3,131","3,000","3,175","3,000","98.05K","3.27%"
"2022/05/30","3,032","3,025","3,102","3,025","187.82K","-0.82%"
"2022/05/27","3,057","3,057","3,115","3,050","471.49K","0.49%"
"2022/05/26","3,042","3,100","3,140","3,042","351.30K","-2.66%"
"2022/05/25","3,125","3,134","3,390","3,076","491.88K","-2.95%"
"2022/05/24","3,220","2,990","3,298","2,990","610.47K","7.69%"
"2022/05/23","2,990","2,780","3,042","2,780","156.65K","8.53%"
"2022/05/20","2,755","2,630","2,769","2,630","60.37K","4.67%"
"2022/05/19","2,632","2,650","2,810","2,625","119.62K","-0.60%"
"2022/05/18","2,648","2,730","2,730","2,648","125.84K","0.15%"
"2022/05/17","2,644","2,625","2,727","2,576","254.47K","1.69%"
"2022/05/16","2,600","2,560","2,600","2,502","276.85K","1.21%"
"2022/05/13","2,569","2,578","2,623","2,502","150.62K","2.72%"
"2022/05/12","2,501","2,526","2,580","2,501","65.57K","-2.34%"
"2022/05/11","2,561","2,600","2,605","2,532","111.52K","0.04%"
"2022/05/10","2,560","2,559","2,669","2,525","96.87K","0.39%"
"2022/05/09","2,550","2,705","2,705","2,547","289.28K","-3.48%"
"2022/05/06","2,642","2,640","2,645","2,550","267.08K","0.46%"
"2022/05/05","2,630","2,915","2,935","2,630","133.97K","-9.12%"
"2022/05/04","2,894","2,811","2,900","2,767","59.18K","0.66%"
"2022/05/03","2,875","2,880","2,880","2,789","35.83K","0.24%"
"2022/04/29","2,868","2,824","2,879","2,764","33.98K","2.65%"
"2022/04/28","2,794","2,824","2,850","2,794","29.67K","-1.06%"
"2022/04/26","2,824","2,720","2,878","2,705","55.27K","3.71%"
"2022/04/25","2,723","2,798","2,798","2,651","85.64K","-0.66%"
"2022/04/22","2,741","2,831","2,845","2,717","55.71K","-2.97%"
"2022/04/21","2,825","2,850","2,850","2,752","157.12K","1.04%"
"2022/04/20","2,796","2,944","2,944","2,796","42.23K","-2.41%"
"2022/04/19","2,865","2,961","2,961","2,860","26.77K","-3.60%"
"2022/04/14","2,972","3,000","3,012","2,936","77.89K","1.43%"
"2022/04/13","2,930","3,125","3,125","2,930","105.74K","-6.24%"
"2022/04/12","3,125","3,228","3,232","3,125","202.73K","-3.76%"
"2022/04/11","3,247","3,236","3,280","3,150","96.73K","1.47%"
"2022/04/08","3,200","3,100","3,350","3,093","294.16K","2.89%"
"2022/04/07","3,110","3,175","3,175","3,006","195.26K","0.97%"
"2022/04/06","3,080","2,859","3,159","2,859","341.09K","7.73%"
"2022/04/05","2,859","2,925","3,100","2,859","315.08K","-1.41%"
"2022/04/04","2,900","3,147","3,180","2,885","242.76K","-7.73%"
"2022/04/01","3,143","3,000","3,260","2,997","1.05M","4.87%"
"2022/03/31","2,997","2,773","2,997","2,773","859.62K","8.08%"
"2022/03/30","2,773","2,785","2,790","2,721","143.35K","1.99%"
"2022/03/29","2,719","2,600","2,760","2,600","2.77M","3.90%"
"2022/03/28","2,617","2,644","2,666","2,600","46.77K","0.65%"
"2022/03/25","2,600","2,600","2,699","2,550","66.40K","0.00%"
"2022/03/24","2,600","2,730","2,730","2,553","155.96K","-3.35%"
"2022/03/23","2,690","2,700","2,741","2,690","136.53K","0.37%"
"2022/03/22","2,680","2,634","2,699","2,595","108.32K","1.75%"
"2022/03/18","2,634","2,649","2,688","2,581","276.03K","0.92%"
"2022/03/17","2,610","2,680","2,754","2,600","304.18K","-1.25%"
"2022/03/16","2,643","2,579","2,664","2,579","138.20K","2.24%"
"2022/03/15","2,585","2,350","2,585","2,350","540.62K","9.58%"
"2022/03/14","2,359","2,375","2,400","2,301","658.80K","0.38%"
"2022/03/11","2,350","2,400","2,439","2,306","59.74K","-1.05%"
"2022/03/10","2,375","2,310","2,382","2,285","68.26K","3.71%"
"2022/03/09","2,290","2,160","2,438","2,155","262.90K","6.26%"
"2022/03/08","2,155","2,222","2,225","2,150","132.44K","-3.02%"
"2022/03/07","2,222","2,392","2,392","2,125","295.20K","-5.93%"
"2022/03/04","2,362","2,521","2,581","2,362","194.61K","-6.27%"
"2022/03/03","2,520","2,504","2,550","2,504","99.81K","-0.79%"
"2022/03/02","2,540","2,521","2,554","2,501","34.84K","1.20%"
"2022/03/01","2,510","2,583","2,583","2,501","32.06K","0.40%"
"2022/02/28","2,500","2,500","2,583","2,493","58.37K","-2.19%"
"2022/02/25","2,556","2,440","2,571","2,440","42.00K","3.02%"
"2022/02/24","2,481","2,425","2,496","2,391","114.17K","-0.32%"
"2022/02/23","2,489","2,480","2,528","2,480","28.00K","-1.27%"
"2022/02/22","2,521","2,458","2,524","2,400","34.01K","2.56%"
"2022/02/21","2,458","2,500","2,535","2,458","65.14K","-3.80%"
"2022/02/18","2,555","2,535","2,564","2,511","23.14K","-0.78%"
"2022/02/17","2,575","2,572","2,583","2,527","47.49K","-0.04%"
"2022/02/16","2,576","2,557","2,588","2,519","93.67K","2.83%"
"2022/02/15","2,505","2,499","2,650","2,495","178.47K","0.52%"
"2022/02/14","2,492","2,592","2,638","2,461","133.41K","-5.64%"
"2022/02/11","2,641","2,575","2,726","2,511","368.30K","1.34%"
"2022/02/10","2,606","2,611","2,714","2,606","72.67K","-1.51%"
"2022/02/09","2,646","2,715","2,715","2,606","72.83K","0.80%"
"2022/02/08","2,625","2,730","2,730","2,625","44.36K","-4.09%"
"2022/02/07","2,737","2,800","2,838","2,683","23.95K","-3.52%"
"2022/02/04","2,837","2,759","2,837","2,718","83.43K","2.83%"
"2022/02/03","2,759","2,753","2,798","2,711","31.35K","0.33%"
"2022/02/02","2,750","2,700","2,819","2,700","166.69K","-0.58%"
"2022/02/01","2,766","2,630","2,849","2,630","141.17K","2.83%"
"2022/01/31","2,690","2,570","2,745","2,559","86.37K","4.83%"
"2022/01/28","2,566","2,620","2,620","2,500","104.57K","0.63%"
"2022/01/27","2,550","2,600","2,643","2,501","102.92K","-1.96%"
"2022/01/26","2,601","2,593","2,624","2,590","66.01K","0.23%"
"2022/01/25","2,595","2,585","2,640","2,585","114.41K","0.39%"
"2022/01/24","2,585","2,644","2,654","2,585","69.68K","-2.23%"
"2022/01/21","2,644","2,665","2,683","2,600","74.61K","0.19%"
"2022/01/20","2,639","2,699","2,699","2,616","74.66K","0.53%"
"2022/01/19","2,625","2,637","2,708","2,570","97.84K","2.30%"
"2022/01/18","2,566","2,640","2,812","2,562","246.01K","-3.46%"
"2022/01/17","2,658","2,673","2,758","2,658","121.03K","-0.67%"
"2022/01/14","2,676","2,710","2,769","2,660","73.39K","-1.25%"
"2022/01/13","2,710","2,728","2,798","2,640","89.21K","-0.66%"
"2022/01/12","2,728","2,800","2,800","2,723","66.65K","-1.12%"
"2022/01/11","2,759","2,790","2,805","2,705","112.97K","2.19%"
"2022/01/10","2,700","2,775","2,854","2,700","63.21K","-5.26%"
"2022/01/07","2,850","2,803","2,850","2,776","38.14K","0.00%"
"2022/01/06","2,850","2,850","2,940","2,754","165.94K","3.22%"
"2022/01/05","2,761","2,900","2,902","2,752","66.73K","-3.66%"
"2022/01/04","2,866","2,925","2,989","2,866","94.30K","-1.24%"
"2022/01/03","2,902","2,957","2,957","2,869","65.29K","2.00%"
"2021/12/31","2,845","2,988","2,988","2,815","128.17K","0.74%"
"2021/12/30","2,824","3,025","3,025","2,818","41.81K","-3.55%"
"2021/12/29","2,928","2,751","2,963","2,751","68.48K","3.24%"
"2021/12/28","2,836","2,725","2,907","2,645","20.44K","4.07%"
"2021/12/24","2,725","2,817","2,817","2,663","7.41K","0.93%"
"2021/12/23","2,700","2,645","2,700","2,645","61.37K","2.04%"
"2021/12/22","2,646","2,700","2,700","2,640","93.96K","-0.53%"
"2021/12/21","2,660","2,635","2,689","2,626","231.53K","1.92%"
"2021/12/20","2,610","2,675","2,675","2,577","108.25K","-1.17%"
"2021/12/17","2,641","2,652","2,765","2,628","539.32K","-2.08%"
"2021/12/15","2,697","2,855","3,008","2,686","306.07K","-3.19%"
"2021/12/14","2,786","2,840","2,856","2,671","1.07M","0.22%"
"2021/12/13","2,780","2,850","2,850","2,710","90.60K","2.70%"
"2021/12/10","2,707","2,509","2,768","2,509","350.57K","2.69%"
"2021/12/09","2,636","2,629","2,679","2,588","174.35K","-2.08%"
"2021/12/08","2,692","2,768","2,816","2,670","171.15K","-1.93%"
"2021/12/07","2,745","2,737","2,794","2,617","350.69K","7.94%"
"2021/12/06","2,543","2,596","2,596","2,528","488.45K","-2.00%"
"2021/12/03","2,595","2,477","2,598","2,461","262.18K","1.76%"
"2021/12/02","2,550","2,543","2,740","2,496","370.52K","0.39%"
"2021/12/01","2,540","2,500","2,608","2,500","333.47K","-0.39%"
"2021/11/30","2,550","2,535","2,692","2,433","437.21K","-1.92%"
"2021/11/29","2,600","2,326","2,649","2,326","284.53K","12.55%"
"2021/11/26","2,310","2,370","2,384","2,039","669.59K","-7.45%"
"2021/11/25","2,496","2,399","2,750","2,350","51.09K","1.05%"
"2021/11/24","2,470","2,449","2,529","2,350","234.78K","-2.37%"
"2021/11/23","2,530","2,531","2,531","2,460","348.76K","0.08%"
"2021/11/22","2,528","2,722","2,722","2,452","131.16K","0.32%"
"2021/11/19","2,520","2,750","2,750","2,488","253.10K","-7.93%"
"2021/11/18","2,737","2,806","2,806","2,716","144.86K","-3.05%"
"2021/11/17","2,823","2,835","2,909","2,742","71.02K","-3.62%"
"2021/11/16","2,929","2,835","3,000","2,835","308.94K","1.10%"
"2021/11/15","2,897","3,001","3,001","2,870","127.75K","-3.85%"
"2021/11/12","3,013","3,104","3,145","2,988","92.73K","-3.27%"
"2021/11/11","3,115","3,119","3,153","3,107","87.23K","-1.95%"
"2021/11/10","3,177","3,230","3,322","3,164","100.49K","-1.64%"
"2021/11/09","3,230","3,138","3,254","3,081","234.93K","2.93%"
"2021/11/08","3,138","3,124","3,138","3,015","61.07K","3.33%"
"2021/11/05","3,037","3,274","3,275","3,024","303.66K","-6.73%"
"2021/11/04","3,256","3,300","3,378","3,210","167.91K","-1.48%"
"2021/11/03","3,305","3,216","3,481","3,216","1.18M","1.60%"
"2021/11/02","3,253","3,250","3,280","3,194","1.15M","0.90%"
"2021/10/29","3,224","3,040","3,270","3,010","297.41K","6.26%"
"2021/10/28","3,034","3,001","3,070","2,988","183.77K","2.05%"
"2021/10/27","2,973","2,996","3,010","2,970","105.75K","-0.27%"
"2021/10/26","2,981","2,988","3,000","2,950","615.40K","1.39%"
"2021/10/25","2,940","2,940","2,945","2,876","180.35K","0.51%"
"2021/10/22","2,925","2,952","2,974","2,872","101.61K","0.52%"
"2021/10/21","2,910","2,840","2,910","2,840","251.82K","2.11%"
"2021/10/20","2,850","2,910","2,910","2,833","91.03K","-0.31%"
"2021/10/19","2,859","2,820","2,889","2,820","347.72K","1.67%"
"2021/10/18","2,812","2,866","2,902","2,811","404.48K","-1.02%"
"2021/10/15","2,841","2,950","2,951","2,818","860.36K","-2.07%"
"2021/10/14","2,901","2,716","2,932","2,657","1.13M","7.44%"
"2021/10/13","2,700","2,639","2,700","2,590","459.92K","4.17%"
"2021/10/12","2,592","2,500","2,594","2,500","1.01M","3.06%"
"2021/10/11","2,515","2,512","2,596","2,477","151.56K","0.44%"
"2021/10/08","2,504","2,552","2,625","2,495","353.41K","0.56%"
"2021/10/07","2,490","2,500","2,542","2,408","213.27K","-0.36%"
"2021/10/06","2,499","2,492","2,650","2,450","746.89K","3.91%"
"2021/10/05","2,405","2,260","2,487","2,230","1.33M","7.46%"
"2021/10/04","2,238","2,090","2,317","2,090","350.63K","8.27%"
"2021/10/01","2,067","2,000","2,100","1,975","374.03K","5.19%"
"2021/09/30","1,965","1,977","2,000","1,951","306.14K","-0.61%"
"2021/09/29","1,977","1,942","1,977","1,933","168.07K","2.44%"
"2021/09/28","1,930","1,955","1,970","1,908","63.13K","-1.53%"
"2021/09/27","1,960","1,900","1,969","1,873","106.27K","3.16%"
"2021/09/23","1,900","1,886","1,906","1,841","218.45K","1.12%"
"2021/09/22","1,879","1,778","1,879","1,768","26.33K","7.37%"
"2021/09/21","1,750","1,777","1,777","1,730","139.40K","-0.17%"
"2021/09/20","1,753","1,800","1,805","1,750","37.61K","-2.56%"
"2021/09/17","1,799","1,834","1,860","1,780","729.44K","-4.26%"
"2021/09/16","1,879","1,898","1,898","1,811","149.38K","3.93%"
"2021/09/15","1,808","1,801","1,830","1,763","161.07K","0.72%"
"2021/09/14","1,795","1,850","1,850","1,774","38.10K","-2.97%"
"2021/09/13","1,850","1,850","1,886","1,823","116.31K","0.65%"
"2021/09/10","1,838","1,860","1,860","1,792","56.78K","-1.13%"
"2021/09/09","1,859","1,835","1,870","1,835","74.59K","-0.96%"
"2021/09/08","1,877","1,858","1,877","1,801","92.86K","0.11%"
"2021/09/07","1,875","1,870","1,900","1,812","64.83K","-0.64%"
"2021/09/06","1,887","1,890","1,895","1,851","157.88K","1.07%"
"2021/09/03","1,867","1,864","1,879","1,855","19.42K","0.81%"
"2021/09/02","1,852","1,949","1,949","1,849","22.60K","1.37%"
"2021/09/01","1,827","1,900","1,900","1,815","95.93K","0.44%"
"2021/08/31","1,819","1,850","1,893","1,804","379.58K","-0.27%"
"2021/08/30","1,824","1,886","1,886","1,824","28.88K","0.72%"
"2021/08/27","1,811","1,800","1,849","1,779","43.29K","1.74%"
"2021/08/26","1,780","1,860","1,860","1,750","74.06K","-1.93%"
"2021/08/25","1,815","1,863","1,877","1,806","48.84K","-3.97%"
"2021/08/24","1,890","1,901","1,905","1,848","18.85K","2.44%"
"2021/08/23","1,845","1,811","1,979","1,811","26.76K","-1.13%"
"2021/08/20","1,866","1,806","1,866","1,806","37.26K","1.03%"
"2021/08/19","1,847","1,898","1,898","1,828","41.74K","0.49%"
"2021/08/18","1,838","1,810","1,911","1,810","24.25K","-2.55%"
"2021/08/17","1,886","1,831","1,886","1,830","153.79K","2.17%"
"2021/08/16","1,846","1,820","1,860","1,818","145.83K","0.33%"
"2021/08/13","1,840","1,820","1,854","1,812","211.82K","0.00%"
"2021/08/12","1,840","1,861","1,861","1,824","34.42K","-0.16%"
"2021/08/11","1,843","1,813","1,860","1,810","105.76K","0.66%"
"2021/08/10","1,831","1,900","1,911","1,826","136.22K","-0.87%"
"2021/08/06","1,847","1,935","1,940","1,806","172.00K","-3.85%"
"2021/08/05","1,921","1,950","1,950","1,913","29.56K","0.58%"
"2021/08/04","1,910","1,945","1,945","1,901","76.09K","0.53%"
"2021/08/03","1,900","1,860","1,924","1,849","68.42K","2.43%"
"2021/08/02","1,855","1,821","1,898","1,821","72.19K","2.77%"
"2021/07/30","1,805","1,880","1,920","1,805","347.50K","-5.15%"
"2021/07/29","1,903","1,962","1,962","1,901","129.12K","-0.73%"
"2021/07/28","1,917","1,985","1,985","1,890","139.52K","-2.19%"
"2021/07/27","1,960","1,982","1,982","1,955","188.00K","0.00%"
"2021/07/26","1,960","1,951","1,975","1,947","118.06K","0.67%"
"2021/07/23","1,947","1,955","1,968","1,945","107.98K","-0.41%"
"2021/07/22","1,955","1,977","1,980","1,930","39.22K","-1.26%"
"2021/07/21","1,980","1,906","1,980","1,906","49.02K","3.29%"
"2021/07/20","1,917","1,880","1,931","1,880","32.65K","0.89%"
"2021/07/19","1,900","1,900","1,938","1,900","58.77K","-1.40%"
"2021/07/16","1,927","1,878","1,938","1,878","23.27K","1.31%"
"2021/07/15","1,902","1,900","1,919","1,900","45.10K","-1.50%"
"2021/07/14","1,931","1,905","1,957","1,875","116.70K","0.21%"
"2021/07/13","1,927","1,995","1,995","1,900","147.66K","-3.65%"
"2021/07/12","2,000","1,890","2,020","1,850","193.98K","8.11%"
"2021/07/09","1,850","1,899","1,899","1,850","812.46K","-0.64%"
"2021/07/08","1,862","1,886","1,900","1,855","133.51K","0.05%"
"2021/07/07","1,861","1,920","1,942","1,861","211.18K","-3.53%"
"2021/07/06","1,929","1,961","1,961","1,929","53.69K","-0.05%"
"2021/07/05","1,930","1,923","1,930","1,881","32.33K","2.66%"
"2021/07/02","1,880","1,855","1,886","1,814","73.25K","3.30%"
"2021/07/01","1,820","1,866","1,868","1,801","74.18K","-0.05%"
"2021/06/30","1,821","1,775","1,830","1,775","76.15K","1.28%"
"2021/06/29","1,798","1,660","1,827","1,660","221.66K","-1.43%"
"2021/06/28","1,824","1,931","1,952","1,797","269.92K","-8.39%"
"2021/06/25","1,991","2,000","2,030","1,955","144.89K","1.17%"
"2021/06/24","1,968","1,966","1,977","1,932","100.41K","0.87%"
"2021/06/23","1,951","1,931","1,966","1,931","120.99K","1.30%"
"2021/06/22","1,926","1,901","1,950","1,886","210.93K","0.31%"
"2021/06/21","1,920","1,950","2,017","1,920","844.75K","-3.52%"
"2021/06/18","1,990","2,034","2,036","1,950","601.39K","-1.73%"
"2021/06/17","2,025","1,999","2,055","1,997","409.78K","1.25%"
"2021/06/15","2,000","2,046","2,046","1,963","365.73K","-2.82%"
"2021/06/14","2,058","2,000","2,064","1,985","228.71K","3.57%"
"2021/06/11","1,987","1,930","2,010","1,926","182.29K","2.95%"
"2021/06/10","1,930","1,929","1,932","1,914","139.42K","1.58%"
"2021/06/09","1,900","1,894","1,930","1,866","33.88K","0.00%"
"2021/06/08","1,900","1,925","1,950","1,877","92.88K","-0.99%"
"2021/06/07","1,919","1,901","1,919","1,894","127.95K","1.27%"
"2021/06/04","1,895","1,917","1,951","1,892","121.41K","-2.72%"
"2021/06/03","1,948","1,900","1,950","1,892","132.69K","2.53%"
"2021/06/02","1,900","1,880","1,914","1,880","278.36K","1.06%"
"2021/06/01","1,880","1,862","1,899","1,843","88.81K","0.70%"
"2021/05/31","1,867","1,923","1,923","1,861","89.62K","-2.91%"
"2021/05/28","1,923","1,893","1,930","1,874","386.87K","1.64%"
"2021/05/27","1,892","1,837","1,909","1,837","353.50K","-0.42%"
"2021/05/26","1,900","1,801","1,900","1,801","90.42K","5.44%"
"2021/05/25","1,802","1,793","1,820","1,770","218.80K","1.58%"
"2021/05/24","1,774","1,770","1,792","1,750","178.88K","0.68%"
"2021/05/21","1,762","1,742","1,801","1,726","358.53K","0.11%"
"2021/05/20","1,760","1,750","1,800","1,621","132.94K","-2.22%"
"2021/05/19","1,800","1,842","1,842","1,777","61.66K","-0.66%"
"2021/05/18","1,812","1,857","1,857","1,798","185.64K","-0.71%"
"2021/05/17","1,825","1,955","1,955","1,807","247.68K","-6.31%"
"2021/05/14","1,948","1,890","1,955","1,890","348.62K","3.07%"
"2021/05/13","1,890","1,739","1,930","1,739","291.29K","5.00%"
"2021/05/12","1,800","1,710","1,820","1,706","261.70K","5.88%"
"2021/05/11","1,700","1,680","1,715","1,650","436.09K","0.65%"
"2021/05/10","1,689","1,670","1,690","1,650","313.87K","2.30%"
"2021/05/07","1,651","1,580","1,653","1,560","451.00K","4.83%"
"2021/05/06","1,575","1,549","1,575","1,525","109.34K","2.14%"
"2021/05/05","1,542","1,540","1,558","1,525","136.20K","0.13%"
"2021/05/04","1,540","1,500","1,550","1,500","178.62K","1.92%"
"2021/05/03","1,511","1,510","1,550","1,497","156.15K","0.13%"
"2021/04/30","1,509","1,515","1,520","1,487","740.50K","0.60%"
"2021/04/29","1,500","1,460","1,504","1,441","424.82K","3.59%"
"2021/04/28","1,448","1,400","1,450","1,400","244.14K","3.58%"
"2021/04/26","1,398","1,382","1,400","1,378","129.49K","0.58%"
"2021/04/23","1,390","1,378","1,390","1,352","22.65K","0.72%"
"2021/04/22","1,380","1,380","1,381","1,305","690.92K","0.07%"
"2021/04/21","1,379","1,380","1,380","1,365","33.81K","0.36%"
"2021/04/20","1,374","1,389","1,389","1,363","110.09K","-1.08%"
"2021/04/19","1,389","1,422","1,456","1,383","631.12K","-0.79%"
"2021/04/16","1,400","1,500","1,531","1,351","264.46K","-6.67%"
"2021/04/15","1,500","1,503","1,510","1,500","185.41K","-0.66%"
"2021/04/14","1,510","1,499","1,530","1,499","52.78K","0.67%"
"2021/04/13","1,500","1,515","1,525","1,499","89.44K","0.00%"
"2021/04/12","1,500","1,499","1,513","1,485","267.49K","0.33%"
"2021/04/09","1,495","1,480","1,497","1,475","95.76K","0.81%"
"2021/04/08","1,483","1,462","1,483","1,460","72.59K","0.95%"
"2021/04/07","1,469","1,460","1,470","1,442","34.90K","2.16%"
"2021/04/06","1,438","1,478","1,478","1,410","85.14K","1.99%"
"2021/04/01","1,410","1,381","1,437","1,376","101.78K","2.62%"
"2021/03/31","1,374","1,444","1,503","1,374","220.41K","-4.85%"
"2021/03/30","1,444","1,450","1,486","1,405","111.12K","-1.30%"
"2021/03/29","1,463","1,385","1,490","1,370","114.65K","5.63%"
"2021/03/26","1,385","1,425","1,432","1,381","552.29K","-2.81%"
"2021/03/25","1,425","1,472","1,488","1,305","707.33K","-1.99%"
"2021/03/24","1,454","1,450","1,493","1,440","340.93K","0.07%"
"2021/03/23","1,453","1,451","1,479","1,436","132.37K","0.14%"
"2021/03/19","1,451","1,501","1,521","1,435","361.77K","0.14%"
"2021/03/18","1,449","1,564","1,617","1,420","414.38K","-6.52%"
"2021/03/17","1,550","1,530","1,583","1,517","245.39K","1.31%"
"2021/03/16","1,530","1,545","1,545","1,436","312.04K","0.39%"
"2021/03/15","1,524","1,523","1,551","1,475","88.95K","0.07%"
"2021/03/12","1,523","1,511","1,530","1,500","148.00K","2.21%"
"2021/03/11","1,490","1,490","1,584","1,452","375.48K","3.19%"
"2021/03/10","1,444","1,485","1,491","1,415","452.33K","-3.15%"
"2021/03/09","1,491","1,478","1,514","1,478","98.24K","-0.27%"
"2021/03/08","1,495","1,550","1,590","1,401","501.95K","-3.55%"
"2021/03/05","1,550","1,558","1,590","1,497","86.39K","4.38%"
"2021/03/04","1,485","1,585","1,602","1,485","280.81K","-6.31%"
"2021/03/03","1,585","1,560","1,602","1,560","134.27K","1.08%"
"2021/03/02","1,568","1,578","1,580","1,556","66.64K","0.26%"
"2021/03/01","1,564","1,647","1,647","1,545","66.34K","0.84%"
"2021/02/26","1,551","1,616","1,616","1,551","35.10K","-3.06%"
"2021/02/25","1,600","1,606","1,615","1,591","103.53K","0.63%"
"2021/02/24","1,590","1,590","1,619","1,530","49.09K","0.00%"
"2021/02/23","1,590","1,550","1,688","1,550","107.81K","-1.18%"
"2021/02/22","1,609","1,589","1,609","1,515","116.84K","1.26%"
"2021/02/19","1,589","1,500","1,589","1,500","489.11K","4.88%"
"2021/02/18","1,515","1,491","1,515","1,425","101.98K","0.66%"
"2021/02/17","1,505","1,556","1,561","1,505","338.32K","-2.27%"
"2021/02/16","1,540","1,571","1,590","1,528","114.62K","-2.35%"
"2021/02/15","1,577","1,608","1,647","1,551","64.12K","-1.74%"
"2021/02/12","1,605","1,574","1,627","1,573","64.99K","1.97%"
"2021/02/11","1,574","1,576","1,750","1,568","249.63K","-1.63%"
"2021/02/10","1,600","1,615","1,638","1,561","82.93K","-0.93%"
"2021/02/09","1,615","1,604","1,649","1,545","89.66K","1.57%"
"2021/02/08","1,590","1,591","1,688","1,550","173.18K","0.95%"
"2021/02/05","1,575","1,533","1,769","1,503","335.46K","2.74%"
"2021/02/04","1,533","1,360","1,533","1,360","313.41K","11.90%"
"2021/02/03","1,370","1,302","1,375","1,295","164.87K","5.22%"
"2021/02/02","1,302","1,299","1,322","1,264","18.73K","0.39%"
"2021/02/01","1,297","1,310","1,317","1,193","220.52K","-0.99%"
"2021/01/29","1,310","1,325","1,325","1,271","22.57K","3.15%"
"2021/01/28","1,270","1,273","1,285","1,263","33.74K","-1.47%"
"2021/01/27","1,289","1,272","1,318","1,209","148.76K","1.10%"
"2021/01/26","1,275","1,283","1,313","1,206","338.61K","-3.77%"
"2021/01/25","1,325","1,291","1,325","1,262","73.43K","3.27%"
"2021/01/22","1,283","1,288","1,288","1,261","52.14K","-0.39%"
"2021/01/21","1,288","1,339","1,339","1,270","10.16K","-2.35%"
"2021/01/20","1,319","1,267","1,339","1,266","647.17K","1.85%"
"2021/01/19","1,295","1,345","1,345","1,269","93.35K","0.39%"
"2021/01/18","1,290","1,292","1,295","1,261","143.64K","-0.77%"
"2021/01/15","1,300","1,301","1,337","1,289","323.14K","0.00%"
"2021/01/14","1,300","1,325","1,349","1,280","167.80K","0.85%"
"2021/01/13","1,289","1,215","1,297","1,215","286.41K","6.18%"
"2021/01/12","1,214","1,229","1,230","1,207","92.84K","-1.38%"
"2021/01/11","1,231","1,250","1,252","1,205","30.92K","-0.49%"
"2021/01/08","1,237","1,205","1,275","1,205","135.25K","2.74%"
"2021/01/07","1,204","1,223","1,233","1,200","114.16K","-1.39%"
"2021/01/06","1,221","1,210","1,271","1,180","141.20K","1.33%"
"2021/01/05","1,205","1,247","1,262","1,200","125.59K","-3.21%"
"2021/01/04","1,245","1,241","1,285","1,241","23.79K","0.57%"
"2020/12/31","1,238","1,294","1,310","1,238","135.03K","-4.03%"
"2020/12/30","1,290","1,235","1,309","1,235","190.36K","2.38%"
"2020/12/29","1,260","1,292","1,299","1,200","112.03K","-3.74%"
"2020/12/28","1,309","1,327","1,328","1,291","71.10K","-1.21%"
"2020/12/24","1,325","1,347","1,348","1,300","8.98K","1.07%"
"2020/12/23","1,311","1,310","1,318","1,292","16.23K","0.46%"
"2020/12/22","1,305","1,290","1,345","1,290","66.70K","0.15%"
"2020/12/21","1,303","1,330","1,378","1,200","277.22K","-3.77%"
"2020/12/18","1,354","1,360","1,380","1,320","389.14K","-0.44%"
"2020/12/17","1,360","1,380","1,387","1,354","50.12K","-1.23%"
"2020/12/15","1,377","1,380","1,380","1,351","43.25K","-0.22%"
"2020/12/14","1,380","1,360","1,380","1,350","277.57K","1.47%"
"2020/12/11","1,360","1,380","1,380","1,347","76.46K","-1.45%"
"2020/12/10","1,380","1,360","1,380","1,300","273.49K","3.29%"
"2020/12/09","1,336","1,334","1,420","1,334","1.03M","0.15%"
"2020/12/08","1,334","1,325","1,378","1,325","296.54K","-2.84%"
"2020/12/07","1,373","1,366","1,397","1,340","66.04K","3.62%"
"2020/12/04","1,325","1,349","1,395","1,302","150.67K","0.45%"
"2020/12/03","1,319","1,358","1,358","1,299","202.49K","-3.01%"
"2020/12/02","1,360","1,370","1,418","1,352","75.85K","-0.29%"
"2020/12/01","1,364","1,450","1,450","1,326","67.37K","0.89%"
"2020/11/30","1,352","1,419","1,421","1,322","58.18K","-3.77%"
"2020/11/27","1,405","1,438","1,438","1,400","40.24K","-1.75%"
"2020/11/26","1,430","1,439","1,448","1,410","416.74K","1.56%"
"2020/11/25","1,408","1,436","1,461","1,401","134.79K","-1.95%"
"2020/11/24","1,436","1,375","1,480","1,375","108.32K","0.91%"
"2020/11/23","1,423","1,411","1,425","1,396","191.93K","0.21%"
"2020/11/20","1,420","1,370","1,425","1,370","45.97K","0.85%"
"2020/11/19","1,408","1,416","1,457","1,386","80.89K","-0.49%"
"2020/11/18","1,415","1,355","1,438","1,330","117.93K","1.22%"
"2020/11/17","1,398","1,370","1,400","1,300","191.43K","0.50%"
"2020/11/16","1,391","1,393","1,405","1,344","67.77K","1.90%"
"2020/11/13","1,365","1,400","1,418","1,255","234.00K","-2.78%"
"2020/11/12","1,404","1,440","1,467","1,380","354.19K","1.59%"
"2020/11/11","1,382","1,368","1,397","1,338","219.21K","3.52%"
"2020/11/10","1,335","1,397","1,420","1,309","548.78K","0.38%"
"2020/11/09","1,330","1,332","1,370","1,252","732.94K","3.91%"
"2020/11/06","1,280","1,300","1,300","1,250","56.89K","-1.54%"
"2020/11/05","1,300","1,286","1,347","1,286","61.90K","2.69%"
"2020/11/04","1,266","1,283","1,338","1,259","30.33K","-3.95%"
"2020/11/03","1,318","1,340","1,350","1,290","213.19K","-2.01%"
"2020/11/02","1,345","1,340","1,350","1,300","92.27K","-0.37%"
"2020/10/30","1,350","1,360","1,360","1,314","346.60K","-0.74%"
"2020/10/29","1,360","1,326","1,371","1,326","244.02K","-0.44%"
"2020/10/28","1,366","1,374","1,374","1,326","236.26K","0.44%"
"2020/10/27","1,360","1,375","1,400","1,360","116.81K","-3.06%"
"2020/10/26","1,403","1,429","1,429","1,360","47.16K","-1.20%"
"2020/10/23","1,420","1,410","1,470","1,401","105.36K","-1.80%"
"2020/10/22","1,446","1,439","1,450","1,401","118.74K","2.41%"
"2020/10/21","1,412","1,412","1,479","1,386","36.30K","0.86%"
"2020/10/20","1,400","1,445","1,446","1,370","40.80K","-3.05%"
"2020/10/19","1,444","1,443","1,446","1,403","38.47K","4.18%"
"2020/10/16","1,386","1,360","1,420","1,360","43.08K","1.76%"
"2020/10/15","1,362","1,367","1,370","1,345","209.53K","0.15%"
"2020/10/14","1,360","1,361","1,384","1,360","126.53K","-0.73%"
"2020/10/13","1,370","1,476","1,476","1,360","155.16K","-4.99%"
"2020/10/12","1,442","1,411","1,481","1,411","20.99K","-2.70%"
"2020/10/09","1,482","1,524","1,524","1,405","44.04K","-1.20%"
"2020/10/08","1,500","1,540","1,540","1,455","324.40K","-1.96%"
"2020/10/07","1,530","1,494","1,549","1,470","148.26K","3.94%"
"2020/10/06","1,472","1,431","1,494","1,431","842.26K","3.66%"
"2020/10/05","1,420","1,381","1,485","1,381","108.59K","2.82%"
"2020/10/02","1,381","1,396","1,396","1,360","376.70K","-0.50%"
"2020/10/01","1,388","1,365","1,388","1,350","92.97K","2.06%"
"2020/09/30","1,360","1,368","1,368","1,350","429.98K","0.22%"
"2020/09/29","1,357","1,330","1,358","1,316","112.94K","2.03%"
"2020/09/28","1,330","1,320","1,345","1,320","143.19K","1.14%"
"2020/09/25","1,315","1,326","1,339","1,315","170.02K","-0.75%"
"2020/09/23","1,325","1,315","1,336","1,312","197.75K","-0.23%"
"2020/09/22","1,328","1,376","1,376","1,310","46.72K","1.30%"
"2020/09/21","1,311","1,338","1,386","1,295","192.13K","0.08%"
"2020/09/18","1,310","1,387","1,405","1,263","372.92K","-4.10%"
"2020/09/17","1,366","1,260","1,395","1,260","285.26K","8.84%"
"2020/09/16","1,255","1,210","1,255","1,210","43.66K","0.08%"
"2020/09/15","1,254","1,215","1,259","1,213","231.74K","1.13%"
"2020/09/14","1,240","1,242","1,255","1,230","120.18K","0.73%"
"2020/09/11","1,231","1,215","1,240","1,205","39.90K","-0.73%"
"2020/09/10","1,240","1,230","1,249","1,225","400.02K","1.47%"
"2020/09/09","1,222","1,160","1,245","1,160","129.18K","0.99%"
"2020/09/08","1,210","1,243","1,243","1,150","345.38K","1.09%"
"2020/09/07","1,197","1,120","1,209","1,101","221.97K","6.88%"
"2020/09/04","1,120","1,074","1,145","1,026","342.97K","0.45%"
"2020/09/03","1,115","1,150","1,156","1,059","183.47K","1.64%"
"2020/09/02","1,097","1,245","1,245","1,059","202.05K","-7.82%"
"2020/09/01","1,190","1,253","1,253","1,153","124.53K","-4.65%"
"2020/08/31","1,248","1,250","1,323","1,201","166.71K","-0.16%"
"2020/08/28","1,250","1,240","1,272","1,217","166.58K","2.46%"
"2020/08/27","1,220","1,282","1,282","1,150","87.35K","-2.56%"
"2020/08/26","1,252","1,280","1,300","1,204","106.25K","-3.62%"
"2020/08/25","1,299","1,325","1,365","1,247","250.17K","-1.96%"
"2020/08/24","1,325","1,239","1,357","1,239","191.89K","7.72%"
"2020/08/21","1,230","1,178","1,246","1,168","269.88K","9.24%"
"2020/08/20","1,126","1,279","1,279","1,088","181.42K","-10.78%"
"2020/08/19","1,262","1,262","1,323","1,230","99.94K","2.35%"
"2020/08/18","1,233","1,316","1,378","1,233","286.91K","-6.16%"
"2020/08/17","1,314","1,255","1,380","1,241","523.67K","7.62%"
"2020/08/14","1,221","1,299","1,315","1,195","298.10K","-5.64%"
"2020/08/13","1,294","1,240","1,339","1,220","621.01K","4.95%"
"2020/08/12","1,233","1,140","1,250","1,140","420.25K","8.63%"
"2020/08/11","1,135","1,155","1,250","1,119","385.08K","9.66%"
"2020/08/07","1,035","950","1,125","950","217.82K","8.95%"
"2020/08/06","950","927","990","927","91.37K","0.00%"
"2020/08/05","950","970","975","938","127.06K","-0.52%"
"2020/08/04","955","968","980","920","695.31K","0.00%"
"2020/08/03","955","959","980","911","65.92K","-0.93%"
"2020/07/31","964","990","1,000","950","110.83K","-0.21%"
"2020/07/30","966","1,000","1,020","945","315.76K","-0.51%"
"2020/07/29","971","1,038","1,038","971","183.84K","-4.62%"
"2020/07/28","1,018","991","1,131","955","350.37K","0.00%"
"2020/07/27","1,018","1,126","1,145","992","186.21K","-5.74%"
"2020/07/24","1,080","1,123","1,149","1,080","81.29K","-3.74%"
"2020/07/23","1,122","1,200","1,218","1,106","121.79K","-6.34%"
"2020/07/22","1,198","1,195","1,200","1,056","408.26K","5.18%"
"2020/07/21","1,139","1,173","1,197","1,107","610.98K","-1.98%"
"2020/07/20","1,162","1,191","1,191","1,150","43.52K","-2.43%"
"2020/07/17","1,191","1,268","1,268","1,129","27.83K","2.23%"
"2020/07/16","1,165","1,208","1,279","1,153","91.65K","-3.48%"
"2020/07/15","1,207","1,169","1,234","1,139","283.36K","-0.33%"
"2020/07/14","1,211","1,208","1,254","1,165","378.83K","-6.41%"
"2020/07/13","1,294","1,216","1,294","1,182","131.07K","3.44%"
"2020/07/10","1,251","1,294","1,294","1,165","217.48K","-3.62%"
"2020/07/09","1,298","1,359","1,366","1,249","117.57K","-4.42%"
"2020/07/08","1,358","1,340","1,366","1,302","36.76K","1.34%"
"2020/07/07","1,340","1,390","1,400","1,308","102.63K","-2.83%"
"2020/07/06","1,379","1,381","1,415","1,357","64.49K","1.32%"
"2020/07/03","1,361","1,329","1,388","1,326","49.71K","0.81%"
"2020/07/02","1,350","1,406","1,406","1,302","203.65K","-2.95%"
"2020/07/01","1,391","1,449","1,449","1,338","282.47K","-4.00%"
"2020/06/30","1,449","1,518","1,531","1,424","201.60K","-4.55%"
"2020/06/29","1,518","1,569","1,592","1,467","136.91K","-0.59%"
"2020/06/26","1,527","1,557","1,596","1,443","383.04K","-2.05%"
"2020/06/25","1,559","1,544","1,564","1,402","1.62M","-0.19%"
"2020/06/24","1,562","1,294","1,562","1,175","476.58K","22.13%"
"2020/06/23","1,279","1,321","1,367","1,268","350.66K","-2.81%"
"2020/06/22","1,316","1,424","1,449","1,298","371.07K","-4.43%"
"2020/06/19","1,377","1,514","1,595","1,377","1.12M","-7.34%"
"2020/06/18","1,486","1,424","1,596","1,390","1.90M","23.01%"
"2020/06/17","1,208","1,088","1,250","1,088","619.71K","16.15%"
"2020/06/15","1,040","1,104","1,139","954","502.92K","-0.48%"
"2020/06/12","1,045","1,117","1,117","994","401.92K","-6.28%"
"2020/06/11","1,115","1,217","1,217","1,035","155.21K","-7.85%"
"2020/06/10","1,210","1,309","1,324","1,203","409.22K","-3.12%"
"2020/06/09","1,249","1,234","1,329","1,209","217.35K","1.46%"
"2020/06/08","1,231","1,311","1,349","1,182","550.85K","-2.15%"
"2020/06/05","1,258","1,380","1,380","1,208","574.12K","-4.04%"
"2020/06/04","1,311","1,479","1,479","1,301","306.35K","-2.60%"
"2020/06/03","1,346","1,383","1,574","1,229","1.38M","0.90%"
"2020/06/02","1,334","919","1,336","911","801.04K","54.58%"
"2020/06/01","863","802","904","751","659.73K","20.03%"
"2020/05/29","719","738","776","690","2.99M","-0.28%"
"2020/05/28","721","823","823","719","586.08K","-12.18%"
"2020/05/27","821","914","944","771","315.90K","-4.87%"
"2020/05/26","863","917","923","850","179.28K","-3.47%"
"2020/05/25","894","892","958","845","184.80K","3.71%"
"2020/05/22","862","934","934","845","422.41K","-7.71%"
"2020/05/21","934","984","1,067","934","617.70K","-6.22%"
"2020/05/20","996","1,115","1,115","950","411.73K","-7.35%"
"2020/05/19","1,075","1,122","1,228","1,044","308.84K","0.37%"
"2020/05/18","1,071","1,251","1,380","1,070","247.57K","-12.29%"
"2020/05/15","1,221","1,320","1,337","1,218","126.42K","-5.64%"
"2020/05/14","1,294","1,338","1,372","1,294","73.91K","0.00%"
"2020/05/13","1,294","1,367","1,379","1,294","272.91K","-6.23%"
"2020/05/12","1,380","1,426","1,448","1,360","60.33K","-3.77%"
"2020/05/11","1,434","1,445","1,508","1,419","87.82K","-5.03%"
"2020/05/08","1,510","1,390","1,510","1,381","96.35K","9.34%"
"2020/05/07","1,381","1,324","1,381","1,323","126.40K","4.38%"
"2020/05/06","1,323","1,386","1,402","1,304","115.32K","-4.55%"
"2020/05/05","1,386","1,424","1,467","1,386","13.97K","-0.43%"
"2020/05/04","1,392","1,483","1,483","1,311","49.18K","-2.25%"
"2020/04/30","1,424","1,493","1,510","1,361","243.68K","0.00%"
"2020/04/29","1,424","1,511","1,511","1,380","85.53K","0.00%"
"2020/04/28","1,424","1,474","1,527","1,424","24.41K","-4.30%"
"2020/04/24","1,488","1,543","1,543","1,445","34.91K","-2.23%"
"2020/04/23","1,522","1,492","1,538","1,441","84.16K","1.53%"
"2020/04/22","1,499","1,449","1,529","1,358","162.49K","6.77%"
"2020/04/21","1,404","1,514","1,590","1,367","94.36K","-11.81%"
"2020/04/20","1,592","1,682","1,682","1,554","80.31K","-1.79%"
"2020/04/17","1,621","1,586","1,630","1,512","214.49K","4.38%"
"2020/04/16","1,553","1,468","1,592","1,467","522.36K","3.60%"
"2020/04/15","1,499","1,553","1,600","1,484","89.18K","-1.83%"
"2020/04/14","1,527","1,640","1,719","1,518","202.45K","-11.48%"
"2020/04/09","1,725","1,622","1,899","1,561","838.16K","3.85%"
"2020/04/08","1,661","1,622","1,661","1,557","177.53K","4.07%"
"2020/04/07","1,596","1,471","1,639","1,440","570.46K","8.79%"
"2020/04/06","1,467","1,553","1,553","1,248","245.60K","6.30%"
"2020/04/03","1,380","1,596","1,596","1,380","101.72K","-1.22%"
"2020/04/02","1,397","1,553","1,623","1,337","178.32K","0.58%"
"2020/04/01","1,389","1,652","1,671","1,389","164.02K","-14.15%"
"2020/03/31","1,618","1,614","1,688","1,600","37.06K","4.12%"
"2020/03/30","1,554","1,720","1,720","1,501","45.75K","-6.50%"
"2020/03/27","1,662","1,725","1,725","1,562","34.53K","-3.65%"
"2020/03/26","1,725","1,639","2,031","1,606","508.35K","5.25%"
"2020/03/25","1,639","1,363","1,639","1,363","247.95K","15.10%"
"2020/03/24","1,424","1,381","1,682","1,216","323.63K","0.00%"
"2020/03/23","1,424","1,677","1,677","1,312","408.11K","-17.26%"
"2020/03/20","1,721","1,380","1,721","1,313","532.51K","24.71%"
"2020/03/19","1,380","1,487","1,487","1,214","199.28K","-3.02%"
"2020/03/18","1,423","1,553","1,570","1,321","256.36K","-6.26%"
"2020/03/17","1,518","1,811","1,811","1,381","488.35K","-13.21%"
"2020/03/16","1,749","1,851","1,851","1,748","130.59K","-15.18%"
"2020/03/13","2,062","2,329","2,329","1,895","121.42K","-1.34%"
"2020/03/12","2,090","2,396","2,396","2,037","87.11K","-14.66%"
"2020/03/11","2,449","2,586","2,586","2,334","90.81K","-2.12%"
"2020/03/10","2,502","2,588","2,876","2,359","92.50K","-1.38%"
"2020/03/09","2,537","2,545","2,605","2,330","43.46K","-1.89%"
"2020/03/06","2,586","2,614","2,640","2,559","66.73K","-2.67%"
"2020/03/05","2,657","2,761","2,761","2,525","125.97K","0.08%"
"2020/03/04","2,655","2,761","2,861","2,493","236.77K","-3.84%"
"2020/03/03","2,761","2,674","2,890","2,502","156.67K","0.00%"
"2020/03/02","2,761","2,627","2,976","2,627","59.20K","1.58%"
"2020/02/28","2,718","2,427","3,104","2,427","652.50K","4.14%"
"2020/02/27","2,610","2,587","2,639","2,416","106.73K","-2.39%"
"2020/02/26","2,674","2,674","2,718","2,470","1.13M","-3.15%"
"2020/02/25","2,761","2,847","2,847","2,726","270.75K","-1.53%"
"2020/02/24","2,804","2,925","3,002","2,761","129.96K","-3.11%"
"2020/02/21","2,894","2,935","3,001","2,839","258.39K","-2.33%"
"2020/02/20","2,963","3,106","3,165","2,948","368.85K","-1.46%"
"2020/02/19","3,007","3,171","3,342","2,968","245.02K","-5.53%"
"2020/02/18","3,183","3,182","3,183","3,115","28.11K","0.25%"
"2020/02/17","3,175","3,071","3,214","2,976","45.21K","0.89%"
"2020/02/14","3,147","3,235","3,360","2,955","65.72K","0.77%"
"2020/02/13","3,123","3,149","3,201","3,020","71.42K","3.41%"
"2020/02/12","3,020","2,848","3,070","2,848","62.63K","1.62%"
"2020/02/11","2,972","3,062","3,062","2,924","54.95K","1.16%"
"2020/02/10","2,938","2,933","3,062","2,850","248.02K","0.86%"
"2020/02/07","2,913","2,894","3,166","2,636","340.94K","-3.22%"
"2020/02/06","3,010","3,062","3,062","2,954","78.19K","-0.86%"
"2020/02/05","3,036","2,850","3,143","2,850","56.93K","2.02%"
"2020/02/04","2,976","3,106","3,106","2,911","70.37K","-0.87%"
"2020/02/03","3,002","3,003","3,051","2,982","29.04K","-0.60%"
"2020/01/31","3,020","3,106","3,137","3,020","99.84K","-1.66%"
"2020/01/30","3,071","3,098","3,110","3,020","80.21K","-2.01%"
"2020/01/29","3,134","2,976","3,157","2,954","44.50K","2.15%"
"2020/01/28","3,068","2,933","3,235","2,933","156.72K","0.03%"
"2020/01/27","3,067","2,996","3,153","2,848","62.90K","-0.71%"
"2020/01/24","3,089","3,133","3,261","3,025","63.32K","-1.40%"
"2020/01/23","3,133","3,278","3,278","3,123","95.06K","0.00%"
"2020/01/22","3,133","3,150","3,278","3,078","316.01K","-0.51%"
"2020/01/21","3,149","3,209","3,278","3,134","43.60K","-0.03%"
"2020/01/20","3,150","3,149","3,278","3,112","47.93K","-2.08%"
"2020/01/17","3,217","3,339","3,458","3,196","91.82K","-2.52%"
"2020/01/16","3,300","3,265","3,391","3,150","79.26K","1.73%"
"2020/01/15","3,244","3,253","3,408","3,206","40.31K","0.53%"
"2020/01/14","3,227","3,312","3,313","3,193","78.00K","0.12%"
"2020/01/13","3,223","3,231","3,294","3,171","686.77K","-0.83%"
"2020/01/10","3,250","3,149","3,365","3,149","34.61K","0.12%"
"2020/01/09","3,246","3,322","3,485","3,192","84.64K","0.22%"
"2020/01/08","3,239","3,439","3,554","3,161","102.63K","-5.26%"
"2020/01/07","3,419","3,373","3,440","3,290","77.70K","1.36%"
"2020/01/06","3,373","3,623","3,703","3,304","79.79K","-2.91%"
"2020/01/03","3,474","3,484","3,566","3,389","44.75K","-0.29%"
"2020/01/02","3,484","3,580","3,700","3,352","46.94K","1.22%"
"2019/12/31","3,442","3,442","3,623","3,408","125.73K","0.00%"
"2019/12/30","3,442","3,422","3,602","3,408","47.94K","-2.66%"
"2019/12/27","3,536","3,508","3,550","3,425","23.33K","1.12%"
"2019/12/24","3,497","3,451","3,588","3,451","2.99K","-2.43%"
"2019/12/23","3,584","3,625","3,679","3,453","45.52K","0.84%"
"2019/12/20","3,554","3,736","3,759","3,554","276.85K","-2.42%"
"2019/12/19","3,642","3,789","3,789","3,569","51.43K","0.72%"
"2019/12/18","3,616","3,584","3,686","3,493","128.72K","-0.69%"
"2019/12/17","3,641","3,580","3,786","3,467","224.24K","5.94%"
"2019/12/13","3,437","3,598","3,702","3,395","458.86K","-1.18%"
"2019/12/12","3,478","3,510","3,577","3,410","46.59K","2.05%"
"2019/12/11","3,408","3,416","3,468","3,399","27.19K","-0.47%"
"2019/12/10","3,424","3,356","3,461","3,356","91.39K","-0.15%"
"2019/12/09","3,429","3,796","4,055","3,328","89.45K","-3.00%"
"2019/12/06","3,535","3,521","3,614","3,324","337.50K","5.15%"
"2019/12/05","3,362","3,322","3,623","3,322","224.37K","0.69%"
"2019/12/04","3,339","3,363","3,363","3,287","259.52K","0.78%"
"2019/12/03","3,313","3,288","3,380","3,288","10.82K","-3.02%"
"2019/12/02","3,416","3,585","3,621","3,356","159.71K","0.00%"
"2019/11/29","3,416","3,283","3,653","3,283","143.63K","-0.52%"
"2019/11/28","3,434","3,606","3,606","3,345","85.61K","-0.29%"
"2019/11/27","3,444","3,641","3,641","3,334","73.02K","-0.75%"
"2019/11/26","3,470","3,445","3,550","3,333","295.09K","3.49%"
"2019/11/25","3,353","3,276","3,442","3,275","133.87K","2.29%"
"2019/11/22","3,278","3,382","3,408","3,278","67.37K","-2.82%"
"2019/11/21","3,373","3,321","3,422","3,278","54.88K","3.12%"
"2019/11/20","3,271","3,365","3,365","3,246","28.90K","-0.21%"
"2019/11/19","3,278","3,278","3,445","3,208","148.72K","0.77%"
"2019/11/18","3,253","3,191","3,436","3,094","500.34K","2.20%"
"2019/11/15","3,183","3,091","3,191","3,057","201.26K","2.02%"
"2019/11/14","3,120","3,158","3,171","3,064","64.78K","-1.20%"
"2019/11/13","3,158","3,192","3,192","3,024","87.91K","-0.41%"
"2019/11/12","3,171","3,192","3,512","3,166","729.43K","-0.66%"
"2019/11/11","3,192","3,343","3,447","3,106","319.74K","-4.03%"
"2019/11/08","3,326","3,365","3,515","3,313","40.37K","-0.51%"
"2019/11/07","3,343","3,412","3,413","3,300","261.77K","-1.96%"
"2019/11/06","3,410","3,451","3,468","3,365","89.47K","-0.41%"
"2019/11/05","3,424","3,710","3,877","3,419","135.68K","-3.19%"
"2019/11/04","3,537","3,434","3,623","3,412","124.24K","-0.95%"
"2019/11/01","3,571","3,556","3,684","3,472","50.66K","1.36%"
"2019/10/31","3,523","3,538","3,598","3,519","28.53K","-1.18%"
"2019/10/30","3,565","4,055","4,055","3,408","68.02K","0.31%"
"2019/10/29","3,554","3,813","3,882","3,517","33.46K","-2.28%"
"2019/10/28","3,637","3,748","3,748","3,592","41.79K","-1.99%"
"2019/10/25","3,711","3,628","3,711","3,613","55.05K","2.40%"
"2019/10/24","3,624","3,789","3,789","3,624","24.53K","-1.74%"
"2019/10/23","3,688","3,791","3,791","3,568","75.26K","0.90%"
"2019/10/22","3,655","3,753","3,753","3,575","60.48K","-1.48%"
"2019/10/21","3,710","3,901","3,901","3,455","164.42K","0.51%"
"2019/10/18","3,691","4,206","4,206","3,580","131.27K","-1.65%"
"2019/10/17","3,753","3,710","3,988","3,543","436.97K","1.16%"
"2019/10/16","3,710","3,960","3,960","3,694","155.93K","-1.83%"
"2019/10/15","3,779","3,933","4,011","3,749","57.88K","-2.00%"
"2019/10/14","3,856","3,667","4,102","3,667","51.05K","1.80%"
"2019/10/11","3,788","3,882","4,013","3,714","27.57K","0.66%"
"2019/10/10","3,763","3,843","3,881","3,623","68.78K","1.90%"
"2019/10/09","3,693","3,882","3,969","3,693","78.83K","-2.71%"
"2019/10/08","3,796","3,865","4,224","3,713","103.21K","2.32%"
"2019/10/07","3,710","3,796","3,828","3,586","316.85K","-1.83%"
"2019/10/04","3,779","3,796","3,821","3,762","180.97K","1.04%"
"2019/10/03","3,740","3,796","3,796","3,705","154.99K","-0.35%"
"2019/10/02","3,753","3,818","3,969","3,693","226.78K","-1.70%"
"2019/10/01","3,818","3,959","3,959","3,805","135.63K","-3.56%"
"2019/09/30","3,959","3,991","3,991","3,795","142.06K","0.20%"
"2019/09/27","3,951","4,176","4,176","3,929","110.82K","-3.94%"
"2019/09/26","4,113","4,313","4,433","4,098","202.03K","-1.34%"
"2019/09/25","4,169","3,895","4,400","3,580","488.21K","10.35%"
"2019/09/23","3,778","3,873","3,933","3,753","336.20K","-0.74%"
"2019/09/20","3,806","3,928","3,932","3,711","466.89K","-2.66%"
"2019/09/19","3,910","3,908","4,052","3,831","1.48M","0.05%"
"2019/09/18","3,908","3,882","4,167","3,838","252.04K","-1.21%"
"2019/09/17","3,956","3,997","4,093","3,899","115.03K","0.00%"
"2019/09/16","3,956","4,098","4,131","3,956","97.81K","-2.99%"
"2019/09/13","4,078","4,098","4,098","3,894","47.77K","5.05%"
"2019/09/12","3,882","3,989","4,009","3,873","613.23K","0.34%"
"2019/09/11","3,869","3,800","3,926","3,800","91.90K","0.34%"
"2019/09/10","3,856","3,874","4,094","3,799","217.75K","-0.21%"
"2019/09/09","3,864","3,969","4,038","3,806","452.11K","1.55%"
"2019/09/06","3,805","3,918","4,097","3,779","55.29K","-0.76%"
"2019/09/05","3,834","3,667","4,046","3,667","256.69K","-1.69%"
"2019/09/04","3,900","3,442","3,911","3,340","170.56K","11.30%"
"2019/09/03","3,504","3,537","3,870","3,287","82.25K","-5.88%"
"2019/09/02","3,723","3,390","3,855","3,224","299.16K","10.94%"
"2019/08/30","3,356","3,374","3,378","3,331","130.22K","0.66%"
"2019/08/29","3,334","3,322","3,353","3,265","299.93K","0.76%"
"2019/08/28","3,309","3,451","3,451","3,215","826.75K","-2.42%"
"2019/08/27","3,391","3,624","3,624","3,283","208.11K","-3.09%"
"2019/08/26","3,499","3,496","3,742","3,410","156.35K","-2.04%"
"2019/08/23","3,572","3,752","3,752","3,560","90.13K","-1.16%"
"2019/08/22","3,614","3,667","3,687","3,539","170.38K","1.89%"
"2019/08/21","3,547","3,537","3,605","3,537","9.38K","-1.94%"
"2019/08/20","3,617","3,667","3,667","3,534","48.02K","2.00%"
"2019/08/19","3,546","3,537","3,667","3,536","43.83K","1.23%"
"2019/08/16","3,503","3,451","3,515","3,439","71.66K","1.51%"
"2019/08/15","3,451","3,366","3,639","3,366","227.80K","-2.21%"
"2019/08/14","3,529","3,454","3,914","3,454","150.49K","-6.76%"
"2019/08/13","3,785","3,495","3,882","3,495","103.72K","-2.52%"
"2019/08/12","3,883","3,753","3,946","3,537","458.81K","-1.07%"
"2019/08/08","3,925","3,849","3,969","3,735","114.45K","-0.78%"
"2019/08/07","3,956","4,045","4,045","3,895","122.93K","1.67%"
"2019/08/06","3,891","3,731","4,107","3,635","250.58K","4.29%"
"2019/08/05","3,731","4,037","4,227","3,565","106.36K","-4.80%"
"2019/08/02","3,919","3,839","3,920","3,494","36.67K","-0.84%"
"2019/08/01","3,952","4,007","4,117","3,884","13.52K","-0.95%"
"2019/07/31","3,990","4,088","4,088","3,930","33.69K","-2.64%"
"2019/07/30","4,098","4,271","4,313","4,056","24.25K","0.42%"
"2019/07/29","4,081","4,161","4,161","4,055","91.24K","-0.95%"
"2019/07/26","4,120","4,141","4,141","4,102","93.47K","-1.34%"
"2019/07/25","4,176","4,105","4,259","4,102","181.54K","1.06%"
"2019/07/24","4,132","4,141","4,148","4,103","237.68K","0.61%"
"2019/07/23","4,107","4,132","4,132","4,097","33.31K","-0.29%"
"2019/07/22","4,119","4,141","4,141","4,098","16.84K","-0.22%"
"2019/07/19","4,128","4,121","4,356","4,057","214.15K","1.28%"
"2019/07/18","4,076","4,098","4,314","4,023","138.62K","0.20%"
"2019/07/17","4,068","4,219","4,219","4,028","162.27K","-3.62%"
"2019/07/16","4,221","3,969","4,335","3,840","57.06K","2.15%"
"2019/07/15","4,132","4,012","4,201","3,904","73.83K","-1.45%"
"2019/07/12","4,193","4,314","4,653","4,193","12.53K","-2.96%"
"2019/07/11","4,321","4,400","4,572","4,134","94.55K","3.03%"
"2019/07/10","4,194","4,400","4,585","4,164","124.36K","-0.29%"
"2019/07/09","4,206","4,245","4,245","4,183","48.76K","-0.92%"
"2019/07/08","4,245","4,347","4,347","4,198","49.10K","1.19%"
"2019/07/05","4,195","4,390","4,481","4,151","88.00K","-2.76%"
"2019/07/04","4,314","4,529","4,529","4,308","55.37K","-0.05%"
"2019/07/03","4,316","4,315","4,698","4,294","55.36K","-2.00%"
"2019/07/02","4,404","4,507","4,633","4,312","41.72K","0.39%"
"2019/07/01","4,387","4,314","4,468","4,305","36.38K","1.39%"
"2019/06/28","4,327","4,529","4,659","4,315","53.87K","0.12%"
"2019/06/27","4,322","4,521","4,918","4,279","58.24K","0.19%"
"2019/06/26","4,314","4,529","4,745","4,272","85.27K","-0.67%"
"2019/06/25","4,343","4,353","4,511","4,315","57.70K","-0.69%"
"2019/06/24","4,373","4,400","4,477","4,340","84.12K","-2.34%"
"2019/06/21","4,478","4,391","4,583","4,347","1.06M","-0.04%"
"2019/06/20","4,480","4,211","4,480","4,211","127.13K","4.43%"
"2019/06/19","4,290","4,361","4,573","4,212","82.52K","1.18%"
"2019/06/18","4,240","4,348","4,534","4,163","119.86K","-2.48%"
"2019/06/14","4,348","4,348","4,534","4,327","182.20K","0.00%"
"2019/06/13","4,348","4,528","4,528","4,269","135.05K","-0.21%"
"2019/06/12","4,357","4,575","4,575","4,298","221.27K","-2.07%"
"2019/06/11","4,449","4,516","4,577","4,406","82.76K","-2.80%"
"2019/06/10","4,577","4,555","4,590","4,516","78.06K","1.24%"
"2019/06/07","4,521","4,591","4,594","4,377","72.54K","-1.50%"
"2019/06/06","4,590","4,595","4,598","4,551","99.92K","-0.17%"
"2019/06/05","4,598","4,572","4,598","4,557","50.67K","0.00%"
"2019/06/04","4,598","4,676","4,676","4,572","100.62K","-1.42%"
"2019/06/03","4,664","4,830","5,035","4,584","39.39K","0.11%"
"2019/05/31","4,659","4,574","4,874","4,538","56.30K","1.90%"
"2019/05/30","4,572","4,616","4,882","4,185","861.15K","3.18%"
"2019/05/29","4,431","4,698","4,698","4,431","90.08K","-3.08%"
"2019/05/28","4,572","4,745","4,965","4,365","684.71K","0.37%"
"2019/05/27","4,555","4,745","5,004","4,363","100.31K","0.18%"
"2019/05/24","4,547","4,745","4,827","4,494","86.14K","-0.74%"
"2019/05/23","4,581","4,555","4,689","4,531","68.78K","0.07%"
"2019/05/22","4,578","4,881","4,991","4,536","57.88K","-1.53%"
"2019/05/21","4,649","4,874","5,086","4,503","114.21K","-0.49%"
"2019/05/20","4,672","4,918","5,108","4,466","73.33K","-0.30%"
"2019/05/17","4,686","4,934","5,109","4,642","23.64K","-0.28%"
"2019/05/16","4,699","4,745","4,831","4,623","126.58K","-1.36%"
"2019/05/15","4,764","4,891","5,101","4,649","278.54K","2.25%"
"2019/05/14","4,659","5,052","5,052","4,617","424.86K","-3.18%"
"2019/05/13","4,812","4,814","4,814","4,662","79.00K","-0.04%"
"2019/05/10","4,814","4,942","5,108","4,677","90.70K","2.27%"
"2019/05/09","4,707","5,109","5,109","4,698","201.92K","-3.84%"
"2019/05/07","4,895","5,047","5,090","4,809","131.60K","-3.01%"
"2019/05/06","5,047","4,978","5,047","4,849","88.44K","1.41%"
"2019/05/03","4,977","5,176","5,176","4,935","71.56K","-2.62%"
"2019/05/02","5,111","4,824","5,176","4,764","402.55K","7.92%"
"2019/04/30","4,736","4,616","4,745","4,484","416.26K","6.62%"
"2019/04/29","4,442","4,633","4,633","4,399","119.65K","0.61%"
"2019/04/26","4,415","4,357","4,415","4,357","70.00K","-0.34%"
"2019/04/25","4,430","4,400","4,453","4,272","76.30K","0.29%"
"2019/04/24","4,417","4,400","4,486","4,332","235.24K","0.39%"
"2019/04/23","4,400","4,529","4,745","4,228","165.70K","-2.29%"
"2019/04/18","4,503","4,486","4,777","4,375","59.07K","2.34%"
"2019/04/17","4,400","4,400","4,443","4,322","203.73K","0.99%"
"2019/04/16","4,357","4,227","4,400","4,184","697.84K","3.12%"
"2019/04/15","4,225","4,314","4,314","4,087","129.90K","0.14%"
"2019/04/12","4,219","4,250","4,290","4,141","122.06K","-1.22%"
"2019/04/11","4,271","4,486","4,616","4,019","901.90K","-1.00%"
"2019/04/10","4,314","4,433","4,433","4,100","469.63K","-1.66%"
"2019/04/09","4,387","4,529","4,529","4,185","63.40K","-1.90%"
"2019/04/08","4,472","4,702","4,988","4,413","64.88K","-3.91%"
"2019/04/05","4,654","4,577","4,767","4,499","248.57K","1.68%"
"2019/04/04","4,577","4,589","4,702","4,402","104.99K","0.11%"
"2019/04/03","4,572","4,745","4,745","4,535","177.16K","-0.15%"
"2019/04/02","4,579","4,961","4,961","4,573","45.07K","-5.20%"
"2019/04/01","4,830","4,918","5,002","4,625","62.28K","2.79%"
"2019/03/29","4,699","4,874","4,874","4,654","127.70K","0.30%"
"2019/03/28","4,685","4,616","4,705","4,547","535.70K","-0.36%"
"2019/03/27","4,702","4,831","4,831","4,646","42.80K","-1.45%"
"2019/03/26","4,771","4,918","4,988","4,733","56.83K","-3.64%"
"2019/03/25","4,951","5,082","5,082","4,939","70.74K","-2.06%"
"2019/03/22","5,055","5,089","5,112","4,980","505.95K","-0.77%"
"2019/03/20","5,094","5,038","5,164","5,038","318.68K","1.11%"
"2019/03/19","5,038","5,094","5,094","4,999","127.47K","2.25%"
"2019/03/18","4,927","4,874","4,934","4,793","111.40K","1.36%"
"2019/03/15","4,861","4,787","4,861","4,767","147.59K","1.55%"
"2019/03/14","4,787","4,799","4,958","4,711","515.49K","-3.57%"
"2019/03/13","4,964","4,798","5,089","4,798","545.76K","3.46%"
"2019/03/12","4,798","4,880","4,918","4,798","101.00K","-2.08%"
"2019/03/11","4,900","5,006","5,021","4,881","59.51K","-2.93%"
"2019/03/08","5,048","4,962","5,094","4,962","111.21K","-0.83%"
"2019/03/07","5,090","5,151","5,151","5,003","146.59K","-1.17%"
"2019/03/06","5,150","5,177","5,184","5,090","82.04K","-0.60%"
"2019/03/05","5,181","5,197","5,214","5,176","96.45K","-0.75%"
"2019/03/04","5,220","5,391","5,391","5,142","58.29K","-1.21%"
"2019/03/01","5,284","5,177","5,444","5,177","49.31K","-2.78%"
"2019/02/28","5,435","5,392","5,435","5,265","92.32K","2.88%"
"2019/02/27","5,283","5,295","5,304","5,256","95.71K","-0.99%"
"2019/02/26","5,336","5,176","5,371","5,176","30.08K","0.32%"
"2019/02/25","5,319","5,327","5,364","5,176","142.06K","2.25%"
"2019/02/22","5,202","5,345","5,345","5,176","17.02K","0.08%"
"2019/02/21","5,198","5,047","5,260","5,047","140.30K","2.97%"
"2019/02/20","5,048","5,004","5,156","5,004","17.77K","0.02%"
"2019/02/19","5,047","5,004","5,176","4,788","27.08K","-1.66%"
"2019/02/18","5,132","5,004","5,132","5,004","31.67K","1.89%"
"2019/02/15","5,037","5,004","5,176","5,004","7.04K","-1.37%"
"2019/02/14","5,107","5,005","5,177","5,005","65.74K","0.67%"
"2019/02/13","5,073","5,185","5,195","5,004","125.52K","-0.41%"
"2019/02/12","5,094","5,005","5,208","5,005","78.68K","0.06%"
"2019/02/11","5,091","5,025","5,230","5,025","49.27K","-1.39%"
"2019/02/08","5,163","5,302","5,302","5,128","121.80K","2.20%"
"2019/02/07","5,052","5,013","5,207","5,013","67.58K","-2.79%"
"2019/02/06","5,197","5,012","5,300","5,012","131.63K","-2.05%"
"2019/02/05","5,306","4,918","5,306","4,918","94.97K","7.71%"
"2019/02/04","4,926","4,839","4,951","4,839","108.96K","-0.71%"
"2019/02/01","4,961","5,004","5,154","4,939","328.39K","-2.15%"
"2019/01/31","5,070","5,220","5,263","5,070","227.17K","-2.87%"
"2019/01/30","5,220","5,204","5,358","5,147","33.00K","-1.45%"
"2019/01/29","5,297","5,255","5,435","5,255","41.72K","-1.21%"
"2019/01/28","5,362","5,349","5,422","5,281","343.23K","1.04%"
"2019/01/25","5,307","5,220","5,434","5,220","97.70K","-1.89%"
"2019/01/24","5,409","5,201","5,435","5,201","50.52K","2.02%"
"2019/01/23","5,302","5,177","5,530","5,177","29.70K","-1.98%"
"2019/01/22","5,409","5,435","5,475","5,390","29.74K","2.27%"
"2019/01/21","5,289","5,157","5,425","5,157","28.66K","-1.12%"
"2019/01/18","5,349","5,207","5,359","5,207","25.49K","2.73%"
"2019/01/17","5,207","5,233","5,468","5,207","19.06K","-3.05%"
"2019/01/16","5,371","5,349","5,478","5,349","26.51K","-1.83%"
"2019/01/15","5,471","5,236","5,526","5,236","27.92K","0.02%"
"2019/01/14","5,470","5,521","5,525","5,339","112.18K","0.53%"
"2019/01/11","5,441","5,246","5,526","5,246","35.30K","-0.31%"
"2019/01/10","5,458","5,289","5,580","5,289","154.00K","-0.13%"
"2019/01/09","5,465","5,234","5,529","5,234","155.30K","-0.15%"
"2019/01/08","5,473","5,245","5,539","5,245","20.61K","-0.13%"
"2019/01/07","5,480","5,598","5,598","5,417","37.61K","-0.04%"
"2019/01/04","5,482","5,263","5,504","5,251","24.50K","-0.02%"
"2019/01/03","5,483","5,542","5,542","5,267","73.48K","-0.38%"
"2019/01/02","5,504","5,496","5,526","5,459","278.78K","1.27%"
"2018/12/31","5,435","5,494","5,494","5,250","79.62K","1.19%"
"2018/12/28","5,371","5,233","5,438","5,233","186.36K","0.41%"
"2018/12/27","5,349","5,316","5,349","5,292","79.11K","0.55%"
"2018/12/24","5,320","5,230","5,433","5,230","56.38K","-2.60%"
"2018/12/21","5,462","5,229","5,494","5,229","173.26K","1.88%"
"2018/12/20","5,361","5,229","5,433","5,229","24.94K","0.43%"
"2018/12/19","5,338","5,220","5,349","5,220","34.06K","0.49%"
"2018/12/18","5,312","5,176","5,477","5,176","82.01K","-2.25%"
"2018/12/14","5,434","5,262","5,520","5,181","88.70K","-1.13%"
"2018/12/13","5,496","5,463","5,663","5,350","363.94K","3.11%"
"2018/12/12","5,330","5,435","5,435","5,125","180.08K","0.91%"
"2018/12/11","5,282","5,064","5,464","5,064","315.86K","-0.38%"
"2018/12/10","5,302","5,320","5,327","5,265","103.73K","-0.34%"
"2018/12/07","5,320","5,090","5,435","5,090","123.79K","-0.54%"
"2018/12/06","5,349","5,263","5,392","5,180","94.94K","1.33%"
"2018/12/05","5,279","5,262","5,284","5,250","277.49K","0.65%"
"2018/12/04","5,245","5,129","5,304","5,006","517.15K","2.26%"
"2018/12/03","5,129","5,003","5,220","5,003","94.70K","-0.95%"
"2018/11/30","5,178","5,176","5,178","5,071","89.05K","1.47%"
"2018/11/29","5,103","5,009","5,241","5,009","130.73K","-0.25%"
"2018/11/28","5,116","4,961","5,143","4,961","20.60K","0.37%"
"2018/11/27","5,097","5,062","5,301","4,918","82.77K","0.06%"
"2018/11/26","5,094","5,090","5,249","5,013","79.85K","2.72%"
"2018/11/23","4,959","5,018","5,263","4,959","107.78K","-1.92%"
"2018/11/22","5,056","5,176","5,262","5,029","112.37K","-2.32%"
"2018/11/21","5,176","5,117","5,254","5,112","52.73K","-1.63%"
"2018/11/20","5,262","5,345","5,347","5,194","10.25K","-1.00%"
"2018/11/19","5,315","5,159","5,349","5,116","43.42K","0.74%"
"2018/11/16","5,276","5,176","5,347","5,170","35.91K","1.93%"
"2018/11/15","5,176","5,133","5,349","5,004","349.27K","0.84%"
"2018/11/14","5,133","5,004","5,228","4,965","322.35K","-1.25%"
"2018/11/13","5,198","5,340","5,340","5,005","696.77K","0.15%"
"2018/11/12","5,190","5,176","5,521","5,089","132.19K","-2.32%"
"2018/11/09","5,313","5,098","5,547","5,093","13.72K","-0.38%"
"2018/11/08","5,333","5,176","5,358","5,091","140.60K","-0.21%"
"2018/11/07","5,344","5,159","5,349","5,107","355.14K","0.64%"
"2018/11/06","5,310","5,435","5,435","5,266","35.35K","-0.60%"
"2018/11/05","5,342","5,092","5,478","5,091","68.44K","-0.06%"
"2018/11/02","5,345","5,073","5,522","5,047","212.66K","1.98%"
"2018/11/01","5,241","5,132","5,258","5,076","219.09K","3.23%"
"2018/10/31","5,077","5,198","5,198","5,068","202.90K","-0.02%"
"2018/10/30","5,078","5,042","5,134","5,042","228.96K","0.61%"
"2018/10/29","5,047","5,000","5,090","4,961","174.72K","1.84%"
"2018/10/26","4,956","5,025","5,025","4,914","607.34K","-0.96%"
"2018/10/25","5,004","5,064","5,064","4,922","1.91M","-0.75%"
"2018/10/24","5,042","5,055","5,091","5,017","146.80K","0.60%"
"2018/10/23","5,012","4,918","5,064","4,918","51.77K","-0.26%"
"2018/10/22","5,025","5,090","5,090","4,849","197.71K","-0.87%"
"2018/10/19","5,069","5,005","5,082","5,005","319.55K","0.66%"
"2018/10/18","5,036","5,168","5,175","4,999","99.35K","-1.06%"
"2018/10/17","5,090","5,293","5,435","5,025","215.61K","-0.16%"
"2018/10/16","5,098","5,123","5,651","4,927","102.11K","-0.49%"
"2018/10/15","5,123","5,176","5,435","5,013","138.60K","-0.99%"
"2018/10/12","5,174","5,194","5,521","5,094","1.04M","-0.69%"
"2018/10/11","5,210","5,487","5,668","5,176","390.17K","-1.55%"
"2018/10/10","5,292","5,565","5,668","5,182","81.27K","-0.58%"
"2018/10/09","5,323","5,222","5,668","5,221","337.62K","1.97%"
"2018/10/08","5,220","5,306","5,350","5,176","263.84K","-0.08%"
"2018/10/05","5,224","5,190","5,349","5,176","39.56K","-0.50%"
"2018/10/04","5,250","5,220","5,320","5,172","183.94K","0.57%"
"2018/10/03","5,220","5,184","5,333","5,182","19.10K","-0.34%"
"2018/10/02","5,238","5,348","5,348","5,182","30.10K","-1.43%"
"2018/10/01","5,314","5,004","5,333","5,004","85.60K","1.74%"
"2018/09/28","5,223","5,228","5,344","5,173","186.05K","-0.10%"
"2018/09/27","5,228","5,258","5,348","5,151","156.43K","-0.46%"
"2018/09/26","5,252","5,263","5,327","5,220","53.19K","1.47%"
"2018/09/25","5,176","5,218","5,271","5,172","205.78K","0.00%"
"2018/09/21","5,176","4,978","5,232","4,943","241.30K","-0.23%"
"2018/09/20","5,188","5,250","5,250","4,925","134.81K","0.23%"
"2018/09/19","5,176","5,287","5,287","5,133","80.81K","-0.15%"
"2018/09/18","5,184","5,133","5,280","5,125","187.15K","1.49%"
"2018/09/17","5,108","5,005","5,131","5,005","72.69K","1.03%"
"2018/09/14","5,056","5,103","5,118","5,056","163.12K","0.00%"
"2018/09/13","5,056","5,176","5,176","5,047","422.14K","-0.30%"
"2018/09/12","5,071","5,047","5,157","4,999","83.33K","0.48%"
"2018/09/11","5,047","5,035","5,147","5,004","117.68K","0.24%"
"2018/09/10","5,035","4,961","5,169","4,961","442.74K","1.49%"
"2018/09/07","4,961","4,926","5,008","4,881","557.28K","2.37%"
"2018/09/06","4,846","4,926","4,926","4,789","43.36K","0.31%"
"2018/09/05","4,831","4,991","4,991","4,788","153.43K","-0.90%"
"2018/09/04","4,875","4,961","5,148","4,831","169.27K","-1.38%"
"2018/09/03","4,943","4,581","5,125","4,572","359.31K","7.08%"
"2018/08/31","4,616","4,672","4,701","4,581","62.39K","-1.20%"
"2018/08/30","4,672","4,745","4,745","4,581","83.35K","1.21%"
"2018/08/29","4,616","4,582","4,706","4,572","486.09K","0.37%"
"2018/08/28","4,599","4,788","4,788","4,582","35.94K","-1.37%"
"2018/08/27","4,663","4,659","4,780","4,623","102.61K","-0.21%"
"2018/08/24","4,673","4,620","4,781","4,607","107.69K","1.15%"
"2018/08/23","4,620","4,612","4,745","4,315","82.13K","-1.93%"
"2018/08/22","4,711","4,745","4,992","4,676","710.62K","-3.92%"
"2018/08/21","4,903","4,880","5,125","4,744","161.82K","-0.49%"
"2018/08/20","4,927","4,918","5,000","4,893","122.14K","-0.71%"
"2018/08/17","4,962","4,833","5,000","4,833","25.50K","0.04%"
"2018/08/16","4,960","4,831","5,125","4,831","128.80K","0.67%"
"2018/08/15","4,927","4,760","5,003","4,760","134.06K","-1.04%"
"2018/08/14","4,979","5,047","5,047","4,771","126.58K","-1.03%"
"2018/08/13","5,031","4,998","5,047","4,758","33.11K","0.12%"
"2018/08/10","5,025","5,090","5,090","5,004","47.08K","0.10%"
"2018/08/08","5,020","5,004","5,094","5,004","23.16K","-0.36%"
"2018/08/07","5,038","5,047","5,119","5,016","508.55K","-1.18%"
"2018/08/06","5,098","5,091","5,124","5,048","38.71K","-0.33%"
"2018/08/03","5,115","5,116","5,199","5,092","89.27K","-0.20%"
"2018/08/02","5,125","5,220","5,276","5,075","128.65K","0.25%"
"2018/08/01","5,112","5,263","5,263","5,091","143.11K","0.39%"
"2018/07/31","5,092","5,286","5,286","5,048","42.28K","-1.01%"
"2018/07/30","5,144","5,103","5,201","5,073","104.84K","0.18%"
"2018/07/27","5,135","5,287","5,287","5,091","120.63K","0.21%"
"2018/07/26","5,124","5,287","5,287","5,090","310.68K","-0.62%"
"2018/07/25","5,156","5,133","5,236","5,017","101.77K","1.30%"
"2018/07/24","5,090","5,287","5,287","5,033","49.62K","-0.68%"
"2018/07/23","5,125","5,018","5,284","5,017","113.70K","0.51%"
"2018/07/20","5,099","5,068","5,276","5,028","30.05K","0.61%"
"2018/07/19","5,068","5,004","5,284","5,004","116.41K","1.28%"
"2018/07/18","5,004","5,194","5,219","5,004","61.63K","-1.28%"
"2018/07/17","5,069","5,283","5,283","4,994","42.52K","-0.06%"
"2018/07/16","5,072","5,220","5,297","5,003","230.30K","-0.20%"
"2018/07/13","5,082","5,100","5,335","5,030","90.79K","-0.35%"
"2018/07/12","5,100","5,349","5,349","5,086","9.70K","-0.25%"
"2018/07/11","5,113","5,349","5,349","5,076","46.17K","-2.76%"
"2018/07/10","5,258","5,305","5,305","5,177","20.63K","-0.10%"
"2018/07/09","5,263","5,285","5,286","5,075","44.67K","2.10%"
"2018/07/06","5,155","5,284","5,322","5,121","78.21K","-3.32%"
"2018/07/05","5,332","5,176","5,374","5,176","69.41K","0.98%"
"2018/07/04","5,280","5,392","5,427","5,199","140.24K","0.72%"
"2018/07/03","5,242","5,251","5,288","5,163","141.00K","-0.17%"
"2018/07/02","5,251","5,426","5,426","5,157","108.48K","-0.36%"
"2018/06/29","5,270","5,069","5,429","5,069","184.45K","1.56%"
"2018/06/28","5,189","5,074","5,250","5,074","453.25K","0.02%"
"2018/06/27","5,188","5,004","5,240","5,004","431.43K","0.86%"
"2018/06/26","5,144","5,006","5,158","5,005","246.16K","0.16%"
"2018/06/25","5,136","5,133","5,148","5,069","479.52K","-0.04%"
"2018/06/22","5,138","5,128","5,188","5,128","57.72K","0.08%"
"2018/06/21","5,134","5,138","5,198","5,107","435.36K","-1.91%"
"2018/06/20","5,234","5,176","5,320","5,176","258.83K","0.11%"
"2018/06/19","5,228","5,133","5,280","5,115","239.24K","0.60%"
"2018/06/18","5,197","5,176","5,243","5,176","536.46K","-0.44%"
"2018/06/15","5,220","5,113","5,263","5,092","421.43K","0.99%"
"2018/06/14","5,169","4,966","5,265","4,966","376.34K","2.42%"
"2018/06/13","5,047","5,138","5,194","5,004","510.36K","-3.31%"
"2018/06/12","5,220","5,199","5,289","5,183","76.89K","-1.21%"
"2018/06/11","5,284","5,176","5,317","5,176","217.68K","0.40%"
"2018/06/08","5,263","5,340","5,349","5,199","579.08K","-2.70%"
"2018/06/07","5,409","5,458","5,540","5,392","411.21K","-1.69%"
"2018/06/06","5,502","5,539","5,597","5,406","154.11K","1.85%"
"2018/06/05","5,402","5,613","5,686","5,402","861.45K","-6.54%"
"2018/06/04","5,780","5,721","5,862","5,609","179.03K","1.23%"
"2018/06/01","5,710","5,870","5,945","5,694","180.06K","-2.68%"
"2018/05/31","5,867","5,716","5,978","5,716","488.16K","1.28%"
"2018/05/30","5,793","5,737","5,798","5,677","245.11K","-0.62%"
"2018/05/29","5,829","5,663","5,845","5,663","536.37K","-0.21%"
"2018/05/28","5,841","5,760","5,892","5,608","223.82K","-0.15%"
"2018/05/25","5,850","5,556","5,850","5,556","170.47K","0.46%"
"2018/05/24","5,823","5,787","5,925","5,521","610.60K","-0.75%"
"2018/05/23","5,867","5,798","5,999","5,785","690.72K","-0.73%"
"2018/05/22","5,910","5,910","5,995","5,868","526.59K","0.00%"
"2018/05/21","5,910","5,996","5,996","5,829","147.39K","-1.43%"
"2018/05/18","5,996","5,779","5,996","5,742","302.84K","2.20%"
"2018/05/17","5,867","5,694","5,944","5,694","266.59K","-0.36%"
"2018/05/16","5,888","5,527","5,888","5,527","93.84K","25.52%"
"2018/05/15","4,691","4,346","4,755","4,277","1.97M","3.03%"
"2018/05/14","4,553","4,210","4,735","4,210","1.03M","4.38%"
"2018/05/11","4,362","4,415","4,415","4,139","100.41K","0.37%"
"2018/05/10","4,346","4,294","4,506","4,294","2.13M","-1.79%"
"2018/05/09","4,425","4,277","4,546","4,277","97.26K","3.46%"
"2018/05/08","4,277","4,070","4,368","4,070","843.56K","2.84%"
"2018/05/07","4,159","4,015","4,262","3,974","163.60K","0.48%"
"2018/05/04","4,139","4,074","4,553","4,074","125.60K","1.25%"
"2018/05/03","4,088","3,905","4,125","3,905","67.83K","2.92%"
"2018/05/02","3,972","3,905","4,139","3,905","90.07K","1.72%"
"2018/04/30","3,905","3,998","4,134","3,905","188.78K","-0.31%"
"2018/04/26","3,917","3,826","3,973","3,826","53.70K","-0.36%"
"2018/04/25","3,931","3,750","4,000","3,750","226.52K","3.50%"
"2018/04/24","3,798","3,750","3,863","3,750","59.73K","-1.43%"
"2018/04/23","3,853","3,932","3,932","3,750","26.89K","2.80%"
"2018/04/20","3,748","3,968","3,973","3,748","135.99K","-5.64%"
"2018/04/19","3,972","3,973","3,973","3,868","23.81K","1.17%"
"2018/04/18","3,926","3,733","3,973","3,733","68.87K","2.67%"
"2018/04/17","3,824","3,730","3,844","3,730","350.67K","1.16%"
"2018/04/16","3,780","3,911","3,911","3,729","151.25K","-2.07%"
"2018/04/13","3,860","3,828","3,899","3,824","83.53K","1.29%"
"2018/04/12","3,811","3,801","3,915","3,801","314.56K","-0.65%"
"2018/04/11","3,836","3,966","3,966","3,793","86.73K","-2.49%"
"2018/04/10","3,934","3,909","3,945","3,856","108.90K","-0.35%"
"2018/04/09","3,948","3,908","3,970","3,794","430.33K","1.00%"
"2018/04/06","3,909","3,970","3,970","3,839","109.64K","1.61%"
"2018/04/05","3,847","3,949","3,949","3,829","133.17K","0.50%"
"2018/04/04","3,828","3,915","3,915","3,759","201.16K","-2.07%"
"2018/04/03","3,909","3,918","4,035","3,887","156.36K","-1.01%"
"2018/03/29","3,949","3,918","3,981","3,918","132.88K","0.79%"
"2018/03/28","3,918","4,001","4,027","3,888","138.58K","-3.12%"
"2018/03/27","4,044","3,987","4,082","3,967","251.21K","1.07%"
"2018/03/26","4,001","4,070","4,106","4,001","467.68K","-2.20%"
"2018/03/23","4,091","4,001","4,109","4,001","91.00K","0.89%"
"2018/03/22","4,055","4,001","4,102","4,001","224.41K","0.50%"
"2018/03/20","4,035","4,001","4,104","4,001","255.13K","0.85%"
"2018/03/19","4,001","4,104","4,104","3,970","489.05K","-2.51%"
"2018/03/16","4,104","4,057","4,128","4,055","261.46K","1.18%"
"2018/03/15","4,056","4,050","4,166","4,030","218.04K","0.15%"
"2018/03/14","4,050","4,157","4,157","4,039","196.79K","-3.73%"
"2018/03/13","4,207","4,208","4,246","4,157","197.89K","-0.36%"
"2018/03/12","4,222","4,315","4,315","4,138","282.28K","-6.03%"
"2018/03/09","4,493","4,539","4,560","4,452","124.95K","-1.47%"
"2018/03/08","4,560","4,484","4,590","4,484","77.00K","1.69%"
"2018/03/07","4,484","4,435","4,573","4,435","137.40K","1.10%"
"2018/03/06","4,435","4,517","4,517","4,407","254.35K","-0.94%"
"2018/03/05","4,477","4,518","4,656","4,313","106.69K","-0.91%"
"2018/03/02","4,518","4,456","4,553","4,453","111.25K","0.76%"
"2018/03/01","4,484","4,690","4,690","4,435","182.05K","-1.52%"
"2018/02/28","4,553","4,710","4,710","4,449","93.24K","-0.09%"
"2018/02/27","4,557","4,453","4,689","4,453","81.35K","-2.40%"
"2018/02/26","4,669","4,415","4,758","4,415","170.58K","3.37%"
"2018/02/23","4,517","4,415","4,517","4,415","9.91K","1.53%"
"2018/02/22","4,449","4,415","4,513","4,319","70.97K","1.58%"
"2018/02/21","4,380","4,622","4,622","4,277","121.08K","-1.33%"
"2018/02/20","4,439","4,689","4,689","4,139","133.17K","1.35%"
"2018/02/19","4,380","4,484","4,484","4,346","48.47K","-0.79%"
"2018/02/16","4,415","4,691","4,791","4,104","977.27K","-6.22%"
"2018/02/15","4,708","4,484","4,794","4,484","368.11K","5.68%"
"2018/02/14","4,455","4,382","4,549","4,174","131.45K","1.67%"
"2018/02/13","4,382","4,396","4,396","4,181","198.60K","1.11%"
"2018/02/12","4,334","4,311","4,393","4,112","128.37K","0.53%"
"2018/02/09","4,311","4,311","4,359","4,139","127.92K","0.00%"
"2018/02/08","4,311","4,208","4,311","4,197","216.27K","2.77%"
"2018/02/07","4,195","4,139","4,211","4,105","279.79K","-0.31%"
"2018/02/06","4,208","4,127","4,238","4,088","688.44K","-1.61%"
"2018/02/05","4,277","4,284","4,330","4,262","170.37K","-2.46%"
"2018/02/02","4,385","4,587","4,587","4,385","231.88K","-2.99%"
"2018/02/01","4,520","4,626","4,626","4,513","303.76K","-1.35%"
"2018/01/31","4,582","4,621","4,653","4,570","339.73K","-0.84%"
"2018/01/30","4,621","4,670","4,766","4,586","187.65K","-2.35%"
"2018/01/29","4,732","4,808","4,817","4,707","242.27K","-1.31%"
"2018/01/26","4,795","4,808","4,808","4,724","133.70K","1.63%"
"2018/01/25","4,718","4,725","4,782","4,671","195.95K","0.58%"
"2018/01/24","4,691","4,691","4,714","4,656","140.97K","0.75%"
"2018/01/23","4,656","4,587","4,691","4,586","150.75K","2.26%"
"2018/01/22","4,553","4,585","4,586","4,519","245.47K","0.75%"
"2018/01/19","4,519","4,677","4,725","4,484","233.80K","-0.75%"
"2018/01/18","4,553","4,553","4,553","4,484","257.11K","1.54%"
"2018/01/17","4,484","4,586","4,586","4,464","300.36K","-2.22%"
"2018/01/16","4,586","4,504","4,656","4,497","335.64K","-0.78%"
"2018/01/15","4,622","4,484","4,691","4,450","181.29K","-1.47%"
"2018/01/12","4,691","4,449","4,691","4,449","104.88K","3.03%"
"2018/01/11","4,553","4,281","4,553","4,281","93.46K","1.13%"
"2018/01/10","4,502","4,477","4,502","4,311","624.84K","0.56%"
"2018/01/09","4,477","4,311","4,484","4,243","775.64K","4.41%"
"2018/01/08","4,288","4,188","4,361","4,175","305.55K","2.73%"
"2018/01/05","4,174","4,187","4,193","4,144","76.27K","0.85%"
"2018/01/04","4,139","4,139","4,225","4,139","150.22K","-1.55%"
"2018/01/03","4,204","4,139","4,239","4,139","138.95K","1.57%"
"2018/01/02","4,139","4,235","4,249","4,139","160.53K","-0.77%"
"2017/12/29","4,171","4,056","4,235","4,056","225.33K","-1.56%"
"2017/12/28","4,237","4,156","4,311","4,139","77.91K","1.92%"
"2017/12/27","4,157","4,311","4,311","4,137","113.76K","-4.50%"
"2017/12/22","4,353","4,104","4,390","4,104","61.15K","1.78%"
"2017/12/21","4,277","4,242","4,351","4,242","232.93K","-1.59%"
"2017/12/20","4,346","4,389","4,389","4,246","110.61K","-0.98%"
"2017/12/19","4,389","4,415","4,553","4,140","433.00K","-0.59%"
"2017/12/18","4,415","4,131","4,415","4,131","838.56K","6.87%"
"2017/12/15","4,131","3,897","4,131","3,870","499.63K","6.00%"
"2017/12/14","3,897","3,959","3,959","3,691","215.19K","3.29%"
"2017/12/13","3,773","3,987","3,987","3,759","152.06K","-0.68%"
"2017/12/12","3,799","3,863","3,863","3,690","342.18K","-1.66%"
"2017/12/11","3,863","3,690","3,868","3,522","431.37K","-0.03%"
"2017/12/08","3,864","3,732","3,897","3,732","168.49K","2.38%"
"2017/12/07","3,774","3,732","3,893","3,731","441.15K","1.04%"
"2017/12/06","3,735","3,918","3,932","3,725","464.30K","-5.01%"
"2017/12/05","3,932","3,925","4,077","3,911","844.61K","0.18%"
"2017/12/04","3,925","3,794","3,968","3,794","579.43K","1.06%"
"2017/12/01","3,884","3,656","3,885","3,624","621.32K","3.02%"
"2017/11/30","3,770","3,684","3,794","3,684","414.22K","0.96%"
"2017/11/29","3,734","3,597","3,753","3,597","196.61K","2.13%"
"2017/11/28","3,656","3,591","3,661","3,587","626.03K","1.84%"
"2017/11/27","3,590","3,587","3,635","3,428","232.86K","1.21%"
"2017/11/24","3,547","3,584","3,584","3,426","181.22K","2.48%"
"2017/11/23","3,461","3,588","3,588","3,415","146.57K","-3.54%"
"2017/11/22","3,588","3,354","3,588","3,352","192.10K","5.31%"
"2017/11/21","3,407","3,386","3,457","3,385","97.40K","0.62%"
"2017/11/20","3,386","3,342","3,386","3,342","14.83K","0.00%"
"2017/11/17","3,386","3,297","3,386","3,297","1.67M","2.27%"
"2017/11/16","3,311","3,353","3,354","3,173","1.06M","-2.33%"
"2017/11/15","3,390","3,415","3,415","3,352","82.21K","0.06%"
"2017/11/14","3,388","3,380","3,399","3,332","117.61K","1.35%"
"2017/11/13","3,343","3,318","3,346","3,311","134.64K","-0.59%"
"2017/11/10","3,363","3,346","3,373","3,325","329.73K","1.57%"
"2017/11/09","3,311","3,380","3,380","3,235","1.01M","1.04%"
"2017/11/08","3,277","3,432","3,432","3,277","228.07K","-2.56%"
"2017/11/07","3,363","3,449","3,550","3,346","472.33K","-2.83%"
"2017/11/06","3,461","3,419","3,546","3,419","118.37K","0.35%"
"2017/11/03","3,449","3,449","3,573","3,419","177.71K","-0.69%"
"2017/11/02","3,473","3,449","3,561","3,449","166.60K","-0.86%"
"2017/11/01","3,503","3,475","3,570","3,449","279.05K","0.81%"
"2017/10/31","3,475","3,430","3,566","3,430","444.66K","0.14%"
"2017/10/30","3,470","3,518","3,610","3,431","719.55K","-1.36%"
"2017/10/27","3,518","3,615","3,615","3,497","952.56K","-1.26%"
"2017/10/26","3,563","3,621","3,621","3,535","371.86K","-1.11%"
"2017/10/25","3,603","3,619","3,668","3,532","117.89K","-0.88%"
"2017/10/24","3,635","3,656","3,708","3,567","111.39K","-0.60%"
"2017/10/23","3,657","3,587","3,681","3,581","513.03K","1.22%"
"2017/10/20","3,613","3,642","3,677","3,613","500.92K","-1.04%"
"2017/10/19","3,651","3,725","3,729","3,651","72.37K","-1.96%"
"2017/10/18","3,724","3,644","3,746","3,644","37.10K","1.42%"
"2017/10/17","3,672","3,690","3,697","3,657","191.98K","-0.19%"
"2017/10/16","3,679","3,711","3,711","3,659","172.52K","0.55%"
"2017/10/13","3,659","3,664","3,712","3,628","335.70K","-1.51%"
"2017/10/12","3,715","3,619","3,718","3,601","408.29K","2.23%"
"2017/10/11","3,634","3,490","3,656","3,490","315.31K","4.13%"
"2017/10/10","3,490","3,515","3,515","3,459","685.14K","-0.37%"
"2017/10/09","3,503","3,415","3,510","3,415","836.04K","2.58%"
"2017/10/06","3,415","3,463","3,494","3,397","775.22K","-1.39%"
"2017/10/05","3,463","3,463","3,494","3,400","580.69K","-0.40%"
"2017/10/04","3,477","3,531","3,531","3,435","727.85K","0.20%"
"2017/10/03","3,470","3,597","3,597","3,452","759.29K","-3.53%"
"2017/10/02","3,597","3,656","3,656","3,450","565.20K","1.75%"
"2017/09/29","3,535","3,487","3,608","3,487","913.75K","-2.38%"
"2017/09/28","3,621","3,856","3,856","3,332","1.21M","-3.39%"
"2017/09/27","3,748","3,770","3,770","3,732","550.34K","-1.34%"
"2017/09/26","3,799","3,828","3,830","3,751","691.14K","-1.04%"
"2017/09/22","3,839","3,803","3,853","3,803","480.50K","1.19%"
"2017/09/21","3,794","3,793","3,853","3,725","640.40K","1.85%"
"2017/09/20","3,725","3,710","3,744","3,710","105.26K","0.68%"
"2017/09/19","3,700","3,750","3,773","3,700","218.56K","-1.20%"
"2017/09/18","3,745","3,864","3,864","3,698","480.97K","-1.11%"
"2017/09/15","3,787","3,656","3,787","3,656","1.93M","0.21%"
"2017/09/14","3,779","3,835","3,835","3,704","1.26M","-1.46%"
"2017/09/13","3,835","3,870","3,897","3,828","634.18K","-1.26%"
"2017/09/12","3,884","3,797","3,904","3,797","246.75K","2.29%"
"2017/09/11","3,797","3,946","3,952","3,759","678.42K","-3.60%"
"2017/09/08","3,939","3,994","4,073","3,932","906.93K","-1.40%"
"2017/09/07","3,995","3,973","4,016","3,973","178.15K","0.13%"
"2017/09/06","3,990","4,018","4,033","3,990","232.16K","-0.94%"
"2017/09/05","4,028","4,028","4,053","4,028","88.61K","-0.22%"
"2017/09/04","4,037","4,018","4,070","4,018","100.12K","0.47%"
"2017/09/01","4,018","3,966","4,137","3,966","322.18K","0.42%"
"2017/08/31","4,001","4,091","4,121","4,001","865.74K","-2.27%"
"2017/08/30","4,094","4,122","4,122","4,049","498.07K","-0.78%"
"2017/08/29","4,126","4,195","4,202","4,125","57.03K","-2.27%"
"2017/08/28","4,222","4,146","4,241","4,146","145.88K","-0.07%"
"2017/08/25","4,225","4,139","4,257","4,139","94.80K","0.76%"
"2017/08/24","4,193","4,016","4,235","4,016","263.57K","2.34%"
"2017/08/23","4,097","4,001","4,109","4,001","190.44K","1.71%"
"2017/08/22","4,028","4,015","4,134","3,993","170.90K","0.67%"
"2017/08/21","4,001","3,904","4,001","3,904","105.78K","0.53%"
"2017/08/18","3,980","3,953","4,038","3,953","552.86K","0.51%"
"2017/08/17","3,960","3,953","3,990","3,953","76.83K","-0.10%"
"2017/08/16","3,964","3,946","4,010","3,946","75.84K","0.28%"
"2017/08/15","3,953","3,939","3,964","3,939","85.08K","0.36%"
"2017/08/14","3,939","3,863","3,944","3,863","202.79K","0.90%"
"2017/08/11","3,904","3,951","3,987","3,869","687.86K","-1.91%"
"2017/08/10","3,980","3,980","4,035","3,927","244.08K","-0.20%"
"2017/08/08","3,988","3,973","4,031","3,973","131.09K","0.38%"
"2017/08/07","3,973","3,977","4,050","3,921","118.41K","-0.70%"
"2017/08/04","4,001","3,942","4,020","3,942","877.20K","1.60%"
"2017/08/03","3,938","3,897","3,938","3,860","153.69K","1.05%"
"2017/08/02","3,897","3,822","3,903","3,816","178.22K","1.33%"
"2017/08/01","3,846","3,828","3,863","3,773","257.78K","0.47%"
"2017/07/31","3,828","3,781","3,829","3,768","80.74K","0.00%"
"2017/07/28","3,828","3,690","3,850","3,690","101.36K","1.46%"
"2017/07/27","3,773","3,759","3,781","3,687","509.33K","1.29%"
"2017/07/26","3,725","3,656","3,759","3,656","18.74K","1.89%"
"2017/07/25","3,656","3,726","3,759","3,621","68.10K","-2.74%"
"2017/07/24","3,759","3,676","3,788","3,676","221.31K","0.00%"
"2017/07/21","3,759","3,739","3,794","3,739","129.74K","0.00%"
"2017/07/20","3,759","3,725","3,794","3,725","56.59K","0.91%"
"2017/07/19","3,725","3,694","3,758","3,694","71.80K","0.19%"
"2017/07/18","3,718","3,694","3,725","3,694","67.00K","0.08%"
"2017/07/17","3,715","3,664","3,757","3,664","55.64K","-0.64%"
"2017/07/14","3,739","3,559","3,748","3,559","63.11K","3.75%"
"2017/07/13","3,604","3,530","3,649","3,500","609.22K","2.04%"
"2017/07/12","3,532","3,656","3,657","3,490","331.17K","-3.42%"
"2017/07/11","3,657","3,674","3,775","3,656","186.19K","-0.92%"
"2017/07/10","3,691","3,780","3,780","3,656","167.59K","-2.35%"
"2017/07/07","3,780","3,725","3,790","3,725","131.75K","0.00%"
"2017/07/06","3,780","3,612","3,787","3,612","54.64K","2.33%"
"2017/07/05","3,694","3,606","3,725","3,606","167.50K","0.19%"
"2017/07/04","3,687","3,699","3,781","3,675","61.63K","-1.44%"
"2017/07/03","3,741","3,794","3,862","3,702","40.18K","-1.71%"
"2017/06/30","3,806","3,794","3,861","3,770","1.01M","-1.32%"
"2017/06/29","3,857","3,846","3,862","3,812","146.88K","0.21%"
"2017/06/28","3,849","3,810","3,904","3,810","466.21K","-1.21%"
"2017/06/27","3,896","3,740","3,905","3,740","163.05K","0.59%"
"2017/06/26","3,873","3,759","3,881","3,759","189.82K","2.27%"
"2017/06/23","3,787","3,759","3,892","3,734","235.61K","0.45%"
"2017/06/22","3,770","3,693","3,793","3,693","333.20K","-0.19%"
"2017/06/21","3,777","3,784","3,822","3,725","272.51K","-0.42%"
"2017/06/20","3,793","3,863","3,897","3,766","575.39K","-1.91%"
"2017/06/19","3,867","4,001","4,035","3,850","281.66K","-5.27%"
"2017/06/15","4,082","4,208","4,208","4,001","519.34K","-1.38%"
"2017/06/14","4,139","4,145","4,199","4,077","245.59K","1.27%"
"2017/06/13","4,087","4,046","4,146","4,046","81.69K","-1.23%"
"2017/06/12","4,138","4,047","4,146","4,047","104.51K","-0.02%"
"2017/06/09","4,139","4,108","4,152","4,108","320.91K","0.63%"
"2017/06/08","4,113","4,074","4,206","4,074","150.78K","-1.27%"
"2017/06/07","4,166","4,237","4,242","4,139","60.04K","-1.33%"
"2017/06/06","4,222","4,305","4,386","4,208","105.24K","-2.27%"
"2017/06/05","4,320","4,415","4,484","4,317","113.25K","-3.66%"
"2017/06/02","4,484","4,415","4,557","4,415","162.23K","0.25%"
"2017/06/01","4,473","4,484","4,484","4,380","91.47K","-0.25%"
"2017/05/31","4,484","4,484","4,484","4,382","274.44K","1.59%"
"2017/05/30","4,414","4,449","4,449","4,328","482.36K","-0.02%"
"2017/05/29","4,415","4,445","4,445","4,337","238.91K","1.59%"
"2017/05/26","4,346","4,401","4,401","4,277","386.02K","0.79%"
"2017/05/25","4,312","4,552","4,552","4,312","158.66K","-3.56%"
"2017/05/24","4,471","4,553","4,553","4,422","112.64K","-0.13%"
"2017/05/23","4,477","4,691","4,691","4,422","306.32K","-3.07%"
"2017/05/22","4,619","4,646","4,691","4,488","736.84K","1.67%"
"2017/05/19","4,543","4,622","4,622","4,506","142.74K","-1.07%"
"2017/05/18","4,592","4,633","4,735","4,562","107.84K","-0.88%"
"2017/05/17","4,633","4,760","4,823","4,633","133.00K","-3.38%"
"2017/05/16","4,795","4,908","4,908","4,756","668.28K","0.42%"
"2017/05/15","4,775","4,815","4,925","4,733","109.70K","-1.16%"
"2017/05/12","4,831","4,903","4,934","4,831","62.96K","-2.46%"
"2017/05/11","4,953","5,001","5,001","4,898","135.28K","1.02%"
"2017/05/10","4,903","4,937","5,011","4,898","207.68K","-0.16%"
"2017/05/09","4,911","4,867","4,967","4,867","130.46K","-1.33%"
"2017/05/08","4,977","4,878","5,007","4,877","161.32K","2.03%"
"2017/05/05","4,878","4,835","4,949","4,796","146.65K","0.31%"
"2017/05/04","4,863","4,863","4,884","4,802","522.48K","0.00%"
"2017/05/03","4,863","4,898","4,970","4,818","241.46K","-0.71%"
"2017/05/02","4,898","5,036","5,053","4,898","151.86K","-2.66%"
"2017/04/28","5,032","4,941","5,036","4,940","197.70K","1.84%"
"2017/04/26","4,941","4,925","4,975","4,822","230.12K","0.32%"
"2017/04/25","4,925","5,001","5,031","4,904","141.75K","-0.85%"
"2017/04/24","4,967","4,999","4,999","4,819","196.54K","0.32%"
"2017/04/21","4,951","5,001","5,001","4,847","202.08K","-0.04%"
"2017/04/20","4,953","4,875","4,953","4,742","358.50K","1.60%"
"2017/04/19","4,875","4,946","4,946","4,785","248.09K","-0.79%"
"2017/04/18","4,914","5,035","5,035","4,852","720.40K","-1.74%"
"2017/04/13","5,001","4,898","5,036","4,829","366.00K","2.84%"
"2017/04/12","4,863","4,967","5,036","4,844","348.14K","-2.01%"
"2017/04/11","4,963","5,042","5,042","4,946","109.60K","-1.57%"
"2017/04/10","5,042","5,130","5,149","4,835","907.71K","2.04%"
"2017/04/07","4,941","4,944","4,964","4,885","390.69K","-0.06%"
"2017/04/06","4,944","5,105","5,105","4,916","244.29K","-2.49%"
"2017/04/05","5,070","5,198","5,308","5,056","302.16K","-4.52%"
"2017/04/04","5,310","5,173","5,354","5,151","1.05M","0.95%"
"2017/04/03","5,260","5,175","5,311","5,139","413.12K","0.34%"
"2017/03/31","5,242","5,380","5,381","5,205","910.68K","-2.82%"
"2017/03/30","5,394","5,311","5,427","5,311","370.05K","0.63%"
"2017/03/29","5,360","5,449","5,458","5,265","221.01K","-0.30%"
"2017/03/28","5,376","5,174","5,380","5,174","755.45K","1.61%"
"2017/03/27","5,291","5,345","5,345","5,156","273.08K","-0.38%"
"2017/03/24","5,311","5,346","5,363","5,156","1.15M","-0.75%"
"2017/03/23","5,351","5,311","5,356","5,236","428.09K","0.72%"
"2017/03/22","5,313","5,208","5,313","5,200","668.00K","2.02%"
"2017/03/20","5,208","5,105","5,256","4,957","786.88K","4.04%"
"2017/03/17","5,006","5,105","5,105","4,854","504.81K","0.38%"
"2017/03/16","4,987","5,346","5,346","4,987","2.47M","-3.54%"
"2017/03/15","5,170","6,067","6,121","5,084","4.82M","-14.78%"
"2017/03/14","6,067","6,063","6,067","6,025","248.51K","0.10%"
"2017/03/13","6,061","5,973","6,067","5,973","107.13K","0.25%"
"2017/03/10","6,046","6,070","6,070","6,000","224.53K","-0.02%"
"2017/03/09","6,047","6,036","6,070","5,967","213.07K","1.24%"
"2017/03/08","5,973","5,950","6,036","5,950","143.48K","0.39%"
"2017/03/07","5,950","5,946","6,105","5,830","363.72K","-0.42%"
"2017/03/06","5,975","6,208","6,208","5,932","213.20K","-0.43%"
"2017/03/03","6,001","5,953","6,055","5,795","271.39K","0.77%"
"2017/03/02","5,955","5,816","6,208","5,816","309.31K","0.02%"
"2017/03/01","5,954","6,003","6,074","5,863","266.36K","-0.10%"
"2017/02/28","5,960","5,705","6,029","5,705","318.58K","1.76%"
"2017/02/27","5,857","5,850","5,886","5,789","199.78K","-0.70%"
"2017/02/24","5,898","5,933","5,941","5,854","165.50K","-0.59%"
"2017/02/23","5,933","5,932","6,015","5,825","293.90K","0.88%"
"2017/02/22","5,881","6,070","6,072","5,841","687.70K","-3.11%"
"2017/02/21","6,070","6,181","6,199","6,008","138.48K","-1.80%"
"2017/02/20","6,181","6,201","6,222","6,148","153.30K","-0.32%"
"2017/02/17","6,201","6,136","6,208","6,136","79.88K","0.55%"
"2017/02/16","6,167","6,098","6,299","6,098","407.25K","1.13%"
"2017/02/15","6,098","5,958","6,139","5,958","142.60K","1.01%"
"2017/02/14","6,037","5,968","6,071","5,946","115.50K","0.03%"
"2017/02/13","6,035","5,829","6,079","5,829","129.62K","-0.20%"
"2017/02/10","6,047","5,778","6,070","5,778","148.54K","2.34%"
"2017/02/09","5,909","5,829","5,932","5,772","126.31K","0.10%"
"2017/02/08","5,903","5,986","5,986","5,853","110.13K","-0.96%"
"2017/02/07","5,960","5,981","6,027","5,863","153.13K","-1.11%"
"2017/02/06","6,027","6,125","6,125","5,981","60.09K","0.77%"
"2017/02/03","5,981","6,105","6,106","5,981","226.68K","-1.55%"
"2017/02/02","6,075","6,132","6,132","6,047","103.69K","-0.82%"
"2017/02/01","6,125","6,043","6,133","5,991","95.66K","1.29%"
"2017/01/31","6,047","6,056","6,056","6,001","59.97K","0.77%"
"2017/01/30","6,001","6,070","6,070","5,994","84.96K","-1.09%"
"2017/01/27","6,067","6,132","6,132","6,003","44.58K","-0.05%"
"2017/01/26","6,070","6,131","6,131","6,007","620.49K","0.91%"
"2017/01/25","6,015","6,002","6,080","5,981","761.17K","-0.79%"
"2017/01/24","6,063","6,022","6,112","5,990","150.11K","0.68%"
"2017/01/23","6,022","6,122","6,139","5,991","212.12K","0.47%"
"2017/01/20","5,994","5,998","6,007","5,968","365.31K","-0.07%"
"2017/01/19","5,998","6,108","6,121","5,981","550.74K","0.40%"
"2017/01/18","5,974","6,036","6,037","5,967","324.06K","-0.37%"
"2017/01/17","5,996","5,864","6,036","5,864","105.31K","0.72%"
"2017/01/16","5,953","6,012","6,036","5,908","123.08K","-0.98%"
"2017/01/13","6,012","6,029","6,036","5,969","93.92K","-0.28%"
"2017/01/12","6,029","6,070","6,090","5,936","160.40K","-0.12%"
"2017/01/11","6,036","6,043","6,085","5,970","432.51K","0.18%"
"2017/01/10","6,025","6,121","6,121","6,025","125.55K","-0.74%"
"2017/01/09","6,070","6,132","6,132","6,045","137.77K","0.30%"
"2017/01/06","6,052","6,002","6,132","6,002","120.66K","0.12%"
"2017/01/05","6,045","6,070","6,196","6,026","76.14K","0.57%"
"2017/01/04","6,011","6,036","6,070","6,001","130.25K","0.15%"
"2017/01/03","6,002","6,063","6,063","5,967","37.64K","0.02%"
"2016/12/30","6,001","6,063","6,063","5,787","75.18K","1.16%"
"2016/12/29","5,932","5,877","6,053","5,877","173.89K","0.46%"
"2016/12/28","5,905","5,853","6,063","5,803","96.90K","0.87%"
"2016/12/23","5,854","5,787","5,922","5,786","39.13K","1.47%"
"2016/12/22","5,769","5,658","5,967","5,658","91.97K","-1.00%"
"2016/12/21","5,827","5,656","5,894","5,656","178.62K","0.57%"
"2016/12/20","5,794","5,692","5,802","5,689","301.98K","1.49%"
"2016/12/19","5,709","5,829","5,863","5,663","89.19K","-2.09%"
"2016/12/15","5,831","5,656","5,863","5,656","493.60K","0.31%"
"2016/12/14","5,813","5,863","5,887","5,801","204.43K","-0.80%"
"2016/12/13","5,860","5,658","5,916","5,658","360.22K","2.68%"
"2016/12/12","5,707","5,994","5,994","5,707","148.54K","-2.21%"
"2016/12/09","5,836","6,070","6,070","5,808","197.45K","-3.86%"
"2016/12/08","6,070","5,863","6,107","5,763","550.59K","5.38%"
"2016/12/07","5,760","5,523","5,795","5,523","1.94M","1.84%"
"2016/12/06","5,656","5,518","5,787","5,518","591.36K","1.16%"
"2016/12/05","5,591","5,423","5,601","5,423","164.13K","1.30%"
"2016/12/02","5,519","5,587","5,654","5,360","352.09K","-1.22%"
"2016/12/01","5,587","5,424","5,656","5,424","689.90K","0.92%"
"2016/11/30","5,536","5,643","5,643","5,249","386.47K","1.60%"
"2016/11/29","5,449","5,246","5,535","5,246","877.34K","-1.11%"
"2016/11/28","5,510","5,518","5,539","5,143","176.90K","-0.14%"
"2016/11/25","5,518","5,091","5,523","5,091","541.75K","3.22%"
"2016/11/24","5,346","5,421","5,655","5,246","207.52K","-1.38%"
"2016/11/23","5,421","5,656","5,656","5,236","531.78K","-1.92%"
"2016/11/22","5,527","5,380","5,561","5,380","492.65K","2.73%"
"2016/11/21","5,380","5,423","5,435","5,345","195.62K","-1.01%"
"2016/11/18","5,435","5,601","5,724","5,345","243.71K","0.18%"
"2016/11/17","5,425","5,175","5,425","5,007","260.18K","2.15%"
"2016/11/16","5,311","5,105","5,449","5,105","428.29K","-0.13%"
"2016/11/15","5,318","5,087","5,334","5,087","215.65K","3.91%"
"2016/11/14","5,118","5,311","5,311","5,000","443.49K","0.65%"
"2016/11/11","5,085","5,587","5,587","5,085","451.75K","-5.90%"
"2016/11/10","5,404","5,670","5,726","5,404","723.87K","-4.71%"
"2016/11/09","5,671","5,718","5,718","5,605","118.31K","-0.96%"
"2016/11/08","5,726","5,703","5,755","5,685","593.82K","0.40%"
"2016/11/07","5,703","5,598","5,793","5,598","267.90K","-0.99%"
"2016/11/04","5,760","5,698","5,794","5,641","377.01K","0.30%"
"2016/11/03","5,743","5,794","6,056","5,692","585.40K","0.19%"
"2016/11/02","5,732","5,584","5,754","5,584","481.94K","0.63%"
"2016/11/01","5,696","5,692","5,755","5,472","1.15M","-0.82%"
"2016/10/31","5,743","5,694","5,801","5,591","1.92M","3.42%"
"2016/10/28","5,553","5,574","5,574","5,503","1.06M","0.07%"
"2016/10/27","5,549","5,518","5,595","5,474","320.92K","-0.61%"
"2016/10/26","5,583","5,520","5,654","5,520","211.78K","-1.17%"
"2016/10/25","5,649","5,703","5,725","5,624","215.32K","-0.95%"
"2016/10/24","5,703","5,571","5,748","5,571","250.39K","0.19%"
"2016/10/21","5,692","5,801","5,828","5,640","363.50K","-2.62%"
"2016/10/20","5,845","5,556","5,861","5,556","509.73K","0.27%"
"2016/10/19","5,829","5,691","5,833","5,440","437.40K","1.20%"
"2016/10/18","5,760","5,829","5,855","5,724","496.78K","-0.09%"
"2016/10/17","5,765","5,884","5,897","5,725","257.44K","-2.45%"
"2016/10/14","5,910","5,911","5,963","5,876","77.37K","0.42%"
"2016/10/13","5,885","6,069","6,069","5,884","276.98K","-0.79%"
"2016/10/12","5,932","5,990","5,990","5,900","147.82K","0.36%"
"2016/10/11","5,911","6,001","6,032","5,822","806.04K","-1.50%"
"2016/10/10","6,001","6,013","6,033","5,990","296.98K","-0.73%"
"2016/10/07","6,045","6,050","6,125","5,957","297.80K","-0.41%"
"2016/10/06","6,070","5,941","6,083","5,941","692.38K","1.15%"
"2016/10/05","6,001","5,967","6,026","5,902","597.67K","-0.91%"
"2016/10/04","6,056","6,243","6,243","5,967","1.24M","1.49%"
"2016/10/03","5,967","6,204","6,204","5,905","875.92K","-0.12%"
"2016/09/30","5,974","6,013","6,038","5,964","733.17K","-2.15%"
"2016/09/29","6,105","6,294","6,408","6,099","614.26K","-2.05%"
"2016/09/28","6,233","5,932","6,254","5,932","319.50K","1.98%"
"2016/09/27","6,112","6,136","6,199","5,873","675.26K","-0.39%"
"2016/09/26","6,136","6,105","6,252","6,035","334.96K","-2.25%"
"2016/09/23","6,277","6,385","6,385","6,257","124.29K","-1.35%"
"2016/09/22","6,363","6,208","6,446","6,070","953.32K","1.34%"
"2016/09/21","6,279","6,219","6,335","6,016","627.84K","-0.49%"
"2016/09/20","6,310","6,070","6,361","6,070","422.44K","-0.57%"
"2016/09/19","6,346","6,401","6,401","6,036","215.89K","2.11%"
"2016/09/16","6,215","6,250","6,334","6,215","1.62M","-1.65%"
"2016/09/15","6,319","6,279","6,381","6,261","240.61K","-0.09%"
"2016/09/14","6,325","6,448","6,448","6,261","810.32K","-1.91%"
"2016/09/13","6,448","6,412","6,537","6,326","594.25K","1.59%"
"2016/09/12","6,347","6,415","6,415","6,180","653.98K","-1.09%"
"2016/09/09","6,417","6,277","6,419","6,277","295.64K","1.55%"
"2016/09/08","6,319","6,381","6,381","6,294","697.37K","-0.46%"
"2016/09/07","6,348","6,357","6,389","6,314","480.24K","0.33%"
"2016/09/06","6,327","6,277","6,379","6,224","571.48K","0.21%"
"2016/09/05","6,314","6,291","6,346","6,249","419.66K","1.14%"
"2016/09/02","6,243","6,183","6,359","6,165","810.10K","0.48%"
"2016/09/01","6,213","6,423","6,516","6,201","336.16K","-4.19%"
"2016/08/31","6,485","6,419","6,621","6,419","531.06K","0.62%"
"2016/08/30","6,445","6,414","6,472","6,316","264.95K","1.40%"
"2016/08/29","6,356","6,372","6,464","6,283","655.37K","-0.05%"
"2016/08/26","6,359","6,450","6,451","6,301","317.34K","-0.92%"
"2016/08/25","6,418","6,408","6,484","6,370","307.88K","0.02%"
"2016/08/24","6,417","6,401","6,474","6,277","309.81K","-1.03%"
"2016/08/23","6,484","6,519","6,550","6,393","680.53K","1.19%"
"2016/08/22","6,408","6,397","6,408","6,208","252.39K","0.82%"
"2016/08/19","6,356","6,346","6,543","6,300","187.66K","-0.92%"
"2016/08/18","6,415","6,277","6,429","6,274","487.80K","2.20%"
"2016/08/17","6,277","6,401","6,401","5,984","1.48M","-1.35%"
"2016/08/16","6,363","6,312","6,450","6,312","469.69K","-0.58%"
"2016/08/15","6,400","6,139","6,415","6,139","389.36K","0.19%"
"2016/08/12","6,388","6,270","6,399","6,261","455.59K","1.88%"
"2016/08/11","6,270","6,138","6,270","6,063","733.72K","3.28%"
"2016/08/10","6,071","6,132","6,141","6,048","267.87K","-0.99%"
"2016/08/08","6,132","6,139","6,167","6,101","686.77K","-0.11%"
"2016/08/05","6,139","6,139","6,160","6,019","222.63K","0.23%"
"2016/08/04","6,125","5,946","6,135","5,932","1.63M","3.01%"
"2016/08/02","5,946","5,767","5,987","5,725","437.73K","3.10%"
"2016/08/01","5,767","5,767","5,851","5,742","367.08K","0.00%"
"2016/07/29","5,767","5,884","5,884","5,725","647.17K","1.96%"
"2016/07/28","5,656","5,794","5,910","5,623","866.75K","-2.38%"
"2016/07/27","5,794","5,848","5,880","5,787","190.84K","-0.92%"
"2016/07/26","5,848","5,815","5,897","5,815","240.03K","0.46%"
"2016/07/25","5,821","5,863","5,897","5,760","165.61K","-0.48%"
"2016/07/22","5,849","5,932","5,998","5,814","139.77K","-0.24%"
"2016/07/21","5,863","5,870","5,905","5,754","218.25K","0.00%"
"2016/07/20","5,863","5,892","5,898","5,832","108.41K","-0.49%"
"2016/07/19","5,892","6,070","6,070","5,832","307.13K","-2.93%"
"2016/07/18","6,070","5,909","6,070","5,800","146.66K","2.72%"
"2016/07/15","5,909","5,725","5,927","5,725","312.88K","0.15%"
"2016/07/14","5,900","5,863","5,917","5,828","177.14K","0.87%"
"2016/07/13","5,849","5,856","5,925","5,704","282.23K","1.42%"
"2016/07/12","5,767","5,931","5,931","5,678","184.56K","0.49%"
"2016/07/11","5,739","5,697","5,800","5,697","318.30K","0.97%"
"2016/07/08","5,684","5,756","5,773","5,592","100.73K","-0.72%"
"2016/07/07","5,725","5,829","5,962","5,725","588.62K","-1.78%"
"2016/07/06","5,829","5,941","6,023","5,820","616.56K","-1.89%"
"2016/07/05","5,941","5,863","6,207","5,863","360.41K","-0.59%"
"2016/07/04","5,976","5,981","5,981","5,829","107.69K","1.37%"
"2016/07/01","5,895","5,936","5,981","5,795","181.92K","-0.67%"
"2016/06/30","5,935","5,967","5,990","5,884","175.75K","0.05%"
"2016/06/29","5,932","6,070","6,174","5,829","201.55K","-2.37%"
"2016/06/28","6,076","5,932","6,109","5,667","279.68K","6.13%"
"2016/06/27","5,725","5,967","5,967","5,654","146.92K","-5.70%"
"2016/06/24","6,071","6,008","6,141","5,725","208.64K","0.13%"
"2016/06/23","6,063","6,225","6,225","5,967","277.63K","-0.92%"
"2016/06/22","6,119","6,078","6,216","6,074","530.27K","0.21%"
"2016/06/21","6,106","5,967","6,139","5,898","594.82K","3.53%"
"2016/06/20","5,898","5,725","5,898","5,657","282.62K","4.52%"
"2016/06/17","5,643","5,747","5,752","5,529","648.94K","-0.42%"
"2016/06/15","5,667","5,690","5,744","5,415","212.45K","-0.40%"
"2016/06/14","5,690","5,649","5,690","5,414","246.53K","0.60%"
"2016/06/13","5,656","5,470","5,721","5,380","338.88K","3.78%"
"2016/06/10","5,450","5,659","5,686","5,437","295.34K","-3.69%"
"2016/06/09","5,659","5,725","5,725","5,509","152.79K","-1.15%"
"2016/06/08","5,725","5,742","5,803","5,697","83.76K","0.00%"
"2016/06/07","5,725","5,760","5,774","5,663","461.42K","1.09%"
"2016/06/06","5,663","5,725","5,757","5,580","641.96K","0.55%"
"2016/06/03","5,632","5,311","5,836","5,297","859.61K","6.04%"
"2016/06/02","5,311","5,170","5,339","5,158","636.39K","3.85%"
"2016/06/01","5,114","5,038","5,256","4,898","441.30K","2.20%"
"2016/05/31","5,004","5,249","5,249","4,950","377.86K","-2.23%"
"2016/05/30","5,118","5,255","5,255","4,872","148.42K","1.37%"
"2016/05/27","5,049","5,242","5,242","5,049","201.51K","-3.68%"
"2016/05/26","5,242","4,967","5,338","4,967","333.67K","0.79%"
"2016/05/25","5,201","5,000","5,225","4,898","355.31K","7.70%"
"2016/05/24","4,829","5,036","5,217","4,829","313.90K","0.00%"
"2016/05/23","4,829","5,104","5,105","4,829","246.17K","-5.39%"
"2016/05/20","5,104","5,311","5,311","5,043","235.95K","0.26%"
"2016/05/19","5,091","5,145","5,242","5,051","147.70K","-1.05%"
"2016/05/18","5,145","5,318","5,318","5,105","113.69K","-1.79%"
"2016/05/17","5,239","5,242","5,338","5,183","331.83K","0.02%"
"2016/05/16","5,238","5,246","5,311","5,180","139.75K","0.00%"
"2016/05/13","5,238","5,173","5,394","5,173","466.75K","-0.87%"
"2016/05/12","5,284","5,242","5,341","5,153","701.99K","1.91%"
"2016/05/11","5,185","4,967","5,225","4,960","273.64K","5.34%"
"2016/05/10","4,922","4,750","4,967","4,750","250.77K","3.62%"
"2016/05/09","4,750","5,105","5,105","4,750","224.41K","-3.02%"
"2016/05/06","4,898","5,122","5,126","4,898","423.07K","-4.37%"
"2016/05/05","5,122","5,229","5,263","4,911","153.59K","-1.02%"
"2016/05/04","5,175","5,038","5,221","5,038","268.34K","-0.88%"
"2016/05/03","5,221","5,325","5,326","5,182","246.06K","-1.69%"
"2016/04/29","5,311","5,173","5,322","5,135","547.92K","2.61%"
"2016/04/28","5,176","5,280","5,327","5,173","154.95K","-1.97%"
"2016/04/26","5,280","5,415","5,449","5,280","150.81K","-2.73%"
"2016/04/25","5,428","5,414","5,656","5,409","111.75K","0.26%"
"2016/04/22","5,414","5,607","5,623","5,398","242.05K","-3.44%"
"2016/04/21","5,607","5,622","5,671","5,589","496.23K","-0.27%"
"2016/04/20","5,622","5,553","5,674","5,524","822.03K","1.24%"
"2016/04/19","5,553","5,643","5,667","5,553","638.70K","-1.59%"
"2016/04/18","5,643","5,515","5,643","5,240","350.18K","5.14%"
"2016/04/15","5,367","5,113","5,387","5,105","227.00K","3.81%"
"2016/04/14","5,170","4,980","5,170","4,980","235.18K","3.82%"
"2016/04/13","4,980","4,760","5,093","4,760","621.03K","5.53%"
"2016/04/12","4,719","4,661","4,773","4,656","276.02K","1.24%"
"2016/04/11","4,661","4,656","4,863","4,656","267.79K","0.11%"
"2016/04/08","4,656","4,690","4,760","4,650","315.24K","-0.72%"
"2016/04/07","4,690","4,942","4,942","4,660","188.24K","-2.52%"
"2016/04/06","4,811","5,091","5,091","4,794","284.20K","-3.59%"
"2016/04/05","4,990","5,084","5,084","4,770","406.91K","-0.06%"
"2016/04/04","4,993","4,948","5,046","4,851","118.60K","0.81%"
"2016/04/01","4,953","4,646","4,965","4,646","281.31K","4.52%"
"2016/03/31","4,739","4,725","4,912","4,687","438.03K","-0.32%"
"2016/03/30","4,754","4,967","4,967","4,752","440.20K","-0.92%"
"2016/03/29","4,798","4,932","4,932","4,798","441.64K","-2.22%"
"2016/03/24","4,907","4,939","4,939","4,787","88.45K","-0.45%"
"2016/03/23","4,929","4,971","5,051","4,901","902.12K","-1.85%"
"2016/03/22","5,022","5,173","5,173","4,945","395.65K","-4.07%"
"2016/03/18","5,235","5,167","5,591","4,936","1.48M","1.32%"
"2016/03/17","5,167","5,173","5,498","5,098","629.54K","1.21%"
"2016/03/16","5,105","5,173","5,271","5,016","695.64K","-3.11%"
"2016/03/15","5,269","5,242","5,271","5,180","185.85K","0.52%"
"2016/03/14","5,242","5,277","5,279","4,967","496.41K","-0.42%"
"2016/03/11","5,264","5,177","5,264","4,932","153.96K","3.11%"
"2016/03/10","5,105","5,173","5,173","5,064","179.24K","0.69%"
"2016/03/09","5,070","5,277","5,436","5,065","200.19K","-3.28%"
"2016/03/08","5,242","5,242","5,318","5,173","576.25K","1.33%"
"2016/03/07","5,173","4,911","5,242","4,911","352.93K","2.03%"
"2016/03/04","5,070","5,180","5,242","4,960","718.27K","-2.10%"
"2016/03/03","5,179","4,691","5,179","4,691","565.62K","10.50%"
"2016/03/02","4,687","4,587","4,803","4,587","635.63K","2.88%"
"2016/03/01","4,556","4,711","4,868","4,349","1.37M","-4.98%"
"2016/02/29","4,795","4,725","4,851","4,711","488.82K","0.02%"
"2016/02/26","4,794","4,656","4,829","4,655","424.86K","2.96%"
"2016/02/25","4,656","4,784","4,784","4,517","476.31K","-1.77%"
"2016/02/24","4,740","4,828","4,828","4,688","409.37K","-1.82%"
"2016/02/23","4,828","4,853","4,857","4,771","399.89K","-1.15%"
"2016/02/22","4,884","4,918","5,173","4,791","510.85K","0.51%"
"2016/02/19","4,859","4,918","4,918","4,656","221.83K","-1.56%"
"2016/02/18","4,936","5,089","5,105","4,866","409.30K","-4.42%"
"2016/02/17","5,164","5,188","5,396","5,067","509.41K","-1.96%"
"2016/02/16","5,267","5,242","5,374","5,242","438.58K","1.13%"
"2016/02/15","5,208","5,518","5,680","5,188","265.40K","-8.31%"
"2016/02/12","5,680","5,518","5,752","5,360","194.07K","4.74%"
"2016/02/11","5,423","5,311","5,482","5,311","111.74K","-1.26%"
"2016/02/10","5,492","5,432","5,691","5,311","180.49K","2.08%"
"2016/02/09","5,380","5,380","5,417","5,311","391.52K","-1.27%"
"2016/02/08","5,449","5,560","5,656","5,373","211.35K","-0.33%"
"2016/02/05","5,467","5,452","5,474","5,288","379.06K","0.00%"
"2016/02/04","5,467","5,525","5,587","5,347","258.99K","0.96%"
"2016/02/03","5,415","5,571","5,690","5,377","208.84K","0.65%"
"2016/02/02","5,380","5,506","5,506","5,333","451.35K","-0.26%"
"2016/02/01","5,394","5,622","5,710","5,335","977.45K","0.26%"
"2016/01/29","5,380","5,380","5,691","5,329","618.08K","0.00%"
"2016/01/28","5,380","5,501","5,501","5,313","153.63K","0.00%"
"2016/01/27","5,380","5,622","5,622","5,305","452.36K","-0.41%"
"2016/01/26","5,402","5,518","5,518","5,325","270.11K","-1.12%"
"2016/01/25","5,463","5,643","5,643","5,387","301.56K","-1.00%"
"2016/01/22","5,518","5,551","5,691","5,452","291.57K","-0.59%"
"2016/01/21","5,551","5,898","6,001","5,551","416.74K","-1.86%"
"2016/01/20","5,656","5,745","5,818","5,587","225.87K","-4.15%"
"2016/01/19","5,901","5,987","6,015","5,744","303.69K","-0.52%"
"2016/01/18","5,932","6,194","6,394","5,877","303.06K","-4.17%"
"2016/01/15","6,190","5,993","6,483","5,932","219.29K","3.15%"
"2016/01/14","6,001","5,831","6,139","5,809","138.89K","-0.70%"
"2016/01/13","6,043","5,787","6,071","5,774","167.81K","4.42%"
"2016/01/12","5,787","5,852","5,927","5,765","84.04K","-1.88%"
"2016/01/11","5,898","5,863","5,936","5,757","233.65K","-0.39%"
"2016/01/08","5,921","5,932","6,174","5,681","102.02K","0.63%"
"2016/01/07","5,884","6,153","6,153","5,884","205.37K","-5.22%"
"2016/01/06","6,208","6,208","6,389","6,196","220.74K","-1.37%"
"2016/01/05","6,294","5,456","6,424","5,456","136.27K","0.70%"
"2016/01/04","6,250","6,429","6,429","6,155","203.31K","-2.72%"