"Date","Price","Open","High","Low","Vol.","Change %"
"07/04/2026","4,010","4,011","4,010","4,010","","0.00%"
"02/04/2026","4,010","4,011","4,010","4,010","","0.00%"
"01/04/2026","4,010","4,011","4,010","4,010","","0.00%"
"31/03/2026","4,010","4,010","4,010","4,010","6.67K","0.75%"
"30/03/2026","3,980","3,980","3,980","3,980","","0.00%"
"27/03/2026","3,980","3,980","3,980","3,980","","0.00%"
"26/03/2026","3,980","3,980","3,980","3,980","0.17K","-1.12%"
"25/03/2026","4,025","4,025","4,025","4,025","5.00K","1.13%"
"24/03/2026","3,980","3,980","4,025","3,980","6.06K","-0.50%"
"23/03/2026","4,000","4,000","4,000","4,000","3.72K","0.00%"
"21/03/2026","4,000","4,000","4,000","4,000","","0.00%"
"20/03/2026","4,000","4,000","4,000","4,000","","0.00%"
"19/03/2026","4,000","3,990","4,000","4,000","","0.00%"
"18/03/2026","4,000","3,990","4,000","4,000","","0.00%"
"17/03/2026","4,000","3,990","4,000","3,980","14.03K","0.50%"
"16/03/2026","3,980","3,980","3,980","3,980","","0.00%"
"13/03/2026","3,980","3,980","3,980","3,980","","0.00%"
"12/03/2026","3,980","3,961","4,000","3,960","6.00K","0.51%"
"11/03/2026","3,960","3,960","3,960","3,960","","0.00%"
"10/03/2026","3,960","3,960","3,960","3,960","0.00K","-1.00%"
"09/03/2026","4,000","4,000","4,000","4,000","","0.00%"
"06/03/2026","4,000","4,000","4,000","4,000","0.50K","2.56%"
"05/03/2026","3,900","3,900","3,900","3,900","","0.00%"
"04/03/2026","3,900","3,900","3,900","3,900","","0.00%"
"03/03/2026","3,900","3,900","3,900","3,900","0.01K","-2.50%"
"02/03/2026","4,000","4,000","4,000","4,000","","0.00%"
"27/02/2026","4,000","4,000","4,000","4,000","","0.00%"
"26/02/2026","4,000","4,000","4,000","4,000","","0.00%"
"25/02/2026","4,000","4,000","4,000","4,000","1.48K","0.00%"
"24/02/2026","4,000","4,000","4,000","4,000","0.03K","2.56%"
"23/02/2026","3,900","3,900","3,900","3,900","18.00K","0.00%"
"20/02/2026","3,900","3,900","3,900","3,900","4.41K","0.00%"
"19/02/2026","3,900","3,899","3,900","3,899","179.02K","0.00%"
"18/02/2026","3,900","3,910","3,910","3,900","8.25K","-0.03%"
"17/02/2026","3,901","3,901","3,901","3,901","","0.00%"
"16/02/2026","3,901","3,900","3,901","3,901","","0.00%"
"13/02/2026","3,901","3,900","3,900","3,900","10.89K","-2.48%"
"12/02/2026","4,000","4,001","4,000","4,000","","0.00%"
"11/02/2026","4,000","4,001","4,000","4,000","","0.00%"
"10/02/2026","4,000","4,001","4,001","4,000","3.64K","2.56%"
"09/02/2026","3,900","3,900","3,900","3,900","","0.00%"
"06/02/2026","3,900","3,900","3,900","3,900","","0.00%"
"05/02/2026","3,900","4,000","4,000","3,900","0.22K","0.00%"
"04/02/2026","3,900","3,900","3,900","3,900","","0.00%"
"03/02/2026","3,900","3,900","3,900","3,900","","0.00%"
"02/02/2026","3,900","3,900","3,900","3,900","","0.00%"
"30/01/2026","3,900","3,900","3,900","3,900","","0.00%"
"29/01/2026","3,900","3,900","3,900","3,900","","0.00%"
"28/01/2026","3,900","3,900","3,900","3,900","","0.00%"
"27/01/2026","3,900","3,900","3,900","3,900","0.07K","-2.50%"
"26/01/2026","4,000","3,900","4,000","3,825","1.51K","4.44%"
"25/01/2026","3,830","3,830","3,830","3,830","","0.00%"
"23/01/2026","3,830","3,830","3,830","3,830","","0.00%"
"22/01/2026","3,830","3,830","3,830","3,830","","0.00%"
"21/01/2026","3,830","3,830","3,830","3,830","1.00K","-4.25%"
"20/01/2026","4,000","4,000","4,000","4,000","","0.00%"
"19/01/2026","4,000","4,000","4,000","4,000","","0.00%"
"16/01/2026","4,000","4,000","4,000","4,000","","0.00%"
"15/01/2026","4,000","4,000","4,000","4,000","","0.00%"
"14/01/2026","4,000","4,000","4,000","4,000","1.00K","0.00%"
"13/01/2026","4,000","3,990","4,000","3,990","0.52K","5.26%"
"12/01/2026","3,800","3,800","3,800","3,800","","0.00%"
"09/01/2026","3,800","3,800","3,800","3,798","16.89K","0.00%"
"08/01/2026","3,800","3,800","3,800","3,800","","0.00%"
"07/01/2026","3,800","3,800","3,800","3,800","","0.00%"
"06/01/2026","3,800","3,800","3,800","3,800","0.50K","0.00%"
"05/01/2026","3,800","3,800","3,800","3,800","","0.00%"
"02/01/2026","3,800","3,800","3,800","3,800","","0.00%"
"30/12/2025","3,800","3,800","3,800","3,800","1.20K","0.00%"
"29/12/2025","3,800","3,800","3,800","3,800","2.08K","0.00%"
"23/12/2025","3,800","3,800","3,800","3,800","0.06K","0.00%"
"22/12/2025","3,800","3,800","3,800","3,800","43.69K","0.00%"
"19/12/2025","3,800","3,800","3,800","3,800","20.37K","0.00%"
"18/12/2025","3,800","3,800","3,800","3,800","","0.00%"
"17/12/2025","3,800","3,800","3,800","3,800","","0.00%"
"15/12/2025","3,800","3,800","3,800","3,800","0.65K","0.00%"
"12/12/2025","3,800","3,800","3,800","3,800","","0.00%"
"11/12/2025","3,800","3,800","3,800","3,800","1.30K","0.00%"
"10/12/2025","3,800","3,800","3,800","3,800","","0.00%"
"09/12/2025","3,800","3,800","3,800","3,800","0.51K","-2.56%"
"08/12/2025","3,900","3,899","3,900","3,900","","0.00%"
"05/12/2025","3,900","3,899","3,900","3,899","2.03K","0.03%"
"04/12/2025","3,899","3,806","3,899","3,805","15.90K","2.66%"
"03/12/2025","3,798","3,700","3,798","3,798","","0.00%"
"02/12/2025","3,798","3,700","3,798","3,700","4.78K","5.47%"
"01/12/2025","3,601","3,601","3,601","3,601","","0.00%"
"28/11/2025","3,601","3,601","3,601","3,601","","0.00%"
"27/11/2025","3,601","3,601","3,601","3,601","","0.00%"
"26/11/2025","3,601","3,601","3,601","3,601","","0.00%"
"25/11/2025","3,601","3,601","3,601","3,601","0.05K","0.00%"
"24/11/2025","3,601","3,601","3,601","3,601","0.20K","-5.24%"
"21/11/2025","3,800","3,800","3,800","3,800","9.79K","0.00%"
"20/11/2025","3,800","3,800","3,800","3,800","","0.00%"
"19/11/2025","3,800","3,800","3,800","3,800","0.00K","8.57%"
"18/11/2025","3,500","3,501","3,501","3,500","9.83K","0.86%"
"17/11/2025","3,470","3,500","3,500","3,470","2.20K","0.00%"
"14/11/2025","3,470","3,500","3,470","3,470","","0.00%"
"13/11/2025","3,470","3,500","3,470","3,470","","0.00%"
"12/11/2025","3,470","3,500","3,500","3,470","2.70K","-0.12%"
"11/11/2025","3,474","3,474","3,474","3,474","0.90K","0.00%"
"10/11/2025","3,474","3,474","3,474","3,474","0.60K","-1.31%"
"07/11/2025","3,520","3,521","3,521","3,520","3.54K","0.00%"
"06/11/2025","3,520","3,520","3,521","3,519","87.65K","3.23%"
"05/11/2025","3,410","3,410","3,410","3,410","","0.00%"
"04/11/2025","3,410","3,410","3,410","3,410","","0.00%"
"03/11/2025","3,410","3,410","3,410","3,410","","0.00%"
"31/10/2025","3,410","3,415","3,410","3,410","","0.00%"
"30/10/2025","3,410","3,415","3,415","3,410","20.00K","-10.26%"
"29/10/2025","3,800","3,800","3,800","3,800","","0.00%"
"28/10/2025","3,800","3,800","3,800","3,800","0.04K","4.08%"
"27/10/2025","3,651","3,400","3,651","3,651","","0.00%"
"24/10/2025","3,651","3,400","3,651","3,651","","0.00%"
"23/10/2025","3,651","3,400","3,651","3,651","","0.00%"
"22/10/2025","3,651","3,400","3,651","3,651","","0.00%"
"21/10/2025","3,651","3,400","3,651","3,251","11.95K","7.35%"
"20/10/2025","3,401","3,401","3,401","3,401","","0.00%"
"19/10/2025","3,401","3,401","3,401","3,401","","0.00%"
"17/10/2025","3,401","3,401","3,401","3,401","","0.00%"
"16/10/2025","3,401","3,401","3,401","3,401","","0.00%"
"15/10/2025","3,401","3,401","3,401","3,401","0.12K","0.03%"
"14/10/2025","3,400","3,400","3,400","3,400","7.60K","0.00%"
"13/10/2025","3,400","3,400","3,400","3,400","2.00K","-2.30%"
"10/10/2025","3,480","3,401","3,480","3,480","","0.00%"
"09/10/2025","3,480","3,401","3,480","3,401","2.08K","2.32%"
"08/10/2025","3,401","3,401","3,401","3,401","2.00K","0.03%"
"07/10/2025","3,400","3,400","3,400","3,400","","0.00%"
"06/10/2025","3,400","3,400","3,400","3,400","","0.00%"
"03/10/2025","3,400","3,400","3,400","3,400","0.70K","0.00%"
"02/10/2025","3,400","3,500","3,400","3,400","","0.00%"
"01/10/2025","3,400","3,500","3,400","3,400","","0.00%"
"30/09/2025","3,400","3,500","3,500","3,400","0.82K","-0.73%"
"29/09/2025","3,425","3,450","3,425","3,425","","0.00%"
"28/09/2025","3,425","3,450","3,425","3,425","","0.00%"
"26/09/2025","3,425","3,450","3,425","3,425","","0.00%"
"25/09/2025","3,425","3,450","3,450","3,425","0.50K","0.74%"
"23/09/2025","3,400","3,400","3,400","3,400","","0.00%"
"22/09/2025","3,400","3,400","3,400","3,400","","0.00%"
"21/09/2025","3,400","3,400","3,400","3,400","","0.00%"
"19/09/2025","3,400","3,400","3,400","3,400","","0.00%"
"18/09/2025","3,400","3,400","3,400","3,400","","0.00%"
"17/09/2025","3,400","3,400","3,400","3,400","","0.00%"
"16/09/2025","3,400","3,400","3,400","3,400","","0.00%"
"15/09/2025","3,400","3,400","3,400","3,340","12.83K","0.00%"
"12/09/2025","3,400","3,340","3,400","3,400","","0.00%"
"11/09/2025","3,400","3,340","3,400","3,340","6.05K","1.19%"
"10/09/2025","3,360","3,360","3,360","3,360","","0.00%"
"09/09/2025","3,360","3,360","3,360","3,360","0.11K","0.30%"
"08/09/2025","3,350","3,350","3,350","3,350","0.66K","3.08%"
"07/09/2025","3,250","3,250","3,250","3,250","","0.00%"
"05/09/2025","3,250","3,250","3,250","3,250","","0.00%"
"04/09/2025","3,250","3,250","3,250","3,250","0.00K","-2.99%"
"03/09/2025","3,350","3,350","3,350","3,350","","0.00%"
"02/09/2025","3,350","3,350","3,350","3,350","0.11K","-1.47%"
"01/09/2025","3,400","3,251","3,400","3,400","","0.00%"
"29/08/2025","3,400","3,251","3,400","3,400","","0.00%"
"28/08/2025","3,400","3,250","3,400","3,250","12.50K","4.62%"
"27/08/2025","3,250","3,250","3,250","3,250","0.50K","0.00%"
"26/08/2025","3,250","3,300","3,300","3,250","7.61K","-1.52%"
"25/08/2025","3,300","3,300","3,300","3,300","","0.00%"
"22/08/2025","3,300","3,300","3,300","3,300","","0.00%"
"21/08/2025","3,300","3,300","3,300","3,300","6.77K","-1.49%"
"20/08/2025","3,350","3,350","3,350","3,350","","-2.90%"
"19/08/2025","3,450","3,450","3,450","3,450","0.05K","0.00%"
"18/08/2025","3,450","3,449","3,450","3,450","","0.00%"
"15/08/2025","3,450","3,449","3,450","3,449","1.00K","-2.82%"
"14/08/2025","3,550","3,550","3,550","3,550","","0.00%"
"13/08/2025","3,550","3,550","3,550","3,550","","0.00%"
"12/08/2025","3,550","3,550","3,550","3,550","0.01K","-1.39%"
"11/08/2025","3,600","3,600","3,600","3,600","","0.00%"
"08/08/2025","3,600","3,600","3,600","3,600","","0.00%"
"07/08/2025","3,600","3,600","3,600","3,600","","0.00%"
"06/08/2025","3,600","3,600","3,600","3,597","37.65K","0.00%"
"05/08/2025","3,600","3,500","3,600","3,500","0.39K","0.00%"
"04/08/2025","3,600","3,600","3,600","3,600","","0.00%"
"01/08/2025","3,600","3,600","3,600","3,600","0.65K","0.22%"
"31/07/2025","3,592","3,591","3,592","3,591","2.65K","0.06%"
"30/07/2025","3,590","3,590","3,590","3,590","0.96K","-0.03%"
"29/07/2025","3,591","3,591","3,591","3,591","0.31K","2.60%"
"28/07/2025","3,500","3,500","3,500","3,500","","0.00%"
"25/07/2025","3,500","3,500","3,500","3,500","6.00K","-0.68%"
"24/07/2025","3,524","3,523","3,524","3,523","3.07K","0.00%"
"23/07/2025","3,524","3,524","3,524","3,524","","0.00%"
"22/07/2025","3,524","3,524","3,524","3,524","1.36K","3.65%"
"21/07/2025","3,400","3,400","3,400","3,400","4.49K","0.00%"
"18/07/2025","3,400","3,399","3,400","3,399","2.27K","-8.82%"
"17/07/2025","3,729","3,729","3,729","3,729","","0.00%"
"16/07/2025","3,729","3,729","3,729","3,729","","0.00%"
"15/07/2025","3,729","3,729","3,729","3,729","0.04K","-0.53%"
"14/07/2025","3,749","3,749","3,749","3,749","","0.00%"
"13/07/2025","3,749","3,749","3,749","3,749","","0.00%"
"11/07/2025","3,749","3,749","3,749","3,749","","0.00%"
"10/07/2025","3,749","3,749","3,749","3,749","","9,900.00%"
"09/07/2025","37","37","37","37","","0.00%"
"08/07/2025","37","37","37","37","","0.00%"
"07/07/2025","37","37","37","37","","-99.00%"
"06/07/2025","3,749","3,749","3,749","3,749","","9,900.00%"
"04/07/2025","37","37","37","37","","0.00%"
"03/07/2025","37","37","37","37","","-99.00%"
"02/07/2025","3,749","3,749","3,749","3,749","1.21K","-1.32%"
"01/07/2025","3,799","3,799","3,799","3,799","0.31K","1.31%"
"30/06/2025","3,750","3,750","3,750","3,750","","0.00%"
"27/06/2025","3,750","3,750","3,750","3,750","","0.00%"
"26/06/2025","3,750","3,750","3,750","3,750","","0.00%"
"25/06/2025","3,750","3,750","3,750","3,750","0.50K","-1.29%"
"24/06/2025","3,799","3,200","3,799","3,799","","0.00%"
"23/06/2025","3,799","3,200","3,799","3,799","","0.00%"
"20/06/2025","3,799","3,200","3,799","3,799","","0.00%"
"19/06/2025","3,799","3,200","3,799","3,799","","0.00%"
"18/06/2025","3,799","3,200","3,799","3,799","","0.00%"
"17/06/2025","3,799","3,200","3,799","3,200","1.34K","5.53%"
"13/06/2025","3,600","3,600","3,600","3,600","3.50K","4.35%"
"12/06/2025","3,450","3,450","3,450","3,450","","0.00%"
"11/06/2025","3,450","3,450","3,450","3,450","","0.00%"
"10/06/2025","3,450","3,450","3,450","3,450","","0.00%"
"09/06/2025","3,450","3,450","3,450","3,450","1.01K","0.00%"
"06/06/2025","3,450","3,451","3,451","3,450","0.93K","-0.06%"
"05/06/2025","3,452","3,452","3,452","3,452","","0.00%"
"04/06/2025","3,452","3,452","3,452","3,452","","0.00%"
"03/06/2025","3,452","3,452","3,452","3,452","","0.00%"
"02/06/2025","3,452","3,452","3,452","3,452","2.17K","0.06%"
"30/05/2025","3,450","3,450","3,450","3,450","","0.00%"
"29/05/2025","3,450","3,450","3,450","3,450","0.21K","0.73%"
"28/05/2025","3,425","3,426","3,425","3,425","","0.00%"
"27/05/2025","3,425","3,426","3,426","3,425","0.39K","-0.03%"
"26/05/2025","3,426","3,426","3,426","3,426","","0.00%"
"25/05/2025","3,426","3,426","3,426","3,426","","0.00%"
"23/05/2025","3,426","3,426","3,426","3,426","","0.00%"
"22/05/2025","3,426","3,426","3,426","3,426","0.26K","0.74%"
"21/05/2025","3,401","3,401","3,401","3,401","","0.00%"
"20/05/2025","3,401","3,401","3,401","3,401","","0.00%"
"19/05/2025","3,401","3,401","3,401","3,401","","0.00%"
"16/05/2025","3,401","3,401","3,401","3,401","","0.00%"
"15/05/2025","3,401","3,401","3,401","3,401","","0.00%"
"14/05/2025","3,401","3,401","3,401","3,400","3.00K","0.00%"
"13/05/2025","3,401","3,401","3,401","3,401","0.79K","0.89%"
"09/05/2025","3,371","3,371","3,371","3,371","","0.00%"
"08/05/2025","3,371","3,371","3,371","3,371","2.00K","5.34%"
"07/05/2025","3,200","3,200","3,200","3,200","","0.00%"
"29/04/2025","3,200","3,200","3,200","3,200","","0.00%"
"22/04/2025","3,200","3,200","3,200","3,200","0.10K","-16.88%"
"15/04/2025","3,850","3,850","3,850","3,850","","0.00%"
"14/04/2025","3,850","3,850","3,850","3,850","","0.00%"
"13/04/2025","3,850","3,850","3,850","3,850","","0.00%"
"12/04/2025","3,850","3,850","3,850","3,850","","9,900.00%"
"11/04/2025","39","39","39","39","","0.00%"
"10/04/2025","39","39","39","39","","0.00%"
"09/04/2025","39","39","39","39","","0.00%"
"08/04/2025","39","39","39","39","","0.00%"
"07/04/2025","39","39","39","39","","0.00%"
"04/04/2025","39","39","39","39","","0.00%"
"03/04/2025","39","39","39","39","","0.00%"
"02/04/2025","39","39","39","39","","-99.00%"
"01/04/2025","3,850","3,850","3,850","3,850","0.02K","5.48%"
"27/03/2025","3,650","3,650","3,650","3,650","","0.00%"
"26/03/2025","3,650","3,650","3,650","3,650","7.42K","0.00%"
"25/03/2025","3,650","3,650","3,650","3,650","0.26K","0.00%"
"24/03/2025","3,650","3,651","3,651","3,650","1.00K","0.00%"
"20/03/2025","3,650","3,651","3,651","3,650","1.00K","0.00%"
"19/03/2025","3,650","3,651","3,651","3,650","1.00K","-1.35%"
"17/03/2025","3,700","3,650","3,700","3,650","1.59K","1.37%"
"13/03/2025","3,650","3,650","3,650","3,650","2.00K","0.00%"
"11/03/2025","3,650","3,650","3,650","3,650","0.08K","0.00%"
"10/03/2025","3,650","3,650","3,650","3,650","","0.00%"
"05/03/2025","3,650","3,700","3,700","3,650","0.20K","0.00%"
"04/03/2025","3,650","3,824","3,850","3,650","3.23K","-0.03%"
"03/03/2025","3,651","3,850","3,850","3,850","0.02K","-5.17%"
"27/02/2025","3,850","3,850","3,850","3,850","1.05K","1.32%"
"25/02/2025","3,800","3,800","3,800","3,800","0.11K","-1.30%"
"24/02/2025","3,850","3,850","3,850","3,850","0.64K","4.05%"
"21/02/2025","3,700","3,700","3,750","3,699","1.06M","1.37%"
"19/02/2025","3,650","3,850","3,850","3,650","25.29K","-5.19%"
"18/02/2025","3,850","3,650","3,850","3,650","0.03K","4.05%"
"17/02/2025","3,700","3,700","3,700","3,700","0.59K","1.34%"
"14/02/2025","3,651","3,651","3,651","3,651","","0.03%"
"12/02/2025","3,650","3,650","3,650","3,650","0.08K","0.00%"
"11/02/2025","3,650","3,650","3,650","3,650","1.19K","0.00%"
"07/02/2025","3,650","3,650","3,650","3,650","0.51K","-3.95%"
"06/02/2025","3,800","3,800","3,800","3,800","0.62K","0.00%"
"05/02/2025","3,800","3,800","3,800","3,800","10.93K","0.00%"
"04/02/2025","3,800","3,800","3,800","3,800","0.07K","2.70%"
"03/02/2025","3,700","3,700","3,700","3,700","","0.00%"
"29/01/2025","3,700","3,650","3,700","2,904","5.75K","1.37%"
"28/01/2025","3,650","3,650","3,650","3,650","0.16K","-1.35%"
"24/01/2025","3,700","3,700","3,700","3,700","7.72K","0.00%"
"23/01/2025","3,700","3,650","3,700","3,650","11.00K","0.00%"
"22/01/2025","3,700","3,700","3,700","3,700","3.00K","1.37%"
"21/01/2025","3,650","3,700","3,700","3,650","1.53K","0.00%"
"20/01/2025","3,650","3,650","3,700","3,650","3.62K","0.00%"
"17/01/2025","3,650","3,649","3,650","3,649","4.35K","0.00%"
"16/01/2025","3,650","3,650","3,650","3,650","4.30K","-5.10%"
"15/01/2025","3,846","3,846","3,846","3,846","0.00K","5.37%"
"14/01/2025","3,650","3,650","3,650","3,650","8.40K","-2.67%"
"13/01/2025","3,750","3,751","3,751","3,750","3.74K","0.00%"
"09/01/2025","3,750","3,750","3,750","3,750","","0.00%"
"07/01/2025","3,750","3,750","3,750","3,750","0.22K","0.00%"
"06/01/2025","3,750","3,254","3,750","3,254","10.21K","15.38%"
"03/01/2025","3,250","3,250","3,250","3,250","0.07K","-13.31%"
"02/01/2025","3,749","3,749","3,749","3,749","","0.00%"
"30/12/2024","3,749","3,749","3,749","3,749","0.03K","10,032.43%"
"27/12/2024","37","37","37","37","","0.00%"
"24/12/2024","37","37","37","37","","0.00%"
"23/12/2024","37","37","37","37","","-99.00%"
"20/12/2024","3,700","3,699","3,750","3,699","9.84K","0.03%"
"19/12/2024","3,699","3,600","3,699","2,901","4.01K","-1.36%"
"17/12/2024","3,750","3,700","3,750","3,700","0.11K","1.35%"
"12/12/2024","3,700","3,700","3,700","3,700","","0.00%"
"11/12/2024","3,700","3,700","3,700","3,700","5.00K","0.00%"
"10/12/2024","3,700","3,700","3,700","3,700","0.70K","0.00%"
"09/12/2024","3,700","3,700","3,700","3,700","27.00K","2.49%"
"06/12/2024","3,610","3,610","3,610","3,610","7.91K","-2.43%"
"04/12/2024","3,700","3,700","3,700","3,700","1.35K","0.00%"
"03/12/2024","3,700","3,650","3,700","3,650","0.53K","0.00%"
"02/12/2024","3,700","3,700","3,700","3,700","0.51K","0.00%"
"29/11/2024","3,700","3,700","3,700","3,700","4.00K","2.78%"
"28/11/2024","3,600","3,600","3,600","3,600","5.52K","0.00%"
"27/11/2024","3,600","3,600","3,600","3,600","2.03K","-0.14%"
"26/11/2024","3,605","3,600","3,605","3,600","3.86K","0.14%"
"21/11/2024","3,600","3,600","3,600","3,600","4.30K","-1.37%"
"20/11/2024","3,650","3,650","3,650","3,650","1.50K","-1.35%"
"19/11/2024","3,700","3,650","3,700","3,650","4.08K","0.00%"
"18/11/2024","3,700","3,700","3,700","3,700","2.52K","0.00%"
"15/11/2024","3,700","3,700","3,700","3,700","0.50K","2.49%"
"14/11/2024","3,610","3,610","3,610","3,610","0.50K","0.25%"
"12/11/2024","3,601","3,601","3,601","3,601","0.02K","-2.68%"
"11/11/2024","3,700","3,700","3,700","3,700","0.51K","-5.13%"
"05/11/2024","3,900","3,900","3,900","3,900","0.30K","0.03%"
"04/11/2024","3,899","3,899","3,899","3,899","","0.00%"
"29/10/2024","3,899","3,924","3,924","3,899","3.08K","-0.64%"
"28/10/2024","3,924","3,924","3,924","3,924","","0.00%"
"25/10/2024","3,924","3,924","3,924","3,924","2.55K","0.00%"
"23/10/2024","3,924","3,924","3,924","3,924","5.10K","-0.03%"
"22/10/2024","3,925","3,925","3,925","3,925","0.04K","3.29%"
"17/10/2024","3,800","3,800","3,800","3,800","4.90K","0.00%"
"15/10/2024","3,800","3,800","3,800","3,800","0.08K","0.03%"
"11/10/2024","3,799","3,799","3,799","3,799","0.12K","0.00%"
"10/10/2024","3,799","3,799","3,799","3,799","4.06K","0.00%"
"09/10/2024","3,799","3,799","3,799","3,799","0.28K","4.05%"
"08/10/2024","3,651","3,610","3,799","3,610","4.03K","1.42%"
"01/10/2024","3,600","3,799","3,799","3,600","2.00K","-0.06%"
"26/09/2024","3,602","3,602","3,602","3,602","","0.06%"
"20/09/2024","3,600","3,600","3,600","3,600","0.00K","1.95%"
"19/09/2024","3,531","3,531","3,531","3,531","0.30K","-1.97%"
"18/09/2024","3,602","3,602","3,602","3,602","","-9.95%"
"17/09/2024","4,000","4,000","4,000","4,000","0.18K","11.11%"
"13/09/2024","3,600","3,600","3,600","3,600","10.00K","4.32%"
"11/09/2024","3,451","3,451","3,451","3,451","","0.00%"
"10/09/2024","3,451","3,451","3,451","3,451","","0.00%"
"09/09/2024","3,451","3,451","3,451","3,451","","0.91%"
"05/09/2024","3,420","3,420","3,420","3,420","","0.00%"
"02/09/2024","3,420","3,420","3,420","3,420","0.02K","0.59%"
"28/08/2024","3,400","3,410","3,410","3,400","0.90K","0.00%"
"27/08/2024","3,400","3,366","3,366","3,366","0.39K","1.46%"
"26/08/2024","3,351","3,351","3,351","3,351","","0.00%"
"22/08/2024","3,351","3,880","3,899","3,351","6.81K","3.08%"
"21/08/2024","3,251","3,251","3,251","3,251","","0.00%"
"20/08/2024","3,251","3,251","3,251","3,251","","0.00%"
"19/08/2024","3,251","3,251","3,251","3,251","","0.00%"
"16/08/2024","3,251","3,251","3,251","3,251","","0.00%"
"15/08/2024","3,251","3,251","3,251","3,251","","0.00%"
"14/08/2024","3,251","3,251","3,251","3,251","0.10K","1.09%"
"13/08/2024","3,216","3,216","3,216","3,216","","0.00%"
"12/08/2024","3,216","3,216","3,216","3,216","","0.00%"
"08/08/2024","3,216","3,216","3,216","3,216","","0.00%"
"07/08/2024","3,216","3,216","3,216","3,216","","0.00%"
"06/08/2024","3,216","3,216","3,216","3,216","0.12K","-8.14%"
"05/08/2024","3,501","3,499","3,501","3,499","1.41K","0.06%"
"01/08/2024","3,499","3,499","3,499","3,499","1.00K","8.46%"
"30/07/2024","3,226","3,226","3,226","3,226","0.28K","0.81%"
"29/07/2024","3,200","3,200","3,200","3,200","0.60K","1.59%"
"26/07/2024","3,150","3,360","3,361","3,150","3.28K","-6.28%"
"25/07/2024","3,361","3,361","3,361","3,361","1.75K","0.00%"
"24/07/2024","3,361","3,361","3,361","3,361","0.02K","0.30%"
"23/07/2024","3,351","3,500","3,500","3,351","0.19K","-1.44%"
"22/07/2024","3,400","3,350","3,400","3,350","5.25K","1.49%"
"18/07/2024","3,350","3,150","3,351","3,150","4.36K","6.35%"
"17/07/2024","3,150","3,101","3,150","3,101","3.84K","1.58%"
"16/07/2024","3,101","3,101","3,101","3,101","0.07K","0.00%"
"11/07/2024","3,101","3,100","3,101","3,099","4.76K","0.03%"
"10/07/2024","3,100","3,101","3,101","3,099","15.87K","-0.03%"
"09/07/2024","3,101","3,101","3,101","3,101","0.41K","-8.39%"
"08/07/2024","3,385","3,384","3,385","3,385","","0.00%"
"05/07/2024","3,385","3,384","3,385","3,385","","0.00%"
"04/07/2024","3,385","3,384","3,385","3,385","","0.00%"
"03/07/2024","3,385","3,384","3,385","3,384","1.63K","0.03%"
"02/07/2024","3,384","3,384","3,384","3,384","0.50K","0.00%"
"01/07/2024","3,384","3,051","3,384","3,050","15.68K","10.95%"
"28/06/2024","3,050","3,051","3,051","3,050","5.80K","1.63%"
"27/06/2024","3,001","3,001","3,001","3,001","0.73K","-10.63%"
"26/06/2024","3,358","3,358","3,358","3,358","","0.00%"
"25/06/2024","3,358","3,358","3,358","3,358","0.05K","8.32%"
"24/06/2024","3,100","3,100","3,100","3,100","","0.00%"
"21/06/2024","3,100","3,100","3,100","3,100","","0.00%"
"20/06/2024","3,100","3,100","3,100","3,100","","0.00%"
"19/06/2024","3,100","3,100","3,100","3,100","13.32K","3.30%"
"18/06/2024","3,001","3,099","3,100","3,001","15.08K","-3.19%"
"14/06/2024","3,100","3,100","3,100","3,100","0.50K","-2.42%"
"13/06/2024","3,177","3,000","3,177","3,177","","0.00%"
"12/06/2024","3,177","3,000","3,177","3,177","","0.00%"
"11/06/2024","3,177","3,000","3,177","3,000","0.80K","5.86%"
"10/06/2024","3,001","3,001","3,001","3,001","0.02K","-5.90%"
"07/06/2024","3,189","3,189","3,189","3,189","","0.00%"
"06/06/2024","3,189","3,189","3,189","3,189","","0.00%"
"05/06/2024","3,189","3,189","3,189","3,189","","0.00%"
"04/06/2024","3,189","3,189","3,189","3,189","0.11K","6.26%"
"03/06/2024","3,001","3,000","3,001","3,001","","0.00%"
"02/06/2024","3,001","3,000","3,001","3,001","","0.00%"
"31/05/2024","3,001","3,000","3,001","3,001","","0.00%"
"30/05/2024","3,001","3,000","3,001","3,001","","0.00%"
"28/05/2024","3,001","3,000","3,001","3,000","1.12K","1.01%"
"27/05/2024","2,971","2,971","2,971","2,971","0.02K","-6.87%"
"24/05/2024","3,190","3,190","3,190","3,190","","0.00%"
"23/05/2024","3,190","3,190","3,190","3,190","","0.00%"
"22/05/2024","3,190","3,190","3,190","3,190","","0.00%"
"21/05/2024","3,190","3,190","3,190","3,190","0.09K","-0.19%"
"20/05/2024","3,196","3,000","3,196","3,196","","0.00%"
"17/05/2024","3,196","3,000","3,196","3,000","7.16K","6.89%"
"16/05/2024","2,990","2,946","2,990","2,946","1.55K","1.01%"
"15/05/2024","2,960","2,960","2,960","2,960","0.85K","-1.33%"
"14/05/2024","3,000","3,000","3,000","3,000","0.01K","0.00%"
"13/05/2024","3,000","2,990","3,000","2,990","2.55K","1.87%"
"10/05/2024","2,945","2,945","2,945","2,945","0.04K","0.48%"
"09/05/2024","2,931","2,990","2,931","2,931","","0.00%"
"08/05/2024","2,931","2,990","2,931","2,931","","0.00%"
"07/05/2024","2,931","2,990","2,990","2,931","1.81K","-2.30%"
"06/05/2024","3,000","3,000","3,000","3,000","0.30K","1.15%"
"03/05/2024","2,966","2,960","2,966","2,966","","0.00%"
"02/05/2024","2,966","2,960","2,966","2,966","","0.00%"
"30/04/2024","2,966","2,960","2,966","2,960","7.61K","1.51%"
"29/04/2024","2,922","2,922","2,922","2,922","0.77K","-1.28%"
"26/04/2024","2,960","2,960","2,960","2,960","0.15K","-0.20%"
"25/04/2024","2,966","2,966","2,966","2,966","","0.00%"
"24/04/2024","2,966","2,966","2,966","2,966","","0.00%"
"23/04/2024","2,966","2,966","2,966","2,966","2.83K","0.07%"
"22/04/2024","2,964","2,964","2,964","2,964","1.94K","0.07%"
"19/04/2024","2,962","2,963","2,963","2,962","1.60K","-0.07%"
"18/04/2024","2,964","2,964","2,964","2,964","","0.24%"
"17/04/2024","2,957","2,953","2,957","2,957","","0.00%"
"16/04/2024","2,957","2,953","2,957","2,953","0.59K","0.58%"
"15/04/2024","2,940","2,940","2,940","2,940","2.02K","-2.00%"
"12/04/2024","3,000","3,000","3,000","3,000","3.21K","2.60%"
"11/04/2024","2,924","2,924","2,924","2,924","0.38K","0.07%"
"10/04/2024","2,922","2,922","2,922","2,922","","0.00%"
"09/04/2024","2,922","2,922","2,922","2,922","0.08K","0.72%"
"08/04/2024","2,901","2,901","2,901","2,901","0.07K","-9.26%"
"05/04/2024","3,197","3,197","3,197","3,197","","0.00%"
"02/04/2024","3,197","3,197","3,197","3,197","0.48K","0.00%"
"26/03/2024","3,197","3,197","3,197","3,197","0.00K","0.03%"
"25/03/2024","3,196","3,196","3,196","3,196","0.08K","0.19%"
"22/03/2024","3,190","3,196","3,196","3,196","4.00K","-0.22%"
"18/03/2024","3,197","3,300","3,359","3,199","12.50K","-4.82%"
"14/03/2024","3,359","3,359","3,359","3,359","","0.00%"
"12/03/2024","3,359","3,100","3,359","3,100","0.28K","10.13%"
"08/03/2024","3,050","3,020","3,050","3,020","6.56K","2.04%"
"07/03/2024","2,989","2,989","2,989","2,989","4.30K","1.36%"
"06/03/2024","2,949","2,574","2,949","2,574","7.88K","5.28%"
"05/03/2024","2,801","2,801","2,801","2,801","10.49K","0.00%"
"04/03/2024","2,801","3,030","3,030","2,801","18.02K","-7.98%"
"01/03/2024","3,044","2,794","3,044","2,794","0.07K","0.00%"
"29/02/2024","3,044","3,050","3,050","3,044","0.03K","1.47%"
"28/02/2024","3,000","2,815","3,050","2,783","6.51K","6.72%"
"27/02/2024","2,811","2,975","3,000","2,710","17.88K","-7.84%"
"26/02/2024","3,050","3,050","3,050","3,050","0.00K","2.11%"
"23/02/2024","2,987","2,981","2,987","2,981","4.79K","-5.35%"
"21/02/2024","3,156","3,148","3,156","3,148","2.95K","5.20%"
"20/02/2024","3,000","2,925","3,150","2,925","10.39K","2.56%"
"19/02/2024","2,925","3,012","3,012","2,925","4.41K","-13.18%"
"16/02/2024","3,369","3,369","3,369","3,368","0.71K","2.09%"
"14/02/2024","3,300","3,300","3,300","3,300","0.08K","3.13%"
"13/02/2024","3,200","3,066","3,200","3,066","2.67K","7.56%"
"12/02/2024","2,975","3,380","3,380","2,974","6.11K","-12.40%"
"09/02/2024","3,396","3,000","3,396","3,000","0.02K","0.00%"
"08/02/2024","3,396","3,399","3,399","3,000","2.19K","-0.09%"
"07/02/2024","3,399","3,399","3,399","3,399","0.97K","-0.03%"
"06/02/2024","3,400","3,274","3,400","3,274","2.46K","11.26%"
"02/02/2024","3,056","3,056","3,056","3,056","0.00K","0.36%"
"01/02/2024","3,045","3,025","3,100","3,025","1.79K","1.53%"
"31/01/2024","2,999","3,100","3,100","2,776","9.86K","0.30%"
"30/01/2024","2,990","3,299","3,299","2,990","0.38K","-8.00%"
"29/01/2024","3,250","3,400","3,400","3,250","0.70K","-1.52%"
"26/01/2024","3,300","3,300","3,300","3,300","0.00K","1.54%"
"25/01/2024","3,250","3,250","3,250","3,250","","0.00%"
"24/01/2024","3,250","3,400","3,400","3,250","13.72K","-1.52%"
"23/01/2024","3,300","3,300","3,300","3,300","0.04K","-2.94%"
"19/01/2024","3,400","3,400","3,400","3,400","","0.00%"
"18/01/2024","3,400","3,575","3,575","3,400","2.54K","-4.90%"
"16/01/2024","3,575","3,575","3,575","3,575","0.11K","0.70%"
"12/01/2024","3,550","3,550","3,550","3,550","2.30K","0.00%"
"10/01/2024","3,550","3,666","3,666","3,550","0.89K","-2.74%"
"09/01/2024","3,650","3,550","3,650","3,550","1.15K","2.82%"
"05/01/2024","3,550","3,550","3,550","3,550","1.64K","1.40%"
"02/01/2024","3,501","3,700","3,700","3,501","0.08K","1.45%"
"22/12/2023","3,451","3,451","3,451","3,450","3.64K","2.98%"
"20/12/2023","3,351","3,351","3,351","3,351","","0.00%"
"19/12/2023","3,351","3,351","3,351","3,351","0.02K","3.71%"
"14/12/2023","3,231","3,231","3,231","3,231","0.11K","0.19%"
"13/12/2023","3,225","3,500","3,500","3,225","2.80K","-14.00%"
"12/12/2023","3,750","3,900","3,900","3,750","5.56K","-4.46%"
"11/12/2023","3,925","3,751","3,925","3,751","3.57K","6.80%"
"08/12/2023","3,675","3,675","3,675","3,675","2.30K","4.26%"
"07/12/2023","3,525","3,525","3,525","3,525","0.40K","0.00%"
"06/12/2023","3,525","3,525","3,525","3,525","0.45K","10.16%"
"05/12/2023","3,200","3,199","3,200","3,180","8.56K","2.89%"
"04/12/2023","3,110","3,120","3,120","3,109","7.71K","0.32%"
"01/12/2023","3,100","3,100","3,100","3,100","3.00K","0.00%"
"30/11/2023","3,100","3,100","3,100","3,100","3.14K","-3.13%"
"28/11/2023","3,200","3,000","3,200","3,000","0.19K","3.23%"
"24/11/2023","3,100","3,100","3,100","3,100","","3.33%"
"23/11/2023","3,000","3,000","3,000","3,000","","0.00%"
"21/11/2023","3,000","3,200","3,200","3,000","16.56K","0.00%"
"20/11/2023","3,000","3,000","3,000","3,000","","0.00%"
"17/11/2023","3,000","3,000","3,000","3,000","8.11K","0.00%"
"16/11/2023","3,000","3,000","3,000","3,000","","-6.25%"
"14/11/2023","3,200","3,200","3,200","3,200","0.09K","15.32%"
"13/11/2023","2,775","2,775","2,775","2,775","0.06K","0.91%"
"06/11/2023","2,750","2,750","2,750","2,750","0.05K","1.44%"
"02/11/2023","2,711","2,501","2,711","2,501","0.80K","-13.88%"
"01/11/2023","3,148","3,148","3,148","3,148","1.00K","0.00%"
"31/10/2023","3,148","3,148","3,148","3,148","0.17K","-0.06%"
"25/10/2023","3,150","3,150","3,150","3,150","1.50K","0.00%"
"24/10/2023","3,150","3,150","3,150","3,150","","0.00%"
"20/10/2023","3,150","3,150","3,150","3,150","","0.00%"
"18/10/2023","3,150","3,150","3,150","3,150","1.73K","3.28%"
"17/10/2023","3,050","2,931","3,050","2,931","5.04K","1.67%"
"16/10/2023","3,000","3,000","3,000","3,000","3.59K","2.39%"
"10/10/2023","2,930","2,930","2,930","2,930","2.00K","1.03%"
"09/10/2023","2,900","2,900","2,900","2,900","","0.00%"
"06/10/2023","2,900","2,900","2,900","2,900","11.64K","0.00%"
"05/10/2023","2,900","2,900","2,900","2,899","111.08K","0.00%"
"04/10/2023","2,900","2,900","2,900","2,900","83.80K","0.00%"
"03/10/2023","2,900","2,951","2,951","2,899","4.77K","-1.73%"
"02/10/2023","2,951","2,951","2,951","2,951","","0.00%"
"21/09/2023","2,951","2,951","2,951","2,951","0.22K","-4.81%"
"19/09/2023","3,100","3,339","3,339","3,100","36.44K","0.00%"
"18/09/2023","3,100","3,100","3,100","3,100","0.76K","0.03%"
"15/09/2023","3,099","3,099","3,099","3,099","4.90K","5.02%"
"14/09/2023","2,951","3,100","3,100","2,951","1.10K","-11.62%"
"12/09/2023","3,339","3,100","3,339","3,100","0.30K","-1.10%"
"01/09/2023","3,376","3,376","3,376","3,376","0.50K","0.00%"
"31/08/2023","3,376","3,376","3,376","3,376","","0.00%"
"28/08/2023","3,376","3,376","3,376","3,376","0.50K","0.00%"
"21/08/2023","3,376","3,378","3,378","3,376","3.71K","0.03%"
"18/08/2023","3,375","3,274","3,375","3,274","3.71K","16.38%"
"16/08/2023","2,900","2,900","2,900","2,900","0.04K","-3.37%"
"15/08/2023","3,001","3,299","3,299","3,001","0.04K","0.03%"
"14/08/2023","3,000","3,000","3,000","3,000","0.24K","3.41%"
"07/08/2023","2,901","2,901","2,901","2,901","0.07K","0.00%"
"04/08/2023","2,901","2,901","2,901","2,901","1.00K","0.00%"
"02/08/2023","2,901","2,901","2,901","2,901","0.32K","0.00%"
"01/08/2023","2,901","2,901","2,901","2,901","0.21K","13.68%"
"31/07/2023","2,552","2,552","2,552","2,552","","0.00%"
"27/07/2023","2,552","2,552","2,552","2,552","","0.00%"
"26/07/2023","2,552","2,762","2,762","2,552","0.72K","-7.57%"
"25/07/2023","2,761","2,761","2,761","2,761","0.94K","-7.97%"
"24/07/2023","3,000","2,999","3,000","2,999","12.01K","-0.50%"
"20/07/2023","3,015","3,020","3,020","3,015","2.27K","0.00%"
"19/07/2023","3,015","3,025","3,025","3,015","1.98K","0.00%"
"18/07/2023","3,015","3,015","3,015","3,015","3.50K","0.00%"
"17/07/2023","3,015","3,015","3,015","3,015","1.00K","-0.03%"
"04/07/2023","3,016","3,100","3,451","3,016","3.49K","-2.71%"
"30/06/2023","3,100","3,100","3,100","3,100","0.18K","2.99%"
"28/06/2023","3,010","3,010","3,010","3,010","0.30K","0.30%"
"26/06/2023","3,001","3,001","3,001","3,001","4.20K","0.00%"
"21/06/2023","3,001","3,001","3,001","3,001","46.75K","0.00%"
"20/06/2023","3,001","3,002","3,002","3,001","16.54K","0.00%"
"19/06/2023","3,001","3,001","3,001","3,001","1.10K","19.99%"
"15/06/2023","2,501","2,501","2,501","2,501","0.10K","-19.32%"
"08/06/2023","3,100","3,100","3,100","3,100","0.84K","0.00%"
"07/06/2023","3,100","3,100","3,100","3,100","1.69K","0.03%"
"06/06/2023","3,099","3,099","3,099","3,099","0.60K","-0.03%"
"05/06/2023","3,100","3,100","3,100","3,100","0.80K","3.33%"
"01/06/2023","3,000","3,000","3,001","3,000","15.25K","0.00%"
"31/05/2023","3,000","3,020","3,020","3,000","5.86K","-1.96%"
"30/05/2023","3,060","3,065","3,065","3,020","5.00K","2.00%"
"23/05/2023","3,000","3,000","3,000","3,000","0.05K","0.00%"
"22/05/2023","3,000","3,000","3,000","3,000","0.50K","-0.03%"
"18/05/2023","3,001","3,001","3,001","3,001","","0.03%"
"17/05/2023","3,000","3,001","3,001","3,000","0.50K","-10.69%"
"15/05/2023","3,359","3,359","3,359","3,359","0.50K","19.96%"
"12/05/2023","2,800","2,800","2,800","2,800","0.21K","-6.67%"
"10/05/2023","3,000","3,000","3,000","3,000","","0.00%"
"09/05/2023","3,000","3,000","3,000","3,000","0.03K","-0.46%"
"08/05/2023","3,014","3,014","3,014","3,014","0.27K","0.33%"
"05/05/2023","3,004","3,004","3,004","3,004","","0.00%"
"04/05/2023","3,004","3,004","3,004","3,004","0.33K","0.03%"
"02/05/2023","3,003","3,055","3,055","3,000","2.31K","-6.33%"
"25/04/2023","3,206","3,207","3,207","3,206","11.46K","0.19%"
"24/04/2023","3,200","3,200","3,200","3,200","0.17K","-0.40%"
"20/04/2023","3,213","3,213","3,213","3,213","0.13K","0.03%"
"19/04/2023","3,212","3,213","3,213","3,212","8.70K","0.00%"
"18/04/2023","3,212","3,216","3,300","3,212","0.62K","7.07%"
"17/04/2023","3,000","3,000","3,000","3,000","0.02K","-12.41%"
"14/04/2023","3,425","3,420","3,425","3,420","7.89K","0.00%"
"11/04/2023","3,425","3,212","3,425","3,212","0.85K","26.57%"
"06/04/2023","2,706","2,706","2,706","2,706","0.09K","-15.75%"
"05/04/2023","3,212","3,212","3,212","3,212","0.09K","-6.22%"
"04/04/2023","3,425","3,425","3,425","3,425","0.20K","6.63%"
"03/04/2023","3,212","3,213","3,213","3,212","0.08K","-0.03%"
"31/03/2023","3,213","3,213","3,213","3,213","0.50K","0.03%"
"30/03/2023","3,212","3,212","3,212","3,212","0.05K","-0.06%"
"29/03/2023","3,214","3,214","3,214","3,214","","0.00%"
"28/03/2023","3,214","3,214","3,214","3,214","107.97K","0.06%"
"27/03/2023","3,212","3,212","3,212","3,212","","0.00%"
"24/03/2023","3,212","3,212","3,212","3,212","","0.22%"
"23/03/2023","3,205","3,700","3,700","3,205","0.50K","0.03%"
"22/03/2023","3,204","3,204","3,204","3,204","1.00K","0.72%"
"20/03/2023","3,181","3,181","3,181","3,181","0.38K","0.32%"
"17/03/2023","3,171","3,150","3,172","3,150","1.07K","0.67%"
"16/03/2023","3,150","3,025","3,150","3,025","7.70K","1.29%"
"14/03/2023","3,110","3,101","3,150","3,100","76.69K","0.29%"
"13/03/2023","3,101","3,101","3,101","3,101","","0.00%"
"10/03/2023","3,101","3,101","3,101","3,101","0.74K","-1.56%"
"09/03/2023","3,150","3,100","3,150","3,100","2.00K","0.00%"
"08/03/2023","3,150","3,022","3,150","3,022","0.10K","4.24%"
"07/03/2023","3,022","3,022","3,022","3,022","2.17K","0.00%"
"02/03/2023","3,022","3,022","3,022","3,022","","0.00%"
"01/03/2023","3,022","3,023","3,023","3,022","2.25K","0.00%"
"28/02/2023","3,022","3,121","3,130","3,022","1.27K","-3.20%"
"27/02/2023","3,122","3,122","3,122","3,122","0.50K","-0.06%"
"24/02/2023","3,124","3,124","3,124","3,124","0.10K","-0.13%"
"22/02/2023","3,128","3,050","3,128","3,040","2.30K","0.94%"
"21/02/2023","3,099","2,950","3,099","2,812","2.81K","-0.80%"
"17/02/2023","3,124","3,124","3,124","3,124","0.22K","7.35%"
"16/02/2023","2,910","3,125","3,125","2,910","1.60K","0.00%"
"15/02/2023","2,910","2,910","2,910","2,910","0.80K","-7.62%"
"09/02/2023","3,150","3,140","3,150","3,140","1.45K","8.25%"
"08/02/2023","2,910","2,910","2,910","2,910","0.32K","-7.32%"
"07/02/2023","3,140","3,140","3,140","3,140","1.20K","7.90%"
"06/02/2023","2,910","2,910","2,910","2,910","","0.00%"
"03/02/2023","2,910","3,020","3,150","2,905","0.64K","-3.64%"
"02/02/2023","3,020","3,200","3,200","2,920","1.95K","-5.63%"
"01/02/2023","3,200","2,851","3,699","2,851","16.39K","12.24%"
"31/01/2023","2,851","2,565","2,851","2,565","26.20K","9.65%"
"30/01/2023","2,600","2,600","2,600","2,600","1.00K","1.96%"
"27/01/2023","2,550","2,502","2,550","2,502","1.82K","-7.91%"
"25/01/2023","2,769","2,769","2,769","2,769","","0.00%"
"24/01/2023","2,769","2,769","2,769","2,769","1.07K","2.56%"
"23/01/2023","2,700","2,700","2,700","2,700","0.19K","8.00%"
"19/01/2023","2,500","2,550","2,550","2,500","4.43K","-3.85%"
"18/01/2023","2,600","2,600","2,600","2,600","0.50K","-6.14%"
"17/01/2023","2,770","2,770","2,770","2,770","0.06K","-0.18%"
"16/01/2023","2,775","2,775","2,775","2,775","0.01K","0.00%"
"13/01/2023","2,775","2,775","2,775","2,775","0.59K","8.61%"
"11/01/2023","2,555","2,555","2,555","2,555","0.57K","1.19%"
"04/01/2023","2,525","2,525","2,525","2,525","0.40K","0.92%"
"03/01/2023","2,502","2,502","2,502","2,502","","0.00%"
"20/12/2022","2,502","2,502","2,502","2,502","1.00K","0.00%"
"15/12/2022","2,502","2,502","2,502","2,502","","0.00%"
"14/12/2022","2,502","2,502","2,502","2,502","1.00K","0.00%"
"12/12/2022","2,502","2,502","2,502","2,502","0.18K","0.08%"
"07/12/2022","2,500","2,500","2,500","2,500","2.02K","-9.09%"
"06/12/2022","2,750","2,750","2,750","2,750","1.00K","7.84%"
"05/12/2022","2,550","2,550","2,550","2,550","0.70K","-7.27%"
"29/11/2022","2,750","2,750","2,750","2,750","0.16K","0.62%"
"25/11/2022","2,733","2,733","2,733","2,733","","0.00%"
"24/11/2022","2,733","2,733","2,733","2,733","","0.00%"
"22/11/2022","2,733","2,733","2,733","2,733","","0.00%"
"21/11/2022","2,733","2,733","2,733","2,733","5.53K","-1.48%"
"18/11/2022","2,774","2,774","2,774","2,774","","0.00%"
"17/11/2022","2,774","2,774","2,774","2,774","","0.00%"
"16/11/2022","2,774","2,750","2,774","2,750","0.40K","0.87%"
"15/11/2022","2,750","2,775","2,775","2,750","3.29K","29.72%"
"14/11/2022","2,120","2,120","2,120","2,120","0.70K","-23.60%"
"11/11/2022","2,775","2,775","2,775","2,775","2.00K","0.00%"
"10/11/2022","2,775","2,775","2,775","2,775","1.44K","-2.63%"
"09/11/2022","2,850","2,850","2,850","2,850","0.19K","0.00%"
"08/11/2022","2,850","2,850","2,850","2,850","0.31K","1.10%"
"04/11/2022","2,819","2,819","2,819","2,819","1.78K","2.51%"
"02/11/2022","2,750","2,844","2,844","2,750","7.47K","-0.90%"
"26/10/2022","2,775","2,775","2,775","2,775","1.50K","0.91%"
"24/10/2022","2,750","2,730","2,750","2,730","1.79K","0.73%"
"21/10/2022","2,730","2,730","2,730","2,730","2.39K","1.00%"
"18/10/2022","2,703","2,703","2,703","2,703","0.19K","1.05%"
"14/10/2022","2,675","2,675","2,675","2,675","","0.00%"
"11/10/2022","2,675","2,675","2,675","2,675","0.12K","0.00%"
"06/10/2022","2,675","2,660","2,675","2,660","10.21K","0.94%"
"05/10/2022","2,650","2,650","2,650","2,650","8.20K","-1.85%"
"03/10/2022","2,700","3,343","3,343","2,700","11.27K","0.93%"
"29/09/2022","2,675","2,676","2,676","2,675","0.50K","-2.73%"
"28/09/2022","2,750","2,750","2,750","2,750","0.18K","0.00%"
"27/09/2022","2,750","2,750","2,750","2,750","0.36K","1.85%"
"20/09/2022","2,700","2,801","2,801","2,700","2.63K","-0.04%"
"16/09/2022","2,701","2,701","2,701","2,701","8.30K","0.04%"
"15/09/2022","2,700","2,700","2,700","2,700","1.21K","0.00%"
"14/09/2022","2,700","2,701","2,701","2,700","50.07K","-9.00%"
"13/09/2022","2,967","2,701","2,967","2,701","0.10K","9.89%"
"12/09/2022","2,700","2,700","2,700","2,700","","0.00%"
"08/09/2022","2,700","2,701","2,701","2,700","2.04K","3.85%"
"05/09/2022","2,600","2,600","2,600","2,600","","0.00%"
"02/09/2022","2,600","2,600","2,600","2,600","","0.00%"
"01/09/2022","2,600","2,599","2,600","2,599","3.90K","0.08%"
"30/08/2022","2,598","2,598","2,598","2,598","1.30K","-3.81%"
"25/08/2022","2,701","2,701","2,701","2,701","0.92K","-9.97%"
"24/08/2022","3,000","3,000","3,000","3,000","0.01K","9.49%"
"23/08/2022","2,740","2,499","2,779","2,499","1.76K","-8.64%"
"19/08/2022","2,999","2,999","2,999","2,999","0.38K","7.15%"
"18/08/2022","2,799","2,649","3,297","2,400","4.63K","-1.79%"
"17/08/2022","2,850","2,400","2,850","2,400","6.23K","3.98%"
"16/08/2022","2,741","2,300","2,805","2,300","1.96K","18.20%"
"15/08/2022","2,319","2,301","2,320","2,301","2.36K","-10.77%"
"12/08/2022","2,599","2,401","2,599","2,400","5.24K","1.84%"
"11/08/2022","2,552","2,805","2,805","2,360","9.02K","6.33%"
"10/08/2022","2,400","2,350","2,800","2,350","6.96K","4.35%"
"08/08/2022","2,300","2,300","2,350","2,300","25.64K","-3.89%"
"05/08/2022","2,393","2,392","2,393","2,392","5.95K","-0.04%"
"04/08/2022","2,394","2,219","2,398","2,131","23.10K","12.39%"
"02/08/2022","2,130","2,131","2,219","2,130","1.29K","1.19%"
"29/07/2022","2,105","2,100","2,105","2,100","1.31K","0.14%"
"28/07/2022","2,102","2,103","2,103","2,102","10.00K","0.05%"
"27/07/2022","2,101","2,101","2,101","2,101","","0.00%"
"26/07/2022","2,101","2,239","2,239","2,101","0.23K","-0.05%"
"25/07/2022","2,102","2,179","2,180","2,051","8.89K","2.54%"
"21/07/2022","2,050","2,179","2,201","2,050","6.56K","0.00%"
"20/07/2022","2,050","2,051","2,051","2,025","8.05K","1.43%"
"19/07/2022","2,021","2,010","2,021","2,010","0.08K","-1.41%"
"18/07/2022","2,050","2,140","2,140","2,050","1.14K","2.14%"
"14/07/2022","2,007","2,007","2,007","2,007","","0.00%"
"13/07/2022","2,007","2,007","2,007","2,007","0.04K","-0.25%"
"12/07/2022","2,012","2,140","2,140","2,012","0.06K","0.35%"
"07/07/2022","2,005","2,000","2,140","1,951","1.02K","-2.20%"
"06/07/2022","2,050","1,950","2,139","1,950","0.76K","3.54%"
"05/07/2022","1,980","2,007","2,050","1,700","5.72K","-3.41%"
"01/07/2022","2,050","2,050","2,050","2,050","1.31K","0.00%"
"30/06/2022","2,050","2,050","2,139","2,025","0.54K","-4.65%"
"29/06/2022","2,150","2,002","2,150","2,002","1.32K","7.39%"
"28/06/2022","2,002","2,001","2,129","2,001","1.82K","-2.34%"
"27/06/2022","2,050","2,050","2,100","2,050","1.17K","0.00%"
"24/06/2022","2,050","2,080","2,080","2,050","0.56K","-0.49%"
"23/06/2022","2,060","2,050","2,060","2,050","4.55K","0.00%"
"22/06/2022","2,060","2,060","2,060","2,060","6.00K","0.00%"
"21/06/2022","2,060","2,060","2,060","2,060","0.88K","0.49%"
"14/06/2022","2,050","2,050","2,050","2,050","11.35K","0.00%"
"13/06/2022","2,050","2,125","2,125","2,050","14.70K","-3.53%"
"10/06/2022","2,125","2,125","2,125","2,125","21.30K","0.00%"
"07/06/2022","2,125","2,125","2,125","2,125","15.00K","0.00%"
"01/06/2022","2,125","2,125","2,125","2,125","","0.00%"
"31/05/2022","2,125","2,150","2,150","2,125","15.12K","-1.16%"
"25/05/2022","2,150","2,200","2,200","2,110","11.13K","-6.32%"
"24/05/2022","2,295","2,295","2,295","2,295","0.02K","-5.63%"
"20/05/2022","2,432","2,210","2,432","2,210","2.41K","7.94%"
"19/05/2022","2,253","2,300","2,300","2,253","0.35K","0.00%"
"17/05/2022","2,253","2,253","2,253","2,253","0.41K","-2.04%"
"16/05/2022","2,300","2,300","2,300","2,300","","0.00%"
"13/05/2022","2,300","2,300","2,300","2,300","19.48K","-5.47%"
"12/05/2022","2,433","2,253","2,433","2,253","0.25K","-0.08%"
"11/05/2022","2,435","2,300","2,435","2,300","15.94K","3.57%"
"10/05/2022","2,351","2,437","2,437","2,300","0.53K","2.22%"
"09/05/2022","2,300","2,250","2,476","2,250","5.70K","1.77%"
"06/05/2022","2,260","2,260","2,260","2,260","","-8.83%"
"04/05/2022","2,479","2,300","2,479","2,300","15.05K","-0.08%"
"03/05/2022","2,481","2,481","2,481","2,481","0.13K","-0.16%"
"25/04/2022","2,485","2,485","2,485","2,485","0.10K","-0.36%"
"22/04/2022","2,494","2,494","2,494","2,494","","0.00%"
"21/04/2022","2,494","2,494","2,494","2,494","0.28K","8.43%"
"20/04/2022","2,300","2,300","2,300","2,300","6.99K","-0.09%"
"19/04/2022","2,302","2,302","2,302","2,302","","0.00%"
"14/04/2022","2,302","2,446","2,446","2,300","8.46K","0.09%"
"13/04/2022","2,300","2,248","2,300","2,248","0.98K","2.22%"
"12/04/2022","2,250","2,225","2,250","2,225","3.01K","0.00%"
"11/04/2022","2,250","2,498","2,498","2,250","17.53K","-6.21%"
"08/04/2022","2,399","2,280","2,399","2,280","1.30K","8.01%"
"07/04/2022","2,221","2,214","2,221","2,214","1.38K","-11.12%"
"05/04/2022","2,499","2,430","2,499","2,430","0.47K","12.01%"
"04/04/2022","2,231","2,231","2,231","2,200","5.65K","-0.89%"
"01/04/2022","2,251","2,251","2,251","2,200","17.85K","0.00%"
"31/03/2022","2,251","2,251","2,251","2,251","0.03K","6.63%"
"30/03/2022","2,111","2,111","2,111","2,111","0.75K","-12.70%"
"29/03/2022","2,418","2,399","2,418","2,399","0.08K","-0.04%"
"24/03/2022","2,419","2,106","2,419","2,106","0.16K","5.17%"
"23/03/2022","2,300","2,211","2,300","2,131","5.50K","9.52%"
"18/03/2022","2,100","2,100","2,100","2,100","0.29K","0.00%"
"17/03/2022","2,100","2,100","2,100","2,100","0.17K","1.89%"
"16/03/2022","2,061","2,061","2,061","2,061","","0.00%"
"14/03/2022","2,061","2,429","2,430","2,061","9.22K","3.05%"
"11/03/2022","2,000","2,000","2,000","2,000","0.90K","-6.93%"
"10/03/2022","2,149","2,149","2,149","2,149","0.71K","0.42%"
"09/03/2022","2,140","2,000","2,140","2,000","5.67K","7.00%"
"08/03/2022","2,000","2,000","2,000","2,000","1.07K","-6.98%"
"07/03/2022","2,150","2,199","2,199","1,856","9.07K","-2.14%"
"04/03/2022","2,197","2,103","2,199","2,010","8.71K","-8.38%"
"02/03/2022","2,398","2,170","2,429","2,125","7.69K","10.51%"
"01/03/2022","2,170","2,415","2,429","2,150","8.66K","-10.52%"
"28/02/2022","2,425","2,429","2,429","2,425","1.34K","1.08%"
"25/02/2022","2,399","2,420","2,420","2,280","1.70K","-1.28%"
"24/02/2022","2,430","2,300","2,430","2,011","1.85K","0.00%"
"23/02/2022","2,430","2,470","2,488","2,350","7.91K","3.89%"
"22/02/2022","2,339","2,399","2,399","2,200","7.67K","2.59%"
"21/02/2022","2,280","2,349","2,349","2,280","0.60K","1.33%"
"18/02/2022","2,250","2,290","2,349","2,211","1.98K","0.00%"
"17/02/2022","2,250","2,290","2,400","2,160","4.14K","-1.75%"
"16/02/2022","2,290","2,301","2,599","2,101","10.18K","-11.92%"
"15/02/2022","2,600","2,149","2,600","2,149","10.32K","20.93%"
"14/02/2022","2,150","2,100","2,150","2,100","3.41K","2.38%"
"11/02/2022","2,100","2,099","2,100","2,099","0.60K","0.29%"
"10/02/2022","2,094","2,089","2,100","2,089","4.39K","0.19%"
"09/02/2022","2,090","1,950","2,099","1,950","21.40K","13.83%"
"08/02/2022","1,836","1,910","1,950","1,836","1.03K","-3.67%"
"07/02/2022","1,906","1,906","1,906","1,906","4.01K","4.38%"
"04/02/2022","1,826","1,811","1,826","1,811","9.82K","1.39%"
"02/02/2022","1,801","1,801","1,801","1,801","","0.00%"
"01/02/2022","1,801","1,801","1,801","1,801","0.55K","0.06%"
"28/01/2022","1,800","1,900","1,900","1,800","14.03K","0.00%"
"27/01/2022","1,800","1,800","1,800","1,800","5.00K","2.86%"
"25/01/2022","1,750","1,650","1,800","1,650","26.13K","2.94%"
"24/01/2022","1,700","1,700","1,700","1,700","3.50K","-9.33%"
"20/01/2022","1,875","1,850","1,875","1,850","2.30K","2.91%"
"19/01/2022","1,822","1,557","1,850","1,557","1.26K","4.11%"
"18/01/2022","1,750","1,800","1,800","1,750","1.13K","-2.78%"
"11/01/2022","1,800","1,800","1,800","1,800","0.28K","2.86%"
"10/01/2022","1,750","1,750","1,750","1,750","0.80K","0.00%"
"05/01/2022","1,750","1,775","1,775","1,750","7.70K","0.06%"
"04/01/2022","1,749","1,749","1,749","1,749","1.07K","0.00%"
"03/01/2022","1,749","1,650","1,749","1,650","1.28K","2.88%"
"31/12/2021","1,700","1,700","1,700","1,700","12.55K","-2.80%"
"30/12/2021","1,749","1,749","1,749","1,749","1.50K","4.42%"
"29/12/2021","1,675","1,675","1,675","1,675","2.00K","1.52%"
"24/12/2021","1,650","1,650","1,650","1,650","0.14K","-5.66%"
"22/12/2021","1,749","1,749","1,749","1,749","0.30K","12.62%"
"21/12/2021","1,553","1,650","1,749","1,553","3.29K","-7.78%"
"20/12/2021","1,684","1,684","1,684","1,684","2.10K","-3.22%"
"15/12/2021","1,740","1,707","1,749","1,707","8.50K","0.00%"
"13/12/2021","1,740","1,740","1,740","1,740","0.12K","-0.29%"
"09/12/2021","1,745","1,745","1,745","1,745","","0.00%"
"07/12/2021","1,745","1,745","1,745","1,745","0.06K","2.65%"
"06/12/2021","1,700","1,749","1,749","1,749","0.50K","-2.80%"
"03/12/2021","1,749","1,749","1,749","1,749","1.20K","0.06%"
"02/12/2021","1,748","1,748","1,748","1,748","","0.00%"
"01/12/2021","1,748","1,700","1,748","1,700","2.95K","2.82%"
"30/11/2021","1,700","1,699","1,700","1,699","0.84K","0.00%"
"29/11/2021","1,700","1,615","1,700","1,610","3.80K","-2.80%"
"23/11/2021","1,749","1,749","1,749","1,749","0.30K","6.00%"
"22/11/2021","1,650","1,625","1,650","1,625","2.85K","2.17%"
"19/11/2021","1,615","1,616","1,616","1,615","3.00K","-0.62%"
"17/11/2021","1,625","1,625","1,625","1,610","27.58K","1.50%"
"16/11/2021","1,601","1,625","1,625","1,600","52.26K","0.06%"
"15/11/2021","1,600","1,575","1,600","1,575","253.94K","0.00%"
"12/11/2021","1,600","1,585","1,600","1,585","54.80K","0.00%"
"11/11/2021","1,600","1,600","1,600","1,600","98.40K","0.00%"
"09/11/2021","1,600","1,600","1,600","1,600","11.37K","0.00%"
"08/11/2021","1,600","1,625","1,625","1,600","6.44K","-0.62%"
"04/11/2021","1,610","1,610","1,610","1,610","4.77K","0.63%"
"03/11/2021","1,600","1,600","1,600","1,600","1.88K","0.00%"
"02/11/2021","1,600","1,600","1,600","1,600","0.79K","3.09%"
"29/10/2021","1,552","1,558","1,558","1,552","2.00K","0.00%"
"27/10/2021","1,552","1,552","1,552","1,552","0.45K","0.00%"
"26/10/2021","1,552","1,552","1,552","1,552","0.45K","-3.00%"
"25/10/2021","1,600","1,600","1,600","1,600","0.40K","0.00%"
"21/10/2021","1,600","1,551","1,600","1,550","15.23K","3.09%"
"20/10/2021","1,552","1,596","1,600","1,551","13.91K","-1.52%"
"19/10/2021","1,576","1,600","1,600","1,575","6.98K","0.06%"
"15/10/2021","1,575","1,600","1,624","1,575","396.82K","0.00%"
"13/10/2021","1,575","1,600","1,600","1,575","5.02K","0.00%"
"12/10/2021","1,575","1,600","1,600","1,575","15.82K","-3.08%"
"11/10/2021","1,625","1,600","1,625","1,600","0.30K","3.17%"
"07/10/2021","1,575","1,575","1,575","1,575","1.26K","0.00%"
"06/10/2021","1,575","1,575","1,575","1,575","8.14K","0.00%"
"05/10/2021","1,575","1,625","1,625","1,575","1.93K","-1.56%"
"04/10/2021","1,600","1,625","1,625","1,600","1.75K","0.00%"
"01/10/2021","1,600","1,625","1,625","1,600","6.81K","0.00%"
"30/09/2021","1,600","1,600","1,600","1,600","5.75K","0.00%"
"29/09/2021","1,600","1,599","1,600","1,599","5.59K","1.46%"
"28/09/2021","1,577","1,600","1,600","1,577","3.83K","-1.44%"
"27/09/2021","1,600","1,600","1,600","1,555","2.54K","0.00%"
"23/09/2021","1,600","1,600","1,600","1,600","71.01K","-1.23%"
"22/09/2021","1,620","1,605","1,620","1,605","3.20K","-4.71%"
"20/09/2021","1,700","1,700","1,700","1,700","0.22K","-0.87%"
"17/09/2021","1,715","1,680","1,715","1,680","23.06K","2.69%"
"16/09/2021","1,670","1,670","1,670","1,670","1.80K","0.00%"
"14/09/2021","1,670","1,670","1,670","1,670","85.57K","-2.57%"
"10/09/2021","1,714","1,715","1,715","1,714","2.63K","1.48%"
"09/09/2021","1,689","1,552","1,710","1,550","57.94K","-2.09%"
"08/09/2021","1,725","1,725","1,725","1,725","4.00K","1.47%"
"07/09/2021","1,700","1,700","1,700","1,690","10.03K","0.00%"
"06/09/2021","1,700","1,700","1,700","1,700","60.80K","0.00%"
"03/09/2021","1,700","1,700","1,700","1,700","18.38K","0.00%"
"02/09/2021","1,700","1,699","1,700","1,650","48.15K","0.00%"
"01/09/2021","1,700","1,703","1,776","1,685","112.56K","0.00%"
"31/08/2021","1,700","1,700","1,725","1,690","232.60K","0.00%"
"30/08/2021","1,700","1,630","1,700","1,630","246.09K","3.03%"
"27/08/2021","1,650","1,699","1,699","1,650","15.27K","3.13%"
"24/08/2021","1,600","1,670","1,670","1,600","0.98K","3.23%"
"20/08/2021","1,550","1,670","1,670","1,550","5.80K","-6.06%"
"19/08/2021","1,650","1,590","1,650","1,590","6.10K","14.98%"
"18/08/2021","1,435","1,462","1,462","1,435","0.40K","-1.91%"
"17/08/2021","1,463","1,590","1,590","1,463","0.63K","-8.56%"
"16/08/2021","1,600","1,600","1,600","1,600","2.00K","0.00%"
"13/08/2021","1,600","1,600","1,600","1,600","0.45K","0.00%"
"11/08/2021","1,600","1,600","1,600","1,600","1.20K","0.00%"
"10/08/2021","1,600","1,599","1,600","1,599","2.50K","9.51%"
"03/08/2021","1,461","1,461","1,461","1,461","0.15K","-2.54%"
"02/08/2021","1,499","1,499","1,499","1,499","1.10K","-0.07%"
"30/07/2021","1,500","1,500","1,500","1,500","","0.00%"
"29/07/2021","1,500","1,450","1,500","1,450","0.90K","7.07%"
"28/07/2021","1,401","1,600","1,600","1,401","2.32K","-11.61%"
"27/07/2021","1,585","1,584","1,585","1,584","0.36K","-0.88%"
"20/07/2021","1,599","1,599","1,599","1,599","0.36K","14.13%"
"19/07/2021","1,401","1,401","1,401","1,401","0.44K","7.77%"
"15/07/2021","1,300","1,300","1,300","1,300","","0.00%"
"14/07/2021","1,300","1,300","1,300","1,300","0.14K","-3.70%"
"13/07/2021","1,350","1,349","1,350","1,349","1.80K","-15.57%"
"12/07/2021","1,599","1,599","1,599","1,599","","0.00%"
"07/07/2021","1,599","1,465","1,599","1,465","2.17K","0.00%"
"06/07/2021","1,599","1,599","1,599","1,599","0.08K","0.06%"
"23/06/2021","1,598","1,598","1,598","1,598","","-0.06%"
"22/06/2021","1,599","1,599","1,599","1,599","0.01K","3.16%"
"21/06/2021","1,550","1,550","1,550","1,550","0.20K","0.00%"
"15/06/2021","1,550","1,551","1,551","1,550","8.58K","5.80%"
"14/06/2021","1,465","1,598","1,598","1,465","1.50K","-4.56%"
"10/06/2021","1,535","1,535","1,535","1,535","1.00K","-4.00%"
"08/06/2021","1,599","1,599","1,600","1,520","4.65K","10.12%"
"07/06/2021","1,452","1,452","1,452","1,452","0.00K","-9.19%"
"01/06/2021","1,599","1,599","1,599","1,599","0.18K","0.06%"
"26/05/2021","1,598","1,598","1,598","1,598","","0.00%"
"25/05/2021","1,598","1,451","1,598","1,426","0.77K","6.53%"
"21/05/2021","1,500","1,500","1,500","1,500","4.00K","-6.25%"
"20/05/2021","1,600","1,600","1,600","1,600","0.50K","-1.84%"
"19/05/2021","1,630","1,630","1,630","1,630","2.10K","1.88%"
"18/05/2021","1,600","1,620","1,620","1,600","6.18K","6.67%"
"17/05/2021","1,500","1,499","1,500","1,499","17.31K","0.07%"
"13/05/2021","1,499","1,499","1,499","1,499","0.29K","-0.07%"
"11/05/2021","1,500","1,500","1,500","1,352","7.53K","0.00%"
"10/05/2021","1,500","1,500","1,500","1,500","1.62K","0.00%"
"05/05/2021","1,500","1,450","1,500","1,450","8.42K","0.00%"
"04/05/2021","1,500","1,500","1,500","1,500","0.60K","0.07%"
"03/05/2021","1,499","1,499","1,499","1,499","2.11K","-0.07%"
"28/04/2021","1,500","1,500","1,500","1,500","0.00K","-1.38%"
"26/04/2021","1,521","1,520","1,521","1,520","2.24K","1.40%"
"23/04/2021","1,500","1,500","1,500","1,500","1.70K","0.00%"
"20/04/2021","1,500","1,495","1,500","1,495","1.05M","0.00%"
"16/04/2021","1,500","1,500","1,500","1,500","","0.00%"
"15/04/2021","1,500","1,500","1,500","1,500","10.00K","-2.53%"
"14/04/2021","1,539","1,539","1,539","1,539","14.60K","6.06%"
"13/04/2021","1,451","1,619","1,619","1,451","0.31K","-8.74%"
"08/04/2021","1,590","1,590","1,590","1,590","","9.20%"
"06/04/2021","1,456","1,456","1,456","1,456","0.21K","-5.45%"
"31/03/2021","1,540","1,619","1,619","1,540","4.47K","-4.94%"
"29/03/2021","1,620","1,620","1,620","1,600","3.48K","-3.80%"
"23/03/2021","1,684","1,684","1,688","1,684","0.06K","0.90%"
"16/03/2021","1,669","1,669","1,669","1,669","1.74K","4.31%"
"15/03/2021","1,600","1,568","1,600","1,568","5.32K","2.11%"
"12/03/2021","1,567","1,599","1,599","1,567","385.61K","-2.06%"
"11/03/2021","1,600","1,601","1,601","1,600","2.43K","-4.19%"
"09/03/2021","1,670","1,620","1,670","1,545","12.38K","5.03%"
"08/03/2021","1,590","1,590","1,590","1,590","0.19K","-1.85%"
"03/03/2021","1,620","1,620","1,620","1,620","","0.00%"
"02/03/2021","1,620","1,600","1,620","1,600","0.93K","1.25%"
"01/03/2021","1,600","1,600","1,600","1,599","15.43K","0.06%"
"26/02/2021","1,599","1,599","1,600","1,599","6.40K","-0.06%"
"25/02/2021","1,600","1,600","1,600","1,600","51.83K","0.00%"
"24/02/2021","1,600","1,600","1,600","1,600","0.05K","3.23%"
"23/02/2021","1,550","1,556","1,556","1,550","8.85K","-0.19%"
"22/02/2021","1,553","1,553","1,553","1,553","2.80K","0.19%"
"17/02/2021","1,550","1,550","1,550","1,550","1.64K","0.00%"
"16/02/2021","1,550","1,644","1,644","1,550","1.39K","-4.38%"
"15/02/2021","1,621","1,650","1,650","1,621","1.21K","0.00%"
"12/02/2021","1,621","1,575","1,650","1,575","31.89K","2.92%"
"11/02/2021","1,575","1,570","1,610","1,570","5.40K","0.32%"
"10/02/2021","1,570","1,501","1,574","1,501","14.33K","-1.88%"
"09/02/2021","1,600","1,600","1,600","1,600","1.62K","0.00%"
"08/02/2021","1,600","1,600","1,600","1,600","0.32K","2.56%"
"05/02/2021","1,560","1,560","1,600","1,560","9.25K","0.65%"
"03/02/2021","1,550","1,545","1,550","1,545","3.30K","1.31%"
"02/02/2021","1,530","1,475","1,530","1,475","1.72K","5.44%"
"01/02/2021","1,451","1,451","1,451","1,451","0.34K","-6.08%"
"29/01/2021","1,545","1,545","1,545","1,545","0.21K","0.00%"
"27/01/2021","1,545","1,545","1,545","1,545","0.80K","0.00%"
"26/01/2021","1,545","1,450","1,545","1,450","1.24K","-1.90%"
"19/01/2021","1,575","1,580","1,580","1,575","0.38K","-1.44%"
"14/01/2021","1,598","1,598","1,598","1,598","0.30K","-3.15%"
"12/01/2021","1,650","1,650","1,650","1,630","1.12K","-0.60%"
"11/01/2021","1,660","1,660","1,660","1,660","3.62K","-0.30%"
"08/01/2021","1,665","1,665","1,665","1,665","","0.00%"
"05/01/2021","1,665","1,665","1,665","1,665","0.12K","0.60%"
"28/12/2020","1,655","1,655","1,655","1,655","0.01K","-0.90%"
"21/12/2020","1,670","1,675","1,675","1,670","0.32K","-0.89%"
"17/12/2020","1,685","1,685","1,685","1,685","","0.00%"
"14/12/2020","1,685","1,685","1,685","1,685","0.35K","-0.88%"
"09/12/2020","1,700","1,700","1,700","1,700","1.80K","0.59%"
"08/12/2020","1,690","1,690","1,690","1,690","2.74K","0.00%"
"07/12/2020","1,690","1,690","1,690","1,690","3.13K","-0.53%"
"03/12/2020","1,699","1,699","1,699","1,699","0.13K","0.00%"
"02/12/2020","1,699","1,699","1,699","1,699","","0.00%"
"01/12/2020","1,699","1,699","1,699","1,699","4.53K","-0.06%"
"27/11/2020","1,700","1,700","1,700","1,700","2.37K","-2.86%"
"25/11/2020","1,750","1,750","1,750","1,750","","0.00%"
"23/11/2020","1,750","1,400","1,750","1,400","0.17K","-2.78%"
"20/11/2020","1,800","1,800","1,800","1,800","0.72K","2.86%"
"18/11/2020","1,750","1,750","1,750","1,750","","0.00%"
"17/11/2020","1,750","1,750","1,750","1,750","0.72K","-2.78%"
"13/11/2020","1,800","1,800","1,800","1,800","0.54K","2.86%"
"12/11/2020","1,750","1,750","1,750","1,750","0.30K","-2.78%"
"11/11/2020","1,800","1,800","1,800","1,800","0.20K","2.86%"
"10/11/2020","1,750","1,615","1,800","1,615","0.93K","0.00%"
"09/11/2020","1,750","1,700","1,800","1,700","1.30K","0.00%"
"06/11/2020","1,750","1,635","1,750","1,635","3.80K","4.48%"
"03/11/2020","1,675","1,600","1,799","1,600","2.27K","-6.94%"
"27/10/2020","1,800","1,788","1,800","1,788","2.02K","0.67%"
"20/10/2020","1,788","1,788","1,788","1,788","0.17K","0.00%"
"15/10/2020","1,788","1,727","1,788","1,727","3.90K","0.00%"
"13/10/2020","1,788","1,501","1,789","1,501","0.99K","-1.76%"
"06/10/2020","1,820","1,820","1,820","1,820","0.09K","-1.62%"
"05/10/2020","1,850","1,850","1,850","1,850","0.15K","0.00%"
"29/09/2020","1,850","1,780","1,850","1,780","1.12K","3.93%"
"28/09/2020","1,780","1,601","1,780","1,601","1.40K","0.00%"
"25/09/2020","1,780","1,779","1,780","1,779","1.50K","1.71%"
"21/09/2020","1,750","1,780","1,780","1,750","0.59K","-1.69%"
"16/09/2020","1,780","1,780","1,780","1,780","0.40K","0.00%"
"15/09/2020","1,780","1,780","1,780","1,780","1.75K","0.00%"
"14/09/2020","1,780","1,780","1,780","1,780","0.20K","-1.11%"
"11/09/2020","1,800","1,801","1,801","1,800","4.14K","-1.64%"
"09/09/2020","1,830","1,849","1,849","1,651","7.85K","14.38%"
"08/09/2020","1,600","1,581","1,600","1,581","1.58K","1.27%"
"07/09/2020","1,580","1,580","1,580","1,580","1.00K","8.97%"
"04/09/2020","1,450","1,450","1,450","1,450","8.88K","0.00%"
"03/09/2020","1,450","1,450","1,455","1,450","22.50K","0.00%"
"02/09/2020","1,450","1,450","1,450","1,450","0.18K","3.57%"
"01/09/2020","1,400","1,400","1,400","1,400","0.22K","0.00%"
"28/08/2020","1,400","1,400","1,400","1,400","0.04K","1.82%"
"27/08/2020","1,375","1,375","1,375","1,375","1.00K","0.00%"
"26/08/2020","1,375","1,375","1,375","1,375","6.00K","1.78%"
"21/08/2020","1,351","1,300","1,400","1,300","59.39K","3.92%"
"18/08/2020","1,300","1,300","1,300","1,300","0.26K","0.00%"
"17/08/2020","1,300","1,300","1,300","1,300","34.75K","0.00%"
"14/08/2020","1,300","1,300","1,300","1,300","0.30K","-1.52%"
"13/08/2020","1,320","1,323","1,323","1,300","16.61K","-0.23%"
"12/08/2020","1,323","1,323","1,323","1,323","7.31K","0.00%"
"07/08/2020","1,323","1,323","1,323","1,323","0.31K","-2.00%"
"06/08/2020","1,350","1,350","1,350","1,350","42.67K","0.00%"
"05/08/2020","1,350","1,350","1,350","1,350","0.56K","0.00%"
"04/08/2020","1,350","1,350","1,375","1,350","1.66K","0.00%"
"03/08/2020","1,350","1,350","1,350","1,350","1.20K","-0.95%"
"31/07/2020","1,363","1,363","1,363","1,363","0.16K","-2.57%"
"28/07/2020","1,399","1,399","1,399","1,399","0.86K","2.49%"
"27/07/2020","1,365","1,364","1,365","1,364","14.19K","-2.43%"
"24/07/2020","1,399","1,399","1,399","1,399","","0.00%"
"21/07/2020","1,399","1,399","1,399","1,399","0.06K","2.57%"
"20/07/2020","1,364","1,364","1,364","1,364","2.50K","-0.29%"
"16/07/2020","1,368","1,380","1,380","1,368","15.12K","-0.87%"
"15/07/2020","1,380","1,380","1,380","1,380","29.88K","-1.43%"
"14/07/2020","1,400","1,380","1,400","1,380","38.12K","1.45%"
"09/07/2020","1,380","1,371","1,371","1,371","0.28K","0.66%"
"08/07/2020","1,371","1,371","1,371","1,371","1.50K","0.00%"
"07/07/2020","1,371","1,400","1,400","1,371","1.88K","-2.07%"
"01/07/2020","1,400","1,400","1,400","1,400","","0.00%"
"29/06/2020","1,400","1,400","1,400","1,400","12.24K","2.12%"
"26/06/2020","1,371","1,371","1,371","1,371","2.50K","-2.07%"
"24/06/2020","1,400","1,400","1,400","1,400","33.26K","0.00%"
"23/06/2020","1,400","1,400","1,400","1,400","0.06K","0.00%"
"19/06/2020","1,400","1,400","1,400","1,399","3.80K","-0.28%"
"18/06/2020","1,404","1,404","1,404","1,404","1.36K","2.11%"
"15/06/2020","1,375","1,375","1,375","1,375","0.02K","-2.14%"
"12/06/2020","1,405","1,500","1,500","1,405","1.00K","-6.33%"
"10/06/2020","1,500","1,500","1,500","1,500","5.81K","0.07%"
"09/06/2020","1,499","1,500","1,500","1,499","17.43K","11.04%"
"05/06/2020","1,350","1,420","1,420","1,350","6.69K","3.85%"
"03/06/2020","1,300","1,300","1,300","1,300","","0.00%"
"01/06/2020","1,300","1,300","1,300","1,300","","0.00%"
"25/05/2020","1,300","1,300","1,300","1,300","0.50K","-3.70%"
"20/05/2020","1,350","1,345","1,350","1,345","9.72K","0.37%"
"19/05/2020","1,345","1,345","1,345","1,345","0.26K","16.85%"
"18/05/2020","1,151","1,151","1,151","1,151","","0.00%"
"12/05/2020","1,151","1,151","1,151","1,151","0.03K","-14.74%"
"05/05/2020","1,350","1,350","1,350","1,350","0.51K","17.90%"
"28/04/2020","1,145","1,145","1,145","1,145","1.82K","-0.43%"
"24/04/2020","1,150","1,150","1,150","1,150","8.90K","0.00%"
"23/04/2020","1,150","1,150","1,150","1,150","5.00K","-14.50%"
"21/04/2020","1,345","1,345","1,345","1,345","0.10K","-0.37%"
"20/04/2020","1,350","1,349","1,350","1,349","1.86K","0.07%"
"14/04/2020","1,349","1,271","1,349","1,271","1.14K","15.20%"
"09/04/2020","1,171","1,171","1,171","1,171","0.01K","-13.26%"
"06/04/2020","1,350","1,374","1,374","1,349","3.62K","7.91%"
"03/04/2020","1,251","1,251","1,251","1,251","2.50K","-1.96%"
"31/03/2020","1,276","1,276","1,276","1,276","0.00K","0.08%"
"20/03/2020","1,275","1,320","1,320","1,275","9.59K","-1.92%"
"19/03/2020","1,300","1,300","1,300","1,300","6.84K","-5.39%"
"18/03/2020","1,374","1,374","1,374","1,374","0.35K","0.00%"
"17/03/2020","1,374","1,374","1,374","1,374","0.11K","-0.07%"
"10/03/2020","1,375","1,289","1,375","1,200","0.66K","0.00%"
"06/03/2020","1,375","1,375","1,375","1,375","2.49K","-2.07%"
"03/03/2020","1,404","1,404","1,404","1,404","0.01K","0.00%"
"28/02/2020","1,404","1,350","1,404","1,350","4.59K","-0.07%"
"27/02/2020","1,405","1,405","1,405","1,405","1.50K","0.00%"
"26/02/2020","1,405","1,405","1,405","1,405","3.70K","-3.10%"
"25/02/2020","1,450","1,415","1,450","1,415","1.31K","5.69%"
"24/02/2020","1,372","1,366","1,372","1,366","18.10K","0.00%"
"20/02/2020","1,372","1,372","1,372","1,372","0.50K","-2.28%"
"18/02/2020","1,404","1,400","1,404","1,400","6.52K","0.29%"
"17/02/2020","1,400","1,421","1,431","1,400","6.39K","-5.08%"
"13/02/2020","1,475","1,475","1,475","1,475","3.97K","2.93%"
"12/02/2020","1,433","1,433","1,433","1,433","1.20K","-3.83%"
"11/02/2020","1,490","1,490","1,490","1,490","0.01K","-0.67%"
"05/02/2020","1,500","1,500","1,500","1,500","0.03K","0.00%"
"04/02/2020","1,500","1,500","1,500","1,500","0.02K","-1.32%"
"30/01/2020","1,520","1,520","1,520","1,520","4.06K","-5.00%"
"28/01/2020","1,600","1,600","1,600","1,600","0.03K","14.12%"
"24/01/2020","1,402","1,402","1,402","1,402","14.05K","0.00%"
"21/01/2020","1,402","1,405","1,405","1,402","37.54K","0.00%"
"20/01/2020","1,402","1,402","1,402","1,402","19.02K","0.00%"
"17/01/2020","1,402","1,402","1,402","1,402","3.14K","0.00%"
"16/01/2020","1,402","1,402","1,402","1,402","0.54K","-1.34%"
"15/01/2020","1,421","1,421","1,421","1,421","0.50K","1.14%"
"14/01/2020","1,405","1,405","1,405","1,405","0.96K","-0.35%"
"13/01/2020","1,410","1,410","1,410","1,410","1.83K","1.88%"
"10/01/2020","1,384","1,380","1,384","1,373","6.84K","-0.29%"
"09/01/2020","1,388","1,388","1,388","1,388","3.05K","0.00%"
"08/01/2020","1,388","1,388","1,388","1,388","0.15K","1.09%"
"07/01/2020","1,373","1,442","1,464","1,373","5.65K","-8.47%"
"30/12/2019","1,500","1,500","1,500","1,500","0.04K","0.67%"
"24/12/2019","1,490","1,490","1,490","1,490","0.20K","24.17%"
"23/12/2019","1,200","1,200","1,200","1,200","0.80K","-20.00%"
"17/12/2019","1,500","1,500","1,500","1,500","5.86K","1.08%"
"12/12/2019","1,484","1,484","1,484","1,484","1.10K","-1.07%"
"10/12/2019","1,500","1,440","1,500","1,440","0.32K","3.45%"
"09/12/2019","1,450","1,450","1,451","1,450","7.40K","-0.34%"
"05/12/2019","1,455","1,455","1,455","1,455","6.05K","-3.96%"
"03/12/2019","1,515","1,515","1,515","1,515","0.10K","-1.17%"
"02/12/2019","1,533","1,533","1,533","1,533","","0.00%"
"28/11/2019","1,533","1,533","1,533","1,533","","0.00%"
"26/11/2019","1,533","1,533","1,533","1,533","0.00K","-3.58%"
"22/11/2019","1,590","1,590","1,590","1,590","","0.00%"
"19/11/2019","1,590","1,590","1,590","1,590","0.05K","4.74%"
"15/11/2019","1,518","1,511","1,518","1,511","0.30K","-4.53%"
"12/11/2019","1,590","1,590","1,590","1,590","0.01K","-0.87%"
"11/11/2019","1,604","1,604","1,604","1,604","62.30K","0.00%"
"07/11/2019","1,604","1,604","1,604","1,604","1.75K","0.00%"
"05/11/2019","1,604","1,618","1,618","1,604","4.51K","0.00%"
"01/11/2019","1,604","1,604","1,604","1,604","7.00K","-0.06%"
"31/10/2019","1,605","1,605","1,605","1,605","38.93K","0.06%"
"29/10/2019","1,604","1,618","1,618","1,604","37.77K","0.25%"
"25/10/2019","1,600","1,590","1,600","1,590","12.11K","0.00%"
"24/10/2019","1,600","1,600","1,600","1,600","1.50K","0.00%"
"23/10/2019","1,600","1,600","1,600","1,600","12.25K","0.00%"
"22/10/2019","1,600","1,600","1,600","1,600","1.00K","-1.23%"
"17/10/2019","1,620","1,620","1,620","1,620","1.10K","0.00%"
"15/10/2019","1,620","1,620","1,620","1,620","0.00K","-4.54%"
"14/10/2019","1,697","1,697","1,697","1,697","0.02K","0.00%"
"08/10/2019","1,697","1,697","1,697","1,697","0.01K","13.06%"
"02/10/2019","1,501","1,515","1,524","1,501","7.42K","-2.09%"
"01/10/2019","1,533","1,501","1,533","1,501","0.13K","0.20%"
"27/09/2019","1,530","1,530","1,530","1,530","2.16K","0.07%"
"26/09/2019","1,529","1,529","1,529","1,529","","0.00%"
"23/09/2019","1,529","1,500","1,530","1,500","0.07K","1.93%"
"20/09/2019","1,500","1,500","1,500","1,500","50.00K","-2.15%"
"17/09/2019","1,533","1,533","1,533","1,533","0.29K","0.00%"
"16/09/2019","1,533","1,533","1,533","1,533","4.00K","-9.77%"
"10/09/2019","1,699","1,584","1,699","1,584","2.40K","7.26%"
"06/09/2019","1,584","1,584","1,584","1,584","","0.00%"
"05/09/2019","1,584","1,584","1,584","1,584","","0.00%"
"04/09/2019","1,584","1,584","1,584","1,584","1.40K","-1.00%"
"03/09/2019","1,600","1,600","1,600","1,600","0.00K","0.00%"
"02/09/2019","1,600","1,600","1,600","1,600","","0.00%"
"30/08/2019","1,600","1,600","1,600","1,600","0.09K","1.01%"
"29/08/2019","1,584","1,584","1,584","1,584","0.40K","-6.82%"
"28/08/2019","1,700","1,700","1,700","1,700","","0.00%"
"27/08/2019","1,700","1,700","1,700","1,700","0.07K","0.00%"
"26/08/2019","1,700","1,700","1,700","1,700","","0.00%"
"23/08/2019","1,700","1,700","1,700","1,700","0.30K","0.00%"
"22/08/2019","1,700","1,700","1,700","1,700","0.40K","21.34%"
"21/08/2019","1,401","1,401","1,401","1,401","0.50K","2.86%"
"20/08/2019","1,362","1,362","1,362","1,362","0.04K","-19.88%"
"19/08/2019","1,700","1,700","1,700","1,700","","0.00%"
"16/08/2019","1,700","1,700","1,700","1,700","","0.00%"
"15/08/2019","1,700","1,700","1,700","1,700","","0.00%"
"14/08/2019","1,700","1,700","1,700","1,700","","0.00%"
"13/08/2019","1,700","1,700","1,700","1,700","","0.00%"
"12/08/2019","1,700","1,700","1,700","1,700","","0.00%"
"08/08/2019","1,700","1,700","1,700","1,700","","0.00%"
"07/08/2019","1,700","1,700","1,700","1,700","","0.00%"
"06/08/2019","1,700","1,700","1,700","1,700","14.92K","-7.66%"
"05/08/2019","1,841","1,841","1,841","1,841","0.05K","0.00%"
"02/08/2019","1,841","1,841","1,841","1,841","","0.00%"
"01/08/2019","1,841","1,841","1,841","1,841","","0.00%"
"31/07/2019","1,841","1,841","1,841","1,841","","0.00%"
"30/07/2019","1,841","1,841","1,841","1,841","","0.00%"
"29/07/2019","1,841","1,841","1,841","1,841","","0.00%"
"26/07/2019","1,841","1,841","1,841","1,841","","0.00%"
"25/07/2019","1,841","1,841","1,841","1,841","","0.00%"
"24/07/2019","1,841","1,841","1,841","1,841","","0.00%"
"23/07/2019","1,841","2,069","2,069","1,841","0.03K","0.00%"
"22/07/2019","1,841","1,750","1,841","1,750","2.56K","0.00%"
"19/07/2019","1,841","1,841","1,841","1,841","","0.00%"
"18/07/2019","1,841","1,841","1,841","1,841","","0.00%"
"17/07/2019","1,841","1,841","1,841","1,841","0.42K","-4.61%"
"16/07/2019","1,930","1,930","1,930","1,930","0.08K","-3.45%"
"15/07/2019","1,999","1,999","1,999","1,999","","0.00%"
"12/07/2019","1,999","1,999","1,999","1,999","","0.00%"
"11/07/2019","1,999","1,999","1,999","1,999","","0.00%"
"10/07/2019","1,999","1,999","1,999","1,999","","0.00%"
"09/07/2019","1,999","1,999","1,999","1,999","0.01K","-3.85%"
"08/07/2019","2,079","2,079","2,079","2,079","","0.00%"
"05/07/2019","2,079","2,079","2,079","2,079","","0.00%"
"04/07/2019","2,079","2,079","2,079","2,079","","0.00%"
"03/07/2019","2,079","2,079","2,079","2,079","","0.00%"
"02/07/2019","2,079","2,049","2,079","2,049","0.03K","6.62%"
"01/07/2019","1,950","1,950","1,950","1,950","","0.00%"
"28/06/2019","1,950","1,950","1,950","1,950","2.25K","0.00%"
"27/06/2019","1,950","1,950","1,950","1,950","","0.00%"
"26/06/2019","1,950","1,950","1,950","1,950","10.00K","-0.76%"
"25/06/2019","1,965","1,975","1,975","1,965","0.01K","-1.75%"
"24/06/2019","2,000","2,000","2,000","2,000","0.40K","-1.48%"
"21/06/2019","2,030","2,030","2,030","2,030","","0.00%"
"20/06/2019","2,030","2,030","2,030","2,030","","0.00%"
"19/06/2019","2,030","2,030","2,030","2,030","","0.00%"
"18/06/2019","2,030","2,030","2,030","2,030","0.01K","-0.68%"
"14/06/2019","2,044","2,044","2,044","2,044","","0.00%"
"13/06/2019","2,044","2,044","2,044","2,044","","0.00%"
"12/06/2019","2,044","2,044","2,044","2,044","","-0.05%"
"11/06/2019","2,045","2,045","2,045","2,045","0.01K","-0.20%"
"10/06/2019","2,049","2,049","2,049","2,049","","0.00%"
"07/06/2019","2,049","2,049","2,049","2,049","","0.00%"
"06/06/2019","2,049","2,049","2,049","2,049","","0.00%"
"05/06/2019","2,049","2,049","2,049","2,049","","0.00%"
"04/06/2019","2,049","2,049","2,049","2,049","","0.00%"
"03/06/2019","2,049","2,049","2,049","2,049","","0.00%"
"31/05/2019","2,049","2,049","2,049","2,049","10.60K","-1.49%"
"30/05/2019","2,080","2,080","2,080","2,080","","0.00%"
"29/05/2019","2,080","2,080","2,080","2,080","","0.00%"
"28/05/2019","2,080","2,080","2,080","2,080","0.00K","4.00%"
"27/05/2019","2,000","2,000","2,000","2,000","","0.00%"
"24/05/2019","2,000","2,000","2,000","2,000","14.10K","0.00%"
"23/05/2019","2,000","2,000","2,000","2,000","2.00K","0.00%"
"22/05/2019","2,000","2,000","2,000","2,000","3.38K","0.00%"
"21/05/2019","2,000","2,000","2,000","2,000","0.03K","-3.85%"
"20/05/2019","2,080","2,080","2,080","2,080","","0.00%"
"17/05/2019","2,080","2,080","2,080","2,080","","0.00%"
"16/05/2019","2,080","2,000","2,080","2,000","9.91K","4.00%"
"15/05/2019","2,000","2,000","2,000","2,000","","0.00%"
"14/05/2019","2,000","2,050","2,050","2,000","0.53K","0.00%"
"13/05/2019","2,000","2,000","2,000","2,000","5.00K","-0.50%"
"10/05/2019","2,010","2,010","2,010","2,010","","0.00%"
"09/05/2019","2,010","2,010","2,010","2,010","15.70K","0.50%"
"07/05/2019","2,000","2,000","2,000","2,000","13.21K","0.00%"
"06/05/2019","2,000","2,000","2,000","2,000","0.03K","0.00%"
"03/05/2019","2,000","2,000","2,000","2,000","0.14K","0.00%"
"02/05/2019","2,000","2,000","2,000","2,000","","0.00%"
"30/04/2019","2,000","2,000","2,000","2,000","","0.00%"
"29/04/2019","2,000","1,980","2,000","1,980","0.02K","0.00%"
"26/04/2019","2,000","2,000","2,000","2,000","0.04K","0.00%"
"25/04/2019","2,000","2,000","2,000","2,000","","0.00%"
"24/04/2019","2,000","1,731","2,040","1,731","11.04K","-1.96%"
"23/04/2019","2,040","2,040","2,040","2,040","0.00K","-0.24%"
"18/04/2019","2,045","2,045","2,045","2,045","","0.00%"
"17/04/2019","2,045","2,045","2,045","2,045","","0.00%"
"16/04/2019","2,045","2,045","2,045","2,045","","0.00%"
"15/04/2019","2,045","2,000","2,050","2,000","24.73K","-0.24%"
"12/04/2019","2,050","2,050","2,050","2,050","","0.00%"
"11/04/2019","2,050","2,050","2,050","2,050","","0.00%"
"10/04/2019","2,050","2,050","2,050","2,050","","0.00%"
"09/04/2019","2,050","2,050","2,050","2,050","0.25K","7.89%"
"08/04/2019","1,900","1,900","1,900","1,900","","0.00%"
"05/04/2019","1,900","1,900","1,900","1,900","","0.00%"
"04/04/2019","1,900","1,900","1,900","1,900","","0.00%"
"03/04/2019","1,900","1,900","1,900","1,900","1.00K","-0.05%"
"02/04/2019","1,901","2,050","2,050","1,901","0.43K","0.05%"
"01/04/2019","1,900","1,900","1,900","1,900","","0.00%"
"29/03/2019","1,900","1,900","1,910","1,900","40.01K","0.00%"
"28/03/2019","1,900","1,900","1,900","1,900","","0.00%"
"27/03/2019","1,900","1,925","1,925","1,900","0.47K","0.00%"
"26/03/2019","1,900","1,900","1,900","1,900","0.01K","0.00%"
"25/03/2019","1,900","1,900","1,900","1,900","","0.00%"
"22/03/2019","1,900","1,900","1,900","1,900","5.02K","-2.56%"
"20/03/2019","1,950","1,950","1,950","1,950","2.00K","0.00%"
"19/03/2019","1,950","1,950","1,950","1,950","","0.00%"
"18/03/2019","1,950","1,950","1,950","1,950","","0.00%"
"15/03/2019","1,950","1,950","1,950","1,950","","0.00%"
"14/03/2019","1,950","1,950","1,950","1,950","","0.00%"
"13/03/2019","1,950","1,950","1,950","1,950","","0.00%"
"12/03/2019","1,950","2,020","2,020","1,950","0.42K","0.00%"
"11/03/2019","1,950","1,950","1,950","1,950","","0.00%"
"08/03/2019","1,950","1,950","1,950","1,950","","0.00%"
"07/03/2019","1,950","1,950","1,950","1,950","","0.00%"
"06/03/2019","1,950","1,950","1,950","1,950","2.21M","0.00%"
"05/03/2019","1,950","1,950","1,950","1,900","2.36K","-3.70%"
"04/03/2019","2,025","2,025","2,025","2,025","159.42K","0.50%"
"01/03/2019","2,015","2,030","2,030","2,015","18.62K","0.25%"
"28/02/2019","2,010","2,010","2,010","2,010","","0.00%"
"27/02/2019","2,010","2,010","2,010","2,000","10.25K","-0.50%"
"26/02/2019","2,020","2,000","2,020","2,000","1.07K","1.00%"
"25/02/2019","2,000","2,000","2,000","2,000","3.93K","2.56%"
"22/02/2019","1,950","1,900","1,950","1,900","17.60K","-4.88%"
"21/02/2019","2,050","2,050","2,050","2,050","","0.00%"
"20/02/2019","2,050","2,050","2,050","2,050","6.39K","-1.44%"
"19/02/2019","2,080","2,080","2,080","2,080","","0.00%"
"18/02/2019","2,080","2,080","2,080","2,080","","0.00%"
"15/02/2019","2,080","2,080","2,080","2,080","","0.00%"
"14/02/2019","2,080","2,080","2,080","2,080","","0.00%"
"13/02/2019","2,080","2,080","2,080","2,080","","0.00%"
"12/02/2019","2,080","2,080","2,080","2,080","","0.00%"
"11/02/2019","2,080","2,080","2,080","2,080","","0.00%"
"08/02/2019","2,080","2,080","2,080","2,080","","0.00%"
"07/02/2019","2,080","2,080","2,080","2,080","","0.00%"
"06/02/2019","2,080","2,080","2,080","2,080","","0.00%"
"05/02/2019","2,080","2,080","2,080","2,080","0.35K","4.00%"
"04/02/2019","2,000","2,000","2,000","2,000","1.50K","0.00%"
"01/02/2019","2,000","2,000","2,000","2,000","","0.00%"
"31/01/2019","2,000","2,000","2,000","2,000","0.40K","-4.76%"
"30/01/2019","2,100","2,100","2,100","2,100","","0.00%"
"29/01/2019","2,100","2,100","2,100","2,100","0.04K","0.00%"
"28/01/2019","2,100","2,100","2,100","2,100","","0.00%"
"25/01/2019","2,100","2,100","2,100","2,100","","0.00%"
"24/01/2019","2,100","2,100","2,100","2,100","","0.00%"
"23/01/2019","2,100","2,100","2,100","2,100","","0.00%"
"22/01/2019","2,100","2,100","2,150","2,100","0.45K","-2.33%"
"21/01/2019","2,150","2,150","2,150","2,150","1.40K","0.00%"
"18/01/2019","2,150","2,150","2,150","2,150","","0.00%"
"17/01/2019","2,150","2,150","2,150","2,150","","0.00%"
"16/01/2019","2,150","2,150","2,150","2,150","","0.00%"
"15/01/2019","2,150","2,150","2,150","2,150","0.10K","0.00%"
"14/01/2019","2,150","2,150","2,150","2,150","","0.00%"
"11/01/2019","2,150","2,150","2,150","2,150","","0.00%"
"10/01/2019","2,150","2,150","2,150","2,150","","0.00%"
"09/01/2019","2,150","2,150","2,150","2,150","","0.00%"
"08/01/2019","2,150","2,150","2,150","2,150","0.01K","-2.27%"
"07/01/2019","2,200","2,200","2,200","2,200","","0.00%"
"04/01/2019","2,200","2,200","2,200","2,200","0.03K","0.00%"
"03/01/2019","2,200","2,200","2,200","2,200","2.80K","0.00%"
"02/01/2019","2,200","2,200","2,200","2,200","","0.00%"
"31/12/2018","2,200","2,200","2,200","2,200","0.02K","0.00%"
"28/12/2018","2,200","2,200","2,200","2,200","","0.00%"
"27/12/2018","2,200","2,200","2,200","2,200","","0.00%"
"24/12/2018","2,200","2,200","2,200","2,200","","0.00%"
"21/12/2018","2,200","2,200","2,200","2,200","9.08K","-2.78%"
"20/12/2018","2,263","2,263","2,263","2,263","0.97K","0.00%"
"19/12/2018","2,263","2,263","2,263","2,263","","0.00%"
"18/12/2018","2,263","2,263","2,263","2,263","","0.00%"
"14/12/2018","2,263","2,263","2,263","2,263","","0.00%"
"13/12/2018","2,263","2,263","2,263","2,263","0.46K","-1.61%"
"12/12/2018","2,300","2,300","2,300","2,300","","0.00%"
"11/12/2018","2,300","2,300","2,300","2,300","","0.00%"
"10/12/2018","2,300","2,300","2,300","2,300","0.07K","0.00%"
"07/12/2018","2,300","2,300","2,300","2,300","0.15K","0.00%"
"06/12/2018","2,300","2,300","2,300","2,300","","0.00%"
"05/12/2018","2,300","2,300","2,300","2,300","","0.00%"
"04/12/2018","2,300","2,300","2,300","2,300","0.15K","15.00%"
"03/12/2018","2,000","2,000","2,000","2,000","","0.00%"
"30/11/2018","2,000","2,000","2,001","2,000","3.13K","2.56%"
"29/11/2018","1,950","1,950","1,950","1,950","1.42K","0.00%"
"28/11/2018","1,950","1,950","1,950","1,950","","0.00%"
"27/11/2018","1,950","1,950","1,950","1,950","0.17K","-11.36%"
"26/11/2018","2,200","2,200","2,200","2,200","2.15K","0.00%"
"23/11/2018","2,200","2,200","2,200","2,200","0.22K","-4.35%"
"22/11/2018","2,300","2,300","2,300","2,300","","0.00%"
"21/11/2018","2,300","2,300","2,300","2,300","15.56K","4.55%"
"20/11/2018","2,200","2,300","2,300","2,200","14.45K","-4.56%"
"19/11/2018","2,305","2,305","2,305","2,305","6.28K","-1.50%"
"16/11/2018","2,340","2,340","2,340","2,340","","0.00%"
"15/11/2018","2,340","2,340","2,340","2,340","","0.00%"
"14/11/2018","2,340","2,340","2,340","2,340","0.75K","-0.38%"
"13/11/2018","2,349","2,349","2,349","2,349","0.02K","0.00%"
"12/11/2018","2,349","2,349","2,349","2,349","","0.00%"
"09/11/2018","2,349","2,349","2,349","2,349","0.01K","0.00%"
"08/11/2018","2,349","2,349","2,349","2,349","","0.00%"
"07/11/2018","2,349","2,349","2,349","2,349","","0.00%"
"06/11/2018","2,349","2,349","2,349","2,349","0.51K","0.00%"
"05/11/2018","2,349","2,349","2,349","2,349","","0.00%"
"02/11/2018","2,349","2,349","2,349","2,349","","0.00%"
"01/11/2018","2,349","2,349","2,349","2,349","","0.00%"
"31/10/2018","2,349","2,349","2,349","2,349","0.10K","0.00%"
"30/10/2018","2,349","2,050","2,349","2,050","1.04K","14.59%"
"29/10/2018","2,050","2,050","2,050","2,050","","0.00%"
"26/10/2018","2,050","2,050","2,050","2,050","","0.00%"
"25/10/2018","2,050","1,990","2,050","1,990","2.78K","3.54%"
"24/10/2018","1,980","1,980","1,980","1,980","","0.00%"
"23/10/2018","1,980","1,980","1,980","1,980","","0.00%"
"22/10/2018","1,980","1,980","1,980","1,980","","0.00%"
"19/10/2018","1,980","1,980","1,980","1,980","1.70K","-1.05%"
"18/10/2018","2,001","2,001","2,001","2,001","","0.00%"
"17/10/2018","2,001","2,001","2,001","2,001","0.40K","0.05%"
"16/10/2018","2,000","2,300","2,300","2,000","83.14K","-9.09%"
"15/10/2018","2,200","2,200","2,200","2,200","","0.00%"
"12/10/2018","2,200","2,150","2,200","2,150","2.30K","2.33%"
"11/10/2018","2,150","2,150","2,150","2,150","8.90K","-8.51%"
"10/10/2018","2,350","2,350","2,350","2,350","","0.00%"
"09/10/2018","2,350","2,350","2,350","2,350","0.00K","0.00%"
"08/10/2018","2,350","2,350","2,350","2,350","0.22K","-1.05%"
"05/10/2018","2,375","2,375","2,375","2,375","","0.00%"
"04/10/2018","2,375","2,120","2,375","2,120","1.63K","5.56%"
"03/10/2018","2,250","2,300","2,300","2,250","7.23K","-2.17%"
"02/10/2018","2,300","2,300","2,300","2,121","1.80K","8.49%"
"01/10/2018","2,120","2,120","2,120","2,120","","0.00%"
"28/09/2018","2,120","2,120","2,120","2,120","0.07K","-7.83%"
"27/09/2018","2,300","2,300","2,300","2,300","0.23K","0.00%"
"26/09/2018","2,300","2,300","2,300","2,300","","0.00%"
"25/09/2018","2,300","2,300","2,300","2,300","0.05K","2.22%"
"21/09/2018","2,250","2,250","2,250","2,250","0.23K","0.00%"
"20/09/2018","2,250","2,250","2,250","2,250","1.16K","2.27%"
"19/09/2018","2,200","2,200","2,200","2,200","","0.00%"
"18/09/2018","2,200","2,250","2,250","2,200","2.02K","-2.22%"
"17/09/2018","2,250","2,250","2,250","2,250","","0.00%"
"14/09/2018","2,250","2,250","2,250","2,250","","0.00%"
"13/09/2018","2,250","2,250","2,250","2,250","0.33K","-2.17%"
"12/09/2018","2,300","2,300","2,300","2,300","0.98K","-0.04%"
"11/09/2018","2,301","2,301","2,301","2,301","0.32K","0.04%"
"10/09/2018","2,300","2,300","2,300","2,300","","0.00%"
"07/09/2018","2,300","2,300","2,300","2,300","9.00K","-0.04%"
"06/09/2018","2,301","2,301","2,301","2,301","2.81K","2.27%"
"05/09/2018","2,250","2,250","2,250","2,250","","0.00%"
"04/09/2018","2,250","2,250","2,250","2,250","0.00K","-2.22%"
"03/09/2018","2,301","2,301","2,301","2,301","10.80K","-2.09%"
"31/08/2018","2,350","2,350","2,350","2,350","6.16K","0.00%"
"30/08/2018","2,350","2,350","2,350","2,350","7.50K","-6.00%"
"29/08/2018","2,500","2,500","2,500","2,500","0.08K","0.00%"
"28/08/2018","2,500","2,400","2,500","2,350","7.05K","8.70%"
"27/08/2018","2,300","2,150","2,300","2,150","16.60K","-4.17%"
"24/08/2018","2,400","2,400","2,400","2,400","2.91K","4.35%"
"23/08/2018","2,300","2,300","2,300","2,300","21.23K","0.00%"
"22/08/2018","2,300","2,300","2,300","2,260","8.65K","8.24%"
"21/08/2018","2,125","2,125","2,125","2,125","0.04K","-11.46%"
"20/08/2018","2,400","2,400","2,400","2,400","","0.00%"
"17/08/2018","2,400","2,400","2,400","2,400","","0.00%"
"16/08/2018","2,400","2,400","2,400","2,400","","0.00%"
"15/08/2018","2,400","2,400","2,400","2,400","","0.00%"
"14/08/2018","2,400","2,125","2,400","2,125","0.19K","13.21%"
"13/08/2018","2,120","2,120","2,120","2,120","","0.00%"
"10/08/2018","2,120","2,120","2,120","2,120","1.70K","0.00%"
"08/08/2018","2,120","2,120","2,120","2,120","1.82K","0.00%"
"07/08/2018","2,120","2,120","2,120","2,120","","0.00%"
"06/08/2018","2,120","2,120","2,120","2,120","0.01K","0.00%"
"03/08/2018","2,120","2,125","2,125","2,120","1.40K","-0.24%"
"02/08/2018","2,125","2,125","2,125","2,125","","0.00%"
"01/08/2018","2,125","2,125","2,125","2,125","","0.00%"
"31/07/2018","2,125","2,125","2,450","2,125","0.23K","0.00%"
"30/07/2018","2,125","2,125","2,125","2,125","","0.00%"
"27/07/2018","2,125","2,125","2,125","2,125","0.12K","0.71%"
"26/07/2018","2,110","2,110","2,110","2,110","","0.00%"
"25/07/2018","2,110","2,110","2,110","2,110","46.00K","0.19%"
"24/07/2018","2,106","2,450","2,450","2,106","1.97K","0.05%"
"23/07/2018","2,105","2,105","2,105","2,105","","0.00%"
"20/07/2018","2,105","2,105","2,105","2,105","0.50K","-14.08%"
"19/07/2018","2,450","2,450","2,450","2,450","","0.00%"
"18/07/2018","2,450","2,450","2,450","2,450","0.06K","0.00%"
"17/07/2018","2,450","2,450","2,450","2,450","0.08K","16.39%"
"16/07/2018","2,105","2,105","2,105","2,105","","0.00%"
"13/07/2018","2,105","2,110","2,110","2,100","0.03K","-2.09%"
"12/07/2018","2,150","2,150","2,150","2,150","2.23K","0.00%"
"11/07/2018","2,150","2,150","2,150","2,150","","0.00%"
"10/07/2018","2,150","2,150","2,150","2,150","0.17K","-2.27%"
"09/07/2018","2,200","2,200","2,200","2,200","8.00K","2.33%"
"06/07/2018","2,150","2,150","2,150","2,150","3.00K","0.00%"
"05/07/2018","2,150","2,100","2,150","2,100","32.57K","2.38%"
"04/07/2018","2,100","2,100","2,100","2,100","12.81K","0.00%"
"03/07/2018","2,100","2,100","2,100","2,100","15.10K","0.00%"
"02/07/2018","2,100","2,100","2,100","2,100","","0.00%"
"29/06/2018","2,100","2,100","2,100","2,100","","0.00%"
"28/06/2018","2,100","2,100","2,100","2,100","","0.00%"
"27/06/2018","2,100","2,100","2,100","2,100","","0.00%"
"26/06/2018","2,100","2,100","2,100","2,100","0.01K","0.00%"
"25/06/2018","2,100","2,100","2,100","2,100","3.28K","-2.33%"
"22/06/2018","2,150","2,150","2,150","2,150","","0.00%"
"21/06/2018","2,150","2,150","2,150","2,150","","0.00%"
"20/06/2018","2,150","2,100","2,150","2,100","2.74K","2.38%"
"19/06/2018","2,100","2,100","2,100","2,100","","0.00%"
"18/06/2018","2,100","2,100","2,100","2,100","","0.00%"
"15/06/2018","2,100","2,100","2,100","2,100","20.05K","-2.33%"
"14/06/2018","2,150","2,150","2,150","2,150","","0.00%"
"13/06/2018","2,150","2,150","2,150","2,150","","0.00%"
"12/06/2018","2,150","2,150","2,150","2,150","","0.00%"
"11/06/2018","2,150","2,150","2,150","2,150","20.99K","0.00%"
"08/06/2018","2,150","2,151","2,151","2,150","21.09K","-0.09%"
"07/06/2018","2,152","2,152","2,152","2,152","","0.00%"
"06/06/2018","2,152","2,152","2,152","2,152","","0.00%"
"05/06/2018","2,152","2,152","2,152","2,152","11.63K","0.00%"
"04/06/2018","2,152","2,152","2,152","2,152","1.80K","0.09%"
"01/06/2018","2,150","2,150","2,150","2,150","","0.00%"
"31/05/2018","2,150","2,150","2,150","2,150","0.75K","0.00%"
"30/05/2018","2,150","2,150","2,150","2,150","0.22K","-0.05%"
"29/05/2018","2,151","2,151","2,151","2,151","0.13K","0.00%"
"28/05/2018","2,151","2,151","2,151","2,151","","0.00%"
"25/05/2018","2,151","2,151","2,151","2,151","1.70K","0.05%"
"24/05/2018","2,150","2,150","2,150","2,150","","0.00%"
"23/05/2018","2,150","2,150","2,150","2,150","","0.00%"
"22/05/2018","2,150","2,150","2,150","2,150","","0.00%"
"21/05/2018","2,150","2,150","2,150","2,150","3.54K","0.00%"
"18/05/2018","2,150","2,150","2,150","2,150","","0.00%"
"17/05/2018","2,150","2,150","2,150","2,150","3.73K","-0.05%"
"16/05/2018","2,151","2,151","2,151","2,151","","0.00%"
"15/05/2018","2,151","2,150","2,151","2,150","0.62K","0.00%"
"14/05/2018","2,151","2,150","2,151","2,150","0.00K","0.05%"
"11/05/2018","2,150","2,150","2,150","2,150","0.00K","0.00%"
"10/05/2018","2,150","2,150","2,150","2,150","2.86K","0.00%"
"09/05/2018","2,150","2,150","2,150","2,150","9.53K","0.00%"
"08/05/2018","2,150","2,150","2,150","2,150","0.03K","2.38%"
"07/05/2018","2,100","2,100","2,100","2,100","3.17K","0.00%"
"04/05/2018","2,100","2,100","2,100","2,100","","0.00%"
"03/05/2018","2,100","2,152","2,152","2,100","10.37K","-2.42%"
"02/05/2018","2,152","2,200","2,200","2,152","11.76K","0.00%"
"30/04/2018","2,152","2,152","2,152","2,152","0.04K","0.00%"
"26/04/2018","2,152","2,152","2,152","2,152","0.80K","0.00%"
"25/04/2018","2,152","2,152","2,152","2,152","0.53K","0.09%"
"24/04/2018","2,150","2,150","2,150","2,150","","0.00%"
"23/04/2018","2,150","2,150","2,150","2,150","8.00K","2.38%"
"20/04/2018","2,100","2,100","2,100","2,100","0.04K","0.00%"
"19/04/2018","2,100","2,100","2,100","2,100","","0.00%"
"18/04/2018","2,100","2,100","2,100","2,100","","0.00%"
"17/04/2018","2,100","2,100","2,100","2,100","1.13K","0.00%"
"16/04/2018","2,100","2,100","2,100","2,100","","0.00%"
"13/04/2018","2,100","2,100","2,100","2,100","3.00K","0.00%"
"12/04/2018","2,100","2,100","2,100","2,100","","0.00%"
"11/04/2018","2,100","2,100","2,100","2,100","","0.00%"
"10/04/2018","2,100","2,100","2,100","2,100","1.14K","0.00%"
"09/04/2018","2,100","2,100","2,100","2,100","5.44K","0.00%"
"06/04/2018","2,100","2,100","2,100","2,100","","0.00%"
"05/04/2018","2,100","2,100","2,100","2,100","","0.00%"
"04/04/2018","2,100","2,100","2,100","2,100","22.50K","0.00%"
"03/04/2018","2,100","1,806","2,100","1,806","4.26K","-6.96%"
"29/03/2018","2,257","2,257","2,257","2,257","41.68K","0.00%"
"28/03/2018","2,257","2,257","2,257","2,257","","0.00%"
"27/03/2018","2,257","2,257","2,257","2,257","","0.00%"
"26/03/2018","2,257","2,257","2,257","2,257","0.70K","0.00%"
"23/03/2018","2,257","2,257","2,257","2,257","10.50K","0.00%"
"22/03/2018","2,257","2,257","2,257","2,257","45.75K","0.00%"
"20/03/2018","2,257","2,257","2,257","2,257","4.00K","0.00%"
"19/03/2018","2,257","2,257","2,257","2,257","","0.00%"
"16/03/2018","2,257","2,257","2,257","2,257","","0.00%"
"15/03/2018","2,257","2,257","2,257","2,100","351.15K","0.00%"
"14/03/2018","2,257","1,901","2,257","1,901","0.00K","-3.96%"
"13/03/2018","2,350","2,375","2,375","2,350","0.00K","-1.05%"
"12/03/2018","2,375","2,375","2,375","2,375","4.38K","0.00%"
"09/03/2018","2,375","2,375","2,375","2,375","5.50K","0.00%"
"08/03/2018","2,375","2,375","2,375","2,375","14.00K","0.00%"
"07/03/2018","2,375","2,375","2,375","2,375","0.57K","0.00%"
"06/03/2018","2,375","2,375","2,375","2,375","0.70K","-1.04%"
"05/03/2018","2,400","2,400","2,400","2,400","6.00K","1.05%"
"02/03/2018","2,375","2,375","2,375","2,375","","0.00%"
"01/03/2018","2,375","2,375","2,375","2,375","","0.00%"
"28/02/2018","2,375","2,375","2,375","2,375","","0.00%"
"27/02/2018","2,375","2,375","2,375","2,375","","0.00%"
"26/02/2018","2,375","2,375","2,375","2,375","","0.00%"
"23/02/2018","2,375","2,375","2,375","2,375","","0.00%"
"22/02/2018","2,375","2,375","2,375","2,375","1.00K","0.47%"
"21/02/2018","2,364","2,364","2,364","2,364","","0.00%"
"20/02/2018","2,364","2,375","2,375","2,364","5.28K","0.60%"
"19/02/2018","2,350","2,400","2,400","2,350","15.81K","-2.08%"
"16/02/2018","2,400","2,400","2,400","2,400","0.37K","-4.34%"
"15/02/2018","2,509","2,509","2,509","2,509","1.00K","-0.04%"
"14/02/2018","2,510","2,510","2,510","2,510","1.00K","0.00%"
"13/02/2018","2,510","2,400","2,510","2,400","8.32K","5.68%"
"12/02/2018","2,375","2,375","2,375","2,375","4.89K","0.00%"
"09/02/2018","2,375","2,370","2,375","2,370","4.00K","0.00%"
"08/02/2018","2,375","2,375","2,375","2,375","","0.00%"
"07/02/2018","2,375","2,375","2,375","2,375","","0.00%"
"06/02/2018","2,375","2,375","2,375","2,375","10.00K","0.00%"
"05/02/2018","2,375","2,375","2,375","2,375","3.25K","-2.66%"
"02/02/2018","2,440","2,440","2,440","2,440","0.04K","0.00%"
"01/02/2018","2,440","2,440","2,440","2,440","0.17K","2.52%"
"31/01/2018","2,380","2,380","2,380","2,380","","0.00%"
"30/01/2018","2,380","2,750","2,750","2,380","0.01K","0.21%"
"29/01/2018","2,375","2,375","2,375","2,375","","0.00%"
"26/01/2018","2,375","2,375","2,375","2,375","2.00K","-5.00%"
"25/01/2018","2,500","2,500","2,500","2,500","","0.00%"
"24/01/2018","2,500","2,500","2,500","2,500","","0.00%"
"23/01/2018","2,500","2,500","2,750","2,500","5.88K","12.11%"
"22/01/2018","2,230","2,200","2,365","2,200","16.95K","-6.11%"
"19/01/2018","2,375","2,375","2,375","2,375","5.19K","0.00%"
"18/01/2018","2,375","2,375","2,375","2,375","0.71K","0.00%"
"17/01/2018","2,375","2,375","2,375","2,375","2.20K","-0.54%"
"16/01/2018","2,388","2,388","2,388","2,388","","0.00%"
"15/01/2018","2,388","2,388","2,388","2,388","8.19K","0.00%"
"12/01/2018","2,388","2,388","2,388","2,388","","0.00%"
"11/01/2018","2,388","2,388","2,388","2,388","1.70K","2.49%"
"10/01/2018","2,330","2,330","2,330","2,330","1.00K","1.30%"
"09/01/2018","2,300","2,300","2,300","2,300","","0.00%"
"08/01/2018","2,300","2,300","2,300","2,300","","0.00%"
"05/01/2018","2,300","2,300","2,300","2,300","","0.00%"
"04/01/2018","2,300","2,300","2,300","2,300","","0.00%"
"03/01/2018","2,300","2,300","2,300","2,300","","0.00%"
"02/01/2018","2,300","2,450","2,450","2,300","1.94K","4.55%"
"29/12/2017","2,200","2,200","2,200","2,200","","0.00%"
"28/12/2017","2,200","2,200","2,200","2,200","","0.00%"
"27/12/2017","2,200","2,265","2,265","2,200","8.40K","-1.96%"
"22/12/2017","2,244","2,244","2,244","2,244","","0.00%"
"21/12/2017","2,244","2,244","2,244","2,244","0.70K","0.00%"
"20/12/2017","2,244","2,244","2,244","2,244","1.00K","1.54%"
"19/12/2017","2,210","2,244","2,244","2,210","6.85K","0.45%"
"18/12/2017","2,200","2,200","2,200","2,175","5.05K","-1.08%"
"15/12/2017","2,224","2,170","2,224","2,170","3.60K","2.49%"
"14/12/2017","2,170","2,170","2,170","2,170","0.35K","0.00%"
"13/12/2017","2,170","2,170","2,170","2,170","","0.00%"
"12/12/2017","2,170","2,170","2,170","2,170","9.10K","-4.19%"
"11/12/2017","2,265","2,265","2,265","2,265","0.03K","4.38%"
"08/12/2017","2,170","2,170","2,170","2,170","","0.00%"
"07/12/2017","2,170","2,160","2,170","2,160","12.72K","0.00%"
"06/12/2017","2,170","2,170","2,170","2,101","55.06K","0.00%"
"05/12/2017","2,170","2,170","2,170","2,170","","0.00%"
"04/12/2017","2,170","2,170","2,170","2,170","8.30K","0.00%"
"01/12/2017","2,170","2,170","2,170","2,170","","0.00%"
"30/11/2017","2,170","2,170","2,170","2,170","0.15K","0.00%"
"29/11/2017","2,170","2,170","2,170","2,170","","0.00%"
"28/11/2017","2,170","2,170","2,170","2,170","3.89K","0.00%"
"27/11/2017","2,170","2,170","2,170","2,170","","0.00%"
"24/11/2017","2,170","2,170","2,170","2,170","4.21K","-4.19%"
"23/11/2017","2,265","2,265","2,265","2,265","2.99K","4.38%"
"22/11/2017","2,170","2,170","2,170","2,170","","0.00%"
"21/11/2017","2,170","2,265","2,265","2,170","25.01K","0.00%"
"20/11/2017","2,170","2,170","2,170","2,170","","0.00%"
"17/11/2017","2,170","2,170","2,170","2,170","","0.00%"
"16/11/2017","2,170","2,170","2,170","2,170","5.40K","0.00%"
"15/11/2017","2,170","2,170","2,170","2,170","","0.00%"
"14/11/2017","2,170","2,160","2,170","2,150","28.43K","0.93%"
"13/11/2017","2,150","2,150","2,150","2,150","","0.00%"
"10/11/2017","2,150","2,150","2,150","2,150","23.23K","2.38%"
"09/11/2017","2,100","2,100","2,100","2,100","","0.00%"
"08/11/2017","2,100","2,100","2,100","2,100","0.78K","0.00%"
"07/11/2017","2,100","2,064","2,100","2,064","1.04K","2.44%"
"06/11/2017","2,050","2,050","2,050","2,050","","0.00%"
"03/11/2017","2,050","2,151","2,151","2,050","2.22K","-4.70%"
"02/11/2017","2,151","2,151","2,151","2,151","69.89K","0.05%"
"01/11/2017","2,150","2,150","2,150","2,150","0.90K","0.00%"
"31/10/2017","2,150","2,150","2,150","2,150","2.49K","2.38%"
"30/10/2017","2,100","2,100","2,100","2,100","","0.00%"
"27/10/2017","2,100","2,100","2,100","2,100","","0.00%"
"26/10/2017","2,100","2,100","2,100","2,100","","0.00%"
"25/10/2017","2,100","2,100","2,100","2,100","","0.00%"
"24/10/2017","2,100","2,101","2,101","2,100","0.54K","0.00%"
"23/10/2017","2,100","2,100","2,100","2,100","","0.00%"
"20/10/2017","2,100","2,100","2,100","2,100","3.06K","0.00%"
"19/10/2017","2,100","2,089","2,100","2,089","5.00K","1.06%"
"18/10/2017","2,078","2,050","2,089","2,050","5.33K","1.37%"
"17/10/2017","2,050","2,055","2,075","2,050","159.66K","0.39%"
"16/10/2017","2,042","2,042","2,042","2,042","0.90K","-2.53%"
"13/10/2017","2,095","2,094","2,095","2,094","0.70K","-0.05%"
"12/10/2017","2,096","2,096","2,096","2,096","","0.00%"
"11/10/2017","2,096","2,096","2,096","2,096","1.03K","-0.14%"
"10/10/2017","2,099","2,099","2,100","2,099","1.80K","-0.05%"
"09/10/2017","2,100","2,100","2,100","2,100","1.50K","0.00%"
"06/10/2017","2,100","2,100","2,100","2,100","30.17K","0.00%"
"05/10/2017","2,100","2,100","2,100","2,100","8.00K","2.84%"
"04/10/2017","2,042","2,042","2,042","2,042","0.55K","-4.67%"
"03/10/2017","2,142","2,142","2,142","2,142","0.08K","0.00%"
"02/10/2017","2,142","2,100","2,142","2,100","5.26K","2.10%"
"29/09/2017","2,098","2,098","2,100","2,098","7.99K","-0.10%"
"28/09/2017","2,100","2,100","2,100","2,100","","0.00%"
"27/09/2017","2,100","2,100","2,100","2,100","0.19K","2.44%"
"26/09/2017","2,050","2,050","2,050","2,050","19.60K","2.50%"
"22/09/2017","2,000","2,000","2,000","2,000","385.83K","2.56%"
"21/09/2017","1,950","1,950","1,950","1,950","2.50K","2.52%"
"20/09/2017","1,902","1,902","1,902","1,902","0.06K","-9.00%"
"19/09/2017","2,090","2,090","2,090","1,700","5.91K","0.00%"
"18/09/2017","2,090","2,090","2,090","2,090","0.40K","-0.48%"
"15/09/2017","2,100","2,100","2,100","2,100","7.01K","0.00%"
"14/09/2017","2,100","2,100","2,100","2,100","149.41K","-0.99%"
"13/09/2017","2,121","2,121","2,121","2,121","","0.00%"
"12/09/2017","2,121","2,121","2,121","2,121","4.14K","0.00%"
"11/09/2017","2,121","2,121","2,121","2,121","","0.00%"
"08/09/2017","2,121","2,121","2,121","2,121","0.16K","9.10%"
"07/09/2017","1,944","1,944","1,944","1,944","","0.00%"
"06/09/2017","1,944","1,944","1,944","1,944","","0.00%"
"05/09/2017","1,944","2,300","2,300","1,944","0.17K","-15.48%"
"04/09/2017","2,300","2,300","2,300","2,300","0.17K","4.55%"
"01/09/2017","2,200","2,200","2,200","2,200","","0.00%"
"31/08/2017","2,200","2,200","2,200","2,200","3.12K","0.00%"
"30/08/2017","2,200","2,200","2,200","2,200","2.00K","-4.35%"
"29/08/2017","2,300","2,300","2,300","2,300","0.10K","0.00%"
"28/08/2017","2,300","2,300","2,300","2,300","0.30K","-0.22%"
"25/08/2017","2,305","2,305","2,305","2,305","4.72K","0.22%"
"24/08/2017","2,300","2,300","2,300","2,300","","0.00%"
"23/08/2017","2,300","2,300","2,300","2,300","0.30K","-11.20%"
"22/08/2017","2,590","2,590","2,590","2,590","","0.00%"
"21/08/2017","2,590","2,590","2,590","2,590","32.54K","-0.38%"
"18/08/2017","2,600","2,600","2,600","2,600","","0.00%"
"17/08/2017","2,600","2,600","2,600","2,600","","0.00%"
"16/08/2017","2,600","2,600","2,600","2,600","0.20K","0.00%"
"15/08/2017","2,600","2,600","2,600","2,600","0.49K","0.00%"
"14/08/2017","2,600","2,600","2,600","2,600","2.27K","-5.28%"
"11/08/2017","2,745","2,700","2,745","2,700","18.41K","1.03%"
"10/08/2017","2,717","2,700","2,725","2,695","10.72K","-0.29%"
"08/08/2017","2,725","2,725","2,725","2,725","","0.00%"
"07/08/2017","2,725","2,650","2,725","2,650","1.20K","2.83%"
"04/08/2017","2,650","2,650","2,650","2,650","","0.00%"
"03/08/2017","2,650","2,650","2,650","2,650","1.56K","0.00%"
"02/08/2017","2,650","2,650","2,650","2,650","","0.00%"
"01/08/2017","2,650","2,650","2,650","2,650","1.59K","-1.12%"
"31/07/2017","2,680","2,680","2,680","2,680","6.80K","0.00%"
"28/07/2017","2,680","2,680","2,680","2,680","","0.00%"
"27/07/2017","2,680","2,650","2,680","2,650","0.69K","1.13%"
"26/07/2017","2,650","2,650","2,650","2,650","2.00K","-1.85%"
"25/07/2017","2,700","2,700","2,700","2,700","","0.00%"
"24/07/2017","2,700","2,700","2,700","2,700","","0.00%"
"21/07/2017","2,700","2,700","2,700","2,700","","0.00%"
"20/07/2017","2,700","2,700","2,700","2,700","","0.00%"
"19/07/2017","2,700","2,700","2,700","2,700","","0.00%"
"18/07/2017","2,700","2,700","2,700","2,700","0.03K","-1.82%"
"17/07/2017","2,750","2,750","2,750","2,750","","0.00%"
"14/07/2017","2,750","2,750","2,750","2,750","","0.00%"
"13/07/2017","2,750","2,750","2,750","2,750","","0.00%"
"12/07/2017","2,750","2,750","2,750","2,750","","0.00%"
"11/07/2017","2,750","2,725","2,750","2,725","28.61K","0.55%"
"10/07/2017","2,735","2,735","2,735","2,735","","0.00%"
"07/07/2017","2,735","2,735","2,735","2,735","","0.00%"
"06/07/2017","2,735","2,735","2,735","2,735","","0.00%"
"05/07/2017","2,735","2,735","2,735","2,735","","0.00%"
"04/07/2017","2,735","2,650","2,735","2,650","0.12K","3.17%"
"03/07/2017","2,651","2,651","2,651","2,651","","0.04%"
"30/06/2017","2,650","2,650","2,650","2,650","","0.00%"
"29/06/2017","2,650","2,650","2,650","2,650","","0.00%"
"28/06/2017","2,650","2,650","2,650","2,650","","0.00%"
"27/06/2017","2,650","2,650","2,650","2,650","","0.00%"
"26/06/2017","2,650","2,650","2,650","2,650","19.14K","0.00%"
"23/06/2017","2,650","2,650","2,650","2,650","77.87K","0.00%"
"22/06/2017","2,650","2,650","2,650","2,650","0.90K","0.00%"
"21/06/2017","2,650","2,650","2,650","2,650","3.00K","0.00%"
"20/06/2017","2,650","2,655","2,655","2,650","1.83K","-0.04%"
"19/06/2017","2,651","2,651","2,651","2,651","1.21K","0.04%"
"15/06/2017","2,650","2,650","2,650","2,650","","0.00%"
"14/06/2017","2,650","2,650","2,650","2,650","4.00K","-3.64%"
"13/06/2017","2,750","2,750","2,750","2,750","","0.00%"
"12/06/2017","2,750","2,750","2,750","2,750","","0.00%"
"09/06/2017","2,750","2,750","2,750","2,750","","0.00%"
"08/06/2017","2,750","2,750","2,750","2,750","19.46K","0.00%"
"07/06/2017","2,750","2,700","2,750","2,700","4.51K","0.00%"
"06/06/2017","2,750","2,750","2,750","2,750","0.10K","0.00%"
"05/06/2017","2,750","2,750","2,750","2,750","0.55K","0.00%"
"02/06/2017","2,750","2,750","2,750","2,750","1.20K","0.00%"
"01/06/2017","2,750","2,750","2,750","2,750","","0.00%"
"31/05/2017","2,750","2,750","2,750","2,750","","0.00%"
"30/05/2017","2,750","2,750","2,750","2,750","2.20K","3.77%"
"29/05/2017","2,650","2,650","2,650","2,650","","0.00%"
"26/05/2017","2,650","2,650","2,650","2,650","","0.00%"
"25/05/2017","2,650","2,650","2,650","2,650","0.32K","-7.02%"
"24/05/2017","2,850","2,850","2,850","2,850","","0.00%"
"23/05/2017","2,850","2,850","2,850","2,850","","0.00%"
"22/05/2017","2,850","2,850","2,850","2,850","","0.00%"
"19/05/2017","2,850","2,850","2,850","2,850","0.02K","9.40%"
"18/05/2017","2,605","2,605","2,605","2,605","","0.00%"
"17/05/2017","2,605","2,605","2,605","2,605","1.61K","0.19%"
"16/05/2017","2,600","2,600","2,600","2,600","","0.00%"
"15/05/2017","2,600","2,600","2,600","2,600","","0.00%"
"12/05/2017","2,600","2,600","2,600","2,600","","0.00%"
"11/05/2017","2,600","2,600","2,600","2,600","0.10K","-1.89%"
"10/05/2017","2,650","2,650","2,650","2,650","","0.00%"
"09/05/2017","2,650","2,650","2,650","2,650","","0.00%"
"08/05/2017","2,650","2,650","2,650","2,650","1.26K","0.00%"
"05/05/2017","2,650","2,650","2,650","2,650","1.10K","-7.02%"
"04/05/2017","2,850","2,850","2,850","2,850","","0.00%"
"03/05/2017","2,850","2,850","2,850","2,850","1.74K","0.00%"
"02/05/2017","2,850","2,850","2,850","2,850","0.15K","0.88%"
"28/04/2017","2,825","2,825","2,825","2,825","0.21K","7.62%"
"26/04/2017","2,625","2,625","2,625","2,625","","0.00%"
"25/04/2017","2,625","2,625","2,625","2,625","10.00K","2.54%"
"24/04/2017","2,560","2,560","2,560","2,560","0.19K","-1.54%"
"21/04/2017","2,600","2,600","2,600","2,600","2.66K","0.00%"
"20/04/2017","2,600","2,600","2,600","2,600","1.08K","3.17%"
"19/04/2017","2,520","2,520","2,520","2,520","","0.00%"
"18/04/2017","2,520","2,522","2,522","2,520","19.67K","0.00%"
"13/04/2017","2,520","2,520","2,520","2,520","2.00K","0.00%"
"12/04/2017","2,520","2,520","2,520","2,520","3.82K","0.00%"
"11/04/2017","2,520","2,520","2,520","2,520","0.48K","-10.00%"
"10/04/2017","2,800","2,800","2,800","2,800","0.01K","0.00%"
"07/04/2017","2,800","2,800","2,800","2,800","0.55K","-0.36%"
"06/04/2017","2,810","2,810","2,810","2,810","","0.00%"
"05/04/2017","2,810","2,810","2,810","2,810","265.35K","0.00%"
"04/04/2017","2,810","2,800","2,810","2,800","3.78K","-0.53%"
"03/04/2017","2,825","2,825","2,825","2,825","0.60K","0.53%"
"31/03/2017","2,810","2,800","2,810","2,800","52.09K","0.36%"
"30/03/2017","2,800","2,800","2,810","2,800","27.86K","-0.36%"
"29/03/2017","2,810","2,810","2,810","2,810","25.37K","-0.71%"
"28/03/2017","2,830","2,840","2,840","2,830","0.08K","-2.08%"
"27/03/2017","2,890","2,890","2,890","2,890","","0.00%"
"24/03/2017","2,890","2,890","2,890","2,890","0.07K","-0.34%"
"23/03/2017","2,900","2,900","2,900","2,900","","0.00%"
"22/03/2017","2,900","2,900","2,900","2,900","","0.00%"
"20/03/2017","2,900","2,900","2,900","2,900","0.15K","0.35%"
"17/03/2017","2,890","2,890","2,890","2,890","","0.00%"
"16/03/2017","2,890","2,890","2,890","2,890","2.49K","0.00%"
"15/03/2017","2,890","2,900","2,900","2,890","0.95K","-3.67%"
"14/03/2017","3,000","3,000","3,000","3,000","","0.00%"
"13/03/2017","3,000","3,000","3,000","3,000","","0.00%"
"10/03/2017","3,000","3,000","3,000","3,000","0.20K","0.00%"
"09/03/2017","3,000","3,000","3,000","3,000","","0.00%"
"08/03/2017","3,000","3,000","3,000","3,000","10.14K","0.00%"
"07/03/2017","3,000","3,000","3,000","2,890","4.20K","-1.64%"
"06/03/2017","3,050","3,000","3,050","3,000","0.16K","1.67%"
"03/03/2017","3,000","3,015","3,015","3,000","12.81K","0.00%"
"02/03/2017","3,000","3,000","3,000","2,890","23.77K","3.81%"
"01/03/2017","2,890","3,000","3,000","2,890","19.08K","0.00%"
"28/02/2017","2,890","2,890","2,950","2,890","8.15K","0.00%"
"27/02/2017","2,890","2,890","2,890","2,890","0.41K","0.00%"
"24/02/2017","2,890","2,890","2,890","2,890","1.00K","-3.67%"
"23/02/2017","3,000","3,000","3,000","3,000","","0.00%"
"22/02/2017","3,000","2,970","3,000","2,900","55.02K","0.00%"
"21/02/2017","3,000","3,000","3,000","3,000","26.46K","1.25%"
"20/02/2017","2,963","2,963","2,963","2,963","","0.00%"
"17/02/2017","2,963","2,950","2,963","2,950","23.78K","-1.20%"
"16/02/2017","2,999","2,924","3,000","2,924","2.09K","-2.09%"
"15/02/2017","3,063","3,063","3,063","3,063","","0.00%"
"14/02/2017","3,063","3,175","3,175","3,063","5.15K","-1.00%"
"13/02/2017","3,094","3,094","3,094","3,094","","0.00%"
"10/02/2017","3,094","3,175","3,175","3,040","4.54K","-2.55%"
"09/02/2017","3,175","3,175","3,175","3,175","","0.00%"
"08/02/2017","3,175","3,174","3,175","3,174","0.80K","0.00%"
"07/02/2017","3,175","3,175","3,175","3,175","","0.00%"
"06/02/2017","3,175","3,175","3,175","3,175","","0.00%"
"03/02/2017","3,175","3,175","3,175","3,175","","0.00%"
"02/02/2017","3,175","3,080","3,175","3,080","4.28K","-0.78%"
"01/02/2017","3,200","3,200","3,200","3,200","0.35K","0.00%"
"31/01/2017","3,200","3,100","3,200","3,100","4.61K","0.00%"
"30/01/2017","3,200","3,200","3,200","3,200","2.40K","3.23%"
"27/01/2017","3,100","3,100","3,100","3,100","","0.00%"
"26/01/2017","3,100","3,040","3,100","3,040","0.88K","-6.06%"
"25/01/2017","3,300","3,300","3,300","3,300","4.30K","0.00%"
"24/01/2017","3,300","3,300","3,300","3,300","0.10K","0.00%"
"23/01/2017","3,300","3,300","3,300","3,300","0.04K","0.00%"
"20/01/2017","3,300","3,300","3,300","3,300","15.03K","0.00%"
"19/01/2017","3,300","3,300","3,300","3,300","","0.00%"
"18/01/2017","3,300","3,300","3,300","3,300","","0.00%"
"17/01/2017","3,300","3,300","3,300","3,300","0.60K","10.00%"
"16/01/2017","3,000","2,900","3,000","2,840","1.67K","-9.09%"
"13/01/2017","3,300","3,300","3,300","3,300","","0.00%"
"12/01/2017","3,300","3,300","3,400","3,300","1.98K","0.00%"
"11/01/2017","3,300","3,300","3,400","3,300","3.78K","-2.94%"
"10/01/2017","3,400","3,115","3,440","3,100","2.81K","9.68%"
"09/01/2017","3,100","3,100","3,100","3,100","0.32K","0.65%"
"06/01/2017","3,080","3,080","3,080","3,080","","0.00%"
"05/01/2017","3,080","3,080","3,080","3,080","","0.00%"
"04/01/2017","3,080","3,080","3,080","2,900","2.61K","0.00%"
"03/01/2017","3,080","3,080","3,080","3,080","0.22K","6.21%"
"30/12/2016","2,900","2,900","2,900","2,900","","0.00%"
"29/12/2016","2,900","2,825","2,900","2,825","19.08K","2.65%"
"28/12/2016","2,825","2,825","2,825","2,825","2.00K","0.00%"
"23/12/2016","2,825","2,825","2,825","2,825","0.09K","0.00%"
"22/12/2016","2,825","2,825","2,825","2,825","1.00K","0.00%"
"21/12/2016","2,825","2,825","2,825","2,825","0.01K","0.00%"
"20/12/2016","2,825","2,825","2,825","2,825","0.14K","0.00%"
"19/12/2016","2,825","2,825","2,825","2,825","10.43K","2.73%"
"15/12/2016","2,750","2,750","2,750","2,750","","0.00%"
"14/12/2016","2,750","2,750","2,750","2,750","295.40K","0.00%"
"13/12/2016","2,750","2,750","2,750","2,750","25.00K","1.48%"
"12/12/2016","2,710","2,749","2,749","2,710","2.00K","0.37%"
"09/12/2016","2,700","2,730","2,730","2,700","18.00K","1.89%"
"08/12/2016","2,650","2,650","2,650","2,650","0.50K","-3.28%"
"07/12/2016","2,740","2,739","2,740","2,739","18.10K","-0.36%"
"06/12/2016","2,750","2,750","2,750","2,750","","0.00%"
"05/12/2016","2,750","2,750","2,750","2,750","0.45K","5.77%"
"02/12/2016","2,600","2,600","2,600","2,600","","0.00%"
"01/12/2016","2,600","2,650","2,650","2,600","3.92K","-3.70%"
"30/11/2016","2,700","2,700","2,700","2,700","","0.00%"
"29/11/2016","2,700","2,625","2,850","2,625","9.20K","-5.26%"
"28/11/2016","2,850","2,850","2,850","2,850","","0.00%"
"25/11/2016","2,850","2,850","2,850","2,850","1.75K","-1.72%"
"24/11/2016","2,900","2,900","2,900","2,900","","0.00%"
"23/11/2016","2,900","2,899","2,900","2,899","3.43K","0.00%"
"22/11/2016","2,900","2,850","2,900","2,850","6.81K","0.69%"
"21/11/2016","2,880","2,850","2,880","2,850","11.06K","2.86%"
"18/11/2016","2,800","2,800","2,800","2,800","","0.00%"
"17/11/2016","2,800","2,820","2,820","2,800","2.50K","-0.71%"
"16/11/2016","2,820","2,820","2,820","2,820","6.10K","10.59%"
"15/11/2016","2,550","2,550","2,550","2,550","","0.00%"
"14/11/2016","2,550","2,750","2,750","2,550","3.28K","-8.93%"
"11/11/2016","2,800","2,800","2,800","2,800","","0.00%"
"10/11/2016","2,800","2,800","2,800","2,800","","0.00%"
"09/11/2016","2,800","2,700","2,800","2,700","2.00K","-0.71%"
"08/11/2016","2,820","2,830","2,833","2,820","7.02K","2.55%"
"07/11/2016","2,750","2,750","2,750","2,750","","0.00%"
"04/11/2016","2,750","2,750","2,750","2,750","0.01K","-1.79%"
"03/11/2016","2,800","2,800","2,800","2,750","143.19K","1.82%"
"02/11/2016","2,750","2,750","2,750","2,750","0.39K","-1.79%"
"01/11/2016","2,800","2,867","2,867","2,800","2.33K","0.04%"
"31/10/2016","2,799","2,800","2,880","2,799","3.01K","-2.81%"
"28/10/2016","2,880","2,800","2,880","2,800","4.00K","2.86%"
"27/10/2016","2,800","2,800","2,800","2,800","0.35K","0.00%"
"26/10/2016","2,800","2,750","2,800","2,750","177.45K","1.63%"
"25/10/2016","2,755","2,785","2,785","2,755","9.34K","-1.08%"
"24/10/2016","2,785","2,785","2,800","2,785","5.28K","0.00%"
"21/10/2016","2,785","2,700","2,800","2,700","5.42K","3.15%"
"20/10/2016","2,700","2,690","2,775","2,690","4.32K","0.37%"
"19/10/2016","2,690","2,690","2,690","2,690","","0.00%"
"18/10/2016","2,690","2,690","2,690","2,690","1.65K","-0.37%"
"17/10/2016","2,700","2,700","2,700","2,700","0.01K","0.00%"
"14/10/2016","2,700","2,700","2,700","2,700","","0.00%"
"13/10/2016","2,700","2,800","2,800","2,700","0.08K","0.37%"
"12/10/2016","2,690","2,690","2,690","2,690","","0.00%"
"11/10/2016","2,690","2,700","2,710","2,690","39.11K","-0.37%"
"10/10/2016","2,700","2,690","2,700","2,690","4.65K","0.00%"
"07/10/2016","2,700","2,700","2,700","2,700","1.90K","0.00%"
"06/10/2016","2,700","2,700","2,700","2,700","1.33K","0.00%"
"05/10/2016","2,700","2,880","2,880","2,700","4.10K","0.37%"
"04/10/2016","2,690","2,700","2,700","2,690","6.78K","0.00%"
"03/10/2016","2,690","2,690","2,690","2,690","0.87K","-0.37%"
"30/09/2016","2,700","2,700","2,700","2,700","2.17K","0.00%"
"29/09/2016","2,700","2,700","2,700","2,690","6.17K","0.37%"
"28/09/2016","2,690","2,700","2,700","2,690","2.20K","-0.37%"
"27/09/2016","2,700","2,700","2,700","2,670","4.21K","0.00%"
"26/09/2016","2,700","2,700","2,700","2,700","0.67K","0.00%"
"23/09/2016","2,700","2,700","2,700","2,700","2.12K","0.00%"
"22/09/2016","2,700","2,750","2,750","2,652","11.67K","-3.57%"
"21/09/2016","2,800","2,800","2,800","2,800","2.43K","-2.61%"
"20/09/2016","2,875","2,720","2,875","2,720","1.55K","-0.17%"
"19/09/2016","2,880","2,880","2,880","2,880","","0.00%"
"16/09/2016","2,880","2,880","2,880","2,880","1.52K","0.00%"
"15/09/2016","2,880","2,880","2,900","2,880","24.65K","0.00%"
"14/09/2016","2,880","2,770","2,880","2,770","2.12K","0.35%"
"13/09/2016","2,870","2,870","2,900","2,870","7.55K","0.00%"
"12/09/2016","2,870","2,870","2,870","2,870","0.28K","0.00%"
"09/09/2016","2,870","2,870","2,870","2,870","","0.00%"
"08/09/2016","2,870","2,870","2,870","2,870","0.50K","0.00%"
"07/09/2016","2,870","2,870","2,870","2,870","2.99K","-0.17%"
"06/09/2016","2,875","2,875","2,875","2,875","0.21K","4.17%"
"05/09/2016","2,760","2,900","2,900","2,750","8.94K","0.29%"
"02/09/2016","2,752","2,752","2,752","2,752","","0.00%"
"01/09/2016","2,752","2,750","2,752","2,750","44.79K","0.07%"
"31/08/2016","2,750","2,750","2,750","2,750","60.52K","-5.17%"
"30/08/2016","2,900","2,900","2,900","2,720","6.89K","5.45%"
"29/08/2016","2,750","2,750","2,750","2,750","0.90K","0.00%"
"26/08/2016","2,750","2,900","2,950","2,720","2.96K","1.85%"
"25/08/2016","2,700","2,700","2,700","2,700","","0.00%"
"24/08/2016","2,700","2,775","2,775","2,700","3.00K","0.00%"
"23/08/2016","2,700","2,750","2,750","2,700","51.46K","0.00%"
"22/08/2016","2,700","2,650","2,700","2,550","25.73K","1.89%"
"19/08/2016","2,650","2,650","2,650","2,650","","0.00%"
"18/08/2016","2,650","2,872","2,872","2,650","2.25K","-7.73%"
"17/08/2016","2,872","2,872","2,872","2,872","0.91K","0.00%"
"16/08/2016","2,872","2,872","2,872","2,872","","0.00%"
"15/08/2016","2,872","2,872","2,872","2,872","","0.00%"
"12/08/2016","2,872","2,872","2,872","2,800","1.21K","8.38%"
"11/08/2016","2,650","2,650","2,650","2,650","","0.00%"
"10/08/2016","2,650","2,600","2,650","2,600","43.99K","1.88%"
"08/08/2016","2,601","2,601","2,601","2,601","0.23K","0.00%"
"05/08/2016","2,601","2,650","2,650","2,601","29.96K","0.00%"
"04/08/2016","2,601","2,350","2,601","2,350","225.40K","9.75%"
"02/08/2016","2,370","2,370","2,370","2,370","","0.00%"
"01/08/2016","2,370","2,370","2,370","2,370","0.60K","0.00%"
"29/07/2016","2,370","2,370","2,370","2,370","0.51K","0.00%"
"28/07/2016","2,370","2,370","2,370","2,370","2.50K","0.00%"
"27/07/2016","2,370","2,370","2,370","2,370","24.97K","-0.42%"
"26/07/2016","2,380","2,380","2,380","2,380","","0.00%"
"25/07/2016","2,380","2,380","2,380","2,380","0.20K","0.00%"
"22/07/2016","2,380","2,380","2,380","2,380","1.00K","0.00%"
"21/07/2016","2,380","2,380","2,380","2,380","2.00K","2.41%"
"20/07/2016","2,324","2,324","2,324","2,324","1.40K","-2.35%"
"19/07/2016","2,380","2,380","2,380","2,380","","0.00%"
"18/07/2016","2,380","2,380","2,380","2,380","","0.00%"
"15/07/2016","2,380","2,380","2,380","2,380","","0.00%"
"14/07/2016","2,380","2,380","2,380","2,380","0.03K","3.25%"
"13/07/2016","2,305","2,305","2,305","2,305","0.10K","0.00%"
"12/07/2016","2,305","2,305","2,305","2,305","3.00K","-0.04%"
"11/07/2016","2,306","2,300","2,306","2,300","5.35K","-3.11%"
"08/07/2016","2,380","2,380","2,380","2,380","9.35K","0.00%"
"07/07/2016","2,380","2,380","2,380","2,380","","0.00%"
"06/07/2016","2,380","2,380","2,380","2,380","0.10K","0.00%"
"05/07/2016","2,380","2,380","2,380","2,380","","0.00%"
"04/07/2016","2,380","2,380","2,380","2,380","","0.00%"
"01/07/2016","2,380","2,380","2,380","2,380","9.67K","0.85%"
"30/06/2016","2,360","2,360","2,360","2,360","0.10K","0.21%"
"29/06/2016","2,355","2,355","2,355","2,355","","0.00%"
"28/06/2016","2,355","2,350","2,355","2,350","6.33K","-1.05%"
"27/06/2016","2,380","2,380","2,380","2,380","0.34K","1.28%"
"24/06/2016","2,350","2,355","2,380","2,350","4.59K","-1.26%"
"23/06/2016","2,380","2,355","2,380","2,355","2.72K","0.00%"
"22/06/2016","2,380","2,380","2,380","2,380","0.20K","0.00%"
"21/06/2016","2,380","2,380","2,380","2,380","1.99K","2.15%"
"20/06/2016","2,330","2,330","2,330","2,330","0.35K","-2.10%"
"17/06/2016","2,380","2,380","2,380","2,380","0.09K","-0.83%"
"15/06/2016","2,400","2,400","2,400","2,400","","0.00%"
"14/06/2016","2,400","2,400","2,400","2,400","","0.00%"
"13/06/2016","2,400","2,400","2,400","2,400","","0.00%"
"10/06/2016","2,400","2,384","2,400","2,384","4.15K","4.80%"
"09/06/2016","2,290","2,290","2,290","2,290","","0.00%"
"08/06/2016","2,290","2,290","2,290","2,290","0.00K","0.44%"
"07/06/2016","2,280","2,280","2,280","2,280","","0.00%"
"06/06/2016","2,280","2,280","2,280","2,280","0.01K","-0.44%"
"03/06/2016","2,290","2,290","2,290","2,290","","0.00%"
"02/06/2016","2,290","2,290","2,290","2,290","","0.00%"
"01/06/2016","2,290","2,290","2,290","2,290","","0.00%"
"31/05/2016","2,290","2,290","2,290","2,290","","0.00%"
"30/05/2016","2,290","2,290","2,290","2,290","2.50K","0.00%"
"27/05/2016","2,290","2,290","2,300","2,250","9.87K","-0.43%"
"26/05/2016","2,300","2,300","2,300","2,300","","0.00%"
"25/05/2016","2,300","2,300","2,300","2,300","","0.00%"
"24/05/2016","2,300","2,300","2,300","2,300","1.03K","-3.52%"
"23/05/2016","2,384","2,384","2,384","2,384","","0.00%"
"20/05/2016","2,384","2,385","2,385","2,310","1.84K","3.20%"
"19/05/2016","2,310","2,380","2,380","2,310","6.33K","-3.75%"
"18/05/2016","2,400","2,400","2,400","2,400","","0.00%"
"17/05/2016","2,400","2,400","2,400","2,400","","0.00%"
"16/05/2016","2,400","2,400","2,400","2,400","0.42K","2.13%"
"13/05/2016","2,350","2,400","2,400","2,350","3.28K","-2.08%"
"12/05/2016","2,400","2,400","2,400","2,400","","0.00%"
"11/05/2016","2,400","2,400","2,400","2,400","0.20K","0.00%"
"10/05/2016","2,400","2,400","2,400","2,400","0.30K","0.00%"
"09/05/2016","2,400","2,390","2,400","2,390","1.65K","0.00%"
"06/05/2016","2,400","2,400","2,400","2,400","","0.00%"
"05/05/2016","2,400","2,400","2,400","2,400","","0.00%"
"04/05/2016","2,400","2,400","2,400","2,400","","0.00%"
"03/05/2016","2,400","2,400","2,400","2,400","0.01K","0.00%"
"29/04/2016","2,400","2,400","2,400","2,350","9.11K","0.00%"
"28/04/2016","2,400","2,400","2,400","2,400","0.34K","2.13%"
"26/04/2016","2,350","2,350","2,350","2,350","5.00K","0.00%"
"25/04/2016","2,350","2,350","2,350","2,350","","0.00%"
"22/04/2016","2,350","2,350","2,350","2,350","1.82K","0.00%"
"21/04/2016","2,350","2,390","2,390","2,350","2.00K","-2.08%"
"20/04/2016","2,400","2,400","2,400","2,400","","0.00%"
"19/04/2016","2,400","2,400","2,400","2,400","0.70K","0.00%"
"18/04/2016","2,400","2,400","2,400","2,400","3.10K","0.00%"
"15/04/2016","2,400","2,400","2,400","2,400","","0.00%"
"14/04/2016","2,400","2,400","2,400","2,400","2.43K","2.13%"
"13/04/2016","2,350","2,350","2,350","2,350","22.70K","0.00%"
"12/04/2016","2,350","2,350","2,350","2,350","1.50K","0.00%"
"11/04/2016","2,350","2,350","2,350","2,350","","0.00%"
"08/04/2016","2,350","2,375","2,375","2,350","2.96K","0.00%"
"07/04/2016","2,350","2,350","2,350","2,350","","0.00%"
"06/04/2016","2,350","2,350","2,350","2,350","0.03K","-2.08%"
"05/04/2016","2,400","2,400","2,400","2,400","","0.00%"
"04/04/2016","2,400","2,400","2,400","2,400","","0.00%"
"01/04/2016","2,400","2,400","2,400","2,400","0.30K","0.00%"
"31/03/2016","2,400","2,400","2,400","2,400","0.10K","0.00%"
"30/03/2016","2,400","2,400","2,400","2,400","","0.00%"
"29/03/2016","2,400","2,400","2,400","2,400","0.10K","0.00%"
"24/03/2016","2,400","2,351","2,400","2,350","1.12K","0.00%"
"23/03/2016","2,400","2,401","2,401","2,400","43.87K","0.00%"
"22/03/2016","2,400","2,400","2,400","2,400","8.51K","0.00%"
"18/03/2016","2,400","2,400","2,400","2,400","0.10K","-4.19%"
"17/03/2016","2,505","2,505","2,505","2,505","","0.00%"
"16/03/2016","2,505","2,505","2,505","2,505","","0.00%"
"15/03/2016","2,505","2,505","2,505","2,505","","0.00%"
"14/03/2016","2,505","2,505","2,505","2,505","","0.00%"
"11/03/2016","2,505","2,505","2,505","2,505","","0.00%"
"10/03/2016","2,505","2,505","2,505","2,505","","0.00%"
"09/03/2016","2,505","2,505","2,505","2,505","4.50K","0.00%"
"08/03/2016","2,505","2,502","2,505","2,502","13.68K","0.20%"
"07/03/2016","2,500","2,500","2,500","2,500","0.90K","2.04%"
"04/03/2016","2,450","2,350","2,450","2,350","7.42K","0.00%"
"03/03/2016","2,450","2,450","2,450","2,450","","0.00%"
"02/03/2016","2,450","2,500","2,500","2,450","3.04K","-0.61%"
"01/03/2016","2,465","2,350","2,465","2,350","12.52K","4.89%"
"29/02/2016","2,350","2,400","2,499","2,350","33.20K","-6.00%"
"26/02/2016","2,500","2,450","2,500","2,450","0.44K","0.00%"
"25/02/2016","2,500","2,500","2,500","2,500","1.92K","0.00%"
"24/02/2016","2,500","2,500","2,500","2,500","0.22K","-9.91%"
"23/02/2016","2,775","2,775","2,775","2,775","","0.00%"
"22/02/2016","2,775","2,775","2,775","2,775","","0.00%"
"19/02/2016","2,775","2,460","2,775","2,460","3.61K","13.27%"
"18/02/2016","2,450","2,460","2,500","2,350","11.28K","2.08%"
"17/02/2016","2,400","2,400","2,400","2,400","10.00K","4.35%"
"16/02/2016","2,300","2,300","2,300","2,300","","0.00%"
"15/02/2016","2,300","2,300","2,300","2,300","7.01K","0.00%"
"12/02/2016","2,300","2,300","2,300","2,300","10.00K","3.60%"
"11/02/2016","2,220","2,220","2,220","2,220","","0.00%"
"10/02/2016","2,220","2,220","2,220","2,220","0.50K","0.00%"
"09/02/2016","2,220","2,220","2,220","2,220","0.45K","0.00%"
"08/02/2016","2,220","2,220","2,220","2,220","0.40K","-3.48%"
"05/02/2016","2,300","2,300","2,300","2,300","","0.00%"
"04/02/2016","2,300","2,300","2,300","2,300","0.20K","3.60%"
"03/02/2016","2,220","2,220","2,230","2,220","5.00K","-3.48%"
"02/02/2016","2,300","2,300","2,300","2,300","","0.00%"
"01/02/2016","2,300","2,300","2,300","2,300","","0.00%"
"29/01/2016","2,300","2,220","2,300","2,220","2.00K","0.00%"
"28/01/2016","2,300","2,222","2,300","2,220","17.60K","0.00%"
"27/01/2016","2,300","2,300","2,300","2,210","13.31K","3.79%"
"26/01/2016","2,216","1,930","2,250","1,930","31.71K","13.64%"
"25/01/2016","1,950","1,950","1,950","1,950","4.00K","-2.50%"
"22/01/2016","2,000","2,005","2,005","2,000","2.85K","0.00%"
"21/01/2016","2,000","2,000","2,000","2,000","1.00K","-13.04%"
"20/01/2016","2,300","2,300","2,300","2,300","","0.00%"
"19/01/2016","2,300","2,300","2,300","2,300","","0.00%"
"18/01/2016","2,300","2,300","2,300","2,300","","0.00%"
"15/01/2016","2,300","2,300","2,300","2,300","","0.00%"
"14/01/2016","2,300","1,950","2,300","1,950","9.55K","9.52%"
"13/01/2016","2,100","2,100","2,100","1,950","3.60K","5.00%"
"12/01/2016","2,000","2,000","2,000","2,000","14.55K","0.00%"
"11/01/2016","2,000","1,936","2,100","1,930","15.54K","-1.82%"
"08/01/2016","2,037","2,037","2,037","2,037","0.83K","5.49%"
"07/01/2016","1,931","1,931","1,931","1,931","0.50K","-0.26%"
"06/01/2016","1,936","1,936","1,936","1,936","","0.00%"
"05/01/2016","1,936","1,936","1,936","1,936","","0.00%"
"04/01/2016","1,936","1,936","1,936","1,936","0.13K","0.31%"