"Date","Price","Open","High","Low","Vol.","Change %"
"03/26/2026","24,197","24,300","24,305","23,864","2.08M","-0.89%"
"03/25/2026","24,414","23,640","24,450","23,640","3.17M","3.65%"
"03/24/2026","23,554","24,129","24,129","23,060","2.03M","0.43%"
"03/23/2026","23,452","23,000","23,964","22,630","2.08M","-0.24%"
"03/20/2026","23,509","23,445","24,209","23,434","5.79M","0.49%"
"03/19/2026","23,395","23,200","23,395","22,514","9.69M","1.15%"
"03/18/2026","23,129","23,500","24,280","23,050","5.09M","-1.44%"
"03/17/2026","23,467","23,140","23,467","22,816","3.35M","1.76%"
"03/16/2026","23,061","23,240","23,497","22,939","5.44M","0.00%"
"03/13/2026","23,061","23,150","23,429","22,540","2.50M","-0.59%"
"03/12/2026","23,198","23,865","23,937","23,026","3.33M","-2.75%"
"03/11/2026","23,853","24,100","24,239","23,150","3.49M","-0.58%"
"03/10/2026","23,992","24,700","25,653","23,828","5.11M","-1.27%"
"03/09/2026","24,300","23,196","24,300","22,500","5.11M","3.54%"
"03/06/2026","23,470","25,022","25,022","23,340","4.93M","-5.68%"
"03/05/2026","24,883","25,210","26,242","24,730","3.48M","-1.02%"
"03/04/2026","25,139","25,046","25,327","24,609","4.57M","0.77%"
"03/03/2026","24,947","26,336","26,969","24,947","3.98M","-5.56%"
"03/02/2026","26,417","26,826","26,826","26,138","2.58M","-2.63%"
"02/27/2026","27,130","27,514","27,514","26,982","3.68M","-0.27%"
"02/26/2026","27,203","26,851","27,812","26,851","2.11M","0.91%"
"02/25/2026","26,959","26,770","27,220","26,769","1.91M","-0.74%"
"02/24/2026","27,159","26,626","27,200","26,607","1.78M","0.92%"
"02/23/2026","26,911","26,998","27,210","26,684","1.89M","0.25%"
"02/20/2026","26,843","26,601","27,041","26,601","1.84M","-0.56%"
"02/19/2026","26,995","27,099","27,265","26,710","2.83M","-0.14%"
"02/18/2026","27,034","26,308","27,220","26,308","3.40M","2.76%"
"02/17/2026","26,308","26,200","26,680","26,200","1.89M","-0.92%"
"02/16/2026","26,553","26,121","26,699","26,116","1.77M","1.44%"
"02/13/2026","26,175","26,129","26,620","26,100","2.30M","-1.44%"
"02/12/2026","26,557","26,100","26,724","26,018","2.65M","1.75%"
"02/11/2026","26,100","26,110","26,268","25,669","2.11M","0.50%"
"02/10/2026","25,969","25,710","25,991","25,366","1.84M","1.23%"
"02/09/2026","25,654","25,946","26,017","25,501","1.36M","0.02%"
"02/06/2026","25,650","25,375","25,650","25,300","1.60M","0.49%"
"02/05/2026","25,526","25,252","25,686","25,252","1.83M","-0.20%"
"02/04/2026","25,577","25,665","26,088","25,489","2.83M","-1.85%"
"02/03/2026","26,060","26,355","26,626","25,917","3.59M","-0.13%"
"02/02/2026","26,095","25,000","26,108","24,758","2.93M","2.45%"
"01/30/2026","25,471","25,200","25,833","25,002","3.35M","0.31%"
"01/29/2026","25,393","25,000","25,749","25,000","2.20M","0.56%"
"01/28/2026","25,251","25,225","25,499","25,097","2.06M","-0.99%"
"01/27/2026","25,504","24,600","25,701","24,600","2.33M","1.45%"
"01/26/2026","25,140","24,579","25,226","24,501","2.47M","0.72%"
"01/23/2026","24,960","25,275","25,457","24,873","2.55M","-1.25%"
"01/22/2026","25,275","24,599","25,323","24,373","3.39M","3.05%"
"01/21/2026","24,526","24,700","24,844","24,226","3.31M","-0.84%"
"01/20/2026","24,733","24,555","24,733","24,315","1.87M","1.07%"
"01/19/2026","24,471","24,486","24,613","24,341","1.65M","-0.12%"
"01/16/2026","24,500","24,350","24,746","24,030","3.00M","0.84%"
"01/15/2026","24,297","24,132","24,525","24,049","3.49M","1.48%"
"01/14/2026","23,942","23,736","24,077","23,502","2.36M","0.52%"
"01/13/2026","23,817","23,901","24,158","23,424","2.32M","-1.59%"
"01/12/2026","24,203","24,400","24,415","24,011","1.77M","-1.08%"
"01/09/2026","24,467","24,455","24,618","24,287","1.46M","-0.48%"
"01/08/2026","24,584","24,290","24,634","24,071","1.47M","1.21%"
"01/07/2026","24,290","24,324","24,600","24,023","2.47M","-0.21%"
"01/06/2026","24,341","23,800","24,493","23,800","2.16M","1.80%"
"01/05/2026","23,911","24,196","24,196","23,737","1.13M","-0.52%"
"01/02/2026","24,035","23,936","24,154","23,599","956.29K","0.41%"
"12/31/2025","23,936","23,760","23,936","23,590","648.73K","0.74%"
"12/30/2025","23,760","23,670","23,862","23,590","1.04M","0.04%"
"12/29/2025","23,751","23,889","23,955","23,581","774.11K","0.27%"
"12/24/2025","23,688","23,600","23,892","23,590","284.79K","0.11%"
"12/23/2025","23,662","23,321","23,699","23,321","791.55K","0.55%"
"12/22/2025","23,533","23,555","23,727","23,234","1.47M","-0.97%"
"12/19/2025","23,764","23,774","23,934","23,109","5.06M","-0.28%"
"12/18/2025","23,830","23,604","23,948","23,572","7.87M","1.01%"
"12/17/2025","23,591","23,055","23,865","22,884","3.99M","1.69%"
"12/15/2025","23,200","22,688","23,430","22,688","2.42M","1.77%"
"12/12/2025","22,796","22,739","23,211","22,573","2.31M","0.78%"
"12/11/2025","22,619","22,578","22,878","22,450","2.76M","-0.08%"
"12/10/2025","22,637","22,726","22,763","22,451","2.40M","0.34%"
"12/09/2025","22,560","22,499","22,821","22,184","3.89M","1.58%"
"12/08/2025","22,210","22,313","22,690","22,171","4.32M","2.54%"
"12/05/2025","21,659","21,600","21,772","21,341","2.08M","0.27%"
"12/04/2025","21,600","21,621","22,066","21,457","3.07M","-0.47%"
"12/03/2025","21,703","21,374","21,840","21,100","3.55M","2.57%"
"12/02/2025","21,160","20,900","21,472","20,900","2.37M","0.25%"
"12/01/2025","21,108","20,650","21,151","20,560","2.67M","1.34%"
"11/28/2025","20,828","20,967","21,015","20,743","5.00M","0.23%"
"11/27/2025","20,780","21,219","21,219","20,780","2.16M","-0.97%"
"11/26/2025","20,984","20,743","21,176","20,743","1.69M","1.16%"
"11/25/2025","20,743","20,635","20,799","20,324","2.28M","0.65%"
"11/24/2025","20,609","21,277","21,277","20,511","3.61M","-1.16%"
"11/21/2025","20,850","20,777","21,092","20,635","2.66M","-1.24%"
"11/20/2025","21,111","20,846","21,295","20,846","2.62M","1.27%"
"11/19/2025","20,846","20,911","20,911","20,625","1.88M","0.77%"
"11/18/2025","20,687","20,830","20,919","20,479","3.90M","-1.29%"
"11/17/2025","20,957","20,807","21,258","20,720","3.96M","1.16%"
"11/14/2025","20,716","20,783","20,961","20,577","3.76M","-0.85%"
"11/13/2025","20,894","20,600","21,312","20,512","3.40M","2.14%"
"11/12/2025","20,457","19,905","20,556","19,905","2.45M","2.29%"
"11/11/2025","20,000","19,925","20,300","19,925","2.23M","0.01%"
"11/10/2025","19,998","19,700","20,137","19,671","2.49M","1.65%"
"11/07/2025","19,673","19,558","19,776","19,427","1.71M","-0.42%"
"11/06/2025","19,756","19,750","19,958","19,432","2.29M","0.49%"
"11/05/2025","19,659","19,459","19,699","19,097","2.87M","1.28%"
"11/04/2025","19,410","19,480","19,621","19,210","2.38M","-0.78%"
"11/03/2025","19,562","19,300","19,606","19,299","1.58M","0.92%"
"10/31/2025","19,384","19,250","19,605","19,205","2.05M","-0.03%"
"10/30/2025","19,389","19,580","19,761","19,242","1.34M","-0.96%"
"10/29/2025","19,576","19,575","19,867","19,500","1.15M","0.03%"
"10/28/2025","19,571","19,125","19,879","19,125","3.51M","1.63%"
"10/27/2025","19,258","19,405","19,542","19,011","3.17M","-0.68%"
"10/24/2025","19,390","19,405","19,600","19,174","2.07M","-0.17%"
"10/23/2025","19,423","19,200","19,423","18,964","1.79M","0.85%"
"10/22/2025","19,260","19,140","19,350","19,085","2.13M","1.01%"
"10/21/2025","19,067","19,390","19,466","18,966","2.99M","-0.85%"
"10/20/2025","19,231","19,400","19,521","19,170","1.74M","0.30%"
"10/17/2025","19,174","19,172","19,297","18,875","1.72M","-0.28%"
"10/16/2025","19,227","19,130","19,480","19,066","1.25M","0.51%"
"10/15/2025","19,130","19,650","19,650","19,130","2.54M","-1.08%"
"10/14/2025","19,338","19,400","19,526","19,263","1.44M","-0.55%"
"10/13/2025","19,444","19,420","19,472","19,182","891.61K","-0.08%"
"10/10/2025","19,460","18,950","19,665","18,950","2.53M","0.95%"
"10/09/2025","19,277","19,216","19,310","18,950","1.76M","0.42%"
"10/08/2025","19,197","18,955","19,307","18,773","1.85M","1.06%"
"10/07/2025","18,995","19,000","19,189","18,911","2.00M","-0.42%"
"10/06/2025","19,075","19,000","19,233","18,803","2.50M","1.01%"
"10/03/2025","18,885","18,590","18,955","18,530","2.27M","1.77%"
"10/02/2025","18,556","18,400","18,644","18,385","2.87M","1.39%"
"10/01/2025","18,301","18,199","18,380","17,979","2.72M","1.06%"
"09/30/2025","18,109","18,045","18,215","17,850","3.15M","0.53%"
"09/29/2025","18,014","18,320","18,320","17,880","2.37M","-0.48%"
"09/26/2025","18,100","18,000","18,270","17,834","1.67M","0.39%"
"09/25/2025","18,029","18,323","18,341","17,944","3.29M","-1.84%"
"09/23/2025","18,367","18,218","18,450","17,979","1.73M","1.47%"
"09/22/2025","18,101","18,446","18,454","17,905","2.41M","-1.58%"
"09/19/2025","18,392","18,599","18,635","18,289","3.05M","-0.97%"
"09/18/2025","18,572","18,312","18,635","18,309","5.33M","0.54%"
"09/17/2025","18,472","18,305","18,472","18,287","2.21M","0.17%"
"09/16/2025","18,441","18,500","18,500","18,208","1.92M","0.47%"
"09/15/2025","18,355","18,400","18,568","18,267","1.34M","-0.61%"
"09/12/2025","18,468","18,205","18,628","18,113","2.61M","0.86%"
"09/11/2025","18,310","18,280","18,400","17,864","2.37M","1.46%"
"09/10/2025","18,046","18,265","18,353","17,800","2.22M","-4.45%"
"09/09/2025","18,886","18,975","19,056","18,828","2.62M","-0.15%"
"09/08/2025","18,915","18,800","18,936","18,608","2.38M","1.72%"
"09/05/2025","18,595","18,700","18,771","18,511","1.72M","0.77%"
"09/04/2025","18,452","18,401","18,660","18,311","2.58M","-0.26%"
"09/03/2025","18,500","18,827","18,908","18,418","2.24M","-1.44%"
"09/02/2025","18,771","18,990","18,990","18,624","2.24M","-0.47%"
"09/01/2025","18,859","19,199","19,199","18,785","1.44M","-0.11%"
"08/29/2025","18,880","19,004","19,200","18,863","1.75M","-1.51%"
"08/28/2025","19,169","18,999","19,183","18,782","2.72M","2.19%"
"08/27/2025","18,758","18,907","18,943","18,688","1.97M","-0.62%"
"08/26/2025","18,875","19,000","19,047","18,827","3.86M","-1.87%"
"08/25/2025","19,235","19,451","19,451","19,235","2.61M","-0.42%"
"08/22/2025","19,316","18,800","19,317","18,676","3.75M","3.18%"
"08/21/2025","18,721","18,735","18,850","18,600","1.73M","-0.13%"
"08/20/2025","18,745","18,721","18,942","18,720","1.53M","-0.45%"
"08/19/2025","18,830","18,830","19,041","18,619","1.93M","-0.45%"
"08/18/2025","18,915","19,570","19,570","18,714","2.99M","-0.82%"
"08/15/2025","19,072","19,069","19,251","18,947","2.16M","0.02%"
"08/14/2025","19,068","18,750","19,225","18,695","3.52M","1.10%"
"08/13/2025","18,860","18,390","18,864","18,317","3.21M","2.57%"
"08/12/2025","18,387","18,088","18,387","18,088","2.08M","1.74%"
"08/11/2025","18,073","17,899","18,172","17,794","2.60M","1.79%"
"08/08/2025","17,756","17,684","17,903","17,658","3.09M","-0.01%"
"08/07/2025","17,757","17,927","17,927","17,576","1.83M","-0.24%"
"08/06/2025","17,799","17,782","17,912","17,704","1.35M","0.16%"
"08/05/2025","17,770","17,938","18,090","17,690","2.19M","-0.96%"
"08/04/2025","17,943","18,101","18,101","17,771","2.44M","0.41%"
"08/01/2025","17,870","17,945","18,088","17,608","2.32M","-0.97%"
"07/31/2025","18,045","17,750","18,073","17,601","2.32M","0.91%"
"07/30/2025","17,882","17,820","17,957","17,630","1.82M","0.55%"
"07/29/2025","17,784","17,639","17,874","17,595","1.91M","0.82%"
"07/28/2025","17,639","17,730","17,730","17,351","1.71M","0.90%"
"07/25/2025","17,481","17,769","17,769","17,403","1.56M","-0.96%"
"07/24/2025","17,650","17,650","17,753","17,574","1.53M","0.63%"
"07/23/2025","17,539","17,431","17,626","17,338","2.18M","0.63%"
"07/22/2025","17,430","17,824","17,824","17,360","1.79M","-1.25%"
"07/21/2025","17,650","17,600","17,899","17,546","1.60M","-0.71%"
"07/18/2025","17,776","17,401","17,836","17,401","3.28M","1.31%"
"07/17/2025","17,546","17,599","17,639","17,421","2.85M","0.14%"
"07/16/2025","17,521","17,492","17,544","17,282","3.61M","0.12%"
"07/15/2025","17,500","17,449","17,622","17,413","1.99M","0.75%"
"07/14/2025","17,369","17,598","17,598","17,201","2.32M","-0.41%"
"07/11/2025","17,440","17,630","17,701","17,311","3.10M","-1.77%"
"07/10/2025","17,754","17,949","17,949","17,646","2.05M","-0.05%"
"07/09/2025","17,762","17,750","17,926","17,602","1.95M","0.07%"
"07/08/2025","17,750","17,800","17,912","17,511","2.11M","-0.11%"
"07/07/2025","17,770","17,800","17,971","17,695","1.47M","-1.06%"
"07/04/2025","17,960","18,050","18,050","17,807","1.34M","-0.50%"
"07/03/2025","18,050","17,780","18,060","17,693","2.95M","2.56%"
"07/02/2025","17,600","17,886","17,900","17,473","2.29M","-0.95%"
"07/01/2025","17,769","17,780","17,858","17,523","2.17M","0.96%"
"06/30/2025","17,600","17,740","17,786","17,500","2.13M","-0.56%"
"06/27/2025","17,700","17,200","17,700","17,180","3.93M","3.65%"
"06/26/2025","17,076","17,499","17,499","16,947","2.46M","-1.18%"
"06/25/2025","17,280","17,685","17,716","17,196","2.62M","-2.17%"
"06/24/2025","17,664","17,350","17,840","17,345","1.50M","3.45%"
"06/23/2025","17,075","17,280","17,436","16,953","1.90M","-1.21%"
"06/20/2025","17,284","17,440","17,574","17,180","5.19M","-0.32%"
"06/19/2025","17,339","17,100","17,371","17,080","4.37M","0.31%"
"06/18/2025","17,286","17,500","17,500","17,079","1.43M","-0.50%"
"06/17/2025","17,373","17,365","17,599","17,242","2.20M","0.84%"
"06/13/2025","17,228","17,690","17,690","17,158","3.06M","-2.85%"
"06/12/2025","17,734","17,740","17,761","17,375","1.57M","0.68%"
"06/11/2025","17,615","17,930","17,983","17,459","1.95M","-1.72%"
"06/10/2025","17,924","17,869","18,157","17,800","3.22M","0.41%"
"06/09/2025","17,850","17,850","18,044","17,758","2.70M","0.11%"
"06/06/2025","17,830","17,266","17,900","17,266","2.40M","2.32%"
"06/05/2025","17,425","17,499","17,583","17,256","2.38M","-0.13%"
"06/04/2025","17,447","17,370","17,500","17,165","1.80M","1.05%"
"06/03/2025","17,266","17,299","17,447","17,103","1.37M","0.34%"
"06/02/2025","17,207","17,330","17,448","16,951","1.36M","-0.72%"
"05/30/2025","17,332","17,500","17,865","17,332","5.96M","-1.41%"
"05/29/2025","17,579","17,400","17,700","17,369","3.04M","1.61%"
"05/28/2025","17,300","16,752","17,400","16,752","3.03M","2.68%"
"05/27/2025","16,848","16,705","17,006","16,698","1.80M","0.02%"
"05/26/2025","16,845","16,800","16,919","16,684","1.35M","0.72%"
"05/23/2025","16,724","16,696","16,846","16,444","1.61M","0.26%"
"05/22/2025","16,681","16,620","16,877","16,510","1.83M","-0.81%"
"05/21/2025","16,817","16,786","16,909","16,577","2.38M","0.54%"
"05/20/2025","16,726","16,780","16,867","16,606","2.22M","-0.07%"
"05/19/2025","16,737","17,000","17,100","16,525","2.83M","-2.09%"
"05/16/2025","17,095","17,299","17,299","16,924","1.25M","0.55%"
"05/15/2025","17,001","16,849","17,156","16,673","3.66M","1.18%"
"05/14/2025","16,803","16,700","17,232","16,639","3.68M","-1.34%"
"05/13/2025","17,032","16,800","17,042","16,730","2.57M","0.52%"
"05/12/2025","16,944","16,710","17,066","16,683","2.98M","2.08%"
"05/09/2025","16,598","16,600","16,745","16,504","3.84M","0.01%"
"05/08/2025","16,596","16,810","17,061","16,555","2.32M","-1.27%"
"05/07/2025","16,810","17,000","17,231","16,802","2.26M","-1.42%"
"05/06/2025","17,052","16,940","17,128","16,700","1.72M","-0.40%"
"05/05/2025","17,121","17,015","17,249","17,004","2.34M","-0.17%"
"05/02/2025","17,150","17,349","17,533","16,961","1.84M","0.44%"
"04/30/2025","17,075","17,250","17,375","17,000","2.35M","-0.40%"
"04/29/2025","17,143","16,760","17,186","16,760","3.45M","1.92%"
"04/25/2025","16,820","17,000","17,035","16,700","1.81M","0.07%"
"04/24/2025","16,809","16,784","16,974","16,600","2.27M","0.99%"
"04/23/2025","16,645","16,700","17,160","16,645","3.16M","-3.54%"
"04/22/2025","17,256","17,260","17,399","17,001","2.28M","0.91%"
"04/17/2025","17,100","17,205","17,403","17,099","2.93M","-0.58%"
"04/16/2025","17,200","17,100","17,311","16,851","2.08M","-0.03%"
"04/15/2025","17,205","16,950","17,323","16,838","2.76M","1.02%"
"04/14/2025","17,031","16,422","17,031","16,317","3.74M","6.38%"
"04/11/2025","16,010","16,251","16,399","15,933","2.61M","-2.02%"
"04/10/2025","16,340","16,525","17,050","16,290","3.76M","4.30%"
"04/09/2025","15,666","16,049","16,204","15,606","5.03M","-5.99%"
"04/08/2025","16,665","16,550","16,817","15,900","4.63M","3.37%"
"04/07/2025","16,122","15,400","16,535","14,684","6.88M","2.01%"
"04/04/2025","15,805","16,370","16,370","15,631","5.77M","-3.92%"
"04/03/2025","16,450","17,000","17,005","16,223","9.52M","-5.28%"
"04/02/2025","17,367","17,960","18,021","17,302","3.41M","-2.83%"
"04/01/2025","17,872","17,800","18,013","17,763","3.08M","0.98%"
"03/31/2025","17,699","18,080","18,080","17,628","3.29M","-1.01%"
"03/28/2025","17,880","18,230","18,466","17,862","3.22M","-3.24%"
"03/27/2025","18,478","18,471","18,688","18,000","2.03M","-0.57%"
"03/26/2025","18,584","18,500","18,605","18,334","2.81M","0.52%"
"03/25/2025","18,488","18,590","18,732","18,200","2.67M","1.03%"
"03/24/2025","18,300","18,429","18,703","18,284","2.65M","-0.78%"
"03/20/2025","18,444","18,680","18,754","18,292","9.19M","-0.23%"
"03/19/2025","18,486","18,389","18,656","18,283","2.85M","0.60%"
"03/18/2025","18,376","18,685","18,900","18,225","2.91M","-1.98%"
"03/17/2025","18,748","18,900","19,081","18,620","3.75M","1.72%"
"03/14/2025","18,431","18,200","18,616","18,022","3.88M","1.48%"
"03/13/2025","18,162","18,350","18,763","18,162","5.05M","-1.29%"
"03/12/2025","18,400","18,500","18,949","18,400","3.08M","-1.05%"
"03/11/2025","18,595","19,202","19,489","18,500","6.00M","-1.27%"
"03/10/2025","18,835","19,209","19,300","18,725","2.50M","-2.24%"
"03/07/2025","19,266","19,140","19,459","19,140","1.56M","0.49%"
"03/06/2025","19,173","19,500","19,633","19,106","2.20M","-1.17%"
"03/05/2025","19,400","18,901","19,441","18,901","3.48M","2.54%"
"03/04/2025","18,919","18,950","19,250","18,744","2.42M","-0.65%"
"03/03/2025","19,042","18,725","19,107","18,725","2.04M","1.32%"
"02/28/2025","18,793","18,916","19,070","18,777","3.93M","-1.07%"
"02/27/2025","18,997","19,090","19,349","18,980","1.21M","-1.26%"
"02/26/2025","19,240","18,995","19,292","18,951","2.31M","1.70%"
"02/25/2025","18,919","18,772","18,970","18,457","1.69M","1.07%"
"02/24/2025","18,719","18,701","19,017","18,637","1.96M","-1.10%"
"02/21/2025","18,927","18,785","19,017","18,722","1.80M","1.42%"
"02/20/2025","18,662","18,795","18,891","18,358","1.98M","-0.71%"
"02/19/2025","18,795","19,044","19,320","18,712","3.39M","-1.15%"
"02/18/2025","19,013","18,600","19,013","18,503","1.48M","0.82%"
"02/17/2025","18,859","18,988","19,079","18,698","1.03M","-0.55%"
"02/14/2025","18,964","18,850","19,111","18,489","1.63M","0.84%"
"02/13/2025","18,806","19,191","19,191","18,699","2.49M","-0.42%"
"02/12/2025","18,885","19,159","19,178","18,750","1.84M","-0.19%"
"02/11/2025","18,921","19,250","19,250","18,921","1.63M","-1.03%"
"02/10/2025","19,118","18,876","19,218","18,726","2.28M","1.28%"
"02/07/2025","18,876","18,949","18,949","18,742","1.39M","0.76%"
"02/06/2025","18,733","18,849","18,849","18,473","2.68M","1.16%"
"02/05/2025","18,519","18,671","18,781","18,401","3.99M","-0.78%"
"02/04/2025","18,665","18,543","18,744","18,378","1.89M","1.30%"
"02/03/2025","18,425","18,200","18,484","18,038","2.07M","-0.76%"
"01/31/2025","18,566","19,010","19,054","18,468","1.87M","-2.79%"
"01/30/2025","19,099","19,070","19,157","18,900","2.04M","0.64%"
"01/29/2025","18,978","18,656","19,073","18,656","2.23M","0.83%"
"01/28/2025","18,821","18,100","18,955","18,100","3.59M","1.85%"
"01/27/2025","18,479","18,450","18,547","18,030","2.26M","0.16%"
"01/24/2025","18,450","18,630","18,666","18,400","1.79M","-0.27%"
"01/23/2025","18,500","18,767","19,253","18,480","2.69M","-1.67%"
"01/22/2025","18,815","19,208","19,208","18,769","2.12M","-1.66%"
"01/21/2025","19,132","19,450","19,450","18,968","806.09K","-0.02%"
"01/20/2025","19,135","19,200","19,272","18,970","1.29M","-0.28%"
"01/17/2025","19,189","18,887","19,284","18,879","1.80M","1.60%"
"01/16/2025","18,887","19,200","19,279","18,828","1.74M","-1.56%"
"01/15/2025","19,187","18,956","19,187","18,749","2.31M","1.25%"
"01/14/2025","18,950","19,104","19,250","18,912","1.53M","0.06%"
"01/13/2025","18,938","19,488","19,488","18,702","2.19M","-2.83%"
"01/10/2025","19,489","19,622","19,781","19,204","1.84M","-0.74%"
"01/09/2025","19,635","19,697","19,697","19,463","1.71M","0.18%"
"01/08/2025","19,600","19,795","19,898","19,435","3.20M","0.22%"
"01/07/2025","19,557","19,500","19,900","19,450","1.28M","-0.14%"
"01/06/2025","19,585","19,299","19,830","19,145","1.88M","2.47%"
"01/03/2025","19,113","19,199","19,199","18,702","798.76K","1.01%"
"01/02/2025","18,922","18,830","19,231","18,827","872.05K","-0.28%"
"12/31/2024","18,975","18,901","19,160","18,862","655.29K","-0.22%"
"12/30/2024","19,016","18,867","19,088","18,806","972.77K","-0.03%"
"12/27/2024","19,021","19,005","19,195","18,812","875.41K","-1.10%"
"12/24/2024","19,232","19,300","19,448","19,000","278.91K","0.68%"
"12/23/2024","19,103","19,369","19,492","18,870","1.17M","-1.37%"
"12/20/2024","19,369","19,325","19,401","18,920","4.91M","0.65%"
"12/19/2024","19,243","19,484","19,484","19,025","7.34M","-1.32%"
"12/18/2024","19,500","19,706","19,713","19,347","2.08M","-0.30%"
"12/17/2024","19,558","19,800","19,992","19,469","3.13M","-0.61%"
"12/13/2024","19,678","19,462","19,843","19,440","2.18M","0.26%"
"12/12/2024","19,627","19,933","20,070","19,564","1.85M","-1.00%"
"12/11/2024","19,826","19,756","20,004","19,740","1.99M","0.98%"
"12/10/2024","19,633","19,347","19,845","19,347","3.47M","0.08%"
"12/09/2024","19,617","19,375","19,690","19,100","3.26M","0.96%"
"12/06/2024","19,430","18,565","19,777","18,370","8.79M","6.76%"
"12/05/2024","18,200","17,997","18,430","17,804","4.57M","2.04%"
"12/04/2024","17,836","17,400","17,867","17,336","4.37M","3.63%"
"12/03/2024","17,211","17,301","17,493","17,180","3.62M","-0.92%"
"12/02/2024","17,371","17,152","17,414","17,152","1.76M","0.70%"
"11/29/2024","17,250","17,150","17,339","17,135","1.88M","-0.18%"
"11/28/2024","17,281","17,251","17,478","17,219","1.07M","-0.11%"
"11/27/2024","17,300","17,450","17,533","17,226","1.46M","-0.64%"
"11/26/2024","17,411","16,887","17,474","16,887","2.65M","2.20%"
"11/25/2024","17,036","17,020","17,344","17,020","4.03M","-0.95%"
"11/22/2024","17,200","17,210","17,303","17,050","2.04M","0.00%"
"11/21/2024","17,200","16,937","17,314","16,937","2.64M","1.55%"
"11/20/2024","16,937","16,665","16,983","16,620","2.04M","1.41%"
"11/19/2024","16,701","16,700","16,808","16,479","1.65M","0.35%"
"11/18/2024","16,642","16,710","16,824","16,568","942.76K","0.15%"
"11/15/2024","16,617","16,550","16,830","16,550","984.03K","-0.15%"
"11/14/2024","16,642","16,550","16,848","16,550","1.28M","-0.10%"
"11/13/2024","16,658","16,890","16,890","16,623","1.17M","-0.54%"
"11/12/2024","16,748","16,799","16,814","16,562","1.32M","-0.31%"
"11/11/2024","16,800","16,811","17,101","16,720","1.22M","-0.45%"
"11/08/2024","16,876","16,800","17,050","16,800","1.12M","-0.67%"
"11/07/2024","16,990","16,800","17,315","16,800","2.14M","-0.45%"
"11/06/2024","17,067","17,017","17,160","16,872","1.54M","-0.49%"
"11/05/2024","17,151","16,900","17,249","16,900","1.88M","0.82%"
"11/04/2024","17,011","16,800","17,100","16,800","1.40M","0.69%"
"11/01/2024","16,894","16,760","16,975","16,666","3.02M","0.18%"
"10/31/2024","16,863","16,900","17,091","16,787","2.00M","-0.59%"
"10/30/2024","16,963","16,700","17,071","16,630","2.16M","0.72%"
"10/29/2024","16,841","17,100","17,171","16,637","1.33M","-1.57%"
"10/28/2024","17,109","16,750","17,121","16,750","2.37M","1.52%"
"10/25/2024","16,853","16,816","16,989","16,751","1.14M","0.00%"
"10/24/2024","16,853","16,716","16,972","16,666","1.43M","1.30%"
"10/23/2024","16,636","16,611","16,826","16,575","2.20M","-0.42%"
"10/22/2024","16,706","17,113","17,113","16,640","2.13M","-1.52%"
"10/21/2024","16,963","17,130","17,200","16,885","1.90M","-1.39%"
"10/18/2024","17,202","17,150","17,339","17,049","1.47M","0.12%"
"10/17/2024","17,182","16,900","17,398","16,900","2.07M","0.28%"
"10/16/2024","17,134","17,005","17,214","16,827","3.93M","0.77%"
"10/15/2024","17,003","16,780","17,003","16,704","2.79M","1.05%"
"10/14/2024","16,827","16,950","17,031","16,796","1.47M","-0.50%"
"10/11/2024","16,911","16,600","16,962","16,574","1.64M","1.40%"
"10/10/2024","16,678","16,780","16,846","16,564","1.82M","-0.59%"
"10/09/2024","16,777","16,750","16,820","16,512","1.30M","-0.29%"
"10/08/2024","16,825","16,645","16,977","16,578","2.81M","-0.44%"
"10/07/2024","16,900","16,860","17,051","16,750","1.31M","-0.27%"
"10/04/2024","16,945","17,021","17,021","16,785","2.36M","0.86%"
"10/03/2024","16,800","16,950","17,063","16,721","1.82M","-0.84%"
"10/02/2024","16,943","17,226","17,392","16,872","1.87M","-0.46%"
"10/01/2024","17,021","17,600","17,750","16,914","2.94M","-2.98%"
"09/30/2024","17,544","17,698","17,931","17,496","3.07M","-1.52%"
"09/27/2024","17,815","17,604","17,822","17,550","1.52M","0.24%"
"09/26/2024","17,773","17,517","17,945","17,517","2.05M","1.17%"
"09/25/2024","17,567","17,620","17,751","17,440","3.16M","0.04%"
"09/23/2024","17,560","17,199","17,600","17,199","2.10M","2.04%"
"09/20/2024","17,209","17,386","17,474","17,176","6.01M","-1.23%"
"09/19/2024","17,424","17,175","17,513","17,081","9.17M","2.01%"
"09/18/2024","17,081","17,200","17,200","16,815","2.18M","-0.34%"
"09/17/2024","17,140","16,953","17,184","16,936","2.03M","1.19%"
"09/16/2024","16,938","16,770","17,048","16,519","1.88M","1.91%"
"09/13/2024","16,620","16,899","16,899","16,399","2.52M","-0.33%"
"09/12/2024","16,675","16,771","16,945","16,584","2.28M","1.22%"
"09/11/2024","16,474","16,700","16,700","16,308","3.26M","-4.91%"
"09/10/2024","17,325","17,700","17,700","17,166","2.33M","0.76%"
"09/09/2024","17,194","17,309","17,309","16,992","2.13M","0.33%"
"09/06/2024","17,138","17,161","17,311","16,954","2.07M","-0.84%"
"09/05/2024","17,284","17,244","17,450","16,976","1.78M","0.23%"
"09/04/2024","17,244","17,000","17,271","16,981","2.51M","0.36%"
"09/03/2024","17,183","17,445","17,738","17,120","1.81M","-2.15%"
"09/02/2024","17,561","17,680","17,680","17,333","1.93M","-0.14%"
"08/30/2024","17,586","17,793","17,843","17,463","3.24M","-0.60%"
"08/29/2024","17,692","17,500","17,830","17,500","2.52M","-0.14%"
"08/28/2024","17,716","17,680","17,873","17,527","3.81M","0.69%"
"08/27/2024","17,595","17,150","17,611","17,150","3.22M","1.28%"
"08/26/2024","17,373","17,084","17,500","16,981","3.67M","1.69%"
"08/23/2024","17,084","16,700","17,250","16,700","2.64M","2.30%"
"08/22/2024","16,700","16,890","17,115","16,667","3.70M","-0.78%"
"08/21/2024","16,831","16,300","16,900","16,300","3.66M","2.49%"
"08/20/2024","16,422","16,558","16,920","16,313","4.11M","-0.82%"
"08/19/2024","16,558","16,300","16,663","16,254","5.16M","4.96%"
"08/16/2024","15,776","15,625","15,999","15,625","3.53M","1.20%"
"08/15/2024","15,589","15,320","15,899","15,315","3.47M","1.78%"
"08/14/2024","15,317","15,195","15,446","15,150","2.41M","0.80%"
"08/13/2024","15,195","15,150","15,195","15,044","1.53M","1.02%"
"08/12/2024","15,042","15,315","15,339","14,960","3.02M","-0.73%"
"08/08/2024","15,153","15,000","15,300","14,831","2.82M","0.62%"
"08/07/2024","15,059","14,800","15,150","14,776","4.70M","1.92%"
"08/06/2024","14,776","14,896","15,000","14,624","4.69M","-0.36%"
"08/05/2024","14,830","15,109","15,199","14,560","7.97M","-3.81%"
"08/02/2024","15,417","15,779","15,779","15,360","4.01M","-2.33%"
"08/01/2024","15,784","15,857","16,135","15,669","4.19M","-1.23%"
"07/31/2024","15,980","15,850","15,983","15,817","5.12M","0.64%"
"07/30/2024","15,879","15,834","16,057","15,715","2.53M","0.50%"
"07/29/2024","15,800","16,305","16,400","15,751","3.86M","-3.03%"
"07/26/2024","16,294","16,325","16,500","16,164","2.14M","-0.21%"
"07/25/2024","16,329","15,939","16,400","15,938","2.78M","1.19%"
"07/24/2024","16,137","16,127","16,200","15,933","2.23M","-0.01%"
"07/23/2024","16,138","15,880","16,150","15,788","2.52M","1.80%"
"07/22/2024","15,853","15,660","15,885","15,516","1.58M","1.82%"
"07/19/2024","15,570","15,550","15,600","15,222","1.85M","1.10%"
"07/18/2024","15,401","15,200","15,523","15,189","3.13M","1.37%"
"07/17/2024","15,193","15,370","15,370","15,055","2.84M","-1.13%"
"07/16/2024","15,366","15,600","15,700","15,349","3.43M","-2.63%"
"07/15/2024","15,781","15,615","15,781","15,508","3.18M","1.23%"
"07/12/2024","15,589","15,680","15,716","15,488","1.87M","0.51%"
"07/11/2024","15,510","15,500","15,737","15,439","2.99M","0.38%"
"07/10/2024","15,452","15,592","15,692","15,402","2.40M","-1.06%"
"07/09/2024","15,618","15,900","15,913","15,478","1.99M","-1.63%"
"07/08/2024","15,877","15,939","16,083","15,668","1.90M","0.40%"
"07/05/2024","15,814","15,687","15,960","15,687","1.18M","-0.61%"
"07/04/2024","15,911","16,043","16,043","15,803","1.19M","0.43%"
"07/03/2024","15,843","15,716","15,955","15,520","2.51M","2.47%"
"07/02/2024","15,461","15,899","15,920","15,460","2.67M","-2.66%"
"07/01/2024","15,883","16,208","16,555","15,883","4.59M","0.24%"
"06/28/2024","15,845","15,527","16,200","15,291","6.33M","3.04%"
"06/27/2024","15,378","16,299","16,299","15,310","8.77M","-9.54%"
"06/26/2024","16,999","17,093","17,342","16,862","3.12M","-1.19%"
"06/25/2024","17,204","17,483","17,545","17,030","3.20M","-1.23%"
"06/24/2024","17,419","17,268","17,649","17,051","3.63M","0.87%"
"06/21/2024","17,268","17,450","17,781","17,231","9.59M","-0.33%"
"06/20/2024","17,326","18,281","18,375","17,326","13.51M","-5.53%"
"06/19/2024","18,340","17,700","18,399","17,700","8.33M","3.78%"
"06/18/2024","17,672","16,800","17,686","16,790","7.98M","6.52%"
"06/14/2024","16,591","15,720","17,050","15,717","5.06M","5.61%"
"06/13/2024","15,710","15,735","15,900","15,605","2.98M","0.85%"
"06/12/2024","15,578","15,350","15,748","15,271","3.32M","1.98%"
"06/11/2024","15,275","15,179","15,331","15,089","2.53M","1.86%"
"06/10/2024","14,996","14,863","15,119","14,838","1.85M","-0.03%"
"06/07/2024","15,001","14,900","15,125","14,800","2.22M","1.33%"
"06/06/2024","14,804","15,000","15,024","14,748","1.90M","-1.41%"
"06/05/2024","15,016","15,135","15,441","14,949","2.68M","-2.26%"
"06/04/2024","15,363","15,495","15,550","15,167","2.32M","-0.85%"
"06/03/2024","15,495","14,974","15,515","14,898","3.55M","3.87%"
"05/31/2024","14,917","14,620","15,040","14,452","9.06M","1.19%"
"05/30/2024","14,741","15,045","15,045","14,473","4.95M","-3.51%"
"05/28/2024","15,278","15,257","15,418","15,124","2.54M","-0.09%"
"05/27/2024","15,292","15,539","15,559","15,246","2.48M","-1.34%"
"05/24/2024","15,499","15,311","15,570","15,280","1.67M","0.67%"
"05/23/2024","15,396","15,500","15,702","15,396","2.05M","-1.41%"
"05/22/2024","15,616","15,567","15,759","15,514","2.51M","0.31%"
"05/21/2024","15,567","15,490","15,594","15,385","1.37M","0.15%"
"05/20/2024","15,543","15,422","15,622","15,359","2.28M","0.78%"
"05/17/2024","15,422","15,301","15,446","15,278","2.66M","0.35%"
"05/16/2024","15,368","15,366","15,538","15,245","2.89M","0.01%"
"05/15/2024","15,366","15,152","15,486","15,152","3.43M","1.41%"
"05/14/2024","15,152","15,010","15,368","15,010","2.73M","-0.09%"
"05/13/2024","15,166","15,241","15,300","15,121","1.22M","-0.34%"
"05/10/2024","15,218","14,951","15,294","14,951","5.22M","2.47%"
"05/09/2024","14,851","14,907","14,972","14,765","2.15M","-0.36%"
"05/08/2024","14,905","14,750","15,030","14,653","2.58M","1.02%"
"05/07/2024","14,755","14,750","14,873","14,679","2.33M","0.32%"
"05/06/2024","14,708","14,705","14,881","14,670","2.26M","0.05%"
"05/03/2024","14,700","14,564","14,789","14,480","2.40M","1.55%"
"05/02/2024","14,475","14,512","14,797","14,475","2.70M","-0.49%"
"04/30/2024","14,546","14,490","14,629","14,371","2.99M","1.01%"
"04/29/2024","14,400","14,175","14,464","14,159","2.42M","1.88%"
"04/26/2024","14,134","13,846","14,134","13,688","2.25M","2.18%"
"04/25/2024","13,833","13,800","14,000","13,800","1.95M","0.09%"
"04/24/2024","13,820","14,130","14,141","13,820","3.93M","-2.07%"
"04/23/2024","14,112","14,250","14,270","13,926","1.64M","0.23%"
"04/22/2024","14,079","14,100","14,311","14,022","2.06M","0.56%"
"04/19/2024","14,001","13,794","14,035","13,683","2.22M","0.89%"
"04/18/2024","13,877","13,887","13,958","13,683","2.57M","0.72%"
"04/17/2024","13,778","14,000","14,010","13,708","3.02M","-5.31%"
"04/16/2024","14,550","14,551","14,578","14,262","3.14M","-0.08%"
"04/15/2024","14,562","14,601","14,870","14,562","1.88M","0.36%"
"04/12/2024","14,510","14,876","14,876","14,414","3.00M","-2.29%"
"04/11/2024","14,850","15,180","15,180","14,649","2.39M","-1.11%"
"04/10/2024","15,016","15,134","15,276","14,857","2.97M","-0.81%"
"04/09/2024","15,139","14,700","15,139","14,680","4.24M","2.80%"
"04/08/2024","14,727","14,675","14,760","14,506","2.35M","0.63%"
"04/05/2024","14,635","14,800","14,800","14,441","2.12M","-0.82%"
"04/04/2024","14,756","14,650","14,838","14,375","2.31M","1.78%"
"04/03/2024","14,498","14,789","14,789","14,279","3.23M","-0.48%"
"04/02/2024","14,568","15,098","15,098","14,458","1.81M","-1.65%"
"03/28/2024","14,813","14,755","14,840","14,672","1.46M","-0.11%"
"03/27/2024","14,829","14,700","14,930","14,555","2.26M","1.24%"
"03/26/2024","14,647","14,710","14,874","14,560","2.61M","-0.41%"
"03/25/2024","14,707","14,844","14,844","14,527","3.15M","-0.67%"
"03/22/2024","14,806","15,035","15,152","14,751","2.81M","-1.57%"
"03/20/2024","15,042","14,958","15,320","14,958","10.29M","-0.21%"
"03/19/2024","15,073","14,970","15,225","14,950","2.05M","0.35%"
"03/18/2024","15,021","15,325","15,567","14,973","2.74M","-1.87%"
"03/15/2024","15,307","15,545","15,839","15,307","5.48M","-1.37%"
"03/14/2024","15,520","15,500","15,710","15,322","4.21M","1.35%"
"03/13/2024","15,313","15,400","15,642","15,200","3.02M","-0.54%"
"03/12/2024","15,396","15,905","16,125","15,372","3.96M","-2.75%"
"03/11/2024","15,832","16,579","16,579","15,832","4.14M","-5.08%"
"03/08/2024","16,679","16,599","16,842","16,257","1.80M","1.67%"
"03/07/2024","16,405","16,500","16,807","16,271","1.18M","-1.53%"
"03/06/2024","16,660","16,499","16,671","16,353","1.85M","1.95%"
"03/05/2024","16,341","16,345","16,624","16,275","1.88M","0.01%"
"03/04/2024","16,339","16,575","16,742","16,323","1.20M","-1.33%"
"03/01/2024","16,559","16,338","16,621","16,316","1.33M","1.24%"
"02/29/2024","16,356","16,320","16,559","16,283","3.41M","-0.35%"
"02/28/2024","16,414","16,520","16,735","16,350","1.26M","-1.14%"
"02/27/2024","16,603","16,480","16,756","16,412","2.02M","0.16%"
"02/26/2024","16,577","16,600","16,600","16,307","2.39M","-0.41%"
"02/23/2024","16,646","17,048","17,049","16,612","1.53M","-1.74%"
"02/22/2024","16,941","17,112","17,199","16,840","1.43M","0.05%"
"02/21/2024","16,933","16,400","17,019","16,400","2.42M","1.77%"
"02/20/2024","16,639","16,700","16,728","16,524","1.52M","-0.36%"
"02/19/2024","16,699","16,900","16,900","16,483","905.83K","0.45%"
"02/16/2024","16,625","16,326","16,834","16,326","1.86M","1.83%"
"02/15/2024","16,326","16,270","16,551","16,250","1.60M","0.26%"
"02/14/2024","16,284","16,175","16,489","16,131","1.88M","0.95%"
"02/13/2024","16,130","16,325","16,519","16,110","1.24M","-1.93%"
"02/12/2024","16,447","16,250","16,520","16,016","1.73M","0.82%"
"02/09/2024","16,313","16,210","16,492","16,210","1.60M","-0.42%"
"02/08/2024","16,381","16,216","16,571","16,216","2.05M","-0.36%"
"02/07/2024","16,441","16,390","16,519","16,236","1.75M","0.12%"
"02/06/2024","16,421","16,500","16,537","16,300","1.36M","0.84%"
"02/05/2024","16,284","16,399","16,581","16,181","1.67M","0.00%"
"02/02/2024","16,284","16,285","16,575","16,203","1.85M","0.25%"
"02/01/2024","16,243","16,100","16,315","15,990","2.82M","-0.84%"
"01/31/2024","16,380","16,380","16,468","16,197","4.94M","0.55%"
"01/30/2024","16,291","16,400","16,400","16,209","1.82M","0.41%"
"01/29/2024","16,225","16,400","16,485","16,212","1.78M","-1.06%"
"01/26/2024","16,398","15,964","16,398","15,799","2.39M","3.01%"
"01/25/2024","15,919","15,895","15,945","15,786","2.01M","0.15%"
"01/24/2024","15,895","15,776","15,999","15,757","2.30M","0.75%"
"01/23/2024","15,776","15,799","15,987","15,625","1.49M","1.01%"
"01/22/2024","15,618","15,799","15,799","15,537","1.30M","-0.52%"
"01/19/2024","15,700","15,655","16,025","15,570","2.12M","0.37%"
"01/18/2024","15,642","15,530","15,753","15,502","1.77M","1.24%"
"01/17/2024","15,450","15,600","15,667","15,427","2.19M","-1.62%"
"01/16/2024","15,705","15,880","15,905","15,652","1.60M","-1.36%"
"01/15/2024","15,921","16,300","16,300","15,761","2.37M","-2.21%"
"01/12/2024","16,281","16,176","16,281","15,989","2.22M","0.64%"
"01/11/2024","16,177","15,882","16,181","15,882","1.58M","1.83%"
"01/10/2024","15,887","15,988","16,021","15,834","1.18M","-0.24%"
"01/09/2024","15,925","15,800","16,060","15,795","1.76M","1.20%"
"01/08/2024","15,736","15,700","15,894","15,670","1.84M","-0.42%"
"01/05/2024","15,802","15,600","15,804","15,571","1.39M","0.73%"
"01/04/2024","15,688","15,751","16,029","15,665","1.54M","-0.56%"
"01/03/2024","15,776","16,089","16,167","15,735","1.71M","-2.41%"
"01/02/2024","16,165","16,171","16,419","16,119","1.02M","-1.26%"
"12/29/2023","16,371","16,374","16,396","16,210","1.23M","0.74%"
"12/28/2023","16,250","16,332","16,374","16,159","1.36M","0.39%"
"12/27/2023","16,187","16,090","16,294","15,954","2.52M","1.94%"
"12/22/2023","15,879","15,551","16,065","15,551","1.48M","1.59%"
"12/21/2023","15,631","15,855","15,855","15,541","5.77M","-0.01%"
"12/20/2023","15,632","15,500","15,771","15,485","3.18M","0.98%"
"12/19/2023","15,480","15,565","15,565","15,351","3.00M","0.25%"
"12/18/2023","15,441","15,756","15,921","15,441","4.16M","-2.12%"
"12/14/2023","15,776","15,650","15,908","15,592","8.06M","2.43%"
"12/13/2023","15,401","15,300","15,745","15,300","3.82M","-1.09%"
"12/12/2023","15,571","16,299","16,299","15,571","3.12M","-2.22%"
"12/11/2023","15,925","16,000","16,333","15,700","3.85M","-0.24%"
"12/08/2023","15,964","16,490","16,600","15,742","8.04M","-6.31%"
"12/07/2023","17,040","17,560","17,560","16,972","1.64M","-2.37%"
"12/06/2023","17,454","17,499","17,616","17,275","1.26M","0.25%"
"12/05/2023","17,411","17,490","17,595","17,305","1.12M","-0.45%"
"12/04/2023","17,490","17,434","17,500","17,254","1.31M","1.09%"
"12/01/2023","17,302","17,527","17,531","17,215","1.56M","-0.43%"
"11/30/2023","17,376","17,250","17,533","17,204","3.95M","0.47%"
"11/29/2023","17,295","17,500","17,516","17,133","2.83M","-1.30%"
"11/28/2023","17,522","17,385","17,664","17,358","1.65M","0.04%"
"11/27/2023","17,515","17,727","17,785","17,330","2.06M","-1.20%"
"11/24/2023","17,728","17,500","17,769","17,222","2.88M","2.00%"
"11/23/2023","17,380","17,500","17,670","17,248","2.63M","0.21%"
"11/22/2023","17,344","17,400","17,587","17,273","2.26M","-0.32%"
"11/21/2023","17,400","17,522","17,868","17,400","4.95M","-0.97%"
"11/20/2023","17,570","17,551","17,779","17,545","2.05M","-0.56%"
"11/17/2023","17,669","18,099","18,099","17,549","1.74M","-1.24%"
"11/16/2023","17,891","18,350","18,491","17,684","2.37M","-2.68%"
"11/15/2023","18,384","17,615","18,626","17,615","4.54M","3.86%"
"11/14/2023","17,700","17,599","17,713","17,190","3.55M","2.36%"
"11/13/2023","17,292","18,000","18,000","17,292","2.29M","-2.53%"
"11/10/2023","17,741","17,513","17,891","17,513","1.15M","0.15%"
"11/09/2023","17,714","17,600","17,850","17,520","1.57M","-0.51%"
"11/08/2023","17,805","17,276","17,805","17,276","1.34M","1.00%"
"11/07/2023","17,628","17,557","18,012","16,001","1.83M","-2.47%"
"11/06/2023","18,074","17,901","18,256","17,881","1.29M","-0.13%"
"11/03/2023","18,097","17,975","18,310","17,680","2.43M","1.67%"
"11/02/2023","17,800","16,985","17,800","16,985","2.07M","4.80%"
"11/01/2023","16,985","17,430","17,430","16,855","2.02M","-0.04%"
"10/31/2023","16,992","16,700","17,025","16,700","2.41M","1.14%"
"10/30/2023","16,800","16,505","16,825","16,505","1.90M","1.20%"
"10/27/2023","16,600","16,679","16,898","16,533","1.68M","-0.84%"
"10/26/2023","16,741","17,000","17,000","16,551","1.85M","-0.81%"
"10/25/2023","16,877","17,600","17,600","16,758","1.80M","-1.28%"
"10/24/2023","17,096","17,624","17,624","16,891","1.10M","-0.12%"
"10/23/2023","17,117","16,890","17,227","16,605","1.25M","1.34%"
"10/20/2023","16,890","17,150","17,218","16,804","1.65M","-2.44%"
"10/19/2023","17,313","17,282","17,503","17,113","1.40M","0.19%"
"10/18/2023","17,281","17,251","17,638","17,184","1.18M","-1.30%"
"10/17/2023","17,508","17,300","17,595","17,300","1.59M","0.14%"
"10/16/2023","17,484","17,352","17,689","17,274","1.39M","0.50%"
"10/13/2023","17,397","17,550","17,663","17,396","1.27M","-1.21%"
"10/12/2023","17,610","18,089","18,089","17,368","2.28M","-1.60%"
"10/11/2023","17,896","17,981","18,115","17,871","2.13M","-0.47%"
"10/10/2023","17,981","17,664","17,982","17,360","2.05M","3.58%"
"10/09/2023","17,359","17,450","17,556","17,100","1.66M","0.16%"
"10/06/2023","17,331","17,200","17,504","17,144","1.13M","0.17%"
"10/05/2023","17,301","16,993","17,416","16,940","1.59M","1.58%"
"10/04/2023","17,032","17,199","17,243","16,881","1.54M","-0.95%"
"10/03/2023","17,195","17,272","17,435","17,039","1.34M","0.39%"
"10/02/2023","17,128","17,483","17,636","17,047","1.93M","-2.03%"
"09/29/2023","17,483","17,669","17,718","17,367","1.76M","-0.05%"
"09/28/2023","17,492","17,500","17,601","17,343","2.18M","-0.44%"
"09/27/2023","17,570","17,505","17,676","17,472","2.02M","-0.53%"
"09/26/2023","17,664","17,552","17,693","17,408","4.09M","-0.79%"
"09/22/2023","17,804","17,999","18,009","17,773","1.36M","-0.16%"
"09/21/2023","17,833","18,095","18,095","17,691","7.33M","-1.46%"
"09/20/2023","18,097","16,931","18,097","16,931","3.55M","6.33%"
"09/19/2023","17,020","17,200","17,240","16,964","1.86M","-0.62%"
"09/18/2023","17,127","17,199","17,319","17,036","1.59M","-0.42%"
"09/15/2023","17,199","17,310","17,443","17,127","4.75M","-0.64%"
"09/14/2023","17,310","17,500","17,500","16,997","1.60M","0.01%"
"09/13/2023","17,308","17,500","17,575","17,154","1.46M","-4.34%"
"09/12/2023","18,093","18,201","18,277","18,026","1.63M","-0.77%"
"09/11/2023","18,234","18,100","18,419","18,055","1.96M","0.95%"
"09/08/2023","18,063","17,835","18,094","17,792","1.62M","1.30%"
"09/07/2023","17,832","17,611","18,028","17,611","1.45M","-0.17%"
"09/06/2023","17,862","17,985","18,183","17,728","1.49M","-1.40%"
"09/05/2023","18,116","18,200","18,284","17,893","1.66M","-0.82%"
"09/04/2023","18,265","18,425","18,549","18,172","1.14M","0.78%"
"09/01/2023","18,123","18,499","18,532","18,123","1.40M","-0.58%"
"08/31/2023","18,229","18,600","18,648","18,229","3.79M","-2.34%"
"08/30/2023","18,666","18,461","18,810","18,450","1.34M","0.73%"
"08/29/2023","18,530","18,760","18,847","18,432","1.37M","-1.49%"
"08/28/2023","18,810","18,868","18,900","18,536","1.49M","1.35%"
"08/25/2023","18,560","18,197","18,737","18,197","1.92M","0.49%"
"08/24/2023","18,470","18,196","18,571","18,196","1.87M","1.08%"
"08/23/2023","18,273","17,881","18,321","17,881","1.68M","2.12%"
"08/22/2023","17,894","18,072","18,213","17,845","2.35M","-0.37%"
"08/21/2023","17,960","17,492","18,064","17,492","2.48M","2.20%"
"08/18/2023","17,574","17,527","17,657","17,443","4.03M","-0.87%"
"08/17/2023","17,728","17,656","17,750","17,372","3.47M","-0.31%"
"08/16/2023","17,784","17,220","17,784","17,065","4.14M","2.32%"
"08/15/2023","17,381","17,776","17,776","17,225","2.36M","-2.22%"
"08/14/2023","17,776","18,165","18,240","17,526","2.47M","-3.35%"
"08/11/2023","18,393","18,400","18,449","18,249","1.56M","-0.41%"
"08/10/2023","18,468","17,889","18,495","17,889","1.70M","0.99%"
"08/08/2023","18,287","18,400","18,450","18,195","1.44M","0.00%"
"08/07/2023","18,287","18,460","18,593","18,130","1.27M","-0.40%"
"08/04/2023","18,360","18,284","18,447","18,134","2.05M","2.05%"
"08/03/2023","17,991","18,200","18,208","17,613","3.02M","-0.71%"
"08/02/2023","18,120","18,540","18,726","18,057","3.52M","-3.92%"
"08/01/2023","18,859","18,945","19,055","18,800","1.96M","-0.45%"
"07/31/2023","18,945","18,850","19,020","18,776","2.15M","0.50%"
"07/28/2023","18,850","18,877","18,892","18,666","1.24M","0.04%"
"07/27/2023","18,842","18,526","18,860","18,351","2.50M","1.71%"
"07/26/2023","18,525","18,400","18,570","18,230","2.00M","1.57%"
"07/25/2023","18,239","18,269","18,425","18,131","3.42M","-0.08%"
"07/24/2023","18,254","18,027","18,270","17,887","1.59M","1.46%"
"07/21/2023","17,992","17,978","18,079","17,833","1.06M","0.09%"
"07/20/2023","17,975","17,950","18,100","17,776","2.80M","-0.39%"
"07/19/2023","18,045","18,146","18,185","17,976","2.16M","0.11%"
"07/18/2023","18,025","18,199","18,237","17,976","3.82M","-0.69%"
"07/17/2023","18,150","17,406","18,202","17,406","4.41M","1.94%"
"07/14/2023","17,804","17,556","17,938","17,300","5.29M","1.22%"
"07/13/2023","17,590","17,250","17,711","17,088","2.43M","1.82%"
"07/12/2023","17,275","16,968","17,341","16,908","2.80M","1.74%"
"07/11/2023","16,979","16,961","17,163","16,845","3.26M","0.78%"
"07/10/2023","16,848","16,986","16,986","16,774","1.73M","-0.84%"
"07/07/2023","16,990","17,040","17,040","16,750","3.01M","1.00%"
"07/06/2023","16,822","16,901","17,107","16,742","2.08M","-1.78%"
"07/05/2023","17,126","17,011","17,227","16,856","2.47M","0.68%"
"07/04/2023","17,011","17,242","17,292","16,900","1.79M","-1.00%"
"07/03/2023","17,183","16,700","17,187","16,700","3.87M","2.33%"
"06/30/2023","16,791","16,700","16,804","16,572","2.65M","1.49%"
"06/29/2023","16,545","16,490","16,618","16,335","3.40M","1.73%"
"06/28/2023","16,263","16,250","16,541","16,243","1.67M","-0.20%"
"06/27/2023","16,295","16,280","16,391","16,073","1.84M","0.55%"
"06/26/2023","16,206","16,299","16,318","16,076","1.69M","0.43%"
"06/23/2023","16,137","16,465","16,465","15,883","3.17M","-1.44%"
"06/22/2023","16,372","16,600","16,617","16,181","2.62M","-1.11%"
"06/21/2023","16,556","16,641","16,800","16,452","3.20M","-1.39%"
"06/20/2023","16,790","16,766","17,114","16,766","4.19M","-0.29%"
"06/19/2023","16,838","16,475","16,870","16,475","2.51M","0.38%"
"06/15/2023","16,775","16,560","16,845","16,384","11.56M","1.07%"
"06/14/2023","16,597","16,315","16,680","16,222","4.22M","1.27%"
"06/13/2023","16,389","16,130","16,390","16,027","4.40M","2.37%"
"06/12/2023","16,010","16,289","16,513","15,890","3.84M","-2.46%"
"06/09/2023","16,414","16,300","16,710","16,252","4.74M","0.87%"
"06/08/2023","16,272","16,300","16,591","16,208","4.22M","-0.10%"
"06/07/2023","16,289","16,000","16,431","15,919","3.41M","1.90%"
"06/06/2023","15,986","15,779","15,986","15,656","3.80M","1.03%"
"06/05/2023","15,823","15,700","15,834","15,443","3.58M","1.35%"
"06/02/2023","15,613","15,600","15,790","15,358","5.06M","0.55%"
"06/01/2023","15,528","15,545","15,670","15,352","3.08M","0.94%"
"05/31/2023","15,383","15,318","15,818","15,219","9.46M","0.42%"
"05/30/2023","15,318","15,783","15,804","15,311","2.74M","-2.95%"
"05/29/2023","15,783","15,800","15,881","15,659","1.21M","-0.52%"
"05/26/2023","15,865","15,841","15,931","15,446","2.24M","-0.13%"
"05/25/2023","15,886","16,000","16,133","15,747","2.70M","-0.76%"
"05/24/2023","16,007","15,750","16,184","15,750","2.48M","-0.63%"
"05/23/2023","16,109","15,970","16,187","15,861","3.27M","0.06%"
"05/22/2023","16,100","16,100","16,281","15,762","2.30M","1.33%"
"05/19/2023","15,889","15,800","16,090","15,642","2.60M","1.33%"
"05/18/2023","15,681","15,715","15,844","15,480","3.43M","-0.21%"
"05/17/2023","15,714","15,658","15,913","15,533","2.17M","-1.00%"
"05/16/2023","15,873","16,010","16,142","15,786","1.89M","-0.31%"
"05/15/2023","15,922","15,860","15,979","15,746","2.46M","0.64%"
"05/12/2023","15,820","15,450","15,900","15,070","4.53M","1.57%"
"05/11/2023","15,576","16,210","16,318","15,229","4.81M","-3.91%"
"05/10/2023","16,210","16,348","16,517","16,101","2.57M","-1.94%"
"05/09/2023","16,531","16,666","16,684","16,479","2.35M","-0.71%"
"05/08/2023","16,650","16,604","16,863","16,538","1.99M","1.22%"
"05/05/2023","16,449","16,448","16,624","16,116","3.67M","1.48%"
"05/04/2023","16,209","17,000","17,000","16,000","3.42M","-3.70%"
"05/03/2023","16,831","17,040","17,040","16,600","2.85M","-0.37%"
"05/02/2023","16,894","17,875","17,875","16,830","4.76M","-4.90%"
"04/28/2023","17,764","17,600","17,766","17,325","2.81M","0.94%"
"04/26/2023","17,598","17,452","17,629","17,243","3.12M","0.98%"
"04/25/2023","17,427","17,461","17,800","17,341","2.86M","-0.74%"
"04/24/2023","17,557","17,719","17,781","17,368","1.39M","-0.16%"
"04/21/2023","17,585","17,588","17,916","17,481","2.26M","-0.96%"
"04/20/2023","17,755","17,728","17,830","17,464","1.70M","0.82%"
"04/19/2023","17,611","17,507","17,699","17,150","2.55M","-3.11%"
"04/18/2023","18,176","18,355","18,564","18,064","2.57M","-0.91%"
"04/17/2023","18,343","18,616","18,786","18,265","2.67M","-1.67%"
"04/14/2023","18,654","18,477","18,690","18,380","2.23M","0.82%"
"04/13/2023","18,503","18,660","18,780","18,401","4.35M","-0.85%"
"04/12/2023","18,661","18,351","18,801","18,200","3.42M","0.58%"
"04/11/2023","18,554","18,290","18,884","18,290","3.06M","0.81%"
"04/06/2023","18,405","18,300","18,523","18,180","1.32M","0.35%"
"04/05/2023","18,340","18,870","18,870","18,315","1.95M","-1.81%"
"04/04/2023","18,679","18,645","18,875","18,388","1.57M","1.19%"
"04/03/2023","18,460","18,218","18,598","18,215","1.68M","1.55%"
"03/31/2023","18,178","18,088","18,374","18,012","1.88M","-0.79%"
"03/30/2023","18,323","18,147","18,541","18,147","971.88K","-0.24%"
"03/29/2023","18,367","18,550","18,550","18,240","1.71M","0.27%"
"03/28/2023","18,317","17,901","18,528","17,901","2.65M","2.14%"
"03/27/2023","17,933","18,200","18,200","17,840","1.52M","1.27%"
"03/24/2023","17,708","18,000","18,000","17,419","3.17M","-2.02%"
"03/23/2023","18,073","17,805","18,196","17,759","3.94M","0.57%"
"03/22/2023","17,970","17,500","18,043","17,500","5.32M","4.08%"
"03/20/2023","17,265","17,100","17,340","16,734","3.53M","0.54%"
"03/17/2023","17,172","17,355","17,773","17,114","5.30M","0.47%"
"03/16/2023","17,091","17,229","17,448","16,964","7.44M","-0.60%"
"03/15/2023","17,195","17,719","17,893","16,982","5.03M","-2.83%"
"03/14/2023","17,696","17,223","17,769","16,921","3.80M","1.01%"
"03/13/2023","17,519","18,901","19,225","17,422","7.99M","-6.63%"
"03/10/2023","18,762","19,270","19,270","18,550","3.17M","-2.98%"
"03/09/2023","19,338","18,970","19,462","18,833","3.57M","1.02%"
"03/08/2023","19,143","19,438","19,511","18,855","4.22M","-2.31%"
"03/07/2023","19,596","19,820","20,090","19,551","2.31M","-1.77%"
"03/06/2023","19,950","19,601","20,015","19,601","2.49M","0.45%"
"03/03/2023","19,860","19,901","20,091","19,798","2.55M","-0.08%"
"03/02/2023","19,875","20,317","20,370","19,800","2.08M","-2.01%"
"03/01/2023","20,282","19,547","20,423","19,545","3.00M","2.20%"
"02/28/2023","19,845","19,501","20,147","19,500","3.37M","1.05%"
"02/27/2023","19,638","19,425","19,767","19,348","2.06M","0.26%"
"02/24/2023","19,588","20,050","20,133","19,450","3.58M","-2.01%"
"02/23/2023","19,990","20,069","20,114","19,879","2.50M","0.10%"
"02/22/2023","19,970","19,749","20,087","19,655","3.47M","1.89%"
"02/21/2023","19,600","19,358","19,771","19,322","2.58M","0.66%"
"02/20/2023","19,472","19,400","19,524","19,236","1.50M","0.72%"
"02/17/2023","19,333","18,700","19,514","18,588","4.27M","1.61%"
"02/16/2023","19,026","19,500","19,500","18,900","1.63M","-1.15%"
"02/15/2023","19,247","19,380","19,733","19,065","2.06M","-0.74%"
"02/14/2023","19,390","19,750","19,751","19,267","2.55M","-0.34%"
"02/13/2023","19,456","19,000","19,611","19,000","4.38M","2.51%"
"02/10/2023","18,980","19,870","19,952","18,812","5.88M","-4.69%"
"02/09/2023","19,913","20,109","20,347","19,885","2.48M","-0.60%"
"02/08/2023","20,033","20,315","20,404","19,904","1.82M","-1.29%"
"02/07/2023","20,294","20,050","20,326","19,914","1.89M","0.31%"
"02/06/2023","20,232","20,330","20,448","20,020","1.61M","-1.08%"
"02/03/2023","20,452","20,450","20,627","19,988","1.42M","-0.40%"
"02/02/2023","20,534","20,520","20,775","20,240","2.53M","-0.19%"
"02/01/2023","20,574","20,000","20,574","20,000","2.95M","3.46%"
"01/31/2023","19,885","20,100","20,248","19,733","2.68M","-2.06%"
"01/30/2023","20,304","20,000","20,364","20,000","2.03M","0.15%"
"01/27/2023","20,273","20,300","20,466","20,078","1.62M","0.34%"
"01/26/2023","20,205","19,900","20,281","19,900","1.98M","0.95%"
"01/25/2023","20,014","20,166","20,243","19,902","1.67M","-0.71%"
"01/24/2023","20,157","20,320","20,320","19,837","1.51M","-0.07%"
"01/23/2023","20,171","19,778","20,282","19,657","1.91M","1.99%"
"01/20/2023","19,778","19,690","19,953","19,602","2.29M","0.41%"
"01/19/2023","19,698","20,119","20,119","19,512","3.01M","-0.90%"
"01/18/2023","19,876","19,503","20,041","19,450","1.10M","0.32%"
"01/17/2023","19,812","19,932","19,980","19,572","2.21M","-0.64%"
"01/16/2023","19,939","20,100","20,316","19,858","1.89M","-0.59%"
"01/13/2023","20,057","19,977","20,166","19,854","1.25M","1.11%"
"01/12/2023","19,837","19,583","20,017","19,500","1.69M","1.14%"
"01/11/2023","19,613","19,949","19,969","19,519","1.84M","-1.18%"
"01/10/2023","19,847","19,904","19,963","19,615","1.68M","-1.52%"
"01/09/2023","20,153","19,848","20,292","19,711","1.52M","3.57%"
"01/06/2023","19,458","19,800","19,825","19,332","1.45M","-0.72%"
"01/05/2023","19,600","19,395","19,959","19,395","1.78M","-0.16%"
"01/04/2023","19,631","19,729","19,824","19,443","1.65M","0.10%"
"01/03/2023","19,611","19,394","19,734","19,231","993.95K","1.14%"
"12/30/2022","19,390","19,161","19,470","19,161","907.04K","-0.15%"
"12/29/2022","19,420","19,718","19,718","19,155","954.03K","-0.92%"
"12/28/2022","19,600","19,700","19,819","19,536","1.15M","-0.51%"
"12/23/2022","19,700","19,618","19,822","19,417","753.14K","0.86%"
"12/22/2022","19,532","19,800","19,899","19,416","785.37K","-1.35%"
"12/21/2022","19,800","19,850","19,850","19,452","736.75K","0.51%"
"12/20/2022","19,699","19,320","19,883","19,320","1.08M","0.04%"
"12/19/2022","19,691","19,050","19,796","18,950","2.95M","3.86%"
"12/15/2022","18,960","19,200","19,487","18,763","8.75M","-2.35%"
"12/14/2022","19,417","19,279","19,752","19,217","2.32M","-0.13%"
"12/13/2022","19,442","19,600","19,610","19,137","1.72M","-0.09%"
"12/12/2022","19,460","19,351","19,638","19,351","1.88M","-0.28%"
"12/09/2022","19,514","19,500","19,729","19,383","2.07M","0.12%"
"12/08/2022","19,490","19,740","19,771","19,368","1.75M","-0.47%"
"12/07/2022","19,582","19,587","19,706","19,273","2.44M","0.50%"
"12/06/2022","19,485","19,101","19,600","19,101","1.78M","1.63%"
"12/05/2022","19,173","19,200","19,678","19,111","3.37M","1.47%"
"12/02/2022","18,895","18,949","19,168","18,161","5.39M","1.91%"
"12/01/2022","18,540","20,700","20,700","18,540","7.52M","-9.64%"
"11/30/2022","20,519","20,144","20,587","20,025","4.16M","1.49%"
"11/29/2022","20,218","20,618","20,998","20,136","1.86M","-1.94%"
"11/28/2022","20,618","20,879","20,879","20,469","2.21M","-0.79%"
"11/25/2022","20,782","20,500","20,872","20,282","1.00M","0.95%"
"11/24/2022","20,586","20,700","20,793","20,440","1.06M","-0.68%"
"11/23/2022","20,727","21,000","21,098","20,581","2.47M","-0.87%"
"11/22/2022","20,908","20,411","21,100","20,365","3.04M","2.04%"
"11/21/2022","20,491","20,112","20,543","20,039","2.56M","1.32%"
"11/18/2022","20,224","20,200","20,390","20,031","1.81M","1.21%"
"11/17/2022","19,983","19,510","20,070","19,510","3.17M","1.35%"
"11/16/2022","19,717","19,700","19,906","19,597","2.07M","0.50%"
"11/15/2022","19,619","19,735","19,827","19,410","3.08M","-1.97%"
"11/14/2022","20,014","20,000","20,225","19,615","1.74M","0.96%"
"11/11/2022","19,823","20,000","20,322","19,691","2.75M","-0.43%"
"11/10/2022","19,908","19,100","19,948","19,100","3.35M","0.66%"
"11/09/2022","19,777","20,000","20,057","19,715","2.22M","-1.48%"
"11/08/2022","20,075","20,050","20,239","19,991","1.31M","-0.69%"
"11/07/2022","20,215","19,848","20,250","19,848","2.14M","0.77%"
"11/04/2022","20,061","19,836","20,061","19,531","2.14M","2.59%"
"11/03/2022","19,555","19,795","19,845","19,377","2.67M","-1.22%"
"11/02/2022","19,797","19,840","19,840","19,520","2.13M","0.38%"
"11/01/2022","19,723","20,009","20,103","19,577","1.89M","-1.26%"
"10/31/2022","19,974","20,300","20,436","19,884","1.94M","-0.75%"
"10/28/2022","20,125","20,061","20,191","19,698","2.54M","-0.80%"
"10/27/2022","20,288","19,980","20,300","19,917","1.78M","0.35%"
"10/26/2022","20,217","19,572","20,294","19,572","3.85M","2.99%"
"10/25/2022","19,630","19,350","19,696","19,199","2.42M","1.57%"
"10/24/2022","19,327","19,199","19,327","18,911","2.45M","1.20%"
"10/21/2022","19,097","18,895","19,240","18,691","2.01M","-0.05%"
"10/20/2022","19,106","19,350","19,350","18,759","3.01M","-1.05%"
"10/19/2022","19,308","18,600","19,350","18,600","3.82M","3.18%"
"10/18/2022","18,713","18,747","18,968","18,582","2.86M","-0.49%"
"10/17/2022","18,806","18,159","18,905","17,882","2.97M","3.47%"
"10/14/2022","18,176","18,499","18,499","18,088","2.89M","0.74%"
"10/13/2022","18,042","17,880","18,128","17,647","2.78M","0.84%"
"10/12/2022","17,892","17,801","18,045","17,653","2.84M","0.25%"
"10/11/2022","17,847","17,606","17,861","17,476","2.72M","1.37%"
"10/10/2022","17,606","17,655","17,690","17,290","1.62M","0.62%"
"10/07/2022","17,497","17,390","17,497","17,256","1.30M","0.77%"
"10/06/2022","17,364","17,500","17,684","17,362","1.93M","-0.58%"
"10/05/2022","17,466","17,550","17,838","17,333","3.16M","-0.90%"
"10/04/2022","17,625","17,628","18,063","17,588","3.72M","-0.01%"
"10/03/2022","17,627","17,663","17,727","17,494","1.48M","-0.20%"
"09/30/2022","17,663","17,561","17,842","17,467","3.15M","0.83%"
"09/29/2022","17,517","17,998","17,998","17,425","2.44M","-2.22%"
"09/28/2022","17,915","17,992","17,992","17,486","3.60M","-0.96%"
"09/27/2022","18,088","18,250","18,250","17,749","3.95M","1.14%"
"09/26/2022","17,885","17,652","17,990","17,648","3.49M","-0.35%"
"09/23/2022","17,947","18,002","18,280","17,777","3.70M","-1.41%"
"09/22/2022","18,203","17,955","18,364","17,922","3.38M","-0.53%"
"09/21/2022","18,300","18,201","18,361","18,107","2.86M","-0.23%"
"09/20/2022","18,343","18,030","18,518","18,002","5.34M","2.00%"
"09/19/2022","17,984","17,901","18,065","17,607","3.45M","-0.69%"
"09/16/2022","18,109","18,011","18,276","18,011","6.53M","-0.66%"
"09/15/2022","18,230","18,109","18,282","17,925","6.93M","2.20%"
"09/14/2022","17,838","17,970","18,144","17,800","2.31M","-3.94%"
"09/13/2022","18,569","18,790","18,866","18,463","2.96M","-1.35%"
"09/12/2022","18,823","18,775","19,050","18,750","2.77M","0.38%"
"09/09/2022","18,751","18,310","18,880","18,269","3.95M","2.70%"
"09/08/2022","18,258","17,850","18,367","17,850","4.22M","1.55%"
"09/07/2022","17,980","18,550","18,550","17,808","2.97M","-1.73%"
"09/06/2022","18,297","18,531","18,611","18,253","3.12M","-0.72%"
"09/05/2022","18,429","17,980","18,513","17,650","11.19M","2.14%"
"09/02/2022","18,043","17,870","18,384","17,850","8.35M","1.31%"
"09/01/2022","17,810","17,250","17,870","17,225","17.12M","0.04%"
"08/31/2022","17,802","18,100","18,406","17,710","3.16M","-2.08%"
"08/30/2022","18,181","18,501","18,720","18,095","2.87M","-1.91%"
"08/29/2022","18,535","18,500","18,720","18,300","3.05M","-1.93%"
"08/26/2022","18,899","18,450","19,120","18,450","2.55M","1.60%"
"08/25/2022","18,601","18,449","18,700","18,382","2.82M","1.10%"
"08/24/2022","18,399","18,490","18,624","18,200","2.08M","-1.09%"
"08/23/2022","18,601","18,399","18,665","18,246","3.09M","0.83%"
"08/22/2022","18,447","18,480","18,500","17,894","4.01M","-0.19%"
"08/19/2022","18,482","19,049","19,049","18,300","4.32M","-2.73%"
"08/18/2022","19,000","18,822","19,050","18,700","3.27M","1.41%"
"08/17/2022","18,736","18,611","18,916","18,466","2.95M","0.34%"
"08/16/2022","18,672","18,888","19,157","18,655","2.96M","-0.81%"
"08/15/2022","18,825","18,850","18,904","18,654","3.44M","1.15%"
"08/12/2022","18,611","18,350","18,675","18,128","1.97M","1.72%"
"08/11/2022","18,297","18,105","18,473","18,105","2.16M","1.09%"
"08/10/2022","18,100","17,800","18,313","17,800","4.09M","0.98%"
"08/08/2022","17,924","17,820","18,000","17,781","1.58M","0.68%"
"08/05/2022","17,803","17,569","17,899","17,552","1.88M","1.71%"
"08/04/2022","17,504","17,015","17,678","17,015","4.32M","1.37%"
"08/03/2022","17,268","17,100","17,300","16,744","4.21M","2.85%"
"08/02/2022","16,790","16,801","17,196","16,642","2.33M","-1.10%"
"08/01/2022","16,976","16,900","17,232","16,750","1.53M","-0.15%"
"07/29/2022","17,002","16,947","17,241","16,906","2.38M","0.40%"
"07/28/2022","16,934","16,999","17,217","16,646","2.96M","0.26%"
"07/27/2022","16,890","16,553","16,998","16,553","904.59K","0.01%"
"07/26/2022","16,888","16,655","17,083","16,655","1.64M","0.82%"
"07/25/2022","16,750","16,601","16,926","16,552","1.37M","0.00%"
"07/22/2022","16,750","17,025","17,167","16,750","1.82M","-0.95%"
"07/21/2022","16,910","16,485","17,108","16,323","2.95M","2.98%"
"07/20/2022","16,420","16,290","16,624","16,284","3.02M","0.80%"
"07/19/2022","16,290","16,075","16,320","15,800","2.28M","1.67%"
"07/18/2022","16,022","15,500","16,107","15,500","2.43M","2.96%"
"07/15/2022","15,561","15,033","15,695","15,033","2.18M","2.34%"
"07/14/2022","15,205","15,799","15,799","15,002","2.36M","-2.22%"
"07/13/2022","15,550","15,799","15,980","15,414","1.71M","-2.20%"
"07/12/2022","15,900","15,411","15,960","15,411","1.86M","2.51%"
"07/11/2022","15,510","15,416","15,744","15,357","1.10M","-1.35%"
"07/08/2022","15,723","15,800","15,900","15,435","3.04M","0.72%"
"07/07/2022","15,610","15,425","15,854","15,404","3.21M","1.89%"
"07/06/2022","15,321","15,316","15,593","15,182","2.67M","0.03%"
"07/05/2022","15,316","15,990","15,990","15,253","2.51M","-2.97%"
"07/04/2022","15,785","15,515","15,930","15,445","2.19M","2.04%"
"07/01/2022","15,470","15,253","15,917","15,217","2.76M","0.06%"
"06/30/2022","15,460","15,650","15,736","15,302","3.66M","-1.90%"
"06/29/2022","15,759","15,950","15,977","15,616","2.02M","-1.51%"
"06/28/2022","16,000","15,905","16,173","15,745","3.53M","1.27%"
"06/27/2022","15,799","16,465","16,852","15,799","4.28M","-4.01%"
"06/24/2022","16,459","16,210","16,670","16,210","4.05M","0.90%"
"06/23/2022","16,312","16,340","16,598","16,232","2.35M","-1.81%"
"06/22/2022","16,612","16,632","16,722","16,285","4.06M","-0.98%"
"06/21/2022","16,777","16,805","17,060","16,707","4.69M","1.68%"
"06/20/2022","16,500","15,930","16,562","15,850","1.27M","3.77%"
"06/17/2022","15,900","16,016","16,365","15,885","5.60M","-3.89%"
"06/15/2022","16,543","16,240","16,597","15,929","7.04M","1.85%"
"06/14/2022","16,243","16,459","16,479","16,029","3.60M","1.48%"
"06/13/2022","16,006","16,000","16,051","15,531","4.04M","-0.76%"
"06/10/2022","16,129","16,250","16,700","16,086","2.29M","-1.53%"
"06/09/2022","16,380","16,723","16,891","16,380","2.28M","-1.46%"
"06/08/2022","16,623","16,784","16,997","16,584","1.92M","-1.31%"
"06/07/2022","16,843","17,198","17,260","16,778","3.11M","-3.28%"
"06/06/2022","17,415","17,770","17,782","17,356","1.97M","-2.78%"
"06/03/2022","17,913","18,015","18,141","17,748","1.39M","1.31%"
"06/02/2022","17,681","18,176","18,284","17,608","1.52M","-1.44%"
"06/01/2022","17,940","18,330","18,512","17,800","2.70M","-2.33%"
"05/31/2022","18,368","17,800","18,368","17,706","5.98M","1.99%"
"05/30/2022","18,010","17,480","18,010","17,323","3.98M","4.12%"
"05/27/2022","17,297","16,839","17,398","16,777","2.21M","2.90%"
"05/26/2022","16,809","16,020","16,850","16,020","2.74M","3.62%"
"05/25/2022","16,221","16,510","16,839","16,161","2.58M","-2.92%"
"05/24/2022","16,709","16,500","16,931","16,500","1.56M","-0.77%"
"05/23/2022","16,839","16,501","16,961","16,501","2.29M","1.71%"
"05/20/2022","16,556","16,618","17,004","16,556","3.54M","-1.06%"
"05/19/2022","16,734","16,600","16,799","16,361","2.34M","-1.38%"
"05/18/2022","16,968","17,024","17,077","16,819","3.09M","1.16%"
"05/17/2022","16,773","17,000","17,123","16,773","2.79M","-0.63%"
"05/16/2022","16,879","16,441","16,930","16,441","2.31M","0.79%"
"05/13/2022","16,747","16,361","16,820","16,361","3.62M","1.48%"
"05/12/2022","16,502","16,190","16,502","15,996","4.91M","1.12%"
"05/11/2022","16,320","16,309","16,387","15,888","2.79M","0.49%"
"05/10/2022","16,240","15,850","16,585","15,828","5.04M","2.79%"
"05/09/2022","15,799","15,850","15,933","15,449","2.67M","-0.20%"
"05/06/2022","15,831","16,283","16,283","15,603","3.60M","-2.78%"
"05/05/2022","16,283","16,751","16,855","16,202","2.14M","-2.29%"
"05/04/2022","16,664","16,701","16,988","16,570","2.43M","-1.16%"
"05/03/2022","16,860","17,180","17,290","16,683","2.51M","-1.89%"
"04/29/2022","17,184","17,295","17,400","17,184","2.79M","0.17%"
"04/28/2022","17,155","17,088","17,219","16,914","3.92M","1.08%"
"04/26/2022","16,972","16,850","17,188","16,497","5.81M","2.49%"
"04/25/2022","16,560","16,450","16,812","16,291","19.99M","-0.27%"
"04/22/2022","16,605","16,750","17,003","16,556","4.94M","-1.42%"
"04/21/2022","16,845","16,550","17,220","16,550","19.25M","-4.83%"
"04/20/2022","17,700","17,401","18,270","17,401","2.45M","-3.33%"
"04/19/2022","18,310","17,980","18,448","17,619","3.42M","3.11%"
"04/14/2022","17,758","17,757","17,874","17,434","2.22M","0.61%"
"04/13/2022","17,651","18,075","18,090","17,550","2.27M","-1.40%"
"04/12/2022","17,902","18,053","18,204","17,846","1.86M","-1.94%"
"04/11/2022","18,256","18,100","18,428","17,974","2.02M","0.10%"
"04/08/2022","18,238","18,321","18,671","18,130","2.34M","-1.38%"
"04/07/2022","18,494","18,610","18,712","18,202","1.81M","-0.61%"
"04/06/2022","18,607","18,200","18,638","18,200","2.39M","2.28%"
"04/05/2022","18,192","18,800","18,955","18,055","2.80M","-3.51%"
"04/04/2022","18,854","19,101","19,154","18,745","2.11M","-1.29%"
"04/01/2022","19,100","19,050","19,492","18,994","2.45M","0.29%"
"03/31/2022","19,044","18,932","19,226","18,802","2.17M","0.98%"
"03/30/2022","18,860","19,480","19,480","18,817","2.23M","-1.95%"
"03/29/2022","19,236","19,091","19,536","18,979","2.39M","0.19%"
"03/28/2022","19,200","18,746","19,382","18,746","1.74M","2.12%"
"03/25/2022","18,802","18,750","19,061","18,682","2.08M","0.28%"
"03/24/2022","18,750","18,700","19,078","18,672","1.55M","-0.50%"
"03/23/2022","18,845","18,850","19,180","18,693","2.38M","-0.07%"
"03/22/2022","18,859","18,650","19,124","18,618","2.38M","2.13%"
"03/18/2022","18,465","18,888","18,888","18,220","6.27M","-0.69%"
"03/17/2022","18,593","18,780","19,258","18,480","7.02M","-1.00%"
"03/16/2022","18,780","17,800","18,796","17,385","5.74M","7.46%"
"03/15/2022","17,477","17,600","17,634","17,140","3.01M","-1.51%"
"03/14/2022","17,745","17,455","17,974","17,378","4.21M","2.51%"
"03/11/2022","17,311","16,651","17,518","16,651","2.14M","3.97%"
"03/10/2022","16,650","16,699","16,847","16,491","2.15M","1.77%"
"03/09/2022","16,360","15,631","16,425","15,631","3.49M","2.52%"
"03/08/2022","15,958","15,640","16,222","15,640","2.86M","-0.64%"
"03/07/2022","16,060","16,900","16,911","15,642","4.34M","-5.94%"
"03/04/2022","17,074","18,343","18,599","17,074","4.34M","-7.21%"
"03/03/2022","18,400","17,799","18,400","17,650","2.60M","3.73%"
"03/02/2022","17,738","17,481","17,875","17,297","4.11M","-0.47%"
"03/01/2022","17,821","17,477","18,270","17,477","2.90M","0.89%"
"02/28/2022","17,664","17,850","17,850","17,274","6.48M","-0.32%"
"02/25/2022","17,720","17,126","17,825","16,976","1.83M","2.78%"
"02/24/2022","17,241","17,260","17,350","16,650","3.83M","-2.33%"
"02/23/2022","17,653","17,001","18,128","17,001","1.95M","1.59%"
"02/22/2022","17,376","17,418","17,576","16,878","1.99M","-0.24%"
"02/21/2022","17,418","17,300","17,706","17,300","1.34M","0.43%"
"02/18/2022","17,343","17,681","17,704","17,205","2.44M","-1.46%"
"02/17/2022","17,600","18,031","18,208","17,423","3.25M","-2.79%"
"02/16/2022","18,105","18,001","18,350","17,950","2.31M","0.09%"
"02/15/2022","18,089","17,900","18,513","17,900","3.03M","2.91%"
"02/14/2022","17,577","17,250","17,581","17,075","2.03M","0.03%"
"02/11/2022","17,571","17,350","17,599","17,315","1.77M","0.25%"
"02/10/2022","17,527","17,550","17,575","17,277","1.64M","1.34%"
"02/09/2022","17,295","16,856","17,565","16,856","2.40M","-0.89%"
"02/08/2022","17,450","16,980","17,599","16,980","2.55M","1.91%"
"02/07/2022","17,123","16,801","17,327","16,801","1.14M","0.91%"
"02/04/2022","16,969","17,100","17,130","16,800","896.09K","0.07%"
"02/03/2022","16,957","16,900","17,015","16,705","1.08M","1.20%"
"02/02/2022","16,756","17,100","17,100","16,687","1.48M","-0.94%"
"02/01/2022","16,915","17,200","17,252","16,807","1.58M","-0.43%"
"01/31/2022","16,988","16,900","17,285","16,739","2.73M","0.91%"
"01/28/2022","16,835","16,589","16,860","16,267","1.74M","1.85%"
"01/27/2022","16,529","15,616","16,584","15,616","2.22M","2.54%"
"01/26/2022","16,119","15,650","16,256","15,650","1.28M","1.18%"
"01/25/2022","15,931","15,608","16,039","15,608","2.37M","1.16%"
"01/24/2022","15,748","16,000","16,354","15,723","2.56M","-2.78%"
"01/21/2022","16,198","16,500","16,500","15,971","1.61M","0.37%"
"01/20/2022","16,139","16,200","16,272","15,889","1.86M","-0.01%"
"01/19/2022","16,141","16,145","16,348","15,975","1.04M","0.01%"
"01/18/2022","16,139","16,050","16,395","15,797","1.50M","-0.92%"
"01/17/2022","16,289","16,242","16,500","16,231","1.15M","0.29%"
"01/14/2022","16,242","16,600","16,600","16,231","1.44M","-1.37%"
"01/13/2022","16,467","16,101","16,639","16,080","1.98M","1.27%"
"01/12/2022","16,261","16,367","16,429","16,093","2.11M","-0.65%"
"01/11/2022","16,367","16,305","16,636","16,249","2.02M","-0.81%"
"01/10/2022","16,501","16,280","16,642","16,280","960.95K","0.01%"
"01/07/2022","16,500","16,200","16,544","16,092","1.55M","0.59%"
"01/06/2022","16,404","16,000","16,440","15,840","2.56M","1.91%"
"01/05/2022","16,096","15,973","16,202","15,838","1.25M","0.87%"
"01/04/2022","15,957","15,680","16,009","15,679","914.65K","1.83%"
"01/03/2022","15,671","15,400","15,708","15,364","742.48K","2.73%"
"12/31/2021","15,255","15,171","15,491","15,171","646.69K","-1.58%"
"12/30/2021","15,500","15,305","15,500","15,178","813.61K","2.03%"
"12/29/2021","15,192","15,050","15,244","15,039","407.21K","0.45%"
"12/28/2021","15,124","14,951","15,168","14,883","653.28K","1.29%"
"12/24/2021","14,931","15,060","15,060","14,867","169.25K","-0.47%"
"12/23/2021","15,001","15,000","15,001","14,833","585.20K","1.27%"
"12/22/2021","14,813","14,507","14,893","14,507","609.46K","0.18%"
"12/21/2021","14,787","14,500","14,982","14,500","1.60M","2.30%"
"12/20/2021","14,454","14,680","14,763","14,194","1.82M","-2.91%"
"12/17/2021","14,887","14,800","15,114","14,723","3.59M","1.51%"
"12/15/2021","14,666","14,351","14,817","14,351","6.44M","0.37%"
"12/14/2021","14,612","14,548","14,798","14,476","2.24M","0.44%"
"12/13/2021","14,548","14,800","14,989","14,454","2.45M","-2.20%"
"12/10/2021","14,876","14,900","15,244","14,739","1.90M","-1.79%"
"12/09/2021","15,147","15,200","15,301","15,031","3.19M","-0.04%"
"12/08/2021","15,153","15,005","15,238","14,934","2.52M","0.92%"
"12/07/2021","15,015","14,961","15,118","14,663","4.14M","0.60%"
"12/06/2021","14,926","14,581","15,164","14,350","5.06M","2.61%"
"12/03/2021","14,547","14,233","14,769","14,229","4.67M","4.24%"
"12/02/2021","13,955","13,830","14,100","13,760","2.82M","0.78%"
"12/01/2021","13,847","13,500","13,928","13,489","2.60M","3.34%"
"11/30/2021","13,400","12,910","13,411","12,910","7.84M","1.58%"
"11/29/2021","13,192","12,700","13,321","12,651","4.21M","5.58%"
"11/26/2021","12,495","13,250","13,306","12,300","6.44M","-8.91%"
"11/25/2021","13,717","13,280","13,718","13,280","2.11M","2.29%"
"11/24/2021","13,410","13,800","13,993","13,239","1.89M","-2.62%"
"11/23/2021","13,771","13,500","13,832","13,500","1.92M","0.72%"
"11/22/2021","13,672","13,500","13,836","13,500","1.82M","1.09%"
"11/19/2021","13,525","14,070","14,165","13,370","2.10M","-3.63%"
"11/18/2021","14,034","14,069","14,070","13,730","2.33M","0.89%"
"11/17/2021","13,910","13,700","14,059","13,700","1.60M","0.92%"
"11/16/2021","13,783","14,070","14,070","13,773","1.93M","-0.60%"
"11/15/2021","13,866","13,601","13,976","13,601","2.03M","2.33%"
"11/12/2021","13,550","13,860","13,911","13,506","1.37M","-2.13%"
"11/11/2021","13,845","13,905","14,050","13,716","2.27M","-0.87%"
"11/10/2021","13,967","13,900","14,209","13,900","1.08M","-0.61%"
"11/09/2021","14,053","13,851","14,332","13,851","1.56M","-0.33%"
"11/08/2021","14,099","14,000","14,285","13,939","1.27M","-0.08%"
"11/05/2021","14,110","14,050","14,436","13,981","1.78M","-1.91%"
"11/04/2021","14,385","14,500","14,707","14,267","1.72M","0.74%"
"11/03/2021","14,279","14,040","14,534","14,040","1.29M","-1.37%"
"11/02/2021","14,477","14,119","14,477","13,954","3.13M","3.41%"
"10/29/2021","14,000","13,970","14,046","13,825","2.90M","0.04%"
"10/28/2021","13,995","14,115","14,300","13,995","1.54M","-1.84%"
"10/27/2021","14,258","14,300","14,417","14,192","1.37M","-1.40%"
"10/26/2021","14,461","14,451","14,499","14,251","1.55M","0.96%"
"10/25/2021","14,323","14,380","14,468","14,172","1.26M","1.31%"
"10/22/2021","14,138","14,150","14,318","14,071","1.26M","0.06%"
"10/21/2021","14,130","14,500","14,500","14,050","1.22M","-1.62%"
"10/20/2021","14,362","14,317","14,594","14,181","1.80M","0.29%"
"10/19/2021","14,321","14,526","14,567","14,250","913.08K","-1.40%"
"10/18/2021","14,525","14,300","14,570","14,300","1.12M","1.79%"
"10/15/2021","14,269","14,755","14,755","14,187","1.80M","-0.56%"
"10/14/2021","14,350","14,799","14,799","14,304","1.53M","-1.10%"
"10/13/2021","14,510","14,790","14,790","14,483","1.45M","0.11%"
"10/12/2021","14,494","14,282","14,590","14,203","2.03M","1.36%"
"10/11/2021","14,300","14,340","14,497","14,290","1.05M","-0.28%"
"10/08/2021","14,340","14,860","14,896","14,340","2.61M","-2.62%"
"10/07/2021","14,726","15,075","15,075","14,630","2.02M","-1.42%"
"10/06/2021","14,938","15,200","15,250","14,790","1.66M","-0.48%"
"10/05/2021","15,010","15,125","15,356","14,947","1.77M","-0.79%"
"10/04/2021","15,129","15,290","15,424","14,950","2.19M","-1.27%"
"10/01/2021","15,324","15,001","16,000","15,001","2.40M","0.37%"
"09/30/2021","15,267","15,100","15,396","14,938","3.57M","1.49%"
"09/29/2021","15,043","14,600","15,100","14,600","1.39M","2.30%"
"09/28/2021","14,705","14,180","14,874","14,180","3.46M","4.08%"
"09/27/2021","14,128","14,439","14,509","13,981","2.09M","-2.45%"
"09/23/2021","14,483","14,338","14,564","14,194","1.80M","1.02%"
"09/22/2021","14,337","14,200","14,400","14,200","1.13M","2.25%"
"09/21/2021","14,021","14,144","14,156","13,886","1.61M","0.91%"
"09/20/2021","13,895","14,333","14,333","13,746","3.09M","-3.25%"
"09/17/2021","14,362","14,600","14,700","14,103","6.74M","-0.26%"
"09/16/2021","14,400","14,986","15,161","14,388","7.94M","-4.59%"
"09/15/2021","15,092","15,012","15,188","14,888","1.52M","-0.63%"
"09/14/2021","15,187","15,400","15,400","15,043","1.55M","0.57%"
"09/13/2021","15,101","15,001","15,210","14,805","1.74M","0.85%"
"09/10/2021","14,973","14,924","15,099","14,865","1.30M","0.10%"
"09/09/2021","14,958","15,145","15,145","14,809","2.43M","-1.38%"
"09/08/2021","15,168","14,958","15,264","14,957","1.64M","0.45%"
"09/07/2021","15,100","15,050","15,233","14,880","1.66M","-0.66%"
"09/06/2021","15,200","15,062","15,255","14,984","1.20M","0.35%"
"09/03/2021","15,147","15,217","15,233","15,010","1.19M","-0.49%"
"09/02/2021","15,222","15,500","15,545","15,024","2.48M","-0.55%"
"09/01/2021","15,306","16,000","16,000","15,126","2.48M","-3.16%"
"08/31/2021","15,805","15,415","15,926","15,410","4.02M","2.56%"
"08/30/2021","15,410","15,750","15,775","15,384","1.57M","-2.40%"
"08/27/2021","15,789","15,600","15,828","15,600","2.65M","1.35%"
"08/26/2021","15,578","15,559","15,800","15,558","2.00M","-0.50%"
"08/25/2021","15,657","15,400","15,729","15,287","3.90M","1.77%"
"08/24/2021","15,384","15,395","15,478","15,168","2.20M","0.77%"
"08/23/2021","15,266","15,350","15,350","14,850","1.64M","2.10%"
"08/20/2021","14,952","15,398","15,398","14,760","1.30M","-0.56%"
"08/19/2021","15,036","15,283","15,488","14,888","4.06M","-2.60%"
"08/18/2021","15,438","14,950","15,471","14,874","3.38M","2.99%"
"08/17/2021","14,990","14,900","15,126","14,837","4.94M","0.65%"
"08/16/2021","14,893","14,550","14,963","14,550","2.15M","1.59%"
"08/13/2021","14,660","14,849","14,849","14,533","1.46M","-0.63%"
"08/12/2021","14,753","14,501","14,825","14,416","2.55M","0.66%"
"08/11/2021","14,656","14,601","14,909","14,535","2.59M","-0.70%"
"08/10/2021","14,760","15,020","15,096","14,603","2.68M","-1.49%"
"08/06/2021","14,983","15,301","15,331","14,798","2.23M","0.61%"
"08/05/2021","14,892","13,900","14,892","13,875","4.49M","8.28%"
"08/04/2021","13,753","13,857","13,989","13,724","1.50M","-0.64%"
"08/03/2021","13,841","13,550","13,865","13,550","1.68M","1.92%"
"08/02/2021","13,580","13,643","13,822","13,528","1.11M","-0.46%"
"07/30/2021","13,643","13,440","13,754","13,166","3.04M","1.51%"
"07/29/2021","13,440","13,200","13,717","13,200","1.60M","0.67%"
"07/28/2021","13,350","13,051","13,552","13,051","950.53K","0.42%"
"07/27/2021","13,294","13,047","13,414","13,047","1.85M","0.62%"
"07/26/2021","13,212","13,574","13,574","13,152","1.31M","-1.40%"
"07/23/2021","13,400","13,460","13,557","13,321","1.21M","1.11%"
"07/22/2021","13,253","13,200","13,440","13,179","2.57M","1.06%"
"07/21/2021","13,114","13,119","13,277","13,019","1.78M","-0.42%"
"07/20/2021","13,169","12,800","13,195","12,800","1.72M","2.28%"
"07/19/2021","12,876","12,930","13,180","12,801","1.13M","-2.26%"
"07/16/2021","13,174","13,110","13,421","13,105","1.85M","-0.27%"
"07/15/2021","13,210","13,400","13,443","13,048","1.40M","0.04%"
"07/14/2021","13,205","13,150","13,318","12,671","3.03M","1.47%"
"07/13/2021","13,014","13,765","13,765","12,950","3.65M","-5.13%"
"07/12/2021","13,718","13,800","13,800","13,345","1.96M","-1.44%"
"07/09/2021","13,918","13,423","13,989","13,423","2.66M","2.94%"
"07/08/2021","13,520","13,290","13,583","13,227","2.40M","1.49%"
"07/07/2021","13,322","13,350","13,450","13,183","2.14M","0.70%"
"07/06/2021","13,230","13,310","13,462","13,096","2.10M","-0.59%"
"07/05/2021","13,309","13,200","13,431","13,061","1.84M","0.23%"
"07/02/2021","13,279","13,621","13,621","13,194","2.09M","-1.43%"
"07/01/2021","13,472","13,405","13,708","13,405","3.58M","-0.74%"
"06/30/2021","13,572","13,505","13,809","13,340","3.51M","0.47%"
"06/29/2021","13,508","13,165","13,647","13,143","1.95M","2.61%"
"06/28/2021","13,165","13,559","13,559","13,032","2.24M","-2.83%"
"06/25/2021","13,549","13,745","13,745","13,489","1.72M","1.11%"
"06/24/2021","13,400","13,355","13,588","13,208","1.45M","0.75%"
"06/23/2021","13,300","13,200","13,351","13,059","2.22M","1.96%"
"06/22/2021","13,044","13,176","13,422","13,001","2.71M","-0.70%"
"06/21/2021","13,136","13,024","13,445","13,024","2.54M","-0.99%"
"06/18/2021","13,267","13,592","13,827","13,256","5.28M","-2.92%"
"06/17/2021","13,666","14,150","14,250","13,603","10.50M","-4.37%"
"06/15/2021","14,290","14,700","14,774","14,090","2.91M","-2.98%"
"06/14/2021","14,729","14,351","14,845","14,351","1.46M","0.59%"
"06/11/2021","14,643","14,900","14,900","14,485","1.78M","-0.72%"
"06/10/2021","14,749","14,850","14,850","14,614","2.45M","-0.36%"
"06/09/2021","14,803","14,141","14,803","14,141","2.75M","4.34%"
"06/08/2021","14,187","14,303","14,490","14,079","2.14M","-0.83%"
"06/07/2021","14,306","14,200","14,465","14,056","1.56M","0.99%"
"06/04/2021","14,166","14,209","14,300","13,870","2.59M","-0.31%"
"06/03/2021","14,210","14,230","14,543","14,039","3.46M","-0.75%"
"06/02/2021","14,317","14,157","14,399","14,070","2.00M","0.83%"
"06/01/2021","14,199","14,280","14,478","13,991","2.33M","-0.82%"
"05/31/2021","14,316","14,283","14,443","14,221","1.12M","0.24%"
"05/28/2021","14,282","14,085","14,660","14,022","4.27M","1.61%"
"05/27/2021","14,056","13,450","14,142","13,450","5.30M","2.91%"
"05/26/2021","13,659","13,352","13,709","13,300","2.23M","2.30%"
"05/25/2021","13,352","12,800","13,426","12,800","3.09M","3.68%"
"05/24/2021","12,878","12,923","12,999","12,781","3.06M","-0.35%"
"05/21/2021","12,923","12,754","12,937","12,670","3.61M","1.94%"
"05/20/2021","12,677","12,597","12,707","12,437","1.63M","0.96%"
"05/19/2021","12,556","12,351","12,775","12,351","2.49M","-0.59%"
"05/18/2021","12,630","12,614","12,655","12,456","2.10M","1.50%"
"05/17/2021","12,443","12,350","12,540","12,301","2.69M","-0.22%"
"05/14/2021","12,470","12,300","12,550","12,300","4.42M","1.80%"
"05/13/2021","12,250","12,500","12,550","12,150","3.89M","-1.07%"
"05/12/2021","12,382","12,445","12,530","12,125","1.40M","-0.27%"
"05/11/2021","12,416","12,394","12,578","12,211","1.40M","-0.58%"
"05/10/2021","12,489","12,389","12,626","12,287","2.77M","1.54%"
"05/07/2021","12,300","12,250","12,393","12,157","2.64M","0.02%"
"05/06/2021","12,297","12,174","12,437","12,130","2.83M","1.30%"
"05/05/2021","12,139","12,000","12,249","11,853","3.85M","2.15%"
"05/04/2021","11,884","12,007","12,142","11,781","2.65M","-0.78%"
"05/03/2021","11,977","12,490","12,490","11,896","1.55M","-2.19%"
"04/30/2021","12,245","12,605","12,864","12,245","3.05M","-4.82%"
"04/29/2021","12,865","12,585","13,105","12,552","4.79M","2.22%"
"04/28/2021","12,585","12,300","12,683","12,227","4.15M","1.63%"
"04/26/2021","12,383","12,300","12,474","12,230","1.93M","0.27%"
"04/23/2021","12,350","12,200","12,427","12,200","1.90M","0.00%"
"04/22/2021","12,350","12,165","12,421","12,165","2.88M","1.11%"
"04/21/2021","12,215","12,199","12,215","12,005","1.86M","1.22%"
"04/20/2021","12,068","12,375","12,375","11,925","5.41M","-4.21%"
"04/19/2021","12,599","12,692","12,823","12,545","1.28M","-1.44%"
"04/16/2021","12,783","12,739","12,899","12,658","2.02M","0.21%"
"04/15/2021","12,756","12,503","12,828","12,333","2.90M","3.71%"
"04/14/2021","12,300","12,500","12,577","12,161","3.26M","-1.36%"
"04/13/2021","12,470","12,300","12,568","12,287","2.03M","0.53%"
"04/12/2021","12,404","12,200","12,613","12,200","2.36M","0.27%"
"04/09/2021","12,370","12,220","12,475","12,162","2.20M","1.31%"
"04/08/2021","12,210","12,430","12,516","12,179","2.33M","-2.33%"
"04/07/2021","12,501","12,600","12,699","12,434","3.13M","-0.50%"
"04/06/2021","12,564","12,600","12,624","12,347","1.55M","1.18%"
"04/01/2021","12,417","12,610","12,729","12,329","2.07M","-1.52%"
"03/31/2021","12,609","13,250","13,250","12,557","2.78M","-4.43%"
"03/30/2021","13,194","12,937","13,287","12,669","3.66M","2.72%"
"03/29/2021","12,845","12,385","12,888","12,295","3.02M","4.53%"
"03/26/2021","12,288","12,144","12,472","11,962","1.70M","2.32%"
"03/25/2021","12,009","11,954","12,300","11,901","2.34M","-1.73%"
"03/24/2021","12,221","12,000","12,622","11,810","2.52M","1.00%"
"03/23/2021","12,100","12,063","12,292","11,961","2.46M","-1.05%"
"03/19/2021","12,229","12,899","12,899","12,225","6.89M","-3.67%"
"03/18/2021","12,695","12,944","13,200","12,580","7.82M","-0.02%"
"03/17/2021","12,698","12,650","13,090","12,605","2.41M","-1.29%"
"03/16/2021","12,864","13,165","13,483","12,686","3.42M","-3.28%"
"03/15/2021","13,300","13,123","13,432","13,123","3.38M","-1.24%"
"03/12/2021","13,467","13,206","13,500","13,133","2.81M","1.26%"
"03/11/2021","13,300","13,108","13,420","13,102","2.61M","0.71%"
"03/10/2021","13,206","13,059","13,291","12,900","1.79M","1.13%"
"03/09/2021","13,059","12,801","13,162","12,801","1.88M","1.31%"
"03/08/2021","12,890","12,881","13,151","12,709","2.72M","-0.55%"
"03/05/2021","12,961","12,348","12,966","12,348","1.95M","1.67%"
"03/04/2021","12,748","12,750","12,903","12,533","2.62M","1.14%"
"03/03/2021","12,604","12,699","12,808","12,523","2.32M","-0.36%"
"03/02/2021","12,650","12,200","12,750","12,200","2.24M","2.46%"
"03/01/2021","12,346","12,200","12,483","12,199","2.07M","1.75%"
"02/26/2021","12,134","12,200","12,346","11,913","4.12M","-2.07%"
"02/25/2021","12,390","12,358","12,500","12,157","3.01M","2.31%"
"02/24/2021","12,110","11,801","12,583","11,801","4.49M","1.82%"
"02/23/2021","11,893","12,337","12,467","11,650","4.23M","-3.60%"
"02/22/2021","12,337","12,350","12,622","11,976","2.87M","-0.64%"
"02/19/2021","12,416","12,965","12,965","12,240","3.93M","-1.94%"
"02/18/2021","12,662","12,702","12,995","12,639","3.36M","-1.74%"
"02/17/2021","12,886","13,000","13,120","12,716","2.94M","-2.16%"
"02/16/2021","13,170","13,236","13,468","13,058","2.62M","-1.19%"
"02/15/2021","13,329","13,406","13,595","13,151","2.93M","-0.58%"
"02/12/2021","13,407","12,700","13,464","12,700","5.38M","5.25%"
"02/11/2021","12,738","12,527","12,854","12,527","3.94M","0.39%"
"02/10/2021","12,688","12,480","12,964","12,480","3.02M","0.45%"
"02/09/2021","12,631","12,799","12,799","12,596","3.16M","-0.24%"
"02/08/2021","12,661","12,710","12,845","12,374","3.00M","-1.09%"
"02/05/2021","12,800","12,102","13,100","12,102","4.97M","6.20%"
"02/04/2021","12,053","11,880","12,086","11,651","3.77M","2.14%"
"02/03/2021","11,800","11,765","11,927","11,657","3.16M","1.29%"
"02/02/2021","11,650","11,500","11,695","11,342","3.38M","3.28%"
"02/01/2021","11,280","11,550","11,550","11,267","1.76M","-1.27%"
"01/29/2021","11,425","11,370","11,548","11,001","4.74M","-1.92%"
"01/28/2021","11,649","11,625","11,766","11,500","2.27M","-0.27%"
"01/27/2021","11,680","11,695","11,851","11,483","3.41M","1.15%"
"01/26/2021","11,547","11,790","11,790","11,208","2.58M","1.20%"
"01/25/2021","11,410","11,331","11,544","11,261","2.43M","-0.71%"
"01/22/2021","11,492","11,600","11,730","11,346","1.49M","-2.87%"
"01/21/2021","11,831","11,725","11,920","11,718","2.95M","-0.58%"
"01/20/2021","11,900","11,951","12,007","11,820","2.91M","-0.42%"
"01/19/2021","11,950","11,900","11,961","11,618","2.62M","1.93%"
"01/18/2021","11,724","11,917","11,917","11,601","2.05M","0.21%"
"01/15/2021","11,700","11,620","11,800","11,451","1.65M","0.42%"
"01/14/2021","11,651","11,720","11,923","11,543","2.11M","-1.26%"
"01/13/2021","11,800","11,994","11,994","11,709","2.54M","-0.17%"
"01/12/2021","11,820","11,650","11,883","11,650","2.77M","0.26%"
"01/11/2021","11,789","12,007","12,203","11,657","3.21M","-3.35%"
"01/08/2021","12,198","11,901","12,373","11,901","3.80M","2.72%"
"01/07/2021","11,875","11,590","11,965","11,590","3.76M","1.68%"
"01/06/2021","11,679","11,500","11,750","11,281","1.80M","1.28%"
"01/05/2021","11,531","11,600","12,000","11,110","2.44M","-2.52%"
"01/04/2021","11,829","12,250","12,250","11,615","1.07M","-1.31%"
"12/31/2020","11,986","12,180","12,198","11,973","669.07K","-0.58%"
"12/30/2020","12,056","12,150","12,283","11,997","1.00M","-0.02%"
"12/29/2020","12,059","12,049","12,177","11,925","1.03M","-1.28%"
"12/28/2020","12,215","11,880","12,382","11,880","498.41K","0.06%"
"12/24/2020","12,208","12,200","12,403","12,042","626.53K","0.78%"
"12/23/2020","12,113","11,880","12,361","11,880","960.83K","0.38%"
"12/22/2020","12,067","11,605","12,133","11,605","2.16M","1.39%"
"12/21/2020","11,901","11,801","12,050","11,335","3.21M","-2.46%"
"12/18/2020","12,201","12,200","12,247","11,856","4.26M","1.86%"
"12/17/2020","11,978","12,050","12,550","11,802","12.28M","0.43%"
"12/15/2020","11,927","11,501","11,981","11,501","2.94M","1.74%"
"12/14/2020","11,723","11,202","11,936","11,202","2.65M","0.87%"
"12/11/2020","11,622","11,200","11,650","11,083","3.71M","2.53%"
"12/10/2020","11,335","11,550","11,774","11,250","2.40M","-3.20%"
"12/09/2020","11,710","11,685","11,976","11,550","2.20M","0.73%"
"12/08/2020","11,625","11,391","11,667","11,391","1.75M","0.49%"
"12/07/2020","11,568","11,651","11,651","11,232","2.65M","-0.01%"
"12/04/2020","11,569","11,560","11,907","11,442","3.79M","0.43%"
"12/03/2020","11,519","11,400","11,641","11,126","4.10M","2.63%"
"12/02/2020","11,224","11,041","11,442","11,001","4.77M","1.66%"
"12/01/2020","11,041","10,901","11,287","10,901","3.43M","0.19%"
"11/30/2020","11,020","11,251","11,463","10,746","7.14M","-4.17%"
"11/27/2020","11,500","11,545","11,980","11,431","4.78M","-0.39%"
"11/26/2020","11,545","11,600","11,620","11,385","2.78M","0.12%"
"11/25/2020","11,531","11,390","11,621","11,182","6.24M","1.24%"
"11/24/2020","11,390","10,801","11,446","10,801","4.67M","6.01%"
"11/23/2020","10,744","10,490","10,925","10,490","3.17M","1.71%"
"11/20/2020","10,563","10,615","10,773","10,435","3.07M","-1.53%"
"11/19/2020","10,727","10,500","10,920","10,482","4.42M","0.20%"
"11/18/2020","10,706","10,580","10,818","10,441","4.22M","2.28%"
"11/17/2020","10,467","10,151","10,617","10,151","3.09M","1.92%"
"11/16/2020","10,270","10,445","10,490","10,065","3.77M","0.30%"
"11/13/2020","10,239","10,660","10,660","10,070","3.10M","-3.41%"
"11/12/2020","10,600","10,750","10,780","10,284","5.05M","-0.65%"
"11/11/2020","10,669","10,299","11,152","10,054","13.58M","5.34%"
"11/10/2020","10,128","9,858","10,277","9,615","7.98M","2.58%"
"11/09/2020","9,873","9,496","9,968","9,271","8.66M","7.20%"
"11/06/2020","9,210","9,382","9,506","9,059","4.02M","-1.83%"
"11/05/2020","9,382","9,499","9,792","9,322","3.09M","0.36%"
"11/04/2020","9,348","9,499","9,597","8,969","4.55M","-0.58%"
"11/03/2020","9,403","8,845","9,469","8,833","3.19M","7.02%"
"11/02/2020","8,786","8,779","8,920","8,579","2.69M","1.07%"
"10/30/2020","8,693","9,150","9,154","8,650","3.98M","-5.21%"
"10/29/2020","9,171","9,551","9,605","8,918","2.49M","-3.81%"
"10/28/2020","9,534","10,122","10,122","9,464","3.17M","-5.67%"
"10/27/2020","10,107","10,099","10,327","9,751","2.67M","-0.21%"
"10/26/2020","10,128","10,015","10,299","9,949","3.72M","-1.86%"
"10/23/2020","10,320","9,799","10,442","9,555","6.37M","5.02%"
"10/22/2020","9,827","9,400","9,866","9,325","4.50M","3.54%"
"10/21/2020","9,491","8,911","9,491","8,911","3.74M","4.47%"
"10/20/2020","9,085","9,149","9,183","8,974","1.73M","-0.70%"
"10/19/2020","9,149","9,093","9,150","8,813","1.39M","4.68%"
"10/16/2020","8,740","8,822","8,925","8,686","1.70M","-1.87%"
"10/15/2020","8,907","8,635","8,954","8,590","1.28M","1.93%"
"10/14/2020","8,738","8,760","8,897","8,631","2.46M","-0.65%"
"10/13/2020","8,795","8,979","9,154","8,749","1.28M","-2.77%"
"10/12/2020","9,046","9,000","9,208","8,956","1.97M","1.72%"
"10/09/2020","8,893","9,053","9,053","8,770","1.89M","-0.36%"
"10/08/2020","8,925","9,000","9,122","8,829","1.76M","-1.53%"
"10/07/2020","9,064","9,000","9,168","8,862","1.86M","0.71%"
"10/06/2020","9,000","9,200","9,318","8,924","2.22M","-2.11%"
"10/05/2020","9,194","9,210","9,490","9,181","2.31M","-1.49%"
"10/02/2020","9,333","8,915","9,353","8,749","4.26M","3.73%"
"10/01/2020","8,997","8,865","9,279","8,865","2.35M","0.73%"
"09/30/2020","8,932","8,970","9,022","8,763","2.97M","0.42%"
"09/29/2020","8,895","8,600","8,966","8,499","3.53M","1.79%"
"09/28/2020","8,739","8,215","8,772","8,215","2.18M","6.83%"
"09/25/2020","8,180","8,300","8,373","8,064","2.57M","-2.68%"
"09/23/2020","8,405","8,385","8,500","8,204","3.06M","0.84%"
"09/22/2020","8,335","8,260","8,580","8,011","3.23M","0.99%"
"09/21/2020","8,253","8,558","8,600","8,189","2.21M","-3.56%"
"09/18/2020","8,558","8,967","8,976","8,510","4.10M","-3.75%"
"09/17/2020","8,891","8,902","8,915","8,660","5.65M","-0.58%"
"09/16/2020","8,943","8,780","8,992","8,655","2.86M","1.10%"
"09/15/2020","8,846","9,198","9,198","8,723","2.37M","-1.42%"
"09/14/2020","8,973","8,925","9,139","8,916","1.45M","-0.62%"
"09/11/2020","9,029","9,294","9,294","8,921","4.32M","-2.88%"
"09/10/2020","9,297","8,925","9,423","8,773","6.97M","4.25%"
"09/09/2020","8,918","8,174","8,924","8,041","5.25M","8.18%"
"09/08/2020","8,244","7,900","8,356","7,900","2.91M","3.70%"
"09/07/2020","7,950","8,100","8,150","7,909","2.01M","-1.12%"
"09/04/2020","8,040","7,700","8,183","7,653","5.55M","4.50%"
"09/03/2020","7,694","7,700","7,923","7,537","3.91M","-2.27%"
"09/02/2020","7,873","7,981","8,087","7,765","5.41M","-2.50%"
"09/01/2020","8,075","7,725","8,135","7,628","6.06M","4.53%"
"08/31/2020","7,725","8,055","8,250","7,581","7.22M","-3.95%"
"08/28/2020","8,043","8,200","8,352","7,965","3.72M","-1.91%"
"08/27/2020","8,200","8,599","8,599","8,143","3.45M","-1.16%"
"08/26/2020","8,296","8,480","8,695","8,242","4.70M","-2.10%"
"08/25/2020","8,474","8,026","8,700","8,026","4.63M","2.10%"
"08/24/2020","8,300","8,000","8,324","7,944","3.58M","3.13%"
"08/21/2020","8,048","7,880","8,132","7,700","4.16M","4.60%"
"08/20/2020","7,694","7,781","7,919","7,680","4.14M","-2.42%"
"08/19/2020","7,885","7,791","7,952","7,668","3.93M","1.26%"
"08/18/2020","7,787","7,520","7,877","7,438","3.68M","3.04%"
"08/17/2020","7,557","7,701","7,895","7,509","3.45M","-1.22%"
"08/14/2020","7,650","7,775","7,800","7,557","2.16M","-1.34%"
"08/13/2020","7,754","7,450","7,915","7,199","7.02M","-0.77%"
"08/12/2020","7,814","7,900","8,052","7,767","2.72M","-0.94%"
"08/11/2020","7,888","7,777","7,964","7,675","4.41M","3.61%"
"08/07/2020","7,613","7,563","7,829","7,563","3.92M","0.53%"
"08/06/2020","7,573","7,998","8,022","7,565","4.86M","-2.91%"
"08/05/2020","7,800","8,000","8,000","7,691","3.28M","1.52%"
"08/04/2020","7,683","7,622","7,950","7,622","4.06M","1.52%"
"08/03/2020","7,568","8,000","8,058","7,568","3.54M","-4.54%"
"07/31/2020","7,928","8,399","8,399","7,903","5.86M","-3.49%"
"07/30/2020","8,215","8,750","8,774","8,178","3.94M","-5.94%"
"07/29/2020","8,734","8,400","8,800","8,400","3.80M","2.98%"
"07/28/2020","8,481","8,500","8,577","8,306","2.88M","0.44%"
"07/27/2020","8,444","8,501","8,658","8,238","2.45M","-0.58%"
"07/24/2020","8,493","8,589","8,645","8,474","2.78M","-1.46%"
"07/23/2020","8,619","9,050","9,050","8,586","2.99M","-4.76%"
"07/22/2020","9,050","9,132","9,202","8,780","2.09M","-0.90%"
"07/21/2020","9,132","9,100","9,310","9,097","1.91M","0.58%"
"07/20/2020","9,079","9,279","9,279","8,947","1.50M","0.28%"
"07/17/2020","9,054","9,270","9,270","8,923","1.64M","-1.10%"
"07/16/2020","9,155","8,750","9,257","8,586","4.11M","2.77%"
"07/15/2020","8,908","8,800","9,066","8,721","3.81M","1.88%"
"07/14/2020","8,744","8,845","8,937","8,625","2.93M","-1.93%"
"07/13/2020","8,916","8,657","8,921","8,649","2.98M","3.67%"
"07/10/2020","8,600","8,290","8,615","8,050","4.93M","2.54%"
"07/09/2020","8,387","8,480","8,535","8,131","4.72M","-0.08%"
"07/08/2020","8,394","8,200","8,487","8,029","5.15M","2.91%"
"07/07/2020","8,157","8,230","8,377","8,075","5.14M","-2.66%"
"07/06/2020","8,380","8,612","8,674","8,264","2.28M","-0.12%"
"07/03/2020","8,390","8,450","8,530","8,273","1.70M","-1.13%"
"07/02/2020","8,486","8,424","8,597","8,279","5.23M","2.69%"
"07/01/2020","8,264","8,550","8,737","8,132","5.22M","-3.12%"
"06/30/2020","8,530","8,804","8,931","8,522","5.20M","-3.75%"
"06/29/2020","8,862","8,501","8,862","8,394","3.13M","2.74%"
"06/26/2020","8,626","9,000","9,210","8,607","3.06M","-4.01%"
"06/25/2020","8,986","8,788","9,052","8,600","3.90M","1.84%"
"06/24/2020","8,824","9,298","9,420","8,790","4.87M","-2.80%"
"06/23/2020","9,078","9,245","9,558","9,049","2.76M","-1.54%"
"06/22/2020","9,220","9,335","9,442","9,046","3.03M","-2.31%"
"06/19/2020","9,438","9,275","9,777","9,275","9.71M","0.38%"
"06/18/2020","9,402","9,631","9,699","9,182","6.85M","-1.81%"
"06/17/2020","9,575","9,595","9,898","9,547","5.09M","1.75%"
"06/15/2020","9,410","9,370","9,502","9,140","4.26M","-1.99%"
"06/12/2020","9,601","9,150","9,718","9,052","2.58M","1.33%"
"06/11/2020","9,475","9,450","9,773","9,274","4.28M","-2.64%"
"06/10/2020","9,732","9,655","9,940","9,525","4.77M","-1.46%"
"06/09/2020","9,876","10,190","10,198","9,691","3.36M","-0.39%"
"06/08/2020","9,915","10,200","10,271","9,809","3.70M","-2.79%"
"06/05/2020","10,200","9,703","10,550","9,571","5.88M","5.56%"
"06/04/2020","9,663","9,730","9,750","9,236","4.75M","-0.08%"
"06/03/2020","9,671","8,600","9,700","8,500","6.17M","12.82%"
"06/02/2020","8,572","8,195","8,611","8,094","4.37M","7.81%"
"06/01/2020","7,951","8,499","8,499","7,825","3.01M","-2.08%"
"05/29/2020","8,120","8,345","8,381","7,975","5.18M","-3.30%"
"05/28/2020","8,397","8,155","8,475","8,063","3.09M","3.11%"
"05/27/2020","8,144","8,249","8,506","8,066","2.46M","-1.31%"
"05/26/2020","8,252","7,950","8,298","7,790","5.97M","5.99%"
"05/25/2020","7,786","8,158","8,158","7,652","1.98M","-2.60%"
"05/22/2020","7,994","7,775","8,021","7,346","5.60M","1.46%"
"05/21/2020","7,879","7,650","8,124","7,460","5.86M","2.82%"
"05/20/2020","7,663","7,756","7,833","7,525","4.80M","-1.20%"
"05/19/2020","7,756","7,906","8,175","7,699","2.83M","-0.40%"
"05/18/2020","7,787","7,720","7,955","7,544","2.62M","1.14%"
"05/15/2020","7,699","7,666","7,902","7,497","3.00M","3.44%"
"05/14/2020","7,443","7,775","7,824","7,329","3.77M","-5.76%"
"05/13/2020","7,898","8,035","8,123","7,548","3.41M","-1.68%"
"05/12/2020","8,033","8,270","8,270","8,031","2.01M","-1.14%"
"05/11/2020","8,126","8,415","8,558","8,011","2.68M","-3.26%"
"05/08/2020","8,400","8,500","8,595","8,362","1.57M","-1.03%"
"05/07/2020","8,487","8,301","8,498","8,242","2.02M","0.28%"
"05/06/2020","8,463","8,840","8,840","8,318","2.58M","-1.92%"
"05/05/2020","8,629","8,600","8,875","8,390","2.42M","2.76%"
"05/04/2020","8,397","8,835","8,835","8,270","5.64M","-8.03%"
"04/30/2020","9,130","8,817","9,170","8,765","6.57M","5.44%"
"04/29/2020","8,659","8,600","8,850","8,318","5.36M","2.47%"
"04/28/2020","8,450","8,110","8,549","8,038","4.21M","6.66%"
"04/24/2020","7,922","8,075","8,151","7,850","4.09M","-2.29%"
"04/23/2020","8,108","8,150","8,362","7,714","3.73M","1.06%"
"04/22/2020","8,023","8,450","8,491","7,924","4.82M","0.12%"
"04/21/2020","8,013","8,027","8,156","7,724","2.82M","-1.69%"
"04/20/2020","8,151","8,330","8,505","8,060","1.82M","-2.15%"
"04/17/2020","8,330","8,400","8,673","8,241","3.56M","3.31%"
"04/16/2020","8,063","8,700","8,818","8,020","5.69M","-8.07%"
"04/15/2020","8,771","9,200","9,200","8,469","7.27M","-9.51%"
"04/14/2020","9,693","9,520","9,888","9,094","6.50M","3.41%"
"04/09/2020","9,373","9,000","9,417","8,800","5.45M","7.53%"
"04/08/2020","8,717","8,900","8,908","8,563","6.32M","-3.11%"
"04/07/2020","8,997","7,885","9,413","7,802","6.76M","8.40%"
"04/06/2020","8,300","7,650","8,382","7,264","5.68M","12.96%"
"04/03/2020","7,348","7,800","7,800","7,167","5.54M","-4.10%"
"04/02/2020","7,662","7,550","8,236","7,413","6.91M","-0.14%"
"04/01/2020","7,673","7,100","8,081","7,050","7.00M","2.31%"
"03/31/2020","7,500","6,450","7,500","6,431","15.09M","18.48%"
"03/30/2020","6,330","6,810","7,065","6,330","9.96M","-12.07%"
"03/27/2020","7,199","8,399","8,399","6,808","5.79M","-10.76%"
"03/26/2020","8,067","7,601","8,216","7,330","8.57M","6.14%"
"03/25/2020","7,600","8,090","8,646","7,466","7.49M","-3.80%"
"03/24/2020","7,900","7,605","7,926","6,949","8.30M","5.60%"
"03/23/2020","7,481","7,866","8,046","7,072","5.10M","-11.31%"
"03/20/2020","8,435","8,350","8,674","8,005","12.54M","5.66%"
"03/19/2020","7,983","9,511","9,659","7,861","19.70M","-15.54%"
"03/18/2020","9,452","10,498","10,522","9,250","6.49M","-11.93%"
"03/17/2020","10,732","11,100","11,348","10,454","4.15M","-2.97%"
"03/16/2020","11,060","11,500","11,581","10,277","5.06M","-5.98%"
"03/13/2020","11,764","12,100","12,300","11,630","4.60M","-1.66%"
"03/12/2020","11,962","11,600","12,104","11,511","4.46M","-2.04%"
"03/11/2020","12,211","12,300","12,575","12,043","2.96M","1.74%"
"03/10/2020","12,002","12,301","12,644","11,834","4.51M","-0.40%"
"03/09/2020","12,050","12,250","12,292","11,629","6.69M","-4.45%"
"03/06/2020","12,611","13,050","13,050","12,341","7.06M","-4.45%"
"03/05/2020","13,198","13,890","13,890","13,164","4.05M","-2.24%"
"03/04/2020","13,501","13,310","13,658","13,310","3.17M","0.30%"
"03/03/2020","13,460","13,650","13,977","13,236","3.62M","0.82%"
"03/02/2020","13,350","13,550","13,640","13,160","3.15M","0.91%"
"02/28/2020","13,230","13,300","13,511","12,804","5.53M","-3.42%"
"02/27/2020","13,699","14,102","14,326","13,659","3.51M","-5.01%"
"02/26/2020","14,421","13,300","14,504","13,240","5.05M","7.41%"
"02/25/2020","13,426","13,690","13,690","13,287","3.44M","-0.34%"
"02/24/2020","13,472","13,994","13,994","13,412","2.77M","-3.77%"
"02/21/2020","14,000","14,015","14,214","13,879","2.90M","-2.10%"
"02/20/2020","14,300","14,950","14,950","14,288","1.43M","-2.48%"
"02/19/2020","14,664","14,553","14,900","14,550","2.27M","0.61%"
"02/18/2020","14,575","14,620","14,768","14,416","2.61M","-0.92%"
"02/17/2020","14,710","14,600","14,805","14,600","1.54M","0.21%"
"02/14/2020","14,679","14,850","14,850","14,609","2.13M","-0.74%"
"02/13/2020","14,789","14,900","14,928","14,747","3.52M","-0.42%"
"02/12/2020","14,851","14,701","14,946","14,649","3.78M","1.36%"
"02/11/2020","14,652","14,500","14,719","14,457","1.99M","1.05%"
"02/10/2020","14,500","14,680","14,687","14,407","1.92M","-0.97%"
"02/07/2020","14,642","14,785","14,793","14,360","4.33M","-0.66%"
"02/06/2020","14,739","14,520","14,880","14,520","3.16M","2.05%"
"02/05/2020","14,443","14,272","14,515","14,154","2.88M","1.97%"
"02/04/2020","14,164","14,000","14,238","13,883","2.34M","2.94%"
"02/03/2020","13,760","13,744","13,955","13,700","1.89M","0.12%"
"01/31/2020","13,744","14,090","14,090","13,702","3.47M","-1.72%"
"01/30/2020","13,985","13,889","14,062","13,645","2.44M","0.61%"
"01/29/2020","13,900","13,994","14,075","13,805","3.27M","0.72%"
"01/28/2020","13,800","13,625","13,935","13,581","2.81M","0.73%"
"01/27/2020","13,700","13,712","13,854","13,592","2.33M","-2.26%"
"01/24/2020","14,017","14,075","14,148","13,975","1.23M","0.37%"
"01/23/2020","13,965","13,921","14,181","13,882","1.75M","-0.89%"
"01/22/2020","14,090","14,089","14,198","13,833","2.13M","0.15%"
"01/21/2020","14,069","13,890","14,088","13,689","2.28M","0.88%"
"01/20/2020","13,946","14,000","14,039","13,801","2.15M","-0.03%"
"01/17/2020","13,950","14,512","14,518","13,842","4.16M","-3.32%"
"01/16/2020","14,429","14,450","14,482","14,226","2.54M","0.66%"
"01/15/2020","14,335","14,511","14,550","14,283","1.85M","-0.55%"
"01/14/2020","14,415","14,253","14,440","14,042","3.23M","2.29%"
"01/13/2020","14,092","14,430","14,468","13,988","2.97M","-1.73%"
"01/10/2020","14,340","14,445","14,553","14,288","2.79M","-0.68%"
"01/09/2020","14,438","14,495","14,589","14,322","1.91M","1.00%"
"01/08/2020","14,295","14,149","14,340","13,959","3.28M","0.97%"
"01/07/2020","14,158","14,700","14,831","14,158","4.43M","-2.60%"
"01/06/2020","14,536","15,000","15,000","14,466","1.19M","-2.84%"
"01/03/2020","14,961","14,850","15,027","14,664","1.39M","-0.72%"
"01/02/2020","15,069","15,085","15,318","14,989","942.92K","0.93%"
"12/31/2019","14,930","14,860","15,202","14,839","836.52K","-1.65%"
"12/30/2019","15,180","14,900","15,219","14,900","1.00M","1.74%"
"12/27/2019","14,921","14,801","15,272","14,783","967.36K","-0.18%"
"12/24/2019","14,948","14,610","14,948","14,610","346.11K","0.01%"
"12/23/2019","14,946","14,885","15,067","14,667","1.09M","-0.07%"
"12/20/2019","14,957","15,300","15,366","14,854","3.04M","-1.35%"
"12/19/2019","15,161","15,275","15,438","15,020","6.27M","-1.30%"
"12/18/2019","15,360","15,219","15,400","14,934","2.58M","2.76%"
"12/17/2019","14,947","15,195","15,590","14,947","3.37M","-2.23%"
"12/13/2019","15,288","14,777","15,336","14,674","3.81M","5.14%"
"12/12/2019","14,540","14,663","14,854","14,518","1.85M","-0.84%"
"12/11/2019","14,663","14,471","14,712","14,471","1.58M","1.33%"
"12/10/2019","14,470","14,800","14,800","14,223","1.87M","-0.94%"
"12/09/2019","14,607","14,774","14,821","14,547","1.04M","-1.06%"
"12/06/2019","14,763","14,480","14,843","14,480","1.56M","1.97%"
"12/05/2019","14,478","14,812","14,813","14,401","1.67M","-1.23%"
"12/04/2019","14,659","14,600","14,902","14,450","1.69M","1.29%"
"12/03/2019","14,472","14,564","14,700","14,428","2.97M","-0.63%"
"12/02/2019","14,564","14,735","14,999","14,526","2.45M","-1.10%"
"11/29/2019","14,726","14,625","14,952","14,565","2.71M","-0.12%"
"11/28/2019","14,744","15,000","15,006","14,665","2.39M","-1.93%"
"11/27/2019","15,034","15,150","15,205","14,997","2.17M","0.56%"
"11/26/2019","14,950","15,400","15,540","14,920","5.43M","-3.18%"
"11/25/2019","15,441","15,750","15,997","15,327","2.85M","-3.37%"
"11/22/2019","15,980","15,800","16,057","15,800","1.73M","0.80%"
"11/21/2019","15,853","16,500","16,526","15,804","2.48M","-4.08%"
"11/20/2019","16,528","16,168","16,528","16,154","1.39M","1.16%"
"11/19/2019","16,339","16,244","16,349","15,951","1.08M","1.79%"
"11/18/2019","16,052","16,166","16,495","15,886","1.18M","-1.45%"
"11/15/2019","16,289","16,312","16,397","16,044","1.39M","0.99%"
"11/14/2019","16,130","16,069","16,452","15,802","1.12M","-0.19%"
"11/13/2019","16,160","16,000","16,169","15,827","1.51M","-0.22%"
"11/12/2019","16,195","16,500","16,500","16,063","1.31M","0.01%"
"11/11/2019","16,193","16,397","16,397","15,797","1.50M","-0.42%"
"11/08/2019","16,261","16,360","16,461","16,113","1.40M","-0.66%"
"11/07/2019","16,369","15,990","16,523","15,990","2.29M","1.25%"
"11/06/2019","16,167","16,100","16,292","15,403","1.55M","0.69%"
"11/05/2019","16,056","15,800","16,200","15,800","2.03M","1.88%"
"11/04/2019","15,760","15,610","15,929","15,610","1.23M","1.83%"
"11/01/2019","15,477","15,436","15,615","15,322","1.20M","-0.07%"
"10/31/2019","15,488","15,790","16,015","15,202","2.78M","-0.52%"
"10/30/2019","15,569","16,149","16,164","15,419","2.11M","-3.20%"
"10/29/2019","16,084","16,464","16,464","15,582","1.58M","-0.54%"
"10/28/2019","16,172","16,000","16,245","15,990","1.19M","1.69%"
"10/25/2019","15,903","16,100","16,100","15,838","1.23M","-0.73%"
"10/24/2019","16,020","16,385","16,500","16,019","1.83M","-1.68%"
"10/23/2019","16,294","16,307","16,410","15,985","2.33M","-0.71%"
"10/22/2019","16,410","15,940","16,539","15,915","2.19M","2.31%"
"10/21/2019","16,039","15,881","16,099","15,692","1.02M","1.45%"
"10/18/2019","15,810","15,942","16,113","15,799","2.09M","-0.60%"
"10/17/2019","15,905","16,030","16,234","15,905","2.25M","-1.06%"
"10/16/2019","16,076","15,900","16,079","15,541","2.25M","1.28%"
"10/15/2019","15,873","15,857","16,025","15,619","1.46M","0.92%"
"10/14/2019","15,728","16,069","16,069","15,581","2.43M","-1.70%"
"10/11/2019","16,000","15,600","16,102","15,529","2.69M","3.06%"
"10/10/2019","15,525","15,120","15,525","15,085","1.86M","2.66%"
"10/09/2019","15,122","14,780","15,192","14,780","2.73M","1.75%"
"10/08/2019","14,862","15,200","15,426","14,780","2.44M","-2.20%"
"10/07/2019","15,197","15,300","15,300","14,950","1.95M","-0.51%"
"10/04/2019","15,275","15,132","15,329","14,968","2.39M","0.95%"
"10/03/2019","15,132","15,100","15,296","15,038","1.67M","-0.41%"
"10/02/2019","15,194","15,465","15,466","15,137","2.23M","-1.75%"
"10/01/2019","15,465","15,452","15,598","15,335","1.99M","1.16%"
"09/30/2019","15,287","16,009","16,046","15,287","2.90M","-3.55%"
"09/27/2019","15,850","16,000","16,061","15,742","1.53M","-1.25%"
"09/26/2019","16,050","15,585","16,178","15,585","1.89M","2.22%"
"09/25/2019","15,701","15,875","16,226","15,586","2.56M","-2.84%"
"09/23/2019","16,160","16,303","16,401","15,873","2.35M","-0.86%"
"09/20/2019","16,300","16,851","16,851","16,300","4.14M","-2.58%"
"09/19/2019","16,732","16,720","16,886","16,399","6.74M","0.01%"
"09/18/2019","16,730","16,802","17,000","16,622","2.20M","0.04%"
"09/17/2019","16,724","16,956","16,995","16,568","3.53M","-2.80%"
"09/16/2019","17,206","16,698","17,206","16,250","4.10M","3.03%"
"09/13/2019","16,700","16,296","16,720","16,093","1.79M","3.05%"
"09/12/2019","16,206","15,871","16,393","15,776","1.75M","2.12%"
"09/11/2019","15,869","15,900","16,037","15,601","2.30M","-1.43%"
"09/10/2019","16,100","16,100","16,185","15,823","1.23M","0.21%"
"09/09/2019","16,066","16,103","16,453","15,970","1.34M","0.32%"
"09/06/2019","16,015","15,824","16,150","15,687","1.93M","1.68%"
"09/05/2019","15,750","15,435","15,869","15,373","1.59M","2.63%"
"09/04/2019","15,347","15,444","15,542","15,206","1.78M","-0.10%"
"09/03/2019","15,362","15,160","15,485","15,094","1.25M","1.33%"
"09/02/2019","15,160","15,316","15,473","15,160","1.01M","-1.36%"
"08/30/2019","15,369","14,883","15,369","14,692","3.49M","4.20%"
"08/29/2019","14,750","14,860","15,093","14,702","2.37M","-1.76%"
"08/28/2019","15,014","14,747","15,126","14,610","1.68M","1.60%"
"08/27/2019","14,777","15,030","15,030","14,650","3.28M","-2.14%"
"08/26/2019","15,100","14,900","15,118","14,803","1.30M","0.00%"
"08/23/2019","15,100","15,177","15,312","14,936","2.06M","-0.05%"
"08/22/2019","15,107","15,308","15,500","15,078","2.08M","-1.31%"
"08/21/2019","15,308","14,920","15,390","14,920","2.59M","2.50%"
"08/20/2019","14,935","14,899","15,023","14,676","2.66M","1.01%"
"08/19/2019","14,785","15,041","15,119","14,765","3.56M","-0.69%"
"08/16/2019","14,888","15,188","15,296","14,820","5.10M","-2.12%"
"08/15/2019","15,210","14,717","15,285","14,415","3.92M","4.03%"
"08/14/2019","14,621","15,096","15,096","14,456","1.96M","-2.51%"
"08/13/2019","14,997","14,601","15,220","14,512","3.19M","1.13%"
"08/12/2019","14,830","15,400","15,400","14,777","2.55M","-1.26%"
"08/08/2019","15,020","15,378","15,378","15,020","2.24M","-0.26%"
"08/07/2019","15,059","15,479","15,479","14,876","2.78M","-1.25%"
"08/06/2019","15,250","15,407","15,661","15,250","2.39M","-0.97%"
"08/05/2019","15,400","15,309","15,536","15,214","3.25M","-1.38%"
"08/02/2019","15,615","15,563","15,873","15,364","2.25M","-1.16%"
"08/01/2019","15,799","15,812","16,128","15,614","3.52M","-1.06%"
"07/31/2019","15,968","16,172","16,317","15,961","2.10M","-1.26%"
"07/30/2019","16,172","16,420","16,619","16,008","1.61M","-1.39%"
"07/29/2019","16,400","16,339","16,578","16,291","2.27M","0.43%"
"07/26/2019","16,329","16,656","16,809","16,277","1.75M","-1.97%"
"07/25/2019","16,657","16,871","17,126","16,550","2.25M","-1.41%"
"07/24/2019","16,896","17,050","17,086","16,813","1.89M","-0.61%"
"07/23/2019","16,999","17,000","17,135","16,863","1.96M","0.59%"
"07/22/2019","16,900","17,197","17,197","16,758","2.07M","-1.70%"
"07/19/2019","17,193","17,478","17,478","17,055","1.97M","0.69%"
"07/18/2019","17,076","16,947","17,178","16,756","2.11M","0.98%"
"07/17/2019","16,911","17,200","17,334","16,871","1.85M","-1.68%"
"07/16/2019","17,200","16,942","17,231","16,772","1.88M","2.02%"
"07/15/2019","16,860","17,055","17,138","16,740","1.32M","-0.60%"
"07/12/2019","16,962","16,975","17,271","16,917","1.26M","-0.05%"
"07/11/2019","16,970","16,660","17,228","16,660","1.69M","0.53%"
"07/10/2019","16,881","16,621","16,966","16,536","2.85M","1.61%"
"07/09/2019","16,614","16,999","16,999","16,512","1.86M","-2.02%"
"07/08/2019","16,956","16,673","17,012","16,673","1.10M","0.33%"
"07/05/2019","16,900","17,004","17,066","16,775","767.01K","-0.24%"
"07/04/2019","16,941","17,145","17,338","16,924","941.75K","-0.72%"
"07/03/2019","17,064","17,085","17,320","16,935","2.08M","-0.43%"
"07/02/2019","17,138","17,656","17,656","16,983","1.75M","-1.78%"
"07/01/2019","17,449","17,866","18,094","17,409","1.47M","-0.86%"
"06/28/2019","17,600","17,700","17,770","17,512","1.94M","-0.22%"
"06/27/2019","17,639","18,000","18,100","17,639","2.15M","-1.45%"
"06/26/2019","17,899","17,828","18,008","17,722","2.25M","1.07%"
"06/25/2019","17,709","17,900","17,975","17,599","1.24M","-1.34%"
"06/24/2019","17,950","18,195","18,272","17,781","1.19M","-1.09%"
"06/21/2019","18,148","17,870","18,148","17,736","3.96M","1.05%"
"06/20/2019","17,960","18,041","18,244","17,644","6.81M","0.78%"
"06/19/2019","17,821","17,551","18,050","17,502","4.35M","2.11%"
"06/18/2019","17,453","17,308","17,676","17,308","3.11M","1.48%"
"06/14/2019","17,198","17,223","17,485","17,067","2.81M","-0.34%"
"06/13/2019","17,257","17,177","17,574","17,177","4.35M","-0.76%"
"06/12/2019","17,389","17,210","17,539","17,124","4.79M","-0.18%"
"06/11/2019","17,420","17,251","17,653","17,184","1.93M","0.66%"
"06/10/2019","17,305","17,100","17,386","16,829","1.96M","1.79%"
"06/07/2019","17,000","16,428","17,081","16,222","2.96M","3.31%"
"06/06/2019","16,456","16,578","16,819","16,425","1.65M","-1.17%"
"06/05/2019","16,650","16,547","16,800","16,456","1.83M","0.31%"
"06/04/2019","16,599","17,300","17,300","16,402","5.00M","-4.21%"
"06/03/2019","17,329","16,750","17,352","16,698","3.04M","2.54%"
"05/31/2019","16,900","16,683","16,900","16,321","2.54M","0.20%"
"05/30/2019","16,867","16,345","16,876","16,324","2.81M","3.76%"
"05/29/2019","16,255","15,800","16,330","15,530","2.01M","2.65%"
"05/28/2019","15,835","16,100","16,149","15,707","5.01M","-1.74%"
"05/27/2019","16,116","16,239","16,355","16,046","752.88K","0.22%"
"05/24/2019","16,081","16,150","16,374","16,061","1.72M","-0.27%"
"05/23/2019","16,124","16,229","16,637","15,994","2.25M","-2.98%"
"05/22/2019","16,620","16,270","16,769","16,270","2.51M","1.22%"
"05/21/2019","16,420","16,900","16,935","16,328","2.32M","-2.87%"
"05/20/2019","16,906","16,729","17,018","16,489","2.13M","0.87%"
"05/17/2019","16,761","16,950","16,950","16,465","2.03M","-1.14%"
"05/16/2019","16,955","16,860","17,100","16,660","1.98M","0.51%"
"05/15/2019","16,869","17,099","17,099","16,500","2.53M","-1.18%"
"05/14/2019","17,070","16,967","17,188","16,757","3.52M","1.31%"
"05/13/2019","16,849","16,850","17,310","16,566","2.87M","0.80%"
"05/10/2019","16,715","16,300","17,000","16,300","3.19M","3.43%"
"05/09/2019","16,160","16,600","16,697","16,157","3.45M","-3.31%"
"05/07/2019","16,713","16,850","17,057","16,689","2.95M","-0.81%"
"05/06/2019","16,850","17,049","17,132","16,691","2.21M","-2.60%"
"05/03/2019","17,300","16,936","17,419","16,728","2.76M","2.58%"
"05/02/2019","16,865","16,225","16,975","16,225","3.55M","2.67%"
"04/30/2019","16,426","16,200","16,483","16,050","3.51M","1.26%"
"04/29/2019","16,221","16,098","16,291","15,826","1.18M","0.76%"
"04/26/2019","16,098","15,820","16,128","15,820","990.08K","1.76%"
"04/25/2019","15,819","15,889","16,098","15,728","3.18M","-1.28%"
"04/24/2019","16,024","16,220","16,373","15,863","1.94M","-2.15%"
"04/23/2019","16,376","16,540","16,644","16,152","2.15M","-0.32%"
"04/18/2019","16,429","16,300","16,613","16,155","1.98M","0.81%"
"04/17/2019","16,297","16,000","16,343","16,000","2.10M","1.27%"
"04/16/2019","16,092","16,352","16,499","15,905","3.94M","-1.63%"
"04/15/2019","16,358","15,812","16,434","15,812","1.79M","2.99%"
"04/12/2019","15,883","15,882","16,062","15,764","1.21M","-0.91%"
"04/11/2019","16,029","16,133","16,133","15,710","2.60M","-0.55%"
"04/10/2019","16,117","15,865","16,257","15,778","2.71M","-1.31%"
"04/09/2019","16,331","16,401","16,522","16,300","1.60M","-0.41%"
"04/08/2019","16,399","16,513","16,599","16,286","1.78M","-1.12%"
"04/05/2019","16,585","16,500","16,657","16,332","2.29M","1.11%"
"04/04/2019","16,403","16,354","16,476","16,248","2.56M","-0.35%"
"04/03/2019","16,460","15,750","16,487","15,750","5.24M","4.22%"
"04/02/2019","15,794","15,900","15,921","15,524","4.40M","-0.67%"
"04/01/2019","15,900","15,500","15,935","15,334","7.47M","4.54%"
"03/29/2019","15,210","15,150","15,312","15,021","6.38M","0.53%"
"03/28/2019","15,130","15,200","15,480","15,043","4.53M","-0.79%"
"03/27/2019","15,250","15,198","15,493","15,000","3.84M","1.28%"
"03/26/2019","15,058","14,961","15,199","14,950","2.46M","0.15%"
"03/25/2019","15,035","15,150","15,258","14,955","3.57M","-1.01%"
"03/22/2019","15,188","15,600","15,798","15,039","3.70M","-2.20%"
"03/20/2019","15,530","16,098","16,098","15,530","11.20M","-3.23%"
"03/19/2019","16,049","16,530","16,751","15,945","3.10M","-3.97%"
"03/18/2019","16,712","16,530","16,752","16,381","3.04M","1.10%"
"03/15/2019","16,530","16,180","16,596","16,139","6.22M","2.16%"
"03/14/2019","16,180","16,100","16,247","15,874","4.53M","1.56%"
"03/13/2019","15,932","16,650","16,650","15,900","3.48M","-4.42%"
"03/12/2019","16,668","16,799","16,898","16,461","2.32M","-0.19%"
"03/11/2019","16,700","16,900","17,147","16,695","1.52M","-3.10%"
"03/08/2019","17,235","17,200","17,390","17,032","1.90M","-0.06%"
"03/07/2019","17,245","17,687","17,687","17,121","1.67M","-0.43%"
"03/06/2019","17,320","17,409","17,696","17,319","1.98M","-0.51%"
"03/05/2019","17,409","17,414","17,574","17,386","2.53M","-0.52%"
"03/04/2019","17,500","17,600","18,199","17,426","1.27M","-1.02%"
"03/01/2019","17,681","18,000","18,239","17,681","1.71M","-2.10%"
"02/28/2019","18,060","18,100","18,270","17,825","2.21M","-0.93%"
"02/27/2019","18,230","18,255","18,396","18,062","2.43M","-0.38%"
"02/26/2019","18,300","18,145","18,367","17,970","2.85M","1.20%"
"02/25/2019","18,083","17,688","18,144","17,521","2.89M","2.02%"
"02/22/2019","17,725","17,600","17,899","17,600","1.82M","0.12%"
"02/21/2019","17,703","16,970","17,744","16,970","3.04M","3.65%"
"02/20/2019","17,079","16,981","17,350","16,980","3.21M","0.33%"
"02/19/2019","17,023","17,466","17,466","16,825","3.25M","-2.54%"
"02/18/2019","17,466","17,496","17,550","17,223","2.26M","0.40%"
"02/15/2019","17,397","17,730","17,730","17,179","2.97M","-2.27%"
"02/14/2019","17,801","18,265","18,394","17,560","4.96M","-3.52%"
"02/13/2019","18,450","17,851","18,459","17,732","3.97M","3.12%"
"02/12/2019","17,892","17,650","17,982","17,210","2.68M","2.36%"
"02/11/2019","17,480","17,550","17,663","17,351","1.55M","-0.67%"
"02/08/2019","17,598","17,160","17,729","17,160","1.95M","0.27%"
"02/07/2019","17,550","17,700","17,700","17,441","2.86M","-0.76%"
"02/06/2019","17,685","17,681","17,833","17,400","3.09M","0.68%"
"02/05/2019","17,565","17,800","17,800","17,386","3.25M","0.18%"
"02/04/2019","17,533","18,155","18,396","17,522","3.62M","-4.14%"
"02/01/2019","18,290","18,150","18,476","17,965","2.80M","-1.02%"
"01/31/2019","18,479","18,670","18,822","18,337","6.48M","-0.29%"
"01/30/2019","18,532","18,500","18,645","18,302","6.95M","-0.52%"
"01/29/2019","18,628","17,750","18,700","17,750","8.80M","6.08%"
"01/28/2019","17,561","17,962","18,184","17,544","2.68M","-2.44%"
"01/25/2019","18,000","17,675","18,000","17,641","3.22M","2.56%"
"01/24/2019","17,550","17,206","17,615","17,206","4.04M","0.61%"
"01/23/2019","17,443","17,260","17,459","17,220","2.65M","-0.01%"
"01/22/2019","17,444","17,394","17,633","17,261","3.94M","0.14%"
"01/21/2019","17,419","17,416","17,588","17,368","3.83M","-0.23%"
"01/18/2019","17,459","17,500","17,551","17,255","2.01M","0.20%"
"01/17/2019","17,424","17,500","17,609","17,170","3.76M","-0.83%"
"01/16/2019","17,570","17,110","17,570","17,102","3.50M","2.75%"
"01/15/2019","17,100","16,900","17,167","16,868","2.64M","1.18%"
"01/14/2019","16,900","16,801","17,077","16,719","2.19M","-0.32%"
"01/11/2019","16,955","16,750","17,062","16,748","2.56M","1.25%"
"01/10/2019","16,746","16,260","16,800","16,260","4.29M","1.80%"
"01/09/2019","16,450","16,500","16,592","16,241","1.87M","-0.08%"
"01/08/2019","16,463","16,108","16,492","16,108","3.81M","1.19%"
"01/07/2019","16,269","16,015","16,402","16,015","2.50M","1.59%"
"01/04/2019","16,015","15,720","16,106","15,720","903.32K","0.90%"
"01/03/2019","15,872","15,510","16,057","15,510","1.06M","0.58%"
"01/02/2019","15,780","16,182","16,182","15,624","782.52K","-2.48%"
"12/31/2018","16,182","15,942","16,217","15,933","679.07K","1.62%"
"12/28/2018","15,924","15,351","15,979","15,351","887.06K","2.00%"
"12/27/2018","15,612","15,550","15,997","15,487","1.27M","0.87%"
"12/24/2018","15,478","15,435","15,733","15,373","367.35K","0.14%"
"12/21/2018","15,457","15,669","15,932","15,415","2.53M","-1.55%"
"12/20/2018","15,700","15,400","15,805","15,400","5.16M","-1.45%"
"12/19/2018","15,931","15,698","15,931","15,453","1.44M","3.31%"
"12/18/2018","15,421","15,200","15,548","15,180","2.14M","-2.60%"
"12/14/2018","15,833","15,799","15,878","15,604","1.29M","-0.47%"
"12/13/2018","15,907","15,788","16,200","15,659","1.73M","1.69%"
"12/12/2018","15,642","15,446","15,767","15,444","1.77M","1.28%"
"12/11/2018","15,445","14,982","15,531","14,982","2.20M","2.67%"
"12/10/2018","15,044","15,400","15,400","14,921","1.34M","-2.89%"
"12/07/2018","15,492","15,400","15,638","15,348","1.60M","0.51%"
"12/06/2018","15,414","15,725","15,740","15,046","2.86M","-3.36%"
"12/05/2018","15,950","15,900","16,073","15,500","2.72M","-0.56%"
"12/04/2018","16,040","15,825","16,079","15,561","2.71M","1.87%"
"12/03/2018","15,745","15,822","15,999","15,620","2.45M","2.24%"
"11/30/2018","15,400","16,000","16,000","15,071","3.04M","-3.02%"
"11/29/2018","15,880","15,975","16,249","15,694","3.69M","1.15%"
"11/28/2018","15,700","15,701","15,952","15,694","2.43M","0.81%"
"11/27/2018","15,574","15,790","15,848","15,560","2.01M","-1.04%"
"11/26/2018","15,737","15,300","15,796","15,152","2.25M","3.21%"
"11/23/2018","15,247","15,350","15,500","15,078","1.78M","-0.67%"
"11/22/2018","15,350","15,639","15,641","15,162","1.76M","-0.36%"
"11/21/2018","15,406","15,485","15,688","15,142","1.55M","-0.38%"
"11/20/2018","15,465","15,800","15,816","15,450","1.64M","-2.82%"
"11/19/2018","15,913","15,450","15,931","15,420","1.39M","2.16%"
"11/16/2018","15,577","15,602","15,999","15,399","2.74M","0.12%"
"11/15/2018","15,558","15,321","15,667","15,315","2.27M","0.37%"
"11/14/2018","15,500","15,900","15,900","15,350","1.87M","-1.27%"
"11/13/2018","15,700","15,400","15,860","15,400","2.27M","1.39%"
"11/12/2018","15,485","15,819","15,910","15,439","2.07M","-2.11%"
"11/09/2018","15,819","15,672","16,008","15,530","2.68M","-1.17%"
"11/08/2018","16,007","16,600","16,600","15,914","1.78M","-1.65%"
"11/07/2018","16,275","15,820","16,339","15,820","3.59M","2.07%"
"11/06/2018","15,945","16,224","16,398","15,544","3.05M","-1.73%"
"11/05/2018","16,225","15,893","16,225","15,602","2.31M","2.21%"
"11/02/2018","15,874","15,405","16,141","15,321","3.77M","3.75%"
"11/01/2018","15,300","14,950","15,349","14,707","3.76M","2.61%"
"10/31/2018","14,911","15,245","15,547","14,731","3.97M","-2.22%"
"10/30/2018","15,250","15,180","15,459","14,905","2.88M","0.46%"
"10/29/2018","15,180","14,700","15,285","14,380","2.45M","4.83%"
"10/26/2018","14,480","14,637","14,789","14,248","2.18M","-2.16%"
"10/25/2018","14,800","14,139","14,800","13,898","2.18M","3.52%"
"10/24/2018","14,297","14,050","14,633","14,019","4.96M","1.76%"
"10/23/2018","14,050","14,120","14,349","13,628","5.40M","-2.55%"
"10/22/2018","14,418","14,785","14,949","14,233","3.00M","-1.68%"
"10/19/2018","14,665","14,687","14,897","14,354","2.00M","0.16%"
"10/18/2018","14,642","14,480","14,900","14,223","3.99M","-0.23%"
"10/17/2018","14,676","15,020","15,104","14,517","5.15M","-1.87%"
"10/16/2018","14,956","14,770","14,995","14,351","2.83M","2.59%"
"10/15/2018","14,578","14,800","14,997","14,523","1.70M","-1.69%"
"10/12/2018","14,828","14,695","15,117","14,463","3.30M","2.53%"
"10/11/2018","14,462","14,310","14,700","14,140","4.21M","-2.32%"
"10/10/2018","14,806","15,145","15,145","14,564","2.28M","-0.37%"
"10/09/2018","14,861","14,695","14,868","14,400","2.84M","1.54%"
"10/08/2018","14,635","14,544","14,710","14,300","3.23M","0.52%"
"10/05/2018","14,560","14,650","14,650","14,400","1.60M","-0.43%"
"10/04/2018","14,623","14,700","14,825","14,265","4.41M","-1.78%"
"10/03/2018","14,888","15,131","15,134","14,803","1.80M","-1.40%"
"10/02/2018","15,100","15,190","15,190","14,817","2.51M","-1.42%"
"10/01/2018","15,317","15,247","15,498","15,113","1.82M","0.85%"
"09/28/2018","15,188","15,362","15,545","14,861","2.91M","-1.57%"
"09/27/2018","15,431","15,498","15,723","15,307","4.85M","-0.45%"
"09/26/2018","15,500","15,500","15,571","15,246","2.50M","1.31%"
"09/25/2018","15,300","15,480","15,480","15,119","2.91M","-1.35%"
"09/21/2018","15,510","15,263","15,600","15,027","6.40M","3.14%"
"09/20/2018","15,038","15,265","15,370","15,038","8.08M","-0.46%"
"09/19/2018","15,107","14,845","15,222","14,688","3.72M","2.77%"
"09/18/2018","14,700","14,578","14,793","14,406","4.29M","0.75%"
"09/17/2018","14,590","14,844","14,985","14,425","2.91M","-2.73%"
"09/14/2018","15,000","14,800","15,148","14,800","5.40M","1.61%"
"09/13/2018","14,763","15,007","15,169","14,744","6.92M","-1.38%"
"09/12/2018","14,970","15,050","15,119","14,873","3.42M","-2.87%"
"09/11/2018","15,413","15,550","15,890","15,209","3.98M","-0.24%"
"09/10/2018","15,450","15,600","15,739","15,403","2.15M","-0.96%"
"09/07/2018","15,600","15,800","16,122","15,600","7.26M","-1.08%"
"09/06/2018","15,771","15,377","15,935","15,359","3.43M","2.41%"
"09/05/2018","15,400","15,599","15,690","15,032","3.89M","-1.93%"
"09/04/2018","15,703","16,390","16,390","15,604","4.55M","-4.20%"
"09/03/2018","16,391","16,115","16,796","16,115","1.35M","0.84%"
"08/31/2018","16,255","16,385","16,603","16,078","2.18M","-0.58%"
"08/30/2018","16,350","16,550","16,756","16,211","2.56M","-0.74%"
"08/29/2018","16,472","16,925","16,998","16,333","4.45M","-2.02%"
"08/28/2018","16,811","16,680","17,018","16,550","3.17M","1.01%"
"08/27/2018","16,643","16,154","16,667","15,993","2.88M","3.53%"
"08/24/2018","16,075","16,067","16,213","15,948","1.64M","0.38%"
"08/23/2018","16,014","16,000","16,142","15,664","4.56M","0.40%"
"08/22/2018","15,950","15,954","16,029","15,822","2.96M","0.86%"
"08/21/2018","15,814","16,280","16,356","15,630","5.15M","-0.98%"
"08/20/2018","15,970","15,863","16,054","15,862","2.70M","0.96%"
"08/17/2018","15,818","16,379","16,379","15,658","2.66M","-1.75%"
"08/16/2018","16,100","15,980","16,384","15,751","2.78M","2.55%"
"08/15/2018","15,700","16,158","16,386","15,619","2.60M","-3.45%"
"08/14/2018","16,261","16,151","16,527","16,151","2.19M","1.47%"
"08/13/2018","16,025","15,964","16,234","15,771","1.32M","-1.30%"
"08/10/2018","16,236","16,750","16,750","16,061","1.34M","-3.07%"
"08/08/2018","16,750","16,500","16,850","16,500","1.93M","0.92%"
"08/07/2018","16,598","16,650","16,764","16,495","1.77M","-0.11%"
"08/06/2018","16,616","17,100","17,100","16,421","2.41M","-2.98%"
"08/03/2018","17,126","16,756","17,205","16,704","1.44M","2.37%"
"08/02/2018","16,730","16,780","16,915","16,503","3.08M","-1.58%"
"08/01/2018","16,998","16,950","17,135","16,658","2.41M","-1.11%"
"07/31/2018","17,189","16,751","17,227","16,661","3.16M","1.18%"
"07/30/2018","16,988","16,647","17,285","16,538","1.79M","1.52%"
"07/27/2018","16,733","16,702","16,881","16,435","1.09M","0.53%"
"07/26/2018","16,645","16,315","16,912","16,315","1.36M","1.99%"
"07/25/2018","16,320","16,424","16,770","16,120","2.03M","0.58%"
"07/24/2018","16,226","16,200","16,593","15,856","1.78M","1.34%"
"07/23/2018","16,012","16,198","16,198","15,610","1.06M","-1.15%"
"07/20/2018","16,199","16,049","16,286","15,460","2.97M","3.28%"
"07/19/2018","15,684","15,700","16,121","15,556","1.42M","-1.80%"
"07/18/2018","15,971","15,715","16,191","15,551","1.79M","1.08%"
"07/17/2018","15,800","15,601","15,959","15,351","2.32M","1.23%"
"07/16/2018","15,608","15,750","16,049","15,608","1.77M","-1.88%"
"07/13/2018","15,907","16,200","16,274","15,784","1.47M","-1.68%"
"07/12/2018","16,179","15,714","16,400","15,385","2.24M","-0.13%"
"07/11/2018","16,200","16,300","16,470","16,034","896.44K","-2.00%"
"07/10/2018","16,530","16,723","16,972","16,401","1.81M","-1.46%"
"07/09/2018","16,775","16,555","16,855","16,412","2.36M","2.03%"
"07/06/2018","16,442","16,576","16,743","16,222","1.69M","-0.75%"
"07/05/2018","16,567","16,690","16,990","16,493","1.67M","-0.78%"
"07/04/2018","16,697","16,229","16,790","16,045","1.97M","1.96%"
"07/03/2018","16,376","16,075","16,380","15,806","1.14M","2.49%"
"07/02/2018","15,978","15,690","15,999","15,684","1.90M","-0.13%"
"06/29/2018","15,999","15,460","15,999","15,460","3.58M","5.35%"
"06/28/2018","15,186","15,000","15,449","14,728","3.07M","-0.62%"
"06/27/2018","15,280","15,765","15,888","15,209","4.08M","-3.90%"
"06/26/2018","15,900","16,000","16,253","15,816","2.29M","-0.31%"
"06/25/2018","15,950","16,151","16,151","15,916","1.20M","-1.51%"
"06/22/2018","16,195","16,300","16,493","16,084","3.25M","0.28%"
"06/21/2018","16,149","16,075","16,361","15,757","5.53M","1.97%"
"06/20/2018","15,837","15,762","16,071","15,610","3.44M","2.17%"
"06/19/2018","15,500","15,425","15,687","15,216","2.66M","-2.15%"
"06/18/2018","15,840","16,230","16,230","15,658","1.11M","-2.40%"
"06/15/2018","16,230","16,648","16,648","16,066","6.43M","-2.04%"
"06/14/2018","16,568","16,200","16,754","16,072","2.43M","1.82%"
"06/13/2018","16,272","16,050","16,334","15,906","1.80M","0.42%"
"06/12/2018","16,204","16,020","16,207","16,012","1.74M","0.19%"
"06/11/2018","16,173","16,450","16,450","16,051","1.13M","-0.55%"
"06/08/2018","16,263","15,925","16,283","15,830","2.19M","0.07%"
"06/07/2018","16,251","16,740","16,750","16,148","1.54M","-1.50%"
"06/06/2018","16,499","16,389","16,500","16,227","1.75M","1.38%"
"06/05/2018","16,275","16,950","16,950","16,103","2.19M","-3.38%"
"06/04/2018","16,844","16,860","17,083","16,740","1.94M","0.58%"
"06/01/2018","16,747","16,275","16,758","16,275","2.35M","3.58%"
"05/31/2018","16,168","16,300","16,510","16,142","5.99M","0.02%"
"05/30/2018","16,165","16,350","16,527","16,026","3.09M","-0.89%"
"05/29/2018","16,310","16,300","16,346","16,150","2.37M","-0.27%"
"05/28/2018","16,354","16,290","16,447","16,235","1.08M","0.01%"
"05/25/2018","16,352","15,900","16,352","15,832","1.80M","3.06%"
"05/24/2018","15,866","16,240","16,330","15,802","2.84M","-1.16%"
"05/23/2018","16,052","16,200","16,308","15,973","2.22M","-1.52%"
"05/22/2018","16,300","16,180","16,486","16,061","5.06M","1.11%"
"05/21/2018","16,121","16,440","16,799","16,121","3.51M","-2.00%"
"05/18/2018","16,450","17,063","17,172","16,450","3.06M","-3.01%"
"05/17/2018","16,961","17,218","17,579","16,961","3.17M","-4.45%"
"05/16/2018","17,750","17,573","17,750","17,250","2.55M","2.22%"
"05/15/2018","17,365","18,040","18,040","17,251","6.87M","-4.06%"
"05/14/2018","18,100","18,090","18,190","17,791","1.11M","0.53%"
"05/11/2018","18,004","17,967","18,092","17,796","1.61M","0.74%"
"05/10/2018","17,872","17,859","18,319","17,847","2.67M","0.73%"
"05/09/2018","17,742","17,760","17,885","17,613","2.25M","0.29%"
"05/08/2018","17,690","18,120","18,199","17,575","1.52M","-2.14%"
"05/07/2018","18,077","17,999","18,265","17,831","1.07M","0.56%"
"05/04/2018","17,977","17,665","18,065","17,665","1.10M","1.85%"
"05/03/2018","17,651","18,250","18,300","17,613","4.23M","-3.27%"
"05/02/2018","18,247","18,250","18,430","18,121","4.74M","-0.28%"
"04/30/2018","18,299","17,640","18,398","17,640","5.01M","3.97%"
"04/26/2018","17,600","17,000","17,600","16,932","3.09M","3.20%"
"04/25/2018","17,055","17,338","17,498","16,852","3.21M","-1.98%"
"04/24/2018","17,400","17,579","17,600","17,272","2.92M","0.00%"
"04/23/2018","17,400","17,999","17,999","17,225","2.12M","-3.33%"
"04/20/2018","18,000","18,097","18,163","17,907","2.81M","0.17%"
"04/19/2018","17,970","18,260","18,370","17,933","2.93M","-1.05%"
"04/18/2018","18,160","17,700","18,160","17,608","5.84M","2.77%"
"04/17/2018","17,670","17,995","17,995","17,605","2.61M","-1.22%"
"04/16/2018","17,888","17,529","17,973","17,529","1.87M","1.18%"
"04/13/2018","17,680","17,790","17,875","17,441","2.02M","-0.11%"
"04/12/2018","17,700","17,800","17,973","17,622","3.00M","0.00%"
"04/11/2018","17,700","17,850","17,956","17,688","4.36M","-3.48%"
"04/10/2018","18,339","18,710","18,750","18,121","3.77M","-1.40%"
"04/09/2018","18,600","18,647","18,797","18,303","3.23M","-0.43%"
"04/06/2018","18,681","18,450","18,801","18,066","1.47M","1.03%"
"04/05/2018","18,491","18,230","18,692","18,230","1.95M","1.60%"
"04/04/2018","18,200","18,535","18,535","17,164","2.91M","-1.61%"
"04/03/2018","18,498","18,990","18,990","18,498","2.67M","-2.49%"
"03/29/2018","18,970","18,674","19,071","18,674","3.18M","1.61%"
"03/28/2018","18,670","19,251","19,324","18,541","2.64M","-3.44%"
"03/27/2018","19,336","19,735","19,979","19,299","2.51M","-1.43%"
"03/26/2018","19,616","19,610","19,720","19,257","1.66M","0.25%"
"03/23/2018","19,567","19,350","19,587","19,111","1.44M","0.67%"
"03/22/2018","19,436","19,550","20,119","19,436","3.50M","-2.61%"
"03/20/2018","19,957","19,750","20,114","19,750","1.86M","-0.17%"
"03/19/2018","19,990","19,500","20,086","19,500","1.42M","0.25%"
"03/16/2018","19,940","20,199","20,199","19,700","3.46M","-0.10%"
"03/15/2018","19,960","19,550","20,270","19,550","4.67M","0.23%"
"03/14/2018","19,915","20,532","20,532","19,719","2.71M","-2.37%"
"03/13/2018","20,399","20,165","20,561","20,081","1.66M","0.00%"
"03/12/2018","20,398","20,600","20,835","20,334","3.29M","-0.98%"
"03/09/2018","20,600","20,700","20,850","20,426","2.60M","-0.48%"
"03/08/2018","20,700","20,600","21,000","20,582","2.78M","0.73%"
"03/07/2018","20,550","20,587","20,620","20,101","3.25M","-0.34%"
"03/06/2018","20,620","20,420","20,850","20,420","3.66M","2.15%"
"03/05/2018","20,186","20,111","20,683","19,655","2.84M","0.84%"
"03/02/2018","20,017","19,526","20,198","19,526","2.41M","0.00%"
"03/01/2018","20,017","19,787","20,242","19,404","2.25M","0.84%"
"02/28/2018","19,850","19,700","20,102","19,700","4.63M","-1.73%"
"02/27/2018","20,200","20,590","20,700","20,065","3.53M","-1.25%"
"02/26/2018","20,456","20,000","20,678","20,000","3.03M","0.33%"
"02/23/2018","20,388","20,100","20,556","19,660","2.82M","3.20%"
"02/22/2018","19,755","19,700","20,053","19,560","2.06M","-0.81%"
"02/21/2018","19,916","19,700","20,096","19,362","6.16M","0.59%"
"02/20/2018","19,800","20,126","20,365","19,694","1.93M","-2.27%"
"02/19/2018","20,260","20,680","20,680","20,150","1.37M","-1.06%"
"02/16/2018","20,478","20,650","20,953","20,246","5.09M","-0.47%"
"02/15/2018","20,575","19,260","20,895","19,260","7.06M","7.78%"
"02/14/2018","19,090","18,928","19,367","18,751","3.75M","0.86%"
"02/13/2018","18,928","19,000","19,294","18,767","4.38M","0.98%"
"02/12/2018","18,745","18,420","18,771","18,238","3.51M","2.43%"
"02/09/2018","18,300","17,775","18,500","17,775","3.22M","-0.27%"
"02/08/2018","18,350","18,220","18,554","18,001","3.88M","-0.11%"
"02/07/2018","18,370","17,890","18,370","17,464","8.45M","4.38%"
"02/06/2018","17,600","17,201","18,005","17,067","4.45M","-2.26%"
"02/05/2018","18,007","17,663","18,100","17,420","3.58M","-1.06%"
"02/02/2018","18,199","18,275","18,287","17,800","3.67M","-0.82%"
"02/01/2018","18,350","18,100","18,350","17,721","5.97M","1.89%"
"01/31/2018","18,010","17,142","18,061","17,142","5.24M","4.13%"
"01/30/2018","17,295","17,495","17,595","16,767","4.02M","-1.73%"
"01/29/2018","17,600","18,350","18,692","17,531","4.10M","-4.07%"
"01/26/2018","18,347","18,450","18,770","18,255","3.79M","-1.05%"
"01/25/2018","18,541","18,549","18,821","18,395","4.08M","-0.04%"
"01/24/2018","18,549","19,100","19,232","18,541","4.05M","-1.96%"
"01/23/2018","18,919","18,350","19,200","18,150","4.82M","3.38%"
"01/22/2018","18,300","18,051","18,380","17,965","5.14M","2.23%"
"01/19/2018","17,900","18,380","18,398","17,712","4.40M","-2.19%"
"01/18/2018","18,300","17,900","18,334","17,724","6.24M","2.56%"
"01/17/2018","17,844","18,090","18,090","17,470","5.69M","0.25%"
"01/16/2018","17,800","17,330","17,976","17,146","3.05M","3.49%"
"01/15/2018","17,200","17,495","17,495","17,129","931.66K","-0.29%"
"01/12/2018","17,250","17,595","17,595","17,000","2.62M","0.29%"
"01/11/2018","17,200","17,425","17,431","17,049","2.86M","-1.41%"
"01/10/2018","17,446","17,620","17,939","17,164","3.85M","-0.99%"
"01/09/2018","17,620","17,269","17,620","17,160","5.74M","3.07%"
"01/08/2018","17,096","17,001","17,200","16,860","3.92M","0.56%"
"01/05/2018","17,000","17,000","17,192","16,915","4.38M","0.24%"
"01/04/2018","16,960","16,962","17,262","16,829","3.18M","-0.01%"
"01/03/2018","16,962","17,720","17,720","16,480","2.45M","-4.36%"
"01/02/2018","17,736","18,100","18,100","17,694","2.53M","-2.54%"
"12/29/2017","18,199","17,650","18,199","17,650","2.06M","2.24%"
"12/28/2017","17,800","17,800","17,800","17,411","802.20K","0.65%"
"12/27/2017","17,685","17,400","17,807","17,372","2.24M","2.82%"
"12/22/2017","17,200","17,488","17,588","17,200","1.90M","-1.12%"
"12/21/2017","17,395","18,105","18,361","17,257","9.40M","-3.95%"
"12/20/2017","18,110","19,126","19,830","18,071","9.89M","-5.31%"
"12/19/2017","19,126","17,300","19,257","17,110","16.79M","11.52%"
"12/18/2017","17,150","16,250","17,269","16,250","6.38M","5.97%"
"12/15/2017","16,184","16,005","16,184","15,500","4.43M","1.12%"
"12/14/2017","16,005","15,105","16,079","15,031","4.87M","5.50%"
"12/13/2017","15,170","14,850","15,217","14,850","2.40M","0.50%"
"12/12/2017","15,095","15,050","15,270","14,824","4.29M","0.30%"
"12/11/2017","15,050","15,646","15,687","14,974","4.27M","-4.13%"
"12/08/2017","15,699","16,100","16,100","15,625","3.22M","-1.57%"
"12/07/2017","15,950","15,985","16,088","15,800","2.19M","-0.67%"
"12/06/2017","16,058","16,170","16,319","15,800","3.70M","-0.57%"
"12/05/2017","16,150","16,000","16,307","15,756","4.69M","0.94%"
"12/04/2017","16,000","16,000","16,050","15,738","3.07M","0.00%"
"12/01/2017","16,000","15,800","16,324","15,628","2.81M","1.41%"
"11/30/2017","15,778","15,706","16,079","15,611","4.14M","-0.45%"
"11/29/2017","15,850","15,930","16,050","15,688","3.07M","-0.25%"
"11/28/2017","15,889","15,385","15,946","15,370","2.87M","2.77%"
"11/27/2017","15,461","14,900","15,506","14,400","3.15M","2.19%"
"11/24/2017","15,130","15,200","15,396","14,891","3.19M","-1.30%"
"11/23/2017","15,330","15,111","15,474","15,039","2.91M","0.65%"
"11/22/2017","15,231","14,999","15,375","14,896","1.80M","1.54%"
"11/21/2017","15,000","14,475","15,000","14,475","2.91M","1.35%"
"11/20/2017","14,800","14,700","14,848","14,501","2.43M","0.16%"
"11/17/2017","14,776","14,340","14,776","14,200","3.78M","3.33%"
"11/16/2017","14,300","14,311","14,393","14,165","4.06M","0.00%"
"11/15/2017","14,300","14,300","14,375","14,164","2.18M","-0.49%"
"11/14/2017","14,370","14,298","14,485","14,170","1.88M","1.28%"
"11/13/2017","14,188","14,245","14,469","14,188","1.48M","-0.34%"
"11/10/2017","14,236","14,300","14,379","14,103","1.31M","0.06%"
"11/09/2017","14,227","14,210","14,440","14,200","1.41M","-0.99%"
"11/08/2017","14,369","14,400","14,468","14,150","3.26M","-0.22%"
"11/07/2017","14,400","14,075","14,474","14,075","1.82M","1.29%"
"11/06/2017","14,216","14,100","14,301","14,037","1.23M","0.40%"
"11/03/2017","14,160","14,100","14,287","14,100","1.81M","-0.07%"
"11/02/2017","14,170","14,000","14,200","14,000","1.09M","0.43%"
"11/01/2017","14,109","13,958","14,148","13,884","2.24M","0.68%"
"10/31/2017","14,014","13,958","14,055","13,850","1.93M","0.40%"
"10/30/2017","13,958","13,897","14,030","13,750","1.75M","0.44%"
"10/27/2017","13,897","13,634","13,898","13,600","2.42M","1.96%"
"10/26/2017","13,630","13,999","14,022","13,571","4.92M","-2.85%"
"10/25/2017","14,030","14,349","14,415","14,001","2.63M","-1.85%"
"10/24/2017","14,295","14,300","14,385","14,065","1.09M","0.46%"
"10/23/2017","14,230","14,096","14,458","14,052","1.36M","0.97%"
"10/20/2017","14,093","14,750","14,750","14,093","2.44M","-4.13%"
"10/19/2017","14,700","14,622","14,822","14,560","1.86M","0.00%"
"10/18/2017","14,700","14,527","14,786","14,460","2.75M","1.02%"
"10/17/2017","14,552","14,813","14,882","14,546","3.31M","-1.91%"
"10/16/2017","14,835","14,750","14,940","14,729","1.90M","0.58%"
"10/13/2017","14,750","14,600","14,784","14,600","3.70M","0.65%"
"10/12/2017","14,655","14,642","14,735","14,563","2.72M","0.36%"
"10/11/2017","14,602","14,398","14,657","14,397","2.76M","1.76%"
"10/10/2017","14,350","14,300","14,393","14,138","2.47M","0.35%"
"10/09/2017","14,300","14,200","14,389","14,168","1.50M","0.01%"
"10/06/2017","14,298","14,100","14,298","14,040","1.50M","0.65%"
"10/05/2017","14,205","13,715","14,258","13,700","2.72M","1.74%"
"10/04/2017","13,962","13,783","13,962","13,717","1.68M","1.85%"
"10/03/2017","13,708","13,969","13,969","13,674","2.74M","-0.81%"
"10/02/2017","13,820","14,000","14,000","13,728","1.92M","-0.58%"
"09/29/2017","13,900","13,856","13,900","13,659","2.97M","1.31%"
"09/28/2017","13,720","13,600","13,763","13,552","3.22M","0.88%"
"09/27/2017","13,600","13,650","13,765","13,493","2.39M","-0.64%"
"09/26/2017","13,687","13,918","14,094","13,568","2.12M","-1.95%"
"09/22/2017","13,959","13,949","14,076","13,742","2.29M","0.79%"
"09/21/2017","13,849","14,038","14,075","13,816","7.74M","-2.02%"
"09/20/2017","14,134","13,800","14,134","13,740","3.10M","2.53%"
"09/19/2017","13,785","13,937","13,947","13,673","1.88M","-0.62%"
"09/18/2017","13,871","13,689","13,975","13,689","2.62M","2.23%"
"09/15/2017","13,568","13,772","13,959","13,568","4.68M","-1.63%"
"09/14/2017","13,793","13,890","13,930","13,775","3.14M","-0.77%"
"09/13/2017","13,900","14,050","14,108","13,822","2.63M","-0.71%"
"09/12/2017","14,000","14,068","14,201","14,000","2.55M","-0.36%"
"09/11/2017","14,050","14,200","14,347","14,050","1.68M","-1.06%"
"09/08/2017","14,200","14,299","14,339","14,154","2.03M","-0.11%"
"09/07/2017","14,215","14,149","14,324","13,980","3.07M","1.27%"
"09/06/2017","14,037","14,678","14,678","13,974","4.76M","-6.42%"
"09/05/2017","15,000","14,855","15,155","14,820","5.31M","1.24%"
"09/04/2017","14,816","14,724","14,910","14,724","2.60M","-0.05%"
"09/01/2017","14,824","14,838","14,944","14,671","2.36M","-0.09%"
"08/31/2017","14,838","14,884","15,095","14,661","2.91M","-0.31%"
"08/30/2017","14,884","15,298","15,500","14,884","2.18M","-1.61%"
"08/29/2017","15,128","15,250","15,250","15,050","2.68M","-1.12%"
"08/28/2017","15,299","15,347","15,449","15,210","1.32M","-0.01%"
"08/25/2017","15,300","15,200","15,490","15,200","2.60M","0.33%"
"08/24/2017","15,250","15,083","15,393","15,083","2.69M","1.03%"
"08/23/2017","15,095","14,977","15,137","14,954","2.96M","0.43%"
"08/22/2017","15,030","15,066","15,106","14,970","2.24M","0.41%"
"08/21/2017","14,969","14,895","15,113","14,870","1.78M","0.72%"
"08/18/2017","14,862","14,631","14,899","14,602","1.54M","0.49%"
"08/17/2017","14,789","14,970","15,176","14,616","2.42M","-1.20%"
"08/16/2017","14,968","14,867","15,155","14,867","1.95M","0.52%"
"08/15/2017","14,890","14,968","14,997","14,811","992.19K","-0.05%"
"08/14/2017","14,897","14,839","14,998","14,807","1.43M","0.51%"
"08/11/2017","14,822","14,742","14,877","14,675","1.73M","0.11%"
"08/10/2017","14,805","15,048","15,100","14,674","3.77M","-2.01%"
"08/08/2017","15,108","15,011","15,174","14,831","3.41M","1.28%"
"08/07/2017","14,917","14,650","15,081","14,634","2.53M","1.82%"
"08/04/2017","14,651","14,549","14,815","14,467","3.27M","1.29%"
"08/03/2017","14,465","14,300","14,600","14,300","3.03M","1.51%"
"08/02/2017","14,250","14,285","14,399","14,103","2.47M","-0.35%"
"08/01/2017","14,300","14,496","14,496","14,185","3.66M","-1.11%"
"07/31/2017","14,460","14,558","14,622","14,330","3.12M","0.47%"
"07/28/2017","14,393","14,620","14,620","14,354","3.51M","-2.16%"
"07/27/2017","14,711","14,877","14,942","14,643","2.41M","0.18%"
"07/26/2017","14,684","14,750","14,795","14,600","2.14M","-0.11%"
"07/25/2017","14,700","14,829","14,877","14,464","2.29M","-0.28%"
"07/24/2017","14,741","14,800","14,845","14,639","1.65M","0.48%"
"07/21/2017","14,670","14,773","14,950","14,639","944.69K","-1.28%"
"07/20/2017","14,860","14,638","14,961","14,638","3.07M","0.75%"
"07/19/2017","14,750","14,500","14,750","14,446","3.19M","2.52%"
"07/18/2017","14,388","14,650","14,743","14,319","1.55M","-1.84%"
"07/17/2017","14,657","14,549","14,657","14,444","2.49M","0.83%"
"07/14/2017","14,536","14,555","14,577","14,314","2.76M","0.39%"
"07/13/2017","14,480","14,450","14,595","14,288","2.37M","0.52%"
"07/12/2017","14,405","13,939","14,405","13,869","2.48M","2.97%"
"07/11/2017","13,990","14,114","14,177","13,902","2.13M","-1.32%"
"07/10/2017","14,177","14,045","14,177","13,923","3.22M","1.78%"
"07/07/2017","13,929","14,185","14,206","13,867","4.20M","-2.17%"
"07/06/2017","14,238","14,378","14,494","14,157","2.52M","-0.97%"
"07/05/2017","14,378","14,344","14,500","14,134","3.00M","-0.44%"
"07/04/2017","14,442","14,350","14,581","14,188","2.49M","0.64%"
"07/03/2017","14,350","14,375","14,489","14,149","2.07M","-0.17%"
"06/30/2017","14,375","14,450","14,450","14,149","4.64M","0.17%"
"06/29/2017","14,350","14,586","14,750","14,269","3.29M","-1.44%"
"06/28/2017","14,559","14,484","14,644","14,376","2.68M","-0.34%"
"06/27/2017","14,608","14,680","14,820","14,402","4.99M","-0.03%"
"06/26/2017","14,612","14,300","14,700","14,298","2.96M","1.30%"
"06/23/2017","14,425","14,040","14,550","14,040","3.50M","1.75%"
"06/22/2017","14,177","14,165","14,270","14,036","4.29M","-0.23%"
"06/21/2017","14,210","14,400","14,447","14,181","4.35M","-1.27%"
"06/20/2017","14,393","14,454","14,493","14,328","4.76M","-0.64%"
"06/19/2017","14,486","14,750","14,843","14,232","6.62M","-1.12%"
"06/15/2017","14,650","14,821","14,947","14,565","18.99M","-1.45%"
"06/14/2017","14,865","14,768","15,014","14,676","3.44M","0.66%"
"06/13/2017","14,767","14,715","15,071","14,671","3.99M","-0.83%"
"06/12/2017","14,890","14,601","14,955","14,361","4.10M","1.71%"
"06/09/2017","14,640","14,489","14,788","14,350","4.90M","0.97%"
"06/08/2017","14,500","14,457","14,850","14,457","3.26M","-0.68%"
"06/07/2017","14,600","14,575","14,801","14,417","4.77M","-0.41%"
"06/06/2017","14,660","15,180","15,203","14,587","7.38M","-3.55%"
"06/05/2017","15,200","15,000","15,290","15,000","28.70M","2.01%"
"06/02/2017","14,900","14,550","14,972","14,476","19.83M","3.79%"
"06/01/2017","14,356","13,900","14,746","13,800","56.41M","3.28%"
"05/31/2017","13,900","14,539","14,599","13,805","5.42M","-4.76%"
"05/30/2017","14,595","14,724","14,765","14,506","1.25M","-0.57%"
"05/29/2017","14,679","14,603","14,899","14,487","729.50K","-0.60%"
"05/26/2017","14,767","14,981","14,981","14,641","1.41M","-1.29%"
"05/25/2017","14,960","15,000","15,190","14,813","1.07M","-0.25%"
"05/24/2017","14,998","14,639","14,998","14,634","2.02M","2.45%"
"05/23/2017","14,640","14,400","14,640","14,301","1.28M","1.85%"
"05/22/2017","14,374","14,323","14,374","14,132","1.01M","0.90%"
"05/19/2017","14,246","14,228","14,339","14,070","1.10M","0.47%"
"05/18/2017","14,179","14,262","14,350","13,984","1.29M","-0.58%"
"05/17/2017","14,262","14,630","14,850","14,133","1.70M","-1.96%"
"05/16/2017","14,547","14,450","14,720","14,281","1.71M","1.06%"
"05/15/2017","14,394","14,400","14,598","14,241","1.01M","-0.04%"
"05/12/2017","14,400","14,667","14,721","14,350","1.13M","-1.10%"
"05/11/2017","14,560","14,700","14,850","14,537","1.53M","-1.07%"
"05/10/2017","14,718","14,799","14,847","14,646","1.49M","-0.49%"
"05/09/2017","14,791","14,708","14,829","14,501","831.07K","0.62%"
"05/08/2017","14,700","14,450","14,800","14,450","1.20M","1.80%"
"05/05/2017","14,440","14,328","14,541","14,328","2.25M","-0.41%"
"05/04/2017","14,500","14,675","14,737","14,374","1.32M","-1.75%"
"05/03/2017","14,759","14,700","14,868","14,566","1.29M","-0.27%"
"05/02/2017","14,799","14,700","14,897","14,586","1.23M","0.67%"
"04/28/2017","14,700","14,500","14,975","14,500","1.26M","-0.72%"
"04/26/2017","14,807","14,761","14,854","14,520","2.48M","0.17%"
"04/25/2017","14,782","14,927","14,996","14,540","1.88M","-0.48%"
"04/24/2017","14,854","14,679","15,048","14,640","1.67M","2.89%"
"04/21/2017","14,437","14,374","14,600","14,374","1.39M","0.26%"
"04/20/2017","14,400","14,496","14,501","14,191","1.97M","0.35%"
"04/19/2017","14,350","14,505","14,505","14,200","2.77M","-0.35%"
"04/18/2017","14,400","14,687","14,780","14,340","1.78M","-1.03%"
"04/13/2017","14,550","14,600","14,700","14,340","1.62M","0.37%"
"04/12/2017","14,497","14,395","14,905","14,375","3.34M","1.38%"
"04/11/2017","14,300","14,100","14,374","13,878","2.48M","1.80%"
"04/10/2017","14,047","13,970","14,250","13,796","1.98M","1.12%"
"04/07/2017","13,891","13,700","13,950","13,586","3.34M","2.29%"
"04/06/2017","13,580","13,600","13,728","13,406","3.25M","-1.95%"
"04/05/2017","13,850","14,039","14,039","13,322","4.46M","-3.91%"
"04/04/2017","14,414","13,798","14,469","13,520","3.45M","0.80%"
"04/03/2017","14,300","14,099","14,367","13,849","4.56M","2.50%"
"03/31/2017","13,951","13,998","14,496","13,880","10.11M","-7.16%"
"03/30/2017","15,027","14,925","15,238","14,857","2.38M","0.62%"
"03/29/2017","14,935","15,045","15,090","14,600","3.08M","-0.88%"
"03/28/2017","15,068","15,000","15,450","14,900","3.46M","-1.80%"
"03/27/2017","15,344","15,610","15,847","15,162","3.04M","-3.19%"
"03/24/2017","15,850","15,650","15,949","15,650","2.79M","0.59%"
"03/23/2017","15,757","15,679","15,800","15,593","1.85M","0.04%"
"03/22/2017","15,750","15,200","15,750","15,200","2.98M","1.55%"
"03/20/2017","15,509","15,650","15,715","15,410","1.39M","-0.72%"
"03/17/2017","15,621","15,718","15,797","15,425","4.02M","-0.62%"
"03/16/2017","15,718","15,210","15,718","15,063","4.83M","4.40%"
"03/15/2017","15,055","14,999","15,230","14,800","3.29M","1.54%"
"03/14/2017","14,827","15,200","15,299","14,821","3.00M","-2.45%"
"03/13/2017","15,200","15,115","15,395","15,049","1.13M","0.85%"
"03/10/2017","15,072","15,100","15,243","14,906","2.20M","0.05%"
"03/09/2017","15,065","14,950","15,175","14,901","3.42M","0.33%"
"03/08/2017","15,015","15,180","15,310","14,861","4.29M","-1.03%"
"03/07/2017","15,171","15,448","15,520","15,120","2.53M","-1.81%"
"03/06/2017","15,450","15,400","15,617","15,302","1.33M","0.65%"
"03/03/2017","15,350","15,350","15,486","15,150","6.62M","-0.32%"
"03/02/2017","15,400","15,677","15,989","15,321","2.86M","-0.81%"
"03/01/2017","15,525","15,400","15,535","15,100","4.15M","2.17%"
"02/28/2017","15,195","15,694","15,694","15,195","3.78M","-1.84%"
"02/27/2017","15,480","15,688","15,781","15,419","1.91M","-0.90%"
"02/24/2017","15,620","15,663","15,800","15,560","1.72M","-0.41%"
"02/23/2017","15,685","15,600","15,943","15,350","2.58M","-0.46%"
"02/22/2017","15,757","15,900","16,203","15,524","1.88M","-1.68%"
"02/21/2017","16,027","16,089","16,320","15,757","1.82M","-0.66%"
"02/20/2017","16,133","16,070","16,148","15,800","1.04M","0.27%"
"02/17/2017","16,089","16,200","16,267","15,901","1.44M","-1.28%"
"02/16/2017","16,297","16,219","16,470","16,100","1.88M","-0.48%"
"02/15/2017","16,376","16,480","16,698","16,272","2.05M","-0.30%"
"02/14/2017","16,425","16,339","16,450","16,139","1.52M","0.45%"
"02/13/2017","16,351","16,300","16,389","16,048","1.82M","0.84%"
"02/10/2017","16,214","16,100","16,214","15,910","1.57M","1.97%"
"02/09/2017","15,900","15,606","15,900","15,501","1.89M","2.53%"
"02/08/2017","15,507","15,780","15,780","15,406","1.99M","-0.92%"
"02/07/2017","15,651","15,335","15,700","15,278","1.76M","2.06%"
"02/06/2017","15,335","15,460","15,679","15,320","1.04M","-0.79%"
"02/03/2017","15,457","15,357","15,528","15,247","2.14M","0.24%"
"02/02/2017","15,420","15,583","15,688","15,350","2.31M","-1.41%"
"02/01/2017","15,640","16,000","16,000","15,615","1.91M","-1.52%"
"01/31/2017","15,881","15,600","15,958","15,600","1.59M","1.48%"
"01/30/2017","15,650","15,699","15,810","15,465","1.55M","0.32%"
"01/27/2017","15,600","16,373","16,373","15,600","2.40M","-4.72%"
"01/26/2017","16,373","16,506","16,774","16,247","1.41M","-0.81%"
"01/25/2017","16,506","16,450","16,769","16,444","3.57M","0.34%"
"01/24/2017","16,450","16,599","16,599","16,240","2.80M","-0.06%"
"01/23/2017","16,460","16,399","16,637","16,179","2.06M","0.98%"
"01/20/2017","16,300","16,300","16,439","16,226","1.68M","-1.21%"
"01/19/2017","16,500","16,605","16,896","16,307","1.72M","-1.55%"
"01/18/2017","16,760","16,653","17,052","16,653","2.26M","0.71%"
"01/17/2017","16,642","16,600","17,000","16,600","1.87M","-1.64%"
"01/16/2017","16,919","16,785","17,242","16,300","865.44K","-1.12%"
"01/13/2017","17,110","16,999","17,110","16,750","1.27M","0.06%"
"01/12/2017","17,100","16,881","17,244","16,703","1.21M","1.30%"
"01/11/2017","16,881","16,768","17,045","16,600","2.28M","0.89%"
"01/10/2017","16,732","16,816","17,180","16,510","1.91M","-1.39%"
"01/09/2017","16,967","17,052","17,179","16,504","478.93K","0.10%"
"01/06/2017","16,950","16,716","16,982","16,421","759.88K","1.62%"
"01/05/2017","16,680","17,120","17,278","16,568","1.16M","-2.85%"
"01/04/2017","17,170","17,000","17,170","16,561","845.71K","1.00%"
"01/03/2017","17,000","16,656","17,099","16,656","480.28K","0.78%"
"12/30/2016","16,869","16,900","17,149","16,631","487.40K","-0.60%"
"12/29/2016","16,970","16,999","17,152","16,700","581.88K","0.81%"
"12/28/2016","16,834","16,500","16,953","16,500","904.06K","2.33%"
"12/23/2016","16,450","16,260","16,500","16,260","234.81K","0.15%"
"12/22/2016","16,426","16,799","16,799","16,250","685.19K","-1.20%"
"12/21/2016","16,625","16,525","16,888","16,460","1.09M","0.61%"
"12/20/2016","16,525","16,520","16,699","16,387","1.57M","-0.21%"
"12/19/2016","16,560","16,512","16,947","16,313","1.26M","0.29%"
"12/15/2016","16,512","16,600","16,849","16,359","4.72M","-2.20%"
"12/14/2016","16,883","16,701","17,155","16,701","1.99M","0.26%"
"12/13/2016","16,840","16,600","16,901","16,600","2.46M","0.62%"
"12/12/2016","16,736","16,800","17,063","16,715","1.40M","-0.53%"
"12/09/2016","16,825","16,740","16,937","16,556","2.10M","0.72%"
"12/08/2016","16,705","16,313","16,705","16,141","2.43M","3.69%"
"12/07/2016","16,111","16,152","16,297","15,812","2.66M","0.91%"
"12/06/2016","15,966","16,130","16,320","15,901","1.91M","-0.92%"
"12/05/2016","16,115","15,803","16,189","15,642","2.51M","2.32%"
"12/02/2016","15,750","15,885","15,885","15,543","1.57M","-1.10%"
"12/01/2016","15,925","15,740","15,994","15,604","1.32M","1.23%"
"11/30/2016","15,731","16,104","16,110","15,724","2.19M","-1.70%"
"11/29/2016","16,003","15,950","16,173","15,950","1.83M","-0.29%"
"11/28/2016","16,050","15,511","16,120","15,511","2.48M","4.08%"
"11/25/2016","15,421","15,690","15,690","15,279","1.53M","0.30%"
"11/24/2016","15,375","15,767","15,767","15,364","2.18M","-2.03%"
"11/23/2016","15,693","16,000","16,201","15,693","2.20M","-1.66%"
"11/22/2016","15,958","15,723","16,033","15,472","2.70M","3.15%"
"11/21/2016","15,471","15,350","15,510","15,293","1.34M","0.39%"
"11/18/2016","15,411","15,121","15,411","14,900","1.04M","0.82%"
"11/17/2016","15,285","15,052","15,457","14,964","1.15M","1.21%"
"11/16/2016","15,102","14,750","15,210","14,750","3.32M","2.39%"
"11/15/2016","14,750","14,380","14,881","14,311","2.37M","2.43%"
"11/14/2016","14,400","14,590","14,946","14,400","3.28M","-1.30%"
"11/11/2016","14,590","14,850","14,996","14,275","3.47M","-3.04%"
"11/10/2016","15,048","15,800","16,043","15,023","4.90M","-3.69%"
"11/09/2016","15,625","15,360","15,886","15,360","1.82M","-2.31%"
"11/08/2016","15,995","15,257","16,042","15,257","2.06M","3.03%"
"11/07/2016","15,525","15,336","15,726","15,299","1.36M","2.10%"
"11/04/2016","15,205","15,315","15,349","15,101","994.60K","-1.26%"
"11/03/2016","15,399","15,760","15,760","15,315","2.50M","-2.15%"
"11/02/2016","15,738","15,599","15,846","15,325","2.10M","0.16%"
"11/01/2016","15,713","15,450","15,780","15,450","1.82M","0.49%"
"10/31/2016","15,636","15,200","15,831","15,200","2.57M","2.87%"
"10/28/2016","15,200","15,308","15,308","15,010","1.43M","-1.07%"
"10/27/2016","15,365","15,400","15,584","15,007","1.37M","-0.74%"
"10/26/2016","15,480","15,417","15,504","15,125","783.32K","1.11%"
"10/25/2016","15,310","15,460","15,550","15,202","1.71M","-0.58%"
"10/24/2016","15,400","15,100","15,544","15,100","1.42M","2.27%"
"10/21/2016","15,058","15,379","15,379","14,881","1.20M","-0.54%"
"10/20/2016","15,140","15,300","15,400","15,001","952.17K","-0.46%"
"10/19/2016","15,210","15,100","15,274","15,053","1.28M","1.00%"
"10/18/2016","15,059","14,910","15,224","14,800","1.89M","2.27%"
"10/17/2016","14,725","14,660","14,806","14,431","1.81M","0.73%"
"10/14/2016","14,618","14,600","15,179","14,426","2.18M","-0.01%"
"10/13/2016","14,619","15,119","15,119","14,565","2.71M","-3.31%"
"10/12/2016","15,119","14,990","15,260","14,796","2.71M","0.46%"
"10/11/2016","15,050","15,461","15,573","14,600","4.44M","-2.90%"
"10/10/2016","15,500","15,637","15,749","15,500","854.33K","-0.88%"
"10/07/2016","15,637","15,681","15,822","15,577","1.69M","-0.28%"
"10/06/2016","15,681","15,599","15,912","15,419","2.69M","1.17%"
"10/05/2016","15,500","15,130","15,538","15,130","1.06M","-0.26%"
"10/04/2016","15,540","15,172","15,564","14,996","2.53M","2.91%"
"10/03/2016","15,100","15,062","15,371","15,012","941.20K","0.00%"
"09/30/2016","15,100","15,221","15,348","15,001","2.66M","-2.95%"
"09/29/2016","15,559","15,400","15,568","15,100","3.50M","2.70%"
"09/28/2016","15,150","15,176","15,390","14,932","1.31M","-0.26%"
"09/27/2016","15,190","15,200","15,396","14,975","1.62M","-0.07%"
"09/26/2016","15,200","15,071","15,460","15,000","1.01M","-1.04%"
"09/23/2016","15,359","15,275","15,377","15,113","1.93M","-0.10%"
"09/22/2016","15,375","15,000","15,651","15,000","2.67M","3.37%"
"09/21/2016","14,874","14,892","15,000","14,501","1.57M","0.77%"
"09/20/2016","14,760","14,755","14,985","14,699","1.30M","-1.10%"
"09/19/2016","14,924","14,562","15,063","14,411","1.54M","2.49%"
"09/16/2016","14,562","14,450","14,830","14,345","1.53M","0.37%"
"09/15/2016","14,508","14,680","14,680","14,335","5.69M","-0.36%"
"09/14/2016","14,560","14,662","14,782","14,396","1.43M","-0.21%"
"09/13/2016","14,590","14,894","14,894","14,491","2.95M","-1.21%"
"09/12/2016","14,768","14,610","14,802","14,501","1.76M","-1.55%"
"09/09/2016","15,000","15,000","15,134","14,760","2.21M","-0.50%"
"09/08/2016","15,076","14,849","15,097","14,666","4.17M","1.52%"
"09/07/2016","14,850","15,020","15,020","14,667","2.93M","-2.80%"
"09/06/2016","15,278","14,990","15,278","14,754","2.87M","2.88%"
"09/05/2016","14,850","14,865","15,080","14,700","1.67M","-0.10%"
"09/02/2016","14,865","14,403","14,893","14,379","3.25M","3.95%"
"09/01/2016","14,300","14,890","14,969","14,271","3.67M","-3.96%"
"08/31/2016","14,890","15,400","15,460","14,830","3.35M","-2.36%"
"08/30/2016","15,250","15,372","15,586","15,189","2.12M","-0.68%"
"08/29/2016","15,355","15,327","15,521","15,077","2.51M","0.23%"
"08/26/2016","15,320","15,190","15,600","15,190","4.14M","-0.15%"
"08/25/2016","15,343","15,624","15,880","15,184","4.21M","-1.01%"
"08/24/2016","15,500","16,000","16,000","14,871","6.25M","-5.14%"
"08/23/2016","16,340","16,308","16,539","16,137","1.40M","0.50%"
"08/22/2016","16,258","16,366","16,441","16,072","1.12M","-1.47%"
"08/19/2016","16,500","16,263","16,596","16,151","2.14M","0.91%"
"08/18/2016","16,352","16,128","16,570","15,920","2.78M","2.20%"
"08/17/2016","16,000","16,187","16,374","15,804","1.56M","-1.51%"
"08/16/2016","16,245","16,300","16,674","16,061","1.52M","-1.29%"
"08/15/2016","16,457","16,415","16,617","16,200","2.27M","-0.26%"
"08/12/2016","16,500","16,186","16,678","16,186","1.74M","2.14%"
"08/11/2016","16,154","16,177","16,242","15,805","3.11M","-0.14%"
"08/10/2016","16,177","16,260","16,697","16,168","3.64M","-0.45%"
"08/08/2016","16,250","16,190","16,328","16,050","855.48K","1.25%"
"08/05/2016","16,050","16,128","16,294","15,864","2.03M","-0.31%"
"08/04/2016","16,100","15,950","16,334","15,608","4.91M","3.21%"
"08/02/2016","15,600","15,740","15,968","15,417","4.75M","-1.20%"
"08/01/2016","15,790","15,530","15,940","15,468","3.09M","2.87%"
"07/29/2016","15,349","15,550","15,748","15,240","1.85M","-0.62%"
"07/28/2016","15,445","15,522","15,825","15,172","2.89M","-0.50%"
"07/27/2016","15,522","15,496","15,595","15,208","1.56M","0.86%"
"07/26/2016","15,390","15,307","15,500","15,120","1.97M","0.59%"
"07/25/2016","15,300","15,070","15,389","14,962","2.39M","1.14%"
"07/22/2016","15,128","14,850","15,189","14,850","756.62K","0.52%"
"07/21/2016","15,050","14,959","15,067","14,720","1.60M","0.61%"
"07/20/2016","14,959","14,900","15,262","14,726","1.62M","0.51%"
"07/19/2016","14,883","14,598","14,883","14,421","2.18M","1.94%"
"07/18/2016","14,600","14,595","14,725","14,401","2.92M","0.00%"
"07/15/2016","14,600","14,351","14,670","14,200","3.53M","0.62%"
"07/14/2016","14,510","14,366","14,654","14,259","3.20M","1.00%"
"07/13/2016","14,366","14,370","14,538","14,100","2.10M","0.46%"
"07/12/2016","14,300","14,050","14,319","14,050","1.69M","2.14%"
"07/11/2016","14,000","14,040","14,139","13,833","1.04M","1.66%"
"07/08/2016","13,772","13,421","13,998","13,318","1.80M","0.92%"
"07/07/2016","13,646","13,500","13,775","13,411","1.17M","2.46%"
"07/06/2016","13,318","13,750","13,750","13,250","2.96M","-4.34%"
"07/05/2016","13,922","13,880","14,076","13,670","1.80M","-0.09%"
"07/04/2016","13,934","13,991","14,378","13,890","1.57M","-0.40%"
"07/01/2016","13,990","14,600","14,600","13,702","2.93M","-2.90%"
"06/30/2016","14,408","14,480","14,556","14,203","2.23M","1.31%"
"06/29/2016","14,222","14,758","14,758","14,000","3.79M","-1.51%"
"06/28/2016","14,440","14,101","14,810","14,075","2.46M","3.77%"
"06/27/2016","13,916","14,320","14,598","13,775","1.98M","-4.73%"
"06/24/2016","14,607","14,301","14,900","14,301","2.23M","-4.64%"
"06/23/2016","15,317","15,160","15,499","15,027","1.47M","1.12%"
"06/22/2016","15,148","14,600","15,356","14,600","3.15M","4.19%"
"06/21/2016","14,539","14,561","14,766","14,422","2.21M","-0.53%"
"06/20/2016","14,617","14,700","14,926","14,444","1.54M","0.10%"
"06/17/2016","14,603","14,230","14,603","14,121","1.77M","1.69%"
"06/15/2016","14,360","14,400","14,680","14,183","4.29M","0.33%"
"06/14/2016","14,313","14,409","14,499","14,025","2.40M","-1.22%"
"06/13/2016","14,490","14,500","14,798","14,410","1.59M","-1.09%"
"06/10/2016","14,650","14,806","15,022","14,546","2.51M","-1.01%"
"06/09/2016","14,800","14,999","15,062","14,665","2.05M","-1.60%"
"06/08/2016","15,040","15,350","15,423","14,900","2.12M","-2.88%"
"06/07/2016","15,486","15,256","15,500","14,850","3.39M","0.55%"
"06/06/2016","15,402","15,450","15,720","14,799","2.17M","0.42%"
"06/03/2016","15,337","15,000","15,337","14,561","3.37M","2.93%"
"06/02/2016","14,900","14,800","15,066","14,622","1.74M","1.51%"
"06/01/2016","14,678","14,577","14,678","14,400","3.27M","0.57%"
"05/31/2016","14,595","14,610","14,753","14,372","3.43M","-0.03%"
"05/30/2016","14,600","14,770","14,773","14,550","1.22M","-0.21%"
"05/27/2016","14,631","15,000","15,122","14,331","4.13M","-2.71%"
"05/26/2016","15,038","14,611","15,199","14,531","5.04M","3.01%"
"05/25/2016","14,599","14,542","14,999","14,516","4.60M","1.35%"
"05/24/2016","14,405","14,100","14,419","13,810","3.58M","1.37%"
"05/23/2016","14,211","14,138","14,400","13,980","1.76M","0.72%"
"05/20/2016","14,110","13,700","14,157","13,600","3.31M","3.75%"
"05/19/2016","13,600","13,799","13,799","13,400","2.02M","-1.24%"
"05/18/2016","13,771","13,545","13,852","13,350","3.37M","1.51%"
"05/17/2016","13,566","13,702","13,889","13,300","1.85M","-0.75%"
"05/16/2016","13,669","13,850","13,850","13,417","1.88M","-0.71%"
"05/13/2016","13,767","13,505","14,150","13,150","2.36M","1.23%"
"05/12/2016","13,600","13,880","13,898","13,411","6.87M","-1.31%"
"05/11/2016","13,780","13,679","13,894","13,408","2.55M","1.75%"
"05/10/2016","13,543","13,775","13,800","13,521","3.53M","-1.51%"
"05/09/2016","13,750","13,593","13,779","13,295","9.86M","3.00%"
"05/06/2016","13,350","13,249","13,434","13,000","5.77M","1.44%"
"05/05/2016","13,160","13,000","13,580","12,905","31.43M","-2.32%"
"05/04/2016","13,472","13,800","13,820","13,472","2.67M","-2.94%"
"05/03/2016","13,880","14,450","14,478","13,880","1.97M","-3.81%"
"04/29/2016","14,430","14,700","14,803","14,421","2.30M","-3.58%"
"04/28/2016","14,966","14,988","15,159","14,700","2.13M","3.34%"
"04/26/2016","14,482","14,498","14,680","14,200","1.48M","0.67%"
"04/25/2016","14,386","14,500","14,810","14,160","1.25M","-0.60%"
"04/22/2016","14,473","14,949","14,949","14,376","1.59M","-2.62%"
"04/21/2016","14,863","15,000","15,399","14,701","2.15M","-0.91%"
"04/20/2016","15,000","14,288","15,100","14,091","3.76M","4.90%"
"04/19/2016","14,300","14,600","14,687","14,061","3.09M","-1.99%"
"04/18/2016","14,590","13,703","14,590","13,659","2.22M","4.21%"
"04/15/2016","14,001","13,831","14,200","13,783","2.42M","1.80%"
"04/14/2016","13,753","13,900","14,240","13,753","1.42M","-1.06%"
"04/13/2016","13,900","14,045","14,389","13,320","1.20M","0.36%"
"04/12/2016","13,850","13,574","13,918","13,546","1.61M","1.29%"
"04/11/2016","13,674","13,650","13,761","13,217","1.26M","0.73%"
"04/08/2016","13,575","13,133","13,591","13,035","3.29M","4.42%"
"04/07/2016","13,000","13,370","13,484","12,557","2.56M","-1.52%"
"04/06/2016","13,200","14,280","14,280","12,980","5.63M","-6.55%"
"04/05/2016","14,125","14,499","14,499","13,915","2.72M","-2.52%"
"04/04/2016","14,490","14,300","14,661","14,130","1.45M","-1.76%"
"04/01/2016","14,750","14,974","14,974","14,500","2.04M","-1.40%"
"03/31/2016","14,959","14,579","14,959","14,210","1.89M","2.59%"
"03/30/2016","14,581","14,200","14,675","14,200","936.85K","3.57%"
"03/29/2016","14,078","14,200","14,390","13,914","1.12M","-0.86%"
"03/24/2016","14,200","14,475","14,475","13,979","1.49M","-1.90%"
"03/23/2016","14,475","14,750","14,833","14,335","884.05K","-2.20%"
"03/22/2016","14,800","14,899","14,899","14,355","1.98M","-1.33%"
"03/18/2016","15,000","14,490","15,000","14,333","2.48M","3.59%"
"03/17/2016","14,480","13,800","14,559","13,612","5.82M","6.67%"
"03/16/2016","13,575","13,401","13,600","13,401","1.81M","0.41%"
"03/15/2016","13,520","13,460","13,722","13,353","1.27M","0.45%"
"03/14/2016","13,460","13,750","13,899","13,390","1.68M","-1.25%"
"03/11/2016","13,630","13,700","13,898","13,516","1.20M","-0.15%"
"03/10/2016","13,650","13,850","13,950","13,441","1.64M","-1.09%"
"03/09/2016","13,801","14,100","14,349","13,700","1.95M","-2.05%"
"03/08/2016","14,090","14,100","14,344","13,702","2.35M","0.71%"
"03/07/2016","13,991","14,099","14,148","13,626","2.92M","0.65%"
"03/04/2016","13,900","14,100","14,300","13,607","5.74M","-2.12%"
"03/03/2016","14,201","14,500","14,800","14,201","4.61M","-1.67%"
"03/02/2016","14,442","13,889","14,789","13,889","3.97M","3.98%"
"03/01/2016","13,889","13,800","14,457","12,661","6.66M","2.13%"
"02/29/2016","13,600","13,645","14,220","13,324","3.90M","-6.10%"
"02/26/2016","14,483","15,000","15,149","14,483","1.39M","-2.05%"
"02/25/2016","14,786","15,100","15,100","14,251","2.02M","1.27%"
"02/24/2016","14,600","15,000","15,350","14,547","2.21M","-1.06%"
"02/23/2016","14,756","15,300","15,350","14,704","1.58M","-3.93%"
"02/22/2016","15,360","15,117","15,482","15,117","1.49M","1.47%"
"02/19/2016","15,138","15,550","15,940","15,006","1.31M","-3.85%"
"02/18/2016","15,744","14,933","16,049","14,933","3.98M","4.30%"
"02/17/2016","15,095","14,965","15,463","14,845","2.06M","-0.04%"
"02/16/2016","15,101","15,696","15,819","15,094","2.07M","-3.79%"
"02/15/2016","15,696","14,800","15,708","14,800","2.86M","7.14%"
"02/12/2016","14,650","14,120","14,795","13,820","1.56M","4.17%"
"02/11/2016","14,064","14,000","14,294","13,672","1.62M","-2.33%"
"02/10/2016","14,400","14,100","14,700","13,850","1.72M","3.13%"
"02/09/2016","13,963","14,200","14,337","13,780","1.38M","-2.59%"
"02/08/2016","14,334","14,091","14,651","13,960","1.24M","-1.48%"
"02/05/2016","14,550","14,092","14,724","14,026","1.37M","1.53%"
"02/04/2016","14,331","14,436","14,436","13,765","1.37M","4.23%"
"02/03/2016","13,749","13,305","13,940","13,305","1.67M","0.50%"
"02/02/2016","13,681","14,060","14,223","13,539","2.54M","-3.99%"
"02/01/2016","14,250","14,479","14,599","14,000","3.29M","-1.01%"
"01/29/2016","14,396","13,999","14,445","13,534","3.80M","5.08%"
"01/28/2016","13,700","13,160","13,979","13,080","2.43M","4.23%"
"01/27/2016","13,144","12,900","13,209","12,548","1.83M","1.89%"
"01/26/2016","12,900","12,500","12,900","12,142","3.13M","1.30%"
"01/25/2016","12,735","13,200","13,200","12,600","2.30M","-0.49%"
"01/22/2016","12,798","12,350","13,414","12,350","2.58M","4.28%"
"01/21/2016","12,273","12,501","12,633","12,149","2.27M","-2.93%"
"01/20/2016","12,643","12,702","12,852","12,524","1.40M","-2.38%"
"01/19/2016","12,951","12,806","13,231","12,806","1.32M","0.63%"
"01/18/2016","12,870","12,725","13,056","12,725","1.66M","1.14%"
"01/15/2016","12,725","13,038","13,038","12,647","1.60M","-2.30%"
"01/14/2016","13,025","13,045","13,180","12,661","816.91K","-1.21%"
"01/13/2016","13,184","12,610","13,580","12,610","2.62M","3.00%"
"01/12/2016","12,800","12,350","13,200","11,955","1.90M","1.19%"
"01/11/2016","12,650","12,955","12,955","12,300","1.42M","-4.17%"
"01/08/2016","13,200","13,598","13,598","12,972","1.31M","1.54%"
"01/07/2016","13,000","13,306","13,315","12,818","2.00M","-4.13%"
"01/06/2016","13,560","13,412","13,760","13,146","1.01M","-1.85%"
"01/05/2016","13,816","13,760","13,977","13,447","975.49K","1.59%"
"01/04/2016","13,600","14,000","14,013","13,416","1.29M","-5.22%"