"Date","Price","Open","High","Low","Vol.","Change %"
"03/27/2026","151,503","152,243","151,509","150,277","0.29K","0.41%"
"03/26/2026","150,882","148,499","152,358","145,144","1.13M","-1.64%"
"03/25/2026","153,390","150,773","156,973","149,165","1.69M","5.65%"
"03/24/2026","145,182","142,722","146,000","139,904","1.37M","1.75%"
"03/23/2026","142,684","126,554","143,993","125,500","2.37M","-0.07%"
"03/20/2026","142,782","143,042","150,499","141,481","3.36M","-0.19%"
"03/19/2026","143,060","150,088","152,034","135,101","5.20M","-6.67%"
"03/18/2026","153,283","160,000","160,901","148,772","2.36M","-4.28%"
"03/17/2026","160,145","159,049","161,912","158,139","1.98M","-0.22%"
"03/16/2026","160,491","160,000","162,476","154,049","1.37M","-1.06%"
"03/13/2026","162,216","171,700","172,204","162,216","1.66M","-5.03%"
"03/12/2026","170,812","168,605","175,235","168,202","993.47K","-0.04%"
"03/11/2026","170,876","174,500","174,504","164,607","1.01M","-3.73%"
"03/10/2026","177,500","177,224","180,704","175,936","1.23M","1.92%"
"03/09/2026","174,162","171,900","177,610","170,088","1.24M","0.69%"
"03/06/2026","172,972","179,800","181,281","171,821","873.78K","-3.66%"
"03/05/2026","179,551","186,373","187,368","177,036","1.25M","-2.68%"
"03/04/2026","184,500","189,921","192,800","184,500","1.23M","0.06%"
"03/03/2026","184,390","203,525","205,133","183,256","1.64M","-9.40%"
"03/02/2026","203,525","207,300","214,673","200,712","1.33M","1.36%"
"02/27/2026","200,789","199,065","200,789","194,510","1.50M","3.61%"
"02/26/2026","193,798","199,500","199,500","191,912","731.54K","-3.43%"
"02/25/2026","200,685","199,501","202,641","196,451","1.09M","4.63%"
"02/24/2026","191,811","190,500","193,416","185,606","1.04M","-0.19%"
"02/23/2026","192,180","183,900","192,800","178,785","1.27M","7.30%"
"02/20/2026","179,102","172,800","181,061","168,676","1.30M","4.64%"
"02/19/2026","171,155","175,001","175,453","167,597","850.24K","-0.75%"
"02/18/2026","172,447","171,995","173,750","165,042","990.41K","4.20%"
"02/17/2026","165,501","169,000","170,152","164,500","777.54K","-3.83%"
"02/16/2026","172,100","171,500","176,432","170,700","568.03K","0.58%"
"02/13/2026","171,100","170,123","174,095","168,455","870.27K","-3.06%"
"02/12/2026","176,500","176,001","179,361","175,500","603.61K","0.38%"
"02/11/2026","175,828","173,145","178,500","173,145","812.08K","3.38%"
"02/10/2026","170,082","167,649","172,207","165,300","662.76K","1.48%"
"02/09/2026","167,601","169,210","169,933","162,815","683.52K","0.10%"
"02/06/2026","167,438","157,506","168,408","157,506","830.47K","4.67%"
"02/05/2026","159,961","162,000","162,882","155,609","871.20K","-3.58%"
"02/04/2026","165,900","163,505","168,639","162,455","1.33M","4.65%"
"02/03/2026","158,534","153,222","161,141","153,222","1.25M","5.20%"
"02/02/2026","150,696","136,470","154,896","125,707","2.10M","-2.19%"
"01/30/2026","154,064","157,100","163,075","150,100","2.56M","-12.80%"
"01/29/2026","176,672","184,200","187,999","175,021","1.35M","-1.17%"
"01/28/2026","178,763","176,000","179,894","173,545","1.06M","6.42%"
"01/27/2026","167,982","176,502","177,001","167,982","1.39M","-6.36%"
"01/26/2026","179,396","171,705","179,396","171,369","962.78K","7.96%"
"01/23/2026","166,175","167,500","168,981","162,896","1.07M","3.13%"
"01/22/2026","161,138","166,950","168,597","159,227","1.11M","-6.04%"
"01/21/2026","171,494","180,500","180,500","171,494","1.30M","-0.70%"
"01/20/2026","172,700","165,512","172,700","163,735","1.13M","6.18%"
"01/19/2026","162,643","163,701","166,500","162,133","644.59K","1.28%"
"01/16/2026","160,589","160,001","160,831","157,000","915.57K","-0.67%"
"01/15/2026","161,674","161,500","164,462","160,199","889.15K","-0.59%"
"01/14/2026","162,635","162,773","166,102","161,887","842.29K","0.45%"
"01/13/2026","161,911","156,301","162,200","156,301","770.23K","1.83%"
"01/12/2026","159,000","155,414","159,388","153,555","683.76K","5.96%"
"01/09/2026","150,050","150,710","151,710","148,725","490.42K","1.60%"
"01/08/2026","147,692","149,360","151,942","146,159","621.94K","-0.02%"
"01/07/2026","147,718","148,850","151,033","146,624","855.35K","-0.76%"
"01/06/2026","148,850","146,047","149,787","143,413","851.51K","1.67%"
"01/05/2026","146,404","143,255","146,490","142,245","743.89K","3.17%"
"01/02/2026","141,904","143,510","146,630","141,232","269.14K","-0.98%"
"12/31/2025","143,315","140,501","143,500","140,501","202.90K","-0.58%"
"12/30/2025","144,150","142,000","146,838","142,000","418.46K","1.18%"
"12/29/2025","142,464","149,191","149,597","142,419","622.39K","-4.44%"
"12/24/2025","149,089","149,862","150,284","148,052","148.72K","0.47%"
"12/23/2025","148,396","151,500","152,874","147,955","562.30K","-1.28%"
"12/22/2025","150,318","148,800","151,500","146,500","697.17K","4.77%"
"12/19/2025","143,475","142,806","144,770","137,500","2.53M","0.72%"
"12/18/2025","142,456","142,000","143,700","139,774","2.96M","1.05%"
"12/17/2025","140,981","142,000","143,527","140,000","1.18M","-0.54%"
"12/15/2025","141,746","143,029","144,501","141,395","1.06M","-1.91%"
"12/12/2025","144,501","144,737","146,051","143,700","1.03M","3.47%"
"12/11/2025","139,650","137,050","140,781","136,037","1.13M","2.16%"
"12/10/2025","136,700","135,600","136,945","134,618","586.77K","1.26%"
"12/09/2025","135,000","133,345","135,389","131,970","1.45M","-1.42%"
"12/08/2025","136,942","141,601","144,294","136,578","993.34K","-4.42%"
"12/05/2025","143,282","142,499","143,383","140,363","614.08K","3.83%"
"12/04/2025","138,000","141,969","141,969","136,929","1.12M","-3.54%"
"12/03/2025","143,070","143,050","144,969","140,553","598.70K","0.00%"
"12/02/2025","143,068","143,089","145,199","142,323","968.70K","-1.72%"
"12/01/2025","145,575","144,550","147,429","143,205","1.18M","0.72%"
"11/28/2025","144,534","145,000","145,284","141,700","2.00M","2.24%"
"11/27/2025","141,371","148,500","149,075","141,371","848.53K","-2.68%"
"11/26/2025","145,264","143,605","147,294","143,517","771.44K","2.26%"
"11/25/2025","142,052","145,200","145,507","138,894","1.01M","1.54%"
"11/24/2025","139,900","138,600","140,966","135,344","2.25M","2.78%"
"11/21/2025","136,117","135,770","138,124","131,642","1.31M","-5.00%"
"11/20/2025","143,287","140,999","144,360","138,457","1.12M","0.01%"
"11/19/2025","143,271","137,500","143,438","136,823","1.23M","6.13%"
"11/18/2025","135,000","131,829","136,571","129,635","1.00M","-1.24%"
"11/17/2025","136,700","135,979","136,784","133,759","622.32K","0.09%"
"11/14/2025","136,572","138,500","139,800","130,903","1.00M","-3.79%"
"11/13/2025","141,950","145,700","148,700","141,570","1.24M","1.46%"
"11/12/2025","139,904","134,275","140,428","132,755","1.19M","5.47%"
"11/11/2025","132,646","127,752","133,972","126,416","1.26M","5.91%"
"11/10/2025","125,247","123,800","127,010","122,993","1.03M","5.62%"
"11/07/2025","118,584","118,100","121,536","117,403","687.41K","-1.35%"
"11/06/2025","120,210","116,257","120,612","116,257","793.19K","4.39%"
"11/05/2025","115,160","111,900","115,500","110,102","1.20M","2.22%"
"11/04/2025","112,656","115,200","116,003","110,629","1.27M","-3.97%"
"11/03/2025","117,310","117,941","120,385","115,996","656.31K","-2.33%"
"10/31/2025","120,105","118,000","121,307","117,642","948.97K","1.78%"
"10/30/2025","118,000","114,800","119,343","114,094","1.29M","2.02%"
"10/29/2025","115,661","113,399","118,916","113,006","1.21M","3.22%"
"10/28/2025","112,050","105,050","112,155","104,326","1.90M","3.44%"
"10/27/2025","108,327","116,975","117,227","108,327","1.88M","-8.79%"
"10/24/2025","118,761","116,800","119,335","114,199","842.53K","1.32%"
"10/23/2025","117,209","114,810","117,942","114,136","974.70K","3.97%"
"10/22/2025","112,734","118,501","123,879","108,194","4.03M","-5.34%"
"10/21/2025","119,094","128,607","129,500","117,381","1.68M","-7.50%"
"10/20/2025","128,750","127,800","129,710","123,411","1.44M","-0.64%"
"10/17/2025","129,583","138,279","138,327","127,974","1.03M","-4.55%"
"10/16/2025","135,760","129,998","136,060","128,989","818.99K","5.63%"
"10/15/2025","128,522","129,789","131,250","125,210","1.49M","0.02%"
"10/14/2025","128,500","128,025","129,097","126,000","1.04M","0.39%"
"10/13/2025","128,000","126,162","130,335","126,162","884.10K","3.86%"
"10/10/2025","123,244","123,441","124,097","119,627","1.53M","-2.13%"
"10/09/2025","125,920","131,944","132,995","125,194","936.86K","-4.35%"
"10/08/2025","131,650","131,000","133,165","129,775","987.57K","3.11%"
"10/07/2025","127,683","128,197","129,505","126,630","1.01M","-1.29%"
"10/06/2025","129,350","128,000","130,614","127,656","1.10M","3.22%"
"10/03/2025","125,316","122,460","126,679","122,428","771.83K","2.92%"
"10/02/2025","121,764","123,852","127,462","121,199","1.04M","-1.55%"
"10/01/2025","123,683","120,995","125,614","119,516","1.29M","1.92%"
"09/30/2025","121,353","120,100","123,115","115,412","1.83M","2.77%"
"09/29/2025","118,082","120,000","121,904","117,834","1.35M","0.35%"
"09/26/2025","117,666","114,526","118,892","113,007","953.99K","3.13%"
"09/25/2025","114,092","116,000","116,292","113,823","1.42M","-4.18%"
"09/23/2025","119,074","120,000","120,725","116,250","1.24M","1.61%"
"09/22/2025","117,185","119,000","120,221","117,017","902.00K","1.99%"
"09/19/2025","114,900","111,112","115,146","110,695","1.38M","3.39%"
"09/18/2025","111,129","110,552","114,424","110,000","2.26M","-2.66%"
"09/17/2025","114,167","112,900","114,557","111,301","557.77K","-0.03%"
"09/16/2025","114,200","117,322","117,914","113,564","1.03M","-0.98%"
"09/15/2025","115,326","113,025","115,539","112,651","739.39K","0.84%"
"09/12/2025","114,360","114,138","115,200","112,493","962.98K","2.02%"
"09/11/2025","112,100","112,730","112,730","110,314","1.17M","-0.46%"
"09/10/2025","112,616","108,726","113,359","108,177","1.02M","4.36%"
"09/09/2025","107,915","109,179","109,898","107,029","1.76M","0.30%"
"09/08/2025","107,594","103,888","108,196","103,888","1.38M","3.31%"
"09/05/2025","104,150","103,330","105,547","101,342","1.59M","2.08%"
"09/04/2025","102,026","104,449","104,449","99,743","2.37M","-2.97%"
"09/03/2025","105,150","102,178","106,871","101,508","1.97M","2.50%"
"09/02/2025","102,583","101,600","102,707","100,132","1.78M","2.02%"
"09/01/2025","100,554","101,315","103,276","100,554","954.95K","2.09%"
"08/29/2025","98,500","96,900","99,000","95,076","1.23M","1.65%"
"08/28/2025","96,900","97,000","98,106","94,034","1.43M","-0.80%"
"08/27/2025","97,685","97,534","97,900","95,457","924.83K","1.03%"
"08/26/2025","96,689","95,200","97,391","94,502","1.87M","1.86%"
"08/25/2025","94,923","94,499","96,569","93,011","1.24M","0.20%"
"08/22/2025","94,734","95,135","95,439","91,747","1.62M","-1.11%"
"08/21/2025","95,795","92,500","96,573","92,228","1.11M","4.01%"
"08/20/2025","92,100","91,500","92,477","90,100","1.25M","-0.84%"
"08/19/2025","92,882","93,693","94,806","92,123","951.48K","-2.18%"
"08/18/2025","94,954","96,212","96,575","94,595","545.12K","-0.89%"
"08/15/2025","95,811","96,681","97,284","93,916","1.08M","-1.61%"
"08/14/2025","97,378","98,201","99,415","95,436","979.70K","-1.33%"
"08/13/2025","98,687","100,201","101,422","98,460","815.49K","-0.97%"
"08/12/2025","99,658","99,831","101,835","99,042","1.08M","-1.20%"
"08/11/2025","100,865","100,494","101,606","97,918","1.18M","-1.45%"
"08/08/2025","102,349","103,216","105,094","101,460","941.56K","-0.62%"
"08/07/2025","102,983","103,500","105,223","102,098","1.45M","0.47%"
"08/06/2025","102,499","100,449","102,615","98,648","1.62M","3.10%"
"08/05/2025","99,413","94,501","99,502","94,133","1.82M","6.44%"
"08/04/2025","93,400","88,300","93,400","86,387","1.84M","6.38%"
"08/01/2025","87,796","83,700","88,108","79,925","2.24M","6.39%"
"07/31/2025","82,521","85,473","86,255","81,099","3.51M","-5.38%"
"07/30/2025","87,217","88,999","88,999","85,913","1.14M","-1.93%"
"07/29/2025","88,929","88,602","89,462","87,419","746.62K","1.49%"
"07/28/2025","87,620","88,794","90,124","86,946","614.86K","-1.11%"
"07/25/2025","88,601","88,943","89,208","86,415","795.01K","-0.66%"
"07/24/2025","89,193","88,000","89,463","86,567","904.17K","-0.75%"
"07/23/2025","89,865","90,899","91,453","89,155","747.01K","-0.71%"
"07/22/2025","90,509","89,108","90,898","86,375","684.00K","0.64%"
"07/21/2025","89,934","85,690","90,198","84,459","559.59K","5.97%"
"07/18/2025","84,868","84,430","87,200","84,126","768.91K","1.71%"
"07/17/2025","83,443","83,797","84,800","82,381","1.04M","0.40%"
"07/16/2025","83,114","85,500","85,500","83,106","1.28M","-3.25%"
"07/15/2025","85,903","86,699","88,473","85,268","1.43M","0.70%"
"07/14/2025","85,310","84,570","86,850","84,570","1.05M","1.66%"
"07/11/2025","83,916","82,651","84,455","81,552","938.59K","2.99%"
"07/10/2025","81,480","83,291","84,294","81,164","470.36K","-0.72%"
"07/09/2025","82,071","80,480","82,132","79,777","750.26K","1.71%"
"07/08/2025","80,688","84,656","86,864","80,680","842.29K","-3.57%"
"07/07/2025","83,677","82,000","84,170","80,707","486.90K","0.52%"
"07/04/2025","83,240","81,251","83,668","81,251","291.13K","2.55%"
"07/03/2025","81,174","83,679","83,824","80,299","539.76K","0.05%"
"07/02/2025","81,134","81,179","82,591","79,569","869.80K","-0.12%"
"07/01/2025","81,228","82,239","84,031","81,066","840.56K","1.42%"
"06/30/2025","80,090","79,500","80,316","78,903","1.72M","2.59%"
"06/27/2025","78,068","82,297","82,297","77,512","1.62M","-5.65%"
"06/26/2025","82,740","83,311","84,376","80,720","1.07M","-0.31%"
"06/25/2025","83,001","83,227","84,768","82,176","1.04M","1.15%"
"06/24/2025","82,054","84,900","84,900","80,175","1.40M","-6.97%"
"06/23/2025","88,200","85,569","88,404","85,165","950.16K","1.69%"
"06/20/2025","86,738","86,900","87,676","84,918","3.58M","-0.76%"
"06/19/2025","87,402","85,000","88,037","84,006","2.19M","1.62%"
"06/18/2025","86,005","86,172","86,898","84,594","1.01M","-1.07%"
"06/17/2025","86,934","85,300","87,737","85,018","1.39M","-3.08%"
"06/13/2025","89,700","88,501","89,998","87,402","1.57M","4.30%"
"06/12/2025","86,001","82,198","87,424","81,659","1.79M","6.56%"
"06/11/2025","80,705","81,710","81,710","79,329","1.05M","0.06%"
"06/10/2025","80,657","81,783","83,004","80,175","773.27K","-1.53%"
"06/09/2025","81,913","81,250","82,132","80,111","650.62K","0.71%"
"06/06/2025","81,333","85,998","85,998","81,141","650.41K","-2.48%"
"06/05/2025","83,400","82,800","85,700","82,519","1.13M","0.62%"
"06/04/2025","82,887","82,700","83,982","82,046","581.05K","0.47%"
"06/03/2025","82,500","83,315","83,749","81,224","1.14M","-2.14%"
"06/02/2025","84,300","80,000","85,161","79,664","1.53M","9.48%"
"05/30/2025","77,000","77,234","79,245","75,776","3.25M","-1.03%"
"05/29/2025","77,800","77,493","79,592","77,138","871.61K","-1.23%"
"05/28/2025","78,767","77,900","79,293","76,633","941.29K","0.98%"
"05/27/2025","78,000","76,550","78,359","75,145","741.42K","-0.04%"
"05/26/2025","78,032","78,900","79,547","78,032","563.52K","-1.44%"
"05/23/2025","79,169","77,825","80,687","77,364","1.17M","2.30%"
"05/22/2025","77,391","79,199","79,199","75,727","1.15M","-0.25%"
"05/21/2025","77,582","78,533","79,217","77,582","870.70K","0.78%"
"05/20/2025","76,979","74,303","77,302","74,303","1.07M","2.32%"
"05/19/2025","75,232","73,602","75,536","73,317","1.52M","4.38%"
"05/16/2025","72,073","73,497","73,497","70,199","1.29M","-1.27%"
"05/15/2025","73,000","71,900","73,200","70,193","1.59M","2.27%"
"05/14/2025","71,380","75,144","76,300","70,552","1.98M","-5.01%"
"05/13/2025","75,141","73,901","75,480","73,901","1.11M","1.93%"
"05/12/2025","73,720","79,387","79,387","72,205","1.59M","-9.21%"
"05/09/2025","81,196","76,502","81,662","76,502","1.36M","4.37%"
"05/08/2025","77,800","77,710","78,496","76,908","715.44K","-1.94%"
"05/07/2025","79,343","79,300","79,978","78,246","1.10M","0.84%"
"05/06/2025","78,680","78,051","79,971","78,048","1.40M","2.18%"
"05/05/2025","76,998","74,220","78,852","73,739","1.43M","4.42%"
"05/02/2025","73,739","74,520","76,000","73,448","940.12K","-4.99%"
"04/30/2025","77,610","74,499","77,610","73,809","1.03M","2.78%"
"04/29/2025","75,514","74,100","76,155","74,100","1.21M","1.37%"
"04/25/2025","74,497","75,500","75,500","73,394","1.27M","-1.07%"
"04/24/2025","75,303","76,041","76,611","74,670","1.19M","-0.53%"
"04/23/2025","75,704","76,367","78,085","73,576","2.40M","-7.28%"
"04/22/2025","81,650","86,399","87,900","80,472","1.76M","-0.31%"
"04/17/2025","81,902","85,755","85,879","81,539","1.83M","-5.12%"
"04/16/2025","86,320","85,801","90,368","85,801","2.13M","4.12%"
"04/15/2025","82,906","81,000","83,600","81,000","2.03M","3.05%"
"04/14/2025","80,451","81,100","81,817","78,312","1.98M","-0.86%"
"04/11/2025","81,148","77,681","81,659","76,143","2.33M","6.66%"
"04/10/2025","76,081","72,003","76,225","69,777","1.69M","7.69%"
"04/09/2025","70,645","67,780","72,880","67,570","3.22M","5.60%"
"04/08/2025","66,900","66,859","67,284","63,880","1.87M","2.32%"
"04/07/2025","65,386","62,599","67,110","61,383","2.44M","1.45%"
"04/04/2025","64,453","67,309","68,674","63,218","2.70M","-7.99%"
"04/03/2025","70,050","70,123","70,976","66,703","2.47M","-0.07%"
"04/02/2025","70,102","69,550","70,929","68,668","1.41M","-0.08%"
"04/01/2025","70,160","68,686","71,063","68,004","1.91M","2.15%"
"03/31/2025","68,682","69,200","69,842","67,618","1.87M","0.46%"
"03/28/2025","68,368","66,601","69,572","66,318","2.29M","3.19%"
"03/27/2025","66,257","65,504","66,399","64,910","864.59K","1.72%"
"03/26/2025","65,137","64,894","65,503","64,629","1.09M","-0.11%"
"03/25/2025","65,211","63,824","65,726","63,201","1.36M","2.05%"
"03/24/2025","63,900","63,800","65,350","63,744","1.80M","-3.51%"
"03/20/2025","66,222","64,470","66,898","64,470","8.35M","3.28%"
"03/19/2025","64,119","62,101","64,938","61,100","2.57M","4.06%"
"03/18/2025","61,618","60,010","62,750","59,967","1.54M","2.76%"
"03/17/2025","59,965","59,200","60,000","58,522","1.12M","1.37%"
"03/14/2025","59,152","58,000","59,563","57,421","1.49M","1.99%"
"03/13/2025","57,999","57,500","58,000","56,592","1.85M","3.62%"
"03/12/2025","55,971","57,375","57,470","55,581","739.38K","-3.96%"
"03/11/2025","58,276","56,301","58,717","56,301","1.82M","2.24%"
"03/10/2025","56,999","57,851","58,363","56,301","1.39M","-3.24%"
"03/07/2025","58,905","56,700","59,220","56,101","1.39M","3.86%"
"03/06/2025","56,717","57,200","57,200","55,936","1.02M","0.17%"
"03/05/2025","56,621","55,842","56,651","55,243","1.07M","1.40%"
"03/04/2025","55,841","55,200","56,898","54,800","1.05M","-0.42%"
"03/03/2025","56,074","54,950","57,000","54,004","1.32M","6.54%"
"02/28/2025","52,633","54,115","54,137","52,401","2.36M","-3.84%"
"02/27/2025","54,736","55,700","56,484","54,215","1.41M","-2.91%"
"02/26/2025","56,376","56,799","57,159","55,030","996.82K","-1.40%"
"02/25/2025","57,178","57,000","58,436","56,393","843.72K","-1.31%"
"02/24/2025","57,936","57,100","58,834","57,100","757.21K","0.39%"
"02/21/2025","57,709","59,394","59,394","57,055","1.02M","-2.89%"
"02/20/2025","59,429","56,820","60,440","56,529","1.80M","7.50%"
"02/19/2025","55,281","58,356","58,665","53,000","3.15M","-6.02%"
"02/18/2025","58,820","58,310","58,967","58,300","999.40K","1.60%"
"02/17/2025","57,894","60,497","60,497","57,049","1.13M","-4.54%"
"02/14/2025","60,650","61,989","62,475","60,555","1.03M","-0.35%"
"02/13/2025","60,865","60,851","62,177","60,426","1.10M","0.34%"
"02/12/2025","60,660","61,100","61,265","59,685","2.26M","-1.08%"
"02/11/2025","61,320","61,370","61,885","60,303","1.57M","0.86%"
"02/10/2025","60,795","58,820","61,228","58,668","1.10M","3.85%"
"02/07/2025","58,540","58,179","59,171","57,153","1.20M","0.28%"
"02/06/2025","58,379","58,950","59,448","57,308","1.79M","-1.02%"
"02/05/2025","58,980","58,150","59,118","58,000","1.42M","2.09%"
"02/04/2025","57,773","58,701","58,704","56,979","1.04M","-2.45%"
"02/03/2025","59,225","56,050","59,225","56,050","1.28M","4.75%"
"01/31/2025","56,538","55,075","56,678","54,869","1.43M","3.65%"
"01/30/2025","54,549","53,275","54,787","52,877","883.51K","2.64%"
"01/29/2025","53,146","51,800","53,146","51,800","672.20K","2.67%"
"01/28/2025","51,765","52,101","52,482","51,665","643.29K","-1.37%"
"01/27/2025","52,486","51,583","53,340","50,362","1.37M","0.72%"
"01/24/2025","52,113","52,726","52,950","52,113","1.07M","0.61%"
"01/23/2025","51,799","51,500","52,300","51,380","1.17M","-0.63%"
"01/22/2025","52,125","52,200","53,810","51,971","1.67M","0.63%"
"01/21/2025","51,800","50,401","52,036","50,401","1.04M","3.70%"
"01/20/2025","49,952","50,680","51,537","49,556","890.08K","-1.44%"
"01/17/2025","50,680","50,561","52,230","50,178","1.37M","-1.78%"
"01/16/2025","51,600","50,100","51,999","50,100","1.45M","3.20%"
"01/15/2025","50,001","49,462","50,605","48,600","1.31M","2.34%"
"01/14/2025","48,856","48,500","49,100","48,197","1.03M","0.39%"
"01/13/2025","48,668","49,400","49,798","48,202","1.15M","-1.48%"
"01/10/2025","49,400","49,102","51,440","48,523","1.01M","0.82%"
"01/09/2025","49,000","47,081","49,689","47,081","679.33K","5.03%"
"01/08/2025","46,653","46,100","46,912","45,073","1.52M","2.36%"
"01/07/2025","45,578","43,300","46,107","43,300","729.91K","3.40%"
"01/06/2025","44,080","44,810","45,635","43,798","1.15M","-1.54%"
"01/03/2025","44,770","45,320","45,724","44,770","679.48K","-0.30%"
"01/02/2025","44,903","43,176","45,067","43,176","667.15K","6.66%"
"12/31/2024","42,100","42,300","42,763","41,532","709.88K","-0.68%"
"12/30/2024","42,389","43,480","43,480","42,122","653.68K","-1.97%"
"12/27/2024","43,242","44,520","44,585","42,818","828.96K","-1.18%"
"12/24/2024","43,757","43,250","44,179","43,250","197.46K","1.34%"
"12/23/2024","43,177","43,420","44,519","42,972","704.56K","-0.23%"
"12/20/2024","43,276","43,040","43,720","42,443","2.51M","0.55%"
"12/19/2024","43,040","42,900","43,267","42,342","2.80M","-1.12%"
"12/18/2024","43,526","43,300","44,080","43,269","676.09K","1.23%"
"12/17/2024","42,996","44,001","45,339","42,873","1.89M","-4.81%"
"12/13/2024","45,170","46,050","46,412","44,994","1.01M","-4.13%"
"12/12/2024","47,117","47,875","48,733","46,669","735.25K","-0.91%"
"12/11/2024","47,550","45,900","47,550","45,714","1.16M","3.06%"
"12/10/2024","46,140","45,943","46,442","45,136","1.19M","-0.72%"
"12/09/2024","46,474","45,030","47,151","45,030","1.02M","2.73%"
"12/06/2024","45,241","46,400","46,810","44,800","691.91K","-2.50%"
"12/05/2024","46,400","46,048","47,257","45,900","898.56K","-0.51%"
"12/04/2024","46,640","47,000","47,662","46,605","1.44M","-0.39%"
"12/03/2024","46,822","45,104","46,822","45,104","1.28M","4.40%"
"12/02/2024","44,850","44,916","45,505","44,500","641.43K","-0.82%"
"11/29/2024","45,220","45,200","46,000","45,012","1.36M","0.08%"
"11/28/2024","45,185","45,000","45,518","44,870","1.30M","-2.08%"
"11/27/2024","46,147","46,350","46,763","45,752","1.34M","0.34%"
"11/26/2024","45,991","45,408","46,110","45,233","1.67M","0.07%"
"11/25/2024","45,959","46,300","46,878","45,390","3.38M","-2.22%"
"11/22/2024","47,002","45,700","47,900","45,700","2.10M","5.53%"
"11/21/2024","44,540","44,919","47,295","44,540","11.86M","-0.70%"
"11/20/2024","44,852","45,570","46,159","44,450","2.34M","-1.47%"
"11/19/2024","45,520","44,788","46,331","44,779","2.27M","1.91%"
"11/18/2024","44,665","44,110","45,293","44,003","1.45M","1.34%"
"11/15/2024","44,076","43,284","44,083","43,005","1.22M","3.51%"
"11/14/2024","42,582","43,126","43,799","42,113","1.95M","-3.97%"
"11/13/2024","44,342","44,500","45,117","44,211","1.48M","1.11%"
"11/12/2024","43,856","45,000","45,285","43,552","1.82M","-4.46%"
"11/11/2024","45,901","48,000","48,742","45,868","984.72K","-4.24%"
"11/08/2024","47,935","47,600","48,845","47,407","802.66K","-0.61%"
"11/07/2024","48,228","45,884","48,747","45,534","2.73M","5.34%"
"11/06/2024","45,784","47,301","48,110","45,055","1.85M","-4.84%"
"11/05/2024","48,111","47,500","48,175","47,192","1.13M","0.08%"
"11/04/2024","48,073","48,900","48,900","47,546","855.62K","-1.96%"
"11/01/2024","49,036","49,125","50,165","48,860","1.17M","0.10%"
"10/31/2024","48,988","50,268","50,854","48,670","1.80M","-3.92%"
"10/30/2024","50,986","51,801","53,500","50,372","1.73M","-0.97%"
"10/29/2024","51,484","51,161","51,742","50,714","1.82M","-0.44%"
"10/28/2024","51,714","51,900","52,483","51,083","977.79K","-1.64%"
"10/25/2024","52,578","53,075","53,272","51,845","869.82K","-1.15%"
"10/24/2024","53,189","54,138","54,824","52,817","1.11M","-1.84%"
"10/23/2024","54,185","54,767","55,128","53,580","1.04M","-0.93%"
"10/22/2024","54,691","54,500","54,801","53,766","1.54M","1.01%"
"10/21/2024","54,145","53,501","54,757","53,448","1.62M","2.56%"
"10/18/2024","52,793","52,959","53,708","51,871","1.39M","1.20%"
"10/17/2024","52,169","49,525","52,182","49,525","1.90M","5.24%"
"10/16/2024","49,570","49,049","49,900","48,978","2.47M","2.62%"
"10/15/2024","48,306","47,431","48,380","47,156","1.40M","1.87%"
"10/14/2024","47,417","47,708","47,809","47,187","569.47K","0.38%"
"10/11/2024","47,237","47,052","48,150","47,052","1.97M","0.25%"
"10/10/2024","47,120","45,580","47,139","45,240","1.62M","4.08%"
"10/09/2024","45,274","44,500","45,274","44,406","697.78K","1.39%"
"10/08/2024","44,652","44,900","45,489","44,000","1.09M","-1.62%"
"10/07/2024","45,386","45,500","46,200","45,251","1.43M","-1.77%"
"10/04/2024","46,202","46,090","46,623","45,348","1.06M","-0.47%"
"10/03/2024","46,419","46,880","46,892","45,873","1.21M","-1.95%"
"10/02/2024","47,340","47,399","47,618","46,028","1.11M","0.13%"
"10/01/2024","47,280","46,400","48,018","45,871","1.52M","3.01%"
"09/30/2024","45,899","47,380","48,085","45,680","2.40M","-3.98%"
"09/27/2024","47,800","49,495","50,019","47,800","2.30M","-4.24%"
"09/26/2024","49,916","50,153","50,497","49,288","1.31M","-0.15%"
"09/25/2024","49,990","50,500","50,990","48,918","1.74M","-0.69%"
"09/23/2024","50,336","49,294","50,418","48,708","832.46K","2.16%"
"09/20/2024","49,273","49,150","49,580","48,570","2.93M","2.00%"
"09/19/2024","48,306","48,450","49,620","48,001","3.24M","0.43%"
"09/18/2024","48,098","48,979","48,979","47,613","1.44M","-3.13%"
"09/17/2024","49,654","50,362","50,362","49,258","867.18K","0.03%"
"09/16/2024","49,641","50,500","50,778","49,570","955.71K","-0.97%"
"09/13/2024","50,125","49,800","50,892","49,474","1.60M","0.40%"
"09/12/2024","49,924","48,600","50,288","47,921","1.59M","3.45%"
"09/11/2024","48,257","48,936","49,249","47,673","1.66M","0.62%"
"09/10/2024","47,958","48,999","48,999","45,867","3.49M","-5.71%"
"09/09/2024","50,860","50,726","51,920","50,726","698.43K","-0.70%"
"09/06/2024","51,216","51,000","52,542","50,743","1.05M","-0.83%"
"09/05/2024","51,645","51,125","51,832","50,195","1.03M","0.84%"
"09/04/2024","51,214","50,496","51,540","50,496","817.48K","-0.37%"
"09/03/2024","51,403","52,741","52,741","50,680","748.64K","-2.18%"
"09/02/2024","52,546","51,500","52,733","51,500","415.59K","-0.65%"
"08/30/2024","52,891","53,451","53,630","52,403","1.25M","-1.48%"
"08/29/2024","53,688","52,869","53,986","52,464","733.11K","2.77%"
"08/28/2024","52,239","53,500","53,572","51,735","1.70M","-3.58%"
"08/27/2024","54,181","56,000","56,000","53,537","1.20M","-2.28%"
"08/26/2024","55,445","55,102","55,802","54,882","812.64K","0.63%"
"08/23/2024","55,100","55,998","56,362","54,700","1.20M","-0.26%"
"08/22/2024","55,241","57,090","57,602","55,035","1.08M","-2.83%"
"08/21/2024","56,850","57,216","57,499","55,950","884.88K","-0.47%"
"08/20/2024","57,119","55,072","57,600","55,072","680.57K","2.48%"
"08/19/2024","55,737","55,919","56,437","54,577","704.43K","0.61%"
"08/16/2024","55,397","54,999","56,041","53,641","2.08M","0.56%"
"08/15/2024","55,091","56,249","56,456","55,044","1.47M","-0.42%"
"08/14/2024","55,326","55,500","56,251","54,391","1.30M","0.38%"
"08/13/2024","55,119","54,400","55,124","52,625","1.18M","3.28%"
"08/12/2024","53,370","54,550","55,006","53,342","1.55M","0.27%"
"08/08/2024","53,226","51,300","53,226","50,077","1.95M","3.20%"
"08/07/2024","51,575","51,850","52,978","50,582","1.36M","-0.74%"
"08/06/2024","51,960","48,800","52,168","48,345","1.42M","6.04%"
"08/05/2024","49,000","49,509","50,278","46,609","1.00M","-2.54%"
"08/02/2024","50,278","51,360","52,640","49,793","1.03M","-1.32%"
"08/01/2024","50,948","51,780","52,443","50,675","897.80K","-2.51%"
"07/31/2024","52,260","51,495","52,886","50,694","1.06M","4.79%"
"07/30/2024","49,870","49,850","50,620","49,850","360.97K","-0.57%"
"07/29/2024","50,157","49,250","50,854","49,047","581.09K","0.75%"
"07/26/2024","49,783","49,811","50,300","49,171","966.88K","0.51%"
"07/25/2024","49,531","50,000","50,827","48,815","1.11M","-4.92%"
"07/24/2024","52,093","51,622","52,093","51,147","639.51K","1.24%"
"07/23/2024","51,453","51,085","52,051","50,410","731.27K","1.22%"
"07/22/2024","50,831","51,454","51,797","50,406","910.28K","-1.36%"
"07/19/2024","51,533","52,000","52,238","50,700","1.05M","-1.87%"
"07/18/2024","52,517","53,382","53,743","52,395","1.31M","-1.13%"
"07/17/2024","53,117","53,650","54,945","53,117","1.29M","-0.86%"
"07/16/2024","53,580","53,180","53,968","52,480","1.73M","0.19%"
"07/15/2024","53,480","51,650","53,480","51,650","1.25M","2.33%"
"07/12/2024","52,261","52,175","52,530","51,629","664.72K","-0.33%"
"07/11/2024","52,435","52,207","53,136","51,403","1.04M","0.30%"
"07/10/2024","52,277","51,300","52,454","51,094","713.13K","2.16%"
"07/09/2024","51,170","51,010","51,540","50,900","1.01M","0.16%"
"07/08/2024","51,090","51,325","52,075","50,830","1.20M","1.17%"
"07/05/2024","50,500","49,010","50,700","48,933","1.21M","2.17%"
"07/04/2024","49,427","48,001","49,464","47,877","761.03K","3.01%"
"07/03/2024","47,983","47,697","48,264","47,346","1.12M","1.98%"
"07/02/2024","47,053","46,300","47,908","45,139","1.17M","2.65%"
"07/01/2024","45,840","46,200","46,485","45,444","574.76K","-0.30%"
"06/28/2024","45,977","46,487","47,270","45,755","1.15M","-0.75%"
"06/27/2024","46,326","45,000","46,785","44,801","967.58K","2.90%"
"06/26/2024","45,020","44,000","45,191","43,721","1.28M","1.43%"
"06/25/2024","44,387","43,148","44,466","43,147","981.70K","1.21%"
"06/24/2024","43,858","42,955","44,628","42,852","681.58K","2.10%"
"06/21/2024","42,955","43,026","44,241","42,600","2.01M","0.43%"
"06/20/2024","42,773","42,970","43,463","42,148","2.94M","-0.08%"
"06/19/2024","42,807","41,790","42,999","41,480","1.14M","3.27%"
"06/18/2024","41,450","41,815","42,700","40,975","1.50M","-1.45%"
"06/14/2024","42,062","42,100","43,034","41,639","1.35M","0.55%"
"06/13/2024","41,832","42,300","42,819","41,832","1.39M","-2.22%"
"06/12/2024","42,780","41,428","43,901","41,428","1.77M","1.71%"
"06/11/2024","42,061","41,890","42,090","41,238","1.17M","0.40%"
"06/10/2024","41,895","42,812","43,080","41,664","1.13M","-3.07%"
"06/07/2024","43,220","46,020","46,648","43,220","1.74M","-3.94%"
"06/06/2024","44,993","44,800","45,463","44,500","839.61K","1.61%"
"06/05/2024","44,279","43,700","44,566","43,288","989.09K","2.66%"
"06/04/2024","43,131","44,693","44,781","42,500","1.20M","-3.70%"
"06/03/2024","44,790","45,400","45,523","44,525","855.99K","0.11%"
"05/31/2024","44,740","46,200","46,336","44,706","2.01M","-2.56%"
"05/30/2024","45,916","44,697","46,325","43,521","973.94K","1.14%"
"05/28/2024","45,400","45,400","45,952","45,109","734.29K","-0.66%"
"05/27/2024","45,703","44,953","45,703","44,953","467.44K","1.82%"
"05/24/2024","44,884","44,097","44,968","44,032","1.60M","0.83%"
"05/23/2024","44,516","44,694","45,633","44,220","946.24K","-2.54%"
"05/22/2024","45,675","45,580","46,714","45,159","1.19M","-1.39%"
"05/21/2024","46,320","46,200","47,336","46,200","1.41M","-1.66%"
"05/20/2024","47,103","46,851","47,939","46,653","1.13M","2.21%"
"05/17/2024","46,086","44,300","46,150","44,278","1.13M","4.27%"
"05/16/2024","44,200","45,899","45,899","44,200","1.08M","-2.00%"
"05/15/2024","45,103","44,949","45,546","44,360","1.45M","0.98%"
"05/14/2024","44,667","44,290","45,078","44,161","983.83K","0.52%"
"05/13/2024","44,438","45,099","45,345","44,300","639.30K","-2.57%"
"05/10/2024","45,612","45,150","47,152","45,150","1.47M","2.57%"
"05/09/2024","44,468","43,341","44,476","43,041","917.25K","1.25%"
"05/08/2024","43,920","43,324","44,062","42,542","1.10M","1.81%"
"05/07/2024","43,138","44,101","44,198","42,810","1.10M","-1.83%"
"05/06/2024","43,943","43,470","44,511","43,173","634.70K","4.28%"
"05/03/2024","42,140","43,216","43,289","41,400","1.56M","-1.75%"
"05/02/2024","42,890","43,547","46,000","42,220","1.57M","-1.77%"
"04/30/2024","43,661","45,400","45,869","43,462","1.78M","-6.11%"
"04/29/2024","46,500","44,369","46,500","44,369","1.53M","4.35%"
"04/26/2024","44,560","43,470","44,958","42,938","2.06M","3.78%"
"04/25/2024","42,938","42,020","43,153","41,813","1.20M","1.71%"
"04/24/2024","42,215","42,129","42,776","41,412","1.47M","-0.57%"
"04/23/2024","42,455","41,800","43,107","40,709","1.43M","-0.08%"
"04/22/2024","42,488","44,400","44,606","41,888","1.27M","-5.85%"
"04/19/2024","45,130","45,750","46,350","44,145","1.05M","0.29%"
"04/18/2024","45,000","46,000","46,225","44,608","1.42M","-2.45%"
"04/17/2024","46,128","44,000","46,539","43,800","1.36M","3.82%"
"04/16/2024","44,429","45,608","45,608","43,978","1.30M","-3.45%"
"04/15/2024","46,017","45,900","47,243","45,420","2.58M","-4.65%"
"04/12/2024","48,261","46,242","48,357","44,852","2.47M","9.68%"
"04/11/2024","44,000","43,879","44,262","43,576","1.29M","-0.23%"
"04/10/2024","44,100","43,900","44,870","42,652","2.10M","0.88%"
"04/09/2024","43,715","44,450","45,215","43,574","1.97M","-1.58%"
"04/08/2024","44,417","44,800","45,579","44,268","1.40M","-0.29%"
"04/05/2024","44,544","43,201","44,797","42,798","1.21M","0.78%"
"04/04/2024","44,199","43,000","44,199","42,867","975.30K","2.42%"
"04/03/2024","43,154","42,901","43,301","42,336","914.46K","1.28%"
"04/02/2024","42,609","42,780","42,856","42,185","1.25M","0.80%"
"03/28/2024","42,269","41,501","42,459","41,348","920.66K","2.05%"
"03/27/2024","41,418","40,501","41,579","40,050","937.98K","0.94%"
"03/26/2024","41,032","40,979","41,800","40,336","1.45M","0.13%"
"03/25/2024","40,979","39,700","41,440","39,683","1.21M","2.74%"
"03/22/2024","39,888","39,400","39,955","38,810","836.39K","2.79%"
"03/20/2024","38,806","38,300","39,696","38,222","2.57M","0.66%"
"03/19/2024","38,550","39,746","40,132","38,239","1.63M","-3.01%"
"03/18/2024","39,746","41,480","41,590","39,746","1.48M","-5.47%"
"03/15/2024","42,045","41,778","42,300","40,803","2.84M","0.62%"
"03/14/2024","41,787","42,350","42,350","41,068","1.27M","-1.53%"
"03/13/2024","42,436","41,000","42,436","40,522","1.37M","3.74%"
"03/12/2024","40,907","42,500","42,881","40,557","1.88M","-4.28%"
"03/11/2024","42,734","41,830","42,734","41,300","801.20K","2.67%"
"03/08/2024","41,621","41,961","42,699","41,317","1.71M","-0.80%"
"03/07/2024","41,956","41,375","42,178","40,846","936.04K","2.53%"
"03/06/2024","40,920","41,100","41,287","39,786","1.12M","-0.46%"
"03/05/2024","41,111","39,906","42,066","39,906","2.45M","5.60%"
"03/04/2024","38,932","36,900","39,300","36,900","1.81M","8.06%"
"03/01/2024","36,027","35,750","36,373","35,445","634.70K","-0.20%"
"02/29/2024","36,101","35,387","36,316","34,760","1.64M","2.42%"
"02/28/2024","35,247","35,300","35,470","34,601","827.98K","-1.66%"
"02/27/2024","35,843","35,810","36,323","35,700","1.07M","-0.44%"
"02/26/2024","36,000","35,352","36,211","35,064","1.78M","3.79%"
"02/23/2024","34,684","32,837","35,673","32,603","1.68M","3.66%"
"02/22/2024","33,460","33,800","34,360","33,109","1.96M","1.66%"
"02/21/2024","32,914","33,851","34,159","32,760","1.06M","-3.83%"
"02/20/2024","34,224","33,469","34,763","33,166","1.56M","2.37%"
"02/19/2024","33,433","32,970","33,810","32,750","624.72K","2.73%"
"02/16/2024","32,544","32,700","32,817","32,070","1.17M","-0.94%"
"02/15/2024","32,852","31,700","32,852","31,001","954.79K","3.63%"
"02/14/2024","31,700","32,999","32,999","31,694","1.95M","-2.46%"
"02/13/2024","32,500","33,300","33,786","32,422","1.31M","-1.07%"
"02/12/2024","32,850","33,500","34,001","32,696","916.51K","-2.09%"
"02/09/2024","33,550","33,400","33,866","33,332","648.03K","0.15%"
"02/08/2024","33,499","34,000","34,000","33,210","527.13K","-1.71%"
"02/07/2024","34,082","33,923","34,303","33,661","435.07K","0.47%"
"02/06/2024","33,923","34,140","34,140","33,505","904.63K","0.02%"
"02/05/2024","33,917","34,190","34,302","33,569","702.74K","-1.70%"
"02/02/2024","34,502","34,600","35,725","33,968","1.83M","0.61%"
"02/01/2024","34,293","33,000","34,293","33,000","1.28M","1.45%"
"01/31/2024","33,803","33,150","33,803","33,150","922.53K","-0.58%"
"01/30/2024","33,999","33,150","34,128","33,150","620.24K","2.19%"
"01/29/2024","33,270","32,900","33,745","32,900","933.50K","-0.34%"
"01/26/2024","33,385","32,750","33,519","32,671","840.08K","1.31%"
"01/25/2024","32,952","32,501","33,365","32,488","1.32M","-0.75%"
"01/24/2024","33,200","31,948","34,103","31,665","2.74M","4.22%"
"01/23/2024","31,855","31,100","31,939","30,862","1.14M","4.30%"
"01/22/2024","30,541","30,607","30,957","30,214","770.60K","-1.33%"
"01/19/2024","30,954","30,960","31,475","30,517","946.75K","0.75%"
"01/18/2024","30,725","30,975","31,126","30,642","978.27K","0.70%"
"01/17/2024","30,511","31,495","31,845","30,511","1.43M","-4.46%"
"01/16/2024","31,936","32,500","32,613","31,725","620.11K","-2.29%"
"01/15/2024","32,686","32,950","33,177","32,238","830.00K","-0.20%"
"01/12/2024","32,752","31,838","33,290","31,720","1.37M","3.18%"
"01/11/2024","31,742","31,900","32,719","31,687","1.28M","0.16%"
"01/10/2024","31,690","31,965","32,493","31,568","749.47K","-0.86%"
"01/09/2024","31,965","32,450","32,780","31,965","785.83K","-1.80%"
"01/08/2024","32,552","32,755","33,099","32,014","776.56K","-0.62%"
"01/05/2024","32,755","33,485","33,485","32,205","888.74K","-0.82%"
"01/04/2024","33,025","33,839","33,940","32,739","775.91K","-1.59%"
"01/03/2024","33,560","34,100","34,100","33,002","1.02M","-3.09%"
"01/02/2024","34,631","34,561","35,053","34,518","651.59K","-2.01%"
"12/29/2023","35,341","35,290","35,341","34,900","626.67K","-0.50%"
"12/28/2023","35,520","36,313","36,487","35,356","964.30K","-1.85%"
"12/27/2023","36,189","35,155","36,452","34,601","1.20M","3.30%"
"12/22/2023","35,034","34,700","35,470","34,700","273.39K","0.06%"
"12/21/2023","35,012","33,825","35,280","33,523","1.98M","2.23%"
"12/20/2023","34,249","34,545","35,360","34,141","931.14K","-0.72%"
"12/19/2023","34,498","32,802","34,498","32,336","1.03M","4.84%"
"12/18/2023","32,904","32,655","33,454","31,644","2.79M","-2.65%"
"12/14/2023","33,799","32,800","34,923","32,710","15.14M","8.99%"
"12/13/2023","31,011","31,020","31,662","30,501","2.21M","-1.88%"
"12/12/2023","31,606","32,611","33,240","31,506","2.04M","-2.03%"
"12/11/2023","32,260","32,513","32,659","31,523","2.56M","-1.47%"
"12/08/2023","32,741","33,561","33,856","31,700","1.99M","-3.11%"
"12/07/2023","33,791","34,600","35,226","33,726","1.38M","-3.34%"
"12/06/2023","34,958","35,295","35,918","34,833","1.26M","-0.03%"
"12/05/2023","34,969","35,350","35,813","34,560","969.68K","-1.86%"
"12/04/2023","35,630","37,200","37,773","35,309","1.76M","-2.08%"
"12/01/2023","36,386","36,344","36,635","35,500","1.44M","-0.12%"
"11/30/2023","36,429","36,630","37,449","35,963","2.49M","1.22%"
"11/29/2023","35,989","35,760","36,985","35,377","1.50M","1.92%"
"11/28/2023","35,311","33,130","35,452","32,906","2.04M","8.16%"
"11/27/2023","32,648","32,250","32,872","32,084","1.32M","2.44%"
"11/24/2023","31,870","31,317","32,160","30,974","1.19M","1.77%"
"11/23/2023","31,317","32,798","32,897","31,105","1.50M","-4.57%"
"11/22/2023","32,818","32,868","33,426","32,332","1.51M","1.13%"
"11/21/2023","32,450","32,025","32,450","30,808","1.66M","3.84%"
"11/20/2023","31,250","31,480","31,480","30,710","603.57K","-0.08%"
"11/17/2023","31,275","30,300","31,740","30,300","1.14M","-0.65%"
"11/16/2023","31,480","31,000","31,500","30,334","1.33M","1.72%"
"11/15/2023","30,947","31,100","31,877","30,928","1.61M","0.80%"
"11/14/2023","30,700","29,902","30,776","29,444","1.98M","3.84%"
"11/13/2023","29,565","30,125","30,125","29,467","1.30M","-1.18%"
"11/10/2023","29,917","31,665","31,665","29,704","1.75M","-6.32%"
"11/09/2023","31,935","33,450","34,759","31,744","1.43M","-8.38%"
"11/08/2023","34,855","34,000","34,855","33,636","1.89M","3.99%"
"11/07/2023","33,517","34,600","34,693","32,918","1.89M","-2.94%"
"11/06/2023","34,532","34,200","34,701","34,150","1.02M","2.24%"
"11/03/2023","33,777","32,690","34,179","32,005","1.92M","6.21%"
"11/02/2023","31,802","32,100","32,549","31,574","1.17M","-0.34%"
"11/01/2023","31,912","33,700","33,700","31,912","2.38M","-7.37%"
"10/31/2023","34,450","35,500","35,529","34,362","1.30M","-3.31%"
"10/30/2023","35,628","36,735","36,735","35,443","774.01K","-0.21%"
"10/27/2023","35,704","36,799","36,799","35,663","720.23K","-1.17%"
"10/26/2023","36,126","36,100","36,859","35,333","1.79M","1.78%"
"10/25/2023","35,493","35,236","36,246","34,616","895.98K","0.94%"
"10/24/2023","35,162","36,000","36,534","34,787","1.27M","-1.51%"
"10/23/2023","35,700","37,300","37,300","35,435","1.92M","-4.80%"
"10/20/2023","37,500","35,999","37,615","35,350","1.88M","6.85%"
"10/19/2023","35,095","35,300","35,913","35,095","959.81K","-1.45%"
"10/18/2023","35,612","35,720","36,296","35,198","1.30M","0.05%"
"10/17/2023","35,595","35,200","35,830","34,675","901.68K","1.76%"
"10/16/2023","34,980","36,400","36,763","34,954","1.43M","-4.78%"
"10/13/2023","36,735","35,550","37,463","35,550","1.51M","3.10%"
"10/12/2023","35,630","35,720","36,624","35,353","1.24M","-0.13%"
"10/11/2023","35,678","34,421","36,124","34,142","2.91M","1.97%"
"10/10/2023","34,990","33,600","34,990","32,896","3.25M","7.00%"
"10/09/2023","32,700","31,800","32,776","31,600","1.90M","5.85%"
"10/06/2023","30,893","30,257","31,146","29,479","810.67K","1.95%"
"10/05/2023","30,301","30,000","30,498","29,584","1.16M","1.93%"
"10/04/2023","29,726","29,049","29,726","28,859","1.62M","2.52%"
"10/03/2023","28,996","28,970","29,349","28,740","1.21M","-0.25%"
"10/02/2023","29,070","30,000","30,000","28,815","1.37M","-4.60%"
"09/29/2023","30,472","31,300","31,482","30,329","1.43M","-1.43%"
"09/28/2023","30,914","31,700","31,700","30,653","2.14M","-2.97%"
"09/27/2023","31,859","34,444","34,444","31,859","1.96M","-7.13%"
"09/26/2023","34,305","33,900","34,399","33,481","1.14M","-0.28%"
"09/22/2023","34,401","34,250","35,150","34,194","633.43K","0.73%"
"09/21/2023","34,152","34,650","34,677","33,498","2.56M","-1.52%"
"09/20/2023","34,678","33,200","34,689","32,850","885.16K","3.61%"
"09/19/2023","33,470","34,190","34,198","33,250","923.51K","-2.11%"
"09/18/2023","34,190","33,985","34,202","33,484","1.03M","0.60%"
"09/15/2023","33,985","33,400","34,216","33,050","3.17M","2.77%"
"09/14/2023","33,068","32,934","33,373","32,603","882.88K","0.40%"
"09/13/2023","32,935","33,652","33,700","32,628","1.55M","-1.67%"
"09/12/2023","33,495","32,466","33,652","32,321","1.51M","3.54%"
"09/11/2023","32,349","31,926","32,628","31,926","883.70K","0.21%"
"09/08/2023","32,281","31,351","32,377","31,351","862.68K","2.11%"
"09/07/2023","31,614","31,721","32,262","31,528","752.48K","-2.14%"
"09/06/2023","32,305","31,501","32,778","31,489","1.10M","1.21%"
"09/05/2023","31,920","31,957","32,334","31,762","835.11K","-1.68%"
"09/04/2023","32,465","32,858","32,858","32,165","476.95K","0.78%"
"09/01/2023","32,213","32,547","33,288","31,910","947.20K","-0.19%"
"08/31/2023","32,275","32,900","32,900","32,268","1.64M","-2.30%"
"08/30/2023","33,034","32,005","33,179","31,868","1.71M","3.41%"
"08/29/2023","31,945","32,567","32,567","31,656","1.84M","-1.43%"
"08/28/2023","32,410","32,500","32,894","32,156","1.11M","0.65%"
"08/25/2023","32,201","32,970","33,342","32,201","1.55M","-1.09%"
"08/24/2023","32,555","31,710","32,793","31,710","1.75M","3.38%"
"08/23/2023","31,490","30,880","31,546","30,456","1.56M","4.28%"
"08/22/2023","30,198","30,701","31,111","29,907","1.86M","-0.83%"
"08/21/2023","30,450","31,189","31,189","30,308","1.88M","-0.70%"
"08/18/2023","30,664","31,561","31,561","30,660","1.62M","-2.64%"
"08/17/2023","31,495","32,900","32,900","31,206","2.26M","-4.12%"
"08/16/2023","32,850","33,400","33,790","32,719","1.15M","-3.78%"
"08/15/2023","34,140","34,000","34,146","33,523","941.04K","1.07%"
"08/14/2023","33,780","33,901","34,494","33,245","1.38M","-0.32%"
"08/11/2023","33,888","34,001","34,320","33,759","1.43M","0.11%"
"08/10/2023","33,850","35,051","35,389","33,850","1.69M","-2.82%"
"08/08/2023","34,831","34,515","35,052","34,282","1.68M","-0.65%"
"08/07/2023","35,060","34,801","35,692","34,399","1.15M","-0.62%"
"08/04/2023","35,279","35,276","35,793","33,860","2.02M","-1.57%"
"08/03/2023","35,843","36,000","36,560","35,040","1.98M","-0.22%"
"08/02/2023","35,922","36,500","37,271","35,922","1.77M","-1.72%"
"08/01/2023","36,552","39,336","39,872","36,215","1.47M","-7.37%"
"07/31/2023","39,460","39,220","39,699","38,700","868.91K","1.44%"
"07/28/2023","38,898","38,980","39,456","38,704","771.26K","0.49%"
"07/27/2023","38,710","39,500","40,299","38,478","1.00M","-2.29%"
"07/26/2023","39,616","39,615","40,242","39,509","989.03K","0.19%"
"07/25/2023","39,541","39,578","40,209","39,125","599.11K","-0.70%"
"07/24/2023","39,818","40,101","40,984","39,600","599.12K","-2.00%"
"07/21/2023","40,630","40,900","41,053","40,138","484.19K","-1.50%"
"07/20/2023","41,249","40,928","41,786","40,928","1.16M","-0.52%"
"07/19/2023","41,463","41,599","41,769","41,122","1.31M","0.01%"
"07/18/2023","41,460","40,662","41,634","40,312","1.54M","2.28%"
"07/17/2023","40,536","40,500","40,834","40,019","1.08M","-0.70%"
"07/14/2023","40,823","39,883","41,033","39,796","1.07M","2.63%"
"07/13/2023","39,776","39,800","40,305","39,328","1.41M","1.00%"
"07/12/2023","39,382","37,780","39,382","37,728","2.10M","2.99%"
"07/11/2023","38,238","37,801","38,454","37,702","1.27M","1.97%"
"07/10/2023","37,500","37,900","37,900","37,269","604.63K","-1.82%"
"07/07/2023","38,197","38,994","39,145","37,937","880.77K","-0.14%"
"07/06/2023","38,250","38,693","39,476","38,100","956.52K","-3.10%"
"07/05/2023","39,475","39,681","40,322","39,248","927.45K","-0.52%"
"07/04/2023","39,681","39,793","40,236","39,471","579.98K","-0.30%"
"07/03/2023","39,801","39,806","40,044","39,300","765.05K","0.06%"
"06/30/2023","39,778","40,165","40,165","39,398","1.12M","0.16%"
"06/29/2023","39,716","39,600","39,716","38,686","1.08M","0.39%"
"06/28/2023","39,560","40,549","40,549","39,424","1.37M","-1.28%"
"06/27/2023","40,073","42,327","42,327","39,809","1.12M","-3.97%"
"06/26/2023","41,731","42,300","42,462","41,511","1.12M","-1.96%"
"06/23/2023","42,566","41,670","43,093","41,632","1.42M","2.59%"
"06/22/2023","41,492","42,315","42,315","41,339","1.32M","-2.12%"
"06/21/2023","42,389","42,351","43,015","42,068","1.27M","-0.90%"
"06/20/2023","42,776","45,300","45,300","42,466","1.56M","-5.82%"
"06/19/2023","45,421","44,786","45,717","44,516","1.32M","0.85%"
"06/15/2023","45,040","44,333","45,505","43,126","8.03M","-0.31%"
"06/14/2023","45,180","44,888","45,824","44,883","1.67M","-0.26%"
"06/13/2023","45,299","46,300","46,566","45,168","1.44M","0.60%"
"06/12/2023","45,031","45,581","46,101","44,944","1.20M","-1.06%"
"06/09/2023","45,515","46,502","46,506","45,110","1.04M","-1.89%"
"06/08/2023","46,390","47,299","47,299","45,672","1.51M","-3.37%"
"06/07/2023","48,007","47,201","48,744","46,985","1.54M","1.68%"
"06/06/2023","47,214","47,773","48,109","46,907","1.23M","-1.12%"
"06/05/2023","47,748","47,900","48,048","47,075","1.26M","-1.55%"
"06/02/2023","48,500","49,100","49,705","48,200","1.37M","-1.01%"
"06/01/2023","48,994","48,444","48,994","47,731","1.25M","1.46%"
"05/31/2023","48,290","46,730","48,462","46,388","3.12M","3.04%"
"05/30/2023","46,866","46,480","47,904","45,913","1.55M","0.82%"
"05/29/2023","46,487","46,201","47,095","45,925","489.35K","0.87%"
"05/26/2023","46,085","46,491","47,485","46,085","1.08M","-0.75%"
"05/25/2023","46,431","45,869","46,849","45,580","1.09M","0.72%"
"05/24/2023","46,099","47,000","47,091","45,770","2.64M","-0.53%"
"05/23/2023","46,344","46,900","47,085","45,591","2.12M","-2.18%"
"05/22/2023","47,378","46,873","47,525","46,857","1.33M","0.66%"
"05/19/2023","47,066","47,070","47,777","46,439","1.66M","0.41%"
"05/18/2023","46,875","47,450","47,984","46,127","1.20M","-2.62%"
"05/17/2023","48,135","47,650","48,384","47,413","1.07M","0.80%"
"05/16/2023","47,755","48,820","48,846","47,700","1.66M","-2.50%"
"05/15/2023","48,978","48,811","49,517","48,447","3.24M","-0.30%"
"05/12/2023","49,126","50,731","51,460","46,962","3.60M","-4.18%"
"05/11/2023","51,267","52,000","52,403","50,946","1.18M","-1.36%"
"05/10/2023","51,975","52,691","53,148","51,237","1.29M","-0.45%"
"05/09/2023","52,211","52,595","52,595","51,532","1.25M","-0.44%"
"05/08/2023","52,440","52,938","53,997","52,352","1.40M","0.94%"
"05/05/2023","51,950","53,800","54,491","51,218","2.92M","-5.37%"
"05/04/2023","54,900","50,899","55,688","50,806","4.03M","8.07%"
"05/03/2023","50,800","50,225","50,800","49,613","1.73M","1.52%"
"05/02/2023","50,041","49,100","50,041","48,215","1.85M","2.25%"
"04/28/2023","48,941","48,950","49,449","48,244","2.59M","-1.75%"
"04/26/2023","49,815","49,560","50,316","48,974","1.03M","1.28%"
"04/25/2023","49,187","48,904","49,290","48,546","1.85M","0.28%"
"04/24/2023","49,051","47,841","49,321","47,413","1.59M","2.36%"
"04/21/2023","47,922","47,511","48,749","47,238","1.63M","-0.49%"
"04/20/2023","48,157","47,500","48,701","47,400","1.54M","1.46%"
"04/19/2023","47,462","48,750","49,166","46,703","4.10M","-5.03%"
"04/18/2023","49,977","49,300","50,195","48,748","2.13M","1.15%"
"04/17/2023","49,407","49,800","50,788","49,297","1.50M","0.44%"
"04/14/2023","49,189","50,866","51,100","48,677","2.29M","-2.92%"
"04/13/2023","50,668","50,040","51,233","49,907","2.77M","1.56%"
"04/12/2023","49,892","49,970","51,138","49,418","2.27M","-0.07%"
"04/11/2023","49,928","48,800","50,185","48,700","1.65M","2.69%"
"04/06/2023","48,620","48,050","48,620","47,712","1.37M","1.80%"
"04/05/2023","47,760","45,780","47,952","45,539","2.95M","5.10%"
"04/04/2023","45,444","43,920","45,619","43,415","1.80M","3.79%"
"04/03/2023","43,785","42,925","43,855","42,468","1.47M","1.50%"
"03/31/2023","43,140","43,110","43,656","42,653","1.71M","0.40%"
"03/30/2023","42,969","42,050","44,849","41,738","3.60M","3.11%"
"03/29/2023","41,671","41,740","42,000","41,089","1.36M","0.03%"
"03/28/2023","41,660","40,349","41,923","40,341","2.49M","2.99%"
"03/27/2023","40,452","40,095","40,734","39,701","2.25M","0.45%"
"03/24/2023","40,270","39,550","40,731","39,115","2.17M","1.45%"
"03/23/2023","39,695","39,500","40,000","38,534","2.55M","1.42%"
"03/22/2023","39,140","38,747","39,140","38,000","2.49M","0.52%"
"03/20/2023","38,937","37,900","40,200","37,900","3.70M","3.99%"
"03/17/2023","37,442","35,750","37,460","35,426","9.34M","6.16%"
"03/16/2023","35,271","35,950","36,672","34,801","6.67M","-3.23%"
"03/15/2023","36,450","35,248","37,388","34,029","2.95M","3.50%"
"03/14/2023","35,218","35,580","36,491","34,495","2.40M","-1.81%"
"03/13/2023","35,867","32,810","36,269","32,757","4.54M","9.92%"
"03/10/2023","32,629","30,911","32,930","30,911","1.92M","2.75%"
"03/09/2023","31,757","31,795","31,880","31,073","1.04M","-0.43%"
"03/08/2023","31,895","31,261","32,029","31,020","923.03K","1.11%"
"03/07/2023","31,545","31,938","31,938","31,500","1.18M","-1.50%"
"03/06/2023","32,025","32,100","32,131","31,600","917.58K","0.08%"
"03/03/2023","32,000","31,360","32,145","31,324","1.11M","2.40%"
"03/02/2023","31,251","31,100","31,549","30,695","898.75K","0.33%"
"03/01/2023","31,149","30,911","31,539","30,644","823.94K","0.45%"
"02/28/2023","31,008","30,989","31,008","30,387","1.28M","0.69%"
"02/27/2023","30,794","30,700","30,940","30,368","971.74K","0.37%"
"02/24/2023","30,679","31,000","31,391","30,487","1.06M","-2.14%"
"02/23/2023","31,351","30,853","31,567","29,583","2.29M","1.62%"
"02/22/2023","30,851","33,500","33,500","30,445","1.48M","-7.08%"
"02/21/2023","33,201","33,698","33,698","32,700","1.36M","-0.47%"
"02/20/2023","33,357","33,069","33,514","32,890","416.97K","1.80%"
"02/17/2023","32,766","33,100","33,100","32,520","1.00M","-1.14%"
"02/16/2023","33,143","32,969","33,408","32,848","906.49K","-0.13%"
"02/15/2023","33,185","35,236","35,236","32,656","1.88M","-5.24%"
"02/14/2023","35,019","35,361","35,692","34,800","1.05M","-0.70%"
"02/13/2023","35,267","35,427","35,427","34,759","810.28K","0.00%"
"02/10/2023","35,266","35,600","35,742","34,902","1.16M","-2.12%"
"02/09/2023","36,030","36,075","36,337","35,677","931.65K","-0.12%"
"02/08/2023","36,075","36,549","36,549","35,640","837.05K","0.21%"
"02/07/2023","36,000","35,485","36,433","35,048","1.71M","1.51%"
"02/06/2023","35,463","35,500","35,649","35,004","1.19M","-1.90%"
"02/03/2023","36,150","36,380","36,510","35,500","1.28M","-0.80%"
"02/02/2023","36,441","36,655","37,200","36,441","1.36M","0.95%"
"02/01/2023","36,098","36,500","36,741","36,005","896.57K","-0.27%"
"01/31/2023","36,195","36,880","36,947","36,000","1.66M","-2.96%"
"01/30/2023","37,299","36,599","37,299","36,150","1.02M","1.17%"
"01/27/2023","36,869","37,150","37,739","36,579","1.33M","-1.66%"
"01/26/2023","37,493","37,806","38,019","37,404","1.06M","-0.20%"
"01/25/2023","37,570","37,800","37,994","37,035","928.35K","-1.13%"
"01/24/2023","38,000","38,870","39,144","37,638","1.32M","-1.04%"
"01/23/2023","38,400","38,262","38,946","38,262","740.05K","0.71%"
"01/20/2023","38,129","38,535","39,374","38,100","1.24M","-0.71%"
"01/19/2023","38,400","37,861","38,512","37,650","1.65M","0.39%"
"01/18/2023","38,250","37,829","38,724","37,827","1.55M","-0.77%"
"01/17/2023","38,548","38,421","38,880","37,782","1.47M","0.45%"
"01/16/2023","38,375","38,450","38,900","37,824","1.59M","-1.61%"
"01/13/2023","39,002","37,100","39,743","37,100","2.08M","3.37%"
"01/12/2023","37,729","37,490","38,331","37,111","1.80M","1.04%"
"01/11/2023","37,342","37,216","38,120","37,216","1.22M","0.44%"
"01/10/2023","37,178","36,301","37,406","36,301","1.42M","-0.08%"
"01/09/2023","37,206","36,850","37,735","36,850","816.77K","0.97%"
"01/06/2023","36,847","36,015","37,266","35,862","1.78M","3.18%"
"01/05/2023","35,710","35,790","36,186","35,222","1.23M","0.83%"
"01/04/2023","35,417","34,600","35,543","34,360","1.02M","2.52%"
"01/03/2023","34,546","33,508","34,600","33,400","820.95K","4.93%"
"12/30/2022","32,923","33,162","33,248","32,810","382.10K","-2.39%"
"12/29/2022","33,728","33,151","33,792","32,930","759.44K","0.21%"
"12/28/2022","33,657","33,800","34,078","33,536","539.33K","-0.82%"
"12/23/2022","33,936","32,980","33,963","32,980","211.97K","2.25%"
"12/22/2022","33,190","33,748","33,762","33,031","852.15K","-1.51%"
"12/21/2022","33,699","33,296","33,781","32,500","504.49K","1.21%"
"12/20/2022","33,297","33,150","33,454","32,584","1.03M","-0.50%"
"12/19/2022","33,465","32,406","33,927","32,406","1.13M","1.48%"
"12/15/2022","32,977","33,000","33,343","32,247","5.57M","-1.01%"
"12/14/2022","33,315","33,388","33,863","33,156","1.46M","-1.65%"
"12/13/2022","33,875","32,600","34,000","32,222","1.37M","5.17%"
"12/12/2022","32,210","32,303","32,462","31,834","1.03M","-1.29%"
"12/09/2022","32,630","32,326","33,290","32,326","796.35K","0.02%"
"12/08/2022","32,625","32,353","32,865","32,101","740.37K","-0.16%"
"12/07/2022","32,678","32,100","32,961","31,950","1.45M","0.39%"
"12/06/2022","32,550","31,760","32,855","31,760","880.30K","1.15%"
"12/05/2022","32,180","32,750","32,848","31,969","1.06M","0.13%"
"12/02/2022","32,139","32,750","33,022","31,267","2.11M","-3.00%"
"12/01/2022","33,134","31,606","33,798","31,483","2.00M","7.52%"
"11/30/2022","30,816","30,316","31,169","30,316","2.03M","1.97%"
"11/29/2022","30,220","30,500","30,754","29,914","1.10M","-2.25%"
"11/28/2022","30,916","31,450","31,793","30,916","1.15M","-2.63%"
"11/25/2022","31,750","31,890","32,158","31,577","1.03M","-1.44%"
"11/24/2022","32,213","31,450","32,698","31,232","1.11M","2.83%"
"11/23/2022","31,327","31,000","31,739","30,847","1.33M","2.53%"
"11/22/2022","30,555","30,000","30,815","29,626","1.06M","2.67%"
"11/21/2022","29,760","29,402","29,977","29,195","658.75K","0.13%"
"11/18/2022","29,721","30,072","30,220","29,073","1.49M","-1.17%"
"11/17/2022","30,072","30,100","30,496","29,932","1.22M","-1.35%"
"11/16/2022","30,482","30,717","30,893","30,046","902.12K","-1.94%"
"11/15/2022","31,086","31,499","31,606","30,825","1.44M","0.44%"
"11/14/2022","30,949","30,401","31,292","30,401","923.71K","-0.42%"
"11/11/2022","31,080","31,113","32,371","30,588","3.16M","2.01%"
"11/10/2022","30,469","29,020","31,184","29,020","3.57M","3.22%"
"11/09/2022","29,518","28,000","29,518","27,916","2.34M","10.31%"
"11/08/2022","26,758","26,076","26,857","25,818","1.62M","2.07%"
"11/07/2022","26,215","25,863","26,380","25,523","1.17M","1.73%"
"11/04/2022","25,769","24,075","25,973","23,625","1.61M","8.78%"
"11/03/2022","23,690","23,500","23,925","22,965","1.93M","-0.43%"
"11/02/2022","23,792","23,700","24,736","23,700","771.30K","-0.63%"
"11/01/2022","23,944","23,956","24,559","23,840","1.41M","-0.76%"
"10/31/2022","24,127","24,100","24,296","23,924","1.03M","0.73%"
"10/28/2022","23,953","23,721","24,162","23,650","646.91K","-1.68%"
"10/27/2022","24,363","23,901","24,544","23,901","1.24M","0.66%"
"10/26/2022","24,204","24,035","24,388","23,949","1.21M","1.27%"
"10/25/2022","23,900","23,685","24,296","23,356","1.44M","0.79%"
"10/24/2022","23,713","23,770","23,948","23,442","1.02M","-0.21%"
"10/21/2022","23,764","23,300","23,943","22,788","2.59M","1.63%"
"10/20/2022","23,384","22,819","23,478","22,556","1.69M","2.53%"
"10/19/2022","22,806","23,250","23,250","22,700","966.83K","-2.36%"
"10/18/2022","23,357","23,600","23,734","23,129","825.67K","-0.58%"
"10/17/2022","23,494","22,702","23,586","22,573","994.54K","2.83%"
"10/14/2022","22,848","23,900","24,336","22,714","1.33M","-3.72%"
"10/13/2022","23,730","24,650","24,834","23,277","1.97M","-5.44%"
"10/12/2022","25,096","25,537","25,583","24,824","1.03M","-0.99%"
"10/11/2022","25,347","25,340","25,718","25,038","960.22K","-0.33%"
"10/10/2022","25,432","26,100","26,189","25,432","549.11K","-4.07%"
"10/07/2022","26,511","26,323","26,623","26,003","643.36K","0.71%"
"10/06/2022","26,325","26,178","26,530","25,872","952.95K","1.63%"
"10/05/2022","25,902","26,699","26,699","25,494","1.10M","-4.10%"
"10/04/2022","27,009","25,643","27,033","25,643","2.65M","6.47%"
"10/03/2022","25,367","24,616","25,506","24,616","1.19M","1.60%"
"09/30/2022","24,967","24,760","25,232","24,081","2.28M","0.86%"
"09/29/2022","24,753","24,250","25,461","23,795","2.62M","2.07%"
"09/28/2022","24,250","22,716","24,570","22,688","3.07M","5.04%"
"09/27/2022","23,086","22,550","23,143","22,061","2.14M","3.55%"
"09/26/2022","22,294","21,300","22,296","21,300","1.54M","4.49%"
"09/23/2022","21,335","22,650","22,768","21,335","1.66M","-6.62%"
"09/22/2022","22,848","22,400","22,974","22,124","1.76M","2.04%"
"09/21/2022","22,392","22,811","22,941","22,266","1.08M","-0.16%"
"09/20/2022","22,429","23,070","23,168","22,342","827.35K","-1.96%"
"09/19/2022","22,877","22,730","22,877","22,101","926.30K","-0.09%"
"09/16/2022","22,897","22,800","23,170","21,901","3.81M","0.17%"
"09/15/2022","22,858","23,466","23,466","22,858","1.96M","-3.15%"
"09/14/2022","23,601","23,490","23,677","23,180","625.26K","0.58%"
"09/13/2022","23,464","24,000","24,276","23,278","989.68K","-3.05%"
"09/12/2022","24,202","24,480","24,557","24,018","852.99K","0.77%"
"09/09/2022","24,018","23,507","24,500","23,507","1.11M","2.68%"
"09/08/2022","23,390","23,458","23,970","23,260","1.60M","0.65%"
"09/07/2022","23,240","23,083","23,546","22,762","1.94M","-0.82%"
"09/06/2022","23,433","23,800","24,109","23,349","1.60M","-2.33%"
"09/05/2022","23,993","23,500","24,244","23,418","1.81M","3.09%"
"09/02/2022","23,274","22,810","23,329","22,317","1.27M","4.63%"
"09/01/2022","22,245","22,861","23,010","21,925","2.52M","-3.13%"
"08/31/2022","22,963","23,318","23,428","22,806","1.90M","-0.52%"
"08/30/2022","23,084","24,145","24,145","22,931","1.49M","-3.24%"
"08/29/2022","23,857","24,350","24,368","23,578","1.54M","-4.66%"
"08/26/2022","25,022","25,005","25,590","24,871","1.12M","-1.00%"
"08/25/2022","25,276","25,750","26,177","25,227","1.34M","-0.48%"
"08/24/2022","25,398","25,200","25,529","25,058","988.98K","-1.25%"
"08/23/2022","25,719","25,367","26,064","25,209","1.08M","1.74%"
"08/22/2022","25,278","25,100","25,513","24,635","944.21K","0.43%"
"08/19/2022","25,170","25,550","25,827","24,794","1.60M","-1.56%"
"08/18/2022","25,568","25,988","25,988","25,219","827.32K","-0.22%"
"08/17/2022","25,625","26,248","26,248","25,511","598.88K","-1.89%"
"08/16/2022","26,119","25,900","26,405","25,839","887.85K","1.63%"
"08/15/2022","25,700","25,500","25,823","25,368","1.21M","1.12%"
"08/12/2022","25,415","25,551","25,788","25,284","710.37K","-1.18%"
"08/11/2022","25,719","25,929","26,126","25,561","1.33M","-1.30%"
"08/10/2022","26,059","26,376","26,819","25,900","1.28M","-1.02%"
"08/08/2022","26,328","24,934","26,412","24,925","1.93M","6.68%"
"08/05/2022","24,680","24,200","24,680","23,671","3.12M","4.37%"
"08/04/2022","23,646","23,300","23,972","23,170","1.89M","1.13%"
"08/03/2022","23,381","23,811","24,039","23,219","1.76M","-4.11%"
"08/02/2022","24,384","24,541","24,913","23,761","3.18M","1.35%"
"08/01/2022","24,060","24,598","24,753","24,049","1.84M","-2.25%"
"07/29/2022","24,614","25,000","25,091","24,145","973.94K","-0.65%"
"07/28/2022","24,775","24,550","25,543","24,465","1.68M","2.82%"
"07/27/2022","24,096","24,144","24,688","23,944","800.42K","-0.83%"
"07/26/2022","24,298","23,450","24,320","23,437","842.80K","3.70%"
"07/25/2022","23,431","24,201","24,414","23,248","1.98M","-5.30%"
"07/22/2022","24,743","24,080","25,115","23,913","952.38K","3.95%"
"07/21/2022","23,803","23,250","24,032","22,715","1.13M","-0.44%"
"07/20/2022","23,909","23,946","24,348","23,572","911.74K","0.23%"
"07/19/2022","23,855","24,055","24,222","23,745","578.86K","-1.52%"
"07/18/2022","24,224","23,670","24,374","23,670","1.22M","4.34%"
"07/15/2022","23,217","23,551","23,826","23,112","1.06M","-1.57%"
"07/14/2022","23,587","25,277","25,331","23,541","1.63M","-6.88%"
"07/13/2022","25,330","24,621","25,330","24,435","1.64M","2.47%"
"07/12/2022","24,720","24,963","25,335","24,578","931.03K","-2.11%"
"07/11/2022","25,253","25,398","25,448","24,673","621.09K","-1.91%"
"07/08/2022","25,746","24,801","25,841","24,277","1.74M","4.32%"
"07/07/2022","24,679","25,000","25,200","24,177","990.89K","1.30%"
"07/06/2022","24,363","24,090","24,866","23,811","1.33M","3.95%"
"07/05/2022","23,438","25,370","25,370","23,438","1.05M","-6.08%"
"07/04/2022","24,956","24,788","25,216","24,398","668.99K","3.11%"
"07/01/2022","24,204","24,135","24,373","23,728","1.25M","-1.22%"
"06/30/2022","24,503","25,090","25,285","24,483","1.79M","-2.18%"
"06/29/2022","25,049","25,498","25,826","24,917","1.47M","-2.41%"
"06/28/2022","25,668","25,501","25,724","25,310","1.82M","1.93%"
"06/27/2022","25,181","24,851","25,645","24,834","1.11M","3.26%"
"06/24/2022","24,385","24,205","24,385","23,831","1.69M","-2.05%"
"06/23/2022","24,896","25,329","25,329","24,268","1.29M","-1.93%"
"06/22/2022","25,385","25,547","25,887","25,145","1.84M","-2.67%"
"06/21/2022","26,082","25,792","26,272","25,386","1.50M","-0.96%"
"06/20/2022","26,334","25,398","26,555","25,360","1.14M","3.69%"
"06/17/2022","25,398","25,800","25,880","25,219","5.35M","-0.65%"
"06/15/2022","25,565","25,656","26,438","25,270","3.53M","0.69%"
"06/14/2022","25,389","25,954","26,266","25,229","1.06M","-2.18%"
"06/13/2022","25,954","28,399","28,399","25,946","2.41M","-3.01%"
"06/10/2022","26,760","25,527","26,851","25,300","1.66M","4.30%"
"06/09/2022","25,656","26,444","26,444","25,570","1.21M","-2.83%"
"06/08/2022","26,404","27,016","27,016","26,111","1.48M","-1.13%"
"06/07/2022","26,705","26,771","27,232","26,164","1.53M","-0.98%"
"06/06/2022","26,969","27,821","27,821","26,815","666.40K","-1.80%"
"06/03/2022","27,464","28,048","28,048","27,300","551.09K","-1.56%"
"06/02/2022","27,899","26,895","28,119","26,851","1.42M","4.73%"
"06/01/2022","26,640","27,199","27,200","26,340","1.08M","-2.82%"
"05/31/2022","27,412","28,000","28,436","27,272","2.92M","-2.42%"
"05/30/2022","28,092","27,855","28,499","27,663","903.03K","1.45%"
"05/27/2022","27,690","27,551","27,968","27,316","818.29K","-0.54%"
"05/26/2022","27,840","27,670","28,000","27,176","1.11M","1.62%"
"05/25/2022","27,396","28,193","28,193","27,302","1.62M","-2.89%"
"05/24/2022","28,212","28,084","28,346","27,556","977.44K","0.80%"
"05/23/2022","27,988","28,388","28,685","27,903","1.05M","1.05%"
"05/20/2022","27,698","28,350","28,834","27,640","1.75M","-0.91%"
"05/19/2022","27,951","27,401","28,287","26,930","2.03M","2.49%"
"05/18/2022","27,272","28,044","28,044","27,237","906.72K","-1.96%"
"05/17/2022","27,817","28,700","28,881","27,743","1.44M","-1.49%"
"05/16/2022","28,237","27,890","28,292","27,130","1.31M","1.97%"
"05/13/2022","27,691","26,051","27,691","25,886","2.22M","4.15%"
"05/12/2022","26,587","27,578","27,578","25,871","3.09M","-5.98%"
"05/11/2022","28,279","28,045","28,381","27,361","1.31M","1.70%"
"05/10/2022","27,807","29,156","29,294","27,807","2.17M","-4.60%"
"05/09/2022","29,148","30,500","30,867","28,974","1.87M","-6.06%"
"05/06/2022","31,028","32,000","32,000","30,629","2.06M","-3.90%"
"05/05/2022","32,287","32,700","33,784","32,246","1.85M","-0.19%"
"05/04/2022","32,348","32,229","32,564","31,860","1.50M","0.09%"
"05/03/2022","32,318","32,321","32,321","31,437","1.13M","-1.81%"
"04/29/2022","32,913","33,052","33,648","32,684","1.55M","0.86%"
"04/28/2022","32,633","32,400","32,800","31,767","1.21M","1.49%"
"04/26/2022","32,153","32,290","32,974","31,750","789.33K","1.06%"
"04/25/2022","31,815","32,357","32,443","31,400","1.76M","-3.22%"
"04/22/2022","32,873","33,800","34,057","32,838","1.31M","-2.10%"
"04/21/2022","33,578","33,928","34,233","33,324","1.65M","-0.81%"
"04/20/2022","33,852","33,650","34,022","32,890","1.30M","-1.91%"
"04/19/2022","34,510","35,390","36,540","34,427","2.15M","0.46%"
"04/14/2022","34,351","34,950","34,958","34,218","1.24M","-1.71%"
"04/13/2022","34,947","34,196","35,180","34,119","956.83K","1.43%"
"04/12/2022","34,455","34,251","35,376","33,422","1.29M","0.45%"
"04/11/2022","34,300","34,498","35,719","34,120","2.28M","-0.93%"
"04/08/2022","34,623","34,500","35,326","34,233","1.14M","0.85%"
"04/07/2022","34,330","33,900","34,516","33,630","1.33M","0.70%"
"04/06/2022","34,091","34,543","34,928","33,741","1.46M","-2.65%"
"04/05/2022","35,018","35,000","35,836","34,350","634.82K","-0.17%"
"04/04/2022","35,078","35,577","36,089","35,067","649.76K","0.22%"
"04/01/2022","35,002","34,600","35,135","34,066","697.68K","-0.14%"
"03/31/2022","35,050","34,250","35,449","34,154","860.83K","0.81%"
"03/30/2022","34,769","34,550","34,799","34,020","971.64K","2.65%"
"03/29/2022","33,873","34,550","34,550","32,509","1.09M","-1.52%"
"03/28/2022","34,395","34,798","34,853","34,025","739.88K","-1.88%"
"03/25/2022","35,053","35,784","35,919","34,549","924.60K","-4.50%"
"03/24/2022","36,704","35,710","36,778","35,480","1.48M","4.65%"
"03/23/2022","35,072","34,180","35,899","34,089","1.30M","1.83%"
"03/22/2022","34,443","35,600","36,220","34,235","1.41M","-3.99%"
"03/18/2022","35,875","35,990","36,450","35,380","3.66M","-2.35%"
"03/17/2022","36,738","35,250","36,738","35,144","3.30M","3.57%"
"03/16/2022","35,470","36,000","36,821","35,015","2.19M","-1.47%"
"03/15/2022","36,000","36,000","36,549","34,969","2.02M","-2.41%"
"03/14/2022","36,888","37,700","38,038","36,501","1.88M","-2.28%"
"03/11/2022","37,750","38,699","39,158","37,243","1.40M","-2.95%"
"03/10/2022","38,899","37,090","39,217","36,667","1.81M","5.64%"
"03/09/2022","36,823","39,725","39,897","36,386","2.16M","-8.31%"
"03/08/2022","40,161","41,799","42,167","39,712","3.98M","2.42%"
"03/07/2022","39,213","39,950","43,478","38,936","6.74M","2.84%"
"03/04/2022","38,131","36,700","38,163","36,346","3.28M","3.84%"
"03/03/2022","36,722","37,436","38,110","36,320","1.77M","-2.47%"
"03/02/2022","37,653","38,065","39,049","37,412","2.31M","-0.45%"
"03/01/2022","37,822","36,011","38,119","35,898","2.65M","4.06%"
"02/28/2022","36,348","33,940","36,671","33,166","4.43M","9.87%"
"02/25/2022","33,083","34,490","34,692","32,920","1.93M","-7.43%"
"02/24/2022","35,739","37,000","38,784","35,263","4.21M","6.99%"
"02/23/2022","33,405","33,300","33,553","32,752","1.14M","-2.00%"
"02/22/2022","34,086","34,333","34,835","32,739","1.43M","1.79%"
"02/21/2022","33,488","33,050","34,000","32,525","1.12M","-0.18%"
"02/18/2022","33,550","33,700","34,052","33,087","1.72M","1.27%"
"02/17/2022","33,130","32,999","34,077","32,175","2.37M","1.02%"
"02/16/2022","32,797","31,810","32,982","31,579","1.45M","3.44%"
"02/15/2022","31,706","33,000","33,000","31,328","1.89M","-1.84%"
"02/14/2022","32,300","30,850","32,969","30,822","2.48M","8.33%"
"02/11/2022","29,816","29,255","30,090","29,255","920.56K","-2.08%"
"02/10/2022","30,450","30,816","30,888","30,048","845.89K","-1.19%"
"02/09/2022","30,818","30,823","31,428","30,572","1.05M","1.33%"
"02/08/2022","30,414","30,188","30,663","29,988","907.34K","3.49%"
"02/07/2022","29,387","29,422","29,878","29,200","987.61K","0.59%"
"02/04/2022","29,214","28,501","29,404","28,500","1.20M","1.88%"
"02/03/2022","28,674","29,033","29,386","28,635","973.51K","-1.91%"
"02/02/2022","29,231","29,450","29,921","29,024","833.36K","0.09%"
"02/01/2022","29,205","27,780","29,940","27,501","1.94M","1.80%"
"01/31/2022","28,690","28,400","28,830","28,197","1.79M","2.29%"
"01/28/2022","28,048","28,500","28,600","27,913","1.00M","-1.71%"
"01/27/2022","28,536","29,050","29,296","28,233","1.73M","-7.40%"
"01/26/2022","30,818","31,100","31,278","30,440","888.63K","-0.38%"
"01/25/2022","30,936","30,700","31,064","30,237","1.09M","2.53%"
"01/24/2022","30,172","30,899","31,507","30,132","995.05K","-4.80%"
"01/21/2022","31,694","31,855","31,855","31,146","621.23K","-0.96%"
"01/20/2022","32,002","31,505","32,610","31,463","1.80M","8.09%"
"01/19/2022","29,608","29,150","29,608","28,415","1.83M","0.07%"
"01/18/2022","29,587","30,450","30,643","29,350","1.92M","-2.77%"
"01/17/2022","30,431","31,066","31,698","30,431","652.82K","-2.03%"
"01/14/2022","31,063","31,450","31,676","30,969","598.71K","-1.94%"
"01/13/2022","31,678","32,000","32,000","31,458","616.32K","-0.16%"
"01/12/2022","31,728","31,322","32,122","31,322","1.08M","2.55%"
"01/11/2022","30,940","30,499","31,346","30,005","1.59M","3.77%"
"01/10/2022","29,817","29,826","30,300","29,700","1.07M","0.63%"
"01/07/2022","29,630","30,000","30,200","29,630","1.28M","-1.33%"
"01/06/2022","30,030","31,075","31,361","29,880","1.07M","-5.96%"
"01/05/2022","31,934","31,978","32,000","31,372","475.95K","-0.24%"
"01/04/2022","32,010","32,128","32,247","31,631","464.41K","-1.08%"
"01/03/2022","32,359","32,860","33,384","32,246","464.73K","-1.55%"
"12/31/2021","32,870","32,990","33,246","32,709","244.27K","1.55%"
"12/30/2021","32,367","31,523","32,602","31,523","415.63K","2.96%"
"12/29/2021","31,437","31,457","31,796","31,177","493.26K","-2.26%"
"12/28/2021","32,164","31,375","32,362","31,194","453.60K","2.69%"
"12/24/2021","31,322","31,525","32,001","31,322","54.45K","-0.46%"
"12/23/2021","31,468","32,140","32,419","31,197","341.95K","-0.63%"
"12/22/2021","31,666","31,750","32,199","31,616","393.37K","-1.48%"
"12/21/2021","32,143","31,948","32,664","31,626","627.88K","2.59%"
"12/20/2021","31,331","32,199","32,199","31,185","460.65K","-3.04%"
"12/17/2021","32,313","32,500","32,674","31,866","3.76M","5.08%"
"12/15/2021","30,750","30,610","31,535","30,610","4.17M","-0.19%"
"12/14/2021","30,809","30,850","31,431","30,344","2.07M","1.41%"
"12/13/2021","30,380","30,507","31,399","30,100","1.62M","-1.63%"
"12/10/2021","30,882","31,139","31,602","30,682","835.00K","-1.78%"
"12/09/2021","31,442","31,467","32,144","31,075","949.56K","-0.08%"
"12/08/2021","31,467","31,885","32,000","31,340","907.92K","-3.85%"
"12/07/2021","32,728","33,410","33,671","32,644","744.86K","-2.22%"
"12/06/2021","33,470","33,551","34,386","33,190","799.64K","1.05%"
"12/03/2021","33,121","33,147","33,759","32,993","1.92M","-1.42%"
"12/02/2021","33,599","34,000","34,999","33,599","1.75M","-5.33%"
"12/01/2021","35,490","33,650","36,041","33,650","3.51M","2.84%"
"11/30/2021","34,509","32,634","34,597","32,634","3.78M","7.02%"
"11/29/2021","32,246","31,839","32,610","31,839","653.05K","-1.26%"
"11/26/2021","32,657","32,461","33,238","32,347","1.15M","2.59%"
"11/25/2021","31,834","31,750","32,615","31,626","823.91K","-0.90%"
"11/24/2021","32,124","32,358","32,415","31,884","778.46K","-1.18%"
"11/23/2021","32,509","32,566","33,050","32,116","1.06M","0.03%"
"11/22/2021","32,500","32,700","33,680","31,899","1.75M","-0.85%"
"11/19/2021","32,780","32,650","32,880","32,095","1.04M","-0.12%"
"11/18/2021","32,820","32,799","33,040","32,527","572.20K","-0.12%"
"11/17/2021","32,861","32,600","33,150","32,587","607.92K","0.28%"
"11/16/2021","32,770","32,120","33,161","31,960","1.05M","2.87%"
"11/15/2021","31,855","31,799","32,161","31,483","655.69K","-1.07%"
"11/12/2021","32,200","32,032","32,289","31,266","1.06M","-2.26%"
"11/11/2021","32,943","31,200","33,785","31,113","2.52M","4.58%"
"11/10/2021","31,500","28,750","31,520","28,647","2.64M","10.27%"
"11/09/2021","28,566","28,399","28,685","27,836","710.07K","0.22%"
"11/08/2021","28,503","28,312","29,278","28,178","1.11M","1.43%"
"11/05/2021","28,100","28,649","28,790","28,000","793.52K","-1.04%"
"11/04/2021","28,395","28,150","28,913","28,150","1.25M","1.28%"
"11/03/2021","28,035","28,524","28,638","27,697","950.70K","-2.03%"
"11/02/2021","28,617","28,535","29,055","28,301","1.29M","0.31%"
"10/29/2021","28,528","28,561","28,980","28,166","2.01M","-2.62%"
"10/28/2021","29,296","29,395","29,684","29,188","1.15M","0.95%"
"10/27/2021","29,020","29,479","29,479","28,692","1.31M","1.33%"
"10/26/2021","28,640","28,825","28,908","28,410","1.05M","-1.04%"
"10/25/2021","28,940","29,050","29,456","28,796","1.08M","-0.98%"
"10/22/2021","29,226","27,890","29,282","27,830","787.25K","5.89%"
"10/21/2021","27,600","27,690","27,700","27,287","952.45K","-0.34%"
"10/20/2021","27,693","27,720","27,720","27,142","750.17K","2.35%"
"10/19/2021","27,056","27,407","27,426","26,914","1.03M","-1.06%"
"10/18/2021","27,345","27,449","27,559","26,855","895.62K","-0.78%"
"10/15/2021","27,560","28,000","28,000","26,735","1.05M","-1.31%"
"10/14/2021","27,927","28,000","28,480","27,899","1.36M","-0.27%"
"10/13/2021","28,004","27,302","28,023","27,062","777.08K","3.16%"
"10/12/2021","27,146","26,715","27,562","26,477","1.19M","1.56%"
"10/11/2021","26,728","26,490","26,866","26,221","839.48K","1.28%"
"10/08/2021","26,390","26,449","27,094","26,138","1.31M","1.21%"
"10/07/2021","26,075","25,800","26,309","25,395","870.28K","2.56%"
"10/06/2021","25,424","25,155","25,640","24,453","1.55M","2.43%"
"10/05/2021","24,821","24,690","25,013","24,532","1.04M","-1.09%"
"10/04/2021","25,094","23,886","25,094","23,800","1.27M","5.66%"
"10/01/2021","23,749","23,835","24,144","23,683","1.11M","-0.10%"
"09/30/2021","23,772","23,000","23,817","22,925","1.69M","4.40%"
"09/29/2021","22,771","22,515","23,017","22,474","1.12M","-0.44%"
"09/28/2021","22,871","22,903","23,179","22,406","892.43K","-0.12%"
"09/27/2021","22,898","23,100","23,604","22,860","1.38M","2.78%"
"09/23/2021","22,278","22,850","22,901","22,125","824.85K","-3.08%"
"09/22/2021","22,986","22,960","23,249","22,672","720.23K","0.90%"
"09/21/2021","22,781","22,100","22,819","21,885","1.74M","4.50%"
"09/20/2021","21,800","21,777","22,039","21,605","2.48M","0.63%"
"09/17/2021","21,664","21,653","22,191","21,397","3.88M","0.65%"
"09/16/2021","21,525","22,344","22,630","21,356","4.36M","-4.21%"
"09/15/2021","22,471","22,303","22,626","22,231","1.44M","-0.28%"
"09/14/2021","22,535","21,897","22,567","21,569","2.39M","1.05%"
"09/13/2021","22,300","21,832","22,370","21,500","998.74K","2.31%"
"09/10/2021","21,796","22,300","22,549","21,700","867.73K","-0.40%"
"09/09/2021","21,884","22,360","22,539","21,848","808.76K","-2.66%"
"09/08/2021","22,482","23,400","23,400","22,458","1.36M","-3.38%"
"09/07/2021","23,269","23,550","23,845","23,260","1.06M","-1.33%"
"09/06/2021","23,583","24,209","24,325","23,248","1.32M","-4.17%"
"09/03/2021","24,609","24,050","24,609","23,678","1.57M","2.76%"
"09/02/2021","23,949","24,534","24,534","23,678","1.09M","-2.44%"
"09/01/2021","24,548","24,561","25,126","24,548","1.07M","0.64%"
"08/31/2021","24,391","24,550","24,669","24,228","1.43M","0.06%"
"08/30/2021","24,377","24,600","24,925","24,296","497.08K","-1.39%"
"08/27/2021","24,720","24,335","24,731","24,179","987.69K","1.90%"
"08/26/2021","24,259","23,765","24,417","23,657","1.32M","2.29%"
"08/25/2021","23,717","23,500","24,513","23,500","1.17M","-4.09%"
"08/24/2021","24,729","24,560","25,141","24,560","1.21M","1.00%"
"08/23/2021","24,483","24,200","24,626","23,977","1.08M","0.63%"
"08/20/2021","24,329","24,201","24,524","23,862","1.09M","0.86%"
"08/19/2021","24,122","23,500","24,443","23,088","1.93M","2.60%"
"08/18/2021","23,510","24,270","24,401","23,478","1.48M","-4.64%"
"08/17/2021","24,655","23,985","24,655","23,852","2.81M","3.74%"
"08/16/2021","23,766","23,443","23,825","23,196","1.59M","1.38%"
"08/13/2021","23,443","23,233","23,596","22,995","1.83M","2.42%"
"08/12/2021","22,890","23,760","23,853","22,750","2.14M","-4.49%"
"08/11/2021","23,967","23,000","24,463","22,969","4.06M","5.46%"
"08/10/2021","22,727","24,082","24,082","22,600","3.82M","-8.05%"
"08/06/2021","24,718","27,260","27,600","24,537","4.74M","-12.04%"
"08/05/2021","28,100","29,000","29,078","28,100","1.22M","-3.63%"
"08/04/2021","29,158","28,751","29,780","28,751","1.05M","0.02%"
"08/03/2021","29,151","29,000","29,151","28,500","985.40K","1.17%"
"08/02/2021","28,815","29,563","29,563","28,563","733.86K","-1.73%"
"07/30/2021","29,322","29,626","30,169","29,049","2.06M","-1.98%"
"07/29/2021","29,914","29,704","30,101","29,662","1.39M","1.89%"
"07/28/2021","29,360","29,215","29,487","28,946","882.28K","0.98%"
"07/27/2021","29,075","28,899","29,350","28,424","1.41M","0.47%"
"07/26/2021","28,940","28,602","29,142","28,602","979.01K","2.08%"
"07/23/2021","28,350","28,520","28,973","28,255","573.86K","-0.41%"
"07/22/2021","28,468","28,600","28,798","28,105","644.81K","0.20%"
"07/21/2021","28,410","28,812","29,056","28,293","810.74K","-1.73%"
"07/20/2021","28,910","28,550","29,415","28,394","784.08K","2.21%"
"07/19/2021","28,284","27,711","28,464","27,658","833.33K","-2.22%"
"07/16/2021","28,925","29,211","29,620","28,808","1.05M","-0.85%"
"07/15/2021","29,174","29,405","29,846","29,122","1.14M","0.01%"
"07/14/2021","29,172","29,193","29,978","28,882","1.48M","-0.07%"
"07/13/2021","29,192","28,100","29,272","27,662","1.12M","2.71%"
"07/12/2021","28,423","28,169","28,423","27,691","667.65K","2.37%"
"07/09/2021","27,764","27,611","27,837","27,337","704.76K","0.12%"
"07/08/2021","27,732","27,945","28,500","27,666","1.07M","-1.13%"
"07/07/2021","28,050","28,110","28,477","27,829","1.12M","-0.49%"
"07/06/2021","28,189","28,120","29,301","27,990","1.83M","1.81%"
"07/05/2021","27,688","27,549","27,688","27,037","551.15K","2.27%"
"07/02/2021","27,074","27,110","27,620","26,938","1.15M","-0.13%"
"07/01/2021","27,110","26,900","27,311","26,529","1.35M","2.11%"
"06/30/2021","26,549","26,000","26,606","26,000","1.21M","1.34%"
"06/29/2021","26,197","26,400","26,546","25,651","1.84M","-1.21%"
"06/28/2021","26,517","26,529","27,042","26,438","1.00M","0.17%"
"06/25/2021","26,472","26,802","27,014","26,284","1.17M","-2.05%"
"06/24/2021","27,027","26,500","27,497","26,368","842.18K","0.36%"
"06/23/2021","26,930","26,850","27,085","26,390","744.03K","2.14%"
"06/22/2021","26,367","27,073","27,248","26,192","1.82M","-2.56%"
"06/21/2021","27,060","27,150","27,600","26,806","1.07M","-1.56%"
"06/18/2021","27,490","27,350","27,918","27,242","3.54M","0.73%"
"06/17/2021","27,290","28,240","28,240","27,131","5.45M","-4.65%"
"06/15/2021","28,622","28,850","29,350","28,448","1.13M","-1.50%"
"06/14/2021","29,058","29,218","29,250","28,363","1.60M","-2.27%"
"06/11/2021","29,734","30,400","30,605","29,640","1.16M","-0.22%"
"06/10/2021","29,799","29,799","30,025","29,068","1.25M","0.29%"
"06/09/2021","29,713","29,750","29,904","29,223","1.50M","-0.64%"
"06/08/2021","29,903","30,600","30,600","29,845","1.82M","-1.63%"
"06/07/2021","30,397","30,765","30,778","30,352","899.27K","-2.05%"
"06/04/2021","31,034","31,000","31,823","30,753","1.18M","-0.89%"
"06/03/2021","31,314","32,019","32,192","30,871","1.60M","-3.70%"
"06/02/2021","32,516","32,900","33,289","32,467","1.03M","-1.37%"
"06/01/2021","32,966","34,300","34,524","32,785","1.32M","-3.13%"
"05/31/2021","34,031","33,200","34,035","32,920","596.27K","3.12%"
"05/28/2021","33,000","33,042","33,153","32,269","1.38M","-1.00%"
"05/27/2021","33,332","33,300","33,473","32,686","3.67M","-1.09%"
"05/26/2021","33,700","35,312","35,600","33,466","2.57M","-3.96%"
"05/25/2021","35,089","35,000","35,403","34,400","1.64M","-0.17%"
"05/24/2021","35,150","35,371","35,547","34,962","1.69M","-0.50%"
"05/21/2021","35,325","35,821","36,077","35,103","1.67M","-2.54%"
"05/20/2021","36,244","36,222","36,428","35,764","1.36M","-2.33%"
"05/19/2021","37,110","35,800","37,700","35,516","4.11M","3.95%"
"05/18/2021","35,701","35,200","36,531","35,000","2.98M","2.04%"
"05/17/2021","34,988","33,650","35,246","33,650","1.68M","5.39%"
"05/14/2021","33,200","32,226","33,323","32,226","1.32M","3.46%"
"05/13/2021","32,090","32,400","32,400","31,707","1.18M","-1.07%"
"05/12/2021","32,437","31,455","32,478","31,375","1.26M","3.66%"
"05/11/2021","31,292","31,629","31,899","30,731","1.42M","-2.00%"
"05/10/2021","31,929","31,900","32,702","30,500","2.71M","-1.56%"
"05/07/2021","32,434","32,268","33,050","31,836","1.10M","2.09%"
"05/06/2021","31,770","31,050","32,199","30,521","1.20M","3.09%"
"05/05/2021","30,817","30,876","31,191","30,603","785.90K","-1.11%"
"05/04/2021","31,163","30,501","31,725","30,501","1.26M","0.39%"
"05/03/2021","31,043","30,300","31,043","29,707","1.08M","3.41%"
"04/30/2021","30,020","29,458","30,141","29,010","1.22M","2.46%"
"04/29/2021","29,298","29,827","30,132","29,177","1.31M","-1.50%"
"04/28/2021","29,744","30,000","30,167","29,300","1.39M","-2.69%"
"04/26/2021","30,566","30,502","31,081","30,502","918.18K","-1.04%"
"04/23/2021","30,886","30,900","31,681","30,325","1.19M","-2.51%"
"04/22/2021","31,680","31,800","32,061","31,262","1.07M","-0.44%"
"04/21/2021","31,819","31,890","32,180","31,340","1.01M","1.06%"
"04/20/2021","31,486","31,201","31,601","30,858","974.07K","0.53%"
"04/19/2021","31,321","32,030","32,761","31,185","1.14M","-2.20%"
"04/16/2021","32,024","31,156","32,136","31,067","1.50M","2.79%"
"04/15/2021","31,156","30,800","31,267","30,360","988.17K","2.06%"
"04/14/2021","30,526","30,979","31,247","30,441","1.27M","-2.15%"
"04/13/2021","31,198","30,890","31,534","30,186","1.55M","0.52%"
"04/12/2021","31,038","31,756","32,395","31,027","957.97K","-3.95%"
"04/09/2021","32,316","32,060","32,471","31,340","961.23K","0.16%"
"04/08/2021","32,265","32,399","32,693","32,021","1.37M","0.86%"
"04/07/2021","31,990","32,899","33,208","31,938","1.57M","-4.52%"
"04/06/2021","33,506","33,382","33,934","33,165","920.80K","0.37%"
"04/01/2021","33,382","32,420","33,534","32,420","1.36M","3.72%"
"03/31/2021","32,184","32,170","32,380","31,421","1.38M","0.19%"
"03/30/2021","32,123","32,815","32,815","31,524","2.15M","0.22%"
"03/29/2021","32,054","31,190","32,101","30,959","2.30M","5.56%"
"03/26/2021","30,366","29,700","30,570","29,381","1.40M","2.94%"
"03/25/2021","29,500","29,800","30,000","29,035","2.02M","-0.92%"
"03/24/2021","29,773","30,700","30,720","29,588","2.44M","-3.57%"
"03/23/2021","30,876","31,449","32,118","30,644","1.33M","-4.70%"
"03/19/2021","32,400","32,720","32,764","31,787","2.91M","0.26%"
"03/18/2021","32,316","33,054","33,749","32,026","3.78M","-0.89%"
"03/17/2021","32,606","33,500","33,972","32,422","1.46M","-3.61%"
"03/16/2021","33,828","33,530","34,356","33,530","1.04M","-0.63%"
"03/15/2021","34,044","33,650","34,442","33,502","1.27M","1.17%"
"03/12/2021","33,649","34,000","34,000","33,077","1.40M","-1.71%"
"03/11/2021","34,234","33,911","34,710","33,800","1.30M","1.65%"
"03/10/2021","33,679","33,999","34,192","33,463","2.16M","-2.53%"
"03/09/2021","34,552","33,851","34,920","33,667","2.50M","2.99%"
"03/08/2021","33,550","32,700","33,588","31,911","2.21M","6.06%"
"03/05/2021","31,633","31,699","31,821","31,100","1.99M","4.19%"
"03/04/2021","30,361","30,099","30,588","29,753","1.37M","1.94%"
"03/03/2021","29,782","30,645","30,800","29,734","1.61M","-0.06%"
"03/02/2021","29,800","29,700","30,287","29,111","2.98M","-0.54%"
"03/01/2021","29,961","30,351","30,756","29,888","1.34M","-1.18%"
"02/26/2021","30,318","31,462","31,462","30,002","2.49M","-1.31%"
"02/25/2021","30,721","30,203","30,996","29,737","2.44M","3.64%"
"02/24/2021","29,641","30,200","30,822","29,417","1.77M","-0.83%"
"02/23/2021","29,890","31,060","31,301","29,615","2.37M","-3.33%"
"02/22/2021","30,920","30,700","31,277","30,102","3.05M","0.91%"
"02/19/2021","30,640","30,300","30,745","29,700","1.97M","1.75%"
"02/18/2021","30,114","31,450","31,500","30,100","3.30M","-4.23%"
"02/17/2021","31,445","33,490","33,490","31,136","3.56M","-7.59%"
"02/16/2021","34,027","34,400","34,840","33,707","1.37M","-1.04%"
"02/15/2021","34,385","34,631","35,467","34,077","1.97M","-0.78%"
"02/12/2021","34,654","34,899","35,142","34,500","1.26M","-2.85%"
"02/11/2021","35,669","35,500","35,782","34,873","1.40M","2.06%"
"02/10/2021","34,950","34,900","35,211","34,432","1.21M","1.66%"
"02/09/2021","34,380","34,948","35,216","34,214","1.22M","0.12%"
"02/08/2021","34,338","34,300","34,755","33,861","1.40M","3.27%"
"02/05/2021","33,250","33,500","33,674","32,569","1.85M","-0.46%"
"02/04/2021","33,404","34,561","34,916","32,930","1.89M","-4.08%"
"02/03/2021","34,826","34,714","35,048","34,227","971.25K","0.91%"
"02/02/2021","34,512","35,070","35,331","34,012","1.45M","-2.33%"
"02/01/2021","35,334","36,300","36,713","35,191","1.98M","-2.30%"
"01/29/2021","36,165","35,601","36,845","35,326","2.25M","1.70%"
"01/28/2021","35,561","35,300","36,128","34,597","2.08M","0.33%"
"01/27/2021","35,445","36,000","36,000","35,189","1.54M","-0.71%"
"01/26/2021","35,700","36,601","36,602","35,409","1.89M","0.19%"
"01/25/2021","35,633","35,000","36,212","34,693","2.39M","4.51%"
"01/22/2021","34,094","35,000","35,000","33,636","1.28M","0.04%"
"01/21/2021","34,079","34,920","35,479","33,701","2.55M","-0.43%"
"01/20/2021","34,227","33,990","34,506","33,630","1.22M","1.84%"
"01/19/2021","33,610","34,720","35,085","33,610","2.01M","-3.22%"
"01/18/2021","34,728","34,000","34,895","33,936","1.29M","-0.49%"
"01/15/2021","34,898","34,500","35,383","34,499","958.36K","0.54%"
"01/14/2021","34,712","35,474","35,480","34,300","1.37M","-3.71%"
"01/13/2021","36,050","35,355","36,367","35,355","1.45M","1.04%"
"01/12/2021","35,680","36,100","36,389","35,131","1.70M","-0.84%"
"01/11/2021","35,981","35,400","36,436","35,216","1.65M","1.47%"
"01/08/2021","35,459","36,501","37,096","35,309","1.63M","-3.01%"
"01/07/2021","36,561","37,000","37,599","36,216","1.21M","-1.04%"
"01/06/2021","36,945","37,300","38,307","36,674","2.19M","-2.29%"
"01/05/2021","37,810","37,700","38,597","37,336","1.65M","2.66%"
"01/04/2021","36,831","34,530","36,831","34,411","2.19M","7.53%"
"12/31/2020","34,252","34,590","34,683","33,807","505.98K","-0.53%"
"12/30/2020","34,435","33,966","34,474","33,775","1.01M","2.22%"
"12/29/2020","33,686","33,315","34,372","33,315","894.91K","-1.57%"
"12/28/2020","34,223","33,911","34,668","33,800","531.41K","0.90%"
"12/24/2020","33,917","33,683","34,034","33,303","181.36K","1.28%"
"12/23/2020","33,490","33,328","33,788","32,642","749.43K","-0.86%"
"12/22/2020","33,780","33,501","34,148","33,106","812.63K","-1.79%"
"12/21/2020","34,395","35,700","35,700","33,307","1.50M","0.34%"
"12/18/2020","34,280","34,500","35,265","33,810","2.73M","-0.76%"
"12/17/2020","34,542","33,400","34,763","33,067","3.67M","5.15%"
"12/15/2020","32,851","32,425","32,999","32,265","1.36M","1.31%"
"12/14/2020","32,425","31,707","32,628","31,444","863.01K","0.32%"
"12/11/2020","32,322","31,936","32,709","31,633","2.02M","-1.44%"
"12/10/2020","32,795","31,700","32,913","31,623","2.14M","3.46%"
"12/09/2020","31,699","32,910","32,997","31,699","2.40M","-4.69%"
"12/08/2020","33,258","34,710","35,148","32,979","2.61M","-3.26%"
"12/07/2020","34,377","33,490","34,377","33,068","1.32M","1.46%"
"12/04/2020","33,883","34,700","34,784","33,247","1.12M","-0.71%"
"12/03/2020","34,125","35,101","35,302","34,125","1.31M","-1.64%"
"12/02/2020","34,694","34,790","35,362","34,086","1.62M","-0.28%"
"12/01/2020","34,793","33,800","35,062","32,900","1.91M","6.61%"
"11/30/2020","32,636","31,900","32,851","31,663","3.01M","2.15%"
"11/27/2020","31,950","32,451","33,246","31,520","2.33M","-1.58%"
"11/26/2020","32,464","31,670","33,010","31,500","1.24M","2.50%"
"11/25/2020","31,671","31,390","31,928","30,800","2.24M","0.94%"
"11/24/2020","31,375","32,500","32,825","30,837","3.99M","-4.05%"
"11/23/2020","32,700","34,590","34,670","32,700","1.97M","-5.58%"
"11/20/2020","34,631","34,070","34,631","33,669","1.18M","1.65%"
"11/19/2020","34,070","34,750","34,750","33,695","1.95M","-2.85%"
"11/18/2020","35,069","35,888","35,942","34,920","1.25M","-2.23%"
"11/17/2020","35,868","36,199","36,199","35,134","1.59M","-1.24%"
"11/16/2020","36,317","37,700","37,789","35,736","1.58M","-2.51%"
"11/13/2020","37,251","37,450","37,510","36,584","934.03K","0.14%"
"11/12/2020","37,199","36,851","38,000","36,257","1.59M","1.72%"
"11/11/2020","36,569","37,400","38,312","36,350","1.69M","-4.98%"
"11/10/2020","38,486","38,760","40,070","38,100","1.49M","2.87%"
"11/09/2020","37,412","43,597","43,956","37,102","2.05M","-13.85%"
"11/06/2020","43,429","41,807","44,208","41,805","2.11M","4.15%"
"11/05/2020","41,700","40,500","41,807","39,599","1.07M","3.13%"
"11/04/2020","40,435","41,159","41,552","40,038","1.75M","-1.76%"
"11/03/2020","41,158","40,800","41,882","40,471","1.21M","0.97%"
"11/02/2020","40,762","37,950","40,810","37,704","1.75M","10.52%"
"10/30/2020","36,883","37,135","37,409","36,201","2.22M","-2.58%"
"10/29/2020","37,860","39,289","39,289","36,938","1.03M","-0.62%"
"10/28/2020","38,095","39,206","39,949","37,864","1.03M","-2.32%"
"10/27/2020","39,000","39,900","40,104","38,901","1.92M","-2.50%"
"10/26/2020","40,000","40,439","40,979","39,844","2.43M","-1.20%"
"10/23/2020","40,484","41,141","42,086","40,408","1.60M","-1.91%"
"10/22/2020","41,274","43,283","43,283","41,000","1.10M","-6.09%"
"10/21/2020","43,951","43,265","44,331","43,042","863.84K","2.39%"
"10/20/2020","42,925","44,164","44,300","42,800","1.15M","-3.16%"
"10/19/2020","44,327","44,611","45,700","44,217","1.42M","-0.37%"
"10/16/2020","44,491","45,500","45,808","44,300","942.80K","-1.63%"
"10/15/2020","45,230","45,750","46,563","45,002","1.71M","-2.49%"
"10/14/2020","46,383","45,401","46,800","45,309","1.14M","2.88%"
"10/13/2020","45,084","45,600","46,453","44,680","1.61M","-1.83%"
"10/12/2020","45,925","45,990","46,902","45,501","1.57M","0.27%"
"10/09/2020","45,801","44,745","45,860","44,745","1.71M","5.13%"
"10/08/2020","43,568","42,701","43,951","42,701","1.47M","2.69%"
"10/07/2020","42,428","42,834","43,202","41,830","987.21K","-1.29%"
"10/06/2020","42,981","43,320","43,888","42,580","1.24M","-0.90%"
"10/05/2020","43,370","42,840","43,751","42,225","1.05M","0.27%"
"10/02/2020","43,255","44,202","44,460","42,387","1.39M","-0.93%"
"10/01/2020","43,661","43,700","44,500","43,133","857.34K","0.81%"
"09/30/2020","43,310","44,652","44,741","43,309","1.08M","-2.72%"
"09/29/2020","44,522","44,300","44,691","43,371","912.39K","1.60%"
"09/28/2020","43,820","42,838","44,760","42,838","1.04M","0.05%"
"09/25/2020","43,800","44,198","44,777","43,112","1.14M","2.19%"
"09/23/2020","42,862","42,614","43,867","42,442","1.33M","-2.11%"
"09/22/2020","43,784","44,199","44,330","42,868","952.04K","-0.43%"
"09/21/2020","43,972","44,572","45,000","43,111","1.14M","-1.35%"
"09/18/2020","44,572","46,009","46,144","44,572","2.76M","-1.24%"
"09/17/2020","45,132","47,350","47,458","44,899","2.59M","-6.05%"
"09/16/2020","48,040","49,600","49,750","47,705","1.20M","-1.57%"
"09/15/2020","48,806","50,700","50,805","48,738","1.42M","-1.34%"
"09/14/2020","49,467","48,450","50,015","47,955","987.07K","1.20%"
"09/11/2020","48,880","48,796","50,070","48,161","1.10M","-0.92%"
"09/10/2020","49,335","48,700","49,779","47,004","3.13M","3.82%"
"09/09/2020","47,521","47,450","48,093","45,997","1.44M","0.47%"
"09/08/2020","47,300","48,180","48,180","46,106","1.71M","-0.66%"
"09/07/2020","47,613","47,701","48,500","47,201","1.53M","2.83%"
"09/04/2020","46,304","48,150","48,701","46,000","2.12M","-1.49%"
"09/03/2020","47,002","47,796","47,853","46,384","1.63M","-0.75%"
"09/02/2020","47,357","48,620","48,861","46,888","1.65M","-2.75%"
"09/01/2020","48,695","50,800","52,065","48,410","2.03M","-1.56%"
"08/31/2020","49,466","50,000","50,658","49,254","2.58M","-0.76%"
"08/28/2020","49,843","48,825","49,843","48,314","1.06M","4.55%"
"08/27/2020","47,672","48,840","50,180","47,575","1.23M","-1.93%"
"08/26/2020","48,610","47,300","48,672","46,169","1.10M","3.96%"
"08/25/2020","46,758","48,025","49,337","46,758","755.99K","-2.99%"
"08/24/2020","48,199","47,675","50,129","47,329","1.68M","-0.64%"
"08/21/2020","48,509","49,899","49,951","46,980","1.41M","-1.77%"
"08/20/2020","49,385","48,510","49,385","47,809","1.12M","0.31%"
"08/19/2020","49,231","50,650","50,759","48,848","1.19M","-4.02%"
"08/18/2020","51,295","52,500","53,377","50,764","2.25M","-1.55%"
"08/17/2020","52,100","50,444","52,283","50,017","1.51M","5.14%"
"08/14/2020","49,555","49,635","50,729","49,086","936.33K","-1.04%"
"08/13/2020","50,075","49,051","50,352","48,199","1.18M","2.07%"
"08/12/2020","49,060","48,937","51,300","48,701","1.85M","-1.39%"
"08/11/2020","49,750","52,500","52,845","49,176","2.11M","-7.89%"
"08/07/2020","54,014","55,000","56,447","53,342","1.44M","-4.00%"
"08/06/2020","56,263","58,300","58,300","55,960","2.38M","-2.62%"
"08/05/2020","57,775","58,066","59,435","57,241","1.72M","3.58%"
"08/04/2020","55,778","54,556","55,778","54,189","1.67M","2.04%"
"08/03/2020","54,663","55,700","56,843","54,031","2.24M","-1.46%"
"07/31/2020","55,473","57,000","59,500","54,726","2.88M","-5.34%"
"07/30/2020","58,600","59,601","60,700","58,554","1.26M","-2.80%"
"07/29/2020","60,285","61,680","62,450","59,264","1.35M","-3.44%"
"07/28/2020","62,430","62,600","62,689","59,620","1.79M","-0.64%"
"07/27/2020","62,835","59,818","63,735","59,300","1.82M","8.83%"
"07/24/2020","57,738","54,899","57,889","54,220","2.55M","3.14%"
"07/23/2020","55,979","54,890","56,478","54,409","1.66M","3.95%"
"07/22/2020","53,850","54,450","55,066","53,517","2.21M","-0.31%"
"07/21/2020","54,019","55,864","56,303","53,515","1.94M","-2.92%"
"07/20/2020","55,641","53,905","55,900","53,737","1.06M","3.98%"
"07/17/2020","53,513","52,511","53,622","52,511","1.02M","0.63%"
"07/16/2020","53,180","51,390","53,489","51,286","1.76M","2.95%"
"07/15/2020","51,658","52,523","52,921","50,873","1.81M","-1.65%"
"07/14/2020","52,523","50,800","52,523","50,751","1.50M","-0.33%"
"07/13/2020","52,696","53,100","53,884","52,403","1.24M","0.25%"
"07/10/2020","52,564","52,400","55,523","51,600","2.08M","-1.01%"
"07/09/2020","53,100","54,397","55,324","53,100","2.22M","-1.49%"
"07/08/2020","53,905","52,400","54,505","52,309","1.81M","2.87%"
"07/07/2020","52,400","50,799","52,412","50,237","1.97M","4.51%"
"07/06/2020","50,139","49,599","50,499","49,200","846.70K","1.02%"
"07/03/2020","49,635","49,800","49,962","49,025","565.08K","-1.76%"
"07/02/2020","50,524","49,150","50,885","48,809","1.29M","2.42%"
"07/01/2020","49,329","51,000","52,000","48,969","1.94M","-2.43%"
"06/30/2020","50,559","49,725","50,559","49,056","1.45M","2.86%"
"06/29/2020","49,152","49,500","50,196","48,947","1.15M","0.89%"
"06/26/2020","48,718","48,999","49,619","48,295","699.02K","-0.23%"
"06/25/2020","48,830","49,400","50,110","48,451","1.34M","-1.80%"
"06/24/2020","49,724","49,910","50,336","48,426","1.73M","-0.14%"
"06/23/2020","49,794","46,800","50,227","46,800","1.20M","6.04%"
"06/22/2020","46,956","45,810","47,500","45,500","1.55M","3.80%"
"06/19/2020","45,238","43,040","45,418","42,592","3.41M","7.25%"
"06/18/2020","42,180","42,076","43,113","41,602","2.54M","-0.36%"
"06/17/2020","42,331","40,950","42,600","40,691","1.39M","3.45%"
"06/15/2020","40,919","41,700","41,705","39,726","1.82M","-4.34%"
"06/12/2020","42,774","42,477","43,962","42,363","1.76M","-3.21%"
"06/11/2020","44,193","42,001","44,418","41,491","1.91M","11.29%"
"06/10/2020","39,711","40,950","41,335","39,427","1.78M","-3.89%"
"06/09/2020","41,318","39,815","41,658","39,204","2.03M","3.77%"
"06/08/2020","39,815","40,000","40,219","39,011","1.82M","3.05%"
"06/05/2020","38,637","41,399","42,001","38,637","2.74M","-7.33%"
"06/04/2020","41,691","41,999","43,395","41,691","2.03M","0.46%"
"06/03/2020","41,500","43,200","43,248","40,850","2.72M","-6.14%"
"06/02/2020","44,213","43,650","45,398","43,470","2.05M","3.79%"
"06/01/2020","42,600","43,886","44,638","42,576","962.35K","0.35%"
"05/29/2020","42,450","42,800","43,657","42,104","4.64M","0.33%"
"05/28/2020","42,311","42,375","42,888","41,264","2.03M","3.02%"
"05/27/2020","41,069","41,500","42,060","38,305","2.13M","-3.05%"
"05/26/2020","42,360","44,300","44,470","42,307","1.70M","-3.28%"
"05/25/2020","43,796","44,085","44,766","43,401","801.06K","-4.34%"
"05/22/2020","45,781","46,222","47,130","44,465","1.93M","2.85%"
"05/21/2020","44,512","47,000","47,500","44,404","1.41M","-8.01%"
"05/20/2020","48,388","50,999","51,504","48,019","1.19M","-4.67%"
"05/19/2020","50,760","48,900","50,814","48,252","1.73M","1.13%"
"05/18/2020","50,195","52,500","53,350","49,104","2.18M","-0.65%"
"05/15/2020","50,522","49,100","51,105","47,960","2.19M","3.54%"
"05/14/2020","48,795","46,832","49,500","46,730","1.97M","4.36%"
"05/13/2020","46,755","46,915","47,949","45,914","1.46M","-2.77%"
"05/12/2020","48,085","47,099","48,681","46,688","1.60M","1.99%"
"05/11/2020","47,146","48,000","49,304","47,146","1.23M","-3.32%"
"05/08/2020","48,764","48,800","49,596","46,643","1.34M","4.25%"
"05/07/2020","46,775","46,866","48,160","45,812","1.55M","-1.77%"
"05/06/2020","47,617","47,900","48,057","46,300","2.04M","4.63%"
"05/05/2020","45,509","47,400","47,797","45,195","1.60M","-4.76%"
"05/04/2020","47,783","47,380","48,361","45,833","2.44M","2.83%"
"04/30/2020","46,470","48,554","48,609","45,620","1.44M","-0.02%"
"04/29/2020","46,477","48,179","48,187","45,846","1.34M","-1.13%"
"04/28/2020","47,010","49,500","49,995","46,702","3.05M","-9.30%"
"04/24/2020","51,828","50,107","52,414","49,436","2.35M","5.41%"
"04/23/2020","49,168","47,501","50,198","46,853","2.75M","6.46%"
"04/22/2020","46,184","43,600","46,399","42,861","1.60M","8.87%"
"04/21/2020","42,420","43,001","45,300","40,196","1.97M","0.72%"
"04/20/2020","42,117","40,899","42,281","40,489","1.07M","2.15%"
"04/17/2020","41,231","41,899","42,200","39,428","1.95M","-3.08%"
"04/16/2020","42,540","43,500","44,659","42,333","2.00M","-1.14%"
"04/15/2020","43,031","43,150","44,499","41,246","2.06M","-4.33%"
"04/14/2020","44,980","40,750","45,343","39,471","2.44M","18.25%"
"04/09/2020","38,039","35,649","39,170","35,101","1.96M","8.13%"
"04/08/2020","35,180","35,400","35,755","34,300","1.23M","-2.91%"
"04/07/2020","36,235","37,000","38,000","35,010","1.62M","1.33%"
"04/06/2020","35,760","35,200","37,058","34,594","1.61M","2.95%"
"04/03/2020","34,736","32,849","34,974","32,246","2.26M","5.20%"
"04/02/2020","33,020","30,761","33,648","29,871","1.55M","11.02%"
"04/01/2020","29,743","29,750","31,278","28,837","1.44M","-6.79%"
"03/31/2020","31,911","32,635","33,117","29,840","2.14M","-5.63%"
"03/30/2020","33,813","33,000","34,924","30,818","2.39M","1.32%"
"03/27/2020","33,374","34,951","35,504","32,422","2.51M","-14.34%"
"03/26/2020","38,959","35,701","41,496","35,596","4.60M","7.59%"
"03/25/2020","36,210","32,300","37,260","31,751","5.03M","14.41%"
"03/24/2020","31,648","29,177","32,839","28,513","4.31M","14.03%"
"03/23/2020","27,754","25,099","29,027","24,000","2.94M","5.25%"
"03/20/2020","26,370","28,170","29,520","26,071","3.70M","2.69%"
"03/19/2020","25,680","26,000","28,600","23,246","4.59M","-10.41%"
"03/18/2020","28,663","29,699","30,640","27,835","3.43M","-5.59%"
"03/17/2020","30,361","28,300","30,424","25,156","3.52M","25.16%"
"03/16/2020","24,257","25,500","25,950","20,979","3.18M","-8.84%"
"03/13/2020","26,610","27,000","28,720","25,869","4.26M","-2.67%"
"03/12/2020","27,340","27,701","29,517","25,688","4.59M","-10.55%"
"03/11/2020","30,566","30,400","31,935","30,217","2.42M","2.65%"
"03/10/2020","29,778","32,800","32,891","29,568","2.58M","-9.49%"
"03/09/2020","32,901","33,550","35,150","31,800","3.07M","-1.68%"
"03/06/2020","33,464","33,349","34,140","32,537","2.48M","1.71%"
"03/05/2020","32,900","32,000","33,153","31,463","1.82M","3.51%"
"03/04/2020","31,783","31,305","32,782","30,902","2.16M","4.38%"
"03/03/2020","30,448","28,752","30,587","28,752","2.49M","7.45%"
"03/02/2020","28,336","29,165","29,423","28,002","2.84M","2.01%"
"02/28/2020","27,777","30,500","30,700","27,500","3.57M","-14.45%"
"02/27/2020","32,468","32,800","33,359","32,402","1.77M","0.89%"
"02/26/2020","32,180","31,800","33,144","31,512","2.83M","-0.86%"
"02/25/2020","32,460","32,800","33,507","31,751","3.02M","-5.36%"
"02/24/2020","34,300","34,350","36,500","33,978","3.03M","1.48%"
"02/21/2020","33,800","31,400","33,800","31,300","1.75M","6.56%"
"02/20/2020","31,719","31,800","32,530","31,400","1.91M","0.95%"
"02/19/2020","31,419","30,600","32,226","30,600","2.94M","5.24%"
"02/18/2020","29,856","29,455","30,487","29,455","1.75M","2.02%"
"02/17/2020","29,266","29,167","29,630","28,983","844.83K","-1.24%"
"02/14/2020","29,633","29,000","29,750","28,999","1.24M","1.91%"
"02/13/2020","29,079","28,909","29,854","28,909","2.28M","2.44%"
"02/12/2020","28,387","27,700","29,092","26,812","2.28M","-0.75%"
"02/11/2020","28,601","29,290","29,320","28,412","1.81M","-2.94%"
"02/10/2020","29,467","28,950","29,958","28,743","1.66M","-0.79%"
"02/07/2020","29,702","28,798","29,900","28,780","1.39M","3.31%"
"02/06/2020","28,750","28,303","29,043","28,168","1.02M","0.35%"
"02/05/2020","28,651","29,148","29,481","28,156","1.07M","-1.18%"
"02/04/2020","28,994","29,789","29,907","28,921","1.23M","-2.40%"
"02/03/2020","29,706","30,000","30,207","29,302","1.14M","-2.21%"
"01/31/2020","30,378","29,412","30,632","29,412","2.26M","2.10%"
"01/30/2020","29,752","29,301","30,159","29,301","1.92M","3.54%"
"01/29/2020","28,736","28,650","29,207","28,308","1.36M","-2.97%"
"01/28/2020","29,615","30,350","30,889","29,585","1.22M","-3.54%"
"01/27/2020","30,702","30,772","31,620","30,381","1.51M","4.63%"
"01/24/2020","29,342","29,000","29,472","28,880","563.59K","-0.51%"
"01/23/2020","29,493","29,407","29,800","28,947","812.45K","0.32%"
"01/22/2020","29,399","29,515","30,044","29,334","850.92K","-0.69%"
"01/21/2020","29,602","30,799","30,959","29,400","1.13M","-2.94%"
"01/20/2020","30,499","29,870","30,600","29,730","783.84K","2.06%"
"01/17/2020","29,883","29,710","30,048","29,443","1.37M","0.86%"
"01/16/2020","29,627","30,098","30,098","29,425","1.19M","-0.19%"
"01/15/2020","29,682","30,220","30,499","29,631","1.03M","0.44%"
"01/14/2020","29,551","29,845","30,100","29,396","1.10M","-4.01%"
"01/13/2020","30,787","30,995","31,326","30,656","789.41K","-0.33%"
"01/10/2020","30,889","30,555","31,075","30,200","1.07M","0.70%"
"01/09/2020","30,675","30,000","30,700","29,775","1.66M","-3.03%"
"01/08/2020","31,635","33,724","33,829","31,512","1.35M","-1.82%"
"01/07/2020","32,220","32,510","32,763","31,353","2.32M","-3.81%"
"01/06/2020","33,496","33,611","34,347","33,219","1.98M","-0.34%"
"01/03/2020","33,610","32,515","33,832","32,417","1.81M","5.78%"
"01/02/2020","31,773","31,400","31,949","31,063","491.77K","0.39%"
"12/31/2019","31,650","31,556","32,005","31,556","211.15K","1.48%"
"12/30/2019","31,188","31,064","31,291","30,592","671.27K","1.01%"
"12/27/2019","30,877","30,700","31,654","30,658","1.02M","2.24%"
"12/24/2019","30,200","29,276","30,389","29,276","416.36K","5.20%"
"12/23/2019","28,706","28,531","29,099","28,327","826.75K","-0.57%"
"12/20/2019","28,871","28,985","29,495","28,713","2.95M","0.08%"
"12/19/2019","28,848","28,449","29,056","28,388","3.39M","3.29%"
"12/18/2019","27,930","28,005","28,491","27,909","1.48M","-0.65%"
"12/17/2019","28,114","28,222","28,656","27,794","1.93M","-1.35%"
"12/13/2019","28,500","29,200","29,200","28,125","2.48M","-5.37%"
"12/12/2019","30,118","30,200","30,970","30,118","2.73M","0.75%"
"12/11/2019","29,893","28,500","29,962","28,335","2.04M","3.66%"
"12/10/2019","28,838","27,567","29,263","27,142","2.11M","4.61%"
"12/09/2019","27,567","27,700","28,082","27,326","1.53M","-0.48%"
"12/06/2019","27,700","28,687","29,176","27,690","1.53M","-3.94%"
"12/05/2019","28,835","28,800","29,413","28,043","1.71M","0.74%"
"12/04/2019","28,624","29,500","29,945","28,624","2.34M","-2.69%"
"12/03/2019","29,414","27,410","29,563","27,243","1.75M","7.19%"
"12/02/2019","27,440","27,498","27,644","27,020","1.67M","0.12%"
"11/29/2019","27,407","27,300","27,502","26,586","1.04M","0.22%"
"11/28/2019","27,346","27,400","27,787","27,107","1.03M","0.79%"
"11/27/2019","27,132","27,500","27,788","26,850","2.05M","1.37%"
"11/26/2019","26,765","27,400","27,728","26,651","3.71M","-3.17%"
"11/25/2019","27,641","27,798","28,119","27,177","2.29M","-2.06%"
"11/22/2019","28,222","28,450","28,450","27,864","1.84M","-1.39%"
"11/21/2019","28,621","29,129","29,129","28,300","1.35M","-1.86%"
"11/20/2019","29,162","29,251","29,895","28,624","1.42M","0.03%"
"11/19/2019","29,154","29,500","29,673","28,796","1.16M","0.04%"
"11/18/2019","29,143","28,900","29,344","28,245","1.27M","-0.14%"
"11/15/2019","29,183","29,295","29,645","29,004","945.16K","-2.44%"
"11/14/2019","29,912","30,050","30,349","29,596","1.26M","0.54%"
"11/13/2019","29,750","28,811","29,750","28,811","1.73M","5.15%"
"11/12/2019","28,294","28,000","28,534","27,455","2.06M","-0.27%"
"11/11/2019","28,372","28,898","29,293","28,193","1.22M","0.25%"
"11/08/2019","28,300","28,399","28,926","27,844","2.38M","-2.34%"
"11/07/2019","28,977","29,848","30,000","28,584","1.63M","-0.88%"
"11/06/2019","29,233","29,349","29,716","28,788","1.85M","0.13%"
"11/05/2019","29,195","30,700","31,121","29,060","2.10M","-7.03%"
"11/04/2019","31,402","32,200","32,300","31,038","742.56K","-3.15%"
"11/01/2019","32,423","33,050","33,566","32,195","1.37M","-1.86%"
"10/31/2019","33,039","31,050","33,211","30,783","2.54M","7.37%"
"10/30/2019","30,770","29,014","30,984","28,728","1.57M","5.38%"
"10/29/2019","29,198","30,320","30,831","28,658","2.18M","-3.68%"
"10/28/2019","30,315","32,600","32,926","30,082","1.82M","-6.86%"
"10/25/2019","32,547","32,551","33,584","32,520","1.58M","1.08%"
"10/24/2019","32,199","31,139","32,340","30,953","1.79M","2.20%"
"10/23/2019","31,507","29,910","31,800","29,910","1.59M","5.53%"
"10/22/2019","29,856","30,050","30,602","29,580","1.46M","-2.96%"
"10/21/2019","30,767","30,680","31,450","30,642","913.01K","0.32%"
"10/18/2019","30,670","30,236","31,798","30,236","1.06M","2.02%"
"10/17/2019","30,063","30,185","30,236","29,299","1.66M","0.15%"
"10/16/2019","30,019","29,340","30,110","29,316","1.73M","2.11%"
"10/15/2019","29,400","29,880","30,250","29,307","929.41K","-2.33%"
"10/14/2019","30,101","29,213","30,276","29,213","1.26M","1.64%"
"10/11/2019","29,614","31,657","32,561","29,378","1.56M","-5.99%"
"10/10/2019","31,500","31,600","32,400","31,255","1.75M","-2.92%"
"10/09/2019","32,449","32,228","32,724","31,379","1.49M","2.83%"
"10/08/2019","31,555","30,777","32,000","30,401","1.57M","1.47%"
"10/07/2019","31,098","30,155","31,157","30,012","1.70M","5.31%"
"10/04/2019","29,530","30,049","30,464","29,347","2.59M","-2.54%"
"10/03/2019","30,300","29,560","30,499","29,045","2.21M","3.06%"
"10/02/2019","29,400","29,000","29,705","28,763","1.75M","-0.19%"
"10/01/2019","29,456","27,599","29,457","27,081","2.10M","3.69%"
"09/30/2019","28,409","28,799","28,799","27,851","2.23M","-1.45%"
"09/27/2019","28,826","29,733","30,395","28,324","1.71M","-6.68%"
"09/26/2019","30,889","30,722","31,515","30,543","1.72M","-1.10%"
"09/25/2019","31,231","31,467","32,002","30,965","1.74M","2.18%"
"09/23/2019","30,564","30,031","30,564","29,720","1.44M","3.18%"
"09/20/2019","29,622","29,061","29,779","28,951","3.32M","2.53%"
"09/19/2019","28,892","28,125","28,934","27,871","3.09M","-0.18%"
"09/18/2019","28,945","28,923","29,504","28,381","1.52M","-0.36%"
"09/17/2019","29,050","28,000","29,313","27,847","2.05M","3.21%"
"09/16/2019","28,147","28,800","29,819","27,700","3.07M","0.79%"
"09/13/2019","27,925","28,905","29,088","27,598","1.81M","-8.38%"
"09/12/2019","30,479","29,455","31,346","29,301","3.02M","1.27%"
"09/11/2019","30,098","29,275","30,196","28,770","1.73M","0.88%"
"09/10/2019","29,834","30,000","30,099","29,351","1.62M","-1.68%"
"09/09/2019","30,345","31,125","31,578","30,337","2.09M","-4.84%"
"09/06/2019","31,890","32,000","32,605","31,513","2.03M","-1.99%"
"09/05/2019","32,538","33,491","34,178","32,168","1.82M","-2.85%"
"09/04/2019","33,491","34,150","34,178","33,188","1.65M","-5.09%"
"09/03/2019","35,288","34,600","35,288","34,356","1.30M","2.61%"
"09/02/2019","34,390","34,500","34,706","34,066","583.20K","-0.65%"
"08/30/2019","34,614","34,530","34,724","33,575","2.27M","0.47%"
"08/29/2019","34,452","36,549","36,722","34,441","2.55M","-3.38%"
"08/28/2019","35,657","35,599","36,702","35,147","1.82M","2.44%"
"08/27/2019","34,808","34,675","35,090","34,333","2.50M","0.32%"
"08/26/2019","34,697","34,652","34,998","34,121","1.82M","3.12%"
"08/23/2019","33,646","32,501","33,800","32,187","2.15M","2.05%"
"08/22/2019","32,971","32,705","33,263","32,284","1.74M","0.83%"
"08/21/2019","32,700","32,725","32,931","32,166","1.61M","0.15%"
"08/20/2019","32,650","31,574","32,650","30,887","2.16M","3.69%"
"08/19/2019","31,489","31,595","31,864","30,799","2.83M","-0.15%"
"08/16/2019","31,536","31,132","31,905","30,453","3.39M","1.40%"
"08/15/2019","31,102","30,726","31,646","30,107","3.45M","0.33%"
"08/14/2019","31,000","29,200","31,089","28,993","2.96M","5.97%"
"08/13/2019","29,254","31,749","31,789","28,519","2.97M","-7.89%"
"08/12/2019","31,761","30,434","32,220","30,430","2.90M","5.00%"
"08/08/2019","30,248","31,002","32,200","30,248","2.30M","-5.48%"
"08/07/2019","32,001","31,456","33,063","31,456","2.84M","4.78%"
"08/06/2019","30,540","29,542","30,741","29,499","2.15M","2.14%"
"08/05/2019","29,901","29,430","30,038","29,149","2.50M","5.85%"
"08/02/2019","28,248","27,004","28,577","26,515","2.54M","7.35%"
"08/01/2019","26,314","24,400","26,314","23,922","2.67M","3.67%"
"07/31/2019","25,382","26,600","26,742","24,749","2.93M","-5.37%"
"07/30/2019","26,821","26,900","27,249","26,662","1.18M","0.33%"
"07/29/2019","26,732","26,444","26,732","26,211","784.00K","1.19%"
"07/26/2019","26,418","26,401","26,907","26,262","1.37M","-0.60%"
"07/25/2019","26,577","26,201","27,077","26,199","1.63M","0.48%"
"07/24/2019","26,450","26,137","26,642","26,022","1.18M","-0.29%"
"07/23/2019","26,526","26,127","26,628","25,754","1.69M","-0.77%"
"07/22/2019","26,732","26,505","27,050","26,425","1.51M","0.03%"
"07/19/2019","26,724","26,855","27,199","26,600","3.08M","1.88%"
"07/18/2019","26,232","25,760","26,500","25,619","3.17M","3.41%"
"07/17/2019","25,366","25,050","25,389","24,855","971.95K","0.27%"
"07/16/2019","25,297","25,291","25,426","24,903","973.03K","-0.10%"
"07/15/2019","25,323","25,350","25,732","25,072","974.67K","0.31%"
"07/12/2019","25,244","25,301","25,481","24,892","645.68K","-0.45%"
"07/11/2019","25,359","25,800","26,135","25,255","1.43M","-0.86%"
"07/10/2019","25,580","25,099","25,985","25,061","1.46M","1.93%"
"07/09/2019","25,096","25,705","25,998","24,922","1.63M","-1.15%"
"07/08/2019","25,388","25,200","25,814","25,151","1.32M","2.61%"
"07/05/2019","24,743","25,030","25,468","24,100","1.67M","-1.46%"
"07/04/2019","25,110","24,800","25,110","24,407","692.86K","0.44%"
"07/03/2019","25,000","25,525","25,972","24,802","1.97M","2.07%"
"07/02/2019","24,494","23,900","24,790","23,775","1.24M","3.44%"
"07/01/2019","23,679","24,500","24,500","23,252","2.11M","-6.78%"
"06/28/2019","25,401","25,606","25,606","24,860","1.13M","0.30%"
"06/27/2019","25,324","24,890","25,380","24,577","1.36M","2.60%"
"06/26/2019","24,683","24,399","24,927","24,120","2.08M","-0.99%"
"06/25/2019","24,931","25,780","25,927","24,767","1.69M","-0.49%"
"06/24/2019","25,055","24,441","25,281","24,441","2.12M","3.54%"
"06/21/2019","24,199","24,510","24,803","24,068","3.25M","0.00%"
"06/20/2019","24,199","23,800","24,251","23,761","5.08M","7.47%"
"06/19/2019","22,516","22,720","22,933","22,303","1.71M","0.13%"
"06/18/2019","22,486","23,800","23,938","22,455","2.31M","-5.40%"
"06/14/2019","23,770","23,700","24,041","23,468","2.99M","3.68%"
"06/13/2019","22,926","22,761","23,150","22,725","1.64M","1.76%"
"06/12/2019","22,530","21,540","22,714","21,540","2.47M","6.11%"
"06/11/2019","21,232","21,299","21,415","20,942","1.20M","-0.18%"
"06/10/2019","21,270","21,780","21,883","21,007","2.02M","-4.67%"
"06/07/2019","22,311","21,706","22,700","21,706","1.98M","1.29%"
"06/06/2019","22,026","21,550","22,199","21,501","1.34M","1.41%"
"06/05/2019","21,720","21,200","22,050","21,192","2.04M","4.22%"
"06/04/2019","20,840","20,315","21,167","20,301","2.45M","3.32%"
"06/03/2019","20,170","19,503","20,300","19,503","2.62M","3.61%"
"05/31/2019","19,468","18,240","19,468","18,240","3.30M","8.27%"
"05/30/2019","17,981","17,480","17,981","17,480","1.01M","2.93%"
"05/29/2019","17,470","17,642","17,800","17,297","1.31M","1.68%"
"05/28/2019","17,182","16,351","17,226","16,351","2.91M","4.31%"
"05/27/2019","16,472","16,825","16,885","16,245","577.04K","-0.78%"
"05/24/2019","16,601","17,127","17,150","16,601","1.05M","-3.11%"
"05/23/2019","17,134","16,805","17,200","16,679","1.07M","1.00%"
"05/22/2019","16,964","16,995","17,199","16,819","826.90K","1.11%"
"05/21/2019","16,778","16,590","16,962","16,568","1.27M","0.75%"
"05/20/2019","16,653","16,514","16,861","16,485","952.23K","1.88%"
"05/17/2019","16,346","16,238","16,543","16,160","939.12K","0.15%"
"05/16/2019","16,322","16,790","16,907","16,322","2.07M","-3.57%"
"05/15/2019","16,927","16,757","17,040","16,542","1.40M","2.13%"
"05/14/2019","16,574","16,906","17,169","16,571","1.51M","-0.78%"
"05/13/2019","16,705","16,215","16,865","16,001","1.78M","1.96%"
"05/10/2019","16,384","16,789","16,870","16,384","1.34M","-2.90%"
"05/09/2019","16,874","17,150","17,684","16,793","1.72M","-1.44%"
"05/07/2019","17,121","16,611","17,150","16,611","1.18M","1.89%"
"05/06/2019","16,804","16,956","16,956","16,402","1.32M","0.26%"
"05/03/2019","16,760","16,716","17,073","16,635","1.22M","0.78%"
"05/02/2019","16,631","16,781","16,946","16,611","1.62M","-3.48%"
"04/30/2019","17,231","17,200","17,335","17,006","1.74M","0.18%"
"04/29/2019","17,200","17,556","17,850","17,161","1.72M","-4.17%"
"04/26/2019","17,948","17,994","18,076","17,663","979.87K","-0.98%"
"04/25/2019","18,125","18,100","18,277","17,898","1.01M","0.42%"
"04/24/2019","18,050","17,737","18,050","17,511","709.58K","0.46%"
"04/23/2019","17,968","18,090","18,095","17,685","980.27K","-2.27%"
"04/18/2019","18,385","17,926","18,433","17,926","521.88K","1.94%"
"04/17/2019","18,036","18,500","18,681","17,900","1.06M","-3.23%"
"04/16/2019","18,638","18,349","18,638","18,235","1.57M","3.18%"
"04/15/2019","18,063","17,980","18,098","17,688","945.18K","-0.78%"
"04/12/2019","18,205","18,425","18,690","18,136","470.89K","-1.55%"
"04/11/2019","18,492","18,831","18,831","18,408","1.55M","-3.55%"
"04/10/2019","19,172","19,528","19,696","19,014","995.55K","-1.76%"
"04/09/2019","19,515","19,299","19,637","19,139","948.58K","0.87%"
"04/08/2019","19,346","18,900","19,346","18,900","827.88K","3.55%"
"04/05/2019","18,683","18,689","18,950","18,579","820.73K","1.56%"
"04/04/2019","18,396","18,670","18,858","18,295","1.01M","-1.48%"
"04/03/2019","18,673","18,479","18,675","18,212","1.21M","1.67%"
"04/02/2019","18,367","18,202","18,608","17,970","1.78M","-0.35%"
"04/01/2019","18,431","18,733","18,936","18,377","822.63K","-3.80%"
"03/29/2019","19,159","18,700","19,373","18,670","1.25M","-0.73%"
"03/28/2019","19,300","19,960","20,212","19,240","975.13K","-5.65%"
"03/27/2019","20,456","20,500","20,873","20,259","876.34K","-0.38%"
"03/26/2019","20,533","20,638","20,978","20,391","803.66K","-1.03%"
"03/25/2019","20,746","20,935","21,169","20,222","1.10M","0.79%"
"03/22/2019","20,583","19,985","20,803","19,879","1.94M","6.75%"
"03/20/2019","19,282","19,454","19,506","19,149","1.84M","-0.89%"
"03/19/2019","19,455","19,545","20,273","19,376","2.20M","-2.29%"
"03/18/2019","19,910","19,698","20,233","19,661","1.35M","0.60%"
"03/15/2019","19,792","19,299","19,792","19,151","8.95M","4.27%"
"03/14/2019","18,981","18,720","19,011","18,522","1.14M","0.99%"
"03/13/2019","18,795","18,461","18,924","18,461","1.45M","2.17%"
"03/12/2019","18,395","18,550","18,781","18,283","1.22M","0.61%"
"03/11/2019","18,283","19,302","19,445","18,197","1.24M","-4.77%"
"03/08/2019","19,198","19,000","19,508","19,000","919.60K","3.48%"
"03/07/2019","18,552","18,650","18,708","18,276","988.15K","-2.73%"
"03/06/2019","19,072","18,889","19,096","18,617","888.53K","2.16%"
"03/05/2019","18,668","18,801","18,972","18,527","1.33M","0.34%"
"03/04/2019","18,605","19,414","19,473","18,605","1.49M","-6.67%"
"03/01/2019","19,935","20,000","20,148","19,607","958.30K","-1.32%"
"02/28/2019","20,201","20,305","20,699","20,158","1.36M","-0.49%"
"02/27/2019","20,301","20,094","20,518","20,057","1.02M","1.03%"
"02/26/2019","20,094","20,106","20,317","19,888","1.36M","-0.05%"
"02/25/2019","20,105","20,725","20,950","20,074","1.71M","-2.91%"
"02/22/2019","20,707","21,163","21,384","20,656","1.55M","-3.02%"
"02/21/2019","21,351","21,755","22,007","21,351","2.30M","-3.39%"
"02/20/2019","22,100","20,565","22,287","20,555","3.63M","11.18%"
"02/19/2019","19,878","19,780","19,935","19,234","960.93K","1.00%"
"02/18/2019","19,681","19,100","19,741","19,067","697.04K","2.03%"
"02/15/2019","19,290","19,200","19,496","19,147","981.92K","1.32%"
"02/14/2019","19,038","18,813","19,153","18,581","1.41M","2.62%"
"02/13/2019","18,552","18,440","18,632","18,255","759.05K","0.42%"
"02/12/2019","18,475","18,259","18,589","18,259","842.42K","1.70%"
"02/11/2019","18,166","18,129","18,300","17,978","1.17M","-0.73%"
"02/08/2019","18,300","18,450","18,820","17,955","1.69M","-1.67%"
"02/07/2019","18,610","18,200","18,625","18,044","979.40K","1.48%"
"02/06/2019","18,339","18,299","18,538","17,979","1.18M","0.55%"
"02/05/2019","18,239","18,120","18,372","17,887","856.17K","1.14%"
"02/04/2019","18,034","19,099","19,099","17,202","1.48M","-5.08%"
"02/01/2019","18,999","18,855","19,163","18,600","1.15M","1.61%"
"01/31/2019","18,698","18,599","19,034","18,558","1.91M","-0.95%"
"01/30/2019","18,878","18,698","19,069","18,636","1.46M","2.06%"
"01/29/2019","18,497","18,600","19,068","18,437","2.04M","0.30%"
"01/28/2019","18,441","18,001","18,441","17,901","1.07M","2.71%"
"01/25/2019","17,955","17,499","17,955","17,480","1.14M","2.06%"
"01/24/2019","17,592","17,191","17,594","17,191","1.09M","2.04%"
"01/23/2019","17,240","17,028","17,382","17,020","1.54M","1.41%"
"01/22/2019","17,000","16,700","17,180","16,699","1.16M","2.40%"
"01/21/2019","16,602","16,754","17,009","16,400","844.45K","-2.12%"
"01/18/2019","16,961","17,320","17,548","16,805","929.42K","-3.54%"
"01/17/2019","17,584","17,099","17,595","17,016","826.99K","2.85%"
"01/16/2019","17,096","17,101","17,206","16,962","1.23M","-1.42%"
"01/15/2019","17,342","17,286","17,387","17,072","973.83K","-2.02%"
"01/14/2019","17,700","17,668","18,100","17,567","1.36M","-0.47%"
"01/11/2019","17,783","17,580","17,942","17,580","1.31M","0.33%"
"01/10/2019","17,725","18,000","18,430","17,685","1.15M","0.42%"
"01/09/2019","17,650","17,372","17,770","17,285","1.24M","2.96%"
"01/08/2019","17,142","17,660","17,703","17,057","1.28M","-5.29%"
"01/07/2019","18,099","18,050","18,410","17,940","1.16M","-0.92%"
"01/04/2019","18,267","19,030","19,137","18,200","2.02M","-4.01%"
"01/03/2019","19,030","18,618","19,070","18,598","2.00M","4.35%"
"01/02/2019","18,236","18,200","18,521","17,960","702.43K","0.34%"
"12/31/2018","18,175","18,091","18,358","17,876","377.87K","0.50%"
"12/28/2018","18,084","18,250","18,475","17,976","942.89K","-1.02%"
"12/27/2018","18,270","18,349","18,711","18,025","728.37K","-0.71%"
"12/24/2018","18,400","17,678","18,475","17,678","184.04K","4.41%"
"12/21/2018","17,622","17,810","18,011","17,548","3.06M","-2.05%"
"12/20/2018","17,990","17,426","18,187","17,383","2.85M","0.24%"
"12/19/2018","17,947","17,806","18,034","17,600","1.80M","1.98%"
"12/18/2018","17,599","17,350","17,679","17,260","2.29M","3.03%"
"12/14/2018","17,082","17,000","17,230","16,929","1.94M","0.02%"
"12/13/2018","17,078","16,700","17,078","16,608","1.94M","2.04%"
"12/12/2018","16,736","16,400","16,807","16,165","1.85M","1.74%"
"12/11/2018","16,450","16,098","16,598","15,970","2.43M","1.83%"
"12/10/2018","16,154","15,747","16,527","15,747","1.88M","5.29%"
"12/07/2018","15,342","15,380","15,635","15,178","1.02M","-0.34%"
"12/06/2018","15,395","14,743","15,604","14,650","1.92M","4.40%"
"12/05/2018","14,746","14,435","14,746","14,251","670.96K","2.12%"
"12/04/2018","14,440","13,981","14,521","13,981","877.94K","3.39%"
"12/03/2018","13,966","13,784","14,209","13,783","1.28M","0.38%"
"11/30/2018","13,913","14,050","14,050","13,773","2.09M","-0.98%"
"11/29/2018","14,051","14,081","14,268","14,000","880.88K","0.76%"
"11/28/2018","13,945","13,985","13,985","13,630","880.88K","-0.06%"
"11/27/2018","13,953","14,140","14,154","13,718","958.95K","-1.46%"
"11/26/2018","14,160","14,199","14,336","14,058","1.12M","-0.74%"
"11/23/2018","14,266","14,211","14,369","14,151","907.28K","-0.59%"
"11/22/2018","14,350","14,300","14,454","14,197","900.02K","1.27%"
"11/21/2018","14,170","14,000","14,246","13,881","1.63M","0.45%"
"11/20/2018","14,106","13,861","14,303","13,821","956.70K","1.41%"
"11/19/2018","13,910","13,800","14,155","13,743","1.27M","1.22%"
"11/16/2018","13,743","13,889","14,035","13,671","1.03M","-0.97%"
"11/15/2018","13,878","13,688","14,001","13,627","899.64K","2.55%"
"11/14/2018","13,533","13,509","13,712","13,404","1.15M","0.18%"
"11/13/2018","13,509","13,728","13,821","13,501","562.71K","-0.95%"
"11/12/2018","13,638","13,782","13,943","13,550","791.24K","-1.04%"
"11/09/2018","13,782","14,043","14,186","13,757","954.29K","-1.86%"
"11/08/2018","14,043","13,990","14,199","13,782","1.06M","0.32%"
"11/07/2018","13,998","14,098","14,487","13,900","825.93K","-2.50%"
"11/06/2018","14,357","14,726","15,084","14,357","1.91M","-2.11%"
"11/05/2018","14,667","14,598","15,420","14,379","1.33M","3.99%"
"11/02/2018","14,104","14,101","14,489","13,950","1.40M","0.51%"
"11/01/2018","14,033","14,140","14,223","13,941","1.09M","-1.74%"
"10/31/2018","14,281","14,198","14,585","14,129","1.03M","0.43%"
"10/30/2018","14,220","14,203","14,447","14,056","611.67K","0.12%"
"10/29/2018","14,203","14,379","14,517","14,000","1.01M","-2.77%"
"10/26/2018","14,607","14,480","14,760","14,316","1.85M","-0.09%"
"10/25/2018","14,620","14,566","14,960","14,400","3.39M","1.60%"
"10/24/2018","14,390","14,350","14,524","14,024","1.11M","-1.27%"
"10/23/2018","14,575","14,279","15,085","14,228","2.60M","4.53%"
"10/22/2018","13,944","14,109","14,210","13,724","1.41M","-1.25%"
"10/19/2018","14,120","14,160","14,458","13,915","875.12K","0.11%"
"10/18/2018","14,105","13,795","14,167","13,705","1.23M","1.34%"
"10/17/2018","13,919","14,050","14,127","13,771","1.42M","-2.70%"
"10/16/2018","14,305","14,494","14,560","13,971","2.18M","-2.39%"
"10/15/2018","14,655","14,000","14,773","14,000","2.74M","7.20%"
"10/12/2018","13,671","13,700","14,226","13,492","3.22M","-0.12%"
"10/11/2018","13,688","12,680","13,718","12,677","2.44M","9.18%"
"10/10/2018","12,537","12,485","12,538","12,201","704.26K","-0.02%"
"10/09/2018","12,539","12,373","12,567","12,271","595.74K","3.05%"
"10/08/2018","12,168","12,401","12,442","12,073","915.81K","-2.05%"
"10/05/2018","12,423","12,427","12,510","12,226","545.02K","-0.42%"
"10/04/2018","12,475","12,446","12,569","12,259","1.05M","-0.03%"
"10/03/2018","12,479","12,562","12,680","12,348","714.47K","-0.66%"
"10/02/2018","12,562","12,100","12,652","11,900","859.85K","4.05%"
"10/01/2018","12,073","12,130","12,222","11,909","558.79K","-1.36%"
"09/28/2018","12,240","11,880","12,351","11,880","1.04M","1.41%"
"09/27/2018","12,070","12,425","12,651","11,997","942.78K","-2.94%"
"09/26/2018","12,435","12,725","12,725","12,350","1.22M","-2.95%"
"09/25/2018","12,813","12,483","12,851","12,280","1.87M","2.64%"
"09/21/2018","12,483","12,543","12,590","12,346","1.49M","-0.08%"
"09/20/2018","12,493","12,620","12,651","12,349","3.00M","-1.25%"
"09/19/2018","12,651","12,461","12,696","12,157","924.72K","1.97%"
"09/18/2018","12,406","12,250","12,406","11,750","1.03M","0.66%"
"09/17/2018","12,325","11,870","12,340","11,603","1.19M","4.07%"
"09/14/2018","11,843","11,625","11,860","11,625","725.02K","0.69%"
"09/13/2018","11,762","11,790","11,838","11,594","1.05M","0.12%"
"09/12/2018","11,748","11,750","11,750","11,426","1.23M","1.67%"
"09/11/2018","11,555","11,800","11,800","11,308","1.12M","-2.28%"
"09/10/2018","11,825","11,758","11,949","11,739","854.12K","0.37%"
"09/07/2018","11,781","11,874","11,920","11,622","858.65K","-0.40%"
"09/06/2018","11,828","11,801","11,900","11,674","1.35M","1.22%"
"09/05/2018","11,686","11,902","11,939","11,650","1.96M","-1.43%"
"09/04/2018","11,855","11,650","11,906","11,650","754.95K","0.51%"
"09/03/2018","11,795","11,670","11,859","11,584","456.54K","0.04%"
"08/31/2018","11,790","11,588","11,808","11,564","937.35K","3.01%"
"08/30/2018","11,446","11,498","11,700","11,324","1.01M","-0.84%"
"08/29/2018","11,543","11,312","11,543","11,270","984.47K","2.38%"
"08/28/2018","11,275","11,389","11,549","11,171","925.22K","-0.68%"
"08/27/2018","11,352","11,099","11,358","11,099","1.03M","2.58%"
"08/24/2018","11,066","10,928","11,098","10,865","1.02M","1.24%"
"08/23/2018","10,931","10,889","10,978","10,800","888.50K","0.57%"
"08/22/2018","10,869","10,735","10,938","10,735","804.43K","0.65%"
"08/21/2018","10,799","10,800","10,844","10,562","1.40M","2.21%"
"08/20/2018","10,565","10,940","10,991","10,565","599.54K","-1.90%"
"08/17/2018","10,770","10,690","10,972","10,631","1.03M","0.05%"
"08/16/2018","10,765","10,931","11,142","10,745","1.26M","-1.52%"
"08/15/2018","10,931","11,599","11,699","10,931","1.43M","-7.52%"
"08/14/2018","11,820","11,862","12,062","11,613","728.46K","-1.29%"
"08/13/2018","11,975","12,135","12,268","11,904","871.57K","-0.61%"
"08/10/2018","12,048","11,638","12,048","11,535","850.07K","6.00%"
"08/08/2018","11,366","11,304","11,525","11,231","887.99K","-0.07%"
"08/07/2018","11,374","11,411","11,522","11,304","1.05M","-0.31%"
"08/06/2018","11,409","11,610","11,613","11,334","921.16K","-2.36%"
"08/03/2018","11,685","11,650","11,706","11,480","988.80K","-0.09%"
"08/02/2018","11,696","11,486","11,759","10,875","913.85K","1.40%"
"08/01/2018","11,535","11,643","11,790","11,324","1.26M","0.34%"
"07/31/2018","11,496","11,414","11,591","11,345","903.33K","0.40%"
"07/30/2018","11,450","11,150","11,456","11,146","1.75M","3.07%"
"07/27/2018","11,109","11,080","11,223","11,051","917.88K","-0.56%"
"07/26/2018","11,172","10,860","11,200","10,777","1.47M","2.97%"
"07/25/2018","10,850","10,851","10,910","10,722","1.23M","1.85%"
"07/24/2018","10,653","10,636","10,806","10,580","1.67M","-0.44%"
"07/23/2018","10,700","10,729","10,831","10,677","1.81M","0.00%"
"07/20/2018","10,700","10,800","10,995","10,679","2.33M","-0.50%"
"07/19/2018","10,754","10,910","10,933","10,681","1.94M","-0.88%"
"07/18/2018","10,850","11,195","11,195","10,850","1.72M","-1.96%"
"07/17/2018","11,067","11,200","11,370","11,034","1.38M","0.63%"
"07/16/2018","10,998","11,231","11,231","10,959","472.02K","-2.34%"
"07/13/2018","11,262","11,428","11,563","11,113","658.79K","-2.34%"
"07/12/2018","11,532","11,568","11,734","11,445","596.45K","-0.86%"
"07/11/2018","11,632","11,757","11,780","11,505","777.55K","-1.35%"
"07/10/2018","11,791","11,612","11,869","11,566","906.67K","0.63%"
"07/09/2018","11,717","11,775","11,940","11,634","1.08M","0.09%"
"07/06/2018","11,706","11,501","11,706","11,378","938.10K","0.31%"
"07/05/2018","11,670","11,785","11,965","11,607","1.16M","-1.32%"
"07/04/2018","11,826","11,580","12,031","11,481","1.19M","2.37%"
"07/03/2018","11,552","11,300","11,614","11,243","891.35K","2.34%"
"07/02/2018","11,288","11,200","11,410","11,160","779.75K","0.68%"
"06/29/2018","11,212","10,761","11,218","10,740","1.08M","3.99%"
"06/28/2018","10,782","10,970","11,000","10,295","2.10M","-1.71%"
"06/27/2018","10,970","10,931","11,076","10,670","2.13M","1.69%"
"06/26/2018","10,788","11,102","11,187","10,770","2.04M","-3.08%"
"06/25/2018","11,131","11,066","11,188","10,953","946.54K","0.35%"
"06/22/2018","11,092","11,147","11,220","10,960","749.07K","-0.15%"
"06/21/2018","11,109","10,760","11,152","10,760","2.59M","-0.03%"
"06/20/2018","11,112","10,975","11,188","10,887","1.34M","1.02%"
"06/19/2018","11,000","11,206","11,249","10,920","1.55M","-0.90%"
"06/18/2018","11,100","10,928","11,193","10,701","1.59M","1.57%"
"06/15/2018","10,928","11,530","11,570","10,889","2.67M","-5.25%"
"06/14/2018","11,533","11,410","11,643","11,320","1.59M","1.88%"
"06/13/2018","11,320","11,210","11,395","11,152","1.22M","0.52%"
"06/12/2018","11,262","11,194","11,310","11,044","1.21M","0.37%"
"06/11/2018","11,220","11,050","11,331","10,469","2.53M","0.79%"
"06/08/2018","11,132","11,065","11,200","11,044","1.62M","1.00%"
"06/07/2018","11,022","10,911","11,088","10,833","1.12M","-0.35%"
"06/06/2018","11,061","11,162","11,171","10,832","1.10M","1.28%"
"06/05/2018","10,921","10,800","10,927","10,589","1.44M","1.09%"
"06/04/2018","10,803","10,839","10,979","10,690","783.81K","-1.11%"
"06/01/2018","10,924","10,797","10,931","10,701","921.34K","1.17%"
"05/31/2018","10,798","10,705","10,864","10,592","1.88M","1.90%"
"05/30/2018","10,597","10,540","10,721","10,329","1.58M","-0.67%"
"05/29/2018","10,669","10,340","10,677","10,191","1.52M","4.60%"
"05/28/2018","10,200","10,389","10,409","10,092","797.30K","-1.18%"
"05/25/2018","10,322","10,460","10,583","10,231","1.36M","-0.60%"
"05/24/2018","10,384","10,200","10,384","10,035","1.62M","3.62%"
"05/23/2018","10,021","10,294","10,393","10,021","1.43M","-2.00%"
"05/22/2018","10,225","10,355","10,390","10,145","1.07M","-1.28%"
"05/21/2018","10,358","10,350","10,496","10,294","1.32M","-0.78%"
"05/18/2018","10,439","10,471","10,503","10,349","1.33M","-0.48%"
"05/17/2018","10,489","10,600","10,691","10,473","993.52K","-1.02%"
"05/16/2018","10,597","10,862","10,927","10,577","953.10K","-2.28%"
"05/15/2018","10,844","10,955","11,066","10,737","1.52M","-1.69%"
"05/14/2018","11,030","10,900","11,161","10,900","521.51K","-1.51%"
"05/11/2018","11,199","11,067","11,264","10,972","875.73K","1.49%"
"05/10/2018","11,035","11,309","11,419","10,948","1.39M","-2.47%"
"05/09/2018","11,314","11,000","11,475","11,000","2.21M","3.65%"
"05/08/2018","10,916","10,972","11,187","10,893","2.08M","0.15%"
"05/07/2018","10,900","11,100","11,218","10,900","1.56M","-2.24%"
"05/04/2018","11,150","11,253","11,326","10,982","1.17M","-3.04%"
"05/03/2018","11,500","11,401","11,805","11,401","1.48M","-1.94%"
"05/02/2018","11,727","11,401","11,810","11,386","1.55M","4.38%"
"04/30/2018","11,235","11,087","11,483","11,087","907.20K","-0.04%"
"04/26/2018","11,239","11,285","11,388","11,142","637.99K","0.47%"
"04/25/2018","11,186","11,192","11,376","11,038","574.10K","-0.29%"
"04/24/2018","11,218","11,180","11,394","11,097","984.40K","1.06%"
"04/23/2018","11,100","11,037","11,189","10,926","569.56K","0.91%"
"04/20/2018","11,000","11,000","11,178","10,821","646.83K","-0.68%"
"04/19/2018","11,075","10,910","11,345","10,910","1.12M","-0.49%"
"04/18/2018","11,130","10,841","11,238","10,793","1.29M","3.24%"
"04/17/2018","10,781","10,945","11,156","10,535","1.97M","-3.44%"
"04/16/2018","11,165","11,450","11,450","10,836","638.88K","-1.50%"
"04/13/2018","11,335","11,034","11,362","11,029","716.68K","1.89%"
"04/12/2018","11,125","11,315","11,401","11,068","968.25K","-4.01%"
"04/11/2018","11,590","11,200","11,709","11,170","1.76M","4.08%"
"04/10/2018","11,136","11,143","11,250","11,040","822.03K","-0.62%"
"04/09/2018","11,205","11,109","11,374","11,050","1.21M","0.09%"
"04/06/2018","11,195","11,000","11,255","10,784","990.85K","2.32%"
"04/05/2018","10,941","10,955","11,017","10,791","996.89K","-1.21%"
"04/04/2018","11,075","11,129","11,277","11,005","1.49M","-0.81%"
"04/03/2018","11,165","11,426","11,471","11,165","1.04M","-0.77%"
"03/29/2018","11,252","11,100","11,335","10,980","1.36M","0.88%"
"03/28/2018","11,154","11,020","11,313","11,017","1.25M","0.20%"
"03/27/2018","11,132","11,489","11,546","11,027","1.69M","-2.08%"
"03/26/2018","11,368","11,370","11,400","11,051","1.50M","-1.16%"
"03/23/2018","11,501","11,089","11,534","10,910","2.02M","5.67%"
"03/22/2018","10,884","10,995","11,109","10,650","1.40M","2.52%"
"03/20/2018","10,616","10,700","10,973","10,517","1.07M","-0.73%"
"03/19/2018","10,694","10,635","10,950","10,635","1.17M","0.53%"
"03/16/2018","10,638","10,880","11,108","10,638","5.84M","-1.70%"
"03/15/2018","10,822","10,982","11,126","10,822","2.43M","-1.75%"
"03/14/2018","11,015","10,925","11,093","10,787","1.30M","-0.09%"
"03/13/2018","11,025","11,201","11,299","10,964","1.38M","-2.52%"
"03/12/2018","11,310","11,510","11,560","11,196","1.13M","-1.59%"
"03/09/2018","11,493","11,375","11,493","11,328","792.94K","0.82%"
"03/08/2018","11,400","11,500","11,559","11,318","1.11M","-1.03%"
"03/07/2018","11,519","11,495","11,550","11,210","1.27M","0.21%"
"03/06/2018","11,495","11,140","11,500","11,070","1.29M","3.19%"
"03/05/2018","11,140","11,300","11,323","11,056","1.06M","0.17%"
"03/02/2018","11,121","11,000","11,253","10,805","2.03M","3.78%"
"03/01/2018","10,716","10,800","11,075","10,716","1.31M","-0.94%"
"02/28/2018","10,818","10,889","11,046","10,720","1.89M","-2.55%"
"02/27/2018","11,101","11,349","11,349","11,010","1.82M","-1.76%"
"02/26/2018","11,300","11,401","11,550","11,257","1.74M","0.29%"
"02/23/2018","11,267","11,530","11,583","11,232","1.15M","-1.69%"
"02/22/2018","11,461","11,500","11,571","11,338","1.26M","-1.02%"
"02/21/2018","11,579","11,600","11,600","11,317","1.58M","-0.39%"
"02/20/2018","11,624","12,080","12,139","11,455","1.68M","-3.77%"
"02/19/2018","12,080","12,260","12,272","12,000","875.00K","-2.74%"
"02/16/2018","12,420","12,400","12,480","12,196","895.62K","0.61%"
"02/15/2018","12,345","12,500","12,713","12,150","1.63M","-0.02%"
"02/14/2018","12,348","12,245","12,404","12,004","1.06M","0.84%"
"02/13/2018","12,245","12,001","12,327","12,001","878.70K","4.29%"
"02/12/2018","11,741","11,798","11,897","11,602","935.45K","-1.73%"
"02/09/2018","11,948","12,160","12,180","11,761","1.12M","-1.38%"
"02/08/2018","12,115","12,400","12,410","11,928","1.36M","-2.73%"
"02/07/2018","12,455","12,500","12,537","12,301","940.25K","-0.88%"
"02/06/2018","12,565","12,800","12,993","12,560","1.83M","-2.02%"
"02/05/2018","12,824","12,800","13,000","12,596","1.62M","-1.13%"
"02/02/2018","12,971","13,300","13,397","12,877","1.10M","-2.30%"
"02/01/2018","13,276","13,156","13,400","12,946","1.24M","0.80%"
"01/31/2018","13,170","13,199","13,295","12,780","1.28M","-0.60%"
"01/30/2018","13,250","13,400","13,480","12,725","1.68M","-4.23%"
"01/29/2018","13,835","13,899","13,900","13,668","825.49K","-0.17%"
"01/26/2018","13,858","13,930","14,140","13,617","1.05M","-1.05%"
"01/25/2018","14,005","13,900","14,041","13,814","1.24M","0.73%"
"01/24/2018","13,903","13,480","13,903","13,310","1.09M","6.11%"
"01/23/2018","13,103","13,385","13,385","13,050","731.56K","-0.47%"
"01/22/2018","13,165","13,170","13,330","12,851","699.75K","-1.58%"
"01/19/2018","13,377","13,102","13,377","13,102","738.84K","-0.87%"
"01/18/2018","13,495","13,439","13,498","13,237","764.28K","-0.30%"
"01/17/2018","13,535","13,450","13,609","13,387","1.06M","0.63%"
"01/16/2018","13,450","13,720","13,948","13,450","965.63K","-3.86%"
"01/15/2018","13,990","13,721","14,000","13,675","905.03K","4.40%"
"01/12/2018","13,400","13,400","13,548","13,259","662.36K","0.30%"
"01/11/2018","13,360","13,350","13,474","13,193","621.98K","0.07%"
"01/10/2018","13,350","12,834","13,361","12,709","1.03M","3.62%"
"01/09/2018","12,883","13,143","13,143","12,603","902.41K","-2.34%"
"01/08/2018","13,192","12,986","13,276","12,891","524.47K","1.16%"
"01/05/2018","13,041","12,815","13,085","12,815","538.24K","1.80%"
"01/04/2018","12,810","12,850","12,994","12,000","1.09M","-2.60%"
"01/03/2018","13,152","12,905","13,344","12,845","1.37M","2.33%"
"01/02/2018","12,853","12,850","13,014","12,635","915.19K","-0.07%"
"12/29/2017","12,862","12,650","12,862","12,463","342.09K","1.59%"
"12/28/2017","12,661","12,600","12,825","12,350","802.43K","0.53%"
"12/27/2017","12,594","12,357","12,708","12,312","813.14K","3.65%"
"12/22/2017","12,150","12,084","12,295","12,030","342.95K","0.91%"
"12/21/2017","12,040","12,300","12,300","11,925","3.24M","1.18%"
"12/20/2017","11,899","11,750","12,300","11,691","1.57M","2.01%"
"12/19/2017","11,665","12,000","12,042","11,499","1.41M","-2.99%"
"12/18/2017","12,025","12,055","12,359","11,949","828.74K","-1.64%"
"12/15/2017","12,226","12,180","12,499","11,945","4.08M","2.05%"
"12/14/2017","11,980","12,493","12,699","11,805","3.37M","-1.29%"
"12/13/2017","12,137","12,250","12,379","11,961","991.42K","-2.12%"
"12/12/2017","12,400","12,510","12,510","12,244","1.05M","-1.61%"
"12/11/2017","12,603","12,375","12,691","12,250","1.10M","1.35%"
"12/08/2017","12,435","12,517","12,700","12,282","2.51M","-0.41%"
"12/07/2017","12,486","12,290","12,680","12,205","2.05M","-0.93%"
"12/06/2017","12,603","13,000","13,220","12,304","2.73M","-2.90%"
"12/05/2017","12,980","13,400","13,446","12,893","1.22M","-3.54%"
"12/04/2017","13,456","14,200","14,200","13,402","1.12M","-3.59%"
"12/01/2017","13,957","14,360","14,360","13,898","1.07M","-2.26%"
"11/30/2017","14,280","14,140","14,287","14,011","1.90M","0.93%"
"11/29/2017","14,149","14,441","14,441","14,033","871.28K","-0.60%"
"11/28/2017","14,234","14,300","14,579","14,234","1.46M","0.99%"
"11/27/2017","14,094","14,350","14,500","13,960","1.01M","-1.12%"
"11/24/2017","14,254","14,140","14,491","14,140","1.03M","0.02%"
"11/23/2017","14,251","14,060","14,293","13,960","626.60K","0.83%"
"11/22/2017","14,134","13,685","14,150","13,618","1.87M","4.13%"
"11/21/2017","13,573","13,732","13,778","13,330","2.49M","0.83%"
"11/20/2017","13,461","13,900","13,937","13,451","1.60M","-2.46%"
"11/17/2017","13,800","13,930","14,049","13,709","1.13M","-0.12%"
"11/16/2017","13,816","13,895","14,029","13,811","1.08M","-1.60%"
"11/15/2017","14,040","13,850","14,266","13,850","1.19M","2.15%"
"11/14/2017","13,745","14,250","14,250","13,745","1.18M","-4.22%"
"11/13/2017","14,350","14,006","14,563","13,901","1.49M","2.84%"
"11/10/2017","13,954","13,855","14,196","13,814","824.72K","0.69%"
"11/09/2017","13,859","13,780","14,180","13,696","1.65M","-0.60%"
"11/08/2017","13,942","13,800","13,960","13,620","987.60K","1.01%"
"11/07/2017","13,803","13,401","13,803","13,356","1.48M","3.59%"
"11/06/2017","13,325","13,299","13,501","13,210","1.84M","3.42%"
"11/03/2017","12,884","13,160","13,300","12,884","960.08K","-1.06%"
"11/02/2017","13,022","13,201","13,289","12,955","770.80K","-2.64%"
"11/01/2017","13,375","13,150","13,540","13,150","1.64M","2.62%"
"10/31/2017","13,033","13,350","13,364","13,033","1.04M","-1.30%"
"10/30/2017","13,204","13,248","13,267","13,018","1.43M","0.29%"
"10/27/2017","13,166","13,281","13,399","13,039","1.67M","-2.05%"
"10/26/2017","13,441","13,450","13,828","13,364","2.78M","2.10%"
"10/25/2017","13,165","12,890","13,165","12,671","1.25M","2.08%"
"10/24/2017","12,897","13,210","13,270","12,894","1.81M","-1.55%"
"10/23/2017","13,100","12,910","13,171","12,758","2.13M","1.55%"
"10/20/2017","12,900","12,800","12,968","12,741","1.68M","0.43%"
"10/19/2017","12,845","12,792","12,979","12,400","2.60M","3.17%"
"10/18/2017","12,450","12,505","12,545","12,315","1.65M","0.16%"
"10/17/2017","12,430","12,799","12,799","12,425","1.74M","-3.52%"
"10/16/2017","12,884","12,698","13,368","12,640","2.17M","3.46%"
"10/13/2017","12,453","12,642","12,700","12,422","1.12M","-0.90%"
"10/12/2017","12,566","12,800","12,870","12,566","944.01K","-1.17%"
"10/11/2017","12,715","12,810","12,980","12,666","1.37M","-2.68%"
"10/10/2017","13,065","13,290","13,367","13,034","1.05M","-1.74%"
"10/09/2017","13,297","13,210","13,372","13,210","705.21K","1.88%"
"10/06/2017","13,052","12,928","13,141","12,826","1.05M","0.94%"
"10/05/2017","12,930","12,902","13,149","12,902","835.52K","-0.91%"
"10/04/2017","13,049","13,026","13,147","12,920","1.08M","1.55%"
"10/03/2017","12,850","12,694","12,967","12,587","1.32M","1.23%"
"10/02/2017","12,694","12,500","12,769","12,400","1.47M","-0.28%"
"09/29/2017","12,730","12,611","12,818","12,600","1.31M","1.43%"
"09/28/2017","12,550","12,701","12,703","12,541","1.85M","-1.21%"
"09/27/2017","12,704","12,451","12,704","12,336","720.11K","0.21%"
"09/26/2017","12,677","12,700","12,839","12,512","1.24M","1.82%"
"09/22/2017","12,450","12,364","12,490","12,126","1.26M","2.57%"
"09/21/2017","12,138","12,460","12,598","12,138","4.63M","-5.33%"
"09/20/2017","12,821","12,830","12,830","12,558","666.31K","0.79%"
"09/19/2017","12,721","12,541","12,755","12,465","954.09K","0.78%"
"09/18/2017","12,623","12,980","13,079","12,600","830.80K","-3.97%"
"09/15/2017","13,145","12,990","13,253","12,657","2.87M","2.22%"
"09/14/2017","12,860","12,570","12,944","12,498","1.63M","1.43%"
"09/13/2017","12,679","12,789","12,917","12,653","1.74M","-0.02%"
"09/12/2017","12,682","12,770","12,883","12,619","1.94M","-2.36%"
"09/11/2017","12,989","13,442","13,449","12,974","1.98M","-5.62%"
"09/08/2017","13,763","13,955","14,323","13,763","2.51M","0.09%"
"09/07/2017","13,750","13,165","13,787","13,050","2.24M","3.16%"
"09/06/2017","13,329","13,500","13,514","13,073","1.86M","-0.46%"
"09/05/2017","13,390","13,700","13,700","13,327","1.76M","-2.67%"
"09/04/2017","13,758","13,645","13,969","13,608","1.58M","5.24%"
"09/01/2017","13,073","13,107","13,408","13,008","1.69M","-0.71%"
"08/31/2017","13,166","12,910","13,331","12,804","1.97M","-0.01%"
"08/30/2017","13,167","12,945","13,219","12,630","2.87M","0.94%"
"08/29/2017","13,045","12,600","13,175","12,576","4.04M","7.81%"
"08/28/2017","12,100","11,945","12,213","11,876","1.61M","2.54%"
"08/25/2017","11,800","11,955","12,125","11,670","2.10M","-1.57%"
"08/24/2017","11,988","12,150","12,181","11,955","1.39M","-1.28%"
"08/23/2017","12,143","12,202","12,367","12,017","1.88M","-0.63%"
"08/22/2017","12,220","12,805","12,805","12,139","2.85M","-6.85%"
"08/21/2017","13,118","13,050","13,299","12,854","1.76M","-2.59%"
"08/18/2017","13,467","13,081","13,550","13,081","1.81M","3.31%"
"08/17/2017","13,035","13,200","13,410","12,912","1.02M","0.93%"
"08/16/2017","12,915","12,950","13,085","12,789","1.03M","-0.50%"
"08/15/2017","12,980","13,000","13,200","12,912","1.35M","-2.25%"
"08/14/2017","13,279","12,900","13,356","12,864","1.74M","1.84%"
"08/11/2017","13,039","13,000","13,675","12,951","3.51M","-0.28%"
"08/10/2017","13,076","12,501","13,176","12,470","3.72M","7.37%"
"08/08/2017","12,179","12,166","12,338","12,042","1.47M","0.59%"
"08/07/2017","12,108","12,260","12,260","11,994","1.36M","-1.26%"
"08/04/2017","12,263","12,630","12,630","11,985","2.40M","-3.40%"
"08/03/2017","12,694","12,749","12,800","12,501","2.95M","-0.79%"
"08/02/2017","12,795","13,200","13,231","12,506","2.37M","-3.88%"
"08/01/2017","13,311","13,440","13,440","12,928","1.71M","0.01%"
"07/31/2017","13,310","13,129","13,341","13,068","1.21M","1.29%"
"07/28/2017","13,140","12,610","13,145","12,610","1.55M","3.16%"
"07/27/2017","12,737","12,750","12,868","12,548","1.55M","1.90%"
"07/26/2017","12,500","12,399","12,669","12,268","1.47M","1.25%"
"07/25/2017","12,346","12,345","12,478","12,199","1.64M","-0.94%"
"07/24/2017","12,463","12,417","12,590","12,283","1.40M","0.12%"
"07/21/2017","12,448","12,511","12,618","12,352","1.50M","0.34%"
"07/20/2017","12,406","12,488","12,649","12,151","2.53M","-0.66%"
"07/19/2017","12,488","12,640","12,839","12,426","3.01M","-1.09%"
"07/18/2017","12,625","12,680","12,866","12,619","2.00M","-0.43%"
"07/17/2017","12,680","12,949","12,949","12,550","2.72M","-1.51%"
"07/14/2017","12,875","13,004","13,179","12,823","3.11M","-2.02%"
"07/13/2017","13,140","13,455","13,581","13,047","950.53K","-2.22%"
"07/12/2017","13,439","13,350","13,538","13,268","1.26M","1.08%"
"07/11/2017","13,296","13,105","13,300","13,086","752.83K","1.71%"
"07/10/2017","13,072","12,665","13,072","12,550","1.20M","2.73%"
"07/07/2017","12,724","13,163","13,263","12,520","1.40M","-3.82%"
"07/06/2017","13,230","13,141","13,446","13,068","1.50M","0.78%"
"07/05/2017","13,128","12,760","13,217","12,636","1.11M","2.45%"
"07/04/2017","12,814","12,700","12,892","12,587","1.02M","2.49%"
"07/03/2017","12,503","12,900","12,900","12,427","2.72M","-2.32%"
"06/30/2017","12,800","12,849","12,879","12,679","1.84M","-0.34%"
"06/29/2017","12,844","13,300","13,300","12,600","1.57M","-2.87%"
"06/28/2017","13,223","13,739","13,869","13,200","1.42M","-4.29%"
"06/27/2017","13,815","13,600","13,952","13,600","773.74K","2.42%"
"06/26/2017","13,488","13,647","13,731","13,243","1.13M","-1.63%"
"06/23/2017","13,711","13,703","13,939","13,683","1.22M","-1.00%"
"06/22/2017","13,850","13,400","13,850","13,350","2.14M","4.45%"
"06/21/2017","13,260","13,000","13,401","13,000","1.38M","2.20%"
"06/20/2017","12,975","13,115","13,277","12,958","1.23M","-0.83%"
"06/19/2017","13,083","13,380","13,524","13,009","2.41M","-5.41%"
"06/15/2017","13,831","14,072","14,145","13,729","4.71M","-6.08%"
"06/14/2017","14,726","14,530","14,925","14,409","1.81M","1.00%"
"06/13/2017","14,580","14,898","14,898","14,428","2.14M","-3.75%"
"06/12/2017","15,148","15,480","15,548","15,060","1.72M","-2.87%"
"06/09/2017","15,595","15,400","15,788","15,326","1.82M","1.46%"
"06/08/2017","15,371","15,420","15,825","15,351","2.33M","-1.77%"
"06/07/2017","15,648","15,715","15,898","15,519","2.03M","0.16%"
"06/06/2017","15,623","14,927","15,623","14,801","3.26M","7.26%"
"06/05/2017","14,565","14,281","14,667","14,184","1.47M","1.11%"
"06/02/2017","14,405","14,441","14,645","13,820","2.90M","-2.20%"
"06/01/2017","14,729","14,922","14,960","14,259","3.85M","-0.81%"
"05/31/2017","14,850","14,914","15,077","14,801","1.60M","-0.99%"
"05/30/2017","14,999","15,077","15,136","14,884","1.23M","0.71%"
"05/29/2017","14,893","15,000","15,116","14,811","296.15K","-0.55%"
"05/26/2017","14,975","14,905","15,093","14,759","858.87K","1.30%"
"05/25/2017","14,783","15,390","15,478","14,730","1.05M","-3.98%"
"05/24/2017","15,395","15,589","15,777","15,367","1.47M","-4.05%"
"05/23/2017","16,044","15,751","16,189","15,751","1.69M","2.04%"
"05/22/2017","15,724","15,300","15,765","15,191","1.18M","0.17%"
"05/19/2017","15,698","15,349","15,700","15,056","2.16M","1.28%"
"05/18/2017","15,500","15,698","16,158","15,303","2.31M","-1.27%"
"05/17/2017","15,699","15,000","15,699","14,995","2.15M","5.67%"
"05/16/2017","14,856","14,600","15,026","14,584","2.26M","-1.10%"
"05/15/2017","15,021","15,250","15,401","14,941","831.95K","-2.04%"
"05/12/2017","15,334","15,199","15,427","15,068","913.87K","1.58%"
"05/11/2017","15,096","14,806","15,180","14,806","1.30M","2.21%"
"05/10/2017","14,770","14,450","14,916","14,377","2.29M","4.07%"
"05/09/2017","14,192","14,800","14,890","13,913","2.53M","-3.91%"
"05/08/2017","14,770","14,750","14,980","14,330","1.08M","-1.86%"
"05/05/2017","15,050","15,150","15,150","14,786","1.12M","0.72%"
"05/04/2017","14,943","15,340","15,600","14,866","994.51K","-3.44%"
"05/03/2017","15,476","15,137","15,560","15,137","1.33M","2.42%"
"05/02/2017","15,111","14,850","15,236","14,755","1.19M","-0.05%"
"04/28/2017","15,119","15,175","15,249","14,976","1.01M","-0.63%"
"04/26/2017","15,215","15,151","15,370","15,052","1.61M","-0.31%"
"04/25/2017","15,262","15,299","15,531","15,091","1.58M","-3.14%"
"04/24/2017","15,756","15,845","15,910","15,163","1.38M","-5.03%"
"04/21/2017","16,590","16,483","16,749","16,264","1.51M","0.15%"
"04/20/2017","16,565","16,898","16,905","16,374","1.05M","-3.35%"
"04/19/2017","17,140","17,302","17,381","17,108","1.52M","-1.66%"
"04/18/2017","17,429","17,355","17,870","17,221","2.97M","-1.73%"
"04/13/2017","17,735","17,500","17,950","17,448","2.14M","1.46%"
"04/12/2017","17,480","17,500","17,693","17,347","2.58M","-0.09%"
"04/11/2017","17,495","17,000","17,495","16,987","1.39M","4.69%"
"04/10/2017","16,712","16,700","16,972","16,485","2.10M","-2.16%"
"04/07/2017","17,081","16,862","17,125","16,754","1.86M","3.84%"
"04/06/2017","16,450","16,480","16,736","16,413","1.10M","1.32%"
"04/05/2017","16,235","16,000","16,358","15,761","1.59M","4.28%"
"04/04/2017","15,569","15,745","16,200","15,522","2.63M","4.34%"
"04/03/2017","14,921","14,400","14,921","14,326","1.19M","4.16%"
"03/31/2017","14,325","14,350","14,585","14,183","1.89M","3.50%"
"03/30/2017","13,841","14,288","14,377","13,791","1.14M","-3.95%"
"03/29/2017","14,410","14,500","14,820","14,190","1.84M","-0.83%"
"03/28/2017","14,531","14,800","14,898","14,242","1.59M","-0.97%"
"03/27/2017","14,674","14,067","14,775","14,067","1.79M","5.25%"
"03/24/2017","13,942","13,580","13,960","13,580","1.89M","2.03%"
"03/23/2017","13,665","13,830","14,037","13,502","1.35M","-3.18%"
"03/22/2017","14,114","14,307","14,443","14,030","1.99M","2.04%"
"03/20/2017","13,832","13,990","13,990","13,718","862.71K","-0.45%"
"03/17/2017","13,895","13,940","14,113","13,650","1.68M","-0.18%"
"03/16/2017","13,920","13,781","14,126","13,746","4.51M","6.46%"
"03/15/2017","13,075","13,100","13,223","12,930","1.37M","-1.45%"
"03/14/2017","13,267","13,080","13,405","12,953","1.62M","1.25%"
"03/13/2017","13,103","13,260","13,434","13,003","2.04M","1.53%"
"03/10/2017","12,906","12,950","13,031","12,502","2.42M","-1.02%"
"03/09/2017","13,039","13,051","13,230","12,907","1.96M","-0.47%"
"03/08/2017","13,100","13,200","13,379","13,010","2.32M","-0.43%"
"03/07/2017","13,157","13,414","13,470","12,979","1.60M","-2.60%"
"03/06/2017","13,508","13,650","13,889","13,472","1.99M","-1.26%"
"03/03/2017","13,680","13,980","13,980","13,479","2.47M","-3.28%"
"03/02/2017","14,144","14,480","14,480","14,030","2.18M","-0.67%"
"03/01/2017","14,239","14,399","14,560","14,232","2.75M","-2.21%"
"02/28/2017","14,561","14,500","14,683","14,415","2.57M","-3.02%"
"02/27/2017","15,014","15,199","15,199","14,880","2.59M","-2.00%"
"02/24/2017","15,320","15,583","15,699","15,300","2.56M","-1.17%"
"02/23/2017","15,501","15,500","15,706","14,725","3.03M","-1.76%"
"02/22/2017","15,779","16,401","16,599","15,734","2.76M","-4.39%"
"02/21/2017","16,504","16,900","16,973","16,408","2.19M","-0.48%"
"02/20/2017","16,583","17,115","17,115","16,520","1.01M","-4.24%"
"02/17/2017","17,318","17,100","17,482","17,100","986.80K","0.46%"
"02/16/2017","17,238","17,300","17,400","17,092","1.23M","0.29%"
"02/15/2017","17,189","17,275","17,395","17,141","1.46M","-1.90%"
"02/14/2017","17,522","17,555","17,748","17,392","1.35M","-0.79%"
"02/13/2017","17,661","17,900","18,000","17,612","990.52K","-0.52%"
"02/10/2017","17,754","17,495","17,857","17,114","1.66M","-1.48%"
"02/09/2017","18,020","18,220","18,711","18,000","1.79M","-1.80%"
"02/08/2017","18,350","17,895","18,440","17,601","2.29M","3.63%"
"02/07/2017","17,708","17,720","17,950","17,539","1.65M","0.56%"
"02/06/2017","17,609","17,699","17,945","17,467","1.64M","0.99%"
"02/03/2017","17,437","17,549","18,037","17,345","3.53M","-0.93%"
"02/02/2017","17,600","17,116","18,332","17,038","4.37M","3.61%"
"02/01/2017","16,987","17,000","17,350","16,870","1.55M","-0.01%"
"01/31/2017","16,989","16,670","17,093","16,477","1.89M","1.91%"
"01/30/2017","16,670","16,120","16,770","15,850","1.82M","4.51%"
"01/27/2017","15,950","15,800","15,988","15,502","794.42K","-0.31%"
"01/26/2017","16,000","16,300","16,300","15,780","931.80K","-1.77%"
"01/25/2017","16,289","16,600","16,683","16,200","1.16M","-3.96%"
"01/24/2017","16,961","16,708","16,980","16,625","1.87M","0.58%"
"01/23/2017","16,864","16,600","17,134","16,418","2.07M","2.97%"
"01/20/2017","16,377","16,540","16,700","16,218","1.56M","-0.37%"
"01/19/2017","16,438","16,700","16,703","16,291","1.95M","-2.91%"
"01/18/2017","16,930","16,995","17,016","16,562","1.53M","-0.70%"
"01/17/2017","17,050","17,000","17,584","16,890","2.46M","1.31%"
"01/16/2017","16,829","16,500","16,838","16,500","941.45K","4.46%"
"01/13/2017","16,110","16,190","16,216","15,976","1.01M","-1.68%"
"01/12/2017","16,385","16,090","16,446","16,058","2.30M","4.28%"
"01/11/2017","15,713","15,995","16,007","15,636","1.65M","-1.64%"
"01/10/2017","15,975","15,785","16,040","15,623","1.47M","2.31%"
"01/09/2017","15,614","15,711","15,852","15,505","1.33M","-2.60%"
"01/06/2017","16,030","16,000","16,426","15,700","1.07M","0.82%"
"01/05/2017","15,900","15,455","15,975","15,455","1.45M","3.66%"
"01/04/2017","15,339","15,270","15,551","15,200","849.03K","1.63%"
"01/03/2017","15,093","14,800","15,178","14,716","1.35M","-1.08%"
"12/30/2016","15,258","15,045","15,258","14,845","507.20K","3.44%"
"12/29/2016","14,750","14,350","14,815","14,290","1.01M","5.74%"
"12/28/2016","13,949","14,094","14,347","13,949","958.32K","2.64%"
"12/23/2016","13,590","13,630","13,848","13,394","410.32K","-1.80%"
"12/22/2016","13,839","13,680","13,852","13,372","999.21K","0.55%"
"12/21/2016","13,763","13,707","14,012","13,700","1.01M","2.66%"
"12/20/2016","13,406","13,379","13,590","12,906","2.42M","-0.33%"
"12/19/2016","13,450","13,500","13,920","13,386","2.96M","0.36%"
"12/15/2016","13,402","14,150","14,157","13,275","5.64M","-8.71%"
"12/14/2016","14,680","14,835","15,113","14,503","2.22M","1.24%"
"12/13/2016","14,500","14,304","14,659","14,277","1.72M","-0.36%"
"12/12/2016","14,553","14,825","14,878","14,345","1.51M","-3.59%"
"12/09/2016","15,095","15,220","15,375","14,809","1.33M","-1.02%"
"12/08/2016","15,250","15,150","15,347","14,950","1.66M","0.95%"
"12/07/2016","15,106","14,889","15,177","14,565","1.62M","0.70%"
"12/06/2016","15,001","15,249","15,254","14,924","1.58M","-1.83%"
"12/05/2016","15,280","15,752","15,924","15,262","1.63M","-4.05%"
"12/02/2016","15,925","15,305","15,925","15,303","1.51M","5.47%"
"12/01/2016","15,099","15,480","15,581","14,955","2.24M","-2.80%"
"11/30/2016","15,534","15,334","15,870","15,334","2.05M","1.32%"
"11/29/2016","15,331","15,685","15,890","15,211","1.38M","-1.09%"
"11/28/2016","15,500","15,600","15,940","15,401","2.21M","-0.18%"
"11/25/2016","15,528","15,286","15,635","15,174","1.29M","1.00%"
"11/24/2016","15,375","15,080","15,800","14,888","1.64M","1.14%"
"11/23/2016","15,201","15,776","16,382","15,201","2.29M","-3.64%"
"11/22/2016","15,776","16,390","16,504","15,776","1.47M","-4.13%"
"11/21/2016","16,455","16,555","16,956","16,455","911.76K","0.50%"
"11/18/2016","16,373","16,420","16,814","16,300","1.76M","-3.93%"
"11/17/2016","17,043","16,650","17,289","16,591","1.66M","4.19%"
"11/16/2016","16,358","17,000","17,000","16,201","1.79M","-1.74%"
"11/15/2016","16,647","16,700","16,989","16,230","1.52M","4.46%"
"11/14/2016","15,936","16,300","17,339","15,936","2.90M","-5.95%"
"11/11/2016","16,945","17,650","17,829","16,945","2.03M","-5.81%"
"11/10/2016","17,991","18,799","18,989","17,969","2.55M","-2.81%"
"11/09/2016","18,512","19,950","20,000","18,470","3.74M","4.29%"
"11/08/2016","17,751","17,911","18,199","17,483","1.35M","-1.56%"
"11/07/2016","18,032","18,850","18,850","17,989","1.62M","-6.53%"
"11/04/2016","19,292","19,517","19,634","19,213","1.61M","-1.31%"
"11/03/2016","19,548","19,331","19,690","18,982","3.52M","0.20%"
"11/02/2016","19,509","19,560","19,700","19,058","1.29M","1.82%"
"11/01/2016","19,160","18,433","19,198","18,213","2.13M","6.06%"
"10/31/2016","18,065","18,417","18,650","17,925","1.32M","-2.08%"
"10/28/2016","18,449","18,424","18,617","18,051","1.28M","-0.07%"
"10/27/2016","18,462","18,988","18,988","18,370","1.03M","-2.96%"
"10/26/2016","19,025","19,050","19,199","18,865","1.08M","0.14%"
"10/25/2016","18,998","18,800","19,012","18,651","1.15M","0.78%"
"10/24/2016","18,851","19,421","19,457","18,851","1.20M","-4.53%"
"10/21/2016","19,745","19,540","19,745","19,199","1.32M","1.52%"
"10/20/2016","19,450","20,030","20,076","19,339","2.16M","-1.42%"
"10/19/2016","19,730","19,570","20,048","19,359","1.40M","3.91%"
"10/18/2016","18,988","19,080","19,200","18,848","1.66M","1.74%"
"10/17/2016","18,664","19,056","19,398","18,651","1.58M","-1.74%"
"10/14/2016","18,995","19,390","19,417","18,678","2.19M","-1.31%"
"10/13/2016","19,248","18,951","19,549","18,804","2.46M","2.85%"
"10/12/2016","18,714","18,763","19,246","18,614","1.08M","-0.26%"
"10/11/2016","18,763","18,580","19,207","18,384","2.59M","1.70%"
"10/10/2016","18,450","18,818","19,068","18,401","1.98M","-1.90%"
"10/07/2016","18,807","19,070","19,340","18,657","1.53M","0.07%"
"10/06/2016","18,793","19,290","19,588","18,793","1.85M","-1.61%"
"10/05/2016","19,100","19,700","19,890","19,095","1.77M","-4.25%"
"10/04/2016","19,948","21,434","21,600","19,856","1.56M","-7.43%"
"10/03/2016","21,549","22,010","22,055","21,500","704.47K","-2.82%"
"09/30/2016","22,174","22,407","23,184","22,173","1.41M","-0.36%"
"09/29/2016","22,255","22,099","22,763","22,061","2.48M","2.89%"
"09/28/2016","21,630","21,709","22,192","21,515","769.99K","-1.41%"
"09/27/2016","21,940","21,690","22,311","21,503","1.95M","-1.06%"
"09/26/2016","22,175","22,001","22,449","21,953","875.36K","-2.35%"
"09/23/2016","22,708","22,407","22,968","22,208","2.15M","-1.55%"
"09/22/2016","23,066","22,300","23,399","22,156","2.63M","5.30%"
"09/21/2016","21,904","21,350","22,153","21,144","2.61M","4.43%"
"09/20/2016","20,975","21,540","21,540","20,792","1.12M","-2.18%"
"09/19/2016","21,442","21,664","22,019","21,400","1.36M","-1.02%"
"09/16/2016","21,664","22,030","22,207","21,604","2.36M","-2.34%"
"09/15/2016","22,183","22,420","22,592","21,680","3.10M","-2.16%"
"09/14/2016","22,673","22,551","22,941","22,351","1.47M","-0.12%"
"09/13/2016","22,700","23,600","23,715","22,629","1.38M","-2.89%"
"09/12/2016","23,375","23,325","23,649","22,862","1.36M","-2.44%"
"09/09/2016","23,960","24,441","24,774","23,900","1.25M","-2.85%"
"09/08/2016","24,664","24,578","25,162","24,300","2.38M","1.44%"
"09/07/2016","24,315","25,050","25,400","24,225","2.13M","-0.56%"
"09/06/2016","24,453","23,990","24,453","23,531","1.74M","2.15%"
"09/05/2016","23,939","24,456","24,840","23,858","814.70K","-0.98%"
"09/02/2016","24,175","24,430","25,148","23,820","1.41M","-0.22%"
"09/01/2016","24,228","23,631","24,345","23,337","1.92M","1.04%"
"08/31/2016","23,978","24,328","24,378","23,835","1.54M","-2.92%"
"08/30/2016","24,700","25,289","25,324","24,476","886.95K","-2.40%"
"08/29/2016","25,308","25,483","25,518","25,002","1.07M","-1.53%"
"08/26/2016","25,700","25,569","25,983","24,984","1.30M","0.50%"
"08/25/2016","25,572","24,890","25,687","24,568","1.98M","-1.04%"
"08/24/2016","25,841","25,468","26,386","25,468","2.34M","4.30%"
"08/23/2016","24,775","24,950","25,106","24,720","1.27M","-1.42%"
"08/22/2016","25,132","25,830","25,830","24,821","1.48M","-3.71%"
"08/19/2016","26,100","26,277","26,751","25,753","1.04M","-0.34%"
"08/18/2016","26,190","26,200","26,912","26,000","1.38M","1.01%"
"08/17/2016","25,929","26,840","26,894","25,827","2.23M","-2.61%"
"08/16/2016","26,624","28,100","28,100","26,489","2.74M","-6.07%"
"08/15/2016","28,344","30,000","30,550","28,100","1.49M","-4.97%"
"08/12/2016","29,825","29,649","29,934","29,162","1.11M","-0.41%"
"08/11/2016","29,947","29,545","29,947","29,039","837.15K","1.33%"
"08/10/2016","29,553","29,415","29,755","29,253","1.53M","-1.16%"
"08/08/2016","29,899","29,500","29,899","29,032","851.74K","-0.02%"
"08/05/2016","29,906","30,922","31,645","29,543","1.23M","-4.37%"
"08/04/2016","31,271","30,729","31,423","30,374","1.82M","-1.35%"
"08/02/2016","31,700","31,015","31,775","30,808","1.28M","2.90%"
"08/01/2016","30,807","30,260","30,980","30,250","1.15M","1.63%"
"07/29/2016","30,313","30,735","30,851","30,103","950.78K","-0.92%"
"07/28/2016","30,596","30,850","31,150","30,494","1.15M","0.66%"
"07/27/2016","30,396","30,230","30,612","29,824","950.64K","0.76%"
"07/26/2016","30,167","29,030","30,320","29,030","1.17M","4.42%"
"07/25/2016","28,890","30,070","30,247","28,800","1.47M","-4.95%"
"07/22/2016","30,394","30,250","30,608","29,869","1.11M","3.01%"
"07/21/2016","29,507","28,635","29,673","28,500","1.61M","0.70%"
"07/20/2016","29,302","30,324","30,850","28,964","2.92M","-3.93%"
"07/19/2016","30,500","29,906","30,800","29,651","2.02M","1.99%"
"07/18/2016","29,906","29,900","30,169","29,600","752.06K","-1.65%"
"07/15/2016","30,408","29,960","30,437","29,500","1.09M","1.69%"
"07/14/2016","29,904","30,017","30,198","29,060","2.52M","0.01%"
"07/13/2016","29,900","29,650","30,363","29,468","1.34M","-1.45%"
"07/12/2016","30,341","30,587","30,655","29,824","1.62M","-1.88%"
"07/11/2016","30,923","30,100","30,923","30,100","1.97M","3.61%"
"07/08/2016","29,847","29,020","30,148","28,895","1.85M","1.57%"
"07/07/2016","29,386","30,294","30,307","29,150","2.53M","-3.04%"
"07/06/2016","30,307","29,000","30,699","28,900","3.17M","6.82%"
"07/05/2016","28,373","28,490","28,945","28,105","1.55M","-0.73%"
"07/04/2016","28,581","28,000","28,610","28,000","743.31K","4.07%"
"07/01/2016","27,462","27,000","28,000","26,809","2.06M","2.63%"
"06/30/2016","26,759","26,830","26,998","26,500","2.20M","-0.39%"
"06/29/2016","26,863","26,501","27,169","26,299","1.56M","2.50%"
"06/28/2016","26,207","26,394","26,798","25,600","2.08M","-2.81%"
"06/27/2016","26,966","26,230","27,111","25,900","3.40M","5.55%"
"06/24/2016","25,549","26,500","27,892","24,899","4.23M","9.92%"
"06/23/2016","23,243","23,190","23,691","22,529","1.06M","1.51%"
"06/22/2016","22,898","23,065","23,518","22,794","1.58M","-1.30%"
"06/21/2016","23,200","23,492","23,650","22,853","2.11M","-0.77%"
"06/20/2016","23,380","23,607","23,793","22,808","1.57M","-3.55%"
"06/17/2016","24,240","24,115","25,204","24,115","2.26M","-0.54%"
"06/15/2016","24,371","24,738","24,878","24,081","2.57M","-1.48%"
"06/14/2016","24,738","24,715","25,200","24,299","1.56M","-0.49%"
"06/13/2016","24,859","25,670","26,094","24,600","1.03M","-3.84%"
"06/10/2016","25,852","24,970","26,264","24,904","1.26M","3.78%"
"06/09/2016","24,911","24,700","25,078","24,402","1.11M","0.34%"
"06/08/2016","24,826","23,999","25,098","23,873","2.36M","3.03%"
"06/07/2016","24,097","23,676","24,199","23,552","2.21M","2.46%"
"06/06/2016","23,518","23,614","23,975","23,313","1.09M","-0.41%"
"06/03/2016","23,614","21,941","23,890","21,935","3.06M","7.78%"
"06/02/2016","21,909","21,788","22,184","21,587","1.74M","2.18%"
"06/01/2016","21,442","21,060","22,180","21,060","2.14M","2.06%"
"05/31/2016","21,010","21,534","21,549","20,842","2.75M","-1.66%"
"05/30/2016","21,365","20,999","21,408","20,988","903.69K","-0.86%"
"05/27/2016","21,550","21,650","21,805","21,452","1.22M","-0.06%"
"05/26/2016","21,562","21,530","22,021","21,467","1.87M","2.25%"
"05/25/2016","21,087","21,150","21,490","20,805","3.17M","-4.60%"
"05/24/2016","22,104","22,400","22,676","22,068","1.20M","-2.52%"
"05/23/2016","22,675","22,598","22,849","22,156","1.31M","1.24%"
"05/20/2016","22,398","22,359","23,040","22,108","1.27M","0.31%"
"05/19/2016","22,329","22,325","22,422","21,456","2.08M","-4.98%"
"05/18/2016","23,500","23,430","23,696","23,054","1.29M","-1.71%"
"05/17/2016","23,910","23,550","24,018","23,300","2.02M","0.84%"
"05/16/2016","23,711","24,000","24,390","23,560","1.56M","-0.78%"
"05/13/2016","23,898","23,101","23,920","22,817","3.01M","3.23%"
"05/12/2016","23,150","22,800","23,426","22,747","2.23M","1.67%"
"05/11/2016","22,770","22,260","23,113","21,727","2.33M","6.65%"
"05/10/2016","21,350","21,789","21,881","21,018","2.08M","-2.42%"
"05/09/2016","21,879","24,089","24,213","21,879","1.73M","-10.34%"
"05/06/2016","24,401","23,305","24,444","23,130","2.18M","7.18%"
"05/05/2016","22,766","22,163","23,199","21,764","1.46M","0.18%"
"05/04/2016","22,726","22,653","23,215","22,075","1.40M","-0.31%"
"05/03/2016","22,796","23,100","23,387","22,714","2.75M","0.87%"
"04/29/2016","22,600","22,350","22,851","22,284","2.22M","2.68%"
"04/28/2016","22,010","21,173","22,244","21,173","1.79M","6.15%"
"04/26/2016","20,735","21,490","21,490","20,516","1.16M","-3.92%"
"04/25/2016","21,580","21,380","21,718","21,200","496.67K","-1.34%"
"04/22/2016","21,872","21,555","22,090","21,399","1.26M","0.33%"
"04/21/2016","21,801","21,820","22,178","21,178","1.79M","-2.11%"
"04/20/2016","22,270","21,755","22,566","21,467","1.22M","3.46%"
"04/19/2016","21,525","21,955","22,149","21,449","1.65M","-1.52%"
"04/18/2016","21,858","22,001","22,281","21,389","1.48M","0.04%"
"04/15/2016","21,850","21,480","21,982","21,208","2.00M","-0.88%"
"04/14/2016","22,044","22,327","22,490","21,500","1.95M","-2.69%"
"04/13/2016","22,653","23,050","23,362","21,707","2.66M","-1.85%"
"04/12/2016","23,080","22,970","23,395","22,700","1.35M","1.72%"
"04/11/2016","22,690","22,158","23,000","21,810","2.22M","5.89%"
"04/08/2016","21,427","21,750","21,750","21,025","1.55M","-2.60%"
"04/07/2016","22,000","21,299","22,159","20,945","3.26M","3.77%"
"04/06/2016","21,200","20,415","21,426","20,357","3.06M","4.38%"
"04/05/2016","20,310","20,116","20,582","19,875","2.00M","1.48%"
"04/04/2016","20,014","20,101","20,324","19,664","694.75K","0.32%"
"04/01/2016","19,950","20,504","20,504","19,706","1.25M","-2.44%"
"03/31/2016","20,450","20,799","20,902","20,100","1.39M","-1.91%"
"03/30/2016","20,848","20,999","21,497","20,563","1.85M","2.43%"
"03/29/2016","20,353","19,965","20,733","19,965","875.51K","0.77%"
"03/24/2016","20,198","20,065","20,461","19,400","1.68M","0.31%"
"03/23/2016","20,136","20,650","20,755","19,707","1.54M","-4.93%"
"03/22/2016","21,180","20,950","21,718","20,796","2.28M","2.69%"
"03/18/2016","20,625","20,451","20,950","20,334","5.23M","-3.98%"
"03/17/2016","21,479","21,735","22,095","21,058","1.64M","2.09%"
"03/16/2016","21,039","20,812","21,198","20,672","850.23K","1.86%"
"03/15/2016","20,655","19,430","20,655","19,430","1.41M","1.06%"
"03/14/2016","20,439","20,800","21,365","20,000","1.41M","-2.82%"
"03/11/2016","21,032","20,999","21,391","20,600","1.69M","-0.32%"
"03/10/2016","21,100","19,860","21,252","19,557","2.03M","6.24%"
"03/09/2016","19,860","19,825","20,419","19,509","3.12M","-2.65%"
"03/08/2016","20,400","20,899","21,250","20,033","1.59M","-2.86%"
"03/07/2016","21,000","20,200","21,130","19,950","2.18M","-4.00%"
"03/04/2016","21,875","20,515","22,360","20,515","2.80M","8.18%"
"03/03/2016","20,220","19,650","20,425","19,589","1.87M","3.58%"
"03/02/2016","19,521","19,380","19,539","18,851","1.88M","-3.12%"
"03/01/2016","20,150","20,633","20,949","20,124","1.84M","-1.35%"
"02/29/2016","20,426","19,350","20,426","19,350","2.03M","3.33%"
"02/26/2016","19,767","19,684","19,856","19,020","1.63M","0.41%"
"02/25/2016","19,687","19,052","19,688","18,715","1.74M","-0.90%"
"02/24/2016","19,865","18,207","19,865","18,096","3.13M","10.06%"
"02/23/2016","18,050","17,200","18,100","17,200","2.15M","5.95%"
"02/22/2016","17,037","16,786","17,655","15,810","1.80M","0.19%"
"02/19/2016","17,005","17,240","17,240","16,301","3.52M","7.47%"
"02/18/2016","15,823","16,947","16,947","15,221","2.89M","-5.65%"
"02/17/2016","16,770","16,900","17,499","16,298","1.63M","-3.63%"
"02/16/2016","17,402","16,680","17,583","16,177","1.91M","1.17%"
"02/15/2016","17,200","17,575","17,820","16,574","1.21M","-4.91%"
"02/12/2016","18,088","18,090","18,275","17,575","2.78M","1.98%"
"02/11/2016","17,737","17,655","18,794","17,051","2.98M","7.50%"
"02/10/2016","16,500","16,990","17,240","16,200","2.05M","-4.40%"
"02/09/2016","17,259","17,700","18,693","17,259","2.52M","-1.49%"
"02/08/2016","17,520","16,910","17,829","16,444","1.91M","12.89%"
"02/05/2016","15,520","15,730","16,435","14,973","2.68M","-4.06%"
"02/04/2016","16,176","15,055","16,300","15,055","3.30M","10.68%"
"02/03/2016","14,615","14,040","14,695","13,831","1.85M","6.52%"
"02/02/2016","13,720","13,999","14,367","13,550","1.30M","-2.59%"
"02/01/2016","14,085","13,891","14,121","13,696","1.62M","4.16%"
"01/29/2016","13,523","13,201","13,523","12,867","3.00M","2.45%"
"01/28/2016","13,200","14,492","14,492","13,176","1.64M","-8.83%"
"01/27/2016","14,479","14,500","14,744","14,244","1.36M","-1.84%"
"01/26/2016","14,750","13,765","14,861","13,725","3.62M","9.34%"
"01/25/2016","13,490","13,180","13,550","13,025","1.20M","3.59%"
"01/22/2016","13,022","13,320","13,541","12,893","1.47M","-0.66%"
"01/21/2016","13,108","13,450","13,678","13,077","1.84M","-1.65%"
"01/20/2016","13,328","12,902","13,495","12,652","2.12M","5.04%"
"01/19/2016","12,688","12,356","13,128","12,356","2.31M","-3.00%"
"01/18/2016","13,080","12,599","13,163","12,311","1.34M","-0.01%"
"01/15/2016","13,081","12,799","13,675","12,400","1.42M","0.62%"
"01/14/2016","13,000","13,150","13,581","12,965","871.18K","0.47%"
"01/13/2016","12,939","12,700","13,050","12,700","940.93K","-0.11%"
"01/12/2016","12,953","13,454","14,000","12,843","2.47M","-5.56%"
"01/11/2016","13,715","13,020","13,921","12,954","1.86M","9.11%"
"01/08/2016","12,570","12,307","12,640","11,800","1.36M","0.72%"
"01/07/2016","12,480","12,500","12,700","12,200","1.81M","3.40%"
"01/06/2016","12,070","11,550","12,081","11,550","1.05M","5.12%"
"01/05/2016","11,482","11,575","11,957","11,482","802.59K","0.02%"
"01/04/2016","11,480","10,700","11,602","10,700","1.15M","8.04%"