"Date","Price","Open","High","Low","Vol.","Change %"
"03/26/2026","40,603","40,328","40,640","40,000","652.35K","0.44%"
"03/25/2026","40,426","39,740","40,426","39,512","726.39K","1.02%"
"03/24/2026","40,018","40,153","40,453","39,747","722.45K","-1.09%"
"03/23/2026","40,461","40,329","41,589","40,327","901.82K","-1.33%"
"03/20/2026","41,006","40,156","41,632","40,156","2.02M","0.38%"
"03/19/2026","40,851","40,400","40,939","39,612","3.19M","0.55%"
"03/18/2026","40,628","40,844","41,382","40,493","874.24K","-0.54%"
"03/17/2026","40,850","40,829","41,145","40,674","984.22K","0.05%"
"03/16/2026","40,828","40,688","41,111","40,306","1.55M","1.06%"
"03/13/2026","40,400","40,717","40,875","40,136","1.13M","-0.02%"
"03/12/2026","40,410","42,400","42,400","40,410","1.05M","-2.63%"
"03/11/2026","41,500","42,500","42,664","41,281","692.86K","-2.09%"
"03/10/2026","42,386","41,639","42,461","41,639","611.08K","1.72%"
"03/09/2026","41,671","41,950","42,226","41,390","449.16K","-0.56%"
"03/06/2026","41,904","42,075","42,516","41,657","742.87K","-1.05%"
"03/05/2026","42,349","42,600","42,660","41,927","637.02K","0.11%"
"03/04/2026","42,302","41,401","42,550","41,352","725.50K","1.09%"
"03/03/2026","41,844","42,275","42,600","41,457","926.41K","-1.31%"
"03/02/2026","42,401","41,400","42,542","41,200","565.28K","0.92%"
"02/27/2026","42,014","42,600","42,600","41,406","1.86M","-0.32%"
"02/26/2026","42,150","42,901","43,321","41,710","885.25K","-1.74%"
"02/25/2026","42,898","43,456","44,600","42,850","1.65M","-3.58%"
"02/24/2026","44,491","43,750","44,700","43,657","525.14K","0.94%"
"02/23/2026","44,076","43,400","44,315","43,386","936.38K","1.61%"
"02/20/2026","43,377","43,100","43,857","43,100","574.13K","-0.25%"
"02/19/2026","43,485","43,581","43,674","42,949","720.20K","0.63%"
"02/18/2026","43,211","43,000","43,473","42,401","757.85K","1.15%"
"02/17/2026","42,719","41,801","43,015","41,801","855.11K","1.08%"
"02/16/2026","42,264","42,320","42,656","42,197","376.89K","0.15%"
"02/13/2026","42,200","41,800","42,581","41,795","504.49K","-0.26%"
"02/12/2026","42,310","41,999","42,494","41,800","722.05K","1.25%"
"02/11/2026","41,786","42,000","42,000","41,443","847.77K","-0.20%"
"02/10/2026","41,868","42,372","42,372","41,472","681.52K","0.08%"
"02/09/2026","41,834","43,259","43,259","41,723","877.17K","-2.60%"
"02/06/2026","42,950","41,350","43,034","41,350","1.42M","2.54%"
"02/05/2026","41,887","40,501","41,948","40,501","989.84K","2.39%"
"02/04/2026","40,909","40,623","41,235","40,319","598.15K","0.53%"
"02/03/2026","40,693","41,469","41,950","40,503","717.00K","-1.88%"
"02/02/2026","41,474","40,250","41,474","40,006","1.06M","2.58%"
"01/30/2026","40,430","40,250","41,356","40,250","1.27M","-0.30%"
"01/29/2026","40,550","40,601","41,388","40,441","487.67K","-0.13%"
"01/28/2026","40,602","40,397","40,692","40,056","587.00K","0.51%"
"01/27/2026","40,396","40,255","40,844","40,255","822.35K","-0.35%"
"01/26/2026","40,536","40,405","40,718","40,251","469.34K","0.25%"
"01/23/2026","40,436","41,030","41,030","40,313","585.73K","-0.88%"
"01/22/2026","40,796","40,270","41,013","40,270","640.67K","0.68%"
"01/21/2026","40,522","40,745","40,992","40,243","415.59K","-0.59%"
"01/20/2026","40,761","40,622","41,469","40,580","479.69K","0.04%"
"01/19/2026","40,745","40,999","40,999","40,500","435.78K","-0.45%"
"01/16/2026","40,929","41,047","41,224","40,721","694.74K","0.15%"
"01/15/2026","40,867","39,750","41,171","39,750","733.79K","2.58%"
"01/14/2026","39,838","40,300","40,553","39,681","796.90K","-1.27%"
"01/13/2026","40,352","40,749","40,749","39,901","862.93K","0.63%"
"01/12/2026","40,100","40,356","40,658","39,518","678.69K","-0.87%"
"01/09/2026","40,453","40,405","40,701","40,200","807.28K","-0.26%"
"01/08/2026","40,560","40,560","40,668","40,263","700.44K","0.00%"
"01/07/2026","40,560","40,850","41,177","40,101","937.22K","-0.79%"
"01/06/2026","40,885","41,289","41,742","40,885","1.11M","-0.96%"
"01/05/2026","41,280","42,027","42,136","41,035","387.88K","-1.83%"
"01/02/2026","42,051","42,420","42,420","41,527","331.96K","-0.32%"
"12/31/2025","42,187","42,131","42,316","41,850","104.90K","0.35%"
"12/30/2025","42,039","42,250","42,359","41,971","278.58K","-0.09%"
"12/29/2025","42,078","41,659","42,222","41,659","308.94K","1.24%"
"12/24/2025","41,562","41,899","41,899","41,505","157.90K","-0.34%"
"12/23/2025","41,702","40,967","41,777","40,967","313.70K","1.34%"
"12/22/2025","41,152","41,500","41,631","40,927","358.07K","-1.31%"
"12/19/2025","41,698","41,530","42,839","40,400","1.93M","-0.65%"
"12/18/2025","41,969","41,700","42,457","41,668","2.21M","0.71%"
"12/17/2025","41,672","41,323","41,855","40,792","591.84K","0.84%"
"12/15/2025","41,324","41,263","41,747","40,570","375.34K","2.27%"
"12/12/2025","40,408","40,431","41,573","40,408","919.55K","-1.87%"
"12/11/2025","41,177","41,999","41,999","40,663","845.71K","-0.06%"
"12/10/2025","41,201","42,419","42,419","41,106","568.02K","-1.39%"
"12/09/2025","41,780","41,622","42,157","41,472","773.62K","0.07%"
"12/08/2025","41,750","41,000","42,066","41,000","821.42K","1.35%"
"12/05/2025","41,192","40,826","41,397","40,812","473.52K","0.93%"
"12/04/2025","40,814","40,917","41,378","40,740","598.52K","-0.53%"
"12/03/2025","41,033","40,586","41,370","40,586","394.11K","-0.31%"
"12/02/2025","41,160","40,451","41,346","40,451","720.67K","0.71%"
"12/01/2025","40,868","40,750","41,249","40,224","833.88K","0.05%"
"11/28/2025","40,849","41,298","41,298","40,529","984.18K","-0.12%"
"11/27/2025","40,900","41,300","41,618","40,561","1.25M","-1.17%"
"11/26/2025","41,385","41,450","41,998","41,341","1.29M","-0.07%"
"11/25/2025","41,414","41,690","41,690","41,191","980.82K","-0.44%"
"11/24/2025","41,598","42,298","42,298","41,543","1.66M","-0.54%"
"11/21/2025","41,825","42,500","42,802","41,500","765.56K","-0.91%"
"11/20/2025","42,207","42,361","42,692","41,908","895.97K","0.89%"
"11/19/2025","41,835","42,000","42,005","41,112","619.50K","1.30%"
"11/18/2025","41,300","41,701","42,192","41,101","998.32K","-0.96%"
"11/17/2025","41,700","42,555","42,555","41,700","590.30K","-0.79%"
"11/14/2025","42,032","41,953","42,575","41,710","1.17M","-0.82%"
"11/13/2025","42,378","43,000","43,200","41,708","1.31M","-0.35%"
"11/12/2025","42,526","42,123","43,900","42,123","1.06M","1.40%"
"11/11/2025","41,937","42,239","42,606","41,900","703.35K","-1.03%"
"11/10/2025","42,374","43,110","43,125","42,308","762.56K","-1.24%"
"11/07/2025","42,906","43,075","43,230","42,484","521.68K","-0.73%"
"11/06/2025","43,221","42,503","43,221","42,262","656.40K","1.23%"
"11/05/2025","42,697","42,345","42,697","42,002","981.64K","0.99%"
"11/04/2025","42,279","42,170","43,119","42,170","849.40K","-1.38%"
"11/03/2025","42,869","42,500","43,240","42,500","620.88K","-0.05%"
"10/31/2025","42,889","42,603","43,407","42,001","1.07M","-0.54%"
"10/30/2025","43,120","43,702","44,420","42,961","760.50K","-1.54%"
"10/29/2025","43,795","44,500","44,672","43,765","518.88K","-2.06%"
"10/28/2025","44,715","44,000","45,489","44,000","741.09K","0.41%"
"10/27/2025","44,532","44,618","44,955","44,069","456.80K","-0.19%"
"10/24/2025","44,618","44,550","45,757","44,194","455.42K","-0.64%"
"10/23/2025","44,906","44,719","44,993","44,105","429.52K","-0.21%"
"10/22/2025","45,000","44,100","45,147","44,100","711.69K","1.01%"
"10/21/2025","44,552","43,999","44,846","43,430","1.31M","2.42%"
"10/20/2025","43,500","44,900","44,900","43,008","687.24K","0.15%"
"10/17/2025","43,437","44,200","44,200","43,212","556.35K","-1.24%"
"10/16/2025","43,984","43,945","44,219","43,543","470.47K","-0.12%"
"10/15/2025","44,036","43,901","44,634","43,826","624.62K","-0.39%"
"10/14/2025","44,207","43,950","44,908","43,711","475.43K","-0.43%"
"10/13/2025","44,400","44,596","44,596","43,783","642.74K","0.26%"
"10/10/2025","44,286","43,400","44,564","43,399","595.45K","1.49%"
"10/09/2025","43,636","42,999","44,001","42,800","1.04M","1.81%"
"10/08/2025","42,859","42,400","42,950","42,200","490.92K","0.93%"
"10/07/2025","42,466","42,921","43,476","42,466","939.90K","-1.13%"
"10/06/2025","42,953","42,900","43,257","42,549","499.13K","-0.65%"
"10/03/2025","43,232","43,640","43,640","42,733","584.23K","0.17%"
"10/02/2025","43,157","43,052","43,715","42,931","492.32K","-0.46%"
"10/01/2025","43,358","43,399","43,508","42,971","681.79K","0.31%"
"09/30/2025","43,225","43,450","43,450","42,732","642.26K","0.52%"
"09/29/2025","43,000","43,050","43,527","42,582","670.64K","-0.12%"
"09/26/2025","43,052","43,234","43,474","42,716","518.29K","-0.67%"
"09/25/2025","43,343","42,701","43,350","42,036","1.11M","0.80%"
"09/23/2025","43,000","44,056","44,056","42,901","700.67K","-2.84%"
"09/22/2025","44,259","45,057","45,057","43,906","582.28K","-1.32%"
"09/19/2025","44,851","45,210","45,210","43,170","1.42M","0.13%"
"09/18/2025","44,791","45,004","45,471","44,628","2.08M","0.32%"
"09/17/2025","44,650","45,000","45,000","44,470","759.54K","-0.51%"
"09/16/2025","44,881","44,584","44,953","44,175","601.43K","0.34%"
"09/15/2025","44,727","44,683","45,014","44,575","538.79K","-0.60%"
"09/12/2025","44,995","44,700","44,995","44,178","834.12K","0.77%"
"09/11/2025","44,650","44,922","45,208","44,307","643.21K","-1.09%"
"09/10/2025","45,143","44,765","45,147","44,583","614.68K","0.82%"
"09/09/2025","44,776","44,000","44,851","44,000","1.03M","1.04%"
"09/08/2025","44,317","45,000","45,000","43,820","636.38K","-0.19%"
"09/05/2025","44,400","44,487","44,704","43,600","579.11K","1.60%"
"09/04/2025","43,700","43,705","44,099","43,550","531.24K","-0.22%"
"09/03/2025","43,796","44,698","44,698","43,644","968.65K","-1.54%"
"09/02/2025","44,481","46,455","46,455","44,481","1.06M","-3.33%"
"09/01/2025","46,013","46,126","46,948","45,847","1.08M","-0.24%"
"08/29/2025","46,126","45,531","46,361","45,421","1.05M","1.31%"
"08/28/2025","45,531","46,599","46,599","45,161","951.47K","0.42%"
"08/27/2025","45,339","47,182","47,182","45,001","1.46M","-3.67%"
"08/26/2025","47,066","46,300","47,442","46,016","1.58M","0.63%"
"08/25/2025","46,771","46,893","47,022","46,413","352.60K","-0.78%"
"08/22/2025","47,137","46,899","47,137","46,428","650.03K","1.63%"
"08/21/2025","46,380","46,499","47,347","46,380","334.93K","-1.00%"
"08/20/2025","46,850","46,920","47,108","46,517","375.89K","0.18%"
"08/19/2025","46,764","45,915","46,764","45,915","335.77K","1.15%"
"08/18/2025","46,233","45,961","47,039","45,901","277.43K","-0.36%"
"08/15/2025","46,402","46,344","46,754","45,981","197.72K","0.10%"
"08/14/2025","46,354","45,630","46,501","45,630","291.02K","0.06%"
"08/13/2025","46,326","46,200","46,539","45,901","373.79K","0.78%"
"08/12/2025","45,967","46,199","46,199","45,451","476.95K","0.74%"
"08/11/2025","45,630","45,502","46,076","45,222","414.05K","-0.07%"
"08/08/2025","45,662","45,251","45,800","45,146","549.02K","1.12%"
"08/07/2025","45,157","45,768","45,768","44,866","643.56K","0.04%"
"08/06/2025","45,139","45,000","45,234","44,645","711.13K","0.00%"
"08/05/2025","45,137","44,500","45,446","44,500","705.72K","0.00%"
"08/04/2025","45,136","45,799","45,799","44,774","640.47K","-0.47%"
"08/01/2025","45,350","45,710","45,710","44,857","570.53K","-0.98%"
"07/31/2025","45,800","45,001","46,000","45,001","464.07K","0.26%"
"07/30/2025","45,683","44,911","45,696","44,631","279.43K","1.83%"
"07/29/2025","44,861","44,055","45,110","44,055","455.08K","0.41%"
"07/28/2025","44,678","44,150","44,819","44,082","397.34K","1.20%"
"07/25/2025","44,150","44,374","44,652","44,009","409.98K","-0.84%"
"07/24/2025","44,522","44,800","45,179","44,197","372.05K","-0.91%"
"07/23/2025","44,930","45,528","45,532","44,619","703.04K","-0.60%"
"07/22/2025","45,200","45,832","45,952","45,186","349.23K","-0.72%"
"07/21/2025","45,530","45,685","45,973","45,278","356.43K","-0.34%"
"07/18/2025","45,685","45,925","45,925","45,100","668.99K","0.72%"
"07/17/2025","45,360","45,000","45,597","44,822","726.87K","1.64%"
"07/16/2025","44,626","44,589","44,689","43,616","1.05M","0.57%"
"07/15/2025","44,373","44,878","44,968","44,317","432.02K","-0.21%"
"07/14/2025","44,466","45,140","45,140","44,413","538.73K","-0.98%"
"07/11/2025","44,904","45,774","46,419","44,816","714.88K","-1.86%"
"07/10/2025","45,753","45,301","47,071","45,301","402.95K","0.58%"
"07/09/2025","45,490","45,524","45,859","45,323","334.12K","0.28%"
"07/08/2025","45,361","45,694","45,768","45,244","558.73K","-0.47%"
"07/07/2025","45,573","46,150","46,150","45,573","379.14K","-1.14%"
"07/04/2025","46,100","45,586","46,638","45,586","354.14K","-0.47%"
"07/03/2025","46,319","45,834","46,740","45,834","446.93K","-0.14%"
"07/02/2025","46,384","47,020","47,033","45,664","824.31K","-0.89%"
"07/01/2025","46,800","47,441","47,441","46,369","359.97K","0.12%"
"06/30/2025","46,743","46,678","47,459","46,678","461.09K","-0.75%"
"06/27/2025","47,096","46,000","47,162","45,616","430.08K","2.38%"
"06/26/2025","46,000","46,619","46,619","45,564","699.36K","0.12%"
"06/25/2025","45,945","45,550","46,540","45,550","585.41K","0.11%"
"06/24/2025","45,895","45,600","46,385","45,485","348.89K","0.96%"
"06/23/2025","45,459","45,900","45,983","45,183","396.71K","-0.84%"
"06/20/2025","45,843","46,199","46,199","45,453","2.05M","0.80%"
"06/19/2025","45,481","44,199","46,132","44,191","2.35M","2.08%"
"06/18/2025","44,554","43,800","44,711","43,800","698.24K","0.27%"
"06/17/2025","44,433","44,350","45,910","43,556","1.33M","0.10%"
"06/13/2025","44,387","46,000","46,489","44,387","1.10M","-3.98%"
"06/12/2025","46,226","46,250","46,449","45,971","345.77K","0.06%"
"06/11/2025","46,200","46,840","47,029","46,075","648.20K","-1.37%"
"06/10/2025","46,840","47,357","47,357","46,037","625.48K","1.66%"
"06/09/2025","46,074","46,200","46,991","45,614","543.19K","-0.83%"
"06/06/2025","46,460","47,999","47,999","46,356","431.20K","-1.74%"
"06/05/2025","47,284","48,004","48,361","47,046","517.23K","-0.41%"
"06/04/2025","47,480","47,765","47,825","47,036","277.84K","0.90%"
"06/03/2025","47,057","47,620","47,820","46,594","511.78K","-0.06%"
"06/02/2025","47,085","47,632","47,647","46,823","598.26K","-1.15%"
"05/30/2025","47,632","46,726","48,027","46,726","1.68M","0.40%"
"05/29/2025","47,444","47,521","47,683","46,673","566.76K","1.65%"
"05/28/2025","46,673","47,311","47,897","46,600","486.54K","-2.11%"
"05/27/2025","47,678","45,100","49,798","45,100","885.43K","1.71%"
"05/26/2025","46,876","46,725","47,863","46,120","371.28K","0.36%"
"05/23/2025","46,707","46,494","47,376","46,157","407.35K","0.56%"
"05/22/2025","46,448","47,549","47,569","46,154","806.72K","-1.38%"
"05/21/2025","47,100","47,500","47,958","47,029","628.12K","-0.84%"
"05/20/2025","47,500","47,244","48,090","47,244","542.38K","-0.43%"
"05/19/2025","47,707","47,200","48,098","47,008","673.38K","-0.49%"
"05/16/2025","47,941","47,200","48,100","47,200","333.76K","0.93%"
"05/15/2025","47,500","46,976","48,054","46,976","731.21K","-0.08%"
"05/14/2025","47,539","47,100","47,997","47,076","917.65K","-0.31%"
"05/13/2025","47,687","47,350","47,687","46,944","902.77K","0.61%"
"05/12/2025","47,398","47,178","48,213","47,178","522.85K","-0.07%"
"05/09/2025","47,429","47,499","47,970","47,200","873.09K","0.46%"
"05/08/2025","47,211","46,805","47,457","46,805","797.92K","0.88%"
"05/07/2025","46,800","47,373","47,373","46,608","692.04K","-0.58%"
"05/06/2025","47,074","46,541","47,150","46,541","517.90K","0.43%"
"05/05/2025","46,874","47,300","47,300","46,081","782.38K","-0.56%"
"05/02/2025","47,138","46,500","47,578","46,500","425.31K","0.83%"
"04/30/2025","46,750","45,200","47,165","45,200","757.52K","0.01%"
"04/29/2025","46,746","46,500","46,900","45,471","601.07K","0.25%"
"04/25/2025","46,631","46,800","46,996","46,323","926.32K","0.66%"
"04/24/2025","46,326","46,950","46,950","45,573","683.77K","0.24%"
"04/23/2025","46,215","46,000","46,947","45,988","726.67K","0.73%"
"04/22/2025","45,879","46,025","46,250","45,520","525.12K","0.78%"
"04/17/2025","45,526","45,700","46,192","45,300","642.47K","-0.74%"
"04/16/2025","45,865","44,404","46,464","44,125","573.43K","1.96%"
"04/15/2025","44,983","44,500","45,343","44,218","643.61K","1.26%"
"04/14/2025","44,425","43,072","44,477","43,072","616.42K","2.92%"
"04/11/2025","43,165","42,801","44,085","42,635","566.32K","-0.09%"
"04/10/2025","43,203","44,099","44,198","42,748","888.11K","1.92%"
"04/09/2025","42,390","43,504","43,504","41,645","1.43M","-2.56%"
"04/08/2025","43,505","43,679","44,044","42,301","1.82M","1.65%"
"04/07/2025","42,800","42,501","43,662","40,837","1.56M","-0.77%"
"04/04/2025","43,131","43,800","44,747","43,131","1.41M","-1.53%"
"04/03/2025","43,800","45,200","45,480","43,002","2.00M","-3.77%"
"04/02/2025","45,517","44,600","45,627","44,600","1.18M","1.63%"
"04/01/2025","44,786","44,436","44,937","43,991","925.05K","1.91%"
"03/31/2025","43,945","44,000","44,375","43,455","920.83K","0.33%"
"03/28/2025","43,800","43,589","44,172","43,352","605.15K","0.53%"
"03/27/2025","43,570","44,500","44,500","42,960","424.96K","0.59%"
"03/26/2025","43,316","43,799","43,799","43,222","422.96K","-1.55%"
"03/25/2025","44,000","42,801","44,200","42,801","601.60K","1.62%"
"03/24/2025","43,300","43,198","43,781","43,132","597.48K","-0.05%"
"03/20/2025","43,323","43,401","43,684","42,803","2.77M","0.05%"
"03/19/2025","43,301","42,733","43,658","42,709","536.63K","1.36%"
"03/18/2025","42,720","42,700","43,093","42,369","524.95K","-0.24%"
"03/17/2025","42,824","43,200","43,280","42,824","526.67K","-0.21%"
"03/14/2025","42,913","42,799","43,315","42,488","639.55K","0.81%"
"03/13/2025","42,570","42,578","42,838","42,317","953.34K","-0.43%"
"03/12/2025","42,752","42,769","43,456","42,729","1.05M","-0.04%"
"03/11/2025","42,769","43,101","43,529","42,570","1.11M","-1.89%"
"03/10/2025","43,594","43,101","43,772","43,101","674.01K","0.46%"
"03/07/2025","43,395","43,200","43,748","42,880","603.21K","0.06%"
"03/06/2025","43,368","44,150","44,894","43,273","782.87K","-0.12%"
"03/05/2025","43,420","43,930","44,265","43,260","943.93K","-1.05%"
"03/04/2025","43,879","44,754","45,087","43,806","1.19M","-3.19%"
"03/03/2025","45,326","45,002","45,609","44,306","709.82K","0.64%"
"02/28/2025","45,038","45,854","46,999","45,038","1.59M","-2.39%"
"02/27/2025","46,141","47,000","47,000","45,697","833.90K","-0.50%"
"02/26/2025","46,371","46,900","47,000","45,000","995.51K","-1.20%"
"02/25/2025","46,936","46,001","47,446","46,001","536.74K","0.30%"
"02/24/2025","46,796","46,775","47,516","46,677","565.51K","-1.01%"
"02/21/2025","47,274","46,794","47,746","46,484","344.94K","0.16%"
"02/20/2025","47,200","46,915","47,598","46,237","588.37K","0.03%"
"02/19/2025","47,186","45,958","47,500","45,958","727.63K","1.69%"
"02/18/2025","46,402","45,800","46,700","45,681","519.13K","1.05%"
"02/17/2025","45,920","46,400","47,889","45,866","832.17K","-1.08%"
"02/14/2025","46,422","47,600","47,619","46,422","603.44K","-1.36%"
"02/13/2025","47,064","47,441","47,682","47,064","869.32K","-0.99%"
"02/12/2025","47,533","47,900","48,166","47,134","795.93K","-0.48%"
"02/11/2025","47,763","47,770","47,854","47,370","607.14K","0.44%"
"02/10/2025","47,552","47,505","48,497","47,246","675.22K","-0.10%"
"02/07/2025","47,600","47,700","48,301","47,446","756.18K","0.16%"
"02/06/2025","47,524","46,754","47,660","46,748","553.83K","1.79%"
"02/05/2025","46,689","46,602","46,958","46,504","543.67K","-0.46%"
"02/04/2025","46,907","46,680","47,481","46,513","481.89K","-0.77%"
"02/03/2025","47,269","47,600","47,640","46,801","390.53K","-0.80%"
"01/31/2025","47,650","46,935","47,856","46,914","713.20K","1.75%"
"01/30/2025","46,832","47,039","47,117","46,182","755.11K","1.21%"
"01/29/2025","46,272","46,300","46,643","45,798","500.14K","0.42%"
"01/28/2025","46,078","45,804","46,299","45,100","1.23M","0.42%"
"01/27/2025","45,886","46,114","46,346","44,649","1.09M","-0.64%"
"01/24/2025","46,183","45,950","46,890","45,950","814.05K","0.36%"
"01/23/2025","46,016","45,800","46,672","45,502","849.93K","0.42%"
"01/22/2025","45,824","46,393","46,393","45,569","698.18K","-0.04%"
"01/21/2025","45,841","46,620","46,620","45,610","667.14K","-0.98%"
"01/20/2025","46,293","46,120","46,500","45,595","913.58K","1.09%"
"01/17/2025","45,795","44,900","46,201","44,837","884.96K","1.94%"
"01/16/2025","44,925","43,989","44,940","43,800","893.20K","2.57%"
"01/15/2025","43,799","43,036","44,020","42,282","785.09K","2.95%"
"01/14/2025","42,542","43,800","43,800","42,405","681.93K","-1.54%"
"01/13/2025","43,208","44,084","44,902","43,072","842.32K","-3.24%"
"01/10/2025","44,654","44,000","44,887","43,903","670.43K","1.08%"
"01/09/2025","44,179","43,834","44,844","43,592","380.35K","0.34%"
"01/08/2025","44,031","43,999","44,031","42,930","896.90K","1.33%"
"01/07/2025","43,453","43,229","45,538","43,088","765.94K","0.70%"
"01/06/2025","43,150","43,297","43,513","42,973","460.86K","-0.48%"
"01/03/2025","43,357","43,300","43,394","42,900","285.39K","0.13%"
"01/02/2025","43,300","43,052","43,660","43,052","281.03K","0.56%"
"12/31/2024","43,057","43,000","43,381","43,000","220.73K","-0.57%"
"12/30/2024","43,303","43,080","43,563","42,900","324.44K","-0.71%"
"12/27/2024","43,612","43,000","44,650","42,926","422.16K","-0.41%"
"12/24/2024","43,793","43,507","44,349","43,507","77.75K","-0.09%"
"12/23/2024","43,833","43,600","44,030","43,556","507.08K","-0.50%"
"12/20/2024","44,054","43,388","44,054","42,841","2.15M","1.97%"
"12/19/2024","43,205","43,749","43,749","42,700","2.73M","-0.42%"
"12/18/2024","43,388","43,600","44,325","43,363","358.02K","-0.83%"
"12/17/2024","43,752","44,060","45,055","43,547","1.10M","-2.12%"
"12/13/2024","44,700","45,500","45,500","44,274","591.93K","0.51%"
"12/12/2024","44,471","44,993","45,213","44,464","387.33K","-0.74%"
"12/11/2024","44,802","44,768","45,078","44,500","362.48K","0.10%"
"12/10/2024","44,757","44,666","45,121","44,500","295.58K","-0.02%"
"12/09/2024","44,768","45,480","45,584","44,275","530.01K","0.15%"
"12/06/2024","44,700","45,000","45,249","44,537","498.47K","-0.95%"
"12/05/2024","45,127","44,566","45,631","44,566","633.42K","-0.16%"
"12/04/2024","45,200","44,848","45,500","44,732","557.44K","1.05%"
"12/03/2024","44,732","44,999","44,999","44,500","595.98K","0.31%"
"12/02/2024","44,594","43,988","44,812","43,988","385.58K","1.07%"
"11/29/2024","44,121","44,383","44,443","43,908","722.32K","-0.48%"
"11/28/2024","44,332","44,501","44,822","44,268","343.36K","-0.31%"
"11/27/2024","44,471","44,950","44,950","44,339","443.30K","-0.42%"
"11/26/2024","44,659","44,001","44,810","43,911","373.98K","0.92%"
"11/25/2024","44,253","45,133","45,948","44,250","1.24M","-0.97%"
"11/22/2024","44,687","44,799","45,164","44,542","518.44K","-0.35%"
"11/21/2024","44,846","45,484","45,484","44,669","449.06K","-0.18%"
"11/20/2024","44,927","45,400","45,400","44,567","327.38K","0.53%"
"11/19/2024","44,692","45,330","45,330","44,625","394.96K","-0.94%"
"11/18/2024","45,115","45,865","46,230","45,000","617.69K","-1.63%"
"11/15/2024","45,863","45,645","46,181","45,614","743.94K","-0.04%"
"11/14/2024","45,883","44,450","46,700","44,401","1.49M","2.46%"
"11/13/2024","44,783","45,998","45,998","44,651","1.14M","-2.02%"
"11/12/2024","45,706","43,995","46,785","42,625","2.09M","6.08%"
"11/11/2024","43,085","43,750","43,750","42,598","1.15M","-1.39%"
"11/08/2024","43,691","43,800","43,800","43,295","538.60K","0.90%"
"11/07/2024","43,301","43,491","44,039","42,939","745.97K","0.38%"
"11/06/2024","43,137","42,751","43,773","42,100","1.12M","1.20%"
"11/05/2024","42,626","41,800","42,630","41,439","730.50K","1.44%"
"11/04/2024","42,021","42,195","42,687","41,802","675.93K","-1.07%"
"11/01/2024","42,474","41,700","42,800","41,601","922.51K","1.82%"
"10/31/2024","41,715","41,882","42,239","41,685","1.15M","-1.26%"
"10/30/2024","42,247","43,000","43,000","41,759","1.23M","-1.06%"
"10/29/2024","42,700","43,104","43,208","42,632","814.08K","-0.77%"
"10/28/2024","43,032","42,700","43,329","42,689","1.24M","0.61%"
"10/25/2024","42,769","43,050","43,205","42,674","680.95K","-0.65%"
"10/24/2024","43,050","43,483","43,854","43,050","524.81K","-1.08%"
"10/23/2024","43,519","43,600","43,800","43,230","316.74K","-0.16%"
"10/22/2024","43,590","44,416","44,416","43,382","583.03K","-1.25%"
"10/21/2024","44,141","44,380","44,555","44,014","444.56K","-1.18%"
"10/18/2024","44,670","44,651","44,811","44,155","302.55K","0.47%"
"10/17/2024","44,459","44,704","44,860","44,226","255.36K","-0.07%"
"10/16/2024","44,490","44,800","44,800","44,038","463.75K","0.32%"
"10/15/2024","44,349","44,101","44,618","43,941","522.37K","0.02%"
"10/14/2024","44,342","44,442","44,800","44,102","393.09K","-0.58%"
"10/11/2024","44,600","44,001","44,617","44,001","458.72K","0.38%"
"10/10/2024","44,430","43,711","44,430","43,711","549.86K","0.45%"
"10/09/2024","44,230","44,900","44,900","43,574","436.51K","0.30%"
"10/08/2024","44,096","44,500","44,500","43,379","681.39K","0.28%"
"10/07/2024","43,972","44,341","44,364","43,928","635.08K","-0.45%"
"10/04/2024","44,172","44,254","44,426","43,733","549.27K","0.39%"
"10/03/2024","44,000","44,400","44,587","43,626","814.80K","-0.32%"
"10/02/2024","44,141","44,035","44,393","43,900","632.99K","0.11%"
"10/01/2024","44,092","44,085","44,919","43,535","941.04K","-0.41%"
"09/30/2024","44,275","45,000","45,000","44,033","1.22M","-0.64%"
"09/27/2024","44,558","44,063","44,757","43,815","695.19K","1.12%"
"09/26/2024","44,063","44,899","44,899","43,682","1.23M","-0.32%"
"09/25/2024","44,205","44,550","45,612","43,694","926.78K","-1.36%"
"09/23/2024","44,813","44,329","45,103","44,325","625.43K","1.09%"
"09/20/2024","44,329","44,255","44,755","44,255","1.15M","-0.16%"
"09/19/2024","44,402","44,399","45,000","44,214","2.01M","0.00%"
"09/18/2024","44,400","44,884","44,884","43,943","556.81K","-0.30%"
"09/17/2024","44,533","44,184","44,811","43,692","574.78K","1.60%"
"09/16/2024","43,830","44,895","44,895","43,611","683.83K","-2.37%"
"09/13/2024","44,895","45,000","45,000","43,874","794.91K","1.35%"
"09/12/2024","44,296","44,816","44,846","44,100","562.08K","-0.64%"
"09/11/2024","44,580","44,100","44,744","43,870","562.62K","-0.21%"
"09/10/2024","44,675","44,250","45,034","44,183","834.29K","0.33%"
"09/09/2024","44,526","45,250","45,250","44,143","475.08K","-0.31%"
"09/06/2024","44,664","45,500","45,500","44,596","693.13K","-1.63%"
"09/05/2024","45,404","45,738","45,738","45,000","788.51K","0.23%"
"09/04/2024","45,300","44,500","45,980","44,500","984.03K","0.32%"
"09/03/2024","45,154","44,850","45,318","44,261","714.87K","1.38%"
"09/02/2024","44,541","45,817","45,817","44,329","597.21K","-0.83%"
"08/30/2024","44,914","45,615","45,749","44,302","1.37M","-1.54%"
"08/29/2024","45,615","44,000","45,659","43,810","865.83K","3.67%"
"08/28/2024","44,000","42,750","45,920","42,304","2.07M","4.54%"
"08/27/2024","42,090","42,499","42,499","41,600","1.50M","1.11%"
"08/26/2024","41,627","43,608","44,435","41,539","1.04M","-3.76%"
"08/23/2024","43,252","43,600","44,024","43,240","687.81K","0.03%"
"08/22/2024","43,240","43,250","44,049","43,018","375.19K","0.27%"
"08/21/2024","43,125","43,100","43,685","42,936","558.22K","0.14%"
"08/20/2024","43,064","44,500","44,500","43,064","359.54K","-1.70%"
"08/19/2024","43,810","43,696","44,250","43,524","600.78K","0.46%"
"08/16/2024","43,611","43,100","43,890","43,100","775.46K","1.04%"
"08/15/2024","43,161","43,100","44,000","43,100","911.05K","-1.51%"
"08/14/2024","43,822","42,600","43,966","42,600","853.68K","2.23%"
"08/13/2024","42,865","43,410","43,410","42,679","588.16K","-0.02%"
"08/12/2024","42,873","42,839","43,128","42,225","559.31K","0.41%"
"08/08/2024","42,700","43,164","43,230","42,500","1.17M","-1.07%"
"08/07/2024","43,164","43,581","43,642","42,848","689.36K","0.36%"
"08/06/2024","43,011","42,800","43,569","42,527","629.74K","-0.58%"
"08/05/2024","43,264","43,300","43,640","42,552","508.01K","-1.09%"
"08/02/2024","43,742","44,210","44,943","43,742","424.40K","-1.45%"
"08/01/2024","44,387","45,621","45,621","44,375","340.46K","-2.08%"
"07/31/2024","45,331","44,121","45,571","44,121","812.41K","2.07%"
"07/30/2024","44,412","43,900","44,799","43,900","503.72K","0.30%"
"07/29/2024","44,278","44,621","44,823","44,216","410.69K","-0.07%"
"07/26/2024","44,308","44,420","44,807","43,931","451.91K","-1.13%"
"07/25/2024","44,814","43,100","44,814","43,100","607.10K","1.31%"
"07/24/2024","44,233","43,002","44,487","43,002","453.18K","0.43%"
"07/23/2024","44,045","44,200","44,200","43,596","473.46K","-0.12%"
"07/22/2024","44,100","43,505","44,170","43,424","432.77K","1.10%"
"07/19/2024","43,620","43,700","43,795","42,747","685.07K","-0.30%"
"07/18/2024","43,750","43,000","43,816","42,764","1.03M","2.98%"
"07/17/2024","42,483","42,201","42,883","42,162","671.29K","-0.04%"
"07/16/2024","42,502","42,401","42,953","42,133","997.30K","-0.46%"
"07/15/2024","42,698","42,100","42,698","41,682","1.46M","1.44%"
"07/12/2024","42,091","41,980","42,471","41,811","675.40K","-0.07%"
"07/11/2024","42,119","42,297","42,882","41,849","430.61K","-0.61%"
"07/10/2024","42,379","42,517","43,030","42,185","435.18K","-0.32%"
"07/09/2024","42,517","42,389","42,648","42,240","346.32K","0.30%"
"07/08/2024","42,388","42,071","42,991","42,071","258.15K","-0.24%"
"07/05/2024","42,489","43,492","43,492","42,225","438.57K","-1.60%"
"07/04/2024","43,179","42,500","43,777","42,500","262.10K","0.82%"
"07/03/2024","42,828","42,220","43,592","42,220","912.29K","-0.01%"
"07/02/2024","42,834","41,350","42,941","41,350","942.91K","3.53%"
"07/01/2024","41,375","43,078","43,078","41,292","1.27M","-2.62%"
"06/28/2024","42,487","42,501","43,037","42,365","1.09M","-0.13%"
"06/27/2024","42,541","43,000","43,514","42,208","968.01K","-1.35%"
"06/26/2024","43,121","42,915","43,681","42,636","1.02M","0.76%"
"06/25/2024","42,797","42,553","42,950","42,280","634.93K","0.57%"
"06/24/2024","42,553","43,200","43,200","42,002","612.92K","1.15%"
"06/21/2024","42,071","41,501","42,869","41,501","2.00M","-0.90%"
"06/20/2024","42,451","42,701","43,050","42,080","2.70M","-0.70%"
"06/19/2024","42,750","41,559","43,078","41,377","1.35M","2.87%"
"06/18/2024","41,559","40,859","42,083","40,489","1.86M","2.63%"
"06/14/2024","40,495","40,911","41,572","40,043","1.39M","-1.32%"
"06/13/2024","41,036","42,393","42,441","40,923","791.10K","-2.68%"
"06/12/2024","42,164","43,000","43,000","42,098","855.62K","-0.99%"
"06/11/2024","42,584","42,702","42,728","42,252","678.61K","-0.04%"
"06/10/2024","42,600","42,000","42,733","42,000","552.42K","0.00%"
"06/07/2024","42,600","42,150","42,773","42,150","494.02K","-0.71%"
"06/06/2024","42,903","41,600","43,000","41,600","1.08M","2.05%"
"06/05/2024","42,042","41,824","42,528","41,194","863.95K","1.42%"
"06/04/2024","41,452","41,500","41,989","41,128","1.14M","-0.92%"
"06/03/2024","41,837","42,100","42,106","41,181","673.03K","0.61%"
"05/31/2024","41,584","42,000","42,757","41,584","2.68M","-1.46%"
"05/30/2024","42,200","42,120","42,495","41,475","1.37M","0.19%"
"05/28/2024","42,118","41,801","42,728","41,801","764.72K","0.46%"
"05/27/2024","41,927","41,731","42,500","41,502","813.10K","1.26%"
"05/24/2024","41,406","42,225","42,652","41,264","1.71M","-1.96%"
"05/23/2024","42,234","42,666","44,091","42,100","1.56M","-1.29%"
"05/22/2024","42,787","42,995","43,617","42,756","1.01M","0.11%"
"05/21/2024","42,738","43,191","43,435","42,431","814.79K","-0.95%"
"05/20/2024","43,150","43,234","43,500","42,905","646.94K","0.03%"
"05/17/2024","43,138","43,711","44,259","43,138","843.18K","-1.31%"
"05/16/2024","43,711","44,001","44,382","43,711","506.14K","-1.10%"
"05/15/2024","44,198","44,100","44,665","44,017","516.36K","0.22%"
"05/14/2024","44,100","44,441","44,441","43,950","769.96K","-0.31%"
"05/13/2024","44,238","43,375","44,300","42,654","1.01M","2.97%"
"05/10/2024","42,963","43,999","43,999","42,855","679.80K","-0.89%"
"05/09/2024","43,349","43,500","43,889","43,089","377.74K","-1.01%"
"05/08/2024","43,790","43,328","43,949","43,328","524.82K","0.91%"
"05/07/2024","43,395","43,299","43,957","42,944","545.71K","0.88%"
"05/06/2024","43,018","42,951","43,651","42,951","724.27K","-0.49%"
"05/03/2024","43,229","43,177","43,605","42,768","569.28K","0.86%"
"05/02/2024","42,860","43,159","44,624","42,534","857.38K","-0.69%"
"04/30/2024","43,158","42,462","43,664","42,462","1.04M","1.32%"
"04/29/2024","42,594","42,460","42,831","42,398","710.08K","0.08%"
"04/26/2024","42,562","42,055","42,829","42,055","480.55K","0.86%"
"04/25/2024","42,200","42,511","42,661","42,056","612.58K","-0.94%"
"04/24/2024","42,600","42,500","42,648","41,695","535.37K","0.95%"
"04/23/2024","42,198","42,301","42,333","41,905","469.15K","0.09%"
"04/22/2024","42,160","42,369","42,511","41,387","708.05K","1.47%"
"04/19/2024","41,550","41,600","41,745","41,361","740.48K","-0.12%"
"04/18/2024","41,600","41,580","41,739","41,360","966.14K","0.13%"
"04/17/2024","41,544","42,100","42,495","41,251","1.06M","-2.01%"
"04/16/2024","42,397","42,500","42,636","41,295","1.16M","0.13%"
"04/15/2024","42,342","43,001","43,366","42,144","898.14K","-2.23%"
"04/12/2024","43,306","44,875","44,875","43,141","1.14M","-1.58%"
"04/11/2024","44,000","44,000","44,309","43,548","914.36K","-0.37%"
"04/10/2024","44,165","43,000","44,276","43,000","943.15K","0.78%"
"04/09/2024","43,825","43,500","44,192","43,056","1.25M","0.75%"
"04/08/2024","43,500","44,782","45,035","43,500","1.40M","-2.86%"
"04/05/2024","44,782","44,920","45,569","44,662","799.36K","-2.33%"
"04/04/2024","45,849","45,300","46,075","44,968","708.65K","1.46%"
"04/03/2024","45,189","46,874","46,874","45,156","1.05M","-2.15%"
"04/02/2024","46,184","46,874","46,978","45,896","766.97K","0.01%"
"03/28/2024","46,181","46,122","46,631","46,022","530.29K","-0.52%"
"03/27/2024","46,422","46,800","46,800","46,170","504.81K","-0.15%"
"03/26/2024","46,493","46,200","46,507","45,919","769.65K","0.42%"
"03/25/2024","46,300","45,150","46,760","45,150","899.05K","1.71%"
"03/22/2024","45,520","46,000","46,000","45,105","853.44K","-0.36%"
"03/20/2024","45,685","44,381","45,685","44,013","2.61M","2.62%"
"03/19/2024","44,518","44,743","45,002","44,049","746.60K","-1.31%"
"03/18/2024","45,107","44,639","45,997","44,639","997.03K","-0.39%"
"03/15/2024","45,283","45,000","45,918","45,000","2.80M","-0.40%"
"03/14/2024","45,463","46,000","46,000","45,124","520.40K","-0.08%"
"03/13/2024","45,499","44,539","45,704","44,539","397.42K","1.33%"
"03/12/2024","44,900","44,505","45,999","44,505","409.76K","-1.06%"
"03/11/2024","45,380","45,197","46,052","45,000","631.54K","-0.72%"
"03/08/2024","45,711","45,161","45,860","44,596","472.78K","0.15%"
"03/07/2024","45,642","45,329","45,920","45,031","587.90K","-0.74%"
"03/06/2024","45,983","44,900","45,983","44,764","527.28K","2.46%"
"03/05/2024","44,877","44,711","45,149","44,199","547.83K","0.37%"
"03/04/2024","44,712","44,285","45,081","44,285","410.79K","0.57%"
"03/01/2024","44,460","45,155","45,155","44,301","734.85K","-0.91%"
"02/29/2024","44,870","45,689","45,903","44,712","1.01M","-0.30%"
"02/28/2024","45,007","45,389","45,512","44,811","320.27K","0.02%"
"02/27/2024","45,000","45,539","45,857","45,000","599.70K","-1.15%"
"02/26/2024","45,525","45,933","46,453","45,218","506.17K","-1.03%"
"02/23/2024","46,000","45,180","46,164","44,771","519.92K","2.09%"
"02/22/2024","45,059","44,235","45,349","43,956","823.50K","1.86%"
"02/21/2024","44,235","43,815","44,664","42,281","1.32M","0.96%"
"02/20/2024","43,815","44,869","44,917","43,244","735.52K","-1.15%"
"02/19/2024","44,324","43,981","44,564","43,664","670.83K","-0.02%"
"02/16/2024","44,334","43,400","44,449","43,400","672.31K","1.22%"
"02/15/2024","43,800","44,130","44,350","43,671","474.23K","-1.24%"
"02/14/2024","44,350","44,400","44,715","44,044","562.37K","-0.64%"
"02/13/2024","44,636","45,000","45,170","44,397","333.28K","-0.55%"
"02/12/2024","44,885","45,272","45,750","44,179","396.89K","0.28%"
"02/09/2024","44,761","44,699","45,171","44,180","527.18K","-1.70%"
"02/08/2024","45,535","46,000","46,275","45,325","446.69K","-1.73%"
"02/07/2024","46,336","46,571","47,300","46,045","625.64K","-1.94%"
"02/06/2024","47,251","47,514","47,816","46,572","497.78K","-0.56%"
"02/05/2024","47,515","47,021","47,515","46,644","440.39K","0.94%"
"02/02/2024","47,072","47,500","47,807","46,672","800.41K","-0.72%"
"02/01/2024","47,413","45,016","47,413","44,650","1.22M","4.40%"
"01/31/2024","45,413","43,900","45,628","43,900","1.06M","2.17%"
"01/30/2024","44,447","45,111","45,303","44,121","485.67K","-0.73%"
"01/29/2024","44,774","44,792","45,268","44,574","516.65K","0.10%"
"01/26/2024","44,728","44,000","44,943","43,101","483.89K","2.36%"
"01/25/2024","43,696","43,691","44,302","43,613","440.68K","-0.60%"
"01/24/2024","43,960","43,750","44,757","43,605","710.47K","-0.33%"
"01/23/2024","44,104","45,500","45,500","43,700","803.54K","-1.96%"
"01/22/2024","44,986","44,401","45,466","44,401","1.04M","0.14%"
"01/19/2024","44,922","44,268","45,269","44,268","1.15M","1.63%"
"01/18/2024","44,203","44,860","45,499","43,800","1.04M","-1.20%"
"01/17/2024","44,742","43,477","44,742","43,390","1.23M","1.71%"
"01/16/2024","43,990","43,426","43,990","43,200","628.67K","0.48%"
"01/15/2024","43,779","43,040","43,779","42,900","584.50K","0.43%"
"01/12/2024","43,591","42,580","43,591","42,000","613.06K","3.37%"
"01/11/2024","42,168","42,359","42,733","41,917","420.21K","-0.39%"
"01/10/2024","42,332","41,600","42,332","41,423","504.01K","1.34%"
"01/09/2024","41,771","41,599","41,793","41,393","471.13K","0.41%"
"01/08/2024","41,600","41,678","41,760","41,315","247.65K","-0.40%"
"01/05/2024","41,768","41,676","41,900","41,292","452.19K","0.77%"
"01/04/2024","41,449","42,000","42,000","40,963","439.44K","-0.52%"
"01/03/2024","41,664","42,299","42,455","41,664","352.00K","-2.08%"
"01/02/2024","42,550","42,025","42,721","42,014","555.63K","-0.27%"
"12/29/2023","42,665","42,679","42,965","41,840","271.30K","0.91%"
"12/28/2023","42,279","42,525","43,031","42,279","295.86K","-0.02%"
"12/27/2023","42,287","42,000","42,471","41,455","717.97K","2.29%"
"12/22/2023","41,341","40,580","42,166","40,580","287.27K","-0.27%"
"12/21/2023","41,453","41,435","41,640","40,566","2.90M","0.04%"
"12/20/2023","41,435","41,196","41,644","40,507","509.05K","2.24%"
"12/19/2023","40,529","40,329","40,750","40,085","631.66K","0.50%"
"12/18/2023","40,329","42,150","42,305","40,123","1.16M","-4.66%"
"12/14/2023","42,301","41,000","42,644","40,222","1.93M","4.62%"
"12/13/2023","40,433","40,505","41,281","40,433","612.19K","0.03%"
"12/12/2023","40,420","41,300","41,608","40,420","658.15K","-1.65%"
"12/11/2023","41,100","40,998","41,437","40,700","616.61K","0.26%"
"12/08/2023","40,995","39,500","41,268","39,496","754.43K","3.26%"
"12/07/2023","39,700","40,301","40,760","39,488","1.07M","-1.87%"
"12/06/2023","40,455","41,380","41,437","40,365","999.19K","-1.89%"
"12/05/2023","41,236","42,000","42,000","40,655","598.54K","-0.54%"
"12/04/2023","41,459","40,976","41,934","40,700","527.09K","1.49%"
"12/01/2023","40,850","41,540","41,540","40,616","606.12K","-1.15%"
"11/30/2023","41,327","41,144","41,555","40,923","885.46K","0.55%"
"11/29/2023","41,100","41,506","41,630","40,779","455.84K","-0.58%"
"11/28/2023","41,338","42,100","42,100","41,000","556.29K","-0.43%"
"11/27/2023","41,517","41,702","41,728","41,053","398.68K","-0.20%"
"11/24/2023","41,599","41,633","41,898","40,828","467.73K","0.37%"
"11/23/2023","41,446","40,720","41,793","40,600","713.52K","2.08%"
"11/22/2023","40,600","40,621","40,950","39,971","1.10M","0.90%"
"11/21/2023","40,237","42,499","42,499","39,765","1.26M","-1.69%"
"11/20/2023","40,927","42,911","42,911","40,927","638.72K","-1.16%"
"11/17/2023","41,406","41,449","42,527","41,406","628.50K","-0.92%"
"11/16/2023","41,792","41,050","42,048","40,966","857.45K","0.63%"
"11/15/2023","41,529","41,327","42,532","40,934","912.06K","0.22%"
"11/14/2023","41,436","43,106","43,783","41,391","999.98K","-3.73%"
"11/13/2023","43,043","42,480","43,100","42,165","699.41K","0.84%"
"11/10/2023","42,685","42,000","42,689","41,875","441.57K","0.51%"
"11/09/2023","42,469","42,000","42,469","41,709","689.63K","1.19%"
"11/08/2023","41,969","40,900","41,969","40,202","928.75K","2.91%"
"11/07/2023","40,784","40,801","41,052","40,032","1.06M","-0.54%"
"11/06/2023","41,006","40,601","41,076","40,453","488.81K","1.02%"
"11/03/2023","40,590","40,900","40,911","40,057","529.83K","-0.05%"
"11/02/2023","40,610","40,345","40,836","40,019","680.93K","1.27%"
"11/01/2023","40,100","40,100","40,320","39,445","732.33K","1.42%"
"10/31/2023","39,539","40,000","40,500","39,313","734.52K","-2.32%"
"10/30/2023","40,478","40,299","40,540","39,811","811.10K","1.75%"
"10/27/2023","39,781","40,700","40,700","39,773","746.05K","-1.55%"
"10/26/2023","40,408","40,500","40,632","39,970","679.84K","-0.18%"
"10/25/2023","40,479","40,900","41,059","39,765","622.81K","-1.19%"
"10/24/2023","40,968","40,805","40,968","40,055","661.01K","1.26%"
"10/23/2023","40,457","40,796","41,195","40,221","770.88K","-0.62%"
"10/20/2023","40,711","40,177","40,965","40,005","881.23K","0.87%"
"10/19/2023","40,360","40,400","40,552","40,027","781.54K","-0.06%"
"10/18/2023","40,385","41,219","41,219","40,344","569.63K","-1.16%"
"10/17/2023","40,859","42,810","42,810","40,550","727.23K","-1.83%"
"10/16/2023","41,619","43,300","43,300","41,107","625.92K","-0.58%"
"10/13/2023","41,860","42,500","43,197","41,860","560.12K","-2.71%"
"10/12/2023","43,025","42,750","43,202","42,460","634.07K","1.00%"
"10/11/2023","42,600","42,937","43,265","42,185","1.16M","-0.78%"
"10/10/2023","42,937","42,290","42,955","41,863","680.39K","2.27%"
"10/09/2023","41,982","42,205","43,205","41,904","537.55K","-1.04%"
"10/06/2023","42,425","42,899","42,899","41,601","743.31K","0.04%"
"10/05/2023","42,410","42,500","42,695","41,269","466.61K","2.20%"
"10/04/2023","41,499","41,901","42,563","41,222","513.71K","-1.21%"
"10/03/2023","42,008","42,044","42,634","41,635","312.09K","0.49%"
"10/02/2023","41,804","42,225","42,782","41,800","596.64K","-1.00%"
"09/29/2023","42,225","42,800","42,800","41,970","598.16K","-1.34%"
"09/28/2023","42,800","42,422","42,800","42,010","668.86K","0.87%"
"09/27/2023","42,431","42,999","42,999","42,030","667.32K","-1.44%"
"09/26/2023","43,050","42,250","43,249","42,020","675.38K","-0.05%"
"09/22/2023","43,072","42,751","43,657","42,751","678.30K","-0.42%"
"09/21/2023","43,252","43,100","43,535","41,886","2.02M","-1.00%"
"09/20/2023","43,691","42,901","43,691","42,901","469.74K","1.38%"
"09/19/2023","43,098","43,500","44,280","42,901","603.62K","-1.61%"
"09/18/2023","43,805","44,600","44,896","43,580","451.91K","-1.85%"
"09/15/2023","44,631","45,948","45,948","44,089","1.90M","1.12%"
"09/14/2023","44,135","43,801","44,575","43,663","899.56K","-0.19%"
"09/13/2023","44,221","44,100","44,550","43,385","1.38M","-0.44%"
"09/12/2023","44,417","45,151","45,788","44,131","1.01M","-2.81%"
"09/11/2023","45,700","45,725","46,025","45,371","896.05K","0.18%"
"09/08/2023","45,618","44,257","45,687","44,084","859.34K","2.66%"
"09/07/2023","44,434","44,282","44,589","43,606","1.03M","0.77%"
"09/06/2023","44,095","44,200","44,200","43,462","946.66K","0.55%"
"09/05/2023","43,854","44,624","44,624","43,200","663.21K","-0.53%"
"09/04/2023","44,088","43,400","44,229","43,112","638.78K","3.12%"
"09/01/2023","42,755","42,391","43,077","41,773","878.81K","0.64%"
"08/31/2023","42,483","43,000","43,600","42,100","1.63M","-1.89%"
"08/30/2023","43,300","40,952","43,510","40,754","1.55M","7.31%"
"08/29/2023","40,352","40,950","41,000","40,352","536.79K","-1.37%"
"08/28/2023","40,914","41,349","41,349","40,724","501.89K","0.47%"
"08/25/2023","40,724","40,697","41,280","40,525","494.40K","0.36%"
"08/24/2023","40,576","41,000","41,496","40,576","668.35K","-0.85%"
"08/23/2023","40,924","41,309","41,826","40,600","833.55K","1.42%"
"08/22/2023","40,351","41,012","41,032","40,131","912.16K","-0.69%"
"08/21/2023","40,633","40,800","41,164","40,284","1.12M","0.44%"
"08/18/2023","40,457","41,151","41,982","40,457","1.89M","-3.53%"
"08/17/2023","41,936","42,650","42,654","41,311","491.36K","-0.06%"
"08/16/2023","41,960","42,800","42,800","41,239","578.20K","0.38%"
"08/15/2023","41,802","41,700","42,498","41,545","560.56K","-0.94%"
"08/14/2023","42,200","42,000","42,365","41,742","574.88K","0.72%"
"08/11/2023","41,898","43,063","43,063","41,831","607.62K","-1.68%"
"08/10/2023","42,614","42,800","43,001","41,941","829.10K","0.42%"
"08/08/2023","42,434","41,501","42,835","41,501","705.84K","0.39%"
"08/07/2023","42,269","42,133","42,349","41,742","591.77K","0.64%"
"08/04/2023","42,000","42,101","42,724","41,886","941.70K","-0.73%"
"08/03/2023","42,307","42,001","42,546","41,747","607.96K","-0.56%"
"08/02/2023","42,544","42,100","43,407","42,100","1.07M","-0.92%"
"08/01/2023","42,941","42,499","43,195","42,280","835.57K","1.37%"
"07/31/2023","42,360","41,501","42,443","41,411","964.61K","0.84%"
"07/28/2023","42,009","41,500","42,059","41,035","773.26K","2.27%"
"07/27/2023","41,076","41,034","41,872","40,877","1.14M","0.03%"
"07/26/2023","41,064","42,250","42,250","41,046","974.26K","-1.31%"
"07/25/2023","41,607","40,900","42,377","40,900","672.35K","-1.30%"
"07/24/2023","42,157","41,754","42,611","41,754","598.65K","0.59%"
"07/21/2023","41,911","42,250","42,542","41,778","647.90K","-0.22%"
"07/20/2023","42,005","41,999","42,348","41,487","618.67K","-0.24%"
"07/19/2023","42,106","42,899","42,998","41,978","556.24K","-1.03%"
"07/18/2023","42,545","42,999","42,999","41,965","622.56K","-0.25%"
"07/17/2023","42,651","41,700","42,974","41,700","591.74K","0.89%"
"07/14/2023","42,275","41,999","42,587","41,791","614.67K","1.86%"
"07/13/2023","41,502","41,848","41,998","41,373","1.51M","-0.71%"
"07/12/2023","41,800","40,911","42,308","40,911","677.88K","1.21%"
"07/11/2023","41,302","42,419","42,419","41,263","680.00K","-0.97%"
"07/10/2023","41,705","40,842","41,773","40,805","722.56K","0.76%"
"07/07/2023","41,390","41,400","41,462","40,514","486.65K","2.29%"
"07/06/2023","40,463","40,575","41,421","40,360","505.60K","-2.25%"
"07/05/2023","41,396","41,300","41,573","40,988","285.30K","-0.20%"
"07/04/2023","41,477","41,955","41,955","41,167","308.73K","-0.28%"
"07/03/2023","41,592","40,704","41,950","40,577","550.65K","0.64%"
"06/30/2023","41,329","40,800","41,533","40,341","785.35K","2.04%"
"06/29/2023","40,504","41,000","41,000","40,308","515.45K","-0.43%"
"06/28/2023","40,677","41,500","41,500","40,317","534.30K","0.13%"
"06/27/2023","40,626","42,499","42,499","40,282","582.82K","-1.64%"
"06/26/2023","41,305","43,365","43,365","41,043","469.15K","-0.59%"
"06/23/2023","41,551","40,900","42,953","40,900","425.19K","-1.06%"
"06/22/2023","41,995","43,000","43,000","41,500","346.05K","0.30%"
"06/21/2023","41,868","43,300","43,300","41,482","548.95K","0.07%"
"06/20/2023","41,837","42,497","42,985","41,807","923.76K","-2.03%"
"06/19/2023","42,703","42,800","42,872","42,103","692.80K","-0.88%"
"06/15/2023","43,083","42,242","43,386","41,755","4.53M","1.46%"
"06/14/2023","42,463","41,802","43,191","41,802","1.14M","-0.35%"
"06/13/2023","42,613","41,856","43,069","41,856","1.18M","1.91%"
"06/12/2023","41,815","42,524","42,524","41,550","1.02M","0.70%"
"06/09/2023","41,525","40,768","41,788","40,768","946.54K","2.22%"
"06/08/2023","40,624","40,999","40,999","40,322","872.69K","0.06%"
"06/07/2023","40,599","40,683","41,489","40,125","1.12M","-0.55%"
"06/06/2023","40,822","42,660","43,368","40,018","2.05M","-4.62%"
"06/05/2023","42,800","43,299","43,299","42,344","673.79K","0.32%"
"06/02/2023","42,662","43,299","43,299","42,326","772.50K","0.28%"
"06/01/2023","42,544","42,168","42,679","41,547","916.89K","1.29%"
"05/31/2023","42,001","41,268","43,020","41,176","4.80M","0.72%"
"05/30/2023","41,700","42,000","42,378","41,371","1.26M","-0.67%"
"05/29/2023","41,983","40,510","41,983","40,510","740.18K","1.23%"
"05/26/2023","41,473","41,500","41,773","40,666","1.24M","-0.74%"
"05/25/2023","41,783","40,979","42,129","40,692","1.36M","2.08%"
"05/24/2023","40,932","39,386","41,010","39,386","1.08M","2.53%"
"05/23/2023","39,922","40,000","40,475","39,218","1.45M","-0.79%"
"05/22/2023","40,239","40,500","40,630","40,239","760.77K","-0.40%"
"05/19/2023","40,402","40,523","40,679","40,197","468.28K","0.30%"
"05/18/2023","40,283","40,720","40,722","39,988","596.04K","-0.07%"
"05/17/2023","40,310","40,412","40,901","40,275","568.18K","-1.45%"
"05/16/2023","40,902","39,801","41,398","39,801","729.34K","-0.08%"
"05/15/2023","40,935","41,000","41,080","40,294","1.01M","0.15%"
"05/12/2023","40,874","39,548","40,981","39,080","1.57M","3.29%"
"05/11/2023","39,572","40,340","40,565","39,365","1.38M","-1.90%"
"05/10/2023","40,339","40,000","40,544","39,535","1.57M","0.97%"
"05/09/2023","39,951","39,200","39,951","38,964","729.24K","1.95%"
"05/08/2023","39,188","39,015","39,455","38,684","1.03M","0.48%"
"05/05/2023","39,000","39,750","40,059","38,927","1.28M","-1.89%"
"05/04/2023","39,750","40,749","40,799","39,556","1.61M","-2.98%"
"05/03/2023","40,971","40,502","41,500","40,502","754.45K","-0.29%"
"05/02/2023","41,091","41,500","41,888","40,875","682.36K","-1.29%"
"04/28/2023","41,630","41,800","42,000","40,948","1.37M","0.77%"
"04/26/2023","41,310","41,999","41,999","40,541","1.42M","-0.63%"
"04/25/2023","41,573","40,658","41,983","40,658","790.56K","1.13%"
"04/24/2023","41,108","40,917","41,300","40,870","487.71K","0.28%"
"04/21/2023","40,994","41,299","41,299","40,405","735.15K","0.21%"
"04/20/2023","40,908","40,074","40,999","40,074","569.81K","0.95%"
"04/19/2023","40,525","40,893","40,965","39,818","769.69K","-0.90%"
"04/18/2023","40,893","40,492","41,111","40,207","783.61K","0.97%"
"04/17/2023","40,500","40,491","40,935","40,236","851.29K","0.21%"
"04/14/2023","40,415","40,360","40,641","39,857","497.92K","0.93%"
"04/13/2023","40,044","40,250","40,300","39,518","905.66K","0.24%"
"04/12/2023","39,947","40,300","40,300","39,558","877.26K","-0.50%"
"04/11/2023","40,149","40,596","41,040","40,000","939.12K","-0.81%"
"04/06/2023","40,477","40,000","40,647","39,911","376.98K","0.97%"
"04/05/2023","40,089","40,799","40,799","40,000","387.70K","-1.25%"
"04/04/2023","40,598","40,850","40,850","39,989","419.38K","1.51%"
"04/03/2023","39,993","39,900","40,486","39,850","665.81K","0.36%"
"03/31/2023","39,850","39,800","40,059","39,454","1.00M","0.16%"
"03/30/2023","39,785","39,561","40,463","39,500","450.66K","-0.81%"
"03/29/2023","40,111","40,200","40,550","39,851","623.65K","-0.22%"
"03/28/2023","40,200","39,855","40,482","39,855","813.69K","0.94%"
"03/27/2023","39,827","38,977","40,257","38,977","551.84K","2.05%"
"03/24/2023","39,028","38,800","39,124","38,471","801.58K","0.30%"
"03/23/2023","38,910","38,500","38,920","38,204","596.19K","0.99%"
"03/22/2023","38,529","38,350","38,811","37,589","831.35K","-0.02%"
"03/20/2023","38,537","39,725","39,725","37,165","763.84K","0.39%"
"03/17/2023","38,389","39,998","39,998","38,224","1.51M","-1.05%"
"03/16/2023","38,798","38,633","39,301","38,342","2.32M","0.86%"
"03/15/2023","38,469","38,711","39,450","38,007","925.97K","-2.12%"
"03/14/2023","39,303","39,051","39,449","38,701","771.45K","-0.72%"
"03/13/2023","39,590","40,655","40,779","38,944","1.09M","-2.13%"
"03/10/2023","40,450","39,529","40,669","39,028","893.50K","1.07%"
"03/09/2023","40,022","40,488","40,832","39,664","868.01K","-1.97%"
"03/08/2023","40,828","40,999","40,999","40,429","595.67K","-0.01%"
"03/07/2023","40,833","39,801","41,225","39,801","741.14K","-0.31%"
"03/06/2023","40,961","39,802","41,057","39,802","927.91K","2.19%"
"03/03/2023","40,084","39,600","40,293","39,600","556.16K","0.43%"
"03/02/2023","39,911","40,650","40,650","39,500","840.24K","-1.13%"
"03/01/2023","40,366","40,199","40,750","39,856","896.68K","0.36%"
"02/28/2023","40,220","39,561","40,503","39,251","1.90M","1.60%"
"02/27/2023","39,586","38,865","40,053","38,396","956.11K","2.49%"
"02/24/2023","38,624","39,600","39,989","38,410","709.05K","-2.60%"
"02/23/2023","39,654","38,299","39,882","37,711","1.42M","4.08%"
"02/22/2023","38,099","37,607","38,352","37,101","1.72M","2.01%"
"02/21/2023","37,350","37,351","38,174","37,169","1.26M","-0.66%"
"02/20/2023","37,600","38,000","38,000","37,450","658.52K","-0.09%"
"02/17/2023","37,635","37,974","38,086","37,378","902.56K","-1.55%"
"02/16/2023","38,228","38,802","38,818","38,024","969.47K","-0.73%"
"02/15/2023","38,510","38,913","38,972","38,380","847.35K","-0.15%"
"02/14/2023","38,567","38,873","38,919","38,393","707.04K","-0.81%"
"02/13/2023","38,880","38,200","39,040","37,891","698.48K","2.32%"
"02/10/2023","38,000","37,901","38,210","37,565","747.63K","0.00%"
"02/09/2023","38,000","38,549","38,904","37,901","713.55K","-1.42%"
"02/08/2023","38,549","38,200","38,647","38,102","428.43K","0.00%"
"02/07/2023","38,549","38,123","38,870","38,123","487.71K","-0.50%"
"02/06/2023","38,743","38,939","39,032","38,396","747.26K","-0.51%"
"02/03/2023","38,940","38,795","39,148","38,382","1.00M","0.37%"
"02/02/2023","38,795","38,440","39,025","37,824","1.73M","1.55%"
"02/01/2023","38,204","36,199","39,861","36,199","3.48M","6.57%"
"01/31/2023","35,850","36,233","36,291","35,681","893.00K","-1.38%"
"01/30/2023","36,350","36,100","36,828","36,100","1.12M","-1.08%"
"01/27/2023","36,747","36,500","37,331","36,500","852.56K","-0.14%"
"01/26/2023","36,800","35,968","36,828","35,704","707.69K","2.70%"
"01/25/2023","35,832","36,103","36,180","35,626","402.80K","-0.90%"
"01/24/2023","36,159","35,920","36,159","35,556","443.73K","0.64%"
"01/23/2023","35,930","34,801","36,136","34,801","596.06K","1.62%"
"01/20/2023","35,357","35,300","35,835","35,140","567.74K","-0.42%"
"01/19/2023","35,507","35,000","35,750","35,000","929.74K","-0.01%"
"01/18/2023","35,510","34,543","35,653","34,543","1.07M","1.59%"
"01/17/2023","34,953","35,981","36,136","34,606","1.68M","-2.86%"
"01/16/2023","35,981","35,310","36,346","35,310","926.49K","0.62%"
"01/13/2023","35,760","35,350","35,894","35,068","708.39K","1.42%"
"01/12/2023","35,258","34,025","36,083","34,025","978.38K","2.11%"
"01/11/2023","34,529","35,319","35,319","34,438","666.93K","-1.55%"
"01/10/2023","35,073","34,410","35,287","34,215","964.19K","0.81%"
"01/09/2023","34,792","34,026","34,921","34,026","716.79K","2.25%"
"01/06/2023","34,025","34,230","34,230","33,615","370.80K","1.03%"
"01/05/2023","33,678","32,301","33,905","32,301","361.36K","0.28%"
"01/04/2023","33,585","32,300","33,724","32,300","391.14K","0.45%"
"01/03/2023","33,434","32,881","33,655","32,506","511.11K","1.36%"
"12/30/2022","32,985","33,090","33,097","32,819","253.25K","-1.09%"
"12/29/2022","33,348","33,522","33,626","32,887","381.95K","-0.76%"
"12/28/2022","33,605","33,501","33,889","33,501","492.73K","-0.67%"
"12/23/2022","33,831","33,500","33,978","33,500","77.39K","0.23%"
"12/22/2022","33,754","34,000","34,081","33,698","335.67K","-0.25%"
"12/21/2022","33,839","34,200","34,200","33,500","437.79K","0.25%"
"12/20/2022","33,754","33,938","34,069","33,513","434.55K","-0.93%"
"12/19/2022","34,071","34,446","34,446","33,437","649.04K","1.89%"
"12/15/2022","33,440","34,300","34,431","33,271","3.66M","-1.59%"
"12/14/2022","33,979","34,176","34,589","33,705","746.82K","-1.31%"
"12/13/2022","34,429","34,350","34,799","33,996","940.44K","-0.01%"
"12/12/2022","34,431","33,411","34,530","33,411","813.61K","0.60%"
"12/09/2022","34,226","32,801","34,339","32,801","560.28K","2.25%"
"12/08/2022","33,473","33,010","33,518","32,861","505.49K","0.07%"
"12/07/2022","33,450","33,001","34,000","33,001","1.33M","-1.12%"
"12/06/2022","33,830","32,500","33,968","32,500","958.82K","0.63%"
"12/05/2022","33,618","32,800","34,168","32,800","719.93K","-0.31%"
"12/02/2022","33,723","33,789","34,305","33,200","1.50M","1.05%"
"12/01/2022","33,372","33,400","33,850","33,276","1.18M","0.03%"
"11/30/2022","33,361","32,999","33,617","32,546","2.08M","1.63%"
"11/29/2022","32,826","33,746","33,850","32,670","931.13K","-2.64%"
"11/28/2022","33,717","33,900","34,198","33,543","774.02K","-1.22%"
"11/25/2022","34,134","32,611","34,329","32,293","1.09M","1.88%"
"11/24/2022","33,504","33,410","33,861","32,893","655.31K","-0.21%"
"11/23/2022","33,574","32,100","33,642","31,767","1.29M","4.89%"
"11/22/2022","32,008","30,521","32,812","30,521","1.84M","3.40%"
"11/21/2022","30,956","30,831","30,956","30,378","829.18K","0.67%"
"11/18/2022","30,750","29,601","30,897","29,601","926.12K","3.67%"
"11/17/2022","29,662","29,599","29,952","28,801","1.20M","2.30%"
"11/16/2022","28,994","29,066","29,326","28,200","2.05M","-0.13%"
"11/15/2022","29,032","29,950","29,950","28,881","1.62M","-1.45%"
"11/14/2022","29,460","29,677","30,100","29,460","996.23K","-0.73%"
"11/11/2022","29,677","30,605","30,858","29,535","778.19K","-1.95%"
"11/10/2022","30,266","29,881","30,382","29,675","668.77K","1.29%"
"11/09/2022","29,881","29,717","30,156","29,717","353.34K","-0.01%"
"11/08/2022","29,883","30,002","30,454","29,810","606.79K","-0.40%"
"11/07/2022","30,003","29,735","30,003","29,371","788.90K","0.93%"
"11/04/2022","29,728","29,190","29,789","28,950","813.39K","2.85%"
"11/03/2022","28,905","29,900","29,900","28,846","943.57K","-1.54%"
"11/02/2022","29,358","30,500","30,500","29,200","673.38K","-2.30%"
"11/01/2022","30,050","29,673","30,490","29,589","887.37K","1.67%"
"10/31/2022","29,556","30,063","30,063","29,454","886.11K","-0.78%"
"10/28/2022","29,787","29,660","30,013","29,500","992.23K","0.07%"
"10/27/2022","29,766","29,765","30,026","29,583","749.19K","0.01%"
"10/26/2022","29,764","29,819","29,980","29,131","586.40K","0.84%"
"10/25/2022","29,517","28,821","29,632","28,768","730.72K","2.49%"
"10/24/2022","28,800","28,600","29,256","28,539","806.50K","0.70%"
"10/21/2022","28,600","28,500","28,773","28,229","809.30K","-0.47%"
"10/20/2022","28,735","29,000","29,000","28,204","1.21M","0.47%"
"10/19/2022","28,600","28,300","28,618","28,219","780.36K","0.46%"
"10/18/2022","28,470","28,401","28,773","28,332","754.68K","-0.45%"
"10/17/2022","28,600","28,010","28,780","28,010","1.60M","1.60%"
"10/14/2022","28,150","29,000","29,000","28,080","987.48K","-0.96%"
"10/13/2022","28,424","28,152","28,625","28,132","737.48K","-0.20%"
"10/12/2022","28,482","28,485","28,703","28,212","552.35K","-0.37%"
"10/11/2022","28,588","28,010","28,758","28,010","707.15K","0.29%"
"10/10/2022","28,506","28,502","28,811","28,336","703.86K","-0.57%"
"10/07/2022","28,670","28,499","28,863","28,178","722.13K","0.24%"
"10/06/2022","28,600","28,357","28,916","28,357","1.39M","0.51%"
"10/05/2022","28,456","28,458","28,693","28,187","796.85K","-0.42%"
"10/04/2022","28,576","28,389","28,757","28,100","2.71M","1.85%"
"10/03/2022","28,058","27,550","28,291","27,550","976.90K","0.63%"
"09/30/2022","27,882","28,340","28,340","27,500","1.22M","0.02%"
"09/29/2022","27,876","28,000","28,401","27,507","1.21M","-2.31%"
"09/28/2022","28,535","28,500","28,646","28,015","1.21M","-1.20%"
"09/27/2022","28,883","28,500","29,012","27,969","2.15M","3.11%"
"09/26/2022","28,011","28,050","28,469","27,608","1.86M","-1.32%"
"09/23/2022","28,387","29,379","29,379","28,059","1.97M","-1.78%"
"09/22/2022","28,902","29,888","29,888","28,755","1.48M","-1.65%"
"09/21/2022","29,388","29,696","29,696","29,072","1.10M","-1.78%"
"09/20/2022","29,921","29,999","30,177","29,700","844.98K","0.74%"
"09/19/2022","29,700","30,202","30,336","29,314","1.22M","-1.88%"
"09/16/2022","30,270","30,800","30,800","30,130","1.87M","-1.77%"
"09/15/2022","30,814","31,100","31,437","30,801","3.01M","-0.95%"
"09/14/2022","31,111","31,495","31,495","30,985","591.89K","-0.43%"
"09/13/2022","31,245","31,592","32,046","31,081","593.15K","-1.77%"
"09/12/2022","31,807","31,939","32,100","31,551","804.56K","0.43%"
"09/09/2022","31,670","31,800","31,839","31,246","876.98K","0.45%"
"09/08/2022","31,528","31,999","32,208","31,297","1.26M","-0.60%"
"09/07/2022","31,718","33,000","33,000","31,648","1.61M","-3.96%"
"09/06/2022","33,025","33,700","33,700","32,793","611.33K","-0.17%"
"09/05/2022","33,081","33,500","33,500","32,573","598.32K","0.45%"
"09/02/2022","32,934","32,500","33,140","32,500","424.63K","0.61%"
"09/01/2022","32,735","32,499","32,992","32,033","1.01M","0.71%"
"08/31/2022","32,505","33,900","33,900","32,401","1.33M","-2.87%"
"08/30/2022","33,466","34,080","34,250","33,410","808.52K","-1.74%"
"08/29/2022","34,060","32,624","34,466","32,624","993.86K","1.03%"
"08/26/2022","33,714","32,631","34,094","32,631","922.81K","2.09%"
"08/25/2022","33,024","33,935","33,935","32,987","1.16M","-2.44%"
"08/24/2022","33,849","32,950","34,404","32,847","1.03M","3.14%"
"08/23/2022","32,820","32,619","32,894","32,101","615.68K","1.28%"
"08/22/2022","32,405","32,053","32,576","31,663","765.95K","0.33%"
"08/19/2022","32,300","32,850","32,900","32,200","1.28M","-1.55%"
"08/18/2022","32,808","32,540","32,904","32,402","597.95K","0.82%"
"08/17/2022","32,540","32,832","32,832","32,174","369.25K","0.72%"
"08/16/2022","32,306","31,999","32,566","31,999","579.96K","0.51%"
"08/15/2022","32,143","32,865","32,865","32,143","741.57K","-0.99%"
"08/12/2022","32,466","32,050","32,731","32,049","713.68K","0.06%"
"08/11/2022","32,448","31,200","32,628","30,861","1.35M","4.91%"
"08/10/2022","30,930","30,201","31,153","30,111","1.18M","0.48%"
"08/08/2022","30,782","30,987","30,987","30,500","764.52K","0.20%"
"08/05/2022","30,722","30,601","31,007","30,400","719.67K","0.86%"
"08/04/2022","30,460","31,100","31,100","30,324","706.32K","-1.20%"
"08/03/2022","30,829","30,422","30,948","30,325","670.04K","1.13%"
"08/02/2022","30,485","30,990","31,060","30,123","711.52K","-1.13%"
"08/01/2022","30,834","30,999","30,999","30,174","601.36K","0.76%"
"07/29/2022","30,600","31,126","31,126","30,411","1.55M","0.03%"
"07/28/2022","30,592","30,600","31,302","30,592","569.92K","-1.46%"
"07/27/2022","31,044","30,351","31,250","30,351","864.32K","1.78%"
"07/26/2022","30,500","30,899","30,899","30,384","1.12M","0.47%"
"07/25/2022","30,358","31,500","31,514","30,353","1.16M","-3.57%"
"07/22/2022","31,483","31,999","32,225","31,483","499.40K","-1.46%"
"07/21/2022","31,951","31,900","32,152","31,673","600.66K","0.18%"
"07/20/2022","31,895","32,500","32,912","31,592","479.16K","-2.26%"
"07/19/2022","32,632","32,275","32,732","32,145","976.65K","0.79%"
"07/18/2022","32,375","31,651","32,643","31,644","1.22M","2.80%"
"07/15/2022","31,493","30,700","31,756","30,700","1.08M","1.37%"
"07/14/2022","31,066","30,585","31,230","30,585","494.00K","0.23%"
"07/13/2022","30,995","30,800","31,722","30,600","586.54K","-1.92%"
"07/12/2022","31,603","30,801","31,800","30,801","581.23K","0.44%"
"07/11/2022","31,465","30,900","31,687","30,900","397.69K","-0.90%"
"07/08/2022","31,751","31,022","31,933","30,967","462.76K","1.46%"
"07/07/2022","31,294","30,843","31,477","30,843","332.07K","1.39%"
"07/06/2022","30,864","30,587","31,204","30,150","579.67K","2.11%"
"07/05/2022","30,226","31,500","31,500","30,023","953.51K","-2.06%"
"07/04/2022","30,862","31,000","31,265","30,660","219.40K","0.77%"
"07/01/2022","30,626","30,852","30,906","30,195","631.08K","-0.18%"
"06/30/2022","30,681","31,400","31,400","30,493","1.16M","-1.77%"
"06/29/2022","31,233","31,500","31,500","30,695","661.17K","-0.37%"
"06/28/2022","31,350","31,489","31,489","30,824","1.01M","1.32%"
"06/27/2022","30,942","31,512","31,512","30,364","940.73K","0.16%"
"06/24/2022","30,892","30,226","30,894","30,113","753.49K","2.60%"
"06/23/2022","30,108","30,600","31,202","29,937","1.12M","-2.63%"
"06/22/2022","30,920","31,672","32,193","30,618","1.00M","-3.95%"
"06/21/2022","32,193","32,650","32,650","31,924","794.54K","1.65%"
"06/20/2022","31,671","31,872","32,258","31,397","457.88K","1.34%"
"06/17/2022","31,251","31,000","32,238","30,600","1.68M","-3.43%"
"06/15/2022","32,360","31,600","32,473","31,141","3.23M","2.41%"
"06/14/2022","31,600","31,000","31,750","31,000","632.07K","0.30%"
"06/13/2022","31,505","32,459","32,460","31,021","1.21M","-1.55%"
"06/10/2022","32,000","32,132","32,372","31,654","410.28K","-0.40%"
"06/09/2022","32,130","32,400","32,809","32,095","540.96K","-0.81%"
"06/08/2022","32,393","33,399","33,399","32,346","464.23K","-1.22%"
"06/07/2022","32,794","32,900","32,997","32,445","393.58K","-1.02%"
"06/06/2022","33,132","33,500","33,500","32,724","274.23K","1.23%"
"06/03/2022","32,729","32,601","33,180","32,491","354.67K","-0.19%"
"06/02/2022","32,792","33,799","33,799","32,583","362.59K","-1.13%"
"06/01/2022","33,166","32,500","33,787","32,500","508.26K","-1.03%"
"05/31/2022","33,510","33,600","33,761","32,884","1.36M","-0.64%"
"05/30/2022","33,726","33,500","33,885","33,036","714.10K","0.98%"
"05/27/2022","33,398","32,450","33,398","32,450","1.37M","1.58%"
"05/26/2022","32,879","32,299","32,939","31,529","958.21K","3.59%"
"05/25/2022","31,739","31,500","32,600","31,391","1.11M","-0.47%"
"05/24/2022","31,890","32,252","32,252","31,612","618.55K","-0.95%"
"05/23/2022","32,197","31,670","32,399","31,665","554.54K","1.66%"
"05/20/2022","31,670","32,989","32,989","31,599","1.05M","-1.19%"
"05/19/2022","32,050","32,944","32,944","31,634","897.01K","-2.86%"
"05/18/2022","32,993","32,501","33,473","32,501","1.08M","0.88%"
"05/17/2022","32,704","32,612","33,791","32,436","953.79K","-1.35%"
"05/16/2022","33,153","32,550","33,363","32,449","777.61K","0.40%"
"05/13/2022","33,022","30,501","33,022","30,501","1.12M","3.37%"
"05/12/2022","31,946","30,764","31,946","30,517","1.04M","0.55%"
"05/11/2022","31,772","30,222","31,879","30,222","1.00M","5.13%"
"05/10/2022","30,221","29,444","30,596","29,444","1.02M","1.51%"
"05/09/2022","29,770","31,749","31,749","29,088","717.49K","-2.15%"
"05/06/2022","30,423","31,401","31,431","30,198","713.48K","-4.09%"
"05/05/2022","31,720","31,300","32,066","31,300","500.78K","0.10%"
"05/04/2022","31,688","32,699","32,699","31,400","896.09K","-1.87%"
"05/03/2022","32,291","32,999","33,152","32,273","686.15K","-2.30%"
"04/29/2022","33,050","32,116","33,216","32,116","883.99K","0.64%"
"04/28/2022","32,841","31,901","32,902","31,706","816.33K","1.60%"
"04/26/2022","32,324","31,998","32,805","31,952","535.14K","1.25%"
"04/25/2022","31,924","32,800","32,800","31,656","936.56K","-3.26%"
"04/22/2022","33,000","32,799","33,188","32,370","435.23K","0.19%"
"04/21/2022","32,938","32,884","33,218","32,513","1.01M","0.12%"
"04/20/2022","32,900","31,898","32,995","31,555","1.13M","4.44%"
"04/19/2022","31,500","31,125","31,724","31,125","1.02M","0.01%"
"04/14/2022","31,497","32,100","32,100","31,145","905.41K","-0.95%"
"04/13/2022","31,800","32,000","32,111","31,712","1.02M","-0.82%"
"04/12/2022","32,062","31,799","32,224","31,500","844.17K","0.33%"
"04/11/2022","31,955","31,985","32,053","31,492","739.80K","-0.55%"
"04/08/2022","32,133","32,025","32,393","31,812","361.13K","0.42%"
"04/07/2022","31,998","31,601","32,146","31,601","764.58K","0.07%"
"04/06/2022","31,977","31,520","32,147","31,520","1.02M","1.02%"
"04/05/2022","31,654","32,100","32,188","31,526","727.72K","-1.39%"
"04/04/2022","32,101","31,250","32,400","31,250","505.24K","1.34%"
"04/01/2022","31,676","32,020","32,124","31,386","915.52K","-0.40%"
"03/31/2022","31,802","31,251","32,029","31,251","551.91K","0.23%"
"03/30/2022","31,728","31,800","31,843","31,260","652.93K","-0.18%"
"03/29/2022","31,786","30,845","32,067","30,713","570.27K","3.09%"
"03/28/2022","30,833","31,900","31,900","30,821","528.13K","-0.54%"
"03/25/2022","31,000","31,220","31,525","30,810","381.49K","-0.68%"
"03/24/2022","31,211","32,000","32,000","31,001","624.06K","-0.58%"
"03/23/2022","31,392","31,993","32,187","31,254","633.21K","-1.54%"
"03/22/2022","31,884","31,985","32,200","31,206","724.45K","0.69%"
"03/18/2022","31,667","31,850","32,227","31,112","2.81M","0.31%"
"03/17/2022","31,570","31,051","31,986","31,051","3.22M","0.47%"
"03/16/2022","31,421","29,689","31,692","29,689","1.57M","5.78%"
"03/15/2022","29,703","29,600","29,773","28,291","1.39M","2.66%"
"03/14/2022","28,934","28,400","29,463","28,400","1.39M","-0.10%"
"03/11/2022","28,964","30,475","30,475","28,932","680.58K","-1.94%"
"03/10/2022","29,537","28,100","29,930","28,100","2.03M","5.12%"
"03/09/2022","28,098","28,125","29,151","28,090","1.42M","-0.10%"
"03/08/2022","28,125","27,690","28,184","27,200","1.32M","1.49%"
"03/07/2022","27,713","29,000","29,000","27,118","2.04M","-5.46%"
"03/04/2022","29,312","31,400","31,400","29,017","1.55M","-4.52%"
"03/03/2022","30,700","31,500","31,500","30,405","842.41K","-0.80%"
"03/02/2022","30,947","32,000","32,000","30,738","1.04M","-2.13%"
"03/01/2022","31,620","31,070","32,197","31,070","1.16M","1.22%"
"02/28/2022","31,240","31,697","31,697","30,799","2.13M","-0.69%"
"02/25/2022","31,457","31,600","31,600","30,546","1.14M","3.42%"
"02/24/2022","30,416","31,900","31,900","30,105","1.58M","-6.37%"
"02/23/2022","32,487","33,343","33,638","32,005","1.28M","-1.09%"
"02/22/2022","32,844","34,200","34,200","32,209","904.94K","-1.68%"
"02/21/2022","33,404","33,525","33,779","33,330","653.66K","-0.03%"
"02/18/2022","33,413","34,795","34,795","32,722","891.21K","-2.11%"
"02/17/2022","34,134","34,350","36,098","33,034","1.49M","0.45%"
"02/16/2022","33,982","33,002","34,138","33,002","859.43K","1.02%"
"02/15/2022","33,639","32,262","33,699","32,262","1.10M","2.00%"
"02/14/2022","32,981","34,000","34,000","32,251","793.36K","0.25%"
"02/11/2022","32,900","33,775","34,053","32,736","1.07M","-3.07%"
"02/10/2022","33,942","34,200","34,271","33,809","859.98K","-0.08%"
"02/09/2022","33,969","34,050","34,692","33,555","1.02M","0.90%"
"02/08/2022","33,665","33,800","34,078","33,571","599.83K","-0.66%"
"02/07/2022","33,889","34,900","34,900","33,697","371.96K","-0.18%"
"02/04/2022","33,951","34,299","34,764","33,613","595.25K","-0.71%"
"02/03/2022","34,193","33,250","34,254","33,136","593.57K","2.07%"
"02/02/2022","33,500","32,750","33,623","32,750","630.38K","0.97%"
"02/01/2022","33,179","32,500","33,751","32,500","737.21K","0.14%"
"01/31/2022","33,134","31,600","33,206","31,600","1.33M","2.27%"
"01/28/2022","32,400","31,800","32,751","31,800","599.76K","0.00%"
"01/27/2022","32,399","31,255","32,628","31,002","668.04K","0.92%"
"01/26/2022","32,103","31,275","32,276","31,275","834.20K","2.33%"
"01/25/2022","31,371","32,159","32,331","31,368","923.23K","-1.50%"
"01/24/2022","31,849","33,500","33,500","31,597","796.33K","-2.87%"
"01/21/2022","32,789","32,726","33,214","32,606","450.43K","-0.87%"
"01/20/2022","33,076","33,257","33,494","32,409","612.85K","-0.54%"
"01/19/2022","33,257","32,850","33,648","32,655","645.80K","0.20%"
"01/18/2022","33,190","33,399","33,399","32,140","856.85K","2.60%"
"01/17/2022","32,350","33,440","33,440","32,029","479.98K","0.32%"
"01/14/2022","32,246","32,555","33,095","32,101","806.86K","-0.56%"
"01/13/2022","32,428","33,000","33,103","32,020","886.47K","-2.59%"
"01/12/2022","33,291","32,000","33,641","32,000","605.12K","1.29%"
"01/11/2022","32,866","33,265","33,413","32,640","579.06K","-1.20%"
"01/10/2022","33,264","33,639","33,650","32,735","435.59K","0.31%"
"01/07/2022","33,162","33,995","33,995","32,804","366.94K","-1.25%"
"01/06/2022","33,583","33,541","33,595","33,015","237.43K","-0.19%"
"01/05/2022","33,647","33,690","33,914","33,269","368.57K","0.56%"
"01/04/2022","33,458","31,885","33,589","31,885","281.87K","1.39%"
"01/03/2022","32,999","32,500","33,350","32,500","247.26K","1.09%"
"12/31/2021","32,643","32,800","33,232","32,643","151.55K","-1.56%"
"12/30/2021","33,159","32,845","33,249","32,647","294.63K","0.97%"
"12/29/2021","32,840","32,500","32,852","32,108","266.92K","1.59%"
"12/28/2021","32,327","31,625","32,400","31,619","248.98K","1.65%"
"12/24/2021","31,803","32,113","32,113","31,745","80.69K","-0.29%"
"12/23/2021","31,897","31,625","32,199","31,625","245.18K","-0.33%"
"12/22/2021","32,002","32,750","32,750","31,633","263.62K","1.03%"
"12/21/2021","31,677","32,500","32,500","31,587","311.20K","-0.31%"
"12/20/2021","31,775","31,723","32,351","31,289","459.90K","-0.37%"
"12/17/2021","31,893","31,923","32,277","31,003","1.68M","1.50%"
"12/15/2021","31,422","31,011","31,925","31,011","2.59M","1.08%"
"12/14/2021","31,087","31,433","31,825","31,011","1.03M","-0.55%"
"12/13/2021","31,258","31,850","31,917","31,081","784.47K","-0.82%"
"12/10/2021","31,515","31,789","32,097","31,351","603.80K","-1.32%"
"12/09/2021","31,936","31,345","32,064","31,345","466.66K","0.52%"
"12/08/2021","31,770","31,351","31,885","31,291","762.00K","-0.11%"
"12/07/2021","31,805","31,700","32,154","31,416","913.80K","0.75%"
"12/06/2021","31,567","31,800","31,900","31,217","741.35K","-0.43%"
"12/03/2021","31,702","30,600","31,791","30,600","739.60K","0.98%"
"12/02/2021","31,395","30,351","31,459","30,351","663.53K","0.93%"
"12/01/2021","31,105","30,498","31,356","30,016","1.43M","1.99%"
"11/30/2021","30,498","29,531","31,444","29,531","2.39M","2.88%"
"11/29/2021","29,645","29,000","29,926","29,000","951.31K","2.94%"
"11/26/2021","28,798","30,502","30,980","28,798","1.23M","-7.80%"
"11/25/2021","31,234","30,550","31,357","30,521","814.69K","2.10%"
"11/24/2021","30,592","30,901","31,344","30,557","457.32K","-2.29%"
"11/23/2021","31,310","30,830","31,393","30,547","655.63K","1.56%"
"11/22/2021","30,830","30,430","31,317","30,430","595.10K","0.40%"
"11/19/2021","30,707","31,530","31,867","30,551","543.63K","-1.71%"
"11/18/2021","31,240","31,100","31,529","30,864","505.17K","0.31%"
"11/17/2021","31,145","31,087","31,750","31,087","698.07K","0.19%"
"11/16/2021","31,087","31,755","32,213","31,056","1.09M","-2.52%"
"11/15/2021","31,892","31,620","32,077","31,620","298.68K","-0.05%"
"11/12/2021","31,907","32,200","32,273","31,605","507.05K","-0.87%"
"11/11/2021","32,188","32,178","32,491","31,699","368.84K","-0.14%"
"11/10/2021","32,234","32,218","32,539","31,737","501.17K","-0.54%"
"11/09/2021","32,410","33,300","33,300","32,173","398.74K","0.29%"
"11/08/2021","32,316","32,489","32,894","31,718","823.91K","1.59%"
"11/05/2021","31,810","32,350","32,610","31,701","553.26K","-1.89%"
"11/04/2021","32,423","33,350","33,400","32,380","331.97K","-1.21%"
"11/03/2021","32,820","33,500","33,500","32,614","300.80K","-1.44%"
"11/02/2021","33,300","33,294","33,484","32,978","773.67K","1.57%"
"10/29/2021","32,784","32,890","32,956","32,451","762.31K","-0.23%"
"10/28/2021","32,859","33,204","33,449","32,859","540.14K","-0.45%"
"10/27/2021","33,007","33,456","33,456","32,672","880.54K","-0.31%"
"10/26/2021","33,110","33,200","33,200","32,659","639.34K","0.02%"
"10/25/2021","33,102","33,188","33,335","32,965","429.57K","0.59%"
"10/22/2021","32,908","32,600","33,038","32,557","527.07K","0.74%"
"10/21/2021","32,667","33,000","33,045","32,378","684.35K","-1.23%"
"10/20/2021","33,073","32,996","33,319","32,752","784.93K","-0.38%"
"10/19/2021","33,199","33,588","34,399","32,873","546.18K","1.69%"
"10/18/2021","32,648","33,750","33,750","32,443","273.55K","0.38%"
"10/15/2021","32,525","32,736","33,598","32,454","497.92K","-0.10%"
"10/14/2021","32,556","33,427","33,427","32,478","464.89K","-1.01%"
"10/13/2021","32,888","32,556","33,255","32,556","368.88K","-0.58%"
"10/12/2021","33,079","32,222","33,295","32,222","688.92K","-0.14%"
"10/11/2021","33,127","32,000","33,338","32,000","330.48K","0.38%"
"10/08/2021","33,001","33,400","33,799","32,854","489.84K","-0.70%"
"10/07/2021","33,234","33,449","33,793","32,965","791.50K","-0.67%"
"10/06/2021","33,458","32,200","33,488","31,897","1.10M","4.52%"
"10/05/2021","32,010","30,989","32,206","30,890","898.08K","3.93%"
"10/04/2021","30,800","30,510","30,986","30,510","1.17M","-0.41%"
"10/01/2021","30,927","31,998","33,018","30,847","1.23M","-4.14%"
"09/30/2021","32,261","30,750","32,786","30,750","1.88M","1.93%"
"09/29/2021","31,651","31,015","32,033","31,015","957.72K","1.72%"
"09/28/2021","31,117","30,730","31,435","30,730","971.94K","0.05%"
"09/27/2021","31,100","31,442","31,844","30,896","1.08M","-1.83%"
"09/23/2021","31,680","32,227","32,281","31,491","831.68K","-1.15%"
"09/22/2021","32,048","32,100","32,390","32,037","567.79K","0.66%"
"09/21/2021","31,838","31,100","32,359","31,100","817.54K","1.08%"
"09/20/2021","31,499","30,555","31,728","30,555","701.24K","-0.81%"
"09/17/2021","31,757","32,000","32,208","31,450","2.15M","0.98%"
"09/16/2021","31,449","30,310","31,843","30,310","3.31M","-0.48%"
"09/15/2021","31,600","31,950","31,950","30,637","999.65K","2.22%"
"09/14/2021","30,914","30,341","31,099","30,304","799.26K","1.19%"
"09/13/2021","30,551","30,508","30,652","30,168","458.77K","-0.14%"
"09/10/2021","30,593","31,000","31,000","30,101","727.57K","1.80%"
"09/09/2021","30,053","30,625","30,652","29,864","508.25K","-1.11%"
"09/08/2021","30,390","30,150","30,698","30,150","486.85K","-0.37%"
"09/07/2021","30,503","30,224","30,631","30,193","382.38K","-0.14%"
"09/06/2021","30,547","31,564","31,564","30,320","483.42K","-2.34%"
"09/03/2021","31,278","31,200","31,540","31,053","397.29K","0.25%"
"09/02/2021","31,200","31,241","31,653","31,041","338.66K","-0.87%"
"09/01/2021","31,475","31,700","32,231","31,260","367.12K","-1.60%"
"08/31/2021","31,988","31,557","32,133","31,557","1.10M","1.05%"
"08/30/2021","31,656","31,600","32,030","31,414","252.69K","-0.97%"
"08/27/2021","31,966","31,965","32,084","31,628","506.48K","0.00%"
"08/26/2021","31,965","32,270","32,426","31,865","502.85K","-0.95%"
"08/25/2021","32,270","31,753","32,371","31,753","976.05K","0.22%"
"08/24/2021","32,200","32,116","32,442","31,960","627.26K","0.52%"
"08/23/2021","32,034","32,116","32,351","31,757","417.01K","0.92%"
"08/20/2021","31,742","31,900","31,900","31,037","1.05M","-0.81%"
"08/19/2021","32,000","32,763","33,093","31,723","900.98K","-3.43%"
"08/18/2021","33,136","32,837","33,233","32,735","467.54K","0.91%"
"08/17/2021","32,837","32,070","32,846","32,070","1.53M","1.38%"
"08/16/2021","32,389","32,001","32,677","31,828","1.13M","1.22%"
"08/13/2021","32,000","32,449","32,449","31,588","437.65K","0.94%"
"08/12/2021","31,702","31,680","32,000","31,405","613.82K","-0.52%"
"08/11/2021","31,869","32,091","32,091","31,694","463.26K","0.53%"
"08/10/2021","31,700","31,599","31,779","31,442","893.77K","0.41%"
"08/06/2021","31,571","31,501","31,992","31,285","811.24K","-0.53%"
"08/05/2021","31,740","31,310","32,448","31,310","727.54K","-0.52%"
"08/04/2021","31,905","32,015","32,616","31,830","674.75K","-0.30%"
"08/03/2021","32,000","32,959","32,980","31,337","950.93K","1.17%"
"08/02/2021","31,631","32,500","32,550","31,623","455.59K","-1.64%"
"07/30/2021","32,159","31,750","32,298","31,750","1.06M","0.18%"
"07/29/2021","32,100","31,903","32,272","31,768","622.74K","0.04%"
"07/28/2021","32,086","32,173","32,256","31,808","354.76K","0.27%"
"07/27/2021","32,000","31,340","32,543","31,309","843.78K","1.09%"
"07/26/2021","31,654","31,355","31,983","31,355","633.52K","-0.15%"
"07/23/2021","31,703","31,781","31,794","31,318","775.78K","1.32%"
"07/22/2021","31,289","31,899","31,899","31,142","613.50K","0.04%"
"07/21/2021","31,275","30,872","31,877","30,872","485.89K","1.26%"
"07/20/2021","30,885","30,696","31,181","30,601","821.03K","0.41%"
"07/19/2021","30,758","31,450","31,582","30,575","448.92K","-3.37%"
"07/16/2021","31,832","32,250","32,447","31,705","590.15K","-1.28%"
"07/15/2021","32,245","31,999","32,356","31,995","382.80K","0.67%"
"07/14/2021","32,031","31,681","32,614","31,681","452.04K","-0.21%"
"07/13/2021","32,100","33,288","33,288","31,786","1.44M","-3.12%"
"07/12/2021","33,134","32,999","33,389","32,063","511.77K","2.74%"
"07/09/2021","32,250","31,930","32,983","31,930","606.79K","-0.37%"
"07/08/2021","32,370","32,077","32,605","31,737","827.95K","0.74%"
"07/07/2021","32,133","31,826","32,290","31,598","408.54K","-0.08%"
"07/06/2021","32,159","31,723","32,350","31,455","362.33K","1.56%"
"07/05/2021","31,666","31,239","31,735","30,849","282.84K","1.35%"
"07/02/2021","31,245","31,162","31,618","31,065","314.64K","0.12%"
"07/01/2021","31,209","31,193","31,454","30,833","359.14K","0.80%"
"06/30/2021","30,961","30,976","31,145","30,643","898.96K","-0.49%"
"06/29/2021","31,115","30,650","31,326","30,650","391.16K","0.95%"
"06/28/2021","30,823","31,600","31,625","30,575","490.80K","-2.75%"
"06/25/2021","31,693","31,125","31,735","31,125","528.20K","1.08%"
"06/24/2021","31,355","31,399","31,399","30,821","403.68K","0.84%"
"06/23/2021","31,094","30,720","31,253","30,633","466.29K","1.09%"
"06/22/2021","30,760","31,275","31,382","30,600","495.34K","0.17%"
"06/21/2021","30,708","30,518","31,227","30,518","528.24K","-0.71%"
"06/18/2021","30,929","30,120","31,347","30,120","1.60M","-1.19%"
"06/17/2021","31,300","29,959","31,376","29,724","4.23M","4.48%"
"06/15/2021","29,959","30,166","30,437","29,686","587.11K","-1.00%"
"06/14/2021","30,263","30,185","30,514","29,990","343.87K","0.32%"
"06/11/2021","30,166","30,801","30,880","30,055","398.34K","-2.66%"
"06/10/2021","30,990","30,660","31,064","30,631","604.47K","0.46%"
"06/09/2021","30,849","29,995","30,878","29,171","973.26K","5.62%"
"06/08/2021","29,207","29,050","29,574","29,050","336.86K","0.09%"
"06/07/2021","29,180","29,995","29,995","29,026","301.01K","-2.08%"
"06/04/2021","29,800","29,537","30,025","29,026","649.22K","1.14%"
"06/03/2021","29,463","29,399","29,573","29,245","395.33K","-0.29%"
"06/02/2021","29,550","29,100","29,568","29,001","597.73K","0.37%"
"06/01/2021","29,442","28,968","29,784","28,730","685.35K","1.37%"
"05/31/2021","29,043","29,299","29,348","28,866","320.03K","-0.37%"
"05/28/2021","29,151","28,492","29,429","28,401","691.19K","2.22%"
"05/27/2021","28,517","28,553","28,974","28,451","1.38M","-0.16%"
"05/26/2021","28,563","28,813","28,864","28,528","749.30K","0.05%"
"05/25/2021","28,548","28,322","28,740","28,216","840.98K","0.81%"
"05/24/2021","28,318","28,799","28,799","28,114","462.93K","-0.89%"
"05/21/2021","28,571","29,199","29,199","28,451","409.23K","-1.08%"
"05/20/2021","28,884","28,331","29,041","28,331","845.02K","0.92%"
"05/19/2021","28,621","28,803","29,266","28,368","670.07K","-2.62%"
"05/18/2021","29,392","28,336","29,557","28,279","1.14M","3.86%"
"05/17/2021","28,300","28,340","28,421","27,867","694.04K","0.39%"
"05/14/2021","28,189","27,989","28,285","27,807","651.30K","1.54%"
"05/13/2021","27,761","27,454","27,888","27,169","941.44K","0.32%"
"05/12/2021","27,672","27,884","28,125","27,348","639.44K","-0.76%"
"05/11/2021","27,884","28,818","28,818","27,624","887.16K","-2.33%"
"05/10/2021","28,550","28,500","28,805","28,289","1.38M","0.59%"
"05/07/2021","28,382","28,194","28,501","28,044","692.36K","0.56%"
"05/06/2021","28,224","28,500","28,500","28,046","532.73K","-0.40%"
"05/05/2021","28,337","28,200","28,434","27,800","1.28M","2.20%"
"05/04/2021","27,728","28,310","28,382","27,515","888.19K","-1.52%"
"05/03/2021","28,157","28,664","28,822","28,010","610.00K","-1.52%"
"04/30/2021","28,592","29,006","29,209","28,464","1.13M","-2.59%"
"04/29/2021","29,353","29,967","29,967","29,113","412.62K","-0.86%"
"04/28/2021","29,608","29,150","29,934","29,150","843.44K","-0.06%"
"04/26/2021","29,625","29,756","29,976","29,360","533.62K","0.88%"
"04/23/2021","29,366","29,001","29,787","29,001","444.38K","-0.68%"
"04/22/2021","29,568","28,801","29,621","28,801","821.17K","1.92%"
"04/21/2021","29,010","28,700","29,156","28,700","932.75K","0.37%"
"04/20/2021","28,902","29,468","29,500","28,624","764.54K","-1.25%"
"04/19/2021","29,269","29,500","29,595","29,038","591.05K","-1.30%"
"04/16/2021","29,654","28,900","29,674","28,734","897.21K","2.06%"
"04/15/2021","29,056","28,976","29,301","28,700","914.78K","-1.03%"
"04/14/2021","29,357","28,249","29,376","28,249","643.33K","2.94%"
"04/13/2021","28,519","28,601","28,910","28,000","1.44M","-0.29%"
"04/12/2021","28,601","28,771","29,020","28,582","826.38K","-1.89%"
"04/09/2021","29,151","28,501","29,178","28,501","481.67K","1.36%"
"04/08/2021","28,760","29,343","29,343","28,605","457.26K","-1.26%"
"04/07/2021","29,128","29,500","29,500","28,899","664.99K","-0.24%"
"04/06/2021","29,198","28,603","29,198","28,317","460.70K","2.08%"
"04/01/2021","28,604","28,605","28,839","28,146","745.44K","0.01%"
"03/31/2021","28,601","28,901","29,219","28,486","1.05M","-1.38%"
"03/30/2021","29,000","28,721","29,273","28,603","699.84K","-1.27%"
"03/29/2021","29,374","28,592","29,425","28,581","774.91K","2.40%"
"03/26/2021","28,686","28,200","28,887","28,008","571.24K","2.70%"
"03/25/2021","27,931","28,408","28,550","27,796","595.02K","-0.36%"
"03/24/2021","28,032","28,150","28,488","27,598","978.40K","-1.05%"
"03/23/2021","28,330","28,600","29,051","28,204","851.87K","-1.81%"
"03/19/2021","28,851","29,058","29,318","28,603","1.42M","-0.71%"
"03/18/2021","29,058","30,183","30,183","28,807","2.60M","-2.02%"
"03/17/2021","29,657","29,971","30,411","29,495","752.22K","-0.58%"
"03/16/2021","29,830","30,265","30,801","29,683","955.35K","-2.99%"
"03/15/2021","30,750","30,771","31,499","30,497","825.38K","-2.06%"
"03/12/2021","31,397","30,751","31,604","30,751","579.09K","-0.78%"
"03/11/2021","31,644","31,800","31,932","30,967","904.19K","-0.26%"
"03/10/2021","31,725","31,985","31,985","31,336","987.69K","-0.80%"
"03/09/2021","31,980","31,544","32,250","31,255","953.46K","1.52%"
"03/08/2021","31,500","31,250","31,650","31,036","670.84K","0.11%"
"03/05/2021","31,464","31,025","31,907","31,025","1.36M","-0.20%"
"03/04/2021","31,527","30,930","31,900","30,650","2.62M","0.92%"
"03/03/2021","31,239","30,200","31,299","29,212","1.57M","3.64%"
"03/02/2021","30,143","29,000","30,143","29,000","926.00K","2.70%"
"03/01/2021","29,350","28,334","29,454","28,334","913.14K","3.58%"
"02/26/2021","28,335","27,511","28,501","27,511","2.35M","0.65%"
"02/25/2021","28,152","27,651","28,387","27,621","1.43M","2.21%"
"02/24/2021","27,542","28,400","28,675","27,542","1.12M","-2.67%"
"02/23/2021","28,298","28,800","29,610","28,298","2.06M","-1.72%"
"02/22/2021","28,794","28,800","29,000","28,014","607.66K","-0.26%"
"02/19/2021","28,869","27,500","28,926","27,496","820.37K","4.14%"
"02/18/2021","27,722","27,656","28,090","27,392","1.20M","0.24%"
"02/17/2021","27,657","28,773","28,916","27,539","779.80K","-3.88%"
"02/16/2021","28,773","28,292","28,773","28,292","928.22K","1.28%"
"02/15/2021","28,409","28,500","28,593","28,122","654.41K","-0.09%"
"02/12/2021","28,435","28,021","28,593","27,927","669.96K","1.38%"
"02/11/2021","28,048","28,420","28,496","27,816","634.92K","-1.30%"
"02/10/2021","28,417","28,221","28,634","28,078","1.08M","0.29%"
"02/09/2021","28,335","27,603","28,369","27,603","823.91K","1.40%"
"02/08/2021","27,945","27,700","28,004","27,341","830.64K","1.35%"
"02/05/2021","27,573","27,000","27,821","26,860","1.36M","2.45%"
"02/04/2021","26,913","26,355","27,101","25,833","886.87K","2.32%"
"02/03/2021","26,304","26,052","26,596","25,254","776.40K","1.35%"
"02/02/2021","25,953","25,201","26,025","25,101","1.27M","3.18%"
"02/01/2021","25,154","25,318","25,408","24,895","1.29M","-0.40%"
"01/29/2021","25,256","25,699","26,192","25,050","2.16M","-2.97%"
"01/28/2021","26,028","25,851","26,109","25,499","1.18M","0.69%"
"01/27/2021","25,850","26,858","27,006","25,840","841.83K","-2.43%"
"01/26/2021","26,495","26,550","27,015","26,393","871.99K","-0.39%"
"01/25/2021","26,598","27,150","27,365","26,582","1.38M","-1.99%"
"01/22/2021","27,139","26,866","27,234","26,474","748.85K","0.78%"
"01/21/2021","26,928","27,000","27,290","26,624","643.39K","-0.48%"
"01/20/2021","27,058","27,200","27,343","26,707","1.03M","-0.45%"
"01/19/2021","27,179","26,250","27,432","26,250","1.13M","3.57%"
"01/18/2021","26,243","26,600","26,901","26,113","1.34M","-0.81%"
"01/15/2021","26,456","27,050","27,113","26,456","1.16M","-2.04%"
"01/14/2021","27,006","27,000","27,411","26,743","705.43K","-0.32%"
"01/13/2021","27,094","26,511","27,400","26,101","1.28M","0.01%"
"01/12/2021","27,091","28,200","28,200","26,932","766.19K","-3.50%"
"01/11/2021","28,073","27,791","28,850","27,791","621.48K","-1.88%"
"01/08/2021","28,610","28,250","28,718","28,164","880.94K","2.11%"
"01/07/2021","28,019","27,100","28,059","26,638","562.81K","5.17%"
"01/06/2021","26,642","26,068","26,796","26,067","392.96K","2.33%"
"01/05/2021","26,035","25,900","26,215","25,763","487.15K","0.21%"
"01/04/2021","25,981","26,001","27,081","25,551","372.92K","-1.22%"
"12/31/2020","26,303","26,000","26,732","26,000","177.94K","-0.14%"
"12/30/2020","26,339","26,986","27,153","26,293","253.56K","0.07%"
"12/29/2020","26,321","25,890","26,477","25,831","853.14K","1.86%"
"12/28/2020","25,841","25,900","26,045","25,618","265.14K","-0.23%"
"12/24/2020","25,900","25,922","25,976","25,700","106.19K","0.00%"
"12/23/2020","25,900","25,818","26,004","25,740","387.09K","-0.21%"
"12/22/2020","25,955","26,454","26,454","25,509","581.54K","-0.86%"
"12/21/2020","26,181","27,200","27,520","25,606","775.05K","-2.89%"
"12/18/2020","26,961","28,050","28,050","26,605","1.63M","-2.75%"
"12/17/2020","27,723","28,600","28,600","27,385","2.77M","-2.13%"
"12/15/2020","28,326","26,851","28,532","26,851","1.19M","-0.55%"
"12/14/2020","28,482","26,750","28,574","26,750","927.37K","4.70%"
"12/11/2020","27,204","27,002","27,785","26,821","1.19M","-0.30%"
"12/10/2020","27,285","27,600","27,909","27,093","761.97K","0.68%"
"12/09/2020","27,100","27,000","27,406","27,000","865.31K","0.59%"
"12/08/2020","26,942","27,342","27,453","26,721","658.64K","-1.46%"
"12/07/2020","27,342","27,350","28,380","27,131","763.48K","-2.01%"
"12/04/2020","27,904","27,900","28,188","27,609","829.42K","0.33%"
"12/03/2020","27,813","27,525","27,997","27,175","1.16M","0.91%"
"12/02/2020","27,562","28,300","28,448","27,465","920.96K","-1.30%"
"12/01/2020","27,925","27,871","28,522","27,507","1.05M","-0.04%"
"11/30/2020","27,936","28,026","28,374","27,562","2.09M","-1.74%"
"11/27/2020","28,431","28,138","28,849","28,056","738.76K","0.64%"
"11/26/2020","28,249","27,700","28,647","27,700","779.40K","1.14%"
"11/25/2020","27,930","29,000","29,000","27,800","858.92K","-1.84%"
"11/24/2020","28,453","28,051","28,639","27,888","880.81K","1.36%"
"11/23/2020","28,071","27,501","28,175","27,203","1.03M","1.61%"
"11/20/2020","27,627","28,700","28,700","27,500","1.12M","-2.52%"
"11/19/2020","28,341","27,550","28,645","27,550","1.70M","1.22%"
"11/18/2020","28,000","28,189","28,540","27,460","2.39M","-1.79%"
"11/17/2020","28,510","26,754","28,603","26,753","1.82M","3.10%"
"11/16/2020","27,654","27,500","27,743","26,790","680.00K","1.96%"
"11/13/2020","27,122","26,500","27,222","26,250","654.51K","1.37%"
"11/12/2020","26,756","26,650","27,737","26,650","1.23M","-4.29%"
"11/11/2020","27,956","28,000","28,388","27,508","1.85M","0.65%"
"11/10/2020","27,775","26,995","27,948","25,863","2.27M","3.31%"
"11/09/2020","26,884","23,415","28,000","23,415","2.15M","13.79%"
"11/06/2020","23,625","23,500","23,730","23,024","1.73M","-0.49%"
"11/05/2020","23,741","23,000","23,900","22,900","1.11M","3.73%"
"11/04/2020","22,888","22,765","23,400","22,082","498.92K","1.71%"
"11/03/2020","22,504","22,493","22,793","22,441","691.74K","0.82%"
"11/02/2020","22,320","22,271","22,729","22,011","635.13K","0.22%"
"10/30/2020","22,270","22,501","22,789","22,100","1.38M","-1.49%"
"10/29/2020","22,607","23,399","23,399","22,429","873.65K","-1.71%"
"10/28/2020","23,001","24,105","24,700","22,936","1.53M","-4.99%"
"10/27/2020","24,208","24,518","24,817","24,038","765.41K","-1.26%"
"10/26/2020","24,518","25,010","25,083","24,273","734.93K","-1.73%"
"10/23/2020","24,950","23,886","24,970","23,622","1.07M","4.45%"
"10/22/2020","23,886","25,220","25,220","23,487","1.76M","-2.34%"
"10/21/2020","24,458","24,499","25,220","24,000","1.96M","3.86%"
"10/20/2020","23,550","23,000","23,890","23,000","1.55M","1.92%"
"10/19/2020","23,106","23,046","23,394","23,011","769.50K","0.26%"
"10/16/2020","23,046","23,527","23,527","22,927","1.02M","-1.21%"
"10/15/2020","23,328","24,100","24,205","23,082","1.46M","-3.10%"
"10/14/2020","24,074","24,925","24,925","24,074","1.17M","-2.40%"
"10/13/2020","24,666","25,700","25,826","24,666","1.02M","-3.46%"
"10/12/2020","25,550","26,000","26,132","25,347","656.58K","-1.70%"
"10/09/2020","25,991","26,171","26,509","25,991","865.66K","-2.11%"
"10/08/2020","26,552","26,000","26,552","25,582","770.78K","3.95%"
"10/07/2020","25,543","25,500","25,810","25,250","749.10K","-0.17%"
"10/06/2020","25,586","25,501","25,863","25,105","839.61K","-0.81%"
"10/05/2020","25,794","26,200","26,218","25,544","579.00K","1.60%"
"10/02/2020","25,389","25,600","25,946","25,225","953.25K","-1.59%"
"10/01/2020","25,798","25,800","26,022","25,476","447.51K","-0.11%"
"09/30/2020","25,827","25,950","25,968","25,444","976.89K","1.48%"
"09/29/2020","25,450","25,502","25,953","25,434","639.74K","-1.36%"
"09/28/2020","25,800","25,334","25,955","25,334","507.17K","1.84%"
"09/25/2020","25,334","25,180","25,586","24,974","721.74K","-1.24%"
"09/23/2020","25,652","25,144","25,891","25,007","614.14K","1.46%"
"09/22/2020","25,284","26,150","26,150","24,673","1.12M","-1.30%"
"09/21/2020","25,617","27,290","27,406","25,532","1.11M","-5.93%"
"09/18/2020","27,232","26,900","27,421","26,850","1.89M","1.05%"
"09/17/2020","26,948","27,149","27,319","26,540","2.24M","-0.19%"
"09/16/2020","27,000","27,052","27,117","26,732","1.05M","0.20%"
"09/15/2020","26,945","27,499","27,499","26,800","1.04M","-0.94%"
"09/14/2020","27,200","26,986","27,426","26,986","1.34M","0.01%"
"09/11/2020","27,197","26,540","27,449","26,438","1.31M","2.90%"
"09/10/2020","26,430","26,799","26,889","26,135","1.18M","-0.75%"
"09/09/2020","26,630","27,220","27,346","26,349","1.33M","-1.86%"
"09/08/2020","27,136","26,685","27,545","26,685","783.78K","0.93%"
"09/07/2020","26,887","26,839","27,271","26,655","295.49K","0.10%"
"09/04/2020","26,861","27,261","27,591","26,743","750.77K","-2.65%"
"09/03/2020","27,591","28,684","28,684","27,257","686.74K","-1.46%"
"09/02/2020","27,999","28,715","28,718","27,806","937.64K","0.00%"
"09/01/2020","28,000","27,873","28,710","27,645","1.22M","0.03%"
"08/31/2020","27,991","28,800","29,364","27,648","1.81M","-3.18%"
"08/28/2020","28,911","29,753","29,898","28,786","737.97K","-3.04%"
"08/27/2020","29,817","28,000","30,128","27,906","1.64M","5.75%"
"08/26/2020","28,196","24,800","28,654","24,800","2.00M","12.93%"
"08/25/2020","24,968","25,077","25,832","24,871","1.31M","-0.53%"
"08/24/2020","25,102","26,745","26,916","24,824","2.08M","-6.94%"
"08/21/2020","26,975","26,956","27,543","26,932","687.01K","-0.21%"
"08/20/2020","27,031","27,630","27,630","26,830","721.67K","-0.67%"
"08/19/2020","27,214","27,585","27,906","27,214","765.25K","-1.91%"
"08/18/2020","27,745","28,150","28,150","27,613","858.09K","-0.40%"
"08/17/2020","27,857","28,745","28,749","27,853","767.64K","-2.24%"
"08/14/2020","28,494","28,613","28,732","28,096","505.56K","-0.42%"
"08/13/2020","28,613","28,266","28,806","28,180","554.62K","1.23%"
"08/12/2020","28,266","28,900","28,900","28,093","708.61K","-0.96%"
"08/11/2020","28,539","28,704","29,047","28,423","859.86K","-0.05%"
"08/07/2020","28,554","26,935","28,621","26,935","932.24K","3.12%"
"08/06/2020","27,690","27,288","27,879","27,064","834.39K","1.47%"
"08/05/2020","27,288","28,489","28,489","26,886","1.19M","0.72%"
"08/04/2020","27,094","27,025","27,771","27,001","958.94K","-0.53%"
"08/03/2020","27,238","27,800","28,290","27,107","940.74K","-2.96%"
"07/31/2020","28,070","27,506","28,489","27,506","929.73K","-0.96%"
"07/30/2020","28,342","28,250","28,985","28,128","594.77K","-1.47%"
"07/29/2020","28,764","28,002","28,787","27,782","1.69M","2.05%"
"07/28/2020","28,186","28,050","28,400","27,981","1.29M","0.67%"
"07/27/2020","27,998","27,401","28,116","27,401","561.51K","0.52%"
"07/24/2020","27,854","27,700","28,112","27,441","609.15K","0.14%"
"07/23/2020","27,816","28,000","28,149","27,704","506.80K","-1.16%"
"07/22/2020","28,143","29,140","29,140","28,072","1.42M","-0.79%"
"07/21/2020","28,367","28,110","28,536","28,109","1.28M","1.17%"
"07/20/2020","28,038","27,900","28,397","27,900","747.22K","-0.10%"
"07/17/2020","28,065","28,350","28,494","27,934","687.67K","-1.66%"
"07/16/2020","28,540","27,986","28,652","27,814","908.45K","1.69%"
"07/15/2020","28,067","28,032","28,799","28,032","1.40M","-1.00%"
"07/14/2020","28,351","28,800","28,800","27,978","796.41K","-0.21%"
"07/13/2020","28,410","27,251","28,650","27,251","1.06M","2.15%"
"07/10/2020","27,811","28,000","28,304","27,489","1.01M","-1.36%"
"07/09/2020","28,195","28,600","28,847","28,194","640.83K","-1.54%"
"07/08/2020","28,636","27,985","28,784","27,934","850.67K","1.40%"
"07/07/2020","28,241","28,100","28,700","27,997","1.63M","-1.15%"
"07/06/2020","28,569","28,158","28,947","27,884","551.66K","-0.02%"
"07/03/2020","28,576","28,685","28,885","28,524","643.79K","-0.11%"
"07/02/2020","28,608","28,700","29,038","28,419","1.31M","0.87%"
"07/01/2020","28,360","28,004","28,596","27,900","1.36M","0.04%"
"06/30/2020","28,350","28,449","28,892","28,247","1.06M","-0.79%"
"06/29/2020","28,577","28,000","28,800","27,600","1.12M","0.73%"
"06/26/2020","28,369","28,200","28,864","28,143","874.91K","0.16%"
"06/25/2020","28,323","28,400","28,554","27,909","739.46K","-1.20%"
"06/24/2020","28,666","28,672","29,299","28,456","771.50K","-0.18%"
"06/23/2020","28,718","28,600","29,097","28,406","1.01M","0.41%"
"06/22/2020","28,600","28,700","28,968","28,283","1.18M","-2.32%"
"06/19/2020","29,280","28,488","29,280","27,926","3.21M","3.70%"
"06/18/2020","28,235","28,000","28,542","27,672","3.24M","0.84%"
"06/17/2020","28,000","26,824","28,076","26,378","1.59M","7.07%"
"06/15/2020","26,150","26,099","26,384","25,248","1.25M","-0.76%"
"06/12/2020","26,350","25,101","26,455","25,101","1.07M","1.25%"
"06/11/2020","26,025","25,700","26,329","25,128","1.29M","-0.48%"
"06/10/2020","26,150","26,751","26,858","25,933","1.33M","-2.47%"
"06/09/2020","26,812","27,449","27,449","26,549","894.87K","0.42%"
"06/08/2020","26,701","26,062","26,701","25,967","1.69M","1.25%"
"06/05/2020","26,371","25,600","26,619","25,500","949.64K","2.59%"
"06/04/2020","25,705","26,865","27,775","25,585","1.00M","-1.59%"
"06/03/2020","26,120","24,700","26,213","24,700","831.18K","4.28%"
"06/02/2020","25,048","24,563","25,274","24,498","831.48K","1.97%"
"06/01/2020","24,564","25,099","25,099","24,102","473.21K","-0.27%"
"05/29/2020","24,630","24,598","25,094","24,297","2.24M","-1.35%"
"05/28/2020","24,966","24,415","24,966","24,211","1.01M","2.26%"
"05/27/2020","24,415","23,405","24,415","23,405","654.91K","3.89%"
"05/26/2020","23,500","22,740","23,571","22,734","787.78K","3.42%"
"05/25/2020","22,722","22,923","23,045","22,617","647.17K","-0.78%"
"05/22/2020","22,900","22,100","23,107","22,100","699.83K","-0.92%"
"05/21/2020","23,112","23,645","23,645","22,696","866.59K","-0.20%"
"05/20/2020","23,159","22,479","23,159","22,258","677.10K","3.00%"
"05/19/2020","22,484","23,645","23,645","22,313","997.88K","-0.51%"
"05/18/2020","22,600","21,501","22,634","21,453","586.42K","4.37%"
"05/15/2020","21,654","21,979","22,435","21,608","1.13M","-1.48%"
"05/14/2020","21,980","22,000","22,170","21,458","898.79K","-0.99%"
"05/13/2020","22,200","22,555","22,696","22,008","809.97K","-2.63%"
"05/12/2020","22,799","24,100","24,100","22,678","889.63K","-5.00%"
"05/11/2020","24,000","23,658","24,100","23,658","613.18K","-0.05%"
"05/08/2020","24,012","24,101","24,310","23,834","763.71K","-0.37%"
"05/07/2020","24,100","23,659","24,343","23,659","940.12K","0.42%"
"05/06/2020","24,000","23,801","24,390","23,380","1.27M","0.42%"
"05/05/2020","23,900","24,000","24,459","23,800","1.27M","-0.58%"
"05/04/2020","24,040","23,411","24,367","23,102","1.54M","-0.52%"
"04/30/2020","24,165","24,499","24,499","23,808","1.32M","0.94%"
"04/29/2020","23,939","22,663","23,939","22,478","964.27K","6.06%"
"04/28/2020","22,571","23,011","23,494","22,149","1.43M","-1.51%"
"04/24/2020","22,916","21,901","22,957","21,863","1.07M","3.22%"
"04/23/2020","22,202","21,790","22,202","21,500","853.11K","1.90%"
"04/22/2020","21,788","22,050","22,633","21,489","1.26M","-2.06%"
"04/21/2020","22,246","22,750","22,750","22,101","1.19M","-2.63%"
"04/20/2020","22,846","23,419","23,701","22,752","630.85K","-1.60%"
"04/17/2020","23,217","23,229","23,738","22,919","1.00M","-0.05%"
"04/16/2020","23,229","23,506","24,201","23,229","1.29M","-3.06%"
"04/15/2020","23,963","24,723","25,594","23,590","1.21M","-3.92%"
"04/14/2020","24,940","25,000","25,633","23,847","984.42K","0.50%"
"04/09/2020","24,816","24,998","25,032","24,375","1.05M","2.05%"
"04/08/2020","24,317","23,981","24,398","23,255","1.53M","1.32%"
"04/07/2020","24,000","23,749","24,646","23,103","1.84M","5.53%"
"04/06/2020","22,742","21,776","23,130","21,775","1.14M","4.81%"
"04/03/2020","21,698","21,690","21,936","21,402","1.93M","-0.54%"
"04/02/2020","21,815","21,001","22,248","21,001","1.80M","3.78%"
"04/01/2020","21,020","21,200","21,260","20,068","2.43M","-1.17%"
"03/31/2020","21,268","20,800","21,432","20,729","1.88M","3.75%"
"03/30/2020","20,500","19,800","20,792","19,540","1.60M","1.56%"
"03/27/2020","20,186","20,300","20,746","19,705","1.49M","-0.51%"
"03/26/2020","20,290","20,197","21,153","20,029","2.27M","0.46%"
"03/25/2020","20,197","20,000","20,649","18,656","3.01M","3.57%"
"03/24/2020","19,500","19,400","20,454","19,209","3.41M","0.10%"
"03/23/2020","19,481","19,000","19,774","17,500","1.97M","-2.75%"
"03/20/2020","20,031","18,550","20,031","18,550","3.51M","8.59%"
"03/19/2020","18,447","19,600","21,300","17,103","5.68M","-6.48%"
"03/18/2020","19,725","22,426","22,426","18,800","3.18M","-13.46%"
"03/17/2020","22,794","22,660","23,411","22,014","1.94M","-2.54%"
"03/16/2020","23,389","22,550","24,152","20,247","2.72M","-6.32%"
"03/13/2020","24,967","25,100","25,999","24,314","2.39M","1.24%"
"03/12/2020","24,661","26,586","27,497","24,369","2.15M","-11.65%"
"03/11/2020","27,913","28,105","28,430","27,825","1.19M","-0.14%"
"03/10/2020","27,953","28,200","28,617","27,953","1.44M","-0.71%"
"03/09/2020","28,152","28,300","28,499","27,557","1.18M","-2.25%"
"03/06/2020","28,800","28,800","29,048","28,357","1.00M","-1.18%"
"03/05/2020","29,143","30,500","30,500","28,918","1.12M","-1.71%"
"03/04/2020","29,651","28,850","30,290","28,850","2.06M","0.85%"
"03/03/2020","29,400","29,200","29,610","28,810","1.99M","3.45%"
"03/02/2020","28,420","28,001","28,815","27,921","991.48K","2.18%"
"02/28/2020","27,813","27,856","28,442","27,250","2.01M","-3.48%"
"02/27/2020","28,815","29,201","29,573","28,495","1.30M","-2.66%"
"02/26/2020","29,601","29,578","29,865","29,368","1.64M","-1.82%"
"02/25/2020","30,150","30,200","30,314","29,714","1.45M","1.06%"
"02/24/2020","29,835","31,400","31,400","29,501","1.51M","-5.67%"
"02/21/2020","31,627","31,051","31,627","30,888","1.08M","0.37%"
"02/20/2020","31,510","31,009","31,576","31,009","1.03M","0.01%"
"02/19/2020","31,508","31,201","31,671","31,014","896.55K","0.35%"
"02/18/2020","31,398","31,900","32,302","31,143","1.05M","-0.91%"
"02/17/2020","31,685","31,999","32,099","31,485","901.79K","-3.53%"
"02/14/2020","32,846","32,625","32,846","32,301","464.23K","0.59%"
"02/13/2020","32,652","32,562","32,973","32,423","801.79K","0.18%"
"02/12/2020","32,594","32,500","32,799","32,151","832.59K","0.44%"
"02/11/2020","32,450","32,203","32,520","32,061","728.96K","1.03%"
"02/10/2020","32,118","31,780","32,118","31,701","941.76K","0.24%"
"02/07/2020","32,041","33,000","33,060","31,782","1.68M","-3.13%"
"02/06/2020","33,075","33,682","33,682","33,000","1.27M","0.25%"
"02/05/2020","32,991","32,625","33,017","32,300","900.12K","1.24%"
"02/04/2020","32,588","32,501","32,974","32,419","564.08K","0.60%"
"02/03/2020","32,393","33,001","33,593","32,351","783.43K","-2.50%"
"01/31/2020","33,225","33,916","34,239","33,225","1.06M","-3.25%"
"01/30/2020","34,342","34,000","34,785","33,902","503.87K","-0.29%"
"01/29/2020","34,442","34,106","34,510","33,993","750.89K","0.99%"
"01/28/2020","34,106","34,330","34,699","34,004","633.12K","-0.65%"
"01/27/2020","34,330","34,785","34,815","34,025","774.03K","-1.35%"
"01/24/2020","34,800","34,220","34,828","34,220","239.41K","1.38%"
"01/23/2020","34,325","34,750","34,875","34,156","761.59K","-1.60%"
"01/22/2020","34,884","34,543","34,884","34,247","501.90K","1.17%"
"01/21/2020","34,481","34,200","34,527","34,120","816.45K","-0.76%"
"01/20/2020","34,746","33,433","34,746","33,433","575.55K","3.54%"
"01/17/2020","33,559","33,026","33,734","33,026","550.93K","-0.32%"
"01/16/2020","33,666","33,251","33,807","33,251","272.00K","0.21%"
"01/15/2020","33,596","33,025","33,808","33,025","340.02K","-0.28%"
"01/14/2020","33,691","33,549","33,700","33,100","501.65K","0.87%"
"01/13/2020","33,399","33,203","33,641","33,203","858.42K","-0.41%"
"01/10/2020","33,537","33,445","33,549","33,075","373.38K","0.94%"
"01/09/2020","33,224","33,583","33,829","32,980","292.00K","0.63%"
"01/08/2020","33,017","33,550","33,550","32,512","246.24K","0.00%"
"01/07/2020","33,018","33,101","33,393","32,917","347.11K","-0.25%"
"01/06/2020","33,101","33,500","33,500","32,798","311.03K","-1.43%"
"01/03/2020","33,582","33,749","33,749","32,501","517.40K","0.33%"
"01/02/2020","33,472","32,963","33,834","32,963","350.98K","1.37%"
"12/31/2019","33,021","33,000","33,635","32,829","173.08K","-1.93%"
"12/30/2019","33,670","33,849","33,849","33,248","223.69K","1.52%"
"12/27/2019","33,165","34,100","34,100","32,850","413.87K","-0.11%"
"12/24/2019","33,200","33,200","33,361","33,020","93.59K","-0.50%"
"12/23/2019","33,366","34,100","34,100","33,141","421.47K","-1.92%"
"12/20/2019","34,020","34,049","34,081","33,550","1.52M","1.28%"
"12/19/2019","33,589","34,110","34,250","33,178","2.43M","-1.02%"
"12/18/2019","33,935","32,790","33,953","32,551","1.07M","3.49%"
"12/17/2019","32,790","34,225","34,225","32,745","1.35M","-3.12%"
"12/13/2019","33,847","32,975","34,225","32,975","1.44M","3.09%"
"12/12/2019","32,833","33,358","33,999","32,833","897.07K","-3.24%"
"12/11/2019","33,932","33,400","33,949","33,339","1.04M","0.52%"
"12/10/2019","33,758","32,805","33,758","32,603","792.93K","1.07%"
"12/09/2019","33,400","33,120","33,400","32,665","700.47K","0.85%"
"12/06/2019","33,120","32,900","33,365","32,601","960.82K","0.25%"
"12/05/2019","33,037","32,873","33,123","32,585","587.41K","-0.53%"
"12/04/2019","33,214","32,650","33,214","32,543","674.60K","1.81%"
"12/03/2019","32,625","32,667","32,686","32,432","686.18K","-0.18%"
"12/02/2019","32,685","32,200","32,790","32,200","734.02K","1.31%"
"11/29/2019","32,263","33,300","33,300","31,952","1.44M","-0.63%"
"11/28/2019","32,466","33,700","33,700","32,461","1.05M","-3.38%"
"11/27/2019","33,600","33,850","33,971","33,520","751.33K","-0.33%"
"11/26/2019","33,710","34,156","34,628","33,657","1.89M","-2.07%"
"11/25/2019","34,424","33,500","34,426","33,500","483.78K","0.28%"
"11/22/2019","34,327","33,550","34,547","33,550","538.13K","-0.77%"
"11/21/2019","34,592","34,850","34,850","34,101","742.98K","-0.29%"
"11/20/2019","34,694","34,001","34,745","34,000","566.62K","0.80%"
"11/19/2019","34,417","33,500","34,585","33,500","604.67K","-0.01%"
"11/18/2019","34,419","33,872","34,472","33,652","456.64K","1.61%"
"11/15/2019","33,872","34,510","34,520","33,872","474.66K","-0.77%"
"11/14/2019","34,136","34,657","34,657","33,506","574.15K","-1.50%"
"11/13/2019","34,657","34,400","34,782","34,151","786.53K","1.57%"
"11/12/2019","34,121","34,700","34,700","33,787","1.22M","-0.87%"
"11/11/2019","34,419","34,950","34,950","34,288","866.74K","-1.43%"
"11/08/2019","34,917","35,239","35,739","34,690","614.65K","-0.91%"
"11/07/2019","35,239","35,696","35,799","35,020","775.84K","-0.54%"
"11/06/2019","35,431","35,290","35,685","34,673","594.74K","1.09%"
"11/05/2019","35,050","34,825","35,443","34,622","717.10K","-0.56%"
"11/04/2019","35,246","34,786","35,246","34,786","451.11K","0.13%"
"11/01/2019","35,200","35,250","35,499","34,650","605.69K","-0.14%"
"10/31/2019","35,251","32,825","35,251","32,825","1.58M","4.20%"
"10/30/2019","33,829","33,848","33,848","32,787","1.26M","0.74%"
"10/29/2019","33,580","33,880","34,253","33,391","922.15K","-0.91%"
"10/28/2019","33,889","34,243","34,243","33,701","487.88K","0.20%"
"10/25/2019","33,820","34,258","34,360","33,491","402.51K","-0.82%"
"10/24/2019","34,100","34,578","34,959","33,855","1.13M","-1.38%"
"10/23/2019","34,578","34,130","34,602","33,695","658.17K","1.30%"
"10/22/2019","34,134","33,263","34,250","33,263","638.76K","1.89%"
"10/21/2019","33,500","33,350","33,584","32,925","520.52K","0.45%"
"10/18/2019","33,350","32,837","33,493","32,689","1.16M","0.50%"
"10/17/2019","33,184","33,305","33,658","33,037","2.53M","-0.23%"
"10/16/2019","33,261","33,135","33,346","32,950","1.58M","-0.07%"
"10/15/2019","33,284","33,648","33,806","32,874","958.83K","-0.94%"
"10/14/2019","33,600","33,908","34,100","33,550","852.38K","-0.88%"
"10/11/2019","33,900","34,229","34,556","33,700","1.12M","-0.96%"
"10/10/2019","34,229","33,637","34,332","33,476","835.40K","1.57%"
"10/09/2019","33,700","33,811","34,072","33,515","962.33K","-1.12%"
"10/08/2019","34,083","34,300","34,363","33,781","1.32M","-0.78%"
"10/07/2019","34,350","33,300","34,518","33,180","1.31M","3.00%"
"10/04/2019","33,350","32,610","33,646","32,562","1.05M","2.30%"
"10/03/2019","32,600","32,500","32,802","32,354","527.87K","0.31%"
"10/02/2019","32,500","32,600","32,871","32,106","798.94K","-0.31%"
"10/01/2019","32,600","32,200","32,993","32,138","821.55K","1.23%"
"09/30/2019","32,205","32,345","32,639","32,085","765.38K","-0.76%"
"09/27/2019","32,450","33,100","33,122","32,404","623.06K","-1.82%"
"09/26/2019","33,052","31,800","33,274","31,688","902.05K","3.94%"
"09/25/2019","31,800","32,220","32,412","31,650","1.18M","-1.46%"
"09/23/2019","32,270","33,036","33,115","31,954","662.21K","-2.80%"
"09/20/2019","33,200","32,579","33,518","32,579","1.82M","2.45%"
"09/19/2019","32,407","32,674","32,849","32,152","2.88M","-0.82%"
"09/18/2019","32,674","32,200","32,783","32,099","710.99K","1.87%"
"09/17/2019","32,075","32,000","32,150","31,944","947.63K","-0.21%"
"09/16/2019","32,142","32,179","32,800","31,717","2.13M","0.05%"
"09/13/2019","32,125","32,762","33,077","32,089","836.50K","-1.91%"
"09/12/2019","32,749","32,000","32,807","32,000","754.58K","2.28%"
"09/11/2019","32,020","32,000","32,020","31,475","548.20K","0.26%"
"09/10/2019","31,937","32,250","32,250","31,533","363.97K","-0.97%"
"09/09/2019","32,250","32,027","32,393","31,831","433.63K","0.23%"
"09/06/2019","32,175","31,984","32,387","31,723","404.28K","0.86%"
"09/05/2019","31,902","31,750","32,074","31,648","505.03K","0.38%"
"09/04/2019","31,780","32,121","32,281","31,580","552.94K","-1.05%"
"09/03/2019","32,117","31,943","32,117","31,659","703.66K","0.49%"
"09/02/2019","31,960","32,566","32,683","31,895","699.05K","-1.66%"
"08/30/2019","32,500","31,920","32,798","31,472","1.31M","1.82%"
"08/29/2019","31,920","31,213","32,404","30,514","1.01M","2.64%"
"08/28/2019","31,100","30,470","31,800","30,470","1.54M","2.89%"
"08/27/2019","30,225","30,069","30,250","29,790","1.11M","0.52%"
"08/26/2019","30,069","29,801","30,238","29,695","295.13K","0.52%"
"08/23/2019","29,914","30,253","30,384","29,880","352.16K","-1.06%"
"08/22/2019","30,235","30,179","30,507","29,895","444.46K","-0.38%"
"08/21/2019","30,349","30,030","30,606","29,927","393.09K","0.27%"
"08/20/2019","30,266","29,518","30,455","29,518","580.72K","0.20%"
"08/19/2019","30,205","29,947","30,426","29,287","379.87K","1.56%"
"08/16/2019","29,742","29,800","30,574","29,285","525.25K","0.68%"
"08/15/2019","29,541","29,875","30,262","29,485","622.47K","-0.60%"
"08/14/2019","29,719","30,285","30,285","29,418","659.73K","-1.73%"
"08/13/2019","30,242","30,166","30,633","30,102","501.88K","-0.85%"
"08/12/2019","30,500","31,500","31,500","30,475","472.35K","0.25%"
"08/08/2019","30,425","30,900","30,900","30,307","515.38K","-0.15%"
"08/07/2019","30,470","30,065","30,500","29,964","761.29K","1.41%"
"08/06/2019","30,046","30,184","30,713","29,999","591.57K","-0.46%"
"08/05/2019","30,184","30,328","30,574","30,006","533.09K","-2.17%"
"08/02/2019","30,855","29,970","31,096","29,970","862.44K","0.98%"
"08/01/2019","30,557","29,998","30,557","29,568","792.61K","1.84%"
"07/31/2019","30,004","30,910","31,559","30,004","1.36M","-4.66%"
"07/30/2019","31,472","31,700","31,813","31,152","756.00K","-0.74%"
"07/29/2019","31,706","31,328","31,856","31,328","590.13K","1.21%"
"07/26/2019","31,327","30,814","31,778","30,500","752.48K","1.46%"
"07/25/2019","30,876","30,868","31,229","30,408","816.36K","-0.43%"
"07/24/2019","31,009","30,937","31,232","30,807","738.27K","-0.02%"
"07/23/2019","31,016","30,550","31,053","30,351","697.89K","1.68%"
"07/22/2019","30,503","30,120","30,561","30,120","731.68K","-0.32%"
"07/19/2019","30,600","30,736","30,841","30,396","351.88K","0.16%"
"07/18/2019","30,550","30,247","30,620","30,196","835.02K","1.00%"
"07/17/2019","30,247","30,342","30,580","30,121","920.81K","-0.83%"
"07/16/2019","30,500","30,120","30,619","30,120","981.31K","0.66%"
"07/15/2019","30,300","30,400","30,432","30,089","428.36K","-0.33%"
"07/12/2019","30,400","30,533","30,642","30,251","527.77K","-0.79%"
"07/11/2019","30,642","30,120","31,270","30,120","502.24K","-0.17%"
"07/10/2019","30,694","29,944","30,776","29,850","583.36K","1.97%"
"07/09/2019","30,100","29,801","30,152","29,768","784.22K","0.33%"
"07/08/2019","30,000","29,536","30,099","29,536","420.37K","0.36%"
"07/05/2019","29,892","29,551","29,953","29,518","520.18K","0.64%"
"07/04/2019","29,701","30,000","30,002","29,431","536.07K","-0.38%"
"07/03/2019","29,813","30,296","30,483","29,598","628.63K","-1.12%"
"07/02/2019","30,150","30,600","30,600","30,007","665.90K","-0.52%"
"07/01/2019","30,307","30,970","31,162","30,257","723.09K","-1.28%"
"06/28/2019","30,699","31,000","31,260","30,623","485.06K","-1.29%"
"06/27/2019","31,100","31,276","31,518","31,033","433.95K","0.00%"
"06/26/2019","31,100","31,052","31,553","31,003","677.45K","-0.04%"
"06/25/2019","31,111","31,351","31,677","31,111","636.88K","-1.24%"
"06/24/2019","31,503","32,772","32,916","31,497","741.53K","-3.52%"
"06/21/2019","32,653","31,955","32,685","31,791","1.46M","1.15%"
"06/20/2019","32,281","31,500","32,296","31,500","3.50M","1.24%"
"06/19/2019","31,886","31,950","32,331","31,569","1.34M","0.08%"
"06/18/2019","31,860","31,600","32,226","31,301","1.05M","2.00%"
"06/14/2019","31,236","31,308","31,772","30,927","762.20K","-0.64%"
"06/13/2019","31,436","31,313","32,000","31,166","472.68K","-0.47%"
"06/12/2019","31,586","31,111","31,631","31,105","603.63K","0.89%"
"06/11/2019","31,308","31,360","31,499","31,063","473.84K","-0.44%"
"06/10/2019","31,445","31,500","31,600","31,234","677.38K","-0.04%"
"06/07/2019","31,459","31,272","31,699","31,240","564.61K","0.70%"
"06/06/2019","31,241","31,500","31,661","31,173","999.26K","0.68%"
"06/05/2019","31,031","30,700","31,802","30,700","896.34K","0.89%"
"06/04/2019","30,756","30,781","31,265","30,154","927.50K","-0.29%"
"06/03/2019","30,846","30,446","30,931","30,141","876.89K","1.36%"
"05/31/2019","30,432","30,100","30,432","29,614","1.18M","1.12%"
"05/30/2019","30,094","29,109","30,158","29,078","624.93K","2.75%"
"05/29/2019","29,288","29,256","29,728","28,701","630.37K","0.22%"
"05/28/2019","29,225","29,624","29,624","29,000","1.86M","-0.43%"
"05/27/2019","29,350","29,314","29,576","29,033","202.10K","-0.01%"
"05/24/2019","29,354","29,750","29,750","29,292","902.55K","-0.81%"
"05/23/2019","29,593","29,900","29,900","28,949","677.61K","0.39%"
"05/22/2019","29,479","28,908","29,729","28,908","483.69K","1.50%"
"05/21/2019","29,042","28,450","29,777","28,257","1.75M","2.60%"
"05/20/2019","28,305","29,050","29,050","28,239","418.71K","-1.42%"
"05/17/2019","28,712","28,961","29,057","28,522","671.12K","-0.59%"
"05/16/2019","28,882","29,410","29,410","28,649","553.75K","-1.50%"
"05/15/2019","29,322","29,037","29,367","28,650","784.33K","1.66%"
"05/14/2019","28,844","29,118","29,287","28,806","581.31K","-1.39%"
"05/13/2019","29,250","29,313","29,608","29,101","553.91K","0.49%"
"05/10/2019","29,108","29,634","29,680","29,108","547.57K","-0.78%"
"05/09/2019","29,338","30,100","30,100","29,151","741.30K","-2.21%"
"05/07/2019","30,000","30,417","30,495","29,998","355.48K","-0.68%"
"05/06/2019","30,206","30,089","30,257","29,767","316.30K","-0.17%"
"05/03/2019","30,256","30,050","30,336","29,827","538.87K","1.17%"
"05/02/2019","29,905","30,356","30,460","29,902","492.97K","-1.00%"
"04/30/2019","30,207","29,946","30,305","29,862","886.20K","0.02%"
"04/29/2019","30,200","30,237","30,323","29,822","395.52K","-0.51%"
"04/26/2019","30,356","30,300","30,976","30,016","247.36K","0.51%"
"04/25/2019","30,203","30,552","30,552","29,992","427.22K","-1.07%"
"04/24/2019","30,530","30,550","30,750","30,307","436.26K","-0.80%"
"04/23/2019","30,775","30,480","30,775","30,189","525.16K","1.18%"
"04/18/2019","30,417","30,200","30,699","29,960","692.82K","0.60%"
"04/17/2019","30,235","30,228","30,345","29,927","638.54K","0.21%"
"04/16/2019","30,172","29,566","30,295","29,339","633.95K","2.05%"
"04/15/2019","29,566","29,356","29,566","29,049","576.66K","0.91%"
"04/12/2019","29,300","28,800","29,376","28,517","786.53K","1.74%"
"04/11/2019","28,800","29,000","29,000","28,432","667.65K","-0.86%"
"04/10/2019","29,050","28,678","29,248","28,651","976.47K","1.30%"
"04/09/2019","28,678","29,300","29,456","28,678","586.45K","-2.15%"
"04/08/2019","29,309","29,373","29,498","29,183","798.31K","0.31%"
"04/05/2019","29,219","29,824","29,897","29,186","636.67K","-1.73%"
"04/04/2019","29,732","29,644","29,878","29,133","618.24K","0.62%"
"04/03/2019","29,549","29,336","29,864","29,301","625.47K","0.17%"
"04/02/2019","29,500","29,805","30,147","29,323","491.64K","-1.01%"
"04/01/2019","29,800","29,615","30,155","29,615","741.14K","0.00%"
"03/29/2019","29,800","29,500","29,914","29,157","670.41K","0.15%"
"03/28/2019","29,756","28,839","29,756","28,748","687.59K","1.84%"
"03/27/2019","29,217","28,751","29,499","28,751","479.82K","0.02%"
"03/26/2019","29,212","29,105","29,621","28,999","678.93K","-1.39%"
"03/25/2019","29,623","30,000","30,060","29,369","691.87K","-1.21%"
"03/22/2019","29,986","30,100","30,377","29,200","916.91K","-0.64%"
"03/20/2019","30,178","29,450","30,400","28,753","2.47M","2.13%"
"03/19/2019","29,550","29,050","29,842","29,050","831.39K","0.17%"
"03/18/2019","29,500","29,400","29,559","29,010","562.08K","0.34%"
"03/15/2019","29,400","28,500","29,400","28,385","1.36M","2.69%"
"03/14/2019","28,630","28,585","28,933","28,425","667.34K","-0.83%"
"03/13/2019","28,869","28,708","29,301","28,633","614.11K","0.23%"
"03/12/2019","28,803","29,120","29,300","28,701","533.86K","-1.59%"
"03/11/2019","29,268","29,000","29,349","28,853","278.45K","0.24%"
"03/08/2019","29,199","29,000","29,722","28,880","454.24K","0.69%"
"03/07/2019","29,000","29,250","29,521","28,912","517.86K","-0.85%"
"03/06/2019","29,250","29,417","29,775","29,044","562.22K","-0.57%"
"03/05/2019","29,417","29,500","29,880","29,151","573.90K","-1.27%"
"03/04/2019","29,794","30,000","30,086","29,538","330.55K","0.60%"
"03/01/2019","29,617","29,460","30,450","29,458","464.34K","0.51%"
"02/28/2019","29,467","30,350","30,450","29,326","880.37K","-2.91%"
"02/27/2019","30,350","30,230","30,375","29,815","685.59K","1.25%"
"02/26/2019","29,976","30,120","30,264","29,685","658.50K","-0.02%"
"02/25/2019","29,982","29,600","30,357","29,216","660.10K","1.59%"
"02/22/2019","29,514","29,160","29,659","29,160","667.09K","0.44%"
"02/21/2019","29,386","29,280","29,770","29,279","778.19K","0.67%"
"02/20/2019","29,190","29,100","29,545","28,500","1.05M","0.18%"
"02/19/2019","29,139","28,870","29,139","28,667","497.40K","0.93%"
"02/18/2019","28,870","28,501","28,923","28,501","420.41K","-1.47%"
"02/15/2019","29,300","29,550","29,675","28,750","890.37K","0.12%"
"02/14/2019","29,264","29,649","29,649","29,009","821.21K","-0.99%"
"02/13/2019","29,556","28,700","29,777","28,524","1.09M","2.98%"
"02/12/2019","28,700","28,000","28,796","28,000","585.69K","1.10%"
"02/11/2019","28,389","27,600","28,480","27,600","501.33K","1.23%"
"02/08/2019","28,045","28,510","28,859","28,045","1.53M","-2.18%"
"02/07/2019","28,671","29,000","29,000","28,495","577.96K","-1.07%"
"02/06/2019","28,980","28,750","29,565","28,750","535.58K","-0.76%"
"02/05/2019","29,203","28,783","29,203","28,332","665.14K","2.59%"
"02/04/2019","28,465","28,353","28,800","28,353","493.12K","-0.19%"
"02/01/2019","28,519","28,300","28,755","27,650","559.42K","0.65%"
"01/31/2019","28,336","28,001","28,981","28,000","1.45M","0.66%"
"01/30/2019","28,150","28,400","28,400","27,899","629.79K","0.18%"
"01/29/2019","28,100","27,900","28,434","27,900","801.37K","0.18%"
"01/28/2019","28,050","27,700","28,100","27,700","594.51K","-0.20%"
"01/25/2019","28,105","27,700","28,203","27,700","800.22K","0.62%"
"01/24/2019","27,933","27,960","28,223","27,609","1.29M","0.38%"
"01/23/2019","27,827","27,390","27,930","27,208","823.73K","1.19%"
"01/22/2019","27,500","27,100","27,942","26,795","908.89K","1.48%"
"01/21/2019","27,100","27,275","27,427","26,665","619.76K","2.36%"
"01/18/2019","26,475","26,900","26,916","26,475","590.08K","-1.39%"
"01/17/2019","26,847","26,800","26,887","26,651","851.58K","0.03%"
"01/16/2019","26,838","26,850","26,880","26,672","581.89K","-0.04%"
"01/15/2019","26,850","27,000","27,000","26,562","368.37K","-0.19%"
"01/14/2019","26,902","26,500","27,319","26,428","513.90K","-0.14%"
"01/11/2019","26,940","26,500","27,339","26,329","866.54K","1.66%"
"01/10/2019","26,500","26,201","26,504","26,183","671.69K","0.38%"
"01/09/2019","26,400","26,442","26,898","26,196","680.91K","0.67%"
"01/08/2019","26,225","26,600","26,604","26,147","548.82K","-0.50%"
"01/07/2019","26,357","26,501","27,600","26,220","629.82K","-1.83%"
"01/04/2019","26,849","25,901","26,849","25,901","675.88K","2.14%"
"01/03/2019","26,287","25,850","26,287","25,603","584.81K","0.80%"
"01/02/2019","26,078","26,500","26,500","25,877","366.81K","-1.59%"
"12/31/2018","26,500","26,500","26,527","26,003","199.56K","0.00%"
"12/28/2018","26,500","25,787","26,700","25,677","510.26K","1.21%"
"12/27/2018","26,183","26,270","26,270","25,974","625.72K","-0.06%"
"12/24/2018","26,200","25,699","26,327","25,586","170.18K","2.43%"
"12/21/2018","25,578","25,800","26,317","25,546","1.24M","-1.55%"
"12/20/2018","25,981","25,700","26,161","25,552","1.52M","0.05%"
"12/19/2018","25,967","25,733","26,077","25,525","474.37K","1.00%"
"12/18/2018","25,710","25,825","26,093","25,506","716.68K","-1.50%"
"12/14/2018","26,102","26,380","26,500","25,860","684.35K","0.10%"
"12/13/2018","26,076","26,559","26,885","25,942","617.33K","-1.82%"
"12/12/2018","26,559","26,007","26,792","26,007","832.33K","2.12%"
"12/11/2018","26,007","25,101","26,055","24,867","1.36M","3.74%"
"12/10/2018","25,069","25,419","25,743","24,990","649.65K","-2.15%"
"12/07/2018","25,619","25,900","26,217","25,574","727.46K","-0.22%"
"12/06/2018","25,675","25,774","26,166","24,755","1.16M","-0.68%"
"12/05/2018","25,850","26,250","26,250","25,770","1.85M","-1.52%"
"12/04/2018","26,250","26,400","26,401","26,011","674.90K","-0.36%"
"12/03/2018","26,345","26,000","26,589","26,000","694.48K","2.85%"
"11/30/2018","25,616","27,100","27,100","25,616","1.68M","-4.62%"
"11/29/2018","26,856","27,242","27,555","26,810","862.54K","-0.86%"
"11/28/2018","27,090","27,926","28,775","26,950","954.67K","-2.09%"
"11/27/2018","27,669","27,786","28,121","27,453","1.33M","-0.16%"
"11/26/2018","27,713","27,081","27,788","26,775","648.04K","2.63%"
"11/23/2018","27,004","27,000","27,175","26,748","446.67K","0.24%"
"11/22/2018","26,939","27,299","27,440","26,855","406.13K","-1.32%"
"11/21/2018","27,299","28,030","28,303","26,900","661.28K","-1.86%"
"11/20/2018","27,815","28,119","28,273","27,600","823.07K","-1.76%"
"11/19/2018","28,313","28,400","28,490","27,503","819.12K","0.38%"
"11/16/2018","28,206","28,400","29,250","27,995","1.40M","-3.36%"
"11/15/2018","29,188","28,522","29,460","28,326","1.17M","1.44%"
"11/14/2018","28,774","28,602","29,100","28,251","788.56K","-0.20%"
"11/13/2018","28,833","28,400","28,957","28,350","1.29M","1.18%"
"11/12/2018","28,496","29,250","29,250","28,295","693.16K","-2.01%"
"11/09/2018","29,081","29,000","29,278","28,271","1.05M","1.62%"
"11/08/2018","28,617","29,232","29,374","28,598","865.92K","-1.49%"
"11/07/2018","29,050","28,900","29,249","28,555","1.13M","1.23%"
"11/06/2018","28,697","29,059","29,060","28,250","919.03K","-1.27%"
"11/05/2018","29,066","28,363","29,450","28,090","666.69K","2.46%"
"11/02/2018","28,369","28,407","29,000","28,088","895.46K","-0.81%"
"11/01/2018","28,600","27,669","28,727","27,000","1.04M","3.36%"
"10/31/2018","27,669","27,480","27,669","26,601","1.13M","3.06%"
"10/30/2018","26,848","26,700","27,469","26,551","474.79K","0.37%"
"10/29/2018","26,750","27,050","27,500","26,153","640.93K","1.68%"
"10/26/2018","26,308","27,094","27,194","26,033","1.12M","-3.48%"
"10/25/2018","27,257","26,734","27,262","26,055","921.41K","1.39%"
"10/24/2018","26,884","26,850","27,379","26,104","1.22M","0.18%"
"10/23/2018","26,837","27,134","27,685","26,515","777.75K","-2.02%"
"10/22/2018","27,389","28,299","28,299","27,075","862.40K","-1.04%"
"10/19/2018","27,676","28,211","28,211","27,100","673.09K","-1.65%"
"10/18/2018","28,139","27,626","28,268","27,152","742.08K","1.86%"
"10/17/2018","27,626","27,700","28,271","27,271","2.01M","-0.21%"
"10/16/2018","27,685","26,944","27,727","26,805","1.20M","2.16%"
"10/15/2018","27,099","27,800","27,849","26,834","899.39K","-2.98%"
"10/12/2018","27,931","27,737","27,936","27,581","1.35M","1.34%"
"10/11/2018","27,562","27,298","27,775","27,048","915.59K","-1.25%"
"10/10/2018","27,912","28,675","28,806","27,678","917.27K","-2.98%"
"10/09/2018","28,769","28,800","29,056","28,504","716.87K","-0.59%"
"10/08/2018","28,940","29,092","29,100","28,526","445.69K","-0.52%"
"10/05/2018","29,092","29,173","29,354","28,701","380.01K","0.20%"
"10/04/2018","29,035","29,126","29,450","28,703","895.64K","-1.58%"
"10/03/2018","29,500","30,050","30,056","29,232","621.20K","-1.83%"
"10/02/2018","30,050","29,445","30,237","29,000","1.06M","0.88%"
"10/01/2018","29,789","29,639","30,155","29,568","490.01K","1.01%"
"09/28/2018","29,492","29,825","30,341","29,241","894.61K","-2.08%"
"09/27/2018","30,120","29,179","30,622","29,097","798.01K","2.67%"
"09/26/2018","29,337","30,236","30,300","29,299","628.35K","-2.45%"
"09/25/2018","30,074","30,352","30,378","28,950","1.00M","-0.92%"
"09/21/2018","30,352","31,500","31,500","30,115","1.41M","-3.07%"
"09/20/2018","31,312","30,624","31,454","30,461","3.07M","1.66%"
"09/19/2018","30,800","30,987","31,147","30,447","943.73K","-1.02%"
"09/18/2018","31,117","31,310","31,310","30,857","840.71K","-0.90%"
"09/17/2018","31,400","31,800","31,800","31,322","1.18M","-1.45%"
"09/14/2018","31,861","31,999","32,234","31,525","1.16M","0.48%"
"09/13/2018","31,710","31,800","31,996","31,059","788.65K","0.41%"
"09/12/2018","31,582","31,648","31,650","31,162","828.92K","0.26%"
"09/11/2018","31,500","31,800","31,836","31,257","1.17M","-0.94%"
"09/10/2018","31,800","31,962","32,176","31,650","620.71K","0.32%"
"09/07/2018","31,698","31,800","32,030","31,300","1.91M","0.22%"
"09/06/2018","31,628","31,105","32,067","31,072","1.31M","0.79%"
"09/05/2018","31,379","31,250","31,400","30,839","848.17K","0.41%"
"09/04/2018","31,250","31,674","31,797","31,157","1.25M","-1.00%"
"09/03/2018","31,565","31,229","31,565","31,000","654.64K","0.66%"
"08/31/2018","31,359","30,243","31,435","30,200","1.22M","3.69%"
"08/30/2018","30,243","30,047","30,995","30,015","832.12K","-0.17%"
"08/29/2018","30,295","30,782","30,946","30,112","761.30K","-1.34%"
"08/28/2018","30,706","30,500","30,900","30,345","950.09K","0.80%"
"08/27/2018","30,463","30,161","30,463","28,855","626.67K","0.62%"
"08/24/2018","30,275","29,839","30,428","29,500","757.51K","2.14%"
"08/23/2018","29,642","28,900","29,742","28,900","3.77M","2.21%"
"08/22/2018","29,000","29,250","29,605","28,985","1.37M","-2.19%"
"08/21/2018","29,650","29,050","29,846","29,000","717.60K","1.38%"
"08/20/2018","29,245","28,950","29,397","28,950","468.79K","0.18%"
"08/17/2018","29,193","29,000","29,489","28,971","600.42K","-0.19%"
"08/16/2018","29,250","28,546","29,499","28,163","1.22M","2.47%"
"08/15/2018","28,546","28,989","29,055","28,334","1.73M","-0.95%"
"08/14/2018","28,820","28,550","29,224","28,462","2.06M","-0.33%"
"08/13/2018","28,915","28,660","28,964","28,211","762.08K","1.95%"
"08/10/2018","28,363","27,380","28,452","27,002","664.42K","3.57%"
"08/08/2018","27,386","26,650","27,434","26,650","2.08M","2.75%"
"08/07/2018","26,654","26,400","26,957","26,400","332.52K","0.96%"
"08/06/2018","26,400","27,055","27,055","26,284","353.68K","-1.58%"
"08/03/2018","26,825","26,803","26,997","26,276","349.01K","0.91%"
"08/02/2018","26,584","26,325","26,897","26,311","385.72K","-0.42%"
"08/01/2018","26,697","26,400","26,891","26,350","640.80K","1.31%"
"07/31/2018","26,352","26,959","27,000","26,301","1.57M","-1.67%"
"07/30/2018","26,800","27,277","28,225","26,800","1.04M","-1.92%"
"07/27/2018","27,324","27,200","27,499","27,094","352.82K","0.19%"
"07/26/2018","27,273","26,942","27,500","26,801","367.78K","1.43%"
"07/25/2018","26,888","26,900","27,398","26,500","303.35K","-0.60%"
"07/24/2018","27,050","26,953","27,398","26,360","490.48K","-0.16%"
"07/23/2018","27,094","27,548","27,548","26,834","476.92K","-1.71%"
"07/20/2018","27,566","26,500","27,726","26,500","493.30K","2.40%"
"07/19/2018","26,920","26,677","26,920","26,349","553.99K","1.04%"
"07/18/2018","26,643","26,900","27,118","26,527","492.19K","-0.59%"
"07/17/2018","26,800","26,467","26,937","26,278","482.78K","1.26%"
"07/16/2018","26,467","26,950","27,088","26,350","781.10K","-2.34%"
"07/13/2018","27,100","27,000","27,323","26,700","527.93K","-0.78%"
"07/12/2018","27,312","27,676","27,860","27,149","405.43K","-1.16%"
"07/11/2018","27,632","27,401","27,698","27,320","654.35K","0.09%"
"07/10/2018","27,608","27,521","27,962","27,347","671.47K","0.80%"
"07/09/2018","27,390","27,607","27,909","27,201","754.80K","0.85%"
"07/06/2018","27,160","27,015","27,360","27,000","1.02M","-0.12%"
"07/05/2018","27,192","27,675","27,944","27,115","405.30K","-1.34%"
"07/04/2018","27,560","27,497","27,674","27,101","277.64K","0.22%"
"07/03/2018","27,500","27,490","27,658","27,107","825.86K","0.92%"
"07/02/2018","27,250","27,000","27,488","27,000","625.05K","-1.02%"
"06/29/2018","27,531","26,608","28,100","26,407","671.26K","3.95%"
"06/28/2018","26,484","26,500","26,767","26,001","646.63K","-0.36%"
"06/27/2018","26,580","26,734","26,861","26,254","1.06M","-0.58%"
"06/26/2018","26,734","27,039","27,545","26,629","839.80K","-1.06%"
"06/25/2018","27,021","27,000","27,795","26,705","488.68K","-1.05%"
"06/22/2018","27,308","27,551","28,394","27,260","1.31M","-0.70%"
"06/21/2018","27,500","26,856","27,739","26,802","2.01M","2.33%"
"06/20/2018","26,874","26,933","27,378","26,703","1.20M","0.55%"
"06/19/2018","26,727","27,205","27,366","26,727","852.24K","-2.10%"
"06/18/2018","27,300","27,500","27,609","26,855","599.24K","-1.12%"
"06/15/2018","27,610","27,993","28,484","27,610","2.01M","-1.43%"
"06/14/2018","28,010","27,799","28,166","27,500","767.18K","0.68%"
"06/13/2018","27,820","27,174","28,000","27,050","1.03M","2.28%"
"06/12/2018","27,200","26,456","27,423","26,307","972.22K","2.84%"
"06/11/2018","26,450","26,200","26,793","26,000","582.10K","0.57%"
"06/08/2018","26,300","26,345","26,511","26,121","1.17M","-0.28%"
"06/07/2018","26,375","26,150","26,499","26,150","794.75K","1.05%"
"06/06/2018","26,100","26,000","26,446","26,000","541.08K","-0.28%"
"06/05/2018","26,172","26,280","26,397","25,701","459.63K","-0.41%"
"06/04/2018","26,281","26,116","26,648","26,091","803.30K","0.63%"
"06/01/2018","26,116","25,466","26,116","25,057","1.00M","2.85%"
"05/31/2018","25,392","25,417","25,873","25,239","2.79M","-0.10%"
"05/30/2018","25,417","25,516","25,869","25,403","827.91K","-0.39%"
"05/29/2018","25,516","26,030","26,030","25,516","663.13K","-2.54%"
"05/28/2018","26,182","25,900","26,374","25,770","385.50K","0.89%"
"05/25/2018","25,950","26,382","26,760","25,881","1.56M","-1.43%"
"05/24/2018","26,327","26,500","26,984","26,249","681.18K","-0.19%"
"05/23/2018","26,376","27,000","27,186","26,376","692.53K","-2.67%"
"05/22/2018","27,100","26,400","27,289","26,243","731.46K","2.35%"
"05/21/2018","26,478","27,026","27,600","26,478","750.15K","-2.11%"
"05/18/2018","27,050","26,967","27,484","26,866","700.85K","0.10%"
"05/17/2018","27,023","27,250","27,599","26,927","360.29K","-2.23%"
"05/16/2018","27,640","27,494","28,000","26,809","722.66K","1.25%"
"05/15/2018","27,300","27,499","27,499","26,715","1.16M","-0.73%"
"05/14/2018","27,500","27,053","27,689","27,053","449.24K","1.07%"
"05/11/2018","27,209","27,500","27,689","26,693","758.32K","-0.48%"
"05/10/2018","27,341","28,281","28,497","26,882","1.03M","-3.57%"
"05/09/2018","28,354","27,225","28,597","27,225","780.02K","4.15%"
"05/08/2018","27,225","28,100","28,100","27,225","490.28K","-3.11%"
"05/07/2018","28,098","27,500","28,233","27,300","436.33K","2.94%"
"05/04/2018","27,296","27,700","28,249","27,125","456.35K","-2.28%"
"05/03/2018","27,934","28,550","28,997","27,539","864.50K","-0.08%"
"05/02/2018","27,955","28,550","28,888","27,596","922.58K","-2.46%"
"04/30/2018","28,660","28,200","29,181","27,727","693.36K","1.20%"
"04/26/2018","28,320","27,501","28,379","27,501","488.72K","1.88%"
"04/25/2018","27,797","27,401","27,991","27,401","394.00K","0.22%"
"04/24/2018","27,735","27,973","28,092","27,410","334.52K","-0.90%"
"04/23/2018","27,988","27,500","28,139","27,101","479.72K","2.52%"
"04/20/2018","27,300","27,031","27,637","26,933","459.68K","-0.16%"
"04/19/2018","27,344","27,536","27,700","27,182","432.35K","-0.70%"
"04/18/2018","27,536","27,550","27,637","26,751","652.05K","-0.23%"
"04/17/2018","27,600","26,810","27,743","26,472","680.80K","2.45%"
"04/16/2018","26,939","26,600","27,406","26,500","468.71K","0.52%"
"04/13/2018","26,800","26,554","27,009","26,176","602.61K","0.93%"
"04/12/2018","26,554","27,155","27,422","26,300","704.49K","-1.62%"
"04/11/2018","26,992","27,478","27,800","26,992","540.71K","-2.34%"
"04/10/2018","27,640","28,217","28,325","27,421","589.92K","-2.33%"
"04/09/2018","28,299","27,100","28,350","26,596","1.52M","4.99%"
"04/06/2018","26,953","26,000","27,270","25,824","608.66K","3.32%"
"04/05/2018","26,087","25,460","26,146","25,460","678.59K","2.42%"
"04/04/2018","25,470","25,550","25,615","24,267","849.86K","-0.98%"
"04/03/2018","25,723","25,775","26,499","25,723","1.05M","-0.20%"
"03/29/2018","25,775","25,800","26,542","25,610","798.24K","0.68%"
"03/28/2018","25,600","25,900","26,369","25,304","1.08M","-1.19%"
"03/27/2018","25,909","25,702","26,349","25,645","750.39K","1.11%"
"03/26/2018","25,625","25,800","25,927","25,500","593.76K","-0.95%"
"03/23/2018","25,870","25,400","26,033","25,222","703.21K","1.97%"
"03/22/2018","25,371","26,320","26,320","25,074","1.23M","-2.46%"
"03/20/2018","26,010","26,110","26,600","25,982","742.13K","-1.85%"
"03/19/2018","26,500","26,100","27,244","26,011","792.55K","1.77%"
"03/16/2018","26,038","26,300","26,700","26,000","1.67M","-1.30%"
"03/15/2018","26,380","26,108","27,000","26,108","2.31M","0.22%"
"03/14/2018","26,322","26,800","26,800","26,095","957.91K","-1.49%"
"03/13/2018","26,719","27,995","27,995","26,600","650.74K","-2.99%"
"03/12/2018","27,542","27,500","28,074","27,271","639.03K","0.15%"
"03/09/2018","27,500","26,856","27,711","26,652","596.19K","2.04%"
"03/08/2018","26,950","27,000","27,350","26,817","729.43K","-0.19%"
"03/07/2018","27,000","26,800","27,350","26,701","680.07K","0.00%"
"03/06/2018","27,000","26,900","27,448","26,650","798.89K","-1.28%"
"03/05/2018","27,350","26,900","27,397","26,500","811.97K","1.72%"
"03/02/2018","26,888","26,606","27,163","26,500","610.19K","-0.20%"
"03/01/2018","26,942","26,666","27,447","26,666","540.19K","-0.17%"
"02/28/2018","26,988","26,500","27,694","26,345","1.54M","1.07%"
"02/27/2018","26,701","27,200","27,852","26,686","849.75K","-1.83%"
"02/26/2018","27,198","27,800","28,500","27,196","844.68K","-3.23%"
"02/23/2018","28,107","27,999","28,500","27,146","1.24M","1.47%"
"02/22/2018","27,700","27,750","27,999","26,946","1.35M","-1.91%"
"02/21/2018","28,238","26,870","28,454","26,539","1.93M","6.90%"
"02/20/2018","26,415","27,075","27,100","26,090","684.57K","-2.44%"
"02/19/2018","27,075","26,250","27,299","25,500","497.83K","3.78%"
"02/16/2018","26,089","26,265","26,330","25,778","519.77K","-0.88%"
"02/15/2018","26,321","26,518","27,163","25,802","1.27M","-0.74%"
"02/14/2018","26,518","25,143","26,518","24,826","1.28M","5.47%"
"02/13/2018","25,143","25,101","25,324","24,662","1.55M","-0.17%"
"02/12/2018","25,185","25,500","25,897","25,114","1.23M","-0.66%"
"02/09/2018","25,352","25,470","25,995","25,203","1.53M","-2.91%"
"02/08/2018","26,112","26,300","26,599","25,501","1.13M","0.21%"
"02/07/2018","26,056","26,000","26,639","25,700","1.44M","-0.10%"
"02/06/2018","26,081","26,007","26,300","24,825","1.19M","-1.66%"
"02/05/2018","26,520","27,400","27,480","26,477","1.01M","-3.56%"
"02/02/2018","27,500","27,997","27,997","27,098","1.61M","-1.78%"
"02/01/2018","27,997","26,968","27,997","26,500","1.46M","5.57%"
"01/31/2018","26,520","26,300","27,465","26,200","2.25M","-0.11%"
"01/30/2018","26,550","27,776","28,400","26,318","1.22M","-4.42%"
"01/29/2018","27,777","27,798","27,902","27,316","680.18K","0.55%"
"01/26/2018","27,624","27,500","27,900","26,800","1.37M","1.15%"
"01/25/2018","27,310","27,750","27,797","27,246","1.22M","-1.05%"
"01/24/2018","27,600","28,000","28,410","27,559","1.97M","-0.84%"
"01/23/2018","27,835","27,844","28,393","27,700","1.80M","-0.03%"
"01/22/2018","27,844","28,000","28,000","27,230","1.67M","0.40%"
"01/19/2018","27,734","28,690","28,690","27,600","3.17M","-1.86%"
"01/18/2018","28,261","29,100","29,795","27,601","1.45M","-2.21%"
"01/17/2018","28,901","29,500","29,800","28,901","832.19K","-2.16%"
"01/16/2018","29,540","29,737","29,830","29,301","500.33K","-0.66%"
"01/15/2018","29,737","29,201","29,749","29,132","337.51K","1.50%"
"01/12/2018","29,297","29,550","29,624","29,121","513.68K","-0.86%"
"01/11/2018","29,550","29,215","30,000","29,200","531.64K","-0.69%"
"01/10/2018","29,756","30,000","30,000","29,200","579.43K","-0.10%"
"01/09/2018","29,786","29,674","29,963","29,329","461.78K","0.37%"
"01/08/2018","29,675","29,025","29,675","29,025","466.86K","1.71%"
"01/05/2018","29,175","29,200","29,299","28,793","601.12K","0.52%"
"01/04/2018","29,025","29,100","29,720","28,777","1.20M","-2.34%"
"01/03/2018","29,720","29,500","30,150","29,351","623.84K","-0.44%"
"01/02/2018","29,850","29,900","29,900","29,115","511.54K","-0.83%"
"12/29/2017","30,099","29,100","30,105","29,100","297.36K","1.94%"
"12/28/2017","29,525","29,750","29,750","29,356","252.22K","-0.75%"
"12/27/2017","29,749","29,250","29,749","29,250","238.50K","-0.05%"
"12/22/2017","29,763","30,300","30,449","29,317","450.50K","-2.10%"
"12/21/2017","30,400","28,800","30,499","28,800","3.43M","4.47%"
"12/20/2017","29,100","27,521","29,148","27,280","1.12M","4.35%"
"12/19/2017","27,888","28,900","29,600","27,328","3.17M","-4.16%"
"12/18/2017","29,100","29,600","30,554","28,972","1.08M","-3.25%"
"12/15/2017","30,076","29,456","30,076","28,995","1.54M","2.26%"
"12/14/2017","29,412","28,705","29,681","28,705","890.66K","0.49%"
"12/13/2017","29,269","30,100","30,100","28,841","776.31K","-1.41%"
"12/12/2017","29,687","30,200","30,398","29,383","751.15K","-1.70%"
"12/11/2017","30,200","30,627","30,627","30,064","781.23K","-1.39%"
"12/08/2017","30,627","30,400","30,635","29,798","508.23K","0.37%"
"12/07/2017","30,513","29,700","30,513","29,626","614.35K","-0.03%"
"12/06/2017","30,522","29,700","31,250","29,700","921.80K","2.32%"
"12/05/2017","29,831","29,799","29,859","29,257","655.72K","0.21%"
"12/04/2017","29,769","29,542","29,769","29,153","488.17K","0.77%"
"12/01/2017","29,542","29,503","29,762","29,100","839.93K","0.13%"
"11/30/2017","29,503","29,500","29,926","29,300","1.19M","-1.00%"
"11/29/2017","29,800","29,400","29,873","28,536","1.40M","1.97%"
"11/28/2017","29,225","27,900","29,582","27,819","1.10M","4.75%"
"11/27/2017","27,900","28,600","29,015","27,600","981.62K","-2.24%"
"11/24/2017","28,540","28,600","28,954","28,446","449.69K","-0.08%"
"11/23/2017","28,562","28,400","29,106","28,400","558.99K","-0.34%"
"11/22/2017","28,660","28,600","28,997","28,322","842.19K","0.21%"
"11/21/2017","28,600","28,550","29,123","28,352","927.73K","0.18%"
"11/20/2017","28,550","28,350","28,647","28,011","911.13K","0.81%"
"11/17/2017","28,320","29,574","29,598","28,266","928.35K","-2.96%"
"11/16/2017","29,183","29,300","29,502","29,030","1.36M","0.53%"
"11/15/2017","29,029","29,506","29,890","28,846","998.77K","-2.34%"
"11/14/2017","29,725","29,750","30,292","29,570","1.03M","-0.08%"
"11/13/2017","29,750","31,190","31,451","29,677","786.09K","-4.19%"
"11/10/2017","31,050","30,849","31,362","30,623","522.22K","0.65%"
"11/09/2017","30,849","30,850","31,379","30,849","1.01M","-1.18%"
"11/08/2017","31,217","30,831","31,296","30,802","1.53M","1.22%"
"11/07/2017","30,840","31,044","31,450","30,800","727.07K","-0.65%"
"11/06/2017","31,043","31,284","31,511","30,950","424.70K","-0.12%"
"11/03/2017","31,081","31,699","31,699","30,801","729.14K","0.78%"
"11/02/2017","30,840","30,901","31,367","30,817","433.78K","-0.74%"
"11/01/2017","31,070","31,185","31,889","30,960","915.34K","-0.10%"
"10/31/2017","31,100","31,600","31,600","30,755","631.57K","-0.86%"
"10/30/2017","31,370","31,598","31,600","31,300","653.26K","-0.73%"
"10/27/2017","31,600","30,770","31,678","30,770","983.93K","2.61%"
"10/26/2017","30,795","30,600","31,200","30,482","1.34M","1.14%"
"10/25/2017","30,447","30,690","30,748","29,864","859.93K","-0.57%"
"10/24/2017","30,622","30,550","30,622","30,252","438.79K","0.24%"
"10/23/2017","30,550","30,768","31,122","30,550","266.27K","-0.71%"
"10/20/2017","30,768","31,000","31,137","30,624","388.37K","-0.43%"
"10/19/2017","30,900","30,902","31,316","30,656","739.52K","-0.48%"
"10/18/2017","31,050","31,000","31,276","30,901","610.76K","0.00%"
"10/17/2017","31,050","31,438","31,438","30,896","795.54K","-1.23%"
"10/16/2017","31,438","31,900","31,900","31,005","623.70K","-0.76%"
"10/13/2017","31,679","31,698","31,757","31,000","674.47K","0.25%"
"10/12/2017","31,600","30,850","31,846","30,655","919.16K","2.21%"
"10/11/2017","30,917","30,999","31,113","30,325","561.52K","0.06%"
"10/10/2017","30,900","30,900","31,091","30,410","611.25K","-0.02%"
"10/09/2017","30,905","31,289","31,634","30,839","457.92K","-1.09%"
"10/06/2017","31,246","30,700","31,420","30,700","487.27K","2.06%"
"10/05/2017","30,616","30,735","30,980","30,328","467.78K","0.28%"
"10/04/2017","30,530","30,650","31,059","30,454","500.45K","0.43%"
"10/03/2017","30,400","30,164","30,658","30,164","1.03M","0.85%"
"10/02/2017","30,145","30,674","30,698","30,006","629.56K","-0.81%"
"09/29/2017","30,390","29,710","30,509","29,710","1.01M","2.20%"
"09/28/2017","29,736","29,100","29,800","29,071","771.86K","2.48%"
"09/27/2017","29,015","29,300","29,300","28,750","763.38K","0.04%"
"09/26/2017","29,003","30,400","30,400","28,878","1.72M","-4.88%"
"09/22/2017","30,490","30,800","30,900","30,130","648.52K","-0.75%"
"09/21/2017","30,719","30,600","30,873","30,050","3.04M","0.61%"
"09/20/2017","30,533","30,400","30,533","30,110","872.40K","0.10%"
"09/19/2017","30,502","30,986","30,986","29,556","1.21M","-0.94%"
"09/18/2017","30,790","30,600","31,018","30,402","771.64K","0.92%"
"09/15/2017","30,509","29,901","30,509","29,851","1.64M","1.78%"
"09/14/2017","29,975","29,482","30,200","29,482","963.06K","1.67%"
"09/13/2017","29,482","28,820","29,482","28,790","1.35M","2.40%"
"09/12/2017","28,790","29,071","29,287","28,705","879.73K","-0.97%"
"09/11/2017","29,071","29,260","29,500","29,057","732.85K","-0.98%"
"09/08/2017","29,360","29,600","29,734","29,216","558.06K","-0.81%"
"09/07/2017","29,600","29,225","29,699","28,657","1.16M","0.52%"
"09/06/2017","29,446","29,580","29,829","28,902","1.13M","-0.87%"
"09/05/2017","29,705","29,720","30,167","29,606","400.52K","-0.68%"
"09/04/2017","29,907","29,923","30,062","29,679","409.43K","-0.51%"
"09/01/2017","30,061","29,544","30,309","29,500","671.84K","1.75%"
"08/31/2017","29,544","29,400","29,847","29,400","781.50K","0.55%"
"08/30/2017","29,382","29,832","30,213","29,382","602.27K","-2.01%"
"08/29/2017","29,985","29,850","30,309","29,637","1.31M","0.45%"
"08/28/2017","29,850","29,999","30,042","29,600","1.52M","1.05%"
"08/25/2017","29,540","29,859","30,194","29,540","727.83K","-1.55%"
"08/24/2017","30,005","30,620","31,296","29,401","1.98M","-2.26%"
"08/23/2017","30,700","31,196","31,396","30,515","523.36K","-1.38%"
"08/22/2017","31,131","31,050","31,170","30,749","524.42K","1.07%"
"08/21/2017","30,800","30,802","31,291","30,800","626.02K","0.00%"
"08/18/2017","30,800","30,826","31,061","30,661","481.81K","-0.08%"
"08/17/2017","30,826","30,693","31,105","30,693","491.36K","0.30%"
"08/16/2017","30,735","30,900","31,315","30,706","748.25K","-0.58%"
"08/15/2017","30,915","31,200","31,386","30,791","627.56K","-0.52%"
"08/14/2017","31,077","31,900","31,975","30,952","985.43K","-1.66%"
"08/11/2017","31,600","31,549","31,813","31,450","797.94K","-0.01%"
"08/10/2017","31,602","31,970","31,999","31,351","731.82K","0.32%"
"08/08/2017","31,500","31,549","31,996","31,408","455.41K","-0.79%"
"08/07/2017","31,750","31,961","32,000","31,367","586.11K","-0.31%"
"08/04/2017","31,850","31,800","32,282","31,490","783.25K","-0.07%"
"08/03/2017","31,872","31,840","32,400","31,713","1.02M","0.07%"
"08/02/2017","31,850","31,700","32,155","31,456","1.02M","0.71%"
"08/01/2017","31,624","31,500","31,805","31,352","930.75K","-0.03%"
"07/31/2017","31,634","31,740","31,850","31,344","1.18M","-0.33%"
"07/28/2017","31,740","31,250","31,740","30,789","784.68K","1.18%"
"07/27/2017","31,370","31,487","31,715","30,666","738.57K","-0.02%"
"07/26/2017","31,376","30,828","31,400","30,608","878.60K","1.91%"
"07/25/2017","30,787","30,400","31,054","30,196","1.03M","1.85%"
"07/24/2017","30,229","30,700","31,350","30,190","937.44K","-1.61%"
"07/21/2017","30,725","31,499","31,704","30,700","889.99K","-2.74%"
"07/20/2017","31,589","31,308","31,709","31,160","866.15K","1.13%"
"07/19/2017","31,237","30,889","31,400","30,889","1.38M","1.13%"
"07/18/2017","30,887","31,067","31,220","30,654","975.66K","-0.58%"
"07/17/2017","31,067","31,200","31,376","30,954","1.28M","-0.69%"
"07/14/2017","31,284","31,500","31,892","31,038","827.74K","-0.96%"
"07/13/2017","31,586","31,673","31,899","31,326","1.09M","-1.14%"
"07/12/2017","31,950","31,523","31,957","31,190","802.61K","1.35%"
"07/11/2017","31,523","31,600","31,799","31,300","924.77K","-0.63%"
"07/10/2017","31,724","32,170","32,220","31,239","701.49K","-0.55%"
"07/07/2017","31,900","31,899","31,983","31,199","1.01M","0.00%"
"07/06/2017","31,900","31,755","32,299","31,211","1.13M","0.74%"
"07/05/2017","31,665","30,300","31,687","29,980","923.66K","4.50%"
"07/04/2017","30,300","29,870","30,531","29,819","600.19K","0.90%"
"07/03/2017","30,030","29,800","30,100","29,282","481.71K","0.36%"
"06/30/2017","29,922","29,395","29,922","29,055","711.42K","2.13%"
"06/29/2017","29,299","29,945","29,945","28,937","587.31K","-1.54%"
"06/28/2017","29,758","28,910","29,790","28,829","558.60K","2.97%"
"06/27/2017","28,900","28,672","29,290","28,596","724.01K","0.80%"
"06/26/2017","28,672","29,198","29,198","28,350","723.05K","-1.54%"
"06/23/2017","29,121","29,451","29,606","28,878","578.40K","-1.12%"
"06/22/2017","29,451","29,652","29,899","29,082","935.92K","-1.74%"
"06/21/2017","29,974","29,000","29,976","28,706","921.05K","2.85%"
"06/20/2017","29,143","30,000","30,000","28,925","785.18K","-2.53%"
"06/19/2017","29,900","28,870","29,955","28,800","863.26K","3.57%"
"06/15/2017","28,870","29,200","29,270","28,476","3.74M","-1.13%"
"06/14/2017","29,200","29,150","29,490","28,904","1.02M","0.64%"
"06/13/2017","29,013","29,421","29,510","28,850","1.08M","-1.71%"
"06/12/2017","29,517","29,600","29,600","29,016","631.09K","0.25%"
"06/09/2017","29,442","29,421","29,544","28,910","830.84K","-0.53%"
"06/08/2017","29,600","29,411","29,848","29,020","1.14M","1.28%"
"06/07/2017","29,225","29,790","29,790","28,970","922.67K","0.51%"
"06/06/2017","29,077","29,350","29,505","28,837","851.38K","-1.35%"
"06/05/2017","29,476","29,730","29,899","29,476","1.36M","-1.39%"
"06/02/2017","29,893","29,990","30,089","29,723","554.69K","-0.10%"
"06/01/2017","29,924","30,000","30,000","29,472","875.69K","-0.14%"
"05/31/2017","29,966","29,323","29,966","29,250","1.14M","2.19%"
"05/30/2017","29,323","29,600","29,797","29,143","467.68K","-1.58%"
"05/29/2017","29,794","29,160","29,860","29,020","216.06K","1.69%"
"05/26/2017","29,300","29,300","29,874","29,010","847.59K","-0.68%"
"05/25/2017","29,500","29,279","29,763","29,279","1.22M","0.34%"
"05/24/2017","29,400","29,622","29,850","29,140","960.23K","-0.34%"
"05/23/2017","29,500","29,500","29,644","29,000","708.63K","-0.08%"
"05/22/2017","29,525","30,001","30,329","29,500","825.95K","-1.58%"
"05/19/2017","30,000","30,375","30,375","29,800","618.27K","-0.14%"
"05/18/2017","30,043","30,900","31,144","29,917","1.67M","-2.14%"
"05/17/2017","30,700","30,449","31,024","30,100","1.34M","1.07%"
"05/16/2017","30,375","29,539","30,388","29,272","1.36M","3.35%"
"05/15/2017","29,390","29,890","30,079","29,173","851.29K","-1.97%"
"05/12/2017","29,980","29,693","30,221","29,601","2.90M","0.57%"
"05/11/2017","29,810","30,000","30,029","29,593","1.73M","0.02%"
"05/10/2017","29,804","29,700","30,001","29,549","803.90K","0.35%"
"05/09/2017","29,700","29,545","29,953","29,158","1.37M","1.37%"
"05/08/2017","29,300","29,114","29,349","28,562","821.70K","1.38%"
"05/05/2017","28,900","28,250","28,978","28,250","700.35K","2.48%"
"05/04/2017","28,200","28,449","28,600","28,000","879.81K","-0.41%"
"05/03/2017","28,316","28,742","29,150","28,012","815.62K","-1.66%"
"05/02/2017","28,793","28,700","28,954","28,296","907.70K","1.69%"
"04/28/2017","28,314","28,590","29,025","28,168","892.77K","-1.08%"
"04/26/2017","28,624","28,440","28,742","28,015","888.91K","2.08%"
"04/25/2017","28,040","27,300","28,500","27,201","1.17M","3.03%"
"04/24/2017","27,215","26,695","27,515","26,263","695.18K","2.34%"
"04/21/2017","26,594","26,713","26,911","26,267","466.16K","-0.36%"
"04/20/2017","26,689","27,391","27,648","26,400","506.79K","-2.56%"
"04/19/2017","27,391","27,358","27,789","27,016","861.10K","1.81%"
"04/18/2017","26,904","27,571","27,819","26,850","799.29K","-2.64%"
"04/13/2017","27,633","27,600","27,969","27,238","520.22K","-0.91%"
"04/12/2017","27,887","28,100","28,399","27,622","936.68K","-0.95%"
"04/11/2017","28,155","27,900","28,489","27,700","1.47M","0.91%"
"04/10/2017","27,900","27,400","27,991","27,064","731.61K","1.74%"
"04/07/2017","27,422","27,300","27,480","26,828","1.13M","0.44%"
"04/06/2017","27,301","27,120","27,447","26,817","799.49K","0.71%"
"04/05/2017","27,109","26,630","27,696","26,541","803.78K","1.25%"
"04/04/2017","26,773","27,272","27,987","26,698","1.33M","-1.72%"
"04/03/2017","27,241","26,000","27,436","25,686","1.42M","4.89%"
"03/31/2017","25,970","26,100","26,527","25,690","1.69M","0.26%"
"03/30/2017","25,903","26,252","26,499","25,846","897.85K","-2.65%"
"03/29/2017","26,608","26,667","26,967","26,201","1.59M","-0.05%"
"03/28/2017","26,620","26,723","26,894","26,300","1.04M","-0.39%"
"03/27/2017","26,723","26,469","26,916","26,231","558.78K","0.46%"
"03/24/2017","26,600","26,800","26,947","26,301","600.51K","-0.45%"
"03/23/2017","26,721","27,130","27,130","26,500","848.15K","-1.51%"
"03/22/2017","27,132","26,501","27,245","26,501","850.79K","0.38%"
"03/20/2017","27,028","27,150","27,349","26,622","751.82K","0.66%"
"03/17/2017","26,852","26,900","27,289","26,657","1.10M","-0.96%"
"03/16/2017","27,113","26,890","27,455","26,433","2.91M","2.58%"
"03/15/2017","26,432","26,544","26,837","26,012","843.69K","0.27%"
"03/14/2017","26,360","27,010","27,497","26,217","1.21M","-3.38%"
"03/13/2017","27,283","26,798","27,283","26,300","870.62K","2.70%"
"03/10/2017","26,565","26,900","26,900","26,212","989.64K","-0.59%"
"03/09/2017","26,724","26,700","26,990","26,527","809.48K","-0.28%"
"03/08/2017","26,800","26,250","27,138","26,200","1.11M","1.14%"
"03/07/2017","26,497","27,017","27,295","26,100","1.27M","-2.15%"
"03/06/2017","27,079","26,800","27,685","26,751","781.97K","-0.61%"
"03/03/2017","27,245","27,200","27,819","26,506","950.11K","0.54%"
"03/02/2017","27,100","26,765","27,716","26,521","1.17M","1.25%"
"03/01/2017","26,765","26,500","26,959","25,801","1.49M","1.78%"
"02/28/2017","26,297","26,650","26,801","25,900","2.26M","-1.32%"
"02/27/2017","26,650","26,845","27,149","26,450","1.39M","-0.74%"
"02/24/2017","26,850","25,725","27,190","25,255","1.90M","4.37%"
"02/23/2017","25,725","23,555","26,199","23,555","3.62M","11.12%"
"02/22/2017","23,150","23,290","23,400","23,000","467.54K","-0.60%"
"02/21/2017","23,290","23,287","23,397","23,100","600.00K","0.01%"
"02/20/2017","23,287","23,200","23,300","22,826","426.04K","0.38%"
"02/17/2017","23,200","23,210","23,287","22,806","1.28M","-0.37%"
"02/16/2017","23,287","23,250","23,391","22,809","575.70K","-0.23%"
"02/15/2017","23,341","23,898","23,898","23,205","920.79K","-1.50%"
"02/14/2017","23,696","23,980","23,990","23,353","644.68K","-1.27%"
"02/13/2017","24,000","24,000","24,200","23,800","419.50K","-0.41%"
"02/10/2017","24,100","23,699","24,467","23,534","1.02M","2.19%"
"02/09/2017","23,583","23,301","23,850","23,301","500.89K","-0.49%"
"02/08/2017","23,700","23,900","23,900","23,003","1.57M","0.23%"
"02/07/2017","23,646","23,880","23,880","23,400","669.92K","0.26%"
"02/06/2017","23,585","23,849","23,897","23,310","530.39K","-0.06%"
"02/03/2017","23,600","23,910","23,910","23,306","675.86K","-0.56%"
"02/02/2017","23,732","23,400","23,996","23,151","1.10M","1.19%"
"02/01/2017","23,452","23,250","23,714","23,190","681.95K","0.98%"
"01/31/2017","23,225","23,088","23,376","23,011","1.11M","0.11%"
"01/30/2017","23,200","23,500","23,797","23,051","885.81K","-1.26%"
"01/27/2017","23,495","23,875","23,875","23,016","1.60M","-0.03%"
"01/26/2017","23,502","23,695","23,800","23,266","1.12M","-0.04%"
"01/25/2017","23,512","23,701","23,948","23,409","789.72K","-1.18%"
"01/24/2017","23,792","23,935","24,011","23,436","899.08K","-0.86%"
"01/23/2017","23,998","24,195","24,195","23,650","773.31K","1.21%"
"01/20/2017","23,711","24,004","24,400","23,700","852.67K","-2.06%"
"01/19/2017","24,209","23,640","24,257","23,640","987.56K","1.72%"
"01/18/2017","23,800","23,999","24,090","23,553","802.78K","0.16%"
"01/17/2017","23,763","23,850","24,087","23,730","1.08M","-0.36%"
"01/16/2017","23,850","23,950","23,996","23,800","479.20K","-1.45%"
"01/13/2017","24,200","23,940","24,300","23,851","511.99K","1.08%"
"01/12/2017","23,941","23,900","24,275","23,900","552.05K","-0.45%"
"01/11/2017","24,050","24,036","24,275","23,793","1.38M","0.46%"
"01/10/2017","23,939","23,629","24,146","23,551","809.89K","1.64%"
"01/09/2017","23,553","24,090","24,456","23,530","679.94K","-2.23%"
"01/06/2017","24,090","24,461","24,466","24,004","528.83K","-1.12%"
"01/05/2017","24,362","24,750","24,800","24,048","423.88K","-1.54%"
"01/04/2017","24,743","24,889","24,889","24,200","305.21K","-0.59%"
"01/03/2017","24,889","24,800","25,089","24,564","453.52K","1.53%"
"12/30/2016","24,515","24,899","24,899","24,224","275.31K","-0.91%"
"12/29/2016","24,740","24,975","24,975","24,300","324.83K","0.17%"
"12/28/2016","24,699","24,200","24,799","24,200","347.28K","2.49%"
"12/23/2016","24,100","24,200","24,478","23,951","156.08K","-0.49%"
"12/22/2016","24,218","24,200","24,483","24,001","418.69K","-0.45%"
"12/21/2016","24,327","24,350","24,769","24,157","290.22K","-1.23%"
"12/20/2016","24,630","24,433","24,710","24,193","531.12K","1.33%"
"12/19/2016","24,307","23,975","24,799","23,975","500.90K","-1.20%"
"12/15/2016","24,602","24,600","25,300","23,903","3.43M","-2.45%"
"12/14/2016","25,220","25,000","25,450","24,800","579.04K","0.88%"
"12/13/2016","25,000","24,550","25,313","24,550","773.12K","1.09%"
"12/12/2016","24,731","24,912","25,467","24,324","760.37K","-1.08%"
"12/09/2016","25,000","24,200","25,099","24,085","833.95K","3.66%"
"12/08/2016","24,117","24,549","24,549","23,662","1.05M","0.65%"
"12/07/2016","23,961","24,101","24,700","23,900","814.93K","-0.58%"
"12/06/2016","24,101","24,800","24,989","24,004","912.67K","-1.43%"
"12/05/2016","24,450","23,900","24,450","23,505","1.01M","2.27%"
"12/02/2016","23,907","25,199","25,199","23,907","653.83K","-5.13%"
"12/01/2016","25,199","24,657","25,321","24,323","933.56K","2.20%"
"11/30/2016","24,657","25,885","25,885","24,399","1.99M","-2.24%"
"11/29/2016","25,221","25,199","25,607","24,848","940.29K","1.37%"
"11/28/2016","24,881","25,750","26,100","24,881","990.26K","-2.91%"
"11/25/2016","25,628","25,807","25,995","24,507","527.75K","-0.36%"
"11/24/2016","25,720","25,684","26,299","25,311","639.20K","0.47%"
"11/23/2016","25,600","25,400","25,798","25,182","1.93M","1.99%"
"11/22/2016","25,100","24,650","25,247","24,650","1.05M","1.19%"
"11/21/2016","24,804","24,997","25,000","24,600","2.27M","0.83%"
"11/18/2016","24,600","24,550","24,962","24,255","1.13M","0.22%"
"11/17/2016","24,545","24,071","24,699","24,071","1.02M","0.18%"
"11/16/2016","24,500","24,125","24,774","23,804","1.11M","1.34%"
"11/15/2016","24,175","24,000","24,498","23,613","1.90M","-0.51%"
"11/14/2016","24,300","23,900","24,800","23,900","1.57M","1.59%"
"11/11/2016","23,920","22,801","24,900","22,801","1.52M","3.01%"
"11/10/2016","23,221","23,900","23,900","22,902","1.44M","-2.02%"
"11/09/2016","23,700","23,000","23,794","22,801","674.75K","0.79%"
"11/08/2016","23,515","23,300","23,873","22,908","875.24K","1.01%"
"11/07/2016","23,281","23,300","23,899","22,900","668.30K","0.35%"
"11/04/2016","23,200","23,500","23,889","22,183","1.58M","-1.65%"
"11/03/2016","23,590","23,575","24,100","23,200","2.07M","0.06%"
"11/02/2016","23,575","24,005","24,446","23,346","1.08M","-1.61%"
"11/01/2016","23,960","23,896","24,584","23,780","1.11M","0.78%"
"10/31/2016","23,775","24,199","24,271","23,532","841.47K","-1.70%"
"10/28/2016","24,186","24,490","24,490","23,751","1.22M","-0.47%"
"10/27/2016","24,300","24,980","24,980","24,246","712.24K","-2.41%"
"10/26/2016","24,899","24,645","24,899","24,405","319.99K","0.57%"
"10/25/2016","24,757","25,176","25,392","24,381","785.69K","-1.66%"
"10/24/2016","25,175","25,710","25,790","24,854","1.03M","-2.18%"
"10/21/2016","25,735","25,700","25,794","25,358","932.89K","1.08%"
"10/20/2016","25,460","25,500","25,630","24,612","939.79K","0.10%"
"10/19/2016","25,435","25,288","25,700","25,000","470.72K","-0.09%"
"10/18/2016","25,457","24,900","25,949","24,699","1.81M","2.24%"
"10/17/2016","24,900","25,020","25,266","24,226","499.72K","-0.54%"
"10/14/2016","25,034","24,985","25,100","24,075","1.18M","2.04%"
"10/13/2016","24,533","25,200","25,679","24,511","1.58M","-3.83%"
"10/12/2016","25,510","26,000","26,150","25,294","852.95K","-1.87%"
"10/11/2016","25,996","25,741","26,338","25,155","2.00M","1.44%"
"10/10/2016","25,627","25,400","25,721","25,267","389.52K","0.50%"
"10/07/2016","25,500","25,440","25,838","25,025","637.05K","1.21%"
"10/06/2016","25,194","26,102","26,292","25,194","575.17K","-2.73%"
"10/05/2016","25,900","25,949","26,369","25,557","756.93K","0.34%"
"10/04/2016","25,813","25,548","26,156","25,548","822.51K","1.04%"
"10/03/2016","25,548","26,120","26,140","25,548","542.60K","-1.42%"
"09/30/2016","25,915","26,278","26,469","25,729","1.27M","-2.57%"
"09/29/2016","26,598","26,850","27,220","25,901","2.01M","1.71%"
"09/28/2016","26,150","26,050","26,791","25,741","657.26K","1.36%"
"09/27/2016","25,800","25,615","26,087","25,568","1.71M","0.68%"
"09/26/2016","25,625","25,962","25,980","25,450","510.85K","-1.44%"
"09/23/2016","26,000","26,200","26,498","25,552","1.13M","-1.68%"
"09/22/2016","26,445","25,284","26,799","25,003","1.19M","4.59%"
"09/21/2016","25,284","25,800","25,817","25,001","1.15M","-1.81%"
"09/20/2016","25,750","26,500","26,733","25,572","964.18K","-3.71%"
"09/19/2016","26,742","27,253","27,499","26,500","572.86K","-1.32%"
"09/16/2016","27,100","27,653","28,172","26,820","1.42M","-1.98%"
"09/15/2016","27,647","27,700","28,186","27,503","3.48M","-0.48%"
"09/14/2016","27,780","28,015","28,216","27,302","733.54K","-1.49%"
"09/13/2016","28,200","27,901","28,499","27,851","945.25K","0.36%"
"09/12/2016","28,100","27,551","28,232","27,320","774.50K","-0.68%"
"09/09/2016","28,292","28,390","28,390","27,710","2.30M","1.06%"
"09/08/2016","27,995","28,491","28,650","27,312","2.33M","-0.76%"
"09/07/2016","28,210","28,000","28,390","27,802","1.49M","0.75%"
"09/06/2016","28,000","27,850","28,390","27,662","1.27M","0.00%"
"09/05/2016","28,000","27,520","28,694","27,520","981.08K","0.72%"
"09/02/2016","27,800","27,375","27,900","26,902","1.24M","2.63%"
"09/01/2016","27,087","26,901","27,300","26,506","781.28K","0.32%"
"08/31/2016","27,000","26,900","27,496","26,817","2.43M","0.37%"
"08/30/2016","26,900","27,050","27,421","26,822","494.01K","-0.55%"
"08/29/2016","27,050","26,555","27,239","26,431","749.08K","2.04%"
"08/26/2016","26,509","27,100","27,380","26,391","838.11K","-1.64%"
"08/25/2016","26,950","26,750","27,500","26,351","1.32M","1.70%"
"08/24/2016","26,500","25,670","27,000","25,000","1.53M","4.82%"
"08/23/2016","25,281","25,150","25,806","25,007","517.75K","-0.68%"
"08/22/2016","25,455","25,115","25,787","25,001","532.00K","1.01%"
"08/19/2016","25,200","26,267","26,267","25,051","562.00K","-3.10%"
"08/18/2016","26,007","24,865","26,300","24,500","930.01K","6.92%"
"08/17/2016","24,323","24,901","25,229","24,250","708.81K","-1.87%"
"08/16/2016","24,787","24,493","25,400","24,126","1.22M","0.95%"
"08/15/2016","24,554","25,350","25,498","24,500","836.05K","-2.42%"
"08/12/2016","25,162","24,475","25,750","24,169","1.38M","4.84%"
"08/11/2016","24,000","24,530","25,003","23,880","1.32M","-1.99%"
"08/10/2016","24,488","24,650","24,800","23,901","762.74K","-0.92%"
"08/08/2016","24,715","25,008","25,700","24,500","726.42K","-1.53%"
"08/05/2016","25,100","26,440","26,445","25,100","1.05M","-3.28%"
"08/04/2016","25,950","27,050","27,588","25,501","1.42M","-3.89%"
"08/02/2016","27,000","26,750","27,759","26,091","1.59M","-0.18%"
"08/01/2016","27,049","26,295","27,245","25,500","942.70K","4.43%"
"07/29/2016","25,902","27,010","27,096","25,751","1.02M","-4.10%"
"07/28/2016","27,010","26,956","27,450","26,687","457.13K","-0.30%"
"07/27/2016","27,090","27,745","27,976","26,656","692.87K","-1.47%"
"07/26/2016","27,495","27,314","27,596","26,925","1.03M","0.66%"
"07/25/2016","27,314","27,000","27,500","26,750","1.27M","1.48%"
"07/22/2016","26,915","26,000","27,000","25,864","1.09M","2.05%"
"07/21/2016","26,374","26,386","26,400","25,809","895.54K","1.44%"
"07/20/2016","26,000","25,550","26,420","25,550","897.11K","1.17%"
"07/19/2016","25,700","26,050","26,275","25,505","490.21K","-2.74%"
"07/18/2016","26,425","25,883","26,446","25,503","703.42K","2.06%"
"07/15/2016","25,892","25,990","26,000","25,349","659.49K","-0.42%"
"07/14/2016","26,000","25,661","26,000","25,200","877.18K","0.58%"
"07/13/2016","25,851","25,390","25,989","25,100","833.92K","3.00%"
"07/12/2016","25,098","25,149","25,688","24,700","1.32M","0.39%"
"07/11/2016","25,000","25,689","25,894","24,800","1.05M","-0.43%"
"07/08/2016","25,109","25,969","26,445","25,000","1.23M","-2.68%"
"07/07/2016","25,800","26,450","26,851","25,270","1.70M","-1.71%"
"07/06/2016","26,250","26,917","27,249","26,242","1.33M","-5.03%"
"07/05/2016","27,640","28,390","28,390","27,215","980.95K","-2.90%"
"07/04/2016","28,465","28,420","28,799","28,152","1.20M","-0.47%"
"07/01/2016","28,599","27,750","28,599","26,650","1.61M","3.62%"
"06/30/2016","27,600","26,900","27,988","26,776","2.51M","2.99%"
"06/29/2016","26,800","26,038","27,198","25,753","959.62K","4.69%"
"06/28/2016","25,600","24,500","25,996","24,500","1.86M","6.44%"
"06/27/2016","24,050","25,965","25,965","23,500","2.86M","-8.38%"
"06/24/2016","26,250","25,500","27,002","25,250","1.99M","-6.91%"
"06/23/2016","28,200","28,189","28,809","27,505","1.70M","-0.02%"
"06/22/2016","28,205","27,000","28,260","26,845","1.72M","4.81%"
"06/21/2016","26,910","26,880","26,910","26,500","946.99K","1.51%"
"06/20/2016","26,510","26,510","26,889","25,817","1.12M","0.23%"
"06/17/2016","26,449","26,790","27,000","26,000","2.10M","-1.31%"
"06/15/2016","26,800","24,500","26,800","24,220","5.84M","7.20%"
"06/14/2016","25,000","25,399","25,399","24,015","1.55M","-1.57%"
"06/13/2016","25,400","25,800","25,970","25,015","1.30M","-1.11%"
"06/10/2016","25,684","25,325","26,400","25,051","1.58M","1.12%"
"06/09/2016","25,400","26,100","26,150","25,315","6.12M","-3.02%"
"06/08/2016","26,190","27,000","27,358","25,500","4.28M","-3.71%"
"06/07/2016","27,200","27,550","27,649","27,071","1.46M","0.28%"
"06/06/2016","27,125","28,800","28,800","27,000","2.48M","-4.82%"
"06/03/2016","28,500","29,479","29,480","28,013","1.79M","-2.90%"
"06/02/2016","29,350","29,710","29,900","29,101","2.18M","-0.51%"
"06/01/2016","29,500","29,945","29,949","29,250","2.77M","-2.51%"
"05/31/2016","30,260","30,031","30,297","28,550","5.28M","-0.46%"