"Date","Price","Open","High","Low","Vol.","Change %"
"03/27/2026","98,700","98,950","99,208","97,515","600.06K","0.66%"
"03/26/2026","98,050","96,994","98,362","96,994","349.52K","0.90%"
"03/25/2026","97,172","97,300","97,450","96,238","447.66K","-1.15%"
"03/24/2026","98,300","95,151","98,887","95,151","435.37K","2.23%"
"03/23/2026","96,159","97,382","97,953","95,500","814.18K","-1.01%"
"03/20/2026","97,138","97,351","99,000","97,138","2.36M","-0.22%"
"03/19/2026","97,350","98,000","98,967","96,921","2.18M","-0.65%"
"03/18/2026","97,991","100,508","101,768","97,991","1.04M","-3.10%"
"03/17/2026","101,128","101,200","102,700","100,521","710.98K","-1.16%"
"03/16/2026","102,313","99,500","102,740","99,500","615.14K","1.80%"
"03/13/2026","100,507","97,551","100,901","97,551","591.17K","1.14%"
"03/12/2026","99,379","95,796","99,686","95,352","749.96K","3.41%"
"03/11/2026","96,104","97,000","97,081","95,822","417.68K","-0.30%"
"03/10/2026","96,392","94,949","96,697","94,117","596.49K","0.69%"
"03/09/2026","95,728","93,601","96,474","93,601","498.94K","0.60%"
"03/06/2026","95,160","96,500","97,226","94,947","375.88K","-2.41%"
"03/05/2026","97,514","99,054","99,431","97,514","686.25K","-1.52%"
"03/04/2026","99,015","99,871","100,400","97,821","728.73K","-1.23%"
"03/03/2026","100,250","98,950","100,673","98,800","689.87K","-0.07%"
"03/02/2026","100,316","99,241","100,649","98,635","566.45K","0.72%"
"02/27/2026","99,600","99,000","99,799","97,307","637.84K","0.35%"
"02/26/2026","99,250","98,965","99,615","98,606","371.95K","0.77%"
"02/25/2026","98,490","98,440","99,099","97,329","331.37K","-0.01%"
"02/24/2026","98,503","98,800","99,728","97,271","279.19K","-1.33%"
"02/23/2026","99,832","99,300","99,832","97,678","352.06K","0.58%"
"02/20/2026","99,259","96,825","99,799","96,825","309.75K","3.10%"
"02/19/2026","96,278","95,100","96,681","94,170","608.21K","1.88%"
"02/18/2026","94,500","94,799","95,112","93,822","530.25K","0.11%"
"02/17/2026","94,400","93,150","94,862","93,136","428.65K","0.98%"
"02/16/2026","93,480","93,500","95,380","92,608","515.05K","-1.44%"
"02/13/2026","94,845","94,881","98,248","94,052","942.95K","0.36%"
"02/12/2026","94,508","96,279","97,404","92,412","1.11M","-1.34%"
"02/11/2026","95,790","95,108","96,279","94,711","569.19K","0.64%"
"02/10/2026","95,180","98,620","98,620","94,893","542.65K","-2.29%"
"02/09/2026","97,409","99,500","100,547","97,409","427.65K","-2.95%"
"02/06/2026","100,367","97,720","101,163","97,720","601.75K","1.00%"
"02/05/2026","99,374","98,101","99,870","97,527","404.61K","-0.03%"
"02/04/2026","99,399","97,150","100,175","97,150","421.62K","1.57%"
"02/03/2026","97,858","96,223","98,570","96,223","398.64K","0.48%"
"02/02/2026","97,394","96,050","98,379","96,000","1.29M","1.69%"
"01/30/2026","95,780","93,150","96,299","93,150","931.10K","0.96%"
"01/29/2026","94,865","94,799","95,236","93,496","520.16K","-0.08%"
"01/28/2026","94,940","95,100","95,418","94,339","448.71K","-0.43%"
"01/27/2026","95,350","94,999","95,816","93,611","538.01K","0.81%"
"01/26/2026","94,580","93,650","95,449","93,650","505.39K","0.15%"
"01/23/2026","94,440","93,411","94,690","92,679","653.82K","0.77%"
"01/22/2026","93,718","92,321","95,000","92,321","715.61K","1.42%"
"01/21/2026","92,403","92,281","94,334","92,122","920.00K","-0.27%"
"01/20/2026","92,650","95,441","96,268","92,650","693.98K","-3.44%"
"01/19/2026","95,948","93,601","96,409","93,601","717.79K","1.12%"
"01/16/2026","94,886","94,041","96,202","94,041","779.33K","0.41%"
"01/15/2026","94,500","92,401","95,015","92,401","818.72K","2.44%"
"01/14/2026","92,250","91,850","93,285","91,559","1.18M","0.95%"
"01/13/2026","91,380","90,601","91,966","90,601","477.48K","1.31%"
"01/12/2026","90,200","89,920","91,241","89,920","518.91K","1.19%"
"01/09/2026","89,138","89,480","89,480","88,190","324.97K","-0.29%"
"01/08/2026","89,400","88,960","89,414","87,360","288.58K","1.71%"
"01/07/2026","87,895","88,889","89,966","87,806","552.47K","-1.63%"
"01/06/2026","89,355","90,393","90,400","89,121","367.29K","-0.62%"
"01/05/2026","89,908","92,549","92,948","89,908","712.12K","-2.78%"
"01/02/2026","92,479","96,420","96,420","91,216","211.62K","-1.75%"
"12/31/2025","94,122","93,500","94,307","93,341","52.03K","0.63%"
"12/30/2025","93,532","97,000","97,000","93,357","129.81K","-0.36%"
"12/29/2025","93,874","93,210","95,064","92,957","205.71K","0.71%"
"12/24/2025","93,210","96,499","96,499","93,210","77.46K","-1.80%"
"12/23/2025","94,915","94,500","95,651","94,500","485.18K","-0.30%"
"12/22/2025","95,200","94,340","95,277","93,956","744.45K","1.15%"
"12/19/2025","94,122","94,601","96,349","93,864","4.12M","-2.16%"
"12/18/2025","96,200","95,688","96,413","95,055","1.95M","-0.02%"
"12/17/2025","96,220","94,750","96,272","94,750","755.59K","-0.04%"
"12/15/2025","96,260","95,520","96,897","95,321","519.08K","1.12%"
"12/12/2025","95,198","98,938","98,938","95,198","708.31K","-3.53%"
"12/11/2025","98,680","99,230","99,549","98,300","938.88K","-0.32%"
"12/10/2025","99,000","95,750","99,194","95,750","823.71K","1.74%"
"12/09/2025","97,305","96,840","99,531","92,816","1.32M","0.63%"
"12/08/2025","96,700","96,501","97,179","96,271","553.37K","-0.36%"
"12/05/2025","97,050","97,881","98,144","96,678","344.90K","-1.02%"
"12/04/2025","98,055","98,600","99,750","97,114","564.82K","-1.54%"
"12/03/2025","99,588","98,685","100,401","98,339","315.93K","0.59%"
"12/02/2025","99,000","99,500","99,928","98,657","452.74K","-0.91%"
"12/01/2025","99,912","98,922","100,152","98,593","609.90K","0.60%"
"11/28/2025","99,320","97,180","99,800","97,180","780.56K","1.36%"
"11/27/2025","97,984","96,666","99,249","96,666","443.30K","0.18%"
"11/26/2025","97,807","98,299","98,302","97,020","521.09K","0.21%"
"11/25/2025","97,606","95,279","98,040","94,027","416.85K","2.55%"
"11/24/2025","95,175","95,931","96,953","94,000","444.02K","-0.79%"
"11/21/2025","95,931","94,339","96,241","93,533","306.48K","2.23%"
"11/20/2025","93,835","92,684","95,593","92,684","419.26K","-0.11%"
"11/19/2025","93,942","95,500","95,500","92,900","199.38K","-0.03%"
"11/18/2025","93,969","94,000","95,472","92,627","284.41K","0.81%"
"11/17/2025","93,212","91,000","93,740","91,000","368.27K","1.71%"
"11/14/2025","91,644","93,525","94,006","91,250","330.81K","-2.68%"
"11/13/2025","94,168","94,500","95,358","93,246","417.86K","-1.07%"
"11/12/2025","95,185","95,422","96,104","94,888","353.17K","-0.81%"
"11/11/2025","95,965","93,550","96,541","93,550","453.14K","2.23%"
"11/10/2025","93,871","94,990","95,071","93,345","265.02K","-0.73%"
"11/07/2025","94,566","94,000","94,847","94,000","374.85K","0.29%"
"11/06/2025","94,296","93,800","94,337","93,427","444.44K","0.87%"
"11/05/2025","93,480","92,040","94,074","91,800","598.86K","1.63%"
"11/04/2025","91,980","90,120","92,387","90,120","423.98K","2.35%"
"11/03/2025","89,872","89,083","90,687","88,817","320.51K","1.31%"
"10/31/2025","88,712","89,160","89,449","87,758","193.30K","0.40%"
"10/30/2025","88,362","89,237","89,237","88,000","306.67K","-0.83%"
"10/29/2025","89,100","90,495","90,495","88,694","272.31K","-0.64%"
"10/28/2025","89,677","90,500","90,561","88,891","386.38K","-0.89%"
"10/27/2025","90,483","88,887","90,801","88,887","384.55K","1.39%"
"10/24/2025","89,240","89,017","89,609","88,846","238.36K","0.22%"
"10/23/2025","89,045","88,437","90,101","87,903","228.22K","0.55%"
"10/22/2025","88,559","87,298","88,852","86,886","673.07K","1.78%"
"10/21/2025","87,006","87,947","88,689","86,858","409.48K","-1.26%"
"10/20/2025","88,120","89,026","89,274","87,959","475.39K","-1.02%"
"10/17/2025","89,026","89,231","90,010","88,713","344.22K","1.01%"
"10/16/2025","88,134","87,800","88,951","87,800","343.70K","0.35%"
"10/15/2025","87,826","88,700","88,700","86,663","356.03K","-1.22%"
"10/14/2025","88,909","87,237","88,909","85,366","476.86K","1.03%"
"10/13/2025","88,000","88,340","89,054","87,651","340.47K","-0.05%"
"10/10/2025","88,047","87,579","88,340","87,212","393.95K","0.76%"
"10/09/2025","87,385","88,674","89,151","87,201","436.20K","-1.04%"
"10/08/2025","88,300","89,288","89,567","88,192","394.48K","-0.62%"
"10/07/2025","88,855","87,915","89,900","87,915","381.28K","1.22%"
"10/06/2025","87,781","88,254","88,979","87,756","367.75K","-0.88%"
"10/03/2025","88,560","88,949","89,675","88,423","475.80K","-0.78%"
"10/02/2025","89,255","89,321","89,976","87,808","487.99K","0.09%"
"10/01/2025","89,175","90,230","90,230","89,171","296.46K","-2.24%"
"09/30/2025","91,218","90,742","91,633","90,614","350.71K","0.62%"
"09/29/2025","90,656","91,422","91,884","90,265","331.23K","-1.00%"
"09/26/2025","91,569","90,900","91,906","90,617","651.52K","0.20%"
"09/25/2025","91,387","91,668","92,326","91,116","862.06K","0.36%"
"09/23/2025","91,060","92,900","93,030","91,014","598.73K","-2.02%"
"09/22/2025","92,942","93,889","94,140","92,942","1.09M","-1.58%"
"09/19/2025","94,433","95,261","96,111","94,353","2.79M","-0.85%"
"09/18/2025","95,240","97,100","98,145","95,240","1.80M","-1.87%"
"09/17/2025","97,051","96,350","97,681","96,350","226.72K","0.27%"
"09/16/2025","96,787","96,799","97,183","96,347","264.08K","-0.57%"
"09/15/2025","97,343","98,200","98,414","96,935","311.01K","-0.83%"
"09/12/2025","98,160","99,022","99,364","98,158","506.83K","-0.43%"
"09/11/2025","98,579","98,593","99,045","98,049","498.14K","0.63%"
"09/10/2025","97,964","97,799","99,570","97,799","393.78K","-0.09%"
"09/09/2025","98,054","97,955","98,895","97,955","648.11K","-0.36%"
"09/08/2025","98,405","98,150","98,957","97,343","552.22K","0.26%"
"09/05/2025","98,150","98,757","98,757","96,924","478.47K","-0.52%"
"09/04/2025","98,665","97,142","99,398","96,850","932.57K","1.97%"
"09/03/2025","96,760","96,724","97,315","95,458","1.66M","0.12%"
"09/02/2025","96,644","97,275","97,410","95,895","1.26M","-2.10%"
"09/01/2025","98,721","99,622","100,131","98,530","493.07K","-1.03%"
"08/29/2025","99,750","99,210","100,444","99,210","586.99K","0.76%"
"08/28/2025","99,000","100,033","100,435","98,262","637.24K","-1.36%"
"08/27/2025","100,370","100,709","101,074","100,113","940.07K","0.18%"
"08/26/2025","100,190","100,400","101,424","99,252","1.87M","-1.28%"
"08/25/2025","101,484","101,930","102,674","99,287","860.81K","-0.45%"
"08/22/2025","101,940","103,989","103,989","101,940","594.87K","-2.02%"
"08/21/2025","104,040","103,659","104,294","103,385","886.94K","0.23%"
"08/20/2025","103,800","101,600","103,978","101,600","648.27K","2.67%"
"08/19/2025","101,100","101,288","101,606","100,932","879.40K","-0.17%"
"08/18/2025","101,275","100,000","101,449","100,000","551.32K","1.48%"
"08/15/2025","99,800","100,816","101,000","98,367","584.22K","-0.89%"
"08/14/2025","100,700","100,277","101,055","100,175","548.84K","1.38%"
"08/13/2025","99,333","101,809","102,018","99,260","633.18K","-2.70%"
"08/12/2025","102,093","102,550","103,501","101,696","482.31K","-0.45%"
"08/11/2025","102,550","101,000","102,650","101,000","600.29K","1.63%"
"08/08/2025","100,902","100,443","101,000","99,876","598.26K","0.87%"
"08/07/2025","100,033","100,133","100,393","99,219","808.87K","-0.02%"
"08/06/2025","100,050","100,400","100,401","99,452","1.38M","-0.18%"
"08/05/2025","100,234","99,811","101,282","99,437","1.04M","0.40%"
"08/04/2025","99,834","98,101","100,399","97,348","862.00K","1.77%"
"08/01/2025","98,099","97,604","99,991","97,315","1.42M","1.71%"
"07/31/2025","96,453","93,451","98,157","92,195","2.05M","1.91%"
"07/30/2025","94,641","94,218","94,887","93,454","924.02K","1.09%"
"07/29/2025","93,621","92,506","93,621","92,238","453.85K","1.29%"
"07/28/2025","92,425","92,211","92,990","92,211","520.94K","-0.49%"
"07/25/2025","92,882","93,000","93,477","92,486","311.63K","0.05%"
"07/24/2025","92,840","91,244","92,887","90,700","362.98K","1.74%"
"07/23/2025","91,251","91,386","91,625","89,978","794.61K","0.22%"
"07/22/2025","91,052","91,096","92,895","90,355","934.01K","-0.73%"
"07/21/2025","91,726","90,532","91,976","90,532","496.86K","1.32%"
"07/18/2025","90,532","91,250","91,309","90,070","579.58K","-1.08%"
"07/17/2025","91,524","92,500","93,454","91,524","657.74K","-1.16%"
"07/16/2025","92,597","92,000","92,856","91,817","1.01M","1.64%"
"07/15/2025","91,105","91,586","91,876","90,911","916.24K","-0.95%"
"07/14/2025","91,976","91,208","92,638","90,580","1.12M","1.21%"
"07/11/2025","90,875","89,907","91,166","89,700","1.02M","2.25%"
"07/10/2025","88,873","86,979","89,200","86,979","511.49K","2.18%"
"07/09/2025","86,979","84,491","88,848","84,491","669.68K","2.33%"
"07/08/2025","84,998","86,071","86,687","84,998","785.48K","-1.23%"
"07/07/2025","86,058","85,010","86,401","85,010","751.00K","1.44%"
"07/04/2025","84,840","84,992","85,340","84,490","671.78K","0.78%"
"07/03/2025","84,182","82,705","84,657","82,705","1.16M","1.88%"
"07/02/2025","82,625","82,776","83,411","81,882","1.38M","0.14%"
"07/01/2025","82,512","83,750","84,106","82,204","857.70K","-1.86%"
"06/30/2025","84,080","83,594","84,429","83,594","721.54K","0.47%"
"06/27/2025","83,687","84,597","84,885","83,020","687.45K","-0.17%"
"06/26/2025","83,827","83,218","84,715","83,218","1.02M","0.22%"
"06/25/2025","83,640","84,500","84,605","83,640","397.58K","-3.03%"
"06/24/2025","86,257","86,397","86,621","85,526","889.89K","-1.23%"
"06/23/2025","87,334","88,050","88,208","87,178","1.08M","-0.76%"
"06/20/2025","88,004","89,144","89,414","87,947","2.26M","-1.29%"
"06/19/2025","89,150","88,914","89,422","88,681","1.43M","1.00%"
"06/18/2025","88,263","87,503","88,661","87,503","1.32M","1.10%"
"06/17/2025","87,306","87,024","87,384","86,193","798.78K","-0.11%"
"06/13/2025","87,400","83,251","88,000","83,250","1.33M","2.12%"
"06/12/2025","85,586","86,567","86,993","85,586","842.82K","-0.05%"
"06/11/2025","85,625","84,000","85,653","83,442","438.11K","1.74%"
"06/10/2025","84,159","84,728","85,200","84,086","559.15K","-0.02%"
"06/09/2025","84,172","84,552","85,048","84,058","547.24K","-0.53%"
"06/06/2025","84,624","83,500","84,810","83,500","779.82K","1.18%"
"06/05/2025","83,635","81,995","83,907","81,928","547.98K","2.24%"
"06/04/2025","81,800","82,225","82,319","81,087","371.58K","-0.39%"
"06/03/2025","82,121","80,150","82,531","79,927","350.59K","1.75%"
"06/02/2025","80,711","80,765","81,172","80,231","450.04K","-0.36%"
"05/30/2025","81,000","79,612","81,282","79,611","840.99K","2.19%"
"05/29/2025","79,262","80,499","80,835","79,186","552.01K","-1.47%"
"05/28/2025","80,444","81,146","81,670","80,317","235.53K","-0.58%"
"05/27/2025","80,916","80,869","81,604","79,969","502.16K","1.16%"
"05/26/2025","79,990","80,552","80,900","79,940","219.05K","-0.60%"
"05/23/2025","80,473","79,398","80,859","79,397","255.33K","1.44%"
"05/22/2025","79,328","79,633","80,226","79,056","520.37K","-0.18%"
"05/21/2025","79,470","79,711","80,008","78,511","541.42K","0.59%"
"05/20/2025","79,000","77,000","79,381","76,999","1.11M","1.28%"
"05/19/2025","78,000","76,494","78,335","76,144","1.15M","1.96%"
"05/16/2025","76,503","74,094","76,750","74,094","630.84K","4.64%"
"05/15/2025","73,110","73,550","74,477","73,002","1.49M","-0.60%"
"05/14/2025","73,550","74,291","74,727","73,319","956.00K","-0.45%"
"05/13/2025","73,886","74,304","74,310","73,460","1.06M","-1.20%"
"05/12/2025","74,784","75,700","75,810","73,809","691.49K","-2.15%"
"05/09/2025","76,430","78,274","78,627","76,430","1.11M","-2.90%"
"05/08/2025","78,709","80,512","80,874","78,709","463.13K","-2.16%"
"05/07/2025","80,447","78,100","81,257","78,100","1.11M","0.15%"
"05/06/2025","80,323","78,408","80,944","78,408","591.24K","1.04%"
"05/05/2025","79,500","79,085","79,500","78,492","607.95K","0.57%"
"05/02/2025","79,048","79,802","80,111","78,759","362.62K","-1.74%"
"04/30/2025","80,450","79,049","81,276","79,049","709.03K","2.31%"
"04/29/2025","78,631","79,000","79,163","77,761","179.32K","0.14%"
"04/25/2025","78,522","79,229","79,579","78,476","485.26K","-0.95%"
"04/24/2025","79,278","78,607","79,904","78,560","500.62K","1.30%"
"04/23/2025","78,261","80,000","80,000","77,573","582.02K","-1.80%"
"04/22/2025","79,693","79,678","79,889","78,847","430.73K","1.41%"
"04/17/2025","78,588","79,192","79,204","78,326","574.78K","-0.97%"
"04/16/2025","79,355","80,627","80,990","79,338","477.61K","-1.35%"
"04/15/2025","80,444","78,862","80,444","78,862","827.47K","2.94%"
"04/14/2025","78,145","79,000","79,321","77,910","1.06M","-0.91%"
"04/11/2025","78,860","78,200","80,000","78,180","831.87K","1.33%"
"04/10/2025","77,822","78,001","78,100","76,190","1.14M","0.30%"
"04/09/2025","77,591","78,666","78,831","76,914","884.76K","-1.37%"
"04/08/2025","78,666","76,794","78,933","76,179","1.21M","3.27%"
"04/07/2025","76,175","75,001","76,481","72,793","1.37M","-1.53%"
"04/04/2025","77,360","79,255","80,882","77,142","1.31M","-0.65%"
"04/03/2025","77,870","77,883","78,406","76,812","2.30M","2.31%"
"04/02/2025","76,110","76,154","76,725","75,670","668.56K","0.49%"
"04/01/2025","75,740","75,500","76,212","75,115","922.90K","0.37%"
"03/31/2025","75,462","74,168","75,696","73,861","891.28K","1.32%"
"03/28/2025","74,476","73,357","74,595","72,854","337.53K","1.38%"
"03/27/2025","73,463","72,650","73,732","72,305","426.79K","1.47%"
"03/26/2025","72,402","72,900","73,230","71,459","487.78K","-2.00%"
"03/25/2025","73,879","74,300","75,092","73,780","444.56K","-0.46%"
"03/24/2025","74,217","74,488","74,944","73,876","607.81K","-0.36%"
"03/20/2025","74,488","74,300","74,987","74,144","3.34M","0.00%"
"03/19/2025","74,486","74,250","74,976","74,196","1.30M","-0.17%"
"03/18/2025","74,615","75,000","75,153","73,628","1.85M","-0.26%"
"03/17/2025","74,810","73,186","75,016","73,186","1.28M","0.45%"
"03/14/2025","74,477","75,100","75,368","74,106","1.02M","-1.32%"
"03/13/2025","75,477","74,034","76,097","74,034","946.69K","0.47%"
"03/12/2025","75,126","74,606","75,867","74,416","606.14K","1.70%"
"03/11/2025","73,868","73,926","74,789","73,300","537.25K","-0.78%"
"03/10/2025","74,450","73,696","75,500","73,545","744.11K","1.14%"
"03/07/2025","73,608","72,625","73,909","71,886","885.30K","1.10%"
"03/06/2025","72,804","72,031","73,186","72,031","515.54K","0.04%"
"03/05/2025","72,775","73,828","74,431","72,212","855.80K","-1.82%"
"03/04/2025","74,125","72,799","74,789","72,355","1.33M","1.37%"
"03/03/2025","73,123","72,022","73,341","71,890","620.51K","1.71%"
"02/28/2025","71,896","71,473","71,981","70,996","611.01K","0.70%"
"02/27/2025","71,393","70,502","71,712","70,502","634.60K","0.00%"
"02/26/2025","71,390","70,300","71,407","70,300","584.73K","1.62%"
"02/25/2025","70,250","69,475","70,430","69,362","523.47K","0.66%"
"02/24/2025","69,787","69,020","70,577","69,000","660.33K","1.53%"
"02/21/2025","68,738","70,360","70,671","68,738","733.64K","-2.14%"
"02/20/2025","70,243","70,211","71,014","69,290","535.17K","-0.40%"
"02/19/2025","70,527","70,100","70,688","69,407","774.20K","0.24%"
"02/18/2025","70,355","70,100","70,738","70,100","263.02K","-0.43%"
"02/17/2025","70,660","70,980","71,617","70,483","453.67K","-0.83%"
"02/14/2025","71,250","72,500","72,500","70,901","710.84K","-0.24%"
"02/13/2025","71,419","77,480","78,399","70,648","2.01M","-8.28%"
"02/12/2025","77,870","78,012","78,485","77,382","521.18K","0.19%"
"02/11/2025","77,722","77,595","78,122","77,354","578.66K","0.76%"
"02/10/2025","77,137","76,532","77,599","76,500","379.56K","0.91%"
"02/07/2025","76,438","75,850","77,000","75,850","504.70K","-0.07%"
"02/06/2025","76,491","75,849","76,969","75,849","788.38K","0.68%"
"02/05/2025","75,972","74,700","76,425","74,666","1.05M","1.74%"
"02/04/2025","74,675","74,311","75,070","73,841","360.09K","0.49%"
"02/03/2025","74,311","73,900","75,103","73,423","843.99K","0.68%"
"01/31/2025","73,811","73,009","74,086","72,981","521.59K","1.25%"
"01/30/2025","72,900","73,584","73,584","71,714","748.70K","-1.19%"
"01/29/2025","73,775","73,365","73,784","73,062","745.22K","0.30%"
"01/28/2025","73,556","73,511","74,154","72,765","752.77K","0.62%"
"01/27/2025","73,100","69,333","73,636","69,333","1.59M","6.38%"
"01/24/2025","68,719","68,002","69,614","67,368","663.82K","0.29%"
"01/23/2025","68,520","67,500","68,615","67,128","588.03K","1.62%"
"01/22/2025","67,427","67,201","68,218","67,190","630.25K","0.52%"
"01/21/2025","67,080","67,400","67,869","66,961","558.46K","-0.52%"
"01/20/2025","67,429","67,268","67,963","67,268","610.87K","-0.02%"
"01/17/2025","67,440","66,933","67,482","66,562","683.31K","0.97%"
"01/16/2025","66,790","66,351","67,007","66,243","852.13K","0.26%"
"01/15/2025","66,618","67,056","67,633","65,406","1.12M","-0.15%"
"01/14/2025","66,720","67,400","67,549","66,033","617.36K","-2.46%"
"01/13/2025","68,404","68,717","68,873","68,138","438.27K","-1.66%"
"01/10/2025","69,562","69,271","69,805","69,116","487.76K","0.37%"
"01/09/2025","69,304","69,000","69,485","68,372","454.16K","0.57%"
"01/08/2025","68,912","69,150","69,572","68,313","764.51K","0.25%"
"01/07/2025","68,742","68,700","69,165","68,635","612.39K","0.59%"
"01/06/2025","68,336","69,202","69,217","67,940","395.00K","-0.67%"
"01/03/2025","68,799","68,297","69,348","68,041","397.15K","0.84%"
"01/02/2025","68,225","68,233","68,549","67,465","360.17K","0.84%"
"12/31/2024","67,657","67,232","68,111","67,134","111.29K","0.04%"
"12/30/2024","67,632","66,845","68,454","66,844","257.90K","-0.66%"
"12/27/2024","68,080","67,125","68,149","67,125","494.82K","1.77%"
"12/24/2024","66,894","66,876","67,204","66,841","57.59K","0.05%"
"12/23/2024","66,858","66,037","67,283","65,921","188.20K","0.91%"
"12/20/2024","66,254","66,522","66,642","65,723","1.94M","-0.40%"
"12/19/2024","66,520","65,900","67,106","65,706","2.34M","0.54%"
"12/18/2024","66,160","66,870","66,901","65,858","839.01K","-2.58%"
"12/17/2024","67,912","67,297","68,072","66,997","421.27K","0.91%"
"12/13/2024","67,297","66,101","67,737","66,101","448.24K","0.68%"
"12/12/2024","66,844","66,888","67,734","65,968","607.80K","-1.16%"
"12/11/2024","67,629","68,205","68,205","66,376","761.36K","0.56%"
"12/10/2024","67,251","67,450","67,980","67,237","834.64K","-0.35%"
"12/09/2024","67,488","67,850","68,639","67,274","569.83K","-0.61%"
"12/06/2024","67,900","68,240","68,700","67,891","447.21K","-0.50%"
"12/05/2024","68,240","67,068","68,549","67,068","711.01K","0.96%"
"12/04/2024","67,592","67,000","67,800","67,000","536.83K","-0.42%"
"12/03/2024","67,879","68,400","68,868","67,383","683.48K","-1.22%"
"12/02/2024","68,719","68,100","69,406","68,100","500.70K","0.60%"
"11/29/2024","68,310","68,400","68,704","68,013","586.81K","-0.01%"
"11/28/2024","68,320","68,835","69,150","67,873","620.54K","-0.73%"
"11/27/2024","68,820","68,407","68,820","67,182","893.07K","0.60%"
"11/26/2024","68,407","67,201","68,411","67,201","707.01K","1.13%"
"11/25/2024","67,643","67,499","68,000","67,260","924.88K","0.84%"
"11/22/2024","67,080","66,565","67,100","66,337","832.75K","1.09%"
"11/21/2024","66,354","66,540","67,199","66,313","928.14K","-0.72%"
"11/20/2024","66,833","66,240","67,200","66,240","1.09M","1.15%"
"11/19/2024","66,075","65,010","66,306","65,010","837.52K","1.01%"
"11/18/2024","65,415","65,010","65,882","65,010","827.42K","0.17%"
"11/15/2024","65,304","64,110","65,678","64,110","444.47K","0.70%"
"11/14/2024","64,851","64,000","64,914","63,619","733.44K","1.73%"
"11/13/2024","63,750","63,120","63,951","63,120","318.25K","0.03%"
"11/12/2024","63,731","62,000","63,972","62,000","703.50K","0.81%"
"11/11/2024","63,221","61,900","63,221","61,673","351.03K","2.13%"
"11/08/2024","61,900","61,770","62,028","61,166","246.97K","-0.09%"
"11/07/2024","61,953","62,100","62,787","61,614","480.45K","-1.88%"
"11/06/2024","63,140","62,100","64,500","62,100","1.80M","2.73%"
"11/05/2024","61,462","61,599","61,630","61,270","306.50K","-0.22%"
"11/04/2024","61,600","62,280","62,280","61,550","216.27K","0.06%"
"11/01/2024","61,563","61,200","62,083","61,188","470.89K","0.92%"
"10/31/2024","61,004","61,080","61,239","60,268","404.02K","0.34%"
"10/30/2024","60,795","61,260","61,260","60,250","502.62K","-0.71%"
"10/29/2024","61,231","61,550","61,972","61,148","337.46K","-0.51%"
"10/28/2024","61,547","60,722","61,578","60,722","584.96K","0.67%"
"10/25/2024","61,139","60,842","61,183","60,653","447.74K","0.09%"
"10/24/2024","61,082","61,300","61,606","61,053","291.91K","-1.00%"
"10/23/2024","61,700","61,000","61,700","60,964","928.48K","1.63%"
"10/22/2024","60,710","60,237","60,717","59,800","1.04M","0.53%"
"10/21/2024","60,390","60,780","60,877","60,180","416.21K","0.32%"
"10/18/2024","60,200","61,910","61,914","60,178","1.17M","-4.32%"
"10/17/2024","62,918","63,200","63,363","62,771","334.43K","-0.45%"
"10/16/2024","63,202","62,335","63,351","62,032","355.19K","1.16%"
"10/15/2024","62,478","61,969","62,882","61,873","254.06K","1.23%"
"10/14/2024","61,717","61,149","61,829","61,036","370.53K","1.18%"
"10/11/2024","61,000","61,363","61,408","60,990","453.37K","-1.52%"
"10/10/2024","61,944","62,317","62,576","61,930","171.78K","-0.60%"
"10/09/2024","62,317","61,642","62,349","61,642","338.44K","0.92%"
"10/08/2024","61,751","61,056","61,900","61,056","460.77K","1.04%"
"10/07/2024","61,113","61,500","61,500","60,830","374.53K","-0.34%"
"10/04/2024","61,320","61,408","61,656","61,125","346.35K","-0.62%"
"10/03/2024","61,700","61,616","61,745","60,891","667.47K","-1.59%"
"10/02/2024","62,700","63,296","63,296","62,587","359.10K","-1.14%"
"10/01/2024","63,420","62,400","63,528","62,400","630.71K","0.68%"
"09/30/2024","62,993","64,495","64,495","62,442","604.89K","-1.05%"
"09/27/2024","63,660","63,399","64,025","63,356","646.69K","-0.15%"
"09/26/2024","63,754","64,500","64,500","62,840","593.89K","-0.09%"
"09/25/2024","63,814","64,800","64,800","63,543","966.08K","-2.58%"
"09/23/2024","65,505","65,165","65,800","65,151","349.99K","0.41%"
"09/20/2024","65,236","65,619","65,954","65,106","1.00M","-0.07%"
"09/19/2024","65,284","66,500","66,557","65,284","1.58M","-1.95%"
"09/18/2024","66,580","66,631","66,896","66,361","418.91K","-1.13%"
"09/17/2024","67,341","69,450","69,450","67,341","770.65K","-2.88%"
"09/16/2024","69,337","68,950","69,519","68,662","802.87K","0.45%"
"09/13/2024","69,029","67,100","69,287","67,100","1.12M","-0.10%"
"09/12/2024","69,100","67,374","69,999","67,374","928.56K","-0.45%"
"09/11/2024","69,415","69,767","69,999","68,859","641.02K","-0.21%"
"09/10/2024","69,560","69,257","69,742","69,200","524.93K","0.18%"
"09/09/2024","69,436","68,441","69,472","68,441","757.51K","1.45%"
"09/06/2024","68,441","67,139","68,441","67,139","579.13K","0.75%"
"09/05/2024","67,929","67,593","68,403","67,593","860.14K","0.26%"
"09/04/2024","67,756","67,000","68,147","67,000","1.18M","0.26%"
"09/03/2024","67,580","66,750","67,606","66,558","765.14K","1.24%"
"09/02/2024","66,750","66,010","67,128","66,010","383.54K","1.12%"
"08/30/2024","66,010","65,835","66,251","65,743","453.96K","0.55%"
"08/29/2024","65,650","65,287","65,925","65,287","525.40K","-0.27%"
"08/28/2024","65,830","65,704","66,036","65,345","644.96K","0.70%"
"08/27/2024","65,370","64,907","65,650","64,869","448.63K","1.02%"
"08/26/2024","64,710","64,600","65,161","64,371","390.48K","0.05%"
"08/23/2024","64,675","65,100","65,478","64,504","570.31K","-0.73%"
"08/22/2024","65,153","64,400","65,380","64,400","350.82K","0.83%"
"08/21/2024","64,614","63,500","64,964","63,500","586.48K","0.27%"
"08/20/2024","64,442","64,050","64,523","63,501","540.00K","0.42%"
"08/19/2024","64,172","64,000","64,377","63,574","962.82K","0.41%"
"08/16/2024","63,907","64,553","64,553","63,807","777.32K","-1.37%"
"08/15/2024","64,792","65,111","65,687","64,670","540.37K","-0.34%"
"08/14/2024","65,014","64,952","65,774","64,678","1.10M","-0.35%"
"08/13/2024","65,241","64,400","65,529","64,400","505.06K","-0.09%"
"08/12/2024","65,300","65,083","65,413","64,896","796.35K","-0.23%"
"08/08/2024","65,453","63,411","65,759","63,411","1.01M","0.85%"
"08/07/2024","64,900","63,752","65,171","63,584","1.09M","1.73%"
"08/06/2024","63,794","63,835","65,040","63,188","489.29K","0.80%"
"08/05/2024","63,286","64,403","65,785","63,091","1.29M","-2.97%"
"08/02/2024","65,226","64,500","65,589","63,946","892.86K","0.93%"
"08/01/2024","64,625","64,299","65,504","64,000","567.77K","0.98%"
"07/31/2024","63,996","65,000","65,358","63,862","483.59K","-1.06%"
"07/30/2024","64,681","62,950","65,392","62,950","609.89K","-1.02%"
"07/29/2024","65,350","64,000","66,108","64,000","1.04M","2.08%"
"07/26/2024","64,018","63,150","64,260","63,150","613.20K","-0.06%"
"07/25/2024","64,059","60,999","64,369","60,800","1.60M","5.41%"
"07/24/2024","60,772","61,105","61,436","60,250","590.83K","-0.84%"
"07/23/2024","61,289","61,400","61,998","60,849","597.49K","-0.08%"
"07/22/2024","61,336","60,100","61,340","60,100","542.91K","1.38%"
"07/19/2024","60,500","60,155","60,739","60,155","714.95K","0.73%"
"07/18/2024","60,060","59,328","60,363","59,310","1.02M","1.51%"
"07/17/2024","59,164","58,200","59,388","57,763","451.84K","2.28%"
"07/16/2024","57,843","58,469","58,476","57,566","253.87K","-1.67%"
"07/15/2024","58,825","58,250","59,108","58,197","889.86K","0.72%"
"07/12/2024","58,402","57,524","58,576","57,524","326.78K","1.53%"
"07/11/2024","57,524","57,730","58,073","57,278","752.02K","-0.18%"
"07/10/2024","57,625","57,741","57,915","57,296","467.69K","0.16%"
"07/09/2024","57,534","56,930","57,534","56,930","586.40K","0.85%"
"07/08/2024","57,047","57,367","57,606","57,047","460.07K","-0.35%"
"07/05/2024","57,245","57,611","57,726","57,245","489.22K","-0.62%"
"07/04/2024","57,600","57,750","58,327","57,567","606.05K","0.55%"
"07/03/2024","57,287","57,100","57,618","57,100","669.29K","0.14%"
"07/02/2024","57,206","57,750","57,750","56,645","810.88K","1.17%"
"07/01/2024","56,545","56,000","57,004","55,874","564.29K","0.67%"
"06/28/2024","56,168","56,500","57,090","55,882","758.15K","-1.29%"
"06/27/2024","56,903","56,000","57,515","56,000","328.89K","0.98%"
"06/26/2024","56,350","57,200","57,623","56,107","474.49K","-3.02%"
"06/25/2024","58,105","58,400","58,872","58,038","984.48K","-0.68%"
"06/24/2024","58,500","56,600","58,700","56,600","998.62K","3.77%"
"06/21/2024","56,375","56,001","56,443","55,678","1.02M","0.43%"
"06/20/2024","56,134","55,767","56,395","55,518","2.28M","0.81%"
"06/19/2024","55,681","56,000","56,000","55,444","972.89K","0.46%"
"06/18/2024","55,425","55,700","56,337","55,277","1.24M","-0.26%"
"06/14/2024","55,571","55,995","56,106","55,304","1.09M","-0.61%"
"06/13/2024","55,913","56,578","56,578","55,643","619.18K","-1.18%"
"06/12/2024","56,578","56,607","57,230","56,486","703.20K","-0.05%"
"06/11/2024","56,607","57,553","57,553","55,773","1.04M","-1.10%"
"06/10/2024","57,234","58,136","58,175","57,129","435.90K","-2.61%"
"06/07/2024","58,766","58,750","58,853","58,074","416.97K","0.03%"
"06/06/2024","58,751","58,653","58,951","58,159","521.69K","0.02%"
"06/05/2024","58,740","58,300","58,941","58,157","1.14M","2.05%"
"06/04/2024","57,560","57,706","57,887","56,923","853.53K","0.02%"
"06/03/2024","57,550","58,000","58,632","57,550","558.67K","-0.60%"
"05/31/2024","57,900","57,464","57,900","56,937","1.45M","2.33%"
"05/30/2024","56,579","55,700","56,579","55,500","698.85K","1.40%"
"05/28/2024","55,799","56,070","56,353","55,746","337.88K","0.12%"
"05/27/2024","55,732","56,225","56,891","55,656","252.08K","-0.88%"
"05/24/2024","56,225","56,372","56,731","56,064","358.62K","-1.13%"
"05/23/2024","56,865","56,952","57,538","56,826","479.93K","-0.40%"
"05/22/2024","57,091","56,610","57,201","56,610","319.62K","0.85%"
"05/21/2024","56,610","56,849","57,036","56,610","364.44K","-1.28%"
"05/20/2024","57,342","57,000","57,560","56,857","442.56K","0.72%"
"05/17/2024","56,932","56,780","57,500","56,780","315.59K","-0.60%"
"05/16/2024","57,275","57,500","57,500","56,841","379.72K","0.12%"
"05/15/2024","57,208","57,100","57,894","57,014","537.93K","0.32%"
"05/14/2024","57,023","56,700","57,234","56,550","479.53K","0.84%"
"05/13/2024","56,550","56,300","56,691","56,047","274.89K","0.43%"
"05/10/2024","56,309","55,650","56,504","55,648","324.91K","1.22%"
"05/09/2024","55,628","55,270","55,987","55,270","479.46K","-0.48%"
"05/08/2024","55,897","55,500","55,992","55,376","347.63K","1.26%"
"05/07/2024","55,203","55,200","55,725","54,716","323.33K","0.84%"
"05/06/2024","54,743","55,495","55,495","54,668","270.99K","-0.14%"
"05/03/2024","54,821","55,180","55,634","54,787","409.54K","-0.51%"
"05/02/2024","55,104","55,000","55,400","54,716","493.36K","-0.53%"
"04/30/2024","55,400","55,241","55,617","55,020","690.01K","0.96%"
"04/29/2024","54,874","55,121","55,678","54,874","422.92K","0.57%"
"04/26/2024","54,563","55,000","56,150","54,563","516.68K","-1.76%"
"04/25/2024","55,541","56,718","56,718","55,229","411.93K","-0.91%"
"04/24/2024","56,053","56,242","56,739","55,978","525.24K","-0.26%"
"04/23/2024","56,200","56,150","56,800","56,150","862.58K","1.08%"
"04/22/2024","55,600","55,100","55,866","55,094","1.21M","1.42%"
"04/19/2024","54,822","54,559","55,126","54,381","640.64K","0.48%"
"04/18/2024","54,560","54,600","54,804","54,147","620.05K","1.24%"
"04/17/2024","53,893","53,505","54,273","53,459","347.90K","0.50%"
"04/16/2024","53,625","53,750","54,001","53,510","484.22K","-0.89%"
"04/15/2024","54,105","54,380","54,531","53,842","603.62K","-0.50%"
"04/12/2024","54,375","54,210","54,734","53,753","931.44K","0.01%"
"04/11/2024","54,367","54,736","54,736","54,256","430.29K","-0.20%"
"04/10/2024","54,475","54,967","55,145","54,342","1.02M","0.13%"
"04/09/2024","54,403","54,900","54,900","54,380","1.17M","-0.75%"
"04/08/2024","54,816","55,156","55,156","54,335","582.24K","-0.25%"
"04/05/2024","54,953","55,262","55,366","54,710","507.30K","-0.93%"
"04/04/2024","55,471","56,000","56,068","55,469","763.70K","-0.96%"
"04/03/2024","56,010","56,500","56,868","56,010","626.79K","-1.64%"
"04/02/2024","56,945","57,491","57,640","56,757","351.60K","-1.33%"
"03/28/2024","57,713","56,555","57,963","56,555","414.90K","1.80%"
"03/27/2024","56,693","57,380","57,380","56,138","470.51K","0.10%"
"03/26/2024","56,639","57,379","57,379","56,434","484.75K","-0.39%"
"03/25/2024","56,858","56,040","57,080","56,040","506.56K","-0.34%"
"03/22/2024","57,054","56,080","57,179","55,901","1.06M","2.62%"
"03/20/2024","55,597","56,620","56,992","55,366","1.67M","-2.12%"
"03/19/2024","56,801","56,500","57,403","55,980","781.92K","-1.73%"
"03/18/2024","57,800","56,515","57,981","56,294","1.14M","2.49%"
"03/15/2024","56,397","55,332","56,955","55,260","2.02M","-0.56%"
"03/14/2024","56,715","57,312","57,320","56,715","1.03M","-0.49%"
"03/13/2024","56,992","56,995","57,336","56,500","750.37K","0.80%"
"03/12/2024","56,542","55,115","57,301","55,115","1.26M","3.27%"
"03/11/2024","54,754","55,000","55,341","54,482","502.74K","-0.15%"
"03/08/2024","54,838","54,836","55,302","54,390","527.74K","-0.57%"
"03/07/2024","55,150","55,920","55,920","54,567","471.08K","-0.72%"
"03/06/2024","55,550","55,020","55,622","54,785","665.17K","0.54%"
"03/05/2024","55,250","55,110","55,473","54,904","584.63K","-0.40%"
"03/04/2024","55,474","57,000","57,000","55,303","361.82K","-1.99%"
"03/01/2024","56,600","57,390","57,543","56,600","585.19K","-1.46%"
"02/29/2024","57,439","57,344","57,439","56,729","717.56K","0.51%"
"02/28/2024","57,149","57,250","57,545","56,922","639.98K","-0.17%"
"02/27/2024","57,248","58,165","58,275","57,109","677.92K","-1.97%"
"02/26/2024","58,400","57,511","58,654","57,511","630.43K","0.18%"
"02/23/2024","58,293","57,750","58,410","57,643","834.71K","1.38%"
"02/22/2024","57,500","56,465","57,604","56,357","910.40K","1.86%"
"02/21/2024","56,450","56,701","56,905","55,845","912.93K","-0.72%"
"02/20/2024","56,859","56,500","56,998","56,369","550.36K","0.11%"
"02/19/2024","56,796","57,007","57,500","56,592","287.97K","-1.18%"
"02/16/2024","57,475","57,975","57,975","56,826","717.87K","-0.56%"
"02/15/2024","57,800","57,000","57,930","57,000","796.65K","0.52%"
"02/14/2024","57,501","58,474","58,474","57,348","312.95K","-0.59%"
"02/13/2024","57,843","58,327","58,391","57,750","435.64K","-0.83%"
"02/12/2024","58,327","58,000","58,500","57,617","743.80K","0.18%"
"02/09/2024","58,224","59,400","59,416","58,180","658.96K","-1.74%"
"02/08/2024","59,257","55,101","59,773","55,101","1.23M","6.31%"
"02/07/2024","55,741","56,000","56,522","55,665","418.36K","-0.73%"
"02/06/2024","56,153","57,100","57,354","56,064","165.99K","-0.91%"
"02/05/2024","56,666","56,500","57,085","56,094","338.41K","0.27%"
"02/02/2024","56,512","55,500","56,809","55,500","580.58K","2.27%"
"02/01/2024","55,256","56,775","56,775","54,923","394.31K","-0.93%"
"01/31/2024","55,775","56,150","56,387","55,728","563.68K","-0.72%"
"01/30/2024","56,178","55,450","56,560","55,450","487.84K","-0.20%"
"01/29/2024","56,291","55,222","56,789","55,222","531.86K","0.69%"
"01/26/2024","55,906","54,952","55,906","54,786","411.07K","1.64%"
"01/25/2024","55,002","55,710","55,710","54,851","640.77K","-1.27%"
"01/24/2024","55,710","55,865","55,865","55,214","614.03K","0.47%"
"01/23/2024","55,450","56,810","57,372","55,245","426.24K","-2.12%"
"01/22/2024","56,653","55,720","56,794","55,720","534.92K","1.74%"
"01/19/2024","55,683","55,410","56,044","55,228","496.19K","0.51%"
"01/18/2024","55,399","55,775","56,143","55,278","414.83K","-1.16%"
"01/17/2024","56,048","55,540","56,330","55,531","496.05K","-0.27%"
"01/16/2024","56,201","55,999","56,264","55,518","513.46K","0.79%"
"01/15/2024","55,761","56,074","56,191","55,558","396.58K","-0.39%"
"01/12/2024","55,981","56,470","56,470","55,710","204.27K","0.11%"
"01/11/2024","55,920","56,000","56,578","55,805","225.51K","-0.81%"
"01/10/2024","56,377","56,700","56,700","55,839","265.48K","0.23%"
"01/09/2024","56,250","56,500","56,750","56,147","392.52K","-0.09%"
"01/08/2024","56,300","55,900","56,386","55,500","643.29K","0.06%"
"01/05/2024","56,265","55,505","56,375","55,505","410.73K","0.58%"
"01/04/2024","55,938","55,250","56,063","55,250","411.47K","1.28%"
"01/03/2024","55,229","54,500","55,651","54,405","560.82K","1.93%"
"01/02/2024","54,183","54,500","54,500","53,284","393.58K","0.06%"
"12/29/2023","54,151","54,600","54,600","53,887","171.51K","0.13%"
"12/28/2023","54,079","53,885","54,601","53,707","560.54K","0.36%"
"12/27/2023","53,885","53,500","54,520","53,500","670.98K","0.86%"
"12/22/2023","53,428","53,178","53,583","53,046","338.63K","0.33%"
"12/21/2023","53,253","53,000","53,348","52,180","2.26M","0.65%"
"12/20/2023","52,909","53,349","53,698","52,675","1.01M","-2.63%"
"12/19/2023","54,340","54,651","55,100","54,226","971.82K","-0.57%"
"12/18/2023","54,650","55,000","55,006","53,347","1.58M","-0.71%"
"12/14/2023","55,042","54,654","56,167","54,456","4.04M","0.95%"
"12/13/2023","54,526","54,510","54,998","54,351","1.13M","0.38%"
"12/12/2023","54,320","54,600","55,178","54,157","672.75K","-0.92%"
"12/11/2023","54,822","54,994","55,617","54,335","1.01M","-0.32%"
"12/08/2023","55,000","54,974","55,374","54,048","1.07M","1.22%"
"12/07/2023","54,337","53,826","54,596","53,458","1.92M","2.14%"
"12/06/2023","53,200","59,700","59,988","53,000","4.75M","-10.08%"
"12/05/2023","59,165","59,300","59,938","58,909","553.27K","-1.16%"
"12/04/2023","59,859","60,175","60,175","59,040","775.00K","1.75%"
"12/01/2023","58,830","59,256","60,385","58,767","939.44K","-2.17%"
"11/30/2023","60,135","59,559","60,453","59,431","777.22K","1.23%"
"11/29/2023","59,406","59,501","60,299","59,400","234.22K","-1.63%"
"11/28/2023","60,390","59,060","60,489","59,060","446.70K","0.69%"
"11/27/2023","59,974","60,016","60,753","59,871","273.36K","-1.17%"
"11/24/2023","60,682","59,996","60,968","59,996","416.06K","0.71%"
"11/23/2023","60,255","59,872","60,451","59,806","276.91K","0.85%"
"11/22/2023","59,748","58,565","59,850","58,565","389.84K","2.70%"
"11/21/2023","58,180","57,500","58,343","57,500","271.28K","0.77%"
"11/20/2023","57,734","57,726","58,474","57,513","405.75K","0.65%"
"11/17/2023","57,361","57,277","57,595","57,053","417.15K","0.14%"
"11/16/2023","57,278","57,388","57,388","56,709","448.24K","0.13%"
"11/15/2023","57,204","58,160","58,217","57,099","606.48K","-0.43%"
"11/14/2023","57,449","58,084","58,688","57,449","353.36K","-1.09%"
"11/13/2023","58,085","57,000","58,223","56,718","349.02K","1.92%"
"11/10/2023","56,989","57,225","57,968","56,849","407.16K","-0.83%"
"11/09/2023","57,464","57,650","57,924","57,355","375.92K","-0.41%"
"11/08/2023","57,700","56,600","57,749","56,600","487.38K","0.75%"
"11/07/2023","57,271","57,520","57,559","56,687","415.61K","0.55%"
"11/06/2023","56,955","56,795","57,192","56,453","454.42K","0.28%"
"11/03/2023","56,795","56,500","57,198","56,017","456.51K","1.01%"
"11/02/2023","56,227","56,003","56,326","55,524","487.95K","0.07%"
"11/01/2023","56,185","55,631","56,453","55,541","380.45K","0.63%"
"10/31/2023","55,836","57,449","57,449","55,635","393.08K","0.04%"
"10/30/2023","55,812","56,850","56,850","54,794","415.93K","1.67%"
"10/27/2023","54,894","56,152","56,152","54,894","956.49K","-2.77%"
"10/26/2023","56,455","57,690","57,690","56,434","301.65K","-0.74%"
"10/25/2023","56,874","57,000","57,175","56,620","223.69K","0.42%"
"10/24/2023","56,634","57,037","57,037","56,076","201.01K","-0.02%"
"10/23/2023","56,643","56,784","57,202","56,484","285.01K","0.02%"
"10/20/2023","56,629","57,031","57,297","56,338","378.87K","-1.34%"
"10/19/2023","57,400","57,716","57,716","57,092","345.05K","-0.88%"
"10/18/2023","57,908","57,200","57,965","56,798","456.94K","1.42%"
"10/17/2023","57,100","57,010","57,389","56,704","404.56K","0.00%"
"10/16/2023","57,100","56,200","57,114","56,200","427.84K","1.03%"
"10/13/2023","56,516","58,000","58,000","56,053","1.50M","-3.87%"
"10/12/2023","58,790","59,319","59,592","58,663","427.37K","-0.07%"
"10/11/2023","58,829","59,275","59,368","58,774","949.32K","-0.91%"
"10/10/2023","59,368","59,500","59,957","59,363","669.08K","-0.04%"
"10/09/2023","59,393","58,900","59,536","58,620","456.46K","1.25%"
"10/06/2023","58,661","59,551","59,664","58,136","550.40K","-2.03%"
"10/05/2023","59,874","58,316","60,100","58,058","638.91K","3.17%"
"10/04/2023","58,032","58,806","58,910","57,739","660.33K","-0.97%"
"10/03/2023","58,600","59,000","59,058","58,313","361.95K","-0.42%"
"10/02/2023","58,849","59,500","59,991","58,849","423.98K","-0.84%"
"09/29/2023","59,350","59,732","59,905","59,114","548.49K","-0.81%"
"09/28/2023","59,837","60,300","60,300","59,058","446.61K","0.16%"
"09/27/2023","59,744","60,000","60,255","59,514","600.59K","-2.62%"
"09/26/2023","61,353","60,464","61,526","60,286","690.67K","-1.95%"
"09/22/2023","62,574","62,800","63,149","62,300","433.73K","-0.80%"
"09/21/2023","63,081","63,670","63,696","62,890","1.52M","-1.13%"
"09/20/2023","63,802","63,002","64,062","63,002","429.32K","-0.20%"
"09/19/2023","63,932","64,280","64,280","63,654","555.95K","0.48%"
"09/18/2023","63,629","63,846","64,376","62,983","350.16K","-0.58%"
"09/15/2023","64,000","63,755","64,468","63,754","1.52M","0.38%"
"09/14/2023","63,755","62,834","63,888","62,561","523.75K","1.22%"
"09/13/2023","62,989","63,000","63,400","62,600","426.61K","-0.54%"
"09/12/2023","63,328","62,575","63,447","62,575","540.49K","1.20%"
"09/11/2023","62,575","62,125","62,575","61,787","411.06K","1.17%"
"09/08/2023","61,849","61,824","61,849","61,166","452.79K","0.04%"
"09/07/2023","61,824","61,721","62,210","61,519","347.78K","-0.84%"
"09/06/2023","62,346","62,291","62,691","61,964","610.62K","-0.80%"
"09/05/2023","62,848","62,000","63,260","61,650","459.55K","1.36%"
"09/04/2023","62,003","61,935","62,390","61,671","289.44K","0.30%"
"09/01/2023","61,820","62,025","62,765","61,820","369.03K","-1.74%"
"08/31/2023","62,916","62,211","63,119","62,114","778.58K","1.31%"
"08/30/2023","62,100","61,494","62,106","61,352","394.56K","2.14%"
"08/29/2023","60,801","60,700","61,445","60,638","288.55K","-0.55%"
"08/28/2023","61,135","60,501","61,434","60,501","237.06K","0.60%"
"08/25/2023","60,770","61,200","61,329","60,557","239.78K","-0.30%"
"08/24/2023","60,951","60,690","61,024","60,300","322.12K","1.83%"
"08/23/2023","59,857","60,500","60,979","59,815","369.92K","-1.12%"
"08/22/2023","60,536","60,800","61,118","60,361","493.94K","-0.92%"
"08/21/2023","61,100","61,100","61,735","60,837","552.67K","0.09%"
"08/18/2023","61,043","60,122","61,164","60,122","670.55K","0.93%"
"08/17/2023","60,480","61,000","61,000","60,125","362.54K","0.15%"
"08/16/2023","60,391","61,200","61,200","60,390","380.44K","-1.14%"
"08/15/2023","61,087","61,595","61,676","60,976","311.28K","-0.82%"
"08/14/2023","61,595","60,815","61,798","60,815","247.51K","0.74%"
"08/11/2023","61,141","62,000","62,000","60,699","491.80K","-0.76%"
"08/10/2023","61,610","61,939","62,233","61,525","439.96K","0.12%"
"08/08/2023","61,539","61,198","61,718","60,913","308.95K","0.95%"
"08/07/2023","60,959","60,434","61,067","60,000","394.48K","0.87%"
"08/04/2023","60,434","61,278","61,278","60,051","602.80K","-1.06%"
"08/03/2023","61,082","60,822","61,206","60,105","422.44K","0.61%"
"08/02/2023","60,714","60,626","61,087","60,153","712.02K","-0.05%"
"08/01/2023","60,743","60,400","61,012","60,153","330.44K","1.27%"
"07/31/2023","59,984","60,145","60,287","59,601","545.28K","-0.44%"
"07/28/2023","60,250","60,520","61,360","59,952","495.81K","-0.10%"
"07/27/2023","60,310","60,500","60,500","59,181","871.92K","0.27%"
"07/26/2023","60,146","60,794","61,900","59,943","1.35M","0.59%"
"07/25/2023","59,792","60,497","60,990","59,305","1.04M","-1.06%"
"07/24/2023","60,435","61,283","61,675","60,289","356.65K","-0.98%"
"07/21/2023","61,032","61,400","62,113","60,826","500.26K","-0.64%"
"07/20/2023","61,428","60,497","61,500","60,497","708.37K","1.55%"
"07/19/2023","60,490","59,659","60,746","59,637","628.12K","1.77%"
"07/18/2023","59,439","59,250","59,721","59,065","1.00M","-0.89%"
"07/17/2023","59,975","60,001","60,289","59,664","657.72K","-0.04%"
"07/14/2023","60,000","59,550","60,570","59,300","879.41K","0.84%"
"07/13/2023","59,500","60,165","60,285","59,446","752.62K","-0.98%"
"07/12/2023","60,088","60,298","60,500","59,638","770.64K","-1.70%"
"07/11/2023","61,130","61,800","61,811","60,894","1.04M","-1.85%"
"07/10/2023","62,280","62,239","62,722","62,077","1.01M","-0.42%"
"07/07/2023","62,544","62,797","62,797","62,286","1.40M","-0.26%"
"07/06/2023","62,709","62,485","62,886","61,885","723.45K","-0.12%"
"07/05/2023","62,783","62,950","62,999","62,294","358.20K","-0.27%"
"07/04/2023","62,950","62,750","63,292","62,750","506.35K","-0.07%"
"07/03/2023","62,995","62,200","63,150","62,200","435.69K","0.63%"
"06/30/2023","62,600","61,834","63,000","61,720","422.97K","1.39%"
"06/29/2023","61,740","61,350","61,925","60,861","337.53K","0.64%"
"06/28/2023","61,350","61,651","61,949","61,350","411.89K","-0.05%"
"06/27/2023","61,382","62,500","62,500","61,085","598.67K","-0.59%"
"06/26/2023","61,745","62,800","62,800","61,670","592.98K","-1.50%"
"06/23/2023","62,684","61,365","62,907","61,365","791.92K","2.98%"
"06/22/2023","60,872","60,799","61,389","60,091","685.36K","-0.01%"
"06/21/2023","60,876","60,300","60,876","60,019","858.60K","0.83%"
"06/20/2023","60,377","60,090","60,612","59,943","781.46K","0.48%"
"06/19/2023","60,090","60,360","60,577","59,807","780.20K","-0.44%"
"06/15/2023","60,358","59,856","60,869","59,538","2.98M","0.79%"
"06/14/2023","59,882","60,638","61,272","59,676","1.62M","-0.61%"
"06/13/2023","60,249","60,258","60,899","59,900","1.47M","0.26%"
"06/12/2023","60,095","61,063","61,436","59,918","992.39K","-1.59%"
"06/09/2023","61,063","62,600","62,600","60,948","1.10M","-0.20%"
"06/08/2023","61,185","62,000","62,083","61,007","517.08K","-0.83%"
"06/07/2023","61,700","62,302","62,616","61,609","886.06K","-1.34%"
"06/06/2023","62,541","63,000","63,000","61,269","1.36M","1.25%"
"06/05/2023","61,770","62,500","63,059","61,717","591.05K","-1.51%"
"06/02/2023","62,715","63,100","63,174","62,001","646.31K","-0.60%"
"06/01/2023","63,096","63,100","63,559","62,740","566.39K","0.12%"
"05/31/2023","63,021","63,769","64,027","62,682","937.68K","-0.66%"
"05/30/2023","63,437","64,301","65,663","63,437","315.40K","-2.03%"
"05/29/2023","64,754","65,000","65,150","64,216","166.21K","-0.02%"
"05/26/2023","64,767","65,100","65,119","64,295","389.94K","-0.20%"
"05/25/2023","64,896","65,357","65,800","64,239","467.32K","-0.71%"
"05/24/2023","65,357","65,500","65,501","64,627","516.05K","0.36%"
"05/23/2023","65,122","64,840","65,579","64,128","444.04K","1.56%"
"05/22/2023","64,120","64,815","64,905","63,889","325.26K","-1.04%"
"05/19/2023","64,791","64,650","64,954","63,629","321.19K","1.47%"
"05/18/2023","63,855","64,256","65,067","63,700","388.11K","-0.73%"
"05/17/2023","64,323","65,950","65,950","63,635","486.56K","-0.58%"
"05/16/2023","64,695","64,693","65,737","64,476","385.03K","0.19%"
"05/15/2023","64,570","66,249","66,249","64,079","744.26K","-1.18%"
"05/12/2023","65,341","65,800","66,791","64,882","614.73K","-0.08%"
"05/11/2023","65,394","67,350","67,350","64,918","566.35K","-0.39%"
"05/10/2023","65,650","66,800","67,150","65,618","531.64K","-0.05%"
"05/09/2023","65,686","65,000","65,711","65,000","327.32K","0.35%"
"05/08/2023","65,457","65,557","65,980","65,103","358.71K","-0.15%"
"05/05/2023","65,557","64,616","65,619","64,616","317.93K","0.87%"
"05/04/2023","64,991","66,070","66,070","64,631","671.08K","-1.80%"
"05/03/2023","66,182","67,000","67,000","65,500","572.35K","-1.07%"
"05/02/2023","66,896","67,117","68,259","66,828","752.98K","-0.28%"
"04/28/2023","67,083","68,124","68,124","66,740","415.27K","-2.45%"
"04/26/2023","68,769","67,500","69,303","66,929","663.32K","1.80%"
"04/25/2023","67,551","66,201","67,700","66,201","596.75K","1.73%"
"04/24/2023","66,400","65,517","66,485","65,517","498.81K","1.35%"
"04/21/2023","65,515","65,225","66,253","65,225","563.71K","0.39%"
"04/20/2023","65,260","66,000","66,489","65,181","322.03K","-1.45%"
"04/19/2023","66,220","64,000","66,437","64,000","896.31K","3.72%"
"04/18/2023","63,846","64,490","64,600","63,666","367.80K","-0.77%"
"04/17/2023","64,343","63,800","64,423","63,367","298.57K","0.37%"
"04/14/2023","64,103","63,700","64,455","63,700","212.74K","0.51%"
"04/13/2023","63,779","65,099","65,099","63,598","479.66K","-2.18%"
"04/12/2023","65,200","65,100","65,530","64,778","492.40K","0.20%"
"04/11/2023","65,071","65,000","65,273","64,415","723.02K","1.16%"
"04/06/2023","64,325","63,019","64,636","62,902","376.47K","2.27%"
"04/05/2023","62,900","64,300","64,300","62,457","541.38K","-0.87%"
"04/04/2023","63,453","63,601","63,791","63,150","615.98K","-0.16%"
"04/03/2023","63,557","62,569","63,748","62,569","518.27K","1.58%"
"03/31/2023","62,569","63,100","63,253","62,223","822.06K","-0.77%"
"03/30/2023","63,055","64,000","64,326","62,434","578.88K","-1.67%"
"03/29/2023","64,125","64,394","64,594","64,110","424.41K","-0.80%"
"03/28/2023","64,645","65,399","65,399","64,219","344.31K","-0.24%"
"03/27/2023","64,798","65,490","65,490","64,255","458.97K","1.50%"
"03/24/2023","63,839","63,270","64,160","62,503","661.13K","0.71%"
"03/23/2023","63,392","65,800","65,800","63,386","631.24K","-3.76%"
"03/22/2023","65,868","65,900","66,652","65,641","820.16K","-1.10%"
"03/20/2023","66,600","65,810","66,776","65,022","880.41K","1.21%"
"03/17/2023","65,805","66,842","67,204","65,577","923.58K","-1.07%"
"03/16/2023","66,514","66,556","67,324","66,295","2.20M","0.12%"
"03/15/2023","66,436","66,118","66,881","65,752","1.37M","0.48%"
"03/14/2023","66,118","69,150","69,150","65,849","996.49K","-1.89%"
"03/13/2023","67,391","69,300","69,300","66,192","1.19M","-1.78%"
"03/10/2023","68,610","68,500","69,211","67,515","1.18M","-1.07%"
"03/09/2023","69,353","69,360","69,996","68,907","1.31M","0.16%"
"03/08/2023","69,240","69,290","69,753","68,765","1.08M","-0.13%"
"03/07/2023","69,327","68,101","69,600","68,101","903.85K","1.07%"
"03/06/2023","68,594","68,422","69,324","67,943","1.10M","0.25%"
"03/03/2023","68,421","68,101","69,177","68,003","555.55K","-0.05%"
"03/02/2023","68,454","68,601","68,680","67,720","493.20K","-0.34%"
"03/01/2023","68,689","69,998","69,998","68,287","603.05K","-2.00%"
"02/28/2023","70,092","69,900","71,284","69,900","811.45K","-1.14%"
"02/27/2023","70,900","70,525","71,400","70,348","711.10K","0.57%"
"02/24/2023","70,497","69,862","70,765","69,643","468.24K","0.91%"
"02/23/2023","69,862","68,821","70,456","68,820","472.29K","0.58%"
"02/22/2023","69,457","70,100","70,107","69,235","443.94K","-0.46%"
"02/21/2023","69,777","69,329","70,191","68,920","447.34K","0.65%"
"02/20/2023","69,329","68,174","69,425","68,174","342.15K","1.70%"
"02/17/2023","68,168","68,118","68,598","67,689","249.01K","0.15%"
"02/16/2023","68,064","68,500","68,685","67,713","392.67K","-0.52%"
"02/15/2023","68,419","67,849","68,635","67,419","623.96K","1.32%"
"02/14/2023","67,529","66,960","68,284","66,960","499.69K","0.88%"
"02/13/2023","66,940","65,556","67,365","65,556","498.26K","1.27%"
"02/10/2023","66,100","64,817","66,506","64,817","1.09M","2.48%"
"02/09/2023","64,500","66,100","66,664","62,228","3.05M","-2.42%"
"02/08/2023","66,100","65,301","66,290","65,159","701.07K","1.26%"
"02/07/2023","65,279","66,780","66,780","65,051","918.88K","-1.43%"
"02/06/2023","66,228","65,749","66,694","65,645","632.71K","0.73%"
"02/03/2023","65,749","64,910","66,153","64,627","821.87K","1.29%"
"02/02/2023","64,910","66,000","66,377","64,730","865.84K","-2.25%"
"02/01/2023","66,405","66,550","67,000","66,195","789.65K","-0.08%"
"01/31/2023","66,457","65,430","66,919","65,361","1.07M","1.62%"
"01/30/2023","65,400","64,135","65,400","64,135","762.36K","1.20%"
"01/27/2023","64,622","64,600","64,887","64,339","559.48K","-0.01%"
"01/26/2023","64,627","64,901","65,480","64,514","744.04K","0.01%"
"01/25/2023","64,620","65,674","65,674","64,012","930.70K","-1.41%"
"01/24/2023","65,543","66,707","66,890","65,535","361.57K","-1.20%"
"01/23/2023","66,339","66,332","66,871","66,127","626.65K","0.68%"
"01/20/2023","65,894","65,500","66,835","65,500","943.88K","-0.50%"
"01/19/2023","66,224","64,435","66,396","64,335","1.35M","2.77%"
"01/18/2023","64,441","66,390","66,390","64,441","1.06M","-2.71%"
"01/17/2023","66,236","64,933","66,654","64,761","1.13M","2.01%"
"01/16/2023","64,933","64,504","65,780","64,400","910.58K","0.67%"
"01/13/2023","64,504","65,167","65,334","64,022","1.04M","-0.76%"
"01/12/2023","64,996","64,879","65,305","64,266","1.26M","-0.26%"
"01/11/2023","65,167","66,000","66,000","63,701","1.64M","-1.86%"
"01/10/2023","66,402","67,969","67,969","66,402","1.07M","-2.18%"
"01/09/2023","67,882","69,633","69,688","67,748","1.01M","-2.03%"
"01/06/2023","69,292","67,500","69,303","67,500","516.67K","0.97%"
"01/05/2023","68,629","67,985","68,762","67,885","231.94K","0.85%"
"01/04/2023","68,050","67,835","68,575","67,501","521.62K","0.07%"
"01/03/2023","68,000","68,476","68,927","67,091","502.49K","0.88%"
"12/30/2022","67,410","68,550","68,550","67,142","92.63K","-0.50%"
"12/29/2022","67,748","68,900","68,991","67,459","202.16K","-2.13%"
"12/28/2022","69,225","68,670","69,701","68,667","276.15K","0.81%"
"12/23/2022","68,670","68,878","68,878","68,350","122.12K","-0.21%"
"12/22/2022","68,813","68,987","69,193","68,258","329.81K","-0.29%"
"12/21/2022","69,013","69,499","69,499","68,168","486.76K","-1.13%"
"12/20/2022","69,800","70,622","70,665","69,230","449.46K","-0.79%"
"12/19/2022","70,353","69,650","71,288","69,392","412.35K","0.04%"
"12/15/2022","70,322","69,365","70,654","69,365","2.48M","0.65%"
"12/14/2022","69,870","70,180","70,180","69,057","463.70K","-0.33%"
"12/13/2022","70,099","71,300","71,749","70,013","403.38K","-1.63%"
"12/12/2022","71,260","69,125","71,651","69,125","660.48K","1.29%"
"12/09/2022","70,349","69,600","70,697","68,864","871.67K","1.11%"
"12/08/2022","69,574","71,234","72,350","69,128","885.93K","-2.64%"
"12/07/2022","71,459","71,970","72,787","71,095","533.28K","-1.47%"
"12/06/2022","72,523","72,125","73,334","72,084","717.83K","0.59%"
"12/05/2022","72,100","73,200","73,200","71,810","862.81K","-1.17%"
"12/02/2022","72,957","73,000","73,258","71,490","625.44K","-0.61%"
"12/01/2022","73,402","69,860","74,444","69,860","1.35M","6.55%"
"11/30/2022","68,891","69,000","69,230","68,125","567.57K","0.74%"
"11/29/2022","68,383","69,475","69,579","68,156","540.57K","-1.17%"
"11/28/2022","69,190","69,645","69,645","67,551","543.41K","-0.27%"
"11/25/2022","69,379","68,001","69,559","68,001","224.63K","0.90%"
"11/24/2022","68,762","68,350","69,160","68,008","237.11K","-0.04%"
"11/23/2022","68,789","68,131","69,390","68,131","289.25K","0.19%"
"11/22/2022","68,659","68,551","68,881","68,230","183.16K","0.22%"
"11/21/2022","68,509","67,883","68,816","67,594","450.45K","0.92%"
"11/18/2022","67,883","67,005","68,688","67,005","353.23K","0.59%"
"11/17/2022","67,484","66,800","67,708","66,621","697.75K","1.82%"
"11/16/2022","66,277","66,836","67,141","66,044","1.15M","-0.56%"
"11/15/2022","66,647","66,508","67,267","65,826","957.18K","-0.13%"
"11/14/2022","66,735","65,514","66,963","64,801","674.48K","3.15%"
"11/11/2022","64,700","68,748","68,748","64,270","2.81M","-4.30%"
"11/10/2022","67,604","68,520","69,201","67,332","553.44K","-1.88%"
"11/09/2022","68,900","68,543","69,078","68,210","257.63K","0.65%"
"11/08/2022","68,452","68,301","68,799","67,997","457.49K","0.22%"
"11/07/2022","68,300","69,860","69,870","68,209","571.23K","-0.92%"
"11/04/2022","68,936","70,120","70,120","67,845","748.41K","0.38%"
"11/03/2022","68,678","69,149","69,149","67,742","739.76K","-0.16%"
"11/02/2022","68,785","72,300","72,300","68,502","1.13M","-4.90%"
"11/01/2022","72,330","71,676","72,996","71,676","447.19K","0.04%"
"10/31/2022","72,300","71,605","72,499","71,319","677.74K","0.97%"
"10/28/2022","71,605","70,710","71,815","70,685","510.41K","0.78%"
"10/27/2022","71,049","70,501","72,192","70,501","832.77K","0.00%"
"10/26/2022","71,047","71,067","71,117","70,045","629.28K","0.35%"
"10/25/2022","70,797","70,500","71,437","70,500","465.88K","0.44%"
"10/24/2022","70,484","68,530","70,484","68,527","939.78K","4.31%"
"10/21/2022","67,569","67,420","67,915","66,375","538.64K","-0.55%"
"10/20/2022","67,941","67,920","68,645","67,820","606.55K","-0.16%"
"10/19/2022","68,050","66,700","68,066","66,700","439.22K","1.33%"
"10/18/2022","67,158","67,151","67,415","66,612","339.18K","-0.82%"
"10/17/2022","67,716","67,275","67,950","67,190","404.60K","0.88%"
"10/14/2022","67,124","68,000","68,119","66,849","468.71K","-0.27%"
"10/13/2022","67,303","66,800","67,610","66,494","489.57K","0.05%"
"10/12/2022","67,270","65,695","67,270","65,380","500.86K","1.86%"
"10/11/2022","66,041","67,100","67,100","65,500","422.78K","-0.87%"
"10/10/2022","66,623","66,000","66,740","66,000","573.92K","0.17%"
"10/07/2022","66,509","65,418","66,825","65,110","530.53K","1.67%"
"10/06/2022","65,418","66,009","67,179","65,132","841.94K","-0.58%"
"10/05/2022","65,799","65,332","66,009","65,060","737.68K","0.25%"
"10/04/2022","65,633","65,768","66,357","65,001","1.08M","0.36%"
"10/03/2022","65,396","64,867","65,667","63,680","350.45K","0.81%"
"09/30/2022","64,870","64,470","66,085","64,470","763.51K","0.06%"
"09/29/2022","64,834","64,203","65,024","63,401","837.35K","0.29%"
"09/28/2022","64,648","67,500","67,500","63,656","1.40M","-1.85%"
"09/27/2022","65,868","68,200","68,200","65,601","701.33K","-1.10%"
"09/26/2022","66,603","66,500","66,632","64,599","733.81K","-0.08%"
"09/23/2022","66,656","69,100","69,210","66,514","941.31K","-3.11%"
"09/22/2022","68,798","68,950","69,394","68,537","625.42K","-1.15%"
"09/21/2022","69,598","70,509","70,570","69,153","468.68K","-1.30%"
"09/20/2022","70,516","70,200","71,168","70,176","427.12K","1.03%"
"09/19/2022","69,800","68,682","69,824","68,615","284.49K","0.18%"
"09/16/2022","69,677","69,001","70,331","68,751","1.04M","0.54%"
"09/15/2022","69,302","69,000","69,566","68,894","1.53M","-0.04%"
"09/14/2022","69,327","69,707","69,733","69,047","651.27K","-1.17%"
"09/13/2022","70,149","70,800","70,800","69,264","582.00K","-0.42%"
"09/12/2022","70,442","70,050","70,595","69,846","664.52K","0.41%"
"09/09/2022","70,156","68,372","71,030","68,372","527.87K","0.32%"
"09/08/2022","69,930","69,002","70,235","68,558","713.99K","1.20%"
"09/07/2022","69,103","68,300","69,560","68,300","702.03K","-0.52%"
"09/06/2022","69,463","69,850","69,850","68,454","322.35K","1.24%"
"09/05/2022","68,613","68,130","68,963","67,908","388.33K","-0.68%"
"09/02/2022","69,080","68,700","69,229","67,942","611.64K","0.85%"
"09/01/2022","68,495","69,000","69,100","67,902","389.52K","0.01%"
"08/31/2022","68,486","69,000","69,000","67,926","341.09K","0.39%"
"08/30/2022","68,219","68,470","69,699","68,130","236.32K","-0.13%"
"08/29/2022","68,311","69,859","69,859","67,538","338.67K","-0.54%"
"08/26/2022","68,684","68,573","69,401","68,566","291.43K","0.30%"
"08/25/2022","68,480","69,400","69,545","68,460","258.18K","-1.16%"
"08/24/2022","69,283","68,500","69,798","68,500","308.26K","0.74%"
"08/23/2022","68,774","69,500","69,771","68,589","500.51K","-1.98%"
"08/22/2022","70,166","69,086","70,430","69,086","372.60K","1.05%"
"08/19/2022","69,434","69,152","69,531","68,376","361.01K","0.41%"
"08/18/2022","69,152","69,688","69,688","68,831","415.79K","-0.74%"
"08/17/2022","69,670","68,137","69,720","68,100","964.47K","2.19%"
"08/16/2022","68,180","66,990","68,203","66,893","603.57K","1.99%"
"08/15/2022","66,851","65,579","66,851","65,579","1.01M","2.07%"
"08/12/2022","65,498","65,006","66,298","65,006","925.36K","-0.34%"
"08/11/2022","65,720","65,490","65,880","64,637","479.51K","0.95%"
"08/10/2022","65,102","66,100","66,803","64,805","341.52K","-1.38%"
"08/08/2022","66,015","65,970","66,394","65,621","181.75K","0.07%"
"08/05/2022","65,970","64,987","66,616","64,987","230.82K","1.33%"
"08/04/2022","65,103","66,689","66,810","64,919","667.13K","-2.81%"
"08/03/2022","66,983","66,344","67,146","65,712","411.63K","0.48%"
"08/02/2022","66,661","64,755","67,361","64,755","486.43K","2.25%"
"08/01/2022","65,191","65,500","65,500","64,164","870.83K","-0.32%"
"07/29/2022","65,400","68,100","68,101","64,900","1.33M","-3.96%"
"07/28/2022","68,100","70,100","70,150","67,544","720.11K","-2.76%"
"07/27/2022","70,035","70,695","71,633","70,017","809.17K","-1.18%"
"07/26/2022","70,869","70,250","70,930","69,779","339.11K","1.47%"
"07/25/2022","69,840","69,444","69,840","68,921","461.52K","0.57%"
"07/22/2022","69,443","69,629","70,595","68,840","531.22K","-1.63%"
"07/21/2022","70,597","71,328","71,328","68,945","331.09K","-1.02%"
"07/20/2022","71,328","72,189","73,123","70,881","602.15K","-1.20%"
"07/19/2022","72,194","70,550","72,443","70,550","526.33K","1.19%"
"07/18/2022","71,345","70,590","71,901","70,244","569.66K","1.09%"
"07/15/2022","70,575","68,001","70,968","68,001","918.65K","3.48%"
"07/14/2022","68,201","69,000","69,000","67,894","502.23K","-0.42%"
"07/13/2022","68,490","69,373","69,373","67,887","659.18K","-1.27%"
"07/12/2022","69,373","68,101","69,491","68,101","555.62K","1.00%"
"07/11/2022","68,684","67,501","69,010","67,501","346.30K","0.15%"
"07/08/2022","68,578","68,500","68,660","67,500","603.45K","0.82%"
"07/07/2022","68,021","68,770","69,425","67,794","469.64K","-1.52%"
"07/06/2022","69,073","67,009","69,634","67,009","659.65K","1.85%"
"07/05/2022","67,818","70,993","70,993","67,818","710.49K","-3.63%"
"07/04/2022","70,375","70,200","71,075","70,200","477.59K","1.21%"
"07/01/2022","69,533","70,000","70,110","68,706","596.24K","-0.72%"
"06/30/2022","70,036","70,700","70,700","69,158","506.02K","-1.91%"
"06/29/2022","71,400","71,225","71,551","70,467","645.22K","0.68%"
"06/28/2022","70,918","69,686","71,369","69,612","534.52K","1.92%"
"06/27/2022","69,582","68,407","69,752","68,333","490.28K","1.72%"
"06/24/2022","68,407","67,591","68,538","67,077","526.94K","1.11%"
"06/23/2022","67,656","67,350","68,076","66,544","454.48K","-0.20%"
"06/22/2022","67,789","68,209","68,804","67,502","1.28M","-0.62%"
"06/21/2022","68,209","68,962","69,526","67,640","547.63K","-0.74%"
"06/20/2022","68,715","67,079","69,470","67,079","339.49K","2.44%"
"06/17/2022","67,079","67,833","68,377","66,612","1.02M","-3.85%"
"06/15/2022","69,768","67,938","70,048","67,564","2.38M","2.92%"
"06/14/2022","67,788","67,695","68,655","67,465","818.74K","-0.13%"
"06/13/2022","67,878","67,915","68,634","66,750","1.17M","-0.47%"
"06/10/2022","68,197","67,000","68,197","66,914","716.39K","1.26%"
"06/09/2022","67,350","69,300","69,300","67,111","413.72K","-1.62%"
"06/08/2022","68,460","69,591","69,686","68,387","704.30K","-0.54%"
"06/07/2022","68,833","68,458","69,600","68,358","578.98K","0.55%"
"06/06/2022","68,458","68,515","68,679","67,901","350.68K","-0.08%"
"06/03/2022","68,515","68,651","69,137","68,144","335.29K","0.84%"
"06/02/2022","67,943","68,700","68,967","67,740","432.83K","-1.32%"
"06/01/2022","68,855","67,772","69,966","67,772","573.03K","-0.19%"
"05/31/2022","68,984","67,900","69,524","67,900","537.96K","2.06%"
"05/30/2022","67,590","69,601","69,802","67,477","1.17M","-3.22%"
"05/27/2022","69,837","69,801","70,605","69,561","1.15M","-1.44%"
"05/26/2022","70,860","71,000","71,456","70,650","898.20K","0.30%"
"05/25/2022","70,650","68,600","70,663","68,600","1.55M","3.28%"
"05/24/2022","68,404","68,600","68,996","67,861","451.31K","-0.20%"
"05/23/2022","68,542","69,140","69,140","67,875","446.02K","0.50%"
"05/20/2022","68,200","67,778","68,513","67,680","713.60K","0.55%"
"05/19/2022","67,824","68,730","69,034","67,131","646.87K","-2.21%"
"05/18/2022","69,354","69,887","69,926","68,878","678.37K","-0.24%"
"05/17/2022","69,520","68,000","70,483","68,000","898.45K","1.40%"
"05/16/2022","68,557","68,350","68,592","67,803","766.02K","1.32%"
"05/13/2022","67,666","66,000","67,666","65,545","615.49K","2.52%"
"05/12/2022","66,000","65,261","66,645","65,006","625.75K","-1.20%"
"05/11/2022","66,799","66,840","66,900","65,688","871.23K","0.84%"
"05/10/2022","66,240","65,421","66,870","65,236","1.19M","-0.03%"
"05/09/2022","66,260","66,339","66,545","65,297","990.21K","2.05%"
"05/06/2022","64,931","65,800","66,157","64,571","751.88K","-1.76%"
"05/05/2022","66,091","66,139","66,333","64,556","596.00K","-0.07%"
"05/04/2022","66,139","65,463","66,800","65,463","385.40K","0.48%"
"05/03/2022","65,825","67,186","67,186","65,622","676.09K","-0.86%"
"04/29/2022","66,395","66,480","66,994","66,037","487.07K","-0.03%"
"04/28/2022","66,413","66,529","66,799","65,026","556.20K","0.51%"
"04/26/2022","66,077","66,169","66,873","65,607","520.44K","0.73%"
"04/25/2022","65,601","66,262","66,262","64,573","524.32K","-2.33%"
"04/22/2022","67,165","67,500","68,406","66,889","773.52K","0.27%"
"04/21/2022","66,987","65,500","67,208","65,100","638.43K","2.90%"
"04/20/2022","65,100","63,693","65,211","63,693","389.95K","2.01%"
"04/19/2022","63,820","61,800","64,014","61,800","485.45K","1.91%"
"04/14/2022","62,623","62,130","62,819","62,010","526.65K","0.87%"
"04/13/2022","62,083","62,398","62,398","61,300","646.13K","0.55%"
"04/12/2022","61,745","62,101","62,342","61,613","518.96K","-1.25%"
"04/11/2022","62,529","62,600","62,863","62,167","446.42K","-0.04%"
"04/08/2022","62,552","62,500","62,847","62,338","561.14K","-0.03%"
"04/07/2022","62,569","62,013","63,311","62,013","425.58K","-0.68%"
"04/06/2022","63,000","61,925","63,383","61,827","847.55K","2.18%"
"04/05/2022","61,656","62,110","62,210","59,901","772.47K","-0.19%"
"04/04/2022","61,774","62,490","62,490","61,473","564.64K","-0.13%"
"04/01/2022","61,856","61,863","62,017","61,308","672.68K","0.30%"
"03/31/2022","61,671","61,765","61,888","60,952","721.99K","0.46%"
"03/30/2022","61,389","61,678","62,135","61,040","554.95K","-0.70%"
"03/29/2022","61,823","63,430","63,524","61,479","647.94K","-2.68%"
"03/28/2022","63,525","63,578","63,892","62,855","818.03K","0.32%"
"03/25/2022","63,321","63,480","63,765","62,322","489.06K","1.33%"
"03/24/2022","62,489","61,600","63,105","61,499","789.62K","1.66%"
"03/23/2022","61,468","62,500","62,679","61,359","519.54K","-2.74%"
"03/22/2022","63,197","62,200","63,889","62,200","815.36K","0.31%"
"03/18/2022","63,000","61,000","63,000","60,864","2.11M","3.69%"
"03/17/2022","60,760","61,900","62,998","60,200","1.92M","-0.04%"
"03/16/2022","60,783","62,999","62,999","59,668","811.29K","-0.21%"
"03/15/2022","60,913","59,498","61,113","58,609","1.01M","2.38%"
"03/14/2022","59,498","60,102","61,212","58,585","1.02M","-3.29%"
"03/11/2022","61,524","61,900","62,110","61,101","565.57K","-0.28%"
"03/10/2022","61,694","61,000","61,694","60,436","508.06K","1.39%"
"03/09/2022","60,849","60,599","61,120","59,430","1.02M","1.92%"
"03/08/2022","59,700","60,000","60,000","59,034","1.05M","-1.32%"
"03/07/2022","60,500","61,000","62,099","59,166","1.86M","-4.13%"
"03/04/2022","63,108","64,149","64,729","62,104","2.00M","-2.11%"
"03/03/2022","64,470","66,611","67,862","64,438","1.78M","-3.89%"
"03/02/2022","67,076","66,401","67,572","66,218","911.66K","-0.30%"
"03/01/2022","67,277","66,400","67,795","66,400","757.24K","-0.07%"
"02/28/2022","67,324","66,600","68,257","66,600","1.28M","-1.15%"
"02/25/2022","68,107","68,300","68,300","66,444","1.46M","0.65%"
"02/24/2022","67,665","68,491","69,820","66,752","1.53M","-2.81%"
"02/23/2022","69,618","69,999","69,999","68,687","900.22K","0.90%"
"02/22/2022","68,999","68,750","69,199","67,777","651.17K","-0.53%"
"02/21/2022","69,368","70,000","70,587","68,964","699.55K","-1.28%"
"02/18/2022","70,264","69,700","70,454","69,700","623.07K","0.79%"
"02/17/2022","69,714","69,762","70,137","68,963","753.08K","-0.07%"
"02/16/2022","69,762","70,620","70,779","69,237","1.28M","-1.20%"
"02/15/2022","70,606","68,751","70,748","68,750","908.85K","0.75%"
"02/14/2022","70,080","68,930","70,884","68,624","1.32M","2.01%"
"02/11/2022","68,700","68,000","68,797","66,755","1.06M","1.59%"
"02/10/2022","67,624","67,777","67,802","66,779","493.74K","-0.29%"
"02/09/2022","67,819","66,101","67,983","66,101","702.07K","0.18%"
"02/08/2022","67,700","66,161","67,926","66,161","806.94K","1.87%"
"02/07/2022","66,460","67,599","67,599","66,116","493.53K","-1.72%"
"02/04/2022","67,625","65,501","67,861","65,501","406.69K","2.09%"
"02/03/2022","66,240","66,010","66,711","65,801","590.53K","0.49%"
"02/02/2022","65,914","65,900","66,169","64,761","501.90K","0.62%"
"02/01/2022","65,511","65,100","66,055","64,319","516.70K","-0.74%"
"01/31/2022","66,000","65,201","66,587","65,201","641.69K","-0.30%"
"01/28/2022","66,200","64,900","66,309","64,900","491.01K","0.76%"
"01/27/2022","65,700","64,910","65,810","64,500","601.31K","0.70%"
"01/26/2022","65,242","65,100","65,689","64,747","575.58K","0.20%"
"01/25/2022","65,110","66,100","66,415","64,203","751.19K","-1.90%"
"01/24/2022","66,374","64,200","66,700","63,723","1.14M","2.11%"
"01/21/2022","65,000","63,980","65,000","63,693","406.26K","1.61%"
"01/20/2022","63,970","65,001","65,741","63,587","477.28K","-1.84%"
"01/19/2022","65,170","65,900","66,570","65,168","808.03K","-1.15%"
"01/18/2022","65,927","66,598","66,598","65,630","616.92K","-0.48%"
"01/17/2022","66,248","63,810","66,248","63,810","1.05M","4.16%"
"01/14/2022","63,600","63,010","63,600","62,582","515.59K","1.65%"
"01/13/2022","62,565","61,015","62,685","61,015","414.62K","1.24%"
"01/12/2022","61,800","61,401","61,950","61,333","525.75K","0.00%"
"01/11/2022","61,800","61,490","61,869","61,040","364.31K","0.65%"
"01/10/2022","61,400","59,580","61,467","59,565","325.10K","3.30%"
"01/07/2022","59,440","60,300","60,300","59,012","263.37K","-1.43%"
"01/06/2022","60,300","59,800","60,349","59,588","425.03K","0.80%"
"01/05/2022","59,821","59,400","60,557","59,400","176.86K","-0.79%"
"01/04/2022","60,300","59,100","60,405","58,834","365.23K","1.96%"
"01/03/2022","59,140","58,500","59,347","58,500","281.62K","0.94%"
"12/31/2021","58,591","58,800","58,904","58,101","115.59K","-0.85%"
"12/30/2021","59,095","58,700","59,248","58,700","349.64K","0.61%"
"12/29/2021","58,739","57,829","58,815","57,642","267.31K","1.58%"
"12/28/2021","57,828","57,890","58,067","56,638","141.57K","0.36%"
"12/24/2021","57,622","57,003","57,897","57,003","69.16K","0.20%"
"12/23/2021","57,509","58,500","58,500","57,274","192.16K","-0.33%"
"12/22/2021","57,700","58,490","58,490","57,464","310.25K","-2.32%"
"12/21/2021","59,072","57,815","59,072","57,660","490.27K","2.17%"
"12/20/2021","57,820","58,135","58,149","57,030","502.48K","0.15%"
"12/17/2021","57,735","56,160","58,250","56,160","880.13K","0.60%"
"12/15/2021","57,389","56,901","57,999","56,901","1.82M","-0.22%"
"12/14/2021","57,515","57,720","58,389","57,429","808.62K","-0.34%"
"12/13/2021","57,713","58,510","58,880","57,653","708.52K","-0.71%"
"12/10/2021","58,125","56,680","58,333","56,560","1.29M","1.99%"
"12/09/2021","56,991","55,241","57,056","55,240","463.51K","2.06%"
"12/08/2021","55,840","56,290","56,368","55,599","566.61K","-0.93%"
"12/07/2021","56,363","54,601","56,980","54,601","1.08M","1.91%"
"12/06/2021","55,308","54,500","55,310","54,453","535.34K","1.80%"
"12/03/2021","54,330","54,500","54,501","53,755","269.49K","1.03%"
"12/02/2021","53,778","54,000","54,685","53,609","395.01K","-0.50%"
"12/01/2021","54,050","54,000","54,174","53,351","1.00M","-0.18%"
"11/30/2021","54,148","55,000","55,000","54,099","740.58K","-1.48%"
"11/29/2021","54,959","55,275","55,391","54,656","1.18M","-0.16%"
"11/26/2021","55,047","55,200","56,231","54,700","1.19M","-0.10%"
"11/25/2021","55,102","54,555","55,151","54,238","398.70K","0.52%"
"11/24/2021","54,819","54,560","55,000","54,400","341.93K","-0.13%"
"11/23/2021","54,890","54,400","54,890","54,339","733.73K","1.50%"
"11/22/2021","54,079","53,510","54,322","53,510","323.56K","0.33%"
"11/19/2021","53,900","54,499","54,499","53,635","840.77K","-0.49%"
"11/18/2021","54,167","53,020","54,641","53,020","414.56K","1.14%"
"11/17/2021","53,558","53,500","54,067","53,202","247.00K","-0.80%"
"11/16/2021","53,992","53,690","54,105","53,243","229.89K","0.73%"
"11/15/2021","53,600","52,700","53,877","52,700","321.93K","-0.29%"
"11/12/2021","53,758","52,811","53,758","52,806","350.99K","1.83%"
"11/11/2021","52,793","53,015","53,536","52,767","378.83K","-0.29%"
"11/10/2021","52,948","51,900","52,998","51,900","476.11K","2.02%"
"11/09/2021","51,900","51,553","52,150","51,175","419.23K","0.67%"
"11/08/2021","51,553","51,950","51,950","51,253","669.12K","-0.94%"
"11/05/2021","52,042","52,011","52,226","51,694","426.97K","0.58%"
"11/04/2021","51,740","53,422","53,625","51,627","791.01K","-3.07%"
"11/03/2021","53,380","53,796","54,025","52,555","662.50K","-0.77%"
"11/02/2021","53,795","53,390","54,495","53,390","977.27K","0.76%"
"10/29/2021","53,390","53,999","54,366","53,390","984.33K","-1.13%"
"10/28/2021","54,000","53,992","54,379","53,749","588.58K","0.42%"
"10/27/2021","53,773","52,850","53,858","52,791","862.20K","1.68%"
"10/26/2021","52,885","52,316","53,089","52,133","767.09K","1.18%"
"10/25/2021","52,270","53,000","53,414","52,270","716.27K","-1.19%"
"10/22/2021","52,900","52,400","52,998","52,237","337.28K","1.03%"
"10/21/2021","52,363","51,701","52,570","51,701","621.78K","0.88%"
"10/20/2021","51,904","51,997","52,286","51,640","583.58K","-0.18%"
"10/19/2021","51,997","52,500","52,500","51,675","580.97K","-0.20%"
"10/18/2021","52,100","52,700","52,809","51,961","323.90K","-0.36%"
"10/15/2021","52,288","52,900","52,900","52,288","785.16K","-0.75%"
"10/14/2021","52,685","52,210","52,931","51,975","923.10K","0.91%"
"10/13/2021","52,210","51,631","52,232","51,100","1.07M","1.02%"
"10/12/2021","51,682","51,600","51,906","51,427","1.13M","-0.58%"
"10/11/2021","51,986","51,800","52,066","51,366","699.47K","1.09%"
"10/08/2021","51,425","52,100","52,100","51,051","784.63K","-0.38%"
"10/07/2021","51,620","51,853","52,084","51,316","800.69K","-0.20%"
"10/06/2021","51,726","52,533","52,533","51,567","1.22M","-1.36%"
"10/05/2021","52,441","52,850","52,958","52,204","1.40M","-0.33%"
"10/04/2021","52,616","51,311","52,825","51,212","767.75K","2.57%"
"10/01/2021","51,300","52,824","52,824","51,279","1.26M","-3.24%"
"09/30/2021","53,020","54,696","55,090","53,020","1.04M","-3.06%"
"09/29/2021","54,696","54,236","54,697","53,802","926.32K","-0.65%"
"09/28/2021","55,056","55,000","55,413","54,795","747.37K","0.49%"
"09/27/2021","54,787","54,500","55,026","54,214","695.12K","1.94%"
"09/23/2021","53,745","54,050","54,103","53,288","402.09K","-0.16%"
"09/22/2021","53,833","54,000","54,083","53,647","570.77K","-0.18%"
"09/21/2021","53,931","52,500","54,217","52,500","639.83K","1.21%"
"09/20/2021","53,285","53,608","53,846","52,791","753.08K","-0.60%"
"09/17/2021","53,608","53,659","54,244","53,607","1.53M","-0.10%"
"09/16/2021","53,659","53,810","54,178","53,298","2.12M","0.37%"
"09/15/2021","53,460","52,972","53,504","52,558","614.57K","1.60%"
"09/14/2021","52,620","52,400","52,798","51,986","655.05K","0.76%"
"09/13/2021","52,221","51,900","52,501","51,717","464.84K","0.47%"
"09/10/2021","51,979","52,306","52,306","51,885","489.49K","-0.47%"
"09/09/2021","52,227","53,402","53,402","52,018","813.51K","-2.14%"
"09/08/2021","53,369","53,950","53,950","52,985","473.51K","-0.57%"
"09/07/2021","53,677","54,075","54,075","53,531","400.44K","-0.74%"
"09/06/2021","54,075","53,556","54,090","53,556","406.29K","0.97%"
"09/03/2021","53,556","54,477","54,526","53,475","344.82K","-1.00%"
"09/02/2021","54,097","53,565","54,476","53,290","454.41K","0.80%"
"09/01/2021","53,666","54,337","54,695","53,666","441.69K","-1.31%"
"08/31/2021","54,377","54,774","54,998","54,278","632.61K","-0.60%"
"08/30/2021","54,705","54,400","55,267","54,400","159.22K","-0.43%"
"08/27/2021","54,943","55,100","55,723","54,943","456.04K","-0.30%"
"08/26/2021","55,108","55,776","55,776","54,855","687.92K","-0.40%"
"08/25/2021","55,328","55,105","55,407","54,884","455.28K","0.30%"
"08/24/2021","55,163","55,900","56,202","55,163","392.71K","-2.20%"
"08/23/2021","56,406","56,700","57,097","56,400","306.43K","-0.40%"
"08/20/2021","56,631","55,200","56,696","55,200","601.48K","2.52%"
"08/19/2021","55,238","55,118","55,615","54,800","733.04K","-0.23%"
"08/18/2021","55,368","55,659","55,659","55,020","255.63K","-0.55%"
"08/17/2021","55,672","54,900","55,986","54,900","704.77K","1.68%"
"08/16/2021","54,750","54,020","54,863","54,020","707.58K","-0.18%"
"08/13/2021","54,850","54,800","55,135","54,651","631.98K","0.20%"
"08/12/2021","54,743","54,715","55,128","54,509","723.23K","0.08%"
"08/11/2021","54,700","54,416","54,729","53,860","913.98K","0.52%"
"08/10/2021","54,416","54,200","54,416","54,025","1.01M","1.19%"
"08/06/2021","53,776","53,757","53,878","53,400","318.93K","0.86%"
"08/05/2021","53,320","53,826","53,876","53,204","408.21K","-0.85%"
"08/04/2021","53,777","54,118","54,134","53,500","612.99K","-0.63%"
"08/03/2021","54,118","54,204","54,540","53,900","569.42K","0.14%"
"08/02/2021","54,040","55,000","55,000","53,925","434.75K","-1.29%"
"07/30/2021","54,748","55,662","55,662","54,500","774.90K","-1.11%"
"07/29/2021","55,360","56,499","57,500","55,159","614.74K","-1.74%"
"07/28/2021","56,338","56,200","57,216","55,500","444.68K","-0.94%"
"07/27/2021","56,870","56,854","56,917","56,022","388.77K","0.17%"
"07/26/2021","56,771","56,399","57,001","56,361","468.03K","0.61%"
"07/23/2021","56,425","55,520","56,425","55,363","303.23K","1.93%"
"07/22/2021","55,359","55,000","55,359","54,500","300.69K","0.30%"
"07/21/2021","55,194","54,943","55,324","54,669","750.04K","0.72%"
"07/20/2021","54,800","54,695","55,406","54,265","560.18K","0.44%"
"07/19/2021","54,562","56,100","56,440","54,454","608.51K","-3.68%"
"07/16/2021","56,646","55,928","57,086","55,928","664.37K","0.26%"
"07/15/2021","56,498","55,690","56,878","55,690","477.91K","-0.10%"
"07/14/2021","56,556","56,533","56,781","55,932","533.35K","0.39%"
"07/13/2021","56,337","55,750","56,524","55,526","465.27K","1.18%"
"07/12/2021","55,679","55,098","55,801","54,789","396.62K","2.06%"
"07/09/2021","54,556","54,312","54,720","54,171","435.69K","0.66%"
"07/08/2021","54,200","55,336","55,336","54,101","608.05K","-1.27%"
"07/07/2021","54,897","54,529","55,050","54,058","461.58K","-1.23%"
"07/06/2021","55,583","55,816","55,831","55,500","586.16K","-0.48%"
"07/05/2021","55,850","56,499","56,499","55,573","431.38K","-0.17%"
"07/02/2021","55,947","56,200","56,975","55,768","526.87K","-0.32%"
"07/01/2021","56,128","55,729","56,128","55,129","824.38K","1.28%"
"06/30/2021","55,420","56,012","56,061","55,296","773.07K","-1.42%"
"06/29/2021","56,217","55,700","56,687","55,699","635.23K","0.89%"
"06/28/2021","55,721","55,247","56,035","55,109","528.69K","1.81%"
"06/25/2021","54,730","54,909","55,176","54,412","473.28K","-0.60%"
"06/24/2021","55,060","55,108","55,470","54,800","693.80K","-0.40%"
"06/23/2021","55,282","55,800","55,800","55,122","498.21K","-1.11%"
"06/22/2021","55,900","55,788","56,024","55,654","546.22K","0.54%"
"06/21/2021","55,600","54,950","55,770","54,912","722.48K","1.03%"
"06/18/2021","55,034","55,636","55,637","54,949","1.10M","-1.73%"
"06/17/2021","56,000","55,192","56,062","55,148","3.58M","0.74%"
"06/15/2021","55,588","54,607","55,658","54,607","884.78K","2.46%"
"06/14/2021","54,256","54,430","54,955","54,256","396.94K","-0.08%"
"06/11/2021","54,300","54,370","54,441","53,764","503.82K","-0.18%"
"06/10/2021","54,399","54,300","54,915","54,200","595.78K","0.74%"
"06/09/2021","53,998","53,570","54,073","53,225","571.36K","0.84%"
"06/08/2021","53,550","53,515","54,480","53,378","1.03M","0.78%"
"06/07/2021","53,135","52,221","53,135","51,723","435.87K","1.79%"
"06/04/2021","52,200","52,640","52,690","52,200","622.88K","-0.76%"
"06/03/2021","52,600","52,600","52,602","51,805","1.08M","-0.25%"
"06/02/2021","52,734","53,000","53,406","52,518","873.52K","-0.50%"
"06/01/2021","53,000","52,941","53,198","52,641","1.15M","0.59%"
"05/31/2021","52,689","53,600","53,600","52,471","738.78K","-0.68%"
"05/28/2021","53,050","53,791","54,242","53,050","1.39M","-1.38%"
"05/27/2021","53,791","54,126","54,127","53,366","881.54K","-0.81%"
"05/26/2021","54,229","55,300","55,300","54,041","672.38K","-0.31%"
"05/25/2021","54,400","55,303","55,303","54,248","538.76K","-1.63%"
"05/24/2021","55,303","55,233","55,728","55,070","264.20K","0.13%"
"05/21/2021","55,233","54,601","55,653","54,601","439.90K","0.79%"
"05/20/2021","54,800","55,349","55,615","54,604","422.57K","-0.36%"
"05/19/2021","54,996","55,500","55,755","54,840","469.94K","-1.47%"
"05/18/2021","55,816","56,201","56,635","55,616","586.29K","-0.59%"
"05/17/2021","56,147","56,360","56,657","55,770","555.70K","-0.37%"
"05/14/2021","56,358","55,780","56,699","55,766","1.05M","1.06%"
"05/13/2021","55,766","55,900","55,900","54,632","622.20K","-0.24%"
"05/12/2021","55,900","54,479","55,982","54,479","497.32K","2.29%"
"05/11/2021","54,648","55,849","55,850","54,331","769.77K","-1.97%"
"05/10/2021","55,746","56,440","56,440","55,000","802.36K","-0.34%"
"05/07/2021","55,936","55,295","56,741","55,295","916.90K","1.35%"
"05/06/2021","55,189","54,204","55,270","54,204","1.00M","1.60%"
"05/05/2021","54,322","54,419","54,652","54,022","526.70K","-0.14%"
"05/04/2021","54,400","53,891","54,771","53,890","714.48K","0.95%"
"05/03/2021","53,890","53,800","54,100","53,500","593.95K","0.34%"
"04/30/2021","53,710","52,501","54,000","52,501","1.45M","2.66%"
"04/29/2021","52,319","53,373","53,430","52,237","1.24M","-1.82%"
"04/28/2021","53,288","53,600","54,402","52,867","497.73K","-0.41%"
"04/26/2021","53,510","54,648","54,648","53,332","496.88K","-0.70%"
"04/23/2021","53,885","54,131","54,242","53,467","300.75K","-0.71%"
"04/22/2021","54,270","54,740","54,740","53,851","702.91K","-0.72%"
"04/21/2021","54,665","53,800","54,842","53,596","811.18K","2.37%"
"04/20/2021","53,400","55,555","56,000","53,181","1.43M","-7.67%"
"04/19/2021","57,834","57,150","58,008","56,919","565.57K","1.25%"
"04/16/2021","57,122","55,183","57,218","54,912","563.96K","3.52%"
"04/15/2021","55,182","55,336","55,900","55,001","473.54K","0.25%"
"04/14/2021","55,047","55,900","55,900","55,000","504.21K","-1.23%"
"04/13/2021","55,732","55,992","55,994","55,136","424.29K","-0.49%"
"04/12/2021","56,004","56,500","56,500","55,587","348.69K","0.13%"
"04/09/2021","55,934","56,724","56,724","55,548","665.30K","-1.00%"
"04/08/2021","56,501","55,798","56,897","55,482","367.47K","1.98%"
"04/07/2021","55,403","55,802","56,313","55,317","413.54K","-0.76%"
"04/06/2021","55,826","55,201","56,225","55,201","351.64K","1.53%"
"04/01/2021","54,984","56,616","56,678","54,955","688.90K","-2.09%"
"03/31/2021","56,159","56,785","56,893","56,159","438.45K","-1.33%"
"03/30/2021","56,917","57,902","58,271","56,740","537.88K","-1.82%"
"03/29/2021","57,973","57,430","58,199","57,430","926.84K","0.30%"
"03/26/2021","57,800","57,051","57,927","56,587","1.07M","1.28%"
"03/25/2021","57,070","57,001","57,444","55,779","821.53K","0.17%"
"03/24/2021","56,975","56,740","58,000","56,335","1.01M","-2.92%"
"03/23/2021","58,687","57,375","59,245","57,278","1.06M","2.88%"
"03/19/2021","57,044","56,610","57,366","56,262","922.99K","0.45%"
"03/18/2021","56,791","56,790","57,176","56,215","2.17M","0.27%"
"03/17/2021","56,638","56,450","56,638","55,675","838.38K","2.52%"
"03/16/2021","55,245","55,720","55,752","54,957","631.28K","-0.86%"
"03/15/2021","55,725","55,250","56,075","55,066","1.13M","0.86%"
"03/12/2021","55,250","54,801","55,456","54,560","867.40K","0.88%"
"03/11/2021","54,767","55,032","55,487","54,500","767.39K","-0.46%"
"03/10/2021","55,022","55,201","55,404","54,523","505.96K","-1.45%"
"03/09/2021","55,832","55,200","56,310","55,200","669.92K","0.27%"
"03/08/2021","55,681","55,300","55,934","54,949","859.08K","0.73%"
"03/05/2021","55,280","54,386","55,479","53,751","625.10K","1.72%"
"03/04/2021","54,343","53,900","54,343","53,321","534.37K","2.41%"
"03/03/2021","53,065","53,291","53,521","52,889","617.21K","-0.42%"
"03/02/2021","53,291","53,051","53,887","52,939","609.55K","0.91%"
"03/01/2021","52,809","52,301","53,647","52,101","767.03K","1.00%"
"02/26/2021","52,285","53,445","53,445","52,056","912.62K","-2.17%"
"02/25/2021","53,445","52,951","53,639","52,835","642.24K","0.98%"
"02/24/2021","52,927","53,810","53,890","52,600","594.31K","-1.64%"
"02/23/2021","53,810","53,200","54,186","53,012","734.16K","1.49%"
"02/22/2021","53,018","53,000","53,600","52,508","401.79K","0.26%"
"02/19/2021","52,880","52,600","53,234","52,600","1.49M","0.35%"
"02/18/2021","52,696","53,700","54,143","52,262","1.44M","-1.36%"
"02/17/2021","53,421","55,942","56,310","52,146","2.31M","-4.51%"
"02/16/2021","55,942","56,000","56,312","55,060","983.12K","-0.04%"
"02/15/2021","55,967","54,701","55,967","54,650","785.14K","2.32%"
"02/12/2021","54,700","54,500","54,960","54,250","1.17M","-0.34%"
"02/11/2021","54,884","55,940","55,940","54,327","1.61M","-0.93%"
"02/10/2021","55,397","55,923","55,923","55,105","737.15K","-0.94%"
"02/09/2021","55,923","55,186","56,080","54,766","536.96K","1.34%"
"02/08/2021","55,186","54,940","55,999","54,677","970.10K","1.35%"
"02/05/2021","54,450","55,000","55,172","54,450","1.41M","-1.00%"
"02/04/2021","55,000","55,390","55,402","54,576","987.33K","-0.41%"
"02/03/2021","55,225","55,700","55,911","55,104","519.95K","-0.91%"
"02/02/2021","55,732","54,400","55,732","54,100","340.07K","2.54%"
"02/01/2021","54,354","55,790","55,790","54,299","642.99K","-1.37%"
"01/29/2021","55,111","57,001","57,027","54,909","865.90K","-3.40%"
"01/28/2021","57,050","58,370","58,632","57,050","852.98K","-1.96%"
"01/27/2021","58,190","56,195","58,281","56,195","1.02M","2.94%"
"01/26/2021","56,528","56,638","57,800","56,520","1.07M","-0.19%"
"01/25/2021","56,637","56,450","57,759","56,161","551.25K","0.38%"
"01/22/2021","56,425","56,187","56,955","55,903","453.30K","0.42%"
"01/21/2021","56,188","55,700","56,825","55,700","629.90K","0.89%"
"01/20/2021","55,690","56,090","56,243","55,280","802.65K","-0.02%"
"01/19/2021","55,699","57,075","57,075","55,574","483.56K","-2.50%"
"01/18/2021","57,125","57,121","57,651","56,890","416.27K","-0.31%"
"01/15/2021","57,300","57,121","58,065","56,299","617.62K","0.31%"
"01/14/2021","57,121","57,421","57,817","57,018","719.64K","-0.33%"
"01/13/2021","57,308","57,000","57,677","56,640","511.54K","0.81%"
"01/12/2021","56,847","58,230","58,374","56,590","662.95K","-2.32%"
"01/11/2021","58,200","58,010","58,461","57,572","495.52K","0.12%"
"01/08/2021","58,130","58,625","58,775","58,002","414.86K","-0.47%"
"01/07/2021","58,404","57,900","58,572","57,538","353.34K","0.99%"
"01/06/2021","57,834","56,913","58,166","55,767","485.19K","1.64%"
"01/05/2021","56,900","55,001","57,091","55,001","1.14M","3.27%"
"01/04/2021","55,100","54,545","55,563","54,257","219.92K","1.02%"
"12/31/2020","54,545","55,000","55,041","54,380","170.08K","-0.83%"
"12/30/2020","55,002","55,786","56,000","54,947","207.70K","-1.41%"
"12/29/2020","55,786","54,171","56,091","54,171","567.19K","2.26%"
"12/28/2020","54,555","54,203","54,727","54,000","204.63K","0.75%"
"12/24/2020","54,148","53,360","54,180","53,356","94.42K","1.71%"
"12/23/2020","53,240","53,185","53,457","52,700","275.04K","0.18%"
"12/22/2020","53,145","52,600","53,708","52,501","432.43K","-0.15%"
"12/21/2020","53,225","53,730","54,493","53,000","709.42K","-3.11%"
"12/18/2020","54,933","55,800","55,925","54,739","973.87K","-1.20%"
"12/17/2020","55,600","56,160","56,630","55,525","2.18M","-0.24%"
"12/15/2020","55,731","57,100","57,231","55,700","651.50K","-3.72%"
"12/14/2020","57,886","57,751","58,798","57,703","679.11K","0.32%"
"12/11/2020","57,700","59,000","59,000","57,439","889.41K","-2.19%"
"12/10/2020","58,994","58,500","59,052","58,046","1.10M","1.95%"
"12/09/2020","57,865","57,530","58,349","57,088","637.86K","0.89%"
"12/08/2020","57,353","56,905","57,500","56,600","760.58K","0.85%"
"12/07/2020","56,871","56,715","57,593","55,439","809.10K","2.06%"
"12/04/2020","55,724","55,999","56,164","54,889","1.03M","1.32%"
"12/03/2020","55,000","55,500","56,000","54,954","842.86K","0.30%"
"12/02/2020","54,836","54,316","55,060","54,034","525.84K","1.27%"
"12/01/2020","54,150","54,500","55,121","54,102","522.49K","-0.56%"
"11/30/2020","54,456","54,316","54,521","53,866","614.90K","0.45%"
"11/27/2020","54,213","54,300","54,516","53,264","593.92K","-0.12%"
"11/26/2020","54,279","54,454","54,529","53,604","456.47K","0.01%"
"11/25/2020","54,275","54,701","55,162","53,942","768.33K","-0.72%"
"11/24/2020","54,671","55,601","56,317","54,336","479.52K","-2.00%"
"11/23/2020","55,786","56,650","57,274","55,617","329.84K","-1.26%"
"11/20/2020","56,500","57,138","57,362","56,349","435.08K","-1.93%"
"11/19/2020","57,612","58,351","58,887","57,490","507.04K","-1.74%"
"11/18/2020","58,632","57,399","58,691","57,065","476.44K","2.61%"
"11/17/2020","57,138","57,093","57,981","56,944","753.41K","0.08%"
"11/16/2020","57,091","57,700","57,700","56,685","1.14M","-0.47%"
"11/13/2020","57,363","56,861","57,723","56,643","578.44K","0.88%"
"11/12/2020","56,860","56,900","57,269","56,283","840.93K","0.14%"
"11/11/2020","56,779","56,200","57,345","55,776","821.56K","2.74%"
"11/10/2020","55,263","52,115","55,263","52,104","882.50K","6.05%"
"11/09/2020","52,109","51,712","53,222","51,400","958.64K","1.06%"
"11/06/2020","51,564","52,318","52,476","51,250","1.67M","-1.44%"
"11/05/2020","52,319","54,000","54,002","52,319","652.13K","-2.11%"
"11/04/2020","53,448","52,850","54,963","52,612","1.40M","2.88%"
"11/03/2020","51,950","51,999","52,393","51,507","951.75K","1.07%"
"11/02/2020","51,400","51,329","51,768","50,757","407.02K","0.38%"
"10/30/2020","51,206","52,300","52,513","51,206","788.56K","-1.98%"
"10/29/2020","52,243","51,994","52,801","51,602","641.42K","0.83%"
"10/28/2020","51,814","53,001","53,198","51,814","1.00M","-2.23%"
"10/27/2020","52,998","54,642","54,703","52,998","575.37K","-3.01%"
"10/26/2020","54,642","54,401","55,183","54,100","588.96K","0.44%"
"10/23/2020","54,400","54,282","54,957","53,997","521.03K","0.30%"
"10/22/2020","54,237","54,600","54,623","53,734","1.31M","-0.35%"
"10/21/2020","54,427","56,069","56,069","54,280","1.34M","-2.93%"
"10/20/2020","56,069","55,801","56,397","55,608","466.59K","0.48%"
"10/19/2020","55,800","56,209","56,734","55,723","656.11K","-0.63%"
"10/16/2020","56,151","56,280","56,695","56,003","918.88K","-0.23%"
"10/15/2020","56,278","57,000","57,156","55,541","1.13M","-2.07%"
"10/14/2020","57,469","57,985","58,100","57,000","645.05K","-1.07%"
"10/13/2020","58,091","58,634","59,404","57,986","359.30K","-0.64%"
"10/12/2020","58,466","57,901","58,606","57,901","384.82K","0.92%"
"10/09/2020","57,932","58,144","58,638","57,932","334.26K","-1.21%"
"10/08/2020","58,639","58,811","59,531","58,149","442.15K","-0.41%"
"10/07/2020","58,880","59,099","59,972","58,846","631.81K","-0.35%"
"10/06/2020","59,086","60,499","60,685","58,903","616.60K","-1.34%"
"10/05/2020","59,891","58,160","60,150","58,160","911.95K","3.00%"
"10/02/2020","58,149","58,297","58,797","57,906","630.16K","-0.24%"
"10/01/2020","58,289","59,090","59,090","58,124","479.73K","-1.46%"
"09/30/2020","59,155","59,636","59,643","58,749","611.34K","-2.40%"
"09/29/2020","60,610","61,950","62,371","60,564","441.72K","-2.93%"
"09/28/2020","62,439","61,300","62,790","61,300","980.39K","2.20%"
"09/25/2020","61,092","60,956","61,408","60,255","855.57K","0.81%"
"09/23/2020","60,600","58,000","60,948","58,000","1.13M","4.48%"
"09/22/2020","58,000","56,599","58,287","56,501","916.40K","2.47%"
"09/21/2020","56,600","56,150","56,698","55,256","566.70K","0.79%"
"09/18/2020","56,155","56,510","56,873","56,057","1.36M","-1.34%"
"09/17/2020","56,918","56,800","57,104","56,389","1.45M","0.20%"
"09/16/2020","56,805","57,393","57,393","56,500","528.81K","-1.07%"
"09/15/2020","57,420","57,074","57,704","56,561","602.73K","1.00%"
"09/14/2020","56,849","56,946","57,300","56,646","526.47K","0.47%"
"09/11/2020","56,582","56,627","57,200","56,334","468.35K","0.10%"
"09/10/2020","56,527","57,528","57,806","56,527","720.31K","-2.05%"
"09/09/2020","57,711","56,203","58,246","56,203","923.79K","2.68%"
"09/08/2020","56,203","56,100","57,457","56,100","854.80K","-1.18%"
"09/07/2020","56,876","56,100","57,119","56,100","341.66K","1.46%"
"09/04/2020","56,058","56,533","56,860","55,874","658.95K","-2.25%"
"09/03/2020","57,348","57,499","58,057","57,224","711.51K","-0.22%"
"09/02/2020","57,476","56,250","57,752","56,250","477.54K","2.19%"
"09/01/2020","56,245","57,143","57,170","55,894","502.59K","-1.62%"
"08/31/2020","57,172","56,464","57,396","56,464","812.95K","1.91%"
"08/28/2020","56,100","57,530","57,726","55,985","571.39K","-2.49%"
"08/27/2020","57,530","56,602","57,813","56,552","423.53K","1.39%"
"08/26/2020","56,744","56,729","57,025","56,253","1.02M","-0.20%"
"08/25/2020","56,856","58,217","58,894","56,800","836.55K","-2.21%"
"08/24/2020","58,139","57,262","58,278","57,262","718.43K","2.72%"
"08/21/2020","56,600","57,800","58,027","56,600","917.05K","-1.80%"
"08/20/2020","57,639","57,800","57,800","57,101","679.85K","-0.71%"
"08/19/2020","58,050","58,400","58,600","57,927","719.37K","-0.94%"
"08/18/2020","58,600","59,000","59,000","58,331","1.10M","-0.53%"
"08/17/2020","58,914","57,900","58,975","57,669","752.22K","2.24%"
"08/14/2020","57,625","59,200","59,212","57,543","1.26M","-2.68%"
"08/13/2020","59,211","60,021","60,573","59,211","751.45K","-0.84%"
"08/12/2020","59,713","59,700","60,236","59,541","723.86K","-0.20%"
"08/11/2020","59,831","58,794","60,090","58,794","1.42M","4.12%"
"08/07/2020","57,462","58,393","58,427","57,200","776.07K","-1.54%"
"08/06/2020","58,363","58,265","59,064","57,836","914.93K","0.71%"
"08/05/2020","57,950","58,369","58,369","57,622","1.40M","0.04%"
"08/04/2020","57,924","57,332","58,709","56,951","787.48K","1.62%"
"08/03/2020","57,001","57,265","57,480","56,391","1.20M","-1.08%"
"07/31/2020","57,625","59,500","60,302","57,482","2.15M","-1.50%"
"07/30/2020","58,500","58,050","58,809","58,044","948.84K","1.15%"
"07/29/2020","57,837","58,784","58,784","57,385","640.53K","-1.30%"
"07/28/2020","58,600","57,300","58,772","56,562","865.58K","3.08%"
"07/27/2020","56,850","57,338","57,598","56,589","632.35K","-1.24%"
"07/24/2020","57,563","57,200","57,918","56,907","677.16K","0.69%"
"07/23/2020","57,166","57,099","57,875","56,560","1.02M","1.78%"
"07/22/2020","56,164","57,236","57,236","55,600","1.45M","-1.68%"
"07/21/2020","57,126","56,612","57,512","56,550","940.64K","0.43%"
"07/20/2020","56,883","58,120","58,121","56,728","1.15M","-2.67%"
"07/17/2020","58,443","59,650","59,650","58,443","799.46K","-1.30%"
"07/16/2020","59,212","60,251","60,261","58,557","951.29K","-2.20%"
"07/15/2020","60,541","60,980","61,392","60,238","795.32K","-0.72%"
"07/14/2020","60,980","61,168","61,354","60,644","782.04K","-0.31%"
"07/13/2020","61,168","61,111","62,058","61,057","950.45K","-0.20%"
"07/10/2020","61,289","62,000","62,191","60,865","968.57K","-1.51%"
"07/09/2020","62,230","64,509","64,509","62,050","626.95K","-3.18%"
"07/08/2020","64,275","65,010","65,758","63,947","1.19M","-2.85%"
"07/07/2020","66,163","66,037","66,208","65,118","621.31K","0.19%"
"07/06/2020","66,037","65,201","66,700","65,201","305.29K","1.12%"
"07/03/2020","65,306","66,733","66,824","65,111","412.46K","-0.90%"
"07/02/2020","65,900","66,700","66,866","65,656","378.96K","-0.70%"
"07/01/2020","66,367","66,486","67,255","65,462","543.99K","-0.89%"
"06/30/2020","66,963","66,600","67,137","66,176","607.72K","0.59%"
"06/29/2020","66,567","66,323","66,800","65,336","570.32K","0.01%"
"06/26/2020","66,560","66,560","67,457","66,254","343.76K","1.13%"
"06/25/2020","65,815","66,159","66,790","65,314","494.83K","-0.47%"
"06/24/2020","66,123","68,222","68,399","66,017","701.99K","-3.23%"
"06/23/2020","68,327","68,000","68,962","67,446","353.29K","0.83%"
"06/22/2020","67,766","67,433","69,095","67,433","558.55K","1.04%"
"06/19/2020","67,068","67,905","68,374","67,000","1.30M","-1.01%"
"06/18/2020","67,749","67,001","67,863","66,953","1.82M","0.33%"
"06/17/2020","67,528","67,500","68,000","67,196","628.49K","4.77%"
"06/15/2020","64,454","63,778","64,595","62,884","669.74K","-0.44%"
"06/12/2020","64,738","64,599","65,397","64,144","569.30K","-0.40%"
"06/11/2020","65,000","64,992","65,882","64,674","668.88K","-1.37%"
"06/10/2020","65,906","63,799","66,073","63,799","1.07M","3.30%"
"06/09/2020","63,800","65,125","65,397","63,133","2.30M","-4.19%"
"06/08/2020","66,589","67,736","67,736","66,545","1.40M","-2.65%"
"06/05/2020","68,400","68,290","69,020","67,800","635.25K","0.16%"
"06/04/2020","68,290","69,100","69,301","67,646","460.45K","-1.53%"
"06/03/2020","69,350","69,453","69,579","68,406","720.35K","0.34%"
"06/02/2020","69,116","70,337","70,897","68,943","680.55K","-0.78%"
"06/01/2020","69,658","69,400","70,195","69,277","295.07K","0.46%"
"05/29/2020","69,340","70,168","70,778","69,089","447.10K","-1.38%"
"05/28/2020","70,312","69,369","70,739","69,146","507.48K","1.30%"
"05/27/2020","69,410","68,191","70,100","68,191","715.57K","1.93%"
"05/26/2020","68,097","68,000","68,252","67,111","487.20K","0.20%"
"05/25/2020","67,959","67,153","68,292","67,029","187.93K","0.87%"
"05/22/2020","67,370","67,000","67,600","66,013","483.62K","-0.01%"
"05/21/2020","67,378","68,518","68,518","67,309","640.00K","-0.23%"
"05/20/2020","67,531","67,849","68,549","67,270","1.10M","-0.47%"
"05/19/2020","67,849","69,590","69,744","67,664","525.91K","-2.10%"
"05/18/2020","69,303","69,138","69,716","68,000","731.62K","1.27%"
"05/15/2020","68,431","68,245","69,803","67,660","809.98K","1.02%"
"05/14/2020","67,742","69,600","69,600","67,598","602.37K","-2.67%"
"05/13/2020","69,600","71,964","71,964","69,600","462.64K","-1.69%"
"05/12/2020","70,796","68,851","71,184","68,851","724.19K","2.88%"
"05/11/2020","68,811","69,499","69,499","68,298","240.20K","-0.12%"
"05/08/2020","68,896","68,186","68,902","67,773","350.39K","1.62%"
"05/07/2020","67,800","69,400","69,654","67,751","866.85K","-2.55%"
"05/06/2020","69,573","68,800","69,751","68,246","1.08M","1.90%"
"05/05/2020","68,273","68,001","68,604","67,648","461.61K","-0.28%"
"05/04/2020","68,464","69,300","69,827","68,456","596.70K","-3.30%"
"04/30/2020","70,803","71,301","71,684","70,188","990.01K","-0.62%"
"04/29/2020","71,246","72,401","73,018","70,729","949.19K","-1.50%"
"04/28/2020","72,334","69,500","73,124","69,417","942.40K","4.39%"
"04/24/2020","69,289","69,177","69,289","68,410","728.56K","0.16%"
"04/23/2020","69,177","67,624","69,177","66,750","717.20K","2.30%"
"04/22/2020","67,624","67,200","68,408","67,136","908.24K","-0.03%"
"04/21/2020","67,646","68,573","69,564","67,447","575.85K","-2.10%"
"04/20/2020","69,100","69,900","71,250","67,876","652.13K","-0.28%"
"04/17/2020","69,292","70,400","70,651","68,830","897.94K","1.63%"
"04/16/2020","68,178","67,694","69,161","67,053","1.52M","0.25%"
"04/15/2020","68,011","67,886","69,752","67,574","1.27M","1.51%"
"04/14/2020","67,000","66,959","67,517","64,073","2.05M","1.38%"
"04/09/2020","66,090","65,605","66,148","64,323","1.66M","1.05%"
"04/08/2020","65,405","66,869","67,695","64,464","1.13M","-0.75%"
"04/07/2020","65,900","67,883","69,241","65,470","1.30M","-2.92%"
"04/06/2020","67,883","69,855","70,800","67,256","1.00M","0.05%"
"04/03/2020","67,850","67,986","68,606","66,911","1.21M","0.63%"
"04/02/2020","67,426","64,994","68,756","64,304","1.43M","4.80%"
"04/01/2020","64,336","59,000","64,365","59,000","1.72M","7.47%"
"03/31/2020","59,866","58,100","60,555","58,100","1.19M","2.73%"
"03/30/2020","58,276","58,458","59,043","55,397","1.44M","5.10%"
"03/27/2020","55,446","55,600","58,082","55,393","908.59K","0.30%"
"03/26/2020","55,278","50,501","55,819","50,501","1.34M","8.79%"
"03/25/2020","50,810","51,905","54,038","49,850","1.69M","-2.22%"
"03/24/2020","51,964","49,800","52,144","49,601","1.65M","4.35%"
"03/23/2020","49,800","52,689","52,689","49,111","1.54M","-6.65%"
"03/20/2020","53,350","55,000","56,420","52,300","2.72M","1.61%"
"03/19/2020","52,503","54,799","57,253","50,700","3.85M","-4.21%"
"03/18/2020","54,808","52,301","55,787","51,111","4.18M","4.61%"
"03/17/2020","52,392","53,000","55,222","51,357","2.11M","2.17%"
"03/16/2020","51,281","51,000","53,469","49,539","1.73M","-5.39%"
"03/13/2020","54,201","55,010","57,995","54,201","1.79M","-2.49%"
"03/12/2020","55,584","59,799","59,799","55,500","1.81M","-8.67%"
"03/11/2020","60,859","62,000","62,000","60,073","1.16M","0.06%"
"03/10/2020","60,825","63,001","63,913","60,696","1.30M","-2.52%"
"03/09/2020","62,400","62,800","65,000","61,173","1.73M","-2.16%"
"03/06/2020","63,775","63,712","65,215","63,270","1.14M","-1.15%"
"03/05/2020","64,517","62,600","64,517","62,214","1.11M","3.80%"
"03/04/2020","62,154","60,848","62,663","60,769","912.97K","1.74%"
"03/03/2020","61,090","59,796","61,877","59,759","1.58M","1.39%"
"03/02/2020","60,252","61,501","62,485","59,181","887.88K","-0.88%"
"02/28/2020","60,789","61,043","63,289","60,789","1.40M","-4.16%"
"02/27/2020","63,430","61,900","65,366","61,900","1.18M","2.24%"
"02/26/2020","62,040","63,604","63,604","61,408","767.75K","-2.46%"
"02/25/2020","63,605","63,576","63,887","63,268","453.52K","0.05%"
"02/24/2020","63,576","65,499","65,499","63,102","676.91K","-2.95%"
"02/21/2020","65,509","64,910","65,509","64,559","465.81K","0.66%"
"02/20/2020","65,081","64,808","65,468","64,471","342.48K","0.42%"
"02/19/2020","64,808","64,900","64,928","64,120","951.03K","-0.59%"
"02/18/2020","65,192","65,024","65,596","64,579","465.98K","0.26%"
"02/17/2020","65,025","65,200","65,348","64,662","554.45K","-0.34%"
"02/14/2020","65,250","65,499","65,900","64,831","534.40K","0.27%"
"02/13/2020","65,073","65,800","66,194","64,865","697.94K","-1.40%"
"02/12/2020","66,000","66,390","66,726","65,954","1.04M","-1.05%"
"02/11/2020","66,700","66,546","67,008","66,354","418.60K","-0.13%"
"02/10/2020","66,785","67,000","67,000","66,269","845.71K","-0.32%"
"02/07/2020","67,000","66,999","68,200","65,961","1.23M","0.45%"
"02/06/2020","66,700","65,000","66,914","65,000","1.13M","1.95%"
"02/05/2020","65,422","65,846","66,338","64,781","1.06M","-0.50%"
"02/04/2020","65,754","65,290","66,000","65,086","451.82K","0.27%"
"02/03/2020","65,574","65,900","65,995","65,321","424.27K","-0.49%"
"01/31/2020","65,900","64,500","66,000","64,500","1.09M","1.90%"
"01/30/2020","64,673","63,833","64,969","63,754","1.37M","1.14%"
"01/29/2020","63,945","64,050","64,521","63,639","1.02M","-0.16%"
"01/28/2020","64,050","63,643","64,380","63,643","582.03K","0.31%"
"01/27/2020","63,850","64,255","64,255","63,256","593.58K","-0.63%"
"01/24/2020","64,255","64,200","64,500","63,979","584.60K","0.16%"
"01/23/2020","64,150","63,603","64,386","63,603","395.34K","0.03%"
"01/22/2020","64,133","63,801","64,898","63,643","603.27K","-0.13%"
"01/21/2020","64,215","64,701","64,701","63,782","638.94K","-0.44%"
"01/20/2020","64,500","64,990","65,058","64,276","595.18K","-1.01%"
"01/17/2020","65,160","65,010","65,354","64,778","1.21M","0.23%"
"01/16/2020","65,011","65,599","65,601","64,702","716.02K","-0.29%"
"01/15/2020","65,199","65,000","65,600","64,570","723.81K","0.00%"
"01/14/2020","65,200","65,111","65,697","64,855","791.23K","0.14%"
"01/13/2020","65,111","64,511","65,249","64,511","739.19K","0.38%"
"01/10/2020","64,867","64,676","65,153","64,272","451.58K","0.68%"
"01/09/2020","64,431","64,810","64,891","63,771","439.33K","-0.04%"
"01/08/2020","64,459","63,000","64,909","63,000","1.14M","1.27%"
"01/07/2020","63,650","62,457","63,989","62,332","1.08M","1.90%"
"01/06/2020","62,462","62,300","62,624","62,109","760.38K","0.41%"
"01/03/2020","62,209","59,957","62,742","59,848","610.03K","3.17%"
"01/02/2020","60,296","60,095","60,676","59,337","355.79K","0.94%"
"12/31/2019","59,737","60,000","60,000","59,280","90.76K","-1.13%"
"12/30/2019","60,420","60,399","60,838","59,626","180.99K","0.67%"
"12/27/2019","60,015","60,000","60,075","58,937","336.64K","0.95%"
"12/24/2019","59,450","59,228","59,863","58,918","236.23K","0.38%"
"12/23/2019","59,227","60,650","60,650","59,106","446.13K","-2.37%"
"12/20/2019","60,664","60,570","60,980","60,072","1.14M","-0.03%"
"12/19/2019","60,684","60,904","61,349","60,440","2.77M","0.00%"
"12/18/2019","60,681","60,701","61,229","60,317","899.36K","0.74%"
"12/17/2019","60,233","60,000","61,183","59,994","1.54M","2.36%"
"12/13/2019","58,843","57,800","59,192","56,174","1.13M","2.18%"
"12/12/2019","57,590","58,051","58,051","57,208","481.43K","-0.79%"
"12/11/2019","58,051","58,500","58,500","57,556","526.48K","-0.60%"
"12/10/2019","58,399","57,500","58,399","56,500","921.50K","1.19%"
"12/09/2019","57,714","57,300","58,110","57,078","471.92K","0.76%"
"12/06/2019","57,278","56,851","57,462","56,501","695.40K","1.05%"
"12/05/2019","56,681","56,648","57,230","56,326","944.82K","0.16%"
"12/04/2019","56,592","56,400","56,765","55,655","514.40K","-0.10%"
"12/03/2019","56,648","57,585","57,851","56,542","823.55K","-1.79%"
"12/02/2019","57,683","57,499","59,583","57,384","872.79K","-0.12%"
"11/29/2019","57,750","57,800","58,307","57,473","539.73K","-0.99%"
"11/28/2019","58,328","58,029","58,539","57,753","912.70K","0.16%"
"11/27/2019","58,236","56,601","58,550","55,769","1.47M","2.69%"
"11/26/2019","56,711","57,031","57,631","56,602","934.67K","-0.59%"
"11/25/2019","57,049","56,800","57,259","56,093","880.10K","1.20%"
"11/22/2019","56,375","56,999","56,999","55,914","587.54K","0.57%"
"11/21/2019","56,053","55,390","58,357","55,081","1.13M","2.62%"
"11/20/2019","54,620","55,660","55,900","54,264","433.32K","-1.87%"
"11/19/2019","55,659","55,000","55,961","54,922","573.21K","1.23%"
"11/18/2019","54,985","53,600","55,457","53,600","743.12K","2.58%"
"11/15/2019","53,600","56,000","56,000","53,571","594.73K","-3.14%"
"11/14/2019","55,337","56,101","56,101","54,806","397.43K","-1.33%"
"11/13/2019","56,083","55,671","56,534","55,671","667.91K","0.74%"
"11/12/2019","55,671","55,700","55,798","55,028","855.95K","0.58%"
"11/11/2019","55,352","54,950","55,554","54,369","431.60K","1.47%"
"11/08/2019","54,550","54,546","55,682","54,001","425.34K","0.01%"
"11/07/2019","54,546","54,300","55,478","53,907","582.93K","0.57%"
"11/06/2019","54,239","53,335","54,487","52,845","767.58K","2.63%"
"11/05/2019","52,850","53,498","54,138","52,699","578.43K","-0.92%"
"11/04/2019","53,342","52,101","53,607","51,945","599.63K","-0.07%"
"11/01/2019","53,377","53,050","53,589","52,101","270.90K","0.65%"
"10/31/2019","53,030","52,900","53,948","52,593","656.99K","0.20%"
"10/30/2019","52,923","51,199","53,000","50,550","967.70K","3.97%"
"10/29/2019","50,900","50,930","51,111","50,000","776.99K","-0.06%"
"10/28/2019","50,931","51,995","51,995","50,178","859.57K","0.70%"
"10/25/2019","50,575","51,957","51,957","50,346","1.08M","-1.86%"
"10/24/2019","51,531","51,501","52,396","51,413","1.16M","0.71%"
"10/23/2019","51,166","50,656","51,509","50,656","619.31K","1.25%"
"10/22/2019","50,533","50,623","50,765","50,218","592.09K","-0.55%"
"10/21/2019","50,811","50,861","51,109","50,591","323.85K","-0.33%"
"10/18/2019","50,977","51,000","51,326","50,480","475.57K","-0.56%"
"10/17/2019","51,263","51,543","51,735","50,919","950.03K","-0.54%"
"10/16/2019","51,541","51,532","51,963","50,897","1.02M","0.85%"
"10/15/2019","51,106","50,928","51,554","50,389","691.58K","1.66%"
"10/14/2019","50,270","50,680","51,226","49,658","1.04M","0.53%"
"10/11/2019","50,007","51,935","52,043","49,824","2.56M","-4.01%"
"10/10/2019","52,095","52,296","52,466","51,602","647.48K","-0.38%"
"10/09/2019","52,296","52,388","52,655","51,775","472.48K","-0.59%"
"10/08/2019","52,604","52,489","52,933","52,070","400.79K","-0.06%"
"10/07/2019","52,636","51,658","52,734","51,502","625.55K","2.16%"
"10/04/2019","51,522","52,424","52,477","51,329","631.04K","-1.63%"
"10/03/2019","52,377","53,143","53,518","52,016","593.48K","-2.25%"
"10/02/2019","53,583","55,389","55,539","53,425","687.79K","-4.54%"
"10/01/2019","56,130","55,848","56,770","55,801","468.98K","-0.16%"
"09/30/2019","56,222","54,848","56,391","54,730","833.91K","3.00%"
"09/27/2019","54,582","53,200","55,649","53,200","720.58K","0.10%"
"09/26/2019","54,525","53,155","54,613","51,745","871.65K","0.84%"
"09/25/2019","54,070","52,896","54,635","52,263","736.41K","1.64%"
"09/23/2019","53,200","54,146","54,549","52,840","466.62K","-1.75%"
"09/20/2019","54,146","53,855","54,585","53,650","1.96M","-0.36%"
"09/19/2019","54,344","53,901","54,500","53,721","2.57M","0.11%"
"09/18/2019","54,283","53,866","54,644","53,852","628.76K","0.77%"
"09/17/2019","53,866","53,000","54,353","52,902","834.30K","1.38%"
"09/16/2019","53,133","53,480","53,945","53,109","927.63K","-1.40%"
"09/13/2019","53,890","55,363","55,387","53,334","1.03M","-2.47%"
"09/12/2019","55,256","55,176","56,798","54,927","1.11M","0.63%"
"09/11/2019","54,911","53,812","55,058","53,788","407.04K","2.37%"
"09/10/2019","53,638","52,625","53,774","51,715","448.27K","2.19%"
"09/09/2019","52,491","53,165","53,949","52,211","426.97K","-0.85%"
"09/06/2019","52,941","53,100","53,123","52,505","637.11K","-0.05%"
"09/05/2019","52,967","52,748","53,216","52,572","392.86K","1.21%"
"09/04/2019","52,333","53,432","53,710","52,289","336.17K","-1.49%"
"09/03/2019","53,123","53,005","53,375","52,551","588.53K","-0.18%"
"09/02/2019","53,218","53,500","54,156","53,218","938.14K","-0.58%"
"08/30/2019","53,526","53,373","54,017","52,918","692.15K","0.08%"
"08/29/2019","53,481","53,653","54,085","53,242","715.38K","0.68%"
"08/28/2019","53,119","51,789","53,328","51,784","1.24M","-1.71%"
"08/27/2019","54,043","55,060","55,761","53,547","614.36K","-1.91%"
"08/26/2019","55,095","55,100","55,650","54,524","191.46K","-0.61%"
"08/23/2019","55,431","55,588","55,799","55,144","326.02K","-0.28%"
"08/22/2019","55,588","55,961","55,961","54,651","462.03K","-0.67%"
"08/21/2019","55,961","55,400","56,416","55,400","433.68K","0.74%"
"08/20/2019","55,549","56,789","56,991","55,271","600.81K","-1.86%"
"08/19/2019","56,600","56,241","56,702","56,096","361.18K","1.02%"
"08/16/2019","56,027","56,400","56,622","55,482","390.94K","-0.60%"
"08/15/2019","56,367","55,670","57,112","55,670","972.00K","1.06%"
"08/14/2019","55,776","55,482","55,893","55,120","595.31K","0.64%"
"08/13/2019","55,423","55,600","56,475","55,276","649.02K","-2.49%"
"08/12/2019","56,840","56,354","57,232","56,354","770.75K","1.50%"
"08/08/2019","56,000","55,500","56,576","54,677","1.23M","1.18%"
"08/07/2019","55,348","53,944","55,348","53,640","714.80K","2.45%"
"08/06/2019","54,023","53,768","54,490","52,913","1.07M","-0.23%"
"08/05/2019","54,146","54,000","55,831","53,925","958.91K","-3.22%"
"08/02/2019","55,948","55,672","56,476","54,696","867.95K","0.48%"
"08/01/2019","55,679","52,388","55,802","51,533","1.98M","8.66%"
"07/31/2019","51,241","51,325","51,551","50,759","535.46K","-0.45%"
"07/30/2019","51,474","53,110","53,523","51,268","1.20M","-4.99%"
"07/29/2019","54,177","53,630","54,249","53,282","358.22K","1.02%"
"07/26/2019","53,630","52,914","53,699","52,767","501.38K","1.15%"
"07/25/2019","53,020","52,426","53,213","52,199","764.10K","0.88%"
"07/24/2019","52,555","52,510","52,598","51,797","1.02M","-0.89%"
"07/23/2019","53,026","53,372","53,829","52,717","647.23K","0.30%"
"07/22/2019","52,870","53,810","53,810","52,591","361.86K","-2.34%"
"07/19/2019","54,138","54,100","54,757","53,639","506.00K","0.32%"
"07/18/2019","53,964","50,723","54,014","50,723","1.14M","5.94%"
"07/17/2019","50,939","50,825","51,712","50,825","916.43K","-0.12%"
"07/16/2019","51,000","51,000","51,323","50,814","728.15K","-0.37%"
"07/15/2019","51,187","50,800","51,257","50,310","499.20K","0.02%"
"07/12/2019","51,175","50,925","51,295","50,741","437.17K","0.92%"
"07/11/2019","50,709","51,500","51,500","50,094","750.53K","-2.56%"
"07/10/2019","52,041","52,400","52,672","51,981","509.50K","-1.00%"
"07/09/2019","52,567","53,725","53,796","52,422","837.72K","-1.98%"
"07/08/2019","53,627","53,300","54,228","53,300","656.67K","0.63%"
"07/05/2019","53,291","52,700","53,810","52,600","520.18K","1.44%"
"07/04/2019","52,537","52,634","53,343","52,340","821.81K","-0.27%"
"07/03/2019","52,677","51,800","53,048","51,800","1.07M","2.35%"
"07/02/2019","51,467","50,600","51,771","50,191","1.30M","0.86%"
"07/01/2019","51,026","49,631","51,026","49,189","1.34M","3.19%"
"06/28/2019","49,450","49,676","49,896","49,344","816.78K","-0.04%"
"06/27/2019","49,471","49,855","50,235","49,160","697.88K","-0.89%"
"06/26/2019","49,917","50,047","50,127","49,639","750.39K","-2.30%"
"06/25/2019","51,091","50,447","51,304","50,058","523.62K","0.36%"
"06/24/2019","50,907","50,830","51,084","50,063","755.12K","0.01%"
"06/21/2019","50,904","50,947","51,893","49,872","2.67M","-0.02%"
"06/20/2019","50,916","51,251","51,251","50,500","2.53M","-0.65%"
"06/19/2019","51,251","52,371","52,372","50,603","925.50K","-2.14%"
"06/18/2019","52,371","52,993","53,046","52,097","826.35K","-2.90%"
"06/14/2019","53,937","54,899","54,899","53,566","649.94K","-1.74%"
"06/13/2019","54,891","55,428","55,428","54,611","804.68K","-0.97%"
"06/12/2019","55,428","56,969","57,141","54,313","1.31M","-3.12%"
"06/11/2019","57,213","56,908","57,355","56,339","686.95K","1.07%"
"06/10/2019","56,606","57,141","58,160","56,432","372.10K","-0.93%"
"06/07/2019","57,140","56,000","57,900","56,000","983.51K","3.03%"
"06/06/2019","55,462","53,356","55,720","53,356","1.06M","3.51%"
"06/05/2019","53,580","53,123","53,599","52,958","435.56K","1.74%"
"06/04/2019","52,662","50,692","53,043","50,530","861.94K","3.89%"
"06/03/2019","50,692","50,500","51,117","49,907","427.38K","-0.02%"
"05/31/2019","50,702","52,055","52,234","50,702","541.90K","-3.09%"
"05/30/2019","52,319","53,400","53,400","51,866","451.12K","-0.07%"
"05/29/2019","52,357","53,300","53,300","50,958","721.74K","-1.98%"
"05/28/2019","53,412","54,650","55,000","52,798","798.02K","-1.99%"
"05/27/2019","54,495","55,000","55,000","54,041","182.90K","-0.21%"
"05/24/2019","54,607","53,990","55,038","53,811","639.48K","1.14%"
"05/23/2019","53,990","54,000","54,469","53,467","850.71K","-0.49%"
"05/22/2019","54,258","54,400","55,087","53,960","435.88K","-0.96%"
"05/21/2019","54,786","53,801","55,473","53,794","624.60K","1.10%"
"05/20/2019","54,190","54,261","54,347","53,427","297.99K","-0.13%"
"05/17/2019","54,261","53,004","54,274","52,942","671.98K","2.08%"
"05/16/2019","53,154","52,801","53,272","52,283","565.71K","-0.18%"
"05/15/2019","53,250","52,768","53,250","52,479","866.51K","0.93%"
"05/14/2019","52,760","53,400","53,797","52,478","750.10K","-1.10%"
"05/13/2019","53,347","52,886","53,347","52,716","769.10K","1.02%"
"05/10/2019","52,809","54,400","54,400","52,450","733.75K","-2.45%"
"05/09/2019","54,138","52,900","54,257","52,546","568.54K","0.24%"
"05/07/2019","54,010","54,000","55,539","53,682","566.22K","-1.31%"
"05/06/2019","54,725","54,670","54,999","53,685","462.91K","0.10%"
"05/03/2019","54,670","55,000","55,000","54,282","395.35K","0.66%"
"05/02/2019","54,309","55,710","55,710","54,223","410.77K","-2.53%"
"04/30/2019","55,721","55,863","56,261","55,296","710.94K","0.43%"
"04/29/2019","55,483","54,861","55,874","54,861","367.00K","1.14%"
"04/26/2019","54,857","54,500","55,321","53,564","549.48K","-0.45%"
"04/25/2019","55,107","56,202","56,930","54,541","1.15M","-3.32%"
"04/24/2019","57,000","57,500","57,500","56,096","735.24K","0.00%"
"04/23/2019","57,000","57,000","57,360","55,660","936.39K","1.60%"
"04/18/2019","56,102","56,700","57,475","54,719","868.35K","-1.00%"
"04/17/2019","56,670","57,500","57,500","56,476","659.54K","-1.29%"
"04/16/2019","57,408","57,485","57,803","57,205","443.84K","-0.09%"
"04/15/2019","57,462","56,485","57,525","56,485","394.27K","2.02%"
"04/12/2019","56,325","55,900","56,325","55,209","658.34K","-0.22%"
"04/11/2019","56,447","56,400","56,648","55,718","686.93K","-0.24%"
"04/10/2019","56,582","56,918","57,100","56,400","536.09K","-0.59%"
"04/09/2019","56,919","56,802","57,326","56,802","428.09K","-0.79%"
"04/08/2019","57,370","57,200","57,649","57,066","360.44K","0.56%"
"04/05/2019","57,050","57,707","57,834","56,841","427.89K","-1.04%"
"04/04/2019","57,648","57,500","58,250","57,419","530.90K","-0.08%"
"04/03/2019","57,692","58,400","59,007","57,501","1.21M","-1.95%"
"04/02/2019","58,842","58,314","59,446","58,293","753.72K","1.04%"
"04/01/2019","58,239","60,000","60,302","57,746","1.63M","-2.59%"
"03/29/2019","59,787","60,999","60,999","59,600","1.28M","-0.88%"
"03/28/2019","60,315","59,998","60,900","59,778","922.39K","1.89%"
"03/27/2019","59,198","59,048","59,660","58,431","878.36K","0.92%"
"03/26/2019","58,659","57,900","59,108","57,802","373.62K","1.16%"
"03/25/2019","57,987","58,800","58,911","57,529","859.53K","-1.80%"
"03/22/2019","59,048","59,300","59,422","58,619","526.90K","-0.31%"
"03/20/2019","59,230","59,600","60,689","59,031","3.22M","-0.89%"
"03/19/2019","59,762","59,501","60,297","59,181","902.75K","-0.23%"
"03/18/2019","59,900","58,781","60,267","58,662","929.22K","2.78%"
"03/15/2019","58,278","57,696","58,510","56,960","1.45M","0.91%"
"03/14/2019","57,754","56,326","58,000","56,321","985.04K","1.92%"
"03/13/2019","56,668","57,600","58,009","56,003","1.21M","-1.71%"
"03/12/2019","57,653","57,466","58,017","57,362","669.36K","0.81%"
"03/11/2019","57,190","57,698","58,171","57,070","622.44K","-1.11%"
"03/08/2019","57,833","58,200","58,618","57,466","860.40K","-0.33%"
"03/07/2019","58,026","56,699","58,784","56,503","1.66M","2.70%"
"03/06/2019","56,500","55,036","57,500","55,036","2.50M","5.39%"
"03/05/2019","53,608","53,600","54,488","52,102","829.61K","-0.17%"
"03/04/2019","53,700","52,000","54,832","51,324","1.39M","0.18%"
"03/01/2019","53,604","51,002","53,604","51,002","588.65K","4.73%"
"02/28/2019","51,181","52,899","52,899","50,162","1.13M","-1.59%"
"02/27/2019","52,010","51,731","52,234","51,289","461.00K","0.54%"
"02/26/2019","51,731","52,933","52,934","51,171","1.40M","-1.36%"
"02/25/2019","52,443","51,200","52,937","51,001","944.23K","0.27%"
"02/22/2019","52,304","51,449","52,611","51,326","579.78K","1.62%"
"02/21/2019","51,470","52,455","52,460","50,770","848.28K","-1.31%"
"02/20/2019","52,152","51,600","52,639","51,500","773.69K","0.84%"
"02/19/2019","51,717","51,500","51,998","51,073","412.83K","-0.16%"
"02/18/2019","51,800","51,780","51,955","51,284","424.66K","0.13%"
"02/15/2019","51,735","51,230","51,869","51,077","523.02K","0.85%"
"02/14/2019","51,300","50,626","51,952","50,484","1.00M","1.33%"
"02/13/2019","50,626","48,700","51,060","48,700","1.32M","4.00%"
"02/12/2019","48,680","48,656","49,304","47,956","615.58K","0.05%"
"02/11/2019","48,655","47,450","49,283","47,401","948.44K","2.43%"
"02/08/2019","47,500","48,600","48,776","47,487","1.16M","-2.24%"
"02/07/2019","48,589","48,200","49,347","47,573","1.54M","0.70%"
"02/06/2019","48,250","48,349","48,750","47,946","1.34M","0.10%"
"02/05/2019","48,200","47,270","48,368","47,000","1.36M","2.10%"
"02/04/2019","47,207","47,700","47,770","47,036","554.04K","-0.62%"
"02/01/2019","47,500","46,300","47,595","46,300","1.26M","1.96%"
"01/31/2019","46,589","46,600","46,959","45,593","2.44M","-0.50%"
"01/30/2019","46,825","45,200","46,825","44,769","1.80M","4.19%"
"01/29/2019","44,942","42,751","45,155","42,751","1.46M","5.95%"
"01/28/2019","42,418","42,800","42,997","42,018","1.28M","-1.70%"
"01/25/2019","43,150","44,000","44,019","42,716","1.32M","-1.73%"
"01/24/2019","43,910","44,826","45,140","43,850","825.15K","-2.15%"
"01/23/2019","44,874","45,770","45,770","44,559","822.90K","-1.96%"
"01/22/2019","45,770","45,900","47,003","45,687","1.31M","-0.50%"
"01/21/2019","45,998","44,877","46,278","44,877","930.55K","2.50%"
"01/18/2019","44,877","44,971","45,397","44,745","800.82K","-0.15%"
"01/17/2019","44,945","43,990","44,945","43,800","968.02K","1.83%"
"01/16/2019","44,138","44,400","44,860","43,845","786.16K","-0.85%"
"01/15/2019","44,515","44,680","45,576","44,395","575.98K","-0.87%"
"01/14/2019","44,905","45,086","45,771","44,889","789.72K","0.29%"
"01/11/2019","44,775","44,890","45,044","44,522","718.07K","-0.73%"
"01/10/2019","45,105","44,450","45,105","43,981","1.01M","1.38%"
"01/09/2019","44,490","45,098","45,596","44,406","2.34M","-0.45%"
"01/08/2019","44,689","44,200","45,147","44,035","528.48K","1.80%"
"01/07/2019","43,900","46,464","47,070","43,731","1.14M","-5.33%"
"01/04/2019","46,373","45,400","46,373","44,863","571.18K","1.76%"
"01/03/2019","45,572","45,288","46,588","44,954","355.10K","0.63%"
"01/02/2019","45,288","46,649","46,649","45,031","867.12K","-3.50%"
"12/31/2018","46,930","47,500","47,647","46,513","283.52K","-0.72%"
"12/28/2018","47,271","45,728","47,573","45,306","569.68K","4.35%"
"12/27/2018","45,300","46,000","46,720","44,801","1.01M","-0.25%"
"12/24/2018","45,414","45,630","45,999","45,021","438.26K","-1.17%"
"12/21/2018","45,950","46,450","46,698","45,823","1.28M","-1.08%"
"12/20/2018","46,450","45,500","47,558","45,500","1.82M","0.87%"
"12/19/2018","46,050","46,980","46,990","45,572","1.54M","-2.21%"
"12/18/2018","47,091","47,700","47,966","46,713","856.27K","-2.13%"
"12/14/2018","48,115","48,998","48,998","47,537","1.34M","-1.03%"
"12/13/2018","48,614","49,200","49,494","47,799","984.85K","-1.31%"
"12/12/2018","49,257","49,376","50,082","49,030","1.18M","-0.73%"
"12/11/2018","49,620","49,281","50,285","48,897","1.81M","1.07%"
"12/10/2018","49,095","48,150","49,931","47,538","717.30K","1.96%"
"12/07/2018","48,149","49,000","49,398","47,828","678.17K","-2.29%"
"12/06/2018","49,275","48,000","50,182","47,871","832.77K","1.62%"
"12/05/2018","48,488","47,700","48,565","47,353","1.02M","0.70%"
"12/04/2018","48,150","49,198","49,198","47,521","717.14K","-1.40%"
"12/03/2018","48,835","48,600","49,498","48,313","1.14M","0.86%"
"11/30/2018","48,417","49,070","49,070","47,755","660.75K","-1.33%"
"11/29/2018","49,069","48,800","49,785","48,128","1.33M","-0.42%"
"11/28/2018","49,276","48,890","49,376","48,558","2.00M","1.39%"
"11/27/2018","48,600","48,150","48,840","47,925","1.44M","1.08%"
"11/26/2018","48,080","49,000","49,266","47,451","875.00K","-1.62%"
"11/23/2018","48,871","48,150","49,369","46,615","1.16M","2.44%"
"11/22/2018","47,708","48,410","48,423","47,426","944.68K","-1.45%"
"11/21/2018","48,410","49,300","49,817","48,012","1.39M","-1.79%"
"11/20/2018","49,291","48,900","49,634","48,522","1.40M","0.13%"
"11/19/2018","49,227","48,690","49,509","48,253","1.11M","1.10%"
"11/16/2018","48,691","50,600","50,875","48,567","2.38M","-5.91%"
"11/15/2018","51,750","52,801","52,801","51,066","1.25M","-2.85%"
"11/14/2018","53,267","54,000","54,306","52,811","1.47M","-2.08%"
"11/13/2018","54,398","55,573","55,993","54,112","1.86M","-2.12%"
"11/12/2018","55,574","61,500","61,510","55,149","2.54M","-11.30%"
"11/09/2018","62,657","62,183","64,036","61,872","922.17K","0.76%"
"11/08/2018","62,183","63,068","63,295","61,750","713.72K","-1.40%"
"11/07/2018","63,068","61,525","63,480","61,525","873.12K","3.22%"
"11/06/2018","61,100","63,700","63,852","60,875","688.03K","-4.23%"
"11/05/2018","63,800","62,400","63,870","62,301","436.29K","1.92%"
"11/02/2018","62,600","64,452","65,681","62,302","857.87K","-2.87%"
"11/01/2018","64,452","64,325","64,763","63,161","492.37K","0.13%"
"10/31/2018","64,370","64,598","65,739","63,912","640.60K","-0.13%"
"10/30/2018","64,454","66,167","67,029","64,391","403.77K","-2.57%"
"10/29/2018","66,156","65,600","68,224","65,600","823.08K","-1.06%"
"10/26/2018","66,867","67,104","68,888","66,818","1.11M","-0.36%"
"10/25/2018","67,109","66,050","67,400","66,032","805.16K","1.63%"
"10/24/2018","66,032","64,000","66,440","64,000","962.64K","1.59%"
"10/23/2018","65,000","61,899","66,165","61,899","1.48M","4.56%"
"10/22/2018","62,166","61,836","62,549","61,341","577.08K","0.53%"
"10/19/2018","61,836","61,323","61,836","61,043","475.05K","0.16%"
"10/18/2018","61,740","61,550","61,979","59,933","768.49K","0.31%"
"10/17/2018","61,550","60,499","61,730","59,558","989.73K","2.19%"
"10/16/2018","60,231","62,611","62,995","60,231","1.56M","-3.80%"
"10/15/2018","62,611","62,849","63,138","62,012","1.02M","-0.38%"
"10/12/2018","62,849","65,500","65,500","61,820","1.69M","-4.63%"
"10/11/2018","65,901","65,700","67,036","65,700","1.13M","-1.76%"
"10/10/2018","67,083","65,600","67,083","64,411","608.14K","1.66%"
"10/09/2018","65,989","66,000","66,700","65,019","499.24K","-0.57%"
"10/08/2018","66,369","66,800","67,522","66,100","505.68K","0.01%"
"10/05/2018","66,364","66,000","67,392","65,710","385.33K","0.88%"
"10/04/2018","65,786","66,009","66,489","64,316","536.81K","-0.34%"
"10/03/2018","66,009","65,851","66,487","65,361","624.99K","-0.24%"
"10/02/2018","66,166","65,121","66,515","64,963","474.69K","1.60%"
"10/01/2018","65,121","66,440","66,440","65,015","422.99K","-2.48%"
"09/28/2018","66,775","66,330","67,421","65,977","683.84K","0.67%"
"09/27/2018","66,330","66,450","66,700","65,470","657.70K","-0.55%"
"09/26/2018","66,700","66,600","67,106","65,800","1.07M","0.15%"
"09/25/2018","66,600","66,559","67,500","65,370","874.54K","-1.41%"
"09/21/2018","67,551","67,400","67,810","66,700","610.32K","0.47%"
"09/20/2018","67,238","68,250","68,657","67,226","2.27M","-1.73%"
"09/19/2018","68,419","70,216","71,009","67,559","1.36M","-2.23%"
"09/18/2018","69,976","71,750","71,815","69,960","671.43K","-2.37%"
"09/17/2018","71,672","71,540","72,977","71,540","547.37K","0.18%"
"09/14/2018","71,545","70,001","72,300","70,001","491.00K","-0.28%"
"09/13/2018","71,749","73,100","73,792","69,994","1.44M","-2.62%"
"09/12/2018","73,680","70,000","74,260","67,645","1.34M","5.26%"
"09/11/2018","70,000","71,950","71,950","69,796","576.36K","-2.80%"
"09/10/2018","72,019","73,190","73,190","71,999","455.89K","0.06%"
"09/07/2018","71,977","73,130","73,130","71,634","529.46K","-1.58%"
"09/06/2018","73,130","74,444","74,503","73,018","667.67K","-1.18%"
"09/05/2018","74,000","74,000","74,656","73,278","930.70K","1.03%"
"09/04/2018","73,249","71,706","73,785","71,706","713.77K","2.37%"
"09/03/2018","71,550","71,000","71,849","70,066","600.76K","0.45%"
"08/31/2018","71,233","72,254","72,566","71,000","937.60K","-1.41%"
"08/30/2018","72,254","72,186","72,471","71,327","699.98K","0.21%"
"08/29/2018","72,100","71,830","72,356","71,103","639.99K","1.89%"
"08/28/2018","70,760","71,984","72,220","70,002","883.86K","-1.72%"
"08/27/2018","72,000","72,445","73,688","71,900","492.89K","-0.17%"
"08/24/2018","72,122","74,300","74,569","71,967","908.96K","-2.93%"
"08/23/2018","74,300","75,576","75,894","74,098","649.66K","-1.69%"
"08/22/2018","75,576","76,199","77,467","75,576","645.41K","-0.82%"
"08/21/2018","76,199","78,700","78,700","75,991","678.53K","-3.35%"
"08/20/2018","78,840","78,740","78,921","77,234","347.21K","0.02%"
"08/17/2018","78,821","77,000","79,955","77,000","944.80K","1.84%"
"08/16/2018","77,400","75,455","77,400","75,455","915.20K","2.32%"
"08/15/2018","75,646","75,500","76,819","75,147","1.31M","0.25%"
"08/14/2018","75,461","75,500","75,738","74,196","1.34M","-0.16%"
"08/13/2018","75,585","76,500","77,000","74,668","1.30M","1.62%"
"08/10/2018","74,381","74,093","75,362","73,401","663.84K","2.87%"
"08/08/2018","72,307","71,885","73,000","71,850","746.50K","0.07%"
"08/07/2018","72,253","72,394","72,665","71,981","757.68K","-0.20%"
"08/06/2018","72,400","73,082","73,268","72,215","333.32K","0.19%"
"08/03/2018","72,264","72,320","73,413","72,237","288.93K","-0.11%"
"08/02/2018","72,345","72,400","73,600","72,300","535.08K","-0.08%"
"08/01/2018","72,400","72,694","73,209","72,100","452.23K","-0.26%"
"07/31/2018","72,592","71,650","73,552","71,650","347.59K","1.43%"
"07/30/2018","71,572","71,000","72,225","70,750","293.42K","0.81%"
"07/27/2018","71,000","72,355","72,600","70,882","276.63K","-2.74%"
"07/26/2018","73,000","70,196","73,000","70,196","842.93K","5.87%"
"07/25/2018","68,951","69,350","69,446","68,436","258.87K","-0.71%"
"07/24/2018","69,446","69,566","70,218","68,929","248.11K","-0.17%"
"07/23/2018","69,566","69,797","70,056","68,599","441.72K","-0.26%"
"07/20/2018","69,750","67,500","70,049","67,500","792.49K","3.72%"
"07/19/2018","67,246","66,800","68,177","66,060","576.05K","1.05%"
"07/18/2018","66,550","66,480","67,636","66,157","529.50K","0.08%"
"07/17/2018","66,500","67,500","67,734","66,307","341.86K","-1.76%"
"07/16/2018","67,689","68,647","68,714","67,382","427.32K","-1.49%"
"07/13/2018","68,714","68,850","69,669","68,550","468.30K","-0.39%"
"07/12/2018","68,982","69,600","69,899","68,820","528.77K","-0.60%"
"07/11/2018","69,400","69,727","69,898","69,036","268.54K","-0.56%"
"07/10/2018","69,793","70,015","70,015","69,056","556.96K","-0.55%"
"07/09/2018","70,181","70,047","70,643","69,635","839.16K","0.06%"
"07/06/2018","70,140","70,573","70,977","69,786","323.98K","0.56%"
"07/05/2018","69,751","71,250","71,500","69,671","373.61K","-2.11%"
"07/04/2018","71,255","70,600","71,772","70,000","256.54K","1.05%"
"07/03/2018","70,513","69,400","71,093","69,400","511.81K","1.17%"
"07/02/2018","69,700","69,059","69,864","68,730","818.49K","0.74%"
"06/29/2018","69,191","70,000","71,074","69,191","723.19K","-1.70%"
"06/28/2018","70,386","66,900","70,500","66,900","883.79K","4.98%"
"06/27/2018","67,048","67,010","67,399","65,819","847.17K","-0.82%"
"06/26/2018","67,605","68,383","68,908","67,605","519.47K","-1.10%"
"06/25/2018","68,356","69,605","69,800","68,356","503.43K","-1.79%"
"06/22/2018","69,601","69,347","69,781","68,676","484.74K","0.37%"
"06/21/2018","69,347","68,391","69,650","68,391","1.51M","1.56%"
"06/20/2018","68,285","67,047","68,632","67,047","912.62K","2.00%"
"06/19/2018","66,948","66,255","67,753","66,215","748.40K","1.59%"
"06/18/2018","65,900","65,783","66,046","65,129","598.56K","-1.32%"
"06/15/2018","66,782","66,405","66,905","65,951","1.56M","0.88%"
"06/14/2018","66,200","65,467","66,501","64,850","593.00K","0.77%"
"06/13/2018","65,695","65,373","66,066","65,152","609.74K","0.49%"
"06/12/2018","65,373","67,000","67,500","64,877","513.68K","-0.41%"
"06/11/2018","65,642","64,700","66,320","64,396","562.01K","1.98%"
"06/08/2018","64,370","63,813","64,507","63,600","456.50K","1.66%"
"06/07/2018","63,317","63,220","64,097","63,200","361.53K","0.34%"
"06/06/2018","63,100","63,942","64,270","62,871","569.32K","-1.33%"
"06/05/2018","63,953","64,800","64,800","63,264","2.23M","0.38%"
"06/04/2018","63,708","64,598","65,314","63,708","790.65K","-1.38%"
"06/01/2018","64,598","64,845","65,201","64,115","2.11M","-0.38%"
"05/31/2018","64,846","63,360","65,097","63,360","606.95K","2.69%"
"05/30/2018","63,150","63,403","63,647","62,918","1.60M","-0.69%"
"05/29/2018","63,587","64,207","64,458","63,407","493.05K","-2.10%"
"05/28/2018","64,950","63,510","65,465","63,510","430.59K","0.91%"
"05/25/2018","64,362","63,422","64,362","62,798","662.23K","1.29%"
"05/24/2018","63,541","63,300","63,814","62,700","561.19K","-0.09%"
"05/23/2018","63,600","63,600","64,496","63,382","937.25K","-0.14%"
"05/22/2018","63,691","63,885","64,304","63,186","881.16K","-1.22%"
"05/21/2018","64,475","66,000","66,371","64,445","584.23K","-1.36%"
"05/18/2018","65,365","65,390","66,090","64,757","607.69K","0.64%"
"05/17/2018","64,950","64,515","65,329","64,515","1.07M","0.54%"
"05/16/2018","64,601","65,073","65,313","64,342","607.42K","-0.73%"
"05/15/2018","65,073","63,758","65,515","63,758","802.49K","2.28%"
"05/14/2018","63,625","64,140","64,140","63,000","576.41K","-0.83%"
"05/11/2018","64,157","64,805","65,125","63,969","668.39K","-1.00%"
"05/10/2018","64,805","65,500","65,956","64,700","659.64K","-2.07%"
"05/09/2018","66,176","65,000","66,266","65,000","741.68K","1.30%"
"05/08/2018","65,325","65,555","66,445","65,000","649.92K","-1.72%"
"05/07/2018","66,468","67,500","67,500","66,210","237.34K","-0.10%"
"05/04/2018","66,536","67,397","67,397","66,222","464.59K","-1.28%"
"05/03/2018","67,397","67,445","67,520","66,630","374.08K","-1.07%"
"05/02/2018","68,129","67,445","68,842","67,445","649.73K","-0.86%"
"04/30/2018","68,721","68,020","69,090","67,894","415.34K","1.64%"
"04/26/2018","67,613","66,500","67,900","66,354","992.98K","1.88%"
"04/25/2018","66,366","64,497","66,865","64,497","1.37M","3.32%"
"04/24/2018","64,232","64,500","65,248","63,928","1.07M","0.21%"
"04/23/2018","64,100","62,625","64,422","62,501","1.17M","2.36%"
"04/20/2018","62,625","61,899","62,900","61,860","3.25M","1.17%"
"04/19/2018","61,899","65,711","65,929","60,423","3.67M","-6.85%"
"04/18/2018","66,450","68,444","68,684","66,347","1.68M","-2.95%"
"04/17/2018","68,469","69,850","69,850","68,436","1.17M","-2.33%"
"04/16/2018","70,100","71,086","71,330","69,819","1.48M","-1.41%"
"04/13/2018","71,105","71,500","71,500","70,904","1.56M","-0.52%"
"04/12/2018","71,480","71,656","71,697","71,085","889.30K","-1.02%"
"04/11/2018","72,213","72,810","72,874","72,018","1.51M","-0.82%"
"04/10/2018","72,810","73,100","73,999","72,743","591.58K","-0.40%"
"04/09/2018","73,100","73,300","73,795","72,800","749.93K","-0.27%"
"04/06/2018","73,300","72,014","73,306","72,014","744.45K","2.67%"
"04/05/2018","71,395","71,398","71,887","70,600","813.93K","1.18%"
"04/04/2018","70,562","68,400","70,643","68,400","902.71K","3.16%"
"04/03/2018","68,400","68,500","70,045","67,749","692.85K","-1.80%"
"03/29/2018","69,655","67,800","69,672","67,501","918.30K","3.65%"
"03/28/2018","67,200","64,900","67,211","64,765","1.08M","3.55%"
"03/27/2018","64,899","64,726","65,481","64,726","543.73K","0.27%"
"03/26/2018","64,725","65,500","65,500","64,406","1.20M","-1.39%"
"03/23/2018","65,640","64,000","65,640","63,720","598.79K","3.01%"
"03/22/2018","63,720","64,500","64,800","63,251","2.54M","-4.88%"
"03/20/2018","66,991","67,500","68,149","66,105","968.11K","-2.97%"
"03/19/2018","69,039","70,150","70,479","68,598","718.82K","-1.58%"
"03/16/2018","70,150","70,278","70,570","69,700","618.98K","0.22%"
"03/15/2018","69,995","70,000","70,920","69,000","1.55M","0.66%"
"03/14/2018","69,538","68,800","69,843","68,401","414.74K","0.98%"
"03/13/2018","68,865","70,300","70,419","68,743","614.23K","-1.97%"
"03/12/2018","70,246","70,600","70,894","69,685","510.32K","-0.08%"
"03/09/2018","70,305","69,788","70,700","69,657","748.88K","0.74%"
"03/08/2018","69,786","69,999","69,999","69,241","384.80K","0.19%"
"03/07/2018","69,654","69,162","69,828","68,576","552.30K","1.55%"
"03/06/2018","68,589","69,162","69,899","68,500","654.89K","-0.83%"
"03/05/2018","69,160","69,700","69,837","68,503","566.06K","-0.72%"
"03/02/2018","69,659","69,849","70,313","69,051","648.03K","-0.27%"
"03/01/2018","69,849","70,500","70,662","69,450","589.59K","-1.17%"
"02/28/2018","70,675","71,500","72,499","70,407","1.70M","-2.21%"
"02/27/2018","72,275","72,465","72,632","72,032","564.85K","-0.26%"
"02/26/2018","72,465","72,770","72,860","72,009","629.49K","0.65%"
"02/23/2018","72,000","71,500","72,088","70,517","889.81K","3.56%"
"02/22/2018","69,522","72,394","72,994","68,390","3.55M","-4.31%"
"02/21/2018","72,650","73,500","73,895","72,391","1.16M","-1.02%"
"02/20/2018","73,401","72,622","73,406","72,342","911.40K","1.07%"
"02/19/2018","72,622","72,651","73,182","72,333","1.08M","0.17%"
"02/16/2018","72,501","72,300","73,175","72,300","665.45K","0.35%"
"02/15/2018","72,250","73,250","74,199","72,020","1.79M","-1.37%"
"02/14/2018","73,250","73,395","74,000","72,512","958.12K","0.10%"
"02/13/2018","73,175","73,915","74,494","72,832","733.85K","-1.00%"
"02/12/2018","73,915","74,400","74,400","72,946","691.59K","-1.19%"
"02/09/2018","74,807","75,500","76,044","74,541","1.19M","-2.21%"
"02/08/2018","76,500","77,000","77,499","76,012","647.83K","0.11%"
"02/07/2018","76,417","76,399","76,593","75,276","799.67K","-0.17%"
"02/06/2018","76,550","77,100","77,791","75,801","1.16M","-2.73%"
"02/05/2018","78,700","80,500","80,703","78,523","935.23K","-3.11%"
"02/02/2018","81,230","81,504","82,000","80,819","572.93K","-0.45%"
"02/01/2018","81,600","81,600","82,237","81,020","691.43K","0.25%"
"01/31/2018","81,400","82,000","82,227","81,202","823.70K","-0.49%"
"01/30/2018","81,800","82,000","82,600","81,268","750.45K","-0.44%"
"01/29/2018","82,159","82,299","83,065","81,871","818.54K","0.19%"
"01/26/2018","82,000","82,900","82,900","81,500","1.01M","-1.17%"
"01/25/2018","82,974","84,900","85,292","82,974","555.11K","-2.59%"
"01/24/2018","85,180","85,500","86,197","84,731","955.83K","-0.37%"
"01/23/2018","85,500","85,197","86,149","84,859","991.34K","0.65%"
"01/22/2018","84,951","84,400","85,354","83,735","761.84K","0.65%"
"01/19/2018","84,400","83,500","84,465","83,083","894.33K","0.87%"
"01/18/2018","83,671","85,000","85,670","83,552","792.30K","-1.42%"
"01/17/2018","84,879","85,500","85,598","84,863","621.15K","-0.38%"
"01/16/2018","85,200","85,274","86,005","84,714","477.55K","-0.09%"
"01/15/2018","85,274","84,540","85,470","84,507","324.28K","0.87%"
"01/12/2018","84,540","85,100","85,100","84,141","349.01K","-0.66%"
"01/11/2018","85,100","83,900","85,209","83,600","570.77K","1.73%"
"01/10/2018","83,650","83,300","84,478","83,000","777.09K","0.41%"
"01/09/2018","83,305","82,800","84,145","82,714","986.07K","0.34%"
"01/08/2018","83,025","82,936","83,589","82,650","281.32K","0.38%"
"01/05/2018","82,711","82,299","83,200","81,785","216.06K","0.42%"
"01/04/2018","82,365","82,402","82,945","81,514","502.29K","-0.70%"
"01/03/2018","82,949","83,700","84,324","82,263","267.82K","-0.68%"
"01/02/2018","83,515","83,027","84,211","83,027","313.40K","0.68%"
"12/29/2017","82,950","83,181","83,600","82,384","123.31K","0.67%"
"12/28/2017","82,400","83,600","83,906","82,100","343.39K","-0.17%"
"12/27/2017","82,538","82,151","82,929","81,706","510.11K","-4.06%"
"12/22/2017","86,034","85,523","86,034","84,978","129.91K","0.60%"
"12/21/2017","85,523","84,300","85,523","83,728","2.46M","2.39%"
"12/20/2017","83,524","85,101","85,449","83,524","1.40M","-1.43%"
"12/19/2017","84,739","85,600","86,314","83,995","3.08M","-1.17%"
"12/18/2017","85,746","86,000","87,214","85,564","1.26M","-1.51%"
"12/15/2017","87,060","88,750","89,254","87,060","3.44M","-2.46%"
"12/14/2017","89,254","90,510","91,190","88,602","1.16M","-1.81%"
"12/13/2017","90,900","91,875","91,925","90,580","550.97K","-1.07%"
"12/12/2017","91,887","91,069","91,887","90,552","484.01K","0.90%"
"12/11/2017","91,069","90,012","92,099","90,012","376.25K","1.19%"
"12/08/2017","90,000","90,999","91,999","89,660","612.70K","-1.12%"
"12/07/2017","91,018","90,698","91,863","90,272","598.42K","-0.53%"
"12/06/2017","91,500","87,550","91,500","85,000","728.27K","3.56%"
"12/05/2017","88,355","87,350","88,645","86,881","477.32K","0.87%"
"12/04/2017","87,594","88,500","89,299","87,275","463.95K","-0.27%"
"12/01/2017","87,833","87,500","87,833","86,587","542.60K","0.26%"
"11/30/2017","87,604","88,517","89,300","87,567","999.68K","-2.40%"
"11/29/2017","89,755","90,200","90,700","89,088","644.18K","-0.43%"
"11/28/2017","90,143","91,500","91,500","90,101","621.21K","-1.83%"
"11/27/2017","91,828","93,500","93,899","91,500","1.08M","-1.26%"
"11/24/2017","93,003","93,500","93,700","92,950","892.10K","-0.31%"
"11/23/2017","93,290","92,501","93,290","91,718","1.36M","0.57%"
"11/22/2017","92,761","93,861","94,330","92,729","455.36K","-1.09%"
"11/21/2017","93,785","92,928","94,514","92,564","1.29M","1.50%"
"11/20/2017","92,400","91,953","92,719","91,953","1.07M","0.22%"
"11/17/2017","92,200","92,700","93,928","91,963","1.18M","-0.54%"
"11/16/2017","92,700","92,825","93,194","92,279","1.16M","0.00%"
"11/15/2017","92,700","92,315","93,599","92,313","599.62K","-0.02%"
"11/14/2017","92,718","94,200","94,291","92,101","733.98K","-1.57%"
"11/13/2017","94,200","93,450","94,731","92,678","516.36K","1.23%"
"11/10/2017","93,054","92,708","93,984","92,551","427.73K","0.37%"
"11/09/2017","92,708","92,430","92,759","91,502","440.75K","0.30%"
"11/08/2017","92,430","91,773","93,135","91,637","458.38K","0.95%"
"11/07/2017","91,559","92,595","92,850","90,598","879.93K","-0.85%"
"11/06/2017","92,346","92,600","92,997","92,092","724.24K","-0.27%"
"11/03/2017","92,600","90,700","92,754","90,700","623.41K","2.20%"
"11/02/2017","90,604","90,550","91,946","89,890","505.77K","-0.85%"
"11/01/2017","91,378","91,303","92,416","91,303","839.81K","0.42%"
"10/31/2017","91,000","91,000","91,654","90,621","639.43K","-0.79%"
"10/30/2017","91,724","92,763","93,129","91,557","923.90K","-1.52%"
"10/27/2017","93,142","93,000","94,178","92,664","1.22M","0.80%"
"10/26/2017","92,400","90,500","93,500","90,500","2.05M","2.21%"
"10/25/2017","90,400","87,364","91,297","87,244","951.83K","3.48%"
"10/24/2017","87,364","88,000","88,268","86,542","323.11K","-1.13%"
"10/23/2017","88,364","88,046","89,126","88,003","529.96K","0.53%"
"10/20/2017","87,900","86,467","88,243","86,276","502.32K","1.70%"
"10/19/2017","86,431","86,761","86,773","85,488","507.53K","-0.65%"
"10/18/2017","87,000","86,390","87,160","86,101","459.34K","0.64%"
"10/17/2017","86,449","86,000","86,668","85,612","648.63K","1.13%"
"10/16/2017","85,484","86,000","86,277","85,484","660.52K","-0.60%"
"10/13/2017","86,000","86,812","87,011","85,557","778.97K","-0.50%"
"10/12/2017","86,432","87,500","87,923","86,432","465.54K","-1.40%"
"10/11/2017","87,660","88,399","88,607","87,314","568.33K","-0.10%"
"10/10/2017","87,747","87,120","87,748","87,120","656.93K","0.47%"
"10/09/2017","87,339","85,840","87,599","85,840","519.25K","2.31%"
"10/06/2017","85,367","84,000","86,308","84,000","601.10K","1.51%"
"10/05/2017","84,100","84,701","85,022","84,100","691.59K","-1.50%"
"10/04/2017","85,384","84,790","85,558","84,647","589.52K","0.22%"
"10/03/2017","85,200","84,939","85,294","84,259","1.12M","0.40%"
"10/02/2017","84,862","84,299","85,002","84,299","775.88K","0.26%"
"09/29/2017","84,642","84,299","84,802","84,176","968.25K","0.41%"
"09/28/2017","84,299","85,760","86,000","84,299","949.10K","-1.06%"
"09/27/2017","85,200","84,118","85,850","83,913","431.06K","1.97%"
"09/26/2017","83,558","82,342","83,558","80,855","1.20M","1.48%"
"09/22/2017","82,342","81,925","82,915","81,570","1.07M","0.56%"
"09/21/2017","81,886","83,071","83,130","80,500","3.29M","-1.36%"
"09/20/2017","83,013","83,500","84,356","82,811","446.77K","-1.28%"
"09/19/2017","84,089","84,300","84,505","83,844","494.05K","-0.32%"
"09/18/2017","84,356","84,900","85,348","83,685","763.34K","-0.64%"
"09/15/2017","84,900","82,676","84,900","82,600","2.77M","2.35%"
"09/14/2017","82,950","83,500","83,872","82,950","1.15M","-1.15%"
"09/13/2017","83,917","83,259","83,983","82,443","486.87K","1.01%"
"09/12/2017","83,074","83,539","83,626","82,664","734.49K","-0.56%"
"09/11/2017","83,539","84,021","84,452","83,410","286.26K","-0.09%"
"09/08/2017","83,613","82,640","83,721","82,074","452.65K","1.17%"
"09/07/2017","82,643","81,250","82,671","80,670","1.79M","2.21%"
"09/06/2017","80,855","80,200","81,193","79,891","1.12M","0.72%"
"09/05/2017","80,277","80,800","80,800","80,230","465.90K","-0.77%"
"09/04/2017","80,900","80,795","81,275","80,499","487.00K","0.13%"
"09/01/2017","80,795","81,094","81,156","80,524","298.34K","0.06%"
"08/31/2017","80,750","80,100","80,995","79,817","542.51K","0.79%"
"08/30/2017","80,119","80,100","80,963","80,100","1.04M","0.15%"
"08/29/2017","80,000","81,200","81,200","79,817","777.23K","-1.82%"
"08/28/2017","81,484","80,879","82,000","80,701","506.62K","0.26%"
"08/25/2017","81,276","81,859","82,415","81,250","471.14K","-0.94%"
"08/24/2017","82,044","80,436","82,175","80,257","641.98K","2.36%"
"08/23/2017","80,150","80,700","81,302","80,027","664.84K","-1.23%"
"08/22/2017","81,152","81,050","81,604","80,984","309.42K","0.19%"
"08/21/2017","81,000","80,550","81,173","80,269","502.29K","0.48%"
"08/18/2017","80,615","82,000","82,225","80,423","622.26K","-2.05%"
"08/17/2017","82,300","82,551","83,100","81,964","470.30K","-0.45%"
"08/16/2017","82,670","83,333","83,693","82,626","461.17K","-1.74%"
"08/15/2017","84,134","83,750","84,930","83,503","317.27K","0.46%"
"08/14/2017","83,750","85,000","85,000","83,601","608.92K","-1.25%"
"08/11/2017","84,809","84,650","85,604","84,101","775.57K","-0.12%"
"08/10/2017","84,914","86,600","86,741","84,914","617.30K","-1.06%"
"08/08/2017","85,824","87,000","87,000","85,380","558.99K","-1.84%"
"08/07/2017","87,435","88,831","88,831","86,702","489.76K","-0.65%"
"08/04/2017","88,005","87,811","89,193","87,700","1.04M","0.75%"
"08/03/2017","87,350","84,790","87,350","84,790","1.07M","3.59%"
"08/02/2017","84,322","83,680","85,116","83,680","987.00K","0.14%"
"08/01/2017","84,201","82,499","84,666","81,500","2.36M","2.03%"
"07/31/2017","82,522","85,205","85,205","81,400","2.40M","-1.99%"
"07/28/2017","84,196","90,562","91,352","78,438","1.73M","-7.03%"
"07/27/2017","90,562","90,350","92,727","90,041","334.86K","-0.35%"
"07/26/2017","90,876","90,500","91,746","90,471","321.05K","1.03%"
"07/25/2017","89,950","91,265","91,477","89,394","635.45K","-1.67%"
"07/24/2017","91,477","91,845","93,214","91,043","565.86K","-0.40%"
"07/21/2017","91,845","91,470","92,472","91,173","278.37K","0.47%"
"07/20/2017","91,415","89,786","91,825","89,683","677.47K","2.14%"
"07/19/2017","89,500","88,300","89,617","88,083","676.14K","1.33%"
"07/18/2017","88,327","89,155","89,155","88,164","377.79K","-1.49%"
"07/17/2017","89,665","89,800","90,449","89,366","370.81K","-0.15%"
"07/14/2017","89,800","89,500","90,480","89,101","371.22K","-0.85%"
"07/13/2017","90,572","90,476","90,666","89,700","522.89K","0.39%"
"07/12/2017","90,219","90,100","90,700","89,723","359.76K","0.31%"
"07/11/2017","89,942","90,068","90,700","89,712","506.57K","-0.14%"
"07/10/2017","90,068","90,006","90,068","89,031","360.80K","-0.48%"
"07/07/2017","90,506","90,200","90,702","89,620","358.88K","0.40%"
"07/06/2017","90,146","91,250","91,691","89,716","671.94K","-1.46%"
"07/05/2017","91,483","88,500","91,668","87,900","616.27K","2.91%"
"07/04/2017","88,900","89,233","89,543","88,700","497.37K","-0.77%"
"07/03/2017","89,589","89,536","89,610","88,620","469.37K","0.27%"
"06/30/2017","89,345","88,650","89,754","88,650","291.92K","0.78%"
"06/29/2017","88,650","90,022","90,066","88,353","256.05K","-1.61%"
"06/28/2017","90,099","90,022","90,834","89,718","377.68K","0.50%"
"06/27/2017","89,648","89,603","90,460","88,850","570.67K","0.05%"
"06/26/2017","89,603","90,200","90,512","89,603","478.93K","-0.72%"
"06/23/2017","90,250","90,060","90,612","89,803","271.93K","-0.39%"
"06/22/2017","90,603","91,799","91,799","90,401","429.08K","-1.30%"
"06/21/2017","91,800","92,100","92,100","90,750","616.79K","-0.33%"
"06/20/2017","92,100","92,013","92,397","91,516","638.65K","0.12%"
"06/19/2017","91,990","90,172","92,153","89,950","564.84K","3.23%"
"06/15/2017","89,113","87,824","89,680","87,680","2.34M","1.46%"
"06/14/2017","87,833","87,473","89,157","86,678","480.28K","-0.33%"
"06/13/2017","88,123","88,390","89,178","87,776","405.55K","-0.29%"
"06/12/2017","88,383","90,101","90,101","88,383","445.25K","-1.93%"
"06/09/2017","90,125","91,990","92,256","90,125","366.89K","-2.36%"
"06/08/2017","92,304","93,348","93,588","92,304","412.92K","-0.43%"
"06/07/2017","92,703","93,141","93,364","92,338","539.38K","0.17%"
"06/06/2017","92,550","91,501","93,250","91,501","657.50K","1.04%"
"06/05/2017","91,600","91,580","92,081","91,313","662.47K","-0.30%"
"06/02/2017","91,878","92,162","93,120","91,508","471.70K","-0.31%"
"06/01/2017","92,162","93,000","94,190","92,068","1.02M","-2.38%"
"05/31/2017","94,413","93,258","94,413","92,764","710.90K","1.24%"
"05/30/2017","93,258","92,510","93,499","91,317","397.61K","1.15%"
"05/29/2017","92,202","93,000","93,000","91,600","213.73K","0.14%"
"05/26/2017","92,069","91,479","92,380","91,251","253.43K","0.64%"
"05/25/2017","91,479","91,240","92,000","91,068","335.44K","0.28%"
"05/24/2017","91,225","92,200","92,200","90,773","409.43K","-1.12%"
"05/23/2017","92,259","94,500","94,500","92,246","458.24K","-1.70%"
"05/22/2017","93,857","92,961","93,857","92,751","236.21K","0.98%"
"05/19/2017","92,950","93,200","93,340","92,784","364.49K","-0.74%"
"05/18/2017","93,645","94,250","96,074","93,645","723.04K","-0.05%"
"05/17/2017","93,690","93,011","94,008","92,953","344.15K","1.00%"
"05/16/2017","92,760","91,710","93,014","91,377","770.05K","1.14%"
"05/15/2017","91,710","92,689","93,017","91,564","481.70K","-1.01%"
"05/12/2017","92,650","92,539","92,754","91,855","239.63K","0.73%"
"05/11/2017","91,978","92,342","92,817","91,600","464.99K","-0.39%"
"05/10/2017","92,342","93,600","93,999","92,312","640.28K","-1.34%"
"05/09/2017","93,600","93,505","94,792","93,505","778.52K","0.54%"
"05/08/2017","93,100","91,996","93,344","91,996","532.27K","0.67%"
"05/05/2017","92,476","92,100","93,269","92,100","760.42K","0.79%"
"05/04/2017","91,747","91,500","91,912","91,197","580.69K","1.89%"
"05/03/2017","90,045","90,909","91,218","90,045","400.12K","-0.17%"
"05/02/2017","90,200","89,400","90,745","89,400","316.06K","0.13%"
"04/28/2017","90,086","90,006","90,675","89,100","343.60K","-0.70%"
"04/26/2017","90,722","89,000","90,722","88,824","564.06K","1.82%"
"04/25/2017","89,100","88,256","89,490","88,256","343.82K","0.45%"
"04/24/2017","88,703","86,900","88,703","86,800","276.46K","1.53%"
"04/21/2017","87,365","88,105","88,105","86,993","406.62K","-0.98%"
"04/20/2017","88,232","88,155","88,895","87,551","705.32K","-0.05%"
"04/19/2017","88,275","89,761","90,124","88,272","425.16K","-1.43%"
"04/18/2017","89,552","90,200","90,958","89,552","1.11M","-0.89%"
"04/13/2017","90,355","91,485","91,758","90,355","463.09K","-1.68%"
"04/12/2017","91,899","92,310","92,874","91,300","583.82K","-1.22%"
"04/11/2017","93,037","92,150","93,037","92,150","1.09M","0.96%"
"04/10/2017","92,150","91,600","92,320","91,479","758.22K","0.88%"
"04/07/2017","91,345","90,730","91,518","90,315","617.26K","-0.03%"
"04/06/2017","91,375","91,455","92,328","90,811","649.84K","-0.25%"
"04/05/2017","91,600","88,610","91,600","88,600","1.08M","3.41%"
"04/04/2017","88,582","91,000","91,969","88,581","818.14K","-0.58%"
"04/03/2017","89,100","89,290","90,429","88,744","870.04K","1.08%"
"03/31/2017","88,144","88,500","88,880","87,399","1.36M","3.76%"
"03/30/2017","84,946","85,430","85,661","84,809","329.80K","-0.37%"
"03/29/2017","85,259","85,908","85,908","84,255","699.92K","0.97%"
"03/28/2017","84,436","85,001","85,563","84,097","535.63K","0.64%"
"03/27/2017","83,900","80,900","84,305","80,854","575.85K","3.61%"
"03/24/2017","80,975","80,742","81,401","80,440","1.07M","0.29%"
"03/23/2017","80,742","81,216","81,254","80,251","265.75K","-0.58%"
"03/22/2017","81,216","81,520","82,113","81,004","356.56K","0.05%"
"03/20/2017","81,178","81,430","81,508","81,002","392.11K","-0.30%"
"03/17/2017","81,421","80,808","81,926","80,552","722.76K","0.52%"
"03/16/2017","80,999","80,400","81,499","79,303","2.10M","0.62%"
"03/15/2017","80,500","81,594","81,594","80,345","380.33K","-2.68%"
"03/14/2017","82,715","82,001","83,100","82,001","766.54K","0.32%"
"03/13/2017","82,450","81,829","82,450","81,501","226.69K","0.76%"
"03/10/2017","81,829","82,134","82,810","81,725","299.87K","0.36%"
"03/09/2017","81,537","81,126","82,201","81,004","405.59K","0.80%"
"03/08/2017","80,888","80,600","81,657","80,401","2.61M","0.36%"
"03/07/2017","80,600","80,548","81,190","80,410","827.18K","0.06%"
"03/06/2017","80,548","81,850","81,993","80,547","595.59K","-1.31%"
"03/03/2017","81,619","82,792","82,867","81,208","776.04K","-1.42%"
"03/02/2017","82,792","82,600","83,169","82,000","428.22K","0.26%"
"03/01/2017","82,575","82,132","83,180","81,900","568.60K","0.54%"
"02/28/2017","82,132","81,866","82,549","81,621","451.76K","1.26%"
"02/27/2017","81,114","81,710","82,426","81,086","365.61K","-0.73%"
"02/24/2017","81,710","81,550","82,104","81,301","522.46K","1.53%"
"02/23/2017","80,480","80,500","81,700","80,100","522.63K","-1.11%"
"02/22/2017","81,385","81,572","82,021","80,874","512.80K","0.07%"
"02/21/2017","81,325","80,801","81,800","80,500","741.90K","0.65%"
"02/20/2017","80,801","81,150","82,184","80,801","442.12K","-0.07%"
"02/17/2017","80,859","80,400","82,300","80,372","476.94K","0.68%"
"02/16/2017","80,316","80,014","80,999","80,000","298.33K","-0.07%"
"02/15/2017","80,376","81,040","81,390","79,659","859.41K","-1.26%"
"02/14/2017","81,400","83,400","83,400","81,250","1.99M","-2.48%"
"02/13/2017","83,470","83,992","83,998","83,075","315.31K","-0.62%"
"02/10/2017","83,992","84,500","85,290","83,310","471.46K","-0.24%"
"02/09/2017","84,193","84,321","85,018","83,849","422.99K","-0.15%"
"02/08/2017","84,321","83,400","84,678","83,350","697.03K","1.46%"
"02/07/2017","83,106","82,932","83,442","82,410","826.31K","0.31%"
"02/06/2017","82,847","81,900","83,148","81,900","344.62K","1.16%"
"02/03/2017","81,900","82,151","83,400","81,900","1.88M","-0.24%"
"02/02/2017","82,100","82,500","82,729","81,897","1.39M","-0.55%"
"02/01/2017","82,550","82,556","83,349","82,388","2.13M","0.71%"
"01/31/2017","81,965","82,565","82,838","81,600","492.46K","-1.20%"
"01/30/2017","82,958","83,293","83,849","82,000","850.49K","-0.40%"
"01/27/2017","83,293","82,750","84,000","82,391","698.61K","0.97%"
"01/26/2017","82,494","81,233","82,981","81,233","456.01K","1.79%"
"01/25/2017","81,040","80,001","81,378","80,001","342.80K","1.56%"
"01/24/2017","79,799","80,276","80,478","79,507","577.52K","-0.59%"
"01/23/2017","80,276","79,663","80,448","79,251","1.32M","1.10%"
"01/20/2017","79,402","78,800","79,708","78,133","2.13M","0.26%"
"01/19/2017","79,200","77,350","79,325","76,762","747.06K","2.40%"
"01/18/2017","77,341","77,000","78,599","76,499","696.08K","0.44%"
"01/17/2017","77,000","77,533","78,970","76,750","863.92K","-1.57%"
"01/16/2017","78,232","77,533","78,232","77,290","220.55K","0.90%"
"01/13/2017","77,533","78,300","78,300","77,409","202.44K","-0.34%"
"01/12/2017","77,801","79,200","79,200","77,801","478.71K","-1.96%"
"01/11/2017","79,359","77,250","79,359","77,203","598.70K","2.80%"
"01/10/2017","77,200","77,466","77,747","76,905","240.87K","-0.34%"
"01/09/2017","77,466","77,096","77,889","76,875","185.91K","0.48%"
"01/06/2017","77,096","76,825","77,842","76,701","348.27K","0.35%"
"01/05/2017","76,825","76,750","77,760","76,334","237.01K","-0.29%"
"01/04/2017","77,050","77,975","77,975","76,756","291.28K","-1.19%"
"01/03/2017","77,975","77,800","78,440","77,635","254.86K","0.15%"
"12/30/2016","77,861","76,800","78,244","76,800","74.52K","1.47%"
"12/29/2016","76,731","77,749","77,749","76,424","288.57K","-0.61%"
"12/28/2016","77,201","77,900","79,001","76,903","174.49K","-0.53%"
"12/23/2016","77,615","78,999","78,999","77,615","131.02K","-1.34%"
"12/22/2016","78,672","78,899","78,952","78,048","258.57K","-0.06%"
"12/21/2016","78,723","78,900","78,934","78,289","238.92K","-0.42%"
"12/20/2016","79,054","79,000","79,734","79,000","377.30K","0.10%"
"12/19/2016","78,978","78,107","79,502","77,700","352.00K","1.20%"
"12/15/2016","78,044","77,874","79,244","77,324","2.96M","0.22%"
"12/14/2016","77,874","77,150","78,000","76,123","491.71K","1.66%"
"12/13/2016","76,600","75,101","76,600","75,101","438.50K","1.72%"
"12/12/2016","75,306","76,800","77,377","75,008","442.41K","-1.56%"
"12/09/2016","76,500","75,096","76,675","75,096","410.92K","1.81%"
"12/08/2016","75,139","74,500","75,994","74,125","602.11K","1.36%"
"12/07/2016","74,130","75,175","75,640","73,856","474.34K","-0.83%"
"12/06/2016","74,750","76,539","76,539","74,750","582.71K","-2.34%"
"12/05/2016","76,539","76,610","77,115","76,000","583.64K","-0.10%"
"12/02/2016","76,615","76,000","76,951","75,806","1.20M","0.68%"
"12/01/2016","76,100","77,500","77,988","75,218","801.13K","-2.60%"
"11/30/2016","78,135","77,200","78,850","77,200","783.67K","1.12%"
"11/29/2016","77,266","76,300","77,900","76,255","446.90K","1.40%"
"11/28/2016","76,200","77,550","77,550","76,200","532.08K","-2.06%"
"11/25/2016","77,800","77,109","78,060","76,390","317.18K","0.90%"
"11/24/2016","77,109","77,164","77,420","76,339","288.91K","0.54%"
"11/23/2016","76,698","76,750","77,346","76,007","237.17K","-0.16%"
"11/22/2016","76,822","78,000","78,000","76,063","425.94K","-0.34%"
"11/21/2016","77,087","77,250","78,686","76,000","329.84K","-0.04%"
"11/18/2016","77,115","76,700","78,678","76,700","352.16K","0.89%"
"11/17/2016","76,437","76,029","77,061","76,029","319.03K","0.54%"
"11/16/2016","76,029","76,000","76,760","75,545","623.03K","0.03%"
"11/15/2016","76,005","77,150","77,150","75,300","951.83K","-0.34%"
"11/14/2016","76,263","77,768","78,657","76,102","664.51K","-1.94%"
"11/11/2016","77,768","74,730","79,386","74,400","947.95K","4.08%"
"11/10/2016","74,722","75,601","75,601","72,820","1.69M","-1.16%"
"11/09/2016","75,600","75,333","76,337","74,502","507.14K","0.26%"
"11/08/2016","75,401","76,000","76,283","75,262","585.10K","-0.82%"
"11/07/2016","76,027","76,671","76,982","75,452","422.59K","-0.11%"
"11/04/2016","76,111","76,855","77,001","76,111","617.91K","-0.79%"
"11/03/2016","76,720","75,620","77,675","75,499","771.63K","1.46%"
"11/02/2016","75,616","77,100","77,498","75,566","735.75K","-2.43%"
"11/01/2016","77,499","77,013","78,345","77,013","357.57K","0.31%"
"10/31/2016","77,262","78,590","79,551","77,190","566.51K","-1.68%"
"10/28/2016","78,582","78,550","79,228","78,100","637.01K","1.05%"
"10/27/2016","77,769","78,255","78,956","77,769","682.59K","-0.40%"
"10/26/2016","78,082","79,399","79,399","77,776","716.07K","-1.66%"
"10/25/2016","79,399","79,355","80,153","79,094","689.29K","0.06%"
"10/24/2016","79,351","80,555","80,555","76,399","2.30M","-0.87%"
"10/21/2016","80,044","83,950","85,723","79,869","1.77M","-2.15%"
"10/20/2016","81,800","81,800","82,051","81,062","499.20K","0.37%"
"10/19/2016","81,501","82,106","82,199","81,100","1.38M","-1.26%"
"10/18/2016","82,540","83,200","83,301","82,359","598.33K","-0.79%"
"10/17/2016","83,200","84,405","84,865","83,051","532.53K","-1.38%"
"10/14/2016","84,368","84,726","85,272","84,099","544.23K","-0.33%"
"10/13/2016","84,645","84,136","85,365","84,071","690.78K","0.60%"
"10/12/2016","84,136","85,500","86,188","83,344","871.14K","-1.76%"
"10/11/2016","85,640","82,501","85,973","82,501","689.09K","3.19%"
"10/10/2016","82,996","83,899","83,899","82,503","937.05K","-1.19%"
"10/07/2016","83,999","85,221","85,221","83,021","902.24K","-1.43%"
"10/06/2016","85,221","85,600","85,631","84,911","820.55K","-0.31%"
"10/05/2016","85,490","88,261","88,279","85,490","1.10M","-3.14%"
"10/04/2016","88,261","86,998","88,892","86,998","552.11K","1.45%"
"10/03/2016","86,998","88,000","88,000","86,857","440.93K","-0.87%"
"09/30/2016","87,759","88,609","89,557","87,759","597.69K","-1.63%"
"09/29/2016","89,216","87,499","89,462","87,499","1.07M","1.96%"
"09/28/2016","87,499","86,000","87,706","85,707","493.95K","1.86%"
"09/27/2016","85,903","86,295","86,956","85,903","594.43K","-0.45%"
"09/26/2016","86,295","87,091","87,091","86,066","322.72K","-1.32%"
"09/23/2016","87,451","86,424","87,613","85,710","641.44K","0.84%"
"09/22/2016","86,726","85,000","86,726","84,172","727.36K","1.58%"
"09/21/2016","85,380","88,001","88,001","85,085","501.94K","-0.98%"
"09/20/2016","86,227","86,500","87,230","86,227","266.50K","-0.77%"
"09/19/2016","86,900","87,889","87,889","86,678","322.96K","-0.97%"
"09/16/2016","87,747","88,342","88,710","87,632","1.22M","-0.44%"
"09/15/2016","88,135","89,178","89,337","87,790","2.16M","-0.69%"
"09/14/2016","88,750","89,549","89,574","88,523","458.39K","-1.61%"
"09/13/2016","90,198","89,619","90,458","89,280","544.92K","-0.02%"
"09/12/2016","90,214","89,000","90,829","88,585","353.08K","0.80%"
"09/09/2016","89,496","90,100","91,293","89,496","408.87K","0.11%"
"09/08/2016","89,400","90,535","91,364","89,400","631.14K","-1.25%"
"09/07/2016","90,531","90,100","90,700","89,466","548.89K","0.40%"
"09/06/2016","90,166","92,000","92,000","89,896","655.19K","-2.04%"
"09/05/2016","92,048","94,100","94,100","91,700","571.84K","-1.38%"
"09/02/2016","93,338","91,560","93,663","91,560","504.48K","1.94%"
"09/01/2016","91,560","91,365","91,966","90,759","729.28K","0.42%"
"08/31/2016","91,173","90,279","91,203","89,598","726.04K","1.27%"
"08/30/2016","90,028","90,400","90,686","89,817","646.72K","-0.29%"
"08/29/2016","90,286","89,869","90,649","89,457","302.21K","0.99%"
"08/26/2016","89,400","90,335","90,343","88,700","527.85K","-1.46%"
"08/25/2016","90,720","90,000","91,345","88,887","1.10M","0.71%"
"08/24/2016","90,077","89,500","90,429","89,102","1.28M","4.12%"
"08/23/2016","86,510","87,150","87,701","86,478","537.24K","-0.68%"
"08/22/2016","87,106","85,500","88,049","85,500","356.12K","2.03%"
"08/19/2016","85,372","84,650","86,534","84,650","859.64K","0.84%"
"08/18/2016","84,658","85,175","85,407","84,648","617.20K","-0.60%"
"08/17/2016","85,168","85,900","86,477","85,168","887.56K","-0.66%"
"08/16/2016","85,736","84,927","86,246","84,556","471.75K","0.88%"
"08/15/2016","84,992","86,500","86,876","84,988","549.80K","-1.71%"
"08/12/2016","86,472","85,858","86,945","85,600","551.36K","1.49%"
"08/11/2016","85,203","83,981","85,887","83,829","540.45K","1.87%"
"08/10/2016","83,638","84,250","84,250","83,327","378.00K","-1.02%"
"08/08/2016","84,497","87,000","87,000","84,289","473.18K","-2.71%"
"08/05/2016","86,850","87,189","87,336","85,729","348.55K","0.32%"
"08/04/2016","86,576","87,999","87,999","85,464","1.21M","-2.59%"
"08/02/2016","88,874","88,100","89,191","88,050","1.55M","0.88%"
"08/01/2016","88,100","89,900","89,900","87,365","568.18K","-0.14%"
"07/29/2016","88,220","88,830","88,886","87,552","790.49K","-0.68%"
"07/28/2016","88,828","88,500","90,775","88,499","1.23M","-0.17%"
"07/27/2016","88,978","90,158","90,296","88,521","838.15K","-1.31%"
"07/26/2016","90,158","90,450","91,382","90,158","535.33K","-0.32%"
"07/25/2016","90,450","90,589","91,000","90,115","535.51K","0.11%"
"07/22/2016","90,353","89,600","90,353","89,045","450.40K","0.53%"
"07/21/2016","89,877","90,548","91,661","89,525","593.83K","-0.74%"
"07/20/2016","90,548","90,289","91,135","90,013","347.53K","0.00%"
"07/19/2016","90,548","90,968","91,101","89,750","260.87K","-0.46%"
"07/18/2016","90,968","91,000","91,950","90,683","494.30K","-0.29%"
"07/15/2016","91,237","90,500","92,307","90,500","418.55K","0.82%"
"07/14/2016","90,498","92,239","92,500","90,498","515.44K","-1.89%"
"07/13/2016","92,239","91,250","92,978","90,939","537.57K","1.19%"
"07/12/2016","91,151","92,000","92,999","90,538","565.13K","-1.14%"
"07/11/2016","92,199","91,585","92,938","91,169","345.96K","-0.43%"
"07/08/2016","92,595","92,854","93,704","91,785","475.11K","-1.15%"
"07/07/2016","93,675","93,700","94,030","92,500","798.32K","-0.03%"
"07/06/2016","93,700","95,000","98,739","93,700","1.22M","-2.81%"
"07/05/2016","96,411","94,539","97,569","94,539","1.21M","1.38%"
"07/04/2016","95,103","94,900","95,495","94,267","625.24K","1.25%"
"07/01/2016","93,933","95,000","97,000","93,924","524.63K","0.54%"
"06/30/2016","93,424","93,303","94,750","93,093","556.24K","0.13%"
"06/29/2016","93,303","92,500","94,586","92,250","519.76K","1.03%"
"06/28/2016","92,350","91,300","92,846","91,169","1.35M","1.23%"
"06/27/2016","91,224","89,718","91,224","88,500","1.36M","1.03%"
"06/24/2016","90,297","88,000","92,276","86,580","1.80M","-1.07%"
"06/23/2016","91,278","92,119","93,141","90,450","473.52K","-0.91%"
"06/22/2016","92,119","92,000","92,403","91,059","712.65K","0.12%"
"06/21/2016","92,009","91,600","92,296","91,045","401.83K","0.04%"
"06/20/2016","91,975","91,036","92,599","90,639","764.27K","2.70%"
"06/17/2016","89,553","90,100","90,145","89,100","403.84K","0.49%"
"06/15/2016","89,119","88,354","89,586","88,354","2.19M","0.95%"
"06/14/2016","88,276","89,481","89,989","88,276","599.62K","-1.66%"
"06/13/2016","89,769","90,200","91,553","89,769","587.55K","-1.68%"
"06/10/2016","91,300","92,291","92,291","90,546","414.01K","-0.75%"
"06/09/2016","91,989","91,700","92,052","91,353","666.29K","0.57%"
"06/08/2016","91,471","92,820","93,298","91,035","1.24M","-1.45%"
"06/07/2016","92,820","93,462","93,462","92,456","326.72K","-0.03%"
"06/06/2016","92,851","92,350","93,000","92,000","578.11K","-1.00%"
"06/03/2016","93,792","93,601","94,664","92,937","916.39K","0.20%"
"06/02/2016","93,601","94,100","94,100","93,339","429.08K","-0.53%"
"06/01/2016","94,096","96,183","96,183","93,680","856.71K","-2.98%"
"05/31/2016","96,990","97,000","98,406","96,310","527.73K","0.71%"
"05/30/2016","96,310","96,056","96,807","95,759","238.25K","0.26%"
"05/27/2016","96,056","95,470","96,134","94,931","515.39K","0.83%"
"05/26/2016","95,261","96,703","96,895","95,107","991.07K","-1.06%"
"05/25/2016","96,281","95,058","97,106","94,819","445.07K","1.19%"
"05/24/2016","95,150","93,749","95,403","93,749","493.98K","1.49%"
"05/23/2016","93,749","94,350","94,350","92,942","329.34K","-0.64%"
"05/20/2016","94,350","94,423","95,472","94,350","584.93K","-0.45%"
"05/19/2016","94,781","95,500","95,500","94,220","591.98K","-0.72%"
"05/18/2016","95,470","94,200","96,511","94,200","682.47K","1.56%"
"05/17/2016","94,002","95,440","96,169","93,630","935.44K","-1.26%"
"05/16/2016","95,200","93,126","95,236","92,522","1.05M","3.54%"
"05/13/2016","91,946","90,678","92,443","90,678","1.51M","0.27%"
"05/12/2016","91,697","91,700","92,298","90,728","837.49K","-0.54%"
"05/11/2016","92,191","92,667","93,627","92,191","316.58K","-0.51%"
"05/10/2016","92,667","92,300","94,384","92,106","625.36K","1.00%"
"05/09/2016","91,745","89,977","92,132","89,829","418.41K","2.09%"
"05/06/2016","89,864","90,700","91,200","89,514","508.35K","-0.87%"
"05/05/2016","90,655","88,662","90,998","88,662","905.03K","1.75%"
"05/04/2016","89,100","88,100","89,341","87,885","689.38K","0.75%"
"05/03/2016","88,439","86,690","89,750","86,690","1.10M","1.47%"
"04/29/2016","87,157","86,410","87,396","86,062","850.04K","0.87%"
"04/28/2016","86,409","87,000","87,999","86,008","791.14K","-0.52%"
"04/26/2016","86,865","88,000","89,786","86,865","649.80K","-1.07%"
"04/25/2016","87,802","85,710","88,185","85,710","409.49K","2.49%"
"04/22/2016","85,668","85,392","85,999","85,117","680.65K","0.58%"
"04/21/2016","85,175","87,202","87,403","84,926","1.15M","-2.48%"
"04/20/2016","87,340","88,199","88,935","86,573","1.50M","-0.97%"
"04/19/2016","88,199","88,257","88,700","87,698","777.59K","-0.07%"
"04/18/2016","88,257","88,000","88,343","87,610","794.99K","0.58%"
"04/15/2016","87,750","86,250","88,255","86,250","322.19K","1.74%"
"04/14/2016","86,252","86,550","87,100","85,757","428.09K","-0.37%"
"04/13/2016","86,571","87,864","88,085","86,500","498.86K","-0.65%"
"04/12/2016","87,140","87,520","87,665","86,720","726.04K","-0.75%"
"04/11/2016","87,800","87,885","88,387","87,500","1.35M","-0.44%"
"04/08/2016","88,187","88,173","89,295","88,173","1.03M","-0.50%"
"04/07/2016","88,633","88,300","88,923","87,191","659.98K","0.80%"
"04/06/2016","87,927","87,803","88,307","87,179","546.02K","0.94%"
"04/05/2016","87,105","86,100","87,605","86,100","627.63K","0.78%"
"04/04/2016","86,428","85,312","86,695","85,312","478.75K","0.98%"
"04/01/2016","85,593","85,688","86,472","84,429","618.05K","-0.54%"
"03/31/2016","86,058","86,900","86,924","85,934","1.35M","-0.97%"
"03/30/2016","86,900","87,100","87,996","86,620","1.94M","-0.40%"
"03/29/2016","87,252","87,950","88,892","87,252","964.00K","-0.83%"
"03/24/2016","87,986","87,989","88,052","86,724","1.05M","1.37%"
"03/23/2016","86,799","86,316","87,112","85,840","1.37M","0.56%"
"03/22/2016","86,316","87,500","87,799","86,000","850.17K","-2.25%"
"03/18/2016","88,301","89,276","89,958","88,279","1.09M","-1.09%"
"03/17/2016","89,276","90,501","91,499","88,023","2.51M","-1.90%"
"03/16/2016","91,001","91,500","92,315","90,700","705.43K","-0.16%"
"03/15/2016","91,148","88,893","91,493","88,390","644.80K","2.54%"
"03/14/2016","88,893","86,800","88,893","86,800","696.47K","0.05%"
"03/11/2016","88,848","87,690","88,900","87,000","816.05K","1.31%"
"03/10/2016","87,700","87,500","87,996","86,164","643.21K","0.34%"
"03/09/2016","87,400","87,400","88,784","87,154","1.50M","0.50%"
"03/08/2016","86,965","87,317","88,316","86,170","474.82K","-0.56%"
"03/07/2016","87,456","88,183","88,800","87,418","362.33K","-1.66%"
"03/04/2016","88,930","87,500","89,039","87,212","757.26K","1.70%"
"03/03/2016","87,443","86,001","87,742","86,001","503.43K","0.48%"
"03/02/2016","87,029","86,940","87,866","86,350","723.29K","0.17%"
"03/01/2016","86,880","86,099","87,713","85,200","691.41K","0.91%"
"02/29/2016","86,099","86,300","87,682","85,664","471.69K","-0.79%"
"02/26/2016","86,781","84,500","87,028","84,159","520.56K","3.76%"
"02/25/2016","83,635","83,550","84,057","82,434","711.72K","0.65%"
"02/24/2016","83,097","81,700","83,682","81,069","847.34K","1.22%"
"02/23/2016","82,095","83,298","83,298","81,133","829.18K","-1.44%"
"02/22/2016","83,298","83,861","84,699","82,849","667.97K","-0.53%"
"02/19/2016","83,740","84,200","85,079","83,740","558.86K","-0.30%"
"02/18/2016","83,990","86,396","86,396","83,812","361.29K","-2.78%"
"02/17/2016","86,396","87,500","87,890","86,234","567.17K","0.19%"
"02/16/2016","86,232","86,500","87,539","85,142","336.97K","-0.39%"
"02/15/2016","86,573","84,000","87,000","84,000","486.14K","1.76%"
"02/12/2016","85,077","83,500","85,278","83,500","673.22K","1.90%"
"02/11/2016","83,492","84,780","86,400","82,872","559.37K","-1.52%"
"02/10/2016","84,780","87,000","87,366","84,707","518.36K","-1.76%"
"02/09/2016","86,297","86,552","88,095","86,100","1.19M","-0.29%"
"02/08/2016","86,552","86,215","87,000","85,600","1.89M","-0.22%"
"02/05/2016","86,746","86,500","87,480","85,700","372.18K","0.10%"
"02/04/2016","86,660","89,990","89,990","86,215","757.02K","-3.73%"
"02/03/2016","90,014","89,301","90,600","89,011","1.05M","1.28%"
"02/02/2016","88,875","88,340","89,258","88,005","1.12M","0.62%"
"02/01/2016","88,330","87,410","88,636","87,410","1.19M","1.05%"
"01/29/2016","87,410","87,522","88,829","87,410","889.69K","-0.13%"
"01/28/2016","87,522","87,000","88,442","87,000","683.93K","0.74%"
"01/27/2016","86,881","86,048","87,400","85,978","706.33K","1.46%"
"01/26/2016","85,631","85,050","85,919","84,756","1.04M","0.55%"
"01/25/2016","85,164","85,500","85,994","84,960","872.39K","-0.11%"
"01/22/2016","85,261","83,783","85,918","83,783","984.20K","1.76%"
"01/21/2016","83,783","85,388","85,388","83,501","856.86K","-1.43%"
"01/20/2016","85,000","85,502","86,101","84,121","1.05M","-1.65%"
"01/19/2016","86,424","86,750","87,325","86,263","1.02M","-0.03%"
"01/18/2016","86,448","85,120","87,201","85,120","529.18K","1.56%"
"01/15/2016","85,118","86,496","86,497","84,604","2.50M","-1.37%"
"01/14/2016","86,299","87,502","87,939","86,299","753.47K","-1.82%"
"01/13/2016","87,900","88,000","88,524","87,613","1.09M","-0.11%"
"01/12/2016","88,000","88,700","90,000","88,000","1.29M","-0.51%"
"01/11/2016","88,455","88,100","89,053","86,543","686.30K","3.12%"
"01/08/2016","85,781","85,600","85,983","84,855","428.20K","0.20%"
"01/07/2016","85,611","85,100","86,000","84,400","896.44K","0.38%"
"01/06/2016","85,288","83,350","85,820","83,350","581.26K","0.82%"
"01/05/2016","84,592","84,800","85,239","83,500","324.35K","-0.31%"
"01/04/2016","84,857","86,400","86,400","84,555","281.12K","-2.81%"