"Date","Price","Open","High","Low","Vol.","Change %"
"03/27/2026","29,381","30,030","30,030","28,977","653.08K","-0.40%"
"03/26/2026","29,498","29,481","29,707","28,991","1.14M","0.28%"
"03/25/2026","29,417","28,650","29,455","28,650","1.34M","3.36%"
"03/24/2026","28,461","28,851","29,476","28,461","751.53K","-1.57%"
"03/23/2026","28,914","29,149","29,684","28,502","649.97K","-0.81%"
"03/20/2026","29,149","29,131","29,985","29,090","1.99M","0.21%"
"03/19/2026","29,089","29,205","29,477","28,757","1.68M","-0.49%"
"03/18/2026","29,231","29,104","29,829","29,027","523.53K","0.44%"
"03/17/2026","29,104","29,824","29,824","29,104","1.05M","-0.90%"
"03/16/2026","29,369","29,571","29,749","29,189","687.33K","1.11%"
"03/13/2026","29,047","28,668","29,806","28,524","806.45K","0.53%"
"03/12/2026","28,895","29,583","29,583","28,752","1.07M","-2.33%"
"03/11/2026","29,583","30,450","30,450","29,389","701.11K","-0.93%"
"03/10/2026","29,862","29,500","30,320","29,500","486.12K","0.90%"
"03/09/2026","29,595","29,550","30,015","29,010","607.80K","-0.27%"
"03/06/2026","29,674","30,202","30,964","29,674","1.22M","-3.40%"
"03/05/2026","30,719","30,500","30,946","30,301","777.79K","1.15%"
"03/04/2026","30,371","29,921","30,502","29,553","663.53K","1.50%"
"03/03/2026","29,922","31,201","31,520","29,922","864.56K","-5.49%"
"03/02/2026","31,659","31,531","31,659","31,005","900.22K","-0.51%"
"02/27/2026","31,821","32,000","32,000","31,530","1.39M","0.12%"
"02/26/2026","31,782","32,480","32,480","31,424","795.04K","-0.06%"
"02/25/2026","31,800","32,000","32,500","31,750","829.96K","-1.11%"
"02/24/2026","32,157","31,811","32,329","31,799","718.63K","0.55%"
"02/23/2026","31,980","32,200","32,363","31,776","731.92K","-1.02%"
"02/20/2026","32,309","32,804","33,147","32,309","730.16K","-1.80%"
"02/19/2026","32,900","33,266","33,266","32,802","398.80K","-0.27%"
"02/18/2026","32,988","32,900","33,297","32,900","514.93K","0.14%"
"02/17/2026","32,943","32,891","33,186","32,626","677.34K","0.16%"
"02/16/2026","32,891","32,361","33,022","32,000","870.66K","1.86%"
"02/13/2026","32,289","31,885","32,643","31,885","657.96K","-0.02%"
"02/12/2026","32,297","32,000","32,426","31,752","643.14K","0.61%"
"02/11/2026","32,100","32,000","32,367","31,603","452.99K","0.31%"
"02/10/2026","32,000","32,700","32,700","31,723","549.41K","-1.15%"
"02/09/2026","32,372","32,810","32,810","32,229","636.50K","-0.58%"
"02/06/2026","32,560","32,007","32,560","31,899","766.74K","1.37%"
"02/05/2026","32,120","32,940","33,453","32,073","755.49K","-1.15%"
"02/04/2026","32,493","33,199","33,199","32,406","502.26K","-0.63%"
"02/03/2026","32,700","33,200","33,200","32,655","1.17M","0.05%"
"02/02/2026","32,685","32,500","33,186","31,970","1.23M","0.42%"
"01/30/2026","32,548","32,230","33,310","32,000","1.97M","0.96%"
"01/29/2026","32,240","32,449","32,550","31,900","1.16M","0.84%"
"01/28/2026","31,970","32,200","32,449","31,810","817.29K","-0.86%"
"01/27/2026","32,246","31,475","32,407","31,239","1.44M","4.02%"
"01/26/2026","31,000","32,026","32,026","31,000","1.10M","-1.49%"
"01/23/2026","31,470","32,466","32,697","31,470","1.39M","-3.01%"
"01/22/2026","32,447","35,465","35,768","32,121","2.71M","-6.34%"
"01/21/2026","34,645","34,793","34,949","34,345","580.88K","-1.45%"
"01/20/2026","35,154","35,143","35,500","34,861","579.84K","0.03%"
"01/19/2026","35,143","35,300","36,147","34,379","565.08K","1.38%"
"01/16/2026","34,665","34,700","35,340","34,596","706.78K","-0.19%"
"01/15/2026","34,730","34,222","34,992","34,222","570.96K","1.37%"
"01/14/2026","34,261","34,550","34,798","34,066","383.55K","-1.15%"
"01/13/2026","34,660","34,999","34,999","34,508","565.99K","-0.25%"
"01/12/2026","34,748","34,565","34,955","34,262","661.09K","0.66%"
"01/09/2026","34,519","33,736","34,860","33,711","672.93K","2.28%"
"01/08/2026","33,751","33,849","33,849","33,425","338.56K","0.27%"
"01/07/2026","33,660","33,736","33,843","33,430","470.80K","-0.23%"
"01/06/2026","33,736","33,000","33,747","32,768","542.08K","2.23%"
"01/05/2026","33,000","33,100","33,304","32,684","353.37K","-0.58%"
"01/02/2026","33,194","33,500","33,869","32,995","298.42K","-1.38%"
"12/31/2025","33,657","33,500","33,683","33,342","157.52K","0.43%"
"12/30/2025","33,514","33,911","33,911","33,514","353.15K","-0.74%"
"12/29/2025","33,763","33,300","33,816","33,300","269.72K","1.21%"
"12/24/2025","33,359","33,497","33,704","33,264","127.13K","-0.14%"
"12/23/2025","33,405","33,055","33,600","33,055","282.90K","-0.13%"
"12/22/2025","33,450","33,052","33,450","32,666","655.75K","1.20%"
"12/19/2025","33,053","33,520","33,993","33,016","2.91M","-2.13%"
"12/18/2025","33,774","33,629","34,241","33,592","2.31M","-0.20%"
"12/17/2025","33,840","33,511","34,305","33,511","766.00K","-0.47%"
"12/15/2025","34,000","33,156","34,104","33,156","421.98K","1.78%"
"12/12/2025","33,406","33,161","33,740","33,161","465.55K","-0.01%"
"12/11/2025","33,410","33,492","33,727","33,229","448.86K","-0.24%"
"12/10/2025","33,492","33,501","33,619","33,026","684.54K","-0.04%"
"12/09/2025","33,504","33,850","33,917","33,432","441.15K","-0.69%"
"12/08/2025","33,737","34,399","34,519","33,701","353.11K","-1.87%"
"12/05/2025","34,380","34,432","34,786","34,232","323.95K","-0.01%"
"12/04/2025","34,385","35,119","35,119","34,385","351.60K","-0.63%"
"12/03/2025","34,603","34,252","34,794","34,240","524.24K","0.94%"
"12/02/2025","34,281","34,250","34,720","34,245","671.14K","-0.32%"
"12/01/2025","34,391","34,500","34,898","34,184","520.30K","-0.95%"
"11/28/2025","34,720","34,644","35,572","34,644","1.35M","-1.58%"
"11/27/2025","35,277","35,152","35,803","35,040","909.03K","0.36%"
"11/26/2025","35,151","34,660","35,255","34,455","533.11K","2.09%"
"11/25/2025","34,431","34,550","35,289","33,997","820.40K","-0.57%"
"11/24/2025","34,629","36,249","36,249","34,401","1.62M","-0.49%"
"11/21/2025","34,800","35,425","35,425","34,518","477.69K","-1.81%"
"11/20/2025","35,443","34,750","35,978","34,750","544.70K","0.31%"
"11/19/2025","35,334","35,101","35,606","34,751","299.54K","0.34%"
"11/18/2025","35,213","35,915","36,005","35,173","589.95K","-1.86%"
"11/17/2025","35,880","36,455","36,455","35,462","610.39K","-0.01%"
"11/14/2025","35,883","35,865","36,231","35,659","650.08K","-0.95%"
"11/13/2025","36,226","36,330","36,400","35,727","792.54K","0.73%"
"11/12/2025","35,965","35,311","36,078","35,265","665.21K","0.94%"
"11/11/2025","35,629","35,400","35,863","35,395","484.13K","0.03%"
"11/10/2025","35,620","35,900","36,054","35,360","379.77K","-0.51%"
"11/07/2025","35,801","36,300","36,300","35,590","675.57K","-0.58%"
"11/06/2025","36,010","35,474","36,083","34,947","859.03K","1.20%"
"11/05/2025","35,582","35,144","35,582","34,501","956.19K","1.65%"
"11/04/2025","35,004","36,062","36,190","34,358","1.55M","-2.93%"
"11/03/2025","36,062","36,964","36,964","36,062","559.26K","-1.21%"
"10/31/2025","36,504","36,027","36,898","36,027","855.64K","0.27%"
"10/30/2025","36,405","36,550","37,299","36,030","814.15K","-1.12%"
"10/29/2025","36,819","37,250","37,325","36,551","726.79K","-1.08%"
"10/28/2025","37,220","37,500","37,675","36,761","671.71K","1.76%"
"10/27/2025","36,578","37,100","37,841","36,550","690.69K","-2.57%"
"10/24/2025","37,542","36,585","37,957","36,585","976.69K","1.49%"
"10/23/2025","36,992","36,201","38,618","36,201","835.00K","-1.30%"
"10/22/2025","37,481","37,500","37,715","36,958","584.11K","0.79%"
"10/21/2025","37,189","37,000","37,600","36,812","584.13K","-0.03%"
"10/20/2025","37,200","36,897","37,396","36,508","719.58K","1.76%"
"10/17/2025","36,558","36,005","36,660","36,005","382.59K","0.57%"
"10/16/2025","36,351","35,945","36,502","35,858","618.75K","0.77%"
"10/15/2025","36,074","36,399","36,450","35,826","643.74K","-0.07%"
"10/14/2025","36,100","36,190","36,190","35,858","536.68K","-0.55%"
"10/13/2025","36,298","35,800","36,332","35,800","425.51K","-0.34%"
"10/10/2025","36,423","36,500","36,652","35,998","310.33K","1.11%"
"10/09/2025","36,022","35,500","36,081","35,012","335.47K","1.11%"
"10/08/2025","35,625","34,972","35,625","34,660","566.43K","1.68%"
"10/07/2025","35,035","35,271","35,695","34,969","510.57K","-0.96%"
"10/06/2025","35,375","35,965","35,965","35,067","386.24K","0.06%"
"10/03/2025","35,353","35,500","35,730","35,113","455.13K","-0.23%"
"10/02/2025","35,433","34,955","35,610","34,955","588.18K","1.49%"
"10/01/2025","34,913","35,065","35,708","34,862","708.07K","-0.94%"
"09/30/2025","35,244","35,250","36,300","35,169","970.76K","-0.51%"
"09/29/2025","35,426","35,131","36,545","35,035","663.39K","-0.24%"
"09/26/2025","35,512","35,578","35,809","35,137","420.94K","-0.47%"
"09/25/2025","35,679","35,678","35,962","35,397","695.14K","-0.55%"
"09/23/2025","35,877","35,765","36,098","35,690","518.29K","-0.34%"
"09/22/2025","35,998","36,517","36,518","35,762","381.34K","-1.15%"
"09/19/2025","36,417","36,399","36,800","35,412","1.45M","-0.32%"
"09/18/2025","36,534","35,625","36,641","35,625","1.75M","1.00%"
"09/17/2025","36,173","35,501","36,245","35,501","603.77K","1.18%"
"09/16/2025","35,750","35,999","36,200","35,599","652.70K","-1.32%"
"09/15/2025","36,228","36,006","36,334","35,880","606.50K","-0.31%"
"09/12/2025","36,340","36,997","37,398","35,983","519.04K","0.11%"
"09/11/2025","36,301","36,000","36,303","35,881","528.27K","0.32%"
"09/10/2025","36,186","36,500","36,698","35,885","506.61K","-0.80%"
"09/09/2025","36,479","35,988","36,479","35,791","1.06M","1.13%"
"09/08/2025","36,073","35,701","36,382","35,701","804.86K","-0.33%"
"09/05/2025","36,194","36,299","36,299","35,741","850.19K","0.76%"
"09/04/2025","35,920","36,363","36,801","35,920","957.21K","-1.50%"
"09/03/2025","36,467","36,535","37,062","36,257","849.08K","-0.19%"
"09/02/2025","36,535","37,283","37,289","36,441","907.11K","-1.36%"
"09/01/2025","37,038","37,300","37,553","37,030","598.12K","-0.73%"
"08/29/2025","37,312","37,201","38,001","37,201","469.39K","-0.48%"
"08/28/2025","37,492","38,200","38,284","37,455","624.66K","-0.73%"
"08/27/2025","37,769","37,800","37,915","37,574","445.23K","0.08%"
"08/26/2025","37,740","38,649","38,649","37,714","1.19M","-1.39%"
"08/25/2025","38,271","38,921","38,921","38,140","332.31K","-0.90%"
"08/22/2025","38,618","38,725","38,784","38,076","396.60K","0.96%"
"08/21/2025","38,250","38,122","38,597","37,655","761.18K","1.52%"
"08/20/2025","37,676","37,675","38,522","37,356","321.05K","-0.05%"
"08/19/2025","37,695","36,615","37,758","36,614","580.32K","2.25%"
"08/18/2025","36,867","38,540","38,540","36,867","1.01M","-1.68%"
"08/15/2025","37,498","37,310","37,615","37,049","417.40K","1.00%"
"08/14/2025","37,127","37,250","37,428","36,852","298.03K","-0.82%"
"08/13/2025","37,434","36,921","37,473","36,921","328.15K","0.96%"
"08/12/2025","37,077","36,510","37,122","36,510","374.91K","1.04%"
"08/11/2025","36,694","36,813","37,290","36,546","363.24K","-1.20%"
"08/08/2025","37,141","36,883","37,288","36,684","372.43K","1.02%"
"08/07/2025","36,767","37,000","37,879","36,586","700.02K","-1.34%"
"08/06/2025","37,267","37,600","37,795","37,117","344.79K","-1.13%"
"08/05/2025","37,694","37,550","38,456","37,550","723.74K","-1.02%"
"08/04/2025","38,081","38,199","38,199","37,431","727.46K","1.27%"
"08/01/2025","37,605","38,000","38,001","37,393","1.04M","-1.53%"
"07/31/2025","38,191","37,854","38,454","37,696","848.72K","1.03%"
"07/30/2025","37,800","37,399","38,075","37,128","775.56K","1.70%"
"07/29/2025","37,169","36,931","37,318","36,816","481.87K","0.90%"
"07/28/2025","36,839","36,600","37,000","36,491","497.79K","0.83%"
"07/25/2025","36,537","36,538","36,828","36,288","598.59K","-0.63%"
"07/24/2025","36,770","36,850","37,048","36,604","250.05K","-0.40%"
"07/23/2025","36,919","37,100","37,100","36,327","423.97K","1.21%"
"07/22/2025","36,476","36,855","37,036","36,310","317.97K","-0.71%"
"07/21/2025","36,736","36,853","37,314","36,526","644.27K","-0.99%"
"07/18/2025","37,105","36,737","37,191","36,589","339.03K","0.75%"
"07/17/2025","36,830","35,900","36,830","35,347","565.75K","1.22%"
"07/16/2025","36,387","35,701","36,387","35,701","657.56K","0.42%"
"07/15/2025","36,235","35,561","36,250","35,561","713.41K","1.96%"
"07/14/2025","35,540","35,600","36,489","35,312","681.29K","-0.29%"
"07/11/2025","35,644","36,533","36,615","35,600","617.72K","-1.59%"
"07/10/2025","36,221","36,366","37,193","36,221","577.92K","-1.24%"
"07/09/2025","36,675","36,280","37,199","36,280","368.87K","-0.28%"
"07/08/2025","36,777","36,441","36,812","36,192","519.57K","0.23%"
"07/07/2025","36,692","37,030","37,298","36,620","288.08K","-0.89%"
"07/04/2025","37,021","37,102","37,616","36,940","217.16K","-1.50%"
"07/03/2025","37,586","37,050","37,934","37,050","380.62K","0.74%"
"07/02/2025","37,311","37,989","37,989","36,986","657.79K","-1.60%"
"07/01/2025","37,918","37,800","37,918","37,013","651.71K","2.20%"
"06/30/2025","37,100","37,400","37,496","36,995","808.30K","0.16%"
"06/27/2025","37,040","36,351","37,040","36,012","416.10K","2.50%"
"06/26/2025","36,137","36,450","36,828","35,851","540.50K","-1.06%"
"06/25/2025","36,525","36,524","36,840","36,258","1.09M","-0.12%"
"06/24/2025","36,568","36,422","36,835","36,228","683.29K","1.81%"
"06/23/2025","35,918","35,816","36,023","35,722","413.38K","-0.80%"
"06/20/2025","36,206","35,505","36,212","35,505","1.35M","1.06%"
"06/19/2025","35,827","35,555","36,151","35,555","1.18M","-0.17%"
"06/18/2025","35,887","35,201","36,050","35,201","611.54K","0.25%"
"06/17/2025","35,798","35,200","36,545","35,200","1.35M","-1.26%"
"06/13/2025","36,255","37,017","37,330","36,255","1.05M","-3.43%"
"06/12/2025","37,541","37,900","37,900","37,301","387.27K","-0.04%"
"06/11/2025","37,556","37,650","37,998","37,262","972.91K","-0.87%"
"06/10/2025","37,884","37,355","37,898","37,200","800.24K","0.87%"
"06/09/2025","37,559","37,515","38,048","37,201","548.89K","-1.09%"
"06/06/2025","37,973","38,093","38,386","37,575","227.40K","-0.32%"
"06/05/2025","38,093","39,499","39,499","37,787","468.85K","-0.10%"
"06/04/2025","38,132","38,330","38,582","37,956","564.85K","0.30%"
"06/03/2025","38,019","37,825","38,650","37,679","543.37K","-0.46%"
"06/02/2025","38,194","38,900","39,487","37,999","712.67K","-1.61%"
"05/30/2025","38,818","39,133","39,377","38,818","1.73M","-0.87%"
"05/29/2025","39,157","38,964","39,431","38,443","704.42K","1.86%"
"05/28/2025","38,441","38,555","38,815","38,165","849.03K","-0.60%"
"05/27/2025","38,672","38,594","38,999","38,461","608.47K","0.32%"
"05/26/2025","38,550","38,199","38,781","37,884","207.97K","1.22%"
"05/23/2025","38,084","38,198","38,198","37,658","237.13K","0.65%"
"05/22/2025","37,839","37,849","38,098","37,572","263.71K","-0.39%"
"05/21/2025","37,987","37,525","38,302","37,378","425.72K","0.73%"
"05/20/2025","37,713","37,470","38,312","37,470","343.57K","-0.12%"
"05/19/2025","37,757","38,050","38,266","37,364","512.59K","-1.34%"
"05/16/2025","38,269","37,913","38,750","37,652","572.13K","1.22%"
"05/15/2025","37,807","38,000","38,456","37,807","905.08K","-1.16%"
"05/14/2025","38,250","38,351","38,531","38,070","821.04K","-0.26%"
"05/13/2025","38,351","38,841","38,841","38,115","689.25K","-0.34%"
"05/12/2025","38,483","39,499","39,499","38,420","414.04K","-1.44%"
"05/09/2025","39,046","38,870","39,337","38,814","559.39K","0.12%"
"05/08/2025","39,000","38,933","39,479","38,832","634.51K","-0.28%"
"05/07/2025","39,111","39,000","39,325","38,894","530.31K","-0.20%"
"05/06/2025","39,190","39,200","39,682","38,872","319.94K","-0.73%"
"05/05/2025","39,477","39,750","39,929","39,103","687.61K","-1.26%"
"05/02/2025","39,980","39,255","40,197","39,255","490.47K","1.06%"
"04/30/2025","39,561","39,600","40,298","39,280","802.94K","-0.38%"
"04/29/2025","39,712","38,592","39,800","38,526","669.60K","3.34%"
"04/25/2025","38,430","39,268","39,628","38,311","790.18K","-1.96%"
"04/24/2025","39,200","38,700","39,358","38,393","1.11M","1.17%"
"04/23/2025","38,747","39,188","40,481","38,593","1.01M","0.73%"
"04/22/2025","38,468","38,800","38,800","37,832","1.29M","1.23%"
"04/17/2025","38,001","37,588","38,208","37,352","1.13M","0.96%"
"04/16/2025","37,638","35,950","37,901","35,950","1.16M","3.86%"
"04/15/2025","36,239","35,912","36,727","35,912","1.04M","-0.35%"
"04/14/2025","36,368","35,399","36,476","35,371","929.12K","3.83%"
"04/11/2025","35,025","34,750","35,229","34,520","1.01M","1.12%"
"04/10/2025","34,636","34,799","35,196","34,018","870.93K","3.73%"
"04/09/2025","33,391","34,487","34,582","33,099","1.29M","-3.58%"
"04/08/2025","34,629","33,525","35,028","33,169","1.82M","3.60%"
"04/07/2025","33,427","32,160","34,187","31,382","1.43M","2.08%"
"04/04/2025","32,745","33,989","33,989","32,390","1.64M","-1.15%"
"04/03/2025","33,125","33,800","33,851","32,399","2.04M","-2.98%"
"04/02/2025","34,141","33,900","34,648","33,878","614.74K","-0.85%"
"04/01/2025","34,432","33,682","34,580","33,682","608.27K","1.65%"
"03/31/2025","33,873","33,830","34,533","33,555","975.60K","0.78%"
"03/28/2025","33,611","33,849","34,150","33,523","400.61K","-0.70%"
"03/27/2025","33,847","33,658","33,964","33,381","743.21K","0.52%"
"03/26/2025","33,673","34,111","34,111","33,252","602.77K","0.73%"
"03/25/2025","33,430","33,001","33,673","33,001","736.54K","0.41%"
"03/24/2025","33,292","33,796","33,891","33,060","893.98K","-1.49%"
"03/20/2025","33,796","33,822","34,005","33,515","2.89M","0.13%"
"03/19/2025","33,751","33,388","34,037","33,224","705.01K","1.23%"
"03/18/2025","33,341","34,200","34,200","33,297","770.56K","-1.53%"
"03/17/2025","33,860","33,850","34,370","33,804","760.12K","-0.99%"
"03/14/2025","34,200","34,600","34,600","33,968","794.28K","0.36%"
"03/13/2025","34,077","34,950","34,950","33,958","624.61K","-0.14%"
"03/12/2025","34,125","34,090","34,701","34,000","742.97K","-0.49%"
"03/11/2025","34,293","33,801","34,356","33,800","840.19K","0.14%"
"03/10/2025","34,246","33,850","34,381","33,551","788.76K","1.22%"
"03/07/2025","33,833","34,000","34,290","33,806","434.21K","-0.53%"
"03/06/2025","34,012","34,300","34,508","33,923","457.01K","-0.71%"
"03/05/2025","34,254","35,199","35,199","34,254","776.12K","-0.04%"
"03/04/2025","34,269","34,451","34,888","34,177","798.04K","-0.90%"
"03/03/2025","34,581","34,451","34,905","34,451","496.80K","0.36%"
"02/28/2025","34,457","35,395","35,513","34,457","2.86M","-0.93%"
"02/27/2025","34,780","35,270","35,438","34,725","697.63K","-1.33%"
"02/26/2025","35,249","35,520","35,825","35,249","649.67K","-0.77%"
"02/25/2025","35,521","35,300","35,893","34,957","1.31M","1.47%"
"02/24/2025","35,006","34,800","35,596","34,800","856.35K","0.44%"
"02/21/2025","34,851","34,938","35,651","34,538","675.09K","0.34%"
"02/20/2025","34,734","34,920","34,920","34,190","641.00K","-0.18%"
"02/19/2025","34,795","34,680","35,565","34,670","749.50K","0.16%"
"02/18/2025","34,741","34,501","35,093","34,501","327.74K","-0.27%"
"02/17/2025","34,836","34,900","35,807","34,500","479.25K","-0.39%"
"02/14/2025","34,972","35,255","35,298","34,853","365.99K","0.10%"
"02/13/2025","34,936","36,000","36,000","34,881","814.84K","-0.38%"
"02/12/2025","35,069","35,418","35,418","34,951","551.11K","0.23%"
"02/11/2025","34,990","35,513","35,544","34,990","511.82K","-1.47%"
"02/10/2025","35,513","35,454","35,625","35,105","789.25K","0.16%"
"02/07/2025","35,455","35,591","35,913","35,011","747.72K","0.40%"
"02/06/2025","35,315","35,005","35,653","35,005","1.16M","1.27%"
"02/05/2025","34,872","35,600","35,600","34,674","932.67K","-0.57%"
"02/04/2025","35,073","35,475","36,018","35,073","703.65K","-0.91%"
"02/03/2025","35,396","35,550","36,034","35,396","1.02M","-1.57%"
"01/31/2025","35,960","36,650","36,953","35,960","1.60M","-0.05%"
"01/30/2025","35,977","35,492","36,514","35,492","2.38M","0.02%"
"01/29/2025","35,971","34,470","36,400","34,470","1.23M","3.60%"
"01/28/2025","34,720","33,775","34,760","33,526","940.70K","2.54%"
"01/27/2025","33,860","34,010","34,266","33,742","1.20M","-1.24%"
"01/24/2025","34,285","35,010","35,626","34,285","921.17K","-1.88%"
"01/23/2025","34,941","35,232","36,188","34,814","738.99K","-0.92%"
"01/22/2025","35,266","35,794","36,134","35,199","1.26M","-1.59%"
"01/21/2025","35,834","37,899","37,899","35,502","990.63K","-3.67%"
"01/20/2025","37,200","38,429","38,429","37,061","683.87K","-0.40%"
"01/17/2025","37,350","37,900","37,900","37,113","249.91K","0.31%"
"01/16/2025","37,236","37,545","37,701","37,024","319.61K","0.00%"
"01/15/2025","37,237","37,140","37,382","36,457","485.19K","1.31%"
"01/14/2025","36,756","37,314","37,949","36,666","363.60K","-0.47%"
"01/13/2025","36,930","37,250","38,486","36,705","752.58K","-1.03%"
"01/10/2025","37,313","37,400","37,978","37,135","670.63K","-1.37%"
"01/09/2025","37,830","36,600","38,244","36,600","456.76K","0.32%"
"01/08/2025","37,711","38,282","38,817","36,897","692.89K","-1.49%"
"01/07/2025","38,282","37,400","38,363","37,400","471.02K","2.22%"
"01/06/2025","37,451","37,682","38,082","37,001","492.87K","-0.40%"
"01/03/2025","37,600","37,000","37,653","36,852","373.09K","0.91%"
"01/02/2025","37,262","37,200","37,620","37,011","250.03K","-0.13%"
"12/31/2024","37,310","37,205","37,635","37,205","182.39K","-0.64%"
"12/30/2024","37,552","37,211","38,050","37,211","288.74K","-0.53%"
"12/27/2024","37,753","37,975","38,218","37,454","204.64K","-0.54%"
"12/24/2024","37,957","37,652","38,767","37,652","211.62K","-0.69%"
"12/23/2024","38,220","38,583","38,583","37,579","462.65K","-0.94%"
"12/20/2024","38,583","38,654","38,654","37,750","1.61M","1.51%"
"12/19/2024","38,010","38,600","38,600","37,172","3.01M","-1.62%"
"12/18/2024","38,634","38,850","39,122","38,398","504.45K","-0.97%"
"12/17/2024","39,012","39,763","39,763","38,855","642.98K","-0.98%"
"12/13/2024","39,400","39,001","39,731","39,001","595.31K","-0.32%"
"12/12/2024","39,527","39,551","40,408","39,001","488.50K","0.21%"
"12/11/2024","39,446","40,000","40,000","39,079","446.59K","0.48%"
"12/10/2024","39,259","39,100","39,559","38,950","675.06K","-0.36%"
"12/09/2024","39,400","39,830","39,946","39,220","589.42K","-1.13%"
"12/06/2024","39,849","39,800","40,160","39,725","575.39K","-0.38%"
"12/05/2024","40,000","40,332","40,455","39,865","641.14K","-0.95%"
"12/04/2024","40,383","39,745","40,488","39,710","475.95K","1.05%"
"12/03/2024","39,963","39,001","40,194","39,001","481.53K","0.59%"
"12/02/2024","39,728","39,000","40,020","39,000","311.94K","1.11%"
"11/29/2024","39,290","40,000","40,302","39,189","511.29K","-1.59%"
"11/28/2024","39,926","40,109","40,133","39,657","187.68K","-0.10%"
"11/27/2024","39,966","40,000","40,269","39,592","638.79K","-0.14%"
"11/26/2024","40,023","39,129","40,023","38,437","491.57K","1.68%"
"11/25/2024","39,362","40,400","40,539","39,284","1.19M","-1.57%"
"11/22/2024","39,990","39,500","40,158","39,136","520.23K","1.72%"
"11/21/2024","39,315","38,270","39,359","38,270","746.68K","2.76%"
"11/20/2024","38,258","38,549","38,556","37,781","591.33K","0.64%"
"11/19/2024","38,015","38,567","38,695","37,877","597.95K","-0.62%"
"11/18/2024","38,252","38,379","38,379","37,634","493.58K","0.80%"
"11/15/2024","37,950","38,741","38,798","37,920","428.84K","-2.04%"
"11/14/2024","38,741","39,099","39,099","38,331","601.95K","0.20%"
"11/13/2024","38,664","38,467","38,728","38,450","432.07K","-0.52%"
"11/12/2024","38,866","39,190","39,190","38,136","543.03K","1.21%"
"11/11/2024","38,403","39,190","39,190","38,191","531.60K","-1.11%"
"11/08/2024","38,833","38,101","38,886","38,101","406.02K","0.21%"
"11/07/2024","38,751","39,300","39,300","38,066","530.64K","1.53%"
"11/06/2024","38,167","38,053","38,490","37,435","386.26K","-0.33%"
"11/05/2024","38,295","38,000","38,295","37,539","972.14K","1.43%"
"11/04/2024","37,754","37,400","37,999","37,400","682.62K","-0.08%"
"11/01/2024","37,785","38,000","38,000","37,071","659.32K","0.40%"
"10/31/2024","37,634","37,509","38,514","37,379","654.95K","-0.93%"
"10/30/2024","37,988","37,900","38,344","37,623","747.12K","-0.11%"
"10/29/2024","38,028","38,360","38,590","37,814","774.72K","-0.86%"
"10/28/2024","38,357","37,450","38,564","37,450","920.21K","1.55%"
"10/25/2024","37,773","38,035","38,127","36,500","831.52K","-0.69%"
"10/24/2024","38,035","37,811","39,213","37,453","1.27M","1.60%"
"10/23/2024","37,437","37,500","37,950","37,334","447.76K","-0.67%"
"10/22/2024","37,689","37,756","37,999","37,290","520.67K","-0.18%"
"10/21/2024","37,756","37,113","37,866","36,010","697.89K","1.27%"
"10/18/2024","37,284","37,101","37,461","37,026","395.39K","0.19%"
"10/17/2024","37,212","37,700","37,798","37,212","526.28K","-1.51%"
"10/16/2024","37,784","38,400","38,400","37,428","570.75K","-0.45%"
"10/15/2024","37,956","38,199","38,817","37,651","503.48K","0.50%"
"10/14/2024","37,768","38,741","38,741","37,415","386.29K","-0.15%"
"10/11/2024","37,825","37,999","38,000","37,480","252.85K","0.72%"
"10/10/2024","37,556","38,550","38,550","37,410","415.40K","-0.60%"
"10/09/2024","37,781","37,500","37,829","37,163","367.94K","0.66%"
"10/08/2024","37,535","37,400","37,844","37,176","667.34K","-0.05%"
"10/07/2024","37,552","37,400","38,147","37,400","568.05K","-0.29%"
"10/04/2024","37,661","37,840","38,289","37,472","814.02K","-1.26%"
"10/03/2024","38,140","39,187","39,188","37,816","818.39K","-1.32%"
"10/02/2024","38,652","39,864","39,864","38,465","725.50K","-1.53%"
"10/01/2024","39,253","39,355","40,339","39,253","1.00M","-1.12%"
"09/30/2024","39,697","39,800","40,224","39,401","949.74K","-0.18%"
"09/27/2024","39,767","39,739","39,821","39,161","750.73K","0.73%"
"09/26/2024","39,479","40,000","40,015","39,050","510.13K","-0.75%"
"09/25/2024","39,778","39,214","39,894","38,691","834.01K","2.57%"
"09/23/2024","38,782","39,899","39,899","38,660","705.07K","-0.17%"
"09/20/2024","38,847","38,785","39,300","38,649","1.10M","-0.08%"
"09/19/2024","38,879","38,446","38,944","38,286","2.03M","1.25%"
"09/18/2024","38,400","37,601","38,400","37,601","551.24K","1.13%"
"09/17/2024","37,972","37,500","38,113","37,112","569.76K","2.56%"
"09/16/2024","37,024","36,743","37,398","36,743","604.48K","-0.59%"
"09/13/2024","37,243","37,441","37,590","36,559","875.55K","-1.74%"
"09/12/2024","37,903","37,692","37,950","37,484","488.53K","0.99%"
"09/11/2024","37,533","37,700","37,700","37,014","466.51K","-0.03%"
"09/10/2024","37,543","36,900","37,574","36,900","761.77K","1.40%"
"09/09/2024","37,026","37,188","37,331","36,805","373.64K","0.29%"
"09/06/2024","36,919","36,799","37,227","36,453","481.50K","0.50%"
"09/05/2024","36,735","36,355","36,952","36,355","548.96K","0.17%"
"09/04/2024","36,674","36,980","37,171","36,208","988.79K","-0.66%"
"09/03/2024","36,919","36,801","37,210","36,515","586.31K","-0.87%"
"09/02/2024","37,244","37,300","37,394","36,812","552.39K","-0.33%"
"08/30/2024","37,369","36,413","37,556","36,413","1.35M","2.01%"
"08/29/2024","36,633","36,551","36,735","36,241","406.77K","0.89%"
"08/28/2024","36,310","36,324","36,752","36,190","554.99K","-0.66%"
"08/27/2024","36,551","36,700","36,757","36,287","508.94K","0.32%"
"08/26/2024","36,433","36,900","36,986","36,295","508.08K","-0.91%"
"08/23/2024","36,768","36,000","36,866","36,000","492.60K","1.79%"
"08/22/2024","36,121","35,900","36,600","35,892","638.54K","0.48%"
"08/21/2024","35,950","35,201","36,119","35,201","594.01K","0.94%"
"08/20/2024","35,614","35,470","35,812","35,235","289.25K","0.04%"
"08/19/2024","35,600","35,855","36,047","35,374","479.57K","-0.15%"
"08/16/2024","35,653","35,277","36,150","35,277","480.69K","-0.37%"
"08/15/2024","35,787","35,277","36,077","35,277","817.61K","-0.48%"
"08/14/2024","35,961","35,100","36,061","35,100","592.10K","1.58%"
"08/13/2024","35,403","35,400","35,515","34,957","612.32K","-0.16%"
"08/12/2024","35,458","35,899","35,899","35,039","673.08K","0.64%"
"08/08/2024","35,231","35,094","35,624","34,619","692.13K","0.09%"
"08/07/2024","35,201","35,100","35,450","34,963","571.02K","0.30%"
"08/06/2024","35,094","33,779","35,193","33,779","644.14K","0.84%"
"08/05/2024","34,800","34,700","34,917","34,094","1.03M","-1.21%"
"08/02/2024","35,225","34,810","35,317","34,687","805.35K","-0.70%"
"08/01/2024","35,474","35,894","35,894","35,000","683.05K","0.21%"
"07/31/2024","35,400","34,275","35,400","34,272","781.05K","2.52%"
"07/30/2024","34,529","34,200","34,602","34,101","384.68K","0.91%"
"07/29/2024","34,217","34,275","34,276","33,787","376.68K","0.98%"
"07/26/2024","33,886","34,036","34,335","33,651","267.44K","-0.39%"
"07/25/2024","34,019","34,150","34,164","33,465","357.87K","0.19%"
"07/24/2024","33,953","33,737","34,141","33,737","237.70K","-0.43%"
"07/23/2024","34,101","33,854","34,324","33,809","366.04K","-0.84%"
"07/22/2024","34,390","34,655","34,655","33,297","604.41K","2.59%"
"07/19/2024","33,523","33,706","33,706","33,212","765.41K","-0.32%"
"07/18/2024","33,629","34,134","34,375","33,522","969.19K","-1.27%"
"07/17/2024","34,063","34,271","34,440","33,911","830.07K","-1.48%"
"07/16/2024","34,576","35,096","35,096","34,380","777.15K","-1.78%"
"07/15/2024","35,202","34,650","35,202","33,401","954.35K","2.17%"
"07/12/2024","34,456","33,890","34,503","33,890","584.53K","1.17%"
"07/11/2024","34,056","33,834","34,535","33,543","751.94K","0.66%"
"07/10/2024","33,834","33,800","34,091","33,250","928.51K","0.52%"
"07/09/2024","33,660","33,499","33,660","33,034","373.26K","1.42%"
"07/08/2024","33,188","33,300","33,300","32,822","458.09K","0.33%"
"07/05/2024","33,080","33,765","33,765","32,612","489.60K","-1.99%"
"07/04/2024","33,750","34,799","34,799","33,535","315.96K","0.60%"
"07/03/2024","33,550","34,000","34,072","33,516","657.26K","-0.31%"
"07/02/2024","33,655","35,200","35,200","33,601","592.89K","-1.84%"
"07/01/2024","34,286","34,677","35,299","34,257","583.86K","-0.44%"
"06/28/2024","34,436","32,710","34,628","32,710","974.99K","3.26%"
"06/27/2024","33,350","33,854","33,886","32,701","901.67K","0.14%"
"06/26/2024","33,302","33,200","33,965","33,200","658.79K","-1.40%"
"06/25/2024","33,776","35,000","35,000","33,401","758.42K","-0.26%"
"06/24/2024","33,865","34,999","34,999","33,221","739.18K","-0.63%"
"06/21/2024","34,078","33,600","34,335","33,600","1.78M","0.23%"
"06/20/2024","34,000","34,050","34,715","33,883","1.85M","-1.35%"
"06/19/2024","34,466","34,244","35,169","33,401","1.85M","2.24%"
"06/18/2024","33,711","31,200","34,495","30,995","2.49M","8.92%"
"06/14/2024","30,951","30,150","31,724","29,977","878.42K","2.55%"
"06/13/2024","30,181","30,465","30,708","30,089","729.27K","-0.44%"
"06/12/2024","30,314","29,510","30,480","29,510","754.39K","2.02%"
"06/11/2024","29,714","29,500","30,213","29,500","398.33K","-0.25%"
"06/10/2024","29,787","29,515","30,061","29,515","399.42K","-0.28%"
"06/07/2024","29,871","29,685","30,101","29,531","439.45K","-0.45%"
"06/06/2024","30,005","30,008","30,117","29,418","500.12K","0.52%"
"06/05/2024","29,849","30,110","30,718","29,729","616.85K","-1.81%"
"06/04/2024","30,400","30,200","30,676","30,061","928.41K","0.16%"
"06/03/2024","30,350","29,500","30,566","29,415","717.27K","2.62%"
"05/31/2024","29,576","30,287","30,287","29,576","2.08M","-1.08%"
"05/30/2024","29,899","30,079","30,475","29,500","1.02M","-2.27%"
"05/28/2024","30,593","30,919","30,980","30,457","460.43K","0.15%"
"05/27/2024","30,548","31,400","31,400","30,548","350.73K","-1.44%"
"05/24/2024","30,995","30,745","31,299","30,534","549.29K","1.23%"
"05/23/2024","30,617","31,098","31,141","30,322","505.70K","0.73%"
"05/22/2024","30,394","30,000","30,804","29,877","876.30K","2.18%"
"05/21/2024","29,747","30,699","30,700","29,747","1.30M","-2.22%"
"05/20/2024","30,422","30,908","30,908","30,422","715.40K","-1.08%"
"05/17/2024","30,755","31,009","31,009","30,609","440.53K","-0.08%"
"05/16/2024","30,780","30,601","31,194","30,601","540.24K","-0.55%"
"05/15/2024","30,950","30,499","31,125","30,480","621.69K","1.02%"
"05/14/2024","30,637","30,200","30,764","30,200","402.94K","0.78%"
"05/13/2024","30,399","29,876","30,581","29,876","481.05K","-0.12%"
"05/10/2024","30,437","30,090","30,551","30,090","447.94K","1.68%"
"05/09/2024","29,933","29,704","30,606","29,704","701.74K","-1.54%"
"05/08/2024","30,400","29,558","30,530","29,558","852.19K","2.16%"
"05/07/2024","29,756","29,700","29,777","29,405","513.86K","0.55%"
"05/06/2024","29,592","29,999","29,999","29,306","440.07K","-0.16%"
"05/03/2024","29,640","29,265","29,853","29,204","541.08K","0.68%"
"05/02/2024","29,439","29,051","29,972","29,051","820.17K","0.98%"
"04/30/2024","29,153","29,411","30,138","28,989","979.36K","-1.19%"
"04/29/2024","29,503","28,793","29,574","28,444","661.24K","3.30%"
"04/26/2024","28,560","29,234","29,234","28,286","473.47K","-0.10%"
"04/25/2024","28,590","29,350","29,607","27,793","948.31K","-0.30%"
"04/24/2024","28,675","28,754","29,148","28,405","573.14K","0.06%"
"04/23/2024","28,657","28,800","28,950","28,516","568.92K","-0.35%"
"04/22/2024","28,758","28,729","28,977","28,345","507.62K","1.24%"
"04/19/2024","28,407","29,299","29,299","27,550","1.11M","0.56%"
"04/18/2024","28,250","27,719","28,450","27,719","583.31K","1.61%"
"04/17/2024","27,803","27,999","28,354","27,660","850.39K","-1.23%"
"04/16/2024","28,150","29,149","29,149","27,954","782.34K","-2.43%"
"04/15/2024","28,850","28,600","28,932","28,547","444.15K","0.09%"
"04/12/2024","28,825","29,380","29,380","28,694","650.71K","-0.90%"
"04/11/2024","29,086","29,450","29,450","28,885","627.96K","-0.37%"
"04/10/2024","29,193","28,850","29,803","28,850","423.92K","-0.89%"
"04/09/2024","29,456","29,599","29,672","28,889","590.95K","0.70%"
"04/08/2024","29,250","30,453","30,453","29,100","342.10K","-0.41%"
"04/05/2024","29,370","29,102","29,406","29,058","424.16K","-1.36%"
"04/04/2024","29,775","29,800","29,900","29,393","388.10K","-0.08%"
"04/03/2024","29,800","29,644","29,870","29,587","618.14K","-0.04%"
"04/02/2024","29,813","30,450","30,450","29,247","363.90K","0.68%"
"03/28/2024","29,611","29,378","29,681","29,220","513.19K","0.38%"
"03/27/2024","29,500","29,406","29,548","29,280","455.24K","-0.25%"
"03/26/2024","29,574","30,452","30,452","29,400","484.06K","0.22%"
"03/25/2024","29,510","29,500","29,893","29,500","367.86K","-0.79%"
"03/22/2024","29,744","29,300","29,896","29,165","543.95K","0.85%"
"03/20/2024","29,494","29,300","30,250","29,155","1.45M","0.26%"
"03/19/2024","29,418","29,385","29,525","29,106","692.46K","0.11%"
"03/18/2024","29,385","30,010","30,708","29,250","662.62K","-2.08%"
"03/15/2024","30,008","30,081","30,746","30,000","1.68M","-1.84%"
"03/14/2024","30,569","31,279","31,279","30,066","750.63K","-1.69%"
"03/13/2024","31,095","31,300","31,300","30,641","464.74K","0.81%"
"03/12/2024","30,846","30,520","31,181","30,520","483.11K","0.78%"
"03/11/2024","30,607","31,000","31,000","30,260","340.64K","0.29%"
"03/08/2024","30,520","30,000","31,391","30,000","413.97K","-1.55%"
"03/07/2024","31,000","31,281","31,281","30,513","541.94K","-0.46%"
"03/06/2024","31,144","29,949","31,283","29,943","514.52K","4.18%"
"03/05/2024","29,893","30,200","30,200","29,446","570.14K","0.59%"
"03/04/2024","29,719","30,034","30,209","29,602","381.68K","-0.42%"
"03/01/2024","29,844","30,100","30,479","29,447","530.30K","-0.55%"
"02/29/2024","30,009","29,700","30,009","29,540","946.23K","1.04%"
"02/28/2024","29,700","29,800","29,896","29,409","498.18K","-0.49%"
"02/27/2024","29,846","29,101","30,202","29,101","536.71K","-1.35%"
"02/26/2024","30,255","30,057","30,498","29,500","315.59K","0.48%"
"02/23/2024","30,110","29,500","30,693","29,500","317.05K","-1.60%"
"02/22/2024","30,601","30,723","30,736","30,194","358.18K","0.10%"
"02/21/2024","30,571","30,200","30,571","29,695","608.96K","1.56%"
"02/20/2024","30,100","29,002","30,100","29,002","383.94K","2.78%"
"02/19/2024","29,287","30,099","30,099","28,906","235.97K","-0.05%"
"02/16/2024","29,301","28,800","29,429","28,800","545.83K","1.02%"
"02/15/2024","29,004","29,356","29,357","28,819","400.96K","-1.20%"
"02/14/2024","29,356","29,300","29,853","29,300","416.87K","-0.60%"
"02/13/2024","29,533","29,960","30,167","29,409","337.71K","-1.46%"
"02/12/2024","29,971","30,000","30,333","29,533","417.28K","-0.98%"
"02/09/2024","30,268","30,656","30,771","30,268","321.71K","-0.88%"
"02/08/2024","30,536","30,479","30,597","29,912","285.90K","1.54%"
"02/07/2024","30,073","29,600","30,857","29,600","202.50K","-0.48%"
"02/06/2024","30,219","30,676","30,840","30,104","386.54K","-1.06%"
"02/05/2024","30,543","30,000","30,733","29,791","490.25K","1.81%"
"02/02/2024","30,000","29,300","30,062","29,300","446.93K","0.12%"
"02/01/2024","29,965","29,950","30,425","29,713","596.59K","-0.43%"
"01/31/2024","30,094","29,222","30,113","29,222","845.80K","0.59%"
"01/30/2024","29,917","29,477","29,917","29,399","286.30K","1.00%"
"01/29/2024","29,621","30,000","30,042","29,468","487.66K","-1.26%"
"01/26/2024","30,000","29,392","30,061","29,392","505.13K","0.75%"
"01/25/2024","29,778","30,370","30,567","29,611","545.95K","-0.74%"
"01/24/2024","30,000","30,000","30,423","29,157","744.77K","-1.08%"
"01/23/2024","30,328","30,899","31,405","30,151","1.04M","-0.66%"
"01/22/2024","30,530","30,548","30,548","30,222","484.65K","-0.11%"
"01/19/2024","30,564","31,000","31,000","30,185","474.25K","0.65%"
"01/18/2024","30,366","29,701","30,366","29,701","536.34K","1.40%"
"01/17/2024","29,947","29,800","30,351","29,800","701.68K","-0.64%"
"01/16/2024","30,140","30,600","30,780","30,016","628.01K","-2.37%"
"01/15/2024","30,871","31,419","31,419","30,692","584.19K","-0.42%"
"01/12/2024","31,000","31,000","31,332","30,917","458.88K","-0.76%"
"01/11/2024","31,237","31,680","31,680","31,174","404.40K","-0.60%"
"01/10/2024","31,425","31,051","31,611","31,051","409.41K","-0.12%"
"01/09/2024","31,462","31,970","32,264","31,402","463.22K","-1.09%"
"01/08/2024","31,808","31,000","31,866","30,900","427.08K","2.11%"
"01/05/2024","31,150","32,799","32,799","31,093","406.35K","-0.48%"
"01/04/2024","31,300","32,799","32,805","31,300","572.04K","-0.92%"
"01/03/2024","31,592","32,760","32,760","31,592","524.09K","-2.49%"
"01/02/2024","32,400","32,082","32,732","32,082","431.08K","-0.53%"
"12/29/2023","32,571","31,601","32,571","31,554","275.39K","1.28%"
"12/28/2023","32,159","31,101","32,473","31,101","258.55K","0.05%"
"12/27/2023","32,143","31,717","32,237","31,000","680.83K","2.63%"
"12/22/2023","31,319","31,500","31,648","31,000","196.02K","0.37%"
"12/21/2023","31,204","31,732","31,732","30,384","1.91M","0.87%"
"12/20/2023","30,935","30,600","31,232","30,600","438.31K","0.02%"
"12/19/2023","30,930","31,215","31,545","30,650","1.12M","-2.45%"
"12/18/2023","31,708","31,836","32,769","31,582","1.40M","-1.97%"
"12/14/2023","32,344","31,697","32,532","31,224","1.80M","3.50%"
"12/13/2023","31,249","31,626","32,090","31,249","922.26K","-1.73%"
"12/12/2023","31,800","31,745","31,945","31,396","839.22K","1.47%"
"12/11/2023","31,339","30,800","31,545","30,699","908.32K","0.41%"
"12/08/2023","31,211","31,225","31,480","30,585","937.67K","0.98%"
"12/07/2023","30,907","29,900","31,137","29,900","1.05M","1.05%"
"12/06/2023","30,586","30,272","31,567","30,264","799.83K","0.61%"
"12/05/2023","30,400","30,000","30,934","29,883","596.75K","-0.32%"
"12/04/2023","30,497","30,100","30,497","29,026","668.31K","3.27%"
"12/01/2023","29,530","29,100","29,592","28,915","704.82K","0.05%"
"11/30/2023","29,514","29,460","29,868","29,459","2.00M","-0.74%"
"11/29/2023","29,734","29,899","29,900","29,228","1.05M","0.75%"
"11/28/2023","29,513","29,501","29,893","29,501","754.96K","-1.32%"
"11/27/2023","29,908","30,000","30,000","29,618","555.75K","-0.03%"
"11/24/2023","29,918","29,500","29,943","29,377","358.55K","0.56%"
"11/23/2023","29,750","29,674","30,075","29,464","329.14K","0.01%"
"11/22/2023","29,748","29,591","29,931","29,365","522.92K","-0.30%"
"11/21/2023","29,838","29,301","29,952","29,301","712.18K","0.83%"
"11/20/2023","29,592","29,562","29,855","29,434","550.60K","0.12%"
"11/17/2023","29,558","29,147","29,950","29,147","464.07K","-0.50%"
"11/16/2023","29,706","29,600","30,006","29,406","941.41K","0.09%"
"11/15/2023","29,678","28,791","29,758","28,791","814.27K","0.71%"
"11/14/2023","29,470","28,499","29,556","28,499","526.14K","1.31%"
"11/13/2023","29,088","28,770","29,122","28,537","461.09K","1.70%"
"11/10/2023","28,601","28,001","28,769","28,001","603.09K","0.18%"
"11/09/2023","28,551","28,375","28,812","28,374","648.74K","-0.87%"
"11/08/2023","28,803","28,750","28,803","28,200","1.16M","1.98%"
"11/07/2023","28,244","28,944","28,944","28,036","1.33M","-0.99%"
"11/06/2023","28,526","28,350","28,944","28,305","888.19K","-0.63%"
"11/03/2023","28,706","29,175","29,587","28,653","1.43M","-1.52%"
"11/02/2023","29,149","28,193","29,149","27,984","1.79M","4.57%"
"11/01/2023","27,876","27,600","28,029","27,099","1.78M","1.50%"
"10/31/2023","27,464","27,300","27,766","27,208","1.52M","0.61%"
"10/30/2023","27,297","26,647","27,509","26,639","1.56M","3.18%"
"10/27/2023","26,456","26,600","26,890","26,195","2.24M","1.07%"
"10/26/2023","26,175","24,485","26,700","24,469","2.27M","6.06%"
"10/25/2023","24,680","24,400","24,767","24,202","579.16K","1.15%"
"10/24/2023","24,399","24,200","24,551","24,200","583.20K","0.30%"
"10/23/2023","24,327","24,060","24,511","23,556","798.98K","2.39%"
"10/20/2023","23,758","24,638","24,638","23,697","819.55K","-1.79%"
"10/19/2023","24,190","24,999","24,999","24,139","935.76K","-1.44%"
"10/18/2023","24,543","24,139","24,754","24,139","620.33K","0.10%"
"10/17/2023","24,518","25,200","25,200","24,199","1.40M","-2.86%"
"10/16/2023","25,239","25,502","26,125","25,000","753.37K","-1.09%"
"10/13/2023","25,518","26,300","26,300","25,503","346.62K","-1.31%"
"10/12/2023","25,856","26,355","26,355","25,744","752.32K","-0.43%"
"10/11/2023","25,967","26,040","26,145","25,728","1.00M","0.41%"
"10/10/2023","25,861","25,021","25,913","24,892","944.92K","1.93%"
"10/09/2023","25,371","25,434","25,887","25,298","478.00K","-0.99%"
"10/06/2023","25,624","25,611","26,014","25,382","701.55K","-1.15%"
"10/05/2023","25,921","24,951","26,101","24,951","577.84K","0.87%"
"10/04/2023","25,697","25,890","25,950","25,407","434.81K","-0.17%"
"10/03/2023","25,742","25,900","26,002","25,472","363.21K","0.50%"
"10/02/2023","25,613","25,501","25,948","25,501","484.55K","-0.97%"
"09/29/2023","25,865","25,900","25,998","25,501","869.89K","1.05%"
"09/28/2023","25,595","26,100","26,100","25,268","447.58K","0.53%"
"09/27/2023","25,461","25,829","25,863","25,390","381.30K","-0.55%"
"09/26/2023","25,602","24,138","25,784","24,138","1.09M","-0.30%"
"09/22/2023","25,678","25,251","26,100","25,251","495.94K","-0.90%"
"09/21/2023","25,911","26,099","26,148","25,377","1.50M","-1.00%"
"09/20/2023","26,174","25,325","26,174","25,320","651.68K","3.20%"
"09/19/2023","25,362","25,581","25,677","25,249","702.05K","-0.95%"
"09/18/2023","25,604","26,800","26,800","25,545","311.37K","-1.19%"
"09/15/2023","25,912","25,630","26,421","25,630","1.16M","0.01%"
"09/14/2023","25,909","26,999","26,999","25,804","823.68K","-1.92%"
"09/13/2023","26,416","27,678","27,678","26,163","605.67K","-1.29%"
"09/12/2023","26,761","26,101","26,958","26,101","440.89K","0.86%"
"09/11/2023","26,533","27,179","27,194","26,510","679.79K","-0.57%"
"09/08/2023","26,686","26,800","26,800","26,249","555.63K","1.14%"
"09/07/2023","26,384","27,110","27,110","26,269","642.84K","-1.41%"
"09/06/2023","26,761","28,193","28,193","26,546","624.54K","-2.09%"
"09/05/2023","27,332","27,500","27,825","26,885","784.61K","0.77%"
"09/04/2023","27,122","26,808","27,484","26,808","689.65K","0.59%"
"09/01/2023","26,964","27,436","27,436","26,777","910.72K","-1.41%"
"08/31/2023","27,350","28,193","28,193","27,340","1.67M","-1.85%"
"08/30/2023","27,866","28,191","28,191","27,668","362.66K","0.24%"
"08/29/2023","27,800","27,707","27,905","27,677","300.00K","-0.10%"
"08/28/2023","27,827","27,500","27,948","27,500","240.08K","0.82%"
"08/25/2023","27,600","27,268","27,810","27,268","337.36K","-1.27%"
"08/24/2023","27,956","27,880","28,188","27,662","487.77K","0.62%"
"08/23/2023","27,785","27,452","27,903","27,452","411.52K","1.50%"
"08/22/2023","27,374","27,256","28,036","27,237","619.45K","-0.60%"
"08/21/2023","27,539","26,948","27,698","26,881","521.26K","1.32%"
"08/18/2023","27,180","26,879","27,450","26,879","794.47K","-0.97%"
"08/17/2023","27,445","27,100","27,480","26,789","1.16M","0.13%"
"08/16/2023","27,410","27,800","27,979","27,340","740.97K","-1.58%"
"08/15/2023","27,850","28,824","28,824","27,656","623.53K","-0.77%"
"08/14/2023","28,065","27,665","28,594","27,665","541.67K","-0.86%"
"08/11/2023","28,308","27,660","28,877","27,660","383.49K","-1.66%"
"08/10/2023","28,787","27,650","29,067","27,650","485.82K","0.69%"
"08/08/2023","28,589","27,645","28,888","27,645","532.74K","0.48%"
"08/07/2023","28,453","28,500","28,563","27,855","256.93K","0.41%"
"08/04/2023","28,337","27,646","28,631","27,646","901.88K","0.43%"
"08/03/2023","28,216","28,192","28,428","27,714","536.63K","0.09%"
"08/02/2023","28,192","28,001","28,373","27,807","877.87K","-1.30%"
"08/01/2023","28,564","28,188","28,699","27,898","567.37K","1.83%"
"07/31/2023","28,052","28,356","28,356","27,923","376.77K","-0.90%"
"07/28/2023","28,308","28,480","28,480","27,818","365.52K","1.25%"
"07/27/2023","27,958","27,950","28,549","27,552","754.38K","0.25%"
"07/26/2023","27,889","26,823","27,889","26,416","1.18M","4.74%"
"07/25/2023","26,626","25,701","26,759","25,701","631.21K","2.81%"
"07/24/2023","25,899","26,230","26,230","25,694","559.80K","-0.04%"
"07/21/2023","25,909","26,355","26,355","25,707","550.44K","-0.18%"
"07/20/2023","25,957","25,800","26,156","25,537","762.87K","0.61%"
"07/19/2023","25,799","25,525","25,922","25,494","1.12M","0.51%"
"07/18/2023","25,667","25,500","26,018","25,492","823.78K","-0.33%"
"07/17/2023","25,752","25,700","26,068","25,536","591.18K","0.14%"
"07/14/2023","25,715","25,495","25,972","25,488","505.79K","-0.88%"
"07/13/2023","25,944","26,099","26,295","25,701","596.74K","-0.53%"
"07/12/2023","26,081","25,250","26,081","25,250","491.77K","1.54%"
"07/11/2023","25,685","26,355","26,355","25,337","424.20K","0.90%"
"07/10/2023","25,456","24,935","25,461","24,925","354.69K","0.47%"
"07/07/2023","25,337","26,612","26,612","24,973","347.76K","-0.88%"
"07/06/2023","25,563","25,900","26,354","25,407","706.72K","-2.58%"
"07/05/2023","26,240","26,999","26,999","25,958","383.20K","0.05%"
"07/04/2023","26,227","26,239","26,356","26,000","300.17K","0.00%"
"07/03/2023","26,226","26,139","26,648","25,849","386.56K","0.37%"
"06/30/2023","26,129","25,869","26,265","25,869","562.05K","-0.27%"
"06/29/2023","26,200","26,800","26,800","26,080","410.81K","0.26%"
"06/28/2023","26,131","26,000","26,323","25,756","613.36K","0.47%"
"06/27/2023","26,010","25,800","26,856","25,623","555.22K","-1.28%"
"06/26/2023","26,347","25,700","26,821","25,700","399.01K","0.08%"
"06/23/2023","26,327","26,998","26,998","25,909","366.17K","0.14%"
"06/22/2023","26,291","25,900","26,388","25,900","246.57K","-0.38%"
"06/21/2023","26,392","25,858","27,056","25,858","591.60K","-0.09%"
"06/20/2023","26,415","26,300","26,889","26,169","724.83K","0.06%"
"06/19/2023","26,399","27,059","27,059","26,350","492.03K","-1.79%"
"06/15/2023","26,879","26,499","27,000","25,825","2.74M","2.36%"
"06/14/2023","26,258","25,600","26,527","25,600","533.23K","-0.03%"
"06/13/2023","26,266","26,350","26,476","25,845","640.35K","2.13%"
"06/12/2023","25,718","26,019","26,268","25,708","591.61K","-1.15%"
"06/09/2023","26,016","25,228","26,200","24,976","853.48K","2.91%"
"06/08/2023","25,280","25,570","25,570","25,126","555.47K","0.16%"
"06/07/2023","25,239","24,891","25,472","24,846","655.71K","1.40%"
"06/06/2023","24,891","24,848","25,026","24,277","645.57K","0.48%"
"06/05/2023","24,771","24,550","24,948","24,206","777.15K","2.27%"
"06/02/2023","24,220","24,254","24,549","23,740","1.41M","1.13%"
"06/01/2023","23,950","23,304","24,075","23,304","2.11M","2.13%"
"05/31/2023","23,450","23,400","24,074","23,263","2.77M","0.03%"
"05/30/2023","23,442","23,948","24,175","23,442","1.18M","-2.96%"
"05/29/2023","24,157","24,170","24,291","23,999","394.43K","-0.14%"
"05/26/2023","24,190","24,050","24,247","24,000","624.57K","-0.12%"
"05/25/2023","24,218","24,764","25,270","24,218","714.25K","-1.70%"
"05/24/2023","24,638","24,298","24,645","24,047","731.59K","0.75%"
"05/23/2023","24,454","24,350","24,539","24,202","674.01K","-0.63%"
"05/22/2023","24,608","24,755","25,213","24,496","566.08K","-0.62%"
"05/19/2023","24,762","25,545","25,545","24,587","360.58K","0.30%"
"05/18/2023","24,688","25,000","25,282","24,594","556.93K","-2.36%"
"05/17/2023","25,285","25,999","25,999","25,029","664.34K","-1.03%"
"05/16/2023","25,549","25,000","25,630","25,000","485.35K","-0.30%"
"05/15/2023","25,627","25,925","25,925","25,404","694.67K","-0.11%"
"05/12/2023","25,655","25,900","26,410","25,200","714.09K","0.64%"
"05/11/2023","25,492","27,100","27,100","25,118","840.35K","-2.84%"
"05/10/2023","26,236","26,685","26,710","26,157","488.35K","-0.88%"
"05/09/2023","26,470","26,599","26,661","26,237","457.10K","0.27%"
"05/08/2023","26,400","26,300","26,543","26,170","291.81K","-0.01%"
"05/05/2023","26,402","26,759","26,771","26,038","322.81K","0.60%"
"05/04/2023","26,245","27,200","27,200","26,068","692.79K","-1.99%"
"05/03/2023","26,778","27,000","27,006","26,606","711.66K","-0.09%"
"05/02/2023","26,802","26,609","27,105","26,548","855.28K","0.25%"
"04/28/2023","26,734","26,800","26,927","26,405","998.86K","0.48%"
"04/26/2023","26,607","27,000","27,000","26,211","727.61K","-0.88%"
"04/25/2023","26,842","26,500","27,495","26,285","916.10K","1.86%"
"04/24/2023","26,352","25,932","26,352","25,698","683.99K","1.62%"
"04/21/2023","25,933","25,646","26,394","25,646","528.61K","0.41%"
"04/20/2023","25,826","25,989","25,989","24,461","749.33K","0.58%"
"04/19/2023","25,676","25,999","25,999","25,344","612.53K","-0.55%"
"04/18/2023","25,818","26,573","26,573","25,293","845.83K","-1.71%"
"04/17/2023","26,266","26,001","26,939","26,001","551.34K","-2.13%"
"04/14/2023","26,838","26,949","26,950","26,202","396.89K","1.11%"
"04/13/2023","26,543","26,880","26,883","26,349","481.84K","-0.68%"
"04/12/2023","26,725","26,125","26,786","25,404","464.96K","2.12%"
"04/11/2023","26,169","26,015","26,301","25,848","455.11K","0.62%"
"04/06/2023","26,008","26,303","26,303","25,390","290.49K","0.99%"
"04/05/2023","25,754","26,379","26,379","25,665","232.48K","-1.10%"
"04/04/2023","26,040","25,781","26,040","25,643","252.46K","0.87%"
"04/03/2023","25,815","26,098","26,112","25,545","469.00K","0.40%"
"03/31/2023","25,713","26,199","26,199","25,558","609.90K","-0.66%"
"03/30/2023","25,883","25,926","26,022","25,651","548.17K","0.63%"
"03/29/2023","25,721","25,500","25,838","25,301","674.22K","-1.56%"
"03/28/2023","26,128","26,000","26,404","25,920","453.05K","1.40%"
"03/27/2023","25,766","25,030","26,020","25,030","365.93K","1.46%"
"03/24/2023","25,395","26,306","26,306","24,978","496.94K","-0.32%"
"03/23/2023","25,477","26,294","26,294","25,237","511.69K","0.37%"
"03/22/2023","25,384","26,306","26,306","24,982","793.02K","0.62%"
"03/20/2023","25,227","26,306","26,306","24,663","577.78K","-0.63%"
"03/17/2023","25,386","25,825","26,178","25,261","1.15M","-0.37%"
"03/16/2023","25,481","25,201","25,836","25,201","2.54M","0.85%"
"03/15/2023","25,265","26,520","26,520","25,051","913.52K","-3.06%"
"03/14/2023","26,063","25,708","26,172","25,535","473.14K","-0.18%"
"03/13/2023","26,111","27,064","27,064","25,581","896.23K","-1.91%"
"03/10/2023","26,620","26,651","26,833","26,265","378.01K","-0.92%"
"03/09/2023","26,866","26,800","27,160","26,551","697.40K","-0.76%"
"03/08/2023","27,071","27,210","27,500","26,600","397.75K","-1.37%"
"03/07/2023","27,448","27,179","27,832","26,915","534.89K","1.83%"
"03/06/2023","26,955","27,000","27,202","26,624","401.78K","0.39%"
"03/03/2023","26,849","26,819","27,046","26,241","436.30K","1.40%"
"03/02/2023","26,479","26,899","26,899","26,222","438.73K","-2.16%"
"03/01/2023","27,063","27,159","27,296","26,745","498.12K","1.17%"
"02/28/2023","26,750","27,050","27,050","26,548","952.91K","-0.52%"
"02/27/2023","26,890","27,050","27,125","26,609","392.69K","-0.41%"
"02/24/2023","27,000","27,499","27,500","26,839","520.33K","-0.42%"
"02/23/2023","27,115","26,998","27,436","26,998","321.81K","-0.28%"
"02/22/2023","27,190","27,389","27,449","26,963","486.71K","-0.73%"
"02/21/2023","27,389","27,192","27,969","27,093","605.01K","0.73%"
"02/20/2023","27,191","27,516","27,516","26,910","405.83K","0.10%"
"02/17/2023","27,164","27,353","27,455","26,500","501.86K","-0.12%"
"02/16/2023","27,196","26,100","27,699","26,100","374.39K","0.05%"
"02/15/2023","27,182","26,984","27,639","26,984","673.71K","0.03%"
"02/14/2023","27,175","27,289","27,317","26,905","440.39K","0.24%"
"02/13/2023","27,109","26,727","27,109","26,508","675.95K","2.27%"
"02/10/2023","26,507","27,600","27,600","26,218","402.35K","0.32%"
"02/09/2023","26,423","26,923","27,297","26,415","926.43K","-2.14%"
"02/08/2023","27,000","27,349","27,349","26,514","930.16K","-0.28%"
"02/07/2023","27,077","27,080","27,850","27,025","759.56K","-0.73%"
"02/06/2023","27,275","27,500","27,888","27,275","588.96K","-0.72%"
"02/03/2023","27,474","27,998","28,056","27,474","659.13K","-0.93%"
"02/02/2023","27,732","27,002","27,922","26,718","1.08M","2.70%"
"02/01/2023","27,002","26,810","27,125","26,671","1.00M","1.75%"
"01/31/2023","26,538","26,879","26,879","26,063","846.43K","0.38%"
"01/30/2023","26,437","26,399","26,465","25,781","922.70K","2.14%"
"01/27/2023","25,883","26,488","26,730","25,757","1.44M","-2.14%"
"01/26/2023","26,450","26,672","27,288","26,261","1.06M","-0.82%"
"01/25/2023","26,670","27,035","27,400","26,653","653.74K","-2.48%"
"01/24/2023","27,349","27,650","27,876","26,896","735.24K","-0.98%"
"01/23/2023","27,620","27,200","28,000","27,200","547.99K","1.34%"
"01/20/2023","27,256","28,389","28,389","27,256","453.67K","-1.43%"
"01/19/2023","27,652","27,800","28,037","27,534","719.15K","-0.67%"
"01/18/2023","27,839","27,600","28,332","27,600","557.17K","-0.39%"
"01/17/2023","27,948","28,245","28,316","27,755","517.31K","-1.05%"
"01/16/2023","28,245","28,639","28,639","28,092","314.63K","0.24%"
"01/13/2023","28,177","28,333","28,333","27,595","554.24K","0.82%"
"01/12/2023","27,949","27,851","28,655","27,646","658.20K","-0.37%"
"01/11/2023","28,053","28,899","28,899","27,879","660.99K","-0.80%"
"01/10/2023","28,278","28,500","28,500","27,850","447.43K","0.04%"
"01/09/2023","28,268","27,881","28,568","27,881","464.23K","1.19%"
"01/06/2023","27,935","27,900","28,694","27,834","779.41K","0.63%"
"01/05/2023","27,761","27,799","27,799","27,044","673.63K","1.16%"
"01/04/2023","27,444","27,799","27,833","27,151","446.67K","0.11%"
"01/03/2023","27,413","27,061","27,449","26,849","405.08K","1.50%"
"12/30/2022","27,008","27,792","27,841","26,681","577.87K","-3.30%"
"12/29/2022","27,930","28,194","28,326","27,602","348.60K","-0.94%"
"12/28/2022","28,194","28,044","28,570","28,044","479.59K","0.53%"
"12/23/2022","28,044","29,100","29,100","27,921","218.86K","-1.10%"
"12/22/2022","28,357","28,311","29,055","28,241","245.23K","-1.24%"
"12/21/2022","28,712","27,700","29,015","27,700","513.59K","0.70%"
"12/20/2022","28,511","28,231","28,799","28,231","553.19K","-0.80%"
"12/19/2022","28,740","27,751","28,754","27,600","951.60K","3.20%"
"12/15/2022","27,850","28,799","28,800","27,768","2.63M","-1.97%"
"12/14/2022","28,410","29,132","29,132","28,183","622.62K","-2.01%"
"12/13/2022","28,993","28,503","29,064","28,374","505.27K","1.11%"
"12/12/2022","28,674","28,502","29,118","28,502","360.28K","-0.86%"
"12/09/2022","28,922","28,501","29,512","28,501","388.65K","-0.26%"
"12/08/2022","28,997","28,501","29,097","28,501","335.15K","0.68%"
"12/07/2022","28,800","28,651","28,966","28,565","404.83K","-0.47%"
"12/06/2022","28,936","29,400","29,400","28,694","259.13K","0.30%"
"12/05/2022","28,850","28,484","29,270","28,484","458.58K","0.74%"
"12/02/2022","28,639","28,300","29,088","28,188","750.09K","1.39%"
"12/01/2022","28,246","29,511","29,725","28,007","1.30M","-4.24%"
"11/30/2022","29,496","28,506","29,602","28,500","1.41M","1.97%"
"11/29/2022","28,927","30,029","30,029","28,865","375.00K","-1.28%"
"11/28/2022","29,303","29,183","29,530","29,046","592.86K","-0.19%"
"11/25/2022","29,359","28,799","29,475","28,799","278.06K","0.03%"
"11/24/2022","29,351","29,345","29,724","28,797","258.49K","0.02%"
"11/23/2022","29,345","29,175","29,352","28,485","671.58K","-0.17%"
"11/22/2022","29,394","30,179","30,179","29,291","543.31K","-0.69%"
"11/21/2022","29,597","29,500","29,935","29,250","299.62K","-0.09%"
"11/18/2022","29,623","30,001","30,073","29,402","338.32K","-0.40%"
"11/17/2022","29,743","30,000","30,156","29,574","727.42K","0.28%"
"11/16/2022","29,660","29,999","29,999","29,491","470.09K","-0.06%"
"11/15/2022","29,679","29,278","29,824","29,278","586.54K","0.04%"
"11/14/2022","29,666","29,796","29,961","29,501","841.49K","-0.16%"
"11/11/2022","29,715","30,902","30,902","29,530","702.72K","-1.93%"
"11/10/2022","30,300","30,799","30,799","29,781","1.08M","-0.70%"
"11/09/2022","30,513","30,175","30,700","30,175","1.07M","0.20%"
"11/08/2022","30,452","30,618","30,902","30,444","430.11K","-0.54%"
"11/07/2022","30,618","30,827","30,827","30,325","615.49K","0.46%"
"11/04/2022","30,478","30,999","30,999","29,832","1.03M","1.43%"
"11/03/2022","30,049","30,385","30,434","29,365","815.50K","1.22%"
"11/02/2022","29,687","31,300","31,300","29,678","1.01M","-4.45%"
"11/01/2022","31,071","31,075","31,772","30,876","655.85K","-0.17%"
"10/31/2022","31,125","31,275","31,844","31,017","441.93K","-2.01%"
"10/28/2022","31,764","31,360","31,880","31,135","791.91K","0.84%"
"10/27/2022","31,500","30,932","31,525","30,564","814.10K","1.84%"
"10/26/2022","30,931","30,511","31,291","30,348","810.08K","1.41%"
"10/25/2022","30,500","30,165","30,511","30,002","579.65K","1.61%"
"10/24/2022","30,017","29,434","30,115","29,434","621.60K","1.98%"
"10/21/2022","29,434","29,998","29,998","28,601","723.76K","0.76%"
"10/20/2022","29,212","28,400","30,130","28,226","1.49M","5.37%"
"10/19/2022","27,724","28,473","28,756","27,626","798.09K","-3.40%"
"10/18/2022","28,700","30,347","30,420","28,477","672.78K","0.24%"
"10/17/2022","28,630","28,699","28,699","28,140","504.19K","1.27%"
"10/14/2022","28,271","28,460","28,781","28,271","493.53K","0.11%"
"10/13/2022","28,241","28,544","28,544","27,487","654.36K","-0.10%"
"10/12/2022","28,270","28,748","28,839","28,081","724.05K","-1.52%"
"10/11/2022","28,707","28,445","28,707","28,128","756.65K","1.46%"
"10/10/2022","28,295","28,389","28,527","27,810","526.81K","0.67%"
"10/07/2022","28,107","28,000","28,337","28,000","350.01K","-0.81%"
"10/06/2022","28,336","28,900","28,900","28,306","565.07K","-0.44%"
"10/05/2022","28,462","29,020","29,020","28,444","620.15K","-0.67%"
"10/04/2022","28,655","28,500","28,946","28,131","1.09M","1.86%"
"10/03/2022","28,133","28,599","28,600","27,947","886.08K","-1.45%"
"09/30/2022","28,546","29,110","29,110","28,274","1.17M","-0.21%"
"09/29/2022","28,607","29,020","29,020","28,227","985.44K","-1.50%"
"09/28/2022","29,044","29,000","29,156","28,609","1.05M","0.39%"
"09/27/2022","28,930","28,995","29,160","28,420","610.73K","1.29%"
"09/26/2022","28,562","27,400","28,723","27,359","1.51M","3.21%"
"09/23/2022","27,673","29,715","29,715","27,440","1.54M","-2.14%"
"09/22/2022","28,279","28,001","28,755","28,001","726.44K","-0.94%"
"09/21/2022","28,546","28,720","28,785","28,411","493.17K","-0.63%"
"09/20/2022","28,728","28,925","29,170","28,581","575.99K","0.09%"
"09/19/2022","28,702","28,899","28,899","28,042","521.32K","0.62%"
"09/16/2022","28,524","29,200","29,535","28,464","1.53M","-3.59%"
"09/15/2022","29,586","29,800","30,281","29,586","1.69M","-1.99%"
"09/14/2022","30,188","30,955","30,955","29,979","505.51K","-0.18%"
"09/13/2022","30,242","30,520","30,757","30,082","777.10K","-1.57%"
"09/12/2022","30,723","30,356","30,917","29,936","712.20K","0.85%"
"09/09/2022","30,463","28,660","30,589","28,660","657.01K","0.98%"
"09/08/2022","30,168","30,500","30,500","30,006","475.15K","0.61%"
"09/07/2022","29,985","29,416","30,180","29,416","678.50K","-0.78%"
"09/06/2022","30,220","29,800","30,480","29,706","651.53K","1.57%"
"09/05/2022","29,752","29,790","29,951","28,897","458.16K","0.76%"
"09/02/2022","29,529","29,469","29,788","29,075","364.87K","0.20%"
"09/01/2022","29,469","29,850","30,039","28,990","638.27K","-1.12%"
"08/31/2022","29,802","30,000","30,435","29,680","1.03M","-1.07%"
"08/30/2022","30,125","29,600","30,467","29,600","727.02K","0.00%"
"08/29/2022","30,126","29,601","30,313","29,601","447.56K","-0.06%"
"08/26/2022","30,145","30,500","30,500","29,984","329.54K","-0.25%"
"08/25/2022","30,222","30,640","30,640","29,950","402.23K","-0.38%"
"08/24/2022","30,338","30,876","30,876","29,947","473.64K","-0.15%"
"08/23/2022","30,385","30,619","30,619","30,200","659.12K","-0.77%"
"08/22/2022","30,620","29,596","30,999","29,596","861.74K","1.47%"
"08/19/2022","30,175","30,649","30,798","30,063","549.99K","-1.61%"
"08/18/2022","30,668","30,699","30,873","30,338","418.41K","0.24%"
"08/17/2022","30,594","30,814","30,873","30,383","522.20K","-0.28%"
"08/16/2022","30,679","30,277","30,867","29,878","884.28K","1.42%"
"08/15/2022","30,250","29,862","30,416","29,860","583.84K","0.48%"
"08/12/2022","30,106","29,949","30,224","29,738","441.86K","0.96%"
"08/11/2022","29,821","29,500","30,073","28,958","950.79K","2.25%"
"08/10/2022","29,165","28,576","29,400","28,227","613.72K","1.87%"
"08/08/2022","28,630","28,000","28,675","27,999","420.66K","1.73%"
"08/05/2022","28,144","27,801","28,470","27,788","395.76K","1.31%"
"08/04/2022","27,780","27,750","28,526","27,561","775.06K","-2.38%"
"08/03/2022","28,457","28,424","28,716","28,225","555.64K","0.18%"
"08/02/2022","28,406","28,600","28,771","28,154","765.80K","0.17%"
"08/01/2022","28,359","27,950","28,437","27,665","667.95K","1.35%"
"07/29/2022","27,981","27,790","28,406","27,767","668.51K","-0.07%"
"07/28/2022","28,001","28,399","28,399","27,899","490.44K","-0.48%"
"07/27/2022","28,137","28,000","28,688","27,759","558.07K","0.57%"
"07/26/2022","27,977","28,115","28,453","27,838","501.17K","-0.96%"
"07/25/2022","28,248","28,514","28,834","28,181","407.83K","-2.38%"
"07/22/2022","28,937","28,110","29,273","28,110","442.61K","-0.09%"
"07/21/2022","28,964","28,783","29,166","28,580","613.14K","1.42%"
"07/20/2022","28,558","29,036","29,146","28,369","577.26K","-1.65%"
"07/19/2022","29,036","28,875","29,338","28,465","752.29K","0.56%"
"07/18/2022","28,875","28,590","29,181","28,420","793.17K","2.25%"
"07/15/2022","28,239","28,199","28,590","27,483","881.83K","2.69%"
"07/14/2022","27,500","28,589","28,589","27,251","415.75K","-1.18%"
"07/13/2022","27,827","28,700","28,700","27,572","447.56K","-0.89%"
"07/12/2022","28,078","29,089","29,089","27,858","474.95K","-0.76%"
"07/11/2022","28,292","28,275","28,538","27,939","211.97K","-0.05%"
"07/08/2022","28,307","28,899","28,899","27,929","459.76K","0.46%"
"07/07/2022","28,176","28,848","28,848","27,959","761.66K","-0.92%"
"07/06/2022","28,438","27,803","28,976","27,803","998.57K","0.33%"
"07/05/2022","28,345","28,590","28,590","27,989","575.38K","0.54%"
"07/04/2022","28,193","27,096","28,541","27,096","634.85K","4.05%"
"07/01/2022","27,096","27,250","27,851","26,993","934.77K","-0.86%"
"06/30/2022","27,331","29,090","29,090","27,331","1.57M","-3.53%"
"06/29/2022","28,331","28,600","28,753","28,044","453.23K","-2.20%"
"06/28/2022","28,967","29,589","29,972","28,692","864.17K","-1.03%"
"06/27/2022","29,267","29,590","29,590","28,820","624.12K","0.32%"
"06/24/2022","29,175","29,500","29,523","28,875","1.00M","1.54%"
"06/23/2022","28,732","29,699","29,699","28,564","488.04K","-1.01%"
"06/22/2022","29,024","28,765","29,178","28,713","538.98K","-0.36%"
"06/21/2022","29,130","29,191","29,649","29,000","341.26K","-0.21%"
"06/20/2022","29,191","29,599","29,599","28,752","502.09K","2.14%"
"06/17/2022","28,579","27,900","29,033","27,660","2.01M","-2.05%"
"06/15/2022","29,176","27,501","29,361","27,501","2.49M","3.98%"
"06/14/2022","28,060","28,534","28,534","27,416","1.15M","0.26%"
"06/13/2022","27,987","27,949","28,557","27,150","1.18M","-0.03%"
"06/10/2022","27,995","27,750","28,277","27,478","841.89K","0.44%"
"06/09/2022","27,872","30,030","30,030","27,849","1.14M","-2.83%"
"06/08/2022","28,685","29,301","29,871","28,497","1.01M","-2.32%"
"06/07/2022","29,365","30,000","30,051","29,157","1.25M","-3.02%"
"06/06/2022","30,278","30,124","30,496","29,601","455.26K","0.51%"
"06/03/2022","30,124","29,601","30,300","29,600","443.37K","0.86%"
"06/02/2022","29,866","29,801","30,309","29,700","595.21K","-1.74%"
"06/01/2022","30,395","30,447","30,748","29,978","604.86K","-0.17%"
"05/31/2022","30,447","30,177","30,614","29,954","1.76M","0.35%"
"05/30/2022","30,341","29,618","30,550","29,429","966.97K","3.83%"
"05/27/2022","29,221","28,526","29,438","28,526","850.48K","0.96%"
"05/26/2022","28,942","28,200","29,149","28,145","831.44K","2.18%"
"05/25/2022","28,325","28,701","29,332","27,917","1.31M","-2.84%"
"05/24/2022","29,152","28,701","29,610","28,701","518.52K","0.53%"
"05/23/2022","28,997","29,010","29,880","28,743","789.93K","-0.69%"
"05/20/2022","29,197","30,300","30,593","29,139","1.01M","-2.84%"
"05/19/2022","30,050","28,601","30,050","28,601","1.51M","2.27%"
"05/18/2022","29,384","29,899","29,899","29,126","832.48K","-0.35%"
"05/17/2022","29,488","29,849","30,294","29,348","917.72K","0.24%"
"05/16/2022","29,418","29,769","29,769","28,925","906.97K","-0.01%"
"05/13/2022","29,420","28,852","29,772","28,852","817.77K","-0.23%"
"05/12/2022","29,487","28,000","29,607","27,636","1.39M","4.29%"
"05/11/2022","28,273","28,485","28,492","27,653","910.76K","0.47%"
"05/10/2022","28,140","28,498","28,925","28,001","1.02M","0.41%"
"05/09/2022","28,026","27,500","28,026","27,126","1.21M","2.23%"
"05/06/2022","27,415","29,293","29,293","27,111","1.60M","-5.69%"
"05/05/2022","29,068","29,873","29,879","29,065","1.01M","-2.00%"
"05/04/2022","29,660","29,732","30,055","29,136","1.06M","-2.02%"
"05/03/2022","30,272","31,994","31,994","29,663","1.44M","-2.61%"
"04/29/2022","31,082","32,000","32,497","30,875","1.27M","-2.87%"
"04/28/2022","32,000","32,200","32,943","31,087","2.00M","-0.33%"
"04/26/2022","32,107","31,501","32,173","31,218","628.89K","2.70%"
"04/25/2022","31,264","30,750","31,867","30,750","811.45K","-1.37%"
"04/22/2022","31,699","31,548","31,750","31,009","837.34K","1.26%"
"04/21/2022","31,306","31,422","31,568","31,058","704.66K","0.76%"
"04/20/2022","31,070","31,200","31,246","30,195","953.27K","3.11%"
"04/19/2022","30,132","29,600","30,335","29,600","539.73K","0.71%"
"04/14/2022","29,919","31,815","31,815","29,719","540.43K","-1.41%"
"04/13/2022","30,348","30,500","31,697","30,120","627.35K","-3.80%"
"04/12/2022","31,546","30,701","31,858","30,701","511.09K","1.01%"
"04/11/2022","31,231","31,748","31,748","30,941","648.92K","-0.18%"
"04/08/2022","31,288","31,499","31,700","31,001","339.14K","-0.01%"
"04/07/2022","31,292","31,399","31,446","30,923","536.51K","0.54%"
"04/06/2022","31,124","30,501","31,365","30,501","770.53K","0.93%"
"04/05/2022","30,836","30,871","30,997","30,473","695.06K","-0.05%"
"04/04/2022","30,850","31,273","31,273","30,583","463.53K","0.41%"
"04/01/2022","30,724","31,472","31,472","30,600","734.53K","-0.59%"
"03/31/2022","30,905","31,600","31,600","30,591","1.08M","0.41%"
"03/30/2022","30,778","31,750","31,750","30,485","361.74K","-0.22%"
"03/29/2022","30,845","30,500","31,134","30,082","576.27K","1.92%"
"03/28/2022","30,263","31,499","31,499","30,073","530.29K","0.08%"
"03/25/2022","30,240","30,100","30,893","29,985","401.17K","-0.07%"
"03/24/2022","30,262","31,500","31,500","30,125","1.05M","-2.77%"
"03/23/2022","31,125","30,201","31,519","30,201","574.01K","-0.13%"
"03/22/2022","31,166","31,750","31,750","30,493","739.26K","-0.87%"
"03/18/2022","31,441","30,750","31,445","30,370","2.30M","1.47%"
"03/17/2022","30,987","30,800","31,243","30,541","2.07M","1.19%"
"03/16/2022","30,622","30,200","30,759","29,006","934.12K","3.80%"
"03/15/2022","29,500","30,200","30,200","28,857","1.05M","0.18%"
"03/14/2022","29,446","28,900","29,819","28,615","692.94K","0.69%"
"03/11/2022","29,245","30,390","30,390","29,033","614.74K","-2.40%"
"03/10/2022","29,965","30,480","30,480","29,768","736.58K","0.41%"
"03/09/2022","29,843","29,487","30,429","29,294","626.01K","1.16%"
"03/08/2022","29,501","29,800","30,152","29,301","1.15M","-1.36%"
"03/07/2022","29,908","30,704","30,705","28,909","934.04K","-3.09%"
"03/04/2022","30,862","30,725","31,110","30,342","1.03M","0.45%"
"03/03/2022","30,724","30,995","30,995","30,077","505.35K","1.25%"
"03/02/2022","30,344","31,200","31,200","29,295","720.61K","1.39%"
"03/01/2022","29,929","29,700","31,057","29,479","873.58K","0.11%"
"02/28/2022","29,895","29,151","29,895","29,151","1.17M","0.82%"
"02/25/2022","29,651","28,681","29,714","28,681","404.53K","0.51%"
"02/24/2022","29,502","29,924","29,924","28,582","687.50K","-1.41%"
"02/23/2022","29,924","29,100","30,114","29,100","445.07K","0.18%"
"02/22/2022","29,869","29,600","29,973","29,173","609.08K","-0.35%"
"02/21/2022","29,973","30,500","30,500","29,850","314.59K","0.50%"
"02/18/2022","29,825","29,919","30,292","29,692","308.93K","-0.04%"
"02/17/2022","29,836","30,600","30,814","29,554","498.57K","-1.30%"
"02/16/2022","30,229","30,490","30,490","30,085","445.83K","0.23%"
"02/15/2022","30,160","29,801","30,488","29,800","548.93K","0.98%"
"02/14/2022","29,866","30,490","30,490","29,170","491.82K","0.84%"
"02/11/2022","29,616","29,115","29,816","29,115","552.53K","-0.03%"
"02/10/2022","29,624","29,800","30,233","29,591","702.28K","-1.45%"
"02/09/2022","30,059","29,600","30,362","29,500","724.29K","2.69%"
"02/08/2022","29,271","30,245","30,245","28,855","745.35K","-0.38%"
"02/07/2022","29,382","29,401","29,900","29,189","395.32K","0.44%"
"02/04/2022","29,252","29,650","29,650","29,250","278.99K","-0.42%"
"02/03/2022","29,375","29,700","29,700","29,203","269.20K","-0.18%"
"02/02/2022","29,429","30,100","30,106","29,279","386.86K","0.28%"
"02/01/2022","29,348","29,560","29,984","29,137","523.23K","-0.56%"
"01/31/2022","29,512","28,706","29,673","28,706","658.12K","2.81%"
"01/28/2022","28,706","28,750","28,881","28,494","569.13K","-0.15%"
"01/27/2022","28,750","28,900","28,968","28,429","770.09K","-1.64%"
"01/26/2022","29,230","31,150","31,182","28,965","1.26M","-6.42%"
"01/25/2022","31,235","31,035","31,896","30,899","1.04M","0.51%"
"01/24/2022","31,075","31,000","31,475","30,367","751.76K","0.49%"
"01/21/2022","30,922","30,880","31,050","30,390","505.38K","0.49%"
"01/20/2022","30,770","31,071","31,611","30,675","542.26K","-1.97%"
"01/19/2022","31,389","30,663","31,550","30,277","876.20K","2.03%"
"01/18/2022","30,764","30,293","30,963","30,202","702.79K","0.19%"
"01/17/2022","30,707","31,280","31,280","30,229","601.11K","-0.02%"
"01/14/2022","30,714","30,900","31,120","30,429","790.88K","-0.65%"
"01/13/2022","30,916","30,280","31,077","30,280","529.60K","-1.31%"
"01/12/2022","31,327","30,190","31,451","30,190","714.23K","1.08%"
"01/11/2022","30,992","31,115","31,159","30,448","499.31K","-0.94%"
"01/10/2022","31,285","31,600","31,600","31,070","259.63K","0.11%"
"01/07/2022","31,250","31,511","31,650","31,127","370.64K","-0.83%"
"01/06/2022","31,511","31,500","31,811","30,789","710.69K","-0.97%"
"01/05/2022","31,821","31,600","32,148","31,578","425.42K","-0.31%"
"01/04/2022","31,919","31,800","32,006","31,627","327.60K","-0.04%"
"01/03/2022","31,931","30,922","32,174","30,921","399.35K","1.20%"
"12/31/2021","31,553","30,601","31,969","30,601","149.79K","-1.32%"
"12/30/2021","31,975","31,800","32,086","31,555","386.58K","1.51%"
"12/29/2021","31,500","31,223","31,500","30,853","213.07K","1.13%"
"12/28/2021","31,149","30,108","31,249","29,712","278.42K","1.17%"
"12/24/2021","30,790","31,000","31,118","30,774","46.34K","-0.18%"
"12/23/2021","30,844","31,268","31,343","30,645","254.32K","0.21%"
"12/22/2021","30,780","30,300","30,825","30,300","304.60K","0.48%"
"12/21/2021","30,632","31,200","31,429","30,431","390.57K","-0.88%"
"12/20/2021","30,905","30,687","30,913","30,254","536.04K","0.36%"
"12/17/2021","30,794","31,500","31,500","30,077","1.90M","1.69%"
"12/15/2021","30,281","29,521","30,891","29,521","2.28M","0.38%"
"12/14/2021","30,166","30,425","30,958","29,839","961.30K","-1.55%"
"12/13/2021","30,641","30,700","30,871","30,304","807.64K","0.57%"
"12/10/2021","30,466","30,000","30,696","29,909","794.83K","0.79%"
"12/09/2021","30,228","28,811","30,251","28,811","634.25K","1.91%"
"12/08/2021","29,661","29,802","29,810","29,341","406.89K","0.25%"
"12/07/2021","29,586","29,900","29,900","28,729","751.71K","0.50%"
"12/06/2021","29,440","29,899","29,899","29,240","459.87K","-0.15%"
"12/03/2021","29,484","29,515","29,662","29,221","457.02K","-0.11%"
"12/02/2021","29,515","29,400","29,615","28,998","415.13K","2.09%"
"12/01/2021","28,910","28,900","29,194","28,363","626.00K","1.98%"
"11/30/2021","28,350","28,000","28,973","28,000","1.45M","-1.31%"
"11/29/2021","28,727","27,701","28,848","27,701","412.85K","2.52%"
"11/26/2021","28,021","28,001","28,281","27,766","852.40K","-1.72%"
"11/25/2021","28,510","27,701","28,559","27,700","466.15K","1.21%"
"11/24/2021","28,170","28,001","28,977","28,001","525.45K","-1.06%"
"11/23/2021","28,471","28,000","28,599","28,000","745.80K","0.63%"
"11/22/2021","28,292","27,801","28,568","27,801","736.24K","0.11%"
"11/19/2021","28,260","28,432","28,566","27,875","1.33M","0.73%"
"11/18/2021","28,056","28,099","28,300","27,591","1.47M","2.05%"
"11/17/2021","27,493","27,974","28,596","27,442","483.36K","-1.71%"
"11/16/2021","27,972","28,849","28,850","27,931","600.13K","-0.55%"
"11/15/2021","28,128","27,817","28,416","27,673","492.55K","0.67%"
"11/12/2021","27,940","29,000","29,000","27,907","1.12M","-2.34%"
"11/11/2021","28,609","28,489","28,899","27,754","639.29K","2.18%"
"11/10/2021","28,000","28,123","28,191","27,746","401.61K","0.00%"
"11/09/2021","28,000","28,096","28,108","27,514","466.02K","1.52%"
"11/08/2021","27,580","28,100","28,501","27,572","542.12K","-2.01%"
"11/05/2021","28,145","28,609","28,679","27,898","273.14K","-0.63%"
"11/04/2021","28,323","28,890","29,015","28,254","300.89K","-1.32%"
"11/03/2021","28,701","28,299","28,701","28,185","510.39K","1.40%"
"11/02/2021","28,306","28,099","28,690","28,006","1.06M","1.51%"
"10/29/2021","27,884","28,001","28,503","27,830","914.34K","-1.66%"
"10/28/2021","28,354","28,719","28,719","28,281","285.54K","0.27%"
"10/27/2021","28,279","28,389","28,546","28,020","749.89K","0.46%"
"10/26/2021","28,149","27,566","28,329","27,566","544.86K","1.64%"
"10/25/2021","27,694","27,500","27,944","27,223","818.27K","1.69%"
"10/22/2021","27,233","28,400","28,400","26,988","544.00K","0.68%"
"10/21/2021","27,050","27,825","27,825","26,772","838.30K","-2.73%"
"10/20/2021","27,810","28,016","28,246","27,780","611.72K","-0.68%"
"10/19/2021","28,000","28,400","28,400","27,775","480.84K","0.06%"
"10/18/2021","27,983","28,250","28,251","27,620","472.61K","-0.42%"
"10/15/2021","28,100","27,400","28,325","27,374","1.26M","3.39%"
"10/14/2021","27,179","26,911","27,617","26,911","455.54K","1.30%"
"10/13/2021","26,830","27,950","27,950","26,700","578.19K","-1.18%"
"10/12/2021","27,150","26,800","27,458","26,800","776.53K","-0.74%"
"10/11/2021","27,352","27,900","27,900","27,110","401.65K","1.11%"
"10/08/2021","27,051","27,900","27,900","27,007","648.21K","-2.10%"
"10/07/2021","27,632","28,185","28,650","27,416","753.33K","-1.56%"
"10/06/2021","28,070","29,172","30,000","27,649","996.50K","1.99%"
"10/05/2021","27,521","27,901","27,901","26,981","772.71K","0.90%"
"10/04/2021","27,275","27,400","27,524","27,215","762.99K","0.28%"
"10/01/2021","27,200","27,773","27,989","27,140","997.54K","-2.05%"
"09/30/2021","27,770","28,270","28,461","27,661","2.37M","-1.77%"
"09/29/2021","28,270","28,200","28,593","28,081","1.17M","0.43%"
"09/28/2021","28,150","28,640","28,815","28,026","1.43M","-2.31%"
"09/27/2021","28,815","29,700","29,791","28,642","1.13M","-3.63%"
"09/23/2021","29,900","30,010","30,352","29,808","1.44M","-1.67%"
"09/22/2021","30,408","30,510","31,163","30,323","765.54K","-1.03%"
"09/21/2021","30,726","30,375","30,885","29,771","991.77K","3.41%"
"09/20/2021","29,714","29,750","29,883","29,277","867.66K","-0.32%"
"09/17/2021","29,810","30,150","30,356","29,810","2.08M","-0.07%"
"09/16/2021","29,830","29,880","30,248","29,750","2.29M","-0.34%"
"09/15/2021","29,932","30,500","30,557","29,860","753.81K","-1.91%"
"09/14/2021","30,515","30,592","30,700","30,073","863.27K","-0.29%"
"09/13/2021","30,603","30,427","30,695","30,234","394.36K","1.17%"
"09/10/2021","30,250","29,876","30,407","29,876","684.39K","0.09%"
"09/09/2021","30,222","30,120","30,399","29,721","592.35K","0.40%"
"09/08/2021","30,102","29,720","30,165","29,720","462.40K","0.71%"
"09/07/2021","29,890","30,350","30,350","29,736","475.00K","-0.30%"
"09/06/2021","29,979","30,020","30,457","29,792","414.53K","-0.62%"
"09/03/2021","30,166","30,120","30,350","29,884","617.25K","-0.28%"
"09/02/2021","30,250","29,900","30,451","29,900","531.11K","-0.25%"
"09/01/2021","30,325","30,449","30,774","30,171","654.13K","0.23%"
"08/31/2021","30,256","30,000","30,437","29,797","1.21M","0.42%"
"08/30/2021","30,128","30,079","30,474","29,950","292.99K","0.23%"
"08/27/2021","30,060","29,450","30,222","29,450","866.81K","1.43%"
"08/26/2021","29,637","29,524","29,822","29,442","733.76K","0.59%"
"08/25/2021","29,463","29,432","29,748","29,200","1.11M","-0.17%"
"08/24/2021","29,514","29,101","29,862","29,101","882.16K","0.56%"
"08/23/2021","29,350","29,846","29,847","29,260","817.36K","-1.39%"
"08/20/2021","29,765","29,700","29,911","29,133","727.23K","0.69%"
"08/19/2021","29,561","29,176","29,690","29,172","831.05K","0.33%"
"08/18/2021","29,465","29,250","29,589","28,982","643.78K","0.61%"
"08/17/2021","29,286","28,896","29,499","28,803","1.39M","1.34%"
"08/16/2021","28,899","28,074","29,137","28,073","770.08K","1.96%"
"08/13/2021","28,344","27,900","28,497","27,826","677.66K","1.13%"
"08/12/2021","28,027","27,439","28,334","27,439","740.90K","0.97%"
"08/11/2021","27,757","27,811","27,812","27,339","522.46K","-0.15%"
"08/10/2021","27,800","27,700","27,809","27,317","844.12K","1.17%"
"08/06/2021","27,479","27,600","27,600","27,164","649.64K","0.00%"
"08/05/2021","27,478","27,350","27,606","27,199","577.77K","1.26%"
"08/04/2021","27,135","27,250","27,421","27,122","624.78K","-0.32%"
"08/03/2021","27,221","26,725","27,229","26,552","821.18K","2.70%"
"08/02/2021","26,505","26,750","26,793","26,347","499.88K","-0.01%"
"07/30/2021","26,508","26,749","26,756","26,132","1.13M","-0.12%"
"07/29/2021","26,539","26,510","26,765","26,463","558.93K","-0.12%"
"07/28/2021","26,570","26,525","26,661","26,374","460.83K","0.48%"
"07/27/2021","26,442","26,217","26,523","26,013","518.20K","1.51%"
"07/26/2021","26,048","26,194","26,412","26,048","561.32K","-1.24%"
"07/23/2021","26,374","26,268","26,488","26,139","764.51K","0.55%"
"07/22/2021","26,230","25,815","26,413","25,815","604.09K","1.41%"
"07/21/2021","25,866","26,193","26,193","25,573","481.12K","0.90%"
"07/20/2021","25,635","25,600","25,831","25,220","563.51K","0.47%"
"07/19/2021","25,514","25,651","25,746","25,387","327.98K","-1.01%"
"07/16/2021","25,775","25,804","26,001","25,714","865.46K","-0.77%"
"07/15/2021","25,975","25,860","26,161","25,744","553.74K","0.44%"
"07/14/2021","25,860","25,600","25,939","25,331","698.80K","0.72%"
"07/13/2021","25,674","25,271","26,062","25,271","871.65K","-1.26%"
"07/12/2021","26,002","25,930","26,082","25,345","692.58K","1.04%"
"07/09/2021","25,735","26,322","26,331","25,602","932.64K","-0.81%"
"07/08/2021","25,946","25,500","26,178","25,500","844.99K","0.91%"
"07/07/2021","25,711","24,961","25,790","24,924","868.00K","3.09%"
"07/06/2021","24,941","24,757","25,032","24,591","359.54K","0.53%"
"07/05/2021","24,809","24,758","24,923","24,540","322.35K","-0.05%"
"07/02/2021","24,821","25,199","25,199","24,618","435.26K","0.08%"
"07/01/2021","24,800","25,150","25,150","24,623","630.88K","0.94%"
"06/30/2021","24,569","24,800","24,992","24,438","1.01M","-1.72%"
"06/29/2021","25,000","24,100","25,089","24,100","744.37K","3.61%"
"06/28/2021","24,129","24,305","24,500","23,981","512.52K","-0.94%"
"06/25/2021","24,358","24,999","24,999","24,216","343.59K","0.40%"
"06/24/2021","24,261","24,443","24,443","24,061","393.23K","0.65%"
"06/23/2021","24,104","24,075","24,407","23,976","629.88K","-0.45%"
"06/22/2021","24,212","24,010","24,687","23,901","881.71K","-0.16%"
"06/21/2021","24,250","24,500","24,971","24,102","1.15M","-1.39%"
"06/18/2021","24,593","24,530","25,070","24,506","2.50M","0.11%"
"06/17/2021","24,566","25,151","25,151","24,530","2.70M","-1.60%"
"06/15/2021","24,966","24,511","25,207","24,511","708.32K","1.08%"
"06/14/2021","24,700","25,000","25,152","24,680","718.97K","-1.19%"
"06/11/2021","24,997","25,500","26,084","24,900","649.43K","-3.79%"
"06/10/2021","25,983","26,479","26,479","25,584","444.51K","0.39%"
"06/09/2021","25,883","25,888","26,187","25,726","326.82K","0.59%"
"06/08/2021","25,731","25,213","26,055","25,213","422.09K","-1.22%"
"06/07/2021","26,048","25,213","26,329","25,213","339.58K","-0.97%"
"06/04/2021","26,302","26,266","26,365","25,799","397.62K","-0.11%"
"06/03/2021","26,331","26,071","26,331","26,000","456.61K","0.80%"
"06/02/2021","26,121","26,096","26,198","25,574","605.72K","2.09%"
"06/01/2021","25,586","25,555","25,977","25,342","496.38K","-0.64%"
"05/31/2021","25,750","26,001","26,001","25,596","315.65K","-0.75%"
"05/28/2021","25,944","25,895","26,135","25,272","600.92K","1.85%"
"05/27/2021","25,474","25,351","25,868","25,317","1.22M","-0.63%"
"05/26/2021","25,635","25,000","25,680","25,000","524.77K","1.44%"
"05/25/2021","25,272","25,162","25,428","24,527","681.51K","0.61%"
"05/24/2021","25,120","25,000","25,343","24,655","584.36K","-0.11%"
"05/21/2021","25,148","25,895","25,895","25,050","699.07K","-0.51%"
"05/20/2021","25,276","25,325","25,452","24,878","682.62K","-0.19%"
"05/19/2021","25,323","25,562","25,728","25,107","770.12K","-1.35%"
"05/18/2021","25,670","26,029","26,029","25,442","509.91K","-0.19%"
"05/17/2021","25,720","26,000","26,098","25,465","631.78K","-0.01%"
"05/14/2021","25,723","25,700","26,035","25,561","502.11K","0.09%"
"05/13/2021","25,700","25,901","26,024","25,587","812.21K","-1.01%"
"05/12/2021","25,963","25,226","26,132","25,045","681.50K","2.05%"
"05/11/2021","25,441","25,358","25,674","25,053","602.33K","1.55%"
"05/10/2021","25,053","25,028","25,216","24,220","499.14K","1.40%"
"05/07/2021","24,708","25,027","25,027","24,427","296.77K","0.51%"
"05/06/2021","24,583","24,816","24,883","24,411","325.71K","0.28%"
"05/05/2021","24,515","24,459","24,716","24,018","478.95K","2.52%"
"05/04/2021","23,913","24,349","24,349","23,731","486.29K","-1.22%"
"05/03/2021","24,209","24,204","24,701","24,071","373.77K","-0.05%"
"04/30/2021","24,220","24,427","24,509","24,122","742.19K","-1.24%"
"04/29/2021","24,525","24,942","25,054","24,350","875.53K","-1.57%"
"04/28/2021","24,916","25,201","25,453","24,708","1.19M","-1.91%"
"04/26/2021","25,402","23,984","25,787","23,939","1.45M","5.94%"
"04/23/2021","23,977","23,551","24,049","23,463","787.09K","0.79%"
"04/22/2021","23,790","24,201","24,300","23,384","1.01M","-1.67%"
"04/21/2021","24,193","24,800","24,800","23,546","1.04M","-1.25%"
"04/20/2021","24,500","24,932","24,932","24,426","849.95K","0.00%"
"04/19/2021","24,500","24,932","24,932","24,232","588.95K","-0.77%"
"04/16/2021","24,691","23,700","24,797","23,700","719.81K","0.57%"
"04/15/2021","24,552","23,701","24,722","23,701","1.10M","2.30%"
"04/14/2021","24,001","24,275","24,275","23,646","625.23K","0.67%"
"04/13/2021","23,841","24,212","24,253","23,749","802.10K","-0.25%"
"04/12/2021","23,901","23,802","23,909","23,606","371.76K","0.42%"
"04/09/2021","23,801","23,999","24,127","23,658","634.12K","0.19%"
"04/08/2021","23,756","24,285","24,450","23,547","695.99K","-2.77%"
"04/07/2021","24,432","24,600","24,627","24,191","724.13K","0.77%"
"04/06/2021","24,246","24,076","24,307","23,661","907.69K","2.73%"
"04/01/2021","23,602","24,076","24,215","23,507","1.12M","-1.82%"
"03/31/2021","24,040","24,785","24,785","23,885","961.05K","-2.15%"
"03/30/2021","24,567","24,890","24,917","24,318","1.22M","-0.53%"
"03/29/2021","24,697","24,560","24,970","24,339","520.85K","0.32%"
"03/26/2021","24,617","24,200","24,692","24,109","1.84M","2.64%"
"03/25/2021","23,983","23,778","24,198","23,429","1.09M","2.02%"
"03/24/2021","23,507","23,723","24,108","23,469","559.65K","-1.99%"
"03/23/2021","23,984","23,888","24,145","23,568","1.73M","0.40%"
"03/19/2021","23,888","24,031","24,548","23,888","2.20M","-1.27%"
"03/18/2021","24,195","24,300","24,695","23,859","2.79M","-0.02%"
"03/17/2021","24,200","24,154","24,778","23,968","1.22M","-0.03%"
"03/16/2021","24,208","24,348","24,433","23,857","879.40K","0.53%"
"03/15/2021","24,081","24,400","25,114","24,001","1.51M","-0.97%"
"03/12/2021","24,316","24,309","24,694","23,924","537.04K","-1.03%"
"03/11/2021","24,568","25,400","25,400","24,427","1.15M","-0.21%"
"03/10/2021","24,620","24,412","25,019","24,409","973.85K","-0.80%"
"03/09/2021","24,819","24,800","25,034","24,645","1.07M","-1.12%"
"03/08/2021","25,100","24,847","25,183","24,583","607.85K","0.80%"
"03/05/2021","24,900","25,500","25,500","24,637","1.23M","-0.90%"
"03/04/2021","25,127","25,540","25,540","24,423","877.28K","2.01%"
"03/03/2021","24,633","25,063","25,617","24,500","743.74K","-2.53%"
"03/02/2021","25,273","24,303","25,581","24,303","1.12M","2.65%"
"03/01/2021","24,620","25,200","25,248","24,319","864.75K","0.59%"
"02/26/2021","24,476","24,099","24,559","23,795","1.40M","1.72%"
"02/25/2021","24,061","24,712","24,712","23,771","985.66K","-1.84%"
"02/24/2021","24,512","24,515","24,966","24,486","693.89K","0.00%"
"02/23/2021","24,512","25,500","25,500","24,406","438.55K","-0.04%"
"02/22/2021","24,521","25,000","25,082","24,436","1.06M","-1.75%"
"02/19/2021","24,959","24,876","25,423","24,875","641.56K","0.23%"
"02/18/2021","24,902","25,298","25,639","24,755","1.43M","-1.86%"
"02/17/2021","25,375","25,200","25,413","24,899","795.34K","0.88%"
"02/16/2021","25,154","25,784","25,942","25,053","558.83K","-2.44%"
"02/15/2021","25,784","25,200","26,410","25,200","760.56K","0.99%"
"02/12/2021","25,532","25,369","25,659","25,164","492.60K","0.85%"
"02/11/2021","25,318","25,579","25,579","25,089","715.44K","0.60%"
"02/10/2021","25,167","25,481","25,648","24,976","934.14K","-1.22%"
"02/09/2021","25,478","25,400","25,495","24,682","769.79K","2.26%"
"02/08/2021","24,915","25,271","25,271","24,512","927.88K","0.72%"
"02/05/2021","24,736","24,600","25,031","24,600","715.62K","0.60%"
"02/04/2021","24,589","24,200","24,628","23,962","1.26M","2.81%"
"02/03/2021","23,917","24,474","24,630","23,905","1.44M","-1.58%"
"02/02/2021","24,300","25,044","25,053","24,183","1.30M","-2.21%"
"02/01/2021","24,850","25,367","25,367","24,528","770.94K","0.00%"
"01/29/2021","24,850","25,500","25,789","24,573","2.06M","-3.57%"
"01/28/2021","25,769","26,000","26,849","25,550","789.07K","-1.44%"
"01/27/2021","26,146","27,000","27,000","25,994","1.04M","-2.24%"
"01/26/2021","26,745","26,476","26,997","26,368","551.93K","0.27%"
"01/25/2021","26,673","27,000","27,270","26,156","1.17M","0.89%"
"01/22/2021","26,437","26,849","26,849","26,112","843.60K","-1.53%"
"01/21/2021","26,849","26,565","27,165","26,494","982.42K","1.04%"
"01/20/2021","26,573","27,200","27,481","26,557","847.22K","-3.83%"
"01/19/2021","27,630","27,100","27,897","27,100","582.25K","1.79%"
"01/18/2021","27,144","27,513","27,963","27,087","623.36K","-1.68%"
"01/15/2021","27,609","27,000","27,833","26,369","1.14M","3.27%"
"01/14/2021","26,734","26,700","26,900","26,139","929.39K","1.38%"
"01/13/2021","26,370","26,525","26,601","26,059","789.79K","0.08%"
"01/12/2021","26,350","26,045","26,518","26,023","490.63K","-0.43%"
"01/11/2021","26,463","26,288","26,509","25,785","699.81K","0.85%"
"01/08/2021","26,241","25,266","26,324","25,266","706.96K","3.33%"
"01/07/2021","25,396","25,800","26,100","24,970","743.61K","-0.58%"
"01/06/2021","25,543","25,900","25,900","25,376","528.60K","-0.33%"
"01/05/2021","25,628","25,900","25,900","25,243","846.14K","1.02%"
"01/04/2021","25,368","25,253","26,000","25,085","538.44K","0.40%"
"12/31/2020","25,267","25,900","25,901","25,179","592.66K","-2.71%"
"12/30/2020","25,970","25,750","25,992","25,521","449.02K","1.72%"
"12/29/2020","25,531","25,500","25,799","25,482","359.27K","0.12%"
"12/28/2020","25,500","25,360","25,604","25,044","226.61K","1.21%"
"12/24/2020","25,194","25,450","25,450","25,107","185.77K","-0.51%"
"12/23/2020","25,324","25,290","25,375","24,840","391.78K","2.03%"
"12/22/2020","24,821","25,440","25,440","24,411","410.84K","1.36%"
"12/21/2020","24,489","25,545","25,545","24,189","560.63K","-0.90%"
"12/18/2020","24,712","24,400","25,649","24,400","1.25M","0.66%"
"12/17/2020","24,549","25,900","28,113","24,327","2.75M","-1.83%"
"12/15/2020","25,007","25,277","25,431","24,700","954.77K","-1.42%"
"12/14/2020","25,368","23,600","25,430","23,600","1.35M","4.93%"
"12/11/2020","24,175","23,601","24,497","23,601","855.68K","-0.37%"
"12/10/2020","24,265","23,600","24,468","23,600","793.61K","2.40%"
"12/09/2020","23,696","23,600","24,494","23,600","506.91K","-0.82%"
"12/08/2020","23,891","24,325","24,540","23,891","864.63K","-1.78%"
"12/07/2020","24,325","23,867","24,592","23,867","1.13M","-0.19%"
"12/04/2020","24,372","24,000","24,434","23,945","983.77K","2.28%"
"12/03/2020","23,829","23,800","24,141","23,150","1.22M","2.71%"
"12/02/2020","23,200","23,500","23,760","23,115","743.68K","-0.31%"
"12/01/2020","23,273","23,601","24,071","23,248","714.71K","-0.87%"
"11/30/2020","23,478","23,564","23,706","23,295","1.85M","-1.36%"
"11/27/2020","23,802","24,331","24,342","23,719","530.67K","-1.14%"
"11/26/2020","24,076","24,175","24,385","23,975","330.36K","0.26%"
"11/25/2020","24,014","24,166","24,588","23,955","668.52K","-1.43%"
"11/24/2020","24,363","24,553","24,821","24,175","782.52K","-0.95%"
"11/23/2020","24,596","25,899","25,899","24,215","718.99K","-0.31%"
"11/20/2020","24,672","25,221","25,267","24,583","632.77K","-2.10%"
"11/19/2020","25,201","25,999","25,999","25,150","748.18K","-1.38%"
"11/18/2020","25,554","25,892","25,960","25,513","612.14K","-0.44%"
"11/17/2020","25,667","25,558","26,015","25,279","935.01K","0.43%"
"11/16/2020","25,557","26,486","26,486","25,346","526.32K","0.79%"
"11/13/2020","25,357","25,700","25,998","25,085","875.93K","-1.33%"
"11/12/2020","25,700","26,500","26,500","25,351","955.51K","-1.81%"
"11/11/2020","26,174","26,294","26,950","26,035","1.31M","0.41%"
"11/10/2020","26,067","26,200","26,200","25,500","950.05K","0.64%"
"11/09/2020","25,900","24,800","26,200","24,800","975.32K","4.37%"
"11/06/2020","24,815","24,949","25,119","24,481","826.66K","-1.94%"
"11/05/2020","25,306","24,550","26,249","24,522","1.60M","3.91%"
"11/04/2020","24,353","24,299","24,542","23,472","340.84K","1.52%"
"11/03/2020","23,988","23,690","24,199","23,623","664.86K","1.15%"
"11/02/2020","23,716","23,498","24,292","23,498","1.03M","0.51%"
"10/30/2020","23,595","23,428","23,813","23,012","1.23M","-0.66%"
"10/29/2020","23,752","24,150","24,150","23,390","958.01K","1.06%"
"10/28/2020","23,502","24,283","25,021","23,469","803.44K","-3.32%"
"10/27/2020","24,310","25,781","25,816","24,310","1.13M","-4.58%"
"10/26/2020","25,476","25,860","26,351","25,344","751.40K","-0.20%"
"10/23/2020","25,527","23,049","26,025","22,869","1.79M","12.70%"
"10/22/2020","22,650","23,701","23,975","22,016","1.36M","-3.11%"
"10/21/2020","23,378","23,650","23,705","23,078","927.30K","-1.10%"
"10/20/2020","23,639","22,999","23,673","22,251","1.18M","7.15%"
"10/19/2020","22,061","22,477","22,553","22,061","447.39K","-1.51%"
"10/16/2020","22,400","22,634","22,849","22,400","369.76K","-1.18%"
"10/15/2020","22,667","22,695","22,900","22,411","470.09K","0.82%"
"10/14/2020","22,482","23,200","23,200","22,416","728.35K","-1.37%"
"10/13/2020","22,795","22,583","22,963","22,388","523.45K","0.94%"
"10/12/2020","22,583","23,447","23,447","22,284","600.97K","1.12%"
"10/09/2020","22,333","23,230","23,230","22,321","526.69K","-2.42%"
"10/08/2020","22,886","21,899","23,052","21,899","858.26K","2.81%"
"10/07/2020","22,261","22,262","22,359","21,994","677.90K","1.19%"
"10/06/2020","22,000","22,400","22,436","21,954","430.59K","-1.68%"
"10/05/2020","22,377","22,028","22,633","22,028","624.06K","-0.12%"
"10/02/2020","22,403","22,799","22,799","21,921","776.68K","0.02%"
"10/01/2020","22,399","21,989","22,675","21,989","664.96K","0.75%"
"09/30/2020","22,233","21,600","22,338","21,600","1.00M","1.69%"
"09/29/2020","21,863","22,328","22,414","21,720","1.45M","-2.24%"
"09/28/2020","22,365","22,530","22,657","22,144","929.78K","0.53%"
"09/25/2020","22,247","22,595","22,632","21,897","738.47K","-2.44%"
"09/23/2020","22,803","22,458","22,934","22,401","464.13K","0.32%"
"09/22/2020","22,730","23,500","23,500","22,226","520.38K","1.31%"
"09/21/2020","22,435","23,269","23,341","22,359","701.15K","-3.58%"
"09/18/2020","23,268","22,930","23,494","22,930","1.16M","1.32%"
"09/17/2020","22,964","23,044","23,094","22,750","2.16M","0.54%"
"09/16/2020","22,841","23,100","23,260","22,775","785.28K","-0.01%"
"09/15/2020","22,843","24,199","24,199","22,843","1.16M","-3.30%"
"09/14/2020","23,623","23,360","23,810","23,360","402.49K","-0.22%"
"09/11/2020","23,676","24,103","24,180","23,581","779.69K","-0.99%"
"09/10/2020","23,913","23,478","23,963","23,338","852.29K","-0.64%"
"09/09/2020","24,066","23,360","24,066","23,264","822.98K","2.61%"
"09/08/2020","23,453","22,800","23,500","22,799","574.54K","2.69%"
"09/07/2020","22,839","22,500","22,987","22,201","358.17K","-0.04%"
"09/04/2020","22,849","23,000","23,222","22,800","928.15K","-1.17%"
"09/03/2020","23,120","23,904","23,904","22,929","818.45K","-0.77%"
"09/02/2020","23,299","23,850","23,850","23,201","555.50K","1.29%"
"09/01/2020","23,002","22,510","23,470","22,510","1.09M","0.01%"
"08/31/2020","23,000","23,899","23,899","22,742","2.34M","-2.07%"
"08/28/2020","23,486","24,150","24,621","23,473","1.95M","-4.01%"
"08/27/2020","24,468","24,820","24,843","24,373","816.79K","-0.60%"
"08/26/2020","24,615","24,995","24,995","24,614","582.10K","-0.87%"
"08/25/2020","24,832","25,050","25,300","24,789","524.18K","-1.34%"
"08/24/2020","25,170","24,455","25,286","24,455","837.53K","2.86%"
"08/21/2020","24,470","24,101","24,699","24,082","940.27K","0.80%"
"08/20/2020","24,276","24,300","24,589","24,001","958.92K","-1.06%"
"08/19/2020","24,537","24,051","25,102","24,051","727.86K","-1.26%"
"08/18/2020","24,851","24,125","25,010","24,125","914.50K","0.45%"
"08/17/2020","24,739","24,152","24,881","24,152","698.03K","-0.45%"
"08/14/2020","24,850","24,411","24,930","24,366","676.78K","1.27%"
"08/13/2020","24,539","24,137","24,748","24,000","849.20K","2.25%"
"08/12/2020","23,999","23,099","24,310","22,686","1.43M","4.99%"
"08/11/2020","22,859","22,577","23,095","22,466","799.19K","1.99%"
"08/07/2020","22,412","22,501","23,056","22,208","1.24M","-2.22%"
"08/06/2020","22,920","22,699","23,059","22,654","1.10M","1.11%"
"08/05/2020","22,669","22,856","23,014","22,444","829.56K","0.20%"
"08/04/2020","22,624","22,810","23,199","22,500","1.26M","-1.51%"
"08/03/2020","22,970","22,675","23,501","22,675","1.19M","0.63%"
"07/31/2020","22,827","22,509","23,065","22,472","1.29M","0.68%"
"07/30/2020","22,673","22,551","22,890","22,474","1.54M","-0.28%"
"07/29/2020","22,736","22,116","22,930","22,116","843.71K","2.80%"
"07/28/2020","22,116","21,772","22,227","21,750","987.83K","0.55%"
"07/27/2020","21,996","21,698","22,270","21,652","1.11M","1.41%"
"07/24/2020","21,690","21,200","21,716","21,168","996.39K","0.51%"
"07/23/2020","21,580","21,525","21,686","21,177","948.17K","0.26%"
"07/22/2020","21,525","21,995","21,995","21,437","904.17K","-1.08%"
"07/21/2020","21,759","21,900","21,973","21,624","821.33K","0.84%"
"07/20/2020","21,577","20,750","21,648","20,750","844.54K","1.46%"
"07/17/2020","21,266","21,900","21,900","21,207","919.72K","-1.52%"
"07/16/2020","21,595","21,100","21,732","20,800","1.75M","1.77%"
"07/15/2020","21,220","21,200","21,274","20,989","1.41M","1.78%"
"07/14/2020","20,848","20,460","20,896","20,460","959.31K","0.87%"
"07/13/2020","20,669","20,133","20,762","20,133","719.02K","1.97%"
"07/10/2020","20,269","20,900","20,996","20,249","1.13M","-3.28%"
"07/09/2020","20,957","20,935","21,326","20,935","923.55K","-0.68%"
"07/08/2020","21,100","20,900","21,774","20,782","1.41M","0.00%"
"07/07/2020","21,101","20,871","21,200","20,743","1.41M","1.15%"
"07/06/2020","20,861","21,875","22,140","20,846","1.30M","-5.12%"
"07/03/2020","21,987","21,515","21,987","21,515","626.35K","1.58%"
"07/02/2020","21,646","21,350","21,746","21,350","1.32M","1.23%"
"07/01/2020","21,383","21,288","21,568","20,747","1.97M","1.65%"
"06/30/2020","21,036","20,791","21,232","20,791","1.24M","0.02%"
"06/29/2020","21,031","21,044","21,154","20,711","671.95K","0.55%"
"06/26/2020","20,916","20,650","21,073","20,623","963.71K","1.65%"
"06/25/2020","20,576","21,559","21,723","20,554","1.80M","-5.63%"
"06/24/2020","21,804","22,102","22,378","21,631","1.29M","-1.35%"
"06/23/2020","22,102","22,050","22,538","21,914","756.39K","-0.17%"
"06/22/2020","22,139","22,450","22,771","22,139","968.60K","-3.34%"
"06/19/2020","22,903","22,995","22,995","22,295","2.14M","3.32%"
"06/18/2020","22,166","22,850","23,200","22,132","2.72M","-2.72%"
"06/17/2020","22,785","22,486","22,895","22,300","1.00M","3.18%"
"06/15/2020","22,083","22,099","22,548","21,994","1.20M","-0.75%"
"06/12/2020","22,250","22,250","22,600","22,113","957.30K","-1.72%"
"06/11/2020","22,639","22,570","22,802","21,900","1.03M","0.27%"
"06/10/2020","22,577","22,699","22,803","22,191","945.87K","-0.54%"
"06/09/2020","22,700","23,050","23,373","22,545","1.34M","-1.63%"
"06/08/2020","23,075","23,143","23,607","23,059","694.06K","-1.57%"
"06/05/2020","23,443","23,671","23,838","22,543","1.32M","-0.89%"
"06/04/2020","23,654","24,000","24,563","23,494","1.78M","-3.50%"
"06/03/2020","24,512","23,352","24,512","23,299","1.30M","6.10%"
"06/02/2020","23,102","22,252","23,242","22,252","910.03K","1.09%"
"06/01/2020","22,854","23,301","23,789","22,752","694.83K","-1.81%"
"05/29/2020","23,276","23,468","23,559","23,072","3.45M","-0.82%"
"05/28/2020","23,468","22,420","23,640","22,420","1.48M","3.80%"
"05/27/2020","22,608","22,899","23,008","22,389","585.12K","-0.25%"
"05/26/2020","22,664","22,700","22,980","22,350","518.28K","2.09%"
"05/25/2020","22,200","22,900","22,900","22,158","526.79K","-0.19%"
"05/22/2020","22,242","21,868","22,305","21,868","790.21K","-1.33%"
"05/21/2020","22,542","22,589","23,297","22,425","676.43K","-0.26%"
"05/20/2020","22,600","22,874","23,260","22,590","797.89K","-1.94%"
"05/19/2020","23,047","22,700","23,098","22,286","1.71M","3.12%"
"05/18/2020","22,350","22,700","22,700","22,057","915.28K","0.68%"
"05/15/2020","22,200","22,200","22,452","21,970","1.56M","0.91%"
"05/14/2020","22,000","22,200","22,570","21,953","1.65M","-1.58%"
"05/13/2020","22,353","22,390","22,718","21,975","1.70M","-0.59%"
"05/12/2020","22,486","23,254","23,321","22,486","1.60M","-2.98%"
"05/11/2020","23,176","23,200","23,200","22,432","790.00K","1.57%"
"05/08/2020","22,817","22,356","22,958","22,356","909.57K","0.22%"
"05/07/2020","22,767","22,700","22,991","22,278","1.61M","0.85%"
"05/06/2020","22,574","22,665","22,665","21,715","1.35M","1.51%"
"05/05/2020","22,238","22,405","22,627","21,900","1.48M","-0.48%"
"05/04/2020","22,345","22,600","22,969","21,980","3.85M","-3.15%"
"04/30/2020","23,071","24,216","24,280","22,907","2.36M","-4.50%"
"04/29/2020","24,159","22,600","24,253","22,500","2.43M","4.75%"
"04/28/2020","23,064","23,589","23,680","21,701","3.89M","0.71%"
"04/24/2020","22,902","25,426","25,680","22,554","3.74M","-12.07%"
"04/23/2020","26,045","26,900","27,095","25,700","2.25M","-2.72%"
"04/22/2020","26,773","26,600","27,318","26,400","1.37M","1.03%"
"04/21/2020","26,500","26,599","26,608","26,105","1.49M","-0.51%"
"04/20/2020","26,636","26,626","27,122","26,343","788.25K","-1.09%"
"04/17/2020","26,930","26,671","27,120","26,487","1.19M","1.47%"
"04/16/2020","26,540","26,779","27,300","26,036","2.35M","0.96%"
"04/15/2020","26,287","26,910","27,374","26,078","1.54M","-3.67%"
"04/14/2020","27,289","26,600","27,399","26,254","1.20M","2.70%"
"04/09/2020","26,572","26,300","26,730","25,935","875.88K","0.51%"
"04/08/2020","26,437","26,600","26,600","25,917","984.03K","0.11%"
"04/07/2020","26,408","27,000","27,341","26,348","1.27M","-1.73%"
"04/06/2020","26,874","26,790","27,057","26,445","908.95K","1.62%"
"04/03/2020","26,445","26,799","26,799","26,004","1.75M","-1.24%"
"04/02/2020","26,777","26,699","27,467","26,131","1.72M","1.00%"
"04/01/2020","26,512","25,200","26,738","25,139","1.62M","2.88%"
"03/31/2020","25,770","24,855","25,947","24,855","1.58M","2.65%"
"03/30/2020","25,104","24,655","25,600","24,153","1.24M","0.16%"
"03/27/2020","25,063","25,900","26,004","24,600","1.53M","-3.69%"
"03/26/2020","26,023","24,851","26,425","24,851","1.95M","3.42%"
"03/25/2020","25,163","25,499","26,278","24,700","2.46M","2.71%"
"03/24/2020","24,500","23,999","24,605","22,000","2.62M","6.74%"
"03/23/2020","22,953","23,800","24,394","22,700","2.77M","-5.98%"
"03/20/2020","24,413","24,735","25,739","23,630","3.35M","-1.30%"
"03/19/2020","24,734","23,018","24,835","22,365","4.98M","6.63%"
"03/18/2020","23,196","23,400","24,021","22,861","2.86M","-3.13%"
"03/17/2020","23,946","22,900","24,100","22,102","3.71M","9.09%"
"03/16/2020","21,951","22,600","22,600","20,500","3.20M","-4.32%"
"03/13/2020","22,942","24,169","24,169","22,622","2.94M","-0.25%"
"03/12/2020","23,000","23,800","24,270","22,850","3.15M","-8.40%"
"03/11/2020","25,110","24,883","25,943","24,814","1.97M","0.91%"
"03/10/2020","24,883","25,899","25,899","24,883","1.27M","-0.51%"
"03/09/2020","25,011","25,100","25,334","24,269","1.77M","-3.42%"
"03/06/2020","25,898","25,605","26,150","25,410","851.79K","-1.05%"
"03/05/2020","26,172","25,700","26,499","25,700","1.35M","0.84%"
"03/04/2020","25,953","25,100","26,050","25,100","1.03M","1.79%"
"03/03/2020","25,497","24,690","25,497","24,404","1.94M","5.00%"
"03/02/2020","24,282","23,626","24,724","23,626","1.18M","3.11%"
"02/28/2020","23,550","23,800","23,855","22,940","1.95M","-3.50%"
"02/27/2020","24,405","24,400","25,042","24,262","828.32K","-1.37%"
"02/26/2020","24,743","23,700","25,234","23,422","1.33M","3.53%"
"02/25/2020","23,900","23,755","24,075","23,663","966.07K","0.84%"
"02/24/2020","23,700","24,500","24,598","23,614","1.16M","-3.71%"
"02/21/2020","24,614","24,923","24,962","24,488","523.51K","-1.53%"
"02/20/2020","24,997","25,799","25,799","24,777","841.24K","-2.16%"
"02/19/2020","25,550","25,900","25,960","25,479","959.93K","-0.90%"
"02/18/2020","25,781","25,606","26,004","25,572","613.48K","-0.57%"
"02/17/2020","25,929","25,550","26,130","25,550","550.37K","0.60%"
"02/14/2020","25,775","25,680","25,775","25,298","508.31K","1.28%"
"02/13/2020","25,450","25,400","25,520","25,217","428.05K","0.00%"
"02/12/2020","25,449","25,300","25,529","24,700","890.84K","0.99%"
"02/11/2020","25,200","25,300","25,665","25,030","992.62K","0.40%"
"02/10/2020","25,100","25,399","25,399","24,890","443.90K","0.13%"
"02/07/2020","25,067","25,301","25,468","24,905","509.22K","-0.82%"
"02/06/2020","25,275","25,274","25,464","24,973","439.56K","1.10%"
"02/05/2020","25,000","25,003","25,226","24,749","481.57K","0.24%"
"02/04/2020","24,940","24,669","25,273","24,669","918.66K","1.95%"
"02/03/2020","24,462","24,800","24,938","24,348","626.68K","0.14%"
"01/31/2020","24,428","25,200","25,200","24,428","885.98K","-3.18%"
"01/30/2020","25,230","25,560","25,560","25,066","696.29K","-1.64%"
"01/29/2020","25,650","25,922","25,922","25,201","504.55K","1.14%"
"01/28/2020","25,361","25,305","25,579","24,949","645.53K","-0.40%"
"01/27/2020","25,463","25,398","25,680","25,159","498.64K","-1.40%"
"01/24/2020","25,825","25,704","26,000","25,254","836.54K","1.37%"
"01/23/2020","25,476","26,490","27,111","25,251","1.24M","-4.05%"
"01/22/2020","26,550","26,694","26,735","26,380","607.58K","-1.04%"
"01/21/2020","26,830","27,000","27,000","26,371","585.60K","-0.68%"
"01/20/2020","27,014","26,228","27,046","26,228","628.06K","2.18%"
"01/17/2020","26,438","25,955","26,475","25,816","767.55K","0.91%"
"01/16/2020","26,200","26,645","26,800","25,986","671.62K","-1.66%"
"01/15/2020","26,641","26,000","26,697","25,946","939.69K","2.81%"
"01/14/2020","25,913","25,799","25,913","25,441","668.89K","1.22%"
"01/13/2020","25,600","25,615","25,860","25,523","474.64K","0.00%"
"01/10/2020","25,600","25,178","25,728","25,178","415.12K","0.11%"
"01/09/2020","25,573","25,650","26,027","25,413","605.45K","1.40%"
"01/08/2020","25,220","25,151","25,330","25,026","429.93K","-1.00%"
"01/07/2020","25,474","25,300","25,733","25,299","474.31K","0.70%"
"01/06/2020","25,296","25,250","25,629","25,189","504.13K","-0.82%"
"01/03/2020","25,504","25,799","25,799","25,227","670.74K","0.41%"
"01/02/2020","25,400","25,863","26,189","25,339","607.77K","-1.01%"
"12/31/2019","25,659","26,290","26,290","25,659","224.94K","-2.13%"
"12/30/2019","26,218","26,095","26,349","25,898","277.55K","1.44%"
"12/27/2019","25,847","25,840","26,361","25,509","539.82K","0.03%"
"12/24/2019","25,840","25,500","26,144","25,500","160.58K","0.21%"
"12/23/2019","25,785","26,120","26,120","25,570","366.03K","0.02%"
"12/20/2019","25,781","25,936","26,198","25,721","1.22M","-0.27%"
"12/19/2019","25,850","25,600","26,055","25,570","2.28M","-0.20%"
"12/18/2019","25,903","25,870","26,146","25,589","896.10K","1.06%"
"12/17/2019","25,632","26,330","26,530","25,606","1.35M","-1.45%"
"12/13/2019","26,009","26,149","26,335","25,675","807.89K","1.86%"
"12/12/2019","25,534","25,950","26,159","25,421","730.41K","-1.10%"
"12/11/2019","25,818","25,000","25,856","25,000","784.84K","2.02%"
"12/10/2019","25,307","25,099","25,408","24,723","645.69K","0.17%"
"12/09/2019","25,265","25,360","25,609","25,110","583.95K","-1.56%"
"12/06/2019","25,666","24,950","25,731","24,950","699.25K","2.48%"
"12/05/2019","25,045","25,390","25,390","24,818","470.23K","-1.34%"
"12/04/2019","25,386","24,900","25,457","24,821","712.90K","1.95%"
"12/03/2019","24,901","25,025","25,362","24,786","698.52K","-1.22%"
"12/02/2019","25,208","24,651","25,401","24,651","1.28M","0.65%"
"11/29/2019","25,045","24,900","25,260","24,729","605.14K","0.04%"
"11/28/2019","25,035","25,749","25,749","25,035","483.08K","-2.78%"
"11/27/2019","25,750","24,971","25,774","24,914","1.11M","2.94%"
"11/26/2019","25,015","25,252","25,576","25,015","1.54M","-1.66%"
"11/25/2019","25,437","25,600","25,977","25,257","833.34K","-0.60%"
"11/22/2019","25,591","26,068","26,267","25,519","1.83M","-2.81%"
"11/21/2019","26,330","26,100","26,499","25,927","848.95K","-0.19%"
"11/20/2019","26,380","25,610","26,432","25,488","805.57K","2.26%"
"11/19/2019","25,798","25,684","25,899","25,500","609.30K","0.44%"
"11/18/2019","25,684","25,577","25,949","25,300","566.03K","0.42%"
"11/15/2019","25,577","25,500","25,926","25,500","436.23K","-0.12%"
"11/14/2019","25,608","25,700","25,823","25,455","592.18K","-0.16%"
"11/13/2019","25,648","25,420","25,648","25,018","634.31K","1.02%"
"11/12/2019","25,390","25,300","25,487","24,700","710.88K","2.65%"
"11/11/2019","24,735","24,755","25,050","24,569","548.37K","-1.06%"
"11/08/2019","25,000","25,000","25,196","24,768","575.36K","0.00%"
"11/07/2019","25,000","25,400","25,669","24,985","936.51K","-1.85%"
"11/06/2019","25,470","24,870","25,481","24,670","820.02K","2.33%"
"11/05/2019","24,891","24,700","24,939","24,551","732.02K","1.10%"
"11/04/2019","24,620","24,500","24,750","24,127","598.89K","0.90%"
"11/01/2019","24,400","24,790","24,800","24,200","504.74K","-0.72%"
"10/31/2019","24,578","24,510","24,806","24,388","1.34M","-0.59%"
"10/30/2019","24,723","24,999","24,999","24,083","828.18K","-0.68%"
"10/29/2019","24,893","24,580","24,893","24,242","1.35M","1.31%"
"10/28/2019","24,571","24,300","24,679","24,025","935.12K","2.28%"
"10/25/2019","24,024","24,030","24,350","23,879","603.63K","0.28%"
"10/24/2019","23,958","23,910","24,273","23,250","1.86M","0.24%"
"10/23/2019","23,900","23,690","24,094","23,645","1.20M","0.46%"
"10/22/2019","23,790","24,240","24,347","23,694","2.41M","-1.86%"
"10/21/2019","24,240","24,446","24,674","23,773","2.14M","-0.84%"
"10/18/2019","24,446","24,750","24,923","24,356","1.98M","-1.82%"
"10/17/2019","24,900","25,500","25,852","24,787","1.93M","-2.50%"
"10/16/2019","25,538","25,220","25,606","24,967","817.58K","0.14%"
"10/15/2019","25,503","25,000","25,503","25,000","765.27K","2.34%"
"10/14/2019","24,919","24,950","25,168","24,629","822.32K","-0.12%"
"10/11/2019","24,950","24,889","25,064","24,692","686.78K","0.25%"
"10/10/2019","24,889","24,355","24,947","24,310","1.04M","1.72%"
"10/09/2019","24,469","24,598","24,860","24,389","1.35M","-1.06%"
"10/08/2019","24,731","25,099","25,147","24,472","1.73M","-0.18%"
"10/07/2019","24,775","23,000","24,800","22,550","2.93M","13.54%"
"10/04/2019","21,820","21,680","21,838","21,494","1.19M","1.43%"
"10/03/2019","21,513","21,800","21,931","21,375","609.06K","-1.01%"
"10/02/2019","21,733","21,592","21,834","21,469","1.17M","0.38%"
"10/01/2019","21,650","21,411","21,854","21,401","1.08M","0.70%"
"09/30/2019","21,499","21,411","21,689","21,196","867.39K","-0.37%"
"09/27/2019","21,578","21,401","21,785","21,391","648.16K","-0.10%"
"09/26/2019","21,600","21,055","21,689","21,055","958.67K","2.38%"
"09/25/2019","21,097","21,115","21,409","20,954","1.02M","-1.32%"
"09/23/2019","21,380","21,549","21,728","21,174","668.77K","-0.83%"
"09/20/2019","21,558","21,582","21,954","21,350","1.59M","-0.13%"
"09/19/2019","21,586","21,600","21,878","21,400","2.77M","-1.78%"
"09/18/2019","21,978","21,902","22,081","21,747","1.11M","0.50%"
"09/17/2019","21,869","22,000","22,000","21,382","1.10M","-1.07%"
"09/16/2019","22,106","21,500","22,106","21,380","1.71M","2.77%"
"09/13/2019","21,510","21,282","21,594","21,180","523.28K","0.46%"
"09/12/2019","21,412","20,915","21,733","20,691","1.30M","2.76%"
"09/11/2019","20,836","20,500","20,836","20,199","863.41K","1.64%"
"09/10/2019","20,499","20,270","20,624","20,034","731.17K","1.48%"
"09/09/2019","20,200","20,157","20,475","20,097","506.22K","-0.35%"
"09/06/2019","20,271","19,931","20,454","19,892","479.66K","0.88%"
"09/05/2019","20,095","19,667","20,207","19,563","905.44K","2.79%"
"09/04/2019","19,550","19,761","19,835","19,365","670.02K","-0.55%"
"09/03/2019","19,658","19,640","19,759","19,124","965.12K","-0.06%"
"09/02/2019","19,669","19,950","19,950","19,550","432.91K","-1.16%"
"08/30/2019","19,900","19,415","20,049","19,000","974.66K","3.07%"
"08/29/2019","19,308","19,354","19,556","19,034","748.36K","-0.57%"
"08/28/2019","19,419","19,034","19,469","18,919","762.41K","2.04%"
"08/27/2019","19,030","19,067","19,108","18,788","1.40M","-0.62%"
"08/26/2019","19,148","18,675","19,178","18,553","988.65K","1.04%"
"08/23/2019","18,950","19,578","19,578","18,950","1.44M","-2.11%"
"08/22/2019","19,358","19,641","19,714","19,215","656.25K","-1.93%"
"08/21/2019","19,738","19,437","19,831","19,437","622.56K","1.01%"
"08/20/2019","19,540","19,850","19,924","19,374","1.09M","-1.35%"
"08/19/2019","19,807","19,541","19,986","19,541","805.26K","2.57%"
"08/16/2019","19,311","19,829","19,849","19,311","2.04M","-3.04%"
"08/15/2019","19,916","19,910","20,183","19,611","1.37M","0.37%"
"08/14/2019","19,842","20,600","20,600","19,836","1.54M","-3.61%"
"08/13/2019","20,585","20,000","20,585","20,000","1.03M","1.40%"
"08/12/2019","20,300","20,450","20,871","19,900","1.75M","-1.79%"
"08/08/2019","20,670","20,990","21,229","20,670","1.07M","-0.58%"
"08/07/2019","20,790","20,700","21,139","20,501","2.64M","0.63%"
"08/06/2019","20,660","19,875","20,715","19,875","1.24M","4.14%"
"08/05/2019","19,838","20,120","20,299","19,749","1.15M","-3.23%"
"08/02/2019","20,500","20,113","20,832","20,101","787.10K","-0.24%"
"08/01/2019","20,550","20,300","20,550","20,109","637.74K","0.61%"
"07/31/2019","20,425","20,427","20,711","20,150","720.13K","-0.46%"
"07/30/2019","20,520","20,545","20,822","20,371","561.32K","-0.63%"
"07/29/2019","20,651","20,352","20,687","20,339","417.73K","1.13%"
"07/26/2019","20,420","20,523","20,637","20,128","797.66K","-0.61%"
"07/25/2019","20,546","20,730","20,973","20,399","653.49K","-1.35%"
"07/24/2019","20,827","21,223","21,261","20,721","779.83K","-1.37%"
"07/23/2019","21,117","21,268","21,300","20,960","407.10K","0.02%"
"07/22/2019","21,113","21,349","21,349","20,727","498.94K","-0.77%"
"07/19/2019","21,276","21,140","21,387","21,008","646.99K","1.64%"
"07/18/2019","20,932","20,732","21,215","20,594","547.83K","0.86%"
"07/17/2019","20,754","21,288","21,288","20,619","937.71K","-2.19%"
"07/16/2019","21,218","21,013","21,323","20,988","394.11K","1.34%"
"07/15/2019","20,937","21,070","21,285","20,629","383.64K","0.02%"
"07/12/2019","20,933","21,100","21,324","20,800","400.04K","-0.44%"
"07/11/2019","21,026","21,000","21,500","20,820","775.50K","0.49%"
"07/10/2019","20,924","20,463","20,999","20,338","651.01K","2.76%"
"07/09/2019","20,362","20,267","20,533","20,196","606.12K","-0.43%"
"07/08/2019","20,450","20,191","20,637","20,081","647.49K","0.90%"
"07/05/2019","20,267","20,184","20,379","20,123","323.20K","-0.32%"
"07/04/2019","20,332","20,052","20,469","20,052","352.84K","1.00%"
"07/03/2019","20,131","20,291","20,455","20,007","491.89K","-0.21%"
"07/02/2019","20,174","20,567","20,567","19,941","618.27K","-1.43%"
"07/01/2019","20,466","20,750","20,952","20,357","554.04K","-0.31%"
"06/28/2019","20,529","20,444","20,904","20,231","530.04K","0.14%"
"06/27/2019","20,500","21,200","21,200","20,418","465.60K","-1.22%"
"06/26/2019","20,754","20,720","21,291","20,647","818.43K","-2.16%"
"06/25/2019","21,212","21,056","21,324","20,887","885.02K","-0.13%"
"06/24/2019","21,240","21,400","21,723","21,050","682.55K","-0.28%"
"06/21/2019","21,300","21,815","21,815","21,300","1.93M","-2.39%"
"06/20/2019","21,822","21,600","21,950","21,302","3.16M","2.13%"
"06/19/2019","21,366","21,363","21,565","21,130","1.05M","1.06%"
"06/18/2019","21,141","20,801","21,433","20,723","1.35M","1.67%"
"06/14/2019","20,793","20,690","21,000","20,545","1.07M","1.17%"
"06/13/2019","20,553","20,850","21,150","20,553","614.49K","-1.77%"
"06/12/2019","20,923","20,500","20,994","20,422","1.12M","1.97%"
"06/11/2019","20,518","20,439","20,587","20,197","761.65K","0.75%"
"06/10/2019","20,365","20,200","20,542","20,002","681.54K","1.89%"
"06/07/2019","19,988","19,456","19,997","19,302","673.58K","2.74%"
"06/06/2019","19,454","19,444","19,741","19,389","418.56K","0.05%"
"06/05/2019","19,444","19,256","19,679","19,000","496.90K","1.57%"
"06/04/2019","19,144","19,644","19,644","18,838","1.00M","-2.84%"
"06/03/2019","19,703","19,111","19,873","19,068","1.16M","3.34%"
"05/31/2019","19,067","18,857","19,109","18,650","769.72K","1.03%"
"05/30/2019","18,873","18,673","19,093","18,602","1.19M","1.74%"
"05/29/2019","18,550","18,299","18,726","17,938","1.23M","1.37%"
"05/28/2019","18,299","18,756","18,825","18,211","1.48M","-2.89%"
"05/27/2019","18,844","18,783","18,965","18,652","499.66K","1.31%"
"05/24/2019","18,600","18,996","19,054","18,600","1.65M","-2.08%"
"05/23/2019","18,995","19,500","19,922","18,954","1.10M","-3.25%"
"05/22/2019","19,633","18,960","19,724","18,960","895.50K","2.84%"
"05/21/2019","19,090","19,530","19,775","18,944","1.32M","-2.37%"
"05/20/2019","19,554","19,607","19,798","19,277","609.11K","-0.08%"
"05/17/2019","19,570","19,975","20,128","19,497","1.24M","-2.64%"
"05/16/2019","20,100","19,905","20,363","19,525","1.26M","1.01%"
"05/15/2019","19,900","19,754","19,947","19,526","1.30M","0.23%"
"05/14/2019","19,854","19,735","20,100","19,735","482.16K","0.20%"
"05/13/2019","19,815","19,900","20,266","19,725","713.34K","-0.43%"
"05/10/2019","19,901","19,711","20,516","19,711","758.00K","0.68%"
"05/09/2019","19,767","20,240","20,240","19,664","1.34M","-0.97%"
"05/07/2019","19,961","20,093","20,404","19,895","420.92K","-1.39%"
"05/06/2019","20,243","19,800","20,243","19,628","364.54K","0.58%"
"05/03/2019","20,127","19,800","20,208","19,735","549.56K","1.27%"
"05/02/2019","19,874","19,520","20,027","19,433","900.36K","1.57%"
"04/30/2019","19,566","19,400","19,799","19,337","978.43K","1.22%"
"04/29/2019","19,331","19,373","19,497","19,103","316.70K","-0.07%"
"04/26/2019","19,344","19,526","19,743","19,307","404.44K","-1.96%"
"04/25/2019","19,730","19,500","19,730","19,272","1.83M","1.05%"
"04/24/2019","19,525","19,700","19,813","19,450","1.84M","-1.11%"
"04/23/2019","19,744","19,546","19,756","19,299","1.36M","1.01%"
"04/18/2019","19,546","18,324","19,546","18,324","912.31K","6.19%"
"04/17/2019","18,407","18,000","19,169","18,000","2.51M","3.99%"
"04/16/2019","17,700","17,671","17,765","17,555","492.24K","0.39%"
"04/15/2019","17,631","17,707","17,707","17,316","494.08K","-0.14%"
"04/12/2019","17,656","17,370","17,863","17,370","382.88K","-0.25%"
"04/11/2019","17,700","17,971","17,971","17,541","622.04K","-0.84%"
"04/10/2019","17,850","17,349","17,979","17,349","919.31K","2.84%"
"04/09/2019","17,357","17,485","17,681","17,343","994.09K","-0.29%"
"04/08/2019","17,408","17,523","17,523","17,181","556.16K","0.37%"
"04/05/2019","17,344","17,405","17,582","17,300","568.19K","0.84%"
"04/04/2019","17,200","17,795","17,996","17,162","1.16M","-3.38%"
"04/03/2019","17,801","18,052","18,058","17,696","918.73K","0.01%"
"04/02/2019","17,800","18,691","18,800","17,775","1.08M","-4.18%"
"04/01/2019","18,576","18,435","18,996","18,129","1.07M","0.84%"
"03/29/2019","18,421","18,298","18,421","17,790","766.32K","3.38%"
"03/28/2019","17,818","17,990","17,990","17,555","382.60K","0.39%"
"03/27/2019","17,749","17,752","18,349","17,582","692.59K","-0.70%"
"03/26/2019","17,875","17,998","18,100","17,636","442.09K","-0.65%"
"03/25/2019","17,992","18,381","18,381","17,778","940.17K","-2.48%"
"03/22/2019","18,449","18,198","18,674","18,019","1.60M","2.88%"
"03/20/2019","17,933","18,200","18,200","17,713","1.53M","0.18%"
"03/19/2019","17,900","17,900","18,256","17,746","1.48M","-0.56%"
"03/18/2019","18,000","17,920","18,188","17,731","545.60K","0.49%"
"03/15/2019","17,913","17,501","18,189","17,501","1.43M","1.10%"
"03/14/2019","17,718","17,810","18,266","17,718","626.18K","-2.06%"
"03/13/2019","18,090","18,150","18,399","17,806","741.32K","-0.41%"
"03/12/2019","18,165","18,490","18,490","17,897","710.65K","-0.50%"
"03/11/2019","18,256","18,497","18,497","17,900","705.36K","1.19%"
"03/08/2019","18,042","18,100","18,645","17,750","729.57K","0.97%"
"03/07/2019","17,869","18,199","18,199","17,740","890.59K","-0.79%"
"03/06/2019","18,012","18,000","18,465","17,880","999.83K","-2.38%"
"03/05/2019","18,451","18,314","18,512","18,278","742.46K","0.76%"
"03/04/2019","18,312","18,564","18,564","18,046","622.97K","0.87%"
"03/01/2019","18,154","18,400","18,802","18,056","931.18K","0.49%"
"02/28/2019","18,066","18,449","18,495","17,940","844.69K","-0.74%"
"02/27/2019","18,200","18,415","18,790","18,118","943.36K","-1.97%"
"02/26/2019","18,565","18,650","18,868","18,450","1.03M","-1.45%"
"02/25/2019","18,839","18,650","18,868","18,303","1.17M","2.10%"
"02/22/2019","18,451","17,800","18,477","17,800","1.31M","3.98%"
"02/21/2019","17,745","17,810","17,878","17,545","2.08M","-0.36%"
"02/20/2019","17,810","17,301","17,900","17,301","2.12M","2.72%"
"02/19/2019","17,338","17,835","17,920","17,229","585.12K","-2.79%"
"02/18/2019","17,836","17,600","17,897","17,520","668.78K","1.98%"
"02/15/2019","17,490","17,700","17,845","17,325","2.02M","-1.19%"
"02/14/2019","17,700","18,400","18,499","17,700","1.30M","-4.27%"
"02/13/2019","18,490","18,600","18,769","18,203","733.28K","0.10%"
"02/12/2019","18,471","18,060","18,600","18,060","573.96K","1.49%"
"02/11/2019","18,200","18,450","18,759","18,170","952.25K","-1.70%"
"02/08/2019","18,514","18,505","18,804","18,465","678.06K","-0.68%"
"02/07/2019","18,641","18,550","18,849","18,500","2.42M","-3.80%"
"02/06/2019","19,378","19,692","19,692","19,264","503.69K","-0.18%"
"02/05/2019","19,412","19,182","19,412","18,991","343.18K","1.20%"
"02/04/2019","19,182","19,381","19,900","19,181","698.28K","-3.12%"
"02/01/2019","19,800","19,650","19,838","19,400","930.40K","0.56%"
"01/31/2019","19,690","18,701","19,934","18,701","1.20M","3.75%"
"01/30/2019","18,979","18,700","18,992","18,559","1.55M","0.27%"
"01/29/2019","18,927","19,000","19,349","18,778","792.42K","-0.16%"
"01/28/2019","18,958","19,400","19,400","18,958","630.57K","-2.53%"
"01/25/2019","19,451","19,011","19,451","19,011","649.08K","1.75%"
"01/24/2019","19,116","19,115","19,470","18,800","836.52K","0.04%"
"01/23/2019","19,108","19,299","19,400","18,896","888.06K","-2.01%"
"01/22/2019","19,499","19,280","20,250","19,221","1.61M","-0.78%"
"01/21/2019","19,653","19,067","19,800","19,067","624.70K","1.04%"
"01/18/2019","19,450","19,400","19,450","18,971","492.21K","1.45%"
"01/17/2019","19,172","19,890","19,975","18,960","2.09M","-4.28%"
"01/16/2019","20,030","19,704","20,030","19,627","275.51K","1.65%"
"01/15/2019","19,704","19,700","20,060","19,531","809.44K","-0.89%"
"01/14/2019","19,880","19,086","19,999","18,701","961.93K","4.15%"
"01/11/2019","19,088","18,765","19,289","18,765","953.20K","0.84%"
"01/10/2019","18,929","19,050","19,089","18,700","828.97K","1.14%"
"01/09/2019","18,715","18,200","18,935","18,200","805.98K","0.35%"
"01/08/2019","18,649","18,053","19,103","18,053","408.17K","-1.33%"
"01/07/2019","18,900","18,501","19,295","18,501","474.77K","-1.05%"
"01/04/2019","19,100","18,006","19,177","18,006","566.36K","1.22%"
"01/03/2019","18,869","19,100","19,195","18,770","1.40M","-1.72%"
"01/02/2019","19,200","19,400","19,400","18,721","1.01M","0.29%"
"12/31/2018","19,145","19,000","19,300","18,860","301.57K","1.89%"
"12/28/2018","18,789","19,000","19,000","18,150","514.20K","-0.09%"
"12/27/2018","18,805","19,155","19,377","18,579","768.77K","-0.06%"
"12/24/2018","18,816","18,868","18,890","18,303","383.98K","-0.28%"
"12/21/2018","18,868","18,700","19,400","18,651","1.71M","-2.42%"
"12/20/2018","19,336","18,500","19,336","18,176","2.01M","3.38%"
"12/19/2018","18,704","18,740","18,740","18,223","1.08M","0.74%"
"12/18/2018","18,566","18,060","18,566","17,527","1.29M","2.58%"
"12/14/2018","18,099","17,372","18,099","17,372","1.06M","1.26%"
"12/13/2018","17,874","18,149","18,183","17,572","664.67K","1.02%"
"12/12/2018","17,693","18,039","18,040","17,647","668.67K","-0.19%"
"12/11/2018","17,726","17,500","18,021","17,434","1.56M","1.29%"
"12/10/2018","17,500","17,400","17,500","16,917","1.12M","0.52%"
"12/07/2018","17,410","18,245","18,303","17,392","898.29K","-1.62%"
"12/06/2018","17,696","18,300","18,300","17,296","1.81M","-4.14%"
"12/05/2018","18,461","18,600","19,201","18,352","983.52K","-3.85%"
"12/04/2018","19,200","19,291","19,608","18,926","983.85K","-0.47%"
"12/03/2018","19,291","19,000","20,000","19,000","1.07M","2.73%"
"11/30/2018","18,779","18,700","19,105","18,484","1.83M","-2.08%"
"11/29/2018","19,177","19,300","19,472","18,806","706.20K","0.19%"
"11/28/2018","19,141","18,880","19,265","18,404","842.49K","1.56%"
"11/27/2018","18,847","19,119","19,119","18,555","570.55K","-1.42%"
"11/26/2018","19,119","18,520","19,170","18,420","739.11K","3.23%"
"11/23/2018","18,520","18,550","18,707","18,041","454.42K","-0.94%"
"11/22/2018","18,695","18,900","18,900","18,077","641.15K","1.22%"
"11/21/2018","18,469","18,025","18,634","18,025","611.99K","0.61%"
"11/20/2018","18,357","18,550","18,626","18,182","880.09K","-1.56%"
"11/19/2018","18,648","18,600","19,079","18,550","460.07K","-0.86%"
"11/16/2018","18,810","18,611","19,399","18,611","947.58K","-1.79%"
"11/15/2018","19,152","18,850","19,152","18,401","788.62K","1.60%"
"11/14/2018","18,851","18,600","19,001","18,442","778.12K","0.24%"
"11/13/2018","18,806","18,606","19,338","18,606","924.70K","0.06%"
"11/12/2018","18,794","18,800","19,700","18,635","991.95K","-3.37%"
"11/09/2018","19,450","19,429","19,494","19,033","875.85K","-0.86%"
"11/08/2018","19,618","19,572","19,856","19,426","838.34K","-0.81%"
"11/07/2018","19,778","19,770","19,883","19,378","1.14M","2.21%"
"11/06/2018","19,351","19,774","20,000","18,870","1.23M","-2.14%"
"11/05/2018","19,774","19,300","19,790","19,148","887.33K","1.41%"
"11/02/2018","19,500","19,250","19,725","19,203","1.80M","1.85%"
"11/01/2018","19,145","18,800","19,235","18,600","1.47M","1.84%"
"10/31/2018","18,800","18,299","18,800","18,012","2.29M","3.60%"
"10/30/2018","18,147","17,844","18,147","17,554","1.95M","1.66%"
"10/29/2018","17,850","17,350","17,957","17,350","1.51M","2.88%"
"10/26/2018","17,350","17,313","17,499","16,978","2.51M","-0.29%"
"10/25/2018","17,400","16,310","17,787","15,709","3.09M","6.75%"
"10/24/2018","16,300","15,825","16,679","15,743","1.66M","3.16%"
"10/23/2018","15,800","16,000","16,306","15,772","1.46M","-3.19%"
"10/22/2018","16,320","17,000","17,233","15,913","1.99M","-1.69%"
"10/19/2018","16,600","16,165","16,600","15,953","2.25M","4.94%"
"10/18/2018","15,818","15,650","15,818","15,501","1.05M","0.08%"
"10/17/2018","15,806","15,890","16,258","15,443","2.11M","1.00%"
"10/16/2018","15,650","15,502","15,728","15,285","1.46M","-0.51%"
"10/15/2018","15,730","16,224","16,300","15,250","1.39M","-3.49%"
"10/12/2018","16,299","16,049","16,345","15,832","1.72M","4.39%"
"10/11/2018","15,614","15,816","15,835","15,301","1.82M","-2.90%"
"10/10/2018","16,080","16,226","16,350","15,957","1.31M","0.02%"
"10/09/2018","16,076","16,338","16,508","15,938","1.72M","-2.11%"
"10/08/2018","16,422","16,280","16,568","15,966","1.32M","0.75%"
"10/05/2018","16,300","16,503","16,605","16,300","1.21M","-1.23%"
"10/04/2018","16,503","17,100","17,100","16,503","1.29M","-4.32%"
"10/03/2018","17,248","17,470","17,501","17,149","758.24K","-0.59%"
"10/02/2018","17,350","17,870","18,048","17,067","1.70M","-4.42%"
"10/01/2018","18,152","17,500","18,417","17,500","1.60M","3.73%"
"09/28/2018","17,500","17,900","17,946","17,311","1.22M","-2.78%"
"09/27/2018","18,000","17,810","18,686","17,794","1.75M","-0.03%"
"09/26/2018","18,006","17,651","18,191","17,567","1.33M","1.87%"
"09/25/2018","17,675","18,063","18,241","17,299","938.09K","-2.25%"
"09/21/2018","18,082","18,010","18,149","17,100","1.98M","-0.37%"
"09/20/2018","18,150","18,422","18,656","18,139","2.26M","-1.11%"
"09/19/2018","18,353","18,301","18,499","18,099","1.14M","0.45%"
"09/18/2018","18,270","18,200","18,346","18,093","1.20M","0.63%"
"09/17/2018","18,155","18,800","18,875","18,148","1.05M","-4.16%"
"09/14/2018","18,943","18,942","19,207","18,814","719.35K","-0.53%"
"09/13/2018","19,044","19,115","19,364","18,622","903.58K","-0.29%"
"09/12/2018","19,100","19,167","19,318","18,787","1.14M","0.23%"
"09/11/2018","19,057","19,438","19,438","18,827","982.01K","-0.99%"
"09/10/2018","19,248","19,691","19,849","19,145","568.87K","-1.92%"
"09/07/2018","19,625","19,425","19,958","19,363","720.22K","2.04%"
"09/06/2018","19,232","19,140","19,533","18,917","1.35M","0.43%"
"09/05/2018","19,150","19,500","19,670","19,001","1.33M","-2.78%"
"09/04/2018","19,697","20,483","20,517","19,617","779.90K","-3.84%"
"09/03/2018","20,484","20,113","20,949","20,113","875.38K","0.91%"
"08/31/2018","20,300","20,097","20,488","19,858","997.57K","1.51%"
"08/30/2018","19,998","20,458","20,580","19,942","1.06M","-1.93%"
"08/29/2018","20,391","20,260","20,739","20,156","1.18M","-0.77%"
"08/28/2018","20,550","20,676","20,873","20,443","1.05M","-0.95%"
"08/27/2018","20,748","20,365","20,946","20,365","1.10M","1.88%"
"08/24/2018","20,365","19,789","20,444","19,651","1.14M","3.48%"
"08/23/2018","19,680","18,751","19,773","18,574","1.07M","5.49%"
"08/22/2018","18,656","19,140","19,256","18,615","941.15K","-1.82%"
"08/21/2018","19,001","18,982","19,087","18,859","792.44K","1.60%"
"08/20/2018","18,701","18,832","19,037","18,676","762.75K","-0.13%"
"08/17/2018","18,725","18,850","19,088","18,650","1.06M","-0.40%"
"08/16/2018","18,800","18,765","19,065","18,697","1.14M","1.63%"
"08/15/2018","18,498","18,900","19,136","18,498","1.33M","-2.13%"
"08/14/2018","18,900","18,600","18,996","18,600","1.83M","1.07%"
"08/13/2018","18,700","18,822","18,901","18,382","1.49M","-1.58%"
"08/10/2018","19,000","19,293","19,293","18,814","893.07K","-1.55%"
"08/08/2018","19,300","19,630","19,630","19,223","883.17K","-0.77%"
"08/07/2018","19,450","19,214","19,459","19,044","642.36K","2.37%"
"08/06/2018","19,000","19,700","19,700","18,950","1.25M","-2.85%"
"08/03/2018","19,557","19,608","19,656","19,135","1.39M","1.91%"
"08/02/2018","19,190","19,330","19,456","19,025","1.04M","-1.21%"
"08/01/2018","19,425","19,470","19,470","19,084","792.47K","0.51%"
"07/31/2018","19,326","18,892","19,364","18,558","1.11M","2.88%"
"07/30/2018","18,785","18,800","18,958","18,584","712.22K","-0.27%"
"07/27/2018","18,835","18,662","18,849","18,662","538.60K","0.79%"
"07/26/2018","18,688","18,742","18,864","18,589","587.80K","0.07%"
"07/25/2018","18,675","18,655","18,931","18,579","552.15K","-0.40%"
"07/24/2018","18,750","18,629","18,979","18,629","697.65K","0.07%"
"07/23/2018","18,737","18,862","18,913","18,524","408.79K","-0.60%"
"07/20/2018","18,851","19,096","19,096","18,535","1.74M","1.06%"
"07/19/2018","18,653","18,965","19,021","18,553","940.38K","-2.11%"
"07/18/2018","19,055","18,562","19,100","18,486","1.59M","2.55%"
"07/17/2018","18,582","18,200","18,600","18,143","2.25M","2.07%"
"07/16/2018","18,206","18,675","18,725","18,157","1.92M","-2.69%"
"07/13/2018","18,709","18,871","18,981","18,610","1.55M","-1.23%"
"07/12/2018","18,942","19,000","19,143","18,849","1.11M","-0.27%"
"07/11/2018","18,994","19,379","19,379","18,876","1.33M","-2.55%"
"07/10/2018","19,491","19,730","19,819","19,256","699.98K","-1.31%"
"07/09/2018","19,750","19,662","19,788","19,328","1.46M","1.91%"
"07/06/2018","19,379","19,700","19,700","19,119","969.44K","-1.70%"
"07/05/2018","19,715","19,679","20,078","19,393","1.03M","-1.06%"
"07/04/2018","19,926","20,221","20,293","19,692","872.16K","-1.85%"
"07/03/2018","20,302","19,866","20,302","19,624","1.13M","2.91%"
"07/02/2018","19,728","19,241","19,728","19,241","628.00K","0.38%"
"06/29/2018","19,653","19,450","19,653","19,288","1.61M","1.83%"
"06/28/2018","19,300","19,204","19,513","18,864","1.12M","0.09%"
"06/27/2018","19,282","20,200","20,200","19,254","1.37M","-5.13%"
"06/26/2018","20,324","20,984","21,199","20,300","1.55M","-0.24%"
"06/25/2018","20,373","20,200","20,606","20,121","613.08K","-0.14%"
"06/22/2018","20,402","20,200","20,662","20,200","769.76K","0.77%"
"06/21/2018","20,246","20,200","20,301","19,999","1.80M","1.13%"
"06/20/2018","20,020","19,930","20,227","19,809","1.04M","0.54%"
"06/19/2018","19,913","19,500","20,073","19,205","1.34M","-0.55%"
"06/18/2018","20,024","19,951","20,198","19,849","797.20K","-1.70%"
"06/15/2018","20,370","20,370","20,496","20,100","4.26M","0.84%"
"06/14/2018","20,200","19,990","20,349","19,899","985.48K","1.01%"
"06/13/2018","19,998","20,261","20,449","19,692","889.51K","-0.80%"
"06/12/2018","20,159","20,203","20,477","19,971","1.30M","-0.40%"
"06/11/2018","20,240","20,313","20,686","20,102","1.42M","-0.47%"
"06/08/2018","20,336","20,100","20,483","19,929","1.09M","-0.05%"
"06/07/2018","20,347","20,474","20,748","20,226","974.89K","-1.11%"
"06/06/2018","20,576","20,733","20,869","20,297","875.89K","-0.20%"
"06/05/2018","20,617","20,960","20,960","20,225","1.98M","-1.59%"
"06/04/2018","20,950","20,281","20,981","20,199","2.53M","3.93%"
"06/01/2018","20,157","20,350","20,487","19,709","1.35M","-0.21%"
"05/31/2018","20,199","20,276","21,032","20,120","22.45M","1.11%"
"05/30/2018","19,978","20,710","20,792","19,968","3.33M","-3.02%"
"05/29/2018","20,600","20,990","20,990","20,350","2.29M","-1.06%"
"05/28/2018","20,820","21,540","22,000","20,820","1.04M","-2.14%"
"05/25/2018","21,275","20,335","21,449","19,915","2.89M","5.85%"
"05/24/2018","20,100","20,700","20,804","19,923","2.05M","-2.90%"
"05/23/2018","20,700","20,900","20,977","20,332","1.86M","-1.10%"
"05/22/2018","20,930","21,308","21,360","20,916","1.60M","-1.19%"
"05/21/2018","21,182","21,450","21,450","21,031","1.45M","-0.17%"
"05/18/2018","21,219","21,221","21,684","21,030","1.55M","0.91%"
"05/17/2018","21,028","21,200","21,290","20,961","1.69M","-0.65%"
"05/16/2018","21,165","21,000","21,499","20,865","2.27M","1.56%"
"05/15/2018","20,839","21,350","22,220","20,839","3.75M","-1.24%"
"05/14/2018","21,100","21,250","21,298","20,716","688.89K","-0.13%"
"05/11/2018","21,127","20,473","21,269","20,462","1.39M","3.52%"
"05/10/2018","20,408","20,840","20,886","20,059","1.72M","-1.27%"
"05/09/2018","20,670","20,856","20,869","20,550","1.30M","-0.44%"
"05/08/2018","20,762","21,050","21,146","20,669","1.18M","-1.13%"
"05/07/2018","21,000","21,200","21,399","20,874","697.92K","-0.94%"
"05/04/2018","21,200","21,060","21,706","20,950","2.54M","0.71%"
"05/03/2018","21,050","21,399","21,540","21,050","1.13M","-2.28%"
"05/02/2018","21,542","21,399","21,600","21,104","1.23M","0.81%"
"04/30/2018","21,368","20,799","21,394","20,703","1.52M","3.71%"
"04/26/2018","20,603","20,730","20,985","20,470","1.84M","-0.82%"
"04/25/2018","20,774","20,700","21,030","20,400","1.64M","-0.43%"
"04/24/2018","20,864","21,205","21,237","20,635","2.04M","-1.76%"
"04/23/2018","21,238","20,565","21,270","20,485","1.57M","3.27%"
"04/20/2018","20,565","20,100","20,694","20,028","1.09M","2.57%"
"04/19/2018","20,050","19,500","20,162","19,399","1.36M","2.48%"
"04/18/2018","19,564","19,400","19,564","19,150","958.35K","1.37%"
"04/17/2018","19,300","18,995","19,327","18,900","1.15M","2.04%"
"04/16/2018","18,914","18,860","19,013","18,405","791.45K","2.27%"
"04/13/2018","18,494","18,590","18,596","18,251","855.53K","-0.28%"
"04/12/2018","18,545","18,737","18,875","18,300","878.24K","-1.12%"
"04/11/2018","18,756","18,862","19,050","18,705","898.23K","-0.76%"
"04/10/2018","18,900","19,095","19,095","18,476","935.66K","0.47%"
"04/09/2018","18,811","18,669","19,021","18,612","1.18M","1.58%"
"04/06/2018","18,518","18,750","18,750","18,433","680.48K","-0.44%"
"04/05/2018","18,600","18,500","18,746","18,310","1.62M","2.24%"
"04/04/2018","18,193","18,394","18,815","17,520","877.95K","-0.63%"
"04/03/2018","18,308","18,690","18,690","18,067","995.83K","0.53%"
"03/29/2018","18,211","18,499","18,823","18,145","963.91K","-1.03%"
"03/28/2018","18,401","18,344","18,532","17,945","1.48M","0.14%"
"03/27/2018","18,375","18,695","18,861","18,353","1.21M","0.14%"
"03/26/2018","18,350","18,303","18,669","17,952","1.19M","0.82%"
"03/23/2018","18,201","18,250","18,378","18,039","728.35K","-0.26%"
"03/22/2018","18,248","18,005","18,598","18,005","2.12M","1.35%"
"03/20/2018","18,005","17,665","18,203","17,405","1.40M","1.93%"
"03/19/2018","17,664","17,850","17,850","17,209","886.95K","-1.04%"
"03/16/2018","17,850","17,010","17,850","16,860","5.20M","5.00%"
"03/15/2018","17,000","16,805","17,590","16,805","571.23K","-0.57%"
"03/14/2018","17,098","18,365","18,365","16,900","925.58K","-3.61%"
"03/13/2018","17,738","18,150","18,150","17,458","424.01K","0.58%"
"03/12/2018","17,636","17,542","18,081","17,458","549.99K","0.54%"
"03/09/2018","17,542","17,808","17,849","17,461","620.63K","-0.89%"
"03/08/2018","17,700","17,510","17,987","17,510","399.29K","0.87%"
"03/07/2018","17,547","17,760","18,000","17,282","411.88K","-1.42%"
"03/06/2018","17,800","17,850","18,187","17,544","576.13K","1.62%"
"03/05/2018","17,517","17,300","17,866","17,065","494.14K","1.25%"
"03/02/2018","17,300","16,780","17,300","16,780","330.75K","0.52%"
"03/01/2018","17,210","16,952","17,210","16,887","739.92K","1.80%"
"02/28/2018","16,905","17,292","17,400","16,900","1.00M","-3.01%"
"02/27/2018","17,430","17,600","17,875","17,311","741.35K","-0.97%"
"02/26/2018","17,600","17,835","17,835","17,381","751.74K","-1.34%"
"02/23/2018","17,839","17,350","17,839","16,800","923.93K","3.59%"
"02/22/2018","17,221","16,900","17,284","16,795","744.38K","1.90%"
"02/21/2018","16,900","16,075","16,967","16,075","1.08M","2.11%"
"02/20/2018","16,550","16,500","16,699","16,255","1.16M","-0.93%"
"02/19/2018","16,706","16,740","16,879","16,597","653.43K","0.34%"
"02/16/2018","16,650","16,768","16,967","16,589","1.81M","-3.43%"
"02/15/2018","17,241","17,057","17,646","17,015","726.75K","2.14%"
"02/14/2018","16,879","16,336","16,943","16,283","685.55K","3.32%"
"02/13/2018","16,336","16,430","16,602","16,105","870.51K","-0.09%"
"02/12/2018","16,350","16,326","16,457","15,945","1.14M","2.60%"
"02/09/2018","15,936","15,800","16,270","15,561","852.26K","-1.88%"
"02/08/2018","16,242","16,450","16,650","16,242","665.41K","-1.13%"
"02/07/2018","16,427","16,170","16,447","15,900","924.99K","3.97%"
"02/06/2018","15,800","15,900","16,197","15,559","1.07M","-3.95%"
"02/05/2018","16,450","16,125","16,555","15,897","808.54K","2.02%"
"02/02/2018","16,125","16,449","16,848","16,119","1.30M","-1.97%"
"02/01/2018","16,449","16,850","17,154","16,449","2.38M","-3.72%"
"01/31/2018","17,085","17,620","17,620","16,840","824.18K","0.21%"
"01/30/2018","17,050","17,315","17,527","16,953","595.44K","-1.53%"
"01/29/2018","17,315","18,300","18,950","17,315","952.02K","-5.27%"
"01/26/2018","18,279","18,550","18,898","18,023","762.74K","-1.35%"
"01/25/2018","18,530","18,144","18,530","18,024","314.28K","2.31%"
"01/24/2018","18,112","18,280","18,376","17,900","414.25K","-0.92%"
"01/23/2018","18,281","17,500","18,394","17,100","612.27K","4.47%"
"01/22/2018","17,499","17,360","17,893","17,360","678.47K","0.77%"
"01/19/2018","17,365","17,695","17,699","17,330","452.16K","-1.05%"
"01/18/2018","17,550","17,500","17,907","17,316","674.75K","1.28%"
"01/17/2018","17,329","16,636","17,400","16,636","646.88K","1.40%"
"01/16/2018","17,089","17,400","17,400","16,705","932.29K","2.33%"
"01/15/2018","16,700","16,601","16,855","16,575","431.57K","0.52%"
"01/12/2018","16,614","17,126","17,455","16,583","1.04M","-1.90%"
"01/11/2018","16,935","17,499","17,499","16,902","437.24K","-1.55%"
"01/10/2018","17,201","17,755","18,147","17,045","588.92K","-3.14%"
"01/09/2018","17,759","17,860","18,246","17,577","576.79K","0.33%"
"01/08/2018","17,700","17,500","17,905","17,421","534.08K","1.64%"
"01/05/2018","17,414","17,576","17,728","17,399","364.33K","-0.57%"
"01/04/2018","17,514","17,300","17,816","17,300","1.04M","-0.39%"
"01/03/2018","17,582","17,800","17,991","17,363","508.89K","-2.25%"
"01/02/2018","17,986","18,101","18,113","17,842","594.33K","-0.70%"
"12/29/2017","18,113","18,400","18,400","18,113","307.82K","0.08%"
"12/28/2017","18,099","18,200","18,392","18,099","548.91K","-0.55%"
"12/27/2017","18,200","18,020","18,367","18,020","330.04K","0.86%"
"12/22/2017","18,045","18,000","18,499","18,000","211.65K","-0.18%"
"12/21/2017","18,077","18,350","18,562","18,029","912.42K","-0.87%"
"12/20/2017","18,235","18,613","19,435","18,235","938.82K","-4.53%"
"12/19/2017","19,100","17,600","19,142","17,598","1.25M","8.52%"
"12/18/2017","17,600","17,700","17,941","17,078","1.16M","1.38%"
"12/15/2017","17,360","17,600","17,720","17,300","2.09M","-1.22%"
"12/14/2017","17,575","17,547","17,849","17,203","1.34M","1.59%"
"12/13/2017","17,300","17,450","17,940","17,101","465.33K","-0.29%"
"12/12/2017","17,350","17,437","17,448","17,062","479.14K","-0.50%"
"12/11/2017","17,437","18,300","18,300","17,300","727.39K","-2.59%"
"12/08/2017","17,900","17,909","18,066","17,767","775.99K","-0.92%"
"12/07/2017","18,066","18,006","18,310","17,886","845.03K","-1.33%"
"12/06/2017","18,310","18,275","18,526","17,760","1.20M","0.35%"
"12/05/2017","18,247","17,600","18,324","17,010","818.13K","3.68%"
"12/04/2017","17,600","17,723","17,855","17,313","803.98K","-0.01%"
"12/01/2017","17,601","17,090","17,725","17,090","495.20K","1.51%"
"11/30/2017","17,339","17,350","17,566","17,054","1.15M","-0.15%"
"11/29/2017","17,365","17,434","17,454","17,040","1.01M","-0.20%"
"11/28/2017","17,400","17,000","17,517","16,716","1.24M","2.35%"
"11/27/2017","17,000","16,500","17,209","16,500","612.68K","1.19%"
"11/24/2017","16,800","16,350","16,874","16,300","1.37M","1.84%"
"11/23/2017","16,497","16,010","16,499","16,009","792.92K","3.11%"
"11/22/2017","16,000","15,689","16,189","15,689","1.49M","3.23%"
"11/21/2017","15,500","15,600","15,895","15,475","486.05K","-1.51%"
"11/20/2017","15,738","15,897","15,897","15,600","99.11K","0.37%"
"11/17/2017","15,680","15,574","15,748","15,354","2.08M","1.16%"
"11/16/2017","15,500","15,346","15,603","15,346","487.19K","1.01%"
"11/15/2017","15,345","15,095","15,500","15,095","548.04K","0.43%"
"11/14/2017","15,280","15,499","15,499","15,236","773.96K","-1.42%"
"11/13/2017","15,500","15,400","15,600","15,400","353.26K","-0.32%"
"11/10/2017","15,550","15,600","15,600","15,044","1.77M","0.53%"
"11/09/2017","15,468","15,857","15,860","15,327","884.01K","-2.47%"
"11/08/2017","15,860","15,850","15,900","15,647","254.58K","0.13%"
"11/07/2017","15,840","16,200","16,390","15,731","737.31K","-1.61%"
"11/06/2017","16,100","15,961","16,150","15,919","337.85K","0.87%"
"11/03/2017","15,961","16,100","16,480","15,921","539.69K","-1.94%"
"11/02/2017","16,276","16,200","16,500","16,173","442.63K","1.06%"
"11/01/2017","16,105","15,750","16,282","15,750","541.01K","1.65%"
"10/31/2017","15,843","16,225","16,470","15,829","1.37M","-2.34%"
"10/30/2017","16,223","16,097","16,223","15,859","631.57K","0.95%"
"10/27/2017","16,071","15,490","16,071","15,490","1.51M","4.12%"
"10/26/2017","15,435","15,800","15,950","15,281","1.00M","-0.55%"
"10/25/2017","15,521","15,420","15,626","15,330","721.96K","0.28%"
"10/24/2017","15,478","15,539","15,600","15,359","444.16K","-0.43%"
"10/23/2017","15,545","15,725","15,725","15,478","191.63K","0.29%"
"10/20/2017","15,500","15,865","15,916","15,500","796.19K","-1.44%"
"10/19/2017","15,726","15,844","15,889","15,701","355.62K","-1.11%"
"10/18/2017","15,902","15,765","15,959","15,682","627.78K","0.63%"
"10/17/2017","15,803","16,085","16,333","15,803","717.11K","-2.15%"
"10/16/2017","16,150","16,162","16,275","16,097","399.35K","-0.07%"
"10/13/2017","16,161","16,085","16,314","16,085","397.33K","-0.40%"
"10/12/2017","16,226","16,100","16,252","16,038","434.99K","0.78%"
"10/11/2017","16,100","16,000","16,220","15,858","616.55K","1.58%"
"10/10/2017","15,850","15,250","15,900","15,250","1.58M","3.59%"
"10/09/2017","15,300","15,583","15,583","15,268","1.01M","-1.09%"
"10/06/2017","15,468","15,435","15,642","15,373","517.40K","0.12%"
"10/05/2017","15,450","15,400","15,748","15,388","357.20K","-0.36%"
"10/04/2017","15,506","15,312","15,626","15,312","497.69K","0.81%"
"10/03/2017","15,382","15,229","15,556","15,163","814.63K","0.90%"
"10/02/2017","15,245","15,825","15,897","15,237","1.12M","-3.53%"
"09/29/2017","15,803","15,650","15,894","15,519","1.39M","1.30%"
"09/28/2017","15,600","15,553","15,698","15,407","617.17K","-0.12%"
"09/27/2017","15,619","15,900","15,900","15,604","740.38K","-0.86%"
"09/26/2017","15,754","15,500","15,912","15,500","628.30K","0.34%"
"09/22/2017","15,700","15,750","15,750","15,536","479.15K","-0.63%"
"09/21/2017","15,800","15,400","15,900","15,329","1.50M","2.81%"
"09/20/2017","15,368","15,175","15,368","15,015","725.08K","1.75%"
"09/19/2017","15,103","15,298","15,298","15,071","760.28K","-0.61%"
"09/18/2017","15,195","15,400","15,543","15,195","427.18K","-1.33%"
"09/15/2017","15,400","15,250","15,480","15,227","569.26K","0.98%"
"09/14/2017","15,250","15,343","15,418","15,175","997.86K","-0.23%"
"09/13/2017","15,285","15,200","15,422","15,200","750.93K","0.10%"
"09/12/2017","15,270","15,274","15,399","15,074","443.86K","-0.73%"
"09/11/2017","15,383","15,058","15,383","14,959","417.36K","1.84%"
"09/08/2017","15,105","14,979","15,148","14,923","464.87K","0.70%"
"09/07/2017","15,000","15,150","15,217","14,844","269.56K","-0.89%"
"09/06/2017","15,134","15,236","15,236","14,927","420.13K","-0.13%"
"09/05/2017","15,154","14,918","15,214","14,901","309.19K","1.45%"
"09/04/2017","14,938","15,136","15,184","14,900","231.15K","-1.27%"
"09/01/2017","15,130","15,000","15,186","14,894","565.72K","1.68%"
"08/31/2017","14,880","14,647","14,884","14,612","484.99K","1.00%"
"08/30/2017","14,733","14,795","14,890","14,658","331.61K","-0.12%"
"08/29/2017","14,750","14,690","14,763","14,560","472.14K","0.41%"
"08/28/2017","14,690","14,813","14,882","14,605","190.00K","-0.40%"
"08/25/2017","14,749","14,791","14,821","14,606","255.48K","0.20%"
"08/24/2017","14,720","14,700","14,798","14,522","1.03M","0.38%"
"08/23/2017","14,665","14,715","14,805","14,580","238.56K","-0.66%"
"08/22/2017","14,762","14,838","14,949","14,634","452.01K","0.71%"
"08/21/2017","14,658","14,439","14,722","14,404","112.50K","1.09%"
"08/18/2017","14,500","14,514","14,550","14,358","375.75K","-0.32%"
"08/17/2017","14,547","14,500","14,684","14,472","526.07K","0.82%"
"08/16/2017","14,428","14,502","14,507","14,268","297.11K","0.54%"
"08/15/2017","14,350","14,212","14,451","14,200","365.74K","0.64%"
"08/14/2017","14,259","14,405","14,405","14,258","1.04M","-0.63%"
"08/11/2017","14,350","14,437","14,532","14,307","1.01M","-1.03%"
"08/10/2017","14,500","14,800","14,878","14,442","604.37K","-1.45%"
"08/08/2017","14,714","14,967","14,967","14,651","431.54K","0.30%"
"08/07/2017","14,670","14,638","14,793","14,525","416.64K","0.29%"
"08/04/2017","14,627","14,800","14,926","14,627","935.16K","-2.20%"
"08/03/2017","14,956","15,073","15,206","14,891","528.66K","-0.51%"
"08/02/2017","15,032","14,910","15,149","14,880","450.40K","0.16%"
"08/01/2017","15,008","14,969","15,008","14,760","490.36K","0.55%"
"07/31/2017","14,926","14,900","15,094","14,795","369.84K","0.44%"
"07/28/2017","14,860","14,750","15,000","14,750","146.22K","-0.43%"
"07/27/2017","14,924","14,757","14,924","14,722","356.76K","1.21%"
"07/26/2017","14,746","14,697","14,800","14,575","197.43K","0.48%"
"07/25/2017","14,675","14,900","14,900","14,615","289.83K","-0.77%"
"07/24/2017","14,789","14,842","14,963","14,750","250.23K","-0.07%"
"07/21/2017","14,800","14,725","14,894","14,706","288.78K","0.51%"
"07/20/2017","14,725","14,680","14,878","14,680","285.97K","0.31%"
"07/19/2017","14,680","14,501","14,798","14,501","473.17K","1.24%"
"07/18/2017","14,500","14,473","14,564","14,300","521.08K","0.19%"
"07/17/2017","14,473","14,387","14,474","14,220","935.02K","1.14%"
"07/14/2017","14,310","14,465","14,500","14,237","311.37K","-0.97%"
"07/13/2017","14,450","14,250","14,464","14,216","398.24K","1.67%"
"07/12/2017","14,213","13,985","14,256","13,967","237.19K","0.79%"
"07/11/2017","14,102","14,150","14,150","13,969","676.20K","0.18%"
"07/10/2017","14,076","14,166","14,177","14,001","194.89K","-0.64%"
"07/07/2017","14,166","14,200","14,200","14,050","133.28K","-0.24%"
"07/06/2017","14,200","14,221","14,289","14,077","368.26K","0.40%"
"07/05/2017","14,143","14,031","14,194","14,031","408.44K","0.30%"
"07/04/2017","14,100","14,016","14,132","13,907","251.23K","1.08%"
"07/03/2017","13,950","14,000","14,003","13,800","327.24K","-0.36%"
"06/30/2017","14,000","13,770","14,100","13,695","568.35K","0.78%"
"06/29/2017","13,891","13,891","14,009","13,611","404.09K","0.56%"
"06/28/2017","13,814","13,901","13,996","13,747","151.97K","-1.33%"
"06/27/2017","14,000","14,097","14,130","13,950","448.33K","-0.14%"
"06/26/2017","14,020","14,128","14,133","14,000","353.28K","0.14%"
"06/23/2017","14,000","13,966","14,111","13,801","310.92K","0.85%"
"06/22/2017","13,882","14,102","14,232","13,879","755.97K","-2.26%"
"06/21/2017","14,203","14,000","14,260","13,941","561.50K","1.31%"
"06/20/2017","14,020","13,975","14,249","13,914","863.44K","-0.21%"
"06/19/2017","14,050","13,815","14,085","13,742","939.93K","1.66%"
"06/15/2017","13,820","13,676","13,950","13,626","1.70M","0.41%"
"06/14/2017","13,764","13,650","13,780","13,422","1.17M","1.58%"
"06/13/2017","13,550","13,590","13,672","13,445","609.48K","-0.21%"
"06/12/2017","13,579","13,555","13,700","13,318","989.91K","0.70%"
"06/09/2017","13,484","13,170","13,563","13,125","842.89K","2.15%"
"06/08/2017","13,200","13,201","13,285","13,050","651.94K","0.61%"
"06/07/2017","13,120","13,050","13,205","13,050","660.93K","0.54%"
"06/06/2017","13,050","13,415","13,567","13,050","600.13K","-2.77%"
"06/05/2017","13,422","13,298","13,633","13,298","751.59K","0.46%"
"06/02/2017","13,360","13,518","13,697","13,233","779.30K","-1.30%"
"06/01/2017","13,536","13,800","13,800","13,536","472.54K","-0.63%"
"05/31/2017","13,622","13,899","13,899","13,622","755.26K","-1.29%"
"05/30/2017","13,800","13,711","13,894","13,711","364.14K","0.35%"
"05/29/2017","13,752","13,718","13,866","13,698","119.49K","-0.52%"
"05/26/2017","13,824","13,552","13,824","13,552","267.02K","1.31%"
"05/25/2017","13,645","13,700","13,785","13,544","292.35K","-0.70%"
"05/24/2017","13,741","13,700","13,774","13,700","106.18K","0.30%"
"05/23/2017","13,700","13,650","13,764","13,559","417.12K","0.37%"
"05/22/2017","13,650","13,463","13,723","13,463","272.71K","0.71%"
"05/19/2017","13,554","13,339","13,608","13,312","371.42K","0.77%"
"05/18/2017","13,450","13,500","13,500","13,346","1.78M","0.05%"
"05/17/2017","13,443","13,764","13,785","13,397","522.44K","-2.33%"
"05/16/2017","13,764","13,694","13,876","13,651","614.83K","-0.39%"
"05/15/2017","13,818","13,626","13,818","13,539","464.80K","1.23%"
"05/12/2017","13,650","13,696","13,736","13,631","518.25K","-0.15%"
"05/11/2017","13,671","13,515","13,671","13,502","812.49K","1.15%"
"05/10/2017","13,515","13,450","13,560","13,414","1.31M","0.90%"
"05/09/2017","13,394","13,600","13,600","13,278","709.95K","0.44%"
"05/08/2017","13,335","13,251","13,379","13,246","197.72K","0.63%"
"05/05/2017","13,251","13,420","13,432","13,200","200.23K","-1.27%"
"05/04/2017","13,421","13,445","13,445","13,260","259.41K","-0.11%"
"05/03/2017","13,436","13,441","13,574","13,305","573.94K","-0.25%"
"05/02/2017","13,470","13,540","13,540","13,401","1.20M","0.35%"
"04/28/2017","13,423","13,300","13,552","13,099","892.94K","1.31%"
"04/26/2017","13,250","13,235","13,320","13,145","981.19K","-0.16%"
"04/25/2017","13,271","13,240","13,280","13,000","811.38K","0.91%"
"04/24/2017","13,151","13,007","13,359","12,600","656.45K","0.27%"
"04/21/2017","13,116","13,200","13,273","12,860","865.33K","-1.01%"
"04/20/2017","13,250","12,990","13,286","12,958","603.45K","0.84%"
"04/19/2017","13,140","12,955","13,204","12,944","742.34K","2.25%"
"04/18/2017","12,851","13,100","13,168","12,851","770.72K","-2.08%"
"04/13/2017","13,124","12,890","13,173","12,888","336.04K","2.76%"
"04/12/2017","12,772","12,784","12,844","12,599","544.50K","0.73%"
"04/11/2017","12,679","12,551","12,711","12,480","1.51M","0.23%"
"04/10/2017","12,650","12,950","12,950","12,504","2.63M","-2.32%"
"04/07/2017","12,950","12,627","12,952","12,606","1.22M","1.58%"
"04/06/2017","12,748","12,483","12,799","12,483","1.93M","0.34%"
"04/05/2017","12,705","12,720","12,788","12,527","1.76M","-0.12%"
"04/04/2017","12,720","12,770","12,818","12,572","737.90K","-0.22%"
"04/03/2017","12,748","12,650","12,849","12,615","281.82K","-0.48%"
"03/31/2017","12,810","12,799","12,883","12,577","965.22K","-1.86%"
"03/30/2017","13,053","13,056","13,229","12,950","315.11K","-0.23%"
"03/29/2017","13,083","13,102","13,193","12,968","351.45K","-0.51%"
"03/28/2017","13,150","13,037","13,210","13,000","945.31K","0.70%"
"03/27/2017","13,058","13,250","13,395","13,030","1.28M","-1.49%"
"03/24/2017","13,255","13,350","13,649","13,255","749.48K","-1.38%"
"03/23/2017","13,440","13,352","13,580","13,351","235.21K","-1.03%"
"03/22/2017","13,580","13,550","13,594","13,256","731.03K","0.00%"
"03/20/2017","13,580","13,550","13,693","13,251","293.33K","0.18%"
"03/17/2017","13,555","13,500","13,663","13,215","825.11K","0.56%"
"03/16/2017","13,480","13,700","13,700","13,251","2.23M","2.01%"
"03/15/2017","13,215","13,199","13,399","13,134","642.30K","-0.93%"
"03/14/2017","13,339","13,300","13,481","13,165","467.35K","1.05%"
"03/13/2017","13,200","13,258","13,349","13,143","412.89K","-0.45%"
"03/10/2017","13,260","13,400","13,700","13,126","478.74K","0.61%"
"03/09/2017","13,179","13,100","13,451","12,975","487.04K","0.11%"
"03/08/2017","13,165","13,338","13,400","12,863","612.35K","-1.30%"
"03/07/2017","13,338","13,302","13,503","13,259","990.17K","-0.19%"
"03/06/2017","13,364","12,860","13,517","12,855","1.48M","1.99%"
"03/03/2017","13,103","13,102","13,159","13,000","661.79K","0.01%"
"03/02/2017","13,102","13,050","13,195","12,835","1.17M","1.57%"
"03/01/2017","12,900","13,050","13,050","12,600","744.99K","0.39%"
"02/28/2017","12,850","12,850","12,900","12,719","691.54K","0.34%"
"02/27/2017","12,806","12,600","13,210","12,600","612.61K","0.05%"
"02/24/2017","12,800","12,500","12,875","12,500","580.95K","-0.24%"
"02/23/2017","12,831","12,050","12,913","12,050","445.58K","1.27%"
"02/22/2017","12,670","12,700","12,827","12,380","4.73M","-0.74%"
"02/21/2017","12,765","12,725","12,810","12,600","1.57M","0.31%"
"02/20/2017","12,725","12,250","12,839","12,210","861.98K","0.16%"
"02/17/2017","12,705","12,570","12,755","12,507","930.45K","1.07%"
"02/16/2017","12,570","12,043","12,738","12,043","2.32M","0.00%"
"02/15/2017","12,570","12,100","12,597","11,879","867.01K","1.62%"
"02/14/2017","12,370","12,349","12,370","11,996","1.18M","2.23%"
"02/13/2017","12,100","12,006","12,349","11,901","570.25K","0.81%"
"02/10/2017","12,003","11,850","12,335","11,809","1.75M","1.72%"
"02/09/2017","11,800","11,833","11,894","11,708","452.99K","0.43%"
"02/08/2017","11,749","12,175","12,175","11,708","854.16K","-0.47%"
"02/07/2017","11,805","11,708","11,850","11,708","870.68K","0.04%"
"02/06/2017","11,800","12,000","12,070","11,769","943.59K","-1.57%"
"02/03/2017","11,988","12,100","12,150","11,601","758.05K","-0.34%"
"02/02/2017","12,029","12,500","12,599","12,007","1.24M","-3.55%"
"02/01/2017","12,472","12,150","12,472","12,150","1.17M","2.23%"
"01/31/2017","12,200","11,960","12,223","11,960","481.05K","2.00%"
"01/30/2017","11,961","11,960","12,093","11,954","432.36K","-0.03%"
"01/27/2017","11,965","12,089","12,172","11,926","445.96K","-0.72%"
"01/26/2017","12,052","12,100","12,100","11,770","1.17M","0.77%"
"01/25/2017","11,960","11,980","11,980","11,697","1.69M","-0.64%"
"01/24/2017","12,037","11,740","12,037","11,740","474.93K","1.69%"
"01/23/2017","11,837","11,607","12,000","11,607","245.74K","1.16%"
"01/20/2017","11,701","11,830","11,999","11,674","307.29K","-1.42%"
"01/19/2017","11,870","11,872","11,953","11,837","344.77K","-0.48%"
"01/18/2017","11,927","11,761","11,927","11,733","871.29K","1.25%"
"01/17/2017","11,780","11,815","11,870","11,666","464.24K","-0.43%"
"01/16/2017","11,831","11,550","11,895","11,516","711.29K","1.61%"
"01/13/2017","11,644","11,620","11,644","11,446","573.29K","0.94%"
"01/12/2017","11,535","11,555","11,576","11,480","401.21K","0.09%"
"01/11/2017","11,525","11,581","11,598","11,380","600.72K","-0.81%"
"01/10/2017","11,619","11,423","11,619","11,391","523.34K","1.72%"
"01/09/2017","11,423","11,600","11,600","11,202","321.86K","0.70%"
"01/06/2017","11,344","11,365","11,417","11,141","361.09K","0.84%"
"01/05/2017","11,249","11,325","11,661","11,163","544.47K","-1.76%"
"01/04/2017","11,450","11,601","12,097","11,300","937.02K","-2.52%"
"01/03/2017","11,746","11,799","12,075","11,603","441.12K","1.70%"
"12/30/2016","11,550","11,326","11,750","11,326","201.71K","-1.28%"
"12/29/2016","11,700","11,564","11,796","11,250","335.04K","2.96%"
"12/28/2016","11,364","11,400","11,526","11,299","399.69K","1.46%"
"12/23/2016","11,201","11,350","11,398","11,144","129.90K","-0.47%"
"12/22/2016","11,254","11,700","11,700","11,227","243.90K","-1.71%"
"12/21/2016","11,450","11,598","11,678","11,449","673.11K","0.44%"
"12/20/2016","11,400","11,235","11,462","11,056","874.01K","2.07%"
"12/19/2016","11,169","11,010","11,659","11,000","1.15M","-0.59%"
"12/15/2016","11,235","11,348","11,547","11,211","875.36K","-1.70%"
"12/14/2016","11,429","11,352","11,800","11,252","481.56K","0.28%"
"12/13/2016","11,397","11,400","11,650","11,319","1.27M","-0.71%"
"12/12/2016","11,479","11,500","11,777","11,100","817.16K","-1.72%"
"12/09/2016","11,680","11,500","12,048","11,500","664.56K","-0.85%"
"12/08/2016","11,780","11,690","12,000","11,627","1.38M","1.55%"
"12/07/2016","11,600","11,600","11,948","11,554","733.65K","-1.12%"
"12/06/2016","11,731","12,000","12,047","11,726","640.09K","-1.43%"
"12/05/2016","11,901","11,703","12,000","11,680","1.30M","0.86%"
"12/02/2016","11,800","12,003","12,425","11,606","787.37K","-1.67%"
"12/01/2016","12,000","12,150","12,166","11,850","1.43M","-0.51%"
"11/30/2016","12,061","12,300","12,311","12,049","550.35K","-1.94%"
"11/29/2016","12,299","12,300","12,400","12,173","678.05K","2.13%"
"11/28/2016","12,043","12,000","12,287","11,990","447.10K","0.81%"
"11/25/2016","11,946","12,001","12,318","11,743","899.52K","-0.46%"
"11/24/2016","12,001","12,300","12,398","11,511","732.48K","0.09%"
"11/23/2016","11,990","12,300","12,300","11,955","830.88K","-0.69%"
"11/22/2016","12,073","11,430","12,073","11,430","635.24K","4.08%"
"11/21/2016","11,600","11,600","11,648","11,461","245.17K","0.00%"
"11/18/2016","11,600","11,627","11,730","11,433","958.34K","0.00%"
"11/17/2016","11,600","11,500","11,813","11,468","657.76K","0.13%"
"11/16/2016","11,585","11,250","11,629","11,250","693.65K","2.53%"
"11/15/2016","11,299","11,000","11,436","11,000","821.80K","1.37%"
"11/14/2016","11,146","11,220","11,403","11,062","1.17M","-1.45%"
"11/11/2016","11,310","12,300","12,300","11,238","1.48M","-4.56%"
"11/10/2016","11,850","12,426","12,426","11,792","709.39K","-1.30%"
"11/09/2016","12,006","12,070","12,417","11,800","487.92K","-1.98%"
"11/08/2016","12,249","11,900","12,300","11,900","538.80K","2.42%"
"11/07/2016","11,960","12,019","12,293","11,902","870.06K","-0.21%"
"11/04/2016","11,985","12,210","12,550","11,946","752.60K","-2.88%"
"11/03/2016","12,340","12,465","12,595","12,236","546.17K","-1.00%"
"11/02/2016","12,465","12,500","12,591","12,005","845.87K","-1.01%"
"11/01/2016","12,592","12,300","12,695","12,300","765.13K","0.33%"
"10/31/2016","12,550","12,500","12,590","11,907","770.24K","3.06%"
"10/28/2016","12,177","12,138","12,370","12,065","626.58K","-0.97%"
"10/27/2016","12,296","12,056","12,700","12,002","1.10M","0.91%"
"10/26/2016","12,185","11,941","12,219","11,900","810.78K","1.33%"
"10/25/2016","12,025","12,107","12,152","11,874","718.13K","-0.81%"
"10/24/2016","12,123","12,300","12,300","11,997","264.29K","-0.53%"
"10/21/2016","12,187","11,770","12,275","11,770","632.20K","0.57%"
"10/20/2016","12,118","12,133","12,172","11,802","565.32K","0.34%"
"10/19/2016","12,077","12,047","12,133","11,938","356.27K","-0.60%"
"10/18/2016","12,150","11,930","12,165","11,899","1.24M","1.78%"
"10/17/2016","11,938","11,999","11,999","11,701","468.52K","-1.10%"
"10/14/2016","12,071","11,953","12,100","11,863","825.63K","1.52%"
"10/13/2016","11,890","11,926","11,944","11,799","1.02M","-1.01%"
"10/12/2016","12,011","11,900","12,100","11,824","1.35M","0.45%"
"10/11/2016","11,957","12,300","12,348","11,901","2.51M","-2.78%"
"10/10/2016","12,299","12,427","12,498","12,209","1.10M","-1.03%"
"10/07/2016","12,427","12,623","12,647","12,363","398.62K","-1.40%"
"10/06/2016","12,604","12,540","12,858","12,529","652.75K","-0.76%"
"10/05/2016","12,700","12,830","12,868","12,505","745.05K","-1.21%"
"10/04/2016","12,855","12,753","12,855","12,690","653.99K","1.54%"
"10/03/2016","12,660","12,735","12,878","12,633","523.08K","-0.42%"
"09/30/2016","12,713","12,628","12,915","12,541","1.15M","-0.91%"
"09/29/2016","12,830","12,648","12,922","12,648","830.48K","1.18%"
"09/28/2016","12,680","12,418","12,797","12,259","526.99K","1.22%"
"09/27/2016","12,527","12,625","12,735","12,461","572.44K","-0.78%"
"09/26/2016","12,625","12,667","12,667","12,462","345.05K","0.20%"
"09/23/2016","12,600","12,723","12,723","12,482","1.14M","-0.02%"
"09/22/2016","12,602","12,706","12,825","12,561","925.79K","-0.18%"
"09/21/2016","12,625","12,708","12,795","12,617","252.52K","0.18%"
"09/20/2016","12,602","12,750","12,753","12,450","845.86K","-0.87%"
"09/19/2016","12,712","12,602","12,800","12,515","644.63K","-0.01%"
"09/16/2016","12,713","12,694","12,781","12,534","1.45M","0.10%"
"09/15/2016","12,700","12,240","12,795","12,240","700.32K","0.27%"
"09/14/2016","12,666","12,600","12,840","12,469","560.48K","0.52%"
"09/13/2016","12,600","12,650","12,703","12,565","254.18K","-0.16%"
"09/12/2016","12,620","12,434","12,674","12,307","595.28K","-0.86%"
"09/09/2016","12,730","12,794","12,794","12,530","1.04M","1.18%"
"09/08/2016","12,582","12,760","12,956","12,555","1.92M","-1.55%"
"09/07/2016","12,780","12,462","12,904","12,323","1.80M","3.06%"
"09/06/2016","12,400","12,000","12,429","12,000","746.08K","3.01%"
"09/05/2016","12,038","11,984","12,211","11,900","245.24K","-0.34%"
"09/02/2016","12,079","11,800","12,188","11,623","2.93M","2.36%"
"09/01/2016","11,800","12,172","12,195","11,777","1.33M","-2.56%"
"08/31/2016","12,110","12,551","12,551","12,000","1.16M","-3.20%"
"08/30/2016","12,510","12,500","12,598","12,400","900.13K","0.89%"
"08/29/2016","12,400","12,625","12,625","12,383","965.25K","-1.78%"
"08/26/2016","12,625","12,720","12,773","12,507","693.97K","-0.36%"
"08/25/2016","12,670","12,799","12,799","12,474","845.32K","1.55%"
"08/24/2016","12,476","12,548","12,680","12,359","937.95K","-2.24%"
"08/23/2016","12,762","12,800","13,010","12,733","382.80K","-0.94%"
"08/22/2016","12,883","12,759","12,924","12,605","535.47K","0.97%"
"08/19/2016","12,759","13,040","13,040","12,660","517.81K","-2.23%"
"08/18/2016","13,050","12,850","13,050","12,664","871.05K","0.94%"
"08/17/2016","12,929","12,672","12,943","12,570","702.91K","1.80%"
"08/16/2016","12,701","12,778","12,878","12,585","539.20K","-0.25%"
"08/15/2016","12,733","12,840","12,840","12,731","127.24K","0.00%"
"08/12/2016","12,733","12,677","12,810","12,676","487.45K","0.42%"
"08/11/2016","12,680","12,676","12,776","12,439","448.87K","-0.39%"
"08/10/2016","12,730","12,477","12,777","12,423","638.09K","1.45%"
"08/08/2016","12,548","12,510","12,563","12,395","231.95K","0.30%"
"08/05/2016","12,510","12,490","12,557","12,376","207.34K","0.16%"
"08/04/2016","12,490","12,449","12,635","12,382","663.32K","0.06%"
"08/02/2016","12,482","12,439","12,552","12,423","404.50K","-1.03%"
"08/01/2016","12,612","12,591","12,629","12,436","1.39M","1.50%"
"07/29/2016","12,426","12,385","12,502","12,239","752.58K","0.39%"
"07/28/2016","12,378","12,405","12,487","12,126","2.12M","-0.98%"
"07/27/2016","12,500","12,650","12,707","12,436","2.48M","-1.96%"
"07/26/2016","12,750","12,717","12,806","12,616","622.79K","-0.20%"
"07/25/2016","12,775","12,520","12,820","12,360","844.73K","3.02%"
"07/22/2016","12,400","12,492","12,500","12,353","611.16K","-0.72%"
"07/21/2016","12,490","12,799","12,799","12,432","628.92K","-1.85%"
"07/20/2016","12,725","12,448","12,910","12,401","886.98K","2.54%"
"07/19/2016","12,410","12,250","12,410","12,127","1.76M","1.31%"
"07/18/2016","12,250","12,645","12,645","12,163","1.68M","-3.26%"
"07/15/2016","12,663","12,500","12,669","12,331","283.48K","1.34%"
"07/14/2016","12,495","12,285","12,500","12,021","1.09M","1.30%"
"07/13/2016","12,335","12,577","12,600","12,294","796.66K","-1.32%"
"07/12/2016","12,500","12,672","12,680","12,400","475.89K","-1.19%"
"07/11/2016","12,650","12,695","12,695","12,409","349.74K","1.20%"
"07/08/2016","12,500","12,279","12,605","12,279","458.88K","0.64%"
"07/07/2016","12,420","12,200","12,600","12,100","719.13K","2.82%"
"07/06/2016","12,079","11,976","12,150","11,813","575.27K","0.66%"
"07/05/2016","12,000","12,201","12,235","11,950","524.63K","-2.39%"
"07/04/2016","12,294","12,217","12,348","12,150","355.75K","0.52%"
"07/01/2016","12,230","12,326","12,336","11,993","674.90K","-0.33%"
"06/30/2016","12,270","11,977","12,409","11,872","1.14M","3.54%"
"06/29/2016","11,850","11,800","11,856","11,512","483.86K","2.16%"
"06/28/2016","11,600","11,700","11,760","11,521","840.50K","0.37%"
"06/27/2016","11,557","11,510","11,650","11,393","1.12M","-1.78%"
"06/24/2016","11,767","11,556","11,900","11,360","653.42K","-1.94%"
"06/23/2016","12,000","11,807","12,141","11,764","691.95K","1.46%"
"06/22/2016","11,827","11,900","12,091","11,720","608.53K","-0.53%"
"06/21/2016","11,890","11,954","11,954","11,610","750.69K","-0.15%"
"06/20/2016","11,908","11,595","11,919","11,520","679.31K","2.81%"
"06/17/2016","11,582","11,480","11,868","11,161","589.89K","2.04%"
"06/15/2016","11,350","11,800","11,800","11,172","319.34K","0.13%"
"06/14/2016","11,335","11,100","11,372","11,062","883.70K","-0.03%"
"06/13/2016","11,338","11,100","11,599","11,100","613.64K","-1.66%"
"06/10/2016","11,529","11,653","11,705","11,448","480.17K","-0.19%"
"06/09/2016","11,551","11,707","11,707","11,516","328.77K","-1.33%"
"06/08/2016","11,707","11,550","11,818","11,323","811.13K","1.25%"
"06/07/2016","11,562","11,399","11,651","11,235","1.69M","2.32%"
"06/06/2016","11,300","11,500","11,500","11,231","2.68M","-0.88%"
"06/03/2016","11,400","11,100","11,550","11,100","1.91M","2.70%"
"06/02/2016","11,100","10,950","11,255","10,950","902.89K","-0.32%"
"06/01/2016","11,136","10,701","11,150","10,701","1.02M","3.40%"
"05/31/2016","10,770","10,840","10,939","10,701","1.73M","0.65%"
"05/30/2016","10,700","10,640","10,769","10,640","126.50K","0.76%"
"05/27/2016","10,619","10,900","10,936","10,503","315.62K","-0.85%"
"05/26/2016","10,710","10,345","10,818","10,345","557.47K","2.98%"
"05/25/2016","10,400","10,458","10,650","10,246","427.19K","-0.58%"
"05/24/2016","10,461","10,460","10,580","10,357","425.01K","0.21%"
"05/23/2016","10,439","10,308","10,488","10,282","399.37K","0.34%"
"05/20/2016","10,404","10,250","10,499","10,176","852.13K","0.89%"
"05/19/2016","10,312","10,160","10,324","10,010","541.17K","1.60%"
"05/18/2016","10,150","10,238","10,250","10,055","385.58K","-1.36%"
"05/17/2016","10,290","10,294","10,650","10,022","634.01K","-0.04%"
"05/16/2016","10,294","10,189","10,408","10,070","531.40K","1.04%"
"05/13/2016","10,188","10,290","10,340","10,080","549.88K","-0.89%"
"05/12/2016","10,280","10,550","10,550","10,192","491.10K","-2.12%"
"05/11/2016","10,503","10,200","10,544","10,200","895.53K","3.04%"
"05/10/2016","10,193","10,346","10,394","10,101","822.09K","-1.04%"
"05/09/2016","10,300","10,259","10,427","10,201","961.78K","1.67%"
"05/06/2016","10,131","10,506","10,506","10,126","1.04M","-2.96%"
"05/05/2016","10,440","10,291","10,517","10,127","1.06M","2.54%"
"05/04/2016","10,181","10,305","10,305","10,011","2.24M","-0.77%"
"05/03/2016","10,260","10,516","10,516","10,077","947.50K","-1.32%"
"04/29/2016","10,397","10,400","10,425","10,307","628.53K","-0.03%"
"04/28/2016","10,400","10,631","10,933","10,344","1.76M","-3.16%"
"04/26/2016","10,739","10,400","10,739","10,400","495.27K","2.83%"
"04/25/2016","10,443","10,292","10,475","10,055","406.62K","1.00%"
"04/22/2016","10,340","10,200","10,711","10,200","792.32K","-0.68%"
"04/21/2016","10,411","10,743","11,299","10,411","767.15K","-3.09%"
"04/20/2016","10,743","10,668","10,930","10,510","423.22K","0.50%"
"04/19/2016","10,690","10,507","10,755","10,450","354.46K","1.81%"
"04/18/2016","10,500","10,547","10,582","10,395","428.09K","-0.35%"
"04/15/2016","10,537","10,201","10,558","10,193","353.12K","0.47%"
"04/14/2016","10,488","10,415","10,600","10,388","529.72K","0.46%"
"04/13/2016","10,440","10,413","10,699","10,409","399.96K","0.38%"
"04/12/2016","10,400","10,150","10,421","10,150","1.24M","2.46%"
"04/11/2016","10,150","10,262","10,303","10,036","831.65K","-1.46%"
"04/08/2016","10,300","10,300","10,444","10,218","801.80K","0.96%"
"04/07/2016","10,202","10,147","10,536","10,101","1.58M","0.44%"
"04/06/2016","10,157","9,997","10,199","9,921","1.38M","1.42%"
"04/05/2016","10,015","9,924","10,099","9,750","641.18K","-0.64%"
"04/04/2016","10,080","9,733","10,181","9,505","680.73K","2.27%"
"04/01/2016","9,856","9,643","9,950","9,566","1.00M","1.42%"
"03/31/2016","9,718","9,480","9,765","9,400","762.26K","0.19%"
"03/30/2016","9,700","9,692","9,800","9,300","894.15K","0.18%"
"03/29/2016","9,683","9,635","9,700","9,445","548.42K","1.36%"
"03/24/2016","9,553","9,532","9,576","9,365","292.88K","-0.49%"
"03/23/2016","9,600","9,280","9,791","9,280","426.44K","0.26%"
"03/22/2016","9,575","8,980","9,720","8,980","431.31K","-1.69%"
"03/18/2016","9,740","8,701","9,769","8,630","1.20M","7.28%"
"03/17/2016","9,079","9,200","9,458","8,992","1.16M","0.48%"
"03/16/2016","9,036","9,050","9,201","8,935","750.91K","-1.25%"
"03/15/2016","9,150","8,750","9,217","8,750","1.56M","-0.54%"
"03/14/2016","9,200","8,805","9,316","8,805","776.43K","0.54%"
"03/11/2016","9,151","9,270","9,340","9,089","546.89K","-2.18%"
"03/10/2016","9,355","9,045","9,500","8,910","1.70M","0.00%"
"03/09/2016","9,355","9,202","9,498","9,201","913.20K","0.73%"
"03/08/2016","9,287","9,125","9,489","8,948","1.10M","-0.15%"
"03/07/2016","9,301","9,325","9,700","9,173","1.67M","-1.36%"
"03/04/2016","9,429","9,400","9,900","9,331","989.49K","-3.79%"
"03/03/2016","9,800","9,700","10,000","9,700","928.37K","0.03%"
"03/02/2016","9,797","9,500","9,800","9,500","652.42K","2.32%"
"03/01/2016","9,575","9,400","9,683","9,181","1.10M","3.51%"
"02/29/2016","9,250","9,100","9,250","9,000","580.42K","0.87%"
"02/26/2016","9,170","9,247","9,400","9,170","253.38K","-0.92%"
"02/25/2016","9,255","8,801","9,353","8,801","576.62K","1.90%"
"02/24/2016","9,082","8,994","9,220","8,701","430.41K","-0.66%"
"02/23/2016","9,142","9,273","9,295","9,002","831.60K","-0.41%"
"02/22/2016","9,180","9,095","9,370","8,875","870.90K","-0.76%"
"02/19/2016","9,250","8,500","9,290","8,500","740.80K","-0.01%"
"02/18/2016","9,251","9,005","9,572","9,005","558.88K","-2.04%"
"02/17/2016","9,444","9,350","9,444","9,001","800.80K","1.66%"
"02/16/2016","9,290","8,505","9,340","8,505","1.23M","-0.11%"
"02/15/2016","9,300","8,600","9,404","8,500","637.37K","3.91%"
"02/12/2016","8,950","8,502","8,979","8,502","762.62K","1.64%"
"02/11/2016","8,806","8,802","8,883","8,717","917.80K","-2.16%"
"02/10/2016","9,000","8,712","9,111","8,712","383.82K","2.13%"
"02/09/2016","8,812","8,609","8,935","8,609","452.22K","-1.11%"
"02/08/2016","8,911","9,000","9,160","8,623","965.71K","-1.64%"
"02/05/2016","9,060","9,000","9,199","8,599","1.24M","-2.04%"
"02/04/2016","9,249","8,715","9,249","8,388","926.36K","6.13%"
"02/03/2016","8,715","8,963","8,963","8,610","1.08M","0.46%"
"02/02/2016","8,675","8,900","9,013","8,640","1.26M","-2.65%"
"02/01/2016","8,911","8,501","9,260","8,501","894.63K","2.54%"
"01/29/2016","8,690","8,271","8,854","8,150","1.13M","2.33%"
"01/28/2016","8,492","8,202","8,640","8,202","401.31K","-0.55%"
"01/27/2016","8,539","8,290","8,799","8,233","455.34K","2.07%"
"01/26/2016","8,366","8,200","8,410","8,200","490.12K","-0.40%"
"01/25/2016","8,400","8,434","8,673","8,031","496.69K","-0.40%"
"01/22/2016","8,434","8,561","8,662","8,273","1.15M","-1.48%"
"01/21/2016","8,561","8,100","8,651","7,680","1.26M","4.40%"
"01/20/2016","8,200","8,499","8,499","7,755","1.16M","-0.53%"
"01/19/2016","8,244","8,030","8,406","8,030","591.37K","3.31%"
"01/18/2016","7,980","8,550","8,650","7,900","1.09M","-4.43%"
"01/15/2016","8,350","8,200","8,679","8,200","953.70K","-3.84%"
"01/14/2016","8,683","8,916","8,916","8,477","346.62K","0.00%"
"01/13/2016","8,683","8,250","8,799","8,250","1.01M","2.15%"
"01/12/2016","8,500","8,700","8,811","8,201","1.28M","1.83%"
"01/11/2016","8,347","7,625","8,795","7,625","1.04M","-2.37%"
"01/08/2016","8,550","8,900","8,900","8,400","628.80K","-0.44%"
"01/07/2016","8,588","8,550","8,704","8,231","2.21M","-1.03%"
"01/06/2016","8,677","8,955","8,999","8,555","1.28M","-2.51%"
"01/05/2016","8,900","8,735","8,973","8,735","667.43K","0.44%"
"01/04/2016","8,861","9,075","9,075","8,704","934.94K","-0.44%"