"Date","Price","Open","High","Low","Vol.","Change %"
"03/27/2026","25,329","25,329","25,329","25,329","0.00K","-0.30%"
"03/26/2026","25,405","25,599","25,599","25,143","879.38K","-0.98%"
"03/25/2026","25,656","24,613","25,656","24,612","1.41M","2.91%"
"03/24/2026","24,931","25,724","25,724","24,574","2.09M","0.07%"
"03/23/2026","24,913","25,119","25,297","24,283","1.41M","-0.08%"
"03/20/2026","24,934","25,300","25,713","24,934","3.33M","-1.07%"
"03/19/2026","25,204","24,680","25,557","24,299","6.44M","1.83%"
"03/18/2026","24,750","24,721","24,998","24,306","1.88M","0.12%"
"03/17/2026","24,721","24,256","24,800","24,224","1.64M","0.49%"
"03/16/2026","24,600","24,730","25,000","24,430","1.64M","-0.53%"
"03/13/2026","24,730","24,302","25,059","24,302","1.71M","-0.79%"
"03/12/2026","24,928","25,499","25,499","24,882","1.74M","-1.61%"
"03/11/2026","25,335","25,500","25,500","24,850","1.61M","0.24%"
"03/10/2026","25,274","25,200","25,596","25,030","2.26M","2.13%"
"03/09/2026","24,746","25,499","25,499","24,476","1.54M","-2.39%"
"03/06/2026","25,352","26,069","26,289","24,983","2.01M","-2.35%"
"03/05/2026","25,963","25,928","26,629","25,844","2.13M","0.58%"
"03/04/2026","25,812","25,921","26,101","25,302","1.76M","-0.43%"
"03/03/2026","25,924","25,805","26,505","25,588","2.98M","0.46%"
"03/02/2026","25,805","26,299","26,299","25,450","1.49M","-1.27%"
"02/27/2026","26,136","26,300","26,496","25,820","2.62M","-0.36%"
"02/26/2026","26,230","24,950","26,581","24,781","2.14M","7.64%"
"02/25/2026","24,368","24,232","24,534","24,026","870.41K","-0.26%"
"02/24/2026","24,432","23,862","24,500","23,825","825.64K","1.26%"
"02/23/2026","24,128","24,071","24,755","23,964","668.46K","0.15%"
"02/20/2026","24,093","24,160","24,219","23,796","798.18K","0.29%"
"02/19/2026","24,023","24,023","24,410","23,908","1.03M","-0.77%"
"02/18/2026","24,209","23,557","24,254","23,557","973.95K","2.15%"
"02/17/2026","23,699","23,500","23,848","23,422","677.37K","-0.03%"
"02/16/2026","23,706","23,200","23,800","23,200","513.82K","1.32%"
"02/13/2026","23,397","24,100","24,100","23,322","1.41M","-2.27%"
"02/12/2026","23,940","24,100","24,100","23,737","1.16M","-0.41%"
"02/11/2026","24,039","24,360","24,360","23,934","543.90K","-0.99%"
"02/10/2026","24,280","23,700","24,280","23,504","1.80M","2.85%"
"02/09/2026","23,607","24,099","24,099","23,382","1.16M","-0.81%"
"02/06/2026","23,800","23,501","23,800","23,253","1.77M","0.69%"
"02/05/2026","23,637","23,170","23,857","23,170","1.00M","-0.21%"
"02/04/2026","23,687","23,551","23,953","23,395","1.03M","-1.02%"
"02/03/2026","23,931","23,873","24,032","23,522","2.15M","0.49%"
"02/02/2026","23,814","23,104","23,949","22,779","1.64M","1.25%"
"01/30/2026","23,521","23,100","23,940","23,060","2.55M","0.52%"
"01/29/2026","23,400","23,114","23,661","22,822","1.39M","2.13%"
"01/28/2026","22,911","22,954","23,249","22,626","1.59M","-0.37%"
"01/27/2026","22,995","23,200","23,200","22,843","1.46M","0.71%"
"01/26/2026","22,833","23,005","23,143","22,654","659.23K","-0.96%"
"01/23/2026","23,054","23,204","23,204","22,551","1.86M","-0.06%"
"01/22/2026","23,068","22,643","23,408","22,635","1.35M","2.08%"
"01/21/2026","22,597","22,401","22,765","22,179","1.14M","-0.09%"
"01/20/2026","22,618","22,603","22,630","22,327","1.36M","-0.18%"
"01/19/2026","22,658","22,750","22,861","22,462","494.91K","-0.56%"
"01/16/2026","22,785","22,363","22,895","22,279","1.79M","1.72%"
"01/15/2026","22,400","22,000","22,589","22,000","1.65M","0.40%"
"01/14/2026","22,311","22,338","22,409","22,018","782.79K","-0.13%"
"01/13/2026","22,339","22,452","22,452","22,049","875.95K","-0.65%"
"01/12/2026","22,486","22,588","22,588","21,965","879.78K","-0.45%"
"01/09/2026","22,588","22,826","22,912","22,296","1.56M","-1.45%"
"01/08/2026","22,920","22,450","23,181","22,450","586.78K","0.15%"
"01/07/2026","22,886","23,379","23,379","22,423","1.30M","-0.71%"
"01/06/2026","23,050","22,871","23,183","22,659","1.15M","1.72%"
"01/05/2026","22,660","22,750","22,755","22,345","504.10K","-0.18%"
"01/02/2026","22,700","22,650","22,856","22,320","844.97K","-0.25%"
"12/31/2025","22,758","22,651","22,871","22,624","473.02K","-0.48%"
"12/30/2025","22,867","22,995","23,063","22,714","456.68K","-0.15%"
"12/29/2025","22,901","22,779","23,022","22,486","636.52K","0.39%"
"12/24/2025","22,811","22,658","23,104","22,641","336.17K","0.53%"
"12/23/2025","22,691","22,900","23,107","22,538","1.27M","-0.89%"
"12/22/2025","22,895","22,985","23,020","22,582","596.65K","-0.39%"
"12/19/2025","22,985","23,174","23,486","22,525","2.46M","-0.89%"
"12/18/2025","23,191","22,445","23,280","22,445","5.73M","1.09%"
"12/17/2025","22,940","23,198","23,218","22,481","1.95M","0.73%"
"12/15/2025","22,774","22,435","22,900","22,430","1.03M","1.55%"
"12/12/2025","22,426","23,200","23,200","22,325","1.57M","-1.18%"
"12/11/2025","22,694","23,198","23,198","22,607","1.72M","-0.76%"
"12/10/2025","22,868","23,097","23,261","22,722","1.26M","-0.68%"
"12/09/2025","23,025","22,873","23,170","22,744","1.50M","0.92%"
"12/08/2025","22,816","23,049","23,049","22,816","1.30M","-0.31%"
"12/05/2025","22,886","22,680","22,913","22,430","1.68M","2.09%"
"12/04/2025","22,417","22,000","22,620","22,000","1.59M","-0.22%"
"12/03/2025","22,466","22,579","22,579","21,952","1.27M","1.30%"
"12/02/2025","22,178","22,126","22,292","21,876","918.85K","0.09%"
"12/01/2025","22,157","21,900","22,157","21,434","1.30M","0.93%"
"11/28/2025","21,952","22,100","22,100","21,605","2.39M","0.92%"
"11/27/2025","21,751","22,143","22,143","21,492","1.38M","-1.77%"
"11/26/2025","22,143","21,601","22,362","21,601","733.90K","0.65%"
"11/25/2025","22,001","22,200","22,274","21,689","1.69M","-0.69%"
"11/24/2025","22,153","23,020","23,020","22,153","4.95M","-1.53%"
"11/21/2025","22,498","23,000","23,000","22,155","1.51M","-1.45%"
"11/20/2025","22,828","22,550","23,182","22,500","1.02M","0.21%"
"11/19/2025","22,780","22,750","22,839","22,607","947.66K","0.24%"
"11/18/2025","22,725","22,860","23,186","22,725","805.69K","-1.94%"
"11/17/2025","23,175","23,029","23,175","22,694","1.31M","2.03%"
"11/14/2025","22,713","22,976","22,976","22,439","847.00K","-1.14%"
"11/13/2025","22,975","22,599","23,132","22,434","1.20M","1.88%"
"11/12/2025","22,550","22,009","22,650","21,939","1.07M","2.45%"
"11/11/2025","22,011","22,010","22,276","21,854","950.74K","-0.02%"
"11/10/2025","22,016","21,858","22,149","21,759","637.08K","0.72%"
"11/07/2025","21,858","21,820","21,920","21,536","834.26K","0.17%"
"11/06/2025","21,821","22,200","22,200","21,585","1.46M","-0.61%"
"11/05/2025","21,955","21,500","22,076","21,500","1.15M","0.15%"
"11/04/2025","21,923","21,884","21,990","21,512","744.61K","-0.07%"
"11/03/2025","21,939","21,700","22,241","21,668","883.40K","0.73%"
"10/31/2025","21,779","21,901","22,200","21,731","971.46K","-1.51%"
"10/30/2025","22,114","22,499","22,499","21,846","706.86K","-0.55%"
"10/29/2025","22,236","22,685","22,685","22,154","899.27K","-1.51%"
"10/28/2025","22,576","21,802","22,861","21,802","1.77M","1.92%"
"10/27/2025","22,151","22,680","22,680","22,051","976.69K","-0.27%"
"10/24/2025","22,211","22,011","22,667","22,011","1.08M","-0.60%"
"10/23/2025","22,345","22,150","22,412","22,037","945.37K","0.70%"
"10/22/2025","22,189","21,529","22,280","21,529","1.39M","1.88%"
"10/21/2025","21,779","21,300","21,965","21,300","1.32M","0.94%"
"10/20/2025","21,576","21,685","21,858","21,461","880.06K","0.59%"
"10/17/2025","21,449","21,721","21,721","21,096","1.29M","-1.54%"
"10/16/2025","21,785","21,625","21,918","21,557","1.29M","0.74%"
"10/15/2025","21,625","21,399","21,669","21,233","1.84M","0.83%"
"10/14/2025","21,446","21,200","21,552","21,094","1.71M","0.73%"
"10/13/2025","21,290","21,098","21,350","20,670","1.14M","0.90%"
"10/10/2025","21,100","20,800","21,415","20,754","1.77M","1.94%"
"10/09/2025","20,699","20,006","20,762","19,834","2.31M","3.13%"
"10/08/2025","20,071","20,450","20,450","19,654","1.07M","0.03%"
"10/07/2025","20,065","20,450","20,450","19,968","1.61M","-0.72%"
"10/06/2025","20,210","20,179","20,299","19,979","1.31M","0.55%"
"10/03/2025","20,100","19,431","20,168","19,431","1.94M","1.14%"
"10/02/2025","19,874","19,950","20,190","19,764","2.30M","-0.11%"
"10/01/2025","19,895","19,800","19,914","19,329","2.07M","0.99%"
"09/30/2025","19,700","19,667","19,940","19,468","2.65M","1.11%"
"09/29/2025","19,483","19,600","19,600","18,983","1.16M","1.42%"
"09/26/2025","19,210","19,143","19,449","18,701","1.87M","1.20%"
"09/25/2025","18,983","19,609","19,610","18,959","2.52M","-3.19%"
"09/23/2025","19,609","19,600","19,700","19,431","1.14M","0.24%"
"09/22/2025","19,562","19,909","19,909","19,279","2.02M","-1.74%"
"09/19/2025","19,909","20,000","20,194","19,434","2.09M","-1.03%"
"09/18/2025","20,116","20,057","20,309","19,863","5.02M","0.05%"
"09/17/2025","20,106","20,307","20,484","20,043","1.81M","-1.02%"
"09/16/2025","20,313","21,000","21,000","20,268","1.91M","-3.02%"
"09/15/2025","20,946","21,000","21,412","20,856","1.24M","0.14%"
"09/12/2025","20,917","20,597","21,166","20,214","3.23M","2.27%"
"09/11/2025","20,453","21,601","22,892","20,431","4.34M","-9.56%"
"09/10/2025","22,616","22,612","22,886","22,355","997.75K","-0.15%"
"09/09/2025","22,650","22,300","22,700","22,300","1.65M","1.30%"
"09/08/2025","22,360","22,224","22,407","22,032","877.28K","0.61%"
"09/05/2025","22,224","22,590","22,590","21,680","982.72K","0.97%"
"09/04/2025","22,011","22,200","22,555","21,905","1.70M","-0.85%"
"09/03/2025","22,200","22,021","22,680","21,430","2.90M","4.49%"
"09/02/2025","21,246","21,511","21,511","21,000","1.33M","-0.66%"
"09/01/2025","21,388","21,900","21,900","21,288","757.43K","-1.44%"
"08/29/2025","21,700","21,600","21,843","21,600","838.08K","-0.07%"
"08/28/2025","21,716","21,650","22,010","21,650","637.16K","0.28%"
"08/27/2025","21,656","21,692","21,692","21,328","574.94K","-0.17%"
"08/26/2025","21,692","21,676","21,786","21,520","1.31M","-0.32%"
"08/25/2025","21,761","21,899","22,125","21,670","848.11K","-0.24%"
"08/22/2025","21,814","21,500","21,830","21,337","1.26M","2.26%"
"08/21/2025","21,332","21,300","21,526","21,147","872.32K","0.59%"
"08/20/2025","21,207","21,000","21,225","20,960","993.07K","0.51%"
"08/19/2025","21,100","20,801","21,335","20,801","1.40M","-0.24%"
"08/18/2025","21,150","21,349","21,388","21,137","721.33K","-0.50%"
"08/15/2025","21,257","21,622","21,622","21,190","1.19M","0.16%"
"08/14/2025","21,222","21,850","21,850","21,078","884.86K","-0.60%"
"08/13/2025","21,350","21,359","21,687","21,121","887.20K","-0.04%"
"08/12/2025","21,359","20,833","21,471","20,833","1.08M","0.77%"
"08/11/2025","21,196","21,280","21,566","21,093","579.37K","-0.56%"
"08/08/2025","21,316","20,930","21,500","20,930","669.05K","0.08%"
"08/07/2025","21,300","20,850","21,466","20,850","838.55K","-0.15%"
"08/06/2025","21,333","20,802","21,550","20,802","714.63K","0.36%"
"08/05/2025","21,257","20,801","21,407","20,801","1.01M","0.33%"
"08/04/2025","21,188","21,039","21,291","20,980","927.82K","0.71%"
"08/01/2025","21,039","21,594","21,594","20,973","1.59M","-2.57%"
"07/31/2025","21,594","21,474","21,682","21,044","1.55M","2.67%"
"07/30/2025","21,033","21,075","21,190","20,873","562.95K","-0.20%"
"07/29/2025","21,075","21,131","21,373","21,019","907.99K","-0.32%"
"07/28/2025","21,142","21,596","21,596","21,010","572.86K","-0.38%"
"07/25/2025","21,222","21,680","21,680","21,181","737.03K","-1.17%"
"07/24/2025","21,473","21,492","21,648","21,368","644.46K","0.07%"
"07/23/2025","21,457","21,816","21,816","21,443","903.00K","-0.48%"
"07/22/2025","21,561","21,876","22,063","21,418","1.13M","-2.08%"
"07/21/2025","22,019","21,471","22,019","21,471","837.30K","0.83%"
"07/18/2025","21,838","21,400","21,933","21,393","1.00M","1.75%"
"07/17/2025","21,463","21,201","21,636","21,200","1.15M","0.08%"
"07/16/2025","21,445","21,012","21,505","20,932","1.13M","1.07%"
"07/15/2025","21,219","21,012","21,481","21,012","1.36M","-0.13%"
"07/14/2025","21,247","21,551","21,551","20,909","912.70K","0.69%"
"07/11/2025","21,101","21,600","22,161","20,998","1.73M","-2.02%"
"07/10/2025","21,537","22,394","22,394","21,537","893.49K","-2.46%"
"07/09/2025","22,080","21,880","22,399","21,880","788.95K","-0.17%"
"07/08/2025","22,117","22,099","22,162","21,626","893.90K","1.25%"
"07/07/2025","21,843","22,109","22,165","21,773","359.92K","-0.92%"
"07/04/2025","22,045","21,900","22,103","21,888","404.54K","-0.04%"
"07/03/2025","22,054","21,800","22,080","21,491","1.16M","1.58%"
"07/02/2025","21,711","21,600","21,775","21,032","1.76M","-0.09%"
"07/01/2025","21,731","21,750","21,766","21,273","1.05M","1.17%"
"06/30/2025","21,480","21,330","21,586","21,226","1.34M","0.75%"
"06/27/2025","21,320","21,055","21,338","21,034","1.11M","0.67%"
"06/26/2025","21,178","21,355","21,705","21,110","949.74K","-1.61%"
"06/25/2025","21,525","21,001","21,716","21,001","1.76M","0.00%"
"06/24/2025","21,526","21,900","21,900","21,357","1.50M","2.10%"
"06/23/2025","21,083","21,150","21,598","21,029","1.15M","-2.03%"
"06/20/2025","21,520","21,870","21,870","21,373","3.25M","0.25%"
"06/19/2025","21,466","21,150","21,528","21,102","2.92M","0.34%"
"06/18/2025","21,394","21,949","21,949","21,118","1.04M","-0.71%"
"06/17/2025","21,547","21,400","21,855","21,375","1.53M","-0.23%"
"06/13/2025","21,596","21,904","21,904","21,404","1.49M","-1.41%"
"06/12/2025","21,904","21,751","22,065","21,706","1.25M","-0.41%"
"06/11/2025","21,995","21,818","22,289","21,818","1.49M","-0.07%"
"06/10/2025","22,010","22,099","22,100","21,725","1.35M","1.24%"
"06/09/2025","21,740","22,019","22,019","21,550","1.31M","-0.48%"
"06/06/2025","21,845","21,901","21,980","21,462","1.59M","0.16%"
"06/05/2025","21,810","22,110","22,254","21,742","2.26M","-1.56%"
"06/04/2025","22,155","22,400","22,460","22,105","1.05M","-0.15%"
"06/03/2025","22,189","22,106","22,350","21,961","1.26M","0.63%"
"06/02/2025","22,050","22,084","22,139","21,583","1.27M","1.11%"
"05/30/2025","21,808","21,940","22,250","21,724","4.65M","-0.60%"
"05/29/2025","21,940","21,840","22,177","21,609","1.17M","1.19%"
"05/28/2025","21,682","21,359","21,821","21,348","1.18M","1.03%"
"05/27/2025","21,461","21,300","21,461","21,133","2.07M","0.54%"
"05/26/2025","21,345","21,050","21,379","20,796","1.20M","1.64%"
"05/23/2025","21,000","20,936","21,158","20,700","822.19K","0.44%"
"05/22/2025","20,909","20,949","20,980","20,711","1.05M","-0.20%"
"05/21/2025","20,951","20,500","20,975","20,500","1.50M","1.04%"
"05/20/2025","20,735","20,879","20,965","20,561","1.05M","-0.57%"
"05/19/2025","20,854","20,950","21,051","20,787","981.24K","-0.71%"
"05/16/2025","21,003","20,959","21,003","20,683","915.38K","0.98%"
"05/15/2025","20,800","20,559","20,912","20,559","1.48M","0.13%"
"05/14/2025","20,774","20,827","20,965","20,679","1.54M","-0.05%"
"05/13/2025","20,785","20,600","20,802","20,460","1.66M","0.61%"
"05/12/2025","20,658","20,579","20,956","20,486","1.04M","-0.03%"
"05/09/2025","20,665","20,415","20,882","20,415","1.06M","0.67%"
"05/08/2025","20,527","20,500","20,846","20,414","731.50K","-0.35%"
"05/07/2025","20,600","20,754","21,004","20,529","708.12K","-0.74%"
"05/06/2025","20,754","20,847","21,003","20,557","1.09M","-0.54%"
"05/05/2025","20,867","20,629","20,974","20,616","1.50M","0.75%"
"05/02/2025","20,711","20,350","20,875","20,350","1.21M","0.54%"
"04/30/2025","20,599","20,600","20,887","20,496","1.31M","0.50%"
"04/29/2025","20,496","20,200","20,686","20,199","1.20M","1.63%"
"04/25/2025","20,168","20,111","20,194","19,858","1.11M","1.24%"
"04/24/2025","19,920","19,845","20,084","19,504","1.36M","0.61%"
"04/23/2025","19,799","19,684","20,086","19,411","1.36M","2.06%"
"04/22/2025","19,400","19,684","19,684","18,944","811.68K","-0.19%"
"04/17/2025","19,436","19,403","19,634","19,313","953.84K","0.11%"
"04/16/2025","19,415","19,530","19,543","19,029","1.02M","-0.18%"
"04/15/2025","19,450","19,161","19,528","19,102","1.50M","0.79%"
"04/14/2025","19,298","19,299","19,356","18,732","2.19M","5.17%"
"04/11/2025","18,350","18,700","18,700","18,220","1.77M","-0.24%"
"04/10/2025","18,395","18,918","19,347","18,395","3.01M","2.00%"
"04/09/2025","18,034","18,548","18,548","17,585","4.09M","-3.29%"
"04/08/2025","18,648","18,118","18,693","17,820","4.24M","2.93%"
"04/07/2025","18,117","17,400","18,664","16,799","3.14M","0.04%"
"04/04/2025","18,109","19,150","19,150","17,931","3.97M","-4.83%"
"04/03/2025","19,029","20,200","20,200","18,869","4.50M","-6.84%"
"04/02/2025","20,427","20,501","21,176","20,209","2.36M","-0.59%"
"04/01/2025","20,549","20,000","20,567","20,000","1.99M","3.00%"
"03/31/2025","19,950","19,989","20,094","19,815","1.27M","-0.23%"
"03/28/2025","19,995","20,352","20,353","19,924","935.70K","-0.79%"
"03/27/2025","20,155","20,060","20,345","20,000","1.21M","-0.36%"
"03/26/2025","20,228","20,208","20,296","19,992","1.22M","0.02%"
"03/25/2025","20,223","19,900","20,412","19,557","1.75M","1.64%"
"03/24/2025","19,897","19,899","20,207","19,409","791.33K","-0.21%"
"03/20/2025","19,938","19,400","20,281","19,400","7.33M","-0.54%"
"03/19/2025","20,046","19,670","20,375","19,534","1.84M","1.78%"
"03/18/2025","19,696","19,700","19,747","19,426","1.77M","-0.02%"
"03/17/2025","19,700","19,560","19,811","19,482","1.16M","0.68%"
"03/14/2025","19,567","19,575","19,633","19,405","1.15M","0.06%"
"03/13/2025","19,556","19,700","19,700","19,429","1.20M","-0.37%"
"03/12/2025","19,629","19,597","19,835","19,260","1.57M","0.67%"
"03/11/2025","19,499","20,494","20,494","19,292","1.63M","-0.97%"
"03/10/2025","19,690","19,915","20,158","19,644","1.46M","-2.55%"
"03/07/2025","20,205","20,500","20,550","20,000","1.34M","-1.65%"
"03/06/2025","20,543","20,900","20,900","20,425","1.09M","-0.64%"
"03/05/2025","20,676","20,883","20,932","20,563","1.45M","-0.99%"
"03/04/2025","20,882","20,500","21,417","20,412","1.49M","0.39%"
"03/03/2025","20,800","20,750","20,955","20,544","1.38M","0.51%"
"02/28/2025","20,694","20,945","21,007","20,691","2.49M","-1.36%"
"02/27/2025","20,980","21,120","21,247","20,920","766.31K","-0.95%"
"02/26/2025","21,182","20,899","21,248","20,843","1.10M","1.52%"
"02/25/2025","20,865","20,600","21,019","20,530","776.57K","0.31%"
"02/24/2025","20,800","20,711","21,089","20,711","924.22K","-0.62%"
"02/21/2025","20,929","20,720","21,033","20,720","464.29K","0.35%"
"02/20/2025","20,856","20,800","21,247","20,735","1.33M","-0.38%"
"02/19/2025","20,936","19,600","21,533","19,595","4.45M","7.57%"
"02/18/2025","19,463","19,375","19,463","19,205","884.56K","1.15%"
"02/17/2025","19,242","18,810","19,311","18,810","781.21K","0.04%"
"02/14/2025","19,235","19,400","19,400","18,965","1.07M","0.81%"
"02/13/2025","19,081","19,590","19,700","19,081","1.56M","-2.74%"
"02/12/2025","19,619","19,600","19,797","19,345","1.34M","1.28%"
"02/11/2025","19,371","19,574","19,638","19,300","1.20M","-0.20%"
"02/10/2025","19,410","19,128","19,609","19,086","1.84M","1.47%"
"02/07/2025","19,129","18,501","19,175","18,501","1.42M","1.98%"
"02/06/2025","18,758","17,900","18,758","17,900","1.69M","2.72%"
"02/05/2025","18,261","18,287","18,605","18,167","2.00M","1.67%"
"02/04/2025","17,961","17,773","18,095","17,773","1.26M","0.77%"
"02/03/2025","17,823","18,100","18,100","17,693","1.39M","-1.53%"
"01/31/2025","18,100","18,100","18,264","17,909","1.29M","-0.14%"
"01/30/2025","18,125","17,850","18,318","17,850","1.21M","0.40%"
"01/29/2025","18,052","17,933","18,252","17,809","3.01M","1.06%"
"01/28/2025","17,863","17,601","18,000","17,601","1.82M","-0.47%"
"01/27/2025","17,948","17,829","18,124","17,614","2.11M","-0.47%"
"01/24/2025","18,032","18,494","18,691","18,012","2.23M","-2.23%"
"01/23/2025","18,444","18,857","18,857","18,317","1.80M","-1.80%"
"01/22/2025","18,783","18,978","19,175","18,783","1.24M","-1.02%"
"01/21/2025","18,977","18,949","19,047","18,723","1.41M","0.16%"
"01/20/2025","18,947","18,802","19,288","18,802","739.23K","-0.30%"
"01/17/2025","19,004","18,605","19,185","18,605","936.62K","0.01%"
"01/16/2025","19,003","19,290","19,545","18,814","983.19K","-1.58%"
"01/15/2025","19,308","18,800","19,372","18,726","1.15M","2.20%"
"01/14/2025","18,893","18,821","19,699","18,821","1.23M","-1.43%"
"01/13/2025","19,167","19,247","19,319","18,807","1.32M","-0.41%"
"01/10/2025","19,246","19,493","19,773","19,088","1.45M","-2.08%"
"01/09/2025","19,654","19,755","20,108","19,490","934.42K","-1.15%"
"01/08/2025","19,882","19,941","20,060","19,672","1.68M","-0.40%"
"01/07/2025","19,961","19,750","20,123","19,443","1.20M","1.74%"
"01/06/2025","19,619","19,540","19,846","19,447","1.16M","-0.25%"
"01/03/2025","19,668","19,410","19,721","19,119","1.12M","1.33%"
"01/02/2025","19,410","19,201","19,612","19,201","545.36K","-0.34%"
"12/31/2024","19,477","19,206","19,722","19,206","355.02K","0.03%"
"12/30/2024","19,471","19,620","19,620","19,241","564.22K","-0.79%"
"12/27/2024","19,626","19,950","19,950","19,404","677.76K","-0.93%"
"12/24/2024","19,810","19,200","19,934","19,200","375.25K","0.32%"
"12/23/2024","19,747","19,583","19,789","19,442","962.75K","0.84%"
"12/20/2024","19,583","19,798","19,798","19,234","3.41M","0.51%"
"12/19/2024","19,483","19,647","19,740","19,321","5.02M","-1.37%"
"12/18/2024","19,754","19,400","19,817","19,400","1.30M","1.41%"
"12/17/2024","19,479","19,656","19,799","19,394","1.15M","-1.00%"
"12/13/2024","19,675","19,300","19,840","19,300","1.29M","0.78%"
"12/12/2024","19,523","19,483","19,618","19,475","798.46K","-0.01%"
"12/11/2024","19,525","19,800","19,800","19,336","721.38K","-0.17%"
"12/10/2024","19,558","19,900","19,900","19,220","1.13M","-0.47%"
"12/09/2024","19,651","19,667","19,934","19,445","1.38M","-0.08%"
"12/06/2024","19,667","19,479","19,710","19,368","1.04M","1.08%"
"12/05/2024","19,457","19,543","19,772","19,264","1.85M","0.29%"
"12/04/2024","19,400","19,724","19,724","19,174","1.21M","0.22%"
"12/03/2024","19,358","18,801","19,719","18,801","1.35M","-0.98%"
"12/02/2024","19,550","19,034","19,592","19,034","1.07M","1.46%"
"11/29/2024","19,269","19,400","19,400","18,817","2.02M","0.20%"
"11/28/2024","19,231","19,222","19,391","19,170","1.27M","0.05%"
"11/27/2024","19,222","19,300","19,598","19,110","1.07M","-1.39%"
"11/26/2024","19,493","19,388","19,574","19,262","1.50M","0.04%"
"11/25/2024","19,485","19,712","19,897","19,455","2.05M","-0.83%"
"11/22/2024","19,648","19,460","19,733","19,387","1.46M","0.24%"
"11/21/2024","19,601","19,655","19,655","19,353","2.27M","0.55%"
"11/20/2024","19,493","19,010","19,542","19,010","1.54M","1.53%"
"11/19/2024","19,199","19,400","19,422","19,067","1.36M","0.33%"
"11/18/2024","19,135","19,047","19,199","18,946","1.10M","0.55%"
"11/15/2024","19,031","19,100","19,143","18,643","955.14K","0.03%"
"11/14/2024","19,026","18,646","19,148","18,646","2.52M","1.53%"
"11/13/2024","18,740","18,801","18,807","18,619","968.18K","-0.15%"
"11/12/2024","18,769","18,416","18,801","18,183","2.42M","2.17%"
"11/11/2024","18,371","18,460","18,516","18,177","861.78K","0.19%"
"11/08/2024","18,336","18,050","18,575","18,050","1.03M","-0.06%"
"11/07/2024","18,347","18,350","18,439","18,110","1.45M","0.61%"
"11/06/2024","18,236","18,389","18,402","18,049","2.43M","-1.06%"
"11/05/2024","18,431","18,374","18,460","18,227","2.14M","1.17%"
"11/04/2024","18,218","18,100","18,320","18,034","1.34M","0.65%"
"11/01/2024","18,100","18,020","18,183","17,850","1.85M","0.53%"
"10/31/2024","18,005","18,100","18,256","17,974","2.11M","-0.80%"
"10/30/2024","18,150","17,830","18,150","17,830","2.26M","1.05%"
"10/29/2024","17,962","18,100","18,222","17,758","1.86M","-0.57%"
"10/28/2024","18,065","17,793","18,107","17,793","1.94M","1.53%"
"10/25/2024","17,793","17,691","17,862","17,540","1.48M","0.81%"
"10/24/2024","17,650","17,476","17,691","17,404","895.12K","1.41%"
"10/23/2024","17,404","17,300","17,480","17,201","1.20M","0.34%"
"10/22/2024","17,345","17,690","17,700","17,116","1.72M","-1.56%"
"10/21/2024","17,619","17,750","17,750","17,482","1.70M","-0.54%"
"10/18/2024","17,715","17,562","17,780","17,543","1.17M","0.88%"
"10/17/2024","17,561","17,292","17,605","17,292","1.02M","1.32%"
"10/16/2024","17,332","17,226","17,411","17,192","1.39M","-0.96%"
"10/15/2024","17,500","17,479","17,535","17,090","1.59M","1.47%"
"10/14/2024","17,246","17,150","17,417","17,012","1.01M","0.12%"
"10/11/2024","17,225","17,000","17,285","16,850","842.26K","0.08%"
"10/10/2024","17,211","17,100","17,404","17,040","1.23M","0.36%"
"10/09/2024","17,150","17,100","17,151","16,818","1.02M","0.00%"
"10/08/2024","17,150","17,100","17,212","16,753","1.59M","0.46%"
"10/07/2024","17,072","17,100","17,196","17,007","768.87K","0.26%"
"10/04/2024","17,027","16,615","17,089","16,615","1.08M","-0.05%"
"10/03/2024","17,036","17,178","17,250","16,646","2.02M","-0.62%"
"10/02/2024","17,142","17,398","17,398","17,090","708.76K","-0.21%"
"10/01/2024","17,178","17,400","17,400","17,000","4.11M","-0.01%"
"09/30/2024","17,180","17,272","17,324","17,039","2.97M","-0.16%"
"09/27/2024","17,208","17,200","17,362","16,977","1.62M","-0.18%"
"09/26/2024","17,239","17,281","17,493","17,200","1.36M","-0.01%"
"09/25/2024","17,241","17,228","17,506","17,077","2.72M","1.06%"
"09/23/2024","17,060","16,590","17,129","16,565","3.34M","3.87%"
"09/20/2024","16,424","15,942","16,584","15,859","4.20M","3.30%"
"09/19/2024","15,900","15,860","16,089","15,754","6.64M","0.19%"
"09/18/2024","15,870","15,657","15,870","15,597","1.50M","1.36%"
"09/17/2024","15,657","15,410","15,843","15,410","1.41M","1.02%"
"09/16/2024","15,499","15,636","15,709","15,389","1.71M","-0.11%"
"09/13/2024","15,516","15,600","15,645","15,439","1.34M","0.05%"
"09/12/2024","15,508","14,874","15,590","14,873","2.69M","4.46%"
"09/11/2024","14,846","15,099","15,099","14,712","1.65M","-1.10%"
"09/10/2024","15,011","14,999","15,279","14,999","1.12M","-0.25%"
"09/09/2024","15,049","14,700","15,257","14,700","1.37M","-0.02%"
"09/06/2024","15,052","15,050","15,171","14,878","1.16M","-0.01%"
"09/05/2024","15,053","14,700","15,137","14,700","1.27M","0.92%"
"09/04/2024","14,916","15,050","15,283","14,831","3.63M","-0.97%"
"09/03/2024","15,062","15,100","15,368","14,981","1.49M","-1.20%"
"09/02/2024","15,245","15,334","15,367","15,100","836.37K","-0.36%"
"08/30/2024","15,300","15,387","15,485","15,225","1.73M","-0.57%"
"08/29/2024","15,387","15,188","15,488","15,188","1.24M","0.05%"
"08/28/2024","15,379","15,100","15,466","15,100","1.29M","1.06%"
"08/27/2024","15,218","15,100","15,350","15,040","1.03M","0.43%"
"08/26/2024","15,153","15,320","15,425","15,087","1.26M","-1.10%"
"08/23/2024","15,322","14,851","15,469","14,851","1.77M","0.88%"
"08/22/2024","15,189","15,176","15,204","14,926","1.51M","1.14%"
"08/21/2024","15,018","14,931","15,108","14,859","822.27K","0.58%"
"08/20/2024","14,931","15,000","15,174","14,768","1.08M","-0.57%"
"08/19/2024","15,016","14,661","15,241","14,661","1.78M","0.21%"
"08/16/2024","14,984","14,700","15,234","14,700","2.71M","2.36%"
"08/15/2024","14,639","14,600","14,939","14,546","1.94M","0.29%"
"08/14/2024","14,596","14,300","14,596","14,155","2.49M","2.79%"
"08/13/2024","14,200","13,500","14,364","13,500","1.52M","1.43%"
"08/12/2024","14,000","14,150","14,150","13,750","2.12M","-0.38%"
"08/08/2024","14,054","13,851","14,238","13,683","1.37M","1.11%"
"08/07/2024","13,900","13,405","13,988","13,405","1.48M","2.17%"
"08/06/2024","13,605","13,500","13,746","13,417","1.15M","-0.81%"
"08/05/2024","13,716","13,513","13,716","13,387","1.37M","-1.32%"
"08/02/2024","13,900","14,280","14,280","13,840","2.00M","-1.99%"
"08/01/2024","14,182","14,000","14,334","14,000","1.18M","-0.69%"
"07/31/2024","14,280","13,300","14,280","13,300","1.58M","3.05%"
"07/30/2024","13,857","13,600","14,000","13,549","756.62K","1.39%"
"07/29/2024","13,667","13,575","13,852","13,575","1.10M","-0.67%"
"07/26/2024","13,759","13,710","13,838","13,327","530.82K","0.50%"
"07/25/2024","13,690","13,400","13,710","13,376","712.42K","0.22%"
"07/24/2024","13,660","13,469","13,680","13,469","490.67K","0.76%"
"07/23/2024","13,557","13,400","13,821","13,400","760.46K","-1.30%"
"07/22/2024","13,735","13,543","13,754","13,543","563.22K","0.40%"
"07/19/2024","13,680","13,662","13,738","13,561","592.80K","0.13%"
"07/18/2024","13,662","13,565","13,771","13,565","1.32M","0.49%"
"07/17/2024","13,596","13,750","13,857","13,473","1.71M","-2.20%"
"07/16/2024","13,902","13,901","13,949","13,745","1.64M","-0.34%"
"07/15/2024","13,950","13,755","13,950","13,722","2.64M","0.48%"
"07/12/2024","13,883","13,722","13,922","13,722","793.38K","0.43%"
"07/11/2024","13,823","13,680","13,906","13,680","1.61M","0.49%"
"07/10/2024","13,755","13,725","13,879","13,725","965.50K","-0.83%"
"07/09/2024","13,870","13,705","13,948","13,705","1.29M","0.33%"
"07/08/2024","13,825","14,100","14,100","13,582","1.68M","-0.18%"
"07/05/2024","13,850","13,805","14,003","13,724","1.29M","-0.73%"
"07/04/2024","13,952","14,100","14,100","13,805","1.02M","0.26%"
"07/03/2024","13,916","14,028","14,073","13,766","1.73M","1.17%"
"07/02/2024","13,755","13,900","14,081","13,700","1.78M","-1.76%"
"07/01/2024","14,002","13,651","14,207","13,611","3.49M","3.96%"
"06/28/2024","13,469","12,900","13,585","12,900","2.92M","3.75%"
"06/27/2024","12,982","13,619","13,619","12,982","1.23M","-2.61%"
"06/26/2024","13,330","13,700","13,700","13,330","1.91M","-1.78%"
"06/25/2024","13,571","13,693","13,740","13,425","1.88M","0.87%"
"06/24/2024","13,454","13,550","13,683","13,277","1.68M","-0.71%"
"06/21/2024","13,550","13,570","13,706","13,333","5.93M","0.89%"
"06/20/2024","13,430","13,503","13,599","13,293","6.05M","-1.03%"
"06/19/2024","13,570","13,300","13,742","13,121","3.52M","2.05%"
"06/18/2024","13,297","12,705","13,620","12,550","4.48M","5.97%"
"06/14/2024","12,548","11,925","12,673","11,760","3.02M","5.82%"
"06/13/2024","11,858","11,700","11,873","11,635","1.54M","1.52%"
"06/12/2024","11,680","11,600","11,847","11,538","1.89M","1.42%"
"06/11/2024","11,517","11,210","11,599","11,210","1.60M","2.41%"
"06/10/2024","11,246","11,000","11,273","10,995","968.67K","1.10%"
"06/07/2024","11,124","11,299","11,299","10,965","942.06K","1.75%"
"06/06/2024","10,933","10,810","11,111","10,810","1.15M","-0.21%"
"06/05/2024","10,956","11,246","11,322","10,804","2.00M","-3.27%"
"06/04/2024","11,326","11,334","11,500","11,290","2.37M","-0.74%"
"06/03/2024","11,410","10,970","11,521","10,945","2.42M","4.02%"
"05/31/2024","10,969","11,084","11,105","10,894","2.36M","-1.04%"
"05/30/2024","11,084","11,511","11,518","11,018","2.80M","-4.13%"
"05/28/2024","11,561","11,620","11,841","11,561","1.52M","-1.19%"
"05/27/2024","11,700","11,694","11,850","11,644","929.78K","-0.59%"
"05/24/2024","11,769","11,695","11,836","11,562","1.22M","0.59%"
"05/23/2024","11,700","11,630","11,873","11,629","2.09M","-0.41%"
"05/22/2024","11,748","11,507","11,922","11,507","1.44M","0.30%"
"05/21/2024","11,713","11,760","11,820","11,614","2.35M","-0.03%"
"05/20/2024","11,716","11,625","11,759","11,500","1.51M","0.81%"
"05/17/2024","11,622","11,625","11,699","11,385","1.77M","-0.03%"
"05/16/2024","11,625","11,232","11,727","11,151","2.47M","3.83%"
"05/15/2024","11,196","10,755","11,227","10,755","3.42M","4.43%"
"05/14/2024","10,721","11,000","11,422","10,721","5.09M","-8.07%"
"05/13/2024","11,662","11,800","11,850","11,661","1.39M","-0.75%"
"05/10/2024","11,750","11,700","11,872","11,700","1.72M","0.43%"
"05/09/2024","11,700","11,755","11,799","11,639","2.11M","-0.65%"
"05/08/2024","11,776","11,600","11,927","11,600","1.51M","0.65%"
"05/07/2024","11,700","11,750","11,854","11,652","1.68M","-0.09%"
"05/06/2024","11,711","11,722","11,873","11,711","1.11M","-0.21%"
"05/03/2024","11,736","11,854","11,974","11,735","1.22M","-1.00%"
"05/02/2024","11,854","11,965","12,321","11,758","2.29M","-1.41%"
"04/30/2024","12,024","11,501","12,161","11,501","2.33M","2.59%"
"04/29/2024","11,720","11,440","11,970","11,225","2.35M","4.21%"
"04/26/2024","11,246","10,925","11,339","10,925","1.82M","2.25%"
"04/25/2024","10,999","11,319","11,319","10,895","1.53M","0.61%"
"04/24/2024","10,932","11,176","11,324","10,932","1.29M","-3.14%"
"04/23/2024","11,286","10,901","11,367","10,901","1.97M","1.27%"
"04/22/2024","11,144","10,800","11,204","10,730","1.41M","2.38%"
"04/19/2024","10,885","10,801","10,960","10,774","1.68M","-0.46%"
"04/18/2024","10,935","11,098","11,098","10,757","1.94M","0.26%"
"04/17/2024","10,907","11,100","11,162","10,893","1.66M","-1.56%"
"04/16/2024","11,080","10,827","11,159","10,712","1.69M","1.19%"
"04/15/2024","10,950","11,201","11,409","10,950","1.68M","-1.54%"
"04/12/2024","11,121","11,500","11,501","11,084","2.26M","-3.51%"
"04/11/2024","11,526","11,840","11,840","11,351","1.57M","-1.33%"
"04/10/2024","11,681","11,858","12,000","11,531","1.32M","-1.01%"
"04/09/2024","11,800","11,617","11,876","11,617","1.96M","-0.53%"
"04/08/2024","11,863","11,878","12,023","11,604","1.48M","-0.13%"
"04/05/2024","11,878","12,024","12,024","11,784","1.56M","-1.16%"
"04/04/2024","12,018","11,500","12,100","11,500","1.99M","3.67%"
"04/03/2024","11,592","11,900","11,900","11,370","2.68M","-2.31%"
"04/02/2024","11,866","12,063","12,158","11,785","1.85M","-1.63%"
"03/28/2024","12,063","12,401","12,445","12,016","2.47M","-2.74%"
"03/27/2024","12,403","12,600","12,600","12,403","1.57M","-0.91%"
"03/26/2024","12,517","12,401","12,581","12,401","1.15M","0.74%"
"03/25/2024","12,425","12,663","12,776","12,403","1.88M","-2.17%"
"03/22/2024","12,700","12,600","12,916","12,566","1.53M","-0.17%"
"03/20/2024","12,721","12,700","13,050","12,562","4.41M","-0.64%"
"03/19/2024","12,803","12,800","12,903","12,430","2.24M","3.27%"
"03/18/2024","12,397","13,650","13,843","12,263","2.65M","-7.04%"
"03/15/2024","13,336","13,650","13,820","13,336","3.21M","-2.51%"
"03/14/2024","13,679","13,550","13,748","13,537","1.23M","0.21%"
"03/13/2024","13,650","13,875","13,875","13,408","1.38M","0.55%"
"03/12/2024","13,575","13,466","13,738","13,422","1.15M","0.82%"
"03/11/2024","13,465","13,358","13,495","13,240","825.93K","-0.10%"
"03/08/2024","13,479","13,514","13,514","13,343","847.13K","0.49%"
"03/07/2024","13,413","13,497","13,574","13,256","1.08M","-1.49%"
"03/06/2024","13,616","13,202","13,616","13,202","1.31M","1.86%"
"03/05/2024","13,368","13,400","13,517","13,235","1.07M","-1.09%"
"03/04/2024","13,515","13,558","13,558","13,301","635.26K","0.11%"
"03/01/2024","13,500","13,455","13,567","13,415","901.45K","-0.66%"
"02/29/2024","13,590","13,407","13,590","13,328","1.55M","1.65%"
"02/28/2024","13,369","13,300","13,649","13,300","538.01K","-1.70%"
"02/27/2024","13,600","13,777","13,777","13,558","947.20K","-0.46%"
"02/26/2024","13,663","13,488","13,747","13,447","727.18K","-0.10%"
"02/23/2024","13,676","13,727","13,762","13,565","510.47K","-0.13%"
"02/22/2024","13,694","13,650","13,817","13,620","834.29K","0.47%"
"02/21/2024","13,630","13,650","13,650","13,434","943.75K","0.66%"
"02/20/2024","13,540","13,350","13,646","13,350","691.36K","-0.13%"
"02/19/2024","13,558","13,460","13,558","13,333","773.92K","0.69%"
"02/16/2024","13,465","13,451","13,607","13,314","762.82K","0.52%"
"02/15/2024","13,396","13,450","13,500","13,326","810.30K","-0.74%"
"02/14/2024","13,496","13,500","13,533","13,405","572.79K","0.11%"
"02/13/2024","13,481","13,475","13,800","13,399","674.37K","0.05%"
"02/12/2024","13,474","13,600","13,998","13,365","816.04K","-0.68%"
"02/09/2024","13,566","13,700","13,705","13,551","852.92K","-1.14%"
"02/08/2024","13,723","13,710","13,837","13,638","532.71K","-0.41%"
"02/07/2024","13,780","13,946","13,946","13,570","793.77K","0.58%"
"02/06/2024","13,701","13,720","13,842","13,615","686.89K","0.74%"
"02/05/2024","13,600","13,553","13,820","13,495","840.08K","-0.52%"
"02/02/2024","13,671","14,000","14,000","13,593","857.12K","-1.56%"
"02/01/2024","13,888","13,645","13,956","13,502","975.04K","0.25%"
"01/31/2024","13,853","13,865","14,019","13,689","1.41M","-0.12%"
"01/30/2024","13,869","13,586","14,300","13,559","1.69M","3.13%"
"01/29/2024","13,448","13,579","13,683","13,448","641.43K","-0.96%"
"01/26/2024","13,579","13,286","13,640","13,286","627.34K","1.00%"
"01/25/2024","13,444","13,575","13,577","13,216","340.03K","-0.43%"
"01/24/2024","13,502","13,558","13,600","13,369","920.49K","-0.02%"
"01/23/2024","13,505","13,350","13,505","13,290","801.47K","1.24%"
"01/22/2024","13,340","13,411","13,497","13,159","849.29K","0.09%"
"01/19/2024","13,328","13,360","13,527","13,228","992.08K","-0.29%"
"01/18/2024","13,367","13,454","13,454","13,296","753.80K","0.65%"
"01/17/2024","13,281","13,267","13,377","13,168","859.41K","-0.95%"
"01/16/2024","13,408","13,700","13,700","13,300","1.06M","-1.64%"
"01/15/2024","13,632","13,799","13,854","13,563","946.28K","-1.22%"
"01/12/2024","13,800","14,000","14,000","13,692","803.19K","0.00%"
"01/11/2024","13,800","13,862","13,885","13,800","813.70K","0.02%"
"01/10/2024","13,797","14,498","14,498","13,740","741.26K","-0.43%"
"01/09/2024","13,856","14,200","14,200","13,856","949.56K","-0.83%"
"01/08/2024","13,972","14,499","14,499","13,862","763.03K","-0.13%"
"01/05/2024","13,990","14,100","14,100","13,914","553.70K","-0.02%"
"01/04/2024","13,993","14,014","14,298","13,891","864.77K","-1.10%"
"01/03/2024","14,149","14,100","14,375","14,100","853.83K","-1.02%"
"01/02/2024","14,295","14,255","14,481","14,194","561.20K","-0.51%"
"12/29/2023","14,368","14,460","14,484","14,067","442.71K","0.11%"
"12/28/2023","14,352","14,014","14,490","14,014","768.73K","0.22%"
"12/27/2023","14,320","14,088","14,385","14,028","1.43M","2.66%"
"12/22/2023","13,949","13,850","14,196","13,772","564.30K","0.99%"
"12/21/2023","13,812","13,689","13,822","13,585","2.73M","0.20%"
"12/20/2023","13,784","13,841","13,856","13,627","839.36K","0.75%"
"12/19/2023","13,682","13,600","13,728","13,550","925.59K","-0.30%"
"12/18/2023","13,723","14,150","14,329","13,723","1.28M","-2.97%"
"12/14/2023","14,143","13,846","14,297","13,846","3.43M","3.07%"
"12/13/2023","13,722","13,606","13,882","13,576","1.04M","0.16%"
"12/12/2023","13,700","13,700","13,830","13,549","1.86M","0.42%"
"12/11/2023","13,643","13,360","13,661","13,360","1.15M","1.76%"
"12/08/2023","13,407","13,380","13,580","13,380","1.11M","-0.48%"
"12/07/2023","13,472","13,670","13,670","13,364","851.05K","-0.77%"
"12/06/2023","13,577","13,360","13,661","13,360","1.01M","0.27%"
"12/05/2023","13,540","13,016","13,846","13,016","1.30M","0.25%"
"12/04/2023","13,506","13,182","13,549","13,102","1.23M","2.46%"
"12/01/2023","13,182","13,300","13,470","13,103","1.32M","-0.92%"
"11/30/2023","13,304","13,988","13,988","13,260","2.79M","-1.71%"
"11/29/2023","13,535","13,598","13,748","13,348","1.08M","-1.12%"
"11/28/2023","13,689","13,800","13,908","13,616","1.66M","-1.30%"
"11/27/2023","13,870","13,799","13,922","13,648","1.45M","0.51%"
"11/24/2023","13,800","13,847","13,869","13,528","1.38M","1.54%"
"11/23/2023","13,591","13,567","13,633","13,424","1.16M","0.44%"
"11/22/2023","13,531","13,700","13,766","13,421","1.10M","-1.21%"
"11/21/2023","13,697","13,613","13,766","13,567","1.06M","0.62%"
"11/20/2023","13,613","13,790","13,790","13,299","1.45M","-0.63%"
"11/17/2023","13,699","13,750","13,750","13,449","1.34M","0.66%"
"11/16/2023","13,609","13,200","13,767","13,200","1.76M","-0.16%"
"11/15/2023","13,631","13,353","13,846","13,226","2.25M","3.23%"
"11/14/2023","13,204","13,141","13,225","12,971","1.44M","1.00%"
"11/13/2023","13,073","13,499","13,499","12,999","976.98K","0.34%"
"11/10/2023","13,029","13,000","13,122","12,885","858.82K","-0.38%"
"11/09/2023","13,079","12,802","13,145","12,802","1.52M","-0.54%"
"11/08/2023","13,150","12,935","13,150","12,824","1.40M","0.11%"
"11/07/2023","13,136","13,271","13,366","12,986","1.36M","-2.46%"
"11/06/2023","13,467","13,476","13,589","13,353","1.33M","-0.06%"
"11/03/2023","13,475","13,468","13,510","13,233","1.62M","0.56%"
"11/02/2023","13,400","13,089","13,420","13,051","1.61M","2.38%"
"11/01/2023","13,089","12,950","13,139","12,764","1.22M","1.80%"
"10/31/2023","12,858","12,705","12,899","12,705","909.07K","0.45%"
"10/30/2023","12,801","12,949","12,949","12,690","844.51K","0.75%"
"10/27/2023","12,706","12,951","13,017","12,682","1.16M","-2.31%"
"10/26/2023","13,006","12,910","13,028","12,805","904.08K","-1.22%"
"10/25/2023","13,167","13,286","13,340","12,968","1.00M","-0.54%"
"10/24/2023","13,238","13,499","13,499","13,014","517.71K","0.40%"
"10/23/2023","13,185","13,112","13,223","12,927","944.78K","0.56%"
"10/20/2023","13,112","13,101","13,288","13,073","1.12M","-1.06%"
"10/19/2023","13,253","13,400","13,400","13,003","951.96K","0.39%"
"10/18/2023","13,201","13,189","13,229","13,010","1.16M","0.39%"
"10/17/2023","13,150","13,050","13,150","12,888","936.93K","0.75%"
"10/16/2023","13,052","13,240","13,247","12,962","1.03M","-1.49%"
"10/13/2023","13,250","13,913","13,913","13,219","751.27K","-1.49%"
"10/12/2023","13,450","13,679","13,764","13,315","2.10M","-1.75%"
"10/11/2023","13,689","13,600","13,689","13,459","1.42M","-0.07%"
"10/10/2023","13,699","13,390","13,699","13,390","2.25M","1.93%"
"10/09/2023","13,440","13,593","13,763","13,439","1.21M","-1.12%"
"10/06/2023","13,592","13,741","13,741","13,381","1.49M","0.32%"
"10/05/2023","13,549","13,730","13,730","13,344","674.35K","0.55%"
"10/04/2023","13,475","13,550","13,621","13,415","981.07K","-0.55%"
"10/03/2023","13,549","13,491","13,808","13,432","1.24M","0.41%"
"10/02/2023","13,494","13,700","13,869","13,433","1.24M","-1.62%"
"09/29/2023","13,716","14,399","14,399","13,613","1.86M","-2.30%"
"09/28/2023","14,039","14,498","14,498","13,918","1.48M","-2.40%"
"09/27/2023","14,384","14,450","14,569","14,309","854.90K","-0.64%"
"09/26/2023","14,477","14,360","14,650","14,052","1.40M","-0.92%"
"09/22/2023","14,612","14,620","14,705","14,400","1.34M","-0.62%"
"09/21/2023","14,703","14,910","15,199","14,300","3.59M","-0.89%"
"09/20/2023","14,835","14,500","14,835","14,481","842.52K","1.45%"
"09/19/2023","14,623","14,600","14,685","14,190","1.03M","0.59%"
"09/18/2023","14,537","14,500","14,585","14,257","920.37K","-0.74%"
"09/15/2023","14,646","14,581","14,877","14,540","2.65M","-0.81%"
"09/14/2023","14,765","14,683","14,809","14,600","983.81K","0.08%"
"09/13/2023","14,753","14,701","14,921","14,596","1.27M","-1.32%"
"09/12/2023","14,950","14,569","15,292","14,515","1.85M","2.65%"
"09/11/2023","14,564","14,381","14,706","14,381","642.87K","0.17%"
"09/08/2023","14,539","14,300","14,583","14,190","576.54K","1.08%"
"09/07/2023","14,384","14,499","14,654","14,362","786.09K","-1.69%"
"09/06/2023","14,632","14,530","14,805","14,472","848.22K","-0.83%"
"09/05/2023","14,755","14,531","14,848","14,531","849.94K","-0.16%"
"09/04/2023","14,779","14,789","14,879","14,655","573.43K","1.00%"
"09/01/2023","14,633","14,950","14,950","14,553","1.12M","-0.27%"
"08/31/2023","14,673","15,085","15,085","14,649","2.19M","-2.17%"
"08/30/2023","14,999","14,625","15,181","14,625","503.62K","-0.11%"
"08/29/2023","15,015","14,958","15,141","14,904","786.12K","0.62%"
"08/28/2023","14,922","14,998","15,031","14,784","762.62K","0.82%"
"08/25/2023","14,801","14,999","14,999","14,777","448.28K","-0.02%"
"08/24/2023","14,804","14,681","14,911","14,631","623.94K","0.61%"
"08/23/2023","14,714","14,625","14,847","14,625","852.21K","0.62%"
"08/22/2023","14,624","14,546","14,837","14,546","1.41M","-1.12%"
"08/21/2023","14,789","14,709","14,939","14,653","1.94M","0.75%"
"08/18/2023","14,679","15,080","15,080","14,576","1.40M","-1.94%"
"08/17/2023","14,969","15,115","15,115","14,812","1.03M","-0.97%"
"08/16/2023","15,115","15,053","15,167","14,956","816.66K","-0.53%"
"08/15/2023","15,195","15,397","15,397","15,099","985.86K","-1.50%"
"08/14/2023","15,427","15,460","15,499","15,263","595.97K","-0.16%"
"08/11/2023","15,452","15,271","15,680","15,258","609.96K","-0.56%"
"08/10/2023","15,539","15,280","15,693","15,280","1.02M","0.31%"
"08/08/2023","15,491","15,150","15,756","15,100","716.57K","-0.66%"
"08/07/2023","15,594","15,497","15,725","15,320","614.30K","0.30%"
"08/04/2023","15,547","15,500","15,619","15,350","1.26M","0.31%"
"08/03/2023","15,499","15,023","15,499","15,023","852.79K","0.66%"
"08/02/2023","15,398","15,562","15,720","15,204","1.21M","-2.12%"
"08/01/2023","15,732","15,682","15,948","15,675","915.64K","-0.42%"
"07/31/2023","15,799","16,000","16,000","15,597","923.54K","-0.50%"
"07/28/2023","15,878","15,849","16,042","15,602","1.11M","0.20%"
"07/27/2023","15,846","15,400","15,954","15,373","1.10M","3.16%"
"07/26/2023","15,360","15,305","15,400","15,286","715.20K","0.60%"
"07/25/2023","15,268","15,161","15,371","15,161","761.43K","-0.11%"
"07/24/2023","15,285","14,901","15,487","14,901","795.52K","0.23%"
"07/21/2023","15,250","15,175","15,422","15,175","486.77K","-0.33%"
"07/20/2023","15,300","14,600","15,446","14,600","1.03M","0.56%"
"07/19/2023","15,215","15,200","15,400","15,148","1.11M","0.50%"
"07/18/2023","15,139","15,149","15,149","14,976","974.71K","0.59%"
"07/17/2023","15,050","15,084","15,223","14,905","1.03M","0.37%"
"07/14/2023","14,994","14,967","15,139","14,865","810.55K","0.18%"
"07/13/2023","14,967","14,555","15,087","14,555","1.37M","0.45%"
"07/12/2023","14,900","14,251","14,950","14,153","1.48M","3.15%"
"07/11/2023","14,445","14,161","14,673","14,161","1.47M","-0.38%"
"07/10/2023","14,500","14,610","14,677","14,422","947.29K","-0.73%"
"07/07/2023","14,606","14,541","14,663","14,426","681.79K","1.48%"
"07/06/2023","14,393","14,677","14,686","14,353","966.01K","-1.95%"
"07/05/2023","14,679","14,800","14,800","14,507","1.09M","0.03%"
"07/04/2023","14,674","14,650","14,770","14,567","521.12K","0.15%"
"07/03/2023","14,652","14,501","14,784","14,501","616.11K","0.46%"
"06/30/2023","14,585","14,500","14,715","14,369","1.32M","1.39%"
"06/29/2023","14,385","14,425","14,555","14,294","1.15M","-0.77%"
"06/28/2023","14,496","14,150","14,625","14,150","899.85K","1.02%"
"06/27/2023","14,350","14,820","14,820","14,280","1.87M","-1.81%"
"06/26/2023","14,614","14,829","14,829","14,528","889.22K","-0.65%"
"06/23/2023","14,710","14,828","14,828","14,370","1.28M","-0.19%"
"06/22/2023","14,738","14,811","15,039","14,603","1.75M","-1.80%"
"06/21/2023","15,008","15,275","15,275","14,923","1.19M","-1.69%"
"06/20/2023","15,266","15,343","15,387","15,150","1.21M","0.13%"
"06/19/2023","15,246","15,000","15,400","14,833","1.93M","0.97%"
"06/15/2023","15,100","14,601","15,214","14,601","7.30M","1.57%"
"06/14/2023","14,866","14,601","14,939","14,601","1.49M","1.81%"
"06/13/2023","14,601","14,540","14,747","14,463","2.20M","0.42%"
"06/12/2023","14,540","14,534","14,650","14,398","1.83M","-0.25%"
"06/09/2023","14,576","14,528","14,756","14,463","1.67M","-0.65%"
"06/08/2023","14,672","14,500","14,793","14,326","1.37M","1.03%"
"06/07/2023","14,523","14,350","14,659","14,232","1.11M","1.14%"
"06/06/2023","14,359","14,025","14,434","13,815","1.25M","2.21%"
"06/05/2023","14,049","13,772","14,073","13,710","824.24K","1.46%"
"06/02/2023","13,847","13,350","13,948","13,350","1.59M","2.97%"
"06/01/2023","13,447","13,586","13,586","13,128","1.22M","1.54%"
"05/31/2023","13,243","13,200","13,586","13,200","4.32M","-1.52%"
"05/30/2023","13,448","13,209","13,597","13,163","793.26K","-0.13%"
"05/29/2023","13,465","13,480","13,581","13,245","440.83K","-0.36%"
"05/26/2023","13,514","13,400","13,537","13,158","808.70K","0.33%"
"05/25/2023","13,470","13,526","13,587","13,366","1.37M","-0.10%"
"05/24/2023","13,483","13,478","13,567","13,373","1.40M","-0.16%"
"05/23/2023","13,505","13,663","13,695","13,482","1.23M","-0.57%"
"05/22/2023","13,583","13,582","13,616","13,397","456.08K","0.01%"
"05/19/2023","13,582","13,500","13,582","13,329","574.43K","1.36%"
"05/18/2023","13,400","13,431","13,524","13,313","1.01M","0.11%"
"05/17/2023","13,385","13,233","13,413","13,208","1.17M","-0.19%"
"05/16/2023","13,411","12,975","13,562","12,975","1.29M","-0.14%"
"05/15/2023","13,430","13,231","13,573","13,175","1.15M","-0.52%"
"05/12/2023","13,500","13,100","13,635","12,945","1.81M","2.47%"
"05/11/2023","13,174","13,768","13,768","12,976","2.01M","-2.44%"
"05/10/2023","13,504","13,850","13,928","13,491","1.74M","-2.91%"
"05/09/2023","13,909","14,080","14,080","13,882","1.62M","-0.58%"
"05/08/2023","13,990","13,959","14,131","13,881","1.11M","0.22%"
"05/05/2023","13,959","13,939","14,103","13,866","1.41M","0.16%"
"05/04/2023","13,937","14,146","14,344","13,869","1.08M","-2.37%"
"05/03/2023","14,276","14,175","14,300","13,873","1.50M","-0.19%"
"05/02/2023","14,303","14,210","14,423","14,204","1.69M","-0.51%"
"04/28/2023","14,377","13,869","14,399","13,869","1.96M","1.32%"
"04/26/2023","14,190","14,020","14,225","13,905","1.45M","0.60%"
"04/25/2023","14,106","14,445","14,445","13,950","1.49M","-0.75%"
"04/24/2023","14,213","14,224","14,310","14,160","1.07M","-0.42%"
"04/21/2023","14,273","14,499","14,592","14,236","1.01M","-1.31%"
"04/20/2023","14,463","14,389","14,499","14,360","893.51K","0.45%"
"04/19/2023","14,398","14,300","14,476","14,103","1.22M","0.53%"
"04/18/2023","14,322","14,372","14,487","14,255","1.05M","-1.02%"
"04/17/2023","14,469","14,737","14,758","14,349","1.34M","-1.56%"
"04/14/2023","14,698","14,880","14,880","14,371","1.03M","-0.03%"
"04/13/2023","14,703","14,500","14,879","14,500","1.52M","-0.37%"
"04/12/2023","14,758","14,251","14,780","14,184","1.53M","1.65%"
"04/11/2023","14,519","14,368","14,789","14,368","2.11M","0.15%"
"04/06/2023","14,497","14,420","14,559","14,355","731.75K","0.36%"
"04/05/2023","14,445","14,600","14,600","14,274","1.04M","0.26%"
"04/04/2023","14,407","14,188","14,602","14,000","2.50M","2.33%"
"04/03/2023","14,079","14,200","14,200","13,949","913.34K","0.96%"
"03/31/2023","13,945","13,905","14,109","13,905","957.26K","-1.03%"
"03/30/2023","14,090","14,280","14,280","13,887","851.95K","-0.35%"
"03/29/2023","14,140","14,100","14,191","13,871","1.45M","0.43%"
"03/28/2023","14,080","13,880","14,116","13,850","1.54M","1.80%"
"03/27/2023","13,831","13,456","13,997","13,456","1.24M","0.97%"
"03/24/2023","13,698","13,225","13,996","13,225","1.11M","-1.12%"
"03/23/2023","13,853","13,225","13,957","13,225","1.02M","0.50%"
"03/22/2023","13,784","13,500","13,902","13,500","1.69M","0.97%"
"03/20/2023","13,651","13,741","13,741","13,194","1.24M","-0.45%"
"03/17/2023","13,713","13,475","13,950","13,475","2.88M","-0.39%"
"03/16/2023","13,767","14,000","14,000","13,486","4.42M","-0.48%"
"03/15/2023","13,833","14,275","14,275","13,520","2.01M","-1.24%"
"03/14/2023","14,007","13,943","14,084","13,756","2.47M","-1.45%"
"03/13/2023","14,213","14,385","14,425","13,935","2.12M","-1.04%"
"03/10/2023","14,362","14,581","14,581","14,037","1.33M","-0.76%"
"03/09/2023","14,472","14,500","14,619","14,151","1.45M","-0.40%"
"03/08/2023","14,530","14,664","14,664","14,194","1.49M","-0.92%"
"03/07/2023","14,665","14,799","14,799","14,562","1.18M","0.10%"
"03/06/2023","14,650","14,539","14,755","14,539","1.57M","0.35%"
"03/03/2023","14,599","14,608","14,657","14,427","1.06M","0.24%"
"03/02/2023","14,564","14,900","14,900","14,470","1.37M","-2.29%"
"03/01/2023","14,905","15,150","15,150","14,680","1.35M","-0.47%"
"02/28/2023","14,975","14,745","15,155","14,745","2.46M","0.81%"
"02/27/2023","14,854","14,415","14,978","14,393","2.13M","3.05%"
"02/24/2023","14,415","14,849","14,849","14,306","1.27M","-0.83%"
"02/23/2023","14,535","14,000","14,856","14,000","2.68M","2.12%"
"02/22/2023","14,233","14,211","14,390","14,068","2.18M","-1.47%"
"02/21/2023","14,446","14,200","14,634","14,200","935.68K","-0.41%"
"02/20/2023","14,506","14,850","14,850","14,465","719.85K","-0.27%"
"02/17/2023","14,545","14,303","14,760","13,983","1.30M","1.61%"
"02/16/2023","14,314","14,334","14,425","14,200","1.09M","0.15%"
"02/15/2023","14,292","14,076","14,450","14,076","1.07M","-0.25%"
"02/14/2023","14,328","14,190","14,400","14,190","673.45K","0.27%"
"02/13/2023","14,290","14,325","14,331","14,022","580.64K","0.90%"
"02/10/2023","14,163","14,189","14,384","14,057","669.15K","-1.03%"
"02/09/2023","14,311","14,236","14,398","14,203","782.92K","0.22%"
"02/08/2023","14,280","14,197","14,380","14,170","946.08K","0.20%"
"02/07/2023","14,252","14,199","14,414","13,827","1.47M","-0.34%"
"02/06/2023","14,300","14,100","14,374","13,996","1.19M","0.59%"
"02/03/2023","14,216","14,021","14,401","14,021","867.22K","-0.55%"
"02/02/2023","14,294","14,192","14,400","14,054","1.50M","1.05%"
"02/01/2023","14,145","13,610","14,275","13,610","1.51M","2.50%"
"01/31/2023","13,800","13,854","13,985","13,749","1.54M","-0.63%"
"01/30/2023","13,888","13,900","13,928","13,732","1.21M","-0.41%"
"01/27/2023","13,945","13,780","13,992","13,633","1.06M","1.08%"
"01/26/2023","13,796","13,436","13,878","13,436","967.26K","1.82%"
"01/25/2023","13,549","13,700","13,788","13,533","892.28K","-1.71%"
"01/24/2023","13,785","13,631","13,842","13,617","524.37K","-0.71%"
"01/23/2023","13,883","13,777","14,031","13,620","1.04M","1.04%"
"01/20/2023","13,740","13,461","13,776","13,458","925.16K","0.64%"
"01/19/2023","13,653","13,513","13,699","13,449","1.33M","1.04%"
"01/18/2023","13,513","13,319","13,613","13,319","1.46M","1.18%"
"01/17/2023","13,355","13,200","13,456","13,200","1.06M","-1.11%"
"01/16/2023","13,505","13,088","13,587","13,088","879.27K","0.77%"
"01/13/2023","13,402","13,322","13,532","13,239","1.21M","0.81%"
"01/12/2023","13,294","13,099","13,437","12,901","1.68M","1.57%"
"01/11/2023","13,088","13,134","13,187","12,928","1.96M","-0.80%"
"01/10/2023","13,194","13,267","13,294","13,093","1.47M","-1.24%"
"01/09/2023","13,359","12,975","13,359","12,938","1.20M","3.25%"
"01/06/2023","12,938","13,084","13,166","12,744","908.62K","-0.27%"
"01/05/2023","12,973","12,833","13,072","12,673","1.52M","1.30%"
"01/04/2023","12,806","12,150","12,887","12,150","1.17M","2.02%"
"01/03/2023","12,552","12,335","12,564","12,184","948.83K","1.76%"
"12/30/2022","12,335","12,254","12,385","12,202","624.82K","0.34%"
"12/29/2022","12,293","12,400","12,400","12,136","508.42K","-0.84%"
"12/28/2022","12,397","12,510","12,513","12,052","716.26K","-0.14%"
"12/23/2022","12,415","12,499","12,500","12,312","221.46K","0.18%"
"12/22/2022","12,393","12,502","12,502","12,339","423.92K","-0.38%"
"12/21/2022","12,440","11,900","12,440","11,900","489.06K","1.23%"
"12/20/2022","12,289","12,201","12,402","12,150","660.77K","-0.92%"
"12/19/2022","12,403","12,299","12,431","12,133","1.55M","1.65%"
"12/15/2022","12,202","12,400","12,400","12,058","6.56M","-1.95%"
"12/14/2022","12,445","12,041","12,579","12,041","1.08M","0.94%"
"12/13/2022","12,329","12,144","12,406","12,144","784.00K","0.94%"
"12/12/2022","12,214","12,151","12,329","12,110","794.94K","-0.56%"
"12/09/2022","12,283","12,500","12,500","12,202","765.45K","0.02%"
"12/08/2022","12,280","12,151","12,363","12,150","894.48K","0.24%"
"12/07/2022","12,250","12,295","12,295","12,112","682.49K","-0.11%"
"12/06/2022","12,264","12,319","12,367","12,015","707.02K","1.26%"
"12/05/2022","12,111","12,100","12,405","12,078","1.20M","1.34%"
"12/02/2022","11,951","12,399","12,399","11,609","2.12M","-0.41%"
"12/01/2022","12,000","12,758","12,856","11,820","2.45M","-5.94%"
"11/30/2022","12,758","12,392","12,799","12,314","2.40M","2.95%"
"11/29/2022","12,392","12,500","12,750","12,343","1.42M","-1.20%"
"11/28/2022","12,543","12,499","12,579","12,350","768.67K","0.27%"
"11/25/2022","12,509","12,300","12,610","12,282","557.91K","-0.17%"
"11/24/2022","12,530","12,133","12,590","12,133","294.89K","0.23%"
"11/23/2022","12,501","12,613","12,614","12,465","820.51K","-0.34%"
"11/22/2022","12,544","12,002","12,652","12,002","999.40K","2.19%"
"11/21/2022","12,275","12,374","12,381","12,183","1.30M","-0.53%"
"11/18/2022","12,340","12,379","12,404","12,122","1.28M","1.90%"
"11/17/2022","12,110","12,105","12,262","12,065","1.28M","0.04%"
"11/16/2022","12,105","12,081","12,192","12,003","1.29M","0.21%"
"11/15/2022","12,080","12,420","12,498","11,959","2.02M","-0.93%"
"11/14/2022","12,193","12,300","12,587","12,160","2.39M","-1.09%"
"11/11/2022","12,327","12,500","12,932","12,302","1.51M","-1.81%"
"11/10/2022","12,554","12,479","12,554","12,279","1.09M","1.01%"
"11/09/2022","12,429","12,500","12,549","12,333","686.03K","0.67%"
"11/08/2022","12,346","12,455","12,455","12,290","1.04M","-0.89%"
"11/07/2022","12,457","12,400","12,716","12,400","1.29M","0.50%"
"11/04/2022","12,395","12,075","12,440","12,020","1.95M","2.27%"
"11/03/2022","12,120","12,349","12,349","11,899","2.32M","-0.82%"
"11/02/2022","12,220","12,400","12,400","12,027","1.17M","0.16%"
"11/01/2022","12,200","12,200","12,500","12,135","1.84M","1.48%"
"10/31/2022","12,022","11,888","12,149","11,800","1.62M","1.03%"
"10/28/2022","11,899","11,750","11,938","11,683","1.82M","1.39%"
"10/27/2022","11,736","11,800","11,800","11,452","2.12M","0.53%"
"10/26/2022","11,674","11,489","11,816","11,351","2.05M","1.57%"
"10/25/2022","11,494","11,275","11,494","11,237","1.41M","1.38%"
"10/24/2022","11,338","11,299","11,338","11,135","1.62M","0.35%"
"10/21/2022","11,299","11,161","11,343","11,101","1.05M","-0.99%"
"10/20/2022","11,412","11,400","11,502","11,194","2.16M","-0.67%"
"10/19/2022","11,489","11,520","11,583","11,293","2.32M","0.78%"
"10/18/2022","11,400","11,301","11,519","11,301","2.36M","0.88%"
"10/17/2022","11,300","10,943","11,320","10,901","2.20M","3.27%"
"10/14/2022","10,942","10,835","11,041","10,800","2.00M","1.62%"
"10/13/2022","10,768","10,576","10,769","10,438","2.00M","1.59%"
"10/12/2022","10,599","10,880","10,880","10,458","2.12M","-0.64%"
"10/11/2022","10,667","10,500","10,861","10,400","2.96M","1.98%"
"10/10/2022","10,460","10,313","10,574","10,280","1.55M","0.29%"
"10/07/2022","10,430","10,310","10,524","10,275","1.45M","1.23%"
"10/06/2022","10,303","10,290","10,412","10,255","1.59M","0.61%"
"10/05/2022","10,241","10,646","10,646","10,241","1.09M","-2.93%"
"10/04/2022","10,550","10,814","10,814","10,426","1.70M","1.45%"
"10/03/2022","10,399","10,300","10,539","10,296","1.76M","-0.90%"
"09/30/2022","10,493","10,375","10,736","10,317","1.84M","1.65%"
"09/29/2022","10,323","10,530","10,530","10,205","2.20M","-1.88%"
"09/28/2022","10,521","10,400","10,524","10,219","1.86M","0.13%"
"09/27/2022","10,507","10,560","10,695","10,206","2.09M","1.34%"
"09/26/2022","10,368","10,790","10,790","10,073","2.14M","-3.40%"
"09/23/2022","10,733","10,925","10,986","10,580","2.05M","-1.69%"
"09/22/2022","10,917","11,070","11,070","10,801","1.79M","-0.95%"
"09/21/2022","11,022","10,862","11,101","10,774","1.80M","0.70%"
"09/20/2022","10,945","10,650","11,010","10,650","2.06M","2.36%"
"09/19/2022","10,693","10,900","10,974","10,369","1.69M","-1.16%"
"09/16/2022","10,818","10,900","11,076","10,761","3.23M","-0.56%"
"09/15/2022","10,879","11,085","11,085","10,750","3.28M","-0.66%"
"09/14/2022","10,951","10,926","11,079","10,650","1.46M","1.12%"
"09/13/2022","10,830","11,460","11,566","10,711","2.58M","-4.99%"
"09/12/2022","11,399","11,000","11,440","10,850","1.97M","3.63%"
"09/09/2022","11,000","11,179","11,233","10,915","1.84M","-0.30%"
"09/08/2022","11,033","11,355","11,378","10,996","2.52M","-0.33%"
"09/07/2022","11,070","12,175","12,175","11,020","4.01M","-10.11%"
"09/06/2022","12,315","12,202","12,499","12,185","1.02M","-0.33%"
"09/05/2022","12,356","12,198","12,448","12,116","797.24K","0.77%"
"09/02/2022","12,261","12,536","12,536","12,132","1.38M","-0.06%"
"09/01/2022","12,268","12,380","12,499","12,151","1.30M","-0.13%"
"08/31/2022","12,284","13,100","13,200","12,284","2.49M","-4.18%"
"08/30/2022","12,820","13,059","13,313","12,747","1.04M","-2.54%"
"08/29/2022","13,154","13,000","13,271","12,953","789.13K","-0.35%"
"08/26/2022","13,200","12,761","13,305","12,761","931.94K","0.64%"
"08/25/2022","13,116","13,326","13,587","12,710","1.77M","-1.51%"
"08/24/2022","13,317","13,238","13,400","13,137","820.48K","-1.01%"
"08/23/2022","13,453","13,400","13,469","13,221","947.23K","0.62%"
"08/22/2022","13,370","13,367","13,500","13,000","1.20M","0.84%"
"08/19/2022","13,259","13,600","13,600","13,205","1.09M","-2.51%"
"08/18/2022","13,600","13,580","13,646","13,438","751.95K","0.03%"
"08/17/2022","13,596","13,635","13,706","13,517","742.41K","-0.26%"
"08/16/2022","13,632","13,699","13,700","13,543","662.31K","0.35%"
"08/15/2022","13,585","13,699","13,699","13,410","995.68K","0.05%"
"08/12/2022","13,578","13,618","13,677","13,354","805.35K","0.34%"
"08/11/2022","13,532","13,149","13,704","13,109","1.83M","3.99%"
"08/10/2022","13,013","12,837","13,182","12,757","1.38M","1.37%"
"08/08/2022","12,837","12,611","12,916","12,307","1.09M","0.37%"
"08/05/2022","12,790","12,749","12,792","12,424","1.50M","2.95%"
"08/04/2022","12,423","12,500","12,748","12,367","855.32K","-1.19%"
"08/03/2022","12,572","12,150","12,722","12,150","1.10M","2.81%"
"08/02/2022","12,228","12,579","12,579","12,141","1.45M","-2.01%"
"08/01/2022","12,479","12,927","12,927","12,479","1.25M","-2.73%"
"07/29/2022","12,829","12,926","13,099","12,744","1.57M","-0.75%"
"07/28/2022","12,926","13,011","13,040","12,850","1.21M","-0.02%"
"07/27/2022","12,928","12,800","13,014","12,800","900.75K","0.71%"
"07/26/2022","12,837","12,999","12,999","12,501","633.73K","1.17%"
"07/25/2022","12,688","12,699","12,786","12,560","1.10M","-0.24%"
"07/22/2022","12,719","13,029","13,029","12,700","917.63K","-0.31%"
"07/21/2022","12,758","13,230","13,230","12,557","716.58K","0.84%"
"07/20/2022","12,652","13,000","13,000","12,512","851.20K","-1.54%"
"07/19/2022","12,850","13,200","13,200","12,714","885.86K","-0.24%"
"07/18/2022","12,881","12,550","13,220","12,550","1.42M","1.04%"
"07/15/2022","12,748","12,300","12,834","12,300","852.54K","1.86%"
"07/14/2022","12,515","12,600","12,846","12,350","1.10M","-1.92%"
"07/13/2022","12,760","13,087","13,087","12,628","845.04K","-1.73%"
"07/12/2022","12,985","12,551","13,028","12,551","858.83K","0.29%"
"07/11/2022","12,948","13,040","13,041","12,670","620.17K","-0.67%"
"07/08/2022","13,035","12,656","13,128","12,581","1.55M","3.35%"
"07/07/2022","12,613","12,425","12,744","12,233","1.83M","2.95%"
"07/06/2022","12,251","12,700","12,817","11,855","2.46M","-3.09%"
"07/05/2022","12,642","13,100","13,100","12,560","955.30K","-2.67%"
"07/04/2022","12,989","13,000","13,099","12,700","705.46K","1.48%"
"07/01/2022","12,799","12,700","12,983","12,668","861.95K","-0.09%"
"06/30/2022","12,810","13,231","13,302","12,711","2.08M","-4.54%"
"06/29/2022","13,419","13,800","13,800","13,350","705.41K","-2.01%"
"06/28/2022","13,694","13,560","13,833","13,552","1.15M","1.00%"
"06/27/2022","13,558","14,000","14,000","13,439","1.51M","-1.07%"
"06/24/2022","13,705","13,400","13,754","13,300","1.21M","2.00%"
"06/23/2022","13,436","13,335","13,514","13,131","748.36K","-0.36%"
"06/22/2022","13,485","13,300","13,507","13,232","741.38K","-0.77%"
"06/21/2022","13,590","13,903","14,010","13,488","1.19M","-0.73%"
"06/20/2022","13,690","13,481","13,824","13,481","628.74K","2.23%"
"06/17/2022","13,392","13,436","13,672","13,199","4.77M","-1.98%"
"06/15/2022","13,662","13,010","13,733","12,976","4.12M","5.01%"
"06/14/2022","13,010","13,085","13,234","12,921","1.42M","-0.57%"
"06/13/2022","13,085","13,051","13,203","12,893","1.35M","-2.42%"
"06/10/2022","13,409","13,501","13,700","13,405","1.21M","-1.29%"
"06/09/2022","13,584","13,715","14,008","13,576","934.71K","-0.96%"
"06/08/2022","13,715","14,035","14,035","13,700","834.20K","-0.96%"
"06/07/2022","13,848","13,881","13,930","13,718","953.25K","-1.02%"
"06/06/2022","13,990","13,973","14,176","13,923","707.14K","0.11%"
"06/03/2022","13,975","14,104","14,107","13,808","1.03M","0.23%"
"06/02/2022","13,943","14,100","14,245","13,905","1.88M","-2.15%"
"06/01/2022","14,250","14,458","14,545","14,153","1.90M","-2.03%"
"05/31/2022","14,545","14,490","14,654","14,375","4.45M","0.39%"
"05/30/2022","14,489","14,120","14,553","14,120","2.60M","2.63%"
"05/27/2022","14,118","13,807","14,232","13,782","3.02M","2.13%"
"05/26/2022","13,823","13,769","13,882","13,350","1.52M","3.42%"
"05/25/2022","13,366","14,000","14,000","13,250","1.78M","-3.52%"
"05/24/2022","13,854","14,100","14,188","13,759","960.68K","-1.93%"
"05/23/2022","14,127","14,000","14,233","13,922","1.43M","2.08%"
"05/20/2022","13,839","13,949","14,160","13,734","1.76M","-0.35%"
"05/19/2022","13,888","13,752","13,947","13,502","1.39M","0.57%"
"05/18/2022","13,809","13,900","14,058","13,763","1.42M","-0.64%"
"05/17/2022","13,898","14,000","14,145","13,846","1.27M","-0.39%"
"05/16/2022","13,952","14,000","14,011","13,701","1.55M","0.11%"
"05/13/2022","13,936","13,700","14,000","13,617","1.74M","0.87%"
"05/12/2022","13,816","13,880","13,880","13,344","1.34M","-1.05%"
"05/11/2022","13,963","14,207","14,232","13,701","1.55M","-0.37%"
"05/10/2022","14,015","14,050","14,310","14,002","2.71M","-0.01%"
"05/09/2022","14,017","14,300","14,301","13,874","1.63M","-2.03%"
"05/06/2022","14,308","14,418","14,418","14,066","2.35M","-0.80%"
"05/05/2022","14,424","14,910","14,917","14,424","2.01M","-2.95%"
"05/04/2022","14,863","14,785","14,924","14,585","1.61M","0.51%"
"05/03/2022","14,787","15,060","15,143","14,693","2.51M","-2.88%"
"04/29/2022","15,226","15,401","15,708","15,142","3.27M","-2.21%"
"04/28/2022","15,570","15,951","16,038","15,345","5.10M","-1.27%"
"04/26/2022","15,770","16,491","16,491","15,739","1.70M","-0.27%"
"04/25/2022","15,812","16,420","16,426","15,721","2.15M","-3.94%"
"04/22/2022","16,460","16,301","16,644","16,298","1.02M","-0.84%"
"04/21/2022","16,600","16,426","16,800","16,369","2.54M","1.07%"
"04/20/2022","16,425","16,703","17,107","16,293","6.33M","-4.04%"
"04/19/2022","17,117","16,775","17,384","16,775","2.81M","0.84%"
"04/14/2022","16,974","17,176","17,344","16,720","1.59M","-2.12%"
"04/13/2022","17,342","17,800","18,006","17,246","1.38M","-3.66%"
"04/12/2022","18,000","17,800","18,041","17,547","1.36M","1.02%"
"04/11/2022","17,819","18,199","18,199","17,597","984.94K","-0.86%"
"04/08/2022","17,974","18,283","18,283","17,821","1.05M","0.01%"
"04/07/2022","17,972","17,672","18,073","17,672","1.41M","0.11%"
"04/06/2022","17,953","17,551","18,087","17,551","982.94K","1.01%"
"04/05/2022","17,773","18,200","18,200","17,645","1.06M","-1.40%"
"04/04/2022","18,026","18,101","18,285","17,965","537.35K","-0.68%"
"04/01/2022","18,149","17,962","18,482","17,962","931.69K","-0.37%"
"03/31/2022","18,217","18,300","18,438","17,945","997.61K","-0.34%"
"03/30/2022","18,280","18,335","18,335","17,947","992.34K","0.73%"
"03/29/2022","18,148","17,900","18,385","17,836","1.00M","1.84%"
"03/28/2022","17,820","17,600","17,962","17,419","917.12K","2.46%"
"03/25/2022","17,393","17,550","17,820","17,239","1.16M","-1.16%"
"03/24/2022","17,597","17,558","17,782","17,463","649.86K","0.22%"
"03/23/2022","17,558","17,389","17,706","17,320","703.13K","0.40%"
"03/22/2022","17,488","17,700","17,750","17,138","1.08M","-0.66%"
"03/18/2022","17,604","17,401","17,626","17,221","3.07M","0.22%"
"03/17/2022","17,566","17,400","17,950","17,400","4.76M","0.79%"
"03/16/2022","17,429","16,500","17,490","16,287","2.72M","7.48%"
"03/15/2022","16,216","16,135","16,327","15,771","1.97M","0.50%"
"03/14/2022","16,135","16,000","16,485","15,981","1.17M","0.64%"
"03/11/2022","16,033","15,600","16,358","15,600","991.02K","2.12%"
"03/10/2022","15,700","15,500","15,877","15,500","1.03M","2.61%"
"03/09/2022","15,301","15,000","15,359","14,849","1.29M","1.83%"
"03/08/2022","15,026","14,980","15,223","14,890","851.02K","-1.20%"
"03/07/2022","15,209","15,531","15,705","14,750","1.67M","-3.84%"
"03/04/2022","15,816","16,500","16,500","15,701","1.30M","-3.71%"
"03/03/2022","16,425","15,600","16,534","15,600","989.34K","2.22%"
"03/02/2022","16,069","16,009","16,305","15,601","1.62M","-0.02%"
"03/01/2022","16,073","15,755","16,300","15,755","1.68M","1.86%"
"02/28/2022","15,780","15,750","16,000","15,254","2.25M","0.90%"
"02/25/2022","15,640","15,511","15,640","15,300","1.46M","0.83%"
"02/24/2022","15,512","15,751","16,447","15,301","1.65M","-3.41%"
"02/23/2022","16,060","16,081","16,343","15,963","971.07K","-0.13%"
"02/22/2022","16,081","16,053","16,270","15,997","843.51K","-1.31%"
"02/21/2022","16,295","16,025","16,778","16,025","671.14K","-1.22%"
"02/18/2022","16,496","16,802","16,802","16,446","583.69K","-0.52%"
"02/17/2022","16,582","16,646","16,875","16,504","720.15K","-0.38%"
"02/16/2022","16,646","16,390","16,836","16,390","1.49M","1.46%"
"02/15/2022","16,406","16,300","16,654","16,175","936.00K","1.59%"
"02/14/2022","16,150","15,702","16,415","15,250","1.39M","-1.52%"
"02/11/2022","16,400","16,234","16,486","16,171","829.89K","0.36%"
"02/10/2022","16,341","16,325","16,468","16,259","824.74K","0.53%"
"02/09/2022","16,255","15,944","16,372","15,720","1.36M","1.95%"
"02/08/2022","15,944","15,673","15,948","15,643","1.13M","1.55%"
"02/07/2022","15,700","16,050","16,050","15,600","1.27M","-1.17%"
"02/04/2022","15,886","15,730","16,115","15,730","977.78K","-1.18%"
"02/03/2022","16,075","15,502","16,075","15,502","1.78M","2.81%"
"02/02/2022","15,636","15,587","15,770","15,472","1.08M","0.31%"
"02/01/2022","15,587","15,650","15,834","15,446","997.37K","0.19%"
"01/31/2022","15,558","15,214","15,717","15,214","1.98M","2.27%"
"01/28/2022","15,213","15,400","15,497","15,007","1.27M","0.57%"
"01/27/2022","15,127","14,550","15,191","14,492","1.32M","1.87%"
"01/26/2022","14,850","14,321","15,002","14,321","1.39M","1.75%"
"01/25/2022","14,595","14,310","14,772","14,286","1.33M","1.09%"
"01/24/2022","14,438","14,500","14,762","14,399","1.15M","-0.91%"
"01/21/2022","14,571","14,500","14,595","14,273","864.66K","0.91%"
"01/20/2022","14,440","14,795","14,795","14,297","1.71M","0.72%"
"01/19/2022","14,337","14,437","14,455","14,140","1.03M","-0.35%"
"01/18/2022","14,387","14,700","14,700","14,248","886.84K","-1.03%"
"01/17/2022","14,536","14,950","14,985","14,482","953.30K","-2.00%"
"01/14/2022","14,833","14,488","14,968","14,488","1.21M","1.62%"
"01/13/2022","14,596","14,800","14,825","14,248","1.25M","0.52%"
"01/12/2022","14,520","14,400","14,573","14,272","1.12M","-0.04%"
"01/11/2022","14,526","14,700","14,891","14,491","978.83K","-1.55%"
"01/10/2022","14,755","14,797","14,925","14,724","714.72K","-0.28%"
"01/07/2022","14,797","14,700","14,899","14,691","442.91K","0.41%"
"01/06/2022","14,737","14,555","14,852","14,555","561.41K","-1.25%"
"01/05/2022","14,924","14,730","14,950","14,537","448.22K","1.74%"
"01/04/2022","14,669","14,459","14,836","14,459","646.94K","1.45%"
"01/03/2022","14,459","14,000","14,690","13,999","434.38K","0.71%"
"12/31/2021","14,357","14,441","14,500","14,233","278.43K","-0.58%"
"12/30/2021","14,441","14,100","14,544","14,100","524.04K","1.30%"
"12/29/2021","14,255","14,200","14,376","14,141","459.76K","-0.25%"
"12/28/2021","14,291","13,750","14,319","13,750","376.13K","1.35%"
"12/24/2021","14,100","14,173","14,173","14,055","47.51K","-0.33%"
"12/23/2021","14,146","13,650","14,228","13,650","284.59K","0.48%"
"12/22/2021","14,079","13,700","14,082","13,670","552.65K","2.16%"
"12/21/2021","13,781","13,909","13,949","13,509","621.27K","2.23%"
"12/20/2021","13,480","13,405","13,700","13,405","924.85K","-1.96%"
"12/17/2021","13,749","13,601","14,015","13,601","2.30M","-0.96%"
"12/15/2021","13,882","13,750","13,993","13,555","3.00M","1.60%"
"12/14/2021","13,664","13,585","13,691","13,389","1.36M","0.46%"
"12/13/2021","13,601","13,700","13,805","13,542","964.35K","-0.72%"
"12/10/2021","13,700","13,500","14,093","13,500","747.36K","-1.54%"
"12/09/2021","13,914","13,784","14,264","13,784","1.03M","-1.05%"
"12/08/2021","14,061","13,900","14,222","13,445","1.55M","3.01%"
"12/07/2021","13,650","13,556","13,746","13,317","895.12K","-0.10%"
"12/06/2021","13,664","13,650","13,908","13,450","763.03K","-1.09%"
"12/03/2021","13,814","13,205","13,929","13,205","714.61K","0.39%"
"12/02/2021","13,761","13,551","13,770","13,528","1.13M","-0.96%"
"12/01/2021","13,895","13,470","13,895","13,392","1.11M","4.25%"
"11/30/2021","13,328","13,350","13,478","13,088","2.52M","-0.06%"
"11/29/2021","13,336","13,001","13,497","12,911","1.08M","3.80%"
"11/26/2021","12,848","13,680","13,680","12,714","2.91M","-7.17%"
"11/25/2021","13,841","13,796","14,200","13,701","1.15M","0.33%"
"11/24/2021","13,796","14,000","14,350","13,617","1.34M","-2.92%"
"11/23/2021","14,211","14,319","14,462","14,104","901.46K","-0.84%"
"11/22/2021","14,332","14,112","14,551","14,112","745.68K","-0.08%"
"11/19/2021","14,343","14,500","14,750","14,183","2.30M","-1.08%"
"11/18/2021","14,500","14,500","14,559","14,350","653.65K","-0.03%"
"11/17/2021","14,504","14,450","14,660","14,361","932.89K","1.89%"
"11/16/2021","14,235","14,130","14,467","14,130","762.64K","0.74%"
"11/15/2021","14,130","14,128","14,173","13,839","538.80K","-0.14%"
"11/12/2021","14,150","14,139","14,150","13,925","672.22K","0.72%"
"11/11/2021","14,049","13,950","14,187","13,950","534.81K","0.21%"
"11/10/2021","14,019","13,969","14,247","13,969","650.55K","-1.02%"
"11/09/2021","14,164","14,010","14,350","13,926","990.51K","1.71%"
"11/08/2021","13,926","13,810","14,143","13,810","787.85K","-0.68%"
"11/05/2021","14,022","14,020","14,149","13,823","675.50K","1.03%"
"11/04/2021","13,879","13,900","14,250","13,829","594.95K","-0.52%"
"11/03/2021","13,952","13,916","14,262","13,776","696.41K","-0.94%"
"11/02/2021","14,085","13,989","14,400","13,985","1.47M","0.66%"
"10/29/2021","13,993","13,260","14,021","13,260","1.07M","0.04%"
"10/28/2021","13,987","13,988","14,150","13,890","716.68K","0.44%"
"10/27/2021","13,926","14,124","14,135","13,822","1.29M","-0.64%"
"10/26/2021","14,016","13,800","14,149","13,720","1.00M","1.79%"
"10/25/2021","13,769","13,800","13,928","13,551","661.20K","1.53%"
"10/22/2021","13,561","13,499","13,606","13,275","616.64K","1.04%"
"10/21/2021","13,422","13,381","13,690","13,381","840.58K","-1.27%"
"10/20/2021","13,594","13,375","13,802","13,375","696.88K","-0.33%"
"10/19/2021","13,639","13,755","13,755","13,475","746.46K","0.38%"
"10/18/2021","13,587","13,700","13,700","13,483","530.30K","0.44%"
"10/15/2021","13,527","13,700","13,700","13,478","837.49K","0.24%"
"10/14/2021","13,494","13,606","13,707","13,420","685.32K","-0.49%"
"10/13/2021","13,561","13,782","13,870","13,488","1.04M","-1.23%"
"10/12/2021","13,730","13,900","13,995","13,692","1.79M","-0.46%"
"10/11/2021","13,794","13,700","13,880","13,366","1.18M","1.94%"
"10/08/2021","13,531","13,570","13,789","13,435","1.35M","-0.30%"
"10/07/2021","13,572","13,873","13,941","13,457","1.79M","-2.17%"
"10/06/2021","13,873","14,000","14,178","13,761","2.45M","-0.90%"
"10/05/2021","13,999","13,560","14,072","13,444","2.83M","3.60%"
"10/04/2021","13,512","13,770","13,885","13,467","1.56M","-0.65%"
"10/01/2021","13,600","13,850","13,897","13,462","1.58M","-0.64%"
"09/30/2021","13,688","13,399","13,849","13,398","2.28M","2.16%"
"09/29/2021","13,399","13,200","13,650","13,200","1.98M","0.59%"
"09/28/2021","13,321","13,007","13,373","13,007","2.05M","2.41%"
"09/27/2021","13,008","12,891","13,153","12,611","1.89M","0.59%"
"09/23/2021","12,932","12,855","13,000","12,699","1.47M","1.03%"
"09/22/2021","12,800","12,760","12,865","12,607","1.18M","3.16%"
"09/21/2021","12,408","12,250","12,549","12,240","831.44K","1.51%"
"09/20/2021","12,224","12,811","13,000","12,205","2.41M","-6.02%"
"09/17/2021","13,007","12,750","13,128","12,561","3.98M","2.34%"
"09/16/2021","12,710","13,120","13,255","12,600","4.29M","-3.27%"
"09/15/2021","13,140","12,970","13,260","12,884","2.86M","2.46%"
"09/14/2021","12,825","12,350","13,000","12,250","4.12M","5.82%"
"09/13/2021","12,120","12,225","12,225","11,932","1.49M","0.50%"
"09/10/2021","12,060","12,000","12,248","11,999","1.96M","-0.88%"
"09/09/2021","12,167","12,249","12,249","11,813","1.44M","2.12%"
"09/08/2021","11,914","11,900","11,947","11,800","1.10M","-0.32%"
"09/07/2021","11,952","12,176","12,234","11,740","1.75M","-1.68%"
"09/06/2021","12,156","12,219","12,457","12,000","1.04M","-0.52%"
"09/03/2021","12,219","12,200","12,352","11,987","1.65M","0.82%"
"09/02/2021","12,120","12,888","12,888","11,810","4.85M","-7.80%"
"09/01/2021","13,145","12,803","13,258","12,803","1.52M","2.08%"
"08/31/2021","12,877","12,618","12,888","12,503","2.14M","1.87%"
"08/30/2021","12,641","12,750","12,854","12,587","690.77K","-0.07%"
"08/27/2021","12,650","13,079","13,253","12,635","1.83M","-1.94%"
"08/26/2021","12,900","12,681","13,066","12,681","1.05M","-1.00%"
"08/25/2021","13,030","13,047","13,110","12,963","1.51M","0.86%"
"08/24/2021","12,919","12,900","13,122","12,651","1.11M","0.14%"
"08/23/2021","12,901","12,899","13,024","12,647","747.30K","2.11%"
"08/20/2021","12,635","12,750","12,751","12,445","540.95K","-1.20%"
"08/19/2021","12,788","12,840","12,972","12,657","1.35M","-0.75%"
"08/18/2021","12,885","12,899","13,101","12,653","808.54K","-0.33%"
"08/17/2021","12,928","12,859","13,044","12,687","2.05M","0.54%"
"08/16/2021","12,859","12,303","12,887","12,268","1.97M","4.52%"
"08/13/2021","12,303","12,400","12,431","12,228","510.14K","0.30%"
"08/12/2021","12,266","12,450","12,450","12,131","1.23M","-0.84%"
"08/11/2021","12,370","12,150","12,414","12,000","1.16M","2.16%"
"08/10/2021","12,108","12,056","12,186","11,890","1.97M","0.90%"
"08/06/2021","12,000","11,860","12,031","11,860","1.07M","0.28%"
"08/05/2021","11,967","11,850","12,086","11,850","1.63M","0.36%"
"08/04/2021","11,924","11,974","12,102","11,773","1.00M","0.14%"
"08/03/2021","11,907","11,850","12,017","11,850","1.50M","0.06%"
"08/02/2021","11,900","11,850","11,970","11,786","643.17K","1.19%"
"07/30/2021","11,760","11,800","12,000","11,717","1.47M","-0.88%"
"07/29/2021","11,865","11,900","11,977","11,862","1.50M","-0.27%"
"07/28/2021","11,897","11,780","12,025","11,736","2.35M","0.20%"
"07/27/2021","11,873","12,000","12,159","11,784","1.39M","-0.49%"
"07/26/2021","11,931","11,900","12,189","11,879","948.31K","-1.24%"
"07/23/2021","12,081","12,322","12,322","12,016","837.62K","0.52%"
"07/22/2021","12,018","12,100","12,234","11,995","1.63M","0.75%"
"07/21/2021","11,928","11,800","12,041","11,765","668.93K","0.79%"
"07/20/2021","11,834","11,900","11,967","11,747","978.59K","0.63%"
"07/19/2021","11,760","12,015","12,131","11,720","965.36K","-3.28%"
"07/16/2021","12,159","12,050","12,308","12,023","1.05M","0.49%"
"07/15/2021","12,100","12,394","12,394","12,100","1.19M","-0.50%"
"07/14/2021","12,161","12,150","12,302","11,968","1.11M","0.16%"
"07/13/2021","12,141","12,500","12,500","12,003","1.61M","-2.86%"
"07/12/2021","12,498","12,500","12,653","12,176","1.04M","0.21%"
"07/09/2021","12,472","12,378","12,625","12,378","1.16M","0.87%"
"07/08/2021","12,365","12,617","12,617","12,359","1.31M","-1.28%"
"07/07/2021","12,525","12,320","12,541","12,248","1.24M","1.55%"
"07/06/2021","12,334","12,649","12,649","12,201","773.99K","-0.13%"
"07/05/2021","12,350","12,290","12,421","12,183","461.51K","0.49%"
"07/02/2021","12,290","12,518","12,551","12,274","716.04K","-0.72%"
"07/01/2021","12,379","12,785","12,785","12,379","1.11M","-1.96%"
"06/30/2021","12,627","12,607","12,800","12,581","1.24M","-0.06%"
"06/29/2021","12,635","12,150","12,697","12,150","1.30M","3.13%"
"06/28/2021","12,251","12,600","12,634","12,102","1.06M","-2.08%"
"06/25/2021","12,511","12,530","12,800","12,472","1.03M","-0.45%"
"06/24/2021","12,567","12,648","12,722","12,484","1.61M","0.66%"
"06/23/2021","12,484","12,700","12,714","12,370","917.13K","-0.33%"
"06/22/2021","12,525","12,751","13,015","12,464","1.32M","-1.26%"
"06/21/2021","12,685","12,600","12,932","12,583","1.30M","-1.14%"
"06/18/2021","12,831","13,400","13,402","12,831","2.95M","-2.80%"
"06/17/2021","13,200","13,681","13,796","13,200","4.61M","-3.58%"
"06/15/2021","13,690","13,766","13,919","13,652","1.20M","-0.52%"
"06/14/2021","13,762","14,300","14,300","13,675","756.30K","0.81%"
"06/11/2021","13,651","13,955","14,090","13,651","813.60K","-1.82%"
"06/10/2021","13,904","14,296","14,296","13,854","1.10M","-0.69%"
"06/09/2021","14,000","13,850","14,149","13,761","1.19M","1.28%"
"06/08/2021","13,823","13,950","14,107","13,817","957.19K","-1.00%"
"06/07/2021","13,963","14,400","14,400","13,963","758.28K","-1.52%"
"06/04/2021","14,179","14,354","14,406","14,030","851.26K","-0.18%"
"06/03/2021","14,205","14,347","14,484","14,205","1.70M","-1.04%"
"06/02/2021","14,355","14,490","14,596","14,179","1.49M","0.38%"
"06/01/2021","14,300","14,250","14,396","13,934","1.17M","1.71%"
"05/31/2021","14,059","14,265","14,410","13,965","1.46M","-1.76%"
"05/28/2021","14,311","14,730","14,870","14,215","2.35M","-2.31%"
"05/27/2021","14,650","15,100","15,182","14,650","5.34M","-2.77%"
"05/26/2021","15,068","14,999","15,149","14,853","880.99K","1.02%"
"05/25/2021","14,916","14,754","15,250","14,754","1.22M","0.48%"
"05/24/2021","14,845","14,950","15,126","14,603","803.98K","-0.70%"
"05/21/2021","14,950","14,708","15,250","14,658","1.24M","1.69%"
"05/20/2021","14,701","14,549","14,797","14,413","1.13M","1.09%"
"05/19/2021","14,543","14,500","14,648","14,308","891.16K","0.83%"
"05/18/2021","14,424","14,271","14,673","14,271","1.30M","1.02%"
"05/17/2021","14,279","14,599","14,601","14,095","785.45K","-0.91%"
"05/14/2021","14,410","14,259","14,628","14,146","1.10M","2.13%"
"05/13/2021","14,109","14,350","14,350","14,072","1.38M","-1.97%"
"05/12/2021","14,393","14,449","14,555","13,987","1.49M","0.96%"
"05/11/2021","14,256","14,700","14,700","14,087","2.02M","-0.58%"
"05/10/2021","14,339","14,500","14,698","14,252","912.25K","-0.71%"
"05/07/2021","14,442","14,224","14,566","14,091","1.64M","2.17%"
"05/06/2021","14,135","13,730","14,319","13,730","2.08M","2.61%"
"05/05/2021","13,775","13,367","13,942","13,291","1.11M","3.14%"
"05/04/2021","13,356","13,261","13,628","13,147","1.81M","1.04%"
"05/03/2021","13,218","13,369","13,391","13,200","775.93K","0.14%"
"04/30/2021","13,200","13,220","13,248","13,025","1.03M","0.17%"
"04/29/2021","13,177","13,227","13,464","13,100","986.15K","0.17%"
"04/28/2021","13,155","13,155","13,260","13,031","1.48M","-0.08%"
"04/26/2021","13,165","13,075","13,220","13,002","745.89K","0.69%"
"04/23/2021","13,075","13,326","13,557","13,050","1.31M","-2.18%"
"04/22/2021","13,367","13,384","13,602","13,367","1.10M","-1.18%"
"04/21/2021","13,526","14,040","14,040","13,261","1.32M","-1.69%"
"04/20/2021","13,758","14,095","14,095","13,704","1.52M","-1.41%"
"04/19/2021","13,955","14,100","14,131","13,696","824.53K","-0.76%"
"04/16/2021","14,062","13,525","14,065","13,525","1.08M","3.92%"
"04/15/2021","13,531","13,797","13,797","13,418","1.24M","-0.73%"
"04/14/2021","13,630","13,400","13,745","13,400","1.84M","0.78%"
"04/13/2021","13,525","13,550","13,754","13,464","2.23M","-0.86%"
"04/12/2021","13,643","13,400","13,698","13,330","955.39K","0.60%"
"04/09/2021","13,561","13,749","13,749","13,481","1.01M","0.08%"
"04/08/2021","13,550","13,734","13,804","13,486","1.33M","-0.98%"
"04/07/2021","13,684","13,700","13,946","13,575","1.12M","0.54%"
"04/06/2021","13,610","13,260","13,650","13,260","707.62K","2.62%"
"04/01/2021","13,262","13,105","13,404","13,105","2.11M","0.03%"
"03/31/2021","13,258","13,502","13,802","13,192","1.60M","-3.08%"
"03/30/2021","13,680","13,750","13,927","13,647","2.88M","-0.51%"
"03/29/2021","13,750","13,709","13,952","13,552","1.75M","0.36%"
"03/26/2021","13,700","13,300","13,852","13,300","1.75M","2.12%"
"03/25/2021","13,415","13,451","13,710","13,276","1.88M","-0.27%"
"03/24/2021","13,451","13,473","13,651","13,300","1.48M","-0.80%"
"03/23/2021","13,560","13,600","13,667","13,250","1.38M","-0.78%"
"03/19/2021","13,667","13,547","13,794","13,227","2.22M","1.36%"
"03/18/2021","13,483","13,743","13,909","13,377","4.04M","-0.79%"
"03/17/2021","13,591","14,124","14,124","13,435","1.55M","-3.76%"
"03/16/2021","14,122","14,458","14,655","14,018","1.53M","-2.30%"
"03/15/2021","14,454","14,793","14,793","14,400","1.38M","-2.29%"
"03/12/2021","14,793","14,174","14,801","14,174","1.25M","4.37%"
"03/11/2021","14,173","14,500","14,599","14,089","1.30M","-1.58%"
"03/10/2021","14,400","13,975","14,450","13,860","902.21K","2.86%"
"03/09/2021","14,000","14,055","14,305","14,000","1.46M","-2.36%"
"03/08/2021","14,338","14,310","14,476","14,126","1.15M","-0.80%"
"03/05/2021","14,453","15,100","15,100","14,339","1.66M","-2.42%"
"03/04/2021","14,811","14,756","14,935","14,585","1.49M","0.37%"
"03/03/2021","14,757","14,568","14,890","14,568","1.46M","1.30%"
"03/02/2021","14,568","14,800","15,081","14,299","2.48M","-2.16%"
"03/01/2021","14,889","14,284","15,030","14,238","2.08M","5.11%"
"02/26/2021","14,165","13,795","14,348","13,775","2.15M","0.46%"
"02/25/2021","14,100","15,200","15,200","13,965","2.10M","-3.37%"
"02/24/2021","14,591","15,000","15,115","14,414","2.08M","1.77%"
"02/23/2021","14,337","14,600","15,400","14,163","2.71M","-1.74%"
"02/22/2021","14,591","14,250","14,606","14,138","1.21M","2.35%"
"02/19/2021","14,256","14,150","14,329","14,025","1.03M","1.42%"
"02/18/2021","14,056","13,958","14,198","13,743","1.61M","0.30%"
"02/17/2021","14,014","14,499","14,501","13,897","1.49M","-2.72%"
"02/16/2021","14,406","14,476","14,850","14,251","1.28M","-0.48%"
"02/15/2021","14,476","14,575","14,698","14,137","1.02M","-0.39%"
"02/12/2021","14,532","14,236","14,550","14,236","1.04M","2.19%"
"02/11/2021","14,221","14,305","14,575","14,178","1.42M","-0.59%"
"02/10/2021","14,305","14,558","14,710","14,252","2.31M","-1.74%"
"02/09/2021","14,558","14,000","14,620","13,865","2.06M","4.80%"
"02/08/2021","13,891","13,916","14,012","13,684","2.41M","-0.16%"
"02/05/2021","13,913","13,410","13,979","13,385","2.73M","3.75%"
"02/04/2021","13,410","12,620","13,428","12,536","2.04M","6.45%"
"02/03/2021","12,598","12,580","13,000","12,580","1.95M","0.26%"
"02/02/2021","12,565","12,700","12,912","12,515","1.86M","-1.53%"
"02/01/2021","12,760","13,100","13,100","12,686","1.42M","-0.79%"
"01/29/2021","12,862","13,100","13,100","12,682","2.77M","-1.45%"
"01/28/2021","13,051","13,185","13,321","12,951","2.34M","-0.28%"
"01/27/2021","13,087","13,060","13,382","13,041","2.40M","0.44%"
"01/26/2021","13,030","12,847","13,125","12,755","1.78M","1.42%"
"01/25/2021","12,847","12,950","13,024","12,738","1.72M","-0.78%"
"01/22/2021","12,948","13,382","13,382","12,827","1.47M","-2.78%"
"01/21/2021","13,318","13,810","14,099","12,898","2.17M","-2.77%"
"01/20/2021","13,697","14,271","14,600","13,697","1.69M","-3.63%"
"01/19/2021","14,213","14,200","14,308","14,051","892.92K","0.79%"
"01/18/2021","14,101","14,222","14,260","14,015","1.02M","0.18%"
"01/15/2021","14,076","14,053","14,250","13,864","1.91M","0.16%"
"01/14/2021","14,053","14,580","14,580","14,050","1.76M","-3.75%"
"01/13/2021","14,600","14,500","14,813","14,500","1.41M","-0.97%"
"01/12/2021","14,743","14,800","14,994","14,499","1.54M","-0.07%"
"01/11/2021","14,754","15,000","15,378","14,581","1.41M","-2.72%"
"01/08/2021","15,166","15,399","15,399","14,964","1.40M","1.79%"
"01/07/2021","14,900","14,500","15,050","14,500","1.46M","2.03%"
"01/06/2021","14,603","15,001","15,519","14,572","1.58M","-3.54%"
"01/05/2021","15,139","15,050","15,606","15,046","1.22M","-1.79%"
"01/04/2021","15,415","15,555","15,782","15,072","746.49K","0.40%"
"12/31/2020","15,354","15,600","15,749","15,210","947.88K","-2.44%"
"12/30/2020","15,738","15,680","15,880","15,474","958.21K","1.01%"
"12/29/2020","15,580","15,474","15,700","15,427","845.07K","0.71%"
"12/28/2020","15,470","15,300","15,574","15,300","665.42K","1.20%"
"12/24/2020","15,286","15,250","15,500","15,163","290.80K","0.00%"
"12/23/2020","15,286","15,001","15,464","15,001","623.05K","-0.23%"
"12/22/2020","15,321","14,436","15,321","14,436","1.45M","3.03%"
"12/21/2020","14,871","15,100","15,251","14,525","1.94M","-3.86%"
"12/18/2020","15,468","15,000","15,590","14,794","4.94M","2.60%"
"12/17/2020","15,076","14,900","15,240","14,600","6.73M","1.14%"
"12/15/2020","14,906","14,490","14,949","14,300","2.43M","2.86%"
"12/14/2020","14,492","13,965","14,814","13,818","2.14M","3.96%"
"12/11/2020","13,940","13,200","13,987","13,150","2.73M","4.99%"
"12/10/2020","13,278","13,102","13,418","13,042","1.36M","-0.26%"
"12/09/2020","13,312","12,551","13,441","12,551","1.52M","3.16%"
"12/08/2020","12,904","12,800","12,999","12,464","1.04M","2.36%"
"12/07/2020","12,606","12,837","12,851","12,505","1.12M","0.49%"
"12/04/2020","12,545","12,500","12,897","12,427","966.70K","1.32%"
"12/03/2020","12,382","12,327","12,478","12,056","1.14M","1.11%"
"12/02/2020","12,246","12,100","12,448","11,991","1.06M","0.07%"
"12/01/2020","12,238","12,131","12,500","12,109","681.05K","-0.67%"
"11/30/2020","12,320","12,447","12,640","12,149","2.33M","-2.53%"
"11/27/2020","12,640","12,260","13,108","12,260","803.13K","-3.34%"
"11/26/2020","13,077","12,968","13,168","12,889","918.45K","1.18%"
"11/25/2020","12,925","12,880","12,960","12,535","1.11M","1.47%"
"11/24/2020","12,738","12,581","12,797","12,511","704.65K","2.28%"
"11/23/2020","12,454","12,378","12,685","12,373","651.60K","0.46%"
"11/20/2020","12,397","12,525","12,600","12,351","780.11K","-1.81%"
"11/19/2020","12,625","13,000","13,000","12,540","938.38K","-1.77%"
"11/18/2020","12,852","13,000","13,000","12,581","1.76M","-0.11%"
"11/17/2020","12,866","12,550","12,968","12,543","1.18M","2.86%"
"11/16/2020","12,508","12,639","12,997","12,382","738.29K","-0.52%"
"11/13/2020","12,574","12,514","12,778","12,391","1.08M","-1.47%"
"11/12/2020","12,762","13,200","13,226","12,637","1.23M","-2.86%"
"11/11/2020","13,138","12,770","13,279","12,770","1.81M","2.87%"
"11/10/2020","12,772","12,500","12,801","12,297","1.65M","1.70%"
"11/09/2020","12,559","11,744","12,749","11,744","2.30M","6.94%"
"11/06/2020","11,744","11,565","11,765","11,437","1.59M","1.87%"
"11/05/2020","11,528","11,339","11,856","11,339","1.69M","1.43%"
"11/04/2020","11,366","11,445","11,489","10,964","1.20M","0.42%"
"11/03/2020","11,318","11,015","11,384","11,015","1.59M","2.66%"
"11/02/2020","11,025","10,671","11,030","10,650","1.10M","3.04%"
"10/30/2020","10,700","11,011","11,145","10,651","2.10M","-4.65%"
"10/29/2020","11,222","11,509","11,648","11,110","1.94M","-2.97%"
"10/28/2020","11,566","12,053","12,099","11,507","1.88M","-4.18%"
"10/27/2020","12,071","12,697","12,697","12,071","1.17M","-4.08%"
"10/26/2020","12,584","12,552","12,700","12,364","820.60K","0.25%"
"10/23/2020","12,552","12,320","12,648","12,247","2.24M","4.23%"
"10/22/2020","12,043","12,077","12,292","12,001","1.49M","-0.31%"
"10/21/2020","12,080","12,230","12,416","12,034","917.82K","-1.23%"
"10/20/2020","12,231","12,318","12,337","12,124","813.38K","-0.20%"
"10/19/2020","12,255","12,114","12,436","12,114","1.06M","0.34%"
"10/16/2020","12,213","12,473","12,508","12,158","1.05M","-1.97%"
"10/15/2020","12,458","12,354","12,519","12,207","1.05M","-0.52%"
"10/14/2020","12,523","12,700","12,700","12,414","1.33M","-0.30%"
"10/13/2020","12,561","12,852","12,852","12,409","1.84M","-2.63%"
"10/12/2020","12,900","12,850","13,121","12,796","1.52M","0.30%"
"10/09/2020","12,862","13,295","13,295","12,838","869.09K","-1.73%"
"10/08/2020","13,089","12,905","13,261","12,905","1.32M","-0.15%"
"10/07/2020","13,109","13,044","13,151","12,818","1.15M","1.78%"
"10/06/2020","12,880","13,235","13,263","12,782","1.54M","-2.65%"
"10/05/2020","13,231","13,411","13,485","13,181","1.73M","-0.32%"
"10/02/2020","13,273","13,100","13,478","12,670","2.36M","1.32%"
"10/01/2020","13,100","12,566","13,378","12,566","2.55M","2.41%"
"09/30/2020","12,792","12,799","12,926","12,571","2.05M","0.96%"
"09/29/2020","12,670","12,365","12,794","12,365","1.14M","-0.03%"
"09/28/2020","12,674","12,000","12,805","12,000","1.36M","4.67%"
"09/25/2020","12,108","12,457","12,795","11,954","2.47M","-3.91%"
"09/23/2020","12,601","12,465","12,735","12,212","2.26M","1.09%"
"09/22/2020","12,465","12,450","12,597","12,168","2.44M","-0.28%"
"09/21/2020","12,500","13,150","13,150","12,355","2.16M","-4.56%"
"09/18/2020","13,097","13,150","13,150","12,795","2.97M","0.63%"
"09/17/2020","13,015","12,940","13,140","12,705","4.81M","0.27%"
"09/16/2020","12,980","13,489","13,489","12,897","2.82M","-3.81%"
"09/15/2020","13,494","13,399","13,534","13,200","1.51M","1.11%"
"09/14/2020","13,346","13,415","13,550","13,197","621.60K","-0.51%"
"09/11/2020","13,415","13,254","13,536","13,254","1.14M","-1.50%"
"09/10/2020","13,619","13,218","13,696","13,017","2.07M","3.03%"
"09/09/2020","13,219","12,800","13,219","12,494","1.72M","5.67%"
"09/08/2020","12,510","12,153","12,620","12,073","1.20M","3.05%"
"09/07/2020","12,140","12,290","12,353","12,077","642.49K","0.14%"
"09/04/2020","12,123","12,017","12,387","12,017","1.42M","-1.61%"
"09/03/2020","12,321","12,119","12,500","12,051","2.24M","0.21%"
"09/02/2020","12,295","12,749","12,749","12,243","1.29M","-1.55%"
"09/01/2020","12,489","12,108","12,580","12,047","1.63M","3.19%"
"08/31/2020","12,103","12,405","12,586","12,009","2.50M","-3.18%"
"08/28/2020","12,500","13,079","13,131","12,412","2.11M","-4.35%"
"08/27/2020","13,068","12,796","13,163","12,706","1.87M","2.27%"
"08/26/2020","12,778","12,700","12,899","12,550","1.06M","0.19%"
"08/25/2020","12,754","12,277","12,780","12,277","1.26M","1.58%"
"08/24/2020","12,556","12,336","12,616","12,254","1.14M","2.34%"
"08/21/2020","12,269","11,940","12,291","11,934","713.37K","2.74%"
"08/20/2020","11,942","12,380","12,380","11,825","1.54M","-2.07%"
"08/19/2020","12,195","12,180","12,378","12,163","1.37M","-0.42%"
"08/18/2020","12,247","11,762","12,286","11,753","1.56M","2.79%"
"08/17/2020","11,915","11,855","12,067","11,794","1.31M","-0.66%"
"08/14/2020","11,994","11,999","11,999","11,797","1.24M","0.57%"
"08/13/2020","11,926","11,765","11,928","11,527","1.21M","1.39%"
"08/12/2020","11,763","11,799","11,851","11,557","954.11K","0.21%"
"08/11/2020","11,738","11,094","11,770","11,084","1.56M","5.80%"
"08/07/2020","11,095","10,701","11,173","10,701","917.05K","1.18%"
"08/06/2020","10,966","10,685","11,229","10,685","1.08M","-0.70%"
"08/05/2020","11,043","11,200","11,200","10,770","1.08M","1.26%"
"08/04/2020","10,906","11,300","11,300","10,806","1.62M","0.82%"
"08/03/2020","10,817","10,861","11,064","10,651","2.24M","-2.40%"
"07/31/2020","11,083","11,100","11,152","10,956","2.21M","-0.83%"
"07/30/2020","11,176","11,345","11,396","11,146","1.28M","-1.54%"
"07/29/2020","11,351","11,149","11,371","11,138","545.62K","0.79%"
"07/28/2020","11,262","10,878","11,262","10,878","1.58M","2.38%"
"07/27/2020","11,000","10,800","11,002","10,775","980.40K","0.97%"
"07/24/2020","10,894","10,899","11,055","10,800","1.10M","-1.55%"
"07/23/2020","11,065","11,400","11,400","11,065","1.05M","-2.94%"
"07/22/2020","11,400","11,331","11,508","11,061","1.83M","0.60%"
"07/21/2020","11,332","11,220","11,564","11,220","1.29M","1.69%"
"07/20/2020","11,144","10,950","11,270","10,950","675.30K","-0.36%"
"07/17/2020","11,184","11,355","11,356","11,094","1.36M","-0.43%"
"07/16/2020","11,232","10,999","11,355","10,865","1.63M","1.03%"
"07/15/2020","11,118","11,299","11,361","11,090","1.79M","-1.17%"
"07/14/2020","11,250","11,150","11,250","10,973","2.03M","0.90%"
"07/13/2020","11,150","10,441","11,150","10,264","2.83M","6.79%"
"07/10/2020","10,441","10,345","10,522","10,200","2.29M","0.14%"
"07/09/2020","10,426","10,300","10,559","10,150","2.40M","2.72%"
"07/08/2020","10,150","10,294","10,294","10,048","2.05M","0.00%"
"07/07/2020","10,150","10,379","10,379","9,956","2.77M","1.03%"
"07/06/2020","10,047","10,520","10,737","10,021","2.82M","-4.13%"
"07/03/2020","10,480","10,600","10,606","10,378","782.78K","-0.66%"
"07/02/2020","10,550","10,554","10,724","10,481","1.25M","1.88%"
"07/01/2020","10,355","10,456","10,729","10,199","1.72M","-0.96%"
"06/30/2020","10,455","10,715","10,785","10,455","1.30M","-2.19%"
"06/29/2020","10,689","10,450","10,770","10,280","956.82K","1.84%"
"06/26/2020","10,496","10,618","10,742","10,368","904.21K","-0.06%"
"06/25/2020","10,502","10,529","10,702","10,383","1.37M","-1.04%"
"06/24/2020","10,612","10,699","11,087","10,580","1.50M","-1.38%"
"06/23/2020","10,761","10,851","11,099","10,690","1.06M","-1.09%"
"06/22/2020","10,880","10,850","11,055","10,739","1.19M","-1.98%"
"06/19/2020","11,100","11,000","11,305","10,825","2.80M","2.85%"
"06/18/2020","10,792","10,924","11,069","10,703","3.42M","-1.82%"
"06/17/2020","10,992","10,715","11,332","10,715","2.66M","4.26%"
"06/15/2020","10,543","10,700","10,700","10,115","2.02M","-2.83%"
"06/12/2020","10,850","10,309","11,007","10,309","1.22M","0.83%"
"06/11/2020","10,761","10,650","10,900","10,335","1.89M","-2.62%"
"06/10/2020","11,050","11,540","11,607","11,023","2.48M","-4.04%"
"06/09/2020","11,515","11,175","11,584","11,100","2.00M","3.14%"
"06/08/2020","11,164","11,180","11,319","10,919","1.29M","0.56%"
"06/05/2020","11,102","10,743","11,262","10,743","2.38M","2.54%"
"06/04/2020","10,827","10,749","11,050","10,517","2.18M","-0.34%"
"06/03/2020","10,864","9,850","10,901","9,850","2.94M","8.98%"
"06/02/2020","9,969","9,839","10,107","9,800","1.76M","1.59%"
"06/01/2020","9,813","9,850","10,057","9,495","726.57K","-0.12%"
"05/29/2020","9,825","9,999","9,999","9,655","2.75M","-2.24%"
"05/28/2020","10,050","10,100","10,130","9,950","1.02M","0.89%"
"05/27/2020","9,961","9,710","10,094","9,710","1.23M","0.69%"
"05/26/2020","9,893","9,939","9,999","9,668","1.29M","4.41%"
"05/25/2020","9,475","9,841","9,962","9,426","834.91K","-3.24%"
"05/22/2020","9,792","10,099","10,099","9,504","1.87M","-3.37%"
"05/21/2020","10,133","9,898","10,405","9,674","2.06M","2.25%"
"05/20/2020","9,910","9,790","9,974","9,551","1.59M","0.84%"
"05/19/2020","9,827","9,300","10,043","9,300","3.13M","6.11%"
"05/18/2020","9,261","8,837","9,261","8,694","2.11M","5.51%"
"05/15/2020","8,777","8,999","9,170","8,777","1.34M","-0.50%"
"05/14/2020","8,821","9,135","9,174","8,750","2.36M","-4.77%"
"05/13/2020","9,263","9,500","9,500","9,101","1.54M","-1.72%"
"05/12/2020","9,425","9,844","9,844","9,363","1.14M","-2.14%"
"05/11/2020","9,631","9,699","9,860","9,526","1.06M","-1.44%"
"05/08/2020","9,772","9,622","9,800","9,528","720.82K","1.56%"
"05/07/2020","9,622","9,500","9,671","9,278","1.13M","1.40%"
"05/06/2020","9,489","9,650","9,650","9,157","1.18M","0.51%"
"05/05/2020","9,441","9,360","9,722","9,350","1.42M","0.67%"
"05/04/2020","9,378","9,400","9,521","9,094","1.86M","-3.32%"
"04/30/2020","9,700","9,700","9,843","9,412","3.10M","1.60%"
"04/29/2020","9,547","9,150","9,631","8,950","2.31M","4.85%"
"04/28/2020","9,105","8,652","9,177","8,652","2.74M","6.52%"
"04/24/2020","8,548","8,000","8,599","7,899","1.79M","5.30%"
"04/23/2020","8,118","8,305","8,305","7,796","1.62M","1.10%"
"04/22/2020","8,030","8,220","8,363","8,011","1.39M","-2.30%"
"04/21/2020","8,219","8,410","8,410","8,012","1.77M","-2.60%"
"04/20/2020","8,438","8,532","8,618","8,200","1.66M","0.09%"
"04/17/2020","8,430","8,650","8,994","8,422","2.06M","1.30%"
"04/16/2020","8,322","8,915","9,036","8,100","2.19M","-6.65%"
"04/15/2020","8,915","9,349","9,349","8,617","1.82M","-4.65%"
"04/14/2020","9,350","9,100","9,530","8,928","1.99M","2.92%"
"04/09/2020","9,085","8,806","9,129","8,534","1.78M","6.26%"
"04/08/2020","8,550","8,402","8,719","8,353","2.52M","-0.58%"
"04/07/2020","8,600","8,403","9,069","8,403","2.10M","2.53%"
"04/06/2020","8,388","8,298","8,526","7,945","1.63M","6.33%"
"04/03/2020","7,889","7,800","7,981","7,500","1.84M","0.50%"
"04/02/2020","7,850","7,650","8,096","7,613","1.51M","1.95%"
"04/01/2020","7,700","7,774","7,951","7,450","1.75M","-1.23%"
"03/31/2020","7,796","7,525","8,055","7,350","1.94M","6.62%"
"03/30/2020","7,312","7,050","7,593","7,050","3.28M","-1.84%"
"03/27/2020","7,449","8,050","8,050","7,246","3.28M","-7.58%"
"03/26/2020","8,060","7,183","8,125","6,962","4.56M","17.82%"
"03/25/2020","6,841","6,528","7,940","6,200","3.91M","10.70%"
"03/24/2020","6,180","6,250","6,278","5,555","3.52M","6.28%"
"03/23/2020","5,815","6,544","6,545","5,450","4.22M","-14.17%"
"03/20/2020","6,775","6,400","6,967","6,384","6.43M","10.02%"
"03/19/2020","6,158","7,700","7,700","5,941","7.75M","-15.10%"
"03/18/2020","7,253","8,300","8,300","6,774","6.61M","-13.65%"
"03/17/2020","8,400","8,582","8,900","8,181","6.04M","0.84%"
"03/16/2020","8,330","9,000","9,001","7,676","5.27M","-14.43%"
"03/13/2020","9,735","9,200","10,292","9,200","4.03M","5.03%"
"03/12/2020","9,269","9,625","9,887","8,840","4.53M","-9.13%"
"03/11/2020","10,200","10,000","10,431","9,810","2.40M","1.68%"
"03/10/2020","10,031","9,823","10,184","9,440","2.75M","5.17%"
"03/09/2020","9,538","9,700","9,841","9,059","2.95M","-3.92%"
"03/06/2020","9,927","10,258","10,258","9,642","2.59M","-3.62%"
"03/05/2020","10,300","10,300","10,537","10,135","2.26M","0.37%"
"03/04/2020","10,262","10,055","10,316","10,017","1.71M","0.92%"
"03/03/2020","10,168","9,901","10,241","9,901","1.62M","3.56%"
"03/02/2020","9,818","9,900","10,384","9,652","2.12M","1.95%"
"02/28/2020","9,630","9,751","9,980","9,409","3.10M","-4.75%"
"02/27/2020","10,110","10,390","10,638","10,080","1.90M","-5.12%"
"02/26/2020","10,656","9,944","10,937","9,566","3.66M","7.20%"
"02/25/2020","9,940","10,101","10,331","9,873","2.21M","-1.41%"
"02/24/2020","10,082","10,600","10,600","9,916","2.31M","-3.33%"
"02/21/2020","10,429","10,557","10,562","10,247","1.52M","-1.24%"
"02/20/2020","10,560","11,000","11,397","10,560","1.62M","-0.87%"
"02/19/2020","10,653","10,948","11,009","10,605","1.69M","-2.02%"
"02/18/2020","10,873","10,751","11,039","10,571","2.22M","-1.37%"
"02/17/2020","11,024","12,000","12,006","10,975","2.86M","-7.92%"
"02/14/2020","11,972","12,099","12,112","11,732","612.46K","0.00%"
"02/13/2020","11,972","12,219","12,219","11,841","934.15K","0.55%"
"02/12/2020","11,907","11,729","11,998","11,622","1.49M","1.85%"
"02/11/2020","11,691","12,040","12,063","11,691","558.74K","-1.57%"
"02/10/2020","11,877","11,903","12,094","11,828","1.26M","-0.22%"
"02/07/2020","11,903","12,150","12,300","11,760","1.04M","-2.75%"
"02/06/2020","12,240","12,323","12,429","12,228","866.82K","-0.33%"
"02/05/2020","12,280","11,980","12,338","11,754","1.08M","4.01%"
"02/04/2020","11,807","11,700","12,012","11,673","1.12M","1.00%"
"02/03/2020","11,690","11,898","11,898","11,530","1.20M","-0.07%"
"01/31/2020","11,698","11,801","12,029","11,643","1.97M","-2.52%"
"01/30/2020","12,001","12,340","12,340","11,724","1.25M","-0.23%"
"01/29/2020","12,029","11,900","12,151","11,855","671.22K","0.89%"
"01/28/2020","11,923","12,375","12,375","11,576","2.00M","-3.65%"
"01/27/2020","12,375","12,490","12,490","12,200","978.90K","-1.23%"
"01/24/2020","12,529","12,203","12,650","12,203","411.37K","2.07%"
"01/23/2020","12,275","12,350","12,589","12,244","1.34M","-1.39%"
"01/22/2020","12,448","12,585","12,684","12,310","790.34K","-0.99%"
"01/21/2020","12,572","12,561","12,623","12,385","1.30M","-0.83%"
"01/20/2020","12,677","12,715","12,801","12,565","808.52K","-0.43%"
"01/17/2020","12,732","12,821","12,860","12,645","1.85M","-0.69%"
"01/16/2020","12,821","12,520","12,844","12,520","1.99M","0.75%"
"01/15/2020","12,725","12,197","12,859","12,197","1.54M","3.76%"
"01/14/2020","12,264","12,000","12,264","12,000","792.01K","1.99%"
"01/13/2020","12,025","12,150","12,217","11,989","849.34K","-0.21%"
"01/10/2020","12,050","11,809","12,134","11,809","301.00K","1.04%"
"01/09/2020","11,926","11,900","12,170","11,900","494.35K","0.36%"
"01/08/2020","11,883","11,701","11,883","11,609","876.95K","0.58%"
"01/07/2020","11,815","11,870","12,099","11,763","817.94K","-0.30%"
"01/06/2020","11,851","12,214","12,214","11,638","839.31K","-3.34%"
"01/03/2020","12,260","12,226","12,274","11,903","883.06K","0.11%"
"01/02/2020","12,247","12,306","12,469","12,231","621.62K","1.53%"
"12/31/2019","12,063","12,331","12,367","11,996","401.11K","-2.88%"
"12/30/2019","12,421","12,000","12,494","11,999","587.81K","2.17%"
"12/27/2019","12,157","12,000","12,421","11,978","492.37K","1.10%"
"12/24/2019","12,025","12,018","12,149","11,928","205.77K","-1.22%"
"12/23/2019","12,173","12,191","12,333","11,962","653.75K","-0.71%"
"12/20/2019","12,260","12,135","12,447","12,135","1.72M","-0.67%"
"12/19/2019","12,343","12,262","12,480","12,230","3.62M","-1.10%"
"12/18/2019","12,480","12,082","12,480","11,963","1.97M","3.45%"
"12/17/2019","12,064","12,202","12,624","12,064","2.41M","-1.11%"
"12/13/2019","12,200","11,608","12,211","11,603","2.95M","6.13%"
"12/12/2019","11,495","11,440","11,521","11,226","1.18M","1.00%"
"12/11/2019","11,381","11,250","11,450","11,216","793.23K","1.07%"
"12/10/2019","11,260","11,321","11,344","10,955","1.45M","0.04%"
"12/09/2019","11,255","11,423","11,423","11,057","941.49K","-1.20%"
"12/06/2019","11,392","11,456","11,719","11,123","1.89M","-1.27%"
"12/05/2019","11,539","11,350","11,668","11,230","2.32M","1.65%"
"12/04/2019","11,352","11,150","11,387","10,949","2.19M","4.03%"
"12/03/2019","10,912","11,210","11,399","10,869","2.52M","-2.60%"
"12/02/2019","11,203","11,929","11,929","11,192","2.39M","-5.11%"
"11/29/2019","11,806","11,700","11,939","11,602","1.11M","0.61%"
"11/28/2019","11,735","11,999","11,999","11,628","1.73M","-1.62%"
"11/27/2019","11,928","11,931","12,241","11,912","1.17M","0.22%"
"11/26/2019","11,902","12,219","12,478","11,857","3.95M","-3.22%"
"11/25/2019","12,298","12,860","13,079","12,284","1.63M","-4.67%"
"11/22/2019","12,901","12,868","13,083","12,754","846.66K","0.20%"
"11/21/2019","12,875","13,479","13,479","12,615","2.31M","-4.40%"
"11/20/2019","13,468","13,036","13,478","12,915","1.56M","3.31%"
"11/19/2019","13,036","12,641","13,091","12,641","1.33M","1.31%"
"11/18/2019","12,868","13,100","13,332","12,722","1.33M","-2.25%"
"11/15/2019","13,164","13,000","13,239","13,000","1.37M","1.26%"
"11/14/2019","13,000","13,000","13,073","12,813","864.98K","-0.44%"
"11/13/2019","13,058","12,950","13,058","12,650","1.26M","0.65%"
"11/12/2019","12,974","13,199","13,199","12,735","1.67M","2.42%"
"11/11/2019","12,668","12,761","12,761","12,390","1.15M","-0.73%"
"11/08/2019","12,761","12,980","12,980","12,600","736.28K","-0.88%"
"11/07/2019","12,874","13,198","13,272","12,800","1.33M","-2.05%"
"11/06/2019","13,144","13,009","13,191","12,813","1.12M","1.47%"
"11/05/2019","12,953","12,549","13,027","12,545","1.84M","3.22%"
"11/04/2019","12,549","11,805","12,675","11,805","1.67M","5.26%"
"11/01/2019","11,922","11,830","12,241","11,830","771.51K","-0.86%"
"10/31/2019","12,026","12,340","12,363","11,866","1.92M","1.51%"
"10/30/2019","11,847","12,434","12,497","11,821","2.23M","-4.74%"
"10/29/2019","12,437","12,700","12,813","12,303","1.17M","-1.54%"
"10/28/2019","12,632","12,126","12,722","12,126","1.20M","3.54%"
"10/25/2019","12,200","12,376","12,382","12,150","951.18K","-1.21%"
"10/24/2019","12,350","12,307","12,615","12,265","927.37K","0.21%"
"10/23/2019","12,324","12,142","12,426","12,129","856.47K","-1.44%"
"10/22/2019","12,504","12,205","12,583","11,999","1.09M","1.97%"
"10/21/2019","12,263","12,260","12,335","11,993","802.00K","-0.03%"
"10/18/2019","12,267","12,281","12,407","12,219","988.69K","-1.29%"
"10/17/2019","12,427","12,371","12,763","12,309","1.61M","0.33%"
"10/16/2019","12,386","12,000","12,386","11,866","1.78M","2.85%"
"10/15/2019","12,043","12,208","12,355","11,912","1.01M","-1.35%"
"10/14/2019","12,208","12,380","12,446","11,903","759.26K","-0.43%"
"10/11/2019","12,261","11,980","12,389","11,976","1.52M","2.31%"
"10/10/2019","11,984","11,610","11,988","11,585","1.27M","2.59%"
"10/09/2019","11,681","11,662","11,734","11,511","1.61M","0.80%"
"10/08/2019","11,588","11,705","12,229","11,581","3.60M","-0.24%"
"10/07/2019","11,616","11,497","11,616","11,349","1.24M","1.04%"
"10/04/2019","11,497","11,378","11,621","11,378","1.64M","1.05%"
"10/03/2019","11,378","11,310","11,559","11,202","1.91M","-0.19%"
"10/02/2019","11,400","11,440","11,581","11,227","2.12M","-0.83%"
"10/01/2019","11,495","11,411","11,796","11,410","1.68M","0.79%"
"09/30/2019","11,405","11,382","11,515","11,285","1.43M","-0.37%"
"09/27/2019","11,447","11,398","11,718","11,253","2.04M","-1.11%"
"09/26/2019","11,576","11,355","11,744","11,309","2.70M","2.70%"
"09/25/2019","11,272","11,453","11,682","11,148","2.62M","-1.33%"
"09/23/2019","11,424","11,861","12,062","11,386","2.41M","-3.89%"
"09/20/2019","11,886","12,334","12,392","11,631","4.58M","-2.57%"
"09/19/2019","12,200","12,417","12,725","12,099","6.54M","-2.68%"
"09/18/2019","12,536","12,925","12,976","12,463","2.95M","-2.38%"
"09/17/2019","12,842","13,277","13,328","12,727","2.59M","-3.89%"
"09/16/2019","13,362","12,900","13,362","12,680","2.69M","3.18%"
"09/13/2019","12,950","12,563","13,030","12,425","1.93M","3.42%"
"09/12/2019","12,522","12,239","12,820","12,203","2.39M","2.72%"
"09/11/2019","12,191","12,250","12,608","12,017","1.76M","0.63%"
"09/10/2019","12,115","11,739","12,296","11,629","2.07M","2.67%"
"09/09/2019","11,800","11,889","11,991","11,712","1.13M","-0.08%"
"09/06/2019","11,809","11,776","11,980","11,776","1.51M","-1.37%"
"09/05/2019","11,973","11,445","11,973","11,445","2.32M","4.61%"
"09/04/2019","11,445","11,371","11,924","11,219","2.74M","-0.48%"
"09/03/2019","11,500","11,200","11,500","11,143","1.46M","3.14%"
"09/02/2019","11,150","11,485","11,540","11,150","1.59M","-3.19%"
"08/30/2019","11,517","10,800","11,750","10,746","3.94M","6.64%"
"08/29/2019","10,800","10,713","10,875","10,652","1.62M","0.61%"
"08/28/2019","10,735","10,488","10,735","10,372","1.82M","1.52%"
"08/27/2019","10,574","10,319","10,575","10,241","2.07M","2.11%"
"08/26/2019","10,356","10,447","10,679","10,260","1.22M","-0.94%"
"08/23/2019","10,454","10,646","10,646","10,393","2.35M","-2.32%"
"08/22/2019","10,702","10,470","10,969","10,247","3.19M","2.05%"
"08/21/2019","10,487","10,000","10,545","10,000","2.79M","4.77%"
"08/20/2019","10,010","10,150","10,344","9,903","2.56M","-1.35%"
"08/19/2019","10,147","11,230","11,246","10,147","3.16M","-8.30%"
"08/16/2019","11,066","10,700","11,115","10,509","4.89M","4.41%"
"08/15/2019","10,599","10,053","10,689","10,046","5.79M","5.26%"
"08/14/2019","10,069","10,300","10,550","9,931","4.74M","-1.62%"
"08/13/2019","10,235","10,500","10,887","10,057","6.34M","-3.19%"
"08/12/2019","10,572","11,800","11,801","10,250","9.38M","-8.44%"
"08/08/2019","11,547","12,870","12,902","11,547","3.95M","-8.50%"
"08/07/2019","12,620","12,803","12,982","12,554","2.07M","-0.97%"
"08/06/2019","12,743","12,750","12,889","12,743","1.45M","0.34%"
"08/05/2019","12,700","13,100","13,198","12,699","2.19M","-4.16%"
"08/02/2019","13,251","13,100","13,349","12,864","1.90M","-0.93%"
"08/01/2019","13,376","13,293","13,376","13,002","1.74M","1.10%"
"07/31/2019","13,230","13,252","13,428","13,198","1.04M","-0.63%"
"07/30/2019","13,314","13,332","13,434","13,156","997.06K","-0.42%"
"07/29/2019","13,370","12,989","13,396","12,989","1.31M","3.24%"
"07/26/2019","12,950","13,301","13,491","12,950","2.70M","-3.29%"
"07/25/2019","13,390","13,875","13,962","13,354","1.31M","-3.40%"
"07/24/2019","13,861","14,000","14,100","13,830","880.28K","-1.30%"
"07/23/2019","14,044","13,905","14,062","13,905","1.11M","0.43%"
"07/22/2019","13,984","14,050","14,050","13,755","851.63K","-1.17%"
"07/19/2019","14,149","14,277","14,400","14,059","1.05M","-0.18%"
"07/18/2019","14,175","14,000","14,304","13,998","1.06M","1.25%"
"07/17/2019","14,000","14,205","14,406","13,991","1.30M","-2.61%"
"07/16/2019","14,375","14,060","14,429","14,060","1.23M","1.33%"
"07/15/2019","14,186","14,303","14,407","14,068","568.33K","-0.81%"
"07/12/2019","14,302","14,250","14,529","14,250","421.14K","-0.39%"
"07/11/2019","14,358","14,665","14,665","14,348","1.26M","-1.48%"
"07/10/2019","14,573","14,338","14,601","14,272","993.22K","1.60%"
"07/09/2019","14,344","14,666","14,681","14,284","852.02K","-2.12%"
"07/08/2019","14,655","14,582","14,687","14,522","1.06M","-0.01%"
"07/05/2019","14,656","14,770","14,770","14,521","491.73K","-0.43%"
"07/04/2019","14,720","14,800","14,938","14,649","1.40M","-0.71%"
"07/03/2019","14,825","15,025","15,092","14,767","758.47K","-1.63%"
"07/02/2019","15,070","15,280","15,280","14,871","986.69K","-0.61%"
"07/01/2019","15,163","15,060","15,360","14,993","1.05M","1.69%"
"06/28/2019","14,911","15,008","15,124","14,818","820.03K","-0.45%"
"06/27/2019","14,978","15,188","15,201","14,929","949.19K","-0.76%"
"06/26/2019","15,093","15,026","15,210","14,955","911.00K","0.19%"
"06/25/2019","15,064","15,127","15,215","14,918","808.87K","-0.65%"
"06/24/2019","15,162","15,424","15,500","14,925","1.08M","-1.22%"
"06/21/2019","15,350","15,378","15,390","15,177","3.21M","-1.29%"
"06/20/2019","15,550","15,314","15,585","15,309","3.38M","1.63%"
"06/19/2019","15,300","15,300","15,455","15,216","1.74M","0.53%"
"06/18/2019","15,219","15,090","15,535","15,038","2.40M","2.07%"
"06/14/2019","14,911","14,918","15,100","14,761","2.61M","-0.58%"
"06/13/2019","14,998","14,970","15,174","14,970","775.15K","-1.06%"
"06/12/2019","15,158","14,908","15,170","14,705","1.30M","1.47%"
"06/11/2019","14,939","14,735","14,979","14,624","1.18M","1.68%"
"06/10/2019","14,692","14,247","14,692","14,135","1.35M","2.59%"
"06/07/2019","14,321","14,166","14,349","13,851","1.36M","1.70%"
"06/06/2019","14,082","14,075","14,250","13,971","1.91M","-0.66%"
"06/05/2019","14,175","13,934","14,348","13,689","1.27M","1.73%"
"06/04/2019","13,934","14,036","14,182","13,795","1.40M","-1.33%"
"06/03/2019","14,122","13,944","14,175","13,679","1.73M","1.79%"
"05/31/2019","13,873","14,220","14,220","13,725","2.33M","-2.13%"
"05/30/2019","14,175","14,000","14,476","13,817","2.07M","2.27%"
"05/29/2019","13,861","13,650","14,052","13,504","881.28K","1.31%"
"05/28/2019","13,682","13,980","13,982","13,506","2.74M","-2.13%"
"05/27/2019","13,980","13,700","14,020","13,675","806.40K","2.23%"
"05/24/2019","13,675","13,500","13,845","13,479","1.26M","1.84%"
"05/23/2019","13,428","13,966","14,070","13,381","1.49M","-4.56%"
"05/22/2019","14,070","14,000","14,292","14,000","726.36K","0.74%"
"05/21/2019","13,966","14,506","14,573","13,966","1.35M","-2.77%"
"05/20/2019","14,364","14,498","14,606","14,315","1.02M","-0.94%"
"05/17/2019","14,500","14,870","14,870","14,382","1.83M","-2.56%"
"05/16/2019","14,881","14,900","14,966","14,499","1.82M","0.56%"
"05/15/2019","14,798","14,931","15,046","14,480","2.44M","-1.18%"
"05/14/2019","14,975","14,556","15,097","14,556","2.67M","2.02%"
"05/13/2019","14,678","14,990","15,161","14,678","1.50M","-1.93%"
"05/10/2019","14,967","14,540","15,085","14,540","1.81M","3.12%"
"05/09/2019","14,514","14,540","14,811","14,446","1.98M","-0.17%"
"05/07/2019","14,539","14,899","14,929","14,532","725.96K","-1.43%"
"05/06/2019","14,750","14,533","14,883","14,414","532.85K","0.00%"
"05/03/2019","14,750","14,900","14,923","14,594","891.19K","-0.99%"
"05/02/2019","14,898","14,330","14,898","14,330","933.15K","3.42%"
"04/30/2019","14,406","14,253","14,573","14,253","1.12M","1.07%"
"04/29/2019","14,253","14,344","14,475","14,251","605.38K","-1.02%"
"04/26/2019","14,400","14,495","14,695","14,282","816.90K","-1.00%"
"04/25/2019","14,546","14,542","14,700","14,486","1.08M","-0.95%"
"04/24/2019","14,686","14,850","14,884","14,424","1.24M","-1.69%"
"04/23/2019","14,939","14,766","14,939","14,642","1.33M","1.03%"
"04/18/2019","14,787","14,599","14,792","14,586","557.66K","0.69%"
"04/17/2019","14,686","14,566","14,816","14,566","700.89K","-0.19%"
"04/16/2019","14,714","14,323","14,714","14,284","1.03M","2.61%"
"04/15/2019","14,340","14,300","14,488","14,220","986.37K","-0.76%"
"04/12/2019","14,450","14,353","14,450","14,212","564.47K","0.70%"
"04/11/2019","14,350","14,377","14,377","14,097","763.40K","0.10%"
"04/10/2019","14,336","14,105","14,468","13,921","1.73M","1.77%"
"04/09/2019","14,086","14,000","14,399","13,991","1.06M","0.61%"
"04/08/2019","14,000","14,338","14,418","13,902","1.08M","-1.64%"
"04/05/2019","14,234","14,211","14,396","14,207","599.31K","-0.19%"
"04/04/2019","14,261","14,150","14,380","14,150","678.63K","-0.04%"
"04/03/2019","14,267","14,100","14,455","13,954","1.35M","1.73%"
"04/02/2019","14,024","14,041","14,220","13,800","1.13M","0.54%"
"04/01/2019","13,949","13,800","14,139","13,679","1.01M","1.97%"
"03/29/2019","13,680","13,360","13,721","13,304","1.33M","2.96%"
"03/28/2019","13,287","13,794","13,794","13,287","746.19K","-2.32%"
"03/27/2019","13,603","13,889","13,889","13,424","1.48M","0.95%"
"03/26/2019","13,475","13,603","13,729","13,408","1.06M","-0.94%"
"03/25/2019","13,603","13,490","13,634","13,300","935.90K","0.02%"
"03/22/2019","13,600","14,486","14,486","13,515","1.46M","-3.69%"
"03/20/2019","14,121","14,225","14,497","14,113","2.84M","-2.23%"
"03/19/2019","14,443","14,492","14,677","14,338","1.39M","-0.34%"
"03/18/2019","14,492","14,284","14,498","14,194","1.53M","1.75%"
"03/15/2019","14,243","14,181","14,455","14,118","2.96M","0.49%"
"03/14/2019","14,174","14,330","14,685","14,043","1.88M","-1.18%"
"03/13/2019","14,343","14,625","14,699","14,330","1.54M","-1.76%"
"03/12/2019","14,600","14,500","14,812","14,440","1.88M","0.51%"
"03/11/2019","14,526","14,614","14,740","14,381","1.14M","-0.86%"
"03/08/2019","14,652","14,801","14,959","14,562","986.82K","-1.66%"
"03/07/2019","14,900","15,100","15,100","14,809","1.41M","-1.00%"
"03/06/2019","15,050","15,060","15,200","14,975","1.48M","-0.21%"
"03/05/2019","15,081","15,100","15,220","15,022","995.89K","-0.32%"
"03/04/2019","15,130","15,433","15,433","15,001","1.02M","0.20%"
"03/01/2019","15,100","15,400","15,597","15,016","2.80M","-2.00%"
"02/28/2019","15,408","15,331","15,479","15,267","1.63M","0.51%"
"02/27/2019","15,330","15,300","15,597","15,176","3.32M","0.20%"
"02/26/2019","15,300","15,000","15,327","14,900","3.29M","2.00%"
"02/25/2019","15,000","15,012","15,104","14,855","2.35M","-0.08%"
"02/22/2019","15,012","14,550","15,046","14,550","2.18M","2.86%"
"02/21/2019","14,595","14,480","14,809","14,350","2.55M","0.55%"
"02/20/2019","14,515","14,385","14,521","14,205","1.42M","2.18%"
"02/19/2019","14,205","14,590","14,590","14,109","702.19K","-1.75%"
"02/18/2019","14,458","14,290","14,458","14,066","820.30K","1.30%"
"02/15/2019","14,272","14,500","14,697","13,663","5.59M","-1.57%"
"02/14/2019","14,500","15,050","15,125","14,500","1.90M","-3.78%"
"02/13/2019","15,069","15,050","15,199","14,950","1.35M","-0.26%"
"02/12/2019","15,109","15,050","15,204","14,947","1.21M","0.54%"
"02/11/2019","15,028","15,200","15,326","15,028","1.21M","-1.87%"
"02/08/2019","15,315","15,300","15,578","15,231","1.92M","-0.85%"
"02/07/2019","15,447","15,699","15,699","15,380","1.38M","-1.28%"
"02/06/2019","15,647","15,700","15,806","15,634","989.95K","-0.34%"
"02/05/2019","15,700","15,651","15,781","15,506","1.95M","0.32%"
"02/04/2019","15,650","16,050","16,234","15,622","3.18M","-1.88%"
"02/01/2019","15,950","15,762","16,041","15,714","1.43M","0.18%"
"01/31/2019","15,922","15,626","16,140","15,609","1.31M","1.89%"
"01/30/2019","15,626","15,950","15,950","15,625","1.71M","-1.20%"
"01/29/2019","15,816","15,920","16,200","15,816","1.74M","-0.65%"
"01/28/2019","15,920","16,100","16,288","15,884","580.81K","-1.79%"
"01/25/2019","16,210","16,300","16,425","16,076","748.21K","0.04%"
"01/24/2019","16,203","16,500","16,500","16,075","813.87K","-1.35%"
"01/23/2019","16,424","16,463","16,792","16,329","665.87K","-0.24%"
"01/22/2019","16,463","16,500","16,655","16,034","625.44K","-0.68%"
"01/21/2019","16,576","16,522","16,791","16,205","455.37K","0.33%"
"01/18/2019","16,522","16,800","16,800","16,400","534.12K","-0.10%"
"01/17/2019","16,538","16,747","16,850","16,446","1.20M","-1.09%"
"01/16/2019","16,721","16,400","16,721","16,399","617.47K","1.87%"
"01/15/2019","16,414","16,050","16,465","16,050","827.36K","0.34%"
"01/14/2019","16,358","16,209","16,358","16,069","459.22K","0.89%"
"01/11/2019","16,213","16,060","16,398","15,954","603.80K","0.91%"
"01/10/2019","16,066","16,140","16,140","15,922","716.29K","-0.07%"
"01/09/2019","16,078","15,999","16,100","15,881","760.47K","1.52%"
"01/08/2019","15,837","15,860","16,040","15,826","739.00K","-0.08%"
"01/07/2019","15,849","16,098","16,240","15,780","1.62M","-0.32%"
"01/04/2019","15,900","15,995","16,077","15,825","780.57K","-0.31%"
"01/03/2019","15,950","15,850","16,117","15,785","1.37M","0.63%"
"01/02/2019","15,850","15,925","16,064","15,678","1.09M","-0.81%"
"12/31/2018","15,979","15,780","16,065","15,780","430.11K","1.46%"
"12/28/2018","15,749","15,250","15,831","15,223","1.15M","2.81%"
"12/27/2018","15,319","15,220","15,638","15,166","1.56M","0.65%"
"12/24/2018","15,220","15,307","15,427","15,109","310.87K","-0.57%"
"12/21/2018","15,307","15,570","15,798","15,307","3.64M","-1.96%"
"12/20/2018","15,613","15,200","15,672","15,105","2.69M","0.38%"
"12/19/2018","15,554","15,010","15,563","14,995","1.45M","2.52%"
"12/18/2018","15,172","14,620","15,179","14,576","998.64K","0.61%"
"12/14/2018","15,080","14,999","15,119","14,778","1.07M","0.15%"
"12/13/2018","15,057","15,042","15,273","14,955","1.17M","0.11%"
"12/12/2018","15,040","14,900","15,181","14,800","1.36M","1.66%"
"12/11/2018","14,795","14,600","14,957","14,540","1.37M","1.89%"
"12/10/2018","14,520","14,668","14,695","14,350","1.11M","-1.19%"
"12/07/2018","14,695","15,298","15,298","14,695","1.36M","-1.50%"
"12/06/2018","14,919","15,095","15,120","14,447","1.71M","-2.84%"
"12/05/2018","15,355","15,590","15,590","15,150","2.25M","-1.51%"
"12/04/2018","15,590","15,600","15,675","15,433","4.67M","-0.04%"
"12/03/2018","15,597","15,740","16,000","15,455","3.37M","1.35%"
"11/30/2018","15,390","16,000","16,077","15,351","2.38M","-3.57%"
"11/29/2018","15,960","16,200","16,500","15,960","1.89M","-0.22%"
"11/28/2018","15,995","16,299","16,440","15,872","1.76M","-0.36%"
"11/27/2018","16,052","15,940","16,209","15,940","915.93K","0.70%"
"11/26/2018","15,940","15,601","16,200","15,601","958.93K","2.25%"
"11/23/2018","15,590","15,900","15,900","15,401","795.14K","-1.42%"
"11/22/2018","15,815","15,916","16,045","15,571","961.83K","-0.63%"
"11/21/2018","15,916","15,951","16,195","15,671","1.69M","-0.66%"
"11/20/2018","16,022","16,540","16,540","15,984","1.39M","-3.01%"
"11/19/2018","16,520","16,400","16,650","16,102","982.55K","0.62%"
"11/16/2018","16,418","16,487","16,840","16,174","1.54M","0.05%"
"11/15/2018","16,410","16,200","16,551","16,200","1.04M","-0.40%"
"11/14/2018","16,476","16,400","16,511","15,823","1.56M","1.45%"
"11/13/2018","16,241","16,200","16,500","16,022","1.50M","0.25%"
"11/12/2018","16,200","16,395","16,769","16,132","1.72M","-1.19%"
"11/09/2018","16,395","16,440","16,485","16,267","2.58M","-3.60%"
"11/08/2018","17,007","17,377","17,524","16,837","1.29M","-2.13%"
"11/07/2018","17,377","16,879","17,588","16,856","2.20M","2.95%"
"11/06/2018","16,879","16,935","17,056","16,442","759.17K","-0.42%"
"11/05/2018","16,950","16,500","16,985","16,500","1.03M","2.20%"
"11/02/2018","16,585","16,200","16,992","16,200","2.43M","2.88%"
"11/01/2018","16,120","15,793","16,241","15,603","1.43M","2.07%"
"10/31/2018","15,793","15,400","15,877","15,308","1.77M","3.45%"
"10/30/2018","15,267","15,199","15,361","14,959","970.41K","0.44%"
"10/29/2018","15,200","14,520","15,523","14,520","2.10M","1.33%"
"10/26/2018","15,000","15,053","15,103","14,768","1.52M","-0.91%"
"10/25/2018","15,137","14,646","15,218","14,324","1.37M","2.19%"
"10/24/2018","14,813","14,903","15,112","14,707","889.15K","0.01%"
"10/23/2018","14,811","15,180","15,311","14,679","799.85K","-3.61%"
"10/22/2018","15,365","15,201","15,615","15,201","924.66K","1.21%"
"10/19/2018","15,181","15,057","15,202","14,900","1.12M","0.82%"
"10/18/2018","15,057","14,846","15,193","14,828","1.19M","-0.05%"
"10/17/2018","15,064","15,755","15,755","14,922","1.57M","-2.81%"
"10/16/2018","15,500","15,350","15,570","14,954","1.69M","1.16%"
"10/15/2018","15,323","15,650","15,706","15,212","721.06K","-3.05%"
"10/12/2018","15,805","15,716","16,031","15,578","893.52K","2.10%"
"10/11/2018","15,480","15,641","15,754","15,300","1.41M","-3.01%"
"10/10/2018","15,961","16,185","16,302","15,844","729.82K","-0.94%"
"10/09/2018","16,113","16,287","16,360","15,861","1.05M","-1.07%"
"10/08/2018","16,287","16,251","16,327","15,933","761.44K","-0.14%"
"10/05/2018","16,310","16,474","16,500","16,175","755.66K","-0.62%"
"10/04/2018","16,411","16,220","16,428","15,851","1.25M","-0.45%"
"10/03/2018","16,486","16,599","16,627","16,310","1.17M","-1.00%"
"10/02/2018","16,653","16,690","16,834","16,260","971.02K","-2.13%"
"10/01/2018","17,016","17,085","17,267","16,883","770.43K","0.09%"
"09/28/2018","17,000","17,100","17,286","16,752","1.99M","-1.73%"
"09/27/2018","17,300","17,437","17,674","17,203","1.40M","-0.73%"
"09/26/2018","17,427","17,626","17,672","17,334","978.56K","-0.41%"
"09/25/2018","17,499","17,678","17,772","16,917","1.21M","-1.15%"
"09/21/2018","17,702","17,550","17,900","17,255","1.72M","1.27%"
"09/20/2018","17,480","17,370","17,550","17,216","4.07M","1.44%"
"09/19/2018","17,232","17,170","17,441","16,958","1.42M","0.36%"
"09/18/2018","17,170","17,535","17,535","17,054","1.42M","-1.81%"
"09/17/2018","17,486","17,612","17,612","17,335","748.85K","-0.72%"
"09/14/2018","17,612","17,479","17,755","17,421","866.82K","0.76%"
"09/13/2018","17,479","17,500","17,655","17,106","1.29M","1.05%"
"09/12/2018","17,298","17,360","17,375","16,927","1.30M","0.38%"
"09/11/2018","17,233","17,585","17,791","17,000","1.04M","-1.98%"
"09/10/2018","17,582","17,680","17,792","17,428","1.04M","-0.60%"
"09/07/2018","17,689","17,280","17,820","17,280","1.10M","1.74%"
"09/06/2018","17,387","16,728","17,730","16,500","1.71M","3.77%"
"09/05/2018","16,756","17,095","17,133","16,482","1.81M","-1.98%"
"09/04/2018","17,095","17,500","17,790","17,095","1.85M","-4.12%"
"09/03/2018","17,830","17,490","18,111","17,489","826.34K","1.76%"
"08/31/2018","17,521","17,240","17,689","17,112","1.06M","1.63%"
"08/30/2018","17,240","17,403","17,800","17,173","926.00K","-1.77%"
"08/29/2018","17,550","17,550","17,737","17,170","772.47K","-0.05%"
"08/28/2018","17,558","17,466","17,778","17,249","1.20M","0.30%"
"08/27/2018","17,506","17,302","17,741","17,284","744.86K","0.78%"
"08/24/2018","17,371","17,155","17,529","17,068","779.59K","0.41%"
"08/23/2018","17,300","16,606","17,600","16,606","1.37M","3.41%"
"08/22/2018","16,729","16,656","16,979","16,656","868.73K","0.35%"
"08/21/2018","16,670","16,425","16,781","16,419","1.22M","1.49%"
"08/20/2018","16,425","16,445","16,700","16,312","476.75K","0.61%"
"08/17/2018","16,326","16,545","16,688","16,162","670.41K","-0.71%"
"08/16/2018","16,442","16,315","16,602","16,315","1.23M","1.98%"
"08/15/2018","16,123","16,651","16,918","16,089","1.12M","-3.96%"
"08/14/2018","16,788","16,498","16,915","16,498","1.04M","1.36%"
"08/13/2018","16,563","16,200","16,683","16,200","831.43K","1.11%"
"08/10/2018","16,381","16,615","16,900","16,381","807.11K","-3.64%"
"08/08/2018","17,000","16,715","17,270","16,715","982.04K","0.63%"
"08/07/2018","16,893","16,507","16,920","16,507","760.66K","2.26%"
"08/06/2018","16,519","16,950","16,950","16,458","589.58K","-0.82%"
"08/03/2018","16,655","16,711","16,801","16,466","930.65K","-0.33%"
"08/02/2018","16,710","16,887","16,895","16,550","759.62K","-1.54%"
"08/01/2018","16,971","16,899","17,018","16,631","1.46M","-0.17%"
"07/31/2018","17,000","16,722","17,153","16,722","1.87M","1.77%"
"07/30/2018","16,705","16,500","16,815","16,490","837.29K","0.33%"
"07/27/2018","16,650","16,700","16,859","16,551","2.70M","0.00%"
"07/26/2018","16,650","16,691","16,802","16,431","1.33M","0.30%"
"07/25/2018","16,600","16,875","16,900","16,378","2.72M","-1.03%"
"07/24/2018","16,772","16,240","16,949","16,240","2.67M","3.53%"
"07/23/2018","16,200","15,863","16,296","15,641","1.76M","2.36%"
"07/20/2018","15,826","14,950","15,894","14,950","1.43M","4.48%"
"07/19/2018","15,147","15,100","15,342","14,818","377.99K","0.32%"
"07/18/2018","15,098","14,983","15,329","14,929","772.66K","0.72%"
"07/17/2018","14,990","15,020","15,310","14,754","1.07M","-0.53%"
"07/16/2018","15,070","14,906","15,209","14,797","981.70K","0.69%"
"07/13/2018","14,966","15,150","15,339","14,741","750.36K","-1.21%"
"07/12/2018","15,149","15,100","15,355","14,941","651.52K","-0.62%"
"07/11/2018","15,243","15,338","15,379","15,022","538.34K","-1.40%"
"07/10/2018","15,459","15,500","15,728","15,280","822.00K","-0.26%"
"07/09/2018","15,500","15,196","15,557","15,193","784.22K","2.26%"
"07/06/2018","15,157","15,300","15,374","14,875","558.76K","-0.93%"
"07/05/2018","15,299","15,400","15,579","15,201","954.23K","0.04%"
"07/04/2018","15,293","15,000","15,389","15,000","359.45K","0.36%"
"07/03/2018","15,238","15,290","15,360","14,825","1.35M","1.20%"
"07/02/2018","15,058","14,638","15,200","14,600","840.92K","2.09%"
"06/29/2018","14,750","14,570","14,946","14,570","1.28M","1.79%"
"06/28/2018","14,490","14,200","14,599","14,119","2.40M","-0.23%"
"06/27/2018","14,524","15,090","15,099","14,401","2.34M","-2.91%"
"06/26/2018","14,959","14,808","15,439","14,689","2.33M","0.85%"
"06/25/2018","14,833","15,050","15,083","14,691","1.25M","-1.44%"
"06/22/2018","15,050","14,200","15,050","14,200","2.11M","5.58%"
"06/21/2018","14,255","14,350","14,439","14,143","3.33M","-0.75%"
"06/20/2018","14,362","14,330","14,593","14,305","1.90M","1.14%"
"06/19/2018","14,200","14,000","14,259","13,802","1.47M","0.65%"
"06/18/2018","14,108","14,300","14,369","14,024","915.65K","-1.82%"
"06/15/2018","14,369","14,500","14,693","14,343","1.96M","-0.59%"
"06/14/2018","14,455","14,450","14,742","14,450","2.16M","-0.31%"
"06/13/2018","14,500","14,600","14,759","14,500","1.20M","-0.68%"
"06/12/2018","14,600","14,454","14,943","14,338","1.89M","0.62%"
"06/11/2018","14,510","14,750","14,963","14,474","1.01M","-1.29%"
"06/08/2018","14,700","14,643","14,738","14,357","2.25M","-0.23%"
"06/07/2018","14,734","15,350","15,399","14,734","1.88M","-2.75%"
"06/06/2018","15,150","15,600","15,618","15,150","1.27M","-2.21%"
"06/05/2018","15,492","16,010","16,010","15,350","1.13M","-2.85%"
"06/04/2018","15,947","15,653","16,077","15,601","887.74K","2.39%"
"06/01/2018","15,575","15,410","15,799","15,410","1.11M","1.04%"
"05/31/2018","15,415","15,320","15,698","15,270","1.89M","1.08%"
"05/30/2018","15,250","15,325","15,652","15,182","1.41M","-1.61%"
"05/29/2018","15,500","15,995","15,995","15,486","1.17M","-3.13%"
"05/28/2018","16,000","16,008","16,234","15,851","563.82K","-0.26%"
"05/25/2018","16,041","15,796","16,200","15,746","1.24M","1.55%"
"05/24/2018","15,796","16,200","16,389","15,773","1.66M","-2.45%"
"05/23/2018","16,193","16,380","16,545","16,193","1.26M","-1.86%"
"05/22/2018","16,500","16,200","16,607","16,100","1.04M","2.16%"
"05/21/2018","16,151","16,140","16,399","16,028","747.00K","0.32%"
"05/18/2018","16,100","16,120","16,491","16,100","972.95K","-0.31%"
"05/17/2018","16,150","16,201","16,482","16,057","754.32K","-1.64%"
"05/16/2018","16,420","16,150","16,561","15,986","1.15M","1.30%"
"05/15/2018","16,209","16,465","16,608","16,209","1.35M","-1.76%"
"05/14/2018","16,500","16,765","16,850","16,377","1.30M","-2.02%"
"05/11/2018","16,840","17,050","17,050","16,711","1.01M","0.00%"
"05/10/2018","16,840","16,860","17,098","16,835","1.09M","-0.04%"
"05/09/2018","16,847","16,850","17,070","16,847","937.74K","-0.02%"
"05/08/2018","16,850","17,101","17,398","16,800","1.58M","-2.80%"
"05/07/2018","17,335","17,000","17,425","17,000","844.51K","1.56%"
"05/04/2018","17,069","16,825","17,274","16,825","949.81K","1.43%"
"05/03/2018","16,829","17,400","17,400","16,801","1.17M","-2.33%"
"05/02/2018","17,230","17,400","17,580","17,147","1.27M","-0.55%"
"04/30/2018","17,325","17,380","17,700","17,101","1.03M","1.67%"
"04/26/2018","17,040","16,605","17,074","16,605","633.82K","1.80%"
"04/25/2018","16,738","16,999","17,212","16,654","715.35K","-1.77%"
"04/24/2018","17,039","17,500","17,500","17,039","786.51K","-1.40%"
"04/23/2018","17,281","17,395","17,439","17,140","440.74K","-0.66%"
"04/20/2018","17,395","17,575","17,575","17,302","378.13K","-0.65%"
"04/19/2018","17,508","17,327","17,760","17,327","758.58K","0.83%"
"04/18/2018","17,364","17,300","17,465","17,058","912.13K","1.46%"
"04/17/2018","17,114","17,400","17,400","16,905","632.56K","0.09%"
"04/16/2018","17,098","17,100","17,200","16,800","854.81K","0.48%"
"04/13/2018","17,017","17,116","17,274","16,800","500.62K","-0.73%"
"04/12/2018","17,142","17,134","17,300","17,020","766.97K","0.43%"
"04/11/2018","17,068","17,300","17,439","17,050","728.52K","-1.34%"
"04/10/2018","17,300","17,550","17,550","17,164","1.07M","0.22%"
"04/09/2018","17,262","17,112","17,262","17,000","1.36M","0.88%"
"04/06/2018","17,112","17,000","17,150","16,803","1.09M","0.96%"
"04/05/2018","16,950","16,700","17,079","16,699","1.13M","1.70%"
"04/04/2018","16,667","16,800","16,800","16,129","1.75M","-1.24%"
"04/03/2018","16,877","17,013","17,213","16,803","1.17M","-1.01%"
"03/29/2018","17,050","16,807","17,287","16,807","1.24M","1.74%"
"03/28/2018","16,758","17,567","17,636","16,601","1.51M","-5.32%"
"03/27/2018","17,700","17,886","18,096","17,601","797.28K","0.00%"
"03/26/2018","17,700","17,850","17,908","17,411","1.15M","-0.23%"
"03/23/2018","17,741","17,900","17,900","17,500","956.82K","-0.21%"
"03/22/2018","17,779","18,100","18,453","17,700","1.71M","-0.54%"
"03/20/2018","17,875","18,100","18,205","17,676","952.90K","-1.24%"
"03/19/2018","18,100","18,399","18,399","17,781","905.74K","0.56%"
"03/16/2018","18,000","17,925","18,338","17,875","2.15M","-0.44%"
"03/15/2018","18,080","18,350","18,448","17,802","2.18M","0.24%"
"03/14/2018","18,037","18,126","18,437","17,949","1.23M","-2.46%"
"03/13/2018","18,491","18,550","18,864","18,127","1.07M","1.60%"
"03/12/2018","18,200","19,100","19,361","18,200","1.72M","-4.21%"
"03/09/2018","19,000","19,009","19,142","18,787","1.71M","0.88%"
"03/08/2018","18,835","18,800","19,220","18,340","1.38M","1.11%"
"03/07/2018","18,628","18,500","18,770","18,203","1.26M","0.15%"
"03/06/2018","18,600","17,962","19,049","17,962","1.92M","3.55%"
"03/05/2018","17,962","17,850","18,063","17,519","1.34M","0.40%"
"03/02/2018","17,891","17,614","17,897","17,250","1.17M","1.57%"
"03/01/2018","17,614","17,770","18,042","17,410","1.26M","-1.48%"
"02/28/2018","17,878","17,650","17,890","17,544","1.62M","-0.07%"
"02/27/2018","17,890","18,050","18,229","17,860","1.46M","-0.89%"
"02/26/2018","18,050","18,065","18,250","17,868","1.27M","0.29%"
"02/23/2018","17,998","17,700","17,998","17,423","1.17M","3.05%"
"02/22/2018","17,466","18,000","18,000","17,250","1.59M","-2.34%"
"02/21/2018","17,885","18,200","18,449","17,534","1.91M","-1.77%"
"02/20/2018","18,207","17,750","18,368","17,484","2.20M","3.13%"
"02/19/2018","17,654","17,999","17,999","17,406","732.97K","-0.03%"
"02/16/2018","17,659","18,010","18,173","17,338","1.38M","-1.95%"
"02/15/2018","18,010","16,900","18,580","16,682","4.20M","9.13%"
"02/14/2018","16,504","16,474","16,752","16,384","993.13K","0.33%"
"02/13/2018","16,450","16,337","16,747","16,236","1.23M","1.23%"
"02/12/2018","16,250","16,000","16,350","15,921","1.42M","3.02%"
"02/09/2018","15,773","16,145","16,200","15,650","1.96M","-3.23%"
"02/08/2018","16,300","16,450","16,652","16,186","1.51M","-0.61%"
"02/07/2018","16,400","16,000","16,478","15,846","2.50M","3.54%"
"02/06/2018","15,840","15,900","16,073","15,376","2.96M","-2.82%"
"02/05/2018","16,300","16,580","16,630","16,165","1.80M","-2.16%"
"02/02/2018","16,660","17,350","17,350","16,600","1.30M","-2.95%"
"02/01/2018","17,166","16,915","17,166","16,761","1.82M","1.66%"
"01/31/2018","16,885","17,000","17,000","16,740","3.48M","-0.97%"
"01/30/2018","17,050","17,500","17,655","16,741","2.52M","-2.52%"
"01/29/2018","17,490","18,565","18,699","17,464","3.82M","-5.79%"
"01/26/2018","18,565","18,350","18,695","18,021","1.58M","1.17%"
"01/25/2018","18,350","18,097","18,463","17,878","1.25M","1.41%"
"01/24/2018","18,095","17,900","18,199","17,601","1.10M","1.09%"
"01/23/2018","17,900","17,880","18,322","17,879","1.54M","0.12%"
"01/22/2018","17,879","18,180","18,180","17,632","1.80M","0.56%"
"01/19/2018","17,779","18,200","18,244","17,778","1.33M","-2.31%"
"01/18/2018","18,200","18,000","18,241","17,801","1.71M","2.25%"
"01/17/2018","17,800","17,900","18,002","17,713","1.99M","0.50%"
"01/16/2018","17,711","17,520","17,792","17,423","1.42M","1.06%"
"01/15/2018","17,525","17,362","17,930","17,362","1.17M","0.14%"
"01/12/2018","17,500","17,898","17,900","17,371","1.53M","0.00%"
"01/11/2018","17,500","17,900","17,935","17,150","2.37M","-2.78%"
"01/10/2018","18,000","17,950","18,200","17,910","1.39M","-0.10%"
"01/09/2018","18,018","18,001","18,190","17,709","1.19M","0.09%"
"01/08/2018","18,001","18,200","18,489","17,927","1.59M","-0.93%"
"01/05/2018","18,170","18,336","18,336","17,962","990.94K","-0.16%"
"01/04/2018","18,200","17,850","18,210","17,850","1.04M","0.78%"
"01/03/2018","18,060","18,390","18,696","17,807","1.01M","-1.04%"
"01/02/2018","18,250","18,361","18,648","18,250","1.32M","-1.88%"
"12/29/2017","18,600","18,099","18,624","18,099","686.32K","0.10%"
"12/28/2017","18,581","18,500","18,599","18,408","852.92K","0.25%"
"12/27/2017","18,534","18,600","18,600","18,025","594.78K","2.13%"
"12/22/2017","18,148","18,333","18,337","17,922","459.51K","-0.69%"
"12/21/2017","18,275","17,998","18,395","17,835","5.64M","2.66%"
"12/20/2017","17,801","18,400","18,400","17,801","4.33M","-3.34%"
"12/19/2017","18,417","17,100","18,417","17,100","5.04M","7.70%"
"12/18/2017","17,100","16,325","17,424","16,325","1.66M","3.03%"
"12/15/2017","16,597","16,100","16,626","16,000","2.93M","2.42%"
"12/14/2017","16,205","15,984","16,362","15,851","2.57M","2.56%"
"12/13/2017","15,800","15,500","15,900","15,500","2.06M","1.28%"
"12/12/2017","15,600","15,500","15,738","15,415","2.88M","0.65%"
"12/11/2017","15,500","15,500","15,603","15,350","1.83M","-0.33%"
"12/08/2017","15,551","15,825","16,048","15,551","1.47M","-2.72%"
"12/07/2017","15,985","16,401","16,687","15,817","1.22M","-2.11%"
"12/06/2017","16,330","16,350","16,509","15,900","1.52M","-0.15%"
"12/05/2017","16,355","16,285","16,429","16,148","1.04M","0.42%"
"12/04/2017","16,287","16,410","16,500","16,190","772.13K","-0.75%"
"12/01/2017","16,410","16,800","16,800","16,350","1.41M","-0.37%"
"11/30/2017","16,471","16,300","16,913","16,248","1.83M","-0.18%"
"11/29/2017","16,500","16,500","16,618","16,325","1.62M","0.92%"
"11/28/2017","16,350","16,250","16,485","16,101","1.30M","1.55%"
"11/27/2017","16,100","15,999","16,281","15,851","1.52M","0.03%"
"11/24/2017","16,095","16,300","16,336","16,040","1.16M","-0.80%"
"11/23/2017","16,225","16,500","16,500","16,169","871.80K","-1.21%"
"11/22/2017","16,423","16,373","16,571","16,300","961.23K","0.43%"
"11/21/2017","16,352","16,300","16,416","16,072","1.53M","1.13%"
"11/20/2017","16,170","16,050","16,193","15,862","1.25M","0.75%"
"11/17/2017","16,050","15,898","16,084","15,760","1.83M","1.75%"
"11/16/2017","15,774","15,400","15,815","15,200","1.71M","2.42%"
"11/15/2017","15,401","14,804","15,401","14,804","2.12M","3.03%"
"11/14/2017","14,948","14,960","15,000","14,801","1.19M","-0.08%"
"11/13/2017","14,960","14,962","15,095","14,900","1.02M","-0.01%"
"11/10/2017","14,962","14,925","14,962","14,780","835.27K","0.74%"
"11/09/2017","14,852","14,900","14,925","14,748","889.11K","-0.07%"
"11/08/2017","14,863","14,935","14,960","14,655","1.14M","1.43%"
"11/07/2017","14,654","14,820","14,947","14,603","730.57K","-1.13%"
"11/06/2017","14,822","14,890","14,890","14,726","524.77K","-0.46%"
"11/03/2017","14,890","15,049","15,081","14,804","632.55K","-0.31%"
"11/02/2017","14,936","15,000","15,075","14,891","510.20K","-0.43%"
"11/01/2017","15,000","14,650","15,126","14,648","1.52M","2.35%"
"10/31/2017","14,655","14,750","14,750","14,433","897.35K","1.05%"
"10/30/2017","14,503","14,484","14,748","14,408","758.01K","0.13%"
"10/27/2017","14,484","14,435","14,562","14,344","959.09K","0.93%"
"10/26/2017","14,350","14,554","14,617","14,305","1.48M","-1.27%"
"10/25/2017","14,535","14,601","14,700","14,355","693.63K","-0.45%"
"10/24/2017","14,601","14,510","14,637","14,450","616.77K","0.63%"
"10/23/2017","14,510","14,500","14,558","14,431","408.16K","0.55%"
"10/20/2017","14,430","14,670","14,705","14,399","699.87K","-1.64%"
"10/19/2017","14,670","14,670","14,687","14,481","595.38K","-0.10%"
"10/18/2017","14,685","14,400","14,685","14,307","662.50K","2.12%"
"10/17/2017","14,380","14,449","14,590","14,310","2.81M","0.28%"
"10/16/2017","14,340","14,386","14,449","14,276","1.43M","0.43%"
"10/13/2017","14,279","14,246","14,325","14,132","1.69M","0.30%"
"10/12/2017","14,236","14,100","14,237","13,953","1.31M","1.55%"
"10/11/2017","14,019","14,125","14,161","13,962","1.02M","-0.14%"
"10/10/2017","14,038","13,937","14,052","13,851","1.35M","1.36%"
"10/09/2017","13,850","13,850","13,942","13,604","1.98M","0.00%"
"10/06/2017","13,850","14,130","14,130","13,792","2.33M","-1.77%"
"10/05/2017","14,100","14,432","14,465","14,063","1.84M","-2.29%"
"10/04/2017","14,430","14,232","14,430","14,150","1.03M","1.24%"
"10/03/2017","14,253","14,205","14,339","14,122","1.05M","0.33%"
"10/02/2017","14,206","14,200","14,393","14,101","1.26M","1.00%"
"09/29/2017","14,066","14,019","14,296","14,000","1.32M","0.26%"
"09/28/2017","14,030","14,200","14,287","13,971","1.24M","-1.20%"
"09/27/2017","14,200","14,164","14,700","14,042","1.22M","0.25%"
"09/26/2017","14,164","14,290","14,373","13,995","2.00M","-0.41%"
"09/22/2017","14,222","14,400","14,499","14,207","1.00M","-1.39%"
"09/21/2017","14,423","14,472","14,515","14,275","3.35M","-0.34%"
"09/20/2017","14,472","14,379","14,509","14,250","1.14M","0.65%"
"09/19/2017","14,379","14,530","14,587","14,338","1.03M","-1.51%"
"09/18/2017","14,600","14,200","14,797","14,000","1.63M","2.82%"
"09/15/2017","14,200","14,200","14,286","14,145","1.95M","-0.35%"
"09/14/2017","14,250","14,395","14,500","14,188","896.55K","-1.04%"
"09/13/2017","14,400","14,370","14,502","14,370","2.20M","0.20%"
"09/12/2017","14,371","14,375","14,430","14,310","575.25K","-0.03%"
"09/11/2017","14,375","14,304","14,407","14,251","728.03K","0.60%"
"09/08/2017","14,289","14,454","14,504","14,265","538.84K","-1.13%"
"09/07/2017","14,453","14,292","14,537","14,154","878.88K","1.35%"
"09/06/2017","14,260","14,425","14,481","14,100","1.27M","-1.16%"
"09/05/2017","14,427","14,600","14,829","14,346","1.35M","-1.18%"
"09/04/2017","14,600","14,790","14,826","14,522","3.09M","-1.74%"
"09/01/2017","14,859","14,970","15,020","14,779","1.23M","-1.33%"
"08/31/2017","15,060","14,837","15,149","14,709","1.61M","1.12%"
"08/30/2017","14,893","15,089","15,089","14,804","684.09K","-0.63%"
"08/29/2017","14,987","14,850","15,047","14,733","1.60M","0.45%"
"08/28/2017","14,920","14,730","14,933","14,730","467.16K","0.45%"
"08/25/2017","14,853","14,800","14,856","14,782","453.67K","-0.01%"
"08/24/2017","14,855","14,551","14,855","14,551","674.93K","1.45%"
"08/23/2017","14,642","14,411","14,664","14,411","992.55K","1.50%"
"08/22/2017","14,425","14,478","14,558","14,355","1.11M","0.87%"
"08/21/2017","14,300","14,310","14,531","14,275","677.66K","-0.26%"
"08/18/2017","14,337","14,500","14,600","14,298","1.11M","-1.19%"
"08/17/2017","14,510","14,700","14,755","14,485","527.75K","-1.00%"
"08/16/2017","14,656","14,530","14,700","14,480","743.05K","0.77%"
"08/15/2017","14,544","14,500","14,600","14,470","294.28K","-0.01%"
"08/14/2017","14,546","14,501","14,630","14,456","740.88K","0.32%"
"08/11/2017","14,500","14,412","14,561","14,412","1.25M","-0.34%"
"08/10/2017","14,550","14,387","14,593","14,316","1.43M","0.48%"
"08/08/2017","14,480","14,437","14,634","14,362","1.25M","0.16%"
"08/07/2017","14,457","14,400","14,500","14,270","929.61K","0.40%"
"08/04/2017","14,400","14,370","14,500","14,331","895.21K","0.75%"
"08/03/2017","14,293","14,335","14,531","14,168","1.45M","-0.13%"
"08/02/2017","14,312","14,200","14,334","14,180","1.11M","0.79%"
"08/01/2017","14,200","14,175","14,244","13,954","852.21K","1.20%"
"07/31/2017","14,031","14,100","14,236","14,031","1.71M","-0.49%"
"07/28/2017","14,100","13,611","14,100","13,611","1.73M","2.90%"
"07/27/2017","13,702","13,800","13,861","13,655","630.56K","-0.71%"
"07/26/2017","13,800","13,680","13,851","13,632","476.39K","1.17%"
"07/25/2017","13,641","13,721","13,849","13,567","1.00M","-0.58%"
"07/24/2017","13,721","13,775","13,899","13,676","847.09K","-0.39%"
"07/21/2017","13,775","13,840","13,997","13,751","1.09M","-0.36%"
"07/20/2017","13,825","13,648","13,890","13,648","1.09M","1.30%"
"07/19/2017","13,648","13,502","13,700","13,451","993.78K","1.28%"
"07/18/2017","13,475","13,556","13,686","13,430","680.89K","-0.83%"
"07/17/2017","13,588","13,647","13,750","13,414","1.28M","-0.51%"
"07/14/2017","13,658","13,405","13,660","13,395","952.88K","1.74%"
"07/13/2017","13,425","13,210","13,425","13,210","1.64M","1.42%"
"07/12/2017","13,237","13,030","13,326","12,929","1.55M","1.82%"
"07/11/2017","13,000","12,943","13,000","12,840","1.08M","0.59%"
"07/10/2017","12,924","12,966","13,025","12,776","689.30K","0.34%"
"07/07/2017","12,880","12,990","13,037","12,748","862.63K","-0.85%"
"07/06/2017","12,990","12,861","13,105","12,861","1.60M","1.00%"
"07/05/2017","12,861","12,843","12,959","12,768","971.09K","0.28%"
"07/04/2017","12,825","12,674","12,849","12,602","2.10M","0.83%"
"07/03/2017","12,719","12,800","12,800","12,561","3.63M","-0.57%"
"06/30/2017","12,792","12,914","12,976","12,706","5.67M","-0.45%"
"06/29/2017","12,850","13,000","13,050","12,785","5.39M","-0.93%"
"06/28/2017","12,970","12,791","13,049","12,767","1.47M","1.53%"
"06/27/2017","12,775","13,000","13,075","12,750","2.48M","-1.50%"
"06/26/2017","12,970","13,050","13,101","12,886","1.27M","-0.61%"
"06/23/2017","13,050","13,006","13,150","12,905","1.88M","0.63%"
"06/22/2017","12,968","13,200","13,217","12,824","1.88M","-1.76%"
"06/21/2017","13,200","13,025","13,356","12,919","1.70M","1.34%"
"06/20/2017","13,025","12,950","13,152","12,843","973.26K","0.68%"
"06/19/2017","12,937","12,500","12,972","12,500","1.97M","3.81%"
"06/15/2017","12,462","12,800","12,857","12,462","4.60M","-2.90%"
"06/14/2017","12,834","12,965","13,003","12,821","941.70K","-0.57%"
"06/13/2017","12,907","12,950","13,052","12,842","819.63K","-0.14%"
"06/12/2017","12,925","12,663","12,979","12,596","1.23M","1.21%"
"06/09/2017","12,771","12,451","12,785","12,395","983.05K","2.25%"
"06/08/2017","12,490","12,646","12,667","12,368","994.19K","-0.68%"
"06/07/2017","12,576","12,500","12,685","12,389","981.47K","0.73%"
"06/06/2017","12,485","12,897","12,897","12,450","1.20M","-2.65%"
"06/05/2017","12,825","12,780","12,934","12,616","683.50K","0.35%"
"06/02/2017","12,780","12,705","12,849","12,606","716.18K","0.83%"
"06/01/2017","12,675","12,868","12,876","12,558","721.22K","-1.07%"
"05/31/2017","12,812","12,861","12,942","12,741","1.10M","-0.53%"
"05/30/2017","12,880","12,938","13,000","12,854","480.13K","-0.12%"
"05/29/2017","12,895","13,067","13,159","12,848","477.64K","-0.81%"
"05/26/2017","13,000","12,958","13,075","12,801","604.83K","0.86%"
"05/25/2017","12,889","13,036","13,094","12,871","539.47K","-0.93%"
"05/24/2017","13,010","12,985","13,148","12,881","505.15K","0.28%"
"05/23/2017","12,974","12,780","13,000","12,697","887.29K","1.55%"
"05/22/2017","12,776","12,700","12,902","12,650","1.21M","0.68%"
"05/19/2017","12,690","12,750","12,815","12,476","1.68M","-0.45%"
"05/18/2017","12,747","12,962","13,018","12,746","1.17M","-1.63%"
"05/17/2017","12,958","13,235","13,306","12,933","1.00M","-2.09%"
"05/16/2017","13,235","13,263","13,400","13,200","524.88K","-0.49%"
"05/15/2017","13,300","13,450","13,450","13,142","676.59K","-0.34%"
"05/12/2017","13,346","13,429","13,500","13,270","408.78K","0.05%"
"05/11/2017","13,339","13,408","13,485","13,245","801.64K","-0.51%"
"05/10/2017","13,408","13,270","13,512","13,270","937.40K","0.99%"
"05/09/2017","13,276","13,240","13,319","13,105","743.18K","0.23%"
"05/08/2017","13,246","13,293","13,364","13,175","320.96K","0.35%"
"05/05/2017","13,200","13,195","13,286","13,134","664.43K","-0.77%"
"05/04/2017","13,302","13,142","13,386","13,113","1.07M","0.01%"
"05/03/2017","13,301","13,370","13,510","13,182","890.78K","-0.56%"
"05/02/2017","13,376","13,247","13,550","13,136","1.17M","-0.03%"
"04/28/2017","13,380","13,291","13,614","13,217","997.06K","-0.39%"
"04/26/2017","13,433","13,314","13,435","13,163","915.25K","0.58%"
"04/25/2017","13,356","13,173","13,390","13,160","1.95M","1.39%"
"04/24/2017","13,173","12,890","13,274","12,800","1.55M","3.58%"
"04/21/2017","12,718","12,872","12,887","12,718","841.32K","-1.03%"
"04/20/2017","12,850","12,946","12,946","12,756","1.01M","-0.74%"
"04/19/2017","12,946","13,052","13,100","12,786","1.18M","-0.30%"
"04/18/2017","12,985","13,090","13,090","12,897","1.38M","-0.80%"
"04/13/2017","13,090","13,043","13,251","13,015","912.02K","0.11%"
"04/12/2017","13,075","12,980","13,209","12,980","1.70M","0.77%"
"04/11/2017","12,975","12,730","13,015","12,730","1.48M","0.97%"
"04/10/2017","12,850","12,800","12,888","12,685","1.54M","0.27%"
"04/07/2017","12,816","12,815","12,999","12,681","3.09M","-0.31%"
"04/06/2017","12,856","12,900","12,900","12,750","1.83M","-0.46%"
"04/05/2017","12,915","13,050","13,234","12,839","2.20M","-1.43%"
"04/04/2017","13,103","12,678","13,209","12,678","2.15M","0.41%"
"04/03/2017","13,049","13,000","13,049","12,800","1.89M","1.38%"
"03/31/2017","12,871","12,849","13,091","12,530","3.34M","-3.80%"
"03/30/2017","13,380","13,300","13,515","13,251","841.70K","0.22%"
"03/29/2017","13,350","13,360","13,360","13,070","2.10M","-0.07%"
"03/28/2017","13,360","13,320","13,466","13,150","1.93M","-0.34%"
"03/27/2017","13,405","13,450","13,567","13,349","1.46M","-1.04%"
"03/24/2017","13,546","13,665","13,750","13,416","3.06M","-0.77%"
"03/23/2017","13,651","13,748","13,773","13,616","998.64K","-0.71%"
"03/22/2017","13,748","13,591","13,748","13,517","1.86M","0.04%"
"03/20/2017","13,742","13,591","13,744","13,562","1.06M","1.11%"
"03/17/2017","13,591","13,600","13,701","13,450","2.47M","0.39%"
"03/16/2017","13,538","13,300","13,683","13,300","3.85M","1.79%"
"03/15/2017","13,300","13,200","13,380","13,200","1.40M","-0.15%"
"03/14/2017","13,320","13,100","13,442","13,001","2.95M","1.32%"
"03/13/2017","13,147","12,800","13,147","12,700","1.99M","2.71%"
"03/10/2017","12,800","12,600","12,800","12,502","1.85M","2.32%"
"03/09/2017","12,510","12,560","12,569","12,425","1.80M","-0.40%"
"03/08/2017","12,560","12,490","12,646","12,490","746.97K","0.56%"
"03/07/2017","12,490","12,500","12,695","12,452","1.13M","-0.68%"
"03/06/2017","12,575","12,500","12,671","12,422","1.00M","-0.19%"
"03/03/2017","12,599","12,370","12,599","12,205","1.76M","1.85%"
"03/02/2017","12,370","12,300","12,415","12,156","872.81K","1.06%"
"03/01/2017","12,240","12,200","12,336","12,092","1.14M","-0.49%"
"02/28/2017","12,300","12,400","12,551","12,220","1.62M","-0.81%"
"02/27/2017","12,400","12,400","12,587","12,255","950.28K","-0.08%"
"02/24/2017","12,410","12,390","12,615","12,359","1.64M","-0.48%"
"02/23/2017","12,470","11,945","12,800","11,850","4.70M","4.35%"
"02/22/2017","11,950","12,180","12,180","11,855","2.19M","-1.41%"
"02/21/2017","12,121","12,050","12,131","11,907","955.69K","0.59%"
"02/20/2017","12,050","12,339","12,339","11,828","3.16M","-2.31%"
"02/17/2017","12,335","12,280","12,335","12,100","2.16M","0.45%"
"02/16/2017","12,280","12,052","12,294","11,936","1.15M","1.89%"
"02/15/2017","12,052","11,977","12,070","11,972","732.86K","0.81%"
"02/14/2017","11,955","12,000","12,100","11,931","923.08K","-0.66%"
"02/13/2017","12,035","11,849","12,050","11,805","1.58M","0.91%"
"02/10/2017","11,927","11,800","11,984","11,615","1.06M","1.29%"
"02/09/2017","11,775","11,700","11,800","11,608","866.27K","1.51%"
"02/08/2017","11,600","11,563","11,660","11,452","978.44K","0.32%"
"02/07/2017","11,563","11,650","11,650","11,451","1.26M","0.14%"
"02/06/2017","11,547","11,670","11,686","11,466","1.27M","-1.05%"
"02/03/2017","11,670","11,575","11,670","11,499","1.57M","1.21%"
"02/02/2017","11,530","11,575","11,575","11,410","1.14M","-0.39%"
"02/01/2017","11,575","11,622","11,655","11,508","2.21M","0.59%"
"01/31/2017","11,507","11,406","11,726","11,353","2.43M","0.89%"
"01/30/2017","11,406","11,500","11,500","11,104","2.22M","-0.73%"
"01/27/2017","11,490","11,890","11,890","11,371","851.84K","-2.63%"
"01/26/2017","11,800","11,759","11,888","11,674","1.00M","0.85%"
"01/25/2017","11,700","11,750","11,840","11,649","992.21K","-0.43%"
"01/24/2017","11,750","11,662","11,750","11,606","1.18M","0.75%"
"01/23/2017","11,662","11,350","11,662","11,350","650.49K","2.42%"
"01/20/2017","11,386","11,569","11,569","11,371","1.21M","-1.51%"
"01/19/2017","11,561","11,708","11,708","11,467","812.61K","-1.26%"
"01/18/2017","11,708","11,700","11,791","11,579","689.01K","0.73%"
"01/17/2017","11,623","11,800","11,800","11,551","819.57K","-1.52%"
"01/16/2017","11,802","11,655","11,906","11,563","819.90K","1.26%"
"01/13/2017","11,655","11,460","11,800","11,460","559.44K","0.64%"
"01/12/2017","11,581","11,550","11,724","11,517","510.90K","-0.28%"
"01/11/2017","11,613","11,690","11,690","11,408","1.22M","0.17%"
"01/10/2017","11,593","11,391","11,632","11,391","436.06K","1.03%"
"01/09/2017","11,475","11,616","11,724","11,387","1.11M","-1.27%"
"01/06/2017","11,623","11,429","11,799","11,424","435.18K","1.52%"
"01/05/2017","11,449","11,757","11,845","11,410","932.79K","-2.15%"
"01/04/2017","11,700","11,483","11,700","11,301","558.48K","1.44%"
"01/03/2017","11,534","11,571","11,625","11,415","999.08K","0.73%"
"12/30/2016","11,450","11,572","11,685","11,443","522.25K","-0.88%"
"12/29/2016","11,552","11,500","11,573","11,415","421.27K","1.25%"
"12/28/2016","11,409","11,260","11,560","11,260","536.76K","1.41%"
"12/23/2016","11,250","11,255","11,444","11,245","319.18K","-0.43%"
"12/22/2016","11,299","11,341","11,573","11,224","744.58K","-0.89%"
"12/21/2016","11,400","11,475","11,588","11,277","754.45K","-0.65%"
"12/20/2016","11,475","11,212","11,500","11,212","1.63M","1.73%"
"12/19/2016","11,280","11,200","11,566","11,200","864.78K","0.58%"
"12/15/2016","11,215","11,520","11,520","11,206","3.90M","-2.65%"
"12/14/2016","11,520","11,573","11,676","11,469","1.17M","-0.48%"
"12/13/2016","11,575","11,444","11,613","11,343","1.05M","1.35%"
"12/12/2016","11,421","11,520","11,733","11,383","710.50K","-0.95%"
"12/09/2016","11,531","11,400","11,635","11,364","857.99K","0.54%"
"12/08/2016","11,469","11,250","11,491","11,178","787.35K","2.47%"
"12/07/2016","11,193","11,030","11,250","11,030","1.02M","1.39%"
"12/06/2016","11,040","11,160","11,233","11,001","1.02M","-1.24%"
"12/05/2016","11,179","11,085","11,426","11,027","1.39M","0.30%"
"12/02/2016","11,146","11,100","11,227","10,956","1.32M","-0.76%"
"12/01/2016","11,231","11,141","11,428","11,118","1.54M","0.80%"
"11/30/2016","11,142","11,271","11,457","11,142","1.74M","-1.40%"
"11/29/2016","11,300","11,300","11,547","11,213","1.74M","-0.23%"
"11/28/2016","11,326","11,450","11,562","11,241","1.26M","0.77%"
"11/25/2016","11,239","11,323","11,323","11,110","482.82K","0.46%"
"11/24/2016","11,187","11,270","11,365","11,161","1.03M","-1.20%"
"11/23/2016","11,323","11,690","11,752","11,311","1.14M","-1.97%"
"11/22/2016","11,550","11,480","11,627","11,330","1.52M","2.12%"
"11/21/2016","11,310","11,328","11,500","11,180","818.18K","-0.57%"
"11/18/2016","11,375","11,450","11,450","11,278","739.97K","1.06%"
"11/17/2016","11,256","11,240","11,379","11,051","888.89K","0.19%"
"11/16/2016","11,235","11,250","11,331","11,087","1.18M","1.11%"
"11/15/2016","11,112","10,966","11,254","10,966","1.61M","1.33%"
"11/14/2016","10,966","11,150","11,357","10,947","1.58M","-1.65%"
"11/11/2016","11,150","11,400","11,500","11,091","1.85M","-3.29%"
"11/10/2016","11,529","11,795","11,942","11,529","1.60M","-1.12%"
"11/09/2016","11,660","11,500","11,661","11,210","884.39K","-0.30%"
"11/08/2016","11,695","11,474","11,799","11,474","1.80M","1.70%"
"11/07/2016","11,500","11,400","11,558","11,320","1.04M","1.81%"
"11/04/2016","11,295","11,390","11,390","11,276","1.31M","-1.44%"
"11/03/2016","11,460","11,440","11,500","11,280","994.59K","0.19%"
"11/02/2016","11,438","11,558","11,558","11,301","1.23M","-1.24%"
"11/01/2016","11,582","11,582","11,689","11,506","780.88K","0.51%"
"10/31/2016","11,523","11,461","11,674","11,300","1.43M","1.72%"
"10/28/2016","11,328","11,450","11,450","11,190","1.95M","-0.63%"
"10/27/2016","11,400","11,290","11,508","11,225","1.43M","0.88%"
"10/26/2016","11,300","11,200","11,334","11,131","581.01K","0.71%"
"10/25/2016","11,220","11,406","11,471","11,171","1.64M","-2.22%"
"10/24/2016","11,475","11,315","11,600","11,315","1.10M","0.80%"
"10/21/2016","11,384","11,308","11,433","11,271","1.30M","-0.40%"
"10/20/2016","11,430","11,251","11,510","11,251","2.27M","1.59%"
"10/19/2016","11,251","11,210","11,362","11,200","856.21K","0.47%"
"10/18/2016","11,198","11,098","11,427","11,028","1.31M","2.17%"
"10/17/2016","10,960","10,952","11,028","10,899","2.19M","-0.36%"
"10/14/2016","11,000","10,873","11,078","10,859","4.22M","0.82%"
"10/13/2016","10,910","10,905","10,982","10,793","4.97M","-0.15%"
"10/12/2016","10,926","10,999","11,100","10,857","1.48M","-0.45%"
"10/11/2016","10,975","11,175","11,175","10,792","2.52M","-1.79%"
"10/10/2016","11,175","11,255","11,387","11,154","1.18M","-0.71%"
"10/07/2016","11,255","11,212","11,306","11,051","2.78M","0.61%"
"10/06/2016","11,187","11,231","11,290","11,136","1.47M","0.23%"
"10/05/2016","11,161","11,100","11,320","11,060","2.04M","-0.54%"
"10/04/2016","11,222","11,101","11,369","11,101","2.66M","1.21%"
"10/03/2016","11,088","11,415","11,479","11,088","1.81M","-1.88%"
"09/30/2016","11,300","11,435","11,533","11,300","2.66M","-2.68%"
"09/29/2016","11,611","11,690","11,763","11,573","3.06M","0.27%"
"09/28/2016","11,580","11,306","11,580","11,306","1.24M","2.46%"
"09/27/2016","11,302","11,546","11,678","11,302","1.66M","-2.14%"
"09/26/2016","11,549","11,700","11,700","11,424","1.13M","-1.29%"
"09/23/2016","11,700","11,600","11,773","11,552","2.22M","0.86%"
"09/22/2016","11,600","11,590","11,737","11,512","1.94M","1.11%"
"09/21/2016","11,473","11,999","12,007","11,352","2.90M","-4.37%"
"09/20/2016","11,997","11,922","12,001","11,850","983.18K","0.35%"
"09/19/2016","11,955","11,759","12,000","11,683","1.27M","1.67%"
"09/16/2016","11,759","11,787","11,916","11,609","1.67M","0.22%"
"09/15/2016","11,733","11,700","11,845","11,500","4.10M","0.40%"
"09/14/2016","11,686","11,650","11,760","11,602","1.26M","0.67%"
"09/13/2016","11,608","11,701","11,838","11,557","1.49M","-1.21%"
"09/12/2016","11,750","11,748","11,829","11,450","2.35M","0.10%"
"09/09/2016","11,738","12,200","12,200","11,738","1.98M","-3.79%"
"09/08/2016","12,200","12,439","12,485","12,058","1.80M","-1.85%"
"09/07/2016","12,430","12,672","12,783","12,329","2.76M","-1.91%"
"09/06/2016","12,672","12,640","12,798","12,282","2.57M","0.37%"
"09/05/2016","12,625","12,400","12,661","12,361","2.29M","2.03%"
"09/02/2016","12,374","12,050","12,374","11,979","860.45K","2.90%"
"09/01/2016","12,025","11,950","12,067","11,813","865.16K","0.34%"
"08/31/2016","11,984","12,250","12,400","11,901","1.97M","-1.97%"
"08/30/2016","12,225","12,155","12,277","12,072","1.03M","0.58%"
"08/29/2016","12,155","12,027","12,182","11,900","1.21M","-0.21%"
"08/26/2016","12,181","12,250","12,295","12,030","748.50K","0.46%"
"08/25/2016","12,125","11,970","12,286","11,767","1.81M","1.29%"
"08/24/2016","11,970","12,000","12,172","11,872","1.10M","-1.89%"
"08/23/2016","12,200","12,151","12,326","12,151","774.36K","-0.43%"
"08/22/2016","12,253","12,200","12,342","12,114","878.69K","0.02%"
"08/19/2016","12,250","12,558","12,558","12,226","620.62K","-2.00%"
"08/18/2016","12,500","12,318","12,521","12,251","987.57K","2.29%"
"08/17/2016","12,220","12,732","12,732","12,220","1.15M","-3.21%"
"08/16/2016","12,625","12,658","12,800","12,452","1.12M","-0.19%"
"08/15/2016","12,649","12,750","12,896","12,590","759.29K","-0.79%"
"08/12/2016","12,750","12,539","12,775","12,494","628.92K","2.15%"
"08/11/2016","12,482","12,451","12,554","12,348","766.80K","0.25%"
"08/10/2016","12,451","12,650","12,699","12,448","1.48M","-2.07%"
"08/08/2016","12,714","12,500","12,714","12,453","492.48K","3.36%"
"08/05/2016","12,301","12,500","12,591","12,232","880.81K","-1.13%"
"08/04/2016","12,442","12,375","12,717","12,375","1.13M","0.45%"
"08/02/2016","12,386","12,700","12,700","12,374","926.05K","-2.42%"
"08/01/2016","12,693","12,530","12,781","12,530","1.21M","1.55%"
"07/29/2016","12,499","12,675","12,685","12,458","982.65K","-1.84%"
"07/28/2016","12,733","12,850","12,925","12,615","1.61M","-1.66%"
"07/27/2016","12,948","12,999","13,095","12,800","1.27M","-0.02%"
"07/26/2016","12,950","12,822","13,010","12,697","1.58M","2.07%"
"07/25/2016","12,687","12,659","12,850","12,530","1.07M","0.36%"
"07/22/2016","12,642","12,504","12,642","12,398","611.10K","0.39%"
"07/21/2016","12,593","12,400","12,739","12,260","1.56M","1.56%"
"07/20/2016","12,400","12,051","12,488","12,028","1.96M","2.48%"
"07/19/2016","12,100","12,280","12,347","12,068","1.18M","-1.63%"
"07/18/2016","12,300","12,118","12,340","12,094","824.46K","1.28%"
"07/15/2016","12,145","11,998","12,167","11,900","910.62K","1.80%"
"07/14/2016","11,930","12,050","12,149","11,701","1.01M","-0.70%"
"07/13/2016","12,014","12,085","12,296","11,840","1.56M","-1.52%"
"07/12/2016","12,200","12,080","12,400","12,020","1.70M","1.24%"
"07/11/2016","12,050","12,038","12,107","11,878","1.43M","1.29%"
"07/08/2016","11,897","11,650","11,924","11,530","900.01K","2.23%"
"07/07/2016","11,638","11,900","11,972","11,612","1.02M","-0.82%"
"07/06/2016","11,734","11,735","11,860","11,650","993.03K","-1.56%"
"07/05/2016","11,920","12,099","12,166","11,900","786.49K","-1.49%"
"07/04/2016","12,100","12,350","12,387","12,042","830.06K","-1.98%"
"07/01/2016","12,344","12,160","12,344","11,976","716.58K","0.77%"
"06/30/2016","12,250","12,001","12,359","12,001","1.57M","1.60%"
"06/29/2016","12,057","11,813","12,169","11,581","1.29M","2.87%"
"06/28/2016","11,721","11,615","11,788","11,506","2.61M","3.04%"
"06/27/2016","11,375","11,730","11,850","11,307","2.19M","-4.72%"
"06/24/2016","11,938","11,850","12,150","11,730","1.52M","-4.67%"
"06/23/2016","12,523","12,330","12,594","12,323","686.60K","0.79%"
"06/22/2016","12,425","12,295","12,425","12,146","1.49M","1.06%"
"06/21/2016","12,295","12,165","12,295","11,800","944.77K","0.83%"
"06/20/2016","12,194","11,893","12,194","11,857","964.91K","3.96%"
"06/17/2016","11,729","11,688","11,845","11,620","1.54M","-0.56%"
"06/15/2016","11,795","11,650","11,795","11,619","3.38M","0.85%"
"06/14/2016","11,696","11,770","12,100","11,565","2.09M","-1.33%"
"06/13/2016","11,854","11,800","11,980","11,771","1.62M","-0.99%"
"06/10/2016","11,973","12,289","12,375","11,772","2.27M","-2.57%"
"06/09/2016","12,289","12,373","12,401","12,153","1.43M","-0.45%"
"06/08/2016","12,345","12,298","12,370","12,108","1.17M","0.38%"
"06/07/2016","12,298","12,550","12,571","12,024","2.11M","-1.85%"
"06/06/2016","12,530","12,238","12,536","12,077","1.08M","0.83%"
"06/03/2016","12,427","12,340","12,427","12,280","867.05K","1.42%"
"06/02/2016","12,253","12,241","12,350","12,162","645.61K","0.27%"
"06/01/2016","12,220","12,022","12,261","12,014","1.10M","1.66%"
"05/31/2016","12,021","12,424","12,472","12,021","3.43M","-3.25%"
"05/30/2016","12,425","12,276","12,426","12,216","576.16K","1.24%"
"05/27/2016","12,273","12,175","12,344","12,104","683.44K","0.60%"
"05/26/2016","12,200","12,311","12,387","12,069","1.29M","-0.38%"
"05/25/2016","12,246","12,032","12,276","11,965","1.05M","2.02%"
"05/24/2016","12,003","11,846","12,100","11,784","1.40M","0.88%"
"05/23/2016","11,898","11,700","11,903","11,631","2.11M","1.61%"
"05/20/2016","11,710","11,726","11,900","11,700","1.34M","-0.52%"
"05/19/2016","11,771","11,807","11,888","11,700","796.37K","-0.62%"
"05/18/2016","11,845","11,774","11,845","11,693","1.83M","-0.25%"
"05/17/2016","11,875","11,650","11,875","11,545","2.72M","2.37%"
"05/16/2016","11,600","11,600","11,610","11,402","2.06M","0.02%"
"05/13/2016","11,598","11,510","11,616","11,226","2.12M","0.62%"
"05/12/2016","11,527","11,800","11,800","11,506","1.99M","-2.56%"
"05/11/2016","11,830","11,800","11,927","11,730","2.03M","0.85%"
"05/10/2016","11,730","11,817","11,847","11,529","2.29M","-0.74%"
"05/09/2016","11,817","11,941","12,033","11,775","1.21M","-0.51%"
"05/06/2016","11,878","12,020","12,136","11,845","1.14M","-1.72%"
"05/05/2016","12,086","12,212","12,276","12,050","1.38M","-1.35%"
"05/04/2016","12,251","12,300","12,329","12,177","967.88K","-0.57%"
"05/03/2016","12,321","12,600","12,797","12,269","1.89M","-3.15%"
"04/29/2016","12,722","12,888","12,893","12,627","1.26M","-1.38%"
"04/28/2016","12,900","12,775","12,969","12,775","1.61M","0.28%"
"04/26/2016","12,864","12,750","12,944","12,687","1.43M","-0.01%"
"04/25/2016","12,865","12,776","12,911","12,509","1.02M","0.70%"
"04/22/2016","12,776","12,884","12,899","12,688","1.16M","-0.69%"
"04/21/2016","12,865","13,050","13,170","12,829","1.08M","-1.52%"
"04/20/2016","13,063","12,825","13,063","12,699","1.08M","1.67%"
"04/19/2016","12,849","12,677","12,899","12,647","1.08M","1.36%"
"04/18/2016","12,677","12,538","12,700","12,350","1.68M","0.33%"
"04/15/2016","12,635","12,537","12,635","12,411","976.24K","0.34%"
"04/14/2016","12,592","12,400","12,669","12,317","1.32M","2.37%"
"04/13/2016","12,300","12,210","12,443","12,201","1.69M","1.54%"
"04/12/2016","12,113","11,751","12,236","11,653","1.58M","2.18%"
"04/11/2016","11,854","11,845","11,870","11,651","1.28M","0.08%"
"04/08/2016","11,844","11,690","11,857","11,521","1.16M","1.01%"
"04/07/2016","11,725","11,900","11,998","11,585","1.52M","-1.05%"
"04/06/2016","11,850","11,840","11,953","11,821","1.19M","0.14%"
"04/05/2016","11,834","12,000","12,005","11,765","1.49M","-2.95%"
"04/04/2016","12,194","11,924","12,262","11,831","756.45K","2.26%"
"04/01/2016","11,924","12,083","12,083","11,855","1.58M","-1.86%"
"03/31/2016","12,150","12,298","12,298","11,955","1.87M","-1.20%"
"03/30/2016","12,298","12,270","12,520","12,027","1.95M","0.23%"
"03/29/2016","12,270","12,057","12,270","11,962","2.47M","1.84%"
"03/24/2016","12,048","12,057","12,057","11,806","1.89M","-0.10%"
"03/23/2016","12,060","11,976","12,060","11,812","1.96M","0.46%"
"03/22/2016","12,005","12,066","12,080","11,713","2.53M","-0.51%"
"03/18/2016","12,066","11,300","12,093","11,300","2.92M","5.92%"
"03/17/2016","11,392","11,150","11,699","11,137","4.06M","2.62%"
"03/16/2016","11,101","11,001","11,189","10,901","1.64M","0.01%"
"03/15/2016","11,100","11,168","11,288","10,900","1.27M","-0.61%"
"03/14/2016","11,168","11,190","11,395","11,100","1.29M","-0.73%"
"03/11/2016","11,250","11,300","11,439","11,111","995.95K","0.30%"
"03/10/2016","11,216","11,399","11,450","11,096","1.66M","-1.61%"
"03/09/2016","11,399","11,350","11,399","11,100","2.12M","0.17%"
"03/08/2016","11,380","11,326","11,614","11,270","3.40M","-0.61%"
"03/07/2016","11,450","10,950","11,477","10,950","3.20M","4.09%"
"03/04/2016","11,000","11,211","11,357","10,845","3.05M","-1.87%"
"03/03/2016","11,210","11,230","11,359","11,111","5.08M","0.20%"
"03/02/2016","11,188","11,520","11,650","11,180","3.24M","-1.94%"
"03/01/2016","11,409","11,500","11,550","11,326","2.33M","0.02%"
"02/29/2016","11,407","11,900","11,900","11,322","2.01M","-4.14%"
"02/26/2016","11,900","11,700","12,100","11,600","1.40M","3.25%"
"02/25/2016","11,525","11,950","12,310","11,525","1.88M","-3.56%"
"02/24/2016","11,950","12,000","12,039","11,564","1.87M","0.00%"
"02/23/2016","11,950","11,899","12,028","11,600","1.39M","0.51%"
"02/22/2016","11,889","12,499","12,499","11,557","2.50M","-2.88%"
"02/19/2016","12,241","12,250","12,480","12,000","2.86M","-0.96%"
"02/18/2016","12,360","11,500","12,424","11,435","4.47M","7.06%"
"02/17/2016","11,545","12,225","12,447","11,175","6.70M","-5.21%"
"02/16/2016","12,180","12,849","12,922","12,180","1.95M","-5.41%"
"02/15/2016","12,876","12,550","13,106","12,550","1.18M","0.21%"
"02/12/2016","12,849","12,280","12,888","12,251","851.89K","4.38%"
"02/11/2016","12,310","12,500","12,502","12,015","713.91K","-1.66%"
"02/10/2016","12,518","12,470","12,799","12,280","880.55K","1.67%"
"02/09/2016","12,312","12,450","12,783","12,285","969.69K","-3.59%"
"02/08/2016","12,771","13,000","13,080","12,372","619.41K","-1.10%"
"02/05/2016","12,913","13,000","13,000","12,700","1.02M","-0.99%"
"02/04/2016","13,042","12,800","13,042","12,570","1.56M","4.34%"
"02/03/2016","12,500","12,099","12,656","11,996","1.61M","3.10%"
"02/02/2016","12,124","12,816","12,904","12,080","1.07M","-5.41%"
"02/01/2016","12,817","12,850","12,987","12,550","1.41M","-0.26%"
"01/29/2016","12,850","12,900","12,999","12,670","2.64M","0.42%"
"01/28/2016","12,796","12,379","12,897","12,295","1.36M","3.32%"
"01/27/2016","12,385","12,051","12,400","12,051","1.57M","3.01%"
"01/26/2016","12,023","11,711","12,087","11,606","1.28M","0.11%"
"01/25/2016","12,010","11,950","12,131","11,805","1.45M","0.59%"
"01/22/2016","11,940","11,490","11,998","11,490","1.93M","5.98%"
"01/21/2016","11,266","11,680","11,680","11,266","1.46M","-3.00%"
"01/20/2016","11,615","11,400","11,683","11,225","2.10M","-0.84%"
"01/19/2016","11,713","11,360","11,820","11,360","1.33M","4.40%"
"01/18/2016","11,219","11,201","11,604","11,201","1.24M","0.77%"
"01/15/2016","11,133","11,700","11,700","11,101","1.60M","-4.16%"
"01/14/2016","11,616","11,757","11,950","11,616","1.38M","-3.00%"
"01/13/2016","11,975","11,900","12,134","11,700","1.27M","1.77%"
"01/12/2016","11,767","11,500","11,973","11,440","2.88M","1.20%"
"01/11/2016","11,628","11,700","11,820","11,454","1.98M","-2.70%"
"01/08/2016","11,951","12,200","12,314","11,900","1.46M","-0.41%"
"01/07/2016","12,000","12,400","12,400","11,744","3.98M","-4.61%"
"01/06/2016","12,580","12,700","12,888","12,501","1.45M","-2.10%"
"01/05/2016","12,850","12,900","12,968","12,450","1.18M","2.15%"
"01/04/2016","12,580","13,500","13,500","12,528","1.16M","-5.38%"