"Date","Price","Open","High","Low","Vol.","Change %"
"03/27/2026","24,465","25,000","25,000","23,914","2.25M","-0.59%"
"03/26/2026","24,609","24,553","24,801","23,698","3.03M","-1.96%"
"03/25/2026","25,100","24,790","25,697","24,323","5.28M","5.90%"
"03/24/2026","23,701","23,500","24,450","23,056","2.58M","-0.82%"
"03/23/2026","23,898","21,650","24,156","21,352","7.12M","2.32%"
"03/20/2026","23,355","22,992","24,375","22,808","9.20M","2.57%"
"03/19/2026","22,770","24,255","24,255","21,829","9.23M","-9.05%"
"03/18/2026","25,035","26,940","26,949","24,314","3.39M","-6.98%"
"03/17/2026","26,915","25,555","27,148","25,186","7.42M","5.32%"
"03/16/2026","25,555","25,551","25,848","24,769","2.89M","-0.53%"
"03/13/2026","25,690","27,000","27,000","25,290","4.01M","-5.43%"
"03/12/2026","27,164","27,632","28,124","27,056","3.96M","-2.29%"
"03/11/2026","27,800","32,400","32,400","26,888","4.73M","-11.07%"
"03/10/2026","31,260","31,368","31,860","30,921","1.87M","2.17%"
"03/09/2026","30,595","31,919","33,315","29,835","3.13M","-3.82%"
"03/06/2026","31,811","32,971","33,240","31,715","1.50M","-3.23%"
"03/05/2026","32,872","33,850","34,792","32,738","2.21M","-3.01%"
"03/04/2026","33,893","34,370","35,118","33,801","1.45M","1.66%"
"03/03/2026","33,338","36,999","36,999","33,338","2.57M","-7.91%"
"03/02/2026","36,202","38,699","38,799","36,147","2.53M","0.89%"
"02/27/2026","35,883","35,595","36,179","35,094","2.84M","5.76%"
"02/26/2026","33,929","34,511","34,518","33,656","1.46M","-1.23%"
"02/25/2026","34,351","34,600","34,906","34,079","2.42M","1.23%"
"02/24/2026","33,935","34,701","35,100","33,413","1.43M","-3.59%"
"02/23/2026","35,199","33,905","35,493","33,474","2.34M","5.70%"
"02/20/2026","33,300","32,800","33,581","32,699","2.01M","2.15%"
"02/19/2026","32,600","32,900","33,082","31,749","1.45M","0.19%"
"02/18/2026","32,539","32,260","32,539","31,400","1.33M","4.59%"
"02/17/2026","31,110","32,125","32,427","31,110","2.48M","-5.02%"
"02/16/2026","32,755","32,905","33,599","32,699","1.17M","-1.16%"
"02/13/2026","33,140","32,825","33,140","31,921","2.54M","-2.62%"
"02/12/2026","34,030","34,132","34,767","33,937","1.11M","0.19%"
"02/11/2026","33,964","34,550","35,350","33,913","1.72M","0.10%"
"02/10/2026","33,930","33,780","34,549","33,339","1.78M","0.01%"
"02/09/2026","33,926","33,790","34,140","32,822","1.66M","2.62%"
"02/06/2026","33,060","31,876","33,316","31,555","2.27M","0.22%"
"02/05/2026","32,989","33,574","34,058","31,816","2.38M","-4.92%"
"02/04/2026","34,696","35,349","35,525","34,696","2.59M","0.75%"
"02/03/2026","34,439","35,280","35,578","33,935","2.77M","1.75%"
"02/02/2026","33,848","31,500","34,908","31,001","5.06M","-6.94%"
"01/30/2026","36,372","36,400","37,255","34,900","4.44M","-9.07%"
"01/29/2026","40,000","42,300","42,888","38,695","2.47M","-2.06%"
"01/28/2026","40,841","38,419","41,010","38,419","2.79M","9.49%"
"01/27/2026","37,300","38,426","38,947","37,300","1.54M","-5.47%"
"01/26/2026","39,460","39,200","39,487","38,400","2.09M","3.66%"
"01/23/2026","38,067","37,550","38,638","37,123","2.46M","4.46%"
"01/22/2026","36,440","36,950","37,723","35,905","2.25M","-3.42%"
"01/21/2026","37,732","38,500","39,239","37,732","2.67M","0.64%"
"01/20/2026","37,491","37,853","38,441","37,171","1.54M","0.63%"
"01/19/2026","37,257","37,599","37,997","36,918","1.00M","1.75%"
"01/16/2026","36,616","35,943","37,029","35,828","2.28M","1.51%"
"01/15/2026","36,072","35,551","36,400","35,433","1.60M","-0.82%"
"01/14/2026","36,370","37,013","37,764","36,212","1.78M","-3.37%"
"01/13/2026","37,638","36,795","37,896","36,589","1.57M","1.03%"
"01/12/2026","37,254","35,112","37,254","35,112","2.33M","9.61%"
"01/09/2026","33,988","34,382","34,795","33,738","1.00M","1.34%"
"01/08/2026","33,540","33,498","34,380","33,350","1.08M","-0.41%"
"01/07/2026","33,678","34,575","34,744","33,438","1.67M","-3.06%"
"01/06/2026","34,740","33,315","34,997","33,315","1.28M","2.48%"
"01/05/2026","33,899","33,457","33,911","32,750","1.13M","4.29%"
"01/02/2026","32,504","33,789","34,338","32,504","705.27K","-3.57%"
"12/31/2025","33,708","33,376","33,708","32,841","309.04K","-0.15%"
"12/30/2025","33,759","33,805","34,652","33,616","880.77K","-0.46%"
"12/29/2025","33,916","35,879","36,066","33,872","1.10M","-6.57%"
"12/24/2025","36,300","36,588","36,646","35,989","409.99K","0.88%"
"12/23/2025","35,983","36,397","36,724","35,895","1.39M","-0.34%"
"12/22/2025","36,107","35,889","36,442","35,619","856.09K","5.42%"
"12/19/2025","34,251","34,075","34,649","33,000","2.91M","0.11%"
"12/18/2025","34,214","34,512","35,184","33,881","5.47M","-0.41%"
"12/17/2025","34,356","34,238","35,302","34,142","2.00M","1.03%"
"12/15/2025","34,005","35,500","35,679","34,005","1.93M","-4.56%"
"12/12/2025","35,628","34,666","36,042","34,666","1.78M","4.78%"
"12/11/2025","34,002","33,667","34,272","33,314","1.30M","1.23%"
"12/10/2025","33,590","33,277","33,674","33,054","1.06M","1.26%"
"12/09/2025","33,172","31,981","33,444","31,752","1.56M","1.82%"
"12/08/2025","32,579","33,219","33,558","32,475","1.16M","-3.07%"
"12/05/2025","33,611","32,449","33,611","32,424","1.25M","4.32%"
"12/04/2025","32,220","32,500","32,853","31,901","1.02M","-2.48%"
"12/03/2025","33,040","32,900","33,600","32,660","1.33M","-0.66%"
"12/02/2025","33,260","33,100","33,747","32,835","2.34M","-1.83%"
"12/01/2025","33,880","33,805","34,564","33,327","1.68M","1.44%"
"11/28/2025","33,400","33,300","33,906","32,811","2.59M","1.66%"
"11/27/2025","32,853","33,000","33,500","32,046","1.56M","0.67%"
"11/26/2025","32,633","31,787","32,866","31,637","3.49M","4.53%"
"11/25/2025","31,219","30,712","31,301","30,070","2.16M","3.23%"
"11/24/2025","30,242","29,610","30,242","28,619","4.28M","3.38%"
"11/21/2025","29,253","27,800","29,253","27,703","3.01M","-0.73%"
"11/20/2025","29,469","29,368","29,696","28,900","1.30M","-0.20%"
"11/19/2025","29,529","29,299","29,856","28,875","1.35M","2.61%"
"11/18/2025","28,779","28,420","29,199","27,843","2.27M","-2.48%"
"11/17/2025","29,512","29,283","30,089","29,100","1.79M","-1.50%"
"11/14/2025","29,960","29,884","31,214","29,177","1.86M","-5.90%"
"11/13/2025","31,840","32,699","34,365","31,747","2.72M","-0.78%"
"11/12/2025","32,089","30,800","32,500","30,500","2.48M","3.13%"
"11/11/2025","31,115","30,495","31,586","30,248","3.96M","4.07%"
"11/10/2025","29,899","29,610","30,447","29,513","2.12M","5.12%"
"11/07/2025","28,444","28,150","28,925","28,144","1.78M","-0.87%"
"11/06/2025","28,695","28,265","28,986","27,799","1.61M","3.15%"
"11/05/2025","27,820","27,625","28,074","27,396","2.21M","1.21%"
"11/04/2025","27,488","28,090","28,206","27,207","2.24M","-4.60%"
"11/03/2025","28,813","28,588","29,700","28,266","1.20M","-1.05%"
"10/31/2025","29,120","28,631","29,387","28,631","1.84M","0.58%"
"10/30/2025","28,952","28,500","29,204","28,209","2.15M","-0.07%"
"10/29/2025","28,973","29,000","30,186","28,769","1.98M","1.55%"
"10/28/2025","28,531","27,300","28,664","26,501","3.14M","2.54%"
"10/27/2025","27,823","29,989","30,195","27,823","3.13M","-9.14%"
"10/24/2025","30,623","30,889","31,195","29,890","2.07M","-2.38%"
"10/23/2025","31,368","30,700","31,849","30,390","2.91M","4.03%"
"10/22/2025","30,152","32,007","32,498","29,168","5.37M","-5.34%"
"10/21/2025","31,854","34,568","34,657","31,318","3.11M","-8.80%"
"10/20/2025","34,929","34,500","35,262","33,899","2.31M","0.13%"
"10/17/2025","34,884","38,600","38,805","34,642","3.13M","-9.15%"
"10/16/2025","38,399","36,500","38,512","36,490","2.57M","6.24%"
"10/15/2025","36,142","34,916","36,142","34,722","3.19M","4.47%"
"10/14/2025","34,595","33,738","35,018","33,529","2.89M","2.04%"
"10/13/2025","33,905","32,823","34,150","32,615","2.20M","7.38%"
"10/10/2025","31,575","31,505","31,853","30,626","2.09M","-1.81%"
"10/09/2025","32,156","31,980","33,567","31,760","3.17M","-0.29%"
"10/08/2025","32,250","32,100","32,645","31,632","2.23M","2.59%"
"10/07/2025","31,436","32,053","32,165","31,135","2.24M","-2.98%"
"10/06/2025","32,401","32,122","33,079","31,702","1.74M","2.36%"
"10/03/2025","31,654","31,411","33,000","31,357","1.46M","1.19%"
"10/02/2025","31,282","31,500","32,937","31,000","2.12M","-1.54%"
"10/01/2025","31,770","31,600","32,329","31,119","1.75M","0.90%"
"09/30/2025","31,486","31,916","32,183","30,305","3.24M","-0.61%"
"09/29/2025","31,680","32,101","33,187","31,418","1.73M","2.33%"
"09/26/2025","30,960","29,890","31,064","29,645","1.55M","4.53%"
"09/25/2025","29,619","30,393","30,733","29,525","3.13M","-6.86%"
"09/23/2025","31,801","30,687","31,967","30,067","3.09M","4.02%"
"09/22/2025","30,571","29,406","30,887","29,252","3.38M","9.49%"
"09/19/2025","27,922","26,200","27,922","26,200","3.98M","7.99%"
"09/18/2025","25,856","25,330","26,879","25,330","6.11M","-2.27%"
"09/17/2025","26,456","25,744","26,456","25,401","1.32M","1.21%"
"09/16/2025","26,140","26,510","27,323","26,016","3.01M","0.29%"
"09/15/2025","26,064","26,010","26,194","25,682","1.76M","-1.25%"
"09/12/2025","26,395","26,798","27,500","26,111","1.63M","-0.52%"
"09/11/2025","26,533","26,999","27,351","26,358","1.40M","-2.23%"
"09/10/2025","27,139","26,344","27,139","26,048","2.88M","4.28%"
"09/09/2025","26,025","26,000","26,776","25,843","4.38M","1.44%"
"09/08/2025","25,656","24,901","26,277","24,856","3.29M","2.39%"
"09/05/2025","25,058","25,150","26,638","24,869","3.50M","-1.10%"
"09/04/2025","25,336","26,528","27,083","25,336","3.13M","-6.41%"
"09/03/2025","27,072","25,454","27,500","24,901","5.23M","8.57%"
"09/02/2025","24,935","25,500","25,567","24,403","4.03M","-0.33%"
"09/01/2025","25,017","24,100","25,191","23,903","4.69M","6.38%"
"08/29/2025","23,516","22,367","23,540","21,718","6.31M","2.48%"
"08/28/2025","22,946","25,700","25,710","22,946","5.75M","-10.26%"
"08/27/2025","25,570","26,360","26,375","25,536","3.42M","-2.24%"
"08/26/2025","26,157","27,500","27,623","25,615","5.38M","-4.86%"
"08/25/2025","27,493","28,109","28,443","27,176","3.11M","-2.12%"
"08/22/2025","28,089","28,596","28,596","27,340","1.49M","-0.90%"
"08/21/2025","28,343","27,413","28,478","27,014","1.16M","4.70%"
"08/20/2025","27,070","26,500","27,199","26,500","1.35M","0.91%"
"08/19/2025","26,826","26,563","27,436","26,563","1.17M","-0.71%"
"08/18/2025","27,018","27,453","27,523","26,749","808.64K","-0.02%"
"08/15/2025","27,023","27,140","27,192","26,556","641.20K","-0.31%"
"08/14/2025","27,106","27,500","27,548","26,749","1.28M","-1.32%"
"08/13/2025","27,468","27,001","28,284","27,001","1.50M","0.85%"
"08/12/2025","27,236","26,801","27,697","26,801","1.32M","-0.31%"
"08/11/2025","27,320","27,694","27,781","26,762","2.46M","-3.80%"
"08/08/2025","28,400","28,075","28,700","28,068","1.09M","0.52%"
"08/07/2025","28,252","28,506","29,037","27,879","2.00M","0.01%"
"08/06/2025","28,250","28,166","28,440","27,750","1.18M","0.27%"
"08/05/2025","28,175","27,317","28,303","27,209","2.35M","2.54%"
"08/04/2025","27,478","26,100","27,546","25,489","3.89M","6.03%"
"08/01/2025","25,915","24,251","26,163","23,735","3.75M","7.18%"
"07/31/2025","24,180","24,161","25,016","24,068","2.29M","-2.01%"
"07/30/2025","24,675","25,176","25,176","24,359","1.25M","-0.94%"
"07/29/2025","24,909","24,511","25,120","24,511","843.08K","1.05%"
"07/28/2025","24,650","24,937","25,238","24,362","895.48K","-0.56%"
"07/25/2025","24,788","25,095","25,095","24,389","1.23M","-1.47%"
"07/24/2025","25,159","25,552","26,108","24,637","1.36M","-5.01%"
"07/23/2025","26,485","26,490","26,943","26,168","1.53M","-0.32%"
"07/22/2025","26,571","26,100","26,737","25,400","1.62M","-0.71%"
"07/21/2025","26,760","25,000","26,934","24,985","1.63M","7.54%"
"07/18/2025","24,884","25,051","25,740","24,564","1.67M","0.93%"
"07/17/2025","24,654","25,032","25,241","24,498","1.89M","-1.51%"
"07/16/2025","25,032","25,201","25,449","24,755","949.53K","-1.33%"
"07/15/2025","25,370","25,900","26,113","25,220","1.23M","-1.56%"
"07/14/2025","25,773","26,300","26,721","25,587","1.60M","-0.95%"
"07/11/2025","26,021","25,780","26,267","25,249","1.21M","3.05%"
"07/10/2025","25,250","25,650","25,928","25,140","704.22K","-0.26%"
"07/09/2025","25,315","25,000","25,401","24,666","866.68K","0.90%"
"07/08/2025","25,090","25,931","26,654","25,059","1.58M","-1.74%"
"07/07/2025","25,535","25,293","25,689","24,746","1.03M","0.58%"
"07/04/2025","25,388","25,200","25,935","25,200","668.66K","1.59%"
"07/03/2025","24,990","25,725","25,875","24,599","1.52M","0.00%"
"07/02/2025","24,989","24,399","25,099","24,134","2.23M","0.26%"
"07/01/2025","24,925","25,145","25,709","24,802","1.66M","1.81%"
"06/30/2025","24,481","24,311","24,557","23,982","2.48M","2.56%"
"06/27/2025","23,869","24,449","24,449","23,483","2.46M","-2.95%"
"06/26/2025","24,594","25,243","25,243","24,159","1.75M","-0.95%"
"06/25/2025","24,830","25,031","25,446","24,452","1.73M","0.53%"
"06/24/2025","24,700","25,500","25,506","23,902","2.49M","-6.61%"
"06/23/2025","26,448","25,400","26,460","25,000","1.89M","4.18%"
"06/20/2025","25,387","25,886","26,140","25,326","4.55M","-3.36%"
"06/19/2025","26,269","25,581","26,404","25,241","2.94M","1.91%"
"06/18/2025","25,777","25,800","26,113","25,306","2.49M","0.62%"
"06/17/2025","25,618","25,480","25,879","25,145","2.91M","-3.93%"
"06/13/2025","26,667","27,255","27,671","26,577","3.90M","1.86%"
"06/12/2025","26,179","25,629","26,556","25,403","3.13M","3.15%"
"06/11/2025","25,380","26,000","26,232","24,991","2.18M","-2.91%"
"06/10/2025","26,140","26,113","26,809","26,042","1.56M","-0.31%"
"06/09/2025","26,221","26,000","26,299","25,532","1.23M","0.65%"
"06/06/2025","26,052","27,250","27,411","26,052","1.30M","-4.80%"
"06/05/2025","27,366","26,404","28,062","26,404","3.25M","1.80%"
"06/04/2025","26,882","26,597","27,065","26,394","1.79M","2.41%"
"06/03/2025","26,250","26,999","27,199","26,195","2.41M","-4.39%"
"06/02/2025","27,456","26,900","27,934","26,309","3.51M","7.35%"
"05/30/2025","25,575","25,956","26,200","25,391","4.81M","-1.74%"
"05/29/2025","26,027","25,501","26,450","25,088","3.46M","-0.04%"
"05/28/2025","26,037","25,950","26,405","25,638","4.03M","0.31%"
"05/27/2025","25,957","26,200","26,360","25,164","4.01M","-4.57%"
"05/26/2025","27,200","27,920","27,920","27,168","561.65K","-3.51%"
"05/23/2025","28,188","27,896","28,930","27,566","1.30M","2.25%"
"05/22/2025","27,569","27,360","27,749","26,983","984.18K","0.12%"
"05/21/2025","27,537","28,000","28,328","27,432","2.08M","0.93%"
"05/20/2025","27,282","26,389","27,282","26,188","2.04M","3.22%"
"05/19/2025","26,432","26,499","27,038","26,163","1.94M","2.65%"
"05/16/2025","25,750","26,100","26,100","25,109","1.09M","-0.88%"
"05/15/2025","25,978","25,477","26,115","24,960","3.32M","1.48%"
"05/14/2025","25,600","25,976","26,661","25,017","2.19M","-3.29%"
"05/13/2025","26,472","26,449","26,835","25,949","2.33M","0.60%"
"05/12/2025","26,314","28,079","28,079","25,797","2.12M","-7.37%"
"05/09/2025","28,407","28,198","29,116","27,858","2.24M","-0.29%"
"05/08/2025","28,490","28,797","29,219","28,438","2.38M","-3.96%"
"05/07/2025","29,666","29,711","29,973","29,000","1.34M","-0.57%"
"05/06/2025","29,835","30,000","30,785","29,591","2.56M","1.46%"
"05/05/2025","29,405","28,190","29,809","27,983","3.54M","4.46%"
"05/02/2025","28,149","27,902","28,800","27,623","2.61M","-4.43%"
"04/30/2025","29,453","28,296","29,558","28,097","2.00M","3.05%"
"04/29/2025","28,581","27,952","28,918","27,952","1.59M","-0.15%"
"04/25/2025","28,625","29,650","29,650","28,301","2.82M","-4.50%"
"04/24/2025","29,975","29,993","30,259","29,244","2.28M","0.75%"
"04/23/2025","29,753","30,424","30,744","29,000","5.35M","-9.47%"
"04/22/2025","32,865","34,560","35,600","32,308","2.63M","0.71%"
"04/17/2025","32,634","33,980","34,376","32,500","3.17M","-4.14%"
"04/16/2025","34,045","34,600","36,090","34,000","2.96M","2.87%"
"04/15/2025","33,094","32,403","33,481","32,335","1.47M","2.13%"
"04/14/2025","32,403","32,418","32,749","31,394","2.60M","-0.63%"
"04/11/2025","32,609","31,510","33,155","31,223","2.77M","5.72%"
"04/10/2025","30,844","28,679","31,142","27,814","4.25M","10.21%"
"04/09/2025","27,986","26,910","28,990","26,705","6.08M","5.46%"
"04/08/2025","26,536","26,050","26,966","25,160","3.64M","2.59%"
"04/07/2025","25,866","24,445","26,869","24,206","3.94M","2.64%"
"04/04/2025","25,200","26,653","27,182","24,701","4.31M","-8.97%"
"04/03/2025","27,682","27,775","27,906","25,900","5.28M","-0.89%"
"04/02/2025","27,930","27,651","28,000","27,220","3.82M","2.19%"
"04/01/2025","27,332","26,746","27,661","26,425","3.29M","2.56%"
"03/31/2025","26,649","26,200","26,800","25,605","3.45M","3.05%"
"03/28/2025","25,861","23,724","26,120","23,432","2.52M","10.07%"
"03/27/2025","23,494","23,015","23,525","22,986","1.00M","1.39%"
"03/26/2025","23,171","23,259","23,344","22,950","918.30K","-1.21%"
"03/25/2025","23,455","23,399","23,799","22,737","934.22K","1.54%"
"03/24/2025","23,100","23,020","23,700","22,700","2.05M","-2.65%"
"03/20/2025","23,728","22,683","23,728","22,683","8.50M","4.84%"
"03/19/2025","22,633","22,575","22,880","22,094","2.50M","0.39%"
"03/18/2025","22,544","22,305","23,000","22,212","2.08M","2.44%"
"03/17/2025","22,006","22,000","22,099","21,504","1.34M","-0.29%"
"03/14/2025","22,071","22,450","22,757","21,855","1.62M","-1.11%"
"03/13/2025","22,318","21,945","22,364","21,313","2.54M","3.60%"
"03/12/2025","21,543","21,551","21,935","21,289","2.19M","-0.43%"
"03/11/2025","21,636","21,001","22,138","21,001","2.98M","1.57%"
"03/10/2025","21,301","21,605","21,900","20,913","2.95M","-0.22%"
"03/07/2025","21,348","19,844","21,371","19,646","2.68M","8.66%"
"03/06/2025","19,646","19,550","19,789","19,053","2.49M","-0.27%"
"03/05/2025","19,700","19,217","19,800","19,056","3.44M","5.99%"
"03/04/2025","18,586","19,200","19,379","18,514","2.25M","-1.97%"
"03/03/2025","18,959","18,284","19,351","18,176","2.50M","5.19%"
"02/28/2025","18,023","18,500","18,620","17,606","4.43M","-4.57%"
"02/27/2025","18,887","19,933","20,163","18,846","4.88M","-4.85%"
"02/26/2025","19,849","20,161","20,250","19,210","1.52M","-2.13%"
"02/25/2025","20,282","20,202","20,602","20,090","1.35M","-0.97%"
"02/24/2025","20,480","20,000","20,723","19,967","2.75M","-0.65%"
"02/21/2025","20,614","21,586","21,586","20,476","2.11M","-4.57%"
"02/20/2025","21,601","20,717","21,932","20,717","2.80M","4.73%"
"02/19/2025","20,625","21,051","21,175","20,555","2.02M","-2.02%"
"02/18/2025","21,051","20,760","21,167","20,760","1.52M","1.52%"
"02/17/2025","20,735","21,290","21,290","20,500","1.83M","-3.51%"
"02/14/2025","21,490","22,222","22,600","21,251","1.94M","-2.03%"
"02/13/2025","21,936","22,048","22,492","21,761","1.87M","0.43%"
"02/12/2025","21,843","22,200","22,286","21,620","2.85M","-2.43%"
"02/11/2025","22,388","22,720","22,862","21,995","2.04M","-1.75%"
"02/10/2025","22,786","22,454","22,980","22,454","1.13M","2.04%"
"02/07/2025","22,330","22,297","22,598","22,100","2.53M","1.02%"
"02/06/2025","22,104","22,084","22,662","21,979","3.49M","-1.43%"
"02/05/2025","22,424","22,322","22,656","21,886","3.85M","1.11%"
"02/04/2025","22,177","22,000","22,249","21,793","3.17M","0.50%"
"02/03/2025","22,067","21,500","22,893","21,320","2.86M","2.93%"
"01/31/2025","21,439","20,999","21,440","20,915","1.79M","2.87%"
"01/30/2025","20,840","20,385","20,980","20,385","1.59M","0.73%"
"01/29/2025","20,689","19,938","20,689","19,938","1.90M","3.77%"
"01/28/2025","19,938","20,000","20,246","19,762","1.57M","-0.69%"
"01/27/2025","20,077","19,609","20,342","19,239","2.88M","0.76%"
"01/24/2025","19,925","19,850","20,111","19,618","4.43M","2.28%"
"01/23/2025","19,480","19,574","19,843","19,115","2.99M","-0.76%"
"01/22/2025","19,629","19,150","20,215","19,150","4.58M","2.45%"
"01/21/2025","19,160","18,750","19,215","18,678","3.12M","3.43%"
"01/20/2025","18,525","18,321","18,713","18,152","1.84M","0.52%"
"01/17/2025","18,430","18,030","18,629","18,029","4.78M","-0.32%"
"01/16/2025","18,490","18,204","18,818","18,102","3.28M","2.04%"
"01/15/2025","18,120","17,900","18,680","17,898","3.70M","3.87%"
"01/14/2025","17,445","17,251","17,701","17,251","2.76M","-1.23%"
"01/13/2025","17,662","17,331","17,971","17,331","5.00M","0.08%"
"01/10/2025","17,648","17,450","17,962","17,200","4.25M","1.43%"
"01/09/2025","17,399","16,550","17,444","16,400","2.31M","5.92%"
"01/08/2025","16,426","16,099","16,800","15,905","2.53M","2.03%"
"01/07/2025","16,099","15,525","16,274","15,525","1.67M","2.12%"
"01/06/2025","15,765","15,799","16,197","15,588","2.57M","-0.63%"
"01/03/2025","15,865","16,063","16,300","15,728","1.37M","-1.06%"
"01/02/2025","16,035","15,293","16,086","15,221","1.08M","6.42%"
"12/31/2024","15,068","15,050","15,290","15,050","607.91K","-1.11%"
"12/30/2024","15,237","15,301","15,563","15,169","1.31M","-2.57%"
"12/27/2024","15,639","15,670","15,920","15,307","1.44M","-0.19%"
"12/24/2024","15,668","15,430","15,886","15,430","325.95K","1.69%"
"12/23/2024","15,407","15,766","15,932","15,350","1.40M","-2.31%"
"12/20/2024","15,772","15,499","15,772","15,365","4.27M","1.19%"
"12/19/2024","15,587","15,498","15,754","15,214","5.25M","-0.93%"
"12/18/2024","15,733","15,758","16,070","15,663","1.10M","0.22%"
"12/17/2024","15,698","15,900","16,186","15,581","2.25M","-3.32%"
"12/13/2024","16,237","16,395","16,703","16,237","2.67M","-3.24%"
"12/12/2024","16,780","17,063","17,275","16,520","1.38M","-0.77%"
"12/11/2024","16,911","16,800","16,911","16,460","1.70M","0.11%"
"12/10/2024","16,893","16,783","17,010","16,471","1.39M","0.81%"
"12/09/2024","16,758","15,930","16,806","15,821","2.37M","4.92%"
"12/06/2024","15,972","16,213","16,500","15,838","1.29M","-1.78%"
"12/05/2024","16,261","16,251","16,542","16,050","1.56M","-1.35%"
"12/04/2024","16,484","16,819","16,819","16,339","1.35M","0.10%"
"12/03/2024","16,468","16,449","16,790","16,290","1.75M","0.16%"
"12/02/2024","16,442","16,400","16,643","16,100","1.28M","-0.35%"
"11/29/2024","16,500","17,150","17,150","16,401","1.33M","-0.07%"
"11/28/2024","16,511","16,900","16,901","16,481","740.18K","-2.24%"
"11/27/2024","16,890","17,264","17,264","16,812","1.35M","-0.06%"
"11/26/2024","16,900","16,600","16,920","16,574","2.70M","0.95%"
"11/25/2024","16,741","17,000","17,420","16,677","4.28M","-6.72%"
"11/22/2024","17,948","17,813","18,600","17,633","2.83M","3.75%"
"11/21/2024","17,300","17,570","17,882","17,280","1.97M","-1.91%"
"11/20/2024","17,637","17,137","17,751","17,047","2.73M","0.85%"
"11/19/2024","17,488","17,020","17,800","16,961","3.14M","4.39%"
"11/18/2024","16,752","16,200","17,020","16,134","2.95M","2.95%"
"11/15/2024","16,272","16,300","16,594","15,960","2.12M","1.14%"
"11/14/2024","16,089","16,236","16,449","16,060","2.76M","-5.40%"
"11/13/2024","17,008","16,721","17,240","16,679","2.47M","1.26%"
"11/12/2024","16,796","16,705","16,967","16,459","2.92M","-3.58%"
"11/11/2024","17,420","17,600","17,862","17,276","2.15M","-1.82%"
"11/08/2024","17,743","17,854","18,024","17,569","700.89K","-1.62%"
"11/07/2024","18,036","17,610","18,133","17,610","2.34M","0.71%"
"11/06/2024","17,909","18,701","18,955","17,500","2.14M","-5.71%"
"11/05/2024","18,994","18,863","19,013","18,375","1.61M","1.78%"
"11/04/2024","18,662","18,800","19,103","18,229","1.94M","-1.06%"
"11/01/2024","18,861","19,000","19,494","18,820","1.54M","-0.08%"
"10/31/2024","18,876","19,630","19,688","18,810","2.27M","-4.86%"
"10/30/2024","19,840","20,250","20,454","19,648","1.59M","-0.61%"
"10/29/2024","19,962","20,100","20,161","19,589","1.66M","-0.10%"
"10/28/2024","19,981","19,988","20,067","19,460","1.68M","-1.03%"
"10/25/2024","20,189","20,690","20,690","19,836","1.73M","-1.37%"
"10/24/2024","20,470","20,495","20,906","20,300","1.25M","0.07%"
"10/23/2024","20,455","21,291","21,468","19,916","2.77M","-3.93%"
"10/22/2024","21,292","21,205","21,352","20,896","1.96M","0.84%"
"10/21/2024","21,115","20,800","21,390","20,660","2.53M","4.37%"
"10/18/2024","20,230","20,400","20,809","19,814","2.76M","0.32%"
"10/17/2024","20,165","18,750","20,480","18,750","3.27M","8.68%"
"10/16/2024","18,554","17,703","18,799","17,703","2.79M","6.51%"
"10/15/2024","17,420","17,000","17,574","16,759","1.48M","2.68%"
"10/14/2024","16,966","17,250","17,500","16,786","1.69M","-1.96%"
"10/11/2024","17,305","17,590","17,732","17,240","2.04M","2.83%"
"10/10/2024","16,828","16,400","17,114","16,128","3.23M","4.35%"
"10/09/2024","16,127","16,395","16,423","16,063","920.84K","-0.25%"
"10/08/2024","16,167","16,273","16,524","16,162","1.91M","-1.82%"
"10/07/2024","16,466","16,866","17,045","16,389","2.32M","-4.06%"
"10/04/2024","17,163","17,670","17,688","16,919","1.42M","-2.90%"
"10/03/2024","17,675","18,275","18,302","17,525","2.57M","-3.55%"
"10/02/2024","18,325","18,811","18,900","18,296","3.01M","-1.69%"
"10/01/2024","18,640","17,950","18,917","17,754","3.05M","4.64%"
"09/30/2024","17,814","18,510","18,862","17,683","2.46M","-5.24%"
"09/27/2024","18,800","18,691","19,050","18,451","3.25M","0.14%"
"09/26/2024","18,774","18,480","19,100","18,480","1.45M","1.00%"
"09/25/2024","18,588","18,679","19,107","18,146","2.17M","-0.84%"
"09/23/2024","18,746","18,053","18,846","17,916","2.38M","4.43%"
"09/20/2024","17,950","17,749","18,018","17,554","3.48M","3.24%"
"09/19/2024","17,386","17,450","17,896","17,293","4.64M","0.59%"
"09/18/2024","17,284","17,670","17,854","17,204","2.06M","-3.70%"
"09/17/2024","17,948","17,600","18,080","17,540","1.81M","2.36%"
"09/16/2024","17,535","17,799","17,870","17,260","1.80M","0.83%"
"09/13/2024","17,390","17,026","17,899","17,026","2.26M","3.10%"
"09/12/2024","16,867","15,800","16,957","15,665","2.51M","9.33%"
"09/11/2024","15,427","15,600","15,900","15,095","2.37M","-0.79%"
"09/10/2024","15,550","15,900","15,921","15,314","2.57M","-2.20%"
"09/09/2024","15,900","15,718","16,100","15,716","1.46M","-0.84%"
"09/06/2024","16,035","15,940","16,457","15,608","2.98M","0.28%"
"09/05/2024","15,990","16,100","16,170","14,862","5.95M","-3.53%"
"09/04/2024","16,575","16,663","16,878","16,309","3.22M","-0.56%"
"09/03/2024","16,669","17,093","17,652","16,446","3.09M","-2.48%"
"09/02/2024","17,093","17,320","17,450","16,843","2.07M","-4.12%"
"08/30/2024","17,827","18,350","18,770","17,708","3.35M","-4.78%"
"08/29/2024","18,722","18,130","18,823","18,105","1.87M","2.67%"
"08/28/2024","18,235","18,395","18,494","18,002","2.66M","-2.08%"
"08/27/2024","18,622","18,800","19,343","18,133","3.43M","0.56%"
"08/26/2024","18,519","19,180","19,180","18,299","2.62M","-0.75%"
"08/23/2024","18,659","19,250","19,467","18,515","2.20M","-2.76%"
"08/22/2024","19,188","20,200","20,291","18,927","901.24K","-3.83%"
"08/21/2024","19,953","20,000","20,400","19,601","944.30K","-0.59%"
"08/20/2024","20,071","19,282","20,369","19,259","1.94M","4.09%"
"08/19/2024","19,282","18,737","19,323","18,581","1.40M","4.31%"
"08/16/2024","18,485","18,500","18,610","18,135","1.86M","0.62%"
"08/15/2024","18,371","18,110","18,676","18,014","2.08M","1.92%"
"08/14/2024","18,025","18,236","18,500","17,927","1.92M","-1.15%"
"08/13/2024","18,235","17,550","18,257","17,488","2.20M","4.26%"
"08/12/2024","17,490","17,400","17,686","17,200","1.08M","0.17%"
"08/08/2024","17,461","16,960","17,493","16,640","2.65M","0.56%"
"08/07/2024","17,363","17,151","17,778","17,151","1.47M","1.77%"
"08/06/2024","17,061","16,820","17,152","16,551","1.84M","1.37%"
"08/05/2024","16,830","16,863","16,914","15,881","2.46M","-1.48%"
"08/02/2024","17,083","17,950","18,140","17,016","2.31M","-2.74%"
"08/01/2024","17,565","17,851","18,419","17,542","2.24M","-1.33%"
"07/31/2024","17,802","17,080","17,875","17,061","2.43M","7.24%"
"07/30/2024","16,600","16,276","16,804","16,276","1.91M","2.44%"
"07/29/2024","16,204","16,599","16,700","16,204","1.54M","-0.80%"
"07/26/2024","16,335","15,822","16,424","15,730","2.25M","3.21%"
"07/25/2024","15,827","16,462","16,496","15,602","2.71M","-7.32%"
"07/24/2024","17,077","16,975","17,332","16,871","1.96M","1.72%"
"07/23/2024","16,789","16,600","17,015","16,511","1.74M","0.83%"
"07/22/2024","16,650","17,395","17,429","16,532","2.17M","-6.82%"
"07/19/2024","17,869","18,400","18,509","17,613","1.83M","-5.47%"
"07/18/2024","18,902","19,620","19,719","18,811","1.63M","-2.21%"
"07/17/2024","19,330","19,750","20,396","19,310","3.28M","0.48%"
"07/16/2024","19,237","17,400","19,237","17,365","4.27M","8.33%"
"07/15/2024","17,757","18,100","18,100","17,105","2.62M","0.42%"
"07/12/2024","17,683","17,913","18,130","17,456","1.34M","-2.52%"
"07/11/2024","18,140","17,600","18,266","17,437","2.11M","2.86%"
"07/10/2024","17,636","17,780","17,899","17,480","965.36K","-0.14%"
"07/09/2024","17,660","17,466","17,786","17,416","1.32M","0.54%"
"07/08/2024","17,565","17,630","17,680","17,390","1.11M","-0.37%"
"07/05/2024","17,630","17,201","17,857","17,201","2.17M","2.05%"
"07/04/2024","17,275","17,327","17,522","17,174","1.25M","-0.81%"
"07/03/2024","17,416","17,400","17,669","16,714","2.62M","0.93%"
"07/02/2024","17,255","16,872","17,325","16,495","1.41M","2.77%"
"07/01/2024","16,790","17,200","17,200","16,446","1.21M","-0.09%"
"06/28/2024","16,805","17,261","17,383","16,750","1.35M","-2.86%"
"06/27/2024","17,300","16,632","17,400","16,552","1.31M","4.52%"
"06/26/2024","16,552","16,805","17,155","16,400","1.68M","-2.08%"
"06/25/2024","16,904","16,742","17,050","16,484","2.00M","1.51%"
"06/24/2024","16,652","16,394","16,988","16,270","1.55M","2.07%"
"06/21/2024","16,315","16,560","16,941","16,061","5.81M","-0.69%"
"06/20/2024","16,428","16,350","16,615","16,012","4.80M","2.23%"
"06/19/2024","16,070","15,874","16,336","15,607","1.29M","1.52%"
"06/18/2024","15,829","15,423","15,926","15,198","1.84M","1.10%"
"06/14/2024","15,657","15,400","15,972","15,284","1.64M","0.24%"
"06/13/2024","15,620","15,300","15,620","15,259","2.00M","-0.43%"
"06/12/2024","15,688","15,390","16,047","15,259","2.03M","2.78%"
"06/11/2024","15,263","15,580","15,580","15,075","1.75M","-2.48%"
"06/10/2024","15,651","15,600","15,833","15,366","1.81M","-1.83%"
"06/07/2024","15,943","17,325","17,595","15,865","2.18M","-6.68%"
"06/06/2024","17,084","17,390","17,390","17,009","899.01K","1.06%"
"06/05/2024","16,904","16,500","16,904","16,405","1.23M","2.41%"
"06/04/2024","16,507","17,100","17,100","16,328","2.15M","-4.47%"
"06/03/2024","17,279","17,200","17,415","16,978","1.29M","1.10%"
"05/31/2024","17,091","17,396","17,586","16,920","2.68M","-2.16%"
"05/30/2024","17,468","16,660","17,483","16,445","2.19M","1.17%"
"05/28/2024","17,266","17,299","17,495","17,121","1.25M","-1.03%"
"05/27/2024","17,446","17,206","17,511","17,187","650.51K","0.68%"
"05/24/2024","17,328","17,198","17,407","17,094","1.09M","0.70%"
"05/23/2024","17,207","17,601","18,144","17,207","1.33M","-4.88%"
"05/22/2024","18,090","18,411","18,679","17,936","1.13M","-2.40%"
"05/21/2024","18,535","17,935","18,589","17,935","1.73M","0.66%"
"05/20/2024","18,413","18,345","18,742","18,196","2.50M","2.45%"
"05/17/2024","17,972","17,160","17,972","16,951","2.03M","4.79%"
"05/16/2024","17,150","16,991","17,436","16,991","1.83M","-0.80%"
"05/15/2024","17,288","17,000","17,619","17,000","1.80M","0.39%"
"05/14/2024","17,220","16,900","17,320","16,838","936.48K","2.27%"
"05/13/2024","16,838","17,243","17,244","16,777","778.45K","-2.35%"
"05/10/2024","17,243","17,374","17,743","17,243","1.20M","1.58%"
"05/09/2024","16,974","16,561","16,974","16,406","1.47M","2.01%"
"05/08/2024","16,640","16,100","16,653","16,100","1.01M","1.67%"
"05/07/2024","16,366","16,606","16,621","15,890","1.13M","-1.41%"
"05/06/2024","16,600","16,170","16,690","16,074","1.96M","5.10%"
"05/03/2024","15,794","15,750","15,974","15,484","1.98M","-1.60%"
"05/02/2024","16,050","16,200","16,566","15,805","1.93M","-2.67%"
"04/30/2024","16,491","16,880","17,047","16,483","1.89M","-4.18%"
"04/29/2024","17,211","16,922","17,257","16,764","1.31M","2.31%"
"04/26/2024","16,823","17,221","17,521","16,736","911.69K","-1.45%"
"04/25/2024","17,070","16,877","17,299","16,610","1.64M","1.19%"
"04/24/2024","16,869","16,729","16,916","16,433","1.20M","1.50%"
"04/23/2024","16,620","16,350","16,660","15,880","2.34M","-0.89%"
"04/22/2024","16,770","17,093","17,290","16,213","1.54M","-4.80%"
"04/19/2024","17,615","17,690","17,963","17,423","2.29M","0.29%"
"04/18/2024","17,564","17,482","17,697","17,286","1.43M","0.25%"
"04/17/2024","17,521","17,050","17,687","16,833","3.03M","3.07%"
"04/16/2024","16,999","17,320","17,454","16,643","4.33M","-3.24%"
"04/15/2024","17,568","17,560","18,040","17,250","4.99M","-5.76%"
"04/12/2024","18,642","17,610","18,642","17,610","4.64M","10.44%"
"04/11/2024","16,879","16,700","17,300","16,664","2.76M","-0.30%"
"04/10/2024","16,929","16,755","17,143","16,416","4.20M","-0.42%"
"04/09/2024","17,000","17,000","17,462","16,752","3.14M","0.70%"
"04/08/2024","16,881","16,600","17,056","16,402","3.21M","2.02%"
"04/05/2024","16,546","16,305","16,686","16,146","3.56M","-0.51%"
"04/04/2024","16,630","16,270","16,690","15,998","3.19M","2.16%"
"04/03/2024","16,278","16,030","16,314","15,855","2.92M","1.42%"
"04/02/2024","16,050","15,780","16,289","15,567","4.12M","1.58%"
"03/28/2024","15,801","15,352","15,822","15,279","2.40M","3.17%"
"03/27/2024","15,315","14,950","15,424","14,841","1.49M","1.58%"
"03/26/2024","15,077","14,721","15,389","14,721","1.37M","0.53%"
"03/25/2024","14,997","14,610","15,206","14,531","1.32M","1.13%"
"03/22/2024","14,829","14,880","14,900","14,558","1.80M","1.05%"
"03/20/2024","14,675","13,921","14,805","13,921","5.29M","4.35%"
"03/19/2024","14,063","14,228","14,372","13,907","1.68M","-2.34%"
"03/18/2024","14,400","14,150","14,434","14,081","2.52M","1.67%"
"03/15/2024","14,163","14,403","14,576","14,066","4.19M","-2.63%"
"03/14/2024","14,545","14,660","14,775","14,275","2.96M","-1.50%"
"03/13/2024","14,766","14,225","14,936","14,127","2.72M","3.95%"
"03/12/2024","14,205","14,610","14,735","14,063","3.97M","-1.37%"
"03/11/2024","14,403","13,293","14,403","13,283","2.77M","7.95%"
"03/08/2024","13,342","13,400","13,688","13,150","1.40M","-0.20%"
"03/07/2024","13,369","13,345","13,474","13,165","2.21M","2.12%"
"03/06/2024","13,092","12,980","13,187","12,655","2.62M","0.19%"
"03/05/2024","13,067","12,899","13,175","12,585","4.01M","8.48%"
"03/04/2024","12,045","11,397","12,182","11,390","4.79M","7.44%"
"03/01/2024","11,211","11,390","11,460","10,899","2.09M","-0.37%"
"02/29/2024","11,253","10,830","11,315","10,716","3.51M","3.73%"
"02/28/2024","10,848","10,700","11,036","10,557","1.64M","-0.22%"
"02/27/2024","10,872","10,917","10,925","10,716","1.00M","-0.26%"
"02/26/2024","10,900","11,100","11,100","10,751","1.10M","0.83%"
"02/23/2024","10,810","11,000","11,300","10,810","1.32M","-1.81%"
"02/22/2024","11,009","10,651","11,799","10,625","2.31M","3.32%"
"02/21/2024","10,655","10,710","10,882","10,600","1.03M","-1.17%"
"02/20/2024","10,781","10,843","11,015","10,648","1.33M","0.25%"
"02/19/2024","10,754","10,749","10,941","10,670","1.01M","0.48%"
"02/16/2024","10,703","10,770","10,879","10,608","933.41K","-1.06%"
"02/15/2024","10,818","10,551","10,886","10,460","1.24M","2.48%"
"02/14/2024","10,556","10,700","10,846","10,351","1.63M","-1.78%"
"02/13/2024","10,747","11,405","11,421","10,714","1.67M","-4.59%"
"02/12/2024","11,264","11,313","11,408","11,201","1.52M","-0.65%"
"02/09/2024","11,338","11,300","11,497","11,250","1.52M","-0.26%"
"02/08/2024","11,367","11,466","11,606","11,329","968.28K","-2.91%"
"02/07/2024","11,708","11,784","11,784","11,419","1.09M","0.35%"
"02/06/2024","11,667","12,020","12,020","11,549","1.33M","-1.73%"
"02/05/2024","11,872","12,010","12,087","11,676","1.01M","-2.21%"
"02/02/2024","12,140","12,305","12,516","11,895","2.03M","0.33%"
"02/01/2024","12,100","11,682","12,100","11,588","1.51M","3.07%"
"01/31/2024","11,740","11,598","11,740","11,444","2.54M","-3.10%"
"01/30/2024","12,115","12,115","12,250","11,915","1.18M","1.66%"
"01/29/2024","11,917","11,876","12,338","11,858","1.40M","-1.55%"
"01/26/2024","12,105","11,936","12,165","11,844","1.55M","1.20%"
"01/25/2024","11,962","11,000","11,962","11,000","2.66M","5.45%"
"01/24/2024","11,344","10,900","11,596","10,900","3.20M","4.07%"
"01/23/2024","10,900","10,855","10,945","10,716","1.88M","1.72%"
"01/22/2024","10,716","10,691","10,837","10,650","1.64M","0.15%"
"01/19/2024","10,700","10,550","10,773","10,498","1.63M","1.42%"
"01/18/2024","10,550","10,613","10,783","10,454","1.91M","0.89%"
"01/17/2024","10,457","10,780","10,780","10,416","2.91M","-4.07%"
"01/16/2024","10,901","11,175","11,175","10,837","1.12M","-2.82%"
"01/15/2024","11,217","11,250","11,372","11,006","736.17K","-0.12%"
"01/12/2024","11,230","10,575","11,379","10,575","1.58M","5.82%"
"01/11/2024","10,612","10,927","10,927","10,491","1.69M","0.07%"
"01/10/2024","10,605","10,740","10,808","10,605","595.74K","-1.38%"
"01/09/2024","10,753","10,823","11,079","10,753","858.01K","-1.83%"
"01/08/2024","10,953","10,924","11,136","10,801","786.65K","-1.73%"
"01/05/2024","11,146","11,238","11,308","10,992","923.89K","-0.98%"
"01/04/2024","11,256","11,390","11,390","11,158","1.08M","0.09%"
"01/03/2024","11,246","11,450","11,495","11,100","1.84M","-4.40%"
"01/02/2024","11,764","11,400","11,855","11,400","2.05M","-1.63%"
"12/29/2023","11,959","11,438","11,959","11,438","1.37M","1.21%"
"12/28/2023","11,816","11,980","12,064","11,722","1.18M","-1.10%"
"12/27/2023","11,947","11,511","12,001","11,511","1.27M","1.50%"
"12/22/2023","11,770","11,661","11,895","11,460","339.62K","1.05%"
"12/21/2023","11,648","11,410","11,716","11,378","2.88M","0.82%"
"12/20/2023","11,553","11,566","11,817","11,512","879.90K","-1.76%"
"12/19/2023","11,760","10,965","11,760","10,949","1.40M","6.02%"
"12/18/2023","11,092","11,320","11,441","11,061","2.36M","-2.89%"
"12/14/2023","11,422","11,100","11,868","11,100","4.79M","7.63%"
"12/13/2023","10,612","10,492","10,633","10,296","2.81M","-1.40%"
"12/12/2023","10,763","11,660","11,672","10,707","2.66M","-6.69%"
"12/11/2023","11,535","11,155","11,564","11,112","1.48M","2.53%"
"12/08/2023","11,250","11,150","11,394","11,077","1.60M","-0.04%"
"12/07/2023","11,254","11,305","11,562","11,225","1.15M","-1.28%"
"12/06/2023","11,400","11,410","11,747","11,341","1.89M","-0.45%"
"12/05/2023","11,451","11,523","11,714","11,355","1.22M","-1.67%"
"12/04/2023","11,646","12,000","12,090","11,506","1.45M","-1.65%"
"12/01/2023","11,841","11,800","12,000","11,626","1.67M","1.27%"
"11/30/2023","11,693","11,650","11,800","11,492","2.84M","0.57%"
"11/29/2023","11,627","11,605","11,816","11,477","1.68M","1.11%"
"11/28/2023","11,499","11,160","11,540","11,106","2.05M","2.76%"
"11/27/2023","11,190","11,047","11,260","11,028","1.18M","1.68%"
"11/24/2023","11,005","10,855","11,057","10,718","1.19M","2.08%"
"11/23/2023","10,781","10,975","10,975","10,765","987.18K","-0.46%"
"11/22/2023","10,831","10,630","10,966","10,630","1.43M","2.57%"
"11/21/2023","10,560","10,301","10,640","10,195","2.24M","3.54%"
"11/20/2023","10,199","10,012","10,229","9,950","1.37M","0.78%"
"11/17/2023","10,120","10,145","10,326","10,058","1.90M","-0.21%"
"11/16/2023","10,141","9,860","10,191","9,593","2.19M","2.23%"
"11/15/2023","9,920","9,911","10,414","9,831","4.42M","1.88%"
"11/14/2023","9,737","9,160","9,864","8,973","3.98M","6.68%"
"11/13/2023","9,127","8,656","9,386","8,650","4.08M","8.04%"
"11/10/2023","8,448","8,482","8,632","8,354","1.19M","-3.33%"
"11/09/2023","8,739","8,750","8,775","8,535","1.80M","-1.82%"
"11/08/2023","8,901","8,600","8,901","8,600","1.08M","3.50%"
"11/07/2023","8,600","9,100","9,100","8,552","2.21M","-5.46%"
"11/06/2023","9,097","8,824","9,167","8,824","1.25M","3.82%"
"11/03/2023","8,762","8,240","8,793","8,240","1.54M","5.20%"
"11/02/2023","8,329","8,610","8,610","8,251","1.16M","-1.43%"
"11/01/2023","8,450","8,506","8,547","8,280","1.77M","-2.17%"
"10/31/2023","8,637","8,665","8,745","8,550","1.73M","-1.73%"
"10/30/2023","8,789","8,750","8,912","8,691","1.89M","-0.59%"
"10/27/2023","8,841","9,060","9,161","8,808","1.34M","-2.64%"
"10/26/2023","9,081","9,001","9,301","8,736","2.37M","0.23%"
"10/25/2023","9,060","8,970","9,229","8,914","1.69M","0.35%"
"10/24/2023","9,028","9,133","9,275","8,848","1.50M","-2.06%"
"10/23/2023","9,218","9,442","9,525","9,066","1.57M","-4.00%"
"10/20/2023","9,602","9,215","9,676","9,198","1.75M","4.96%"
"10/19/2023","9,148","9,370","9,378","9,090","1.35M","-3.14%"
"10/18/2023","9,445","9,635","9,680","9,300","3.12M","-0.45%"
"10/17/2023","9,488","9,210","9,577","9,197","1.85M","3.59%"
"10/16/2023","9,159","9,150","9,364","8,976","2.49M","-1.70%"
"10/13/2023","9,317","8,386","9,317","8,386","3.96M","8.48%"
"10/12/2023","8,589","8,577","8,863","8,577","1.89M","0.36%"
"10/11/2023","8,558","8,200","8,630","8,118","3.87M","3.35%"
"10/10/2023","8,281","7,939","8,300","7,846","4.09M","5.16%"
"10/09/2023","7,875","7,507","7,892","7,507","2.18M","7.58%"
"10/06/2023","7,320","7,290","7,417","7,133","2.10M","0.95%"
"10/05/2023","7,251","7,170","7,372","7,035","1.62M","1.54%"
"10/04/2023","7,141","7,200","7,320","7,101","2.35M","-0.96%"
"10/03/2023","7,210","6,800","7,249","6,690","3.63M","7.07%"
"10/02/2023","6,734","7,102","7,144","6,600","4.33M","-5.18%"
"09/29/2023","7,102","7,500","7,501","6,997","1.99M","-4.18%"
"09/28/2023","7,412","7,485","7,586","7,269","2.50M","-1.53%"
"09/27/2023","7,527","8,048","8,048","7,482","1.51M","-6.47%"
"09/26/2023","8,048","7,730","8,087","7,423","2.26M","-1.85%"
"09/22/2023","8,200","8,272","8,432","8,200","1.26M","-1.80%"
"09/21/2023","8,350","8,421","8,516","8,230","4.39M","-2.57%"
"09/20/2023","8,570","8,150","8,580","7,858","2.44M","8.29%"
"09/19/2023","7,914","8,101","8,335","7,883","1.97M","-4.60%"
"09/18/2023","8,296","8,383","8,383","8,176","3.52M","-1.37%"
"09/15/2023","8,411","7,915","8,412","7,915","19.87M","4.64%"
"09/14/2023","8,038","7,835","8,096","7,835","1.54M","-0.07%"
"09/13/2023","8,044","8,200","8,200","7,940","1.53M","-0.73%"
"09/12/2023","8,103","7,864","8,103","7,864","1.77M","1.73%"
"09/11/2023","7,965","8,108","8,151","7,965","860.56K","-0.44%"
"09/08/2023","8,000","8,096","8,102","7,860","1.28M","-0.90%"
"09/07/2023","8,073","8,053","8,155","7,910","2.05M","-0.21%"
"09/06/2023","8,090","7,806","8,335","7,730","2.93M","2.30%"
"09/05/2023","7,908","7,720","7,980","7,703","2.35M","0.48%"
"09/04/2023","7,870","7,793","7,959","7,643","1.74M","0.54%"
"09/01/2023","7,828","7,813","8,050","7,733","1.81M","-0.67%"
"08/31/2023","7,881","7,984","8,099","7,780","3.17M","-1.29%"
"08/30/2023","7,984","7,740","8,001","7,450","1.66M","5.96%"
"08/29/2023","7,535","7,690","7,690","7,382","1.79M","-0.11%"
"08/28/2023","7,543","7,650","7,850","7,429","1.45M","0.44%"
"08/25/2023","7,510","7,602","7,769","7,510","1.98M","-1.95%"
"08/24/2023","7,659","7,460","7,699","7,416","3.60M","4.83%"
"08/23/2023","7,306","6,620","7,389","6,620","5.26M","10.97%"
"08/22/2023","6,584","6,500","6,747","6,500","1.79M","-0.14%"
"08/21/2023","6,593","6,660","6,720","6,577","1.86M","-0.57%"
"08/18/2023","6,631","6,690","6,850","6,505","2.94M","-1.70%"
"08/17/2023","6,746","7,500","7,500","6,638","3.97M","-8.59%"
"08/16/2023","7,380","7,600","7,613","7,321","1.24M","-1.86%"
"08/15/2023","7,520","7,355","7,600","7,271","1.52M","1.54%"
"08/14/2023","7,406","7,362","7,461","7,246","1.40M","-0.40%"
"08/11/2023","7,436","7,421","7,484","7,372","854.80K","0.76%"
"08/10/2023","7,380","7,320","7,667","7,320","1.41M","-2.10%"
"08/08/2023","7,538","7,437","7,612","7,351","2.39M","1.86%"
"08/07/2023","7,400","7,370","7,530","7,185","1.59M","0.94%"
"08/04/2023","7,331","7,453","7,512","7,116","1.58M","-0.58%"
"08/03/2023","7,374","7,580","7,580","7,116","1.47M","2.23%"
"08/02/2023","7,213","7,426","7,568","7,213","1.63M","-3.56%"
"08/01/2023","7,479","7,634","7,757","7,456","1.27M","-2.81%"
"07/31/2023","7,695","7,597","7,735","7,532","1.25M","0.65%"
"07/28/2023","7,645","7,602","7,881","7,561","590.14K","0.34%"
"07/27/2023","7,619","7,855","7,988","7,561","941.18K","-2.99%"
"07/26/2023","7,854","8,570","8,570","7,820","929.34K","-1.80%"
"07/25/2023","7,998","8,032","8,242","7,902","922.67K","-0.42%"
"07/24/2023","8,032","8,145","8,258","8,000","733.72K","-1.70%"
"07/21/2023","8,171","8,130","8,224","8,064","642.61K","-0.74%"
"07/20/2023","8,232","8,284","8,430","8,111","1.46M","-0.83%"
"07/19/2023","8,301","8,399","8,516","8,200","1.28M","-1.82%"
"07/18/2023","8,455","8,367","8,462","8,315","959.34K","1.12%"
"07/17/2023","8,361","8,400","8,400","8,152","795.53K","-0.91%"
"07/14/2023","8,438","8,078","8,449","7,996","1.39M","3.66%"
"07/13/2023","8,140","8,110","8,288","8,013","1.82M","1.75%"
"07/12/2023","8,000","7,550","8,016","7,550","2.36M","4.70%"
"07/11/2023","7,641","7,645","7,700","7,566","1.24M","2.08%"
"07/10/2023","7,485","7,400","7,495","7,344","936.29K","-0.78%"
"07/07/2023","7,544","7,580","7,714","7,400","2.08M","0.20%"
"07/06/2023","7,529","7,979","7,979","7,476","1.75M","-4.67%"
"07/05/2023","7,898","7,880","8,103","7,767","905.84K","-1.47%"
"07/04/2023","8,016","8,150","8,211","7,940","743.03K","-0.55%"
"07/03/2023","8,060","8,075","8,079","7,835","1.28M","1.70%"
"06/30/2023","7,925","7,765","7,958","7,754","1.61M","0.63%"
"06/29/2023","7,875","8,100","8,192","7,604","1.87M","1.68%"
"06/28/2023","7,745","7,650","7,812","7,628","1.70M","0.78%"
"06/27/2023","7,685","8,013","8,013","7,653","1.13M","-3.26%"
"06/26/2023","7,944","8,150","8,162","7,885","2.02M","-1.49%"
"06/23/2023","8,064","7,855","8,174","7,840","3.61M","3.15%"
"06/22/2023","7,818","7,768","7,858","7,609","3.01M","0.63%"
"06/21/2023","7,769","7,945","8,020","7,645","1.75M","-2.25%"
"06/20/2023","7,948","8,480","8,516","7,900","2.96M","-7.04%"
"06/19/2023","8,550","8,161","8,699","8,161","1.35M","0.72%"
"06/15/2023","8,489","8,361","8,510","8,045","4.43M","-1.27%"
"06/14/2023","8,598","8,500","8,694","8,452","1.88M","-0.09%"
"06/13/2023","8,606","9,050","9,050","8,563","1.46M","0.07%"
"06/12/2023","8,600","8,650","8,717","8,531","1.59M","-0.58%"
"06/09/2023","8,650","8,738","8,877","8,560","1.81M","-2.09%"
"06/08/2023","8,835","9,000","9,052","8,660","1.82M","-2.20%"
"06/07/2023","9,034","8,894","9,220","8,857","2.16M","1.43%"
"06/06/2023","8,907","9,044","9,050","8,820","2.12M","-1.04%"
"06/05/2023","9,001","9,057","9,125","8,879","1.21M","-2.23%"
"06/02/2023","9,206","9,300","9,698","9,104","1.32M","-3.12%"
"06/01/2023","9,502","9,010","9,532","9,010","1.59M","1.51%"
"05/31/2023","9,361","9,101","9,361","9,101","3.81M","1.22%"
"05/30/2023","9,248","8,929","9,436","8,929","1.71M","1.82%"
"05/29/2023","9,083","9,500","9,500","9,063","1.24M","-1.41%"
"05/26/2023","9,213","9,210","9,337","9,089","2.45M","0.34%"
"05/25/2023","9,182","9,222","9,250","8,964","1.98M","0.58%"
"05/24/2023","9,129","9,320","9,448","9,116","3.09M","-1.99%"
"05/23/2023","9,314","9,325","9,404","9,179","2.89M","-1.71%"
"05/22/2023","9,476","9,497","9,595","9,363","3.12M","-0.22%"
"05/19/2023","9,497","9,450","9,650","9,433","1.93M","0.06%"
"05/18/2023","9,491","9,400","9,640","9,322","2.76M","-1.30%"
"05/17/2023","9,616","9,655","9,800","9,523","2.35M","-2.44%"
"05/16/2023","9,857","9,930","9,999","9,818","1.53M","-1.12%"
"05/15/2023","9,969","9,936","10,076","9,802","2.07M","0.15%"
"05/12/2023","9,954","9,600","10,024","9,550","2.91M","1.06%"
"05/11/2023","9,850","9,501","10,179","9,501","3.42M","-0.40%"
"05/10/2023","9,890","9,910","10,235","9,669","3.14M","1.02%"
"05/09/2023","9,790","9,860","9,953","9,730","2.31M","-0.51%"
"05/08/2023","9,840","9,750","10,111","9,720","3.80M","1.23%"
"05/05/2023","9,720","9,675","9,771","9,389","8.66M","-2.10%"
"05/04/2023","9,929","9,399","10,094","9,321","5.47M","6.66%"
"05/03/2023","9,309","9,000","9,309","8,960","4.08M","5.32%"
"05/02/2023","8,839","8,404","8,877","8,404","4.89M","3.30%"
"04/28/2023","8,557","8,373","8,581","8,373","1.56M","0.39%"
"04/26/2023","8,524","8,500","8,571","8,364","1.84M","2.08%"
"04/25/2023","8,350","8,280","8,407","8,222","1.70M","0.19%"
"04/24/2023","8,334","7,903","8,441","7,903","3.78M","3.55%"
"04/21/2023","8,048","7,840","8,210","7,840","2.48M","-1.31%"
"04/20/2023","8,155","8,040","8,209","7,922","1.91M","1.41%"
"04/19/2023","8,042","8,010","8,347","7,892","2.91M","-5.28%"
"04/18/2023","8,490","8,160","8,539","8,160","2.97M","2.54%"
"04/17/2023","8,280","8,252","8,525","8,230","2.02M","-0.14%"
"04/14/2023","8,292","8,700","8,800","8,213","3.47M","-4.54%"
"04/13/2023","8,686","8,549","8,743","8,418","2.59M","3.44%"
"04/12/2023","8,397","8,450","8,680","8,256","2.22M","-0.77%"
"04/11/2023","8,462","8,400","8,540","8,288","1.80M","2.12%"
"04/06/2023","8,286","8,232","8,415","8,150","2.97M","1.88%"
"04/05/2023","8,133","7,990","8,400","7,939","3.37M","2.21%"
"04/04/2023","7,957","7,499","7,974","7,498","3.11M","6.12%"
"04/03/2023","7,498","7,100","7,498","7,096","1.42M","2.46%"
"03/31/2023","7,318","7,480","7,480","7,318","1.76M","-1.23%"
"03/30/2023","7,409","7,216","7,620","7,216","1.93M","-0.26%"
"03/29/2023","7,428","7,490","7,532","7,268","2.06M","0.24%"
"03/28/2023","7,410","7,232","7,426","7,232","2.26M","1.77%"
"03/27/2023","7,281","7,449","7,449","7,114","1.82M","-2.57%"
"03/24/2023","7,473","7,313","7,604","7,172","4.37M","3.29%"
"03/23/2023","7,235","7,379","7,543","7,178","2.31M","-1.44%"
"03/22/2023","7,341","7,000","7,392","6,968","2.94M","1.49%"
"03/20/2023","7,233","6,885","7,600","6,885","3.87M","7.04%"
"03/17/2023","6,757","6,592","6,758","6,331","8.11M","4.19%"
"03/16/2023","6,485","6,636","6,925","6,451","3.23M","-3.65%"
"03/15/2023","6,731","6,503","6,915","6,424","2.41M","4.08%"
"03/14/2023","6,467","6,478","6,675","6,357","2.72M","-2.85%"
"03/13/2023","6,657","5,900","6,735","5,816","8.39M","15.43%"
"03/10/2023","5,767","5,500","5,801","5,414","1.28M","3.95%"
"03/09/2023","5,548","5,600","5,600","5,386","1.47M","-1.16%"
"03/08/2023","5,613","5,521","5,619","5,446","1.44M","-0.51%"
"03/07/2023","5,642","5,808","5,808","5,621","1.35M","-2.87%"
"03/06/2023","5,809","5,850","5,850","5,710","1.29M","0.69%"
"03/03/2023","5,769","5,535","5,800","5,535","1.56M","3.55%"
"03/02/2023","5,571","5,581","5,645","5,490","1.62M","-0.87%"
"03/01/2023","5,620","5,750","5,766","5,420","1.33M","0.70%"
"02/28/2023","5,581","5,535","5,592","5,485","2.13M","-0.21%"
"02/27/2023","5,593","5,551","5,631","5,505","1.08M","1.25%"
"02/24/2023","5,524","5,511","5,843","5,508","1.04M","-1.04%"
"02/23/2023","5,582","5,494","5,642","5,458","2.00M","1.55%"
"02/22/2023","5,497","5,902","5,907","5,460","2.76M","-6.83%"
"02/21/2023","5,900","5,849","5,971","5,788","2.26M","0.34%"
"02/20/2023","5,880","5,750","5,934","5,750","818.00K","1.14%"
"02/17/2023","5,814","5,800","5,890","5,770","1.19M","-1.07%"
"02/16/2023","5,877","5,873","5,941","5,825","899.42K","0.20%"
"02/15/2023","5,865","5,954","5,970","5,824","1.10M","-2.43%"
"02/14/2023","6,011","6,079","6,200","5,939","1.35M","-0.64%"
"02/13/2023","6,050","6,050","6,088","5,935","1.84M","0.85%"
"02/10/2023","5,999","6,086","6,100","5,941","1.81M","-4.23%"
"02/09/2023","6,264","6,295","6,329","6,218","1.25M","-1.71%"
"02/08/2023","6,373","6,470","6,470","6,255","1.74M","0.05%"
"02/07/2023","6,370","6,214","6,482","6,004","4.43M","4.87%"
"02/06/2023","6,074","6,166","6,166","6,029","1.55M","-2.46%"
"02/03/2023","6,227","6,310","6,341","6,082","2.13M","-2.78%"
"02/02/2023","6,405","6,381","6,600","6,381","1.77M","1.20%"
"02/01/2023","6,329","6,300","6,559","6,151","2.32M","2.76%"
"01/31/2023","6,159","6,190","6,203","6,010","2.17M","-2.21%"
"01/30/2023","6,298","6,300","6,328","6,130","1.91M","-0.87%"
"01/27/2023","6,353","6,500","6,615","6,273","2.22M","-3.17%"
"01/26/2023","6,561","6,591","6,688","6,514","1.28M","0.61%"
"01/25/2023","6,521","6,448","6,528","6,349","1.15M","1.60%"
"01/24/2023","6,418","6,608","6,689","6,402","1.28M","-1.94%"
"01/23/2023","6,545","6,496","6,629","6,496","689.27K","0.32%"
"01/20/2023","6,524","6,545","6,648","6,457","930.46K","-0.32%"
"01/19/2023","6,545","6,543","6,567","6,419","1.84M","-1.48%"
"01/18/2023","6,643","6,615","6,750","6,605","1.23M","-1.66%"
"01/17/2023","6,755","6,910","6,910","6,678","1.38M","-1.96%"
"01/16/2023","6,890","6,950","6,950","6,769","743.85K","-0.86%"
"01/13/2023","6,950","6,834","6,994","6,797","2.20M","1.27%"
"01/12/2023","6,863","6,760","7,040","6,760","1.71M","0.28%"
"01/11/2023","6,844","6,780","7,050","6,780","1.94M","1.05%"
"01/10/2023","6,773","6,645","6,864","6,645","1.16M","-0.04%"
"01/09/2023","6,776","6,636","6,900","6,636","2.07M","0.53%"
"01/06/2023","6,740","6,455","6,749","6,455","2.02M","5.51%"
"01/05/2023","6,388","6,400","6,619","6,356","3.36M","0.73%"
"01/04/2023","6,342","6,099","6,416","6,041","2.52M","3.12%"
"01/03/2023","6,150","5,995","6,183","5,883","1.08M","4.59%"
"12/30/2022","5,880","5,954","5,990","5,809","947.17K","-3.89%"
"12/29/2022","6,118","6,024","6,178","5,864","1.66M","-0.42%"
"12/28/2022","6,144","6,100","6,213","6,058","1.64M","-0.10%"
"12/23/2022","6,150","6,003","6,165","5,995","882.72K","4.29%"
"12/22/2022","5,897","5,933","6,007","5,844","1.28M","-1.32%"
"12/21/2022","5,976","5,908","6,025","5,877","1.09M","1.07%"
"12/20/2022","5,913","5,802","5,913","5,730","1.11M","0.87%"
"12/19/2022","5,862","5,745","5,971","5,635","1.94M","-1.78%"
"12/15/2022","5,968","6,070","6,104","5,853","2.49M","-3.40%"
"12/14/2022","6,178","6,171","6,368","6,085","3.13M","-1.91%"
"12/13/2022","6,298","5,917","6,387","5,917","1.80M","4.34%"
"12/12/2022","6,036","6,090","6,116","5,950","839.55K","-1.71%"
"12/09/2022","6,141","6,130","6,249","6,074","827.00K","-0.34%"
"12/08/2022","6,162","6,050","6,215","6,041","1.13M","0.13%"
"12/07/2022","6,154","6,107","6,255","5,995","1.33M","0.60%"
"12/06/2022","6,117","5,888","6,193","5,865","872.45K","1.04%"
"12/05/2022","6,054","6,400","6,400","6,027","1.69M","-2.18%"
"12/02/2022","6,189","6,303","6,468","5,980","3.55M","-5.94%"
"12/01/2022","6,580","6,215","6,644","6,215","5.48M","6.84%"
"11/30/2022","6,159","5,984","6,250","5,954","4.65M","3.06%"
"11/29/2022","5,976","5,928","6,120","5,798","2.17M","-2.02%"
"11/28/2022","6,099","6,063","6,374","6,063","1.62M","-1.88%"
"11/25/2022","6,216","6,175","6,300","6,091","1.68M","0.02%"
"11/24/2022","6,215","6,189","6,300","6,070","1.50M","1.75%"
"11/23/2022","6,108","6,041","6,154","5,954","1.44M","1.44%"
"11/22/2022","6,021","5,845","6,052","5,820","1.53M","2.92%"
"11/21/2022","5,850","5,625","5,850","5,562","891.41K","1.81%"
"11/18/2022","5,746","5,835","5,835","5,648","1.96M","-1.20%"
"11/17/2022","5,816","5,989","5,989","5,761","1.98M","-2.86%"
"11/16/2022","5,987","6,001","6,063","5,878","1.48M","-0.70%"
"11/15/2022","6,029","6,020","6,145","5,963","1.72M","-0.59%"
"11/14/2022","6,065","5,948","6,115","5,816","2.42M","0.46%"
"11/11/2022","6,037","6,097","6,237","5,862","3.44M","1.77%"
"11/10/2022","5,932","5,453","6,026","5,453","2.98M","3.27%"
"11/09/2022","5,744","5,500","5,795","5,499","2.35M","8.52%"
"11/08/2022","5,293","5,290","5,336","5,123","1.41M","0.08%"
"11/07/2022","5,289","5,001","5,320","5,001","1.32M","2.92%"
"11/04/2022","5,139","4,900","5,243","4,729","3.35M","5.39%"
"11/03/2022","4,876","4,950","4,959","4,700","2.07M","-3.64%"
"11/02/2022","5,060","5,249","5,372","5,060","1.57M","-3.49%"
"11/01/2022","5,243","5,131","5,301","5,131","2.33M","3.03%"
"10/31/2022","5,089","5,080","5,122","4,976","1.50M","0.87%"
"10/28/2022","5,045","5,132","5,132","4,950","1.20M","-0.57%"
"10/27/2022","5,074","4,988","5,184","4,988","1.33M","0.59%"
"10/26/2022","5,044","4,903","5,075","4,903","1.05M","2.44%"
"10/25/2022","4,924","5,000","5,059","4,779","1.65M","1.93%"
"10/24/2022","4,831","4,820","5,008","4,815","1.92M","-0.23%"
"10/21/2022","4,842","4,619","4,919","4,619","2.72M","1.17%"
"10/20/2022","4,786","4,800","4,840","4,594","5.17M","0.21%"
"10/19/2022","4,776","4,855","4,855","4,670","1.47M","-1.32%"
"10/18/2022","4,840","4,992","5,024","4,796","3.01M","-1.73%"
"10/17/2022","4,925","4,575","5,016","4,575","4.25M","5.82%"
"10/14/2022","4,654","4,860","4,882","4,577","2.93M","-0.62%"
"10/13/2022","4,683","4,916","5,000","4,628","3.20M","-6.58%"
"10/12/2022","5,013","4,980","5,104","4,980","2.03M","-0.75%"
"10/11/2022","5,051","5,005","5,175","4,929","2.55M","1.08%"
"10/10/2022","4,997","5,105","5,141","4,975","2.81M","-5.41%"
"10/07/2022","5,283","5,023","5,394","5,023","6.67M","3.26%"
"10/06/2022","5,116","5,000","5,176","4,922","5.04M","3.00%"
"10/05/2022","4,967","4,990","5,000","4,893","3.93M","-0.64%"
"10/04/2022","4,999","4,580","4,999","4,580","7.60M","13.28%"
"10/03/2022","4,413","4,333","4,425","4,234","2.16M","3.30%"
"09/30/2022","4,272","4,123","4,290","4,123","2.02M","4.40%"
"09/29/2022","4,092","4,020","4,161","3,947","3.58M","1.94%"
"09/28/2022","4,014","3,800","4,125","3,799","7.18M","2.66%"
"09/27/2022","3,910","3,685","3,931","3,595","6.62M","6.19%"
"09/26/2022","3,682","3,450","3,703","3,430","6.49M","7.91%"
"09/23/2022","3,412","3,661","3,722","3,333","11.78M","-7.68%"
"09/22/2022","3,696","3,661","3,724","3,570","5.05M","2.24%"
"09/21/2022","3,615","3,708","3,730","3,597","4.54M","-0.58%"
"09/20/2022","3,636","3,776","3,809","3,616","4.13M","-1.54%"
"09/19/2022","3,693","3,712","3,770","3,581","6.26M","-0.14%"
"09/16/2022","3,698","3,600","3,755","3,471","8.02M","2.18%"
"09/15/2022","3,619","3,740","3,760","3,619","5.83M","-4.86%"
"09/14/2022","3,804","3,750","3,813","3,692","3.28M","0.37%"
"09/13/2022","3,790","3,923","3,935","3,749","4.04M","-4.10%"
"09/12/2022","3,952","3,955","4,013","3,821","7.32M","3.48%"
"09/09/2022","3,819","3,835","3,948","3,745","7.83M","1.52%"
"09/08/2022","3,762","4,020","4,070","3,733","4.91M","-7.68%"
"09/07/2022","4,075","4,053","4,105","3,937","1.98M","-0.71%"
"09/06/2022","4,104","4,301","4,301","4,100","3.37M","-2.98%"
"09/05/2022","4,230","4,350","4,357","4,221","1.80M","-1.74%"
"09/02/2022","4,305","4,272","4,305","4,059","4.86M","1.20%"
"09/01/2022","4,254","4,340","4,427","4,126","3.41M","-1.44%"
"08/31/2022","4,316","4,581","4,606","4,207","4.97M","-5.39%"
"08/30/2022","4,562","5,130","5,130","4,546","2.93M","-11.07%"
"08/29/2022","5,130","5,232","5,250","5,069","1.54M","-5.32%"
"08/26/2022","5,418","5,356","5,516","5,356","676.88K","0.41%"
"08/25/2022","5,396","5,556","5,589","5,385","1.35M","-0.53%"
"08/24/2022","5,425","5,470","5,565","5,350","1.58M","-1.65%"
"08/23/2022","5,516","5,407","5,621","5,406","823.59K","2.11%"
"08/22/2022","5,402","5,335","5,449","5,294","949.36K","0.19%"
"08/19/2022","5,392","5,470","5,525","5,371","1.14M","-2.07%"
"08/18/2022","5,506","5,550","5,551","5,386","782.36K","-0.38%"
"08/17/2022","5,527","5,680","5,680","5,497","538.29K","-1.43%"
"08/16/2022","5,607","5,662","5,694","5,559","1.13M","-0.85%"
"08/15/2022","5,655","5,627","5,670","5,570","616.95K","0.75%"
"08/12/2022","5,613","5,546","5,733","5,540","539.12K","-1.01%"
"08/11/2022","5,670","5,707","5,763","5,620","760.56K","-1.66%"
"08/10/2022","5,766","5,770","5,937","5,649","1.64M","-0.81%"
"08/08/2022","5,813","5,583","5,861","5,581","957.84K","4.12%"
"08/05/2022","5,583","5,251","5,584","5,251","2.54M","5.50%"
"08/04/2022","5,292","5,191","5,318","5,132","3.39M","0.36%"
"08/03/2022","5,273","5,339","5,456","5,229","940.72K","-4.02%"
"08/02/2022","5,494","5,304","5,616","5,280","1.97M","4.39%"
"08/01/2022","5,263","5,350","5,436","5,224","793.49K","-0.53%"
"07/29/2022","5,291","5,366","5,400","5,207","567.16K","-0.62%"
"07/28/2022","5,324","5,150","5,503","5,150","1.62M","3.14%"
"07/27/2022","5,162","5,234","5,252","5,110","748.22K","1.04%"
"07/26/2022","5,109","5,012","5,154","4,976","884.74K","1.63%"
"07/25/2022","5,027","5,241","5,317","5,000","994.13K","-6.60%"
"07/22/2022","5,382","5,212","5,495","5,210","1.34M","4.91%"
"07/21/2022","5,130","5,020","5,167","4,876","1.46M","-0.18%"
"07/20/2022","5,139","5,131","5,200","5,048","801.38K","-0.17%"
"07/19/2022","5,148","5,155","5,216","5,063","1.41M","-0.85%"
"07/18/2022","5,192","5,190","5,261","5,093","1.60M","3.02%"
"07/15/2022","5,040","5,100","5,203","5,007","1.40M","-1.12%"
"07/14/2022","5,097","5,349","5,374","5,004","1.95M","-5.35%"
"07/13/2022","5,385","5,245","5,385","5,129","1.41M","1.26%"
"07/12/2022","5,318","5,499","5,548","5,250","1.25M","-4.66%"
"07/11/2022","5,578","5,490","5,652","5,433","676.98K","-1.45%"
"07/08/2022","5,660","5,511","5,686","5,330","1.83M","3.30%"
"07/07/2022","5,479","5,376","5,570","5,347","1.01M","2.16%"
"07/06/2022","5,363","5,175","5,451","5,175","1.79M","5.12%"
"07/05/2022","5,102","5,400","5,400","5,089","1.23M","-5.43%"
"07/04/2022","5,395","5,165","5,395","5,165","1.01M","5.39%"
"07/01/2022","5,119","5,118","5,124","4,959","1.41M","-1.50%"
"06/30/2022","5,197","5,340","5,340","5,120","1.54M","-0.36%"
"06/29/2022","5,216","5,167","5,415","5,160","825.60K","-1.45%"
"06/28/2022","5,293","5,375","5,421","5,260","994.94K","0.47%"
"06/27/2022","5,268","5,201","5,361","5,140","1.29M","3.74%"
"06/24/2022","5,078","5,047","5,089","4,924","846.60K","-1.03%"
"06/23/2022","5,131","5,179","5,218","5,022","948.53K","-2.29%"
"06/22/2022","5,251","5,315","5,408","5,209","1.62M","-1.41%"
"06/21/2022","5,326","5,385","5,389","5,210","1.38M","0.57%"
"06/20/2022","5,296","5,140","5,370","5,084","917.12K","1.92%"
"06/17/2022","5,196","5,238","5,335","5,123","2.11M","0.95%"
"06/15/2022","5,147","4,943","5,283","4,936","2.84M","3.52%"
"06/14/2022","4,972","5,145","5,145","4,934","2.53M","-1.56%"
"06/13/2022","5,051","5,452","5,482","5,051","2.51M","-2.77%"
"06/10/2022","5,195","4,870","5,242","4,821","1.68M","6.72%"
"06/09/2022","4,868","5,070","5,070","4,833","1.24M","-3.09%"
"06/08/2022","5,023","5,188","5,188","4,920","4.29M","-3.03%"
"06/07/2022","5,180","5,273","5,334","5,130","3.95M","-1.45%"
"06/06/2022","5,256","5,542","5,542","5,226","1.02M","-3.77%"
"06/03/2022","5,462","5,589","5,620","5,455","620.73K","-1.94%"
"06/02/2022","5,570","5,208","5,597","5,202","3.41M","7.24%"
"06/01/2022","5,194","5,292","5,320","5,036","4.11M","-4.08%"
"05/31/2022","5,415","5,500","5,787","5,339","6.04M","-5.33%"
"05/30/2022","5,720","5,680","5,791","5,649","1.06M","1.74%"
"05/27/2022","5,622","5,600","5,715","5,566","771.84K","-1.11%"
"05/26/2022","5,685","5,576","5,751","5,497","1.69M","2.58%"
"05/25/2022","5,542","5,636","5,636","5,531","1.04M","-3.75%"
"05/24/2022","5,758","5,676","5,786","5,594","982.25K","1.04%"
"05/23/2022","5,699","5,602","5,800","5,602","1.63M","2.94%"
"05/20/2022","5,536","5,671","5,784","5,527","1.61M","-1.16%"
"05/19/2022","5,601","5,404","5,684","5,380","1.75M","2.66%"
"05/18/2022","5,456","5,648","5,662","5,435","1.24M","-2.17%"
"05/17/2022","5,577","5,752","5,850","5,551","2.03M","-2.67%"
"05/16/2022","5,730","5,700","5,749","5,517","1.76M","2.80%"
"05/13/2022","5,574","5,209","5,574","5,200","2.77M","3.59%"
"05/12/2022","5,381","5,626","5,626","5,198","2.75M","-5.83%"
"05/11/2022","5,714","5,621","5,760","5,543","1.61M","1.04%"
"05/10/2022","5,655","5,851","5,914","5,645","2.33M","-4.19%"
"05/09/2022","5,902","6,070","6,162","5,705","3.11M","-4.45%"
"05/06/2022","6,177","6,330","6,330","6,151","2.61M","-2.17%"
"05/05/2022","6,314","6,588","6,650","6,283","2.37M","-1.59%"
"05/04/2022","6,416","6,458","6,596","6,351","1.23M","-1.84%"
"05/03/2022","6,536","6,500","6,537","6,301","1.56M","-0.67%"
"04/29/2022","6,580","6,724","6,777","6,509","1.34M","1.68%"
"04/28/2022","6,471","6,399","6,475","6,291","1.14M","1.43%"
"04/26/2022","6,380","6,467","6,488","6,260","1.66M","1.43%"
"04/25/2022","6,290","6,445","6,480","6,200","1.23M","-4.38%"
"04/22/2022","6,578","6,838","6,878","6,551","1.51M","-2.03%"
"04/21/2022","6,714","6,859","6,918","6,673","1.72M","-1.48%"
"04/20/2022","6,815","6,765","6,851","6,614","1.59M","-0.92%"
"04/19/2022","6,878","6,945","7,211","6,800","2.31M","-0.29%"
"04/14/2022","6,898","6,955","7,110","6,826","972.31K","-0.82%"
"04/13/2022","6,955","6,772","7,011","6,759","1.07M","-0.56%"
"04/12/2022","6,994","6,911","7,070","6,672","3.08M","1.05%"
"04/11/2022","6,921","7,071","7,197","6,763","1.91M","-1.28%"
"04/08/2022","7,011","6,929","7,157","6,799","1.75M","1.92%"
"04/07/2022","6,879","6,900","6,938","6,747","1.72M","0.10%"
"04/06/2022","6,872","6,900","6,950","6,630","3.15M","-1.55%"
"04/05/2022","6,980","7,087","7,174","6,890","1.58M","-2.61%"
"04/04/2022","7,167","7,570","7,589","7,167","1.77M","-3.24%"
"04/01/2022","7,407","7,226","7,451","7,184","903.61K","0.26%"
"03/31/2022","7,388","7,060","7,465","7,060","1.11M","0.03%"
"03/30/2022","7,386","7,077","7,386","7,077","764.47K","5.83%"
"03/29/2022","6,979","7,161","7,274","6,660","2.10M","-3.78%"
"03/28/2022","7,253","7,350","7,412","7,154","1.28M","-2.80%"
"03/25/2022","7,462","7,565","7,568","7,321","1.05M","-3.40%"
"03/24/2022","7,725","7,735","7,795","7,575","1.96M","3.46%"
"03/23/2022","7,467","7,001","7,710","7,001","2.48M","5.01%"
"03/22/2022","7,111","7,488","7,608","7,059","2.79M","-4.28%"
"03/18/2022","7,429","7,469","7,502","7,285","4.06M","-2.34%"
"03/17/2022","7,607","7,340","7,626","7,151","2.54M","5.33%"
"03/16/2022","7,222","7,382","7,588","7,133","3.45M","-2.18%"
"03/15/2022","7,383","7,430","7,430","7,017","2.49M","-2.10%"
"03/14/2022","7,541","7,504","7,816","7,389","2.44M","-3.02%"
"03/11/2022","7,776","7,899","8,099","7,589","2.09M","-2.96%"
"03/10/2022","8,013","7,700","8,100","7,305","2.73M","7.73%"
"03/09/2022","7,438","8,000","8,150","7,204","3.40M","-10.01%"
"03/08/2022","8,265","8,400","8,488","7,917","5.99M","4.03%"
"03/07/2022","7,945","8,070","8,913","7,805","4.36M","2.48%"
"03/04/2022","7,753","7,599","7,816","7,306","2.27M","5.27%"
"03/03/2022","7,365","7,350","7,598","7,280","3.39M","-0.91%"
"03/02/2022","7,433","7,375","7,721","7,325","7.26M","5.63%"
"03/01/2022","7,037","6,515","7,116","6,362","5.77M","4.73%"
"02/28/2022","6,719","6,050","6,719","5,991","7.89M","14.62%"
"02/25/2022","5,862","6,151","6,229","5,850","3.91M","-9.20%"
"02/24/2022","6,456","6,447","6,984","6,350","9.08M","9.54%"
"02/23/2022","5,894","5,900","5,900","5,740","2.21M","-0.46%"
"02/22/2022","5,921","6,099","6,184","5,767","6.50M","1.53%"
"02/21/2022","5,832","6,022","6,076","5,832","3.98M","-6.54%"
"02/18/2022","6,240","6,040","6,240","5,936","4.71M","7.53%"
"02/17/2022","5,803","5,700","5,837","5,597","4.48M","3.96%"
"02/16/2022","5,582","5,465","5,610","5,333","5.71M","1.99%"
"02/15/2022","5,473","5,985","6,043","5,446","4.78M","-6.52%"
"02/14/2022","5,855","5,749","5,962","5,692","3.74M","6.36%"
"02/11/2022","5,505","5,489","5,570","5,389","2.08M","-3.62%"
"02/10/2022","5,712","5,691","5,749","5,539","1.40M","-0.64%"
"02/09/2022","5,749","5,754","5,793","5,700","1.76M","0.81%"
"02/08/2022","5,703","5,770","5,860","5,684","2.33M","1.55%"
"02/07/2022","5,616","5,445","5,718","5,445","1.79M","0.83%"
"02/04/2022","5,570","5,500","5,626","5,475","650.70K","2.67%"
"02/03/2022","5,425","5,580","5,580","5,390","949.07K","-2.66%"
"02/02/2022","5,573","5,615","5,675","5,527","1.09M","-0.75%"
"02/01/2022","5,615","5,415","5,684","5,415","1.76M","1.78%"
"01/31/2022","5,517","5,385","5,533","5,358","2.46M","2.47%"
"01/28/2022","5,384","5,555","5,668","5,381","2.44M","-3.69%"
"01/27/2022","5,590","5,735","5,770","5,517","3.20M","-7.76%"
"01/26/2022","6,060","6,290","6,324","5,878","3.24M","-2.63%"
"01/25/2022","6,224","6,215","6,265","6,042","2.78M","1.72%"
"01/24/2022","6,119","6,310","6,418","6,116","3.72M","-4.67%"
"01/21/2022","6,419","6,499","6,499","6,328","2.15M","-1.43%"
"01/20/2022","6,512","6,351","6,617","6,350","4.82M","9.10%"
"01/19/2022","5,969","5,700","5,969","5,620","2.37M","5.03%"
"01/18/2022","5,683","5,805","5,827","5,590","1.97M","-1.63%"
"01/17/2022","5,777","5,821","5,877","5,763","844.82K","-0.62%"
"01/14/2022","5,813","5,951","5,961","5,798","1.45M","-3.04%"
"01/13/2022","5,995","6,076","6,081","5,945","1.29M","-0.08%"
"01/12/2022","6,000","5,860","6,025","5,860","1.52M","3.63%"
"01/11/2022","5,790","5,675","5,846","5,630","2.57M","4.72%"
"01/10/2022","5,529","5,590","5,684","5,484","1.23M","-0.54%"
"01/07/2022","5,559","5,755","5,788","5,543","2.03M","-4.73%"
"01/06/2022","5,835","6,159","6,159","5,832","1.95M","-8.48%"
"01/05/2022","6,376","6,360","6,376","6,222","715.47K","-0.36%"
"01/04/2022","6,399","6,300","6,440","6,205","915.03K","0.61%"
"01/03/2022","6,360","6,575","6,690","6,360","813.77K","-4.50%"
"12/31/2021","6,660","6,532","6,696","6,513","540.73K","2.02%"
"12/30/2021","6,528","6,391","6,544","6,353","1.58M","3.27%"
"12/29/2021","6,321","6,334","6,361","6,250","1.32M","-1.37%"
"12/28/2021","6,409","6,227","6,452","6,227","1.39M","2.74%"
"12/24/2021","6,238","6,380","6,445","6,238","156.62K","-0.08%"
"12/23/2021","6,243","6,320","6,429","6,167","1.25M","-0.70%"
"12/22/2021","6,287","6,311","6,440","6,263","988.64K","0.10%"
"12/21/2021","6,281","6,240","6,520","6,161","4.29M","4.35%"
"12/20/2021","6,019","6,100","6,198","6,006","1.78M","-2.87%"
"12/17/2021","6,197","6,100","6,226","6,100","3.50M","5.34%"
"12/15/2021","5,883","5,892","5,960","5,838","1.96M","-0.44%"
"12/14/2021","5,909","5,885","6,032","5,830","1.99M","-0.34%"
"12/13/2021","5,929","5,910","6,051","5,857","1.38M","-0.95%"
"12/10/2021","5,986","6,246","6,300","5,976","3.38M","-3.45%"
"12/09/2021","6,200","6,212","6,462","6,171","2.55M","-1.79%"
"12/08/2021","6,313","6,480","6,523","6,278","2.71M","-4.45%"
"12/07/2021","6,607","6,670","6,868","6,569","3.20M","-1.54%"
"12/06/2021","6,710","6,858","6,938","6,650","1.84M","-0.68%"
"12/03/2021","6,756","6,752","7,044","6,630","3.24M","1.15%"
"12/02/2021","6,679","6,721","6,788","6,650","6.38M","-4.13%"
"12/01/2021","6,967","6,716","7,039","6,716","2.98M","1.86%"
"11/30/2021","6,840","6,519","6,858","6,514","5.28M","6.98%"
"11/29/2021","6,394","6,348","6,477","6,255","2.52M","-0.93%"
"11/26/2021","6,454","6,307","6,560","6,307","4.32M","6.75%"
"11/25/2021","6,046","6,150","6,339","5,973","1.95M","-3.25%"
"11/24/2021","6,249","6,360","6,391","6,186","1.05M","-1.73%"
"11/23/2021","6,359","6,430","6,562","6,305","2.16M","-0.33%"
"11/22/2021","6,380","6,462","6,576","6,217","2.22M","-3.68%"
"11/19/2021","6,624","6,594","6,723","6,505","1.23M","-0.75%"
"11/18/2021","6,674","6,700","6,820","6,608","1.61M","-0.91%"
"11/17/2021","6,735","6,518","6,737","6,450","2.29M","3.17%"
"11/16/2021","6,528","6,350","6,633","6,280","2.15M","4.00%"
"11/15/2021","6,277","6,244","6,375","6,181","1.43M","-0.24%"
"11/12/2021","6,292","6,380","6,380","6,121","1.75M","-0.76%"
"11/11/2021","6,340","5,820","6,357","5,650","6.78M","8.28%"
"11/10/2021","5,855","5,456","5,855","5,377","2.56M","7.63%"
"11/09/2021","5,440","5,486","5,515","5,347","1.42M","-1.07%"
"11/08/2021","5,499","5,320","5,570","5,320","1.50M","2.79%"
"11/05/2021","5,350","5,326","5,475","5,278","1.82M","-1.44%"
"11/04/2021","5,428","5,400","5,668","5,398","1.67M","0.41%"
"11/03/2021","5,406","5,413","5,572","5,319","1.54M","-1.01%"
"11/02/2021","5,461","5,500","5,750","5,431","1.35M","-1.59%"
"10/29/2021","5,549","5,690","5,743","5,491","1.13M","-3.76%"
"10/28/2021","5,766","5,902","5,916","5,747","1.02M","-1.13%"
"10/27/2021","5,832","5,790","5,904","5,743","1.03M","0.62%"
"10/26/2021","5,796","5,887","5,890","5,727","729.85K","-0.70%"
"10/25/2021","5,837","5,813","5,930","5,800","1.46M","-2.01%"
"10/22/2021","5,957","5,750","5,981","5,689","1.78M","5.73%"
"10/21/2021","5,634","5,714","5,714","5,568","2.08M","-1.97%"
"10/20/2021","5,747","5,560","5,747","5,555","1.09M","3.09%"
"10/19/2021","5,575","5,660","5,723","5,530","1.17M","-0.85%"
"10/18/2021","5,623","5,538","5,685","5,538","1.24M","-0.95%"
"10/15/2021","5,677","5,644","5,677","5,406","2.58M","0.58%"
"10/14/2021","5,644","5,662","5,771","5,606","2.68M","0.75%"
"10/13/2021","5,602","5,450","5,632","5,409","2.01M","2.64%"
"10/12/2021","5,458","5,350","5,556","5,291","2.74M","2.63%"
"10/11/2021","5,318","5,142","5,326","5,125","1.31M","3.42%"
"10/08/2021","5,142","5,074","5,294","5,074","2.28M","1.00%"
"10/07/2021","5,091","4,968","5,120","4,935","2.42M","4.62%"
"10/06/2021","4,866","4,775","4,909","4,721","1.35M","3.05%"
"10/05/2021","4,722","4,798","4,826","4,690","1.33M","-1.19%"
"10/04/2021","4,779","4,744","4,795","4,599","2.29M","2.49%"
"10/01/2021","4,663","4,675","4,770","4,649","1.17M","-0.60%"
"09/30/2021","4,691","4,731","4,731","4,531","1.90M","2.09%"
"09/29/2021","4,595","4,708","4,759","4,560","2.09M","-2.55%"
"09/28/2021","4,715","4,838","4,838","4,623","2.51M","-2.12%"
"09/27/2021","4,817","4,825","4,963","4,728","3.39M","3.75%"
"09/23/2021","4,643","4,769","4,804","4,572","2.49M","-3.61%"
"09/22/2021","4,817","4,852","4,890","4,748","2.17M","-0.88%"
"09/21/2021","4,860","4,743","4,963","4,743","2.52M","2.88%"
"09/20/2021","4,724","4,693","4,770","4,629","3.77M","2.21%"
"09/17/2021","4,622","4,602","4,735","4,559","4.52M","1.99%"
"09/16/2021","4,532","4,810","4,872","4,512","2.45M","-6.44%"
"09/15/2021","4,844","4,818","4,900","4,761","3.55M","0.62%"
"09/14/2021","4,814","4,620","4,840","4,562","3.40M","3.97%"
"09/13/2021","4,630","4,408","4,640","4,255","3.09M","4.73%"
"09/10/2021","4,421","4,410","4,535","4,392","2.09M","0.78%"
"09/09/2021","4,387","4,550","4,550","4,357","1.80M","-2.25%"
"09/08/2021","4,488","4,670","4,670","4,460","2.35M","-4.20%"
"09/07/2021","4,685","4,980","4,980","4,685","3.54M","-3.40%"
"09/06/2021","4,850","5,008","5,008","4,751","2.24M","-3.62%"
"09/03/2021","5,032","5,011","5,048","4,839","5.77M","1.27%"
"09/02/2021","4,969","5,281","5,300","4,867","4.35M","-6.10%"
"09/01/2021","5,292","5,450","5,500","5,291","2.22M","-0.84%"
"08/31/2021","5,337","5,640","5,640","5,182","5.19M","-3.80%"
"08/30/2021","5,548","5,643","5,750","5,504","1.35M","-0.98%"
"08/27/2021","5,603","5,310","5,603","5,310","1.83M","4.22%"
"08/26/2021","5,376","5,383","5,650","5,250","2.38M","-0.13%"
"08/25/2021","5,383","5,527","5,556","5,378","1.97M","-3.84%"
"08/24/2021","5,598","5,665","5,791","5,581","2.62M","-1.48%"
"08/23/2021","5,682","5,544","5,729","5,525","2.13M","2.95%"
"08/20/2021","5,519","5,402","5,567","5,330","2.22M","2.17%"
"08/19/2021","5,402","5,279","5,456","5,200","1.94M","2.33%"
"08/18/2021","5,279","5,434","5,551","5,276","1.35M","-5.77%"
"08/17/2021","5,602","5,469","5,619","5,429","3.07M","3.36%"
"08/16/2021","5,420","5,316","5,420","5,212","1.41M","2.26%"
"08/13/2021","5,300","5,240","5,317","5,140","1.32M","2.71%"
"08/12/2021","5,160","5,384","5,384","5,160","1.13M","-4.16%"
"08/11/2021","5,384","5,237","5,398","5,212","2.40M","3.86%"
"08/10/2021","5,184","5,305","5,351","5,150","4.94M","-6.66%"
"08/06/2021","5,554","5,765","5,816","5,475","2.96M","-4.77%"
"08/05/2021","5,832","6,005","6,090","5,831","909.84K","-4.53%"
"08/04/2021","6,109","6,051","6,190","6,008","878.77K","0.96%"
"08/03/2021","6,051","5,936","6,073","5,904","1.04M","1.24%"
"08/02/2021","5,977","5,998","6,040","5,872","1.21M","-0.93%"
"07/30/2021","6,033","6,290","6,290","5,972","1.66M","-3.39%"
"07/29/2021","6,245","6,100","6,293","6,100","2.12M","3.60%"
"07/28/2021","6,028","5,977","6,032","5,925","1.08M","1.16%"
"07/27/2021","5,959","5,882","6,047","5,849","1.26M","-0.85%"
"07/26/2021","6,010","5,820","6,010","5,820","2.02M","3.55%"
"07/23/2021","5,804","5,900","5,986","5,804","1.09M","-1.48%"
"07/22/2021","5,891","5,986","5,986","5,803","1.18M","0.36%"
"07/21/2021","5,870","5,936","6,085","5,837","1.43M","-1.87%"
"07/20/2021","5,982","5,949","6,075","5,825","1.71M","2.71%"
"07/19/2021","5,824","5,722","5,846","5,619","1.47M","-1.07%"
"07/16/2021","5,887","5,974","6,070","5,840","1.94M","-0.25%"
"07/15/2021","5,902","6,038","6,058","5,890","1.15M","-0.61%"
"07/14/2021","5,938","5,826","6,093","5,793","3.02M","0.99%"
"07/13/2021","5,880","5,561","5,922","5,424","4.11M","4.91%"
"07/12/2021","5,605","5,380","5,605","5,365","2.26M","3.89%"
"07/09/2021","5,395","5,400","5,417","5,271","2.49M","-0.99%"
"07/08/2021","5,449","5,655","5,679","5,449","2.64M","-1.89%"
"07/07/2021","5,554","5,671","5,671","5,507","2.10M","-1.44%"
"07/06/2021","5,635","5,663","5,714","5,591","2.53M","1.62%"
"07/05/2021","5,545","5,425","5,545","5,369","1.06M","2.80%"
"07/02/2021","5,394","5,550","5,566","5,359","1.81M","-2.03%"
"07/01/2021","5,506","5,365","5,535","5,312","2.60M","4.36%"
"06/30/2021","5,276","5,196","5,317","5,138","2.36M","1.70%"
"06/29/2021","5,188","5,280","5,296","5,168","2.05M","-2.30%"
"06/28/2021","5,310","5,366","5,418","5,277","1.61M","-1.03%"
"06/25/2021","5,365","5,545","5,545","5,365","1.41M","-2.54%"
"06/24/2021","5,505","5,475","5,603","5,396","2.43M","-1.57%"
"06/23/2021","5,593","5,738","5,738","5,463","3.64M","-1.55%"
"06/22/2021","5,681","5,863","5,960","5,678","2.30M","-3.04%"
"06/21/2021","5,859","5,916","5,948","5,772","1.24M","-1.51%"
"06/18/2021","5,949","6,015","6,049","5,898","4.29M","1.43%"
"06/17/2021","5,865","5,850","5,985","5,647","3.63M","-2.62%"
"06/15/2021","6,023","6,125","6,196","5,977","1.83M","-2.87%"
"06/14/2021","6,201","6,235","6,262","6,000","1.82M","-2.28%"
"06/11/2021","6,346","6,530","6,644","6,283","1.57M","-0.09%"
"06/10/2021","6,352","6,340","6,411","6,182","1.97M","0.13%"
"06/09/2021","6,344","6,400","6,420","6,220","2.74M","-1.49%"
"06/08/2021","6,440","6,705","6,705","6,440","2.24M","-2.38%"
"06/07/2021","6,597","6,701","6,748","6,541","2.14M","-2.84%"
"06/04/2021","6,790","6,830","6,928","6,750","1.56M","-1.14%"
"06/03/2021","6,868","7,081","7,110","6,741","1.88M","-4.20%"
"06/02/2021","7,169","7,149","7,299","7,120","1.32M","-0.07%"
"06/01/2021","7,174","7,457","7,508","7,174","2.09M","-3.07%"
"05/31/2021","7,401","7,220","7,413","7,139","710.79K","4.37%"
"05/28/2021","7,091","7,150","7,187","6,988","1.23M","-0.83%"
"05/27/2021","7,150","7,599","7,599","7,086","3.91M","-2.28%"
"05/26/2021","7,317","7,508","7,607","7,308","2.03M","-1.32%"
"05/25/2021","7,415","7,478","7,557","7,260","2.27M","-0.72%"
"05/24/2021","7,469","7,596","7,650","7,450","1.36M","-2.05%"
"05/21/2021","7,625","7,733","7,741","7,545","1.82M","-2.36%"
"05/20/2021","7,809","7,780","7,809","7,616","1.54M","0.76%"
"05/19/2021","7,750","7,728","8,040","7,633","3.31M","0.32%"
"05/18/2021","7,725","7,769","8,000","7,550","4.56M","2.43%"
"05/17/2021","7,542","7,089","7,569","6,999","4.91M","10.13%"
"05/14/2021","6,848","6,811","6,955","6,741","3.26M","3.04%"
"05/13/2021","6,646","6,734","6,734","6,560","1.68M","-2.71%"
"05/12/2021","6,831","6,911","6,940","6,660","4.02M","0.46%"
"05/11/2021","6,800","7,216","7,216","6,658","3.20M","-5.38%"
"05/10/2021","7,187","7,280","7,376","7,133","2.51M","1.40%"
"05/07/2021","7,088","6,856","7,300","6,820","4.69M","2.58%"
"05/06/2021","6,910","6,700","6,989","6,385","2.22M","5.63%"
"05/05/2021","6,542","6,847","6,847","6,527","835.76K","-2.72%"
"05/04/2021","6,725","6,801","6,938","6,687","1.98M","-0.87%"
"05/03/2021","6,784","6,700","6,784","6,503","1.60M","2.68%"
"04/30/2021","6,607","6,748","6,748","6,451","1.52M","-0.03%"
"04/29/2021","6,609","6,660","6,885","6,534","1.40M","-2.65%"
"04/28/2021","6,789","6,750","6,856","6,618","2.99M","-3.39%"
"04/26/2021","7,027","6,850","7,027","6,799","1.87M","2.24%"
"04/23/2021","6,873","6,863","6,970","6,588","2.11M","0.59%"
"04/22/2021","6,833","6,805","6,894","6,687","2.47M","1.08%"
"04/21/2021","6,760","6,640","6,841","6,537","1.23M","2.41%"
"04/20/2021","6,601","6,561","6,640","6,420","1.86M","0.12%"
"04/19/2021","6,593","6,675","6,853","6,577","2.04M","-0.56%"
"04/16/2021","6,630","6,500","6,649","6,363","2.78M","4.54%"
"04/15/2021","6,342","6,281","6,375","6,105","3.91M","1.26%"
"04/14/2021","6,263","6,499","6,500","6,201","2.80M","-3.79%"
"04/13/2021","6,510","6,530","6,637","6,289","6.93M","-2.33%"
"04/12/2021","6,665","6,980","6,980","6,657","2.23M","-4.51%"
"04/09/2021","6,980","7,175","7,175","6,798","2.09M","-2.46%"
"04/08/2021","7,156","7,080","7,181","6,976","2.25M","2.89%"
"04/07/2021","6,955","7,180","7,180","6,917","1.69M","-2.80%"
"04/06/2021","7,155","6,950","7,182","6,862","1.85M","3.83%"
"04/01/2021","6,891","6,499","6,923","6,460","4.10M","10.08%"
"03/31/2021","6,260","6,540","6,540","6,202","2.74M","-1.31%"
"03/30/2021","6,343","6,507","6,616","6,334","2.18M","-2.33%"
"03/29/2021","6,494","6,400","6,590","6,365","2.88M","3.41%"
"03/26/2021","6,280","6,121","6,309","6,100","1.56M","3.63%"
"03/25/2021","6,060","6,053","6,155","5,980","1.96M","0.13%"
"03/24/2021","6,052","6,198","6,301","5,951","2.13M","-3.84%"
"03/23/2021","6,294","6,461","6,653","6,222","2.47M","-4.00%"
"03/19/2021","6,556","6,593","6,680","6,364","7.80M","-0.21%"
"03/18/2021","6,570","6,623","6,793","6,500","5.38M","0.61%"
"03/17/2021","6,530","6,800","6,800","6,457","3.29M","-1.75%"
"03/16/2021","6,646","6,600","6,698","6,542","2.03M","1.17%"
"03/15/2021","6,569","6,550","6,727","6,440","1.76M","1.84%"
"03/12/2021","6,450","6,625","6,627","6,327","2.62M","-4.40%"
"03/11/2021","6,747","6,900","6,921","6,687","2.03M","-1.50%"
"03/10/2021","6,850","6,930","6,930","6,679","2.72M","-1.90%"
"03/09/2021","6,983","6,625","7,044","6,591","4.69M","7.08%"
"03/08/2021","6,521","6,658","6,733","6,442","2.32M","3.43%"
"03/05/2021","6,305","6,275","6,466","6,150","2.08M","2.17%"
"03/04/2021","6,171","6,230","6,289","6,067","3.04M","2.85%"
"03/03/2021","6,000","6,131","6,187","5,876","4.70M","2.74%"
"03/02/2021","5,840","5,689","5,849","5,637","2.53M","1.48%"
"03/01/2021","5,755","5,738","5,879","5,668","1.82M","0.30%"
"02/26/2021","5,738","5,667","5,799","5,632","4.39M","-2.08%"
"02/25/2021","5,860","5,870","5,926","5,746","3.88M","3.81%"
"02/24/2021","5,645","5,900","5,900","5,586","1.98M","-2.01%"
"02/23/2021","5,761","6,001","6,089","5,700","4.27M","-0.50%"
"02/22/2021","5,790","5,701","5,849","5,641","4.17M","3.39%"
"02/19/2021","5,600","5,600","5,720","5,477","2.86M","1.76%"
"02/18/2021","5,503","5,600","5,645","5,410","4.48M","-1.73%"
"02/17/2021","5,600","5,770","5,795","5,527","4.78M","-4.11%"
"02/16/2021","5,840","5,905","5,956","5,689","4.52M","-0.58%"
"02/15/2021","5,874","5,866","6,062","5,835","2.92M","0.15%"
"02/12/2021","5,865","6,099","6,099","5,865","3.32M","-5.28%"
"02/11/2021","6,192","6,324","6,338","6,125","2.73M","-2.09%"
"02/10/2021","6,324","6,271","6,390","6,194","3.84M","1.62%"
"02/09/2021","6,223","6,400","6,433","6,194","3.19M","-1.53%"
"02/08/2021","6,320","6,399","6,468","6,282","4.75M","2.18%"
"02/05/2021","6,185","6,210","6,341","6,178","2.78M","0.70%"
"02/04/2021","6,142","6,340","6,428","6,059","3.40M","-4.24%"
"02/03/2021","6,414","6,511","6,590","6,319","1.61M","-1.70%"
"02/02/2021","6,525","6,825","6,825","6,450","1.99M","-2.86%"
"02/01/2021","6,717","6,851","6,956","6,705","3.27M","-3.73%"
"01/29/2021","6,977","6,810","7,141","6,756","5.55M","3.53%"
"01/28/2021","6,739","6,551","6,796","6,400","3.21M","2.26%"
"01/27/2021","6,590","6,881","6,919","6,551","3.23M","-2.60%"
"01/26/2021","6,766","6,782","6,786","6,627","2.25M","-0.24%"
"01/25/2021","6,782","6,701","6,836","6,614","2.58M","4.00%"
"01/22/2021","6,521","6,630","6,727","6,450","1.17M","-1.50%"
"01/21/2021","6,620","6,775","6,864","6,556","2.15M","0.68%"
"01/20/2021","6,575","6,535","6,659","6,402","2.22M","1.70%"
"01/19/2021","6,465","6,640","6,676","6,459","1.62M","-2.47%"
"01/18/2021","6,629","6,600","6,698","6,539","2.99M","-2.08%"
"01/15/2021","6,770","6,700","6,860","6,674","3.59M","1.48%"
"01/14/2021","6,671","6,840","6,865","6,657","2.38M","-4.32%"
"01/13/2021","6,972","6,980","7,066","6,873","1.37M","0.61%"
"01/12/2021","6,930","7,020","7,182","6,863","2.27M","-0.84%"
"01/11/2021","6,989","6,905","7,133","6,847","2.64M","-0.34%"
"01/08/2021","7,013","7,339","7,342","6,976","3.79M","-4.46%"
"01/07/2021","7,340","7,551","7,697","7,292","2.78M","-2.79%"
"01/06/2021","7,551","7,764","7,885","7,488","2.89M","-3.08%"
"01/05/2021","7,791","7,750","8,060","7,678","3.17M","4.12%"
"01/04/2021","7,483","7,230","7,537","7,230","3.47M","4.51%"
"12/31/2020","7,160","7,125","7,235","7,035","494.26K","1.22%"
"12/30/2020","7,074","7,029","7,074","6,859","1.34M","1.48%"
"12/29/2020","6,971","6,809","7,089","6,799","2.50M","-1.97%"
"12/28/2020","7,111","7,000","7,199","7,000","1.00M","3.13%"
"12/24/2020","6,895","6,808","6,934","6,763","259.08K","2.15%"
"12/23/2020","6,750","6,800","6,820","6,499","2.70M","-3.67%"
"12/22/2020","7,007","7,295","7,295","6,880","1.84M","-1.38%"
"12/21/2020","7,105","7,470","7,470","6,883","3.63M","-0.45%"
"12/18/2020","7,137","6,995","7,214","6,900","5.28M","1.96%"
"12/17/2020","7,000","6,720","7,036","6,700","4.69M","8.38%"
"12/15/2020","6,459","6,280","6,460","6,251","2.46M","3.49%"
"12/14/2020","6,241","6,205","6,288","6,041","1.76M","-0.02%"
"12/11/2020","6,242","6,394","6,394","6,186","2.72M","-3.45%"
"12/10/2020","6,465","6,250","6,516","6,173","2.30M","2.26%"
"12/09/2020","6,322","6,600","6,660","6,322","3.38M","-6.24%"
"12/08/2020","6,743","6,735","6,849","6,626","2.27M","1.25%"
"12/07/2020","6,660","6,451","6,755","6,365","3.42M","0.59%"
"12/04/2020","6,621","6,720","6,721","6,500","2.80M","0.05%"
"12/03/2020","6,618","6,900","6,941","6,617","3.22M","-3.96%"
"12/02/2020","6,891","6,760","6,927","6,615","4.54M","2.24%"
"12/01/2020","6,740","6,452","6,749","6,410","4.34M","6.53%"
"11/30/2020","6,327","6,276","6,422","6,168","6.34M","0.91%"
"11/27/2020","6,270","6,479","6,537","6,160","2.70M","-2.70%"
"11/26/2020","6,444","6,400","6,667","6,393","3.07M","1.78%"
"11/25/2020","6,331","6,251","6,360","6,165","4.74M","1.52%"
"11/24/2020","6,236","6,640","6,640","6,144","3.98M","-7.26%"
"11/23/2020","6,724","7,115","7,149","6,724","2.89M","-5.19%"
"11/20/2020","7,092","7,015","7,152","6,891","2.47M","1.37%"
"11/19/2020","6,996","7,030","7,109","6,843","2.29M","-1.96%"
"11/18/2020","7,136","7,250","7,305","7,064","1.72M","-1.91%"
"11/17/2020","7,275","7,250","7,320","7,112","1.95M","-0.25%"
"11/16/2020","7,293","7,730","7,730","7,009","3.67M","-3.39%"
"11/13/2020","7,549","7,511","7,585","7,244","3.89M","2.48%"
"11/12/2020","7,366","7,466","7,576","7,170","5.73M","-1.66%"
"11/11/2020","7,490","7,980","8,098","7,477","4.64M","-6.38%"
"11/10/2020","8,000","8,200","8,240","7,767","4.06M","3.16%"
"11/09/2020","7,755","9,475","9,475","7,655","5.59M","-16.33%"
"11/06/2020","9,269","9,149","9,414","9,027","3.01M","2.70%"
"11/05/2020","9,025","8,889","9,061","8,309","2.81M","6.48%"
"11/04/2020","8,476","8,465","8,589","8,258","1.40M","-1.44%"
"11/03/2020","8,600","8,410","8,643","8,410","1.14M","3.59%"
"11/02/2020","8,302","8,350","8,433","7,911","1.51M","4.10%"
"10/30/2020","7,975","8,055","8,080","7,864","2.27M","-1.43%"
"10/29/2020","8,091","7,922","8,179","7,623","2.46M","1.66%"
"10/28/2020","7,959","8,575","8,594","7,938","2.06M","-4.61%"
"10/27/2020","8,344","8,500","8,549","8,229","1.35M","-2.16%"
"10/26/2020","8,528","8,620","8,657","8,427","2.24M","-1.24%"
"10/23/2020","8,635","9,085","9,085","8,550","2.67M","-2.97%"
"10/22/2020","8,899","9,490","9,510","8,860","2.93M","-6.87%"
"10/21/2020","9,555","9,322","9,707","9,263","1.80M","3.75%"
"10/20/2020","9,210","9,230","9,320","9,047","1.34M","-1.97%"
"10/19/2020","9,395","9,684","9,684","9,349","1.66M","-1.05%"
"10/16/2020","9,495","9,850","9,850","9,415","1.34M","-1.96%"
"10/15/2020","9,685","9,846","9,920","9,585","1.71M","-1.68%"
"10/14/2020","9,850","9,507","9,954","9,507","1.96M","3.36%"
"10/13/2020","9,530","9,577","9,813","9,442","2.85M","-1.45%"
"10/12/2020","9,670","9,795","9,869","9,589","2.10M","0.16%"
"10/09/2020","9,655","9,221","9,699","9,221","3.31M","6.84%"
"10/08/2020","9,037","8,900","9,100","8,756","2.47M","2.54%"
"10/07/2020","8,813","8,799","8,930","8,579","3.45M","-3.07%"
"10/06/2020","9,092","8,890","9,274","8,890","2.57M","0.06%"
"10/05/2020","9,087","8,680","9,249","8,569","3.17M","2.24%"
"10/02/2020","8,888","9,120","9,121","8,670","3.09M","-1.09%"
"10/01/2020","8,986","8,950","9,156","8,807","2.26M","0.81%"
"09/30/2020","8,914","9,199","9,335","8,897","2.64M","-3.19%"
"09/29/2020","9,208","9,140","9,341","8,933","2.14M","3.95%"
"09/28/2020","8,858","8,698","9,106","8,698","2.97M","-0.05%"
"09/25/2020","8,862","8,687","9,027","8,635","3.36M","2.12%"
"09/23/2020","8,678","8,500","8,922","8,500","4.02M","-3.58%"
"09/22/2020","9,000","8,980","9,035","8,553","3.94M","-0.18%"
"09/21/2020","9,016","9,228","9,258","8,851","4.73M","-2.63%"
"09/18/2020","9,260","9,515","9,582","9,151","11.39M","-0.92%"
"09/17/2020","9,346","9,999","9,999","9,294","6.26M","-8.34%"
"09/16/2020","10,196","10,570","10,640","10,066","3.99M","-4.59%"
"09/15/2020","10,686","10,498","11,279","10,497","4.55M","3.69%"
"09/14/2020","10,306","10,150","10,409","9,981","2.62M","-0.46%"
"09/11/2020","10,354","10,490","10,781","10,266","2.06M","-2.32%"
"09/10/2020","10,600","10,345","10,732","10,155","2.46M","2.95%"
"09/09/2020","10,296","9,949","10,340","9,808","3.10M","4.70%"
"09/08/2020","9,834","10,115","10,191","9,506","3.22M","-3.39%"
"09/07/2020","10,179","10,086","10,255","9,799","2.49M","5.05%"
"09/04/2020","9,690","10,199","10,294","9,562","3.04M","-4.04%"
"09/03/2020","10,098","9,851","10,176","9,766","5.16M","0.48%"
"09/02/2020","10,050","10,559","10,614","9,921","5.05M","-4.29%"
"09/01/2020","10,500","11,355","11,506","10,393","6.63M","-5.07%"
"08/31/2020","11,061","10,870","11,475","10,850","53.33M","3.96%"
"08/28/2020","10,640","10,001","10,640","10,001","7.13M","8.39%"
"08/27/2020","9,816","10,230","10,464","9,719","8.65M","-2.33%"
"08/26/2020","10,050","9,820","10,115","9,487","4.29M","3.14%"
"08/25/2020","9,744","10,249","10,274","9,744","3.15M","-4.65%"
"08/24/2020","10,219","10,018","10,575","9,966","6.66M","1.13%"
"08/21/2020","10,105","10,440","10,544","9,768","3.91M","-2.24%"
"08/20/2020","10,337","10,240","10,415","9,992","6.01M","-0.59%"
"08/19/2020","10,398","10,595","10,726","10,398","3.59M","-4.07%"
"08/18/2020","10,839","11,215","11,531","10,839","5.28M","-0.59%"
"08/17/2020","10,903","10,500","11,062","10,450","4.07M","6.25%"
"08/14/2020","10,262","10,380","10,652","10,184","4.08M","-1.89%"
"08/13/2020","10,460","10,300","10,575","10,092","4.05M","1.98%"
"08/12/2020","10,257","10,100","10,860","9,933","5.88M","-1.12%"
"08/11/2020","10,373","10,889","11,000","10,256","9.03M","-9.65%"
"08/07/2020","11,481","11,676","12,096","11,269","4.71M","-4.33%"
"08/06/2020","12,000","12,228","12,402","11,868","4.35M","-3.96%"
"08/05/2020","12,495","12,155","12,676","12,155","4.54M","9.61%"
"08/04/2020","11,400","11,118","11,473","10,802","4.40M","3.33%"
"08/03/2020","11,033","11,317","11,463","10,853","3.64M","0.32%"
"07/31/2020","10,998","11,125","11,740","10,991","3.76M","0.30%"
"07/30/2020","10,965","11,320","11,565","10,941","4.95M","-3.14%"
"07/29/2020","11,320","11,900","12,188","11,250","5.88M","-5.14%"
"07/28/2020","11,934","11,798","12,004","11,414","6.12M","-2.41%"
"07/27/2020","12,229","12,052","12,610","12,052","5.07M","4.97%"
"07/24/2020","11,650","10,929","11,727","10,886","5.31M","4.54%"
"07/23/2020","11,144","10,711","11,261","10,663","6.94M","6.42%"
"07/22/2020","10,472","10,901","11,320","10,472","8.40M","-3.93%"
"07/21/2020","10,900","11,390","11,597","10,884","5.54M","-3.28%"
"07/20/2020","11,270","10,790","11,319","10,704","2.62M","5.92%"
"07/17/2020","10,640","9,936","10,710","9,936","3.97M","5.84%"
"07/16/2020","10,053","9,901","10,321","9,901","7.05M","0.89%"
"07/15/2020","9,964","10,176","10,379","9,820","6.32M","-0.81%"
"07/14/2020","10,045","9,422","10,076","9,355","6.22M","0.52%"
"07/13/2020","9,993","10,020","10,333","9,891","5.61M","0.94%"
"07/10/2020","9,900","9,138","10,095","9,091","6.51M","4.92%"
"07/09/2020","9,436","9,905","10,470","9,396","10.81M","-0.24%"
"07/08/2020","9,459","8,670","9,490","8,670","7.46M","10.88%"
"07/07/2020","8,531","8,050","8,545","8,050","5.82M","5.53%"
"07/06/2020","8,084","7,899","8,173","7,791","4.22M","1.71%"
"07/03/2020","7,948","7,750","7,952","7,704","1.89M","1.65%"
"07/02/2020","7,819","7,486","7,962","7,486","7.11M","3.49%"
"07/01/2020","7,555","7,160","7,825","7,160","12.95M","5.13%"
"06/30/2020","7,186","6,840","7,186","6,677","4.52M","7.22%"
"06/29/2020","6,702","6,100","6,750","6,100","6.41M","11.55%"
"06/26/2020","6,008","6,105","6,199","5,930","3.59M","1.64%"
"06/25/2020","5,911","5,950","6,275","5,770","14.14M","-2.73%"
"06/24/2020","6,077","6,259","6,308","5,903","2.62M","-1.54%"
"06/23/2020","6,172","5,800","6,216","5,800","3.26M","5.85%"
"06/22/2020","5,831","5,800","5,949","5,654","2.50M","2.03%"
"06/19/2020","5,715","5,211","5,721","5,211","4.41M","9.55%"
"06/18/2020","5,217","5,077","5,295","5,077","824.64K","1.32%"
"06/17/2020","5,149","5,230","5,280","5,056","1.13M","0.23%"
"06/15/2020","5,137","5,375","5,375","5,020","1.97M","-4.62%"
"06/12/2020","5,386","5,411","5,460","5,252","1.92M","-1.52%"
"06/11/2020","5,469","5,419","5,600","5,306","3.11M","6.26%"
"06/10/2020","5,147","5,354","5,383","5,115","1.53M","-4.98%"
"06/09/2020","5,417","5,250","5,475","5,189","2.31M","2.21%"
"06/08/2020","5,300","5,101","5,331","5,101","2.14M","4.89%"
"06/05/2020","5,053","5,301","5,394","4,998","4.21M","-5.13%"
"06/04/2020","5,326","5,295","5,537","5,237","3.65M","2.80%"
"06/03/2020","5,181","5,674","5,675","5,129","5.04M","-11.13%"
"06/02/2020","5,830","5,710","6,018","5,710","1.88M","0.00%"
"06/01/2020","5,830","5,855","6,098","5,752","1.56M","1.57%"
"05/29/2020","5,740","5,800","6,023","5,681","4.83M","-2.40%"
"05/28/2020","5,881","5,950","5,954","5,742","3.08M","3.68%"
"05/27/2020","5,672","5,700","5,738","5,512","2.60M","-2.21%"
"05/26/2020","5,800","6,169","6,211","5,737","3.22M","-5.60%"
"05/25/2020","6,144","6,150","6,257","6,015","1.16M","-2.63%"
"05/22/2020","6,310","6,410","6,500","6,100","3.52M","2.50%"
"05/21/2020","6,156","6,550","6,571","6,140","2.70M","-6.95%"
"05/20/2020","6,616","6,887","7,142","6,474","5.54M","-3.73%"
"05/19/2020","6,872","6,950","6,950","6,621","2.78M","-2.52%"
"05/18/2020","7,050","7,399","7,399","6,782","3.62M","0.21%"
"05/15/2020","7,035","7,060","7,108","6,824","2.60M","1.85%"
"05/14/2020","6,907","6,600","6,988","6,461","3.49M","4.99%"
"05/13/2020","6,579","6,739","6,739","6,300","6.68M","-2.92%"
"05/12/2020","6,777","6,490","6,817","6,334","4.50M","6.06%"
"05/11/2020","6,390","6,510","6,605","6,314","3.25M","-3.09%"
"05/08/2020","6,594","6,534","6,665","6,230","4.92M","7.41%"
"05/07/2020","6,139","6,600","6,656","6,096","6.04M","-4.82%"
"05/06/2020","6,450","7,156","7,378","6,111","9.84M","-9.03%"
"05/05/2020","7,090","7,225","7,350","7,015","2.25M","-3.79%"
"05/04/2020","7,369","7,200","7,428","6,961","4.03M","7.08%"
"04/30/2020","6,882","7,050","7,124","6,678","3.94M","1.50%"
"04/29/2020","6,780","6,680","6,960","6,627","3.15M","1.99%"
"04/28/2020","6,648","6,822","7,010","6,558","4.55M","-8.14%"
"04/24/2020","7,237","6,821","7,337","6,734","5.47M","6.50%"
"04/23/2020","6,795","5,895","6,962","5,841","5.97M","17.50%"
"04/22/2020","5,783","5,500","5,875","5,334","2.77M","6.21%"
"04/21/2020","5,445","5,466","5,752","5,099","3.38M","-0.89%"
"04/20/2020","5,494","5,370","5,600","5,267","2.14M","2.12%"
"04/17/2020","5,380","5,324","5,490","5,213","4.10M","-2.36%"
"04/16/2020","5,510","5,325","5,794","5,325","5.20M","0.80%"
"04/15/2020","5,466","5,549","5,784","5,311","5.65M","-6.76%"
"04/14/2020","5,862","5,085","6,064","5,016","6.27M","24.04%"
"04/09/2020","4,726","4,400","4,877","4,352","4.20M","5.02%"
"04/08/2020","4,500","4,444","4,500","4,233","2.93M","1.12%"
"04/07/2020","4,450","4,511","4,656","4,330","3.43M","2.94%"
"04/06/2020","4,323","4,270","4,369","4,045","5.54M","7.24%"
"04/03/2020","4,031","4,100","4,253","3,984","4.12M","-1.68%"
"04/02/2020","4,100","3,905","4,197","3,778","4.10M","9.33%"
"04/01/2020","3,750","3,868","3,930","3,595","3.37M","-5.18%"
"03/31/2020","3,955","3,960","4,030","3,513","5.70M","-6.92%"
"03/30/2020","4,249","4,380","4,466","4,113","3.99M","0.81%"
"03/27/2020","4,215","4,525","4,743","4,187","3.15M","-13.18%"
"03/26/2020","4,855","4,610","5,059","4,500","6.48M","5.70%"
"03/25/2020","4,593","4,040","4,644","3,986","7.34M","13.86%"
"03/24/2020","4,034","4,000","4,262","3,859","5.02M","7.72%"
"03/23/2020","3,745","3,470","3,925","3,343","4.47M","0.75%"
"03/20/2020","3,717","3,950","4,049","3,569","6.52M","10.56%"
"03/19/2020","3,362","3,750","3,849","3,106","4.51M","-18.00%"
"03/18/2020","4,100","4,465","4,465","3,938","7.01M","-8.81%"
"03/17/2020","4,496","4,288","4,516","3,703","6.70M","12.15%"
"03/16/2020","4,009","4,031","4,299","3,371","5.04M","-9.83%"
"03/13/2020","4,446","4,850","5,281","4,360","3.87M","-9.73%"
"03/12/2020","4,925","5,401","5,665","4,600","6.83M","-16.00%"
"03/11/2020","5,863","5,900","6,157","5,812","4.47M","1.52%"
"03/10/2020","5,775","5,900","6,202","5,663","3.65M","-6.88%"
"03/09/2020","6,202","5,990","6,861","5,990","5.29M","-0.91%"
"03/06/2020","6,259","6,338","6,557","6,154","4.07M","3.03%"
"03/05/2020","6,075","5,900","6,161","5,841","4.15M","1.08%"
"03/04/2020","6,010","5,799","6,189","5,799","4.71M","5.75%"
"03/03/2020","5,683","5,639","5,794","5,582","3.48M","2.56%"
"03/02/2020","5,541","5,555","5,850","5,486","3.12M","-0.25%"
"02/28/2020","5,555","5,905","6,135","5,497","3.83M","-13.07%"
"02/27/2020","6,390","6,386","6,595","6,320","2.94M","0.46%"
"02/26/2020","6,361","6,215","6,533","6,215","5.12M","0.02%"
"02/25/2020","6,360","6,300","6,756","6,172","7.18M","-6.19%"
"02/24/2020","6,780","6,255","6,989","6,255","10.86M","14.33%"
"02/21/2020","5,930","5,680","5,950","5,599","4.94M","7.10%"
"02/20/2020","5,537","5,640","5,690","5,435","4.29M","3.59%"
"02/19/2020","5,345","5,080","5,388","5,080","4.48M","9.28%"
"02/18/2020","4,891","4,775","4,917","4,775","3.86M","3.12%"
"02/17/2020","4,743","4,668","4,770","4,562","1.42M","1.61%"
"02/14/2020","4,668","4,490","4,751","4,428","2.66M","7.31%"
"02/13/2020","4,350","4,523","4,600","4,316","4.87M","0.39%"
"02/12/2020","4,333","4,200","4,510","4,044","6.97M","3.66%"
"02/11/2020","4,180","4,565","4,565","4,059","4.28M","-7.67%"
"02/10/2020","4,527","4,460","4,671","4,452","2.21M","-2.22%"
"02/07/2020","4,630","4,500","4,734","4,500","2.55M","1.31%"
"02/06/2020","4,570","4,765","4,831","4,552","2.07M","-2.93%"
"02/05/2020","4,708","4,790","4,879","4,641","1.53M","-0.42%"
"02/04/2020","4,728","4,857","4,950","4,685","1.64M","-3.69%"
"02/03/2020","4,909","4,949","5,028","4,820","1.86M","-3.42%"
"01/31/2020","5,083","4,950","5,140","4,930","1.78M","2.56%"
"01/30/2020","4,956","4,815","5,000","4,815","3.98M","4.38%"
"01/29/2020","4,748","4,850","4,850","4,670","1.80M","-3.55%"
"01/28/2020","4,923","5,230","5,300","4,903","3.22M","-5.74%"
"01/27/2020","5,223","5,291","5,433","5,142","2.76M","2.41%"
"01/24/2020","5,100","5,120","5,120","4,975","2.03M","0.00%"
"01/23/2020","5,100","5,190","5,190","5,024","678.27K","0.71%"
"01/22/2020","5,064","5,100","5,191","5,050","791.65K","0.36%"
"01/21/2020","5,046","5,300","5,449","5,016","1.27M","-3.61%"
"01/20/2020","5,235","5,197","5,280","5,156","1.14M","2.45%"
"01/17/2020","5,110","5,085","5,143","5,023","1.58M","1.09%"
"01/16/2020","5,055","5,048","5,115","4,987","1.25M","1.02%"
"01/15/2020","5,004","5,100","5,174","4,995","2.55M","0.08%"
"01/14/2020","5,000","5,115","5,142","4,965","2.45M","-3.75%"
"01/13/2020","5,195","5,116","5,294","5,116","725.84K","-0.15%"
"01/10/2020","5,203","5,172","5,330","5,119","1.44M","-0.97%"
"01/09/2020","5,254","4,950","5,278","4,732","2.51M","-2.69%"
"01/08/2020","5,399","5,700","5,818","5,383","2.73M","-1.42%"
"01/07/2020","5,477","5,341","5,523","5,323","2.21M","-0.81%"
"01/06/2020","5,522","5,755","5,864","5,481","3.21M","-0.14%"
"01/03/2020","5,530","5,265","5,595","5,265","4.52M","7.17%"
"01/02/2020","5,160","5,100","5,197","4,975","964.43K","0.78%"
"12/31/2019","5,120","5,091","5,163","5,026","354.65K","3.02%"
"12/30/2019","4,970","4,951","5,000","4,876","1.39M","1.06%"
"12/27/2019","4,918","4,825","4,996","4,825","1.82M","4.95%"
"12/24/2019","4,686","4,610","4,686","4,573","481.01K","5.80%"
"12/23/2019","4,429","4,490","4,493","4,326","1.08M","-1.16%"
"12/20/2019","4,481","4,501","4,630","4,453","1.68M","0.04%"
"12/19/2019","4,479","4,433","4,549","4,427","1.45M","1.04%"
"12/18/2019","4,433","4,500","4,600","4,431","1.70M","-3.23%"
"12/17/2019","4,581","4,616","4,641","4,511","1.46M","-0.78%"
"12/13/2019","4,617","4,705","4,705","4,461","3.08M","-4.59%"
"12/12/2019","4,839","4,800","5,017","4,786","3.05M","1.13%"
"12/11/2019","4,785","4,654","4,821","4,570","2.19M","2.64%"
"12/10/2019","4,662","4,553","4,669","4,429","2.51M","2.10%"
"12/09/2019","4,566","4,550","4,601","4,501","1.07M","-0.17%"
"12/06/2019","4,574","4,668","4,690","4,520","1.53M","-2.31%"
"12/05/2019","4,682","4,632","4,752","4,556","2.22M","-0.09%"
"12/04/2019","4,686","4,835","4,985","4,661","2.80M","-1.20%"
"12/03/2019","4,743","4,350","4,770","4,286","4.50M","5.42%"
"12/02/2019","4,499","4,500","4,579","4,440","2.08M","-0.07%"
"11/29/2019","4,502","4,494","4,518","4,311","2.87M","1.24%"
"11/28/2019","4,447","4,499","4,566","4,351","1.47M","-0.96%"
"11/27/2019","4,490","4,570","4,652","4,490","1.94M","-0.49%"
"11/26/2019","4,512","4,550","4,624","4,433","5.93M","-2.49%"
"11/25/2019","4,627","4,603","4,661","4,476","2.50M","-1.49%"
"11/22/2019","4,697","4,861","4,900","4,676","2.09M","-6.19%"
"11/21/2019","5,007","5,052","5,070","4,883","2.91M","0.10%"
"11/20/2019","5,002","4,943","5,070","4,904","1.33M","0.93%"
"11/19/2019","4,956","4,911","4,979","4,846","1.20M","1.18%"
"11/18/2019","4,898","4,776","4,920","4,716","1.43M","0.66%"
"11/15/2019","4,866","4,840","4,934","4,792","1.14M","-0.88%"
"11/14/2019","4,909","4,852","5,010","4,850","1.34M","0.02%"
"11/13/2019","4,908","4,625","5,137","4,625","4.60M","8.01%"
"11/12/2019","4,544","4,220","4,568","4,220","2.63M","-0.26%"
"11/11/2019","4,556","4,622","4,741","4,537","1.36M","-0.72%"
"11/08/2019","4,589","4,625","4,669","4,478","2.20M","-3.96%"
"11/07/2019","4,778","4,850","4,900","4,705","2.13M","-0.93%"
"11/06/2019","4,823","4,860","4,930","4,781","2.01M","0.71%"
"11/05/2019","4,789","4,960","5,015","4,750","1.99M","-5.34%"
"11/04/2019","5,059","5,100","5,157","5,021","1.61M","-1.73%"
"11/01/2019","5,148","5,230","5,329","5,138","1.91M","-1.55%"
"10/31/2019","5,229","5,019","5,291","4,950","5.22M","4.54%"
"10/30/2019","5,002","4,814","5,037","4,760","1.18M","5.37%"
"10/29/2019","4,747","4,708","4,800","4,676","1.29M","-1.15%"
"10/28/2019","4,802","5,000","5,077","4,783","2.88M","-3.96%"
"10/25/2019","5,000","4,948","5,122","4,915","3.27M","2.54%"
"10/24/2019","4,876","4,645","4,907","4,505","2.35M","6.21%"
"10/23/2019","4,591","4,530","4,626","4,502","1.65M","2.27%"
"10/22/2019","4,489","4,550","4,622","4,489","1.15M","-3.00%"
"10/21/2019","4,628","4,748","4,759","4,616","1.14M","-1.45%"
"10/18/2019","4,696","4,560","4,717","4,560","1.44M","3.41%"
"10/17/2019","4,541","4,450","4,569","4,390","1.53M","2.07%"
"10/16/2019","4,449","4,337","4,494","4,314","2.43M","2.99%"
"10/15/2019","4,320","4,414","4,472","4,287","1.34M","-1.80%"
"10/14/2019","4,399","4,450","4,452","4,328","2.11M","-0.27%"
"10/11/2019","4,411","4,620","4,720","4,349","3.36M","-4.11%"
"10/10/2019","4,600","4,800","4,810","4,545","2.49M","-5.64%"
"10/09/2019","4,875","4,920","4,976","4,758","1.62M","0.83%"
"10/08/2019","4,835","4,650","4,905","4,581","2.96M","2.70%"
"10/07/2019","4,708","4,740","4,785","4,619","2.03M","3.20%"
"10/04/2019","4,562","4,520","4,743","4,520","3.86M","-1.77%"
"10/03/2019","4,644","4,565","4,690","4,481","2.47M","1.75%"
"10/02/2019","4,564","4,405","4,592","4,368","2.34M","0.51%"
"10/01/2019","4,541","4,275","4,552","4,142","2.64M","4.87%"
"09/30/2019","4,330","4,455","4,455","4,271","1.82M","-3.28%"
"09/27/2019","4,477","4,566","4,654","4,417","3.44M","-2.14%"
"09/26/2019","4,575","4,725","4,800","4,542","2.22M","-5.55%"
"09/25/2019","4,844","4,925","5,033","4,840","2.55M","-0.21%"
"09/23/2019","4,854","4,700","4,870","4,673","2.20M","6.10%"
"09/20/2019","4,575","4,538","4,669","4,502","4.67M","1.42%"
"09/19/2019","4,511","4,490","4,546","4,387","966.24K","-0.20%"
"09/18/2019","4,520","4,588","4,606","4,460","2.10M","0.02%"
"09/17/2019","4,519","4,385","4,650","4,385","2.46M","2.56%"
"09/16/2019","4,406","4,551","4,669","4,350","2.69M","-0.29%"
"09/13/2019","4,419","4,690","4,690","4,376","2.38M","-9.19%"
"09/12/2019","4,866","4,815","5,049","4,788","4.39M","0.79%"
"09/11/2019","4,828","4,838","4,868","4,737","3.02M","-0.84%"
"09/10/2019","4,869","4,798","4,885","4,709","3.89M","0.47%"
"09/09/2019","4,846","5,047","5,110","4,835","2.37M","-5.48%"
"09/06/2019","5,127","5,127","5,214","5,051","3.28M","-1.52%"
"09/05/2019","5,206","5,400","5,597","5,125","4.60M","-3.50%"
"09/04/2019","5,395","5,320","5,481","5,281","3.68M","-2.09%"
"09/03/2019","5,510","5,581","5,611","5,470","2.86M","-0.54%"
"09/02/2019","5,540","5,507","5,616","5,474","2.18M","-0.29%"
"08/30/2019","5,556","5,558","5,583","5,420","3.66M","-0.04%"
"08/29/2019","5,558","5,865","5,906","5,515","3.20M","-1.78%"
"08/28/2019","5,659","5,750","5,860","5,595","4.80M","1.31%"
"08/27/2019","5,586","5,539","5,622","5,412","2.37M","1.05%"
"08/26/2019","5,528","5,500","5,577","5,300","3.19M","5.32%"
"08/23/2019","5,249","4,970","5,249","4,862","3.07M","4.65%"
"08/22/2019","5,016","4,980","5,126","4,902","2.88M","2.70%"
"08/21/2019","4,884","4,725","4,970","4,692","4.11M","3.87%"
"08/20/2019","4,702","4,500","4,702","4,427","1.38M","3.82%"
"08/19/2019","4,529","4,500","4,541","4,344","1.84M","1.09%"
"08/16/2019","4,480","4,454","4,640","4,414","4.18M","-1.10%"
"08/15/2019","4,530","4,506","4,607","4,349","2.11M","-1.24%"
"08/14/2019","4,587","4,267","4,597","4,245","4.28M","6.67%"
"08/13/2019","4,300","4,690","4,700","4,053","3.43M","-7.96%"
"08/12/2019","4,672","4,476","4,716","4,450","2.66M","7.11%"
"08/08/2019","4,362","4,391","4,485","4,315","1.86M","-2.61%"
"08/07/2019","4,479","4,395","4,590","4,350","4.29M","4.16%"
"08/06/2019","4,300","4,147","4,343","4,116","4.84M","3.94%"
"08/05/2019","4,137","4,050","4,309","4,041","4.21M","6.40%"
"08/02/2019","3,888","3,778","3,901","3,726","1.96M","6.00%"
"08/01/2019","3,668","3,585","3,674","3,421","3.88M","-0.68%"
"07/31/2019","3,693","3,747","3,845","3,640","7.29M","-0.19%"
"07/30/2019","3,700","3,616","3,738","3,601","2.01M","4.96%"
"07/29/2019","3,525","3,489","3,529","3,447","759.39K","0.06%"
"07/26/2019","3,523","3,500","3,563","3,464","951.33K","-0.42%"
"07/25/2019","3,538","3,388","3,600","3,388","2.77M","2.37%"
"07/24/2019","3,456","3,430","3,475","3,366","1.21M","0.64%"
"07/23/2019","3,434","3,414","3,492","3,398","1.36M","-0.98%"
"07/22/2019","3,468","3,483","3,540","3,445","2.04M","0.90%"
"07/19/2019","3,437","3,535","3,589","3,410","3.21M","0.41%"
"07/18/2019","3,423","3,340","3,437","3,326","3.27M","2.95%"
"07/17/2019","3,325","3,269","3,334","3,238","587.42K","0.91%"
"07/16/2019","3,295","3,330","3,330","3,252","963.83K","0.27%"
"07/15/2019","3,286","3,305","3,371","3,246","1.23M","-0.21%"
"07/12/2019","3,293","3,305","3,316","3,239","1.20M","-0.66%"
"07/11/2019","3,315","3,467","3,467","3,303","1.60M","-1.98%"
"07/10/2019","3,382","3,269","3,418","3,266","2.78M","3.77%"
"07/09/2019","3,259","3,279","3,341","3,202","2.33M","1.05%"
"07/08/2019","3,225","3,135","3,249","3,135","2.43M","4.50%"
"07/05/2019","3,086","3,068","3,155","2,997","2.23M","-0.64%"
"07/04/2019","3,106","3,170","3,170","3,056","965.72K","-1.15%"
"07/03/2019","3,142","3,221","3,267","3,098","3.12M","3.66%"
"07/02/2019","3,031","3,010","3,092","3,005","1.31M","-0.66%"
"07/01/2019","3,051","3,036","3,055","2,945","2.81M","-3.88%"
"06/28/2019","3,174","3,175","3,191","3,115","1.22M","1.41%"
"06/27/2019","3,130","3,077","3,151","3,064","1.34M","-0.16%"
"06/26/2019","3,135","3,070","3,144","3,022","2.04M","-2.21%"
"06/25/2019","3,206","3,230","3,298","3,175","3.21M","3.35%"
"06/24/2019","3,102","3,070","3,142","3,023","2.45M","3.61%"
"06/21/2019","2,994","3,050","3,109","2,968","4.27M","-0.10%"
"06/20/2019","2,997","2,960","3,019","2,912","2.63M","7.77%"
"06/19/2019","2,781","2,821","2,821","2,748","1.58M","-1.56%"
"06/18/2019","2,825","2,915","2,945","2,788","2.40M","-2.95%"
"06/14/2019","2,911","2,965","2,990","2,895","2.32M","2.21%"
"06/13/2019","2,848","2,817","2,867","2,767","1.74M","4.32%"
"06/12/2019","2,730","2,716","2,777","2,716","1.80M","3.92%"
"06/11/2019","2,627","2,708","2,716","2,596","2.02M","-3.06%"
"06/10/2019","2,710","2,770","2,770","2,667","2.12M","-4.95%"
"06/07/2019","2,851","2,880","2,926","2,825","2.07M","0.32%"
"06/06/2019","2,842","2,755","2,850","2,714","2.27M","3.12%"
"06/05/2019","2,756","2,727","2,823","2,698","3.52M","3.80%"
"06/04/2019","2,655","2,650","2,696","2,612","2.88M","1.41%"
"06/03/2019","2,618","2,568","2,633","2,560","2.44M","3.68%"
"05/31/2019","2,525","2,448","2,528","2,441","2.64M","6.90%"
"05/30/2019","2,362","2,344","2,369","2,280","1.09M","1.99%"
"05/29/2019","2,316","2,358","2,383","2,309","2.53M","0.83%"
"05/28/2019","2,297","2,252","2,326","2,252","3.59M","-0.13%"
"05/27/2019","2,300","2,390","2,438","2,276","757.43K","0.35%"
"05/24/2019","2,292","2,362","2,383","2,268","837.57K","-4.90%"
"05/23/2019","2,410","2,323","2,414","2,323","929.70K","1.43%"
"05/22/2019","2,376","2,339","2,390","2,311","1.38M","1.41%"
"05/21/2019","2,343","2,331","2,369","2,325","2.75M","0.47%"
"05/20/2019","2,332","2,286","2,375","2,286","3.59M","2.91%"
"05/17/2019","2,266","2,225","2,280","2,225","2.23M","1.80%"
"05/16/2019","2,226","2,286","2,301","2,226","1.23M","-2.79%"
"05/15/2019","2,290","2,303","2,317","2,281","2.19M","-0.09%"
"05/14/2019","2,292","2,318","2,360","2,269","1.76M","-0.26%"
"05/13/2019","2,298","2,265","2,368","2,265","2.27M","-1.29%"
"05/10/2019","2,328","2,360","2,368","2,296","1.49M","-1.31%"
"05/09/2019","2,359","2,399","2,399","2,343","2.23M","-0.46%"
"05/07/2019","2,370","2,374","2,385","2,333","3.46M","0.42%"
"05/06/2019","2,360","2,375","2,384","2,302","1.26M","0.85%"
"05/03/2019","2,340","2,337","2,375","2,301","3.49M","0.47%"
"05/02/2019","2,329","2,411","2,436","2,307","4.49M","-5.09%"
"04/30/2019","2,454","2,512","2,512","2,432","1.85M","-0.89%"
"04/29/2019","2,476","2,573","2,602","2,472","1.10M","-3.28%"
"04/26/2019","2,560","2,629","2,629","2,534","578.31K","-1.84%"
"04/25/2019","2,608","2,550","2,633","2,541","2.29M","2.80%"
"04/24/2019","2,537","2,538","2,547","2,480","964.94K","-0.43%"
"04/23/2019","2,548","2,481","2,548","2,448","1.66M","1.72%"
"04/18/2019","2,505","2,489","2,540","2,486","844.07K","1.01%"
"04/17/2019","2,480","2,575","2,575","2,478","1.05M","-2.90%"
"04/16/2019","2,554","2,561","2,608","2,515","2.53M","-2.26%"
"04/15/2019","2,613","2,600","2,629","2,572","1.79M","-1.69%"
"04/12/2019","2,658","2,655","2,705","2,651","661.87K","-0.82%"
"04/11/2019","2,680","2,728","2,762","2,635","1.82M","-3.04%"
"04/10/2019","2,764","2,880","2,890","2,741","2.53M","-2.37%"
"04/09/2019","2,831","2,837","2,866","2,770","1.40M","-0.21%"
"04/08/2019","2,837","2,710","2,846","2,710","1.74M","7.50%"
"04/05/2019","2,639","2,690","2,714","2,607","2.30M","0.30%"
"04/04/2019","2,631","2,640","2,755","2,604","3.63M","1.31%"
"04/03/2019","2,597","2,532","2,653","2,532","3.13M","2.57%"
"04/02/2019","2,532","2,563","2,626","2,505","5.03M","-1.29%"
"04/01/2019","2,565","2,680","2,702","2,565","1.77M","-5.14%"
"03/29/2019","2,704","2,755","2,756","2,656","1.14M","-3.36%"
"03/28/2019","2,798","2,907","2,931","2,780","2.24M","-4.51%"
"03/27/2019","2,930","2,987","2,987","2,902","1.27M","-0.95%"
"03/26/2019","2,958","2,884","2,971","2,877","645.91K","1.58%"
"03/25/2019","2,912","2,990","2,990","2,859","1.22M","-0.51%"
"03/22/2019","2,927","2,909","2,970","2,885","1.83M","4.46%"
"03/20/2019","2,802","2,900","2,900","2,743","1.91M","1.89%"
"03/19/2019","2,750","2,774","2,875","2,737","3.48M","-3.78%"
"03/18/2019","2,858","2,801","2,904","2,721","3.66M","0.81%"
"03/15/2019","2,835","2,821","2,949","2,803","4.20M","-0.80%"
"03/14/2019","2,858","2,950","2,979","2,811","2.84M","-3.80%"
"03/13/2019","2,971","2,890","2,998","2,871","1.56M","2.52%"
"03/12/2019","2,898","2,864","2,898","2,812","1.30M","2.99%"
"03/11/2019","2,814","2,940","2,940","2,784","1.41M","-1.64%"
"03/08/2019","2,861","2,741","2,977","2,729","5.93M","8.45%"
"03/07/2019","2,638","2,790","2,790","2,629","2.01M","-3.97%"
"03/06/2019","2,747","2,766","2,793","2,682","1.66M","-0.33%"
"03/05/2019","2,756","2,818","2,861","2,749","3.37M","-2.37%"
"03/04/2019","2,823","2,847","2,891","2,750","2.78M","-4.27%"
"03/01/2019","2,949","2,934","2,980","2,897","1.01M","-0.37%"
"02/28/2019","2,960","2,937","2,981","2,910","1.66M","-0.34%"
"02/27/2019","2,970","2,868","3,020","2,868","1.73M","3.30%"
"02/26/2019","2,875","2,820","2,890","2,782","2.20M","1.63%"
"02/25/2019","2,829","2,948","2,949","2,804","2.09M","-2.11%"
"02/22/2019","2,890","2,975","3,058","2,880","2.42M","-3.02%"
"02/21/2019","2,980","2,990","3,155","2,980","2.19M","-3.34%"
"02/20/2019","3,083","2,965","3,094","2,940","3.29M","6.31%"
"02/19/2019","2,900","2,840","2,914","2,812","1.91M","2.11%"
"02/18/2019","2,840","2,849","2,850","2,789","891.15K","3.31%"
"02/15/2019","2,749","2,810","2,853","2,691","2.69M","-2.97%"
"02/14/2019","2,833","2,840","2,885","2,780","2.22M","-0.98%"
"02/13/2019","2,861","2,943","2,980","2,812","3.82M","-4.25%"
"02/12/2019","2,988","2,960","3,062","2,935","1.59M","2.08%"
"02/11/2019","2,927","2,995","3,006","2,874","1.22M","-1.78%"
"02/08/2019","2,980","2,778","3,119","2,762","4.74M","2.76%"
"02/07/2019","2,900","2,805","2,917","2,781","1.94M","0.03%"
"02/06/2019","2,899","2,740","2,899","2,729","4.33M","7.05%"
"02/05/2019","2,708","2,665","2,722","2,652","1.89M","3.24%"
"02/04/2019","2,623","2,680","2,698","2,623","1.35M","-2.60%"
"02/01/2019","2,693","2,656","2,731","2,642","1.49M","1.39%"
"01/31/2019","2,656","2,626","2,672","2,603","1.31M","-0.86%"
"01/30/2019","2,679","2,708","2,772","2,650","2.02M","1.32%"
"01/29/2019","2,644","2,576","2,659","2,568","2.02M","3.40%"
"01/28/2019","2,557","2,498","2,570","2,490","1.49M","3.02%"
"01/25/2019","2,482","2,476","2,495","2,417","970.28K","1.43%"
"01/24/2019","2,447","2,425","2,468","2,400","1.30M","1.79%"
"01/23/2019","2,404","2,444","2,447","2,380","942.85K","-1.64%"
"01/22/2019","2,444","2,438","2,465","2,361","1.33M","2.47%"
"01/21/2019","2,385","2,401","2,447","2,360","797.98K","-1.73%"
"01/18/2019","2,427","2,450","2,496","2,413","780.05K","-3.00%"
"01/17/2019","2,502","2,517","2,528","2,430","773.28K","1.25%"
"01/16/2019","2,471","2,502","2,519","2,462","1.12M","-3.66%"
"01/15/2019","2,565","2,584","2,584","2,518","793.58K","-0.77%"
"01/14/2019","2,585","2,645","2,653","2,583","3.47M","-2.27%"
"01/11/2019","2,645","2,605","2,688","2,587","1.98M","-1.96%"
"01/10/2019","2,698","2,667","2,750","2,667","1.88M","1.43%"
"01/09/2019","2,660","2,618","2,683","2,605","1.75M","2.62%"
"01/08/2019","2,592","2,674","2,680","2,592","1.62M","-4.21%"
"01/07/2019","2,706","2,700","2,750","2,681","1.12M","-0.33%"
"01/04/2019","2,715","2,702","2,775","2,688","1.43M","-2.76%"
"01/03/2019","2,792","2,654","2,792","2,654","2.23M","5.36%"
"01/02/2019","2,650","2,600","2,697","2,551","1.91M","5.16%"
"12/31/2018","2,520","2,452","2,520","2,444","319.53K","1.04%"
"12/28/2018","2,494","2,456","2,532","2,443","1.23M","-0.36%"
"12/27/2018","2,503","2,550","2,550","2,438","855.79K","0.93%"
"12/24/2018","2,480","2,500","2,530","2,444","560.17K","2.39%"
"12/21/2018","2,422","2,485","2,560","2,413","1.63M","-3.35%"
"12/20/2018","2,506","2,402","2,531","2,402","1.71M","-3.24%"
"12/19/2018","2,590","2,405","2,590","2,405","3.35M","8.10%"
"12/18/2018","2,396","2,370","2,399","2,332","1.54M","5.04%"
"12/14/2018","2,281","2,339","2,339","2,238","1.27M","-1.98%"
"12/13/2018","2,327","2,300","2,360","2,286","1.72M","0.17%"
"12/12/2018","2,323","2,299","2,337","2,277","1.07M","1.66%"
"12/11/2018","2,285","2,294","2,355","2,241","1.72M","-3.26%"
"12/10/2018","2,362","2,432","2,432","2,334","1.24M","2.21%"
"12/07/2018","2,311","2,348","2,348","2,251","1.32M","0.52%"
"12/06/2018","2,299","2,250","2,385","2,225","4.09M","4.50%"
"12/05/2018","2,200","2,170","2,232","2,143","2.94M","3.82%"
"12/04/2018","2,119","2,149","2,155","2,090","1.54M","0.90%"
"12/03/2018","2,100","2,120","2,167","2,085","2.60M","0.62%"
"11/30/2018","2,087","2,105","2,154","2,087","1.35M","-3.38%"
"11/29/2018","2,160","2,156","2,211","2,156","995.19K","1.60%"
"11/28/2018","2,126","2,169","2,195","2,117","1.62M","-2.25%"
"11/27/2018","2,175","2,211","2,247","2,166","752.20K","-2.82%"
"11/26/2018","2,238","2,279","2,307","2,230","1.30M","-2.53%"
"11/23/2018","2,296","2,383","2,383","2,288","1.54M","-2.30%"
"11/22/2018","2,350","2,390","2,395","2,335","1.60M","-1.26%"
"11/21/2018","2,380","2,361","2,414","2,361","1.44M","-0.83%"
"11/20/2018","2,400","2,417","2,483","2,381","2.42M","-2.24%"
"11/19/2018","2,455","2,428","2,478","2,388","3.22M","1.11%"
"11/16/2018","2,428","2,434","2,468","2,416","3.37M","0.17%"
"11/15/2018","2,424","2,344","2,450","2,343","1.59M","4.75%"
"11/14/2018","2,314","2,345","2,385","2,286","1.53M","-1.45%"
"11/13/2018","2,348","2,369","2,435","2,334","1.68M","-2.98%"
"11/12/2018","2,420","2,431","2,464","2,404","1.02M","-1.26%"
"11/09/2018","2,451","2,498","2,527","2,437","826.00K","-1.41%"
"11/08/2018","2,486","2,475","2,507","2,431","829.91K","0.53%"
"11/07/2018","2,473","2,541","2,573","2,468","1.25M","-2.29%"
"11/06/2018","2,531","2,600","2,620","2,525","2.95M","-3.14%"
"11/05/2018","2,613","2,649","2,730","2,597","2.08M","-1.25%"
"11/02/2018","2,646","2,800","2,800","2,640","2.55M","-6.14%"
"11/01/2018","2,819","2,836","2,878","2,696","1.97M","0.93%"
"10/31/2018","2,793","2,850","2,911","2,784","1.11M","-3.05%"
"10/30/2018","2,881","2,900","2,924","2,843","1.00M","0.56%"
"10/29/2018","2,865","2,930","2,930","2,800","1.92M","-3.76%"
"10/26/2018","2,977","3,000","3,085","2,945","1.97M","0.95%"
"10/25/2018","2,949","3,055","3,096","2,937","1.26M","-1.11%"
"10/24/2018","2,982","2,941","3,037","2,913","1.99M","-0.63%"
"10/23/2018","3,001","3,000","3,054","2,958","3.22M","4.38%"
"10/22/2018","2,875","2,900","2,955","2,822","1.44M","-3.85%"
"10/19/2018","2,990","3,044","3,089","2,974","3.67M","-0.33%"
"10/18/2018","3,000","2,897","3,027","2,895","1.94M","2.92%"
"10/17/2018","2,915","2,936","2,946","2,833","3.35M","-2.87%"
"10/16/2018","3,001","3,100","3,150","2,997","3.55M","-4.03%"
"10/15/2018","3,127","2,851","3,149","2,851","3.90M","10.65%"
"10/12/2018","2,826","2,883","2,952","2,815","3.87M","-1.98%"
"10/11/2018","2,883","2,521","2,889","2,502","4.79M","18.84%"
"10/10/2018","2,426","2,529","2,529","2,416","477.32K","-4.68%"
"10/09/2018","2,545","2,503","2,556","2,503","699.87K","0.99%"
"10/08/2018","2,520","2,450","2,530","2,442","1.14M","3.79%"
"10/05/2018","2,428","2,419","2,447","2,411","361.73K","-0.98%"
"10/04/2018","2,452","2,400","2,464","2,400","702.58K","2.17%"
"10/03/2018","2,400","2,425","2,448","2,387","765.49K","-2.00%"
"10/02/2018","2,449","2,349","2,475","2,323","1.47M","5.88%"
"10/01/2018","2,313","2,293","2,348","2,293","1.01M","-0.94%"
"09/28/2018","2,335","2,350","2,374","2,303","1.28M","-0.98%"
"09/27/2018","2,358","2,502","2,571","2,308","2.25M","-8.46%"
"09/26/2018","2,576","2,627","2,627","2,540","1.39M","-4.38%"
"09/25/2018","2,694","2,623","2,699","2,569","1.45M","-0.19%"
"09/21/2018","2,699","2,699","2,734","2,656","4.29M","0.56%"
"09/20/2018","2,684","2,631","2,699","2,631","1.02M","-0.59%"
"09/19/2018","2,700","2,739","2,753","2,666","2.34M","-1.82%"
"09/18/2018","2,750","2,703","2,755","2,700","1.09M","0.47%"
"09/17/2018","2,737","2,590","2,737","2,573","1.76M","5.43%"
"09/14/2018","2,596","2,562","2,630","2,562","445.58K","0.97%"
"09/13/2018","2,571","2,572","2,637","2,526","887.90K","-0.66%"
"09/12/2018","2,588","2,560","2,612","2,521","1.52M","0.62%"
"09/11/2018","2,572","2,600","2,623","2,488","1.50M","-2.61%"
"09/10/2018","2,641","2,663","2,706","2,577","1.29M","-1.05%"
"09/07/2018","2,669","2,640","2,695","2,584","1.20M","-0.19%"
"09/06/2018","2,674","2,690","2,711","2,600","1.68M","-0.48%"
"09/05/2018","2,687","2,545","2,779","2,542","4.59M","7.57%"
"09/04/2018","2,498","2,384","2,512","2,384","2.28M","4.34%"
"09/03/2018","2,394","2,381","2,421","2,381","949.84K","0.08%"
"08/31/2018","2,392","2,390","2,435","2,380","1.27M","1.87%"
"08/30/2018","2,348","2,401","2,440","2,316","2.83M","-1.88%"
"08/29/2018","2,393","2,333","2,415","2,318","1.06M","2.79%"
"08/28/2018","2,328","2,377","2,448","2,320","1.53M","-1.02%"
"08/27/2018","2,352","2,229","2,358","2,229","1.35M","3.84%"
"08/24/2018","2,265","2,200","2,272","2,152","1.06M","3.33%"
"08/23/2018","2,192","2,300","2,300","2,179","1.53M","-3.86%"
"08/22/2018","2,280","2,224","2,296","2,177","2.02M","5.31%"
"08/21/2018","2,165","2,107","2,200","2,095","1.19M","2.27%"
"08/20/2018","2,117","2,213","2,213","2,036","2.59M","-4.08%"
"08/17/2018","2,207","2,120","2,331","2,063","4.20M","-1.16%"
"08/16/2018","2,233","2,212","2,249","2,105","3.60M","-2.66%"
"08/15/2018","2,294","2,270","2,356","2,208","4.19M","0.61%"
"08/14/2018","2,280","2,256","2,307","2,238","3.04M","-0.61%"
"08/13/2018","2,294","2,285","2,330","2,242","1.48M","0.39%"
"08/10/2018","2,285","2,266","2,310","2,229","1.40M","5.25%"
"08/08/2018","2,171","2,140","2,200","2,140","1.24M","0.05%"
"08/07/2018","2,170","2,124","2,175","2,079","936.88K","0.56%"
"08/06/2018","2,158","2,131","2,166","2,123","762.40K","0.14%"
"08/03/2018","2,155","2,250","2,250","2,127","1.29M","-0.42%"
"08/02/2018","2,164","2,165","2,200","2,131","676.58K","1.69%"
"08/01/2018","2,128","2,225","2,243","2,100","2.17M","-2.30%"
"07/31/2018","2,178","2,211","2,239","2,152","1.69M","-1.49%"
"07/30/2018","2,211","2,155","2,229","2,155","967.97K","2.03%"
"07/27/2018","2,167","2,192","2,203","2,161","602.87K","-1.99%"
"07/26/2018","2,211","2,235","2,286","2,174","1.04M","1.38%"
"07/25/2018","2,181","2,182","2,224","2,164","697.05K","-0.05%"
"07/24/2018","2,182","2,146","2,240","2,146","859.76K","0.74%"
"07/23/2018","2,166","2,148","2,195","2,147","710.58K","2.65%"
"07/20/2018","2,110","2,088","2,166","2,088","555.68K","0.29%"
"07/19/2018","2,104","2,105","2,145","2,081","961.95K","0.72%"
"07/18/2018","2,089","2,099","2,149","2,074","805.59K","1.26%"
"07/17/2018","2,063","2,091","2,141","2,056","1.69M","-0.72%"
"07/16/2018","2,078","2,141","2,141","2,077","450.33K","-1.98%"
"07/13/2018","2,120","2,176","2,180","2,094","1.23M","-4.16%"
"07/12/2018","2,212","2,249","2,267","2,191","930.68K","-2.12%"
"07/11/2018","2,260","2,247","2,279","2,237","1.05M","0.67%"
"07/10/2018","2,245","2,264","2,264","2,200","1.41M","-2.09%"
"07/09/2018","2,293","2,300","2,338","2,264","771.87K","-0.13%"
"07/06/2018","2,296","2,228","2,296","2,201","1.06M","2.14%"
"07/05/2018","2,248","2,269","2,294","2,230","544.37K","-1.66%"
"07/04/2018","2,286","2,241","2,299","2,233","1.11M","-0.52%"
"07/03/2018","2,298","2,196","2,298","2,175","1.83M","3.79%"
"07/02/2018","2,214","2,098","2,255","2,098","3.00M","4.34%"
"06/29/2018","2,122","2,060","2,123","2,060","1.70M","2.46%"
"06/28/2018","2,071","2,107","2,119","2,044","1.42M","-0.38%"
"06/27/2018","2,079","2,050","2,079","2,015","2.11M","2.41%"
"06/26/2018","2,030","2,091","2,134","1,997","3.47M","-3.38%"
"06/25/2018","2,101","2,100","2,144","2,086","962.74K","-1.59%"
"06/22/2018","2,135","2,131","2,212","2,115","1.68M","-1.07%"
"06/21/2018","2,158","2,111","2,165","2,091","1.28M","0.84%"
"06/20/2018","2,140","2,116","2,191","2,116","2.09M","1.23%"
"06/19/2018","2,114","2,109","2,153","2,080","1.44M","1.54%"
"06/18/2018","2,082","1,990","2,082","1,990","1.79M","5.15%"
"06/15/2018","1,980","2,045","2,092","1,980","6.50M","-3.18%"
"06/14/2018","2,045","2,079","2,125","2,021","5.27M","1.39%"
"06/13/2018","2,017","2,041","2,079","2,009","1.90M","-2.04%"
"06/12/2018","2,059","2,031","2,064","1,981","3.23M","2.18%"
"06/11/2018","2,015","2,040","2,050","1,967","5.01M","-1.66%"
"06/08/2018","2,049","2,035","2,088","2,015","4.96M","2.40%"
"06/07/2018","2,001","2,021","2,060","1,980","9.00M","1.06%"
"06/06/2018","1,980","1,999","2,010","1,941","11.56M","-8.59%"
"06/05/2018","2,166","2,095","2,166","2,077","574.41K","1.79%"
"06/04/2018","2,128","2,144","2,144","2,090","969.78K","-0.84%"
"06/01/2018","2,146","2,100","2,173","2,100","1.39M","1.47%"
"05/31/2018","2,115","2,126","2,154","2,099","1.45M","-0.89%"
"05/30/2018","2,134","2,125","2,156","2,089","1.33M","-1.20%"
"05/29/2018","2,160","2,070","2,197","2,070","2.93M","5.73%"
"05/28/2018","2,043","2,187","2,199","1,972","1.24M","-6.46%"
"05/25/2018","2,184","2,200","2,213","2,153","1.11M","-1.27%"
"05/24/2018","2,212","2,153","2,214","2,146","921.64K","2.12%"
"05/23/2018","2,166","2,213","2,238","2,151","1.25M","-2.12%"
"05/22/2018","2,213","2,191","2,233","2,181","939.01K","-1.12%"
"05/21/2018","2,238","2,250","2,258","2,210","802.66K","-0.67%"
"05/18/2018","2,253","2,264","2,308","2,229","1.29M","-1.40%"
"05/17/2018","2,285","2,235","2,295","2,200","1.19M","1.38%"
"05/16/2018","2,254","2,384","2,402","2,202","2.39M","-5.57%"
"05/15/2018","2,387","2,385","2,445","2,367","1.92M","-0.67%"
"05/14/2018","2,403","2,429","2,429","2,311","1.33M","-1.31%"
"05/11/2018","2,435","2,377","2,446","2,360","901.01K","2.74%"
"05/10/2018","2,370","2,455","2,476","2,340","1.88M","-5.35%"
"05/09/2018","2,504","2,539","2,598","2,358","1.31M","-2.23%"
"05/08/2018","2,561","2,551","2,600","2,501","1.58M","-1.58%"
"05/07/2018","2,602","2,576","2,615","2,554","1.20M","-0.69%"
"05/04/2018","2,620","2,649","2,649","2,583","1.56M","-2.64%"
"05/03/2018","2,691","2,600","2,691","2,600","1.29M","2.01%"
"05/02/2018","2,638","2,600","2,716","2,580","3.69M","2.25%"
"04/30/2018","2,580","2,559","2,608","2,530","615.50K","0.82%"
"04/26/2018","2,559","2,500","2,584","2,434","6.93M","4.41%"
"04/25/2018","2,451","2,378","2,570","2,356","3.18M","1.41%"
"04/24/2018","2,417","2,378","2,424","2,377","812.76K","0.33%"
"04/23/2018","2,409","2,365","2,417","2,322","1.24M","1.99%"
"04/20/2018","2,362","2,372","2,396","2,326","1.01M","0.08%"
"04/19/2018","2,360","2,394","2,519","2,349","2.15M","-1.38%"
"04/18/2018","2,393","2,356","2,421","2,270","2.48M","1.23%"
"04/17/2018","2,364","2,339","2,434","2,329","1.55M","-4.29%"
"04/16/2018","2,470","2,500","2,578","2,469","1.52M","-2.56%"
"04/13/2018","2,535","2,518","2,610","2,458","1.37M","0.60%"
"04/12/2018","2,520","2,725","2,725","2,514","2.29M","-7.39%"
"04/11/2018","2,721","2,703","2,794","2,652","3.58M","-1.02%"
"04/10/2018","2,749","2,750","2,799","2,685","1.44M","-3.07%"
"04/09/2018","2,836","2,860","2,908","2,834","944.09K","-1.53%"
"04/06/2018","2,880","2,696","2,902","2,696","2.07M","4.88%"
"04/05/2018","2,746","2,683","2,765","2,651","605.21K","0.11%"
"04/04/2018","2,743","2,842","2,895","2,733","1.09M","-2.52%"
"04/03/2018","2,814","2,845","2,867","2,802","827.46K","0.04%"
"03/29/2018","2,813","2,800","2,831","2,735","944.44K","2.44%"
"03/28/2018","2,746","2,779","2,795","2,712","2.13M","1.63%"
"03/27/2018","2,702","2,820","2,878","2,702","1.14M","-1.42%"
"03/26/2018","2,741","2,715","2,754","2,613","879.09K","0.04%"
"03/23/2018","2,740","2,753","2,757","2,675","1.88M","2.05%"
"03/22/2018","2,685","2,641","2,698","2,598","832.82K","3.35%"
"03/20/2018","2,598","2,593","2,663","2,550","911.74K","2.08%"
"03/19/2018","2,545","2,500","2,689","2,452","570.45K","0.95%"
"03/16/2018","2,521","2,599","2,672","2,487","3.11M","-5.65%"
"03/15/2018","2,672","2,530","2,764","2,508","4.42M","5.61%"
"03/14/2018","2,530","2,501","2,578","2,501","923.89K","-1.09%"
"03/13/2018","2,558","2,628","2,628","2,513","931.99K","-0.39%"
"03/12/2018","2,568","2,600","2,605","2,506","461.47K","-1.80%"
"03/09/2018","2,615","2,607","2,671","2,602","1.71M","5.66%"
"03/08/2018","2,475","2,507","2,571","2,464","903.85K","-5.25%"
"03/07/2018","2,612","2,624","2,638","2,590","488.95K","-0.46%"
"03/06/2018","2,624","2,570","2,636","2,528","870.38K","4.29%"
"03/05/2018","2,516","2,600","2,648","2,473","991.70K","-3.12%"
"03/02/2018","2,597","2,480","2,633","2,377","2.33M","7.09%"
"03/01/2018","2,425","2,390","2,450","2,367","621.36K","2.67%"
"02/28/2018","2,362","2,389","2,430","2,356","1.01M","-2.80%"
"02/27/2018","2,430","2,401","2,474","2,385","493.61K","0.25%"
"02/26/2018","2,424","2,400","2,457","2,387","654.02K","3.59%"
"02/23/2018","2,340","2,345","2,449","2,318","1.24M","-2.17%"
"02/22/2018","2,392","2,432","2,434","2,346","619.69K","0.04%"
"02/21/2018","2,391","2,382","2,396","2,277","481.91K","-0.04%"
"02/20/2018","2,392","2,444","2,445","2,370","653.43K","-2.92%"
"02/19/2018","2,464","2,472","2,480","2,391","421.08K","-0.32%"
"02/16/2018","2,472","2,410","2,472","2,366","850.21K","1.73%"
"02/15/2018","2,430","2,442","2,479","2,398","2.02M","4.11%"
"02/14/2018","2,334","2,190","2,380","2,190","2.78M","10.51%"
"02/13/2018","2,112","2,100","2,199","2,065","1.28M","3.73%"
"02/12/2018","2,036","2,060","2,162","1,990","794.80K","-1.93%"
"02/09/2018","2,076","2,018","2,198","1,986","3.09M","3.59%"
"02/08/2018","2,004","1,975","2,015","1,950","1.36M","1.47%"
"02/07/2018","1,975","2,017","2,017","1,906","1.45M","-2.08%"
"02/06/2018","2,017","2,060","2,075","1,975","1.65M","3.33%"
"02/05/2018","1,952","1,989","1,989","1,930","588.26K","-1.91%"
"02/02/2018","1,990","2,003","2,070","1,971","794.15K","-2.55%"
"02/01/2018","2,042","2,040","2,083","1,988","872.12K","2.51%"
"01/31/2018","1,992","1,998","2,026","1,951","860.67K","3.53%"
"01/30/2018","1,924","2,030","2,053","1,900","1.73M","-5.22%"
"01/29/2018","2,030","2,060","2,086","2,030","653.58K","-2.12%"
"01/26/2018","2,074","2,087","2,150","2,054","655.23K","-0.72%"
"01/25/2018","2,089","2,104","2,150","2,074","1.56M","-1.42%"
"01/24/2018","2,119","2,072","2,156","2,042","1.34M","2.32%"
"01/23/2018","2,071","2,078","2,081","2,039","762.60K","-1.15%"
"01/22/2018","2,095","2,091","2,129","2,030","691.39K","0.19%"
"01/19/2018","2,091","2,070","2,130","2,035","646.18K","-0.05%"
"01/18/2018","2,092","2,106","2,106","2,030","1.17M","-0.66%"
"01/17/2018","2,106","2,125","2,168","2,066","1.13M","-1.54%"
"01/16/2018","2,139","2,225","2,225","2,116","1.17M","-2.42%"
"01/15/2018","2,192","2,259","2,287","2,177","815.28K","-1.26%"
"01/12/2018","2,220","2,250","2,278","2,217","903.38K","0.41%"
"01/11/2018","2,211","2,194","2,242","2,194","378.18K","0.00%"
"01/10/2018","2,211","2,150","2,245","2,113","713.93K","3.71%"
"01/09/2018","2,132","2,166","2,229","2,104","1.14M","-4.82%"
"01/08/2018","2,240","2,387","2,387","2,170","783.01K","-1.50%"
"01/05/2018","2,274","2,290","2,323","2,252","648.35K","-1.77%"
"01/04/2018","2,315","2,339","2,339","2,235","580.91K","-1.32%"
"01/03/2018","2,346","2,350","2,374","2,292","560.65K","1.25%"
"01/02/2018","2,317","2,300","2,424","2,300","1.23M","2.12%"
"12/29/2017","2,269","2,330","2,330","2,260","100.65K","0.40%"
"12/28/2017","2,260","2,242","2,319","2,201","790.53K","-1.44%"
"12/27/2017","2,293","2,254","2,323","2,252","569.92K","3.10%"
"12/22/2017","2,224","2,228","2,250","2,214","217.16K","-0.27%"
"12/21/2017","2,230","2,203","2,253","2,185","535.83K","2.39%"
"12/20/2017","2,178","2,165","2,223","2,107","833.89K","2.06%"
"12/19/2017","2,134","2,277","2,284","2,114","1.27M","-7.10%"
"12/18/2017","2,297","2,340","2,340","2,260","1.02M","-0.35%"
"12/15/2017","2,305","2,274","2,340","2,273","1.16M","0.70%"
"12/14/2017","2,289","2,289","2,331","2,234","1.01M","3.57%"
"12/13/2017","2,210","2,230","2,317","2,192","435.80K","-1.78%"
"12/12/2017","2,250","2,320","2,320","2,224","616.95K","-3.10%"
"12/11/2017","2,322","2,320","2,323","2,279","496.58K","0.09%"
"12/08/2017","2,320","2,215","2,417","2,215","3.25M","3.80%"
"12/07/2017","2,235","2,199","2,246","2,155","819.28K","0.00%"
"12/06/2017","2,235","2,355","2,395","2,166","1.52M","-5.10%"
"12/05/2017","2,355","2,405","2,428","2,338","724.90K","-2.69%"
"12/04/2017","2,420","2,440","2,500","2,406","624.16K","-1.71%"
"12/01/2017","2,462","2,495","2,503","2,445","1.00M","-2.38%"
"11/30/2017","2,522","2,403","2,529","2,403","2.23M","5.30%"
"11/29/2017","2,395","2,409","2,458","2,379","2.00M","-0.21%"
"11/28/2017","2,400","2,470","2,499","2,376","1.96M","-0.54%"
"11/27/2017","2,413","2,475","2,516","2,391","1.05M","-2.31%"
"11/24/2017","2,470","2,443","2,490","2,443","904.76K","1.23%"
"11/23/2017","2,440","2,462","2,463","2,422","737.07K","0.04%"
"11/22/2017","2,439","2,440","2,457","2,388","1.26M","-0.04%"
"11/21/2017","2,440","2,463","2,490","2,428","2.13M","0.87%"
"11/20/2017","2,419","2,503","2,530","2,417","1.26M","-2.93%"
"11/17/2017","2,492","2,555","2,589","2,478","1.92M","-2.20%"
"11/16/2017","2,548","2,560","2,605","2,527","884.14K","-2.56%"
"11/15/2017","2,615","2,552","2,648","2,527","1.98M","3.12%"
"11/14/2017","2,536","2,630","2,631","2,492","1.20M","-3.76%"
"11/13/2017","2,635","2,600","2,688","2,560","1.04M","0.00%"
"11/10/2017","2,635","2,580","2,689","2,578","1.45M","2.13%"
"11/09/2017","2,580","2,525","2,636","2,525","1.19M","0.86%"
"11/08/2017","2,558","2,550","2,588","2,470","1.01M","2.32%"
"11/07/2017","2,500","2,550","2,615","2,480","2.18M","-0.32%"
"11/06/2017","2,508","2,500","2,530","2,465","1.38M","2.03%"
"11/03/2017","2,458","2,460","2,495","2,450","1.30M","-0.69%"
"11/02/2017","2,475","2,486","2,499","2,428","868.59K","0.53%"
"11/01/2017","2,462","2,420","2,477","2,420","1.41M","1.78%"
"10/31/2017","2,419","2,450","2,480","2,390","1.63M","-1.67%"
"10/30/2017","2,460","2,421","2,462","2,420","737.80K","0.74%"
"10/27/2017","2,442","2,400","2,449","2,352","1.52M","2.61%"
"10/26/2017","2,380","2,359","2,464","2,359","4.99M","3.70%"
"10/25/2017","2,295","2,220","2,367","2,200","3.35M","3.29%"
"10/24/2017","2,222","2,221","2,250","2,189","1.93M","1.23%"
"10/23/2017","2,195","2,206","2,206","2,143","1.88M","-1.26%"
"10/20/2017","2,223","2,230","2,259","2,174","4.63M","-1.98%"
"10/19/2017","2,268","2,380","2,380","2,209","3.38M","-3.12%"
"10/18/2017","2,341","2,374","2,374","2,316","1.08M","-0.21%"
"10/17/2017","2,346","2,384","2,384","2,307","1.86M","-3.42%"
"10/16/2017","2,429","2,423","2,483","2,408","1.86M","0.58%"
"10/13/2017","2,415","2,509","2,517","2,413","1.56M","-2.74%"
"10/12/2017","2,483","2,495","2,614","2,482","3.15M","0.69%"
"10/11/2017","2,466","2,524","2,524","2,466","720.67K","-2.95%"
"10/10/2017","2,541","2,580","2,589","2,528","975.24K","-0.16%"
"10/09/2017","2,545","2,530","2,580","2,530","1.24M","3.25%"
"10/06/2017","2,465","2,430","2,465","2,410","1.82M","0.65%"
"10/05/2017","2,449","2,468","2,480","2,429","1.33M","-0.93%"
"10/04/2017","2,472","2,484","2,514","2,459","1.35M","-0.16%"
"10/03/2017","2,476","2,400","2,492","2,371","839.45K","3.60%"
"10/02/2017","2,390","2,375","2,435","2,343","1.52M","-0.91%"
"09/29/2017","2,412","2,422","2,442","2,395","944.33K","0.84%"
"09/28/2017","2,392","2,386","2,416","2,359","1.55M","-1.24%"
"09/27/2017","2,422","2,450","2,469","2,364","1.73M","-2.18%"
"09/26/2017","2,476","2,514","2,542","2,465","1.65M","1.39%"
"09/22/2017","2,442","2,450","2,460","2,385","1.78M","2.43%"
"09/21/2017","2,384","2,539","2,539","2,384","2.69M","-8.31%"
"09/20/2017","2,600","2,674","2,674","2,553","942.74K","-1.63%"
"09/19/2017","2,643","2,611","2,649","2,571","929.91K","1.54%"
"09/18/2017","2,603","2,682","2,724","2,603","1.88M","-5.35%"
"09/15/2017","2,750","2,681","2,750","2,643","2.94M","3.77%"
"09/14/2017","2,650","2,600","2,655","2,563","1.05M","0.53%"
"09/13/2017","2,636","2,601","2,658","2,601","1.14M","1.35%"
"09/12/2017","2,601","2,547","2,620","2,529","1.48M","0.42%"
"09/11/2017","2,590","2,604","2,635","2,543","1.22M","-3.11%"
"09/08/2017","2,673","2,745","2,757","2,665","1.21M","0.04%"
"09/07/2017","2,672","2,655","2,698","2,644","1.65M","-1.80%"
"09/06/2017","2,721","2,785","2,785","2,694","1.77M","0.78%"
"09/05/2017","2,700","2,798","2,798","2,667","1.88M","-3.23%"
"09/04/2017","2,790","2,723","2,828","2,709","2.15M","6.37%"
"09/01/2017","2,623","2,602","2,663","2,580","1.95M","1.51%"
"08/31/2017","2,584","2,501","2,597","2,481","1.68M","1.29%"
"08/30/2017","2,551","2,529","2,585","2,481","2.60M","0.00%"
"08/29/2017","2,551","2,500","2,594","2,487","4.52M","7.05%"
"08/28/2017","2,383","2,435","2,459","2,341","1.24M","-2.01%"
"08/25/2017","2,432","2,489","2,489","2,394","939.17K","2.14%"
"08/24/2017","2,381","2,340","2,451","2,340","854.40K","-1.37%"
"08/23/2017","2,414","2,385","2,454","2,380","952.47K","1.34%"
"08/22/2017","2,382","2,459","2,465","2,379","1.78M","-4.03%"
"08/21/2017","2,482","2,489","2,503","2,415","1.75M","-0.68%"
"08/18/2017","2,499","2,365","2,520","2,354","3.30M","8.75%"
"08/17/2017","2,298","2,382","2,420","2,288","1.44M","0.48%"
"08/16/2017","2,287","2,271","2,314","2,245","1.48M","0.88%"
"08/15/2017","2,267","2,301","2,343","2,264","1.82M","-4.22%"
"08/14/2017","2,367","2,430","2,455","2,358","2.14M","-3.19%"
"08/11/2017","2,445","2,401","2,493","2,400","4.99M","3.03%"
"08/10/2017","2,373","2,340","2,387","2,340","3.26M","6.27%"
"08/08/2017","2,233","2,230","2,246","2,152","966.35K","1.96%"
"08/07/2017","2,190","2,280","2,303","2,182","911.96K","-3.61%"
"08/04/2017","2,272","2,302","2,345","2,246","1.19M","-2.07%"
"08/03/2017","2,320","2,273","2,343","2,223","1.25M","1.58%"
"08/02/2017","2,284","2,355","2,376","2,261","1.72M","-3.42%"
"08/01/2017","2,365","2,375","2,379","2,318","1.04M","0.90%"
"07/31/2017","2,344","2,277","2,368","2,250","2.14M","3.67%"
"07/28/2017","2,261","2,191","2,265","2,191","598.71K","2.08%"
"07/27/2017","2,215","2,232","2,248","2,189","1.06M","1.47%"
"07/26/2017","2,183","2,180","2,205","2,150","577.77K","0.05%"
"07/25/2017","2,182","2,205","2,205","2,117","1.15M","-0.64%"
"07/24/2017","2,196","2,265","2,265","2,183","753.13K","-1.39%"
"07/21/2017","2,227","2,264","2,267","2,182","943.67K","0.00%"
"07/20/2017","2,227","2,200","2,249","2,150","898.81K","1.23%"
"07/19/2017","2,200","2,243","2,243","2,124","1.52M","-0.95%"
"07/18/2017","2,221","2,248","2,268","2,211","517.84K","-0.45%"
"07/17/2017","2,231","2,253","2,255","2,206","536.27K","0.50%"
"07/14/2017","2,220","2,200","2,277","2,162","861.22K","1.37%"
"07/13/2017","2,190","2,277","2,291","2,158","1.21M","-3.27%"
"07/12/2017","2,264","2,232","2,271","2,201","1.13M","3.47%"
"07/11/2017","2,188","2,179","2,216","2,163","1.53M","1.91%"
"07/10/2017","2,147","2,080","2,149","2,041","599.51K","1.85%"
"07/07/2017","2,108","2,167","2,190","2,103","1.06M","-2.72%"
"07/06/2017","2,167","2,169","2,198","2,129","1.71M","-1.14%"
"07/05/2017","2,192","2,170","2,225","2,096","2.62M","1.01%"
"07/04/2017","2,170","2,125","2,209","2,120","1.53M","2.46%"
"07/03/2017","2,118","2,139","2,139","2,024","2.16M","-2.31%"
"06/30/2017","2,168","2,150","2,219","2,070","2.34M","3.68%"
"06/29/2017","2,091","2,060","2,130","2,009","2.92M","-1.97%"
"06/28/2017","2,133","2,101","2,191","2,100","850.33K","-1.71%"
"06/27/2017","2,170","2,149","2,203","2,133","1.64M","2.55%"
"06/26/2017","2,116","2,152","2,185","2,051","1.49M","-1.86%"
"06/23/2017","2,156","2,101","2,164","2,101","663.33K","1.60%"
"06/22/2017","2,122","2,135","2,157","2,062","1.50M","0.57%"
"06/21/2017","2,110","2,055","2,133","2,050","1.19M","2.03%"
"06/20/2017","2,068","2,169","2,196","2,042","1.89M","-6.26%"
"06/19/2017","2,206","2,205","2,277","2,058","3.25M","-3.25%"
"06/15/2017","2,280","2,324","2,325","2,238","2.66M","-4.00%"
"06/14/2017","2,375","2,398","2,486","2,374","2.14M","-0.42%"
"06/13/2017","2,385","2,438","2,440","2,353","958.84K","-2.17%"
"06/12/2017","2,438","2,417","2,478","2,321","1.79M","0.54%"
"06/09/2017","2,425","2,450","2,561","2,411","1.85M","-3.00%"
"06/08/2017","2,500","2,550","2,572","2,474","1.30M","-3.59%"
"06/07/2017","2,593","2,605","2,655","2,550","2.33M","-0.27%"
"06/06/2017","2,600","2,500","2,600","2,489","3.50M","6.47%"
"06/05/2017","2,442","2,450","2,485","2,423","1.24M","-0.04%"
"06/02/2017","2,443","2,490","2,499","2,320","2.27M","-3.82%"
"06/01/2017","2,540","2,609","2,623","2,472","2.10M","-3.35%"
"05/31/2017","2,628","2,675","2,692","2,611","1.12M","-1.90%"
"05/30/2017","2,679","2,750","2,761","2,630","2.06M","-1.18%"
"05/29/2017","2,711","2,800","2,801","2,703","525.53K","-3.04%"
"05/26/2017","2,796","2,771","2,858","2,728","1.44M","2.04%"
"05/25/2017","2,740","2,875","2,915","2,725","1.47M","-4.79%"
"05/24/2017","2,878","2,961","2,983","2,855","1.28M","-7.01%"
"05/23/2017","3,095","3,146","3,194","3,050","1.03M","-0.83%"
"05/22/2017","3,121","3,058","3,130","2,982","1.27M","1.86%"
"05/19/2017","3,064","3,090","3,182","3,028","2.83M","-2.73%"
"05/18/2017","3,150","3,110","3,229","3,040","4.28M","1.16%"
"05/17/2017","3,114","3,026","3,173","3,025","3.61M","4.11%"
"05/16/2017","2,991","2,993","3,039","2,959","567.15K","-0.66%"
"05/15/2017","3,011","3,040","3,074","2,980","1.02M","-0.79%"
"05/12/2017","3,035","3,049","3,064","2,989","1.31M","1.88%"
"05/11/2017","2,979","2,970","3,021","2,912","1.81M","1.33%"
"05/10/2017","2,940","2,921","2,971","2,900","1.53M","1.73%"
"05/09/2017","2,890","2,925","2,947","2,850","1.09M","0.28%"
"05/08/2017","2,882","2,979","2,979","2,865","1.56M","-2.64%"
"05/05/2017","2,960","2,945","2,966","2,886","2.14M","1.51%"
"05/04/2017","2,916","2,887","2,946","2,847","2.09M","1.11%"
"05/03/2017","2,884","2,850","2,982","2,822","1.72M","1.44%"
"05/02/2017","2,843","2,799","2,872","2,750","2.13M","-1.90%"
"04/28/2017","2,898","2,884","2,952","2,875","2.09M","1.12%"
"04/26/2017","2,866","2,890","2,955","2,860","2.00M","-0.49%"
"04/25/2017","2,880","2,950","2,987","2,846","1.08M","-3.45%"
"04/24/2017","2,983","2,984","3,018","2,837","1.90M","-3.87%"
"04/21/2017","3,103","3,113","3,180","3,100","1.98M","-1.24%"
"04/20/2017","3,142","3,219","3,219","3,106","2.21M","-5.02%"
"04/19/2017","3,308","3,361","3,417","3,263","2.52M","-2.99%"
"04/18/2017","3,410","3,455","3,626","3,385","4.00M","-7.26%"
"04/13/2017","3,677","3,770","3,770","3,540","3.24M","-1.24%"
"04/12/2017","3,723","3,810","3,860","3,687","1.37M","-1.69%"
"04/11/2017","3,787","3,570","3,787","3,570","3.49M","7.10%"
"04/10/2017","3,536","3,555","3,679","3,524","1.54M","-3.99%"
"04/07/2017","3,683","3,786","3,842","3,683","2.13M","0.46%"
"04/06/2017","3,666","3,625","3,737","3,625","1.44M","2.09%"
"04/05/2017","3,591","3,460","3,617","3,449","2.20M","3.91%"
"04/04/2017","3,456","3,600","3,674","3,452","3.56M","1.62%"
"04/03/2017","3,401","3,240","3,401","3,240","2.70M","3.53%"
"03/31/2017","3,285","3,170","3,290","3,076","6.27M","10.53%"
"03/30/2017","2,972","3,062","3,100","2,972","919.59K","-3.48%"
"03/29/2017","3,079","3,055","3,172","3,018","2.86M","-0.32%"
"03/28/2017","3,089","3,150","3,212","3,076","1.74M","-1.69%"
"03/27/2017","3,142","3,016","3,178","2,981","1.50M","6.51%"
"03/24/2017","2,950","2,855","2,975","2,806","1.43M","0.61%"
"03/23/2017","2,932","3,045","3,064","2,911","879.03K","-4.18%"
"03/22/2017","3,060","3,085","3,099","2,983","2.10M","5.34%"
"03/20/2017","2,905","2,975","2,975","2,851","1.01M","0.55%"
"03/17/2017","2,889","2,995","3,045","2,889","3.33M","-3.54%"
"03/16/2017","2,995","3,120","3,185","2,992","4.16M","5.16%"
"03/15/2017","2,848","2,960","3,007","2,837","2.36M","-5.54%"
"03/14/2017","3,015","2,934","3,072","2,884","1.79M","4.54%"
"03/13/2017","2,884","2,888","3,005","2,798","2.35M","4.27%"
"03/10/2017","2,766","2,807","2,807","2,703","2.07M","-2.95%"
"03/09/2017","2,850","2,806","2,864","2,759","1.80M","2.15%"
"03/08/2017","2,790","2,820","2,861","2,717","1.69M","-0.36%"
"03/07/2017","2,800","2,864","2,864","2,732","2.34M","-4.14%"
"03/06/2017","2,921","3,100","3,100","2,904","1.76M","-2.86%"
"03/03/2017","3,007","3,100","3,204","2,962","2.09M","-6.47%"
"03/02/2017","3,215","3,235","3,261","3,161","1.93M","2.91%"
"03/01/2017","3,124","3,225","3,270","3,112","1.54M","-2.07%"
"02/28/2017","3,190","3,211","3,248","3,150","2.09M","-5.40%"
"02/27/2017","3,372","3,530","3,530","3,280","2.37M","-3.66%"
"02/24/2017","3,500","3,544","3,631","3,450","2.54M","2.16%"
"02/23/2017","3,426","3,400","3,475","3,200","1.90M","-0.15%"
"02/22/2017","3,431","3,537","3,592","3,420","1.79M","-2.67%"
"02/21/2017","3,525","3,550","3,600","3,478","1.21M","-0.70%"
"02/20/2017","3,550","3,644","3,748","3,495","2.18M","-4.26%"
"02/17/2017","3,708","3,767","3,815","3,650","3.32M","-0.19%"
"02/16/2017","3,715","3,670","3,775","3,646","2.63M","1.36%"
"02/15/2017","3,665","3,628","3,666","3,550","2.49M","0.88%"
"02/14/2017","3,633","3,600","3,642","3,595","1.25M","0.36%"
"02/13/2017","3,620","3,613","3,659","3,534","1.04M","0.14%"
"02/10/2017","3,615","3,630","3,680","3,300","1.65M","-2.43%"
"02/09/2017","3,705","3,800","3,846","3,690","2.90M","-4.51%"
"02/08/2017","3,880","3,730","3,906","3,680","3.60M","3.99%"
"02/07/2017","3,731","3,669","3,782","3,639","2.87M","4.77%"
"02/06/2017","3,561","3,598","3,640","3,530","2.65M","1.66%"
"02/03/2017","3,503","3,545","3,600","3,460","2.23M","-1.07%"
"02/02/2017","3,541","3,500","3,637","3,500","4.55M","4.15%"
"02/01/2017","3,400","3,390","3,436","3,338","3.87M","0.56%"
"01/31/2017","3,381","3,400","3,440","3,301","2.12M","0.03%"
"01/30/2017","3,380","3,194","3,501","3,130","3.55M","5.82%"
"01/27/2017","3,194","3,100","3,227","3,017","1.31M","1.59%"
"01/26/2017","3,144","3,203","3,269","3,067","1.51M","-1.60%"
"01/25/2017","3,195","3,295","3,308","3,170","1.24M","-4.97%"
"01/24/2017","3,362","3,350","3,369","3,320","1.90M","0.48%"
"01/23/2017","3,346","3,335","3,373","3,277","1.76M","4.07%"
"01/20/2017","3,215","3,270","3,395","3,181","1.27M","-0.74%"
"01/19/2017","3,239","3,360","3,360","3,239","1.43M","-4.45%"
"01/18/2017","3,390","3,375","3,448","3,335","1.69M","0.44%"
"01/17/2017","3,375","3,480","3,549","3,358","2.60M","-0.35%"
"01/16/2017","3,387","3,295","3,395","3,231","1.31M","5.74%"
"01/13/2017","3,203","3,297","3,297","3,100","1.06M","-3.52%"
"01/12/2017","3,320","3,332","3,396","3,273","2.11M","2.31%"
"01/11/2017","3,245","3,260","3,309","3,244","681.10K","-1.85%"
"01/10/2017","3,306","3,286","3,339","3,220","1.70M","1.57%"
"01/09/2017","3,255","3,244","3,297","3,205","1.87M","-2.34%"
"01/06/2017","3,333","3,350","3,359","3,261","2.88M","0.94%"
"01/05/2017","3,302","3,254","3,319","3,218","3.02M","4.59%"
"01/04/2017","3,157","3,166","3,218","3,144","3.07M","1.45%"
"01/03/2017","3,112","3,100","3,183","3,010","2.91M","-1.30%"
"12/30/2016","3,153","3,130","3,169","3,100","960.37K","4.51%"
"12/29/2016","3,017","2,988","3,050","2,903","1.98M","4.76%"
"12/28/2016","2,880","2,860","2,938","2,805","1.79M","7.26%"
"12/23/2016","2,685","2,661","2,729","2,654","295.98K","0.00%"
"12/22/2016","2,685","2,611","2,695","2,602","678.28K","1.17%"
"12/21/2016","2,654","2,714","2,748","2,642","1.63M","-1.12%"
"12/20/2016","2,684","2,700","2,700","2,605","1.08M","-0.52%"
"12/19/2016","2,698","2,635","2,742","2,630","2.15M","3.37%"
"12/15/2016","2,610","2,799","2,802","2,587","3.04M","-9.81%"
"12/14/2016","2,894","2,949","2,974","2,802","3.51M","4.29%"
"12/13/2016","2,775","2,770","2,871","2,724","1.74M","1.09%"
"12/12/2016","2,745","2,895","2,895","2,706","4.63M","-7.11%"
"12/09/2016","2,955","2,980","3,100","2,825","3.30M","-0.17%"
"12/08/2016","2,960","2,970","2,981","2,866","2.24M","1.68%"
"12/07/2016","2,911","2,919","2,977","2,822","3.26M","-0.27%"
"12/06/2016","2,919","2,935","2,971","2,855","1.77M","-0.03%"
"12/05/2016","2,920","3,120","3,158","2,856","2.35M","-7.59%"
"12/02/2016","3,160","3,155","3,220","3,083","2.18M","2.10%"
"12/01/2016","3,095","3,170","3,213","3,036","1.58M","-1.96%"
"11/30/2016","3,157","3,215","3,240","3,104","1.27M","-1.25%"
"11/29/2016","3,197","3,246","3,356","3,124","1.82M","0.79%"
"11/28/2016","3,172","3,212","3,282","3,140","773.29K","-0.53%"
"11/25/2016","3,189","3,138","3,242","3,107","1.31M","1.50%"
"11/24/2016","3,142","3,169","3,261","2,971","4.04M","-0.85%"
"11/23/2016","3,169","3,283","3,399","3,145","1.51M","-3.47%"
"11/22/2016","3,283","3,400","3,427","3,271","2.06M","-4.23%"
"11/21/2016","3,428","3,510","3,607","3,425","1.43M","-1.38%"
"11/18/2016","3,476","3,589","3,599","3,402","2.12M","-6.05%"
"11/17/2016","3,700","3,720","3,769","3,653","1.95M","-0.40%"
"11/16/2016","3,715","3,861","3,917","3,690","2.77M","-0.93%"
"11/15/2016","3,750","3,700","3,895","3,660","1.89M","3.73%"
"11/14/2016","3,615","3,595","3,933","3,505","2.77M","-3.37%"
"11/11/2016","3,741","4,250","4,288","3,728","1.79M","-14.14%"
"11/10/2016","4,357","4,540","4,600","4,259","2.04M","0.30%"
"11/09/2016","4,344","4,747","4,770","4,344","5.67M","3.45%"
"11/08/2016","4,199","4,250","4,337","4,143","859.96K","-2.35%"
"11/07/2016","4,300","4,419","4,419","4,293","742.73K","-5.29%"
"11/04/2016","4,540","4,550","4,593","4,419","1.01M","2.37%"
"11/03/2016","4,435","4,499","4,566","4,345","1.89M","-3.04%"
"11/02/2016","4,574","4,555","4,623","4,473","2.11M","3.25%"
"11/01/2016","4,430","4,228","4,480","4,184","2.51M","7.76%"
"10/31/2016","4,111","4,101","4,225","4,101","1.07M","-2.58%"
"10/28/2016","4,220","4,245","4,319","4,145","1.34M","-1.38%"
"10/27/2016","4,279","4,308","4,355","4,205","1.20M","-1.65%"
"10/26/2016","4,351","4,380","4,420","4,270","521.89K","0.07%"
"10/25/2016","4,348","4,315","4,348","4,228","1.10M","0.74%"
"10/24/2016","4,316","4,375","4,467","4,316","772.84K","-3.53%"
"10/21/2016","4,474","4,486","4,495","4,361","929.69K","-0.62%"
"10/20/2016","4,502","4,569","4,569","4,436","584.72K","0.04%"
"10/19/2016","4,500","4,437","4,572","4,344","1.41M","3.88%"
"10/18/2016","4,332","4,265","4,355","4,220","1.16M","3.04%"
"10/17/2016","4,204","4,181","4,277","4,122","1.50M","0.17%"
"10/14/2016","4,197","4,175","4,278","4,101","1.87M","-1.57%"
"10/13/2016","4,264","4,143","4,282","4,136","1.50M","4.38%"
"10/12/2016","4,085","4,250","4,255","4,050","1.19M","-1.61%"
"10/11/2016","4,152","4,070","4,355","4,010","2.89M","3.54%"
"10/10/2016","4,010","4,120","4,236","3,955","1.73M","-2.62%"
"10/07/2016","4,118","4,194","4,194","3,979","1.93M","0.29%"
"10/06/2016","4,106","4,203","4,283","4,056","2.49M","-0.02%"
"10/05/2016","4,107","4,296","4,362","4,091","3.13M","-6.02%"
"10/04/2016","4,370","4,690","4,690","4,269","3.83M","-7.12%"
"10/03/2016","4,705","4,732","4,769","4,651","1.13M","-2.99%"
"09/30/2016","4,850","4,873","5,061","4,808","2.31M","3.04%"
"09/29/2016","4,707","4,820","4,844","4,680","2.01M","2.10%"
"09/28/2016","4,610","4,551","4,696","4,505","1.89M","-0.65%"
"09/27/2016","4,640","4,604","4,697","4,551","1.41M","-2.13%"
"09/26/2016","4,741","4,805","4,865","4,682","1.04M","-2.75%"
"09/23/2016","4,875","4,800","4,936","4,762","1.05M","-0.39%"
"09/22/2016","4,894","4,972","5,053","4,740","2.36M","2.17%"
"09/21/2016","4,790","4,670","4,802","4,623","2.43M","4.77%"
"09/20/2016","4,572","4,770","4,770","4,540","2.45M","-2.58%"
"09/19/2016","4,693","4,725","4,877","4,693","2.42M","-0.78%"
"09/16/2016","4,730","4,850","4,931","4,730","6.76M","-5.13%"
"09/15/2016","4,986","5,100","5,199","4,778","3.11M","-2.24%"
"09/14/2016","5,100","5,100","5,281","5,056","1.73M","-2.21%"
"09/13/2016","5,215","5,450","5,474","5,206","1.38M","-2.49%"
"09/12/2016","5,348","5,225","5,382","5,131","2.32M","0.94%"
"09/09/2016","5,298","5,345","5,445","5,278","1.61M","-1.93%"
"09/08/2016","5,402","5,430","5,567","5,350","1.26M","-0.48%"
"09/07/2016","5,428","5,740","5,750","5,383","2.81M","-2.98%"
"09/06/2016","5,595","5,577","5,613","5,254","4.20M","-0.57%"
"09/05/2016","5,627","5,735","5,769","5,576","1.02M","2.87%"
"09/02/2016","5,470","5,649","5,649","5,450","3.70M","-0.55%"
"09/01/2016","5,500","5,122","5,519","5,100","2.08M","4.88%"
"08/31/2016","5,244","5,250","5,398","5,167","1.42M","-2.83%"
"08/30/2016","5,397","5,545","5,545","5,347","785.19K","-2.18%"
"08/29/2016","5,517","5,580","5,594","5,377","1.27M","-1.99%"
"08/26/2016","5,629","5,608","5,675","5,300","2.28M","0.37%"
"08/25/2016","5,608","5,366","5,608","5,219","2.73M","1.58%"
"08/24/2016","5,521","5,579","5,700","5,430","2.97M","0.60%"
"08/23/2016","5,488","5,400","5,498","5,359","1.70M","0.62%"
"08/22/2016","5,454","5,496","5,510","5,259","1.26M","-1.20%"
"08/19/2016","5,520","5,360","5,533","5,360","2.04M","3.00%"
"08/18/2016","5,359","5,430","5,699","5,359","2.15M","-0.65%"
"08/17/2016","5,394","5,851","6,068","5,350","2.83M","-6.39%"
"08/16/2016","5,762","5,950","5,989","5,750","2.17M","-3.58%"
"08/15/2016","5,976","6,060","6,180","5,911","958.29K","-0.98%"
"08/12/2016","6,035","6,108","6,250","5,989","1.10M","-1.82%"
"08/11/2016","6,147","6,111","6,150","6,033","721.26K","1.12%"
"08/10/2016","6,079","6,180","6,248","6,063","1.38M","-0.70%"
"08/08/2016","6,122","6,103","6,125","5,926","759.36K","-0.46%"
"08/05/2016","6,150","6,450","6,548","6,140","1.06M","-5.02%"
"08/04/2016","6,475","6,353","6,493","6,325","1.73M","-2.85%"
"08/02/2016","6,665","6,525","6,700","6,221","3.97M","6.30%"
"08/01/2016","6,270","6,300","6,324","6,175","1.81M","0.14%"
"07/29/2016","6,261","6,315","6,360","6,085","695.48K","-0.92%"
"07/28/2016","6,319","6,270","6,484","6,191","1.60M","3.03%"
"07/27/2016","6,133","6,000","6,171","5,938","885.31K","1.88%"
"07/26/2016","6,020","5,760","6,020","5,760","1.47M","2.68%"
"07/25/2016","5,863","5,991","6,082","5,810","852.50K","-3.63%"
"07/22/2016","6,084","6,035","6,184","6,000","1.13M","0.90%"
"07/21/2016","6,030","5,990","6,156","5,916","2.02M","-0.87%"
"07/20/2016","6,083","6,398","6,398","5,968","1.29M","-5.66%"
"07/19/2016","6,448","6,325","6,461","6,268","918.45K","1.99%"
"07/18/2016","6,322","6,450","6,583","6,285","2.01M","-1.80%"
"07/15/2016","6,438","6,350","6,474","6,236","1.24M","0.31%"
"07/14/2016","6,418","6,465","6,559","6,150","2.47M","2.20%"
"07/13/2016","6,280","6,389","6,398","6,220","921.78K","-1.95%"
"07/12/2016","6,405","6,372","6,434","6,230","1.70M","-1.72%"
"07/11/2016","6,517","6,359","6,517","6,164","1.81M","5.11%"
"07/08/2016","6,200","6,050","6,366","5,926","2.43M","0.52%"
"07/07/2016","6,168","6,419","6,449","6,061","2.48M","-4.48%"
"07/06/2016","6,457","6,120","6,549","6,120","3.32M","9.83%"
"07/05/2016","5,879","5,840","6,081","5,820","2.03M","-1.33%"
"07/04/2016","5,958","5,650","5,958","5,594","2.35M","8.78%"
"07/01/2016","5,477","5,386","5,511","5,346","2.58M","4.38%"
"06/30/2016","5,247","5,250","5,343","5,179","1.32M","-0.06%"
"06/29/2016","5,250","5,120","5,250","5,056","782.92K","2.52%"
"06/28/2016","5,121","5,199","5,250","4,920","2.24M","-5.73%"
"06/27/2016","5,432","5,612","5,680","5,415","3.14M","1.63%"
"06/24/2016","5,345","5,693","5,700","5,233","4.41M","12.53%"
"06/23/2016","4,750","4,930","4,983","4,711","2.37M","-1.29%"
"06/22/2016","4,812","4,686","4,827","4,610","2.77M","2.69%"
"06/21/2016","4,686","5,070","5,070","4,609","3.96M","-7.17%"
"06/20/2016","5,048","5,040","5,200","4,871","1.53M","-0.88%"
"06/17/2016","5,093","5,318","5,374","5,093","1.88M","-4.32%"
"06/15/2016","5,323","5,605","5,605","5,265","695.16K","-1.43%"
"06/14/2016","5,400","5,320","5,600","5,150","1.94M","-0.17%"
"06/13/2016","5,409","5,665","5,765","5,262","2.77M","-3.98%"
"06/10/2016","5,633","5,550","5,850","5,526","2.42M","1.95%"
"06/09/2016","5,525","5,485","5,525","5,392","2.11M","0.20%"
"06/08/2016","5,514","5,305","5,573","5,301","2.52M","4.73%"
"06/07/2016","5,265","5,175","5,265","5,116","2.22M","3.64%"
"06/06/2016","5,080","5,205","5,237","5,011","1.16M","-0.82%"
"06/03/2016","5,122","4,770","5,160","4,727","1.57M","9.84%"
"06/02/2016","4,663","4,825","4,900","4,663","1.10M","-2.83%"
"06/01/2016","4,799","4,669","4,919","4,661","1.67M","4.51%"
"05/31/2016","4,592","4,630","4,697","4,522","1.61M","0.09%"
"05/30/2016","4,588","4,500","4,768","4,484","820.05K","0.07%"
"05/27/2016","4,585","4,798","4,798","4,585","820.88K","-2.67%"
"05/26/2016","4,711","4,835","4,902","4,684","876.25K","-0.25%"
"05/25/2016","4,723","4,603","4,741","4,517","1.92M","-3.12%"
"05/24/2016","4,875","5,100","5,169","4,857","1.43M","-5.16%"
"05/23/2016","5,140","5,010","5,163","4,965","1.24M","2.78%"
"05/20/2016","5,001","5,169","5,239","4,940","1.01M","-3.25%"
"05/19/2016","5,169","5,149","5,170","4,800","3.07M","-4.79%"
"05/18/2016","5,429","5,240","5,429","5,170","2.31M","1.61%"
"05/17/2016","5,343","5,342","5,380","5,150","1.43M","1.37%"
"05/16/2016","5,271","5,150","5,409","5,150","3.82M","3.66%"
"05/13/2016","5,085","4,951","5,095","4,880","1.91M","2.98%"
"05/12/2016","4,938","5,090","5,127","4,919","1.61M","-2.97%"
"05/11/2016","5,089","5,025","5,200","4,959","2.09M","6.64%"
"05/10/2016","4,772","4,965","5,007","4,663","2.28M","-3.89%"
"05/09/2016","4,965","5,240","5,279","4,857","2.70M","-5.01%"
"05/06/2016","5,227","5,149","5,242","4,979","3.08M","4.98%"
"05/05/2016","4,979","4,754","5,093","4,560","3.92M","2.05%"
"05/04/2016","4,879","4,831","4,974","4,769","2.78M","-1.89%"
"05/03/2016","4,973","5,200","5,205","4,961","2.25M","-1.23%"
"04/29/2016","5,035","4,944","5,100","4,930","3.48M","5.47%"
"04/28/2016","4,774","4,630","4,840","4,630","1.80M","6.11%"
"04/26/2016","4,499","4,615","4,615","4,340","1.14M","-1.73%"
"04/25/2016","4,578","4,510","4,622","4,395","2.97M","-3.74%"
"04/22/2016","4,756","4,815","4,833","4,675","1.90M","-2.32%"
"04/21/2016","4,869","4,891","5,056","4,820","2.87M","-4.44%"
"04/20/2016","5,095","5,142","5,175","4,913","4.09M","2.41%"
"04/19/2016","4,975","5,235","5,270","4,952","3.49M","-4.05%"
"04/18/2016","5,185","5,299","5,362","5,034","2.51M","-0.02%"
"04/15/2016","5,186","5,313","5,349","5,026","3.07M","-3.95%"
"04/14/2016","5,399","5,516","5,597","5,361","2.03M","-5.28%"
"04/13/2016","5,700","5,825","5,910","5,471","2.47M","-3.80%"
"04/12/2016","5,925","6,040","6,099","5,747","2.54M","0.37%"
"04/11/2016","5,903","5,945","6,052","5,786","1.88M","4.57%"
"04/08/2016","5,645","5,750","5,753","5,524","1.19M","-2.50%"
"04/07/2016","5,790","5,555","5,838","5,555","2.76M","5.35%"
"04/06/2016","5,496","5,472","5,573","5,452","1.66M","0.33%"
"04/05/2016","5,478","5,400","5,599","5,393","1.21M","2.43%"
"04/04/2016","5,348","5,395","5,395","5,199","1.97M","3.00%"
"04/01/2016","5,192","5,301","5,404","4,951","1.54M","-2.09%"
"03/31/2016","5,303","5,706","5,707","5,270","3.92M","-8.25%"
"03/30/2016","5,780","5,951","5,975","5,624","2.12M","0.05%"
"03/29/2016","5,777","5,686","5,850","5,610","2.99M","1.35%"
"03/24/2016","5,700","5,700","5,769","5,500","2.58M","-1.61%"
"03/23/2016","5,793","5,800","5,879","5,570","5.29M","-1.76%"
"03/22/2016","5,897","5,760","6,150","5,760","3.24M","-0.34%"
"03/18/2016","5,917","6,040","6,100","5,788","3.45M","-5.02%"
"03/17/2016","6,230","6,101","6,289","6,010","3.50M","7.41%"
"03/16/2016","5,800","5,750","5,945","5,710","4.42M","3.59%"
"03/15/2016","5,599","5,270","5,599","5,270","2.62M","3.55%"
"03/14/2016","5,407","5,153","5,434","5,100","3.53M","6.02%"
"03/11/2016","5,100","5,140","5,208","5,052","1.63M","1.19%"
"03/10/2016","5,040","4,945","5,130","4,720","4.71M","5.51%"
"03/09/2016","4,777","5,051","5,174","4,761","2.74M","-5.54%"
"03/08/2016","5,057","5,116","5,267","5,000","2.80M","-2.07%"
"03/07/2016","5,164","4,820","5,200","4,820","2.91M","-2.97%"
"03/04/2016","5,322","5,255","5,400","5,070","3.45M","3.24%"
"03/03/2016","5,155","5,125","5,284","5,093","1.85M","0.98%"
"03/02/2016","5,105","4,975","5,105","4,912","1.58M","-4.58%"
"03/01/2016","5,350","5,330","5,350","5,157","2.62M","4.61%"
"02/29/2016","5,114","5,079","5,340","5,010","4.83M","0.65%"
"02/26/2016","5,081","4,948","5,081","4,824","4.45M","3.48%"
"02/25/2016","4,910","4,630","4,966","4,630","4.49M","2.40%"
"02/24/2016","4,795","4,230","4,798","4,230","2.48M","14.22%"
"02/23/2016","4,198","4,065","4,242","3,950","1.82M","4.98%"
"02/22/2016","3,999","3,900","4,081","3,803","1.58M","-0.22%"
"02/19/2016","4,008","3,975","4,038","3,876","3.60M","4.73%"
"02/18/2016","3,827","3,981","4,050","3,630","4.36M","-1.01%"
"02/17/2016","3,866","4,115","4,240","3,861","3.73M","-4.43%"
"02/16/2016","4,045","3,880","4,090","3,726","3.24M","2.66%"
"02/15/2016","3,940","4,225","4,231","3,927","2.58M","-10.45%"
"02/12/2016","4,400","4,342","4,424","4,187","3.68M","7.40%"
"02/11/2016","4,097","4,000","4,299","3,929","4.72M","9.99%"
"02/10/2016","3,725","3,932","3,990","3,470","5.44M","-8.70%"
"02/09/2016","4,080","4,070","4,206","3,950","3.72M","2.51%"
"02/08/2016","3,980","3,760","4,039","3,630","3.51M","11.80%"
"02/05/2016","3,560","3,605","3,759","3,414","3.82M","-1.44%"
"02/04/2016","3,612","3,349","3,799","3,349","6.89M","9.49%"
"02/03/2016","3,299","3,223","3,348","3,197","1.63M","2.36%"
"02/02/2016","3,223","3,100","3,250","2,975","2.45M","2.19%"
"02/01/2016","3,154","2,981","3,154","2,927","1.59M","8.38%"
"01/29/2016","2,910","3,140","3,140","2,847","4.95M","-7.41%"
"01/28/2016","3,143","3,289","3,315","3,100","3.39M","-4.61%"
"01/27/2016","3,295","3,210","3,325","3,176","3.96M","2.81%"
"01/26/2016","3,205","3,083","3,270","3,080","2.32M","8.64%"
"01/25/2016","2,950","2,800","2,969","2,800","2.79M","7.27%"
"01/22/2016","2,750","2,855","2,998","2,750","2.60M","-4.84%"
"01/21/2016","2,890","2,907","2,979","2,775","2.87M","1.05%"
"01/20/2016","2,860","2,681","2,882","2,681","2.09M","4.19%"
"01/19/2016","2,745","2,903","2,905","2,616","2.38M","-4.36%"
"01/18/2016","2,870","2,820","2,949","2,680","1.38M","2.46%"
"01/15/2016","2,801","2,610","2,961","2,595","3.36M","4.13%"
"01/14/2016","2,690","2,630","2,818","2,630","3.79M","7.60%"
"01/13/2016","2,500","2,243","2,517","2,210","4.65M","8.70%"
"01/12/2016","2,300","2,250","2,482","2,200","4.79M","-2.09%"
"01/11/2016","2,349","2,385","2,673","2,270","4.28M","4.82%"
"01/08/2016","2,241","2,275","2,318","2,063","3.74M","-4.56%"
"01/07/2016","2,348","2,250","2,400","2,250","3.28M","11.28%"
"01/06/2016","2,110","1,900","2,137","1,876","3.22M","14.18%"
"01/05/2016","1,848","1,731","1,887","1,731","1.60M","6.94%"
"01/04/2016","1,728","1,560","1,728","1,560","1.43M","10.77%"