"Date","Price","Open","High","Low","Vol.","Change %"
"2026/04/07","5,410","5,481","5,481","5,334","480.95K","-0.33%"
"2026/04/02","5,428","5,338","5,428","5,246","538.51K","0.52%"
"2026/04/01","5,400","5,396","5,459","5,393","1.83M","0.52%"
"2026/03/31","5,372","5,327","5,433","5,304","1.30M","0.21%"
"2026/03/30","5,361","5,388","5,399","5,333","1.77M","-0.50%"
"2026/03/27","5,388","5,466","5,466","5,220","1.85M","-1.12%"
"2026/03/26","5,449","5,561","5,580","5,414","1.27M","-2.30%"
"2026/03/25","5,577","5,449","5,605","5,449","545.79K","0.65%"
"2026/03/24","5,541","5,511","5,541","5,451","491.65K","0.22%"
"2026/03/23","5,529","5,420","5,599","5,420","908.89K","-0.93%"
"2026/03/20","5,581","5,420","5,683","5,420","2.18M","0.83%"
"2026/03/19","5,535","5,593","5,593","5,476","913.93K","-1.48%"
"2026/03/18","5,618","5,542","5,750","5,542","1.26M","0.61%"
"2026/03/17","5,584","5,504","5,596","5,456","1.79M","1.79%"
"2026/03/16","5,486","5,751","5,751","5,374","1.54M","-0.25%"
"2026/03/13","5,500","5,620","5,620","5,492","1.19M","-2.14%"
"2026/03/12","5,620","5,672","5,672","5,561","1.28M","-1.40%"
"2026/03/11","5,700","5,774","5,810","5,686","2.58M","-1.04%"
"2026/03/10","5,760","5,842","5,951","5,695","1.28M","-0.52%"
"2026/03/09","5,790","5,960","5,960","5,676","1.82M","-2.87%"
"2026/03/06","5,961","6,117","6,135","5,961","1.61M","-2.82%"
"2026/03/05","6,134","6,135","6,148","6,072","314.67K","0.57%"
"2026/03/04","6,099","6,173","6,173","6,095","528.97K","-0.42%"
"2026/03/03","6,125","6,314","6,345","6,094","679.71K","-3.09%"
"2026/03/02","6,320","6,394","6,408","6,314","727.23K","-1.86%"
"2026/02/27","6,440","6,425","6,440","6,230","1.00M","2.11%"
"2026/02/26","6,307","6,313","6,366","6,245","563.21K","0.35%"
"2026/02/25","6,285","6,337","6,337","6,238","302.59K","-0.57%"
"2026/02/24","6,321","6,303","6,360","6,275","165.13K","-0.38%"
"2026/02/23","6,345","6,328","6,388","6,321","664.85K","0.87%"
"2026/02/20","6,290","6,318","6,322","6,285","419.12K","0.24%"
"2026/02/19","6,275","6,218","6,310","6,218","426.92K","0.43%"
"2026/02/18","6,248","6,198","6,279","6,160","538.41K","1.25%"
"2026/02/17","6,171","6,174","6,190","6,102","530.75K","0.18%"
"2026/02/16","6,160","6,104","6,244","6,104","399.90K","0.98%"
"2026/02/13","6,100","6,095","6,132","6,074","450.06K","-0.31%"
"2026/02/12","6,119","6,046","6,119","6,032","589.43K","1.01%"
"2026/02/11","6,058","6,009","6,074","5,911","1.15M","1.61%"
"2026/02/10","5,962","5,976","6,022","5,939","475.67K","-1.01%"
"2026/02/09","6,023","5,991","6,094","5,986","347.72K","0.38%"
"2026/02/06","6,000","5,954","6,027","5,932","387.19K","1.04%"
"2026/02/05","5,938","5,870","5,950","5,854","418.88K","0.93%"
"2026/02/04","5,883","5,940","5,988","5,870","604.74K","-0.61%"
"2026/02/03","5,919","5,774","5,919","5,773","1.29M","3.50%"
"2026/02/02","5,719","5,580","5,720","5,579","453.93K","0.33%"
"2026/01/30","5,700","5,940","5,940","5,658","633.51K","-0.19%"
"2026/01/29","5,711","5,730","5,768","5,711","365.46K","-0.10%"
"2026/01/28","5,717","5,684","5,758","5,662","471.34K","0.78%"
"2026/01/27","5,673","5,760","5,820","5,673","430.72K","-2.14%"
"2026/01/26","5,797","5,767","5,811","5,760","550.71K","0.82%"
"2026/01/23","5,750","5,817","5,817","5,667","446.53K","-0.47%"
"2026/01/22","5,777","5,775","5,865","5,727","980.22K","0.70%"
"2026/01/21","5,737","5,705","5,763","5,650","254.16K","0.23%"
"2026/01/20","5,724","5,581","5,766","5,581","467.92K","0.49%"
"2026/01/19","5,696","5,681","5,755","5,655","340.35K","0.28%"
"2026/01/16","5,680","5,796","5,796","5,628","508.17K","0.11%"
"2026/01/15","5,674","5,662","5,772","5,661","225.36K","0.12%"
"2026/01/14","5,667","5,787","5,848","5,659","414.50K","-1.87%"
"2026/01/13","5,775","5,699","5,851","5,680","828.20K","0.82%"
"2026/01/12","5,728","5,787","5,805","5,679","104.62K","-1.41%"
"2026/01/09","5,810","5,847","5,880","5,795","156.03K","-0.63%"
"2026/01/08","5,847","5,890","5,928","5,830","205.21K","-0.73%"
"2026/01/07","5,890","5,815","5,899","5,782","451.76K","1.45%"
"2026/01/06","5,806","5,650","5,849","5,650","683.59K","1.17%"
"2026/01/05","5,739","5,706","5,739","5,666","532.73K","1.06%"
"2026/01/02","5,679","5,717","5,795","5,607","257.67K","-0.40%"
"2025/12/31","5,702","5,716","5,727","5,665","44.09K","-0.11%"
"2025/12/30","5,708","5,607","5,787","5,607","267.37K","0.83%"
"2025/12/29","5,661","5,618","5,685","5,604","141.63K","1.11%"
"2025/12/24","5,599","5,542","5,656","5,542","170.14K","0.65%"
"2025/12/23","5,563","5,420","5,607","5,420","280.58K","0.05%"
"2025/12/22","5,560","5,544","5,595","5,498","341.52K","0.29%"
"2025/12/19","5,544","5,431","5,623","5,370","2.13M","-1.04%"
"2025/12/18","5,602","5,576","5,691","5,576","1.03M","0.25%"
"2025/12/17","5,588","5,475","5,588","5,446","770.60K","1.36%"
"2025/12/15","5,513","5,516","5,550","5,496","609.19K","0.04%"
"2025/12/12","5,511","5,480","5,538","5,480","847.77K","0.73%"
"2025/12/11","5,471","5,482","5,491","5,421","575.81K","-0.13%"
"2025/12/10","5,478","5,482","5,533","5,458","345.13K","-0.07%"
"2025/12/09","5,482","5,588","5,609","5,480","564.57K","-1.88%"
"2025/12/08","5,587","5,652","5,652","5,575","277.88K","-1.12%"
"2025/12/05","5,650","5,650","5,815","5,642","1.19M","-0.41%"
"2025/12/04","5,673","5,540","5,700","5,525","1.83M","0.27%"
"2025/12/03","5,658","5,594","5,658","5,577","948.08K","1.42%"
"2025/12/02","5,579","5,639","5,652","5,562","534.78K","-0.73%"
"2025/12/01","5,620","5,679","5,679","5,567","688.41K","-0.85%"
"2025/11/28","5,668","5,732","5,748","5,647","601.90K","-1.03%"
"2025/11/27","5,727","5,707","5,748","5,685","676.08K","0.47%"
"2025/11/26","5,700","5,639","5,740","5,622","748.00K","1.79%"
"2025/11/25","5,600","5,600","5,600","5,532","222.04K","0.27%"
"2025/11/24","5,585","5,552","5,607","5,538","620.32K","0.72%"
"2025/11/21","5,545","5,554","5,559","5,458","564.14K","0.23%"
"2025/11/20","5,532","5,320","5,609","5,320","747.00K","1.92%"
"2025/11/19","5,428","5,373","5,433","5,338","918.53K","1.04%"
"2025/11/18","5,372","5,391","5,529","5,370","903.80K","-1.79%"
"2025/11/17","5,470","5,397","5,494","5,385","832.55K","1.79%"
"2025/11/14","5,374","5,366","5,467","5,290","352.56K","-1.09%"
"2025/11/13","5,433","5,304","5,488","5,285","843.94K","2.74%"
"2025/11/12","5,288","5,148","5,295","5,146","1.67M","2.60%"
"2025/11/11","5,154","5,204","5,213","5,144","245.68K","-0.88%"
"2025/11/10","5,200","5,203","5,203","5,130","315.11K","0.48%"
"2025/11/07","5,175","5,176","5,210","5,145","574.58K","-0.35%"
"2025/11/06","5,193","5,169","5,215","5,150","311.46K","0.64%"
"2025/11/05","5,160","5,070","5,199","5,070","1.08M","0.19%"
"2025/11/04","5,150","5,130","5,224","5,098","1.70M","-0.02%"
"2025/11/03","5,151","5,157","5,191","5,125","639.20K","0.35%"
"2025/10/31","5,133","5,134","5,345","5,128","1.23M","0.41%"
"2025/10/30","5,112","4,950","5,131","4,950","627.29K","0.73%"
"2025/10/29","5,075","5,103","5,155","5,065","718.64K","-0.02%"
"2025/10/28","5,076","4,996","5,118","4,927","2.89M","1.72%"
"2025/10/27","4,990","4,950","5,012","4,925","1.12M","1.40%"
"2025/10/24","4,921","4,923","4,955","4,852","1.29M","0.43%"
"2025/10/23","4,900","4,842","4,948","4,842","554.17K","1.01%"
"2025/10/22","4,851","4,823","4,882","4,800","941.06K","0.64%"
"2025/10/21","4,820","4,822","4,849","4,786","201.19K","0.00%"
"2025/10/20","4,820","4,772","4,850","4,769","433.85K","0.69%"
"2025/10/17","4,787","4,721","4,800","4,681","346.14K","1.16%"
"2025/10/16","4,732","4,660","4,733","4,660","1.47M","0.15%"
"2025/10/15","4,725","4,799","4,799","4,653","6.05M","-0.04%"
"2025/10/14","4,727","4,701","4,758","4,700","977.97K","-0.34%"
"2025/10/13","4,743","4,705","4,790","4,687","1.08M","0.23%"
"2025/10/10","4,732","4,643","4,732","4,643","1.36M","2.00%"
"2025/10/09","4,639","4,501","4,639","4,501","1.03M","0.54%"
"2025/10/08","4,614","4,502","4,614","4,502","1.71M","-4.07%"
"2025/10/07","4,810","4,840","4,868","4,790","1.84M","-1.05%"
"2025/10/06","4,861","4,801","4,876","4,769","850.43K","1.31%"
"2025/10/03","4,798","4,704","4,798","4,697","697.74K","2.48%"
"2025/10/02","4,682","4,709","4,719","4,622","880.31K","-0.17%"
"2025/10/01","4,690","4,681","4,742","4,660","474.61K","0.34%"
"2025/09/30","4,674","4,643","4,694","4,621","767.41K","0.52%"
"2025/09/29","4,650","4,659","4,676","4,615","490.98K","-0.02%"
"2025/09/26","4,651","4,738","4,738","4,597","611.60K","-1.44%"
"2025/09/25","4,719","4,759","4,759","4,629","1.05M","-0.30%"
"2025/09/23","4,733","4,759","4,831","4,725","444.63K","-0.65%"
"2025/09/22","4,764","4,820","4,820","4,726","490.45K","-1.04%"
"2025/09/19","4,814","4,830","4,830","4,725","2.76M","0.50%"
"2025/09/18","4,790","4,812","4,870","4,760","589.81K","-1.03%"
"2025/09/17","4,840","4,903","4,904","4,807","635.90K","0.02%"
"2025/09/16","4,839","4,810","4,849","4,584","1.08M","1.77%"
"2025/09/15","4,755","4,742","4,810","4,740","350.24K","0.11%"
"2025/09/12","4,750","4,673","4,783","4,660","577.32K","1.63%"
"2025/09/11","4,674","4,597","4,699","4,597","361.81K","0.84%"
"2025/09/10","4,635","4,639","4,647","4,611","167.26K","0.06%"
"2025/09/09","4,632","4,602","4,641","4,591","440.07K","0.70%"
"2025/09/08","4,600","4,570","4,640","4,570","431.62K","0.39%"
"2025/09/05","4,582","4,576","4,621","4,559","866.94K","0.24%"
"2025/09/04","4,571","4,528","4,591","4,521","1.08M","1.08%"
"2025/09/03","4,522","4,696","4,696","4,520","592.03K","-1.46%"
"2025/09/02","4,589","4,751","4,751","4,573","778.38K","-1.31%"
"2025/09/01","4,650","4,683","4,711","4,600","489.82K","-0.60%"
"2025/08/29","4,678","4,680","4,696","4,658","432.31K","-0.30%"
"2025/08/28","4,692","4,695","4,758","4,653","221.08K","-0.06%"
"2025/08/27","4,695","4,730","4,744","4,676","578.96K","-0.21%"
"2025/08/26","4,705","4,755","4,770","4,698","745.35K","-1.47%"
"2025/08/25","4,775","4,800","4,800","4,751","249.90K","0.53%"
"2025/08/22","4,750","4,746","4,774","4,717","338.38K","0.11%"
"2025/08/21","4,745","4,799","4,815","4,734","1.03M","0.42%"
"2025/08/20","4,725","4,646","4,739","4,645","316.86K","1.68%"
"2025/08/19","4,647","4,610","4,661","4,601","436.72K","0.93%"
"2025/08/18","4,604","4,585","4,620","4,570","279.60K","0.50%"
"2025/08/15","4,581","4,578","4,593","4,528","413.98K","0.31%"
"2025/08/14","4,567","4,580","4,593","4,538","672.02K","-0.28%"
"2025/08/13","4,580","4,559","4,607","4,537","452.05K","0.57%"
"2025/08/12","4,554","4,497","4,561","4,449","455.79K","1.31%"
"2025/08/11","4,495","4,429","4,499","4,429","264.23K","1.01%"
"2025/08/08","4,450","4,397","4,459","4,397","185.47K","0.50%"
"2025/08/07","4,428","4,430","4,444","4,392","581.87K","-0.61%"
"2025/08/06","4,455","4,462","4,486","4,421","211.36K","0.11%"
"2025/08/05","4,450","4,380","4,486","4,380","602.30K","1.34%"
"2025/08/04","4,391","4,431","4,433","4,387","452.50K","-0.39%"
"2025/08/01","4,408","4,560","4,560","4,408","808.83K","-4.03%"
"2025/07/31","4,593","4,573","4,614","4,556","1.78M","0.42%"
"2025/07/30","4,574","4,490","4,577","4,476","369.01K","2.03%"
"2025/07/29","4,483","4,469","4,490","4,380","734.68K","0.65%"
"2025/07/28","4,454","4,483","4,487","4,389","637.89K","0.54%"
"2025/07/25","4,430","4,486","4,499","4,332","2.02M","-0.96%"
"2025/07/24","4,473","4,469","4,499","4,451","772.23K","-0.04%"
"2025/07/23","4,475","4,494","4,494","4,420","644.81K","1.27%"
"2025/07/22","4,419","4,358","4,430","4,338","876.96K","1.82%"
"2025/07/21","4,340","4,299","4,388","4,269","748.67K","-0.64%"
"2025/07/18","4,368","4,450","4,450","4,247","799.10K","-1.42%"
"2025/07/17","4,431","4,349","4,431","4,349","936.75K","1.16%"
"2025/07/16","4,380","4,433","4,434","4,345","883.30K","-0.70%"
"2025/07/15","4,411","4,480","4,480","4,400","444.77K","0.34%"
"2025/07/14","4,396","4,330","4,407","4,330","398.46K","0.53%"
"2025/07/11","4,373","4,494","4,494","4,331","1.11M","-2.13%"
"2025/07/10","4,468","4,421","4,468","4,384","405.92K","0.95%"
"2025/07/09","4,426","4,437","4,462","4,388","352.69K","0.18%"
"2025/07/08","4,418","4,430","4,451","4,378","562.25K","-0.25%"
"2025/07/07","4,429","4,397","4,447","4,355","646.44K","1.16%"
"2025/07/04","4,378","4,316","4,403","4,316","269.65K","1.18%"
"2025/07/03","4,327","4,380","4,380","4,278","455.20K","0.96%"
"2025/07/02","4,286","4,332","4,333","4,264","415.24K","-0.51%"
"2025/07/01","4,308","4,291","4,336","4,263","295.92K","0.75%"
"2025/06/30","4,276","4,239","4,283","4,205","530.64K","0.07%"
"2025/06/27","4,273","4,241","4,273","4,230","212.63K","0.75%"
"2025/06/26","4,241","4,272","4,343","4,231","441.26K","-0.91%"
"2025/06/25","4,280","4,240","4,328","4,240","296.48K","0.45%"
"2025/06/24","4,261","4,265","4,355","4,231","382.90K","0.26%"
"2025/06/23","4,250","4,295","4,310","4,239","354.35K","-1.05%"
"2025/06/20","4,295","4,209","4,322","4,202","1.95M","2.55%"
"2025/06/19","4,188","4,193","4,242","4,188","955.55K","-0.99%"
"2025/06/18","4,230","4,223","4,237","4,161","846.27K","0.17%"
"2025/06/17","4,223","4,273","4,319","4,220","463.11K","-1.45%"
"2025/06/13","4,285","4,436","4,450","4,270","965.68K","-3.71%"
"2025/06/12","4,450","4,447","4,464","4,424","254.24K","0.00%"
"2025/06/11","4,450","4,396","4,487","4,395","1.14M","1.32%"
"2025/06/10","4,392","4,354","4,420","4,346","935.87K","0.87%"
"2025/06/09","4,354","4,296","4,377","4,253","501.01K","1.49%"
"2025/06/06","4,290","4,276","4,328","4,274","703.00K","0.23%"
"2025/06/05","4,280","4,311","4,311","4,255","1.02M","-0.97%"
"2025/06/04","4,322","4,347","4,400","4,322","423.55K","-0.23%"
"2025/06/03","4,332","4,288","4,361","4,288","799.41K","1.24%"
"2025/06/02","4,279","4,399","4,399","4,236","1.24M","-2.75%"
"2025/05/30","4,400","4,275","4,423","4,275","1.48M","3.09%"
"2025/05/29","4,268","4,251","4,270","4,213","302.55K","1.45%"
"2025/05/28","4,207","4,200","4,274","4,200","246.35K","-1.01%"
"2025/05/27","4,250","4,229","4,252","4,208","126.55K","1.17%"
"2025/05/26","4,201","4,200","4,240","4,000","402.25K","-2.05%"
"2025/05/23","4,289","4,256","4,289","4,212","137.04K","0.80%"
"2025/05/22","4,255","4,211","4,256","4,204","371.54K","0.00%"
"2025/05/21","4,255","4,350","4,350","4,228","304.98K","0.28%"
"2025/05/20","4,243","4,331","4,338","4,228","419.83K","-1.83%"
"2025/05/19","4,322","4,358","4,358","4,298","248.95K","-1.05%"
"2025/05/16","4,368","4,355","4,378","4,321","513.72K","1.06%"
"2025/05/15","4,322","4,275","4,328","4,240","384.04K","0.51%"
"2025/05/14","4,300","4,326","4,335","4,280","606.55K","-0.92%"
"2025/05/13","4,340","4,366","4,384","4,300","800.48K","-0.64%"
"2025/05/12","4,368","4,325","4,389","4,299","775.63K","1.70%"
"2025/05/09","4,295","4,257","4,337","4,257","227.74K","0.00%"
"2025/05/08","4,295","4,332","4,338","4,285","315.09K","-0.81%"
"2025/05/07","4,330","4,356","4,382","4,319","372.09K","-0.87%"
"2025/05/06","4,368","4,302","4,371","4,302","635.29K","0.88%"
"2025/05/05","4,330","4,343","4,349","4,280","360.02K","0.42%"
"2025/05/02","4,312","4,250","4,322","4,250","441.25K","1.27%"
"2025/04/30","4,258","4,175","4,336","4,175","825.70K","1.62%"
"2025/04/29","4,190","4,187","4,251","4,133","724.37K","0.55%"
"2025/04/25","4,167","4,136","4,206","4,122","573.19K","1.02%"
"2025/04/24","4,125","4,134","4,134","4,023","1.17M","0.61%"
"2025/04/23","4,100","4,100","4,183","4,045","1.19M","0.69%"
"2025/04/22","4,072","4,120","4,120","4,057","441.38K","-0.02%"
"2025/04/17","4,073","4,009","4,102","4,009","414.16K","1.07%"
"2025/04/16","4,030","4,035","4,054","3,989","193.16K","0.15%"
"2025/04/15","4,024","3,974","4,053","3,919","609.82K","2.05%"
"2025/04/14","3,943","3,816","3,970","3,809","1.39M","4.20%"
"2025/04/11","3,784","3,855","3,923","3,784","718.45K","-3.22%"
"2025/04/10","3,910","4,000","4,031","3,909","1.97M","2.06%"
"2025/04/09","3,831","3,900","3,900","3,807","1.18M","-2.27%"
"2025/04/08","3,920","3,703","3,924","3,697","1.62M","5.95%"
"2025/04/07","3,700","3,760","3,787","3,576","1.32M","-1.86%"
"2025/04/04","3,770","3,876","3,995","3,675","1.61M","-4.27%"
"2025/04/03","3,938","4,000","4,006","3,903","822.27K","-2.40%"
"2025/04/02","4,035","4,177","4,177","4,035","359.58K","-4.61%"
"2025/04/01","4,230","4,204","4,260","4,200","726.02K","1.46%"
"2025/03/31","4,169","4,237","4,259","4,166","484.37K","-1.81%"
"2025/03/28","4,246","4,297","4,297","4,237","230.24K","0.07%"
"2025/03/27","4,243","4,299","4,299","4,201","571.94K","0.59%"
"2025/03/26","4,218","4,304","4,304","4,218","345.58K","-1.33%"
"2025/03/25","4,275","4,268","4,305","4,250","421.91K","0.16%"
"2025/03/24","4,268","4,242","4,349","4,237","572.44K","0.21%"
"2025/03/20","4,259","4,198","4,318","4,198","1.23M","-0.07%"
"2025/03/19","4,262","4,229","4,305","4,229","392.34K","-0.26%"
"2025/03/18","4,273","4,250","4,367","4,223","627.06K","0.66%"
"2025/03/17","4,245","4,249","4,249","4,200","586.52K","0.38%"
"2025/03/14","4,229","4,266","4,327","4,203","597.33K","-1.38%"
"2025/03/13","4,288","4,206","4,326","4,185","714.53K","2.61%"
"2025/03/12","4,179","4,210","4,264","4,167","497.88K","-0.24%"
"2025/03/11","4,189","4,161","4,257","4,118","845.93K","-0.12%"
"2025/03/10","4,194","4,223","4,265","4,176","551.52K","-1.64%"
"2025/03/07","4,264","4,232","4,292","4,168","674.04K","0.71%"
"2025/03/06","4,234","4,307","4,307","4,178","580.06K","0.21%"
"2025/03/05","4,225","4,158","4,264","4,154","513.88K","2.30%"
"2025/03/04","4,130","4,221","4,221","4,125","377.55K","-1.74%"
"2025/03/03","4,203","4,297","4,329","4,181","858.92K","-1.57%"
"2025/02/28","4,270","4,252","4,309","4,251","295.93K","-0.72%"
"2025/02/27","4,301","4,309","4,333","4,267","428.88K","-0.37%"
"2025/02/26","4,317","4,285","4,318","4,231","368.68K","0.84%"
"2025/02/25","4,281","4,164","4,294","4,164","849.96K","1.66%"
"2025/02/24","4,211","4,208","4,278","4,208","758.07K","0.12%"
"2025/02/21","4,206","4,229","4,251","4,161","503.31K","0.69%"
"2025/02/20","4,177","4,161","4,217","4,161","294.88K","-0.50%"
"2025/02/19","4,198","4,294","4,294","4,197","298.06K","-1.85%"
"2025/02/18","4,277","4,288","4,337","4,242","379.34K","0.64%"
"2025/02/17","4,250","4,200","4,263","4,200","446.37K","-0.05%"
"2025/02/14","4,252","4,255","4,260","4,197","589.99K","0.00%"
"2025/02/13","4,252","4,275","4,286","4,213","546.97K","-0.54%"
"2025/02/12","4,275","4,255","4,306","4,255","665.15K","-0.02%"
"2025/02/11","4,276","4,279","4,318","4,188","619.70K","-0.49%"
"2025/02/10","4,297","4,202","4,320","4,201","825.01K","1.51%"
"2025/02/07","4,233","4,238","4,265","4,205","543.40K","0.07%"
"2025/02/06","4,230","4,274","4,291","4,213","891.65K","-1.03%"
"2025/02/05","4,274","4,366","4,366","4,241","1.80M","-1.70%"
"2025/02/04","4,348","4,321","4,403","4,321","617.83K","0.56%"
"2025/02/03","4,324","4,324","4,358","4,306","969.81K","-1.59%"
"2025/01/31","4,394","4,382","4,474","4,347","894.57K","-1.08%"
"2025/01/30","4,442","4,475","4,516","4,416","1.03M","-1.35%"
"2025/01/29","4,503","4,444","4,503","4,358","1.33M","0.85%"
"2025/01/28","4,465","4,353","4,481","4,353","3.35M","0.81%"
"2025/01/27","4,429","4,300","4,430","4,300","1.22M","0.66%"
"2025/01/24","4,400","4,330","4,454","4,305","739.21K","1.36%"
"2025/01/23","4,341","4,401","4,436","4,300","865.76K","-1.52%"
"2025/01/22","4,408","4,430","4,482","4,408","1.02M","-0.50%"
"2025/01/21","4,430","4,481","4,508","4,406","398.94K","-1.18%"
"2025/01/20","4,483","4,531","4,559","4,478","223.29K","-1.04%"
"2025/01/17","4,530","4,541","4,549","4,501","448.61K","0.33%"
"2025/01/16","4,515","4,588","4,588","4,480","296.76K","-0.77%"
"2025/01/15","4,550","4,587","4,587","4,521","1.33M","0.31%"
"2025/01/14","4,536","4,550","4,637","4,497","1.86M","-0.33%"
"2025/01/13","4,551","4,609","4,643","4,542","665.74K","-2.17%"
"2025/01/10","4,652","4,646","4,686","4,616","572.37K","-0.45%"
"2025/01/09","4,673","4,663","4,694","4,609","513.55K","0.06%"
"2025/01/08","4,670","4,770","4,771","4,622","281.69K","-2.08%"
"2025/01/07","4,769","4,722","4,795","4,683","513.99K","2.34%"
"2025/01/06","4,660","4,685","4,688","4,636","311.25K","-0.32%"
"2025/01/03","4,675","4,644","4,702","4,626","352.77K","-0.51%"
"2025/01/02","4,699","4,687","4,725","4,636","415.29K","1.12%"
"2024/12/31","4,647","4,614","4,716","4,614","262.71K","-0.47%"
"2024/12/30","4,669","4,629","4,692","4,615","619.33K","0.19%"
"2024/12/27","4,660","4,740","4,829","4,586","322.91K","-0.17%"
"2024/12/24","4,668","4,736","4,736","4,668","74.97K","-0.79%"
"2024/12/23","4,705","4,798","4,839","4,669","244.77K","-1.94%"
"2024/12/20","4,798","4,750","4,798","4,667","3.22M","1.01%"
"2024/12/19","4,750","4,739","4,766","4,688","502.04K","0.00%"
"2024/12/18","4,750","4,754","4,776","4,718","563.62K","0.00%"
"2024/12/17","4,750","4,653","4,800","4,653","497.29K","-0.27%"
"2024/12/13","4,763","4,724","4,771","4,687","552.92K","1.13%"
"2024/12/12","4,710","4,723","4,724","4,679","394.97K","0.43%"
"2024/12/11","4,690","4,697","4,720","4,622","895.49K","0.11%"
"2024/12/10","4,685","4,665","4,724","4,644","2.02M","0.51%"
"2024/12/09","4,661","4,664","4,665","4,626","798.65K","0.41%"
"2024/12/06","4,642","4,545","4,663","4,545","730.06K","1.69%"
"2024/12/05","4,565","4,594","4,595","4,511","610.41K","0.00%"
"2024/12/04","4,565","4,548","4,595","4,510","459.64K","0.42%"
"2024/12/03","4,546","4,444","4,570","4,384","948.70K","0.46%"
"2024/12/02","4,525","4,478","4,525","4,450","900.38K","1.25%"
"2024/11/29","4,469","4,400","4,478","4,400","713.78K","1.59%"
"2024/11/28","4,399","4,405","4,405","4,187","744.87K","0.89%"
"2024/11/27","4,360","4,252","4,360","4,237","1.05M","2.59%"
"2024/11/26","4,250","4,186","4,290","4,186","450.45K","-0.61%"
"2024/11/25","4,276","4,298","4,323","4,240","462.67K","-0.51%"
"2024/11/22","4,298","4,258","4,301","4,214","436.06K","2.72%"
"2024/11/21","4,184","4,262","4,262","4,163","411.76K","-0.85%"
"2024/11/20","4,220","4,203","4,309","4,203","189.16K","-0.75%"
"2024/11/19","4,252","4,385","4,385","4,251","550.01K","-1.60%"
"2024/11/18","4,321","4,359","4,425","4,321","835.90K","-0.12%"
"2024/11/15","4,326","4,190","4,350","4,172","1.05M","3.49%"
"2024/11/14","4,180","4,094","4,186","4,088","767.74K","1.98%"
"2024/11/13","4,099","4,110","4,110","4,050","340.91K","-0.27%"
"2024/11/12","4,110","4,005","4,118","4,005","691.94K","-0.48%"
"2024/11/11","4,130","4,090","4,170","4,090","357.88K","0.88%"
"2024/11/08","4,094","4,001","4,138","4,001","314.97K","-0.78%"
"2024/11/07","4,126","4,041","4,128","4,001","382.20K","2.18%"
"2024/11/06","4,038","4,082","4,097","4,010","580.08K","-1.44%"
"2024/11/05","4,097","4,172","4,210","4,080","673.77K","-2.64%"
"2024/11/04","4,208","4,118","4,212","4,118","281.55K","1.84%"
"2024/11/01","4,132","4,150","4,180","4,127","205.04K","-1.01%"
"2024/10/31","4,174","4,115","4,180","4,115","719.46K","0.31%"
"2024/10/30","4,161","4,123","4,213","4,116","255.77K","0.41%"
"2024/10/29","4,144","4,225","4,232","4,119","375.57K","-1.50%"
"2024/10/28","4,207","4,237","4,259","4,194","560.42K","0.89%"
"2024/10/25","4,170","4,187","4,238","4,162","799.10K","-1.21%"
"2024/10/24","4,221","4,204","4,265","4,169","840.99K","1.27%"
"2024/10/23","4,168","4,160","4,207","4,155","565.87K","-0.36%"
"2024/10/22","4,183","4,250","4,250","4,156","480.52K","-0.76%"
"2024/10/21","4,215","4,201","4,239","4,189","626.58K","-0.21%"
"2024/10/18","4,224","4,230","4,292","4,198","937.69K","-0.52%"
"2024/10/17","4,246","4,375","4,385","4,207","596.09K","-2.39%"
"2024/10/16","4,350","4,400","4,415","4,325","2.32M","-0.34%"
"2024/10/15","4,365","4,347","4,391","4,335","1.07M","-0.46%"
"2024/10/14","4,385","4,329","4,392","4,294","1.16M","1.22%"
"2024/10/11","4,332","4,146","4,332","4,146","1.13M","3.74%"
"2024/10/10","4,176","4,157","4,180","4,118","1.26M","0.72%"
"2024/10/09","4,146","4,128","4,167","4,107","912.45K","-5.84%"
"2024/10/08","4,403","4,380","4,567","4,140","1.75M","-0.83%"
"2024/10/07","4,440","4,506","4,517","4,399","1.17M","-0.22%"
"2024/10/04","4,450","4,585","4,585","4,422","528.03K","-1.53%"
"2024/10/03","4,519","4,529","4,540","4,489","822.21K","-0.13%"
"2024/10/02","4,525","4,569","4,599","4,509","688.48K","-0.33%"
"2024/10/01","4,540","4,608","4,610","4,518","1.31M","-1.35%"
"2024/09/30","4,602","4,570","4,630","4,570","1.15M","0.04%"
"2024/09/27","4,600","4,590","4,635","4,574","411.69K","0.00%"
"2024/09/26","4,600","4,644","4,647","4,571","1.11M","0.46%"
"2024/09/25","4,579","4,593","4,659","4,564","985.32K","0.46%"
"2024/09/23","4,558","4,494","4,573","4,466","797.58K","1.29%"
"2024/09/20","4,500","4,454","4,530","4,436","3.14M","1.03%"
"2024/09/19","4,454","4,350","4,485","4,327","2.92M","1.85%"
"2024/09/18","4,373","4,344","4,400","4,341","1.22M","0.83%"
"2024/09/17","4,337","4,200","4,416","4,200","2.38M","3.26%"
"2024/09/16","4,200","4,199","4,227","4,180","703.70K","0.55%"
"2024/09/13","4,177","4,133","4,209","4,078","918.20K","1.95%"
"2024/09/12","4,097","4,090","4,140","4,035","2.98M","0.17%"
"2024/09/11","4,090","3,934","4,100","3,908","2.01M","3.54%"
"2024/09/10","3,950","3,910","3,962","3,898","1.07M","0.53%"
"2024/09/09","3,929","3,911","3,980","3,904","633.65K","-0.41%"
"2024/09/06","3,945","3,851","3,980","3,851","1.50M","2.07%"
"2024/09/05","3,865","3,762","3,893","3,762","1.80M","1.66%"
"2024/09/04","3,802","3,773","3,821","3,773","926.80K","0.05%"
"2024/09/03","3,800","3,749","3,816","3,749","728.27K","0.24%"
"2024/09/02","3,791","3,830","3,830","3,752","929.67K","-0.84%"
"2024/08/30","3,823","3,791","3,835","3,774","1.41M","1.65%"
"2024/08/29","3,761","3,743","3,800","3,743","594.50K","-0.50%"
"2024/08/28","3,780","3,835","3,835","3,742","664.14K","-0.32%"
"2024/08/27","3,792","3,799","3,833","3,759","747.58K","0.99%"
"2024/08/26","3,755","3,711","3,794","3,659","828.89K","2.04%"
"2024/08/23","3,680","3,650","3,703","3,618","1.11M","1.77%"
"2024/08/22","3,616","3,586","3,654","3,572","592.88K","1.29%"
"2024/08/21","3,570","3,559","3,587","3,450","408.63K","0.99%"
"2024/08/20","3,535","3,525","3,554","3,511","571.49K","0.28%"
"2024/08/19","3,525","3,560","3,560","3,500","1.02M","0.20%"
"2024/08/16","3,518","3,490","3,558","3,471","1.11M","1.24%"
"2024/08/15","3,475","3,425","3,477","3,399","751.02K","1.05%"
"2024/08/14","3,439","3,390","3,456","3,377","1.38M","1.42%"
"2024/08/13","3,391","3,276","3,391","3,276","655.46K","1.98%"
"2024/08/12","3,325","3,334","3,365","3,277","713.19K","0.48%"
"2024/08/08","3,309","3,370","3,389","3,280","1.77M","-0.69%"
"2024/08/07","3,332","3,296","3,368","3,270","923.61K","0.82%"
"2024/08/06","3,305","3,249","3,318","3,209","743.77K","1.41%"
"2024/08/05","3,259","3,200","3,299","3,104","1.47M","1.65%"
"2024/08/02","3,206","3,201","3,246","3,196","337.46K","-1.81%"
"2024/08/01","3,265","3,213","3,279","3,167","860.52K","1.11%"
"2024/07/31","3,229","3,206","3,253","3,198","288.59K","1.45%"
"2024/07/30","3,183","3,220","3,240","3,159","381.62K","-1.12%"
"2024/07/29","3,219","3,115","3,230","3,115","342.23K","3.27%"
"2024/07/26","3,117","3,117","3,157","3,117","734.98K","-0.83%"
"2024/07/25","3,143","3,152","3,170","3,125","407.35K","0.00%"
"2024/07/24","3,143","3,143","3,172","3,129","220.38K","-0.35%"
"2024/07/23","3,154","3,132","3,157","3,114","1.15M","1.06%"
"2024/07/22","3,121","3,150","3,162","3,113","647.74K","-0.38%"
"2024/07/19","3,133","3,199","3,207","3,120","493.75K","-2.25%"
"2024/07/18","3,205","3,197","3,248","3,185","1.02M","-0.22%"
"2024/07/17","3,212","3,179","3,242","3,165","1.21M","-0.53%"
"2024/07/16","3,229","3,161","3,230","3,161","522.06K","0.28%"
"2024/07/15","3,220","3,300","3,300","3,189","618.76K","0.25%"
"2024/07/12","3,212","3,269","3,269","3,181","737.68K","-0.25%"
"2024/07/11","3,220","3,189","3,249","3,185","958.28K","-0.25%"
"2024/07/10","3,228","3,242","3,299","3,228","1.01M","-1.31%"
"2024/07/09","3,271","3,297","3,300","3,257","239.79K","-0.18%"
"2024/07/08","3,277","3,268","3,298","3,250","562.94K","-0.70%"
"2024/07/05","3,300","3,285","3,315","3,285","447.42K","0.00%"
"2024/07/04","3,300","3,256","3,315","3,256","1.41M","-0.45%"
"2024/07/03","3,315","3,171","3,319","3,171","739.46K","2.60%"
"2024/07/02","3,231","3,236","3,266","3,196","921.58K","-1.73%"
"2024/07/01","3,288","3,200","3,302","3,190","1.22M","4.71%"
"2024/06/28","3,140","3,170","3,200","3,106","444.91K","0.67%"
"2024/06/27","3,119","3,171","3,171","3,086","191.59K","-1.05%"
"2024/06/26","3,152","3,030","3,170","3,025","1.31M","4.03%"
"2024/06/25","3,030","3,055","3,084","3,001","865.43K","-0.39%"
"2024/06/24","3,042","3,061","3,061","2,948","2.25M","-0.62%"
"2024/06/21","3,061","3,165","3,220","2,900","4.70M","-4.34%"
"2024/06/20","3,200","3,300","3,310","3,176","1.09M","-3.85%"
"2024/06/19","3,328","3,100","3,328","3,100","3.29M","7.35%"
"2024/06/18","3,100","2,951","3,188","2,951","3.41M","6.31%"
"2024/06/14","2,916","2,869","2,940","2,825","1.44M","2.64%"
"2024/06/13","2,841","2,879","2,904","2,837","5.42M","-1.70%"
"2024/06/12","2,890","2,833","2,896","2,820","503.53K","2.08%"
"2024/06/11","2,831","2,837","2,837","2,806","154.59K","0.39%"
"2024/06/10","2,820","2,813","2,839","2,807","273.85K","-1.26%"
"2024/06/07","2,856","2,793","2,878","2,793","1.19M","0.11%"
"2024/06/06","2,853","2,862","2,862","2,806","249.07K","-0.31%"
"2024/06/05","2,862","2,901","2,901","2,848","281.48K","-0.17%"
"2024/06/04","2,867","2,848","2,867","2,797","370.78K","1.49%"
"2024/06/03","2,825","2,750","2,837","2,726","576.65K","3.25%"
"2024/05/31","2,736","2,750","2,756","2,733","423.91K","-0.87%"
"2024/05/30","2,760","2,795","2,809","2,757","924.19K","-2.51%"
"2024/05/28","2,831","2,849","2,849","2,814","275.58K","-0.18%"
"2024/05/27","2,836","2,879","2,879","2,831","98.15K","-1.25%"
"2024/05/24","2,872","2,850","2,877","2,831","303.43K","0.31%"
"2024/05/23","2,863","2,884","2,898","2,851","639.05K","-0.56%"
"2024/05/22","2,879","2,852","2,901","2,852","548.74K","0.14%"
"2024/05/21","2,875","2,844","2,887","2,844","914.38K","-0.03%"
"2024/05/20","2,876","2,850","2,883","2,850","496.45K","0.10%"
"2024/05/17","2,873","2,870","2,883","2,843","287.99K","-0.21%"
"2024/05/16","2,879","2,876","2,899","2,843","602.34K","0.14%"
"2024/05/15","2,875","2,857","2,895","2,857","326.18K","0.14%"
"2024/05/14","2,871","2,913","2,919","2,870","331.66K","-1.58%"
"2024/05/13","2,917","2,884","2,921","2,884","235.40K","0.62%"
"2024/05/10","2,899","2,933","2,933","2,875","532.96K","1.15%"
"2024/05/09","2,866","2,897","2,897","2,850","377.86K","-0.35%"
"2024/05/08","2,876","2,883","2,898","2,848","1.22M","-0.59%"
"2024/05/07","2,893","2,901","2,915","2,884","498.20K","-0.17%"
"2024/05/06","2,898","2,858","2,900","2,854","285.50K","0.63%"
"2024/05/03","2,880","2,815","2,921","2,815","740.90K","-0.96%"
"2024/05/02","2,908","2,898","2,935","2,887","759.04K","0.35%"
"2024/04/30","2,898","2,900","2,905","2,872","1.55M","0.35%"
"2024/04/29","2,888","2,838","2,892","2,817","906.60K","2.41%"
"2024/04/26","2,820","2,777","2,828","2,756","770.93K","2.55%"
"2024/04/25","2,750","2,722","2,779","2,722","635.46K","0.18%"
"2024/04/24","2,745","2,807","2,807","2,711","987.20K","-1.15%"
"2024/04/23","2,777","2,836","2,836","2,755","400.69K","-1.56%"
"2024/04/22","2,821","2,772","2,868","2,737","919.13K","2.58%"
"2024/04/19","2,750","2,765","2,765","2,723","553.91K","-0.58%"
"2024/04/18","2,766","2,778","2,782","2,760","333.29K","-0.61%"
"2024/04/17","2,783","2,849","2,849","2,768","488.43K","-0.57%"
"2024/04/16","2,799","2,814","2,814","2,774","955.80K","-0.71%"
"2024/04/15","2,819","2,801","2,830","2,800","1.60M","0.68%"
"2024/04/12","2,800","2,800","2,846","2,800","1.26M","-1.79%"
"2024/04/11","2,851","2,915","2,915","2,816","676.22K","-1.14%"
"2024/04/10","2,884","2,856","2,900","2,850","1.98M","0.98%"
"2024/04/09","2,856","2,800","2,856","2,784","619.03K","2.00%"
"2024/04/08","2,800","2,815","2,815","2,763","1.03M","0.00%"
"2024/04/05","2,800","2,821","2,821","2,795","969.37K","-0.78%"
"2024/04/04","2,822","2,801","2,859","2,801","837.73K","-0.35%"
"2024/04/03","2,832","2,824","2,835","2,800","1.21M","0.04%"
"2024/04/02","2,831","2,930","2,930","2,831","1.81M","-3.61%"
"2024/03/28","2,937","2,961","2,961","2,906","586.88K","0.41%"
"2024/03/27","2,925","2,876","2,940","2,870","1.17M","1.35%"
"2024/03/26","2,886","2,934","2,934","2,880","896.47K","-1.50%"
"2024/03/25","2,930","3,055","3,055","2,915","1.59M","0.31%"
"2024/03/22","2,921","2,940","2,973","2,915","518.69K","-1.32%"
"2024/03/20","2,960","2,985","3,030","2,958","918.03K","-1.66%"
"2024/03/19","3,010","3,126","3,138","2,995","1.29M","-3.00%"
"2024/03/18","3,103","3,084","3,117","3,066","1.31M","-0.03%"
"2024/03/15","3,104","3,112","3,112","3,071","2.66M","-0.51%"
"2024/03/14","3,120","3,005","3,134","2,979","3.15M","0.32%"
"2024/03/13","3,110","3,101","3,121","3,085","994.21K","0.16%"
"2024/03/12","3,105","3,249","3,250","2,990","2.47M","-4.20%"
"2024/03/11","3,241","3,234","3,266","3,218","355.24K","-0.15%"
"2024/03/08","3,246","3,203","3,254","3,203","668.41K","0.65%"
"2024/03/07","3,225","3,232","3,245","3,194","601.06K","-0.52%"
"2024/03/06","3,242","3,176","3,255","3,176","730.42K","2.53%"
"2024/03/05","3,162","3,165","3,183","3,133","420.35K","-0.25%"
"2024/03/04","3,170","3,125","3,173","3,115","871.59K","1.38%"
"2024/03/01","3,127","3,150","3,150","3,111","451.77K","-0.32%"
"2024/02/29","3,137","3,155","3,155","3,113","1.05M","0.42%"
"2024/02/28","3,124","3,172","3,177","3,120","814.69K","-2.10%"
"2024/02/27","3,191","3,218","3,257","3,187","331.95K","-0.81%"
"2024/02/26","3,217","3,250","3,310","3,217","700.15K","-2.22%"
"2024/02/23","3,290","3,210","3,304","3,210","615.16K","1.36%"
"2024/02/22","3,246","3,136","3,250","3,136","744.58K","1.76%"
"2024/02/21","3,190","3,140","3,200","3,115","558.05K","1.46%"
"2024/02/20","3,144","3,174","3,177","3,144","1.37M","-1.57%"
"2024/02/19","3,194","3,218","3,233","3,184","1.51M","-0.75%"
"2024/02/16","3,218","3,253","3,278","3,202","1.18M","-1.92%"
"2024/02/15","3,281","3,287","3,322","3,278","372.82K","-0.18%"
"2024/02/14","3,287","3,261","3,320","3,252","1.02M","-0.06%"
"2024/02/13","3,289","3,225","3,352","3,225","1.41M","-1.82%"
"2024/02/12","3,350","3,308","3,350","3,280","922.94K","1.36%"
"2024/02/09","3,305","3,281","3,309","3,278","708.39K","0.00%"
"2024/02/08","3,305","3,300","3,329","3,257","3.08M","0.46%"
"2024/02/07","3,290","3,118","3,309","3,118","488.48K","0.61%"
"2024/02/06","3,270","3,281","3,290","3,232","431.37K","-0.30%"
"2024/02/05","3,280","3,264","3,288","3,216","1.32M","0.99%"
"2024/02/02","3,248","3,195","3,257","3,195","1.01M","1.63%"
"2024/02/01","3,196","3,205","3,206","3,152","617.75K","-0.50%"
"2024/01/31","3,212","3,200","3,219","3,148","731.91K","0.50%"
"2024/01/30","3,196","3,167","3,224","3,167","434.65K","0.35%"
"2024/01/29","3,185","3,124","3,194","3,086","588.97K","1.21%"
"2024/01/26","3,147","3,146","3,162","3,124","281.68K","0.22%"
"2024/01/25","3,140","3,140","3,153","3,105","229.92K","0.06%"
"2024/01/24","3,138","3,100","3,138","3,087","1.54M","1.59%"
"2024/01/23","3,089","3,091","3,102","3,062","685.96K","1.31%"
"2024/01/22","3,049","3,029","3,069","3,025","218.22K","0.66%"
"2024/01/19","3,029","3,000","3,029","2,997","514.17K","0.80%"
"2024/01/18","3,005","3,050","3,050","2,999","560.58K","-1.05%"
"2024/01/17","3,037","3,016","3,042","2,972","277.68K","-0.20%"
"2024/01/16","3,043","3,066","3,066","3,039","393.11K","-0.62%"
"2024/01/15","3,062","3,077","3,080","3,052","250.28K","0.10%"
"2024/01/12","3,059","3,020","3,073","3,018","656.19K","1.32%"
"2024/01/11","3,019","3,025","3,044","2,990","346.53K","-0.30%"
"2024/01/10","3,028","2,982","3,043","2,973","414.84K","0.83%"
"2024/01/09","3,003","3,019","3,019","2,978","3.03M","0.98%"
"2024/01/08","2,974","3,011","3,023","2,967","908.64K","-0.83%"
"2024/01/05","2,999","3,013","3,029","2,994","359.31K","-0.93%"
"2024/01/04","3,027","3,022","3,060","3,012","236.29K","-0.36%"
"2024/01/03","3,038","3,051","3,074","3,036","483.02K","-1.52%"
"2024/01/02","3,085","3,071","3,119","3,071","392.67K","-0.84%"
"2023/12/29","3,111","3,127","3,142","3,105","187.92K","-0.51%"
"2023/12/28","3,127","3,152","3,152","3,100","326.98K","0.26%"
"2023/12/27","3,119","3,106","3,164","3,089","949.32K","0.61%"
"2023/12/22","3,100","2,943","3,101","2,943","464.99K","0.85%"
"2023/12/21","3,074","2,930","3,078","2,930","395.12K","0.00%"
"2023/12/20","3,074","3,033","3,089","3,025","592.32K","1.59%"
"2023/12/19","3,026","3,031","3,044","3,005","1.07M","-0.03%"
"2023/12/18","3,027","3,015","3,055","3,008","1.58M","-0.75%"
"2023/12/14","3,050","2,900","3,050","2,898","7.10M","6.05%"
"2023/12/13","2,876","2,800","2,900","2,800","3.58M","-0.62%"
"2023/12/12","2,894","2,886","2,911","2,792","7.89M","1.47%"
"2023/12/11","2,852","2,763","2,874","2,763","2.93M","1.86%"
"2023/12/08","2,800","2,802","2,816","2,760","1.81M","-0.07%"
"2023/12/07","2,802","2,775","2,808","2,731","1.84M","0.97%"
"2023/12/06","2,775","2,706","2,775","2,691","1.64M","2.55%"
"2023/12/05","2,706","2,698","2,733","2,687","858.85K","0.56%"
"2023/12/04","2,691","2,643","2,713","2,643","1.04M","2.63%"
"2023/12/01","2,622","2,640","2,640","2,562","618.31K","2.34%"
"2023/11/30","2,562","2,600","2,624","2,549","839.09K","-1.23%"
"2023/11/29","2,594","2,617","2,647","2,587","516.94K","-0.54%"
"2023/11/28","2,608","2,590","2,614","2,527","573.60K","1.80%"
"2023/11/27","2,562","2,588","2,595","2,547","567.24K","-0.50%"
"2023/11/24","2,575","2,600","2,631","2,561","710.53K","-0.46%"
"2023/11/23","2,587","2,596","2,616","2,584","362.92K","0.15%"
"2023/11/22","2,583","2,556","2,600","2,556","470.13K","1.14%"
"2023/11/21","2,554","2,620","2,629","2,554","820.21K","-2.15%"
"2023/11/20","2,610","2,589","2,620","2,581","577.05K","1.08%"
"2023/11/17","2,582","2,597","2,601","2,560","568.79K","-0.58%"
"2023/11/16","2,597","2,736","2,736","2,591","1.52M","-4.63%"
"2023/11/15","2,723","2,675","2,789","2,675","1.18M","1.95%"
"2023/11/14","2,671","2,637","2,674","2,606","2.60M","2.34%"
"2023/11/13","2,610","2,669","2,669","2,610","566.98K","-1.40%"
"2023/11/10","2,647","2,638","2,670","2,635","572.88K","-0.49%"
"2023/11/09","2,660","2,655","2,690","2,650","865.48K","-0.37%"
"2023/11/08","2,670","2,655","2,690","2,651","2.39M","0.56%"
"2023/11/07","2,655","2,685","2,696","2,651","1.09M","-0.78%"
"2023/11/06","2,676","2,725","2,729","2,672","722.34K","-0.52%"
"2023/11/03","2,690","2,700","2,703","2,650","674.92K","0.26%"
"2023/11/02","2,683","2,625","2,697","2,573","1.12M","4.72%"
"2023/11/01","2,562","2,619","2,619","2,524","1.88M","-9.66%"
"2023/10/31","2,836","2,871","2,871","2,820","829.36K","0.67%"
"2023/10/30","2,817","2,875","2,919","2,805","1.07M","0.36%"
"2023/10/27","2,807","2,826","2,856","2,807","873.48K","-0.46%"
"2023/10/26","2,820","2,833","2,852","2,806","597.21K","-1.05%"
"2023/10/25","2,850","2,861","2,883","2,817","658.61K","-0.35%"
"2023/10/24","2,860","2,870","2,890","2,832","2.84M","0.53%"
"2023/10/23","2,845","2,820","2,855","2,780","853.75K","0.82%"
"2023/10/20","2,822","2,880","2,880","2,822","1.87M","-1.91%"
"2023/10/19","2,877","2,870","2,892","2,839","569.08K","-0.31%"
"2023/10/18","2,886","2,921","2,921","2,878","2.00M","-1.20%"
"2023/10/17","2,921","2,965","2,973","2,912","700.14K","-1.65%"
"2023/10/16","2,970","2,995","3,011","2,944","869.96K","-0.80%"
"2023/10/13","2,994","3,023","3,036","2,984","635.04K","-0.96%"
"2023/10/12","3,023","3,110","3,120","3,000","1.09M","-2.89%"
"2023/10/11","3,113","3,140","3,174","3,113","3.59M","-1.02%"
"2023/10/10","3,145","3,209","3,209","3,129","945.73K","-0.88%"
"2023/10/09","3,173","3,220","3,253","3,173","1.47M","-1.55%"
"2023/10/06","3,223","3,190","3,228","3,190","556.54K","1.03%"
"2023/10/05","3,190","3,228","3,238","3,179","553.88K","-0.31%"
"2023/10/04","3,200","3,199","3,228","3,170","784.87K","-0.16%"
"2023/10/03","3,205","3,231","3,241","3,165","708.55K","0.09%"
"2023/10/02","3,202","3,220","3,222","3,173","443.61K","0.22%"
"2023/09/29","3,195","3,218","3,240","3,173","679.87K","0.47%"
"2023/09/28","3,180","3,229","3,229","3,161","439.20K","-0.93%"
"2023/09/27","3,210","3,300","3,300","3,198","873.47K","-0.12%"
"2023/09/26","3,214","3,281","3,321","3,188","947.91K","-1.50%"
"2023/09/22","3,263","3,313","3,316","3,240","1.31M","-2.01%"
"2023/09/21","3,330","3,302","3,344","3,275","2.96M","-0.18%"
"2023/09/20","3,336","3,321","3,359","3,306","434.14K","1.00%"
"2023/09/19","3,303","3,300","3,317","3,280","316.43K","0.49%"
"2023/09/18","3,287","3,292","3,293","3,260","1.64M","0.49%"
"2023/09/15","3,271","3,207","3,305","3,207","1.07M","-0.46%"
"2023/09/14","3,286","3,222","3,295","3,220","714.40K","1.95%"
"2023/09/13","3,223","3,300","3,300","3,200","372.49K","-0.28%"
"2023/09/12","3,232","3,269","3,269","3,203","270.68K","0.22%"
"2023/09/11","3,225","3,160","3,249","3,160","290.77K","0.75%"
"2023/09/08","3,201","3,239","3,239","3,177","464.16K","-0.06%"
"2023/09/07","3,203","3,180","3,236","3,180","311.30K","-0.31%"
"2023/09/06","3,213","3,280","3,280","3,160","449.03K","0.97%"
"2023/09/05","3,182","3,227","3,227","3,167","464.47K","-1.27%"
"2023/09/04","3,223","3,241","3,241","3,218","227.45K","-0.40%"
"2023/09/01","3,236","3,224","3,280","3,224","427.74K","-0.86%"
"2023/08/31","3,264","3,250","3,295","3,244","670.84K","-1.60%"
"2023/08/30","3,317","3,300","3,330","3,287","462.60K","0.82%"
"2023/08/29","3,290","3,318","3,331","3,290","375.16K","-1.76%"
"2023/08/28","3,349","3,291","3,349","3,276","648.13K","1.76%"
"2023/08/25","3,291","3,340","3,360","3,283","487.04K","-1.73%"
"2023/08/24","3,349","3,298","3,377","3,298","1.42M","1.55%"
"2023/08/23","3,298","3,240","3,299","3,240","434.40K","1.48%"
"2023/08/22","3,250","3,202","3,269","3,201","643.31K","-0.61%"
"2023/08/21","3,270","3,200","3,279","3,200","563.18K","1.93%"
"2023/08/18","3,208","3,200","3,272","3,200","1.07M","-1.87%"
"2023/08/17","3,269","3,251","3,295","3,235","968.58K","-0.49%"
"2023/08/16","3,285","3,242","3,291","3,231","511.03K","0.12%"
"2023/08/15","3,281","3,290","3,294","3,230","535.66K","0.55%"
"2023/08/14","3,263","3,280","3,290","3,254","694.16K","-0.61%"
"2023/08/11","3,283","3,316","3,317","3,273","716.71K","-1.00%"
"2023/08/10","3,316","3,294","3,345","3,258","577.67K","-0.60%"
"2023/08/08","3,336","3,240","3,350","3,238","1.21M","2.52%"
"2023/08/07","3,254","3,230","3,300","3,230","347.01K","-0.55%"
"2023/08/04","3,272","3,267","3,272","3,232","474.95K","0.15%"
"2023/08/03","3,267","3,280","3,291","3,237","2.30M","-0.21%"
"2023/08/02","3,274","3,262","3,313","3,247","881.27K","0.83%"
"2023/08/01","3,247","3,225","3,263","3,165","999.90K","1.63%"
"2023/07/31","3,195","3,150","3,231","3,150","1.02M","0.60%"
"2023/07/28","3,176","3,215","3,215","3,165","258.75K","-2.07%"
"2023/07/27","3,243","3,131","3,285","3,131","1.38M","4.28%"
"2023/07/26","3,110","3,150","3,151","3,096","1.59M","-0.10%"
"2023/07/25","3,113","3,140","3,166","3,113","667.62K","-0.06%"
"2023/07/24","3,115","3,020","3,116","3,020","1.46M","2.98%"
"2023/07/21","3,025","3,041","3,060","3,025","2.50M","-0.33%"
"2023/07/20","3,035","2,985","3,036","2,979","852.17K","0.96%"
"2023/07/19","3,006","3,015","3,048","2,994","573.87K","-0.30%"
"2023/07/18","3,015","3,040","3,053","2,995","246.27K","-0.79%"
"2023/07/17","3,039","3,009","3,062","3,009","529.26K","0.80%"
"2023/07/14","3,015","3,027","3,048","2,994","261.23K","0.00%"
"2023/07/13","3,015","3,026","3,074","3,005","1.10M","-0.33%"
"2023/07/12","3,025","3,038","3,039","3,009","392.20K","-0.17%"
"2023/07/11","3,030","3,003","3,035","2,997","271.54K","1.37%"
"2023/07/10","2,989","2,971","3,026","2,971","217.53K","-2.32%"
"2023/07/07","3,060","3,076","3,076","3,017","342.69K","-0.33%"
"2023/07/06","3,070","3,080","3,087","3,055","906.74K","-0.26%"
"2023/07/05","3,078","3,080","3,115","3,056","691.87K","-0.06%"
"2023/07/04","3,080","3,038","3,080","3,038","333.81K","0.59%"
"2023/07/03","3,062","3,091","3,110","3,051","1.09M","-0.29%"
"2023/06/30","3,071","3,003","3,111","3,001","717.93K","0.52%"
"2023/06/29","3,055","3,107","3,107","3,035","447.37K","0.66%"
"2023/06/28","3,035","2,980","3,061","2,978","599.52K","1.13%"
"2023/06/27","3,001","2,971","3,015","2,953","866.68K","-0.07%"
"2023/06/26","3,003","2,996","3,019","2,954","597.88K","-0.30%"
"2023/06/23","3,012","3,068","3,075","3,011","683.33K","-2.78%"
"2023/06/22","3,098","3,173","3,173","3,084","463.81K","-0.61%"
"2023/06/21","3,117","3,139","3,139","3,094","368.05K","-1.08%"
"2023/06/20","3,151","3,137","3,159","3,104","384.69K","0.19%"
"2023/06/19","3,145","3,150","3,157","3,095","668.52K","0.32%"
"2023/06/15","3,135","3,160","3,190","3,097","2.17M","-0.29%"
"2023/06/14","3,144","3,080","3,145","3,080","1.09M","1.42%"
"2023/06/13","3,100","3,223","3,223","3,090","452.42K","-0.86%"
"2023/06/12","3,127","3,150","3,178","3,112","440.92K","-1.79%"
"2023/06/09","3,184","3,170","3,207","3,159","1.05M","-0.03%"
"2023/06/08","3,185","3,151","3,228","3,151","1.17M","1.08%"
"2023/06/07","3,151","3,120","3,169","3,116","855.31K","0.93%"
"2023/06/06","3,122","3,087","3,124","3,079","876.26K","0.87%"
"2023/06/05","3,095","3,040","3,115","3,040","681.32K","1.48%"
"2023/06/02","3,050","3,035","3,069","3,024","522.73K","0.83%"
"2023/06/01","3,025","3,047","3,071","3,013","636.73K","0.23%"
"2023/05/31","3,018","2,995","3,037","2,983","1.54M","0.60%"
"2023/05/30","3,000","2,908","3,018","2,908","756.68K","0.50%"
"2023/05/29","2,985","2,999","3,003","2,930","562.49K","1.63%"
"2023/05/26","2,937","2,964","2,972","2,907","633.91K","-0.03%"
"2023/05/25","2,938","3,000","3,000","2,925","508.22K","-0.51%"
"2023/05/24","2,953","2,941","2,968","2,913","444.05K","0.44%"
"2023/05/23","2,940","3,050","3,050","2,929","397.34K","-1.04%"
"2023/05/22","2,971","2,992","3,000","2,954","573.63K","-0.64%"
"2023/05/19","2,990","2,999","3,039","2,940","1.50M","0.71%"
"2023/05/18","2,969","2,986","2,996","2,956","632.23K","-0.03%"
"2023/05/17","2,970","2,997","3,027","2,955","879.74K","-1.98%"
"2023/05/16","3,030","3,059","3,088","3,010","347.38K","-0.95%"
"2023/05/15","3,059","3,060","3,066","3,010","365.56K","-0.07%"
"2023/05/12","3,061","2,990","3,065","2,980","793.00K","0.62%"
"2023/05/11","3,042","3,040","3,064","3,024","903.14K","-0.78%"
"2023/05/10","3,066","3,093","3,094","3,033","975.41K","0.00%"
"2023/05/09","3,066","3,090","3,090","3,040","499.34K","-0.78%"
"2023/05/08","3,090","3,101","3,111","3,013","518.79K","-0.35%"
"2023/05/05","3,101","3,081","3,120","3,081","875.21K","0.10%"
"2023/05/04","3,098","3,130","3,229","3,073","1.06M","-1.81%"
"2023/05/03","3,155","3,138","3,166","3,121","1.65M","-0.22%"
"2023/05/02","3,162","3,081","3,202","3,081","916.95K","-1.00%"
"2023/04/28","3,194","3,163","3,236","3,143","638.76K","1.24%"
"2023/04/26","3,155","3,098","3,174","3,098","587.28K","1.12%"
"2023/04/25","3,120","3,185","3,185","3,110","813.06K","-1.89%"
"2023/04/24","3,180","3,206","3,210","3,153","1.65M","-0.25%"
"2023/04/21","3,188","3,190","3,237","3,179","2.01M","-1.15%"
"2023/04/20","3,225","3,207","3,250","3,207","685.58K","-0.19%"
"2023/04/19","3,231","3,235","3,262","3,217","665.38K","-0.55%"
"2023/04/18","3,249","3,250","3,260","3,230","554.78K","0.19%"
"2023/04/17","3,243","3,240","3,273","3,218","472.93K","0.09%"
"2023/04/14","3,240","3,215","3,242","3,215","701.76K","0.31%"
"2023/04/13","3,230","3,249","3,249","3,200","312.88K","0.25%"
"2023/04/12","3,222","3,233","3,240","3,208","384.78K","-0.06%"
"2023/04/11","3,224","3,191","3,224","3,191","627.00K","1.16%"
"2023/04/06","3,187","3,171","3,211","3,120","1.01M","0.82%"
"2023/04/05","3,161","3,092","3,167","3,075","1.01M","2.83%"
"2023/04/04","3,074","3,077","3,117","3,049","530.88K","1.12%"
"2023/04/03","3,040","2,976","3,061","2,976","711.00K","2.36%"
"2023/03/31","2,970","2,953","2,982","2,939","1.06M","-0.17%"
"2023/03/30","2,975","2,971","2,996","2,957","771.05K","0.61%"
"2023/03/29","2,957","2,985","2,985","2,891","764.30K","0.27%"
"2023/03/28","2,949","2,909","2,961","2,909","1.38M","2.25%"
"2023/03/27","2,884","3,080","3,080","2,860","617.77K","-2.20%"
"2023/03/24","2,949","2,977","2,977","2,902","491.27K","-0.61%"
"2023/03/23","2,967","2,993","3,003","2,930","743.17K","-0.77%"
"2023/03/22","2,990","3,018","3,082","2,960","882.33K","-1.25%"
"2023/03/20","3,028","3,091","3,091","2,980","695.75K","-2.04%"
"2023/03/17","3,091","3,124","3,150","3,047","1.11M","-0.48%"
"2023/03/16","3,106","3,085","3,141","3,069","817.37K","0.13%"
"2023/03/15","3,102","3,197","3,197","3,065","647.46K","-1.15%"
"2023/03/14","3,138","3,160","3,181","3,117","373.55K","-2.03%"
"2023/03/13","3,203","3,273","3,273","3,163","493.79K","-1.45%"
"2023/03/10","3,250","3,250","3,309","3,219","332.80K","-1.49%"
"2023/03/09","3,299","3,297","3,328","3,270","296.57K","-0.45%"
"2023/03/08","3,314","3,303","3,326","3,275","314.90K","-0.96%"
"2023/03/07","3,346","3,300","3,383","3,291","573.41K","0.75%"
"2023/03/06","3,321","3,331","3,362","3,314","611.44K","-0.78%"
"2023/03/03","3,347","3,313","3,370","3,313","332.93K","-0.06%"
"2023/03/02","3,349","3,402","3,407","3,301","621.01K","-1.59%"
"2023/03/01","3,403","3,432","3,450","3,381","430.36K","-0.70%"
"2023/02/28","3,427","3,406","3,440","3,380","835.41K","0.12%"
"2023/02/27","3,423","3,370","3,448","3,370","310.27K","0.44%"
"2023/02/24","3,408","3,425","3,469","3,408","524.34K","-1.36%"
"2023/02/23","3,455","3,400","3,472","3,372","1.79M","1.77%"
"2023/02/22","3,395","3,391","3,446","3,375","1.20M","-0.09%"
"2023/02/21","3,398","3,445","3,454","3,398","883.23K","-1.36%"
"2023/02/20","3,445","3,469","3,470","3,416","1.46M","-0.17%"
"2023/02/17","3,451","3,454","3,472","3,428","349.94K","-0.20%"
"2023/02/16","3,458","3,460","3,480","3,435","338.03K","0.23%"
"2023/02/15","3,450","3,450","3,475","3,435","897.44K","-0.09%"
"2023/02/14","3,453","3,440","3,469","3,419","801.41K","0.29%"
"2023/02/13","3,443","3,400","3,450","3,363","1.16M","1.12%"
"2023/02/10","3,405","3,376","3,416","3,365","742.04K","-0.03%"
"2023/02/09","3,406","3,385","3,430","3,365","494.02K","0.68%"
"2023/02/08","3,383","3,369","3,396","3,356","543.68K","0.33%"
"2023/02/07","3,372","3,413","3,423","3,365","1.55M","-1.55%"
"2023/02/06","3,425","3,422","3,461","3,420","339.45K","-0.72%"
"2023/02/03","3,450","3,441","3,471","3,411","337.40K","0.61%"
"2023/02/02","3,429","3,397","3,450","3,397","1.20M","0.85%"
"2023/02/01","3,400","3,300","3,431","3,300","821.96K","1.64%"
"2023/01/31","3,345","3,350","3,364","3,302","532.02K","-0.24%"
"2023/01/30","3,353","3,390","3,390","3,343","518.48K","-1.21%"
"2023/01/27","3,394","3,435","3,440","3,394","965.85K","-1.28%"
"2023/01/26","3,438","3,439","3,470","3,422","356.96K","0.06%"
"2023/01/25","3,436","3,473","3,480","3,428","247.25K","-1.32%"
"2023/01/24","3,482","3,487","3,497","3,436","231.52K","0.40%"
"2023/01/23","3,468","3,485","3,504","3,456","468.77K","-0.37%"
"2023/01/20","3,481","3,468","3,514","3,468","279.10K","0.00%"
"2023/01/19","3,481","3,458","3,494","3,440","479.02K","-0.09%"
"2023/01/18","3,484","3,448","3,499","3,422","375.37K","1.28%"
"2023/01/17","3,440","3,455","3,455","3,394","632.36K","0.76%"
"2023/01/16","3,414","3,413","3,434","3,411","413.02K","0.06%"
"2023/01/13","3,412","3,423","3,431","3,407","451.95K","-0.32%"
"2023/01/12","3,423","3,432","3,450","3,331","269.52K","0.41%"
"2023/01/11","3,409","3,390","3,440","3,390","382.94K","0.26%"
"2023/01/10","3,400","3,450","3,450","3,353","295.02K","0.06%"
"2023/01/09","3,398","3,400","3,406","3,366","1.63M","0.83%"
"2023/01/06","3,370","3,328","3,381","3,323","431.64K","1.51%"
"2023/01/05","3,320","3,400","3,400","3,283","431.39K","-0.33%"
"2023/01/04","3,331","3,350","3,357","3,321","277.06K","0.57%"
"2023/01/03","3,312","3,369","3,375","3,312","766.69K","-1.55%"
"2022/12/30","3,364","3,348","3,397","3,334","242.99K","0.12%"
"2022/12/29","3,360","3,388","3,388","3,336","301.46K","-1.18%"
"2022/12/28","3,400","3,400","3,409","3,364","546.25K","1.19%"
"2022/12/23","3,360","3,363","3,394","3,329","234.89K","0.78%"
"2022/12/22","3,334","3,341","3,355","3,333","938.83K","0.00%"
"2022/12/21","3,334","3,311","3,349","3,311","381.79K","0.57%"
"2022/12/20","3,315","3,300","3,346","3,273","1.20M","0.45%"
"2022/12/19","3,300","3,299","3,310","3,267","889.49K","0.00%"
"2022/12/15","3,300","3,305","3,356","3,267","3.21M","-0.63%"
"2022/12/14","3,321","3,352","3,365","3,303","403.69K","-1.37%"
"2022/12/13","3,367","3,342","3,371","3,318","402.63K","1.14%"
"2022/12/12","3,329","3,360","3,372","3,312","343.51K","-0.63%"
"2022/12/09","3,350","3,412","3,412","3,350","856.15K","-0.53%"
"2022/12/08","3,368","3,388","3,400","3,363","338.35K","-0.03%"
"2022/12/07","3,369","3,421","3,421","3,343","403.27K","-0.68%"
"2022/12/06","3,392","3,359","3,407","3,359","316.51K","0.68%"
"2022/12/05","3,369","3,347","3,413","3,347","366.19K","0.63%"
"2022/12/02","3,348","3,455","3,455","3,308","608.00K","0.39%"
"2022/12/01","3,335","3,426","3,460","3,284","2.03M","-2.85%"
"2022/11/30","3,433","3,405","3,450","3,395","843.52K","0.12%"
"2022/11/29","3,429","3,496","3,496","3,410","629.69K","-0.81%"
"2022/11/28","3,457","3,480","3,480","3,449","402.06K","-0.66%"
"2022/11/25","3,480","3,401","3,499","3,401","254.95K","-0.03%"
"2022/11/24","3,481","3,470","3,525","3,462","283.67K","0.32%"
"2022/11/23","3,470","3,500","3,500","3,448","575.99K","-0.29%"
"2022/11/22","3,480","3,443","3,482","3,405","378.85K","1.55%"
"2022/11/21","3,427","3,467","3,511","3,403","631.48K","-1.95%"
"2022/11/18","3,495","3,482","3,539","3,482","366.07K","0.52%"
"2022/11/17","3,477","3,525","3,525","3,447","909.31K","-0.94%"
"2022/11/16","3,510","3,431","3,527","3,431","697.02K","-0.57%"
"2022/11/15","3,530","3,562","3,589","3,500","898.69K","-0.70%"
"2022/11/14","3,555","3,429","3,575","3,428","653.80K","2.13%"
"2022/11/11","3,481","3,465","3,486","3,421","641.87K","0.90%"
"2022/11/10","3,450","3,387","3,450","3,365","701.58K","0.94%"
"2022/11/09","3,418","3,400","3,446","3,382","1.00M","1.12%"
"2022/11/08","3,380","3,351","3,397","3,348","941.40K","0.87%"
"2022/11/07","3,351","3,355","3,495","3,313","767.46K","0.81%"
"2022/11/04","3,324","3,288","3,344","3,271","708.00K","1.37%"
"2022/11/03","3,279","3,393","3,400","3,260","717.51K","-2.56%"
"2022/11/02","3,365","3,489","3,489","3,337","1.36M","-9.40%"
"2022/11/01","3,714","3,712","3,764","3,681","976.54K","0.30%"
"2022/10/31","3,703","3,741","3,747","3,685","395.39K","-1.02%"
"2022/10/28","3,741","3,750","3,760","3,714","341.09K","0.00%"
"2022/10/27","3,741","3,600","3,789","3,600","658.91K","2.83%"
"2022/10/26","3,638","3,638","3,680","3,608","573.81K","0.00%"
"2022/10/25","3,638","3,678","3,705","3,610","683.39K","-0.84%"
"2022/10/24","3,669","3,671","3,739","3,631","696.50K","-1.11%"
"2022/10/21","3,710","3,800","3,800","3,677","955.04K","-1.80%"
"2022/10/20","3,778","3,668","3,805","3,668","5.33M","0.59%"
"2022/10/19","3,756","3,774","3,837","3,740","953.51K","-0.50%"
"2022/10/18","3,775","3,802","3,841","3,766","1.33M","-0.45%"
"2022/10/17","3,792","3,736","3,808","3,677","649.83K","2.93%"
"2022/10/14","3,684","3,701","3,736","3,663","510.95K","0.46%"
"2022/10/13","3,667","3,560","3,700","3,560","727.59K","2.66%"
"2022/10/12","3,572","3,682","3,689","3,571","1.00M","-1.33%"
"2022/10/11","3,620","3,650","3,705","3,599","1.54M","-2.14%"
"2022/10/10","3,699","3,640","3,844","3,640","1.60M","1.34%"
"2022/10/07","3,650","3,581","3,660","3,581","953.31K","0.27%"
"2022/10/06","3,640","3,576","3,648","3,576","432.51K","2.25%"
"2022/10/05","3,560","3,625","3,625","3,532","475.18K","-0.42%"
"2022/10/04","3,575","3,365","3,577","3,365","667.28K","3.86%"
"2022/10/03","3,442","3,437","3,483","3,423","763.79K","0.15%"
"2022/09/30","3,437","3,457","3,458","3,395","1.19M","1.15%"
"2022/09/29","3,398","3,488","3,500","3,375","1.60M","-3.05%"
"2022/09/28","3,505","3,537","3,555","3,448","1.38M","-1.60%"
"2022/09/27","3,562","3,650","3,650","3,550","1.08M","0.28%"
"2022/09/26","3,552","3,567","3,607","3,529","540.28K","-1.36%"
"2022/09/23","3,601","3,622","3,634","3,580","2.76M","0.03%"
"2022/09/22","3,600","3,602","3,629","3,575","352.94K","-0.36%"
"2022/09/21","3,613","3,679","3,679","3,605","478.03K","-1.07%"
"2022/09/20","3,652","3,800","3,800","3,650","209.01K","-0.35%"
"2022/09/19","3,665","3,602","3,732","3,602","193.54K","-3.22%"
"2022/09/16","3,787","3,688","3,787","3,650","888.07K","2.94%"
"2022/09/15","3,679","3,809","3,809","3,621","645.92K","-0.30%"
"2022/09/14","3,690","3,704","3,704","3,671","318.26K","0.27%"
"2022/09/13","3,680","3,775","3,782","3,680","462.68K","-2.10%"
"2022/09/12","3,759","3,744","3,791","3,694","642.69K","1.65%"
"2022/09/09","3,698","3,700","3,731","3,676","292.75K","0.24%"
"2022/09/08","3,689","3,740","3,740","3,668","262.90K","1.01%"
"2022/09/07","3,652","3,698","3,733","3,643","760.96K","-0.76%"
"2022/09/06","3,680","3,533","3,726","3,533","911.43K","2.56%"
"2022/09/05","3,588","3,560","3,620","3,540","692.71K","0.84%"
"2022/09/02","3,558","3,550","3,571","3,500","288.49K","0.74%"
"2022/09/01","3,532","3,525","3,553","3,461","554.33K","-0.65%"
"2022/08/31","3,555","3,600","3,740","3,540","1.26M","-1.22%"
"2022/08/30","3,599","3,800","3,800","3,584","411.06K","-2.15%"
"2022/08/29","3,678","3,668","3,720","3,668","536.68K","-1.50%"
"2022/08/26","3,734","3,714","3,766","3,691","620.82K","0.67%"
"2022/08/25","3,709","3,705","3,720","3,692","345.52K","0.30%"
"2022/08/24","3,698","3,667","3,720","3,667","227.47K","-0.27%"
"2022/08/23","3,708","3,784","3,784","3,690","183.90K","-1.46%"
"2022/08/22","3,763","3,838","3,838","3,706","291.59K","-1.29%"
"2022/08/19","3,812","3,843","3,865","3,795","420.77K","-1.40%"
"2022/08/18","3,866","3,803","3,866","3,790","274.72K","1.44%"
"2022/08/17","3,811","3,813","3,842","3,760","232.57K","-0.65%"
"2022/08/16","3,836","3,820","3,876","3,814","366.30K","0.34%"
"2022/08/15","3,823","3,850","3,850","3,787","184.75K","0.18%"
"2022/08/12","3,816","3,708","3,821","3,708","328.64K","2.03%"
"2022/08/11","3,740","3,560","3,759","3,560","527.23K","0.38%"
"2022/08/10","3,726","3,720","3,766","3,690","416.86K","0.27%"
"2022/08/08","3,716","3,647","3,736","3,647","140.42K","1.53%"
"2022/08/05","3,660","3,709","3,720","3,640","368.85K","0.11%"
"2022/08/04","3,656","3,656","3,720","3,640","756.18K","1.16%"
"2022/08/03","3,614","3,621","3,650","3,571","920.39K","-0.11%"
"2022/08/02","3,618","3,670","3,671","3,572","306.18K","-0.69%"
"2022/08/01","3,643","3,709","3,709","3,592","299.90K","-1.43%"
"2022/07/29","3,696","3,770","3,783","3,676","661.93K","-1.18%"
"2022/07/28","3,740","3,676","3,751","3,676","354.86K","1.74%"
"2022/07/27","3,676","3,590","3,705","3,590","269.56K","1.69%"
"2022/07/26","3,615","3,668","3,692","3,570","388.37K","-0.14%"
"2022/07/25","3,620","3,658","3,699","3,603","718.91K","-1.04%"
"2022/07/22","3,658","3,610","3,709","3,610","270.70K","-0.46%"
"2022/07/21","3,675","3,602","3,699","3,596","410.25K","1.18%"
"2022/07/20","3,632","3,619","3,655","3,574","256.43K","1.62%"
"2022/07/19","3,574","3,526","3,626","3,526","283.84K","-0.64%"
"2022/07/18","3,597","3,454","3,618","3,454","551.40K","2.10%"
"2022/07/15","3,523","3,415","3,545","3,415","435.18K","-0.28%"
"2022/07/14","3,533","3,501","3,543","3,455","1.20M","1.44%"
"2022/07/13","3,483","3,549","3,549","3,439","546.49K","-1.28%"
"2022/07/12","3,528","3,502","3,538","3,467","412.79K","-0.06%"
"2022/07/11","3,530","3,517","3,560","3,463","347.58K","0.14%"
"2022/07/08","3,525","3,495","3,548","3,486","209.90K","1.06%"
"2022/07/07","3,488","3,372","3,528","3,364","1.13M","3.72%"
"2022/07/06","3,363","3,333","3,388","3,323","767.21K","0.69%"
"2022/07/05","3,340","3,410","3,410","3,289","399.73K","1.55%"
"2022/07/04","3,289","3,391","3,391","3,289","384.31K","-1.29%"
"2022/07/01","3,332","3,319","3,388","3,293","754.95K","0.39%"
"2022/06/30","3,319","3,500","3,540","3,243","1.36M","-5.20%"
"2022/06/29","3,501","3,477","3,549","3,400","730.90K","0.69%"
"2022/06/28","3,477","3,483","3,517","3,463","338.83K","0.43%"
"2022/06/27","3,462","3,513","3,562","3,425","699.85K","-1.45%"
"2022/06/24","3,513","3,545","3,550","3,480","357.22K","1.09%"
"2022/06/23","3,475","3,570","3,632","3,459","2.38M","-1.75%"
"2022/06/22","3,537","3,500","3,549","3,500","221.67K","-0.37%"
"2022/06/21","3,550","3,600","3,645","3,525","315.25K","-1.39%"
"2022/06/20","3,600","3,463","3,672","3,463","432.94K","0.53%"
"2022/06/17","3,581","3,750","3,750","3,565","1.35M","-0.47%"
"2022/06/15","3,598","3,415","3,602","3,365","897.70K","5.36%"
"2022/06/14","3,415","3,553","3,553","3,367","681.75K","-2.98%"
"2022/06/13","3,520","3,526","3,553","3,505","411.81K","-2.22%"
"2022/06/10","3,600","3,614","3,617","3,551","428.18K","-0.47%"
"2022/06/09","3,617","3,643","3,650","3,579","366.36K","0.06%"
"2022/06/08","3,615","3,585","3,635","3,579","189.65K","-0.19%"
"2022/06/07","3,622","3,553","3,633","3,553","439.72K","0.39%"
"2022/06/06","3,608","3,676","3,676","3,580","155.86K","-0.77%"
"2022/06/03","3,636","3,638","3,669","3,612","575.60K","0.55%"
"2022/06/02","3,616","3,634","3,651","3,575","711.78K","0.06%"
"2022/06/01","3,614","3,699","3,710","3,581","308.23K","-2.30%"
"2022/05/31","3,699","3,651","3,707","3,632","660.12K","1.37%"
"2022/05/30","3,649","3,500","3,661","3,500","688.72K","1.00%"
"2022/05/27","3,613","3,508","3,643","3,445","868.83K","4.12%"
"2022/05/26","3,470","3,400","3,488","3,359","937.62K","1.67%"
"2022/05/25","3,413","3,525","3,558","3,377","545.94K","-2.26%"
"2022/05/24","3,492","3,538","3,561","3,492","387.85K","-0.63%"
"2022/05/23","3,514","3,531","3,564","3,493","1.17M","-0.14%"
"2022/05/20","3,519","3,572","3,588","3,510","877.86K","-1.23%"
"2022/05/19","3,563","3,575","3,592","3,445","1.41M","-0.81%"
"2022/05/18","3,592","3,565","3,612","3,565","1.45M","0.25%"
"2022/05/17","3,583","3,621","3,621","3,543","426.64K","-0.33%"
"2022/05/16","3,595","3,450","3,623","3,450","1.14M","3.51%"
"2022/05/13","3,473","3,472","3,500","3,410","1.88M","1.55%"
"2022/05/12","3,420","3,398","3,451","3,370","823.34K","-1.18%"
"2022/05/11","3,461","3,420","3,541","3,381","800.29K","1.79%"
"2022/05/10","3,400","3,470","3,470","3,393","429.21K","-0.44%"
"2022/05/09","3,415","3,471","3,479","3,391","1.53M","-1.87%"
"2022/05/06","3,480","3,500","3,503","3,435","466.80K","-1.14%"
"2022/05/05","3,520","3,575","3,584","3,514","1.46M","-0.37%"
"2022/05/04","3,533","3,528","3,543","3,475","580.14K","-0.48%"
"2022/05/03","3,550","3,614","3,625","3,509","781.66K","-1.93%"
"2022/04/29","3,620","3,637","3,659","3,598","295.27K","0.06%"
"2022/04/28","3,618","3,650","3,650","3,585","458.89K","0.67%"
"2022/04/26","3,594","3,603","3,651","3,585","568.76K","-0.17%"
"2022/04/25","3,600","3,574","3,666","3,550","478.99K","-0.22%"
"2022/04/22","3,608","3,611","3,619","3,564","756.07K","0.50%"
"2022/04/21","3,590","3,610","3,665","3,581","1.10M","-0.55%"
"2022/04/20","3,610","3,631","3,639","3,582","854.17K","0.36%"
"2022/04/19","3,597","3,606","3,654","3,575","742.69K","0.19%"
"2022/04/14","3,590","3,573","3,599","3,524","524.18K","0.50%"
"2022/04/13","3,572","3,610","3,615","3,563","618.44K","-1.05%"
"2022/04/12","3,610","3,625","3,638","3,570","987.38K","-0.88%"
"2022/04/11","3,642","3,550","3,675","3,550","506.02K","0.94%"
"2022/04/08","3,608","3,563","3,618","3,560","386.38K","-0.19%"
"2022/04/07","3,615","3,684","3,684","3,577","471.75K","-0.96%"
"2022/04/06","3,650","3,599","3,681","3,599","642.89K","1.16%"
"2022/04/05","3,608","3,515","3,629","3,515","1.36M","2.50%"
"2022/04/04","3,520","3,607","3,607","3,490","544.95K","-1.12%"
"2022/04/01","3,560","3,450","3,600","3,450","768.64K","1.71%"
"2022/03/31","3,500","3,415","3,521","3,415","508.01K","-0.48%"
"2022/03/30","3,517","3,522","3,573","3,486","609.64K","-0.65%"
"2022/03/29","3,540","3,534","3,562","3,517","589.34K","0.31%"
"2022/03/28","3,529","3,414","3,578","3,414","936.45K","0.20%"
"2022/03/25","3,522","3,513","3,582","3,468","1.75M","1.85%"
"2022/03/24","3,458","3,493","3,526","3,458","527.54K","-1.17%"
"2022/03/23","3,499","3,493","3,558","3,493","1.69M","0.09%"
"2022/03/22","3,496","3,400","3,514","3,352","719.44K","3.19%"
"2022/03/18","3,388","3,343","3,388","3,215","2.15M","5.61%"
"2022/03/17","3,208","3,324","3,392","3,164","859.81K","-3.08%"
"2022/03/16","3,310","3,243","3,351","3,243","1.62M","3.08%"
"2022/03/15","3,211","3,201","3,234","3,182","602.91K","-1.56%"
"2022/03/14","3,262","3,315","3,329","3,192","1.03M","-1.15%"
"2022/03/11","3,300","3,301","3,374","3,276","552.63K","-1.20%"
"2022/03/10","3,340","3,325","3,381","3,277","589.75K","1.83%"
"2022/03/09","3,280","3,212","3,339","3,211","1.12M","1.80%"
"2022/03/08","3,222","3,297","3,299","3,215","912.48K","-2.27%"
"2022/03/07","3,297","3,392","3,392","3,187","1.52M","-2.89%"
"2022/03/04","3,395","3,481","3,481","3,375","734.51K","-2.44%"
"2022/03/03","3,480","3,491","3,526","3,462","381.29K","0.49%"
"2022/03/02","3,463","3,439","3,494","3,401","1.06M","0.70%"
"2022/03/01","3,439","3,451","3,511","3,415","850.28K","-0.06%"
"2022/02/28","3,441","3,495","3,515","3,441","1.32M","-0.86%"
"2022/02/25","3,471","3,420","3,485","3,420","727.56K","1.70%"
"2022/02/24","3,413","3,410","3,493","3,306","928.58K","-2.09%"
"2022/02/23","3,486","3,467","3,511","3,437","954.60K","0.55%"
"2022/02/22","3,467","3,510","3,510","3,360","1.23M","-1.03%"
"2022/02/21","3,503","3,552","3,587","3,479","699.88K","-1.32%"
"2022/02/18","3,550","3,650","3,650","3,525","1.73M","-1.53%"
"2022/02/17","3,605","3,636","3,659","3,590","1.24M","-1.42%"
"2022/02/16","3,657","3,600","3,691","3,580","1.89M","1.58%"
"2022/02/15","3,600","3,800","3,800","3,502","867.29K","-0.41%"
"2022/02/14","3,615","3,670","3,681","3,540","1.26M","-1.69%"
"2022/02/11","3,677","3,661","3,703","3,644","1.61M","0.88%"
"2022/02/10","3,645","3,750","3,750","3,602","1.92M","-1.70%"
"2022/02/09","3,708","3,700","3,762","3,690","431.04K","-0.54%"
"2022/02/08","3,728","3,725","3,755","3,700","526.12K","0.08%"
"2022/02/07","3,725","3,775","3,800","3,677","1.09M","-1.92%"
"2022/02/04","3,798","3,799","3,800","3,738","563.37K","1.23%"
"2022/02/03","3,752","3,800","3,809","3,705","526.36K","1.27%"
"2022/02/02","3,705","3,666","3,733","3,601","581.11K","1.09%"
"2022/02/01","3,665","3,587","3,752","3,587","1.05M","2.20%"
"2022/01/31","3,586","3,631","3,661","3,558","1.02M","1.01%"
"2022/01/28","3,550","3,599","3,606","3,468","869.00K","2.01%"
"2022/01/27","3,480","3,477","3,512","3,450","1.68M","0.03%"
"2022/01/26","3,479","3,500","3,539","3,450","714.03K","-0.06%"
"2022/01/25","3,481","3,565","3,570","3,481","408.79K","-0.32%"
"2022/01/24","3,492","3,620","3,651","3,488","571.74K","-3.80%"
"2022/01/21","3,630","3,566","3,665","3,566","191.81K","0.03%"
"2022/01/20","3,629","3,551","3,750","3,550","205.33K","-1.73%"
"2022/01/19","3,693","3,770","3,795","3,693","498.70K","-1.70%"
"2022/01/18","3,757","3,799","3,801","3,717","279.81K","-0.98%"
"2022/01/17","3,794","3,750","3,805","3,698","870.70K","2.10%"
"2022/01/14","3,716","3,680","3,750","3,669","437.44K","0.98%"
"2022/01/13","3,680","3,713","3,733","3,672","339.48K","-0.81%"
"2022/01/12","3,710","3,684","3,742","3,626","718.67K","0.46%"
"2022/01/11","3,693","3,850","3,850","3,693","327.02K","-2.89%"
"2022/01/10","3,803","3,796","3,811","3,739","454.60K","0.88%"
"2022/01/07","3,770","3,744","3,866","3,744","275.24K","-1.54%"
"2022/01/06","3,829","3,802","3,888","3,784","995.65K","-1.11%"
"2022/01/05","3,872","3,802","3,903","3,760","320.17K","2.08%"
"2022/01/04","3,793","3,785","3,881","3,785","293.86K","-0.65%"
"2022/01/03","3,818","3,726","3,837","3,725","415.23K","2.50%"
"2021/12/31","3,725","3,657","3,756","3,657","410.31K","0.54%"
"2021/12/30","3,705","3,772","3,790","3,692","588.47K","-0.03%"
"2021/12/29","3,706","3,627","3,728","3,627","471.42K","0.43%"
"2021/12/28","3,690","3,715","3,719","3,674","300.41K","0.00%"
"2021/12/24","3,690","3,716","3,716","3,666","50.75K","-0.30%"
"2021/12/23","3,701","3,745","3,745","3,658","392.94K","1.20%"
"2021/12/22","3,657","3,655","3,788","3,560","512.59K","0.05%"
"2021/12/21","3,655","3,624","3,735","3,619","577.38K","1.53%"
"2021/12/20","3,600","3,695","3,739","3,581","571.47K","-3.41%"
"2021/12/17","3,727","3,562","3,771","3,548","4.06M","4.63%"
"2021/12/15","3,562","3,460","3,614","3,460","1.39M","2.95%"
"2021/12/14","3,460","3,589","3,600","3,457","990.03K","-0.29%"
"2021/12/13","3,470","3,566","3,585","3,443","760.51K","-2.25%"
"2021/12/10","3,550","3,460","3,621","3,460","603.67K","-1.93%"
"2021/12/09","3,620","3,459","3,668","3,459","2.19M","3.25%"
"2021/12/08","3,506","3,484","3,538","3,439","894.14K","2.48%"
"2021/12/07","3,421","3,403","3,457","3,394","503.33K","0.00%"
"2021/12/06","3,421","3,450","3,520","3,401","1.25M","-1.04%"
"2021/12/03","3,457","3,366","3,473","3,366","1.47M","2.58%"
"2021/12/02","3,370","3,365","3,384","3,280","1.50M","1.48%"
"2021/12/01","3,321","3,250","3,328","3,205","788.81K","3.01%"
"2021/11/30","3,224","3,149","3,243","3,100","1.01M","2.38%"
"2021/11/29","3,149","3,075","3,233","3,075","1.60M","0.25%"
"2021/11/26","3,141","3,324","3,324","3,100","2.07M","-6.71%"
"2021/11/25","3,367","3,268","3,383","3,260","1.20M","2.47%"
"2021/11/24","3,286","3,250","3,311","3,210","763.43K","-0.76%"
"2021/11/23","3,311","3,456","3,465","3,288","1.04M","-4.03%"
"2021/11/22","3,450","3,396","3,478","3,389","1.21M","1.98%"
"2021/11/19","3,383","3,421","3,422","3,342","841.95K","-0.29%"
"2021/11/18","3,393","3,393","3,398","3,320","592.88K","0.35%"
"2021/11/17","3,381","3,394","3,473","3,380","663.52K","-1.26%"
"2021/11/16","3,424","3,300","3,430","3,300","1.06M","2.92%"
"2021/11/15","3,327","3,311","3,345","3,309","671.36K","0.24%"
"2021/11/12","3,319","3,318","3,319","3,284","352.61K","0.03%"
"2021/11/11","3,318","3,339","3,342","3,264","817.10K","-0.36%"
"2021/11/10","3,330","3,285","3,340","3,285","1.62M","1.46%"
"2021/11/09","3,282","3,160","3,282","3,069","1.03M","2.63%"
"2021/11/08","3,198","3,073","3,198","3,073","1.32M","1.11%"
"2021/11/05","3,163","3,143","3,211","3,138","1.54M","0.03%"
"2021/11/04","3,162","3,185","3,185","3,030","2.27M","2.33%"
"2021/11/03","3,090","2,990","3,162","2,990","2.12M","3.28%"
"2021/11/02","2,992","2,959","3,032","2,959","2.00M","1.12%"
"2021/10/29","2,959","2,947","2,959","2,906","726.77K","0.31%"
"2021/10/28","2,950","2,970","2,997","2,900","764.29K","0.20%"
"2021/10/27","2,944","3,000","3,000","2,897","720.83K","0.75%"
"2021/10/26","2,922","2,999","2,999","2,886","398.79K","-0.20%"
"2021/10/25","2,928","2,975","2,975","2,920","837.78K","-0.37%"
"2021/10/22","2,939","2,969","3,000","2,925","569.80K","0.27%"
"2021/10/21","2,931","2,940","2,940","2,843","913.36K","-0.31%"
"2021/10/20","2,940","3,050","3,050","2,912","2.11M","-11.74%"
"2021/10/19","3,331","3,395","3,395","3,304","452.45K","-0.57%"
"2021/10/18","3,350","3,363","3,385","3,318","792.25K","-0.39%"
"2021/10/15","3,363","3,330","3,375","3,300","281.60K","1.91%"
"2021/10/14","3,300","3,320","3,328","3,290","824.34K","-0.54%"
"2021/10/13","3,318","3,375","3,400","3,297","713.16K","-0.48%"
"2021/10/12","3,334","3,370","3,370","3,298","457.92K","0.42%"
"2021/10/11","3,320","3,360","3,369","3,277","438.33K","-0.93%"
"2021/10/08","3,351","3,277","3,356","3,244","802.31K","2.51%"
"2021/10/07","3,269","3,140","3,300","3,135","750.00K","2.90%"
"2021/10/06","3,177","3,240","3,240","3,150","882.01K","0.38%"
"2021/10/05","3,165","3,185","3,185","3,144","861.39K","-0.63%"
"2021/10/04","3,185","3,212","3,251","3,161","853.30K","-0.96%"
"2021/10/01","3,216","3,302","3,302","3,167","748.76K","0.03%"
"2021/09/30","3,215","3,230","3,230","3,174","876.12K","-0.28%"
"2021/09/29","3,224","3,292","3,315","3,158","1.58M","-1.83%"
"2021/09/28","3,284","3,310","3,324","3,237","791.86K","-0.48%"
"2021/09/27","3,300","3,250","3,300","3,213","989.74K","0.36%"
"2021/09/23","3,288","3,350","3,356","3,227","1.06M","-0.66%"
"2021/09/22","3,310","2,931","3,429","2,931","5.39M","14.49%"
"2021/09/21","2,891","2,836","2,896","2,760","1.67M","3.66%"
"2021/09/20","2,789","2,810","2,858","2,745","1.06M","-1.41%"
"2021/09/17","2,829","2,750","2,857","2,743","1.99M","2.13%"
"2021/09/16","2,770","2,770","2,848","2,736","867.65K","0.98%"
"2021/09/15","2,743","2,750","2,820","2,714","2.41M","0.77%"
"2021/09/14","2,722","2,687","2,738","2,672","1.70M","0.55%"
"2021/09/13","2,707","2,675","2,750","2,656","615.28K","0.74%"
"2021/09/10","2,687","2,748","2,748","2,651","639.46K","-0.74%"
"2021/09/09","2,707","2,675","2,707","2,577","1.47M","3.05%"
"2021/09/08","2,627","2,674","2,674","2,592","692.54K","-1.76%"
"2021/09/07","2,674","2,677","2,681","2,636","1.24M","0.83%"
"2021/09/06","2,652","2,661","2,683","2,611","976.25K","0.38%"
"2021/09/03","2,642","2,667","2,684","2,641","498.31K","-1.01%"
"2021/09/02","2,669","2,677","2,705","2,665","337.08K","-1.29%"
"2021/09/01","2,704","2,722","2,747","2,673","1.06M","-0.44%"
"2021/08/31","2,716","2,628","2,725","2,628","1.53M","2.53%"
"2021/08/30","2,649","2,650","2,716","2,563","718.01K","1.38%"
"2021/08/27","2,613","2,551","2,650","2,523","1.00M","2.87%"
"2021/08/26","2,540","2,621","2,640","2,536","815.14K","-3.71%"
"2021/08/25","2,638","2,521","2,645","2,521","1.46M","3.49%"
"2021/08/24","2,549","2,631","2,631","2,505","971.17K","1.23%"
"2021/08/23","2,518","2,511","2,585","2,491","1.10M","0.32%"
"2021/08/20","2,510","2,600","2,600","2,475","962.95K","0.88%"
"2021/08/19","2,488","2,552","2,559","2,473","1.41M","-3.53%"
"2021/08/18","2,579","2,503","2,604","2,503","827.10K","3.16%"
"2021/08/17","2,500","2,500","2,544","2,487","511.53K","0.00%"
"2021/08/16","2,500","2,500","2,558","2,482","676.35K","-0.12%"
"2021/08/13","2,503","2,562","2,579","2,503","341.97K","-2.19%"
"2021/08/12","2,559","2,559","2,610","2,550","561.60K","-0.70%"
"2021/08/11","2,577","2,526","2,612","2,526","977.71K","0.59%"
"2021/08/10","2,562","2,550","2,578","2,492","917.19K","0.31%"
"2021/08/06","2,554","2,488","2,597","2,488","444.49K","1.79%"
"2021/08/05","2,509","2,450","2,530","2,450","626.69K","1.91%"
"2021/08/04","2,462","2,459","2,514","2,428","1.76M","2.16%"
"2021/08/03","2,410","2,425","2,460","2,397","2.33M","-0.58%"
"2021/08/02","2,424","2,488","2,505","2,424","1.48M","-1.50%"
"2021/07/30","2,461","2,532","2,566","2,461","1.98M","-3.45%"
"2021/07/29","2,549","2,630","2,630","2,549","755.88K","-2.97%"
"2021/07/28","2,627","2,595","2,676","2,595","289.10K","0.08%"
"2021/07/27","2,625","2,646","2,666","2,603","1.21M","0.00%"
"2021/07/26","2,625","2,600","2,648","2,560","732.64K","2.22%"
"2021/07/23","2,568","2,574","2,588","2,553","552.09K","0.08%"
"2021/07/22","2,566","2,550","2,628","2,547","846.30K","0.35%"
"2021/07/21","2,557","2,528","2,593","2,528","654.60K","0.71%"
"2021/07/20","2,539","2,477","2,545","2,463","569.18K","1.52%"
"2021/07/19","2,501","2,445","2,528","2,442","1.06M","-0.56%"
"2021/07/16","2,515","2,498","2,545","2,465","587.97K","0.68%"
"2021/07/15","2,498","2,481","2,498","2,441","1.87M","0.69%"
"2021/07/14","2,481","2,533","2,572","2,475","2.18M","-2.63%"
"2021/07/13","2,548","2,687","2,723","2,547","1.44M","-5.94%"
"2021/07/12","2,709","2,682","2,769","2,641","973.88K","0.97%"
"2021/07/09","2,683","2,734","2,805","2,674","714.38K","-1.87%"
"2021/07/08","2,734","2,670","2,748","2,610","794.70K","1.07%"
"2021/07/07","2,705","2,704","2,755","2,670","955.90K","0.22%"
"2021/07/06","2,699","2,642","2,703","2,641","897.46K","1.93%"
"2021/07/05","2,648","2,582","2,658","2,551","1.42M","3.08%"
"2021/07/02","2,569","2,627","2,627","2,555","1.25M","-1.65%"
"2021/07/01","2,612","2,650","2,687","2,608","490.27K","-1.43%"
"2021/06/30","2,650","2,674","2,728","2,645","886.67K","-0.71%"
"2021/06/29","2,669","2,612","2,686","2,584","588.66K","2.34%"
"2021/06/28","2,608","2,675","2,679","2,588","3.13M","-4.05%"
"2021/06/25","2,718","2,652","2,734","2,636","1.25M","2.37%"
"2021/06/24","2,655","2,659","2,676","2,632","674.91K","-0.19%"
"2021/06/23","2,660","2,712","2,731","2,630","729.14K","-1.52%"
"2021/06/22","2,701","2,686","2,740","2,658","2.04M","2.16%"
"2021/06/21","2,644","2,713","2,713","2,627","829.96K","-2.54%"
"2021/06/18","2,713","2,695","2,784","2,676","1.73M","0.82%"
"2021/06/17","2,691","2,650","2,731","2,640","1.62M","-0.37%"
"2021/06/15","2,701","2,799","2,814","2,700","1.64M","-3.16%"
"2021/06/14","2,789","2,759","2,805","2,724","735.32K","2.73%"
"2021/06/11","2,715","2,715","2,746","2,699","936.31K","-0.91%"
"2021/06/10","2,740","2,702","2,744","2,675","2.13M","-0.33%"
"2021/06/09","2,749","2,643","2,754","2,623","3.22M","5.04%"
"2021/06/08","2,617","2,500","2,643","2,500","2.82M","1.24%"
"2021/06/07","2,585","2,567","2,625","2,528","2.74M","0.51%"
"2021/06/04","2,572","2,600","2,617","2,529","2.51M","-1.08%"
"2021/06/03","2,600","2,632","2,649","2,599","764.30K","-1.55%"
"2021/06/02","2,641","2,618","2,676","2,592","2.88M","0.08%"
"2021/06/01","2,639","2,709","2,709","2,594","955.81K","0.38%"
"2021/05/31","2,629","2,671","2,710","2,623","1.15M","-1.35%"
"2021/05/28","2,665","2,805","2,830","2,651","3.45M","-4.96%"
"2021/05/27","2,804","2,731","2,822","2,727","6.43M","2.67%"
"2021/05/26","2,731","2,644","2,751","2,644","856.32K","2.36%"
"2021/05/25","2,668","2,698","2,723","2,638","1.52M","0.00%"
"2021/05/24","2,668","2,627","2,684","2,585","1.47M","1.60%"
"2021/05/21","2,626","2,687","2,687","2,617","1.07M","-0.64%"
"2021/05/20","2,643","2,600","2,693","2,600","881.18K","-0.75%"
"2021/05/19","2,663","2,572","2,678","2,565","848.46K","1.52%"
"2021/05/18","2,623","2,799","2,799","2,596","1.81M","-1.43%"
"2021/05/17","2,661","2,681","2,721","2,646","963.89K","0.23%"
"2021/05/14","2,655","2,736","2,762","2,651","1.67M","-2.71%"
"2021/05/13","2,729","2,800","2,800","2,666","1.54M","-0.37%"
"2021/05/12","2,739","2,810","2,810","2,695","2.88M","-1.83%"
"2021/05/11","2,790","2,775","2,900","2,755","3.02M","-4.65%"
"2021/05/10","2,926","2,873","2,982","2,873","1.71M","1.56%"
"2021/05/07","2,881","2,918","2,918","2,867","1.45M","0.14%"
"2021/05/06","2,877","2,888","2,916","2,840","2.02M","1.27%"
"2021/05/05","2,841","3,074","3,074","2,837","2.21M","-4.02%"
"2021/05/04","2,960","3,050","3,067","2,941","1.28M","-1.33%"
"2021/05/03","3,000","3,082","3,101","2,947","2.45M","-1.64%"
"2021/04/30","3,050","3,075","3,095","3,000","1.63M","-2.40%"
"2021/04/29","3,125","2,995","3,130","2,994","1.40M","3.82%"
"2021/04/28","3,010","2,992","3,040","2,992","2.31M","0.60%"
"2021/04/26","2,992","2,978","3,036","2,944","779.79K","-0.27%"
"2021/04/23","3,000","2,975","3,096","2,906","2.10M","1.69%"
"2021/04/22","2,950","2,974","2,986","2,922","938.98K","0.00%"
"2021/04/21","2,950","2,895","2,958","2,878","485.63K","0.85%"
"2021/04/20","2,925","2,930","2,945","2,886","791.80K","-0.81%"
"2021/04/19","2,949","2,923","2,973","2,913","695.37K","-0.03%"
"2021/04/16","2,950","2,850","2,950","2,823","1.02M","3.51%"
"2021/04/15","2,850","2,789","2,875","2,789","1.44M","1.79%"
"2021/04/14","2,800","2,799","2,844","2,775","1.19M","0.39%"
"2021/04/13","2,789","2,846","2,846","2,774","711.26K","-1.03%"
"2021/04/12","2,818","2,801","2,837","2,754","739.27K","0.00%"
"2021/04/09","2,818","2,900","2,947","2,795","837.84K","-2.83%"
"2021/04/08","2,900","2,974","2,974","2,860","1.43M","1.15%"
"2021/04/07","2,867","2,778","2,968","2,778","1.23M","1.38%"
"2021/04/06","2,828","2,899","2,900","2,780","995.24K","1.95%"
"2021/04/01","2,774","2,783","2,830","2,727","1.97M","-1.63%"
"2021/03/31","2,820","2,819","2,862","2,773","1.85M","0.36%"
"2021/03/30","2,810","2,723","2,810","2,723","1.95M","1.70%"
"2021/03/29","2,763","2,737","2,787","2,685","1.77M","2.07%"
"2021/03/26","2,707","2,695","2,765","2,666","1.53M","1.08%"
"2021/03/25","2,678","2,703","2,732","2,632","1.45M","-0.92%"
"2021/03/24","2,703","2,651","2,744","2,621","1.62M","0.30%"
"2021/03/23","2,695","2,725","2,793","2,665","2.60M","-3.47%"
"2021/03/19","2,792","2,786","2,913","2,728","4.78M","-2.41%"
"2021/03/18","2,861","2,906","3,002","2,807","2.77M","-1.38%"
"2021/03/17","2,901","2,882","2,994","2,830","2.73M","1.22%"
"2021/03/16","2,866","2,881","2,900","2,780","1.11M","1.34%"
"2021/03/15","2,828","2,725","2,893","2,725","1.19M","2.58%"
"2021/03/12","2,757","2,752","2,868","2,736","2.08M","-2.13%"
"2021/03/11","2,817","2,898","2,898","2,795","1.38M","0.07%"
"2021/03/10","2,815","2,882","2,922","2,752","2.28M","-2.49%"
"2021/03/09","2,887","2,900","2,921","2,818","2.82M","-0.62%"
"2021/03/08","2,905","2,831","2,931","2,831","2.66M","1.57%"
"2021/03/05","2,860","2,840","2,907","2,805","1.73M","-2.39%"
"2021/03/04","2,930","2,975","3,014","2,892","1.31M","-1.01%"
"2021/03/03","2,960","2,886","3,025","2,886","1.47M","0.68%"
"2021/03/02","2,940","2,916","2,981","2,864","1.31M","1.34%"
"2021/03/01","2,901","2,877","2,978","2,834","1.46M","2.55%"
"2021/02/26","2,829","2,780","2,853","2,724","1.93M","-0.42%"
"2021/02/25","2,841","2,993","2,993","2,841","1.69M","-2.71%"
"2021/02/24","2,920","2,875","2,983","2,875","1.40M","0.69%"
"2021/02/23","2,900","2,859","2,960","2,859","1.54M","1.05%"
"2021/02/22","2,870","2,801","2,899","2,766","1.03M","0.70%"
"2021/02/19","2,850","2,801","2,931","2,750","1.53M","0.00%"
"2021/02/18","2,850","3,075","3,075","2,779","1.71M","-2.93%"
"2021/02/17","2,936","2,965","3,180","2,906","929.18K","-0.98%"
"2021/02/16","2,965","3,061","3,188","2,905","2.48M","-3.42%"
"2021/02/15","3,070","3,132","3,200","3,043","1.09M","-2.45%"
"2021/02/12","3,147","3,095","3,183","3,056","2.11M","1.68%"
"2021/02/11","3,095","3,100","3,149","3,011","1.25M","0.06%"
"2021/02/10","3,093","3,112","3,170","3,049","1.14M","-0.61%"
"2021/02/09","3,112","2,979","3,121","2,937","2.47M","4.99%"
"2021/02/08","2,964","2,750","2,964","2,719","2.98M","8.18%"
"2021/02/05","2,740","2,525","2,744","2,525","3.04M","8.51%"
"2021/02/04","2,525","2,466","2,525","2,380","2.11M","3.70%"
"2021/02/03","2,435","2,355","2,465","2,355","1.26M","3.18%"
"2021/02/02","2,360","2,458","2,491","2,356","1.33M","-3.20%"
"2021/02/01","2,438","2,526","2,526","2,356","1.41M","-1.77%"
"2021/01/29","2,482","2,427","2,510","2,407","1.36M","1.02%"
"2021/01/28","2,457","2,600","2,600","2,410","951.59K","-3.65%"
"2021/01/27","2,550","2,480","2,569","2,455","2.04M","2.82%"
"2021/01/26","2,480","2,400","2,495","2,331","2.88M","4.29%"
"2021/01/25","2,378","2,350","2,407","2,283","2.09M","1.19%"
"2021/01/22","2,350","2,420","2,420","2,325","1.04M","-2.93%"
"2021/01/21","2,421","2,476","2,500","2,381","939.85K","-2.10%"
"2021/01/20","2,473","2,489","2,545","2,301","2.01M","-8.24%"
"2021/01/19","2,695","2,797","2,797","2,623","2.99M","-0.92%"
"2021/01/18","2,720","2,790","2,827","2,712","683.42K","-2.33%"
"2021/01/15","2,785","2,870","2,886","2,755","1.32M","-2.83%"
"2021/01/14","2,866","2,850","2,999","2,815","630.48K","0.77%"
"2021/01/13","2,844","2,753","2,880","2,753","740.08K","3.31%"
"2021/01/12","2,753","2,670","2,854","2,647","777.13K","3.30%"
"2021/01/11","2,665","2,750","2,750","2,649","1.76M","0.19%"
"2021/01/08","2,660","2,585","2,707","2,585","2.01M","2.90%"
"2021/01/07","2,585","2,555","2,610","2,555","1.58M","0.58%"
"2021/01/06","2,570","2,600","2,700","2,566","1.03M","-3.02%"
"2021/01/05","2,650","2,790","2,799","2,650","667.54K","-4.37%"
"2021/01/04","2,771","2,925","3,025","2,747","645.90K","-6.13%"
"2020/12/31","2,952","2,901","2,982","2,881","705.61K","1.55%"
"2020/12/30","2,907","2,905","3,059","2,874","375.63K","-1.32%"
"2020/12/29","2,946","2,850","2,965","2,843","444.07K","2.83%"
"2020/12/28","2,865","2,945","3,007","2,829","632.80K","-2.95%"
"2020/12/24","2,952","3,050","3,087","2,952","266.64K","-2.25%"
"2020/12/23","3,020","3,050","3,060","3,003","269.99K","0.33%"
"2020/12/22","3,010","3,094","3,094","2,942","883.42K","0.33%"
"2020/12/21","3,000","3,100","3,269","2,964","1.23M","-5.39%"
"2020/12/18","3,171","3,285","3,399","3,171","5.35M","-3.35%"
"2020/12/17","3,281","3,161","3,319","3,161","814.25K","3.80%"
"2020/12/15","3,161","3,127","3,233","3,104","1.52M","1.31%"
"2020/12/14","3,120","3,330","3,330","3,075","1.45M","-5.43%"
"2020/12/11","3,299","3,127","3,317","3,061","1.85M","6.59%"
"2020/12/10","3,095","3,149","3,149","2,929","5.10M","1.18%"
"2020/12/09","3,059","3,026","3,150","3,026","1.59M","0.96%"
"2020/12/08","3,030","3,100","3,139","3,030","1.56M","-2.26%"
"2020/12/07","3,100","3,165","3,170","3,002","1.35M","-1.65%"
"2020/12/04","3,152","2,720","3,204","2,720","1.37M","15.92%"
"2020/12/03","2,719","2,852","2,852","2,674","642.50K","-0.66%"
"2020/12/02","2,737","2,615","2,775","2,608","1.11M","2.13%"
"2020/12/01","2,680","2,795","2,984","2,668","820.65K","-4.83%"
"2020/11/30","2,816","2,983","2,983","2,798","1.29M","-1.44%"
"2020/11/27","2,857","2,900","2,950","2,848","400.28K","-1.48%"
"2020/11/26","2,900","2,801","2,923","2,801","1.36M","-0.55%"
"2020/11/25","2,916","2,837","2,958","2,713","2.15M","2.78%"
"2020/11/24","2,837","2,700","2,854","2,691","1.66M","6.02%"
"2020/11/23","2,676","2,935","2,935","2,595","1.59M","-4.70%"
"2020/11/20","2,808","2,920","2,920","2,788","2.21M","-2.16%"
"2020/11/19","2,870","2,910","2,910","2,806","2.16M","-1.41%"
"2020/11/18","2,911","2,815","2,947","2,794","2.52M","3.96%"
"2020/11/17","2,800","2,699","2,860","2,699","3.17M","5.66%"
"2020/11/16","2,650","2,430","2,675","2,391","2.00M","9.05%"
"2020/11/13","2,430","2,520","2,520","2,357","746.16K","-1.10%"
"2020/11/12","2,457","2,564","2,631","2,414","2.27M","-7.28%"
"2020/11/11","2,650","2,500","2,725","2,490","6.20M","6.43%"
"2020/11/10","2,490","2,400","2,510","2,283","2.07M","3.75%"
"2020/11/09","2,400","2,255","2,434","2,199","2.23M","6.67%"
"2020/11/06","2,250","2,150","2,263","2,150","1.57M","1.67%"
"2020/11/05","2,213","2,075","2,221","2,075","1.27M","8.00%"
"2020/11/04","2,049","2,015","2,087","1,983","922.09K","0.15%"
"2020/11/03","2,046","2,090","2,142","2,005","972.98K","1.89%"
"2020/11/02","2,008","1,950","2,074","1,936","1.99M","-0.05%"
"2020/10/30","2,009","2,190","2,200","1,960","1.08M","-3.92%"
"2020/10/29","2,091","2,189","2,189","2,050","2.08M","-4.52%"
"2020/10/28","2,190","2,235","2,272","2,105","2.69M","-3.99%"
"2020/10/27","2,281","2,250","2,292","2,200","2.66M","0.00%"
"2020/10/26","2,281","2,299","2,342","2,250","1.39M","-0.78%"
"2020/10/23","2,299","2,050","2,305","2,007","2.28M","12.26%"
"2020/10/22","2,048","1,850","2,092","1,834","10.13M","9.46%"
"2020/10/21","1,871","1,768","1,871","1,745","4.66M","6.31%"
"2020/10/20","1,760","1,691","1,776","1,630","2.40M","3.83%"
"2020/10/19","1,695","1,630","1,714","1,575","2.96M","7.62%"
"2020/10/16","1,575","1,637","1,641","1,557","2.94M","-2.36%"
"2020/10/15","1,613","1,645","1,645","1,538","2.28M","-1.35%"
"2020/10/14","1,635","1,741","1,741","1,593","1.57M","-2.85%"
"2020/10/13","1,683","1,757","1,774","1,674","463.10K","-4.32%"
"2020/10/12","1,759","1,850","1,850","1,757","910.86K","-3.30%"
"2020/10/09","1,819","1,847","1,863","1,812","1.24M","-1.62%"
"2020/10/08","1,849","1,897","1,897","1,812","931.62K","1.04%"
"2020/10/07","1,830","1,826","1,865","1,810","1.01M","1.61%"
"2020/10/06","1,801","1,939","1,939","1,801","610.89K","-3.17%"
"2020/10/05","1,860","1,938","1,973","1,839","684.09K","-2.97%"
"2020/10/02","1,917","1,739","1,930","1,739","1.67M","6.09%"
"2020/10/01","1,807","1,650","1,866","1,638","1.73M","10.25%"
"2020/09/30","1,639","1,514","1,679","1,475","4.16M","8.90%"
"2020/09/29","1,505","1,521","1,526","1,476","5.52M","-0.99%"
"2020/09/28","1,520","1,500","1,545","1,460","1.36M","1.40%"
"2020/09/25","1,499","1,591","1,591","1,470","986.31K","-3.73%"
"2020/09/23","1,557","1,605","1,607","1,517","1.59M","0.06%"
"2020/09/22","1,556","1,752","1,765","1,554","2.03M","-11.39%"
"2020/09/21","1,756","1,795","1,850","1,701","492.21K","-2.39%"
"2020/09/18","1,799","1,841","1,850","1,751","5.26M","-1.05%"
"2020/09/17","1,818","1,765","1,918","1,750","2.40M","7.57%"
"2020/09/16","1,690","1,700","1,700","1,663","483.92K","1.50%"
"2020/09/15","1,665","1,693","1,718","1,658","876.08K","-2.86%"
"2020/09/14","1,714","1,750","1,750","1,687","552.42K","-0.17%"
"2020/09/11","1,717","1,799","1,799","1,673","1.49M","-1.72%"
"2020/09/10","1,747","1,773","1,822","1,709","1.40M","-1.30%"
"2020/09/09","1,770","1,750","1,791","1,703","946.82K","2.02%"
"2020/09/08","1,735","1,739","1,793","1,725","512.15K","-0.29%"
"2020/09/07","1,740","1,704","1,752","1,704","510.79K","2.05%"
"2020/09/04","1,705","1,742","1,742","1,692","493.16K","-0.58%"
"2020/09/03","1,715","1,726","1,749","1,686","516.61K","-0.64%"
"2020/09/02","1,726","1,852","1,852","1,675","904.87K","-4.38%"
"2020/09/01","1,805","1,878","1,878","1,778","1.39M","-3.22%"
"2020/08/31","1,865","1,995","1,995","1,853","710.79K","-5.19%"
"2020/08/28","1,967","1,885","1,967","1,885","1.00M","2.88%"
"2020/08/27","1,912","1,907","1,916","1,870","1.03M","-0.47%"
"2020/08/26","1,921","1,870","1,996","1,850","1.16M","1.48%"
"2020/08/25","1,893","1,920","1,958","1,852","763.83K","0.00%"
"2020/08/24","1,893","1,884","1,907","1,815","1.29M","2.88%"
"2020/08/21","1,840","1,800","1,885","1,800","1.91M","0.88%"
"2020/08/20","1,824","1,833","1,833","1,794","852.51K","-0.05%"
"2020/08/19","1,825","1,939","1,939","1,825","1.86M","-3.08%"
"2020/08/18","1,883","1,940","1,940","1,848","929.05K","-1.93%"
"2020/08/17","1,920","1,920","1,958","1,827","1.56M","-1.03%"
"2020/08/14","1,940","1,950","1,950","1,905","864.34K","0.00%"
"2020/08/13","1,940","1,923","1,975","1,885","995.88K","1.84%"
"2020/08/12","1,905","1,964","1,980","1,878","1.23M","-2.81%"
"2020/08/11","1,960","1,953","2,011","1,953","618.75K","0.41%"
"2020/08/07","1,952","2,010","2,011","1,879","836.93K","-1.26%"
"2020/08/06","1,977","2,030","2,060","1,967","823.36K","-3.28%"
"2020/08/05","2,044","2,000","2,062","1,961","1.45M","5.31%"
"2020/08/04","1,941","1,880","1,975","1,879","1.16M","3.80%"
"2020/08/03","1,870","2,002","2,002","1,845","913.37K","-5.79%"
"2020/07/31","1,985","2,021","2,041","1,965","840.82K","-0.75%"
"2020/07/30","2,000","2,058","2,077","1,969","1.14M","-3.52%"
"2020/07/29","2,073","2,059","2,135","2,055","861.44K","-1.05%"
"2020/07/28","2,095","2,077","2,140","2,061","823.73K","0.87%"
"2020/07/27","2,077","2,154","2,187","2,051","704.38K","-2.90%"
"2020/07/24","2,139","2,237","2,237","2,121","1.20M","-4.34%"
"2020/07/23","2,236","2,381","2,381","2,217","972.64K","-3.58%"
"2020/07/22","2,319","2,470","2,471","2,307","894.66K","-6.15%"
"2020/07/21","2,471","2,430","2,490","2,385","2.19M","2.32%"
"2020/07/20","2,415","2,450","2,451","2,377","972.83K","0.04%"
"2020/07/17","2,414","2,500","2,513","2,359","1.34M","-3.21%"
"2020/07/16","2,494","2,357","2,512","2,357","2.79M","4.13%"
"2020/07/15","2,395","2,342","2,403","2,329","2.04M","3.68%"
"2020/07/14","2,310","2,295","2,354","2,288","2.19M","-3.10%"
"2020/07/13","2,384","2,231","2,389","2,231","1.70M","3.38%"
"2020/07/10","2,306","2,190","2,349","2,135","2.65M","5.63%"
"2020/07/09","2,183","2,160","2,209","2,120","3.19M","-0.77%"
"2020/07/08","2,200","2,279","2,279","2,145","731.73K","0.46%"
"2020/07/07","2,190","2,251","2,337","2,168","3.21M","-6.53%"
"2020/07/06","2,343","2,380","2,380","2,195","4.00M","6.50%"
"2020/07/03","2,200","2,248","2,248","2,176","2.76M","1.01%"
"2020/07/02","2,178","2,280","2,280","2,151","2.73M","2.25%"
"2020/07/01","2,130","2,230","2,306","2,080","1.50M","-4.87%"
"2020/06/30","2,239","2,275","2,313","2,230","1.30M","1.59%"
"2020/06/29","2,204","2,365","2,430","2,202","964.31K","-6.81%"
"2020/06/26","2,365","2,415","2,459","2,349","1.30M","-2.07%"
"2020/06/25","2,415","2,300","2,426","2,255","1.55M","3.96%"
"2020/06/24","2,323","2,370","2,422","2,289","1.96M","-1.98%"
"2020/06/23","2,370","2,391","2,442","2,340","1.89M","-1.94%"
"2020/06/22","2,417","2,340","2,439","2,340","833.01K","0.25%"
"2020/06/19","2,411","2,425","2,522","2,389","3.96M","0.46%"
"2020/06/18","2,400","2,415","2,476","2,340","4.28M","0.00%"
"2020/06/17","2,400","2,340","2,466","2,340","3.37M","3.54%"
"2020/06/15","2,318","2,222","2,390","2,148","2.28M","3.53%"
"2020/06/12","2,239","2,240","2,260","2,131","1.89M","-2.53%"
"2020/06/11","2,297","2,128","2,357","1,988","1.39M","6.89%"
"2020/06/10","2,149","2,600","2,602","2,071","4.90M","-10.46%"
"2020/06/09","2,400","2,755","2,755","2,334","3.45M","-9.43%"
"2020/06/08","2,650","2,382","2,683","2,382","3.54M","11.34%"
"2020/06/05","2,380","2,480","2,530","2,348","2.85M","-3.95%"
"2020/06/04","2,478","2,159","2,560","2,100","3.56M","14.72%"
"2020/06/03","2,160","1,920","2,173","1,914","5.17M","13.39%"
"2020/06/02","1,905","1,843","1,947","1,843","2.55M","3.59%"
"2020/06/01","1,839","1,760","1,863","1,682","1.56M","7.86%"
"2020/05/29","1,705","1,773","1,775","1,700","7.43M","-5.17%"
"2020/05/28","1,798","1,745","1,850","1,678","1.54M","3.04%"
"2020/05/27","1,745","1,779","1,786","1,679","1.69M","-0.85%"
"2020/05/26","1,760","1,820","1,845","1,758","1.31M","-1.07%"
"2020/05/25","1,779","1,860","1,879","1,738","577.61K","-1.44%"
"2020/05/22","1,805","1,781","1,875","1,734","2.44M","-1.37%"
"2020/05/21","1,830","1,784","1,890","1,729","1.33M","1.67%"
"2020/05/20","1,800","1,871","1,871","1,678","2.83M","-2.91%"
"2020/05/19","1,854","1,749","1,887","1,704","2.79M","9.70%"
"2020/05/18","1,690","1,650","1,750","1,650","2.33M","0.00%"
"2020/05/15","1,690","1,594","1,700","1,594","923.15K","2.67%"
"2020/05/14","1,646","1,780","1,780","1,598","1.62M","-6.42%"
"2020/05/13","1,759","1,727","1,772","1,638","2.19M","1.09%"
"2020/05/12","1,740","1,800","1,800","1,725","1.23M","-0.85%"
"2020/05/11","1,755","1,820","1,839","1,720","2.64M","-4.10%"
"2020/05/08","1,830","1,730","1,850","1,730","1.88M","0.88%"
"2020/05/07","1,814","1,750","1,818","1,650","1.69M","4.86%"
"2020/05/06","1,730","1,730","1,842","1,724","980.99K","-6.18%"
"2020/05/05","1,844","1,800","2,034","1,746","2.22M","-0.27%"
"2020/05/04","1,849","1,859","1,894","1,700","2.53M","-2.68%"
"2020/04/30","1,900","1,740","1,919","1,598","2.49M","11.76%"
"2020/04/29","1,700","1,498","1,720","1,470","6.53M","14.56%"
"2020/04/28","1,484","1,740","1,740","1,447","1.58M","1.16%"
"2020/04/24","1,467","1,600","1,600","1,467","1.64M","-6.56%"
"2020/04/23","1,570","1,715","1,746","1,527","1.40M","-7.27%"
"2020/04/22","1,693","1,765","1,765","1,665","2.10M","-1.86%"
"2020/04/21","1,725","1,905","1,906","1,718","1.59M","-7.56%"
"2020/04/20","1,866","2,025","2,025","1,849","1.47M","-3.91%"
"2020/04/17","1,942","1,825","1,968","1,811","940.30K","6.41%"
"2020/04/16","1,825","2,177","2,177","1,800","1.44M","-8.61%"
"2020/04/15","1,997","2,025","2,105","1,871","882.13K","-1.33%"
"2020/04/14","2,024","1,964","2,267","1,960","3.42M","3.05%"
"2020/04/09","1,964","1,756","1,964","1,733","2.72M","13.00%"
"2020/04/08","1,738","1,715","1,780","1,586","1.07M","1.22%"
"2020/04/07","1,717","1,575","1,879","1,575","1.31M","10.06%"
"2020/04/06","1,560","1,798","1,850","1,534","1.01M","-7.86%"
"2020/04/03","1,693","1,865","1,865","1,677","976.58K","-9.90%"
"2020/04/02","1,879","1,881","2,007","1,817","618.24K","1.08%"
"2020/04/01","1,859","1,900","1,935","1,787","903.93K","-2.16%"
"2020/03/31","1,900","1,894","2,013","1,836","2.07M","5.32%"
"2020/03/30","1,804","2,150","2,150","1,695","2.30M","-15.58%"
"2020/03/27","2,137","2,440","2,440","2,091","1.41M","-12.42%"
"2020/03/26","2,440","2,343","2,490","2,319","2.36M","6.78%"
"2020/03/25","2,285","2,087","2,317","2,087","1.06M","7.73%"
"2020/03/24","2,121","2,270","2,270","1,780","1.96M","6.05%"
"2020/03/23","2,000","2,500","2,700","2,000","1.73M","-27.14%"
"2020/03/20","2,745","2,831","2,878","2,607","2.62M","-2.83%"
"2020/03/19","2,825","3,200","3,201","2,563","2.06M","-8.87%"
"2020/03/18","3,100","3,350","3,423","3,075","2.71M","-8.01%"
"2020/03/17","3,370","3,725","3,725","3,361","1.20M","-2.83%"
"2020/03/16","3,468","4,000","4,000","3,416","1.27M","-14.29%"
"2020/03/13","4,046","4,108","4,139","3,963","1.83M","0.10%"
"2020/03/12","4,042","4,351","4,351","4,002","2.54M","-7.12%"
"2020/03/11","4,352","4,400","4,479","4,300","1.69M","0.05%"
"2020/03/10","4,350","4,382","4,462","4,300","1.03M","0.00%"
"2020/03/09","4,350","4,450","4,451","4,120","953.92K","-3.44%"
"2020/03/06","4,505","4,600","4,600","4,369","957.26K","-0.90%"
"2020/03/05","4,546","4,530","4,699","4,483","2.29M","0.00%"
"2020/03/04","4,546","4,500","4,634","4,483","2.25M","-0.09%"
"2020/03/03","4,550","4,400","4,581","4,400","1.32M","3.81%"
"2020/03/02","4,383","4,525","4,604","4,342","2.85M","-1.79%"
"2020/02/28","4,463","4,105","4,636","4,105","2.44M","-4.02%"
"2020/02/27","4,650","4,500","4,749","4,500","1.84M","-1.27%"
"2020/02/26","4,710","4,800","4,800","4,550","1.13M","-0.95%"
"2020/02/25","4,755","4,650","4,800","4,646","628.04K","-0.31%"
"2020/02/24","4,770","5,050","5,050","4,752","1.06M","-4.00%"
"2020/02/21","4,969","5,000","5,000","4,900","263.50K","-1.47%"
"2020/02/20","5,043","5,114","5,119","5,000","938.55K","-1.50%"
"2020/02/19","5,120","4,982","5,145","4,958","1.25M","1.21%"
"2020/02/18","5,059","4,842","5,120","4,842","1.08M","0.58%"
"2020/02/17","5,030","4,973","5,043","4,973","794.34K","0.26%"
"2020/02/14","5,017","4,850","5,024","4,849","689.92K","2.70%"
"2020/02/13","4,885","4,900","4,959","4,841","1.03M","-1.49%"
"2020/02/12","4,959","5,100","5,171","4,927","2.10M","-3.20%"
"2020/02/11","5,123","5,152","5,159","5,075","425.66K","0.65%"
"2020/02/10","5,090","5,177","5,213","5,054","447.48K","-0.76%"
"2020/02/07","5,129","5,212","5,212","5,129","299.22K","-0.95%"
"2020/02/06","5,178","5,279","5,300","5,178","756.24K","-1.28%"
"2020/02/05","5,245","5,315","5,332","5,224","484.23K","-0.85%"
"2020/02/04","5,290","5,400","5,401","5,286","613.78K","-1.31%"
"2020/02/03","5,360","5,414","5,414","5,331","495.67K","-0.50%"
"2020/01/31","5,387","5,440","5,510","5,355","289.18K","-1.98%"
"2020/01/30","5,496","5,344","5,509","5,344","391.40K","2.06%"
"2020/01/29","5,385","5,326","5,400","5,316","166.15K","0.64%"
"2020/01/28","5,351","5,337","5,361","5,320","304.86K","-0.74%"
"2020/01/27","5,391","5,364","5,424","5,337","282.97K","-1.17%"
"2020/01/24","5,455","5,400","5,475","5,337","436.36K","0.94%"
"2020/01/23","5,404","5,450","5,450","5,392","730.16K","-0.84%"
"2020/01/22","5,450","5,430","5,519","5,430","408.49K","-0.26%"
"2020/01/21","5,464","5,493","5,505","5,429","440.76K","-0.47%"
"2020/01/20","5,490","5,536","5,592","5,480","1.19M","-1.44%"
"2020/01/17","5,570","5,565","5,616","5,530","254.04K","-0.21%"
"2020/01/16","5,582","5,628","5,628","5,553","145.71K","-0.82%"
"2020/01/15","5,628","5,627","5,634","5,577","526.72K","0.50%"
"2020/01/14","5,600","5,565","5,671","5,565","173.18K","0.92%"
"2020/01/13","5,549","5,707","5,707","5,529","539.96K","-1.61%"
"2020/01/10","5,640","5,710","5,710","5,584","211.68K","0.52%"
"2020/01/09","5,611","5,849","5,849","5,579","801.97K","-0.20%"
"2020/01/08","5,622","5,600","5,622","5,527","163.33K","-0.64%"
"2020/01/07","5,658","5,599","5,658","5,534","250.47K","2.04%"
"2020/01/06","5,545","5,640","5,640","5,539","223.82K","-1.42%"
"2020/01/03","5,625","5,800","5,801","5,581","166.21K","-1.12%"
"2020/01/02","5,689","5,658","5,769","5,598","248.38K","1.50%"
"2019/12/31","5,605","5,541","5,657","5,541","106.53K","-0.87%"
"2019/12/30","5,654","5,441","5,654","5,441","223.50K","0.96%"
"2019/12/27","5,600","5,596","5,687","5,540","224.53K","2.26%"
"2019/12/24","5,476","5,440","5,593","5,440","225.18K","-2.32%"
"2019/12/23","5,606","5,760","5,850","5,480","309.88K","0.50%"
"2019/12/20","5,578","5,625","5,627","5,480","2.78M","0.90%"
"2019/12/19","5,528","5,585","5,673","5,486","1.22M","0.47%"
"2019/12/18","5,502","5,492","5,508","5,461","563.39K","0.59%"
"2019/12/17","5,470","5,588","5,655","5,426","1.84M","0.00%"
"2019/12/13","5,470","5,449","5,500","5,449","817.21K","-0.05%"
"2019/12/12","5,473","5,465","5,528","5,439","2.20M","0.42%"
"2019/12/11","5,450","5,450","5,523","5,253","1.04M","0.55%"
"2019/12/10","5,420","5,300","5,495","5,260","788.86K","0.61%"
"2019/12/09","5,387","5,270","5,601","5,270","596.15K","2.41%"
"2019/12/06","5,260","5,330","5,385","5,243","889.91K","-1.31%"
"2019/12/05","5,330","5,301","5,540","5,301","1.10M","-2.20%"
"2019/12/04","5,450","5,500","5,568","5,366","1.15M","-1.27%"
"2019/12/03","5,520","5,705","5,735","5,506","461.43K","-2.92%"
"2019/12/02","5,686","5,700","5,920","5,685","966.21K","-3.53%"
"2019/11/29","5,894","5,924","5,925","5,734","202.36K","1.10%"
"2019/11/28","5,830","5,862","5,862","5,725","186.62K","1.34%"
"2019/11/27","5,753","5,893","5,893","5,733","595.06K","0.28%"
"2019/11/26","5,737","5,816","5,853","5,737","779.25K","-2.20%"
"2019/11/25","5,866","5,811","6,138","5,811","1.29M","-1.53%"
"2019/11/22","5,957","6,090","6,130","5,957","302.65K","-2.62%"
"2019/11/21","6,117","6,175","6,175","6,030","357.55K","0.44%"
"2019/11/20","6,090","6,099","6,174","6,029","288.56K","0.91%"
"2019/11/19","6,035","6,000","6,056","6,000","377.59K","0.20%"
"2019/11/18","6,023","6,060","6,061","5,928","269.62K","1.45%"
"2019/11/15","5,937","5,920","5,973","5,879","261.90K","0.63%"
"2019/11/14","5,900","5,900","5,933","5,805","408.12K","-0.42%"
"2019/11/13","5,925","5,971","5,998","5,920","211.30K","-1.35%"
"2019/11/12","6,006","6,071","6,125","5,985","402.92K","-1.23%"
"2019/11/11","6,081","6,300","6,300","6,012","209.05K","-1.14%"
"2019/11/08","6,151","6,080","6,172","6,018","440.27K","0.65%"
"2019/11/07","6,111","5,924","6,195","5,924","655.70K","1.68%"
"2019/11/06","6,010","6,011","6,098","5,974","488.73K","0.00%"
"2019/11/05","6,010","5,988","6,066","5,852","253.65K","0.55%"
"2019/11/04","5,977","6,082","6,116","5,876","340.46K","1.31%"
"2019/11/01","5,900","5,877","5,950","5,861","601.99K","0.00%"
"2019/10/31","5,900","5,850","6,043","5,752","740.35K","-1.42%"
"2019/10/30","5,985","6,047","6,047","5,935","582.07K","-0.27%"
"2019/10/29","6,001","6,312","6,312","5,989","643.44K","-0.83%"
"2019/10/28","6,051","6,065","6,090","5,985","373.22K","0.07%"
"2019/10/25","6,047","6,308","6,308","5,990","353.02K","-3.29%"
"2019/10/24","6,253","6,190","6,318","6,164","755.03K","1.02%"
"2019/10/23","6,190","6,117","6,226","6,075","581.09K","0.91%"
"2019/10/22","6,134","6,011","6,174","5,995","864.34K","2.05%"
"2019/10/21","6,011","6,008","6,045","5,962","558.03K","0.32%"
"2019/10/18","5,992","6,085","6,085","5,992","2.35M","-0.96%"
"2019/10/17","6,050","6,030","6,198","6,000","553.64K","0.45%"
"2019/10/16","6,023","5,904","6,023","5,875","346.47K","0.63%"
"2019/10/15","5,985","5,943","6,077","5,928","391.32K","0.93%"
"2019/10/14","5,930","5,850","5,949","5,818","610.27K","1.02%"
"2019/10/11","5,870","5,706","5,891","5,706","503.04K","2.39%"
"2019/10/10","5,733","5,764","5,791","5,700","697.78K","-1.16%"
"2019/10/09","5,800","5,900","5,900","5,689","751.39K","-5.92%"
"2019/10/08","6,165","6,206","6,279","6,125","391.93K","0.59%"
"2019/10/07","6,129","6,300","6,300","6,094","424.78K","-0.02%"
"2019/10/04","6,130","6,050","6,139","6,020","557.71K","2.17%"
"2019/10/03","6,000","6,080","6,131","6,000","678.62K","-2.06%"
"2019/10/02","6,126","6,025","6,216","5,977","495.72K","1.63%"
"2019/10/01","6,028","6,151","6,158","6,025","504.93K","-2.52%"
"2019/09/30","6,184","6,244","6,244","6,137","589.40K","-0.34%"
"2019/09/27","6,205","6,235","6,238","6,074","363.16K","-0.48%"
"2019/09/26","6,235","6,320","6,336","6,105","848.96K","-0.24%"
"2019/09/25","6,250","6,333","6,434","6,205","428.42K","-1.57%"
"2019/09/23","6,350","6,326","6,398","6,300","518.69K","-1.21%"
"2019/09/20","6,428","6,286","6,500","6,275","1.10M","-0.33%"
"2019/09/19","6,449","6,311","6,472","6,311","462.88K","1.13%"
"2019/09/18","6,377","6,335","6,385","6,287","220.70K","0.43%"
"2019/09/17","6,350","6,368","6,419","6,319","559.99K","-0.52%"
"2019/09/16","6,383","6,300","6,401","6,280","355.41K","0.65%"
"2019/09/13","6,342","6,338","6,375","6,282","390.89K","0.62%"
"2019/09/12","6,303","6,122","6,312","6,106","375.34K","3.01%"
"2019/09/11","6,119","6,190","6,190","6,004","316.15K","1.14%"
"2019/09/10","6,050","6,109","6,178","5,990","966.64K","-0.38%"
"2019/09/09","6,073","6,000","6,122","6,000","417.87K","0.76%"
"2019/09/06","6,027","5,990","6,027","5,830","1.79M","0.52%"
"2019/09/05","5,996","6,512","6,549","5,783","4.41M","-10.85%"
"2019/09/04","6,726","6,603","6,772","6,592","672.55K","2.05%"
"2019/09/03","6,591","6,486","6,606","6,485","642.63K","1.49%"
"2019/09/02","6,494","6,534","6,564","6,464","315.13K","-1.32%"
"2019/08/30","6,581","6,452","6,582","6,452","616.20K","1.29%"
"2019/08/29","6,497","6,492","6,562","6,472","543.46K","-0.05%"
"2019/08/28","6,500","6,718","6,718","6,475","699.95K","-1.07%"
"2019/08/27","6,570","6,659","6,659","6,487","485.71K","-1.43%"
"2019/08/26","6,665","6,793","6,793","6,609","708.13K","-0.07%"
"2019/08/23","6,670","6,616","6,699","6,616","453.64K","0.85%"
"2019/08/22","6,614","6,656","6,748","6,614","389.84K","-1.14%"
"2019/08/21","6,690","6,542","6,724","6,542","182.17K","1.67%"
"2019/08/20","6,580","6,430","6,610","6,430","653.29K","-0.50%"
"2019/08/19","6,613","6,569","6,690","6,564","594.36K","0.49%"
"2019/08/16","6,581","6,410","6,581","6,410","297.34K","1.01%"
"2019/08/15","6,515","6,525","6,563","6,439","791.23K","-0.44%"
"2019/08/14","6,544","6,630","6,692","6,500","387.19K","-0.85%"
"2019/08/13","6,600","6,569","6,622","6,513","316.17K","-0.02%"
"2019/08/12","6,601","6,665","6,695","6,539","374.07K","-1.70%"
"2019/08/08","6,715","6,866","6,880","6,672","399.02K","-0.83%"
"2019/08/07","6,771","6,635","6,850","6,635","627.10K","1.99%"
"2019/08/06","6,639","6,658","6,666","6,608","564.11K","0.64%"
"2019/08/05","6,597","6,710","6,744","6,560","738.05K","-2.41%"
"2019/08/02","6,760","6,861","6,861","6,760","368.48K","-2.24%"
"2019/08/01","6,915","6,939","6,976","6,845","792.66K","-0.72%"
"2019/07/31","6,965","7,000","7,170","6,949","747.37K","-0.57%"
"2019/07/30","7,005","7,090","7,119","7,000","565.60K","-1.74%"
"2019/07/29","7,129","7,239","7,280","7,096","372.49K","-1.67%"
"2019/07/26","7,250","7,248","7,281","7,225","711.94K","-0.75%"
"2019/07/25","7,305","7,240","7,391","7,240","868.75K","0.54%"
"2019/07/24","7,266","7,298","7,298","7,245","450.57K","0.08%"
"2019/07/23","7,260","7,298","7,298","7,214","582.92K","0.23%"
"2019/07/22","7,243","7,263","7,268","7,182","726.81K","-0.10%"
"2019/07/19","7,250","7,296","7,320","7,247","507.73K","-0.82%"
"2019/07/18","7,310","7,240","7,315","7,240","281.65K","0.72%"
"2019/07/17","7,258","7,250","7,268","7,240","435.59K","0.10%"
"2019/07/16","7,251","7,225","7,302","7,208","374.48K","-0.26%"
"2019/07/15","7,270","7,232","7,299","7,232","386.24K","0.28%"
"2019/07/12","7,250","7,179","7,267","7,149","478.55K","0.74%"
"2019/07/11","7,197","7,048","7,290","7,048","491.06K","2.09%"
"2019/07/10","7,050","6,975","7,079","6,975","562.09K","0.71%"
"2019/07/09","7,000","7,050","7,120","6,998","709.57K","-0.91%"
"2019/07/08","7,064","6,956","7,136","6,956","271.64K","-0.52%"
"2019/07/05","7,101","6,937","7,174","6,901","201.78K","-0.32%"
"2019/07/04","7,124","6,864","7,130","6,864","455.70K","1.99%"
"2019/07/03","6,985","6,895","7,026","6,845","916.68K","1.45%"
"2019/07/02","6,885","7,160","7,160","6,831","619.01K","-3.08%"
"2019/07/01","7,104","6,986","7,212","6,986","986.20K","1.67%"
"2019/06/28","6,987","7,001","7,015","6,939","450.47K","-0.19%"
"2019/06/27","7,000","7,001","7,001","6,941","572.44K","1.08%"
"2019/06/26","6,925","6,999","7,035","6,925","103.21K","-1.07%"
"2019/06/25","7,000","6,999","7,075","6,929","797.59K","-0.34%"
"2019/06/24","7,024","7,254","7,254","6,997","595.86K","-1.00%"
"2019/06/21","7,095","6,993","7,186","6,932","1.11M","1.79%"
"2019/06/20","6,970","6,994","7,047","6,955","1.36M","-0.29%"
"2019/06/19","6,990","6,980","7,035","6,962","618.26K","0.34%"
"2019/06/18","6,966","6,788","6,966","6,771","580.77K","2.44%"
"2019/06/14","6,800","6,715","6,815","6,694","901.98K","0.52%"
"2019/06/13","6,765","6,840","6,942","6,712","622.43K","-1.33%"
"2019/06/12","6,856","6,801","7,007","6,801","335.74K","-3.44%"
"2019/06/11","7,100","7,200","7,200","7,067","333.53K","-0.53%"
"2019/06/10","7,138","7,100","7,197","6,963","716.18K","3.15%"
"2019/06/07","6,920","6,921","6,929","6,800","699.15K","1.57%"
"2019/06/06","6,813","7,008","7,019","6,811","626.70K","-3.02%"
"2019/06/05","7,025","7,249","7,249","7,018","432.83K","0.21%"
"2019/06/04","7,010","7,250","7,291","6,981","2.30M","-3.30%"
"2019/06/03","7,249","7,275","7,379","7,055","1.27M","2.49%"
"2019/05/31","7,073","6,971","7,110","6,875","1.33M","1.04%"
"2019/05/30","7,000","6,815","7,196","6,774","1.79M","3.64%"
"2019/05/29","6,754","6,740","6,906","6,675","1.66M","-0.21%"
"2019/05/28","6,768","6,970","6,971","6,641","25.25M","-2.90%"
"2019/05/27","6,970","6,949","7,034","6,896","1.25M","0.29%"
"2019/05/24","6,950","6,905","7,011","6,850","1.99M","0.87%"
"2019/05/23","6,890","6,803","7,110","6,803","1.84M","-0.68%"
"2019/05/22","6,937","6,801","7,159","6,790","2.55M","-0.44%"
"2019/05/21","6,968","6,942","7,022","6,786","1.52M","1.43%"
"2019/05/20","6,870","6,989","6,989","6,801","1.13M","0.29%"
"2019/05/17","6,850","7,014","7,072","6,812","1.46M","-2.82%"
"2019/05/16","7,049","7,000","7,051","6,895","2.31M","2.16%"
"2019/05/15","6,900","6,722","6,998","6,703","1.18M","2.21%"
"2019/05/14","6,751","6,750","6,879","6,656","3.05M","-1.56%"
"2019/05/13","6,858","6,710","6,920","6,710","1.20M","0.88%"
"2019/05/10","6,798","6,863","6,869","6,741","1.68M","-0.04%"
"2019/05/09","6,801","6,915","6,915","6,700","2.14M","-1.95%"
"2019/05/07","6,936","7,002","7,036","6,919","1.87M","-1.08%"
"2019/05/06","7,012","7,040","7,087","6,850","2.19M","-0.51%"
"2019/05/03","7,048","6,990","7,048","6,902","1.32M","0.74%"
"2019/05/02","6,996","6,948","7,041","6,817","2.43M","-0.06%"
"2019/04/30","7,000","7,085","7,085","6,870","2.16M","-0.88%"
"2019/04/29","7,062","7,172","7,193","7,006","799.35K","-1.53%"
"2019/04/26","7,172","7,203","7,221","7,042","850.17K","-0.94%"
"2019/04/25","7,240","7,265","7,337","7,214","574.32K","-0.54%"
"2019/04/24","7,279","7,365","7,383","7,279","1.64M","-0.74%"
"2019/04/23","7,333","7,343","7,391","7,272","612.34K","-0.49%"
"2019/04/18","7,369","7,489","7,519","7,318","1.16M","-0.75%"
"2019/04/17","7,425","7,467","7,480","7,343","882.95K","-0.48%"
"2019/04/16","7,461","7,392","7,474","7,333","1.16M","1.51%"
"2019/04/15","7,350","7,417","7,417","7,259","1.06M","-0.20%"
"2019/04/12","7,365","7,344","7,400","7,236","1.07M","-0.57%"
"2019/04/11","7,407","7,411","7,489","7,352","802.51K","-0.46%"
"2019/04/10","7,441","7,259","7,453","7,203","900.70K","2.99%"
"2019/04/09","7,225","7,149","7,283","7,061","864.21K","1.92%"
"2019/04/08","7,089","7,151","7,208","7,022","736.80K","-1.57%"
"2019/04/05","7,202","7,279","7,374","7,100","880.28K","-0.03%"
"2019/04/04","7,204","7,400","7,401","7,194","1.04M","-3.52%"
"2019/04/03","7,467","7,248","7,491","7,170","1.26M","4.06%"
"2019/04/02","7,176","7,125","7,264","7,118","894.79K","1.07%"
"2019/04/01","7,100","7,150","7,150","6,985","758.23K","0.74%"
"2019/03/29","7,048","7,200","7,200","7,002","1.57M","-0.37%"
"2019/03/28","7,074","7,100","7,177","6,924","807.77K","0.84%"
"2019/03/27","7,015","7,115","7,233","6,916","741.47K","-1.34%"
"2019/03/26","7,110","7,138","7,285","7,086","801.56K","-0.78%"
"2019/03/25","7,166","7,471","7,471","7,054","1.81M","-3.20%"
"2019/03/22","7,403","7,510","7,798","7,328","690.16K","-0.50%"
"2019/03/20","7,440","7,450","7,487","7,365","1.01M","-0.24%"
"2019/03/19","7,458","7,600","7,800","7,439","1.11M","-5.44%"
"2019/03/18","7,887","7,701","7,949","7,701","453.60K","2.42%"
"2019/03/15","7,701","7,805","7,992","7,685","1.23M","-3.38%"
"2019/03/14","7,970","7,960","8,002","7,838","562.33K","0.13%"
"2019/03/13","7,960","7,998","7,998","7,904","257.69K","0.67%"
"2019/03/12","7,907","8,000","8,045","7,907","680.10K","-1.16%"
"2019/03/11","8,000","8,000","8,070","7,966","460.52K","-0.62%"
"2019/03/08","8,050","8,196","8,196","7,971","285.77K","0.39%"
"2019/03/07","8,019","7,942","8,086","7,941","317.49K","0.24%"
"2019/03/06","8,000","8,000","8,050","7,943","821.84K","-0.06%"
"2019/03/05","8,005","8,096","8,498","7,996","878.50K","-2.50%"
"2019/03/04","8,210","8,000","8,270","8,000","1.27M","0.09%"
"2019/03/01","8,203","8,000","8,245","7,485","1.23M","5.86%"
"2019/02/28","7,749","7,800","7,920","7,709","747.87K","-2.64%"
"2019/02/27","7,959","7,850","7,959","7,801","441.17K","1.60%"
"2019/02/26","7,834","7,800","7,976","7,800","597.70K","0.10%"
"2019/02/25","7,826","8,000","8,000","7,816","558.70K","-1.24%"
"2019/02/22","7,924","8,000","8,047","7,909","928.47K","-0.26%"
"2019/02/21","7,945","8,030","8,098","7,881","1.54M","-1.30%"
"2019/02/20","8,050","8,100","8,232","8,024","1.22M","-0.90%"
"2019/02/19","8,123","8,201","8,201","8,041","692.15K","-0.33%"
"2019/02/18","8,150","8,100","8,284","8,100","1.05M","0.00%"
"2019/02/15","8,150","8,349","8,349","8,150","780.86K","-0.68%"
"2019/02/14","8,206","8,057","8,301","8,035","785.29K","-1.96%"
"2019/02/13","8,370","8,675","8,770","8,115","1.56M","-5.30%"
"2019/02/12","8,838","8,994","8,999","8,722","1.24M","-1.58%"
"2019/02/11","8,980","8,901","9,077","8,901","806.09K","-0.99%"
"2019/02/08","9,070","9,029","9,133","9,000","353.84K","0.25%"
"2019/02/07","9,047","9,283","9,283","9,000","546.36K","-0.96%"
"2019/02/06","9,135","9,121","9,243","9,113","385.43K","0.38%"
"2019/02/05","9,100","8,903","9,132","8,903","336.16K","0.55%"
"2019/02/04","9,050","8,901","9,066","8,901","730.67K","0.56%"
"2019/02/01","9,000","8,834","9,083","8,834","1.50M","0.00%"
"2019/01/31","9,000","8,853","9,083","8,829","1.37M","1.47%"
"2019/01/30","8,870","8,858","8,907","8,812","1.67M","-0.67%"
"2019/01/29","8,930","8,858","8,979","8,840","1.46M","0.56%"
"2019/01/28","8,880","8,704","8,903","8,700","1.08M","1.37%"
"2019/01/25","8,760","8,800","8,815","8,657","746.46K","0.25%"
"2019/01/24","8,738","8,767","8,813","8,690","631.74K","-0.57%"
"2019/01/23","8,788","8,750","8,895","8,715","303.01K","-0.99%"
"2019/01/22","8,876","8,659","8,876","8,659","528.52K","1.00%"
"2019/01/21","8,788","8,660","8,924","8,660","312.28K","-0.08%"
"2019/01/18","8,795","8,949","8,949","8,757","758.57K","0.47%"
"2019/01/17","8,754","8,999","8,999","8,646","579.59K","-1.53%"
"2019/01/16","8,890","8,693","8,950","8,691","363.86K","1.08%"
"2019/01/15","8,795","8,425","8,819","8,425","753.42K","2.87%"
"2019/01/14","8,550","8,547","8,646","8,524","281.29K","-0.21%"
"2019/01/11","8,568","8,578","8,680","8,523","317.70K","-0.36%"
"2019/01/10","8,599","8,520","8,650","8,497","478.73K","0.28%"
"2019/01/09","8,575","8,660","8,660","8,471","468.31K","0.29%"
"2019/01/08","8,550","8,529","8,634","8,470","352.23K","0.00%"
"2019/01/07","8,550","8,422","8,620","8,422","574.85K","1.27%"
"2019/01/04","8,443","8,170","8,550","8,162","362.17K","3.34%"
"2019/01/03","8,170","8,033","8,213","8,005","950.73K","1.45%"
"2019/01/02","8,053","8,150","8,154","7,946","346.42K","-1.19%"
"2018/12/31","8,150","8,499","8,499","8,002","115.34K","0.62%"
"2018/12/28","8,100","8,038","8,164","8,038","153.03K","0.14%"
"2018/12/27","8,089","8,100","8,283","8,040","331.98K","-0.14%"
"2018/12/24","8,100","8,214","8,214","8,096","165.12K","-1.63%"
"2018/12/21","8,234","8,284","8,394","8,201","990.50K","-0.44%"
"2018/12/20","8,270","8,300","8,366","8,232","250.93K","-1.23%"
"2018/12/19","8,373","8,261","8,397","8,234","380.52K","1.16%"
"2018/12/18","8,277","8,280","8,280","8,007","606.75K","-0.28%"
"2018/12/14","8,300","8,400","8,467","8,232","461.80K","-1.19%"
"2018/12/13","8,400","8,523","8,523","8,353","588.91K","-1.30%"
"2018/12/12","8,511","8,477","8,558","8,451","535.76K","0.21%"
"2018/12/11","8,493","8,475","8,760","8,401","615.25K","0.02%"
"2018/12/10","8,491","8,513","8,601","8,432","729.17K","-0.31%"
"2018/12/07","8,517","8,752","8,999","8,479","844.17K","-2.87%"
"2018/12/06","8,769","9,030","9,030","8,533","978.02K","-2.89%"
"2018/12/05","9,030","8,905","9,030","8,897","207.57K","-0.58%"
"2018/12/04","9,083","8,930","9,178","8,930","816.03K","1.52%"
"2018/12/03","8,947","8,903","9,155","8,903","364.10K","0.30%"
"2018/11/30","8,920","9,189","9,189","8,910","566.96K","-2.56%"
"2018/11/29","9,154","9,175","9,293","9,020","434.51K","0.01%"
"2018/11/28","9,153","9,080","9,185","9,066","525.59K","0.72%"
"2018/11/27","9,088","8,850","9,200","8,850","270.90K","-0.13%"
"2018/11/26","9,100","9,010","9,150","9,010","345.56K","0.10%"
"2018/11/23","9,091","9,000","9,141","9,000","364.71K","0.23%"
"2018/11/22","9,070","8,986","9,088","8,871","384.84K","2.09%"
"2018/11/21","8,884","8,761","8,924","8,761","313.07K","0.26%"
"2018/11/20","8,861","8,761","8,925","8,761","259.48K","-0.57%"
"2018/11/19","8,912","8,754","9,000","8,750","234.89K","1.56%"
"2018/11/16","8,775","9,155","9,199","8,597","957.22K","-4.62%"
"2018/11/15","9,200","9,400","9,400","9,070","178.04K","0.66%"
"2018/11/14","9,140","9,191","9,234","9,020","641.76K","-0.64%"
"2018/11/13","9,199","9,389","9,395","9,050","376.76K","-2.03%"
"2018/11/12","9,390","9,390","9,465","9,243","150.82K","-1.05%"
"2018/11/09","9,490","9,477","9,515","9,235","304.86K","-0.11%"
"2018/11/08","9,500","9,200","9,509","9,200","423.09K","0.87%"
"2018/11/07","9,418","9,325","9,511","9,099","751.93K","0.73%"
"2018/11/06","9,350","9,171","9,350","9,171","377.41K","0.54%"
"2018/11/05","9,300","8,802","9,320","8,801","555.22K","1.09%"
"2018/11/02","9,200","9,159","9,268","9,150","790.62K","0.21%"
"2018/11/01","9,181","8,886","9,181","8,885","259.33K","1.71%"
"2018/10/31","9,027","8,980","9,123","8,965","424.57K","0.30%"
"2018/10/30","9,000","9,077","9,077","8,879","266.43K","-0.85%"
"2018/10/29","9,077","8,970","9,153","8,970","278.99K","0.69%"
"2018/10/26","9,015","8,968","9,170","8,968","638.37K","-0.93%"
"2018/10/25","9,100","8,920","9,195","8,920","630.74K","0.49%"
"2018/10/24","9,056","9,141","9,165","9,050","388.50K","-0.44%"
"2018/10/23","9,096","9,098","9,145","9,033","328.50K","-0.72%"
"2018/10/22","9,162","9,249","9,250","9,155","395.14K","-0.50%"
"2018/10/19","9,208","9,226","9,319","9,142","353.46K","-0.67%"
"2018/10/18","9,270","9,279","9,292","9,166","431.20K","-0.59%"
"2018/10/17","9,325","9,350","9,350","9,105","448.09K","-0.27%"
"2018/10/16","9,350","9,146","9,350","9,146","366.17K","2.05%"
"2018/10/15","9,162","9,249","9,254","9,125","847.02K","-1.43%"
"2018/10/12","9,295","9,040","9,335","9,031","456.05K","3.14%"
"2018/10/11","9,012","8,980","9,033","8,850","585.91K","-0.14%"
"2018/10/10","9,025","8,912","9,061","8,911","711.54K","0.77%"
"2018/10/09","8,956","8,854","8,976","8,811","442.15K","1.15%"
"2018/10/08","8,854","8,800","8,925","8,699","828.98K","0.61%"
"2018/10/05","8,800","8,762","8,850","8,695","731.62K","-0.33%"
"2018/10/04","8,829","8,995","8,995","8,784","300.45K","-2.44%"
"2018/10/03","9,050","9,027","9,197","8,945","485.37K","-0.24%"
"2018/10/02","9,072","9,155","9,274","8,901","745.29K","-1.21%"
"2018/10/01","9,183","9,201","9,427","9,183","399.20K","-0.51%"
"2018/09/28","9,230","9,128","9,264","9,055","439.22K","0.08%"
"2018/09/27","9,223","9,135","9,391","9,059","1.41M","0.80%"
"2018/09/26","9,150","9,190","9,285","9,014","762.58K","-2.67%"
"2018/09/25","9,401","9,532","9,576","9,357","741.25K","-1.37%"
"2018/09/21","9,532","9,509","9,652","9,465","1.30M","0.24%"
"2018/09/20","9,509","9,477","9,655","9,477","1.42M","0.09%"
"2018/09/19","9,500","9,478","9,733","9,430","1.25M","0.74%"
"2018/09/18","9,430","9,537","9,561","9,417","765.25K","-0.71%"
"2018/09/17","9,497","9,588","9,589","9,497","256.41K","-0.92%"
"2018/09/14","9,585","9,560","9,700","9,536","481.14K","-0.33%"
"2018/09/13","9,617","9,646","9,646","9,505","457.18K","0.70%"
"2018/09/12","9,550","9,650","9,650","9,542","959.71K","-0.48%"
"2018/09/11","9,596","9,750","9,750","9,504","716.67K","-0.82%"
"2018/09/10","9,675","9,999","9,999","9,511","877.69K","-0.69%"
"2018/09/07","9,742","9,866","9,866","9,649","1.16M","-0.59%"
"2018/09/06","9,800","9,710","9,815","9,635","524.08K","1.55%"
"2018/09/05","9,650","10,008","10,043","9,640","826.17K","-4.39%"
"2018/09/04","10,093","10,305","10,454","9,989","260.13K","-2.01%"
"2018/09/03","10,300","10,388","10,584","10,250","254.79K","0.98%"
"2018/08/31","10,200","10,550","10,550","10,200","789.16K","-1.92%"
"2018/08/30","10,400","10,450","10,515","10,300","435.25K","-0.48%"
"2018/08/29","10,450","10,750","10,750","10,393","727.73K","0.14%"
"2018/08/28","10,435","10,275","10,665","10,266","408.18K","2.00%"
"2018/08/27","10,230","10,200","10,268","10,186","409.68K","0.29%"
"2018/08/24","10,200","10,275","10,275","10,050","279.02K","0.49%"
"2018/08/23","10,150","10,385","10,385","10,145","772.76K","-0.18%"
"2018/08/22","10,168","10,146","10,262","10,066","467.07K","0.67%"
"2018/08/21","10,100","10,153","10,193","10,032","653.23K","0.34%"
"2018/08/20","10,066","10,218","10,218","9,961","244.02K","-0.34%"
"2018/08/17","10,100","10,120","10,221","10,020","355.23K","-0.20%"
"2018/08/16","10,120","10,149","10,190","10,083","316.65K","-0.30%"
"2018/08/15","10,150","10,091","10,182","10,050","766.23K","0.00%"
"2018/08/14","10,150","9,930","10,200","9,930","649.43K","1.72%"
"2018/08/13","9,978","10,004","10,082","9,900","236.41K","-1.72%"
"2018/08/10","10,153","10,101","10,253","10,039","519.85K","-1.34%"
"2018/08/08","10,291","10,175","10,376","10,175","268.55K","-0.10%"
"2018/08/07","10,301","10,266","10,317","10,123","306.43K","0.34%"
"2018/08/06","10,266","10,102","10,271","10,102","186.14K","0.13%"
"2018/08/03","10,253","10,172","10,253","10,093","329.29K","0.80%"
"2018/08/02","10,172","10,177","10,186","10,055","187.70K","-1.24%"
"2018/08/01","10,300","10,293","10,372","10,246","744.09K","0.30%"
"2018/07/31","10,269","10,136","10,274","10,109","415.15K","1.31%"
"2018/07/30","10,136","10,017","10,188","10,000","456.74K","0.48%"
"2018/07/27","10,088","10,046","10,088","9,949","187.31K","0.85%"
"2018/07/26","10,003","10,166","10,319","9,943","324.80K","-1.54%"
"2018/07/25","10,159","9,950","10,290","9,950","262.17K","-0.77%"
"2018/07/24","10,238","10,242","10,375","10,026","308.05K","-0.04%"
"2018/07/23","10,242","10,259","10,390","10,147","353.70K","-0.19%"
"2018/07/20","10,261","9,900","10,351","9,900","846.20K","0.74%"
"2018/07/19","10,186","10,138","10,302","10,137","372.36K","-0.28%"
"2018/07/18","10,215","10,300","10,300","10,136","381.76K","-0.83%"
"2018/07/17","10,301","10,070","10,331","10,060","437.55K","2.29%"
"2018/07/16","10,070","10,090","10,100","9,908","851.51K","0.06%"
"2018/07/13","10,064","10,060","10,083","9,970","179.64K","-0.64%"
"2018/07/12","10,129","10,225","10,225","10,080","260.80K","-0.74%"
"2018/07/11","10,204","10,250","10,324","10,128","326.75K","-0.80%"
"2018/07/10","10,286","10,200","10,500","10,165","648.18K","0.84%"
"2018/07/09","10,200","10,307","10,339","10,180","351.07K","0.16%"
"2018/07/06","10,184","10,320","10,375","10,133","420.67K","-1.30%"
"2018/07/05","10,318","10,177","10,445","10,170","350.36K","0.81%"
"2018/07/04","10,235","10,224","10,340","10,199","340.90K","-0.15%"
"2018/07/03","10,250","10,143","10,291","10,143","274.75K","0.49%"
"2018/07/02","10,200","10,211","10,251","10,146","446.02K","-0.33%"
"2018/06/29","10,234","9,980","10,319","9,980","1.06M","0.97%"
"2018/06/28","10,136","10,001","10,136","9,900","556.39K","0.86%"
"2018/06/27","10,050","10,176","10,176","10,021","630.86K","-0.64%"
"2018/06/26","10,115","10,268","10,272","10,111","644.52K","-1.49%"
"2018/06/25","10,268","10,252","10,575","10,154","673.81K","0.16%"
"2018/06/22","10,252","10,115","10,410","10,115","492.02K","1.00%"
"2018/06/21","10,150","10,253","10,269","10,120","908.67K","-0.43%"
"2018/06/20","10,194","10,291","10,353","10,119","1.02M","-0.01%"
"2018/06/19","10,195","10,210","10,385","10,120","726.29K","-1.78%"
"2018/06/18","10,380","10,500","10,556","10,354","346.83K","-2.26%"
"2018/06/15","10,620","10,721","10,726","10,570","1.23M","-0.51%"
"2018/06/14","10,674","10,387","10,691","10,387","744.43K","2.76%"
"2018/06/13","10,387","10,200","10,583","10,170","908.57K","2.08%"
"2018/06/12","10,175","10,229","10,613","10,118","533.61K","-0.25%"
"2018/06/11","10,200","10,230","10,340","10,150","419.24K","-0.29%"
"2018/06/08","10,230","10,314","10,314","10,189","667.31K","-0.68%"
"2018/06/07","10,300","10,367","10,454","10,218","756.71K","-0.65%"
"2018/06/06","10,367","10,349","10,479","10,320","270.10K","0.38%"
"2018/06/05","10,328","10,500","10,555","10,196","500.09K","-1.64%"
"2018/06/04","10,500","10,599","10,699","10,352","1.11M","-0.24%"
"2018/06/01","10,525","10,350","10,570","10,350","342.85K","1.69%"
"2018/05/31","10,350","10,430","10,529","10,350","1.09M","-0.10%"
"2018/05/30","10,360","10,450","10,555","10,295","427.54K","-1.20%"
"2018/05/29","10,486","10,600","10,600","10,442","269.19K","-1.42%"
"2018/05/28","10,637","10,550","10,750","10,462","303.17K","0.32%"
"2018/05/25","10,603","10,481","10,656","10,397","405.50K","0.50%"
"2018/05/24","10,550","10,575","10,659","10,481","370.33K","-0.24%"
"2018/05/23","10,575","10,600","10,603","10,475","835.62K","-0.24%"
"2018/05/22","10,600","10,433","10,620","10,400","630.47K","1.60%"
"2018/05/21","10,433","10,550","10,680","10,329","321.23K","-1.11%"
"2018/05/18","10,550","10,532","10,760","10,521","407.06K","-0.47%"
"2018/05/17","10,600","10,605","10,712","10,522","493.87K","-1.06%"
"2018/05/16","10,714","10,520","10,714","10,520","696.41K","1.89%"
"2018/05/15","10,515","10,792","10,792","10,502","595.30K","-2.63%"
"2018/05/14","10,799","10,740","10,889","10,740","346.93K","0.55%"
"2018/05/11","10,740","10,500","10,880","10,500","228.62K","1.01%"
"2018/05/10","10,633","10,675","10,836","10,633","484.02K","-0.63%"
"2018/05/09","10,700","10,620","10,853","10,620","216.48K","-0.14%"
"2018/05/08","10,715","10,710","10,808","10,550","1.66M","-2.79%"
"2018/05/07","11,022","10,881","11,357","10,881","276.04K","0.40%"
"2018/05/04","10,978","11,135","11,229","10,915","397.44K","-2.34%"
"2018/05/03","11,241","11,400","11,400","11,144","367.45K","-0.30%"
"2018/05/02","11,275","11,400","11,400","11,212","321.79K","-1.10%"
"2018/04/30","11,400","11,373","11,421","11,259","407.20K","0.80%"
"2018/04/26","11,310","11,231","11,425","11,231","580.95K","-0.04%"
"2018/04/25","11,314","11,178","11,428","11,178","314.88K","0.55%"
"2018/04/24","11,252","11,255","11,330","11,250","315.10K","-0.69%"
"2018/04/23","11,330","11,334","11,368","11,250","448.09K","-0.75%"
"2018/04/20","11,416","11,450","11,450","11,313","263.95K","0.00%"
"2018/04/19","11,416","11,380","11,446","11,167","209.47K","0.75%"
"2018/04/18","11,331","11,223","11,331","11,200","386.55K","0.96%"
"2018/04/17","11,223","10,886","11,234","10,885","521.58K","1.13%"
"2018/04/16","11,098","11,200","11,200","10,783","265.17K","0.40%"
"2018/04/13","11,054","11,164","11,164","11,000","208.15K","-0.86%"
"2018/04/12","11,150","11,088","11,248","11,069","307.48K","0.81%"
"2018/04/11","11,060","10,912","11,098","10,912","633.65K","0.19%"
"2018/04/10","11,039","10,815","11,039","10,815","552.77K","0.65%"
"2018/04/09","10,968","10,997","11,183","10,790","290.94K","-1.29%"
"2018/04/06","11,111","10,735","11,136","10,735","441.61K","1.80%"
"2018/04/05","10,915","10,700","10,916","10,700","451.30K","2.01%"
"2018/04/04","10,700","10,738","10,780","10,500","427.46K","-0.93%"
"2018/04/03","10,800","10,825","10,890","10,710","588.64K","-0.20%"
"2018/03/29","10,822","10,622","10,881","10,553","964.49K","1.62%"
"2018/03/28","10,649","10,615","10,843","10,546","325.05K","-0.89%"
"2018/03/27","10,745","10,800","11,000","10,563","489.20K","-2.79%"
"2018/03/26","11,053","10,949","11,248","10,811","668.71K","2.55%"
"2018/03/23","10,778","10,953","10,971","10,733","262.66K","-2.59%"
"2018/03/22","11,065","11,050","11,350","10,978","450.46K","-0.24%"
"2018/03/20","11,092","11,248","11,499","11,043","490.00K","-0.66%"
"2018/03/19","11,166","11,050","11,300","11,000","422.46K","1.01%"
"2018/03/16","11,054","11,002","11,498","10,883","1.51M","0.10%"
"2018/03/15","11,043","11,275","11,420","11,002","809.78K","-2.21%"
"2018/03/14","11,292","11,450","11,500","11,102","242.77K","-2.02%"
"2018/03/13","11,525","11,385","11,649","11,350","305.47K","1.23%"
"2018/03/12","11,385","11,740","11,740","11,198","610.82K","-2.12%"
"2018/03/09","11,631","11,490","11,632","11,490","286.22K","0.95%"
"2018/03/08","11,521","11,350","11,550","11,350","372.52K","0.61%"
"2018/03/07","11,451","11,549","11,549","11,350","288.33K","0.45%"
"2018/03/06","11,400","11,220","11,520","11,219","499.12K","1.60%"
"2018/03/05","11,220","11,350","11,360","11,050","316.44K","0.18%"
"2018/03/02","11,200","10,850","11,350","10,790","527.32K","2.27%"
"2018/03/01","10,951","10,855","11,151","10,854","392.59K","0.33%"
"2018/02/28","10,915","11,089","11,279","10,852","586.88K","-1.57%"
"2018/02/27","11,089","11,118","11,267","10,985","942.56K","-0.02%"
"2018/02/26","11,091","11,495","11,526","10,902","662.54K","-0.75%"
"2018/02/23","11,175","11,300","11,403","10,821","599.81K","-0.22%"
"2018/02/22","11,200","10,950","11,225","10,725","1.43M","3.20%"
"2018/02/21","10,853","10,801","10,950","10,612","860.30K","-0.89%"
"2018/02/20","10,950","10,885","11,199","10,877","644.45K","-0.90%"
"2018/02/19","11,050","11,199","11,199","10,902","762.93K","1.19%"
"2018/02/16","10,920","11,300","11,300","10,888","1.17M","-2.49%"
"2018/02/15","11,199","10,851","11,448","10,851","1.09M","3.69%"
"2018/02/14","10,800","10,840","11,100","10,788","960.41K","-2.97%"
"2018/02/13","11,131","10,816","11,215","10,815","315.20K","2.91%"
"2018/02/12","10,816","11,320","11,320","10,750","609.71K","-1.96%"
"2018/02/09","11,032","11,500","11,550","10,900","702.43K","-2.37%"
"2018/02/08","11,300","11,050","11,601","11,050","1.09M","2.26%"
"2018/02/07","11,050","10,849","11,050","10,529","805.82K","4.92%"
"2018/02/06","10,532","10,701","10,789","9,800","820.43K","-1.60%"
"2018/02/05","10,703","10,801","11,009","10,607","914.91K","-2.89%"
"2018/02/02","11,022","11,250","11,294","10,900","720.07K","-3.37%"
"2018/02/01","11,406","11,604","11,708","11,327","387.89K","-1.67%"
"2018/01/31","11,600","11,400","11,740","11,360","303.79K","1.83%"
"2018/01/30","11,391","11,620","11,999","11,255","752.07K","-3.06%"
"2018/01/29","11,750","12,250","12,250","11,351","1.14M","-4.07%"
"2018/01/26","12,249","12,051","12,354","12,003","596.63K","1.63%"
"2018/01/25","12,052","11,800","12,103","11,600","358.12K","0.43%"
"2018/01/24","12,000","11,800","12,000","11,500","928.89K","2.70%"
"2018/01/23","11,685","11,350","11,799","11,350","586.48K","1.41%"
"2018/01/22","11,522","11,388","11,605","11,388","1.24M","1.18%"
"2018/01/19","11,388","11,030","11,392","11,028","490.89K","-0.11%"
"2018/01/18","11,400","11,350","11,494","11,124","743.58K","0.44%"
"2018/01/17","11,350","11,252","11,400","11,252","418.50K","-0.26%"
"2018/01/16","11,380","11,235","11,450","11,235","562.99K","1.73%"
"2018/01/15","11,187","11,390","11,390","10,993","345.34K","2.98%"
"2018/01/12","10,863","10,560","10,979","10,560","213.07K","-1.25%"
"2018/01/11","11,000","11,397","11,397","10,251","955.43K","-1.61%"
"2018/01/10","11,180","11,350","11,399","11,096","188.14K","-1.96%"
"2018/01/09","11,403","11,400","11,447","11,151","534.12K","0.20%"
"2018/01/08","11,380","11,304","11,402","11,155","456.99K","0.14%"
"2018/01/05","11,364","11,399","11,400","11,304","176.91K","-0.32%"
"2018/01/04","11,400","11,391","11,400","11,300","598.13K","0.00%"
"2018/01/03","11,400","11,402","11,516","11,300","234.56K","-1.04%"
"2018/01/02","11,520","11,701","11,701","11,398","604.87K","-1.79%"
"2017/12/29","11,730","11,372","11,730","11,344","175.99K","2.99%"
"2017/12/28","11,389","11,320","11,400","11,320","208.23K","-0.18%"
"2017/12/27","11,410","11,310","11,410","11,305","276.40K","0.88%"
"2017/12/22","11,310","11,450","11,450","11,207","198.11K","0.09%"
"2017/12/21","11,300","11,256","11,402","11,068","904.41K","0.38%"
"2017/12/20","11,257","11,070","11,575","11,060","775.93K","-1.36%"
"2017/12/19","11,412","10,898","11,564","10,898","1.61M","1.98%"
"2017/12/18","11,190","10,505","11,190","10,501","1.96M","6.56%"
"2017/12/15","10,501","10,399","10,501","10,350","1.10M","0.97%"
"2017/12/14","10,400","10,400","10,465","10,360","545.58K","0.00%"
"2017/12/13","10,400","10,379","10,403","10,350","243.63K","0.20%"
"2017/12/12","10,379","10,403","10,658","10,320","455.60K","-0.23%"
"2017/12/11","10,403","10,460","10,551","10,374","147.29K","-1.27%"
"2017/12/08","10,537","10,739","10,739","10,505","314.43K","-1.43%"
"2017/12/07","10,690","10,790","10,899","10,666","409.02K","-1.92%"
"2017/12/06","10,899","10,665","10,939","10,665","651.86K","0.35%"
"2017/12/05","10,861","10,600","10,920","10,600","649.50K","1.13%"
"2017/12/04","10,740","10,580","10,740","10,442","371.36K","2.13%"
"2017/12/01","10,516","10,522","10,839","10,416","355.22K","-1.95%"
"2017/11/30","10,725","10,785","10,857","10,559","810.11K","0.80%"
"2017/11/29","10,640","10,611","10,874","10,504","504.51K","0.27%"
"2017/11/28","10,611","10,500","10,627","10,478","412.69K","0.58%"
"2017/11/27","10,550","10,300","10,558","10,286","556.13K","1.84%"
"2017/11/24","10,359","10,430","10,430","10,294","400.54K","-0.68%"
"2017/11/23","10,430","10,400","10,660","10,359","147.57K","0.18%"
"2017/11/22","10,411","10,500","10,516","10,336","284.60K","-0.85%"
"2017/11/21","10,500","10,735","10,735","10,421","199.96K","-0.20%"
"2017/11/20","10,521","10,899","10,899","10,521","528.77K","-1.90%"
"2017/11/17","10,725","10,463","10,796","10,463","455.14K","1.26%"
"2017/11/16","10,592","10,500","11,000","10,466","683.24K","0.80%"
"2017/11/15","10,508","10,650","10,788","10,496","466.94K","-1.40%"
"2017/11/14","10,657","10,699","10,759","10,650","423.02K","-0.40%"
"2017/11/13","10,700","10,700","10,830","10,661","207.78K","-0.07%"
"2017/11/10","10,707","10,857","10,857","10,633","330.40K","-1.38%"
"2017/11/09","10,857","10,653","10,859","10,653","318.57K","0.64%"
"2017/11/08","10,788","10,747","10,850","10,730","320.02K","0.22%"
"2017/11/07","10,764","10,810","10,810","10,654","487.59K","-0.43%"
"2017/11/06","10,810","10,850","10,969","10,685","462.18K","-1.16%"
"2017/11/03","10,937","10,902","10,986","10,900","661.57K","0.32%"
"2017/11/02","10,902","10,660","10,937","10,660","396.46K","2.04%"
"2017/11/01","10,684","10,400","10,757","10,400","469.05K","0.46%"
"2017/10/31","10,635","10,518","10,647","10,498","288.35K","1.38%"
"2017/10/30","10,490","10,549","10,646","10,419","548.42K","-0.10%"
"2017/10/27","10,500","10,379","10,500","10,376","526.99K","0.91%"
"2017/10/26","10,405","10,452","10,452","10,284","602.95K","0.04%"
"2017/10/25","10,401","10,715","10,734","10,280","426.65K","-2.58%"
"2017/10/24","10,677","10,770","10,770","10,604","468.71K","-0.75%"
"2017/10/23","10,758","10,781","10,854","10,728","417.83K","-0.21%"
"2017/10/20","10,781","10,781","10,900","10,771","1.74M","0.00%"
"2017/10/19","10,781","10,999","11,024","10,781","413.09K","-1.45%"
"2017/10/18","10,940","11,041","11,041","10,877","455.97K","-0.42%"
"2017/10/17","10,986","11,050","11,059","10,913","396.60K","-0.42%"
"2017/10/16","11,032","11,000","11,084","10,970","497.86K","-0.12%"
"2017/10/13","11,045","10,990","11,046","10,853","755.10K","0.50%"
"2017/10/12","10,990","10,875","10,994","10,873","454.73K","1.09%"
"2017/10/11","10,871","10,841","10,900","10,550","619.76K","1.41%"
"2017/10/10","10,720","10,679","10,808","10,629","459.91K","1.31%"
"2017/10/09","10,581","10,690","10,713","10,574","268.57K","-0.30%"
"2017/10/06","10,613","10,594","10,707","10,589","177.62K","0.36%"
"2017/10/05","10,575","10,500","10,649","10,500","255.63K","0.43%"
"2017/10/04","10,530","10,594","10,713","10,400","1.31M","-0.59%"
"2017/10/03","10,593","10,555","10,642","10,447","783.87K","-0.06%"
"2017/10/02","10,599","10,594","10,723","10,478","888.85K","0.26%"
"2017/09/29","10,572","10,786","10,800","10,572","691.04K","-1.83%"
"2017/09/28","10,769","11,000","11,339","10,763","966.01K","-2.30%"
"2017/09/27","11,023","11,250","11,250","10,973","449.63K","-3.75%"
"2017/09/26","11,453","11,600","11,613","11,320","1.61M","0.13%"
"2017/09/22","11,438","11,375","11,570","11,375","745.23K","0.30%"
"2017/09/21","11,404","11,400","11,504","11,354","1.57M","0.04%"
"2017/09/20","11,400","11,423","11,423","11,310","524.17K","0.05%"
"2017/09/19","11,394","11,400","11,400","11,334","171.50K","-0.05%"
"2017/09/18","11,400","11,435","11,435","11,369","345.13K","0.27%"
"2017/09/15","11,369","11,250","11,428","11,250","1.44M","-0.05%"
"2017/09/14","11,375","11,371","11,510","11,133","303.94K","0.04%"
"2017/09/13","11,371","11,457","11,457","11,371","514.10K","-0.47%"
"2017/09/12","11,425","11,562","11,591","11,372","425.68K","-0.65%"
"2017/09/11","11,500","11,550","11,552","11,455","821.77K","-0.09%"
"2017/09/08","11,510","11,550","11,550","11,448","432.93K","0.17%"
"2017/09/07","11,490","11,653","11,692","11,446","645.71K","-0.56%"
"2017/09/06","11,555","11,600","11,770","11,526","864.98K","-0.33%"
"2017/09/05","11,593","11,468","11,691","11,398","819.04K","1.69%"
"2017/09/04","11,400","11,490","11,490","11,387","245.19K","-0.35%"
"2017/09/01","11,440","11,253","11,565","11,253","722.57K","0.24%"
"2017/08/31","11,413","11,341","11,413","11,340","539.63K","0.36%"
"2017/08/30","11,372","11,499","11,530","11,354","544.17K","-0.75%"
"2017/08/29","11,458","11,500","11,512","11,341","1.18M","-0.37%"
"2017/08/28","11,500","11,481","11,531","11,321","495.66K","2.19%"
"2017/08/25","11,253","11,428","11,547","11,253","884.48K","-2.06%"
"2017/08/24","11,490","11,412","11,517","11,309","513.82K","0.10%"
"2017/08/23","11,479","11,592","11,811","11,340","545.80K","-1.59%"
"2017/08/22","11,664","11,541","11,688","11,500","187.05K","0.66%"
"2017/08/21","11,588","11,632","11,772","11,410","581.81K","-0.95%"
"2017/08/18","11,699","11,650","11,702","11,650","342.80K","0.31%"
"2017/08/17","11,663","11,590","11,709","11,590","557.38K","0.49%"
"2017/08/16","11,606","11,450","11,629","11,450","335.66K","1.36%"
"2017/08/15","11,450","11,540","11,615","11,450","430.02K","-0.83%"
"2017/08/14","11,546","11,750","11,784","11,516","432.45K","-1.74%"
"2017/08/11","11,750","11,752","11,851","11,750","125.80K","-0.42%"
"2017/08/10","11,800","11,772","11,837","11,756","239.60K","0.21%"
"2017/08/08","11,775","11,970","12,000","11,726","320.18K","-1.67%"
"2017/08/07","11,975","11,975","12,000","11,900","145.21K","0.08%"
"2017/08/04","11,966","12,064","12,071","11,924","158.39K","-0.02%"
"2017/08/03","11,968","11,900","12,050","11,900","672.76K","1.21%"
"2017/08/02","11,825","11,915","11,915","11,807","180.77K","-0.30%"
"2017/08/01","11,860","11,820","11,865","11,735","262.92K","0.34%"
"2017/07/31","11,820","11,824","11,909","11,785","736.75K","0.17%"
"2017/07/28","11,800","11,853","11,878","11,777","584.72K","-0.84%"
"2017/07/27","11,900","11,818","11,927","11,761","317.86K","0.69%"
"2017/07/26","11,818","11,845","11,941","11,784","226.28K","0.15%"
"2017/07/25","11,800","12,035","12,036","11,758","350.20K","-1.67%"
"2017/07/24","12,000","11,979","12,060","11,950","310.61K","0.18%"
"2017/07/21","11,979","11,850","12,279","11,850","768.31K","-0.18%"
"2017/07/20","12,000","12,000","12,029","11,869","1.67M","0.08%"
"2017/07/19","11,990","11,931","12,020","11,874","360.63K","0.49%"
"2017/07/18","11,931","12,000","12,014","11,843","237.71K","-0.94%"
"2017/07/17","12,044","11,984","12,046","11,945","261.87K","0.50%"
"2017/07/14","11,984","12,100","12,100","11,871","626.74K","-0.24%"
"2017/07/13","12,013","11,910","12,013","11,910","423.99K","0.94%"
"2017/07/12","11,901","11,800","11,901","11,800","383.60K","0.86%"
"2017/07/11","11,800","11,808","11,820","11,651","521.52K","0.00%"
"2017/07/10","11,800","11,740","11,899","11,735","99.11K","-0.05%"
"2017/07/07","11,806","11,805","11,866","11,675","371.58K","-0.62%"
"2017/07/06","11,880","11,800","11,900","11,784","164.70K","0.68%"
"2017/07/05","11,800","11,763","11,890","11,700","383.33K","0.31%"
"2017/07/04","11,763","11,638","11,847","11,605","157.56K","0.99%"
"2017/07/03","11,648","11,609","11,740","11,499","465.90K","-0.23%"
"2017/06/30","11,675","11,675","11,778","11,600","406.82K","0.65%"
"2017/06/29","11,600","11,655","11,730","11,600","326.69K","-0.47%"
"2017/06/28","11,655","11,807","11,807","11,605","477.51K","-1.24%"
"2017/06/27","11,801","12,021","12,021","11,668","340.49K","-1.83%"
"2017/06/26","12,021","11,986","12,021","11,772","387.62K","0.68%"
"2017/06/23","11,940","11,917","12,061","11,884","502.48K","0.55%"
"2017/06/22","11,875","11,898","11,920","11,822","390.20K","-0.13%"
"2017/06/21","11,891","11,809","11,900","11,739","645.19K","0.86%"
"2017/06/20","11,790","11,700","11,918","11,654","639.05K","0.17%"
"2017/06/19","11,770","11,866","12,032","11,682","436.21K","-1.51%"
"2017/06/15","11,950","12,284","12,284","11,860","1.70M","-2.21%"
"2017/06/14","12,220","12,096","12,277","12,096","460.77K","0.58%"
"2017/06/13","12,150","12,075","12,337","11,960","387.95K","0.00%"
"2017/06/12","12,150","11,851","12,200","11,815","361.49K","2.07%"
"2017/06/09","11,904","11,902","12,080","11,891","393.15K","-0.38%"
"2017/06/08","11,949","12,000","12,130","11,930","361.32K","-0.75%"
"2017/06/07","12,039","11,855","12,084","11,855","307.96K","0.95%"
"2017/06/06","11,926","11,932","12,057","11,871","518.26K","-0.70%"
"2017/06/05","12,010","11,741","12,046","11,741","651.10K","2.29%"
"2017/06/02","11,741","11,950","12,220","11,667","683.04K","-2.62%"
"2017/06/01","12,057","11,850","12,129","11,850","505.99K","1.55%"
"2017/05/31","11,873","12,000","12,124","11,873","993.69K","-1.47%"
"2017/05/30","12,050","11,650","12,086","11,650","140.95K","1.47%"
"2017/05/29","11,875","11,840","12,173","11,800","189.58K","-1.93%"
"2017/05/26","12,109","11,975","12,114","11,944","151.07K","0.02%"
"2017/05/25","12,106","11,990","12,128","11,969","127.71K","0.55%"
"2017/05/24","12,040","11,917","12,087","11,917","379.46K","-0.08%"
"2017/05/23","12,050","11,700","12,056","11,700","327.90K","2.38%"
"2017/05/22","11,770","12,150","12,150","11,748","604.63K","-1.79%"
"2017/05/19","11,985","11,900","12,118","11,900","248.36K","0.12%"
"2017/05/18","11,971","12,049","12,090","11,876","495.60K","-0.21%"
"2017/05/17","11,996","12,112","12,230","11,950","299.45K","-1.91%"
"2017/05/16","12,230","12,218","12,382","12,093","346.24K","-0.62%"
"2017/05/15","12,306","12,202","12,378","12,092","128.55K","0.85%"
"2017/05/12","12,202","12,200","12,250","12,069","237.60K","-0.05%"
"2017/05/11","12,208","12,250","12,250","12,122","495.11K","-0.34%"
"2017/05/10","12,250","12,235","12,340","12,187","308.68K","0.25%"
"2017/05/09","12,219","12,146","12,220","12,043","252.33K","-0.09%"
"2017/05/08","12,230","12,190","12,257","11,983","322.16K","1.65%"
"2017/05/05","12,031","12,400","12,441","11,966","485.02K","-3.48%"
"2017/05/04","12,465","12,400","12,465","12,275","338.45K","0.38%"
"2017/05/03","12,418","12,200","12,500","12,200","277.62K","-0.51%"
"2017/05/02","12,482","12,447","12,550","12,113","584.03K","1.12%"
"2017/04/28","12,344","12,294","12,421","12,229","186.46K","0.55%"
"2017/04/26","12,276","12,242","12,325","12,195","367.57K","-0.41%"
"2017/04/25","12,326","12,300","12,441","12,280","422.60K","-0.63%"
"2017/04/24","12,404","12,252","12,515","12,050","336.87K","1.96%"
"2017/04/21","12,165","12,300","12,300","11,956","518.58K","-0.33%"
"2017/04/20","12,205","12,392","12,392","12,202","248.49K","-0.37%"
"2017/04/19","12,250","12,336","12,484","12,120","306.82K","-1.87%"
"2017/04/18","12,484","12,403","12,625","12,345","618.86K","-0.33%"
"2017/04/13","12,525","12,450","12,672","12,396","449.62K","0.22%"
"2017/04/12","12,498","12,000","12,498","12,000","863.99K","3.50%"
"2017/04/11","12,075","11,650","12,160","11,650","1.15M","2.68%"
"2017/04/10","11,760","11,750","11,936","11,613","260.01K","-0.31%"
"2017/04/07","11,797","11,702","11,886","11,686","263.87K","-0.19%"
"2017/04/06","11,819","11,856","12,001","11,757","427.57K","-1.56%"
"2017/04/05","12,006","12,350","12,359","11,830","414.99K","-2.32%"
"2017/04/04","12,291","12,199","12,291","12,021","516.88K","-0.45%"
"2017/04/03","12,346","12,323","12,346","12,103","398.81K","0.62%"
"2017/03/31","12,270","12,001","12,403","11,975","699.01K","-2.51%"
"2017/03/30","12,586","12,718","12,730","12,444","288.21K","-0.85%"
"2017/03/29","12,694","12,700","12,851","12,310","479.92K","-2.01%"
"2017/03/28","12,955","13,100","13,100","12,602","615.86K","0.43%"
"2017/03/27","12,900","13,190","13,385","12,876","397.68K","-3.73%"
"2017/03/24","13,400","13,241","13,499","13,241","512.06K","-1.07%"
"2017/03/23","13,545","13,181","13,545","13,181","257.83K","1.28%"
"2017/03/22","13,374","13,132","13,498","13,132","673.43K","-0.52%"
"2017/03/20","13,444","12,850","13,453","12,850","369.63K","2.38%"
"2017/03/17","13,132","13,391","13,411","12,851","749.34K","-1.93%"
"2017/03/16","13,390","13,100","13,453","13,049","853.96K","2.23%"
"2017/03/15","13,098","13,160","13,160","12,910","253.03K","-0.02%"
"2017/03/14","13,100","12,850","13,249","12,725","167.32K","-0.15%"
"2017/03/13","13,120","12,941","13,120","12,651","292.99K","2.14%"
"2017/03/10","12,845","12,850","12,850","12,701","218.61K","0.05%"
"2017/03/09","12,838","12,675","12,948","12,516","474.34K","-0.09%"
"2017/03/08","12,850","12,937","13,197","12,756","335.96K","0.47%"
"2017/03/07","12,790","12,790","12,812","12,673","385.26K","0.00%"
"2017/03/06","12,790","12,568","12,800","12,568","180.41K","0.00%"
"2017/03/03","12,790","12,545","12,899","12,545","552.66K","1.95%"
"2017/03/02","12,545","12,890","12,890","12,286","576.64K","0.00%"
"2017/03/01","12,545","12,544","12,702","12,296","413.68K","0.00%"
"2017/02/28","12,545","12,398","12,800","12,396","1.05M","0.99%"
"2017/02/27","12,422","12,270","12,504","12,270","555.30K","0.18%"
"2017/02/24","12,400","12,000","12,400","11,901","404.91K","3.39%"
"2017/02/23","11,994","12,001","12,189","11,846","647.32K","-1.60%"
"2017/02/22","12,189","12,100","12,279","12,042","458.43K","-0.82%"
"2017/02/21","12,290","12,394","12,395","12,104","333.82K","0.42%"
"2017/02/20","12,239","11,901","12,500","11,901","512.91K","-1.44%"
"2017/02/17","12,418","11,953","12,433","11,953","363.31K","0.95%"
"2017/02/16","12,301","12,199","12,334","12,199","270.67K","0.66%"
"2017/02/15","12,220","11,852","12,250","11,852","250.25K","1.15%"
"2017/02/14","12,081","12,085","12,113","11,850","355.09K","0.00%"
"2017/02/13","12,081","12,086","12,086","11,789","202.58K","-0.04%"
"2017/02/10","12,086","11,831","12,086","11,827","512.13K","2.16%"
"2017/02/09","11,831","11,727","11,831","11,689","285.77K","0.89%"
"2017/02/08","11,727","11,403","11,727","11,401","406.33K","1.21%"
"2017/02/07","11,587","11,695","11,723","11,473","371.78K","-0.77%"
"2017/02/06","11,677","11,900","11,900","11,575","404.55K","-1.71%"
"2017/02/03","11,880","11,820","12,000","11,751","557.48K","-0.17%"
"2017/02/02","11,900","11,885","12,077","11,661","576.87K","-0.05%"
"2017/02/01","11,906","11,885","12,049","11,885","528.60K","-0.79%"
"2017/01/31","12,001","11,940","12,125","11,757","234.88K","0.44%"
"2017/01/30","11,948","12,160","12,160","11,722","383.31K","-0.43%"
"2017/01/27","12,000","12,135","12,231","12,000","603.72K","-2.04%"
"2017/01/26","12,250","11,902","12,280","11,902","485.67K","1.19%"
"2017/01/25","12,106","11,902","12,155","11,902","130.80K","0.50%"
"2017/01/24","12,046","11,960","12,120","11,950","240.34K","-0.41%"
"2017/01/23","12,096","11,961","12,162","11,950","231.28K","1.21%"
"2017/01/20","11,951","11,903","12,173","11,903","165.84K","-1.79%"
"2017/01/19","12,169","12,036","12,173","11,892","259.68K","1.11%"
"2017/01/18","12,036","12,400","12,400","11,986","324.36K","0.44%"
"2017/01/17","11,983","12,102","12,260","11,928","458.09K","-2.26%"
"2017/01/16","12,260","12,125","12,280","12,053","277.74K","0.12%"
"2017/01/13","12,245","12,280","12,280","12,064","220.84K","1.50%"
"2017/01/12","12,064","12,125","12,214","12,031","220.05K","0.23%"
"2017/01/11","12,036","11,602","12,118","11,602","201.58K","-0.54%"
"2017/01/10","12,101","12,299","12,300","11,960","278.53K","-1.61%"
"2017/01/09","12,299","11,920","12,299","11,920","154.84K","2.16%"
"2017/01/06","12,039","11,602","12,400","11,601","255.98K","0.92%"
"2017/01/05","11,929","11,801","11,950","11,602","300.54K","-0.50%"
"2017/01/04","11,989","11,602","11,989","11,602","132.27K","0.60%"
"2017/01/03","11,918","11,950","12,000","11,426","157.91K","1.59%"
"2016/12/30","11,731","11,401","11,899","11,401","282.23K","-0.75%"
"2016/12/29","11,820","11,700","11,824","11,580","120.17K","1.76%"
"2016/12/28","11,616","11,450","11,687","11,413","197.03K","1.96%"
"2016/12/23","11,393","11,398","11,450","11,267","178.45K","0.06%"
"2016/12/22","11,386","11,470","11,479","11,297","373.01K","-0.73%"
"2016/12/21","11,470","11,461","11,492","11,231","378.89K","0.08%"
"2016/12/20","11,461","11,460","11,505","11,340","540.23K","-0.03%"
"2016/12/19","11,465","11,900","11,900","11,150","462.79K","3.07%"
"2016/12/15","11,124","11,306","11,680","11,124","1.02M","-3.90%"
"2016/12/14","11,575","11,600","11,693","11,456","308.41K","0.00%"
"2016/12/13","11,575","11,400","11,575","11,399","586.09K","1.54%"
"2016/12/12","11,400","11,240","11,573","11,240","261.01K","-1.51%"
"2016/12/09","11,575","11,270","11,575","11,247","390.52K","2.71%"
"2016/12/08","11,270","11,250","11,458","11,200","587.31K","-0.52%"
"2016/12/07","11,329","11,101","11,370","11,101","409.80K","1.71%"
"2016/12/06","11,139","11,160","11,400","11,076","283.40K","-0.19%"
"2016/12/05","11,160","11,000","11,241","11,000","415.18K","0.49%"
"2016/12/02","11,106","11,484","11,486","11,100","394.33K","-0.74%"
"2016/12/01","11,189","11,264","11,446","11,188","281.14K","-0.99%"
"2016/11/30","11,301","11,360","11,423","11,075","1.01M","0.02%"
"2016/11/29","11,299","11,130","11,495","11,130","778.10K","1.52%"
"2016/11/28","11,130","11,050","11,574","11,047","738.81K","0.75%"
"2016/11/25","11,047","10,900","11,275","10,730","293.36K","1.01%"
"2016/11/24","10,937","10,959","11,260","10,806","208.33K","-1.70%"
"2016/11/23","11,126","11,300","11,340","10,825","314.19K","-2.11%"
"2016/11/22","11,366","11,294","11,448","11,161","928.79K","2.38%"
"2016/11/21","11,102","11,298","11,298","11,085","401.01K","-0.88%"
"2016/11/18","11,200","11,125","11,218","11,107","343.04K","0.51%"
"2016/11/17","11,143","11,027","11,297","11,027","532.10K","-0.38%"
"2016/11/16","11,185","11,099","11,196","11,059","465.67K","0.13%"
"2016/11/15","11,171","11,014","11,231","10,950","357.07K","1.55%"
"2016/11/14","11,000","11,100","11,137","10,941","752.00K","-0.64%"
"2016/11/11","11,071","11,100","11,219","10,994","1.02M","-1.31%"
"2016/11/10","11,218","11,321","11,502","11,100","427.06K","-3.04%"
"2016/11/09","11,570","11,456","11,633","11,200","168.43K","-0.85%"
"2016/11/08","11,669","11,500","11,769","11,355","456.17K","2.58%"
"2016/11/07","11,375","11,262","11,455","11,262","273.76K","-0.41%"
"2016/11/04","11,422","11,491","11,800","11,261","295.96K","-1.45%"
"2016/11/03","11,590","11,671","11,689","11,509","522.52K","-1.02%"
"2016/11/02","11,709","11,513","11,771","11,513","371.87K","-0.19%"
"2016/11/01","11,731","11,970","11,970","11,523","968.04K","-2.00%"
"2016/10/31","11,970","11,750","12,217","11,750","560.28K","1.43%"
"2016/10/28","11,801","11,898","12,060","11,771","434.82K","-0.56%"
"2016/10/27","11,867","11,736","11,959","11,718","407.23K","1.12%"
"2016/10/26","11,736","12,250","12,250","11,730","430.03K","-2.35%"
"2016/10/25","12,019","12,038","12,210","12,000","358.30K","-0.19%"
"2016/10/24","12,042","11,802","12,226","11,802","400.70K","0.36%"
"2016/10/21","11,999","11,805","12,119","11,780","927.55K","0.82%"
"2016/10/20","11,901","11,900","12,042","11,780","426.99K","-0.99%"
"2016/10/19","12,020","11,976","12,043","11,799","370.41K","1.37%"
"2016/10/18","11,858","11,680","12,113","11,617","580.91K","1.52%"
"2016/10/17","11,680","11,574","11,762","11,532","292.01K","0.28%"
"2016/10/14","11,647","11,670","11,750","11,450","284.30K","0.75%"
"2016/10/13","11,560","11,485","11,739","11,335","860.75K","0.00%"
"2016/10/12","11,560","11,586","11,699","11,359","679.93K","-1.36%"
"2016/10/11","11,719","11,859","11,888","11,355","1.21M","-1.63%"
"2016/10/10","11,913","12,100","12,250","11,892","794.54K","-1.89%"
"2016/10/07","12,143","12,000","12,212","12,000","299.07K","0.36%"
"2016/10/06","12,100","12,195","12,389","12,012","984.31K","-1.65%"
"2016/10/05","12,303","12,250","12,312","12,051","666.85K","0.02%"
"2016/10/04","12,300","12,210","12,351","12,080","579.97K","0.56%"
"2016/10/03","12,232","12,034","12,353","12,034","461.68K","1.23%"
"2016/09/30","12,083","12,029","12,254","12,029","428.16K","-1.58%"
"2016/09/29","12,277","12,300","12,337","12,057","416.85K","0.11%"
"2016/09/28","12,263","12,001","12,280","12,001","528.16K","0.12%"
"2016/09/27","12,248","12,393","12,402","12,192","621.54K","-0.24%"
"2016/09/26","12,277","12,370","12,500","12,024","472.41K","0.90%"
"2016/09/23","12,168","12,353","12,353","12,050","631.22K","-1.49%"
"2016/09/22","12,352","12,132","12,617","12,129","781.36K","2.03%"
"2016/09/21","12,106","12,027","12,166","11,900","654.26K","0.12%"
"2016/09/20","12,091","11,981","12,201","11,981","430.30K","-0.07%"
"2016/09/19","12,100","11,902","12,141","11,902","986.06K","1.00%"
"2016/09/16","11,980","12,400","12,400","11,920","1.35M","-3.51%"
"2016/09/15","12,416","12,263","12,565","12,108","777.98K","0.53%"
"2016/09/14","12,350","12,200","12,500","12,200","339.24K","0.17%"
"2016/09/13","12,329","12,515","12,577","12,234","585.22K","-0.76%"
"2016/09/12","12,424","12,700","12,700","12,329","1.15M","-2.94%"
"2016/09/09","12,800","12,800","12,841","12,616","756.49K","0.00%"
"2016/09/08","12,800","12,937","12,937","12,712","731.59K","-0.47%"
"2016/09/07","12,860","13,033","13,078","12,805","470.72K","-0.83%"
"2016/09/06","12,967","12,400","13,098","12,305","1.12M","4.91%"
"2016/09/05","12,360","12,250","12,437","12,140","956.22K","0.49%"
"2016/09/02","12,300","12,500","12,500","12,257","1.29M","-1.91%"
"2016/09/01","12,540","12,824","12,829","12,512","559.15K","-2.46%"
"2016/08/31","12,856","13,200","13,200","12,653","1.13M","-2.61%"
"2016/08/30","13,200","13,044","13,297","13,022","638.42K","0.65%"
"2016/08/29","13,115","13,415","13,415","12,963","1.33M","-1.76%"
"2016/08/26","13,350","13,449","13,521","13,299","977.15K","-1.11%"
"2016/08/25","13,500","13,281","13,542","13,251","816.90K","2.14%"
"2016/08/24","13,217","13,500","13,501","13,010","810.47K","-2.99%"
"2016/08/23","13,625","13,663","13,711","13,572","192.67K","-0.11%"
"2016/08/22","13,640","13,678","13,689","13,502","329.97K","0.07%"
"2016/08/19","13,630","13,731","13,845","13,572","487.01K","-0.74%"
"2016/08/18","13,731","13,898","13,898","13,664","342.18K","0.96%"
"2016/08/17","13,600","13,923","13,923","13,520","549.84K","-1.39%"
"2016/08/16","13,792","14,150","14,260","13,750","1.69M","-2.18%"
"2016/08/15","14,100","14,200","14,205","13,974","574.84K","0.39%"
"2016/08/12","14,045","14,027","14,292","13,970","560.84K","0.34%"
"2016/08/11","13,998","13,858","14,206","13,751","1.36M","0.81%"
"2016/08/10","13,886","13,499","13,987","13,468","1.14M","2.86%"
"2016/08/08","13,500","13,460","13,501","13,351","220.04K","0.37%"
"2016/08/05","13,450","13,577","13,577","13,350","224.13K","-0.70%"
"2016/08/04","13,545","13,644","13,703","13,398","332.58K","-0.24%"
"2016/08/02","13,578","13,640","13,689","13,466","387.08K","-0.67%"
"2016/08/01","13,670","13,747","13,841","13,548","625.59K","1.32%"
"2016/07/29","13,492","13,688","13,688","13,396","478.70K","-1.32%"
"2016/07/28","13,672","13,844","13,844","13,476","889.44K","-3.33%"
"2016/07/27","14,143","13,899","14,185","13,862","447.06K","1.13%"
"2016/07/26","13,985","13,857","13,999","13,725","630.69K","0.39%"
"2016/07/25","13,930","13,895","13,958","13,782","690.04K","-0.14%"
"2016/07/22","13,950","13,622","13,950","13,622","485.93K","0.62%"
"2016/07/21","13,864","13,720","13,864","13,487","506.13K","1.94%"
"2016/07/20","13,600","13,502","13,789","13,380","664.26K","-0.78%"
"2016/07/19","13,707","13,636","13,923","13,549","603.24K","0.28%"
"2016/07/18","13,669","13,436","13,669","13,436","586.04K","-0.01%"
"2016/07/15","13,670","13,191","13,694","13,149","705.75K","2.13%"
"2016/07/14","13,385","13,552","13,552","13,210","536.50K","-1.07%"
"2016/07/13","13,530","13,607","13,638","13,278","342.45K","0.10%"
"2016/07/12","13,516","13,275","13,660","13,275","478.87K","0.69%"
"2016/07/11","13,423","13,009","13,423","12,993","299.27K","4.05%"
"2016/07/08","12,900","12,765","12,998","12,651","417.26K","0.65%"
"2016/07/07","12,817","12,928","13,130","12,817","526.40K","-0.45%"
"2016/07/06","12,875","12,852","13,004","12,712","670.94K","-0.97%"
"2016/07/05","13,001","12,726","13,200","12,726","938.86K","-0.60%"
"2016/07/04","13,079","13,155","13,191","12,760","1.06M","-0.80%"
"2016/07/01","13,184","12,999","13,184","12,705","885.32K","1.50%"
"2016/06/30","12,989","12,785","13,027","12,785","480.33K","1.87%"
"2016/06/29","12,751","12,101","12,982","12,082","892.41K","4.12%"
"2016/06/28","12,246","11,800","12,411","11,794","715.42K","3.93%"
"2016/06/27","11,783","12,260","12,260","11,641","542.60K","-3.94%"
"2016/06/24","12,266","11,949","12,337","11,800","778.21K","-1.52%"
"2016/06/23","12,455","12,329","12,662","12,320","580.44K","0.00%"
"2016/06/22","12,455","12,259","12,474","12,199","351.78K","2.41%"
"2016/06/21","12,162","11,990","12,247","11,812","336.67K","1.43%"
"2016/06/20","11,990","11,945","12,029","11,842","290.45K","1.10%"
"2016/06/17","11,860","11,801","11,991","11,801","851.13K","-0.75%"
"2016/06/15","11,950","11,800","11,977","11,800","697.80K","0.42%"
"2016/06/14","11,900","12,238","12,238","11,721","681.62K","-1.82%"
"2016/06/13","12,120","12,144","12,357","12,072","1.04M","-0.39%"
"2016/06/10","12,168","12,301","12,347","12,168","296.78K","-0.69%"
"2016/06/09","12,252","12,115","12,309","12,115","237.79K","-0.49%"
"2016/06/08","12,312","12,356","12,356","12,155","364.59K","0.12%"
"2016/06/07","12,297","12,383","12,383","12,147","456.12K","0.70%"
"2016/06/06","12,212","12,341","12,400","12,152","374.38K","-0.31%"
"2016/06/03","12,250","12,240","12,353","12,046","430.24K","1.46%"
"2016/06/02","12,074","12,146","12,378","12,041","588.84K","-0.72%"
"2016/06/01","12,161","11,800","12,265","11,800","473.35K","3.11%"
"2016/05/31","11,794","12,060","12,060","11,766","738.61K","-1.81%"
"2016/05/30","12,011","12,000","12,054","11,897","227.33K","-0.09%"
"2016/05/27","12,022","12,255","12,384","11,888","315.43K","-1.07%"
"2016/05/26","12,152","12,056","12,281","12,027","355.75K","0.60%"
"2016/05/25","12,079","12,076","12,345","11,913","510.79K","0.24%"
"2016/05/24","12,050","11,850","12,115","11,849","257.37K","0.58%"
"2016/05/23","11,980","11,834","12,109","11,771","308.36K","1.23%"
"2016/05/20","11,834","11,640","11,951","11,640","496.97K","0.97%"
"2016/05/19","11,720","11,514","11,850","11,503","411.25K","0.00%"
"2016/05/18","11,720","11,500","11,720","11,483","506.17K","0.66%"
"2016/05/17","11,643","11,447","11,699","11,447","476.60K","1.87%"
"2016/05/16","11,429","11,583","11,619","11,334","378.34K","-1.61%"
"2016/05/13","11,616","11,778","11,778","11,465","609.81K","-1.14%"
"2016/05/12","11,750","11,762","11,872","11,555","281.31K","0.00%"
"2016/05/11","11,750","11,707","11,787","11,531","272.85K","0.37%"
"2016/05/10","11,707","11,706","11,797","11,520","497.49K","-0.37%"
"2016/05/09","11,750","12,100","12,400","11,602","327.64K","0.21%"
"2016/05/06","11,725","11,929","12,100","11,550","346.46K","-1.71%"
"2016/05/05","11,929","11,933","12,499","11,660","495.77K","-1.25%"
"2016/05/04","12,080","12,113","12,130","11,931","493.72K","-0.07%"
"2016/05/03","12,089","12,287","12,296","11,990","461.83K","-1.61%"
"2016/04/29","12,287","12,268","12,408","12,021","452.68K","0.16%"
"2016/04/28","12,267","12,214","12,299","11,928","597.78K","-0.38%"
"2016/04/26","12,314","12,065","12,351","11,900","306.04K","3.09%"
"2016/04/25","11,945","12,203","12,310","11,926","343.97K","-2.11%"
"2016/04/22","12,203","12,515","12,731","12,101","275.05K","-2.13%"
"2016/04/21","12,469","12,550","12,629","12,260","441.45K","0.86%"
"2016/04/20","12,363","12,250","12,554","12,114","458.49K","1.39%"
"2016/04/19","12,194","12,218","12,387","12,107","326.98K","-0.20%"
"2016/04/18","12,218","12,282","12,350","12,050","284.24K","-0.38%"
"2016/04/15","12,265","12,255","12,300","12,000","425.46K","0.19%"
"2016/04/14","12,242","12,206","12,302","11,962","489.28K","-0.01%"
"2016/04/13","12,243","12,180","12,570","12,123","573.00K","0.96%"
"2016/04/12","12,127","11,990","12,257","11,795","348.84K","1.10%"
"2016/04/11","11,995","11,980","11,995","11,777","471.37K","0.17%"
"2016/04/08","11,975","11,641","11,995","11,641","528.27K","2.35%"
"2016/04/07","11,700","11,804","11,860","11,625","584.02K","-0.93%"
"2016/04/06","11,810","11,875","11,885","11,731","1.31M","-0.38%"
"2016/04/05","11,855","11,736","11,919","11,620","461.76K","-0.59%"
"2016/04/04","11,925","11,701","12,000","11,701","401.39K","0.51%"
"2016/04/01","11,865","11,767","11,888","11,650","509.27K","0.83%"
"2016/03/31","11,767","11,837","11,851","11,651","630.70K","-0.62%"
"2016/03/30","11,840","11,800","11,969","11,800","662.99K","0.98%"
"2016/03/29","11,725","11,632","12,050","11,511","690.41K","-0.13%"
"2016/03/24","11,740","12,030","12,030","11,659","603.28K","-4.55%"
"2016/03/23","12,299","12,450","12,497","11,840","777.77K","-1.60%"
"2016/03/22","12,499","12,200","12,499","11,502","567.86K","3.30%"
"2016/03/18","12,100","11,502","12,211","11,502","950.91K","2.20%"
"2016/03/17","11,840","11,794","11,873","11,535","841.46K","2.91%"
"2016/03/16","11,505","11,679","11,848","11,461","683.38K","-2.49%"
"2016/03/15","11,799","11,994","11,995","11,576","497.98K","0.61%"
"2016/03/14","11,728","11,557","11,987","11,557","566.61K","-1.67%"
"2016/03/11","11,927","11,302","11,957","11,301","727.82K","2.53%"
"2016/03/10","11,633","11,495","11,674","11,055","603.03K","3.63%"
"2016/03/09","11,225","11,848","11,848","11,067","434.46K","-3.55%"
"2016/03/08","11,638","11,836","11,836","10,952","416.64K","0.54%"
"2016/03/07","11,576","11,790","11,790","11,412","598.55K","0.85%"
"2016/03/04","11,479","11,450","11,601","10,880","723.97K","0.74%"
"2016/03/03","11,395","10,988","11,500","10,655","853.42K","5.01%"
"2016/03/02","10,851","10,753","10,882","10,569","482.19K","1.89%"
"2016/03/01","10,650","10,432","10,740","10,250","579.55K","2.37%"
"2016/02/29","10,403","10,995","10,995","10,150","1.05M","-2.13%"
"2016/02/26","10,629","10,991","10,993","10,402","483.95K","-1.99%"
"2016/02/25","10,845","10,799","10,899","10,501","706.07K","2.76%"
"2016/02/24","10,554","10,891","10,988","10,471","566.86K","-4.32%"
"2016/02/23","11,031","10,900","11,374","10,615","929.66K","1.82%"
"2016/02/22","10,834","10,881","10,914","10,672","311.86K","0.04%"
"2016/02/19","10,830","11,199","11,199","10,645","816.36K","-2.26%"
"2016/02/18","11,080","10,700","11,119","10,420","1.34M","4.87%"
"2016/02/17","10,565","10,320","10,639","10,320","836.92K","2.37%"
"2016/02/16","10,320","10,403","10,590","10,315","846.79K","-0.95%"
"2016/02/15","10,419","10,100","10,479","9,900","812.49K","4.50%"
"2016/02/12","9,970","9,949","10,080","9,748","872.98K","0.47%"
"2016/02/11","9,923","9,800","9,923","9,550","502.55K","0.95%"
"2016/02/10","9,830","9,500","9,874","9,500","492.31K","1.60%"
"2016/02/09","9,675","9,800","9,802","9,544","724.05K","-2.27%"
"2016/02/08","9,900","9,851","9,949","9,732","327.61K","-0.04%"
"2016/02/05","9,904","9,756","10,047","9,756","316.68K","-1.94%"
"2016/02/04","10,100","9,775","10,156","9,624","751.21K","6.01%"
"2016/02/03","9,527","9,350","9,752","9,300","542.90K","0.46%"
"2016/02/02","9,483","9,900","9,975","9,480","782.97K","-5.10%"
"2016/02/01","9,993","10,112","10,371","9,850","899.94K","-1.18%"
"2016/01/29","10,112","9,650","10,112","9,276","1.56M","8.73%"
"2016/01/28","9,300","9,550","9,650","9,282","1.25M","-1.83%"
"2016/01/27","9,473","9,403","9,817","9,403","1.00M","0.69%"
"2016/01/26","9,408","9,291","9,550","9,218","1.29M","-1.25%"
"2016/01/25","9,527","9,200","9,558","9,137","1.09M","3.43%"
"2016/01/22","9,211","9,000","9,299","9,000","435.19K","1.39%"
"2016/01/21","9,085","8,875","9,239","8,733","926.23K","2.02%"
"2016/01/20","8,905","8,985","9,285","8,877","1.70M","-1.03%"
"2016/01/19","8,998","9,340","9,340","8,931","945.85K","1.39%"
"2016/01/18","8,875","9,324","9,324","8,875","515.18K","-3.97%"
"2016/01/15","9,242","9,383","9,399","9,200","1.22M","-1.50%"
"2016/01/14","9,383","9,500","9,590","9,255","798.46K","-3.06%"
"2016/01/13","9,679","9,864","9,864","9,584","629.45K","-2.00%"
"2016/01/12","9,877","8,951","9,899","8,951","658.33K","4.85%"
"2016/01/11","9,420","9,460","9,666","8,858","858.01K","0.21%"
"2016/01/08","9,400","8,860","9,799","8,860","542.90K","-2.08%"
"2016/01/07","9,600","9,655","9,798","9,401","466.67K","-3.47%"
"2016/01/06","9,945","9,602","9,990","9,602","531.82K","1.29%"
"2016/01/05","9,818","9,600","10,200","9,600","418.87K","1.32%"
"2016/01/04","9,690","10,050","10,441","9,600","857.48K","-6.24%"