"Date","Price","Open","High","Low","Vol.","Change %"
"2026/04/07","11,372","11,600","11,724","11,256","199.13K","-2.23%"
"2026/04/02","11,631","11,662","11,662","11,370","708.96K","-0.26%"
"2026/04/01","11,661","11,250","11,700","11,250","542.47K","0.53%"
"2026/03/31","11,599","11,111","11,599","11,111","736.22K","3.61%"
"2026/03/30","11,195","11,284","11,284","11,064","579.18K","-1.33%"
"2026/03/27","11,346","11,551","11,693","11,058","547.69K","-2.86%"
"2026/03/26","11,680","11,980","12,086","11,541","369.62K","-2.06%"
"2026/03/25","11,926","11,968","12,075","11,813","525.03K","-2.35%"
"2026/03/24","12,213","11,730","12,213","11,730","363.93K","1.77%"
"2026/03/23","12,001","11,976","12,013","11,563","222.69K","0.44%"
"2026/03/20","11,949","11,623","12,400","11,609","1.42M","3.48%"
"2026/03/19","11,547","11,700","11,788","11,440","714.82K","-2.41%"
"2026/03/18","11,832","11,883","12,193","11,730","794.34K","-0.03%"
"2026/03/17","11,836","11,801","11,900","11,739","1.13M","0.05%"
"2026/03/16","11,830","11,750","12,159","11,750","488.37K","-0.44%"
"2026/03/13","11,882","11,844","11,915","11,718","369.92K","-0.17%"
"2026/03/12","11,902","12,019","12,048","11,722","493.28K","-1.39%"
"2026/03/11","12,070","12,267","12,276","11,989","390.03K","-1.03%"
"2026/03/10","12,196","12,000","12,401","12,000","698.74K","0.30%"
"2026/03/09","12,160","12,400","12,403","12,002","444.96K","-2.56%"
"2026/03/06","12,479","12,582","12,677","12,444","703.95K","-1.49%"
"2026/03/05","12,668","12,705","12,878","12,584","555.04K","-0.25%"
"2026/03/04","12,700","12,601","12,778","12,468","264.52K","0.99%"
"2026/03/03","12,575","13,157","13,206","12,493","761.83K","-5.24%"
"2026/03/02","13,270","13,393","13,546","13,118","311.61K","-1.48%"
"2026/02/27","13,470","13,201","13,470","13,028","852.68K","2.05%"
"2026/02/26","13,200","12,911","13,562","12,738","613.31K","4.76%"
"2026/02/25","12,600","13,243","13,873","12,362","971.16K","-4.36%"
"2026/02/24","13,175","12,920","13,208","12,920","110.16K","0.26%"
"2026/02/23","13,141","13,025","13,153","13,025","345.84K","1.45%"
"2026/02/20","12,953","12,801","13,119","12,801","265.21K","-0.36%"
"2026/02/19","13,000","12,933","13,292","12,933","319.24K","-1.07%"
"2026/02/18","13,140","13,206","13,220","12,961","145.03K","1.34%"
"2026/02/17","12,966","13,002","13,115","12,900","221.30K","-0.80%"
"2026/02/16","13,071","12,982","13,108","12,890","201.27K","0.08%"
"2026/02/13","13,061","12,962","13,168","12,962","418.57K","-0.77%"
"2026/02/12","13,162","12,921","13,162","12,918","209.14K","1.21%"
"2026/02/11","13,005","13,020","13,020","12,836","137.59K","0.01%"
"2026/02/10","13,004","12,775","13,004","12,605","251.64K","1.96%"
"2026/02/09","12,754","12,868","12,888","12,701","132.79K","-0.89%"
"2026/02/06","12,868","12,691","12,884","12,691","172.84K","1.10%"
"2026/02/05","12,728","12,800","12,800","12,538","220.82K","-0.62%"
"2026/02/04","12,807","12,998","12,998","12,741","221.37K","-1.07%"
"2026/02/03","12,946","12,764","12,993","12,745","354.15K","2.20%"
"2026/02/02","12,667","12,480","12,675","12,308","346.29K","-0.63%"
"2026/01/30","12,747","12,703","12,944","12,636","474.23K","-0.97%"
"2026/01/29","12,872","13,179","13,179","12,823","287.10K","-0.91%"
"2026/01/28","12,990","13,238","13,275","12,990","347.22K","-1.73%"
"2026/01/27","13,219","13,138","13,219","13,045","230.42K","0.48%"
"2026/01/26","13,156","13,231","13,323","13,129","337.74K","-0.93%"
"2026/01/23","13,279","13,399","13,399","13,141","591.89K","-0.21%"
"2026/01/22","13,307","13,097","13,429","13,097","547.62K","1.15%"
"2026/01/21","13,156","13,000","13,156","12,855","460.28K","1.20%"
"2026/01/20","13,000","12,900","13,000","12,689","658.24K","1.03%"
"2026/01/19","12,867","12,435","12,960","12,435","188.55K","-0.59%"
"2026/01/16","12,943","12,930","12,943","12,769","206.18K","0.09%"
"2026/01/15","12,932","12,800","12,975","12,711","317.67K","0.39%"
"2026/01/14","12,882","13,018","13,121","12,626","298.79K","1.21%"
"2026/01/13","12,728","13,020","13,020","12,417","304.74K","-0.58%"
"2026/01/12","12,802","12,896","12,913","12,678","254.31K","-0.37%"
"2026/01/09","12,850","12,687","13,029","12,687","240.73K","1.36%"
"2026/01/08","12,677","12,500","12,682","12,129","172.82K","0.51%"
"2026/01/07","12,613","12,161","12,685","12,161","379.87K","1.63%"
"2026/01/06","12,411","12,499","12,528","12,343","141.70K","0.86%"
"2026/01/05","12,305","12,385","12,415","12,256","237.33K","-0.70%"
"2026/01/02","12,392","11,951","12,433","11,951","144.94K","1.63%"
"2025/12/31","12,193","12,263","12,282","12,107","69.55K","-0.09%"
"2025/12/30","12,204","12,180","12,276","12,130","140.73K","0.34%"
"2025/12/29","12,163","12,089","12,174","11,987","105.02K","0.31%"
"2025/12/24","12,125","12,052","12,178","12,052","18.76K","0.48%"
"2025/12/23","12,067","11,834","12,094","11,801","185.69K","1.47%"
"2025/12/22","11,892","11,773","11,894","11,691","156.41K","1.01%"
"2025/12/19","11,773","11,970","11,999","11,506","670.39K","-0.78%"
"2025/12/18","11,865","12,500","12,521","11,743","1.05M","-4.71%"
"2025/12/17","12,451","12,180","12,451","12,045","443.60K","2.65%"
"2025/12/15","12,130","11,949","12,157","11,949","93.98K","1.56%"
"2025/12/12","11,944","11,674","12,029","11,674","511.10K","0.47%"
"2025/12/11","11,888","11,875","11,950","11,711","182.49K","-0.52%"
"2025/12/10","11,950","11,969","12,005","11,732","418.25K","0.00%"
"2025/12/09","11,950","12,000","12,034","11,560","804.02K","-0.30%"
"2025/12/08","11,986","11,758","12,000","11,758","521.85K","2.05%"
"2025/12/05","11,745","11,600","11,745","11,369","291.32K","3.03%"
"2025/12/04","11,400","11,524","11,525","11,252","280.54K","-0.69%"
"2025/12/03","11,479","11,420","11,500","11,386","121.90K","0.69%"
"2025/12/02","11,400","11,287","11,467","11,241","312.75K","0.79%"
"2025/12/01","11,311","11,302","11,398","11,187","288.51K","-0.62%"
"2025/11/28","11,381","11,518","11,649","11,331","193.90K","-1.19%"
"2025/11/27","11,518","11,509","11,642","11,381","938.49K","0.15%"
"2025/11/26","11,501","11,300","11,714","11,300","1.44M","-0.18%"
"2025/11/25","11,522","11,397","11,522","11,318","135.26K","1.14%"
"2025/11/24","11,392","11,526","11,658","11,344","676.69K","-1.32%"
"2025/11/21","11,544","11,400","11,586","11,311","453.28K","-0.63%"
"2025/11/20","11,617","11,711","11,731","11,450","580.34K","-0.28%"
"2025/11/19","11,650","11,450","11,650","11,450","313.59K","0.47%"
"2025/11/18","11,595","11,613","11,696","11,457","464.17K","-0.97%"
"2025/11/17","11,708","11,612","11,823","11,562","237.27K","1.52%"
"2025/11/14","11,533","11,979","11,979","11,485","494.29K","-2.18%"
"2025/11/13","11,790","11,385","11,995","11,300","989.56K","4.23%"
"2025/11/12","11,311","11,205","11,361","11,004","643.25K","1.46%"
"2025/11/11","11,148","11,179","11,226","11,042","284.90K","-0.46%"
"2025/11/10","11,200","11,221","11,350","11,034","247.23K","-0.01%"
"2025/11/07","11,201","11,311","11,427","10,942","470.61K","-1.75%"
"2025/11/06","11,400","10,745","11,547","10,675","831.53K","5.91%"
"2025/11/05","10,764","10,648","10,911","10,625","768.52K","-0.07%"
"2025/11/04","10,772","10,630","10,772","10,395","620.17K","1.38%"
"2025/11/03","10,625","10,489","10,649","10,371","484.14K","1.81%"
"2025/10/31","10,436","10,435","10,622","10,300","261.86K","-0.32%"
"2025/10/30","10,470","10,562","10,562","10,352","503.29K","-1.23%"
"2025/10/29","10,600","10,532","10,640","10,455","383.17K","-0.25%"
"2025/10/28","10,627","10,566","10,691","10,542","382.13K","0.51%"
"2025/10/27","10,573","10,500","10,694","10,490","424.54K","0.86%"
"2025/10/24","10,483","10,574","10,574","10,353","371.21K","-0.55%"
"2025/10/23","10,541","10,639","10,640","10,434","299.22K","-0.93%"
"2025/10/22","10,640","10,432","10,650","10,431","552.07K","2.32%"
"2025/10/21","10,399","10,220","10,474","10,219","533.19K","0.96%"
"2025/10/20","10,300","10,301","10,528","10,300","325.55K","-0.11%"
"2025/10/17","10,311","10,464","10,542","10,306","289.63K","-2.28%"
"2025/10/16","10,552","10,688","10,714","10,457","396.47K","-0.92%"
"2025/10/15","10,650","10,701","10,730","10,531","523.83K","1.19%"
"2025/10/14","10,525","10,636","10,636","10,421","263.02K","-0.36%"
"2025/10/13","10,563","10,638","10,638","10,460","202.93K","-0.82%"
"2025/10/10","10,650","10,599","10,815","10,532","340.45K","0.77%"
"2025/10/09","10,569","10,644","10,671","10,555","346.64K","-0.31%"
"2025/10/08","10,602","10,543","10,639","10,496","202.76K","-0.17%"
"2025/10/07","10,620","10,710","10,710","10,502","450.43K","0.19%"
"2025/10/06","10,600","10,513","10,707","10,496","442.52K","0.76%"
"2025/10/03","10,520","10,250","10,555","10,250","328.52K","1.15%"
"2025/10/02","10,400","10,002","10,596","10,002","384.35K","0.32%"
"2025/10/01","10,367","10,150","10,377","10,046","418.86K","-0.32%"
"2025/09/30","10,400","10,392","10,513","10,291","338.97K","0.08%"
"2025/09/29","10,392","10,387","10,510","10,305","318.00K","-0.12%"
"2025/09/26","10,404","10,683","10,683","10,355","331.30K","-2.54%"
"2025/09/25","10,675","10,601","10,769","10,581","1.06M","-0.27%"
"2025/09/23","10,704","10,637","10,906","10,531","504.94K","0.24%"
"2025/09/22","10,678","10,691","10,734","10,426","428.83K","-0.56%"
"2025/09/19","10,738","11,200","11,200","10,628","305.32K","-2.20%"
"2025/09/18","10,980","10,855","11,000","10,661","553.90K","-0.15%"
"2025/09/17","10,997","10,726","11,000","10,725","317.99K","1.45%"
"2025/09/16","10,840","10,850","10,941","10,754","328.04K","0.15%"
"2025/09/15","10,824","10,907","10,970","10,824","225.84K","-0.90%"
"2025/09/12","10,922","11,200","11,200","10,707","223.15K","0.09%"
"2025/09/11","10,912","10,994","10,994","10,622","446.82K","2.31%"
"2025/09/10","10,666","11,130","11,228","10,645","869.44K","-3.48%"
"2025/09/09","11,050","10,920","11,079","10,856","933.37K","1.38%"
"2025/09/08","10,900","10,602","10,900","10,601","813.68K","2.90%"
"2025/09/05","10,593","10,415","10,784","10,415","366.97K","0.97%"
"2025/09/04","10,491","10,112","10,500","10,112","309.44K","3.02%"
"2025/09/03","10,183","10,519","10,600","10,177","806.94K","-2.46%"
"2025/09/02","10,440","10,605","11,000","10,379","887.55K","0.01%"
"2025/09/01","10,439","10,431","10,592","10,316","773.44K","0.86%"
"2025/08/29","10,350","10,350","10,488","10,350","192.94K","-0.44%"
"2025/08/28","10,396","10,300","10,400","10,296","361.33K","0.82%"
"2025/08/27","10,311","10,400","10,425","10,263","637.58K","-0.47%"
"2025/08/26","10,360","10,160","10,396","10,057","656.53K","2.61%"
"2025/08/25","10,096","9,940","10,704","9,939","472.58K","2.57%"
"2025/08/22","9,843","9,550","9,843","9,546","587.06K","3.20%"
"2025/08/21","9,538","9,597","9,597","9,466","138.08K","0.72%"
"2025/08/20","9,470","9,597","9,597","9,431","145.97K","-0.37%"
"2025/08/19","9,505","9,470","9,515","9,412","525.91K","1.10%"
"2025/08/18","9,402","9,406","9,475","9,320","453.79K","-0.39%"
"2025/08/15","9,439","9,440","9,468","9,404","265.37K","0.11%"
"2025/08/14","9,429","9,451","9,500","9,425","242.41K","0.01%"
"2025/08/13","9,428","9,410","9,503","9,316","178.77K","0.19%"
"2025/08/12","9,410","9,200","9,413","9,040","307.82K","4.05%"
"2025/08/11","9,044","9,068","9,171","9,022","258.39K","-0.83%"
"2025/08/08","9,120","9,091","9,189","9,000","309.14K","0.35%"
"2025/08/07","9,088","9,266","9,266","9,084","197.65K","-2.05%"
"2025/08/06","9,278","9,300","9,300","9,224","171.55K","0.31%"
"2025/08/05","9,249","9,125","9,343","9,125","270.84K","0.62%"
"2025/08/04","9,192","9,244","9,336","9,184","348.99K","0.43%"
"2025/08/01","9,153","9,172","9,262","9,092","186.37K","-1.40%"
"2025/07/31","9,283","9,233","9,362","9,230","518.92K","0.19%"
"2025/07/30","9,265","9,229","9,400","9,229","249.28K","-0.10%"
"2025/07/29","9,274","9,225","9,485","9,225","213.38K","0.29%"
"2025/07/28","9,247","9,350","9,350","9,200","146.34K","-0.30%"
"2025/07/25","9,275","9,457","9,457","9,246","256.92K","-0.91%"
"2025/07/24","9,360","9,335","9,410","9,301","156.56K","-0.23%"
"2025/07/23","9,382","9,351","9,449","9,296","264.02K","0.07%"
"2025/07/22","9,375","9,604","9,638","9,358","162.66K","-1.84%"
"2025/07/21","9,551","9,779","9,847","9,551","171.80K","-2.03%"
"2025/07/18","9,749","9,531","9,749","9,445","412.67K","3.05%"
"2025/07/17","9,460","9,569","9,569","9,379","155.64K","-0.84%"
"2025/07/16","9,540","9,448","9,540","9,370","127.75K","0.41%"
"2025/07/15","9,501","10,080","10,080","9,458","170.86K","-1.42%"
"2025/07/14","9,638","9,994","9,994","9,638","318.54K","-0.67%"
"2025/07/11","9,703","9,899","9,899","9,544","247.63K","-0.19%"
"2025/07/10","9,721","10,000","10,000","9,613","294.16K","0.68%"
"2025/07/09","9,655","9,720","9,790","9,609","199.08K","-1.16%"
"2025/07/08","9,768","9,749","9,903","9,729","284.02K","0.16%"
"2025/07/07","9,752","9,946","9,946","9,684","111.28K","-2.53%"
"2025/07/04","10,005","9,701","10,066","9,701","720.12K","0.43%"
"2025/07/03","9,962","9,837","9,992","9,746","386.85K","1.28%"
"2025/07/02","9,836","9,404","9,956","9,386","752.11K","4.64%"
"2025/07/01","9,400","9,430","9,500","9,385","315.90K","-0.09%"
"2025/06/30","9,408","9,354","9,530","9,321","509.97K","0.74%"
"2025/06/27","9,339","9,287","9,350","9,224","301.77K","0.27%"
"2025/06/26","9,314","9,497","9,537","9,293","237.60K","-1.41%"
"2025/06/25","9,447","9,512","9,629","9,414","468.98K","-0.86%"
"2025/06/24","9,529","9,169","9,648","9,168","487.02K","4.68%"
"2025/06/23","9,103","9,106","9,299","9,094","164.60K","-1.77%"
"2025/06/20","9,267","9,322","9,463","9,267","559.29K","-0.52%"
"2025/06/19","9,315","9,379","9,408","9,233","244.08K","-0.57%"
"2025/06/18","9,368","9,529","9,529","9,116","548.69K","0.89%"
"2025/06/17","9,285","9,349","9,534","9,250","444.63K","-2.04%"
"2025/06/13","9,478","9,807","9,807","9,345","619.76K","-3.87%"
"2025/06/12","9,860","9,821","9,900","9,688","266.04K","0.26%"
"2025/06/11","9,834","9,899","9,971","9,780","340.40K","-0.23%"
"2025/06/10","9,857","9,998","10,082","9,857","314.77K","-0.87%"
"2025/06/09","9,944","10,078","10,111","9,944","355.57K","-1.20%"
"2025/06/06","10,065","9,662","10,119","9,600","871.67K","4.51%"
"2025/06/05","9,631","9,597","9,631","9,438","579.41K","1.38%"
"2025/06/04","9,500","9,000","9,503","9,000","565.85K","1.75%"
"2025/06/03","9,337","8,933","9,347","8,933","1.09M","4.78%"
"2025/06/02","8,911","8,828","9,100","8,808","351.74K","-0.55%"
"2025/05/30","8,960","8,800","8,981","8,770","937.50K","1.82%"
"2025/05/29","8,800","8,801","8,874","8,718","624.77K","0.69%"
"2025/05/28","8,740","8,799","8,814","8,722","228.06K","-0.44%"
"2025/05/27","8,779","8,784","8,862","8,738","311.86K","0.13%"
"2025/05/26","8,768","8,740","8,885","8,736","413.21K","0.32%"
"2025/05/23","8,740","8,887","8,925","8,660","374.94K","-1.24%"
"2025/05/22","8,850","8,824","8,884","8,773","302.16K","0.01%"
"2025/05/21","8,849","8,984","8,984","8,805","143.06K","-0.26%"
"2025/05/20","8,872","8,935","8,979","8,834","247.10K","-0.39%"
"2025/05/19","8,907","9,118","9,118","8,907","316.06K","-2.45%"
"2025/05/16","9,131","9,195","9,229","9,086","215.41K","-0.99%"
"2025/05/15","9,222","9,199","9,346","9,100","458.63K","0.25%"
"2025/05/14","9,199","9,150","9,199","8,937","428.36K","1.98%"
"2025/05/13","9,020","9,220","9,220","8,995","273.58K","-0.61%"
"2025/05/12","9,075","9,029","9,164","8,876","570.77K","2.54%"
"2025/05/09","8,850","8,946","8,985","8,850","264.54K","0.63%"
"2025/05/08","8,795","8,799","8,843","8,748","412.33K","0.09%"
"2025/05/07","8,787","8,520","8,847","8,520","510.15K","1.57%"
"2025/05/06","8,651","8,773","8,819","8,624","317.13K","-1.79%"
"2025/05/05","8,809","8,768","8,924","8,730","295.06K","0.36%"
"2025/05/02","8,777","8,656","8,909","8,605","551.66K","0.91%"
"2025/04/30","8,698","8,783","8,794","8,636","346.87K","-0.51%"
"2025/04/29","8,743","8,631","8,890","8,583","272.71K","-0.13%"
"2025/04/25","8,754","8,580","8,960","8,580","401.76K","-0.88%"
"2025/04/24","8,832","8,419","8,934","8,325","917.24K","5.90%"
"2025/04/23","8,340","8,212","8,554","8,212","518.17K","1.79%"
"2025/04/22","8,193","8,371","8,371","8,100","837.40K","-1.75%"
"2025/04/17","8,339","8,411","8,411","8,274","374.54K","-0.63%"
"2025/04/16","8,392","8,600","8,600","8,352","431.05K","-2.27%"
"2025/04/15","8,587","8,500","8,706","8,499","347.47K","0.88%"
"2025/04/14","8,512","8,240","8,526","8,136","730.45K","6.08%"
"2025/04/11","8,024","8,003","8,088","7,967","715.30K","-0.32%"
"2025/04/10","8,050","7,900","8,240","7,751","2.51M","6.62%"
"2025/04/09","7,550","7,699","7,699","7,421","930.22K","-2.58%"
"2025/04/08","7,750","7,990","7,990","7,400","1.59M","1.64%"
"2025/04/07","7,625","7,390","7,777","7,111","1.33M","0.81%"
"2025/04/04","7,564","8,150","8,150","7,434","868.99K","-3.96%"
"2025/04/03","7,876","8,400","8,440","7,832","851.95K","-7.17%"
"2025/04/02","8,484","8,451","8,763","8,451","364.43K","-4.68%"
"2025/04/01","8,901","8,701","8,909","8,701","342.47K","2.15%"
"2025/03/31","8,714","8,740","8,762","8,648","458.56K","-0.31%"
"2025/03/28","8,741","8,836","8,871","8,703","175.61K","-1.16%"
"2025/03/27","8,844","8,856","8,871","8,725","363.76K","0.22%"
"2025/03/26","8,825","8,907","8,996","8,761","224.07K","-0.60%"
"2025/03/25","8,878","8,856","9,015","8,806","855.39K","0.77%"
"2025/03/24","8,810","8,570","8,873","8,570","933.46K","1.17%"
"2025/03/20","8,708","8,943","8,943","8,600","1.01M","-0.84%"
"2025/03/19","8,782","8,800","8,874","8,577","872.57K","0.60%"
"2025/03/18","8,730","8,578","8,786","8,441","1.70M","1.39%"
"2025/03/17","8,610","8,765","8,806","8,582","1.32M","-1.95%"
"2025/03/14","8,781","8,732","8,981","8,732","335.03K","0.56%"
"2025/03/13","8,732","8,950","9,013","8,706","163.66K","-2.05%"
"2025/03/12","8,915","9,000","9,050","8,691","247.57K","-0.93%"
"2025/03/11","8,999","9,200","9,200","8,955","422.14K","-1.07%"
"2025/03/10","9,096","9,064","9,164","9,025","348.25K","-0.04%"
"2025/03/07","9,100","9,045","9,176","9,010","389.81K","-0.44%"
"2025/03/06","9,140","9,202","9,202","9,025","612.52K","1.24%"
"2025/03/05","9,028","8,997","9,117","8,868","640.04K","1.53%"
"2025/03/04","8,892","8,804","8,922","8,649","544.95K","-0.50%"
"2025/03/03","8,937","9,066","9,189","8,649","1.15M","-1.37%"
"2025/02/28","9,061","9,725","9,897","9,061","1.77M","-6.73%"
"2025/02/27","9,715","10,909","10,909","9,680","1.41M","-13.97%"
"2025/02/26","11,292","11,210","11,450","10,901","153.27K","0.73%"
"2025/02/25","11,210","10,984","11,264","10,984","161.63K","0.96%"
"2025/02/24","11,103","11,291","11,291","11,061","139.56K","-1.74%"
"2025/02/21","11,300","10,971","11,363","10,970","481.18K","3.67%"
"2025/02/20","10,900","10,835","10,913","10,762","388.44K","-0.46%"
"2025/02/19","10,950","10,974","11,057","10,869","353.82K","-0.45%"
"2025/02/18","11,000","10,995","11,322","10,882","282.11K","0.32%"
"2025/02/17","10,965","11,002","11,103","10,902","95.92K","-1.10%"
"2025/02/14","11,087","11,008","11,214","10,966","189.72K","0.79%"
"2025/02/13","11,000","11,130","11,300","11,000","440.73K","-1.41%"
"2025/02/12","11,157","11,086","11,216","11,075","215.11K","0.61%"
"2025/02/11","11,089","11,039","11,128","11,031","273.95K","0.01%"
"2025/02/10","11,088","11,054","11,164","10,955","217.97K","-0.11%"
"2025/02/07","11,100","11,200","11,294","10,700","346.42K","-0.60%"
"2025/02/06","11,167","11,199","11,244","11,087","192.86K","0.78%"
"2025/02/05","11,081","11,129","11,171","10,950","205.54K","0.00%"
"2025/02/04","11,081","10,875","11,104","10,875","135.28K","1.32%"
"2025/02/03","10,937","10,925","11,025","10,695","298.77K","-0.64%"
"2025/01/31","11,008","11,047","11,075","10,930","615.69K","-0.35%"
"2025/01/30","11,047","11,035","11,093","10,981","107.35K","0.11%"
"2025/01/29","11,035","10,909","11,050","10,883","182.03K","1.32%"
"2025/01/28","10,891","10,962","10,962","10,800","88.16K","0.56%"
"2025/01/27","10,830","10,820","10,899","10,671","154.89K","0.28%"
"2025/01/24","10,800","10,952","10,974","10,750","233.62K","0.19%"
"2025/01/23","10,779","10,651","10,920","10,631","338.31K","-1.15%"
"2025/01/22","10,904","10,708","10,983","10,501","445.66K","3.07%"
"2025/01/21","10,579","10,817","10,880","10,489","1.30M","-2.97%"
"2025/01/20","10,903","11,327","11,327","10,848","397.29K","-2.83%"
"2025/01/17","11,221","11,036","11,338","10,900","413.27K","2.01%"
"2025/01/16","11,000","11,083","11,083","10,737","246.26K","0.92%"
"2025/01/15","10,900","10,702","10,969","10,683","368.66K","1.40%"
"2025/01/14","10,750","10,801","10,912","10,740","482.01K","-0.77%"
"2025/01/13","10,833","11,150","11,150","10,725","696.83K","-3.80%"
"2025/01/10","11,261","11,407","11,459","11,195","467.44K","-0.83%"
"2025/01/09","11,355","11,770","11,770","11,261","366.92K","-2.45%"
"2025/01/08","11,640","11,712","12,040","11,556","256.08K","-1.85%"
"2025/01/07","11,859","12,120","12,120","11,751","128.29K","-0.08%"
"2025/01/06","11,868","12,019","12,019","11,737","171.85K","-1.12%"
"2025/01/03","12,003","12,044","12,121","11,866","74.38K","-0.25%"
"2025/01/02","12,033","12,151","12,151","11,891","269.35K","-0.97%"
"2024/12/31","12,151","12,149","12,494","11,800","189.11K","2.51%"
"2024/12/30","11,853","12,087","12,103","11,770","139.32K","-1.94%"
"2024/12/27","12,087","12,379","12,379","12,026","148.60K","-0.93%"
"2024/12/24","12,201","12,266","12,303","12,201","28.11K","-1.49%"
"2024/12/23","12,385","12,212","12,618","12,077","118.57K","1.42%"
"2024/12/20","12,212","12,012","12,356","12,011","1.51M","1.03%"
"2024/12/19","12,088","12,533","12,861","12,069","207.34K","-2.05%"
"2024/12/18","12,341","12,550","12,550","12,301","86.31K","-0.05%"
"2024/12/17","12,347","12,401","12,656","12,287","182.71K","-2.86%"
"2024/12/13","12,711","12,593","12,729","12,456","141.64K","0.94%"
"2024/12/12","12,593","12,750","12,750","12,515","166.81K","-1.14%"
"2024/12/11","12,738","12,691","12,766","12,560","139.84K","1.90%"
"2024/12/10","12,501","12,601","12,688","12,501","219.97K","-0.91%"
"2024/12/09","12,616","12,605","12,681","12,421","179.11K","0.82%"
"2024/12/06","12,513","12,402","12,841","12,236","347.62K","-1.09%"
"2024/12/05","12,651","12,713","12,854","12,651","424.24K","0.48%"
"2024/12/04","12,590","12,495","12,637","12,252","553.69K","0.72%"
"2024/12/03","12,500","12,270","12,685","12,238","364.48K","1.83%"
"2024/12/02","12,275","12,310","12,360","12,011","543.08K","-0.28%"
"2024/11/29","12,310","12,375","12,458","12,200","217.39K","-0.65%"
"2024/11/28","12,390","12,350","12,491","12,201","245.15K","-0.52%"
"2024/11/27","12,455","12,353","12,465","12,238","286.76K","0.07%"
"2024/11/26","12,446","12,589","12,589","12,201","472.82K","1.02%"
"2024/11/25","12,320","12,600","12,722","12,292","310.38K","-2.84%"
"2024/11/22","12,680","12,381","12,859","12,381","168.03K","-0.31%"
"2024/11/21","12,720","12,572","12,829","12,508","363.69K","1.23%"
"2024/11/20","12,566","12,081","12,671","12,081","235.21K","2.01%"
"2024/11/19","12,319","12,338","12,384","12,147","295.19K","1.25%"
"2024/11/18","12,167","12,016","12,316","11,970","257.59K","1.39%"
"2024/11/15","12,000","11,681","12,051","11,680","599.99K","2.18%"
"2024/11/14","11,744","11,709","12,000","11,698","994.00K","0.30%"
"2024/11/13","11,709","11,650","11,819","11,567","473.54K","0.51%"
"2024/11/12","11,650","11,702","11,785","11,501","539.59K","-0.44%"
"2024/11/11","11,701","11,729","11,840","11,622","292.95K","-0.51%"
"2024/11/08","11,761","11,777","11,822","11,720","208.77K","-0.46%"
"2024/11/07","11,815","11,654","11,922","11,654","340.50K","-0.29%"
"2024/11/06","11,849","11,700","11,894","11,665","185.22K","0.08%"
"2024/11/05","11,839","11,694","12,080","11,694","250.70K","0.33%"
"2024/11/04","11,800","11,756","11,974","11,720","361.09K","0.04%"
"2024/11/01","11,795","11,789","12,051","11,667","259.92K","-0.03%"
"2024/10/31","11,799","11,733","11,948","11,651","331.71K","0.14%"
"2024/10/30","11,782","11,840","11,989","11,618","261.10K","-0.87%"
"2024/10/29","11,885","12,299","12,317","11,837","281.59K","-2.64%"
"2024/10/28","12,207","11,500","12,361","11,500","553.81K","2.62%"
"2024/10/25","11,895","11,800","11,954","11,750","186.11K","0.83%"
"2024/10/24","11,797","11,499","11,870","11,499","444.81K","1.65%"
"2024/10/23","11,605","11,646","11,660","11,438","330.41K","-0.38%"
"2024/10/22","11,649","11,860","11,865","11,605","384.41K","-2.11%"
"2024/10/21","11,900","11,800","12,106","11,698","342.74K","0.60%"
"2024/10/18","11,829","11,567","11,881","11,565","322.38K","1.84%"
"2024/10/17","11,615","11,694","11,789","11,523","417.95K","-0.61%"
"2024/10/16","11,686","11,660","11,800","11,525","497.38K","-0.04%"
"2024/10/15","11,691","11,693","11,759","11,525","187.16K","-0.72%"
"2024/10/14","11,776","11,651","11,933","11,650","326.97K","0.96%"
"2024/10/11","11,664","11,602","11,776","11,553","205.18K","0.93%"
"2024/10/10","11,557","11,460","11,681","11,423","320.48K","0.49%"
"2024/10/09","11,501","11,444","11,667","11,300","450.91K","0.89%"
"2024/10/08","11,399","11,418","11,654","11,386","521.11K","-2.10%"
"2024/10/07","11,643","11,670","11,758","11,497","221.16K","0.82%"
"2024/10/04","11,548","11,450","11,714","11,303","139.14K","0.05%"
"2024/10/03","11,542","11,562","11,840","11,391","567.39K","-1.16%"
"2024/10/02","11,678","11,849","11,878","11,620","200.85K","-2.35%"
"2024/10/01","11,959","12,047","12,181","11,856","281.11K","-1.56%"
"2024/09/30","12,149","12,150","12,306","12,104","269.08K","-0.42%"
"2024/09/27","12,200","12,102","12,264","12,019","425.92K","0.73%"
"2024/09/26","12,111","12,024","12,284","11,989","700.17K","1.13%"
"2024/09/25","11,976","11,910","12,106","11,900","565.04K","0.82%"
"2024/09/23","11,879","11,940","12,005","11,867","182.95K","-0.51%"
"2024/09/20","11,940","11,996","12,050","11,862","477.77K","-0.49%"
"2024/09/19","11,999","11,931","12,167","11,834","430.81K","1.27%"
"2024/09/18","11,848","11,700","11,848","11,644","389.16K","1.43%"
"2024/09/17","11,681","11,583","11,726","11,567","577.18K","0.85%"
"2024/09/16","11,583","11,650","11,732","11,561","366.53K","-0.58%"
"2024/09/13","11,650","11,561","11,653","11,512","459.80K","0.47%"
"2024/09/12","11,595","11,500","11,747","11,500","1.17M","0.83%"
"2024/09/11","11,500","11,666","11,716","11,447","704.48K","-1.74%"
"2024/09/10","11,704","11,582","11,758","11,547","636.82K","1.47%"
"2024/09/09","11,534","11,902","11,950","11,534","570.73K","-3.10%"
"2024/09/06","11,903","12,088","12,088","11,895","167.31K","-0.81%"
"2024/09/05","12,000","11,796","12,092","11,796","577.80K","1.74%"
"2024/09/04","11,795","11,692","11,877","11,502","1.01M","0.81%"
"2024/09/03","11,700","11,910","12,400","11,674","1.22M","-5.77%"
"2024/09/02","12,417","12,099","12,417","11,947","927.25K","2.79%"
"2024/08/30","12,080","12,096","12,136","11,948","261.68K","0.22%"
"2024/08/29","12,054","12,043","12,251","11,945","405.97K","0.94%"
"2024/08/28","11,942","11,681","12,087","11,662","788.10K","1.63%"
"2024/08/27","11,750","11,637","11,843","11,495","602.33K","1.78%"
"2024/08/26","11,544","11,500","11,644","11,214","308.22K","0.79%"
"2024/08/23","11,453","11,302","11,693","11,300","808.18K","1.25%"
"2024/08/22","11,312","11,190","11,437","11,190","475.45K","1.05%"
"2024/08/21","11,195","11,146","11,262","11,074","218.92K","-0.36%"
"2024/08/20","11,235","11,125","11,330","11,125","584.04K","0.66%"
"2024/08/19","11,161","11,050","11,218","11,036","522.86K","1.00%"
"2024/08/16","11,050","10,920","11,100","10,900","710.77K","1.98%"
"2024/08/15","10,835","10,600","10,835","10,564","572.87K","2.90%"
"2024/08/14","10,530","10,400","10,586","10,400","271.35K","1.49%"
"2024/08/13","10,375","10,330","10,375","10,306","191.85K","0.12%"
"2024/08/12","10,363","10,320","10,379","10,215","320.34K","-0.16%"
"2024/08/08","10,380","10,230","10,420","10,181","489.68K","0.68%"
"2024/08/07","10,310","10,131","10,407","10,124","417.36K","2.36%"
"2024/08/06","10,072","10,110","10,337","10,000","463.27K","-0.80%"
"2024/08/05","10,153","10,200","10,230","10,011","510.30K","-1.21%"
"2024/08/02","10,277","10,237","10,468","10,230","420.38K","0.44%"
"2024/08/01","10,232","10,389","10,398","10,227","409.64K","-0.89%"
"2024/07/31","10,324","10,320","10,484","10,300","217.65K","-0.41%"
"2024/07/30","10,367","10,250","10,400","10,244","135.99K","0.99%"
"2024/07/29","10,265","10,245","10,400","10,201","161.47K","0.15%"
"2024/07/26","10,250","10,281","10,391","10,063","332.78K","-1.39%"
"2024/07/25","10,395","10,158","10,517","10,150","254.40K","0.14%"
"2024/07/24","10,380","10,199","10,468","10,190","377.60K","0.78%"
"2024/07/23","10,300","10,145","10,300","10,014","439.27K","1.38%"
"2024/07/22","10,160","10,098","10,172","10,002","196.24K","2.13%"
"2024/07/19","9,948","9,887","10,075","9,832","59.38K","-0.26%"
"2024/07/18","9,974","10,000","10,117","9,854","276.29K","-1.38%"
"2024/07/17","10,114","10,022","10,251","9,921","723.60K","0.92%"
"2024/07/16","10,022","9,985","10,100","9,927","224.66K","0.54%"
"2024/07/15","9,968","9,801","10,004","9,795","93.30K","1.68%"
"2024/07/12","9,803","9,695","9,896","9,645","325.01K","0.58%"
"2024/07/11","9,746","9,707","9,825","9,701","114.00K","-0.15%"
"2024/07/10","9,761","9,845","9,900","9,735","158.53K","-1.12%"
"2024/07/09","9,872","10,200","10,201","9,778","222.08K","-1.63%"
"2024/07/08","10,036","10,001","10,200","9,850","598.57K","-0.62%"
"2024/07/05","10,099","10,148","10,250","10,096","539.64K","-0.48%"
"2024/07/04","10,148","10,050","10,279","9,994","817.48K","0.98%"
"2024/07/03","10,050","10,005","10,204","9,867","1.32M","0.89%"
"2024/07/02","9,961","9,805","10,271","9,700","831.54K","1.08%"
"2024/07/01","9,855","9,239","9,945","9,239","987.51K","6.67%"
"2024/06/28","9,239","9,127","9,378","9,127","199.37K","0.42%"
"2024/06/27","9,200","9,334","9,339","9,075","153.46K","-2.13%"
"2024/06/26","9,400","9,300","9,500","9,300","441.76K","0.03%"
"2024/06/25","9,397","9,287","9,397","9,179","232.79K","0.64%"
"2024/06/24","9,337","9,455","9,463","9,321","236.65K","-1.40%"
"2024/06/21","9,470","9,347","9,477","9,150","1.69M","1.37%"
"2024/06/20","9,342","9,442","9,563","9,240","477.47K","-1.79%"
"2024/06/19","9,512","9,650","9,708","9,437","632.18K","-0.92%"
"2024/06/18","9,600","9,000","9,700","9,000","1.11M","7.38%"
"2024/06/14","8,940","8,619","9,320","8,588","747.66K","4.48%"
"2024/06/13","8,557","8,566","8,650","8,496","250.31K","-0.87%"
"2024/06/12","8,632","8,403","8,650","8,283","77.21K","1.83%"
"2024/06/11","8,477","8,501","8,650","8,472","170.69K","-1.25%"
"2024/06/10","8,584","8,544","8,589","8,490","60.98K","0.47%"
"2024/06/07","8,544","8,693","8,694","8,312","174.53K","2.68%"
"2024/06/06","8,321","8,502","8,502","8,292","108.59K","-2.88%"
"2024/06/05","8,568","8,616","8,660","8,230","193.14K","-0.90%"
"2024/06/04","8,646","8,759","8,821","8,600","180.56K","-1.56%"
"2024/06/03","8,783","8,629","8,829","8,629","111.85K","1.97%"
"2024/05/31","8,613","8,598","8,621","8,450","247.94K","0.08%"
"2024/05/30","8,606","8,805","8,841","8,523","138.69K","-2.66%"
"2024/05/28","8,841","8,960","8,966","8,706","187.54K","-1.38%"
"2024/05/27","8,965","8,842","9,000","8,831","372.38K","1.03%"
"2024/05/24","8,874","8,997","8,998","8,680","140.30K","0.27%"
"2024/05/23","8,850","9,000","9,051","8,815","592.14K","-1.74%"
"2024/05/22","9,007","9,050","9,123","9,007","302.40K","-0.49%"
"2024/05/21","9,051","9,080","9,081","8,992","225.25K","0.01%"
"2024/05/20","9,050","8,903","9,077","8,879","214.40K","1.43%"
"2024/05/17","8,922","8,743","8,922","8,743","151.22K","0.89%"
"2024/05/16","8,843","8,601","8,979","8,601","304.46K","2.00%"
"2024/05/15","8,670","8,620","8,680","8,601","204.94K","-0.06%"
"2024/05/14","8,675","8,608","8,739","8,608","146.81K","-0.05%"
"2024/05/13","8,679","8,740","8,740","8,561","186.40K","0.31%"
"2024/05/10","8,652","8,612","8,750","8,602","111.16K","-0.55%"
"2024/05/09","8,700","8,703","8,715","8,650","258.15K","0.33%"
"2024/05/08","8,671","8,587","8,702","8,587","219.28K","0.67%"
"2024/05/07","8,613","8,600","8,699","8,555","134.36K","0.15%"
"2024/05/06","8,600","8,694","8,694","8,520","104.95K","0.55%"
"2024/05/03","8,553","8,511","8,637","8,495","163.99K","0.86%"
"2024/05/02","8,480","8,319","8,578","8,319","159.42K","1.36%"
"2024/04/30","8,366","8,394","8,496","8,055","255.11K","-1.70%"
"2024/04/29","8,511","8,200","8,526","8,192","424.05K","4.08%"
"2024/04/26","8,177","8,006","8,194","8,006","93.32K","2.31%"
"2024/04/25","7,992","8,054","8,114","7,922","158.69K","-1.33%"
"2024/04/24","8,100","8,161","8,161","8,001","201.13K","0.50%"
"2024/04/23","8,060","8,152","8,250","7,890","190.58K","-1.71%"
"2024/04/22","8,200","8,050","8,270","7,996","191.70K","1.86%"
"2024/04/19","8,050","8,250","8,281","7,973","390.23K","-2.54%"
"2024/04/18","8,260","8,451","8,451","8,254","218.83K","-2.20%"
"2024/04/17","8,446","8,525","8,555","8,441","370.00K","-1.19%"
"2024/04/16","8,548","8,643","8,697","8,500","176.84K","-1.96%"
"2024/04/15","8,719","8,693","8,795","8,578","193.76K","0.68%"
"2024/04/12","8,660","8,678","8,827","8,558","294.43K","1.13%"
"2024/04/11","8,563","8,728","8,728","8,500","183.14K","-0.76%"
"2024/04/10","8,629","8,540","8,774","8,540","241.40K","0.76%"
"2024/04/09","8,564","8,584","8,671","8,510","242.15K","-0.44%"
"2024/04/08","8,602","8,500","8,636","8,475","138.16K","1.19%"
"2024/04/05","8,501","8,586","8,630","8,479","220.40K","-2.90%"
"2024/04/04","8,755","8,603","8,799","8,601","252.40K","1.02%"
"2024/04/03","8,667","8,501","8,713","8,501","212.27K","-0.57%"
"2024/04/02","8,717","8,681","8,758","8,455","329.04K","-0.35%"
"2024/03/28","8,748","8,655","8,751","8,650","192.03K","1.13%"
"2024/03/27","8,650","8,739","8,778","8,650","251.91K","-0.57%"
"2024/03/26","8,700","8,609","8,713","8,511","307.06K","-0.80%"
"2024/03/25","8,770","8,660","8,770","8,633","145.33K","-0.31%"
"2024/03/22","8,797","8,675","8,807","8,596","111.25K","1.55%"
"2024/03/20","8,663","8,750","8,755","8,501","169.75K","0.19%"
"2024/03/19","8,647","8,600","8,727","8,430","156.89K","2.66%"
"2024/03/18","8,423","8,691","8,799","8,279","632.73K","-3.65%"
"2024/03/15","8,742","8,900","8,939","8,742","239.99K","-1.98%"
"2024/03/14","8,919","8,927","9,000","8,809","427.00K","-0.90%"
"2024/03/13","9,000","8,943","9,082","8,912","182.90K","-0.33%"
"2024/03/12","9,030","9,033","9,179","8,954","308.35K","-1.25%"
"2024/03/11","9,144","9,160","9,200","9,034","190.57K","-0.61%"
"2024/03/08","9,200","9,303","9,303","9,111","200.21K","-1.08%"
"2024/03/07","9,300","9,303","9,500","9,231","340.74K","-0.42%"
"2024/03/06","9,339","9,429","9,429","9,236","217.97K","0.52%"
"2024/03/05","9,291","9,557","9,557","9,161","120.11K","-1.36%"
"2024/03/04","9,419","9,500","9,599","9,419","249.16K","-0.21%"
"2024/03/01","9,439","9,260","9,478","9,188","786.80K","1.88%"
"2024/02/29","9,265","9,493","9,579","9,264","287.00K","-2.80%"
"2024/02/28","9,532","9,600","9,705","9,438","149.90K","-0.68%"
"2024/02/27","9,597","9,415","9,649","9,301","432.21K","-0.10%"
"2024/02/26","9,607","9,520","9,607","9,408","139.24K","-0.27%"
"2024/02/23","9,633","9,948","9,999","9,552","280.48K","-3.40%"
"2024/02/22","9,972","9,935","10,053","9,685","122.03K","1.16%"
"2024/02/21","9,858","9,673","9,913","9,656","215.14K","2.31%"
"2024/02/20","9,635","9,942","9,942","9,550","223.56K","-3.16%"
"2024/02/19","9,949","10,018","10,018","9,912","110.47K","-0.47%"
"2024/02/16","9,996","9,933","10,040","9,813","151.54K","1.48%"
"2024/02/15","9,850","10,033","10,054","9,801","183.24K","-0.57%"
"2024/02/14","9,906","10,177","10,177","9,854","148.06K","-1.53%"
"2024/02/13","10,060","10,108","10,108","9,943","95.66K","0.59%"
"2024/02/12","10,001","10,138","10,138","9,864","166.46K","-0.16%"
"2024/02/09","10,017","10,114","10,114","9,959","110.65K","0.24%"
"2024/02/08","9,993","10,216","10,270","9,925","93.99K","-1.14%"
"2024/02/07","10,108","10,100","10,273","9,890","243.33K","2.10%"
"2024/02/06","9,900","10,172","10,172","9,842","377.96K","-2.44%"
"2024/02/05","10,148","10,303","10,481","10,148","188.29K","-1.91%"
"2024/02/02","10,346","10,544","10,544","10,258","277.30K","-0.23%"
"2024/02/01","10,370","10,387","10,400","10,299","119.62K","-1.03%"
"2024/01/31","10,478","10,061","10,508","10,061","200.43K","1.10%"
"2024/01/30","10,364","10,297","10,399","10,294","141.87K","1.11%"
"2024/01/29","10,250","10,362","10,362","10,200","79.78K","0.09%"
"2024/01/26","10,241","10,200","10,327","10,114","107.93K","0.40%"
"2024/01/25","10,200","10,051","10,278","10,051","157.66K","1.49%"
"2024/01/24","10,050","9,982","10,141","9,971","144.64K","0.62%"
"2024/01/23","9,988","9,996","10,146","9,897","480.94K","-0.75%"
"2024/01/22","10,063","10,199","10,499","9,973","310.22K","-0.91%"
"2024/01/19","10,155","10,574","10,680","10,040","864.84K","-5.09%"
"2024/01/18","10,700","9,324","10,700","9,089","2.00M","4.70%"
"2024/01/17","10,220","10,077","10,391","10,077","383.10K","-0.42%"
"2024/01/16","10,263","10,101","10,327","10,000","267.57K","1.57%"
"2024/01/15","10,104","10,157","10,158","9,995","118.37K","0.37%"
"2024/01/12","10,067","10,151","10,346","10,001","217.31K","-0.82%"
"2024/01/11","10,150","10,138","10,241","10,048","331.68K","-0.40%"
"2024/01/10","10,191","10,161","10,377","9,997","1.03M","1.37%"
"2024/01/09","10,053","9,954","10,116","9,800","252.53K","2.44%"
"2024/01/08","9,814","9,850","9,850","9,671","142.24K","-0.14%"
"2024/01/05","9,828","9,663","9,828","9,541","82.75K","1.45%"
"2024/01/04","9,688","9,918","9,918","9,573","112.90K","-0.76%"
"2024/01/03","9,762","10,089","10,089","9,695","77.95K","-1.21%"
"2024/01/02","9,882","10,069","10,185","9,801","144.28K","-2.64%"
"2023/12/29","10,150","10,127","10,201","10,039","181.65K","0.42%"
"2023/12/28","10,108","9,974","10,108","9,900","104.25K","2.01%"
"2023/12/27","9,909","9,622","9,911","9,615","344.93K","3.22%"
"2023/12/22","9,600","9,549","9,627","9,513","104.97K","0.59%"
"2023/12/21","9,544","9,500","9,544","9,337","174.83K","0.58%"
"2023/12/20","9,489","9,599","9,645","9,431","126.01K","-0.29%"
"2023/12/19","9,517","9,364","9,550","9,364","221.68K","0.72%"
"2023/12/18","9,449","9,596","9,600","9,442","110.74K","-1.33%"
"2023/12/14","9,576","9,137","9,594","9,114","979.54K","4.97%"
"2023/12/13","9,123","9,230","9,505","9,032","489.65K","-3.46%"
"2023/12/12","9,450","9,320","9,774","9,284","414.78K","-1.56%"
"2023/12/11","9,600","9,484","9,603","9,334","280.10K","1.61%"
"2023/12/08","9,448","9,405","9,638","9,400","381.80K","-0.53%"
"2023/12/07","9,498","9,692","9,786","9,328","168.37K","-0.93%"
"2023/12/06","9,587","9,354","9,606","9,354","235.33K","2.49%"
"2023/12/05","9,354","9,553","9,553","9,260","366.20K","-0.60%"
"2023/12/04","9,410","9,378","9,523","9,244","338.03K","0.49%"
"2023/12/01","9,364","9,230","9,760","9,230","433.20K","0.60%"
"2023/11/30","9,308","9,634","9,634","9,263","970.92K","-2.02%"
"2023/11/29","9,500","9,799","9,799","9,424","753.06K","-2.06%"
"2023/11/28","9,700","9,949","9,949","9,700","281.59K","-2.33%"
"2023/11/27","9,931","9,927","10,055","9,836","249.71K","-0.03%"
"2023/11/24","9,934","10,165","10,200","9,908","274.84K","-2.94%"
"2023/11/23","10,235","10,187","10,274","10,096","118.17K","1.26%"
"2023/11/22","10,108","10,208","10,283","10,081","199.77K","-0.72%"
"2023/11/21","10,181","10,259","10,342","10,180","273.02K","-0.40%"
"2023/11/20","10,222","10,100","10,310","10,100","339.54K","0.22%"
"2023/11/17","10,200","10,350","10,350","10,174","423.20K","-1.15%"
"2023/11/16","10,319","10,310","10,743","10,231","558.11K","-4.06%"
"2023/11/15","10,756","10,518","10,860","10,494","665.10K","3.02%"
"2023/11/14","10,441","10,060","10,519","9,958","492.46K","3.89%"
"2023/11/13","10,050","9,990","10,079","9,978","440.12K","1.07%"
"2023/11/10","9,944","9,858","10,009","9,772","429.49K","1.26%"
"2023/11/09","9,820","9,881","10,004","9,727","717.30K","0.64%"
"2023/11/08","9,758","9,546","9,758","9,511","468.25K","2.72%"
"2023/11/07","9,500","9,659","9,659","9,494","474.45K","-1.55%"
"2023/11/06","9,650","9,500","9,719","9,500","553.04K","0.94%"
"2023/11/03","9,560","9,614","9,717","9,525","575.59K","0.37%"
"2023/11/02","9,525","9,060","9,726","9,060","277.18K","0.28%"
"2023/11/01","9,498","9,200","9,562","9,200","384.91K","2.66%"
"2023/10/31","9,252","9,050","9,500","9,050","708.67K","0.93%"
"2023/10/30","9,167","9,198","9,318","9,094","204.75K","0.19%"
"2023/10/27","9,150","8,966","9,251","8,954","490.54K","-0.61%"
"2023/10/26","9,206","9,198","9,287","9,128","467.54K","-0.48%"
"2023/10/25","9,250","9,200","9,292","9,200","297.25K","-0.14%"
"2023/10/24","9,263","9,350","9,440","9,195","291.67K","-1.19%"
"2023/10/23","9,375","9,149","9,435","9,124","225.23K","2.09%"
"2023/10/20","9,183","9,360","9,360","8,904","933.69K","1.13%"
"2023/10/19","9,080","9,402","9,402","8,999","1.20M","-1.73%"
"2023/10/18","9,240","9,200","9,317","9,033","1.62M","0.30%"
"2023/10/17","9,212","9,510","9,510","9,057","388.18K","0.14%"
"2023/10/16","9,199","9,117","9,234","9,094","351.89K","0.89%"
"2023/10/13","9,118","9,165","9,344","9,064","1.35M","-2.63%"
"2023/10/12","9,364","9,600","9,600","9,316","678.90K","-2.20%"
"2023/10/11","9,575","9,381","9,663","9,381","1.16M","2.89%"
"2023/10/10","9,306","8,924","9,361","8,888","1.08M","5.14%"
"2023/10/09","8,851","8,783","8,970","8,642","511.12K","-0.47%"
"2023/10/06","8,893","8,801","8,979","8,785","706.13K","1.21%"
"2023/10/05","8,787","8,757","8,847","8,498","740.63K","1.28%"
"2023/10/04","8,676","8,560","8,676","8,246","1.32M","-3.28%"
"2023/10/03","8,970","9,469","9,508","8,950","1.27M","-5.61%"
"2023/10/02","9,503","9,517","9,624","9,400","291.16K","1.07%"
"2023/09/29","9,402","9,485","9,535","9,355","257.10K","0.76%"
"2023/09/28","9,331","9,389","9,485","9,231","349.56K","-1.05%"
"2023/09/27","9,430","9,502","9,502","9,267","901.86K","0.65%"
"2023/09/26","9,369","9,099","9,528","8,994","479.21K","1.29%"
"2023/09/22","9,250","9,343","9,582","9,200","402.89K","-0.80%"
"2023/09/21","9,325","9,300","9,550","9,203","593.75K","-1.43%"
"2023/09/20","9,460","9,350","9,514","9,252","505.58K","1.71%"
"2023/09/19","9,301","9,120","9,314","9,003","549.81K","2.77%"
"2023/09/18","9,050","9,389","9,389","8,972","539.49K","-0.28%"
"2023/09/15","9,075","9,450","9,506","9,075","585.26K","-4.47%"
"2023/09/14","9,500","9,645","9,645","9,446","618.36K","-1.50%"
"2023/09/13","9,645","9,700","9,703","9,580","527.96K","-0.59%"
"2023/09/12","9,702","9,930","9,930","9,572","872.34K","-0.24%"
"2023/09/11","9,725","9,858","9,909","9,517","578.51K","-0.72%"
"2023/09/08","9,796","10,250","10,250","9,733","338.28K","-2.95%"
"2023/09/07","10,094","10,307","10,605","9,989","555.04K","-1.63%"
"2023/09/06","10,261","10,300","10,300","10,084","461.67K","0.97%"
"2023/09/05","10,162","10,544","10,544","10,012","240.24K","-2.77%"
"2023/09/04","10,452","10,552","10,788","10,385","216.15K","-0.95%"
"2023/09/01","10,552","10,383","10,763","10,089","394.01K","4.01%"
"2023/08/31","10,145","10,220","10,539","10,094","508.06K","-0.62%"
"2023/08/30","10,208","10,801","11,060","10,079","775.45K","-3.61%"
"2023/08/29","10,590","10,650","10,654","10,446","288.27K","0.69%"
"2023/08/28","10,517","10,203","10,537","10,188","84.22K","2.45%"
"2023/08/25","10,265","10,293","10,307","10,250","137.66K","0.12%"
"2023/08/24","10,253","10,299","10,299","10,100","178.31K","1.39%"
"2023/08/23","10,112","10,001","10,225","9,975","157.91K","1.64%"
"2023/08/22","9,949","10,006","10,161","9,932","197.97K","-0.51%"
"2023/08/21","10,000","10,050","10,050","9,889","97.53K","0.60%"
"2023/08/18","9,940","10,060","10,060","9,844","118.85K","-1.58%"
"2023/08/17","10,100","10,051","10,150","10,028","154.82K","-0.12%"
"2023/08/16","10,112","10,149","10,158","9,901","147.16K","0.64%"
"2023/08/15","10,048","10,360","10,360","9,961","211.20K","-0.55%"
"2023/08/14","10,104","9,929","10,190","9,929","137.45K","0.72%"
"2023/08/11","10,032","10,501","10,501","9,934","277.34K","-4.03%"
"2023/08/10","10,453","10,209","10,490","10,209","224.56K","1.61%"
"2023/08/08","10,287","10,155","10,317","9,959","287.30K","2.47%"
"2023/08/07","10,039","10,098","10,300","9,954","221.99K","-2.53%"
"2023/08/04","10,300","10,325","10,367","10,116","204.37K","2.26%"
"2023/08/03","10,072","10,251","10,600","9,993","167.75K","-1.75%"
"2023/08/02","10,251","10,850","10,850","10,245","374.76K","-5.61%"
"2023/08/01","10,860","10,549","10,886","10,539","352.04K","2.95%"
"2023/07/31","10,549","10,486","10,635","10,486","292.74K","0.92%"
"2023/07/28","10,453","10,353","10,577","10,240","184.42K","-0.45%"
"2023/07/27","10,500","10,003","10,595","9,948","1.18M","5.17%"
"2023/07/26","9,984","9,961","9,988","9,896","166.40K","0.85%"
"2023/07/25","9,900","9,791","9,919","9,726","252.81K","1.68%"
"2023/07/24","9,736","9,606","9,744","9,600","180.11K","1.11%"
"2023/07/21","9,629","9,789","9,790","9,549","283.14K","0.76%"
"2023/07/20","9,556","9,772","9,816","9,552","201.15K","-2.39%"
"2023/07/19","9,790","9,861","9,966","9,759","155.07K","-0.72%"
"2023/07/18","9,861","9,890","9,938","9,748","148.64K","0.62%"
"2023/07/17","9,800","9,853","9,995","9,722","174.77K","-1.73%"
"2023/07/14","9,973","9,830","10,032","9,823","206.20K","1.77%"
"2023/07/13","9,800","10,029","10,033","9,800","791.56K","-1.49%"
"2023/07/12","9,948","9,875","10,022","9,818","255.06K","0.48%"
"2023/07/11","9,900","9,701","10,004","9,591","584.66K","2.44%"
"2023/07/10","9,664","9,820","9,864","9,592","136.82K","-1.59%"
"2023/07/07","9,820","9,590","9,840","9,590","195.12K","2.82%"
"2023/07/06","9,551","9,869","9,869","9,551","177.50K","-1.46%"
"2023/07/05","9,693","9,929","9,929","9,601","205.54K","-0.26%"
"2023/07/04","9,718","9,850","9,943","9,662","241.93K","-1.26%"
"2023/07/03","9,842","9,901","10,185","9,831","517.51K","-1.76%"
"2023/06/30","10,018","10,059","10,168","9,950","602.94K","0.01%"
"2023/06/29","10,017","10,299","10,299","9,996","215.39K","-1.54%"
"2023/06/28","10,174","10,100","10,299","10,019","398.01K","1.68%"
"2023/06/27","10,006","10,057","10,063","9,883","205.02K","0.67%"
"2023/06/26","9,939","10,050","10,050","9,880","181.93K","0.39%"
"2023/06/23","9,900","9,821","9,983","9,821","237.48K","0.03%"
"2023/06/22","9,897","10,050","10,137","9,895","241.66K","-1.91%"
"2023/06/21","10,090","9,892","10,106","9,892","177.79K","0.09%"
"2023/06/20","10,081","10,070","10,215","9,983","309.44K","0.65%"
"2023/06/19","10,016","10,156","10,320","9,889","441.27K","-2.31%"
"2023/06/15","10,253","10,399","10,500","9,963","1.17M","-0.39%"
"2023/06/14","10,293","9,472","10,336","9,472","781.46K","6.43%"
"2023/06/13","9,671","9,514","9,736","9,447","623.12K","2.88%"
"2023/06/12","9,400","9,719","9,721","9,306","479.16K","-3.51%"
"2023/06/09","9,742","9,652","9,742","9,465","675.87K","0.95%"
"2023/06/08","9,650","9,975","9,975","9,650","100.42K","-3.06%"
"2023/06/07","9,955","9,740","9,955","9,549","599.42K","2.51%"
"2023/06/06","9,711","9,491","9,723","9,410","331.80K","2.89%"
"2023/06/05","9,438","9,101","9,490","9,101","473.56K","3.95%"
"2023/06/02","9,079","9,296","9,401","8,992","421.20K","-0.50%"
"2023/06/01","9,125","9,097","9,277","9,001","390.41K","0.84%"
"2023/05/31","9,049","9,475","9,627","9,049","734.59K","-3.73%"
"2023/05/30","9,400","9,589","9,635","9,252","348.00K","-2.97%"
"2023/05/29","9,688","9,495","9,838","9,450","296.64K","3.16%"
"2023/05/26","9,391","9,305","9,441","9,142","197.35K","-0.18%"
"2023/05/25","9,408","9,660","9,660","9,408","418.24K","-1.96%"
"2023/05/24","9,596","9,449","9,596","9,307","478.47K","1.95%"
"2023/05/23","9,412","9,316","9,471","9,288","218.65K","0.87%"
"2023/05/22","9,331","9,276","9,457","9,217","331.88K","0.33%"
"2023/05/19","9,300","8,963","9,300","8,963","276.05K","3.21%"
"2023/05/18","9,011","9,114","9,216","9,000","196.66K","-1.15%"
"2023/05/17","9,116","9,040","9,446","8,987","210.40K","-0.91%"
"2023/05/16","9,200","9,350","9,357","8,989","381.74K","0.45%"
"2023/05/15","9,159","9,236","9,241","9,057","84.18K","-0.32%"
"2023/05/12","9,188","8,981","9,281","8,981","394.15K","0.43%"
"2023/05/11","9,149","9,400","9,400","8,941","320.12K","-2.24%"
"2023/05/10","9,359","9,200","9,412","9,200","325.30K","1.67%"
"2023/05/09","9,205","9,352","9,354","9,200","344.65K","-0.51%"
"2023/05/08","9,252","9,359","9,441","9,205","266.55K","0.12%"
"2023/05/05","9,241","8,950","9,280","8,875","366.23K","4.30%"
"2023/05/04","8,860","9,298","9,348","8,831","479.25K","-4.69%"
"2023/05/03","9,296","9,483","9,483","9,277","110.22K","-0.84%"
"2023/05/02","9,375","9,527","9,566","9,349","424.43K","-1.32%"
"2023/04/28","9,500","9,259","9,564","9,259","306.67K","1.82%"
"2023/04/26","9,330","9,255","9,401","9,252","337.65K","-0.37%"
"2023/04/25","9,365","9,600","9,600","9,300","492.66K","-2.10%"
"2023/04/24","9,566","9,501","9,665","9,495","326.62K","-0.58%"
"2023/04/21","9,622","9,767","9,801","9,600","195.64K","-1.82%"
"2023/04/20","9,800","9,717","9,850","9,548","230.94K","2.08%"
"2023/04/19","9,600","9,517","9,729","9,452","216.58K","0.00%"
"2023/04/18","9,600","9,548","9,694","9,503","323.27K","0.51%"
"2023/04/17","9,551","9,656","9,657","9,467","379.99K","-1.10%"
"2023/04/14","9,657","9,530","9,785","9,530","192.43K","1.07%"
"2023/04/13","9,555","9,700","9,700","9,377","400.18K","0.12%"
"2023/04/12","9,544","9,400","9,583","9,328","304.18K","2.15%"
"2023/04/11","9,343","10,080","10,080","9,278","683.41K","-3.68%"
"2023/04/06","9,700","9,899","9,899","9,600","226.67K","0.33%"
"2023/04/05","9,668","10,035","10,035","9,620","185.40K","-2.79%"
"2023/04/04","9,945","9,958","10,045","9,868","211.39K","0.47%"
"2023/04/03","9,898","9,750","9,989","9,733","204.83K","2.04%"
"2023/03/31","9,700","9,859","9,866","9,631","609.68K","-0.64%"
"2023/03/30","9,762","9,975","9,975","9,745","442.97K","-0.28%"
"2023/03/29","9,789","9,870","9,898","9,598","317.52K","0.14%"
"2023/03/28","9,775","9,741","9,815","9,625","331.30K","1.56%"
"2023/03/27","9,625","9,400","9,749","9,400","304.49K","1.12%"
"2023/03/24","9,518","9,738","9,738","9,390","260.55K","0.31%"
"2023/03/23","9,489","9,447","9,612","9,445","341.70K","-0.37%"
"2023/03/22","9,524","9,555","9,660","9,432","450.57K","0.85%"
"2023/03/20","9,444","9,350","9,530","9,073","425.68K","1.01%"
"2023/03/17","9,350","9,432","9,432","9,132","908.08K","0.82%"
"2023/03/16","9,274","9,420","9,420","9,038","1.46M","0.29%"
"2023/03/15","9,247","9,489","9,489","8,828","709.70K","-2.27%"
"2023/03/14","9,462","9,780","10,176","9,300","646.65K","-4.57%"
"2023/03/13","9,915","10,070","10,265","9,501","661.33K","1.03%"
"2023/03/10","9,814","10,300","10,316","9,717","753.09K","-5.08%"
"2023/03/09","10,339","10,255","10,458","10,255","1.08M","-0.71%"
"2023/03/08","10,413","10,700","10,700","10,173","1.04M","-3.07%"
"2023/03/07","10,743","10,737","10,886","10,622","490.17K","-1.44%"
"2023/03/06","10,900","10,951","10,954","10,750","525.66K","-0.46%"
"2023/03/03","10,950","11,172","11,172","10,882","309.41K","0.27%"
"2023/03/02","10,920","11,036","11,036","10,879","514.52K","-0.44%"
"2023/03/01","10,968","11,078","11,147","10,800","847.96K","-0.89%"
"2023/02/28","11,066","10,800","11,110","10,800","971.79K","1.85%"
"2023/02/27","10,865","10,901","10,927","10,455","766.74K","-0.70%"
"2023/02/24","10,942","11,691","11,691","10,832","845.01K","-7.14%"
"2023/02/23","11,783","12,084","12,092","11,713","231.69K","-2.56%"
"2023/02/22","12,092","12,111","12,111","11,760","408.55K","0.67%"
"2023/02/21","12,012","12,521","12,521","11,701","809.28K","-5.21%"
"2023/02/20","12,672","12,899","12,899","12,584","333.19K","-1.67%"
"2023/02/17","12,887","12,900","12,953","12,739","153.54K","0.52%"
"2023/02/16","12,820","12,989","12,989","12,748","129.95K","0.72%"
"2023/02/15","12,728","12,500","12,876","12,500","280.66K","-1.14%"
"2023/02/14","12,875","12,946","12,946","12,823","220.87K","-0.18%"
"2023/02/13","12,898","12,928","12,928","12,759","173.47K","0.77%"
"2023/02/10","12,800","12,833","12,833","12,616","128.53K","-0.22%"
"2023/02/09","12,828","12,716","12,850","12,633","538.36K","1.36%"
"2023/02/08","12,656","12,939","12,946","12,500","221.08K","-2.19%"
"2023/02/07","12,940","12,883","13,163","12,880","645.01K","0.31%"
"2023/02/06","12,900","12,659","12,986","12,429","292.38K","0.44%"
"2023/02/03","12,843","13,020","13,020","12,770","145.58K","-0.97%"
"2023/02/02","12,969","12,627","13,000","12,627","258.52K","2.70%"
"2023/02/01","12,628","12,450","12,673","12,450","232.85K","2.47%"
"2023/01/31","12,324","12,545","12,600","12,200","424.67K","-0.21%"
"2023/01/30","12,350","12,580","12,612","12,302","108.58K","-1.66%"
"2023/01/27","12,559","12,200","12,821","12,200","166.70K","-0.77%"
"2023/01/26","12,657","12,605","12,800","12,533","339.60K","1.65%"
"2023/01/25","12,452","12,599","12,684","12,370","394.04K","-0.82%"
"2023/01/24","12,555","12,528","12,699","12,124","121.39K","-0.36%"
"2023/01/23","12,600","12,551","12,689","12,444","111.53K","0.80%"
"2023/01/20","12,500","12,343","12,604","12,160","489.88K","0.81%"
"2023/01/19","12,400","12,211","12,599","12,150","373.82K","-0.80%"
"2023/01/18","12,500","12,000","12,531","11,801","335.99K","4.00%"
"2023/01/17","12,019","12,389","12,389","11,927","183.25K","-1.29%"
"2023/01/16","12,176","12,200","12,376","12,124","199.64K","-1.18%"
"2023/01/13","12,322","11,970","12,400","11,816","354.27K","3.37%"
"2023/01/12","11,920","11,680","11,963","11,621","553.95K","2.78%"
"2023/01/11","11,598","11,500","11,889","11,368","369.04K","1.96%"
"2023/01/10","11,375","11,030","11,631","10,958","427.66K","3.13%"
"2023/01/09","11,030","10,521","11,226","10,521","742.43K","3.05%"
"2023/01/06","10,704","10,737","10,783","10,500","173.80K","-0.67%"
"2023/01/05","10,776","11,075","11,075","10,670","304.79K","0.28%"
"2023/01/04","10,746","10,981","11,151","10,615","238.52K","-1.96%"
"2023/01/03","10,961","11,101","11,102","10,864","161.58K","-0.97%"
"2022/12/30","11,068","11,151","11,151","11,053","42.15K","-0.34%"
"2022/12/29","11,106","11,214","11,215","11,002","84.34K","-0.88%"
"2022/12/28","11,205","11,023","11,280","11,023","127.29K","1.65%"
"2022/12/23","11,023","11,171","11,171","11,023","53.49K","-0.85%"
"2022/12/22","11,117","11,287","11,340","11,001","85.46K","-0.74%"
"2022/12/21","11,200","11,162","11,213","11,057","58.12K","-0.05%"
"2022/12/20","11,206","11,074","11,219","11,001","159.70K","0.02%"
"2022/12/19","11,204","10,802","11,235","10,700","171.59K","0.04%"
"2022/12/15","11,200","11,012","11,439","10,841","648.32K","1.14%"
"2022/12/14","11,074","11,188","11,328","10,999","179.81K","-2.21%"
"2022/12/13","11,324","11,431","11,475","11,220","85.27K","0.05%"
"2022/12/12","11,318","11,369","11,442","11,301","131.22K","-1.07%"
"2022/12/09","11,440","11,522","11,525","11,265","200.68K","-0.72%"
"2022/12/08","11,523","11,503","11,577","11,289","160.18K","1.78%"
"2022/12/07","11,321","11,759","11,759","11,295","118.67K","-2.01%"
"2022/12/06","11,553","11,655","11,655","11,399","271.30K","0.77%"
"2022/12/05","11,465","11,492","11,623","11,379","403.79K","0.73%"
"2022/12/02","11,382","11,494","11,494","11,050","351.21K","1.07%"
"2022/12/01","11,262","11,650","11,949","11,143","191.12K","-3.46%"
"2022/11/30","11,666","11,820","11,923","11,666","269.72K","-0.89%"
"2022/11/29","11,771","12,096","12,097","11,771","174.01K","-1.91%"
"2022/11/28","12,000","11,900","12,068","11,865","93.70K","0.98%"
"2022/11/25","11,883","12,013","12,013","11,883","78.93K","-0.13%"
"2022/11/24","11,898","11,950","11,950","11,863","76.88K","-0.44%"
"2022/11/23","11,950","11,997","12,000","11,839","198.07K","0.00%"
"2022/11/22","11,950","12,099","12,100","11,933","159.07K","-1.22%"
"2022/11/21","12,098","12,375","12,394","11,965","230.74K","-1.51%"
"2022/11/18","12,283","12,150","12,544","12,135","164.94K","1.09%"
"2022/11/17","12,150","12,202","12,275","12,065","275.64K","0.21%"
"2022/11/16","12,125","12,022","12,272","12,022","249.11K","0.37%"
"2022/11/15","12,080","12,025","12,117","11,932","317.14K","0.04%"
"2022/11/14","12,075","11,500","12,102","11,500","200.96K","2.31%"
"2022/11/11","11,802","12,000","12,032","11,684","259.17K","-1.54%"
"2022/11/10","11,986","11,611","11,986","11,611","225.30K","2.00%"
"2022/11/09","11,751","11,500","11,918","11,500","348.04K","-0.74%"
"2022/11/08","11,839","11,426","11,906","11,426","262.74K","-0.11%"
"2022/11/07","11,852","11,600","11,852","11,600","108.93K","0.95%"
"2022/11/04","11,740","11,590","11,786","11,425","218.47K","3.06%"
"2022/11/03","11,391","11,780","11,950","11,235","347.06K","-3.64%"
"2022/11/02","11,821","11,811","11,857","11,302","152.48K","0.01%"
"2022/11/01","11,820","11,728","11,934","11,721","246.28K","1.81%"
"2022/10/31","11,610","11,700","11,733","11,513","379.78K","-0.57%"
"2022/10/28","11,676","11,602","11,684","11,448","124.53K","-0.25%"
"2022/10/27","11,705","11,200","11,781","11,200","437.69K","1.78%"
"2022/10/26","11,500","11,335","11,523","11,250","218.77K","1.53%"
"2022/10/25","11,327","11,400","11,400","11,230","352.29K","0.26%"
"2022/10/24","11,298","11,100","11,431","11,100","250.57K","-0.05%"
"2022/10/21","11,304","11,690","11,690","11,235","136.75K","-1.82%"
"2022/10/20","11,513","11,651","11,670","11,373","517.50K","-1.58%"
"2022/10/19","11,698","11,799","11,799","11,476","120.56K","-0.17%"
"2022/10/18","11,718","11,760","11,900","11,637","195.14K","0.15%"
"2022/10/17","11,700","11,778","11,801","11,584","167.41K","0.96%"
"2022/10/14","11,589","11,800","11,931","11,570","112.07K","-1.30%"
"2022/10/13","11,742","11,672","11,843","11,655","158.30K","0.30%"
"2022/10/12","11,707","12,000","12,000","11,700","319.10K","-2.03%"
"2022/10/11","11,950","11,800","11,980","11,675","329.70K","0.13%"
"2022/10/10","11,935","11,782","11,999","11,729","339.45K","1.30%"
"2022/10/07","11,782","11,857","12,023","11,726","611.65K","-2.25%"
"2022/10/06","12,053","11,904","12,159","11,882","573.77K","1.29%"
"2022/10/05","11,899","11,874","11,951","11,720","206.56K","-0.24%"
"2022/10/04","11,928","11,800","11,990","11,747","523.52K","2.18%"
"2022/10/03","11,674","11,477","11,702","11,380","416.36K","1.72%"
"2022/09/30","11,477","11,750","11,750","11,201","599.29K","-0.82%"
"2022/09/29","11,572","11,800","11,885","11,520","797.85K","-4.16%"
"2022/09/28","12,074","12,100","12,100","11,674","393.96K","0.08%"
"2022/09/27","12,064","11,700","12,147","11,666","730.05K","3.27%"
"2022/09/26","11,682","11,792","11,792","11,452","195.15K","-0.32%"
"2022/09/23","11,720","11,999","11,999","11,590","282.25K","-0.15%"
"2022/09/22","11,738","11,801","11,949","11,738","380.20K","-1.49%"
"2022/09/21","11,916","12,039","12,039","11,803","300.77K","-2.91%"
"2022/09/20","12,273","12,350","12,484","12,201","278.42K","-0.57%"
"2022/09/19","12,343","12,400","12,496","12,267","355.11K","-0.92%"
"2022/09/16","12,458","12,633","12,658","12,432","751.95K","-2.04%"
"2022/09/15","12,718","12,954","13,109","12,718","409.40K","-2.13%"
"2022/09/14","12,995","13,090","13,090","12,700","281.14K","0.23%"
"2022/09/13","12,965","12,901","13,100","12,843","242.53K","-0.93%"
"2022/09/12","13,087","13,252","13,300","13,000","220.96K","-1.25%"
"2022/09/09","13,253","12,900","13,600","12,900","479.31K","-1.90%"
"2022/09/08","13,509","12,600","13,582","12,600","508.78K","3.53%"
"2022/09/07","13,049","13,250","13,250","12,601","902.91K","0.28%"
"2022/09/06","13,013","12,975","13,179","12,920","386.55K","0.39%"
"2022/09/05","12,962","12,843","13,200","12,711","388.34K","0.75%"
"2022/09/02","12,866","11,701","12,873","11,701","758.81K","10.10%"
"2022/09/01","11,686","11,850","11,850","11,495","344.16K","0.74%"
"2022/08/31","11,600","12,850","12,850","11,360","936.03K","-4.41%"
"2022/08/30","12,135","11,696","12,219","11,694","517.71K","2.16%"
"2022/08/29","11,879","11,588","11,930","11,302","413.67K","2.21%"
"2022/08/26","11,622","11,600","11,839","11,600","164.15K","-0.67%"
"2022/08/25","11,700","11,924","11,924","11,650","190.53K","-0.92%"
"2022/08/24","11,809","11,800","11,866","11,600","109.73K","0.32%"
"2022/08/23","11,771","11,709","11,800","11,675","173.07K","0.22%"
"2022/08/22","11,745","11,300","12,146","11,150","572.86K","3.34%"
"2022/08/19","11,365","11,510","11,633","11,251","176.28K","-2.45%"
"2022/08/18","11,650","11,860","11,860","11,508","343.43K","-2.03%"
"2022/08/17","11,891","11,703","12,053","11,695","141.54K","-0.05%"
"2022/08/16","11,897","11,400","12,154","11,400","133.64K","-0.31%"
"2022/08/15","11,934","11,865","11,984","11,769","117.64K","1.35%"
"2022/08/12","11,775","11,655","11,908","11,576","215.94K","1.45%"
"2022/08/11","11,607","11,550","11,649","11,434","198.37K","1.26%"
"2022/08/10","11,463","11,177","11,521","11,177","238.32K","0.25%"
"2022/08/08","11,434","11,248","11,455","11,245","91.32K","0.95%"
"2022/08/05","11,326","10,900","11,391","10,900","129.23K","0.86%"
"2022/08/04","11,229","11,399","11,399","11,073","125.54K","0.47%"
"2022/08/03","11,177","11,073","11,225","10,929","135.04K","0.95%"
"2022/08/02","11,072","11,368","11,368","10,942","241.55K","-2.65%"
"2022/08/01","11,373","11,200","11,440","11,123","126.14K","1.64%"
"2022/07/29","11,190","11,169","11,441","11,065","546.66K","-0.73%"
"2022/07/28","11,272","11,044","11,406","11,044","313.00K","-0.12%"
"2022/07/27","11,286","11,789","11,789","11,249","299.95K","-2.97%"
"2022/07/26","11,631","11,580","11,841","11,502","252.99K","0.81%"
"2022/07/25","11,538","11,800","11,800","11,412","342.65K","-1.13%"
"2022/07/22","11,670","11,650","11,858","11,629","212.15K","-0.45%"
"2022/07/21","11,723","11,838","11,901","11,686","85.29K","-0.09%"
"2022/07/20","11,733","11,905","12,050","11,680","131.70K","-1.15%"
"2022/07/19","11,870","11,450","11,947","11,450","130.65K","2.00%"
"2022/07/18","11,637","11,351","11,795","11,351","347.20K","2.66%"
"2022/07/15","11,335","11,100","11,400","10,667","241.43K","4.80%"
"2022/07/14","10,816","10,690","10,998","10,690","350.67K","1.25%"
"2022/07/13","10,682","10,500","10,895","10,500","423.47K","-2.22%"
"2022/07/12","10,924","11,130","11,130","10,810","237.88K","0.29%"
"2022/07/11","10,892","10,801","10,949","10,800","194.38K","0.01%"
"2022/07/08","10,891","10,870","10,968","10,722","275.93K","0.81%"
"2022/07/07","10,804","10,889","11,067","10,800","287.95K","-0.42%"
"2022/07/06","10,850","10,799","10,905","10,400","486.37K","2.31%"
"2022/07/05","10,605","10,730","10,750","10,352","136.94K","-0.68%"
"2022/07/04","10,678","10,815","10,815","10,308","91.14K","2.94%"
"2022/07/01","10,373","10,588","10,620","10,268","330.78K","-3.06%"
"2022/06/30","10,700","11,010","11,010","10,599","585.29K","-3.06%"
"2022/06/29","11,038","11,229","11,246","10,962","250.07K","-3.11%"
"2022/06/28","11,392","11,508","11,588","11,222","386.81K","-0.56%"
"2022/06/27","11,456","11,500","11,608","11,376","279.37K","-0.03%"
"2022/06/24","11,460","11,000","11,579","11,000","336.78K","2.01%"
"2022/06/23","11,234","11,149","11,305","10,984","184.70K","-0.36%"
"2022/06/22","11,275","11,177","11,357","11,097","217.40K","0.27%"
"2022/06/21","11,245","11,062","11,428","11,062","216.98K","2.09%"
"2022/06/20","11,015","10,855","11,501","10,855","175.53K","1.47%"
"2022/06/17","10,855","11,139","11,253","10,855","1.63M","-4.90%"
"2022/06/15","11,414","11,735","11,735","10,998","258.16K","1.20%"
"2022/06/14","11,279","11,443","11,708","11,158","423.65K","-1.34%"
"2022/06/13","11,432","11,440","11,723","10,824","508.45K","3.08%"
"2022/06/10","11,090","11,311","11,320","11,055","164.40K","-1.36%"
"2022/06/09","11,243","11,235","11,698","10,802","576.77K","2.87%"
"2022/06/08","10,929","11,235","11,235","10,726","1.29M","0.89%"
"2022/06/07","10,833","11,000","11,025","10,700","189.39K","-2.96%"
"2022/06/06","11,163","11,201","11,292","11,112","164.60K","-0.27%"
"2022/06/03","11,193","11,410","11,410","11,148","312.67K","-0.04%"
"2022/06/02","11,197","11,510","11,634","11,097","240.21K","-2.01%"
"2022/06/01","11,427","11,309","11,506","11,309","176.36K","-0.23%"
"2022/05/31","11,453","11,278","11,596","11,241","322.88K","1.55%"
"2022/05/30","11,278","10,600","11,351","10,600","152.58K","1.33%"
"2022/05/27","11,130","10,801","11,220","10,801","201.17K","2.51%"
"2022/05/26","10,858","10,737","10,862","10,525","188.78K","1.83%"
"2022/05/25","10,663","10,584","10,789","10,577","479.04K","0.75%"
"2022/05/24","10,584","10,895","10,895","10,404","315.13K","-1.22%"
"2022/05/23","10,715","11,394","11,394","10,614","257.63K","0.19%"
"2022/05/20","10,695","10,699","10,916","10,667","174.43K","0.40%"
"2022/05/19","10,652","10,899","10,899","10,499","133.80K","-1.62%"
"2022/05/18","10,827","10,835","11,027","10,717","259.91K","-1.12%"
"2022/05/17","10,950","10,800","11,200","10,800","227.56K","-1.26%"
"2022/05/16","11,090","11,099","11,150","10,995","393.67K","-0.37%"
"2022/05/13","11,131","11,227","11,370","11,004","179.92K","0.82%"
"2022/05/12","11,041","10,831","11,041","10,686","174.86K","0.00%"
"2022/05/11","11,041","10,721","11,083","10,700","125.28K","1.41%"
"2022/05/10","10,887","10,822","11,300","10,767","331.34K","-0.12%"
"2022/05/09","10,900","10,926","11,101","10,874","1.19M","-1.48%"
"2022/05/06","11,064","11,000","11,082","10,719","417.78K","-0.11%"
"2022/05/05","11,076","11,147","11,253","11,039","285.03K","-0.22%"
"2022/05/04","11,100","11,650","11,650","11,026","342.61K","-0.90%"
"2022/05/03","11,201","11,338","11,473","11,162","270.48K","-1.53%"
"2022/04/29","11,375","10,901","11,622","10,901","355.01K","0.90%"
"2022/04/28","11,273","11,217","11,556","10,942","330.84K","4.23%"
"2022/04/26","10,816","10,778","10,859","10,685","278.70K","0.80%"
"2022/04/25","10,730","11,095","11,095","10,699","217.42K","-3.96%"
"2022/04/22","11,173","11,235","11,285","10,931","312.60K","2.50%"
"2022/04/21","10,900","10,812","11,027","10,811","284.68K","0.53%"
"2022/04/20","10,842","10,809","11,137","10,809","167.55K","0.62%"
"2022/04/19","10,775","10,584","10,850","10,584","281.15K","1.39%"
"2022/04/14","10,627","10,593","10,679","10,533","173.85K","0.37%"
"2022/04/13","10,588","10,600","10,703","10,522","657.04K","-0.36%"
"2022/04/12","10,626","10,660","10,784","10,595","631.43K","-1.78%"
"2022/04/11","10,819","10,500","10,888","10,500","265.78K","0.81%"
"2022/04/08","10,732","10,599","10,794","10,529","354.52K","1.19%"
"2022/04/07","10,606","10,871","10,871","10,596","351.64K","-2.16%"
"2022/04/06","10,840","10,748","10,894","10,633","547.12K","-0.13%"
"2022/04/05","10,854","10,768","10,903","10,719","249.23K","0.04%"
"2022/04/04","10,850","10,940","10,940","10,645","434.21K","1.16%"
"2022/04/01","10,726","10,718","10,918","10,665","226.20K","-0.01%"
"2022/03/31","10,727","10,601","10,944","10,601","730.90K","-1.59%"
"2022/03/30","10,900","10,841","10,925","10,789","442.37K","0.60%"
"2022/03/29","10,835","10,531","10,835","10,531","348.47K","2.63%"
"2022/03/28","10,557","10,627","10,658","10,493","1.89M","0.01%"
"2022/03/25","10,556","10,329","10,584","10,260","543.44K","2.14%"
"2022/03/24","10,335","10,417","10,417","10,200","1.19M","-0.79%"
"2022/03/23","10,417","10,600","10,600","10,318","912.96K","-0.44%"
"2022/03/22","10,463","10,477","10,539","10,350","904.54K","0.69%"
"2022/03/18","10,391","10,501","10,562","10,317","1.20M","-1.37%"
"2022/03/17","10,535","10,501","10,598","10,368","764.25K","0.81%"
"2022/03/16","10,450","10,281","10,518","10,127","469.07K","3.99%"
"2022/03/15","10,049","10,005","10,078","9,930","1.61M","0.50%"
"2022/03/14","9,999","10,100","10,100","9,622","812.22K","0.58%"
"2022/03/11","9,941","9,820","9,988","9,600","690.61K","1.24%"
"2022/03/10","9,819","9,725","9,895","9,594","1.58M","1.07%"
"2022/03/09","9,715","9,200","9,736","9,038","905.65K","4.70%"
"2022/03/08","9,279","9,612","9,612","8,970","1.03M","-2.47%"
"2022/03/07","9,514","10,120","10,120","9,220","1.10M","-5.99%"
"2022/03/04","10,120","10,937","11,150","9,923","1.77M","-8.00%"
"2022/03/03","11,000","11,250","11,250","10,928","928.31K","0.78%"
"2022/03/02","10,915","11,339","11,339","10,704","1.08M","-0.77%"
"2022/03/01","11,000","10,755","11,240","10,755","937.66K","0.02%"
"2022/02/28","10,998","10,858","11,250","10,800","1.20M","0.63%"
"2022/02/25","10,929","11,250","11,357","10,841","734.21K","-3.28%"
"2022/02/24","11,300","11,080","11,355","10,800","1.18M","1.99%"
"2022/02/23","11,080","10,752","11,238","10,752","547.02K","3.25%"
"2022/02/22","10,731","11,000","11,204","10,549","636.06K","-2.08%"
"2022/02/21","10,959","11,090","11,265","10,709","1.14M","-0.37%"
"2022/02/18","11,000","11,350","11,350","10,915","429.96K","-1.79%"
"2022/02/17","11,200","11,369","11,500","11,164","329.99K","-1.44%"
"2022/02/16","11,364","11,267","11,486","11,267","341.09K","0.06%"
"2022/02/15","11,357","11,107","11,487","11,107","594.63K","2.59%"
"2022/02/14","11,070","11,500","11,500","11,059","426.83K","-2.89%"
"2022/02/11","11,400","11,389","11,591","11,286","185.70K","0.00%"
"2022/02/10","11,400","11,449","11,600","11,362","147.15K","-0.44%"
"2022/02/09","11,450","11,599","11,599","11,351","371.30K","0.57%"
"2022/02/08","11,385","11,399","11,506","11,337","689.16K","-0.13%"
"2022/02/07","11,400","11,571","11,571","11,249","421.03K","0.02%"
"2022/02/04","11,398","11,190","11,669","11,190","686.15K","1.77%"
"2022/02/03","11,200","11,599","11,599","11,191","397.37K","-2.31%"
"2022/02/02","11,465","11,850","11,898","11,465","294.37K","-3.38%"
"2022/02/01","11,866","11,506","12,068","11,506","666.85K","1.42%"
"2022/01/31","11,700","11,646","11,997","11,601","555.29K","0.46%"
"2022/01/28","11,646","11,505","11,850","11,505","82.09K","-1.17%"
"2022/01/27","11,784","11,649","11,949","11,550","324.43K","0.31%"
"2022/01/26","11,748","11,600","11,983","11,281","421.71K","2.07%"
"2022/01/25","11,510","11,250","11,562","10,921","813.39K","4.67%"
"2022/01/24","10,996","11,110","11,192","10,703","247.49K","-0.85%"
"2022/01/21","11,090","11,682","11,682","11,048","189.94K","-4.40%"
"2022/01/20","11,600","11,099","11,677","11,099","750.82K","4.50%"
"2022/01/19","11,100","11,058","11,350","10,980","1.09M","1.69%"
"2022/01/18","10,916","10,928","11,044","10,606","734.34K","1.57%"
"2022/01/17","10,747","11,082","11,082","10,601","763.61K","-1.56%"
"2022/01/14","10,917","11,174","11,174","10,827","78.85K","-0.75%"
"2022/01/13","11,000","10,802","11,189","10,750","385.52K","2.33%"
"2022/01/12","10,750","10,799","10,871","10,552","141.41K","0.01%"
"2022/01/11","10,749","10,810","11,099","10,710","79.22K","-0.56%"
"2022/01/10","10,810","10,900","10,900","10,656","207.14K","-1.51%"
"2022/01/07","10,976","11,021","11,024","10,701","124.55K","-0.02%"
"2022/01/06","10,978","10,651","11,063","10,651","249.57K","1.79%"
"2022/01/05","10,785","10,840","10,977","10,784","155.56K","-0.51%"
"2022/01/04","10,840","10,808","10,982","10,808","88.69K","0.30%"
"2022/01/03","10,808","10,817","10,999","10,518","88.34K","-1.83%"
"2021/12/31","11,009","10,800","11,009","10,699","261.44K","1.90%"
"2021/12/30","10,804","10,541","10,918","10,488","87.75K","2.83%"
"2021/12/29","10,507","10,574","10,638","10,493","97.93K","0.07%"
"2021/12/28","10,500","10,000","10,588","10,000","188.31K","0.10%"
"2021/12/24","10,490","10,489","10,496","10,397","24.85K","0.75%"
"2021/12/23","10,412","10,311","10,483","10,294","189.04K","0.41%"
"2021/12/22","10,369","10,486","10,486","10,306","92.00K","-0.09%"
"2021/12/21","10,378","10,600","10,600","10,165","192.65K","2.75%"
"2021/12/20","10,100","10,250","10,376","10,071","341.01K","-1.92%"
"2021/12/17","10,298","10,651","10,824","10,212","1.20M","-3.15%"
"2021/12/15","10,633","10,551","10,809","10,551","342.21K","0.31%"
"2021/12/14","10,600","10,800","10,800","10,400","629.57K","1.30%"
"2021/12/13","10,464","11,100","11,100","10,444","427.16K","-0.98%"
"2021/12/10","10,568","10,878","10,932","10,543","1.08M","-3.93%"
"2021/12/09","11,000","10,983","11,045","10,709","596.53K","0.00%"
"2021/12/08","11,000","10,694","11,140","10,621","553.14K","3.07%"
"2021/12/07","10,672","11,139","11,139","10,646","246.74K","-2.73%"
"2021/12/06","10,971","11,093","11,114","10,949","73.01K","-0.73%"
"2021/12/03","11,052","11,131","11,153","10,629","274.42K","-0.68%"
"2021/12/02","11,128","10,990","11,198","10,900","212.03K","2.49%"
"2021/12/01","10,858","10,597","10,906","10,432","634.18K","2.24%"
"2021/11/30","10,620","10,600","10,807","10,557","1.12M","0.60%"
"2021/11/29","10,557","10,399","10,629","10,274","279.93K","3.47%"
"2021/11/26","10,203","10,700","10,700","10,122","659.16K","-4.28%"
"2021/11/25","10,659","10,559","10,717","10,531","176.07K","0.56%"
"2021/11/24","10,600","10,640","10,899","10,488","499.63K","-0.57%"
"2021/11/23","10,661","10,452","10,689","10,161","632.15K","3.08%"
"2021/11/22","10,342","10,750","10,817","10,301","606.64K","-3.35%"
"2021/11/19","10,700","10,749","10,921","10,631","628.28K","0.47%"
"2021/11/18","10,650","10,545","10,779","10,245","383.82K","0.98%"
"2021/11/17","10,547","10,690","10,717","10,498","114.18K","0.61%"
"2021/11/16","10,483","10,649","10,732","10,425","277.58K","-0.02%"
"2021/11/15","10,485","10,393","10,692","10,393","258.55K","-0.63%"
"2021/11/12","10,552","10,361","10,599","10,361","382.62K","1.89%"
"2021/11/11","10,356","10,107","10,440","9,915","287.38K","4.50%"
"2021/11/10","9,910","10,042","10,168","9,836","529.74K","-1.52%"
"2021/11/09","10,063","10,152","10,279","9,903","379.59K","-0.88%"
"2021/11/08","10,152","9,982","10,241","9,500","503.44K","3.59%"
"2021/11/05","9,800","10,150","10,280","9,744","448.64K","-4.15%"
"2021/11/04","10,224","10,297","10,398","10,179","167.17K","-0.59%"
"2021/11/03","10,285","10,458","10,458","10,029","208.06K","3.19%"
"2021/11/02","9,967","10,166","10,442","9,967","582.85K","-2.22%"
"2021/10/29","10,193","10,020","10,200","9,953","262.96K","1.59%"
"2021/10/28","10,033","10,200","10,211","10,033","334.30K","-1.64%"
"2021/10/27","10,200","10,400","10,447","10,159","374.31K","-0.98%"
"2021/10/26","10,301","10,300","10,388","9,952","420.76K","1.65%"
"2021/10/25","10,134","9,901","10,185","9,821","346.00K","1.34%"
"2021/10/22","10,000","10,281","10,341","9,876","518.76K","-2.72%"
"2021/10/21","10,280","10,140","10,504","10,140","1.39M","-3.06%"
"2021/10/20","10,604","10,295","10,639","10,289","293.02K","2.91%"
"2021/10/19","10,304","10,176","10,513","9,751","537.19K","0.16%"
"2021/10/18","10,288","10,000","10,369","9,998","373.77K","-0.08%"
"2021/10/15","10,296","10,136","10,482","9,991","219.59K","3.09%"
"2021/10/14","9,987","10,265","10,355","9,914","634.44K","-2.71%"
"2021/10/13","10,265","9,914","10,366","9,826","385.58K","4.26%"
"2021/10/12","9,846","10,081","10,788","9,600","1.22M","-3.63%"
"2021/10/11","10,217","10,018","10,266","10,018","191.69K","0.56%"
"2021/10/08","10,160","10,159","10,250","10,131","630.01K","-0.20%"
"2021/10/07","10,180","10,245","10,245","9,994","252.50K","1.34%"
"2021/10/06","10,045","10,165","10,232","9,996","163.20K","-1.72%"
"2021/10/05","10,221","10,000","10,235","9,965","225.84K","1.97%"
"2021/10/04","10,024","10,000","10,149","9,816","319.76K","0.34%"
"2021/10/01","9,990","10,457","10,457","9,990","188.92K","-1.84%"
"2021/09/30","10,177","10,000","10,441","10,000","417.42K","2.64%"
"2021/09/29","9,915","10,102","10,146","9,786","749.43K","-1.85%"
"2021/09/28","10,102","10,435","10,464","9,928","603.32K","-4.00%"
"2021/09/27","10,523","10,500","10,718","10,233","271.24K","1.61%"
"2021/09/23","10,356","10,251","10,451","10,245","433.60K","0.21%"
"2021/09/22","10,334","10,100","10,401","10,100","166.12K","2.62%"
"2021/09/21","10,070","10,258","10,420","9,991","536.08K","-3.95%"
"2021/09/20","10,484","10,850","10,850","10,278","459.72K","-2.25%"
"2021/09/17","10,725","10,860","10,860","10,594","1.01M","-0.08%"
"2021/09/16","10,734","10,329","10,819","10,273","443.20K","4.21%"
"2021/09/15","10,300","10,650","10,650","10,282","783.19K","-0.48%"
"2021/09/14","10,350","10,521","10,575","10,200","700.39K","1.62%"
"2021/09/13","10,185","10,499","10,666","10,069","445.64K","-1.72%"
"2021/09/10","10,363","10,840","11,000","10,264","848.65K","-4.04%"
"2021/09/09","10,799","10,947","10,981","10,562","915.81K","2.71%"
"2021/09/08","10,514","10,000","10,688","9,904","456.94K","4.86%"
"2021/09/07","10,027","10,067","10,100","9,985","915.64K","0.28%"
"2021/09/06","9,999","9,989","10,251","9,950","658.02K","0.69%"
"2021/09/03","9,930","9,700","10,141","9,700","331.61K","1.07%"
"2021/09/02","9,825","9,420","10,799","9,141","1.38M","4.30%"
"2021/09/01","9,420","9,424","9,510","9,321","276.21K","1.80%"
"2021/08/31","9,253","8,995","9,792","8,995","1.15M","2.93%"
"2021/08/30","8,990","9,060","9,165","8,956","195.08K","0.76%"
"2021/08/27","8,922","9,351","9,351","8,814","400.96K","-0.65%"
"2021/08/26","8,980","9,120","9,227","8,925","248.28K","-2.67%"
"2021/08/25","9,226","8,623","9,385","8,564","437.18K","7.15%"
"2021/08/24","8,610","8,604","8,680","8,580","79.52K","0.00%"
"2021/08/23","8,610","8,600","8,738","8,595","146.07K","-0.17%"
"2021/08/20","8,625","8,702","8,792","8,590","218.41K","-0.30%"
"2021/08/19","8,651","8,600","8,671","8,470","540.03K","-0.10%"
"2021/08/18","8,660","8,700","8,753","8,588","64.36K","0.12%"
"2021/08/17","8,650","8,629","8,694","8,440","507.45K","0.82%"
"2021/08/16","8,580","8,335","8,581","8,335","303.52K","2.11%"
"2021/08/13","8,403","8,276","8,450","8,276","203.34K","0.02%"
"2021/08/12","8,401","8,239","8,470","8,239","363.23K","-0.12%"
"2021/08/11","8,411","8,609","8,609","8,315","313.16K","0.78%"
"2021/08/10","8,346","8,400","8,670","8,202","311.54K","-0.14%"
"2021/08/06","8,358","8,690","8,690","8,325","225.71K","-3.21%"
"2021/08/05","8,635","8,520","8,817","8,520","342.60K","0.94%"
"2021/08/04","8,555","8,973","9,086","8,517","281.82K","-3.88%"
"2021/08/03","8,900","8,450","8,966","8,450","234.53K","0.85%"
"2021/08/02","8,825","8,679","8,920","8,605","433.26K","3.68%"
"2021/07/30","8,512","8,675","8,741","8,473","188.50K","-2.72%"
"2021/07/29","8,750","8,935","8,935","8,731","281.46K","0.57%"
"2021/07/28","8,700","8,601","8,997","8,601","283.60K","0.37%"
"2021/07/27","8,668","8,710","8,974","8,620","416.35K","-0.80%"
"2021/07/26","8,738","8,999","9,000","8,688","358.88K","-2.26%"
"2021/07/23","8,940","8,770","8,973","8,579","356.51K","1.90%"
"2021/07/22","8,773","8,551","8,802","8,533","270.30K","3.07%"
"2021/07/21","8,512","8,600","8,873","8,404","504.57K","-3.52%"
"2021/07/20","8,823","8,501","8,857","8,501","237.74K","2.83%"
"2021/07/19","8,580","8,637","8,875","8,403","486.21K","-0.66%"
"2021/07/16","8,637","8,969","9,091","8,568","347.95K","-3.28%"
"2021/07/15","8,930","9,200","9,281","8,926","248.01K","-2.93%"
"2021/07/14","9,200","8,750","9,209","8,686","337.14K","4.88%"
"2021/07/13","8,772","9,141","9,210","8,772","638.90K","-3.38%"
"2021/07/12","9,079","9,060","9,205","8,869","341.45K","0.21%"
"2021/07/09","9,060","8,837","9,225","8,837","421.04K","3.38%"
"2021/07/08","8,764","8,738","8,874","8,557","371.39K","0.30%"
"2021/07/07","8,738","8,860","8,908","8,571","262.01K","-0.76%"
"2021/07/06","8,805","8,744","8,852","8,623","253.40K","0.89%"
"2021/07/05","8,727","9,300","9,300","8,674","97.95K","-1.47%"
"2021/07/02","8,857","9,114","9,114","8,718","149.44K","-1.70%"
"2021/07/01","9,010","9,333","9,333","9,010","308.67K","-3.47%"
"2021/06/30","9,334","9,186","9,344","9,173","290.24K","0.63%"
"2021/06/29","9,276","9,300","9,418","9,053","282.93K","1.00%"
"2021/06/28","9,184","9,365","9,365","9,025","717.98K","-2.10%"
"2021/06/25","9,381","9,950","9,970","9,365","273.63K","-5.72%"
"2021/06/24","9,950","9,600","10,034","9,578","966.33K","2.97%"
"2021/06/23","9,663","9,800","9,915","9,627","196.69K","-1.63%"
"2021/06/22","9,823","9,759","10,114","9,601","876.88K","0.66%"
"2021/06/21","9,759","9,527","9,890","9,497","483.63K","1.66%"
"2021/06/18","9,600","9,425","9,600","9,356","1.02M","1.05%"
"2021/06/17","9,500","9,380","9,744","9,380","741.18K","0.40%"
"2021/06/15","9,462","9,500","9,655","9,372","422.24K","-1.83%"
"2021/06/14","9,638","9,572","9,701","9,481","151.44K","2.71%"
"2021/06/11","9,384","9,300","9,703","9,300","316.86K","-3.60%"
"2021/06/10","9,734","9,621","9,750","9,403","279.18K","1.93%"
"2021/06/09","9,550","9,382","9,749","9,310","426.39K","2.43%"
"2021/06/08","9,323","9,100","9,500","9,100","325.13K","-0.18%"
"2021/06/07","9,340","9,600","9,600","9,171","138.45K","-1.57%"
"2021/06/04","9,489","9,371","9,605","9,200","1.06M","0.43%"
"2021/06/03","9,448","9,730","9,730","9,381","368.60K","-2.52%"
"2021/06/02","9,692","9,744","9,892","9,582","427.39K","2.02%"
"2021/06/01","9,500","9,500","9,579","9,424","200.33K","0.00%"
"2021/05/31","9,500","9,450","9,838","9,443","726.98K","0.44%"
"2021/05/28","9,458","9,489","9,519","9,150","2.12M","2.86%"
"2021/05/27","9,195","9,001","9,232","9,000","1.37M","1.71%"
"2021/05/26","9,040","9,490","9,490","8,960","279.54K","0.44%"
"2021/05/25","9,000","9,121","9,121","8,915","618.30K","-0.30%"
"2021/05/24","9,027","9,400","9,400","8,949","190.76K","0.30%"
"2021/05/21","9,000","9,300","9,300","9,000","160.47K","-1.06%"
"2021/05/20","9,096","9,303","9,340","9,096","430.75K","-2.19%"
"2021/05/19","9,300","9,251","9,431","9,085","218.68K","-0.88%"
"2021/05/18","9,383","9,400","9,448","9,156","370.59K","0.51%"
"2021/05/17","9,335","9,400","9,508","9,219","110.36K","-1.23%"
"2021/05/14","9,451","9,213","9,520","9,121","625.04K","3.71%"
"2021/05/13","9,113","8,603","9,168","8,502","481.18K","4.11%"
"2021/05/12","8,753","8,911","9,100","8,743","663.02K","-3.59%"
"2021/05/11","9,079","9,300","9,544","8,971","1.04M","-1.99%"
"2021/05/10","9,263","9,100","9,422","9,054","863.38K","1.60%"
"2021/05/07","9,117","8,999","9,228","8,995","275.75K","-0.14%"
"2021/05/06","9,130","9,013","9,308","8,982","711.29K","2.58%"
"2021/05/05","8,900","9,071","9,161","8,799","538.02K","-0.80%"
"2021/05/04","8,972","8,730","9,127","8,730","498.53K","1.79%"
"2021/05/03","8,814","9,110","9,243","8,810","322.42K","-3.34%"
"2021/04/30","9,119","9,112","9,215","9,006","365.35K","-1.31%"
"2021/04/29","9,240","9,350","9,571","9,215","430.70K","-0.11%"
"2021/04/28","9,250","9,410","9,494","9,224","330.87K","-1.70%"
"2021/04/26","9,410","9,095","9,431","9,000","487.90K","1.98%"
"2021/04/23","9,227","9,230","9,422","8,980","337.14K","0.02%"
"2021/04/22","9,225","9,250","9,250","9,071","443.19K","1.37%"
"2021/04/21","9,100","9,250","9,290","8,996","388.00K","-0.25%"
"2021/04/20","9,123","9,270","9,458","9,121","735.67K","-1.56%"
"2021/04/19","9,268","9,370","9,552","9,256","328.72K","-1.09%"
"2021/04/16","9,370","9,410","9,445","9,321","491.29K","-0.39%"
"2021/04/15","9,407","9,660","9,833","9,202","444.27K","-4.46%"
"2021/04/14","9,846","9,530","9,922","9,405","577.26K","3.31%"
"2021/04/13","9,531","9,349","9,579","9,200","678.66K","2.48%"
"2021/04/12","9,300","9,199","9,427","9,138","713.80K","1.10%"
"2021/04/09","9,199","9,061","9,400","8,901","255.85K","-1.51%"
"2021/04/08","9,340","9,261","9,412","9,246","524.31K","-0.14%"
"2021/04/07","9,353","9,150","9,431","9,104","819.65K","2.74%"
"2021/04/06","9,104","8,820","9,150","8,736","420.69K","2.29%"
"2021/04/01","8,900","8,867","8,960","8,672","432.45K","3.38%"
"2021/03/31","8,609","9,000","9,000","8,601","522.95K","-3.70%"
"2021/03/30","8,940","8,296","8,940","8,296","797.52K","5.64%"
"2021/03/29","8,463","8,455","8,920","8,412","1.25M","-1.94%"
"2021/03/26","8,630","8,634","8,694","8,450","663.28K","-0.20%"
"2021/03/25","8,647","8,501","8,721","8,496","603.99K","-1.73%"
"2021/03/24","8,799","8,200","8,870","8,200","480.56K","2.77%"
"2021/03/23","8,562","8,712","9,158","8,211","1.07M","-4.01%"
"2021/03/19","8,920","8,707","8,973","8,515","960.18K","1.66%"
"2021/03/18","8,774","8,731","9,108","8,711","605.56K","-1.28%"
"2021/03/17","8,888","8,506","9,050","8,506","842.05K","0.10%"
"2021/03/16","8,879","8,594","9,056","8,594","992.81K","1.82%"
"2021/03/15","8,720","8,756","8,996","8,493","649.59K","1.12%"
"2021/03/12","8,623","8,989","8,989","8,563","506.09K","-1.04%"
"2021/03/11","8,714","9,000","9,160","8,673","731.47K","-2.09%"
"2021/03/10","8,900","8,778","8,987","8,640","826.09K","1.63%"
"2021/03/09","8,757","8,590","8,991","8,590","617.94K","1.66%"
"2021/03/08","8,614","8,250","8,703","8,250","937.06K","1.95%"
"2021/03/05","8,449","8,341","8,557","8,232","445.90K","2.41%"
"2021/03/04","8,250","8,330","8,415","8,247","504.41K","-0.60%"
"2021/03/03","8,300","8,430","9,081","8,217","1.17M","0.61%"
"2021/03/02","8,250","7,621","8,457","7,621","2.57M","4.00%"
"2021/03/01","7,933","7,903","8,103","7,800","581.97K","0.97%"
"2021/02/26","7,857","7,506","7,931","7,301","914.06K","5.45%"
"2021/02/25","7,451","7,302","7,650","7,299","372.90K","1.31%"
"2021/02/24","7,355","7,230","7,579","7,035","950.40K","3.01%"
"2021/02/23","7,140","7,110","7,331","6,945","514.64K","0.42%"
"2021/02/22","7,110","6,961","7,110","6,875","449.81K","2.08%"
"2021/02/19","6,965","7,050","7,050","6,751","219.74K","0.94%"
"2021/02/18","6,900","6,850","6,978","6,850","452.59K","-0.14%"
"2021/02/17","6,910","6,780","7,007","6,550","722.05K","4.41%"
"2021/02/16","6,618","6,525","6,807","6,525","279.31K","0.27%"
"2021/02/15","6,600","6,850","6,879","6,540","224.96K","-1.36%"
"2021/02/12","6,691","6,763","6,772","6,407","141.74K","-0.46%"
"2021/02/11","6,722","6,861","7,050","6,657","154.02K","0.13%"
"2021/02/10","6,713","6,991","7,042","6,711","239.07K","-3.03%"
"2021/02/09","6,923","6,250","7,006","6,250","253.52K","-0.14%"
"2021/02/08","6,933","7,160","7,286","6,933","213.47K","-2.35%"
"2021/02/05","7,100","7,007","7,339","6,849","818.55K","4.21%"
"2021/02/04","6,813","7,100","7,122","6,801","280.39K","-4.03%"
"2021/02/03","7,099","6,999","7,369","6,941","691.04K","1.72%"
"2021/02/02","6,979","6,250","7,390","6,250","702.85K","14.24%"
"2021/02/01","6,109","5,995","6,228","5,995","188.49K","-0.78%"
"2021/01/29","6,157","6,093","6,239","6,007","286.12K","0.93%"
"2021/01/28","6,100","6,178","6,178","5,999","213.84K","0.00%"
"2021/01/27","6,100","6,189","6,189","6,055","336.27K","0.00%"
"2021/01/26","6,100","6,349","6,349","5,957","409.24K","-0.47%"
"2021/01/25","6,129","6,002","6,235","6,002","693.28K","0.48%"
"2021/01/22","6,100","6,059","6,100","5,900","250.90K","2.78%"
"2021/01/21","5,935","5,998","6,022","5,867","111.99K","-1.25%"
"2021/01/20","6,010","5,941","6,189","5,899","260.41K","-0.66%"
"2021/01/19","6,050","5,860","6,202","5,785","248.45K","3.37%"
"2021/01/18","5,853","5,445","5,860","5,445","190.39K","3.21%"
"2021/01/15","5,671","5,603","5,730","5,603","219.43K","-1.85%"
"2021/01/14","5,778","5,780","5,849","5,654","192.48K","2.05%"
"2021/01/13","5,662","5,447","5,740","5,447","169.59K","2.02%"
"2021/01/12","5,550","5,680","5,680","5,351","397.81K","1.52%"
"2021/01/11","5,467","5,745","5,750","5,341","383.04K","-1.65%"
"2021/01/08","5,559","5,622","5,740","5,468","510.07K","-0.68%"
"2021/01/07","5,597","5,525","5,703","5,525","135.97K","-0.07%"
"2021/01/06","5,601","5,600","5,695","5,506","73.03K","0.23%"
"2021/01/05","5,588","5,651","5,999","5,523","798.35K","-4.30%"
"2021/01/04","5,839","5,768","6,086","5,601","357.67K","4.27%"
"2020/12/31","5,600","5,916","6,050","5,600","506.07K","-2.51%"
"2020/12/30","5,744","6,073","6,101","5,705","130.74K","-2.16%"
"2020/12/29","5,871","5,800","5,915","5,720","173.73K","1.54%"
"2020/12/28","5,782","5,869","6,214","5,773","73.36K","0.07%"
"2020/12/24","5,778","5,859","6,100","5,649","65.26K","1.14%"
"2020/12/23","5,713","5,850","5,850","5,615","164.84K","-0.80%"
"2020/12/22","5,759","6,110","6,110","5,759","281.30K","-1.47%"
"2020/12/21","5,845","6,122","6,148","5,630","383.62K","-1.35%"
"2020/12/18","5,925","5,909","6,040","5,661","608.70K","2.17%"
"2020/12/17","5,799","5,755","6,014","5,537","639.36K","-2.24%"
"2020/12/15","5,932","6,030","6,030","5,688","425.27K","0.32%"
"2020/12/14","5,913","5,890","6,118","5,711","734.30K","-3.46%"
"2020/12/11","6,125","5,545","6,171","5,545","343.03K","7.59%"
"2020/12/10","5,693","5,590","5,841","5,411","334.38K","0.05%"
"2020/12/09","5,690","5,752","5,769","5,479","287.98K","3.85%"
"2020/12/08","5,479","5,360","5,491","5,308","1.27M","0.70%"
"2020/12/07","5,441","5,150","5,500","5,150","267.60K","1.82%"
"2020/12/04","5,344","5,389","5,452","5,325","140.08K","1.87%"
"2020/12/03","5,246","5,601","5,748","5,230","429.36K","-6.32%"
"2020/12/02","5,600","6,140","6,140","5,597","265.61K","-1.70%"
"2020/12/01","5,697","5,750","6,045","5,600","303.47K","-1.61%"
"2020/11/30","5,790","6,060","6,150","5,601","585.62K","-2.31%"
"2020/11/27","5,927","5,840","5,997","5,399","455.98K","4.26%"
"2020/11/26","5,685","5,560","5,725","5,479","626.63K","2.25%"
"2020/11/25","5,560","5,231","5,569","5,193","493.80K","2.96%"
"2020/11/24","5,400","5,330","5,409","5,140","422.54K","4.79%"
"2020/11/23","5,153","5,270","5,304","5,138","243.23K","-2.31%"
"2020/11/20","5,275","5,574","5,574","5,270","175.38K","-4.83%"
"2020/11/19","5,543","5,467","5,791","5,384","331.47K","3.90%"
"2020/11/18","5,335","5,450","5,455","5,241","381.00K","-1.71%"
"2020/11/17","5,428","5,399","5,570","5,274","378.18K","2.96%"
"2020/11/16","5,272","5,465","5,465","5,201","374.33K","-0.83%"
"2020/11/13","5,316","5,317","5,354","5,116","338.74K","-1.12%"
"2020/11/12","5,376","5,592","5,592","5,300","262.40K","-3.22%"
"2020/11/11","5,555","5,420","5,660","5,301","285.33K","4.83%"
"2020/11/10","5,299","5,550","5,639","5,050","242.27K","-1.91%"
"2020/11/09","5,402","5,600","6,001","5,104","250.21K","2.49%"
"2020/11/06","5,271","4,460","6,099","4,456","1.38M","14.39%"
"2020/11/05","4,608","4,421","4,646","4,373","350.20K","4.49%"
"2020/11/04","4,410","4,390","4,480","4,347","302.50K","0.46%"
"2020/11/03","4,390","4,180","4,642","4,136","728.77K","2.59%"
"2020/11/02","4,279","4,201","4,350","4,051","517.10K","3.06%"
"2020/10/30","4,152","4,533","4,533","4,023","1.30M","-8.06%"
"2020/10/29","4,516","4,822","4,822","4,484","1.51M","0.36%"
"2020/10/28","4,500","4,800","4,823","4,500","1.14M","-5.86%"
"2020/10/27","4,780","4,626","4,854","4,551","836.60K","1.94%"
"2020/10/26","4,689","4,678","4,859","4,609","407.37K","-0.28%"
"2020/10/23","4,702","4,500","4,788","4,423","983.69K","5.66%"
"2020/10/22","4,450","4,600","4,636","4,444","552.45K","-3.34%"
"2020/10/21","4,604","4,420","4,626","4,420","471.36K","0.96%"
"2020/10/20","4,560","4,441","4,590","4,309","510.04K","3.66%"
"2020/10/19","4,399","4,253","4,421","4,253","836.59K","2.88%"
"2020/10/16","4,276","4,000","4,394","4,000","407.17K","4.29%"
"2020/10/15","4,100","4,131","4,300","4,004","954.65K","-3.57%"
"2020/10/14","4,252","4,290","4,407","4,174","1.09M","-0.89%"
"2020/10/13","4,290","4,100","4,377","4,100","515.46K","2.00%"
"2020/10/12","4,206","4,260","4,431","4,077","1.18M","0.00%"
"2020/10/09","4,206","4,217","4,303","4,162","1.38M","0.14%"
"2020/10/08","4,200","4,132","4,339","4,132","427.21K","-1.87%"
"2020/10/07","4,280","4,271","4,529","4,167","371.15K","-4.06%"
"2020/10/06","4,461","4,518","4,570","4,253","99.20K","0.22%"
"2020/10/05","4,451","4,400","4,633","4,327","578.31K","0.63%"
"2020/10/02","4,423","4,314","4,689","4,247","276.42K","-1.49%"
"2020/10/01","4,490","4,449","4,657","4,288","1.01M","3.70%"
"2020/09/30","4,330","4,100","4,369","4,100","602.71K","4.44%"
"2020/09/29","4,146","3,906","4,170","3,890","566.28K","6.14%"
"2020/09/28","3,906","3,800","3,950","3,800","445.37K","1.19%"
"2020/09/25","3,860","3,903","3,971","3,845","403.38K","-2.82%"
"2020/09/23","3,972","3,810","4,079","3,750","800.82K","4.53%"
"2020/09/22","3,800","3,929","3,946","3,742","737.13K","-0.81%"
"2020/09/21","3,831","4,000","4,104","3,794","520.87K","-3.48%"
"2020/09/18","3,969","4,002","4,232","3,925","3.58M","-0.82%"
"2020/09/17","4,002","3,920","4,300","3,920","1.18M","2.62%"
"2020/09/16","3,900","3,305","4,270","3,305","1.61M","19.27%"
"2020/09/15","3,270","3,182","3,322","3,182","1.37M","2.70%"
"2020/09/14","3,184","2,961","3,220","2,948","521.39K","2.02%"
"2020/09/11","3,121","3,213","3,223","3,121","263.99K","-1.76%"
"2020/09/10","3,177","3,100","3,227","3,026","894.34K","3.32%"
"2020/09/09","3,075","2,960","3,075","2,801","669.61K","5.60%"
"2020/09/08","2,912","2,783","2,938","2,700","925.04K","6.20%"
"2020/09/07","2,742","2,660","2,803","2,660","158.08K","-0.29%"
"2020/09/04","2,750","2,648","2,793","2,614","181.52K","0.07%"
"2020/09/03","2,748","2,667","2,770","2,529","397.16K","1.78%"
"2020/09/02","2,700","2,799","2,799","2,514","442.35K","-1.96%"
"2020/09/01","2,754","2,800","2,900","2,705","221.85K","-0.29%"
"2020/08/31","2,762","2,937","2,937","2,740","474.77K","-1.29%"
"2020/08/28","2,798","2,847","2,861","2,749","209.17K","-0.14%"
"2020/08/27","2,802","2,850","2,850","2,747","198.27K","-0.71%"
"2020/08/26","2,822","2,969","3,000","2,770","197.72K","-5.02%"
"2020/08/25","2,971","2,941","3,122","2,935","155.67K","-2.91%"
"2020/08/24","3,060","3,084","3,131","2,870","306.12K","0.33%"
"2020/08/21","3,050","2,799","3,077","2,775","625.82K","10.43%"
"2020/08/20","2,762","2,839","2,900","2,713","165.23K","-4.76%"
"2020/08/19","2,900","2,878","2,917","2,772","327.83K","3.65%"
"2020/08/18","2,798","2,851","2,876","2,751","527.61K","-3.52%"
"2020/08/17","2,900","2,950","3,011","2,825","348.63K","-1.33%"
"2020/08/14","2,939","2,908","2,944","2,849","276.63K","0.31%"
"2020/08/13","2,930","3,033","3,033","2,896","198.64K","0.83%"
"2020/08/12","2,906","3,029","3,029","2,902","115.84K","-0.72%"
"2020/08/11","2,927","2,879","3,020","2,879","170.18K","1.99%"
"2020/08/07","2,870","2,954","2,969","2,850","152.18K","-1.03%"
"2020/08/06","2,900","2,917","2,987","2,831","412.97K","-2.98%"
"2020/08/05","2,989","2,880","3,014","2,828","287.23K","6.75%"
"2020/08/04","2,800","2,845","2,916","2,799","268.83K","-1.03%"
"2020/08/03","2,829","2,957","2,957","2,788","375.25K","-0.39%"
"2020/07/31","2,840","2,845","2,887","2,800","584.80K","-0.66%"
"2020/07/30","2,859","2,853","3,002","2,785","377.93K","-4.54%"
"2020/07/29","2,995","2,877","3,100","2,877","324.21K","3.28%"
"2020/07/28","2,900","2,915","2,957","2,878","568.68K","0.07%"
"2020/07/27","2,898","2,931","3,106","2,849","318.93K","-0.89%"
"2020/07/24","2,924","3,011","3,063","2,908","385.21K","-1.35%"
"2020/07/23","2,964","3,019","3,051","2,930","365.57K","-1.50%"
"2020/07/22","3,009","2,962","3,220","2,950","436.36K","-5.11%"
"2020/07/21","3,171","3,216","3,431","3,157","515.13K","-1.40%"
"2020/07/20","3,216","3,355","3,355","3,143","276.59K","-3.31%"
"2020/07/17","3,326","3,031","3,358","3,031","465.34K","6.71%"
"2020/07/16","3,117","2,833","3,149","2,833","466.57K","-0.10%"
"2020/07/15","3,120","2,751","3,161","2,751","702.72K","5.30%"
"2020/07/14","2,963","2,950","3,018","2,688","589.11K","4.37%"
"2020/07/13","2,839","2,975","3,008","2,800","909.09K","1.39%"
"2020/07/10","2,800","3,000","3,132","2,632","1.50M","-6.67%"
"2020/07/09","3,000","3,230","3,247","3,000","660.25K","-4.43%"
"2020/07/08","3,139","3,220","3,245","3,030","444.84K","-2.33%"
"2020/07/07","3,214","3,256","3,389","3,142","236.82K","-4.06%"
"2020/07/06","3,350","3,235","3,425","3,200","255.21K","2.51%"
"2020/07/03","3,268","3,115","3,330","3,099","193.61K","5.69%"
"2020/07/02","3,092","3,075","3,260","3,049","214.64K","1.54%"
"2020/07/01","3,045","3,002","3,177","3,000","459.62K","-0.56%"
"2020/06/30","3,062","3,289","3,290","2,999","612.63K","-2.82%"
"2020/06/29","3,151","3,010","3,183","2,964","812.24K","1.74%"
"2020/06/26","3,097","3,378","3,378","3,050","692.54K","-6.41%"
"2020/06/25","3,309","3,113","3,415","3,113","745.40K","-1.11%"
"2020/06/24","3,346","3,495","3,509","3,250","520.49K","-4.18%"
"2020/06/23","3,492","3,418","3,589","3,314","838.65K","5.09%"
"2020/06/22","3,323","3,325","3,409","3,112","615.93K","-2.49%"
"2020/06/19","3,408","3,103","3,470","3,003","2.08M","10.26%"
"2020/06/18","3,091","3,211","3,259","3,006","824.85K","-0.29%"
"2020/06/17","3,100","3,349","3,431","3,025","420.01K","-5.17%"
"2020/06/15","3,269","3,380","3,380","3,185","352.54K","-3.28%"
"2020/06/12","3,380","3,391","3,467","3,154","373.40K","-0.59%"
"2020/06/11","3,400","3,200","3,442","3,184","1.73M","2.32%"
"2020/06/10","3,323","3,758","3,758","3,323","642.68K","-8.96%"
"2020/06/09","3,650","3,772","3,772","3,547","480.16K","0.61%"
"2020/06/08","3,628","3,752","3,783","3,578","599.67K","-0.60%"
"2020/06/05","3,650","3,441","3,825","3,421","1.72M","6.26%"
"2020/06/04","3,435","3,603","3,688","3,217","1.90M","-4.58%"
"2020/06/03","3,600","3,344","3,727","3,344","2.35M","9.92%"
"2020/06/02","3,275","3,037","3,475","3,001","1.83M","9.50%"
"2020/06/01","2,991","2,770","3,016","2,717","668.98K","8.41%"
"2020/05/29","2,759","2,982","2,983","2,754","1.31M","-8.03%"
"2020/05/28","3,000","2,956","3,048","2,931","852.42K","5.19%"
"2020/05/27","2,852","2,985","3,000","2,824","847.85K","-2.93%"
"2020/05/26","2,938","2,838","3,036","2,838","1.02M","3.56%"
"2020/05/25","2,837","3,020","3,020","2,810","219.90K","-1.08%"
"2020/05/22","2,868","3,150","3,150","2,771","723.99K","-6.73%"
"2020/05/21","3,075","2,992","3,132","2,868","1.64M","2.95%"
"2020/05/20","2,987","2,979","3,008","2,811","445.89K","2.19%"
"2020/05/19","2,923","2,900","3,020","2,871","226.89K","0.79%"
"2020/05/18","2,900","3,000","3,000","2,814","459.53K","0.00%"
"2020/05/15","2,900","2,929","2,999","2,800","1.69M","6.03%"
"2020/05/14","2,735","2,938","2,962","2,735","611.47K","-6.17%"
"2020/05/13","2,915","3,095","3,095","2,750","1.91M","0.52%"
"2020/05/12","2,900","3,095","3,095","2,861","841.70K","1.12%"
"2020/05/11","2,868","3,000","3,054","2,799","860.39K","-1.44%"
"2020/05/08","2,910","2,920","3,163","2,787","1.46M","-3.00%"
"2020/05/07","3,000","2,972","3,079","2,921","1.90M","1.32%"
"2020/05/06","2,961","2,975","3,028","2,913","784.08K","-0.47%"
"2020/05/05","2,975","2,831","3,071","2,831","975.85K","6.25%"
"2020/05/04","2,800","2,901","2,913","2,699","1.02M","-6.67%"
"2020/04/30","3,000","3,000","3,271","2,946","2.76M","-3.23%"
"2020/04/29","3,100","2,951","3,141","2,907","1.43M","6.02%"
"2020/04/28","2,924","2,886","3,149","2,815","1.44M","2.92%"
"2020/04/24","2,841","2,966","3,037","2,675","911.35K","-3.40%"
"2020/04/23","2,941","2,903","3,079","2,900","1.24M","1.41%"
"2020/04/22","2,900","2,936","2,984","2,869","1.46M","-0.62%"
"2020/04/21","2,918","3,251","3,273","2,700","1.37M","-12.90%"
"2020/04/20","3,350","3,431","3,497","3,238","1.05M","-1.47%"
"2020/04/17","3,400","3,500","3,614","3,259","931.50K","0.00%"
"2020/04/16","3,400","3,535","3,600","3,205","1.69M","-5.56%"
"2020/04/15","3,600","4,108","4,244","3,400","1.58M","-17.07%"
"2020/04/14","4,341","3,697","4,376","3,683","1.75M","17.55%"
"2020/04/09","3,693","3,288","3,722","3,288","729.43K","15.12%"
"2020/04/08","3,208","3,550","3,650","2,909","2.87M","-10.89%"
"2020/04/07","3,600","2,978","3,655","2,956","1.62M","23.20%"
"2020/04/06","2,922","2,800","3,049","2,609","1.27M","7.15%"
"2020/04/03","2,727","2,727","2,778","2,547","575.21K","-1.20%"
"2020/04/02","2,760","2,460","2,799","2,380","698.63K","15.97%"
"2020/04/01","2,380","2,586","2,805","2,300","1.36M","-12.50%"
"2020/03/31","2,720","2,850","2,987","2,346","1.61M","-5.56%"
"2020/03/30","2,880","3,300","3,621","2,711","1.90M","-17.24%"
"2020/03/27","3,480","3,700","3,700","3,300","632.49K","-5.95%"
"2020/03/26","3,700","3,459","3,907","3,313","917.40K","5.71%"
"2020/03/25","3,500","3,100","3,805","3,100","1.36M","7.86%"
"2020/03/24","3,245","3,350","3,851","3,015","1.60M","-5.91%"
"2020/03/23","3,449","3,800","3,800","2,940","1.05M","-12.37%"
"2020/03/20","3,936","4,009","4,376","3,894","1.73M","2.10%"
"2020/03/19","3,855","4,200","5,099","3,610","1.18M","-13.99%"
"2020/03/18","4,482","5,451","5,498","4,482","1.32M","-17.78%"
"2020/03/17","5,451","5,300","5,501","4,980","1.23M","2.85%"
"2020/03/16","5,300","6,000","6,301","4,861","750.67K","-15.25%"
"2020/03/13","6,254","6,200","6,900","6,143","355.55K","-3.13%"
"2020/03/12","6,456","6,700","6,851","6,152","1.02M","-5.32%"
"2020/03/11","6,819","7,000","7,199","6,658","1.02M","-3.51%"
"2020/03/10","7,067","6,550","7,400","6,550","549.79K","2.79%"
"2020/03/09","6,875","7,147","7,299","6,466","949.84K","-4.33%"
"2020/03/06","7,186","7,180","7,531","7,175","672.54K","-2.89%"
"2020/03/05","7,400","7,721","7,722","7,271","932.89K","-0.13%"
"2020/03/04","7,410","7,153","7,788","7,131","575.21K","0.47%"
"2020/03/03","7,375","7,300","7,900","7,300","579.19K","1.03%"
"2020/03/02","7,300","7,410","7,557","7,118","740.40K","0.00%"
"2020/02/28","7,300","7,449","7,449","7,110","1.89M","-3.38%"
"2020/02/27","7,555","7,600","7,650","7,227","630.37K","-1.88%"
"2020/02/26","7,700","7,400","8,068","7,235","610.29K","-1.29%"
"2020/02/25","7,801","7,669","7,964","7,437","638.02K","0.72%"
"2020/02/24","7,745","7,655","7,924","7,655","672.92K","-3.67%"
"2020/02/21","8,040","8,050","8,080","7,707","317.46K","-0.73%"
"2020/02/20","8,099","8,002","8,187","8,002","970.12K","-1.22%"
"2020/02/19","8,199","8,250","8,299","7,868","1.09M","-0.62%"
"2020/02/18","8,250","8,300","8,300","7,900","485.02K","-0.84%"
"2020/02/17","8,320","8,100","8,383","7,500","184.60K","0.24%"
"2020/02/14","8,300","8,280","8,368","8,196","713.09K","0.83%"
"2020/02/13","8,232","8,200","8,311","8,173","1.20M","0.70%"
"2020/02/12","8,175","8,056","8,246","8,056","389.75K","-0.87%"
"2020/02/11","8,247","8,061","8,357","8,061","264.94K","-0.55%"
"2020/02/10","8,293","8,299","8,346","8,245","455.34K","-0.08%"
"2020/02/07","8,300","8,051","8,400","8,051","737.30K","0.00%"
"2020/02/06","8,300","8,093","8,387","8,093","312.78K","-0.23%"
"2020/02/05","8,319","8,100","8,361","7,801","658.64K","1.87%"
"2020/02/04","8,166","8,010","8,189","7,984","240.93K","3.07%"
"2020/02/03","7,923","8,200","8,200","7,625","337.25K","-2.19%"
"2020/01/31","8,100","7,990","8,330","7,988","693.82K","-2.19%"
"2020/01/30","8,281","8,010","8,342","8,010","170.57K","-1.59%"
"2020/01/29","8,415","8,211","8,498","8,100","311.20K","3.21%"
"2020/01/28","8,153","8,100","8,289","7,650","272.99K","-0.86%"
"2020/01/27","8,224","8,100","8,420","8,100","204.92K","-2.88%"
"2020/01/24","8,468","8,374","8,506","8,370","174.55K","0.52%"
"2020/01/23","8,424","8,300","8,492","7,901","241.81K","0.29%"
"2020/01/22","8,400","8,360","8,523","8,200","233.40K","1.74%"
"2020/01/21","8,256","8,265","8,395","8,256","163.26K","-0.94%"
"2020/01/20","8,334","8,500","8,500","8,130","294.38K","-0.81%"
"2020/01/17","8,402","8,100","8,481","8,004","238.79K","0.59%"
"2020/01/16","8,353","8,206","8,400","7,800","372.81K","0.07%"
"2020/01/15","8,347","8,089","8,400","8,036","575.27K","3.68%"
"2020/01/14","8,051","8,199","8,199","7,741","347.73K","1.62%"
"2020/01/13","7,923","7,800","8,358","7,396","401.22K","-2.49%"
"2020/01/10","8,125","7,800","8,186","7,800","293.91K","0.54%"
"2020/01/09","8,081","7,745","8,208","7,745","322.66K","4.38%"
"2020/01/08","7,742","7,645","7,974","7,645","251.88K","-2.65%"
"2020/01/07","7,953","7,957","8,050","7,774","412.18K","-0.04%"
"2020/01/06","7,956","8,001","8,074","7,900","142.54K","-2.27%"
"2020/01/03","8,141","8,060","8,185","7,952","134.58K","0.51%"
"2020/01/02","8,100","7,998","8,342","7,981","176.31K","-0.86%"
"2019/12/31","8,170","8,200","8,298","7,857","77.43K","-1.01%"
"2019/12/30","8,253","8,086","8,253","7,995","184.33K","1.34%"
"2019/12/27","8,144","7,701","8,294","7,694","159.49K","1.93%"
"2019/12/24","7,990","8,000","8,279","7,645","127.06K","-2.31%"
"2019/12/23","8,179","8,392","8,401","8,111","712.74K","-2.05%"
"2019/12/20","8,350","7,661","8,598","7,610","2.25M","6.25%"
"2019/12/19","7,859","7,750","7,899","7,625","338.32K","0.32%"
"2019/12/18","7,834","7,520","7,899","7,300","662.69K","2.97%"
"2019/12/17","7,608","7,364","7,770","7,361","422.83K","1.58%"
"2019/12/13","7,490","7,140","7,579","7,093","516.30K","3.57%"
"2019/12/12","7,232","7,137","7,392","7,137","228.96K","-0.58%"
"2019/12/11","7,274","7,159","7,399","7,027","233.74K","2.55%"
"2019/12/10","7,093","7,050","7,283","6,989","398.36K","-1.27%"
"2019/12/09","7,184","7,177","7,278","7,060","638.55K","-0.11%"
"2019/12/06","7,192","7,021","7,259","7,021","252.09K","1.52%"
"2019/12/05","7,084","7,240","7,240","7,011","169.56K","0.60%"
"2019/12/04","7,042","7,000","7,129","6,966","397.16K","0.20%"
"2019/12/03","7,028","7,005","7,234","7,005","368.03K","-1.69%"
"2019/12/02","7,149","7,220","7,335","7,000","440.57K","0.76%"
"2019/11/29","7,095","7,299","7,299","7,003","249.33K","-0.07%"
"2019/11/28","7,100","7,347","7,347","7,099","281.64K","0.00%"
"2019/11/27","7,100","7,120","7,331","7,088","125.29K","-2.65%"
"2019/11/26","7,293","7,066","7,419","7,051","991.45K","3.08%"
"2019/11/25","7,075","7,025","7,110","6,980","400.45K","0.71%"
"2019/11/22","7,025","7,057","7,193","7,025","311.98K","-0.79%"
"2019/11/21","7,081","7,150","7,234","6,939","299.66K","-2.13%"
"2019/11/20","7,235","6,869","7,280","6,869","224.70K","0.07%"
"2019/11/19","7,230","7,199","7,299","7,185","137.95K","0.43%"
"2019/11/18","7,199","7,320","7,344","7,173","277.57K","-0.07%"
"2019/11/15","7,204","7,350","7,373","7,162","472.19K","0.06%"
"2019/11/14","7,200","7,299","7,299","7,081","458.92K","0.70%"
"2019/11/13","7,150","7,150","7,240","7,052","330.43K","-0.42%"
"2019/11/12","7,180","7,151","7,346","7,141","362.12K","0.42%"
"2019/11/11","7,150","7,224","7,500","7,087","336.34K","-1.76%"
"2019/11/08","7,278","7,200","7,358","7,180","207.68K","-0.59%"
"2019/11/07","7,321","7,405","7,694","7,217","692.66K","-0.83%"
"2019/11/06","7,382","7,161","7,441","7,150","1.08M","3.24%"
"2019/11/05","7,150","7,102","7,557","7,102","8.21M","-3.51%"
"2019/11/04","7,410","7,000","7,432","6,900","1.11M","3.93%"
"2019/11/01","7,130","7,001","7,264","7,001","682.27K","-0.53%"
"2019/10/31","7,168","7,000","7,300","6,999","433.72K","-0.32%"
"2019/10/30","7,191","7,050","7,295","7,036","247.76K","-0.81%"
"2019/10/29","7,250","7,299","7,300","7,100","124.05K","-0.28%"
"2019/10/28","7,270","7,030","7,277","6,905","340.71K","0.32%"
"2019/10/25","7,247","7,472","7,472","7,247","343.02K","-2.72%"
"2019/10/24","7,450","7,591","7,650","7,341","1.23M","-2.24%"
"2019/10/23","7,621","7,264","7,680","7,239","557.67K","3.10%"
"2019/10/22","7,392","7,300","7,429","7,186","1.53M","1.33%"
"2019/10/21","7,295","7,174","7,349","6,900","402.06K","1.69%"
"2019/10/18","7,174","7,328","7,412","7,132","4.70M","-3.42%"
"2019/10/17","7,428","7,230","7,445","7,080","800.31K","3.02%"
"2019/10/16","7,210","7,018","7,289","6,852","484.22K","2.20%"
"2019/10/15","7,055","7,102","7,138","6,850","401.46K","1.53%"
"2019/10/14","6,949","7,248","7,360","6,751","308.07K","-4.78%"
"2019/10/11","7,298","7,274","7,340","6,951","1.12M","1.64%"
"2019/10/10","7,180","7,183","7,300","7,085","997.36K","0.59%"
"2019/10/09","7,138","7,329","7,329","6,989","445.18K","-0.86%"
"2019/10/08","7,200","7,299","7,406","7,185","493.77K","0.18%"
"2019/10/07","7,187","6,800","7,228","6,800","213.83K","2.19%"
"2019/10/04","7,033","6,600","7,118","6,600","970.71K","3.53%"
"2019/10/03","6,793","6,646","6,823","6,646","317.64K","1.39%"
"2019/10/02","6,700","6,683","6,850","6,563","367.52K","-1.11%"
"2019/10/01","6,775","6,843","6,954","6,773","401.35K","-1.55%"
"2019/09/30","6,882","7,002","7,032","6,835","263.84K","-0.12%"
"2019/09/27","6,890","7,051","7,052","6,860","428.24K","-0.14%"
"2019/09/26","6,900","7,195","7,195","6,852","496.72K","-0.17%"
"2019/09/25","6,912","7,079","7,110","6,846","354.53K","-2.65%"
"2019/09/23","7,100","7,221","7,273","6,773","467.46K","-2.07%"
"2019/09/20","7,250","7,050","7,287","7,050","2.95M","2.95%"
"2019/09/19","7,042","7,190","7,250","7,042","393.46K","-1.07%"
"2019/09/18","7,118","7,201","7,290","7,102","757.32K","-4.43%"
"2019/09/17","7,448","7,392","7,595","7,367","411.62K","0.65%"
"2019/09/16","7,400","7,381","7,500","7,259","721.85K","0.68%"
"2019/09/13","7,350","7,364","7,537","7,201","1.10M","0.77%"
"2019/09/12","7,294","7,006","7,575","7,006","566.98K","3.61%"
"2019/09/11","7,040","7,049","7,296","6,954","1.50M","0.57%"
"2019/09/10","7,000","7,129","7,249","6,799","717.68K","-2.59%"
"2019/09/09","7,186","7,196","7,399","7,183","363.51K","-0.58%"
"2019/09/06","7,228","7,370","7,399","7,220","319.11K","-2.19%"
"2019/09/05","7,390","7,150","7,456","7,065","377.94K","2.64%"
"2019/09/04","7,200","7,400","7,467","7,050","213.39K","1.59%"
"2019/09/03","7,087","7,064","7,284","7,027","379.05K","-0.84%"
"2019/09/02","7,147","7,423","7,503","7,120","299.02K","-4.71%"
"2019/08/30","7,500","7,420","7,658","7,420","701.60K","0.67%"
"2019/08/29","7,450","7,600","7,630","7,401","793.11K","-1.46%"
"2019/08/28","7,560","7,000","7,599","7,000","1.06M","11.16%"
"2019/08/27","6,801","6,485","6,872","6,430","220.30K","4.41%"
"2019/08/26","6,514","6,551","6,699","6,514","226.31K","-2.79%"
"2019/08/23","6,701","6,701","6,784","6,628","212.57K","-2.36%"
"2019/08/22","6,863","6,927","6,937","6,755","136.03K","-1.68%"
"2019/08/21","6,980","6,950","7,078","6,760","288.52K","0.04%"
"2019/08/20","6,977","6,785","6,977","6,725","386.95K","2.83%"
"2019/08/19","6,785","6,819","7,099","6,645","411.05K","1.79%"
"2019/08/16","6,666","6,945","6,945","6,666","170.67K","-3.75%"
"2019/08/15","6,926","6,777","6,926","6,627","233.26K","1.78%"
"2019/08/14","6,805","7,005","7,050","6,766","317.53K","-2.92%"
"2019/08/13","7,010","6,900","7,010","6,769","330.87K","0.86%"
"2019/08/12","6,950","7,250","7,250","6,904","298.50K","-2.52%"
"2019/08/08","7,130","7,007","7,160","6,983","142.71K","3.68%"
"2019/08/07","6,877","7,298","7,298","6,850","571.35K","-1.43%"
"2019/08/06","6,977","6,900","7,101","6,900","319.12K","0.46%"
"2019/08/05","6,945","7,092","7,092","6,900","562.89K","-3.74%"
"2019/08/02","7,215","6,985","7,369","6,985","550.06K","1.51%"
"2019/08/01","7,108","7,305","7,461","6,962","945.73K","-3.55%"
"2019/07/31","7,370","7,262","7,416","7,262","302.29K","0.96%"
"2019/07/30","7,300","7,378","7,378","7,200","436.94K","-0.44%"
"2019/07/29","7,332","7,340","7,454","7,238","242.21K","-0.89%"
"2019/07/26","7,398","7,460","7,466","7,291","691.90K","-0.23%"
"2019/07/25","7,415","7,825","7,825","7,371","916.48K","-3.07%"
"2019/07/24","7,650","7,898","7,898","7,540","278.45K","-0.84%"
"2019/07/23","7,715","7,740","7,829","7,690","508.85K","-0.30%"
"2019/07/22","7,738","7,831","7,831","7,669","566.32K","-0.62%"
"2019/07/19","7,786","7,700","7,797","7,603","866.45K","2.45%"
"2019/07/18","7,600","7,600","7,689","7,436","401.24K","0.84%"
"2019/07/17","7,537","7,688","7,700","7,415","468.93K","-0.83%"
"2019/07/16","7,600","7,568","7,645","7,431","483.66K","1.88%"
"2019/07/15","7,460","7,335","7,535","7,335","287.87K","-0.04%"
"2019/07/12","7,463","7,498","7,500","7,386","99.57K","1.06%"
"2019/07/11","7,385","7,337","7,466","7,337","207.65K","-0.05%"
"2019/07/10","7,389","7,301","7,473","7,255","620.23K","1.15%"
"2019/07/09","7,305","7,400","7,406","7,222","306.54K","-0.20%"
"2019/07/08","7,320","7,548","7,573","7,247","243.39K","-2.53%"
"2019/07/05","7,510","7,600","7,672","7,423","181.64K","-2.16%"
"2019/07/04","7,676","7,450","7,700","7,389","870.66K","3.81%"
"2019/07/03","7,394","7,300","7,428","7,182","607.75K","1.29%"
"2019/07/02","7,300","7,280","7,348","6,953","884.28K","0.00%"
"2019/07/01","7,300","7,312","7,454","7,242","982.45K","-0.16%"
"2019/06/28","7,312","7,438","7,596","7,218","316.34K","-2.44%"
"2019/06/27","7,495","7,432","7,648","7,152","741.96K","0.87%"
"2019/06/26","7,430","7,200","7,899","7,200","1.04M","-5.05%"
"2019/06/25","7,825","8,224","8,240","7,714","332.50K","-4.07%"
"2019/06/24","8,157","8,332","8,400","8,108","248.34K","-2.89%"
"2019/06/21","8,400","8,349","8,547","8,349","718.69K","-0.63%"
"2019/06/20","8,453","8,448","8,575","8,400","573.41K","-1.03%"
"2019/06/19","8,541","8,310","8,572","8,281","197.41K","1.33%"
"2019/06/18","8,429","8,250","8,440","8,225","251.37K","1.55%"
"2019/06/14","8,300","8,300","8,401","8,250","692.45K","0.00%"
"2019/06/13","8,300","8,507","8,570","8,224","346.01K","-1.19%"
"2019/06/12","8,400","8,500","8,599","8,250","294.58K","-1.32%"
"2019/06/11","8,512","8,434","8,589","8,255","387.62K","-1.22%"
"2019/06/10","8,617","8,312","8,617","8,130","300.91K","3.71%"
"2019/06/07","8,309","8,361","8,650","8,200","272.49K","1.19%"
"2019/06/06","8,211","8,444","8,697","8,211","163.92K","-1.95%"
"2019/06/05","8,374","8,651","8,743","8,050","570.89K","-1.66%"
"2019/06/04","8,515","8,628","8,857","8,301","2.36M","-3.13%"
"2019/06/03","8,790","8,642","8,860","8,482","520.84K","2.19%"
"2019/05/31","8,602","8,400","8,750","8,294","447.89K","2.40%"
"2019/05/30","8,400","8,200","8,598","8,200","652.43K","2.94%"
"2019/05/29","8,160","8,450","8,450","8,020","184.44K","-1.93%"
"2019/05/28","8,321","8,505","8,599","8,236","656.54K","-3.00%"
"2019/05/27","8,578","8,400","8,599","8,373","191.05K","2.49%"
"2019/05/24","8,370","8,421","8,595","8,301","396.97K","-1.76%"
"2019/05/23","8,520","8,300","8,646","8,300","71.02K","-1.21%"
"2019/05/22","8,624","8,340","8,634","8,296","349.59K","3.41%"
"2019/05/21","8,340","8,641","8,658","8,057","699.39K","-2.56%"
"2019/05/20","8,559","8,641","8,763","8,501","263.11K","-0.48%"
"2019/05/17","8,600","8,900","8,900","8,300","293.06K","-3.91%"
"2019/05/16","8,950","8,700","8,998","8,604","272.05K","3.07%"
"2019/05/15","8,683","9,140","9,140","8,555","368.45K","-2.68%"
"2019/05/14","8,922","9,117","9,117","8,900","253.61K","-1.16%"
"2019/05/13","9,027","9,050","9,197","8,895","578.12K","-0.43%"
"2019/05/10","9,066","8,859","9,273","8,859","465.75K","3.09%"
"2019/05/09","8,794","9,074","9,074","8,702","1.95M","-2.02%"
"2019/05/07","8,975","9,161","9,182","8,950","321.18K","-1.27%"
"2019/05/06","9,090","9,089","9,159","8,801","226.63K","0.00%"
"2019/05/03","9,090","8,800","9,138","8,800","459.10K","0.17%"
"2019/05/02","9,075","8,850","9,098","8,820","540.71K","2.25%"
"2019/04/30","8,875","8,950","9,089","8,856","552.06K","-2.37%"
"2019/04/29","9,090","9,068","9,125","8,975","301.60K","0.00%"
"2019/04/26","9,090","9,090","9,105","9,050","270.83K","0.91%"
"2019/04/25","9,008","9,000","9,199","8,969","615.21K","-1.11%"
"2019/04/24","9,109","9,239","9,299","8,921","228.46K","-0.42%"
"2019/04/23","9,147","9,081","9,298","8,905","252.16K","-0.47%"
"2019/04/18","9,190","9,180","9,300","9,072","64.73K","-0.69%"
"2019/04/17","9,254","9,195","9,300","9,000","244.03K","1.17%"
"2019/04/16","9,147","9,300","9,498","9,001","379.22K","-2.01%"
"2019/04/15","9,335","9,100","9,335","8,959","346.61K","1.66%"
"2019/04/12","9,183","8,701","9,202","8,701","270.33K","2.26%"
"2019/04/11","8,980","8,975","8,980","8,699","231.81K","0.34%"
"2019/04/10","8,950","8,837","9,142","8,603","493.66K","-0.78%"
"2019/04/09","9,020","8,730","9,203","8,705","591.98K","0.87%"
"2019/04/08","8,942","8,804","8,961","8,501","236.86K","1.57%"
"2019/04/05","8,804","8,850","8,850","8,601","269.04K","0.08%"
"2019/04/04","8,797","8,738","8,814","8,500","1.03M","-0.02%"
"2019/04/03","8,799","8,413","8,835","8,322","408.92K","2.95%"
"2019/04/02","8,547","8,300","8,605","8,300","317.13K","2.36%"
"2019/04/01","8,350","8,021","8,484","8,021","232.37K","2.05%"
"2019/03/29","8,182","7,706","8,299","7,706","793.39K","1.82%"
"2019/03/28","8,036","7,980","8,054","7,913","205.31K","0.07%"
"2019/03/27","8,030","8,080","8,099","7,699","170.42K","0.43%"
"2019/03/26","7,996","7,556","8,034","7,556","224.15K","4.65%"
"2019/03/25","7,641","7,457","8,000","7,300","518.19K","1.04%"
"2019/03/22","7,562","7,670","8,098","7,456","298.73K","-2.34%"
"2019/03/20","7,743","8,100","8,100","7,650","349.58K","-1.66%"
"2019/03/19","7,874","8,175","8,294","7,874","739.26K","-5.11%"
"2019/03/18","8,298","8,500","8,542","8,298","570.57K","0.79%"
"2019/03/15","8,233","8,498","8,699","8,233","1.65M","-1.16%"
"2019/03/14","8,330","8,483","8,483","8,222","180.27K","0.97%"
"2019/03/13","8,250","8,300","8,386","8,009","315.54K","1.44%"
"2019/03/12","8,133","8,499","8,499","8,060","441.49K","-0.38%"
"2019/03/11","8,164","8,525","8,538","8,022","454.23K","-1.04%"
"2019/03/08","8,250","8,270","8,686","8,101","233.71K","-0.60%"
"2019/03/07","8,300","8,700","8,700","8,215","221.66K","-2.58%"
"2019/03/06","8,520","8,715","8,786","8,300","327.04K","0.22%"
"2019/03/05","8,501","8,883","8,999","8,357","427.85K","-4.30%"
"2019/03/04","8,883","8,990","9,244","8,700","107.22K","-1.19%"
"2019/03/01","8,990","9,155","9,499","8,805","426.84K","-0.66%"
"2019/02/28","9,050","8,989","9,251","8,700","845.33K","0.75%"
"2019/02/27","8,983","8,420","9,012","8,400","797.62K","5.35%"
"2019/02/26","8,527","8,000","8,899","8,000","824.68K","4.05%"
"2019/02/25","8,195","8,000","8,449","8,000","381.49K","-0.06%"
"2019/02/22","8,200","8,001","8,200","8,000","422.29K","1.86%"
"2019/02/21","8,050","8,199","8,199","7,820","365.89K","0.63%"
"2019/02/20","8,000","8,141","8,250","7,801","590.28K","-2.44%"
"2019/02/19","8,200","8,108","8,300","8,108","191.67K","-0.85%"
"2019/02/18","8,270","8,076","8,350","8,076","116.06K","2.53%"
"2019/02/15","8,066","8,080","8,389","8,044","522.74K","-0.17%"
"2019/02/14","8,080","8,484","8,484","8,060","724.56K","-2.19%"
"2019/02/13","8,261","8,330","8,489","8,232","435.28K","-0.47%"
"2019/02/12","8,300","8,300","8,300","8,160","366.18K","1.18%"
"2019/02/11","8,203","8,225","8,306","8,107","395.24K","-0.45%"
"2019/02/08","8,240","8,294","8,486","8,220","484.92K","-0.72%"
"2019/02/07","8,300","8,399","8,399","8,103","222.73K","-0.72%"
"2019/02/06","8,360","8,450","8,450","8,311","326.36K","0.00%"
"2019/02/05","8,360","8,300","8,488","8,251","469.09K","0.72%"
"2019/02/04","8,300","8,600","8,600","8,300","314.84K","-2.35%"
"2019/02/01","8,500","9,000","9,000","8,500","638.62K","-4.77%"
"2019/01/31","8,926","8,520","9,286","8,520","944.48K","0.04%"
"2019/01/30","8,922","9,200","9,399","8,903","795.27K","-3.54%"
"2019/01/29","9,249","9,200","9,402","9,158","272.48K","1.03%"
"2019/01/28","9,155","9,155","9,420","9,155","182.69K","-1.03%"
"2019/01/25","9,250","9,100","9,498","9,100","119.89K","1.09%"
"2019/01/24","9,150","9,101","9,450","9,100","222.93K","-1.29%"
"2019/01/23","9,270","9,050","9,349","9,050","534.96K","2.43%"
"2019/01/22","9,050","9,239","9,390","8,981","424.90K","-2.05%"
"2019/01/21","9,239","9,350","9,799","9,076","333.83K","-0.87%"
"2019/01/18","9,320","9,400","9,999","9,271","352.12K","-0.36%"
"2019/01/17","9,354","9,893","9,893","9,062","346.83K","-2.98%"
"2019/01/16","9,641","9,590","10,238","9,310","425.31K","0.48%"
"2019/01/15","9,595","9,301","9,602","9,301","174.75K","0.49%"
"2019/01/14","9,548","9,588","9,600","9,300","391.26K","-0.54%"
"2019/01/11","9,600","9,475","9,919","9,300","685.34K","2.13%"
"2019/01/10","9,400","9,030","9,714","9,030","456.87K","1.08%"
"2019/01/09","9,300","8,940","9,489","8,940","502.40K","3.28%"
"2019/01/08","9,005","9,300","9,300","8,899","656.05K","-0.84%"
"2019/01/07","9,081","9,251","9,662","9,017","507.35K","-4.16%"
"2019/01/04","9,475","9,156","9,650","8,950","1.10M","3.59%"
"2019/01/03","9,147","8,713","9,199","8,610","472.41K","4.45%"
"2019/01/02","8,757","8,500","8,896","8,500","303.41K","-0.50%"
"2018/12/31","8,801","8,850","8,850","8,603","92.50K","1.04%"
"2018/12/28","8,710","8,800","8,828","8,514","129.08K","2.17%"
"2018/12/27","8,525","8,750","8,750","8,510","214.20K","-0.61%"
"2018/12/24","8,577","8,600","8,799","8,400","21.29K","-0.27%"
"2018/12/21","8,600","8,505","8,650","8,350","3.33M","1.12%"
"2018/12/20","8,505","8,400","8,599","8,300","1.72M","0.65%"
"2018/12/19","8,450","8,230","8,453","8,108","611.85K","1.81%"
"2018/12/18","8,300","8,300","8,350","8,060","1.19M","0.18%"
"2018/12/14","8,285","8,259","8,370","8,100","597.43K","-0.18%"
"2018/12/13","8,300","8,141","8,431","8,068","1.43M","1.84%"
"2018/12/12","8,150","7,849","8,209","7,760","2.67M","3.95%"
"2018/12/11","7,840","7,751","8,000","7,751","2.18M","1.49%"
"2018/12/10","7,725","8,221","8,370","7,602","3.32M","-6.03%"
"2018/12/07","8,221","8,450","8,485","8,050","1.21M","-0.25%"
"2018/12/06","8,242","8,344","8,500","8,242","1.97M","-3.04%"
"2018/12/05","8,500","8,321","8,600","8,321","1.43M","0.00%"
"2018/12/04","8,500","8,697","8,850","8,323","3.76M","-2.07%"
"2018/12/03","8,680","8,775","8,950","8,510","3.46M","-0.23%"
"2018/11/30","8,700","8,825","8,950","8,405","5.21M","-1.42%"
"2018/11/29","8,825","8,861","9,000","8,805","4.56M","0.28%"
"2018/11/28","8,800","9,300","9,400","8,800","2.25M","-4.86%"
"2018/11/27","9,250","9,249","9,779","8,906","2.24M","1.59%"
"2018/11/26","9,105","8,560","9,454","8,559","1.99M","6.35%"
"2018/11/23","8,561","8,700","8,729","8,320","2.02M","1.36%"