"Date","Price","Open","High","Low","Vol.","Change %"
"03/26/2026","88,234","90,740","90,900","87,942","1.57M","-2.88%"
"03/25/2026","90,847","86,800","91,606","86,800","1.93M","4.91%"
"03/24/2026","86,593","88,700","90,181","86,391","1.99M","-2.27%"
"03/23/2026","88,600","86,050","90,647","85,118","2.16M","-0.34%"
"03/20/2026","88,900","91,137","91,246","88,419","8.48M","-0.41%"
"03/19/2026","89,263","91,500","91,750","87,425","6.04M","-2.05%"
"03/18/2026","91,129","98,700","100,648","90,352","2.82M","-6.99%"
"03/17/2026","97,974","97,400","99,558","96,601","2.20M","0.50%"
"03/16/2026","97,482","98,600","99,459","95,771","2.73M","0.50%"
"03/13/2026","97,000","94,649","97,763","94,105","2.84M","3.42%"
"03/12/2026","93,789","92,551","94,192","91,898","1.53M","0.65%"
"03/11/2026","93,179","94,800","94,892","92,911","1.89M","-1.41%"
"03/10/2026","94,508","92,500","95,993","92,382","2.40M","7.31%"
"03/09/2026","88,074","87,333","89,143","86,101","1.53M","0.47%"
"03/06/2026","87,662","89,735","90,715","87,243","1.77M","-0.49%"
"03/05/2026","88,096","88,550","88,800","86,000","1.80M","1.32%"
"03/04/2026","86,948","84,000","87,450","83,755","1.87M","2.97%"
"03/03/2026","84,438","86,521","87,307","83,751","2.34M","-2.41%"
"03/02/2026","86,521","87,530","88,392","85,632","1.56M","-2.27%"
"02/27/2026","88,528","90,010","90,250","88,528","2.81M","-0.19%"
"02/26/2026","88,694","90,150","90,154","88,100","1.98M","-2.41%"
"02/25/2026","90,883","90,600","91,910","89,716","1.36M","0.60%"
"02/24/2026","90,341","89,989","90,765","89,271","1.66M","-1.24%"
"02/23/2026","91,475","92,515","93,123","91,143","1.77M","1.73%"
"02/20/2026","89,917","89,134","90,103","88,882","1.66M","-0.64%"
"02/19/2026","90,500","91,900","91,950","90,105","1.51M","-1.15%"
"02/18/2026","91,555","89,800","91,555","89,488","1.69M","2.64%"
"02/17/2026","89,203","89,500","89,750","88,200","1.26M","-0.55%"
"02/16/2026","89,692","89,300","90,648","89,300","1.46M","0.64%"
"02/13/2026","89,120","90,600","91,994","88,724","1.74M","-1.64%"
"02/12/2026","90,609","88,990","91,478","88,000","2.03M","0.03%"
"02/11/2026","90,580","93,390","93,390","90,181","2.61M","-2.34%"
"02/10/2026","92,750","94,795","95,496","92,512","1.98M","-2.76%"
"02/09/2026","95,382","97,950","97,950","94,713","1.50M","-0.35%"
"02/06/2026","95,719","94,166","96,672","94,021","2.05M","1.65%"
"02/05/2026","94,166","94,300","95,990","93,900","2.32M","0.52%"
"02/04/2026","93,680","95,800","95,996","93,680","2.66M","-3.64%"
"02/03/2026","97,219","97,700","98,315","96,686","2.73M","-1.80%"
"02/02/2026","99,000","96,340","99,642","94,733","2.04M","-0.15%"
"01/30/2026","99,150","101,041","102,091","99,150","2.74M","-2.99%"
"01/29/2026","102,210","102,001","104,336","102,001","1.32M","-0.94%"
"01/28/2026","103,183","105,450","105,746","103,133","1.50M","-0.59%"
"01/27/2026","103,797","102,419","104,237","102,419","1.90M","2.76%"
"01/26/2026","101,012","102,611","103,055","100,849","1.57M","-1.26%"
"01/23/2026","102,304","102,200","102,809","101,536","1.54M","-0.60%"
"01/22/2026","102,917","101,800","103,810","100,966","1.77M","1.24%"
"01/21/2026","101,661","103,800","104,503","100,735","2.05M","-2.12%"
"01/20/2026","103,858","106,100","106,702","103,628","1.76M","-2.82%"
"01/19/2026","106,868","108,582","109,200","106,831","1.09M","-1.99%"
"01/16/2026","109,033","110,400","111,397","109,033","1.92M","-1.22%"
"01/15/2026","110,375","113,555","114,298","110,182","1.80M","-3.53%"
"01/14/2026","114,417","113,964","115,053","112,900","1.57M","-0.06%"
"01/13/2026","114,484","113,047","115,559","112,948","1.39M","1.51%"
"01/12/2026","112,782","111,990","113,000","111,464","985.10K","2.13%"
"01/09/2026","110,435","111,160","111,623","110,123","977.04K","-1.29%"
"01/08/2026","111,876","112,000","113,192","111,367","808.00K","-1.61%"
"01/07/2026","113,709","112,800","114,356","111,060","1.71M","0.05%"
"01/06/2026","113,656","111,500","114,211","111,500","1.39M","2.28%"
"01/05/2026","111,127","112,400","112,558","110,894","1.02M","-0.04%"
"01/02/2026","111,177","113,408","113,993","110,738","947.73K","0.66%"
"12/31/2025","110,451","112,000","112,510","109,858","495.48K","-1.33%"
"12/30/2025","111,943","112,811","113,518","111,530","819.68K","0.01%"
"12/29/2025","111,931","111,322","112,599","111,255","798.07K","-0.08%"
"12/24/2025","112,019","112,100","113,511","111,863","352.66K","0.02%"
"12/23/2025","112,000","110,700","112,823","110,250","999.23K","0.61%"
"12/22/2025","111,322","112,376","113,541","110,400","1.03M","-1.69%"
"12/19/2025","113,238","111,000","115,935","110,317","10.72M","4.06%"
"12/18/2025","108,822","107,400","109,213","106,300","7.09M","0.57%"
"12/17/2025","108,200","107,346","109,367","107,097","2.68M","0.14%"
"12/15/2025","108,050","106,600","109,350","106,600","1.74M","-1.95%"
"12/12/2025","110,200","110,100","113,185","109,324","1.87M","1.51%"
"12/11/2025","108,560","105,939","109,634","105,939","2.05M","2.47%"
"12/10/2025","105,939","104,400","106,307","103,392","1.75M","2.18%"
"12/09/2025","103,680","104,500","104,543","102,500","1.82M","-0.25%"
"12/08/2025","103,938","106,410","107,000","103,938","1.34M","-2.31%"
"12/05/2025","106,400","106,500","107,154","104,977","1.23M","0.63%"
"12/04/2025","105,731","104,500","107,018","104,224","2.31M","1.31%"
"12/03/2025","104,365","106,295","106,295","103,937","1.82M","-1.02%"
"12/02/2025","105,443","108,000","110,000","105,443","1.64M","-3.35%"
"12/01/2025","109,100","108,100","109,204","106,649","1.89M","1.96%"
"11/28/2025","107,006","111,300","111,300","106,896","2.54M","-2.72%"
"11/27/2025","110,000","113,500","114,161","109,138","1.48M","-3.15%"
"11/26/2025","113,580","114,000","115,000","113,580","1.25M","0.35%"
"11/25/2025","113,181","115,800","115,800","113,000","1.75M","-2.09%"
"11/24/2025","115,593","119,000","119,699","113,903","3.49M","-0.44%"
"11/21/2025","116,105","116,000","116,593","112,600","1.21M","-1.81%"
"11/20/2025","118,243","119,500","121,291","117,712","1.39M","-1.01%"
"11/19/2025","119,450","119,400","121,550","118,825","1.43M","0.16%"
"11/18/2025","119,256","120,400","120,665","118,202","1.19M","-1.95%"
"11/17/2025","121,624","122,712","123,339","120,705","1.17M","-0.30%"
"11/14/2025","121,995","123,954","126,199","121,350","1.48M","-4.02%"
"11/13/2025","127,100","123,593","128,952","122,911","1.58M","2.70%"
"11/12/2025","123,761","123,000","125,000","123,000","1.11M","1.03%"
"11/11/2025","122,500","124,386","124,647","122,235","1.57M","-1.52%"
"11/10/2025","124,385","123,890","126,564","123,201","1.49M","2.20%"
"11/07/2025","121,705","124,900","125,400","121,196","1.26M","-3.32%"
"11/06/2025","125,883","123,330","126,794","123,330","1.17M","2.08%"
"11/05/2025","123,317","122,210","123,787","121,588","1.16M","-0.10%"
"11/04/2025","123,437","121,300","123,450","120,694","845.67K","0.85%"
"11/03/2025","122,400","122,000","123,412","121,288","1.17M","0.33%"
"10/31/2025","122,003","122,510","123,705","121,003","1.63M","-2.48%"
"10/30/2025","125,100","125,827","127,387","124,307","1.60M","-1.65%"
"10/29/2025","127,193","126,550","127,965","125,356","1.26M","0.88%"
"10/28/2025","126,080","126,538","129,572","126,080","1.88M","-1.70%"
"10/27/2025","128,265","125,400","129,318","125,337","1.51M","3.73%"
"10/24/2025","123,650","122,716","124,655","122,671","1.65M","1.14%"
"10/23/2025","122,252","121,425","122,653","120,253","1.15M","1.56%"
"10/22/2025","120,371","119,393","121,262","119,393","1.58M","-0.01%"
"10/21/2025","120,389","120,267","120,837","119,562","1.60M","0.61%"
"10/20/2025","119,663","120,333","121,258","119,663","1.29M","1.13%"
"10/17/2025","118,321","118,002","119,332","116,729","1.76M","-0.46%"
"10/16/2025","118,872","119,990","120,669","118,802","1.77M","-1.49%"
"10/15/2025","120,672","122,000","123,000","120,285","1.76M","0.12%"
"10/14/2025","120,525","120,001","121,069","119,043","1.88M","-0.51%"
"10/13/2025","121,144","121,594","123,087","121,000","1.50M","-1.59%"
"10/10/2025","123,097","123,003","125,000","122,800","1.37M","-2.25%"
"10/09/2025","125,932","127,370","128,423","125,932","1.52M","-1.40%"
"10/08/2025","127,719","127,290","129,153","126,127","1.28M","0.35%"
"10/07/2025","127,271","128,500","129,000","127,228","1.52M","-0.82%"
"10/06/2025","128,328","130,747","130,747","127,264","1.49M","-1.71%"
"10/03/2025","130,567","128,900","131,144","127,828","1.44M","2.02%"
"10/02/2025","127,985","129,750","129,750","127,181","1.07M","1.28%"
"10/01/2025","126,362","126,300","128,000","122,801","1.49M","1.01%"
"09/30/2025","125,094","123,400","126,443","122,920","2.22M","1.05%"
"09/29/2025","123,790","123,105","124,367","122,700","1.21M","2.05%"
"09/26/2025","121,300","120,194","121,591","119,765","1.30M","0.61%"
"09/25/2025","120,560","118,822","121,241","118,049","2.63M","1.53%"
"09/23/2025","118,748","119,640","120,898","118,748","1.71M","-1.21%"
"09/22/2025","120,200","121,762","121,762","118,742","1.97M","-0.99%"
"09/19/2025","121,400","122,400","123,253","120,010","3.84M","-0.87%"
"09/18/2025","122,465","118,654","123,182","118,128","5.12M","1.49%"
"09/17/2025","120,668","119,900","121,336","119,596","1.45M","2.51%"
"09/16/2025","117,708","118,606","119,020","117,350","1.38M","-0.12%"
"09/15/2025","117,844","117,308","118,199","116,600","1.31M","0.32%"
"09/12/2025","117,469","118,020","118,544","117,019","1.32M","0.40%"
"09/11/2025","116,995","115,980","117,668","114,943","1.11M","0.87%"
"09/10/2025","115,987","117,331","118,272","115,815","1.26M","-0.38%"
"09/09/2025","116,434","115,078","116,689","114,932","1.87M","1.48%"
"09/08/2025","114,740","116,100","116,525","114,241","1.37M","0.22%"
"09/05/2025","114,483","114,620","115,895","114,222","1.32M","1.30%"
"09/04/2025","113,013","113,120","113,990","112,564","1.90M","-0.17%"
"09/03/2025","113,200","113,480","114,060","112,411","1.45M","0.10%"
"09/02/2025","113,083","114,786","114,836","112,104","1.58M","-1.33%"
"09/01/2025","114,604","117,700","117,700","114,604","1.11M","-1.35%"
"08/29/2025","116,173","116,100","116,791","115,360","1.46M","0.45%"
"08/28/2025","115,652","116,124","116,598","115,205","1.23M","-0.21%"
"08/27/2025","115,898","117,280","117,280","115,272","1.37M","-2.00%"
"08/26/2025","118,266","117,693","118,548","117,002","5.90M","-0.33%"
"08/25/2025","118,662","117,972","119,180","117,135","1.45M","2.09%"
"08/22/2025","116,238","114,060","116,562","113,781","1.86M","2.47%"
"08/21/2025","113,438","115,300","115,517","113,400","1.35M","-1.08%"
"08/20/2025","114,680","116,000","116,498","113,953","1.19M","-0.91%"
"08/19/2025","115,737","116,840","117,140","115,691","1.24M","-0.35%"
"08/18/2025","116,143","115,804","117,361","115,565","1.18M","-0.40%"
"08/15/2025","116,606","116,576","118,200","116,576","978.36K","0.35%"
"08/14/2025","116,195","116,620","117,785","115,925","1.35M","-0.77%"
"08/13/2025","117,093","115,311","118,400","115,200","2.05M","4.24%"
"08/12/2025","112,327","112,190","113,840","111,095","1.04M","0.57%"
"08/11/2025","111,689","111,964","112,690","111,085","942.59K","-0.25%"
"08/08/2025","111,964","111,142","112,200","110,973","1.11M","-0.27%"
"08/07/2025","112,266","111,750","113,708","111,638","1.47M","0.03%"
"08/06/2025","112,232","112,219","113,864","112,003","1.38M","0.58%"
"08/05/2025","111,586","112,890","112,890","110,559","1.93M","0.09%"
"08/04/2025","111,488","111,000","112,352","110,202","1.74M","2.68%"
"08/01/2025","108,577","111,622","112,400","108,476","2.44M","-3.84%"
"07/31/2025","112,908","113,558","114,317","111,961","1.91M","-0.39%"
"07/30/2025","113,346","114,500","114,798","112,952","1.19M","-1.44%"
"07/29/2025","115,000","114,879","116,359","114,610","885.30K","-0.02%"
"07/28/2025","115,022","116,940","117,488","114,853","1.16M","-1.13%"
"07/25/2025","116,338","116,990","117,397","115,844","1.58M","-1.52%"
"07/24/2025","118,133","118,052","119,600","117,916","1.88M","0.11%"
"07/23/2025","118,006","116,000","118,545","115,601","2.23M","5.27%"
"07/22/2025","112,100","112,860","113,308","111,820","889.26K","-0.66%"
"07/21/2025","112,840","111,800","112,881","111,459","864.93K","1.05%"
"07/18/2025","111,662","110,154","112,289","110,154","1.15M","1.43%"
"07/17/2025","110,086","110,602","111,095","109,787","1.30M","0.26%"
"07/16/2025","109,797","111,255","112,383","109,797","1.49M","-1.00%"
"07/15/2025","110,908","109,800","111,641","109,601","1.44M","2.29%"
"07/14/2025","108,420","110,218","111,195","107,833","1.62M","-1.54%"
"07/11/2025","110,120","110,100","110,740","109,167","1.50M","0.93%"
"07/10/2025","109,110","109,222","110,427","109,110","1.11M","-0.24%"
"07/09/2025","109,369","109,340","111,339","109,173","1.35M","-1.05%"
"07/08/2025","110,532","108,340","110,982","108,340","1.37M","1.29%"
"07/07/2025","109,125","107,654","109,390","107,172","1.29M","1.81%"
"07/04/2025","107,185","107,898","107,898","106,903","973.88K","-0.44%"
"07/03/2025","107,659","107,700","109,069","107,433","1.14M","-0.67%"
"07/02/2025","108,380","109,555","109,990","107,675","1.59M","-0.95%"
"07/01/2025","109,418","111,214","111,271","109,260","1.51M","-0.81%"
"06/30/2025","110,308","110,344","111,095","109,146","1.63M","0.16%"
"06/27/2025","110,133","109,924","110,850","109,210","1.67M","-0.16%"
"06/26/2025","110,312","110,165","111,900","109,753","2.43M","0.14%"
"06/25/2025","110,162","110,413","111,878","110,000","2.18M","-0.05%"
"06/24/2025","110,218","109,990","111,126","108,960","2.70M","1.92%"
"06/23/2025","108,143","105,300","108,984","104,453","2.47M","3.28%"
"06/20/2025","104,708","104,231","106,543","104,231","6.75M","0.14%"
"06/19/2025","104,562","105,270","105,994","103,500","5.23M","-2.18%"
"06/18/2025","106,892","105,469","107,736","105,100","2.41M","0.27%"
"06/17/2025","106,609","107,200","107,890","105,397","2.50M","0.34%"
"06/13/2025","106,250","107,400","107,790","106,250","2.66M","-2.29%"
"06/12/2025","108,741","108,124","109,527","107,276","2.00M","0.02%"
"06/11/2025","108,715","108,300","109,813","108,300","1.22M","0.41%"
"06/10/2025","108,276","108,590","108,821","107,635","1.51M","-0.33%"
"06/09/2025","108,636","107,600","109,276","107,362","1.26M","1.37%"
"06/06/2025","107,168","108,780","108,780","106,967","1.06M","-1.12%"
"06/05/2025","108,377","106,900","109,136","106,685","1.99M","1.25%"
"06/04/2025","107,035","104,644","107,689","104,469","1.45M","2.99%"
"06/03/2025","103,930","104,215","104,477","102,625","1.04M","0.44%"
"06/02/2025","103,472","103,000","103,990","102,339","1.22M","0.19%"
"05/30/2025","103,277","102,900","103,992","102,610","5.86M","-1.57%"
"05/29/2025","104,929","104,500","105,395","103,809","1.93M","1.30%"
"05/28/2025","103,579","103,780","104,759","103,000","1.56M","-1.16%"
"05/27/2025","104,790","102,720","105,639","102,720","1.58M","1.18%"
"05/26/2025","103,569","101,711","104,486","101,711","780.90K","0.49%"
"05/23/2025","103,068","104,524","105,201","101,613","1.47M","-1.84%"
"05/22/2025","105,000","104,693","105,726","104,072","1.49M","-0.03%"
"05/21/2025","105,035","104,200","106,198","104,018","1.32M","0.70%"
"05/20/2025","104,300","105,005","105,900","103,897","1.53M","-1.04%"
"05/19/2025","105,400","106,196","106,464","104,138","2.05M","-1.17%"
"05/16/2025","106,645","105,200","107,009","104,400","1.41M","0.42%"
"05/15/2025","106,202","107,920","107,960","105,509","2.54M","-2.39%"
"05/14/2025","108,800","108,000","110,440","106,482","3.16M","1.93%"
"05/13/2025","106,744","104,598","106,983","104,323","2.44M","0.84%"
"05/12/2025","105,857","103,670","106,200","103,400","2.75M","4.08%"
"05/09/2025","101,711","99,820","101,800","99,800","1.64M","2.09%"
"05/08/2025","99,633","100,422","101,314","99,633","1.25M","0.38%"
"05/07/2025","99,260","101,190","101,190","98,802","2.14M","-2.29%"
"05/06/2025","101,582","101,160","101,582","98,510","1.33M","1.39%"
"05/05/2025","100,190","101,400","101,935","99,945","1.95M","-1.30%"
"05/02/2025","101,513","99,200","101,863","99,112","1.54M","3.75%"
"04/30/2025","97,846","96,821","98,753","96,746","1.67M","1.18%"
"04/29/2025","96,700","96,360","97,500","95,720","1.67M","-1.31%"
"04/25/2025","97,982","96,404","98,692","96,404","2.59M","2.45%"
"04/24/2025","95,642","93,900","95,893","93,375","1.75M","0.19%"
"04/23/2025","95,463","93,000","96,021","93,000","2.50M","4.58%"
"04/22/2025","91,282","91,150","91,500","90,180","1.63M","1.22%"
"04/17/2025","90,180","90,100","90,980","89,441","2.12M","1.08%"
"04/16/2025","89,217","88,564","90,187","87,419","1.77M","-0.63%"
"04/15/2025","89,784","89,662","90,463","88,372","1.66M","-0.07%"
"04/14/2025","89,843","87,900","89,902","87,230","2.14M","4.78%"
"04/11/2025","85,746","86,460","87,571","83,855","2.28M","-1.06%"
"04/10/2025","86,661","86,811","88,000","85,941","2.36M","2.03%"
"04/09/2025","84,933","83,700","86,768","82,633","3.85M","-1.76%"
"04/08/2025","86,457","85,200","87,809","84,020","4.47M","0.16%"
"04/07/2025","86,320","79,953","87,947","79,643","3.50M","-2.25%"
"04/04/2025","88,307","93,000","93,000","86,001","3.45M","-4.50%"
"04/03/2025","92,464","92,820","93,692","90,400","4.03M","-1.32%"
"04/02/2025","93,705","92,300","93,705","92,123","1.51M","1.75%"
"04/01/2025","92,089","92,121","93,232","91,054","2.10M","1.91%"
"03/31/2025","90,360","91,000","91,604","89,880","3.43M","-1.81%"
"03/28/2025","92,027","94,530","94,530","92,027","1.64M","-2.65%"
"03/27/2025","94,536","93,300","94,536","92,451","2.14M","1.71%"
"03/26/2025","92,945","93,140","94,259","92,945","2.06M","0.21%"
"03/25/2025","92,750","92,720","93,366","91,538","1.54M","-0.84%"
"03/24/2025","93,539","92,940","94,224","92,600","2.26M","0.82%"
"03/20/2025","92,782","95,240","95,360","92,400","11.86M","-5.06%"
"03/19/2025","97,725","97,009","99,635","96,220","2.98M","1.54%"
"03/18/2025","96,240","96,330","98,410","96,001","2.47M","1.72%"
"03/17/2025","94,617","93,522","95,123","93,406","2.20M","0.32%"
"03/14/2025","94,312","95,400","95,979","93,686","1.81M","1.60%"
"03/13/2025","92,826","92,000","93,708","91,672","1.60M","-0.42%"
"03/12/2025","93,221","92,000","94,214","91,530","1.82M","0.65%"
"03/11/2025","92,621","92,324","93,979","92,160","2.29M","0.33%"
"03/10/2025","92,313","94,548","94,763","92,313","2.96M","-4.31%"
"03/07/2025","96,475","97,520","97,520","95,024","3.28M","-2.07%"
"03/06/2025","98,518","98,000","99,702","97,068","3.93M","5.37%"
"03/05/2025","93,495","93,000","94,854","93,000","2.11M","2.70%"
"03/04/2025","91,042","91,410","92,000","89,813","1.79M","0.60%"
"03/03/2025","90,500","89,400","91,550","89,000","1.67M","2.06%"
"02/28/2025","88,673","90,000","90,509","88,673","4.53M","-3.73%"
"02/27/2025","92,104","92,773","93,500","92,104","2.30M","-0.64%"
"02/26/2025","92,700","93,302","93,820","92,416","2.53M","1.77%"
"02/25/2025","91,087","90,200","91,986","89,408","2.84M","-0.10%"
"02/24/2025","91,176","97,302","97,302","91,100","3.51M","-7.67%"
"02/21/2025","98,752","98,790","100,168","98,640","3.43M","1.56%"
"02/20/2025","97,237","95,480","97,820","94,400","4.04M","1.10%"
"02/19/2025","96,182","95,900","97,182","95,900","4.07M","-0.90%"
"02/18/2025","97,055","95,040","97,842","94,920","4.33M","3.20%"
"02/17/2025","94,049","94,210","94,999","93,072","2.73M","2.23%"
"02/14/2025","92,000","88,500","92,000","88,500","4.58M","7.18%"
"02/13/2025","85,835","85,620","86,418","84,350","1.98M","1.68%"
"02/12/2025","84,416","84,440","85,638","83,913","2.02M","1.83%"
"02/11/2025","82,900","82,150","82,900","81,447","1.64M","0.12%"
"02/10/2025","82,799","82,800","83,406","82,528","1.59M","1.08%"
"02/07/2025","81,913","81,510","82,350","81,106","1.72M","1.67%"
"02/06/2025","80,564","79,800","81,285","79,800","1.52M","0.54%"
"02/05/2025","80,130","79,921","80,300","79,237","2.15M","0.00%"
"02/04/2025","80,131","80,370","80,862","79,383","2.40M","2.69%"
"02/03/2025","78,034","76,420","78,480","76,419","1.63M","-1.16%"
"01/31/2025","78,952","78,700","80,155","78,582","1.63M","1.15%"
"01/30/2025","78,055","78,800","78,800","77,276","1.04M","-0.52%"
"01/29/2025","78,460","78,000","79,000","78,000","1.61M","1.42%"
"01/28/2025","77,359","77,480","77,965","76,912","1.91M","0.90%"
"01/27/2025","76,670","75,820","76,755","75,443","1.61M","1.96%"
"01/24/2025","75,194","75,160","75,860","74,820","1.10M","1.62%"
"01/23/2025","73,999","74,100","74,681","73,709","1.26M","-0.25%"
"01/22/2025","74,183","73,600","74,921","73,303","1.75M","-0.07%"
"01/21/2025","74,232","75,020","75,220","74,011","1.94M","-1.45%"
"01/20/2025","75,326","75,111","75,786","74,769","2.10M","2.01%"
"01/17/2025","73,840","73,004","74,000","71,200","1.41M","1.12%"
"01/16/2025","73,020","73,600","74,694","72,680","1.77M","-0.83%"
"01/15/2025","73,630","72,700","74,401","72,401","2.62M","2.34%"
"01/14/2025","71,945","72,720","73,295","71,592","2.91M","0.93%"
"01/13/2025","71,279","73,399","73,399","70,813","3.55M","-2.44%"
"01/10/2025","73,058","73,600","74,696","72,754","2.11M","-1.11%"
"01/09/2025","73,876","74,000","75,100","73,577","2.77M","1.19%"
"01/08/2025","73,007","74,280","74,960","73,007","4.91M","-2.40%"
"01/07/2025","74,801","78,500","78,500","74,801","6.06M","-10.10%"
"01/06/2025","83,201","82,480","83,871","82,233","1.14M","0.43%"
"01/03/2025","82,841","82,264","83,266","81,493","907.76K","0.70%"
"01/02/2025","82,264","82,976","83,528","81,900","1.03M","-1.44%"
"12/31/2024","83,464","83,017","84,200","82,830","877.13K","0.54%"
"12/30/2024","83,017","84,960","85,294","82,851","1.47M","-2.27%"
"12/27/2024","84,942","85,732","86,009","84,879","986.58K","-0.65%"
"12/24/2024","85,500","85,500","86,281","85,409","367.01K","-0.37%"
"12/23/2024","85,821","84,639","85,908","84,404","1.96M","1.68%"
"12/20/2024","84,400","87,460","88,662","84,400","11.06M","-2.56%"
"12/19/2024","86,620","88,667","89,871","86,462","7.17M","-0.98%"
"12/18/2024","87,478","88,931","89,748","87,156","2.50M","-1.61%"
"12/17/2024","88,911","88,000","89,480","87,903","2.39M","0.06%"
"12/13/2024","88,860","86,400","90,314","86,319","1.93M","1.54%"
"12/12/2024","87,512","88,310","89,000","87,293","1.82M","0.34%"
"12/11/2024","87,212","86,604","88,021","86,500","1.46M","-0.20%"
"12/10/2024","87,390","87,378","87,852","86,511","1.65M","-1.37%"
"12/09/2024","88,605","88,800","89,700","87,301","2.37M","0.41%"
"12/06/2024","88,243","88,977","88,977","87,567","1.90M","0.50%"
"12/05/2024","87,800","86,399","88,599","86,273","1.63M","1.84%"
"12/04/2024","86,212","85,340","86,592","85,340","1.55M","0.46%"
"12/03/2024","85,820","86,378","87,158","85,303","2.40M","0.49%"
"12/02/2024","85,400","81,820","86,288","81,802","2.55M","4.97%"
"11/29/2024","81,360","80,720","82,100","80,241","2.26M","-0.21%"
"11/28/2024","81,530","82,534","82,870","81,530","975.96K","-1.22%"
"11/27/2024","82,534","82,774","83,500","82,059","1.56M","0.16%"
"11/26/2024","82,400","81,176","82,805","80,820","943.14K","0.78%"
"11/25/2024","81,760","80,000","81,953","79,800","7.67M","0.72%"
"11/22/2024","81,174","81,200","81,840","80,020","1.34M","-0.89%"
"11/21/2024","81,906","82,200","82,998","81,734","1.75M","-0.36%"
"11/20/2024","82,200","82,940","83,599","82,050","2.06M","0.05%"
"11/19/2024","82,162","82,800","83,200","81,860","1.79M","-0.72%"
"11/18/2024","82,756","83,400","84,664","82,349","1.78M","0.72%"
"11/15/2024","82,162","82,780","83,300","82,044","1.37M","-0.78%"
"11/14/2024","82,807","82,480","83,520","81,680","1.63M","1.13%"
"11/13/2024","81,879","82,000","84,268","80,464","2.40M","-0.48%"
"11/12/2024","82,275","81,900","82,970","80,871","1.49M","0.25%"
"11/11/2024","82,069","81,000","82,895","80,512","1.64M","0.49%"
"11/08/2024","81,665","82,080","83,272","81,100","1.43M","-1.45%"
"11/07/2024","82,866","83,420","84,968","82,600","2.01M","-0.21%"
"11/06/2024","83,044","84,030","85,031","81,520","2.08M","-1.94%"
"11/05/2024","84,689","84,280","84,979","83,820","1.92M","1.30%"
"11/04/2024","83,600","84,732","84,732","83,169","1.95M","-0.86%"
"11/01/2024","84,326","84,570","85,200","84,031","1.67M","1.74%"
"10/31/2024","82,883","82,710","84,398","82,647","2.52M","-1.71%"
"10/30/2024","84,329","85,000","85,620","83,479","2.18M","-1.97%"
"10/29/2024","86,028","84,360","86,380","84,257","1.50M","1.49%"
"10/28/2024","84,765","83,900","84,997","83,821","1.76M","0.40%"
"10/25/2024","84,428","82,562","84,860","82,562","1.14M","2.26%"
"10/24/2024","82,562","82,980","83,533","82,483","1.02M","-1.17%"
"10/23/2024","83,536","84,320","84,320","82,745","1.32M","0.28%"
"10/22/2024","83,304","82,652","83,304","81,636","2.02M","0.56%"
"10/21/2024","82,836","83,200","83,920","82,466","1.59M","-1.13%"
"10/18/2024","83,785","84,220","84,899","83,785","2.18M","2.54%"
"10/17/2024","81,709","82,318","82,884","81,709","1.25M","-1.08%"
"10/16/2024","82,598","82,340","83,166","81,322","2.09M","0.73%"
"10/15/2024","82,000","82,360","82,794","81,524","2.63M","-3.51%"
"10/14/2024","84,981","83,500","85,572","83,500","1.63M","1.19%"
"10/11/2024","83,984","84,200","84,406","83,625","2.04M","-0.51%"
"10/10/2024","84,413","86,000","86,360","84,216","2.13M","-1.34%"
"10/09/2024","85,559","84,000","85,670","83,687","2.26M","0.15%"
"10/08/2024","85,430","84,940","85,638","82,800","3.81M","-3.36%"
"10/07/2024","88,400","86,363","89,086","86,363","2.64M","2.06%"
"10/04/2024","86,618","88,280","89,128","86,591","2.12M","-0.94%"
"10/03/2024","87,439","88,000","88,398","86,300","2.44M","-0.26%"
"10/02/2024","87,667","89,000","89,400","87,559","2.61M","3.45%"
"10/01/2024","84,744","83,600","85,760","83,254","2.90M","1.01%"
"09/30/2024","83,898","85,380","85,430","83,898","3.55M","-0.59%"
"09/27/2024","84,397","83,100","84,587","82,926","2.89M","1.08%"
"09/26/2024","83,496","80,550","84,110","80,550","3.41M","6.67%"
"09/25/2024","78,275","76,020","78,509","76,000","4.21M","6.32%"
"09/23/2024","73,621","73,180","73,980","72,276","1.78M","0.06%"
"09/20/2024","73,579","73,380","74,000","71,926","9.51M","0.12%"
"09/19/2024","73,489","72,000","73,544","71,400","5.53M","4.24%"
"09/18/2024","70,500","70,944","71,265","69,944","1.44M","-0.36%"
"09/17/2024","70,756","69,730","71,251","69,730","1.60M","1.72%"
"09/16/2024","69,560","70,780","70,780","69,328","1.70M","-0.88%"
"09/13/2024","70,180","70,360","70,548","69,548","2.03M","-0.11%"
"09/12/2024","70,260","71,528","71,528","70,147","1.74M","-0.28%"
"09/11/2024","70,457","71,040","71,571","70,119","1.50M","-0.23%"
"09/10/2024","70,616","70,835","71,496","70,457","1.36M","-0.52%"
"09/09/2024","70,986","70,815","71,493","70,501","1.20M","0.37%"
"09/06/2024","70,722","72,796","72,796","70,722","1.75M","-2.89%"
"09/05/2024","72,830","72,075","72,940","71,620","2.05M","1.15%"
"09/04/2024","72,000","72,192","73,400","71,610","2.24M","-1.16%"
"09/03/2024","72,845","72,865","73,606","72,654","1.22M","-0.03%"
"09/02/2024","72,865","73,220","73,589","72,753","1.05M","-0.94%"
"08/30/2024","73,555","72,543","73,861","72,543","3.43M","2.34%"
"08/29/2024","71,871","72,224","72,581","71,344","1.21M","-0.09%"
"08/28/2024","71,936","72,200","73,327","71,774","1.53M","-1.30%"
"08/27/2024","72,883","72,460","73,297","72,454","1.36M","0.57%"
"08/26/2024","72,469","74,422","74,579","72,034","1.55M","-2.07%"
"08/23/2024","74,000","73,902","74,540","73,440","1.28M","0.17%"
"08/22/2024","73,873","73,800","74,963","73,709","938.91K","0.52%"
"08/21/2024","73,490","72,460","73,800","72,460","982.43K","1.49%"
"08/20/2024","72,411","73,001","73,292","72,348","1.86M","-0.81%"
"08/19/2024","73,002","73,780","73,780","72,655","1.51M","-0.49%"
"08/16/2024","73,358","73,400","74,400","72,843","1.69M","0.46%"
"08/15/2024","73,020","72,282","73,497","72,064","1.89M","1.02%"
"08/14/2024","72,282","72,980","75,880","72,087","3.29M","-2.14%"
"08/13/2024","73,863","74,300","74,504","73,222","2.12M","-0.08%"
"08/12/2024","73,919","72,303","74,048","72,302","2.49M","3.00%"
"08/08/2024","71,768","70,600","71,979","69,737","3.09M","2.40%"
"08/07/2024","70,089","68,830","70,089","68,241","1.90M","3.27%"
"08/06/2024","67,871","68,956","68,956","66,801","2.45M","-1.57%"
"08/05/2024","68,956","67,320","69,283","66,375","2.87M","0.98%"
"08/02/2024","68,290","68,475","68,907","67,504","2.06M","-1.63%"
"08/01/2024","69,423","70,600","71,188","69,304","1.11M","-1.45%"
"07/31/2024","70,444","70,600","71,279","70,210","2.60M","1.49%"
"07/30/2024","69,409","68,540","69,900","68,160","1.75M","1.07%"
"07/29/2024","68,675","69,659","69,773","68,675","1.24M","-0.34%"
"07/26/2024","68,907","69,330","69,598","68,691","1.44M","-0.14%"
"07/25/2024","69,001","68,200","69,232","67,620","2.02M","-0.54%"
"07/24/2024","69,374","69,389","69,800","68,901","1.54M","-0.56%"
"07/23/2024","69,763","70,188","70,568","69,600","1.48M","-1.20%"
"07/22/2024","70,609","69,711","70,980","69,711","1.25M","2.75%"
"07/19/2024","68,720","69,720","70,291","68,600","1.33M","-2.23%"
"07/18/2024","70,286","70,801","71,444","69,630","2.90M","0.23%"
"07/17/2024","70,128","70,000","71,031","70,000","2.29M","-0.53%"
"07/16/2024","70,500","72,598","72,598","70,413","2.31M","-3.87%"
"07/15/2024","73,340","72,800","73,340","72,264","3.84M","-0.17%"
"07/12/2024","73,462","72,168","73,723","71,780","1.93M","3.29%"
"07/11/2024","71,123","70,940","71,355","70,231","1.65M","1.45%"
"07/10/2024","70,105","70,595","70,952","69,963","2.22M","-0.73%"
"07/09/2024","70,623","71,242","72,252","70,370","2.04M","-0.55%"
"07/08/2024","71,012","69,740","71,182","69,740","2.11M","1.16%"
"07/05/2024","70,200","70,754","71,235","70,100","1.82M","-0.69%"
"07/04/2024","70,689","70,620","71,563","70,574","1.93M","0.41%"
"07/03/2024","70,401","71,440","72,030","70,401","3.21M","0.72%"
"07/02/2024","69,895","69,380","70,170","69,023","2.30M","0.80%"
"07/01/2024","69,338","71,500","71,570","69,100","2.94M","-2.81%"
"06/28/2024","71,344","71,000","71,740","70,841","2.69M","0.28%"
"06/27/2024","71,148","70,940","71,688","70,458","2.46M","-0.68%"
"06/26/2024","71,636","71,320","72,950","71,320","3.37M","0.48%"
"06/25/2024","71,292","73,800","73,913","70,863","3.50M","-3.25%"
"06/24/2024","73,690","71,700","74,812","71,642","4.20M","2.66%"
"06/21/2024","71,783","73,800","74,340","71,783","12.59M","-3.08%"
"06/20/2024","74,062","75,780","75,944","74,020","9.42M","-2.42%"
"06/19/2024","75,897","76,000","76,570","75,035","2.32M","1.29%"
"06/18/2024","74,931","75,000","75,639","73,548","2.80M","0.26%"
"06/14/2024","74,739","77,520","77,823","74,517","2.78M","-2.86%"
"06/13/2024","76,943","78,367","78,716","76,943","2.57M","-1.44%"
"06/12/2024","78,066","76,200","78,419","75,869","2.31M","2.16%"
"06/11/2024","76,418","77,100","77,100","75,615","1.65M","-0.63%"
"06/10/2024","76,901","76,010","77,023","75,531","1.51M","-0.10%"
"06/07/2024","76,979","77,060","78,167","76,097","1.58M","-1.59%"
"06/06/2024","78,225","77,300","78,666","77,086","1.42M","1.34%"
"06/05/2024","77,194","76,898","77,761","76,349","2.45M","0.91%"
"06/04/2024","76,500","76,520","77,370","75,852","2.22M","0.66%"
"06/03/2024","76,000","76,750","77,450","75,926","2.19M","1.92%"
"05/31/2024","74,567","75,167","75,565","74,240","9.28M","-2.10%"
"05/30/2024","76,166","74,422","76,900","74,101","2.84M","-0.98%"
"05/28/2024","76,921","78,400","78,577","76,781","2.05M","-1.69%"
"05/27/2024","78,246","77,634","78,943","77,507","1.60M","0.27%"
"05/24/2024","78,034","77,819","78,696","75,757","2.26M","-0.14%"
"05/23/2024","78,145","77,955","79,662","77,817","2.62M","0.22%"
"05/22/2024","77,970","78,300","78,960","77,000","2.37M","-1.01%"
"05/21/2024","78,768","77,599","80,400","76,900","3.78M","0.10%"
"05/20/2024","78,688","78,216","79,061","78,098","1.72M","0.68%"
"05/17/2024","78,160","81,160","81,160","78,160","3.25M","-4.09%"
"05/16/2024","81,497","80,134","81,691","80,005","1.78M","1.26%"
"05/15/2024","80,481","80,000","80,620","79,572","2.83M","0.60%"
"05/14/2024","80,000","77,600","81,146","76,909","3.59M","3.87%"
"05/13/2024","77,020","76,000","77,560","75,831","2.14M","2.12%"
"05/10/2024","75,424","75,600","76,222","75,101","1.42M","-0.23%"
"05/09/2024","75,600","75,100","76,017","74,527","2.20M","1.91%"
"05/08/2024","74,185","75,000","75,000","72,917","1.92M","-0.49%"
"05/07/2024","74,548","74,210","75,340","74,210","1.79M","-0.63%"
"05/06/2024","75,024","75,800","76,342","75,024","2.69M","-0.20%"
"05/03/2024","75,175","74,493","76,127","74,425","2.25M","1.59%"
"05/02/2024","74,000","73,201","74,943","73,188","2.44M","2.57%"
"04/30/2024","72,147","72,344","73,146","72,133","2.75M","-0.27%"
"04/29/2024","72,344","72,600","73,010","71,954","1.82M","-0.20%"
"04/26/2024","72,492","73,000","73,666","72,018","1.44M","1.38%"
"04/25/2024","71,503","72,782","73,053","70,800","1.81M","-2.73%"
"04/24/2024","73,512","73,355","74,289","73,050","3.10M","2.14%"
"04/23/2024","71,971","70,000","72,600","69,936","3.55M","4.86%"
"04/22/2024","68,636","67,311","68,865","67,311","2.32M","5.35%"
"04/19/2024","65,148","64,109","65,158","63,486","2.33M","0.62%"
"04/18/2024","64,749","64,900","65,020","63,893","2.36M","1.12%"
"04/17/2024","64,029","64,640","64,877","63,953","2.27M","-0.17%"
"04/16/2024","64,138","64,814","65,512","63,652","2.45M","-2.36%"
"04/15/2024","65,690","66,384","66,974","65,690","1.68M","-1.38%"
"04/12/2024","66,608","66,746","67,800","66,320","2.11M","-0.94%"
"04/11/2024","67,240","68,000","68,438","66,265","1.74M","-0.27%"
"04/10/2024","67,421","66,890","68,398","66,650","1.83M","2.95%"
"04/09/2024","65,489","66,900","67,039","65,472","1.99M","-2.59%"
"04/08/2024","67,227","66,960","67,700","66,599","2.06M","0.13%"
"04/05/2024","67,141","66,435","67,253","66,220","1.70M","0.32%"
"04/04/2024","66,924","67,000","67,776","66,862","1.79M","-0.11%"
"04/03/2024","67,000","66,700","67,700","66,700","2.14M","-0.35%"
"04/02/2024","67,234","67,806","68,000","67,007","2.39M","0.12%"
"03/28/2024","67,151","66,680","67,661","66,037","1.88M","1.69%"
"03/27/2024","66,033","65,555","66,483","65,334","2.40M","2.04%"
"03/26/2024","64,712","63,927","64,915","63,691","2.25M","3.54%"
"03/25/2024","62,500","61,974","63,200","61,825","2.39M","0.96%"
"03/22/2024","61,905","62,300","63,199","61,820","3.08M","-0.66%"
"03/20/2024","62,318","62,110","62,821","60,911","7.06M","1.35%"
"03/19/2024","61,488","61,800","61,800","60,869","2.99M","-0.68%"
"03/18/2024","61,908","61,280","62,670","61,280","4.04M","1.23%"
"03/15/2024","61,153","60,843","61,482","60,380","9.77M","-1.04%"
"03/14/2024","61,793","61,741","62,230","61,522","2.80M","0.04%"
"03/13/2024","61,769","61,200","61,980","60,810","2.36M","0.94%"
"03/12/2024","61,197","60,732","61,501","60,370","3.44M","3.25%"
"03/11/2024","59,273","60,400","60,600","59,091","2.61M","-0.24%"
"03/08/2024","59,418","60,400","60,400","58,970","1.94M","-0.06%"
"03/07/2024","59,453","58,500","60,151","58,500","2.07M","-0.92%"
"03/06/2024","60,006","60,150","60,653","59,562","2.77M","1.82%"
"03/05/2024","58,930","60,460","60,460","58,850","3.44M","-3.23%"
"03/04/2024","60,899","62,800","63,000","60,899","1.39M","-2.44%"
"03/01/2024","62,426","63,060","63,446","62,168","1.59M","-1.07%"
"02/29/2024","63,103","64,126","64,367","62,743","4.25M","-0.38%"
"02/28/2024","63,345","64,760","64,760","63,345","1.41M","-2.58%"
"02/27/2024","65,024","65,957","66,086","64,860","1.56M","-2.25%"
"02/26/2024","66,524","65,580","66,831","65,580","1.30M","-0.64%"
"02/23/2024","66,950","66,060","67,440","66,060","1.21M","0.25%"
"02/22/2024","66,783","65,660","66,991","65,353","1.33M","2.02%"
"02/21/2024","65,461","65,000","65,535","64,271","2.08M","1.85%"
"02/20/2024","64,272","64,740","65,201","63,911","1.42M","-2.21%"
"02/19/2024","65,725","65,500","66,214","64,961","1.61M","-0.58%"
"02/16/2024","66,107","66,702","66,960","66,000","2.12M","0.28%"
"02/15/2024","65,922","65,600","66,493","65,029","1.80M","-0.12%"
"02/14/2024","66,002","67,660","67,770","65,782","2.00M","-2.08%"
"02/13/2024","67,404","69,214","69,214","67,404","1.93M","-1.83%"
"02/12/2024","68,659","68,534","68,892","68,020","1.38M","0.15%"
"02/09/2024","68,556","67,643","69,296","67,643","2.07M","1.51%"
"02/08/2024","67,539","67,360","68,263","66,811","1.96M","-1.36%"
"02/07/2024","68,467","67,780","69,190","67,780","2.23M","1.33%"
"02/06/2024","67,566","66,560","67,834","66,420","3.04M","3.73%"
"02/05/2024","65,135","65,280","65,907","64,533","1.86M","-0.22%"
"02/02/2024","65,280","64,760","65,640","64,466","2.54M","2.73%"
"02/01/2024","63,546","61,600","63,646","61,600","1.90M","1.28%"
"01/31/2024","62,745","63,100","63,371","62,200","2.80M","-1.52%"
"01/30/2024","63,712","62,500","63,934","62,036","1.74M","0.08%"
"01/29/2024","63,660","64,230","64,543","63,660","1.79M","-1.01%"
"01/26/2024","64,311","63,003","64,367","62,092","2.22M","1.36%"
"01/25/2024","63,450","64,900","65,200","63,371","2.73M","-0.55%"
"01/24/2024","63,800","61,000","63,932","60,334","4.41M","5.28%"
"01/23/2024","60,600","59,880","60,600","59,262","3.02M","4.50%"
"01/22/2024","57,990","56,749","58,084","56,600","1.91M","-0.89%"
"01/19/2024","58,512","57,020","58,881","57,020","1.68M","0.92%"
"01/18/2024","57,978","57,560","58,400","57,286","1.94M","1.78%"
"01/17/2024","56,964","57,020","58,110","56,600","2.86M","-2.10%"
"01/16/2024","58,185","59,000","59,449","58,100","1.74M","-2.32%"
"01/15/2024","59,564","59,867","60,197","59,048","1.11M","-0.47%"
"01/12/2024","59,847","60,161","60,161","59,348","1.14M","-0.31%"
"01/11/2024","60,030","60,000","60,829","59,731","2.24M","2.40%"
"01/10/2024","58,625","59,400","60,224","58,439","1.79M","-1.86%"
"01/09/2024","59,737","60,605","60,789","59,527","1.28M","-1.77%"
"01/08/2024","60,810","61,010","61,273","60,000","1.18M","-1.27%"
"01/05/2024","61,591","61,780","61,881","61,067","1.33M","-1.55%"
"01/04/2024","62,561","61,220","62,872","61,220","2.02M","1.32%"
"01/03/2024","61,744","60,601","62,951","60,601","1.48M","1.22%"
"01/02/2024","61,002","61,580","62,642","60,408","1.54M","-2.49%"
"12/29/2023","62,560","61,480","62,578","60,586","1.42M","3.26%"
"12/28/2023","60,587","61,460","61,460","60,335","1.57M","0.77%"
"12/27/2023","60,125","60,098","62,210","58,180","4.56M","9.62%"
"12/22/2023","54,847","57,800","58,000","53,466","4.34M","-17.70%"
"12/21/2023","66,640","66,000","67,019","65,240","4.41M","0.97%"
"12/20/2023","66,000","66,004","67,200","65,549","1.25M","-0.81%"
"12/19/2023","66,540","66,179","67,300","65,934","1.53M","1.06%"
"12/18/2023","65,841","65,501","67,112","65,443","2.79M","-2.58%"
"12/14/2023","67,583","68,612","68,970","67,467","6.93M","-1.50%"
"12/13/2023","68,612","67,760","69,400","67,000","1.78M","0.76%"
"12/12/2023","68,092","69,000","69,765","68,035","1.55M","-0.91%"
"12/11/2023","68,714","67,120","68,826","67,104","1.78M","1.50%"
"12/08/2023","67,700","67,364","68,743","67,362","2.17M","0.02%"
"12/07/2023","67,685","67,250","68,334","66,958","1.86M","-0.28%"
"12/06/2023","67,876","68,700","68,940","67,876","1.55M","-0.81%"
"12/05/2023","68,431","68,280","68,431","67,499","2.03M","-1.62%"
"12/04/2023","69,560","67,360","70,000","67,018","2.44M","2.66%"
"12/01/2023","67,759","68,780","69,248","67,317","1.46M","-2.46%"
"11/30/2023","69,471","68,900","70,800","68,900","9.64M","1.28%"
"11/29/2023","68,593","68,046","69,015","67,668","1.89M","-0.30%"
"11/28/2023","68,800","67,600","69,180","67,600","2.87M","1.19%"
"11/27/2023","67,989","69,000","69,260","67,989","1.39M","-1.31%"
"11/24/2023","68,890","68,100","69,000","68,020","899.56K","-0.29%"
"11/23/2023","69,093","68,550","69,972","68,290","1.91M","1.73%"
"11/22/2023","67,918","66,800","68,050","66,226","2.69M","1.67%"
"11/21/2023","66,800","68,000","68,330","66,708","2.55M","-1.55%"
"11/20/2023","67,850","68,100","69,070","67,458","1.81M","0.64%"
"11/17/2023","67,420","66,000","67,799","65,778","3.24M","0.20%"
"11/16/2023","67,283","68,881","69,136","67,200","3.37M","-3.33%"
"11/15/2023","69,603","65,800","70,230","65,700","3.93M","6.69%"
"11/14/2023","65,236","63,930","66,435","63,706","1.94M","2.04%"
"11/13/2023","63,929","63,606","64,825","63,606","1.67M","0.52%"
"11/10/2023","63,600","64,000","64,021","63,042","1.64M","-1.54%"
"11/09/2023","64,592","64,069","64,929","63,453","1.83M","-0.10%"
"11/08/2023","64,657","62,800","64,925","62,677","2.20M","2.79%"
"11/07/2023","62,904","63,400","64,230","62,543","2.05M","-2.04%"
"11/06/2023","64,214","65,000","65,000","63,810","2.22M","1.11%"
"11/03/2023","63,510","61,580","63,782","61,040","3.45M","5.60%"
"11/02/2023","60,140","57,904","60,341","57,904","2.17M","2.70%"
"11/01/2023","58,560","57,600","58,760","57,025","2.29M","0.64%"
"10/31/2023","58,187","57,700","59,445","57,223","2.97M","-0.61%"
"10/30/2023","58,546","57,760","59,254","57,760","2.07M","1.33%"
"10/27/2023","57,777","58,600","59,137","57,777","2.17M","-0.70%"
"10/26/2023","58,182","58,222","58,872","57,255","1.79M","-0.90%"
"10/25/2023","58,711","59,180","60,000","58,374","1.44M","-1.54%"
"10/24/2023","59,632","58,080","59,632","57,954","1.56M","2.69%"
"10/23/2023","58,070","57,640","58,681","56,522","1.72M","0.76%"
"10/20/2023","57,631","58,000","58,690","57,228","1.68M","-1.09%"
"10/19/2023","58,265","60,000","60,000","58,265","2.17M","-3.45%"
"10/18/2023","60,349","61,000","61,468","59,860","1.62M","-0.96%"
"10/17/2023","60,937","61,640","61,808","60,158","1.54M","-2.06%"
"10/16/2023","62,218","61,420","62,400","60,883","1.89M","1.27%"
"10/13/2023","61,439","62,000","62,781","61,200","1.81M","-2.54%"
"10/12/2023","63,042","64,293","64,637","62,281","2.09M","-1.42%"
"10/11/2023","63,947","63,180","64,125","62,476","2.47M","1.23%"
"10/10/2023","63,171","61,197","63,171","60,765","2.17M","3.46%"
"10/09/2023","61,058","61,800","62,309","60,344","1.43M","-1.35%"
"10/06/2023","61,894","60,777","61,894","60,452","1.73M","2.90%"
"10/05/2023","60,149","60,193","60,558","59,790","1.66M","0.32%"
"10/04/2023","59,956","59,600","60,360","59,114","1.69M","0.60%"
"10/03/2023","59,600","59,900","61,274","59,413","1.33M","-1.83%"
"10/02/2023","60,713","61,000","61,500","60,463","1.36M","0.33%"
"09/29/2023","60,511","61,900","62,397","60,511","1.54M","0.31%"
"09/28/2023","60,321","60,720","60,820","60,000","1.33M","-1.14%"
"09/27/2023","61,014","60,620","61,477","60,447","2.08M","1.23%"
"09/26/2023","60,275","59,800","61,000","59,762","2.75M","-3.31%"
"09/22/2023","62,340","60,913","62,665","60,713","2.91M","4.40%"
"09/21/2023","59,713","61,900","61,900","59,704","6.24M","-5.09%"
"09/20/2023","62,918","63,777","64,000","62,918","1.61M","-0.93%"
"09/19/2023","63,508","63,600","64,373","63,264","1.97M","-0.14%"
"09/18/2023","63,600","65,067","66,200","62,620","2.21M","-1.71%"
"09/15/2023","64,705","65,120","66,359","64,705","4.70M","-0.63%"
"09/14/2023","65,112","64,495","65,274","64,082","1.04M","1.43%"
"09/13/2023","64,195","64,000","65,319","63,818","1.32M","-1.65%"
"09/12/2023","65,274","65,000","65,400","64,238","1.40M","0.28%"
"09/11/2023","65,090","64,040","65,486","64,040","1.17M","1.95%"
"09/08/2023","63,847","64,111","64,896","63,847","1.54M","-0.38%"
"09/07/2023","64,091","65,800","66,371","64,060","1.92M","-4.53%"
"09/06/2023","67,130","66,020","67,746","65,723","1.74M","0.43%"
"09/05/2023","66,841","65,829","66,841","65,400","1.34M","1.00%"
"09/04/2023","66,179","66,000","67,214","65,140","1.46M","1.97%"
"09/01/2023","64,902","64,760","65,005","63,798","1.32M","0.87%"
"08/31/2023","64,340","63,176","64,733","63,014","3.88M","1.03%"
"08/30/2023","63,681","64,000","64,627","63,219","1.47M","-1.31%"
"08/29/2023","64,528","63,500","64,862","63,294","1.86M","1.07%"
"08/28/2023","63,843","63,160","64,248","62,585","4.26M","2.31%"
"08/25/2023","62,400","62,600","64,063","62,400","1.45M","-1.36%"
"08/24/2023","63,258","64,300","64,961","63,258","1.68M","-0.72%"
"08/23/2023","63,715","64,200","64,220","62,750","1.34M","-0.13%"
"08/22/2023","63,800","65,160","65,195","63,521","2.20M","-1.58%"
"08/21/2023","64,825","64,151","65,304","63,940","2.50M","0.62%"
"08/18/2023","64,423","65,160","65,860","64,423","3.73M","-2.13%"
"08/17/2023","65,823","66,680","67,277","65,374","3.53M","0.80%"
"08/16/2023","65,303","67,100","68,501","64,500","5.31M","-2.94%"
"08/15/2023","67,278","67,200","67,548","66,601","1.58M","1.15%"
"08/14/2023","66,516","66,547","67,400","65,927","2.13M","-0.91%"
"08/11/2023","67,127","68,920","68,939","67,127","1.69M","-3.59%"
"08/10/2023","69,628","68,400","70,042","68,000","2.39M","3.23%"
"08/08/2023","67,451","67,600","68,132","66,967","1.98M","-1.30%"
"08/07/2023","68,337","68,710","69,123","68,211","1.54M","-1.10%"
"08/04/2023","69,100","69,783","69,797","68,559","1.41M","-1.00%"
"08/03/2023","69,800","69,267","70,000","68,427","1.99M","2.20%"
"08/02/2023","68,299","69,300","70,146","68,299","3.08M","-3.75%"
"08/01/2023","70,959","69,802","71,357","69,200","3.41M","0.96%"
"07/31/2023","70,282","69,220","70,996","69,028","2.94M","1.54%"
"07/28/2023","69,218","67,100","69,419","66,818","2.73M","4.07%"
"07/27/2023","66,509","66,110","67,148","65,949","2.23M","0.77%"
"07/26/2023","65,999","65,630","66,142","64,817","2.17M","-0.54%"
"07/25/2023","66,355","66,680","66,980","66,230","2.65M","2.19%"
"07/24/2023","64,930","64,000","65,444","64,000","1.57M","0.19%"
"07/21/2023","64,809","65,500","65,837","64,709","1.68M","-0.78%"
"07/20/2023","65,316","67,269","67,286","65,039","3.19M","-3.22%"
"07/19/2023","67,486","66,512","67,593","65,607","1.94M","1.25%"
"07/18/2023","66,656","66,315","66,870","65,830","2.53M","-2.63%"
"07/17/2023","68,453","68,331","68,807","67,555","2.22M","0.09%"
"07/14/2023","68,393","67,100","68,990","66,915","1.87M","0.95%"
"07/13/2023","67,746","67,378","68,121","66,963","2.70M","1.30%"
"07/12/2023","66,879","64,700","66,999","64,353","3.10M","3.84%"
"07/11/2023","64,407","65,200","65,470","64,146","2.12M","0.02%"
"07/10/2023","64,397","64,300","64,558","63,411","1.31M","0.32%"
"07/07/2023","64,189","64,180","64,740","63,390","1.77M","0.95%"
"07/06/2023","63,588","64,799","64,998","63,373","2.06M","-3.75%"
"07/05/2023","66,064","66,067","66,300","65,263","1.80M","-0.78%"
"07/04/2023","66,585","67,298","67,480","65,670","1.56M","-0.02%"
"07/03/2023","66,600","68,622","68,731","66,312","2.47M","-2.03%"
"06/30/2023","67,980","65,600","68,581","65,600","3.68M","2.53%"
"06/29/2023","66,306","67,760","67,840","65,772","3.24M","-2.07%"
"06/28/2023","67,706","64,820","68,473","64,633","4.47M","3.80%"
"06/27/2023","65,226","64,456","66,300","63,804","7.14M","8.77%"
"06/26/2023","59,969","59,740","60,608","59,150","2.90M","0.14%"
"06/23/2023","59,884","61,160","62,264","59,566","3.40M","-2.53%"
"06/22/2023","61,440","61,025","61,898","60,700","1.26M","0.18%"
"06/21/2023","61,330","61,700","62,282","61,262","2.73M","-2.53%"
"06/20/2023","62,925","64,120","64,500","62,400","3.79M","-3.49%"
"06/19/2023","65,201","63,200","65,600","63,155","2.55M","1.07%"
"06/15/2023","64,508","63,000","64,772","62,661","11.14M","3.54%"
"06/14/2023","62,300","62,400","63,509","61,616","2.48M","-1.66%"
"06/13/2023","63,350","63,040","63,974","62,401","2.02M","1.43%"
"06/12/2023","62,458","62,752","63,206","62,008","1.91M","0.42%"
"06/09/2023","62,194","62,630","63,400","61,710","1.75M","-0.09%"
"06/08/2023","62,248","62,483","62,799","61,634","1.94M","-0.18%"
"06/07/2023","62,359","63,022","63,759","62,282","1.89M","-0.83%"
"06/06/2023","62,883","62,600","62,883","61,620","3.28M","-0.51%"
"06/05/2023","63,205","63,711","64,300","62,905","1.80M","-1.14%"
"06/02/2023","63,931","63,597","64,715","63,324","4.14M","4.00%"
"06/01/2023","61,475","60,720","61,872","60,581","3.89M","3.26%"
"05/31/2023","59,537","60,000","60,506","59,171","20.10M","-2.62%"
"05/30/2023","61,136","62,320","62,760","61,136","3.25M","-1.38%"
"05/29/2023","61,992","62,000","62,639","61,503","1.76M","-1.60%"
"05/26/2023","63,000","62,022","63,100","61,317","2.44M","0.82%"
"05/25/2023","62,488","61,721","62,976","61,720","3.72M","-0.78%"
"05/24/2023","62,977","64,202","64,794","62,953","2.26M","-2.37%"
"05/23/2023","64,503","66,000","66,383","64,461","2.43M","-3.44%"
"05/22/2023","66,800","68,000","68,462","66,174","2.09M","-0.13%"
"05/19/2023","66,888","66,712","67,308","66,220","1.73M","-0.59%"
"05/18/2023","67,287","67,900","69,080","66,970","3.07M","-2.62%"
"05/17/2023","69,097","67,000","69,157","66,002","5.11M","4.35%"
"05/16/2023","66,216","65,955","66,829","65,200","2.18M","1.25%"
"05/15/2023","65,400","64,720","66,572","64,208","4.32M","3.29%"
"05/12/2023","63,317","64,500","65,300","63,094","4.55M","-1.85%"
"05/11/2023","64,512","61,440","64,748","61,440","3.54M","2.58%"
"05/10/2023","62,891","62,192","63,198","61,319","2.41M","3.39%"
"05/09/2023","60,830","61,868","62,882","60,800","2.31M","-3.79%"
"05/08/2023","63,228","64,000","64,403","62,468","1.29M","-1.41%"
"05/05/2023","64,130","62,540","64,297","62,540","2.54M","2.86%"
"05/04/2023","62,350","62,184","62,945","61,675","1.86M","-0.98%"
"05/03/2023","62,964","63,297","63,900","62,503","2.39M","-0.94%"
"05/02/2023","63,560","65,990","65,990","63,348","2.26M","-2.55%"
"04/28/2023","65,224","65,007","65,997","63,854","3.26M","0.85%"
"04/26/2023","64,674","64,445","65,398","64,000","2.13M","2.01%"
"04/25/2023","63,397","62,837","64,000","62,657","1.84M","-0.34%"
"04/24/2023","63,615","63,999","64,397","63,497","1.84M","-2.08%"
"04/21/2023","64,965","64,860","65,564","63,841","1.76M","-1.54%"
"04/20/2023","65,978","67,565","67,565","65,749","1.99M","-1.28%"
"04/19/2023","66,831","66,805","66,943","65,625","2.84M","-0.96%"
"04/18/2023","67,480","66,121","69,270","66,121","3.88M","0.41%"
"04/17/2023","67,205","65,080","67,824","64,998","4.02M","4.36%"
"04/14/2023","64,395","63,699","65,200","63,052","3.74M","1.92%"
"04/13/2023","63,185","61,240","63,919","61,240","4.08M","3.35%"
"04/12/2023","61,136","62,000","63,244","61,002","3.16M","-3.54%"
"04/11/2023","63,380","64,222","65,700","63,311","3.11M","-2.53%"
"04/06/2023","65,026","64,435","65,940","63,740","2.49M","0.92%"
"04/05/2023","64,435","66,400","66,400","64,100","1.92M","-2.84%"
"04/04/2023","66,318","66,011","66,716","65,242","2.17M","0.99%"
"04/03/2023","65,667","65,955","66,588","65,237","1.90M","-0.29%"
"03/31/2023","65,859","66,754","67,240","65,575","2.67M","-0.74%"
"03/30/2023","66,351","67,000","67,255","65,809","2.15M","-0.65%"
"03/29/2023","66,783","66,140","67,600","66,140","2.05M","2.08%"
"03/28/2023","65,425","65,020","66,400","65,020","4.79M","2.27%"
"03/27/2023","63,970","66,360","66,380","63,561","2.04M","-3.95%"
"03/24/2023","66,600","66,680","67,888","66,023","2.66M","-0.60%"
"03/23/2023","67,000","66,400","67,576","66,209","5.58M","4.72%"
"03/22/2023","63,978","63,560","63,978","61,850","4.44M","3.06%"
"03/20/2023","62,077","58,700","62,196","58,461","3.33M","3.98%"
"03/17/2023","59,701","61,600","62,420","59,701","16.16M","-2.07%"
"03/16/2023","60,961","60,260","61,320","59,573","7.67M","-0.09%"
"03/15/2023","61,015","63,100","63,337","59,900","2.56M","-2.58%"
"03/14/2023","62,630","61,800","63,060","60,683","2.71M","1.34%"
"03/13/2023","61,800","63,240","63,800","60,252","3.00M","1.32%"
"03/10/2023","60,994","62,000","62,492","60,529","3.23M","-3.74%"
"03/09/2023","63,364","64,200","64,200","62,531","2.12M","-1.80%"
"03/08/2023","64,523","64,640","64,872","63,918","1.89M","-1.70%"
"03/07/2023","65,638","65,183","66,332","64,820","2.13M","0.08%"
"03/06/2023","65,585","64,623","65,957","64,612","2.41M","0.62%"
"03/03/2023","65,183","66,501","67,000","64,600","3.03M","-0.41%"
"03/02/2023","65,454","68,000","68,000","64,504","3.21M","-4.29%"
"03/01/2023","68,385","68,007","68,859","67,125","3.00M","4.98%"
"02/28/2023","65,141","65,135","65,500","64,105","2.92M","0.84%"
"02/27/2023","64,600","63,395","65,169","63,033","1.93M","1.90%"
"02/24/2023","63,395","64,444","64,895","63,088","2.22M","-2.69%"
"02/23/2023","65,147","64,474","65,899","64,117","2.17M","0.66%"
"02/22/2023","64,720","63,760","65,274","63,655","2.34M","0.10%"
"02/21/2023","64,653","65,623","65,641","63,737","3.47M","-3.71%"
"02/20/2023","67,141","68,000","68,165","66,743","1.79M","-0.06%"
"02/17/2023","67,181","68,755","69,122","67,181","1.62M","-3.37%"
"02/16/2023","69,523","69,600","70,200","69,029","1.64M","0.89%"
"02/15/2023","68,907","68,220","69,476","68,220","2.16M","0.40%"
"02/14/2023","68,635","68,423","69,576","68,128","1.98M","-0.94%"
"02/13/2023","69,289","68,520","69,500","68,350","1.51M","0.92%"
"02/10/2023","68,659","67,240","68,927","66,900","2.73M","0.05%"
"02/09/2023","68,625","69,160","69,929","68,421","2.50M","0.90%"
"02/08/2023","68,011","67,060","68,011","66,801","2.80M","1.52%"
"02/07/2023","66,993","66,900","67,940","66,422","2.30M","0.29%"
"02/06/2023","66,800","66,900","67,831","66,040","3.04M","-1.76%"
"02/03/2023","68,000","67,470","68,263","66,925","2.35M","1.52%"
"02/02/2023","66,983","67,348","67,831","66,338","3.05M","0.45%"
"02/01/2023","66,680","67,680","68,623","66,164","3.58M","-0.38%"
"01/31/2023","66,931","65,963","67,266","65,601","4.79M","-0.25%"
"01/30/2023","67,096","67,830","68,179","66,601","3.97M","-5.22%"
"01/27/2023","70,790","70,760","71,653","70,163","2.91M","1.12%"
"01/26/2023","70,007","69,218","70,468","68,892","3.20M","3.60%"
"01/25/2023","67,573","68,260","69,123","67,415","1.99M","-1.67%"
"01/24/2023","68,723","68,540","69,300","68,379","1.43M","0.99%"
"01/23/2023","68,046","68,160","68,569","67,652","1.63M","0.75%"
"01/20/2023","67,542","67,700","68,361","67,082","2.18M","0.96%"
"01/19/2023","66,899","67,600","68,100","66,078","3.07M","-0.37%"
"01/18/2023","67,144","67,294","68,151","66,898","1.99M","0.07%"
"01/17/2023","67,100","66,000","67,757","65,272","2.94M","1.46%"
"01/16/2023","66,133","66,680","67,507","66,100","2.96M","-1.83%"
"01/13/2023","67,366","65,800","67,700","65,800","2.98M","2.54%"
"01/12/2023","65,700","64,500","66,766","63,956","3.67M","-1.25%"
"01/11/2023","66,530","65,300","67,437","65,300","3.87M","2.80%"
"01/10/2023","64,720","64,700","65,482","63,956","4.90M","-0.79%"
"01/09/2023","65,234","64,263","65,500","64,109","4.00M","3.93%"
"01/06/2023","62,765","60,700","63,459","60,700","3.24M","3.34%"
"01/05/2023","60,736","61,199","62,300","60,286","4.07M","-0.76%"
"01/04/2023","61,199","60,240","61,840","60,240","3.33M","2.34%"
"01/03/2023","59,800","57,622","60,178","57,622","2.75M","5.87%"
"12/30/2022","56,487","56,529","57,673","56,000","927.38K","-1.07%"
"12/29/2022","57,100","57,000","57,600","56,755","1.94M","0.68%"
"12/28/2022","56,714","55,980","57,000","55,385","2.03M","2.75%"
"12/23/2022","55,196","55,620","56,175","54,655","1.19M","-1.44%"
"12/22/2022","56,000","56,620","57,568","55,655","1.58M","0.72%"
"12/21/2022","55,600","55,785","56,000","55,081","1.92M","0.40%"
"12/20/2022","55,380","55,900","55,900","53,901","2.22M","-2.16%"
"12/19/2022","56,600","56,372","58,823","56,134","3.14M","-0.13%"
"12/15/2022","56,676","56,060","57,078","55,527","11.02M","-0.75%"
"12/14/2022","57,102","57,900","58,778","56,829","2.59M","-1.38%"
"12/13/2022","57,901","55,860","58,637","55,860","3.14M","3.69%"
"12/12/2022","55,841","55,060","56,513","54,580","3.49M","-0.18%"
"12/09/2022","55,941","54,600","56,881","54,600","3.39M","2.80%"
"12/08/2022","54,419","54,721","55,250","54,242","1.96M","2.21%"
"12/07/2022","53,241","53,020","53,934","52,412","3.25M","0.10%"
"12/06/2022","53,189","53,954","54,812","52,668","2.60M","-1.81%"
"12/05/2022","54,171","55,111","56,010","54,025","3.51M","1.95%"
"12/02/2022","53,136","53,040","54,254","52,242","3.94M","-0.54%"
"12/01/2022","53,426","52,878","54,807","52,480","5.59M","1.34%"
"11/30/2022","52,722","49,470","53,000","49,060","7.33M","6.10%"
"11/29/2022","49,690","50,620","51,594","49,233","3.40M","0.27%"
"11/28/2022","49,556","48,138","49,980","47,984","3.06M","1.31%"
"11/25/2022","48,918","48,660","49,800","47,438","2.98M","-1.57%"
"11/24/2022","49,699","48,400","49,967","48,021","2.45M","2.63%"
"11/23/2022","48,425","48,660","49,980","47,716","3.62M","0.73%"
"11/22/2022","48,075","48,001","49,056","47,040","4.93M","-3.42%"
"11/21/2022","49,778","50,758","51,109","49,492","2.82M","-2.81%"
"11/18/2022","51,217","51,205","51,660","50,461","2.83M","-0.73%"
"11/17/2022","51,594","51,399","52,333","50,800","3.49M","-1.17%"
"11/16/2022","52,204","49,400","54,070","49,020","7.22M","5.96%"
"11/15/2022","49,266","50,761","51,041","48,834","5.11M","4.87%"
"11/14/2022","46,978","47,800","48,400","46,759","3.50M","-1.61%"
"11/11/2022","47,746","45,420","48,285","45,420","6.33M","8.42%"
"11/10/2022","44,036","42,120","44,552","41,361","3.85M","4.54%"
"11/09/2022","42,124","42,360","42,780","41,621","3.42M","-1.87%"
"11/08/2022","42,926","43,982","44,161","42,741","2.31M","-2.88%"
"11/07/2022","44,200","44,000","44,497","43,019","4.84M","1.38%"
"11/04/2022","43,600","44,000","44,520","42,670","3.36M","7.34%"
"11/03/2022","40,620","39,344","40,720","39,344","3.65M","-1.18%"
"11/02/2022","41,103","41,530","42,025","40,647","3.89M","-0.06%"
"11/01/2022","41,127","42,000","43,261","39,600","7.61M","8.22%"
"10/31/2022","38,002","36,700","38,220","36,442","8.04M","7.96%"
"10/28/2022","35,200","35,360","36,354","35,155","6.03M","-6.28%"
"10/27/2022","37,560","37,099","37,970","36,581","6.51M","0.80%"
"10/26/2022","37,262","35,577","37,400","35,400","6.57M","6.21%"
"10/25/2022","35,084","35,000","35,733","34,604","7.62M","2.50%"
"10/24/2022","34,227","38,400","38,720","33,887","10.74M","-17.40%"
"10/21/2022","41,436","42,153","42,327","41,378","5.50M","-3.08%"
"10/20/2022","42,753","41,347","42,833","40,920","5.27M","0.80%"
"10/19/2022","42,413","43,780","43,974","42,116","4.67M","-5.26%"
"10/18/2022","44,768","44,280","45,242","44,280","4.55M","1.75%"
"10/17/2022","44,000","42,700","44,334","42,492","3.48M","3.42%"
"10/14/2022","42,544","43,579","43,988","42,000","4.34M","1.13%"
"10/13/2022","42,070","43,649","44,282","41,800","5.90M","-4.51%"
"10/12/2022","44,057","45,111","45,656","43,940","3.08M","-1.37%"
"10/11/2022","44,668","44,660","45,602","44,190","2.51M","-1.08%"
"10/10/2022","45,158","46,334","46,490","45,158","3.22M","-4.67%"
"10/07/2022","47,372","47,300","48,013","46,700","3.84M","-1.31%"
"10/06/2022","48,000","46,653","48,895","46,500","6.02M","4.03%"
"10/05/2022","46,140","47,302","47,681","45,700","4.28M","-1.94%"
"10/04/2022","47,052","45,875","47,052","45,494","4.59M","3.59%"
"10/03/2022","45,420","44,657","45,841","44,506","3.08M","0.34%"
"09/30/2022","45,266","43,550","45,660","43,550","5.27M","2.98%"
"09/29/2022","43,954","44,240","45,200","43,561","4.46M","-2.22%"
"09/28/2022","44,954","45,679","45,679","44,048","5.08M","-2.02%"
"09/27/2022","45,883","47,300","47,415","45,563","3.88M","-3.75%"
"09/26/2022","47,669","45,140","48,000","45,140","5.94M","6.08%"
"09/23/2022","44,938","45,011","45,600","43,853","4.95M","-0.97%"
"09/22/2022","45,379","46,400","46,892","45,374","3.12M","-4.47%"
"09/21/2022","47,500","47,780","47,800","46,805","3.93M","-0.71%"
"09/20/2022","47,840","47,630","48,900","47,526","4.94M","0.96%"
"09/19/2022","47,383","46,920","47,873","46,537","3.82M","0.15%"
"09/16/2022","47,313","48,700","49,323","47,313","11.41M","-4.07%"
"09/15/2022","49,323","49,880","50,358","48,997","7.96M","-0.16%"
"09/14/2022","49,400","48,740","49,714","47,875","3.45M","1.06%"
"09/13/2022","48,882","49,700","50,189","48,140","4.91M","-2.47%"
"09/12/2022","50,121","50,600","50,996","49,378","2.57M","0.57%"
"09/09/2022","49,835","49,240","50,977","49,240","5.26M","2.04%"
"09/08/2022","48,838","46,900","48,998","46,640","4.19M","2.86%"
"09/07/2022","47,480","47,111","48,336","46,802","2.85M","-0.11%"
"09/06/2022","47,532","47,990","48,341","47,106","3.47M","-0.87%"
"09/05/2022","47,947","48,250","48,400","46,800","5.37M","-1.16%"
"09/02/2022","48,510","47,101","48,793","46,861","3.30M","3.56%"
"09/01/2022","46,842","48,376","48,547","46,800","4.78M","-3.45%"
"08/31/2022","48,515","49,423","50,100","48,502","5.27M","0.53%"
"08/30/2022","48,260","50,200","50,676","48,097","2.43M","-4.25%"
"08/29/2022","50,400","50,420","51,018","49,940","2.67M","-1.25%"
"08/26/2022","51,038","51,720","52,900","50,539","4.01M","-2.33%"
"08/25/2022","52,253","49,800","52,253","49,646","3.50M","6.27%"
"08/24/2022","49,169","48,855","49,994","48,855","2.52M","-0.43%"
"08/23/2022","49,380","48,620","49,994","48,620","2.01M","0.92%"
"08/22/2022","48,931","48,600","50,460","48,161","3.60M","-1.09%"
"08/19/2022","49,468","49,910","51,319","49,300","2.35M","-1.91%"
"08/18/2022","50,430","52,130","52,400","50,310","4.41M","-2.60%"
"08/17/2022","51,777","51,060","52,121","49,795","4.10M","0.32%"
"08/16/2022","51,612","48,960","51,860","48,960","4.49M","4.17%"
"08/15/2022","49,547","48,760","50,000","48,760","2.71M","1.36%"
"08/12/2022","48,883","49,620","50,174","48,655","2.47M","-2.58%"
"08/11/2022","50,179","49,002","50,800","48,610","3.96M","3.25%"
"08/10/2022","48,600","48,935","49,260","47,296","3.96M","-2.58%"
"08/08/2022","49,889","48,700","50,430","48,700","3.50M","1.82%"
"08/05/2022","48,999","48,404","49,296","48,021","2.63M","0.95%"
"08/04/2022","48,539","49,098","50,035","48,405","3.45M","0.17%"
"08/03/2022","48,455","47,199","48,576","47,000","4.23M","4.14%"
"08/02/2022","46,530","46,516","47,292","45,757","4.37M","-1.94%"
"08/01/2022","47,450","46,300","48,000","46,300","4.52M","0.68%"
"07/29/2022","47,129","47,600","48,114","46,609","8.00M","-4.17%"
"07/28/2022","49,180","49,501","50,405","49,040","3.16M","-0.56%"
"07/27/2022","49,457","50,403","51,340","49,130","3.74M","-3.06%"
"07/26/2022","51,016","51,020","52,238","50,822","3.33M","0.78%"
"07/25/2022","50,621","51,605","52,340","50,138","3.84M","-3.02%"
"07/22/2022","52,200","53,180","53,667","52,200","3.15M","-1.98%"
"07/21/2022","53,252","53,180","54,699","52,543","4.11M","0.10%"
"07/20/2022","53,200","52,955","54,071","52,452","4.28M","0.59%"
"07/19/2022","52,889","50,710","53,282","50,333","3.40M","3.35%"
"07/18/2022","51,176","50,000","51,659","49,676","5.06M","4.27%"
"07/15/2022","49,082","49,200","49,871","48,599","5.40M","-1.84%"
"07/14/2022","50,000","49,660","50,937","49,461","4.97M","-0.12%"
"07/13/2022","50,059","51,380","52,580","48,614","8.05M","-4.84%"
"07/12/2022","52,603","51,260","53,039","51,200","3.99M","1.22%"
"07/11/2022","51,967","52,000","53,130","51,211","4.01M","-2.19%"
"07/08/2022","53,130","56,300","56,824","52,894","7.17M","-6.90%"
"07/07/2022","57,065","52,680","57,065","52,585","5.54M","8.90%"
"07/06/2022","52,400","52,945","53,760","52,037","8.84M","-1.69%"
"07/05/2022","53,300","51,041","53,317","50,979","7.52M","4.55%"
"07/04/2022","50,979","50,360","51,240","49,268","8.15M","1.25%"
"07/01/2022","50,350","47,243","50,701","46,584","10.37M","6.33%"
"06/30/2022","47,354","46,200","48,259","46,033","9.58M","1.05%"
"06/29/2022","46,863","45,448","46,957","45,100","10.71M","1.74%"
"06/28/2022","46,063","45,501","46,764","45,161","9.62M","-1.94%"
"06/27/2022","46,974","44,000","48,900","42,199","17.62M","22.79%"
"06/24/2022","38,255","37,420","38,492","37,021","3.36M","3.46%"
"06/23/2022","36,978","36,736","37,198","36,470","3.15M","1.16%"
"06/22/2022","36,552","36,313","36,894","35,433","2.87M","-1.01%"
"06/21/2022","36,925","37,295","37,600","36,349","3.38M","0.84%"
"06/20/2022","36,616","36,210","36,989","35,923","2.54M","1.75%"
"06/17/2022","35,987","36,600","37,800","35,200","9.99M","-0.78%"
"06/15/2022","36,271","35,100","36,378","34,449","9.21M","4.23%"
"06/14/2022","34,800","35,640","35,640","34,461","3.92M","-0.02%"
"06/13/2022","34,807","34,339","35,471","33,870","4.70M","-1.85%"
"06/10/2022","35,463","36,400","36,883","35,449","5.54M","-3.42%"
"06/09/2022","36,721","36,478","39,135","35,652","7.75M","0.66%"
"06/08/2022","36,479","34,800","36,883","34,639","8.15M","8.91%"
"06/07/2022","33,494","34,000","34,000","32,848","2.83M","-2.88%"
"06/06/2022","34,486","33,200","34,529","32,818","2.88M","3.88%"
"06/03/2022","33,196","33,400","33,660","33,045","2.69M","0.38%"
"06/02/2022","33,070","33,589","33,589","32,478","3.70M","-1.60%"
"06/01/2022","33,607","33,620","34,555","33,152","3.84M","-1.99%"
"05/31/2022","34,289","33,502","34,598","33,446","10.36M","2.77%"
"05/30/2022","33,365","32,300","33,489","31,971","3.89M","5.16%"
"05/27/2022","31,727","31,760","32,042","31,080","3.34M","-0.86%"
"05/26/2022","32,004","30,232","32,120","30,232","3.77M","4.80%"
"05/25/2022","30,538","29,580","30,538","29,082","5.30M","4.57%"
"05/24/2022","29,204","30,400","30,652","29,204","4.78M","-6.73%"
"05/23/2022","31,312","32,207","32,709","31,220","2.79M","-2.38%"
"05/20/2022","32,074","32,360","33,306","31,991","4.98M","1.19%"
"05/19/2022","31,697","31,040","31,772","30,800","4.37M","-0.82%"
"05/18/2022","31,960","33,450","33,600","31,320","7.01M","-4.76%"
"05/17/2022","33,556","32,602","34,177","32,502","5.34M","6.67%"
"05/16/2022","31,457","31,920","32,009","31,200","3.98M","-1.97%"
"05/13/2022","32,090","32,009","32,330","30,767","4.59M","1.25%"
"05/12/2022","31,693","30,140","31,693","29,840","4.81M","1.65%"
"05/11/2022","31,180","29,617","31,752","29,559","6.45M","7.32%"
"05/10/2022","29,054","28,927","29,957","28,700","3.35M","1.79%"
"05/09/2022","28,544","28,952","29,180","28,435","4.18M","-2.23%"
"05/06/2022","29,194","29,100","29,692","28,651","4.45M","-0.07%"
"05/05/2022","29,214","31,020","31,241","29,214","3.95M","-4.71%"
"05/04/2022","30,657","31,301","31,788","30,276","4.53M","-4.01%"
"05/03/2022","31,938","32,600","32,863","31,837","5.63M","-0.68%"
"04/29/2022","32,155","32,100","32,962","31,902","8.56M","7.94%"
"04/28/2022","29,788","30,600","31,000","29,700","4.05M","-0.71%"
"04/26/2022","30,000","30,400","30,958","30,000","4.07M","-0.19%"
"04/25/2022","30,058","29,100","30,139","28,822","4.79M","-0.29%"
"04/22/2022","30,146","29,232","30,501","29,112","3.18M","2.24%"
"04/21/2022","29,485","29,024","30,301","28,921","3.93M","-1.38%"
"04/20/2022","29,898","30,368","30,431","29,463","3.77M","-2.22%"
"04/19/2022","30,577","29,994","30,600","29,287","3.55M","0.37%"
"04/14/2022","30,464","31,480","32,222","30,340","3.42M","-2.50%"
"04/13/2022","31,244","31,990","32,097","30,440","4.08M","-0.78%"
"04/12/2022","31,489","32,980","32,980","31,489","3.18M","-4.05%"
"04/11/2022","32,820","31,124","33,200","30,420","5.18M","2.56%"
"04/08/2022","32,000","33,316","33,316","31,740","1.68M","-1.99%"
"04/07/2022","32,651","33,400","33,573","32,543","1.94M","-1.72%"
"04/06/2022","33,221","35,535","35,570","33,050","3.42M","-6.34%"
"04/05/2022","35,470","35,956","36,272","35,165","5.63M","-0.98%"
"04/04/2022","35,821","35,000","36,090","34,834","3.03M","4.05%"
"04/01/2022","34,426","33,780","34,787","32,803","5.53M","3.44%"
"03/31/2022","33,282","34,000","34,144","33,175","3.45M","-2.36%"
"03/30/2022","34,087","33,930","34,873","33,837","4.27M","-0.22%"
"03/29/2022","34,162","32,490","34,162","32,490","3.71M","6.75%"
"03/28/2022","32,001","32,561","32,919","31,830","3.00M","0.08%"
"03/25/2022","31,974","32,100","32,575","31,760","3.85M","-1.53%"
"03/24/2022","32,471","34,200","34,200","32,331","3.64M","-3.87%"
"03/23/2022","33,780","37,498","37,498","33,754","6.62M","-9.45%"
"03/22/2022","37,306","36,500","37,508","35,830","5.70M","1.10%"
"03/18/2022","36,900","35,980","36,900","35,336","21.71M","4.32%"
"03/17/2022","35,371","37,000","37,237","35,032","9.72M","-2.09%"
"03/16/2022","36,126","35,520","36,238","34,343","9.01M","20.93%"
"03/15/2022","29,874","28,959","30,098","27,850","9.96M","-4.12%"
"03/14/2022","31,158","34,410","34,510","30,156","7.58M","-13.12%"
"03/11/2022","35,863","34,900","36,673","34,500","4.06M","-0.03%"
"03/10/2022","35,874","36,200","37,145","35,661","5.49M","-0.90%"
"03/09/2022","36,200","34,000","36,975","33,600","6.87M","5.90%"
"03/08/2022","34,184","32,380","34,650","31,805","6.09M","4.56%"
"03/07/2022","32,692","31,902","33,104","30,536","6.45M","0.07%"
"03/04/2022","32,668","35,199","35,300","32,564","7.93M","-10.94%"
"03/03/2022","36,683","37,600","37,700","36,110","3.62M","-1.95%"
"03/02/2022","37,413","38,740","38,768","37,200","4.71M","-3.53%"
"03/01/2022","38,781","39,800","39,800","38,677","4.03M","0.55%"
"02/28/2022","38,569","37,400","38,767","37,139","6.03M","2.32%"
"02/25/2022","37,696","38,000","38,681","37,391","3.44M","-0.61%"
"02/24/2022","37,927","38,500","38,856","37,222","7.05M","-5.58%"
"02/23/2022","40,169","41,210","41,980","40,169","3.98M","-2.01%"
"02/22/2022","40,994","40,800","41,720","40,400","4.96M","-0.37%"
"02/21/2022","41,144","43,838","43,838","41,085","5.21M","-8.03%"
"02/18/2022","44,739","45,060","45,447","44,269","2.48M","-1.23%"
"02/17/2022","45,297","45,302","45,813","44,743","2.66M","-0.14%"
"02/16/2022","45,361","46,002","46,480","45,300","1.91M","-0.58%"
"02/15/2022","45,628","45,820","46,815","45,628","2.46M","-0.25%"
"02/14/2022","45,744","47,400","47,850","45,700","3.25M","-4.61%"
"02/11/2022","47,955","48,790","48,873","47,239","3.14M","-1.54%"
"02/10/2022","48,705","50,000","50,412","48,506","2.10M","-2.59%"
"02/09/2022","50,000","49,900","50,738","49,280","3.40M","2.18%"
"02/08/2022","48,933","49,050","49,453","48,078","2.77M","-1.19%"
"02/07/2022","49,522","49,220","50,188","49,220","1.34M","-0.17%"
"02/04/2022","49,608","49,900","50,113","49,320","1.64M","1.33%"
"02/03/2022","48,956","49,000","50,120","48,600","2.47M","-1.30%"
"02/02/2022","49,600","50,800","51,090","49,600","3.49M","-1.16%"
"02/01/2022","50,180","49,900","50,578","49,599","2.87M","1.91%"
"01/31/2022","49,241","48,320","49,494","47,885","3.10M","4.87%"
"01/28/2022","46,953","47,021","47,882","46,861","1.66M","0.07%"
"01/27/2022","46,921","47,600","48,200","46,600","3.58M","-3.46%"
"01/26/2022","48,600","48,940","49,107","48,333","2.12M","0.83%"
"01/25/2022","48,200","50,000","50,183","48,200","3.76M","-3.77%"
"01/24/2022","50,086","51,340","51,600","49,978","2.17M","-2.63%"
"01/21/2022","51,440","52,235","52,680","51,320","2.56M","-2.93%"
"01/20/2022","52,992","52,520","52,992","51,503","3.98M","5.08%"
"01/19/2022","50,432","51,020","51,020","49,620","1.89M","-0.28%"
"01/18/2022","50,573","51,600","51,776","50,325","1.96M","-3.44%"
"01/17/2022","52,374","51,600","52,654","51,600","1.47M","0.47%"
"01/14/2022","52,129","52,327","52,699","51,600","1.92M","-1.42%"
"01/13/2022","52,879","52,946","53,384","52,080","2.91M","-1.34%"
"01/12/2022","53,600","49,800","53,600","49,800","4.82M","9.30%"
"01/11/2022","49,040","48,500","49,040","47,992","2.57M","3.28%"
"01/10/2022","47,483","48,380","48,598","47,483","1.69M","-0.62%"
"01/07/2022","47,781","48,464","48,520","47,400","2.55M","-0.26%"
"01/06/2022","47,906","49,620","49,642","47,600","2.06M","-3.56%"
"01/05/2022","49,672","49,800","50,000","49,171","2.11M","-3.46%"
"01/04/2022","51,450","50,200","51,737","50,109","1.98M","2.43%"
"01/03/2022","50,230","49,300","50,579","49,300","1.02M","1.60%"
"12/31/2021","49,440","49,480","49,900","49,320","870.03K","1.44%"
"12/30/2021","48,738","49,120","49,203","47,800","2.40M","-0.76%"
"12/29/2021","49,110","48,188","49,227","47,960","1.05M","1.22%"
"12/28/2021","48,518","48,740","48,787","47,901","1.21M","-0.79%"
"12/24/2021","48,902","48,890","48,994","47,947","438.79K","1.46%"
"12/23/2021","48,201","49,340","49,340","48,126","3.20M","1.09%"
"12/22/2021","47,679","47,360","47,899","46,921","1.31M","1.01%"
"12/21/2021","47,201","48,000","48,267","46,889","2.04M","-0.63%"
"12/20/2021","47,500","47,000","47,875","46,600","1.80M","0.43%"
"12/17/2021","47,294","49,000","49,000","47,041","6.92M","-4.26%"
"12/15/2021","49,400","50,300","50,300","49,358","6.40M","-1.38%"
"12/14/2021","50,092","49,620","50,376","48,939","3.78M","-0.36%"
"12/13/2021","50,274","50,480","51,200","49,791","3.36M","-0.23%"
"12/10/2021","50,391","49,345","50,512","49,127","2.32M","0.80%"
"12/09/2021","49,990","50,940","50,940","49,357","2.55M","-1.07%"
"12/08/2021","50,529","51,390","51,549","50,312","2.90M","-0.61%"
"12/07/2021","50,841","50,000","51,616","49,825","3.56M","3.25%"
"12/06/2021","49,240","48,706","49,609","48,200","3.87M","0.20%"
"12/03/2021","49,140","49,199","49,952","48,400","2.76M","-0.81%"
"12/02/2021","49,540","49,500","50,100","48,917","3.45M","0.31%"
"12/01/2021","49,388","49,300","49,980","49,041","3.13M","0.45%"
"11/30/2021","49,165","48,217","49,689","48,217","7.39M","-0.13%"
"11/29/2021","49,230","50,500","50,772","49,127","2.33M","-2.06%"
"11/26/2021","50,263","49,020","51,300","48,680","4.12M","0.36%"
"11/25/2021","50,081","50,995","51,500","49,932","2.73M","-0.91%"
"11/24/2021","50,540","51,600","51,838","50,441","2.25M","-1.53%"
"11/23/2021","51,325","52,357","52,398","50,200","4.30M","-3.27%"
"11/22/2021","53,059","53,442","54,369","52,635","2.25M","-2.32%"
"11/19/2021","54,320","54,600","55,061","53,588","2.31M","-0.01%"
"11/18/2021","54,327","54,400","55,140","54,000","2.40M","-1.30%"
"11/17/2021","55,045","55,500","55,925","55,000","2.77M","-0.82%"
"11/16/2021","55,500","53,500","55,521","53,139","2.57M","4.72%"
"11/15/2021","53,000","52,500","53,239","51,894","1.32M","1.04%"
"11/12/2021","52,457","50,600","52,734","50,360","1.90M","4.63%"
"11/11/2021","50,134","51,780","52,116","50,100","2.57M","-1.63%"
"11/10/2021","50,963","51,760","52,959","50,218","2.76M","-0.13%"
"11/09/2021","51,028","51,000","51,198","50,294","1.66M","1.25%"
"11/08/2021","50,400","50,324","51,170","49,851","2.15M","-1.02%"
"11/05/2021","50,917","52,300","52,516","50,754","1.98M","-3.17%"
"11/04/2021","52,586","54,000","54,283","52,586","3.24M","-2.35%"
"11/03/2021","53,852","52,420","53,852","52,308","1.95M","3.34%"
"11/02/2021","52,114","51,447","53,300","51,296","4.34M","0.60%"
"10/29/2021","51,803","51,703","52,051","50,977","5.53M","-1.19%"
"10/28/2021","52,425","52,244","52,826","51,918","3.43M","0.09%"
"10/27/2021","52,378","51,601","52,728","51,580","2.84M","-1.26%"
"10/26/2021","53,047","51,649","53,448","51,414","2.88M","2.26%"
"10/25/2021","51,875","53,080","53,295","51,605","1.84M","-2.67%"
"10/22/2021","53,300","53,353","53,664","53,060","1.63M","0.01%"
"10/21/2021","53,295","53,272","53,840","52,626","1.68M","-0.38%"
"10/20/2021","53,500","53,000","53,904","52,782","1.93M","1.52%"
"10/19/2021","52,700","51,130","52,871","51,003","1.65M","3.29%"
"10/18/2021","51,020","50,160","51,440","50,160","1.79M","-0.74%"
"10/15/2021","51,400","51,500","51,500","50,040","2.40M","0.59%"
"10/14/2021","51,096","51,311","51,624","50,948","1.60M","0.35%"
"10/13/2021","50,918","50,169","51,020","50,029","1.09M","1.39%"
"10/12/2021","50,220","50,580","50,964","50,098","2.07M","-2.25%"
"10/11/2021","51,374","51,620","52,800","51,116","1.63M","0.53%"
"10/08/2021","51,103","52,600","52,773","51,103","2.32M","-1.73%"
"10/07/2021","52,000","50,660","52,002","50,502","3.29M","5.18%"
"10/06/2021","49,440","50,000","50,000","48,621","2.84M","-1.46%"
"10/05/2021","50,172","49,364","50,831","49,086","5.48M","1.65%"
"10/04/2021","49,359","49,303","50,354","48,900","3.29M","0.00%"
"10/01/2021","49,359","49,453","50,098","49,000","2.04M","-0.99%"
"09/30/2021","49,852","51,050","51,384","49,800","4.82M","-2.82%"
"09/29/2021","51,300","50,236","51,300","50,000","3.93M","2.15%"
"09/28/2021","50,220","50,400","50,928","49,875","5.32M","1.01%"
"09/27/2021","49,720","49,800","50,587","49,487","4.87M","0.25%"
"09/23/2021","49,596","48,980","50,214","48,979","3.56M","2.16%"
"09/22/2021","48,547","48,120","48,980","48,039","4.00M","1.18%"
"09/21/2021","47,980","46,357","48,032","46,287","4.23M","3.24%"
"09/20/2021","46,474","47,100","47,899","46,334","5.32M","-3.18%"
"09/17/2021","48,000","47,753","48,455","47,502","18.34M","1.65%"
"09/16/2021","47,222","46,400","47,247","46,160","8.88M","0.64%"
"09/15/2021","46,924","47,097","47,097","46,188","4.60M","-1.43%"
"09/14/2021","47,603","47,072","47,915","46,904","3.08M","0.51%"
"09/13/2021","47,364","47,300","48,058","46,563","3.83M","-0.93%"
"09/10/2021","47,811","48,660","49,205","47,811","4.54M","-1.60%"
"09/09/2021","48,587","50,883","52,000","48,326","5.18M","-7.82%"
"09/08/2021","52,710","53,700","53,700","52,206","3.51M","-1.83%"
"09/07/2021","53,693","53,540","53,693","53,000","3.76M","1.78%"
"09/06/2021","52,753","52,440","53,000","52,300","3.07M","2.63%"
"09/03/2021","51,400","51,600","51,738","50,800","3.06M","-0.96%"
"09/02/2021","51,900","51,625","52,035","50,812","4.16M","0.19%"
"09/01/2021","51,800","50,042","51,900","50,042","4.43M","4.44%"
"08/31/2021","49,600","47,600","49,788","47,520","10.04M","6.44%"
"08/30/2021","46,600","47,950","48,367","46,519","4.04M","-3.01%"
"08/27/2021","48,046","47,761","48,500","47,475","3.73M","-0.17%"
"08/26/2021","48,130","48,667","48,899","47,883","5.58M","-1.45%"
"08/25/2021","48,840","47,300","49,608","47,105","11.89M","2.91%"
"08/24/2021","47,460","48,000","48,094","47,222","12.81M","3.59%"
"08/23/2021","45,817","48,980","48,980","45,817","11.98M","-4.57%"
"08/20/2021","48,012","48,380","48,731","47,454","10.06M","0.88%"
"08/19/2021","47,594","47,741","49,100","46,994","15.09M","-4.36%"
"08/18/2021","49,763","49,440","50,100","48,240","18.15M","4.11%"
"08/17/2021","47,797","51,100","51,100","46,816","162.27M","-8.08%"
"08/16/2021","52,000","54,420","55,348","51,800","41.40M","-7.38%"
"08/13/2021","56,144","55,695","57,281","54,693","15.04M","-1.02%"
"08/12/2021","56,723","55,704","56,723","55,412","4.49M","-0.36%"
"08/11/2021","56,930","58,220","58,572","56,851","3.83M","-3.83%"
"08/10/2021","59,200","56,440","59,998","56,440","14.14M","10.65%"
"08/06/2021","53,503","54,000","54,558","52,654","12.60M","1.43%"
"08/05/2021","52,749","51,856","53,225","51,840","9.07M","-1.40%"
"08/04/2021","53,500","53,386","54,200","52,999","6.64M","2.81%"
"08/03/2021","52,038","53,620","54,353","51,835","11.05M","-6.97%"
"08/02/2021","55,940","56,580","57,329","55,800","7.68M","-0.89%"
"07/30/2021","56,440","56,001","56,797","56,001","8.90M","-1.31%"
"07/29/2021","57,191","56,200","57,860","55,486","7.70M","4.08%"
"07/28/2021","54,949","51,960","55,297","50,500","11.17M","7.89%"
"07/27/2021","50,932","50,500","51,340","49,574","11.79M","-7.33%"
"07/26/2021","54,960","56,250","57,177","54,060","11.12M","-7.18%"
"07/23/2021","59,211","60,004","60,250","59,000","3.48M","-1.69%"
"07/22/2021","60,227","59,421","60,259","58,824","5.00M","1.88%"
"07/21/2021","59,116","57,440","59,373","57,440","5.61M","1.75%"
"07/20/2021","58,100","58,800","58,800","57,921","5.48M","-0.28%"
"07/19/2021","58,261","57,630","58,821","57,630","5.01M","-1.30%"
"07/16/2021","59,029","58,630","59,029","57,726","5.24M","0.49%"
"07/15/2021","58,740","58,460","58,800","57,764","6.73M","1.79%"
"07/14/2021","57,709","56,640","58,286","56,174","10.32M","2.34%"
"07/13/2021","56,387","56,772","57,160","55,589","10.91M","1.42%"
"07/12/2021","55,600","54,100","55,690","54,100","8.83M","1.63%"
"07/09/2021","54,709","55,820","55,880","53,700","7.80M","-0.53%"
"07/08/2021","55,000","55,804","56,091","54,540","5.59M","-3.97%"
"07/07/2021","57,272","55,620","57,532","55,620","5.58M","1.89%"
"07/06/2021","56,209","55,960","56,545","55,316","6.07M","1.10%"
"07/05/2021","55,600","57,760","57,867","55,000","5.91M","-6.07%"
"07/02/2021","59,192","58,580","59,905","58,520","3.00M","-0.05%"
"07/01/2021","59,220","59,985","60,242","58,562","5.65M","-1.24%"
"06/30/2021","59,964","60,057","61,104","59,736","6.41M","-1.26%"
"06/29/2021","60,726","59,370","60,726","59,221","4.43M","2.35%"
"06/28/2021","59,332","58,400","59,500","58,200","4.91M","1.74%"
"06/25/2021","58,317","59,710","59,710","58,034","5.11M","-0.83%"
"06/24/2021","58,803","59,180","59,180","58,361","4.79M","-0.16%"
"06/23/2021","58,898","59,660","59,900","58,856","4.54M","-0.51%"
"06/22/2021","59,200","59,840","60,164","57,900","7.43M","-2.63%"
"06/21/2021","60,800","59,520","61,769","59,520","6.39M","-0.33%"
"06/18/2021","61,003","61,500","61,779","60,697","17.75M","-0.56%"
"06/17/2021","61,346","58,980","61,662","58,980","18.78M","2.79%"
"06/15/2021","59,683","59,940","60,200","59,369","4.08M","-0.20%"
"06/14/2021","59,800","59,773","60,766","59,600","3.99M","0.83%"
"06/11/2021","59,308","58,860","59,634","58,102","3.07M","1.14%"
"06/10/2021","58,637","58,740","59,268","58,637","5.68M","-0.26%"
"06/09/2021","58,790","59,600","59,910","58,400","4.98M","-1.36%"
"06/08/2021","59,599","59,850","60,500","59,599","5.16M","-0.43%"
"06/07/2021","59,855","59,900","60,096","59,342","2.73M","-1.22%"
"06/04/2021","60,591","59,910","60,960","59,878","4.28M","0.33%"
"06/03/2021","60,394","61,040","61,289","60,022","3.91M","-2.54%"
"06/02/2021","61,969","61,860","62,464","61,216","3.97M","0.69%"
"06/01/2021","61,545","61,601","62,560","61,236","3.47M","0.89%"
"05/31/2021","60,999","61,200","61,420","60,719","3.39M","0.47%"
"05/28/2021","60,715","59,467","60,862","59,222","5.00M","1.87%"
"05/27/2021","59,600","60,220","61,020","59,217","8.92M","-1.62%"
"05/26/2021","60,584","61,588","61,599","60,584","4.60M","-0.76%"
"05/25/2021","61,047","61,900","62,380","60,768","5.65M","1.49%"
"05/24/2021","60,150","60,280","60,929","60,009","3.62M","-0.30%"
"05/21/2021","60,328","59,900","60,940","59,559","4.86M","-0.83%"
"05/20/2021","60,830","59,778","62,208","59,660","7.10M","1.94%"
"05/19/2021","59,675","59,682","60,381","59,301","4.99M","-1.01%"
"05/18/2021","60,285","62,100","62,100","60,200","3.70M","-1.70%"
"05/17/2021","61,330","61,660","62,028","61,100","5.54M","1.66%"
"05/14/2021","60,328","60,912","60,912","59,606","5.90M","-0.14%"
"05/13/2021","60,411","62,000","62,097","60,161","9.37M","-3.31%"
"05/12/2021","62,478","66,000","66,967","62,478","11.12M","-1.60%"
"05/11/2021","63,492","64,660","64,942","62,974","4.60M","-1.83%"
"05/10/2021","64,672","65,990","66,458","64,519","5.32M","-3.12%"
"05/07/2021","66,753","65,080","67,209","65,008","4.22M","1.50%"
"05/06/2021","65,768","64,500","65,768","64,238","4.41M","1.49%"
"05/05/2021","64,800","65,833","65,833","64,664","3.83M","-0.21%"
"05/04/2021","64,937","65,940","66,418","64,480","3.96M","-1.94%"
"05/03/2021","66,220","66,590","66,896","65,569","3.10M","0.02%"
"04/30/2021","66,208","66,400","67,380","65,567","5.63M","-0.48%"
"04/29/2021","66,527","67,829","68,380","66,415","4.56M","-1.34%"
"04/28/2021","67,430","68,275","68,461","67,430","6.37M","0.24%"
"04/26/2021","67,268","68,460","68,460","66,869","3.42M","-1.72%"
"04/23/2021","68,443","67,683","68,443","67,349","2.62M","0.72%"
"04/22/2021","67,955","68,000","68,080","67,402","2.64M","0.27%"
"04/21/2021","67,773","68,000","68,185","66,822","4.66M","-0.74%"
"04/20/2021","68,279","69,200","69,841","68,035","4.75M","-1.82%"
"04/19/2021","69,548","70,645","71,267","69,376","2.92M","-2.04%"
"04/16/2021","71,000","71,200","71,593","70,846","3.28M","0.20%"
"04/15/2021","70,860","70,399","70,971","70,047","3.88M","-0.09%"
"04/14/2021","70,923","70,420","71,500","69,601","4.41M","1.19%"
"04/13/2021","70,088","68,483","70,315","67,974","4.50M","2.67%"
"04/12/2021","68,267","69,000","69,300","68,238","3.06M","-2.08%"
"04/09/2021","69,720","69,554","70,052","69,014","3.26M","-0.50%"
"04/08/2021","70,067","71,784","71,790","69,112","6.26M","0.53%"
"04/07/2021","69,700","72,500","74,800","69,400","10.30M","-5.03%"
"04/06/2021","73,391","74,150","74,260","72,745","3.17M","-1.33%"
"04/01/2021","74,380","72,746","75,131","72,610","3.98M","5.30%"
"03/31/2021","70,634","70,600","71,251","70,100","6.05M","-0.25%"
"03/30/2021","70,810","70,900","71,137","70,546","4.55M","-0.17%"
"03/29/2021","70,930","69,387","71,314","69,387","4.46M","0.55%"
"03/26/2021","70,540","70,020","70,800","69,853","6.14M","2.41%"
"03/25/2021","68,878","68,200","69,149","68,069","6.91M","-0.79%"
"03/24/2021","69,429","68,700","71,000","68,487","8.01M","-0.75%"
"03/23/2021","69,956","68,100","70,919","68,100","7.70M","1.28%"
"03/19/2021","69,071","67,400","69,071","67,001","8.75M","1.69%"
"03/18/2021","67,923","69,201","69,470","67,453","12.26M","0.37%"
"03/17/2021","67,670","68,000","68,420","66,744","6.31M","-1.07%"
"03/16/2021","68,400","68,672","68,945","67,863","4.91M","0.59%"
"03/15/2021","67,999","67,740","68,530","67,255","7.34M","-1.45%"
"03/12/2021","68,999","71,960","72,167","68,273","10.26M","-5.03%"
"03/11/2021","72,650","71,978","73,265","71,562","6.53M","2.04%"
"03/10/2021","71,200","71,500","71,551","70,397","4.45M","0.03%"
"03/09/2021","71,177","69,100","71,530","68,652","5.15M","1.59%"
"03/08/2021","70,060","70,390","70,551","69,756","6.82M","-2.58%"
"03/05/2021","71,913","72,900","73,468","71,817","3.49M","-0.39%"
"03/04/2021","72,194","73,200","73,726","72,194","5.38M","-3.91%"
"03/03/2021","75,129","75,042","75,804","74,973","4.77M","1.14%"
"03/02/2021","74,281","73,041","74,562","73,000","5.95M","1.78%"
"03/01/2021","72,980","72,480","73,554","72,324","5.62M","3.72%"
"02/26/2021","70,360","69,000","70,907","69,000","8.88M","-1.23%"
"02/25/2021","71,238","72,460","72,461","70,546","5.13M","-0.10%"
"02/24/2021","71,307","71,600","72,973","71,307","6.16M","-0.83%"
"02/23/2021","71,904","74,400","74,698","71,842","4.64M","-3.91%"
"02/22/2021","74,830","75,000","75,961","74,002","4.52M","-2.43%"
"02/19/2021","76,697","75,020","76,708","75,010","5.32M","1.43%"
"02/18/2021","75,615","75,620","76,309","75,296","5.80M","-0.82%"
"02/17/2021","76,239","74,720","76,885","74,486","7.12M","3.05%"
"02/16/2021","73,985","74,200","74,590","73,291","3.60M","-0.97%"
"02/15/2021","74,711","74,905","75,700","73,832","3.62M","0.66%"
"02/12/2021","74,220","73,600","74,520","73,540","2.94M","0.03%"
"02/11/2021","74,197","73,399","74,302","72,672","4.65M","1.30%"
"02/10/2021","73,246","73,000","73,408","72,693","5.36M","1.96%"
"02/09/2021","71,840","71,600","72,366","71,300","4.74M","0.06%"
"02/08/2021","71,800","71,660","72,576","71,660","3.68M","0.61%"
"02/05/2021","71,367","72,580","72,580","70,816","4.61M","-0.79%"
"02/04/2021","71,937","72,223","72,535","71,257","4.79M","0.13%"
"02/03/2021","71,840","71,800","72,630","71,436","5.08M","0.76%"
"02/02/2021","71,300","72,460","72,460","70,990","4.27M","0.92%"
"02/01/2021","70,650","72,201","72,705","70,650","5.60M","1.57%"
"01/29/2021","69,560","70,990","71,699","69,308","9.30M","-0.97%"
"01/28/2021","70,240","69,400","70,454","69,400","4.32M","-0.65%"
"01/27/2021","70,700","71,776","72,403","70,499","6.99M","-1.81%"
"01/26/2021","72,000","73,300","73,837","71,889","7.25M","-4.96%"
"01/25/2021","75,754","76,280","77,760","75,622","10.97M","6.28%"
"01/22/2021","71,280","70,800","72,200","70,800","5.82M","1.83%"
"01/21/2021","70,000","70,000","70,689","69,748","6.79M","0.00%"
"01/20/2021","70,000","70,200","71,360","69,691","7.57M","1.45%"
"01/19/2021","69,000","66,580","70,435","66,580","6.76M","1.21%"
"01/18/2021","68,172","68,200","68,949","67,779","4.10M","1.30%"
"01/15/2021","67,298","67,900","68,002","67,298","6.14M","0.97%"
"01/14/2021","66,653","65,400","67,220","65,020","7.27M","4.19%"
"01/13/2021","63,976","64,400","65,117","63,782","5.34M","0.14%"
"01/12/2021","63,888","64,500","64,591","63,703","5.96M","-0.26%"
"01/11/2021","64,052","62,480","64,477","62,200","5.80M","4.31%"
"01/08/2021","61,405","61,400","62,544","60,929","6.14M","1.88%"
"01/07/2021","60,275","60,600","61,344","60,159","6.05M","-2.81%"
"01/06/2021","62,020","63,040","63,478","61,837","2.89M","-0.50%"
"01/05/2021","62,333","60,998","62,633","60,841","3.13M","2.62%"
"01/04/2021","60,739","61,140","61,574","60,269","2.27M","0.58%"
"12/31/2020","60,387","60,273","60,599","59,293","1.38M","0.47%"
"12/30/2020","60,103","60,440","61,201","60,080","2.47M","2.56%"
"12/29/2020","58,600","58,600","59,093","57,900","3.95M","1.78%"
"12/28/2020","57,574","58,000","58,600","56,244","4.29M","-3.78%"
"12/24/2020","59,834","60,120","60,120","59,382","1.36M","-1.82%"
"12/23/2020","60,945","60,440","61,324","60,240","1.95M","0.24%"
"12/22/2020","60,800","61,900","61,900","60,226","3.23M","-1.12%"
"12/21/2020","61,487","60,980","61,767","60,120","4.78M","2.18%"
"12/18/2020","60,176","62,320","62,689","60,142","11.19M","-4.70%"
"12/17/2020","63,141","61,923","63,141","61,541","15.37M","3.24%"
"12/15/2020","61,161","61,520","61,750","60,791","5.58M","-1.08%"
"12/14/2020","61,828","62,799","62,799","61,601","3.60M","-2.69%"
"12/11/2020","63,536","62,595","63,714","62,290","5.52M","2.09%"
"12/10/2020","62,237","62,491","62,989","61,485","5.79M","-0.95%"
"12/09/2020","62,833","62,700","63,377","62,602","3.68M","0.19%"
"12/08/2020","62,711","63,540","63,801","62,563","4.60M","-1.30%"
"12/07/2020","63,540","63,240","64,139","63,150","3.19M","-0.32%"
"12/04/2020","63,741","64,400","64,557","63,301","4.31M","-0.44%"
"12/03/2020","64,020","63,620","64,992","63,561","6.23M","1.64%"
"12/02/2020","62,986","63,300","63,569","62,818","4.81M","-0.37%"
"12/01/2020","63,220","63,154","63,885","62,462","6.15M","1.02%"
"11/30/2020","62,579","63,000","63,068","61,960","12.88M","-1.11%"
"11/27/2020","63,282","63,800","64,262","62,909","4.03M","-0.62%"
"11/26/2020","63,680","63,900","64,134","63,000","3.15M","0.84%"
"11/25/2020","63,148","63,200","63,786","62,992","6.62M","-0.74%"
"11/24/2020","63,620","64,005","65,144","63,286","5.70M","-0.48%"
"11/23/2020","63,924","62,700","64,703","62,349","5.75M","2.40%"
"11/20/2020","62,427","62,124","63,007","61,662","5.10M","2.63%"
"11/19/2020","60,825","61,560","61,937","60,668","5.39M","-1.79%"
"11/18/2020","61,934","61,250","62,800","61,046","6.06M","0.61%"
"11/17/2020","61,561","62,000","62,292","61,267","4.97M","-2.02%"
"11/16/2020","62,830","63,680","63,784","62,303","4.92M","-1.15%"
"11/13/2020","63,560","63,220","64,311","63,050","3.94M","1.01%"
"11/12/2020","62,927","62,000","63,800","61,700","8.83M","4.03%"
"11/11/2020","60,491","61,800","62,000","59,263","10.39M","-4.74%"
"11/10/2020","63,500","64,809","66,078","63,115","8.82M","-5.70%"
"11/09/2020","67,342","69,800","69,989","66,800","8.19M","-2.21%"
"11/06/2020","68,862","66,314","69,207","65,770","6.97M","2.29%"
"11/05/2020","67,319","66,500","67,500","64,000","7.36M","6.22%"
"11/04/2020","63,375","61,700","64,146","61,700","5.88M","3.41%"
"11/03/2020","61,286","63,945","63,945","60,645","7.70M","-4.16%"
"11/02/2020","63,945","65,117","65,117","63,167","6.02M","1.14%"
"10/30/2020","63,226","62,400","63,947","60,934","13.17M","3.98%"
"10/29/2020","60,809","61,900","62,634","60,232","5.68M","0.07%"
"10/28/2020","60,767","62,540","62,780","60,471","5.14M","-0.90%"
"10/27/2020","61,319","62,103","62,335","61,076","4.26M","1.59%"
"10/26/2020","60,360","60,000","60,537","59,658","3.00M","0.17%"
"10/23/2020","60,259","61,043","61,290","59,629","4.20M","-0.83%"
"10/22/2020","60,760","61,575","61,589","60,627","2.98M","-1.32%"
"10/21/2020","61,576","62,501","62,706","61,555","2.73M","-1.48%"
"10/20/2020","62,500","61,994","62,798","61,980","2.67M","0.48%"
"10/19/2020","62,200","63,000","63,190","62,008","3.68M","-0.82%"
"10/16/2020","62,716","62,300","62,954","61,835","3.76M","1.33%"
"10/15/2020","61,895","60,843","62,292","60,521","5.41M","-1.53%"
"10/14/2020","62,859","63,322","63,635","62,545","3.60M","0.66%"
"10/13/2020","62,445","61,600","62,839","61,307","4.47M","1.21%"
"10/12/2020","61,701","62,168","62,190","61,160","5.99M","0.98%"
"10/09/2020","61,104","60,080","61,200","59,455","5.33M","2.27%"
"10/08/2020","59,749","61,140","61,332","59,456","5.36M","-2.56%"
"10/07/2020","61,318","60,540","61,359","60,150","4.65M","1.57%"
"10/06/2020","60,370","60,510","60,603","59,606","3.31M","0.80%"
"10/05/2020","59,890","60,377","60,510","59,024","5.34M","-0.18%"
"10/02/2020","60,000","59,780","60,494","59,532","4.21M","-0.38%"
"10/01/2020","60,231","59,793","60,291","59,138","2.73M","1.74%"
"09/30/2020","59,200","59,324","60,437","58,388","8.36M","-0.02%"
"09/29/2020","59,209","60,012","60,029","59,045","4.24M","-1.18%"
"09/28/2020","59,919","59,601","60,000","59,220","3.20M","0.57%"
"09/25/2020","59,580","60,340","60,600","58,218","5.74M","-2.16%"
"09/23/2020","60,896","57,800","61,480","57,730","6.91M","5.12%"
"09/22/2020","57,930","57,440","58,656","57,107","4.65M","2.43%"
"09/21/2020","56,558","57,580","57,912","55,994","4.56M","-2.32%"
"09/18/2020","57,900","58,000","59,045","57,641","10.64M","-0.47%"
"09/17/2020","58,172","58,000","58,172","57,248","9.13M","-1.57%"
"09/16/2020","59,100","59,661","59,845","58,680","4.81M","-0.41%"
"09/15/2020","59,342","59,400","59,980","58,643","4.19M","0.31%"
"09/14/2020","59,160","60,400","60,695","58,889","5.10M","0.28%"
"09/11/2020","58,997","59,098","59,855","58,938","3.74M","0.33%"
"09/10/2020","58,800","58,049","59,455","57,835","5.17M","2.00%"
"09/09/2020","57,650","56,905","57,811","56,905","5.85M","1.00%"
"09/08/2020","57,080","57,760","58,100","56,423","7.17M","-1.58%"
"09/07/2020","57,996","58,100","59,000","57,642","3.51M","-1.15%"
"09/04/2020","58,668","60,000","60,341","58,266","5.59M","-3.82%"
"09/03/2020","61,000","62,440","62,900","60,578","6.27M","-3.93%"
"09/02/2020","63,493","64,124","64,300","63,071","3.62M","0.58%"
"09/01/2020","63,128","62,937","63,606","62,842","6.40M","2.06%"
"08/31/2020","61,855","62,715","63,360","61,512","13.86M","-1.50%"
"08/28/2020","62,794","63,780","64,416","62,368","4.81M","-2.97%"
"08/27/2020","64,719","63,986","65,327","63,808","5.49M","1.71%"
"08/26/2020","63,632","62,160","63,905","61,969","4.82M","2.19%"
"08/25/2020","62,271","61,120","62,392","61,102","5.02M","1.46%"
"08/24/2020","61,377","61,878","62,400","61,377","4.24M","1.21%"
"08/21/2020","60,642","60,000","60,782","59,638","4.30M","2.78%"
"08/20/2020","59,000","59,080","59,167","58,262","4.76M","-0.06%"
"08/19/2020","59,036","59,668","59,872","58,937","3.68M","-1.93%"
"08/18/2020","60,200","60,800","60,931","59,600","4.77M","-0.66%"
"08/17/2020","60,600","60,200","61,038","59,655","4.40M","0.72%"
"08/14/2020","60,168","60,852","60,940","59,780","4.23M","-1.27%"
"08/13/2020","60,940","61,120","61,638","60,661","4.38M","-2.30%"
"08/12/2020","62,377","61,717","63,198","61,208","3.71M","1.50%"
"08/11/2020","61,458","60,300","61,739","59,800","4.66M","-0.50%"
"08/07/2020","61,768","61,646","62,000","61,020","6.23M","-4.18%"
"08/06/2020","64,460","64,293","65,312","64,235","5.80M","-0.83%"
"08/05/2020","65,000","64,400","65,500","64,020","6.91M","2.39%"
"08/04/2020","63,480","64,600","64,600","63,279","4.06M","-0.40%"
"08/03/2020","63,736","63,260","64,440","63,046","4.71M","1.25%"
"07/31/2020","62,948","63,200","64,003","62,633","5.40M","0.84%"
"07/30/2020","62,425","62,880","63,129","62,051","3.16M","-0.71%"
"07/29/2020","62,873","62,260","62,873","62,117","3.29M","0.89%"
"07/28/2020","62,318","62,600","62,698","61,838","3.44M","1.17%"
"07/27/2020","61,600","61,100","61,878","60,907","3.81M","0.02%"
"07/24/2020","61,590","62,412","62,620","61,485","4.93M","-4.39%"
"07/23/2020","64,420","64,900","65,197","64,101","2.84M","0.66%"
"07/22/2020","64,000","65,120","65,263","63,730","4.75M","-2.61%"
"07/21/2020","65,713","66,000","67,000","65,384","5.01M","4.20%"
"07/20/2020","63,062","63,020","63,526","61,827","3.32M","0.57%"
"07/17/2020","62,704","63,600","63,600","62,406","2.62M","0.15%"
"07/16/2020","62,610","61,724","62,942","61,400","3.77M","-2.11%"
"07/15/2020","63,963","64,100","64,392","63,462","4.13M","1.40%"
"07/14/2020","63,080","64,000","64,000","62,340","4.42M","-3.25%"
"07/13/2020","65,200","65,780","65,780","64,381","4.37M","0.62%"
"07/10/2020","64,798","65,662","66,293","64,619","6.68M","-2.38%"
"07/09/2020","66,375","66,960","67,345","66,375","5.00M","1.34%"
"07/08/2020","65,501","66,000","66,438","65,179","6.14M","2.60%"
"07/07/2020","63,840","63,700","64,240","63,691","4.43M","0.38%"
"07/06/2020","63,600","64,400","64,400","63,121","4.15M","-0.81%"
"07/03/2020","64,121","64,310","64,900","63,959","2.25M","0.50%"
"07/02/2020","63,800","64,874","65,000","63,730","7.31M","1.00%"
"07/01/2020","63,170","63,700","63,925","62,102","4.99M","-0.15%"
"06/30/2020","63,262","63,031","64,609","62,993","6.87M","1.59%"
"06/29/2020","62,270","62,365","62,822","61,800","3.49M","0.32%"
"06/26/2020","62,069","63,000","63,000","61,527","3.05M","-0.37%"
"06/25/2020","62,297","63,300","63,498","61,850","4.92M","-1.66%"
"06/24/2020","63,350","64,220","64,577","62,677","5.62M","-2.16%"
"06/23/2020","64,750","65,000","65,560","64,440","6.27M","3.27%"
"06/22/2020","62,700","62,086","63,101","61,798","5.09M","2.79%"
"06/19/2020","61,000","62,800","63,387","60,649","17.48M","-1.95%"
"06/18/2020","62,215","61,378","62,471","60,895","14.55M","1.36%"
"06/17/2020","61,378","59,600","61,378","59,026","12.54M","6.70%"
"06/15/2020","57,521","58,600","58,600","56,867","7.20M","-3.49%"
"06/12/2020","59,600","58,100","59,649","58,100","5.87M","1.22%"
"06/11/2020","58,884","58,200","58,954","56,870","5.16M","0.61%"
"06/10/2020","58,527","58,870","59,562","57,800","7.94M","1.22%"
"06/09/2020","57,820","58,680","58,795","57,470","6.82M","-0.65%"
"06/08/2020","58,200","57,611","58,200","57,023","6.34M","-0.45%"
"06/05/2020","58,464","57,876","58,780","56,788","6.85M","1.68%"
"06/04/2020","57,500","58,160","58,800","57,011","5.96M","-2.04%"
"06/03/2020","58,698","58,883","59,023","57,204","5.39M","0.68%"
"06/02/2020","58,300","57,600","58,869","57,200","5.39M","2.28%"
"06/01/2020","57,000","58,400","58,645","56,655","5.67M","2.21%"
"05/29/2020","55,766","57,775","58,361","55,766","17.89M","-4.51%"
"05/28/2020","58,401","58,282","58,574","57,280","8.45M","-1.32%"
"05/27/2020","59,180","60,000","60,509","58,297","6.15M","-2.20%"
"05/26/2020","60,509","61,467","61,691","60,509","5.24M","-0.15%"
"05/25/2020","60,600","61,500","61,781","60,336","3.26M","-1.05%"
"05/22/2020","61,242","59,800","61,242","59,300","6.97M","-1.22%"
"05/21/2020","62,000","63,300","63,840","62,000","6.35M","-3.53%"
"05/20/2020","64,271","63,221","64,485","63,221","4.78M","2.42%"
"05/19/2020","62,752","62,787","63,590","62,116","5.37M","0.89%"
"05/18/2020","62,200","61,462","62,576","61,462","4.50M","1.20%"
"05/15/2020","61,462","62,400","62,781","61,462","5.00M","-2.31%"
"05/14/2020","62,913","61,691","64,120","61,369","6.05M","-2.31%"
"05/13/2020","64,403","61,993","65,554","60,851","9.05M","3.89%"
"05/12/2020","61,993","60,700","63,313","60,700","6.85M","1.25%"
"05/11/2020","61,228","60,500","61,602","60,405","6.17M","2.73%"
"05/08/2020","59,600","59,620","60,172","59,043","4.83M","2.48%"
"05/07/2020","58,157","58,400","59,000","58,104","3.00M","-0.57%"
"05/06/2020","58,489","57,760","58,564","57,534","6.02M","2.04%"
"05/05/2020","57,320","57,761","57,800","56,723","5.17M","-0.10%"
"05/04/2020","57,379","56,700","57,529","56,014","7.62M","-1.03%"
"04/30/2020","57,977","59,458","59,780","57,307","6.11M","-0.83%"
"04/29/2020","58,460","58,960","59,298","57,408","5.98M","-0.92%"
"04/28/2020","59,000","58,100","59,482","57,968","7.36M","1.58%"
"04/24/2020","58,080","57,517","58,367","57,400","5.64M","-0.27%"
"04/23/2020","58,238","56,980","58,740","56,703","5.19M","2.02%"
"04/22/2020","57,087","56,400","57,087","56,300","5.27M","2.26%"
"04/21/2020","55,826","55,700","56,460","55,577","3.64M","-0.85%"
"04/20/2020","56,306","55,160","56,610","55,160","3.62M","1.43%"
"04/17/2020","55,511","57,000","57,000","55,244","6.57M","-0.67%"
"04/16/2020","55,884","55,000","56,289","54,102","9.35M","4.07%"
"04/15/2020","53,698","53,160","53,698","52,624","6.60M","1.69%"
"04/14/2020","52,807","52,860","53,000","51,814","6.67M","2.00%"
"04/09/2020","51,772","52,350","52,460","50,617","4.84M","-0.12%"
"04/08/2020","51,833","52,513","52,752","51,071","4.38M","-0.93%"
"04/07/2020","52,319","52,800","53,131","51,800","5.05M","-0.09%"
"04/06/2020","52,365","52,000","53,587","51,263","6.04M","3.06%"
"04/03/2020","50,809","50,420","51,592","49,722","6.57M","-0.40%"
"04/02/2020","51,010","50,700","52,366","50,069","4.97M","2.37%"
"04/01/2020","49,830","50,180","50,466","48,193","5.61M","-2.44%"
"03/31/2020","51,074","50,600","51,391","49,350","7.42M","1.79%"
"03/30/2020","50,178","48,842","51,065","48,101","5.04M","2.89%"
"03/27/2020","48,767","51,280","51,479","47,889","8.58M","-5.40%"
"03/26/2020","51,554","48,980","52,155","48,081","10.96M","5.08%"
"03/25/2020","49,060","48,000","49,740","47,303","10.83M","5.28%"
"03/24/2020","46,600","46,000","47,999","45,237","16.36M","8.63%"
"03/23/2020","42,897","40,768","44,436","40,563","12.67M","-0.47%"
"03/20/2020","43,100","42,900","45,628","42,450","25.52M","5.16%"
"03/19/2020","40,986","39,001","41,941","38,803","27.13M","6.69%"
"03/18/2020","38,414","38,900","40,639","36,876","14.03M","-6.10%"
"03/17/2020","40,908","42,334","42,700","38,540","13.04M","0.73%"
"03/16/2020","40,612","41,400","42,397","38,451","14.21M","-8.61%"
"03/13/2020","44,440","47,000","47,600","44,069","14.15M","-2.68%"
"03/12/2020","45,663","47,525","48,610","44,900","12.64M","-7.97%"
"03/11/2020","49,619","49,180","50,306","48,700","9.33M","0.61%"
"03/10/2020","49,319","49,800","50,707","48,050","11.01M","4.41%"
"03/09/2020","47,237","47,500","48,159","46,000","8.56M","-4.37%"
"03/06/2020","49,395","48,565","49,523","48,220","7.19M","-1.20%"
"03/05/2020","49,993","50,059","50,600","49,160","7.66M","2.03%"
"03/04/2020","49,000","49,400","49,962","48,842","7.09M","0.00%"
"03/03/2020","49,000","50,000","50,356","48,912","10.93M","0.00%"
"03/02/2020","49,000","49,880","50,800","48,630","12.19M","2.90%"
"02/28/2020","47,619","48,595","49,793","47,619","13.88M","-5.52%"
"02/27/2020","50,400","51,000","51,801","50,100","6.74M","-2.89%"
"02/26/2020","51,898","51,280","52,501","50,759","6.93M","-0.46%"
"02/25/2020","52,139","52,218","52,225","51,197","5.64M","2.17%"
"02/24/2020","51,032","51,701","52,393","50,513","6.29M","-4.24%"
"02/21/2020","53,292","53,800","53,800","52,726","4.55M","-1.46%"
"02/20/2020","54,080","54,340","54,554","53,759","3.67M","0.10%"
"02/19/2020","54,027","54,020","54,226","53,725","3.70M","-0.18%"
"02/18/2020","54,125","54,000","54,421","53,440","3.62M","-0.80%"
"02/17/2020","54,560","54,667","54,718","53,937","3.08M","0.76%"
"02/14/2020","54,150","53,500","54,193","53,500","3.80M","0.49%"
"02/13/2020","53,888","53,400","54,401","53,270","4.97M","1.20%"
"02/12/2020","53,252","53,022","53,862","52,860","5.79M","0.74%"
"02/11/2020","52,860","52,882","53,160","52,417","3.91M","1.44%"
"02/10/2020","52,112","52,067","52,400","51,840","4.60M","-0.70%"
"02/07/2020","52,481","52,100","52,785","51,906","4.58M","0.17%"
"02/06/2020","52,390","52,620","52,904","52,193","4.12M","0.17%"
"02/05/2020","52,303","51,126","52,700","51,126","4.90M","1.04%"
"02/04/2020","51,765","51,114","51,765","50,600","6.80M","3.71%"
"02/03/2020","49,912","50,100","50,300","49,620","4.11M","1.42%"
"01/31/2020","49,214","49,318","49,318","48,549","6.36M","0.03%"
"01/30/2020","49,199","48,153","49,200","47,792","3.79M","0.33%"
"01/29/2020","49,036","48,607","49,508","48,486","3.94M","3.16%"
"01/28/2020","47,535","47,704","48,013","46,990","4.80M","-0.03%"
"01/27/2020","47,549","47,720","48,484","47,136","5.16M","-3.63%"
"01/24/2020","49,342","49,018","49,593","48,482","3.60M","1.53%"
"01/23/2020","48,600","48,400","49,284","48,400","5.88M","-2.27%"
"01/22/2020","49,727","50,398","50,915","49,487","8.67M","0.64%"
"01/21/2020","49,413","49,401","49,451","48,880","5.52M","-1.96%"
"01/20/2020","50,400","50,200","50,482","49,890","2.14M","0.38%"
"01/17/2020","50,210","48,688","50,363","48,654","4.77M","2.45%"
"01/16/2020","49,010","49,140","49,140","48,342","4.11M","0.02%"
"01/15/2020","49,000","48,400","49,343","48,149","4.51M","0.98%"
"01/14/2020","48,525","47,597","48,525","47,597","4.54M","1.56%"
"01/13/2020","47,781","47,750","48,200","47,603","5.23M","0.57%"
"01/10/2020","47,510","47,540","47,840","47,198","3.51M","1.47%"
"01/09/2020","46,824","47,000","47,572","46,418","5.27M","0.70%"
"01/08/2020","46,500","46,777","47,135","46,392","4.49M","-1.40%"
"01/07/2020","47,162","47,413","47,572","46,785","3.91M","0.61%"
"01/06/2020","46,876","46,500","46,881","45,929","3.35M","-0.43%"
"01/03/2020","47,080","46,400","47,375","46,400","3.66M","0.71%"
"01/02/2020","46,750","46,137","46,882","46,137","2.03M","2.04%"
"12/31/2019","45,816","46,100","46,306","45,736","1.41M","-1.85%"
"12/30/2019","46,680","46,331","46,760","46,123","2.82M","0.76%"
"12/27/2019","46,330","46,600","46,767","45,800","3.37M","-0.41%"
"12/24/2019","46,520","46,709","46,709","45,432","1.32M","0.13%"
"12/23/2019","46,459","46,400","46,572","45,725","3.74M","-1.08%"
"12/20/2019","46,969","45,634","46,969","45,073","16.71M","2.65%"
"12/19/2019","45,756","45,000","46,000","44,632","14.75M","1.15%"
"12/18/2019","45,237","44,127","45,800","43,967","8.35M","2.53%"
"12/17/2019","44,120","43,361","44,297","43,199","9.22M","3.28%"
"12/13/2019","42,720","42,500","43,323","42,000","7.16M","2.94%"
"12/12/2019","41,500","42,000","42,151","41,389","8.40M","1.22%"
"12/11/2019","41,000","41,023","41,357","40,800","6.56M","0.99%"
"12/10/2019","40,600","41,100","41,344","40,003","5.52M","-1.09%"
"12/09/2019","41,046","40,780","41,393","40,596","3.43M","-0.14%"
"12/06/2019","41,102","41,200","41,573","40,888","5.40M","0.90%"
"12/05/2019","40,735","41,300","41,500","40,630","7.11M","-1.37%"
"12/04/2019","41,300","40,144","41,560","40,021","5.45M","2.18%"
"12/03/2019","40,420","41,080","41,131","40,256","6.52M","-1.27%"
"12/02/2019","40,940","41,898","41,978","40,811","6.35M","-2.29%"
"11/29/2019","41,898","41,900","42,206","41,640","5.77M","-1.07%"
"11/28/2019","42,353","43,280","43,360","42,353","6.23M","-1.51%"
"11/27/2019","43,000","43,470","43,990","42,783","5.56M","-1.26%"
"11/26/2019","43,550","44,400","44,476","43,314","12.97M","-2.35%"
"11/25/2019","44,600","44,840","45,153","43,910","5.01M","-0.14%"
"11/22/2019","44,663","44,021","45,192","44,000","3.62M","1.18%"
"11/21/2019","44,140","43,493","44,837","43,493","5.20M","-0.72%"
"11/20/2019","44,460","44,488","44,900","44,160","3.76M","-1.11%"
"11/19/2019","44,960","43,700","44,960","43,569","7.09M","4.07%"
"11/18/2019","43,200","43,127","43,616","42,840","3.90M","2.37%"
"11/15/2019","42,200","42,642","42,996","41,861","3.99M","-0.71%"
"11/14/2019","42,500","41,990","42,840","41,691","4.21M","0.88%"
"11/13/2019","42,131","42,820","43,167","41,185","6.81M","-2.25%"
"11/12/2019","43,100","43,500","43,500","42,810","4.31M","1.09%"
"11/11/2019","42,635","42,472","42,927","41,955","3.72M","-0.85%"
"11/08/2019","43,000","43,441","43,701","42,900","6.58M","-2.27%"
"11/07/2019","44,000","43,400","44,000","43,120","5.83M","0.16%"
"11/06/2019","43,930","43,420","44,360","43,420","4.35M","0.55%"
"11/05/2019","43,692","43,622","44,000","43,420","4.91M","0.49%"
"11/04/2019","43,480","43,100","43,600","43,000","3.81M","0.98%"
"11/01/2019","43,060","43,000","43,229","42,722","4.29M","0.34%"
"10/31/2019","42,913","42,500","43,376","42,365","10.48M","1.71%"
"10/30/2019","42,192","41,403","42,506","40,840","11.43M","0.94%"
"10/29/2019","41,800","41,540","41,988","41,139","7.15M","-0.28%"
"10/28/2019","41,918","42,507","42,580","41,740","6.46M","0.16%"
"10/25/2019","41,850","43,000","43,000","41,553","11.51M","-2.79%"
"10/24/2019","43,050","43,100","43,874","42,571","12.34M","0.51%"
"10/23/2019","42,830","44,600","44,600","42,670","8.05M","-5.33%"
"10/22/2019","45,240","45,727","46,097","45,240","5.06M","-1.18%"
"10/21/2019","45,780","45,800","46,086","45,503","3.04M","-0.45%"
"10/18/2019","45,987","46,080","46,391","45,722","2.66M","-0.87%"
"10/17/2019","46,390","46,017","47,000","45,804","6.74M","0.67%"
"10/16/2019","46,080","45,440","46,080","45,381","6.66M","1.54%"
"10/15/2019","45,380","45,384","45,693","45,130","5.33M","0.04%"
"10/14/2019","45,364","45,530","45,600","44,900","3.59M","-0.01%"
"10/11/2019","45,370","45,470","45,707","45,232","5.81M","0.38%"
"10/10/2019","45,200","44,820","45,540","44,800","8.03M","0.87%"
"10/09/2019","44,809","44,720","45,080","44,460","4.42M","-0.81%"
"10/08/2019","45,175","45,467","45,840","45,032","6.99M","-0.61%"
"10/07/2019","45,453","45,098","45,515","44,759","4.46M","0.79%"
"10/04/2019","45,098","44,700","45,332","44,642","5.67M","0.22%"
"10/03/2019","44,997","45,151","45,500","44,900","5.10M","-0.01%"
"10/02/2019","45,000","46,100","46,155","44,901","8.15M","-2.22%"
"10/01/2019","46,020","45,760","46,262","45,500","5.20M","0.26%"
"09/30/2019","45,901","45,407","46,600","45,407","7.54M","-1.06%"
"09/27/2019","46,391","46,364","46,842","46,117","5.20M","-0.46%"
"09/26/2019","46,606","47,000","47,260","46,511","7.02M","-0.34%"
"09/25/2019","46,764","46,521","47,540","46,426","8.16M","-1.96%"
"09/23/2019","47,701","48,600","48,800","47,611","6.74M","-2.65%"
"09/20/2019","49,000","48,000","49,000","47,200","24.57M","2.85%"
"09/19/2019","47,641","47,300","48,113","47,069","19.64M","-0.95%"
"09/18/2019","48,097","49,525","49,600","47,834","9.63M","-3.36%"
"09/17/2019","49,772","50,030","50,600","49,528","10.43M","-2.21%"
"09/16/2019","50,899","49,428","51,359","49,226","14.84M","1.92%"
"09/13/2019","49,939","50,380","50,906","49,841","7.79M","-0.91%"
"09/12/2019","50,400","49,700","51,131","49,700","10.98M","2.23%"
"09/11/2019","49,300","48,000","49,300","45,400","16.58M","2.71%"
"09/10/2019","48,000","47,703","48,827","47,435","8.89M","-0.16%"
"09/09/2019","48,075","48,483","48,926","47,621","7.58M","-1.03%"
"09/06/2019","48,575","48,915","49,151","48,370","5.27M","-0.70%"
"09/05/2019","48,915","48,495","49,597","48,371","8.81M","-0.11%"
"09/04/2019","48,970","49,129","49,154","48,233","7.60M","2.69%"
"09/03/2019","47,689","47,226","47,905","47,062","4.11M","0.29%"
"09/02/2019","47,553","47,435","48,317","47,332","4.82M","1.05%"
"08/30/2019","47,060","47,246","47,526","46,667","5.72M","0.90%"
"08/29/2019","46,638","45,807","47,267","45,685","5.18M","1.16%"
"08/28/2019","46,103","45,781","46,256","45,407","4.62M","-0.82%"
"08/27/2019","46,482","46,190","46,672","45,782","8.65M","0.93%"
"08/26/2019","46,054","45,672","46,723","45,645","2.56M","-1.14%"
"08/23/2019","46,585","46,940","47,145","46,260","2.56M","-0.32%"
"08/22/2019","46,733","46,803","47,226","46,015","3.19M","-0.15%"
"08/21/2019","46,804","46,667","47,008","46,408","3.07M","0.44%"
"08/20/2019","46,599","46,599","46,858","46,231","4.88M","0.62%"
"08/19/2019","46,313","46,872","47,008","46,313","3.91M","0.86%"
"08/16/2019","45,918","45,904","46,053","45,148","2.85M","0.57%"
"08/15/2019","45,659","45,881","46,326","44,623","4.46M","-0.09%"
"08/14/2019","45,701","47,689","48,370","45,254","8.36M","-3.96%"
"08/13/2019","47,586","46,763","48,077","46,463","5.34M","1.44%"
"08/12/2019","46,911","47,689","48,047","46,735","4.39M","-0.21%"
"08/08/2019","47,008","46,872","47,331","46,667","4.21M","2.37%"
"08/07/2019","45,918","46,013","46,448","45,714","5.75M","0.96%"
"08/06/2019","45,482","45,918","46,349","45,403","4.56M","-0.36%"
"08/05/2019","45,645","46,578","47,076","45,477","5.14M","-4.58%"
"08/02/2019","47,838","48,139","48,422","47,458","4.37M","-3.63%"
"08/01/2019","49,637","47,380","49,637","47,294","4.93M","3.87%"
"07/31/2019","47,790","47,962","48,033","47,514","2.80M","-1.03%"
"07/30/2019","48,286","49,460","49,460","47,951","4.07M","-1.90%"
"07/29/2019","49,222","48,827","49,432","48,773","2.12M","1.06%"
"07/26/2019","48,705","48,507","49,165","48,198","2.51M","0.41%"
"07/25/2019","48,507","48,214","48,964","47,855","4.22M","1.46%"
"07/24/2019","47,809","48,370","48,507","47,539","4.15M","0.47%"
"07/23/2019","47,584","47,473","47,948","47,190","3.93M","0.68%"
"07/22/2019","47,265","46,940","47,305","46,326","2.52M","0.26%"
"07/19/2019","47,144","46,953","47,689","46,859","3.10M","0.78%"
"07/18/2019","46,778","46,306","46,815","46,252","3.30M","-0.28%"
"07/17/2019","46,909","47,654","47,654","46,706","4.00M","-1.47%"
"07/16/2019","47,607","47,448","47,787","47,316","2.83M","0.15%"
"07/15/2019","47,534","46,735","47,534","46,599","3.50M","2.43%"
"07/12/2019","46,404","46,753","46,981","46,258","2.12M","-1.68%"
"07/11/2019","47,196","47,348","47,689","45,934","2.60M","-0.21%"
"07/10/2019","47,295","46,728","47,621","46,647","2.83M","2.09%"
"07/09/2019","46,326","46,708","46,880","46,122","3.15M","-1.53%"
"07/08/2019","47,049","47,021","47,204","46,699","3.20M","-0.83%"
"07/05/2019","47,442","47,026","47,895","46,924","2.27M","0.97%"
"07/04/2019","46,985","47,539","47,625","46,701","1.78M","-0.91%"
"07/03/2019","47,417","47,158","47,544","47,010","3.43M","0.14%"
"07/02/2019","47,348","47,951","48,139","47,321","4.84M","-1.26%"
"07/01/2019","47,951","47,291","48,250","47,012","4.95M","2.92%"
"06/28/2019","46,592","45,912","46,653","45,713","5.06M","1.48%"
"06/27/2019","45,913","46,846","47,134","45,880","3.33M","-1.49%"
"06/26/2019","46,607","45,848","46,832","45,781","3.60M","1.50%"
"06/25/2019","45,918","45,918","46,385","45,414","3.65M","-1.85%"
"06/24/2019","46,783","47,144","47,245","46,244","3.13M","-0.23%"
"06/21/2019","46,893","46,788","47,688","45,911","12.12M","-1.05%"
"06/20/2019","47,389","47,893","48,166","46,738","17.16M","0.40%"
"06/19/2019","47,201","48,779","48,779","47,056","7.18M","-1.48%"
"06/18/2019","47,912","47,661","47,912","46,664","7.01M","1.97%"
"06/14/2019","46,986","46,953","47,689","46,701","5.77M","-1.05%"
"06/13/2019","47,485","46,326","47,801","46,326","4.27M","0.68%"
"06/12/2019","47,164","46,967","47,533","46,531","5.87M","-1.10%"
"06/11/2019","47,689","47,893","48,024","47,624","4.34M","-0.42%"
"06/10/2019","47,892","48,099","48,179","47,553","4.41M","1.59%"
"06/07/2019","47,141","45,890","47,335","45,864","4.93M","2.51%"
"06/06/2019","45,986","45,863","46,462","45,681","4.85M","-0.59%"
"06/05/2019","46,258","46,231","46,410","45,773","4.17M","0.67%"
"06/04/2019","45,952","44,747","46,054","44,572","9.01M","0.67%"
"06/03/2019","45,645","45,373","45,699","45,171","6.30M","2.27%"
"05/31/2019","44,632","44,905","44,905","43,918","5.44M","0.17%"
"05/30/2019","44,557","43,949","44,741","43,755","5.64M","1.52%"
"05/29/2019","43,892","42,444","44,126","42,171","5.85M","4.07%"
"05/28/2019","42,175","43,315","43,324","42,174","12.49M","-0.93%"
"05/27/2019","42,571","42,730","42,788","42,362","1.96M","-0.11%"
"05/24/2019","42,617","42,988","43,111","42,494","4.58M","0.06%"
"05/23/2019","42,593","41,695","42,920","41,560","7.94M","-2.40%"
"05/22/2019","43,642","43,792","43,945","43,288","6.12M","-0.30%"
"05/21/2019","43,774","43,936","44,336","43,463","4.76M","0.08%"
"05/20/2019","43,738","44,112","44,274","43,465","5.94M","-3.29%"
"05/17/2019","45,224","44,978","45,474","44,760","5.40M","-1.66%"
"05/16/2019","45,986","45,440","46,240","45,120","5.49M","1.84%"
"05/15/2019","45,155","46,326","47,685","44,327","10.36M","-1.08%"
"05/14/2019","45,646","45,584","46,434","45,566","5.19M","-0.15%"
"05/13/2019","45,713","46,902","47,211","45,243","6.01M","-2.05%"
"05/10/2019","46,668","48,098","48,166","46,478","6.17M","0.44%"
"05/09/2019","46,463","48,043","48,265","46,340","8.76M","-3.76%"
"05/07/2019","48,279","49,460","49,651","47,975","4.29M","-1.55%"
"05/06/2019","49,038","48,944","49,317","48,380","4.87M","-3.31%"
"05/03/2019","50,719","50,142","51,059","50,096","3.89M","0.85%"
"05/02/2019","50,289","50,195","50,520","49,561","5.17M","0.98%"
"04/30/2019","49,802","49,937","50,583","49,732","5.35M","-0.82%"
"04/29/2019","50,216","50,414","51,096","49,797","3.67M","-0.20%"
"04/26/2019","50,319","49,922","50,358","49,506","2.12M","0.78%"
"04/25/2019","49,929","50,086","50,249","49,324","4.50M","-1.24%"
"04/24/2019","50,556","49,960","50,556","49,746","4.66M","0.99%"
"04/23/2019","50,060","49,310","50,060","49,103","3.57M","1.48%"
"04/18/2019","49,329","48,813","49,351","48,742","5.48M","0.01%"
"04/17/2019","49,325","48,555","49,528","48,555","3.13M","0.82%"
"04/16/2019","48,922","48,364","49,095","48,248","4.34M","2.29%"
"04/15/2019","47,825","48,779","48,823","47,586","4.43M","-2.23%"
"04/12/2019","48,915","48,384","49,120","48,329","2.95M","0.42%"
"04/11/2019","48,711","49,392","49,447","48,053","2.69M","-0.74%"
"04/10/2019","49,074","48,370","49,074","48,234","6.39M","2.17%"
"04/09/2019","48,030","47,648","48,064","47,647","4.52M","0.77%"
"04/08/2019","47,662","47,683","47,750","47,375","3.71M","0.47%"
"04/05/2019","47,440","47,389","47,662","47,280","3.03M","0.34%"
"04/04/2019","47,280","46,756","47,340","46,735","4.27M","0.29%"
"04/03/2019","47,144","46,994","47,600","46,599","5.48M","2.13%"
"04/02/2019","46,163","45,885","46,163","45,230","4.39M","1.26%"
"04/01/2019","45,590","46,054","46,061","45,509","4.69M","0.42%"
"03/29/2019","45,402","45,645","46,035","45,096","5.99M","0.85%"
"03/28/2019","45,018","44,555","45,106","44,324","3.75M","0.17%"
"03/27/2019","44,943","44,283","45,469","43,662","5.47M","2.44%"
"03/26/2019","43,874","43,738","44,091","43,020","4.65M","-0.17%"
"03/25/2019","43,950","44,283","45,236","43,605","7.48M","-1.60%"
"03/22/2019","44,664","43,261","44,664","42,920","7.68M","2.38%"
"03/20/2019","43,624","44,298","44,956","43,624","10.01M","-1.79%"
"03/19/2019","44,419","43,860","44,520","43,707","5.50M","0.81%"
"03/18/2019","44,062","43,631","44,189","43,423","6.36M","2.79%"
"03/15/2019","42,866","43,397","43,806","42,866","8.90M","0.06%"
"03/14/2019","42,841","42,928","43,278","42,716","4.94M","-0.56%"
"03/13/2019","43,081","42,689","43,329","42,471","4.49M","1.13%"
"03/12/2019","42,602","43,451","43,523","42,239","5.46M","-0.63%"
"03/11/2019","42,873","42,920","43,193","42,352","4.06M","2.44%"
"03/08/2019","41,852","41,981","42,486","41,598","4.24M","-1.87%"
"03/07/2019","42,648","43,329","43,601","42,382","5.40M","-2.65%"
"03/06/2019","43,810","43,758","44,603","43,329","5.98M","1.91%"
"03/05/2019","42,988","44,283","44,691","42,920","6.43M","-0.06%"
"03/04/2019","43,016","42,614","43,366","42,467","4.24M","3.34%"
"03/01/2019","41,626","41,421","42,046","41,218","4.95M","0.32%"
"02/28/2019","41,495","40,570","41,897","40,567","5.44M","0.94%"
"02/27/2019","41,108","41,571","42,102","40,740","4.91M","-0.97%"
"02/26/2019","41,511","40,955","41,658","40,764","5.61M","0.22%"
"02/25/2019","41,419","41,455","41,847","40,977","4.69M","-0.09%"
"02/22/2019","41,455","40,955","41,645","40,824","4.90M","1.22%"
"02/21/2019","40,955","41,135","41,659","40,955","5.91M","-1.58%"
"02/20/2019","41,611","41,206","42,078","41,011","6.28M","1.34%"
"02/19/2019","41,061","40,691","41,550","40,688","4.33M","-0.22%"
"02/18/2019","41,153","41,061","41,334","40,642","3.12M","1.93%"
"02/15/2019","40,373","39,634","40,540","39,304","3.99M","-0.44%"
"02/14/2019","40,552","39,436","40,878","39,304","4.02M","1.98%"
"02/13/2019","39,766","40,030","40,367","39,068","5.01M","-1.79%"
"02/12/2019","40,493","40,314","40,704","40,314","2.82M","1.15%"
"02/11/2019","40,030","40,038","40,790","40,029","3.53M","1.34%"
"02/08/2019","39,502","39,857","40,630","39,449","3.30M","-1.61%"
"02/07/2019","40,149","40,361","40,624","39,668","3.37M","-1.71%"
"02/06/2019","40,846","40,164","41,080","40,125","3.14M","1.86%"
"02/05/2019","40,101","39,039","40,101","39,039","2.95M","2.72%"
"02/04/2019","39,039","38,804","39,388","38,710","3.68M","0.34%"
"02/01/2019","38,907","40,361","40,361","38,859","5.49M","-3.12%"
"01/31/2019","40,162","40,399","40,589","40,065","7.96M","0.54%"
"01/30/2019","39,945","40,124","40,932","39,727","4.66M","-1.98%"
"01/29/2019","40,750","39,949","41,033","39,853","4.84M","2.30%"
"01/28/2019","39,832","39,832","40,192","39,596","3.44M","-0.82%"
"01/25/2019","40,162","40,823","41,047","39,682","6.75M","0.33%"
"01/24/2019","40,030","40,162","40,607","39,525","5.76M","-0.66%"
"01/23/2019","40,294","41,021","41,193","40,038","6.75M","-3.18%"
"01/22/2019","41,616","41,180","41,812","40,438","5.43M","-0.47%"
"01/21/2019","41,812","40,750","41,812","40,598","4.17M","3.34%"
"01/18/2019","40,460","40,559","40,844","40,151","4.39M","0.62%"
"01/17/2019","40,212","40,136","40,593","39,766","6.07M","0.05%"
"01/16/2019","40,191","39,370","40,191","39,370","4.03M","1.96%"
"01/15/2019","39,418","39,740","39,799","39,065","4.37M","0.82%"
"01/14/2019","39,098","38,511","39,098","37,930","3.74M","-0.85%"
"01/11/2019","39,432","39,423","39,849","39,251","3.92M","1.04%"
"01/10/2019","39,028","38,854","39,098","38,387","4.67M","-0.63%"
"01/09/2019","39,277","38,313","39,277","38,049","5.03M","4.85%"
"01/08/2019","37,461","37,243","37,850","36,928","3.76M","0.48%"
"01/07/2019","37,280","38,011","38,758","36,992","4.34M","-1.11%"
"01/04/2019","37,699","37,032","38,227","37,032","2.65M","2.31%"
"01/03/2019","36,846","36,265","37,547","36,265","3.15M","0.14%"
"01/02/2019","36,794","36,730","37,131","36,100","3.71M","-3.71%"
"12/31/2018","38,211","38,874","38,973","37,848","1.21M","-0.27%"
"12/28/2018","38,313","37,402","38,801","37,388","3.77M","1.16%"
"12/27/2018","37,873","39,057","39,066","37,309","4.18M","-3.03%"
"12/24/2018","39,057","37,956","39,057","37,956","1.05M","2.65%"
"12/21/2018","38,049","38,537","38,775","38,049","10.20M","2.77%"
"12/20/2018","37,024","36,595","37,586","36,199","10.91M","-0.62%"
"12/19/2018","37,256","37,009","37,543","36,750","4.43M","-0.12%"
"12/18/2018","37,302","36,205","37,302","35,974","6.44M","0.19%"
"12/14/2018","37,233","36,541","37,378","36,075","6.04M","-0.06%"
"12/13/2018","37,256","38,313","38,384","36,992","4.75M","-1.30%"
"12/12/2018","37,747","38,049","38,552","37,747","4.49M","0.21%"
"12/11/2018","37,667","36,900","38,024","36,771","6.22M","3.68%"
"12/10/2018","36,331","36,212","37,026","35,890","7.50M","-2.27%"
"12/07/2018","37,177","37,229","37,447","36,748","7.42M","2.14%"
"12/06/2018","36,397","36,463","36,678","36,067","6.69M","-4.09%"
"12/05/2018","37,951","38,022","38,148","37,550","4.59M","-1.96%"
"12/04/2018","38,709","38,286","38,946","38,164","5.75M","1.44%"
"12/03/2018","38,161","38,452","39,513","38,161","9.51M","4.54%"
"11/30/2018","36,503","37,337","37,777","36,503","6.79M","-2.02%"
"11/29/2018","37,256","38,048","38,115","37,027","3.94M","-2.57%"
"11/28/2018","38,241","38,298","38,759","38,049","7.87M","3.75%"
"11/27/2018","36,860","37,784","38,022","36,704","3.39M","-1.14%"
"11/26/2018","37,285","36,463","37,586","36,006","4.00M","3.86%"
"11/23/2018","35,899","35,933","36,022","34,898","2.67M","-1.33%"
"11/22/2018","36,384","36,384","36,858","36,062","2.59M","1.40%"
"11/21/2018","35,882","35,671","36,255","35,190","4.18M","3.77%"
"11/20/2018","34,579","36,358","36,569","34,347","7.42M","-7.35%"
"11/19/2018","37,322","36,670","37,768","36,525","5.50M","1.67%"
"11/16/2018","36,708","36,990","37,310","36,410","4.82M","-0.16%"
"11/15/2018","36,765","35,671","36,765","35,275","7.77M","2.67%"
"11/14/2018","35,808","33,953","35,935","33,293","12.09M","4.25%"
"11/13/2018","34,349","35,208","35,308","34,322","8.08M","-1.90%"
"11/12/2018","35,015","35,406","35,664","34,539","5.05M","-3.45%"
"11/09/2018","36,264","35,875","36,264","35,090","7.24M","-1.83%"
"11/08/2018","36,940","38,682","38,682","36,860","4.73M","-2.86%"
"11/07/2018","38,028","38,300","38,650","37,728","5.89M","-1.08%"
"11/06/2018","38,445","38,049","38,445","37,196","5.74M","-0.54%"
"11/05/2018","38,655","37,229","38,655","37,190","5.75M","0.93%"
"11/02/2018","38,299","38,709","39,394","37,259","13.03M","2.99%"
"11/01/2018","37,186","35,671","37,186","35,327","8.97M","8.56%"
"10/31/2018","34,253","33,689","34,349","33,447","12.72M","9.40%"
"10/30/2018","31,311","32,130","32,365","31,214","12.91M","-3.55%"
"10/29/2018","32,463","33,438","33,689","32,463","8.58M","-3.98%"
"10/26/2018","33,808","34,085","34,258","33,364","5.60M","-3.27%"
"10/25/2018","34,951","33,385","35,010","32,896","7.42M","2.74%"
"10/24/2018","34,019","35,420","35,510","34,019","10.02M","-3.96%"
"10/23/2018","35,420","35,877","36,397","35,408","7.57M","-4.59%"
"10/22/2018","37,124","36,793","37,186","36,470","4.90M","3.20%"
"10/19/2018","35,974","36,318","36,468","35,796","4.19M","-0.07%"
"10/18/2018","36,000","35,803","36,185","35,509","7.11M","-1.17%"
"10/17/2018","36,426","37,414","37,612","36,024","4.94M","-2.26%"
"10/16/2018","37,270","35,935","37,270","35,475","7.65M","2.58%"
"10/15/2018","36,333","37,692","37,759","36,304","5.73M","-5.43%"
"10/12/2018","38,418","36,952","38,577","35,754","9.71M","8.46%"
"10/11/2018","35,423","33,438","35,799","33,028","11.40M","0.91%"
"10/10/2018","35,102","36,992","37,144","35,102","8.00M","-6.47%"
"10/09/2018","37,530","37,718","38,028","36,915","5.72M","-1.53%"
"10/08/2018","38,115","37,983","38,205","37,618","3.56M","-0.17%"
"10/05/2018","38,181","38,394","38,644","37,817","5.01M","-1.16%"
"10/04/2018","38,630","38,453","39,168","38,115","6.97M","-1.55%"
"10/03/2018","39,238","40,024","40,207","39,105","6.21M","-1.00%"
"10/02/2018","39,634","39,660","40,281","39,120","5.80M","-2.19%"
"10/01/2018","40,523","40,316","40,823","39,666","3.65M","0.51%"
"09/28/2018","40,316","40,615","41,102","39,416","6.58M","-0.89%"
"09/27/2018","40,679","41,616","41,787","40,679","5.97M","-3.22%"
"09/26/2018","42,031","42,276","42,408","41,775","3.77M","-0.10%"
"09/25/2018","42,074","42,484","42,501","40,830","5.47M","-1.95%"
"09/21/2018","42,911","42,871","43,072","42,344","9.33M","2.21%"
"09/20/2018","41,985","42,131","42,376","41,171","14.94M","0.41%"
"09/19/2018","41,814","42,738","42,840","41,417","4.36M","-0.47%"
"09/18/2018","42,010","42,554","42,834","41,242","5.99M","-0.83%"
"09/17/2018","42,361","40,955","43,531","40,723","6.33M","0.68%"
"09/14/2018","42,073","42,289","42,661","42,012","5.59M","0.94%"
"09/13/2018","41,682","41,689","42,193","40,826","6.30M","3.31%"
"09/12/2018","40,347","40,723","41,374","40,041","6.02M","-1.10%"
"09/11/2018","40,796","39,964","40,796","39,634","8.36M","-0.93%"
"09/10/2018","41,180","41,458","41,615","40,869","5.01M","-1.09%"
"09/07/2018","41,633","40,228","41,733","40,096","5.52M","2.92%"
"09/06/2018","40,453","39,489","40,872","39,176","10.15M","0.21%"
"09/05/2018","40,368","41,218","41,946","40,368","11.65M","-4.02%"
"09/04/2018","42,060","43,201","43,695","41,787","6.95M","-0.67%"
"09/03/2018","42,342","42,743","42,965","42,092","5.47M","-1.86%"
"08/31/2018","43,145","43,795","44,033","42,970","9.53M","-2.51%"
"08/30/2018","44,258","46,767","47,566","44,258","7.95M","-6.42%"
"08/29/2018","47,296","46,636","47,561","46,438","3.46M","0.56%"
"08/28/2018","47,032","47,164","47,534","46,773","4.19M","-0.28%"
"08/27/2018","47,164","46,636","47,718","46,504","5.17M","0.90%"
"08/24/2018","46,742","44,866","47,180","44,691","7.40M","2.82%"
"08/23/2018","45,460","45,249","45,838","44,819","4.30M","0.32%"
"08/22/2018","45,315","43,597","45,315","43,465","3.75M","3.80%"
"08/21/2018","43,657","42,871","43,848","42,870","4.04M","1.74%"
"08/20/2018","42,910","42,964","43,967","42,825","3.85M","2.14%"
"08/17/2018","42,012","42,395","42,822","41,869","4.80M","1.08%"
"08/16/2018","41,565","40,034","41,781","39,641","9.07M","2.79%"
"08/15/2018","40,438","43,135","43,714","39,634","11.28M","-8.22%"
"08/14/2018","44,060","43,333","44,139","43,267","7.28M","-2.06%"
"08/13/2018","44,985","44,521","45,229","44,257","3.45M","0.99%"
"08/10/2018","44,542","44,430","44,602","44,033","4.82M","0.59%"
"08/08/2018","44,282","44,060","44,522","43,500","4.24M","0.69%"
"08/07/2018","43,980","43,074","44,033","42,977","4.32M","2.43%"
"08/06/2018","42,937","42,857","42,980","42,358","2.67M","0.43%"
"08/03/2018","42,752","42,369","42,752","41,766","4.25M","1.91%"
"08/02/2018","41,950","42,012","42,378","41,617","6.44M","-2.87%"
"08/01/2018","43,190","42,988","43,655","42,796","4.58M","0.84%"
"07/31/2018","42,831","42,607","43,333","42,425","8.24M","-2.20%"
"07/30/2018","43,797","43,284","44,130","42,950","3.76M","-1.28%"
"07/27/2018","44,364","43,400","44,587","43,400","2.58M","1.29%"
"07/26/2018","43,799","43,267","44,046","42,871","3.68M","0.16%"
"07/25/2018","43,731","45,061","45,181","43,731","3.73M","-3.21%"
"07/24/2018","45,181","45,051","45,579","44,668","4.93M","0.86%"
"07/23/2018","44,794","44,963","45,080","43,905","4.60M","-1.68%"
"07/20/2018","45,559","44,786","45,853","44,533","5.38M","1.79%"
"07/19/2018","44,760","44,184","44,760","43,663","3.69M","0.68%"
"07/18/2018","44,456","44,419","44,535","43,519","4.63M","-0.20%"
"07/17/2018","44,547","43,531","44,547","42,481","4.09M","2.13%"
"07/16/2018","43,616","44,124","44,903","43,616","3.21M","-2.12%"
"07/13/2018","44,562","45,315","45,315","44,258","3.90M","-2.08%"
"07/12/2018","45,510","45,513","45,790","44,995","4.25M","0.14%"
"07/11/2018","45,447","45,315","45,538","44,975","6.03M","-1.60%"
"07/10/2018","46,187","45,642","46,240","45,513","4.72M","-0.40%"
"07/09/2018","46,372","46,266","46,635","45,144","4.79M","2.08%"
"07/06/2018","45,427","45,112","45,579","44,457","4.25M","1.47%"
"07/05/2018","44,771","44,456","45,433","44,231","3.65M","-0.56%"
"07/04/2018","45,024","44,258","45,050","43,895","2.66M","-0.20%"
"07/03/2018","45,117","44,918","45,118","43,928","4.08M","0.21%"
"07/02/2018","45,021","44,496","45,999","44,262","5.20M","-2.22%"
"06/29/2018","46,041","43,743","46,041","43,598","8.74M","6.52%"
"06/28/2018","43,225","41,219","43,412","40,955","7.16M","2.95%"
"06/27/2018","41,985","40,889","42,213","39,778","7.52M","2.57%"
"06/26/2018","40,935","43,333","43,465","40,935","5.35M","-3.38%"
"06/25/2018","42,369","42,541","43,235","41,840","4.44M","-3.04%"
"06/22/2018","43,695","42,910","44,551","42,606","6.24M","3.10%"
"06/21/2018","42,380","43,464","43,991","42,380","11.90M","-2.22%"
"06/20/2018","43,342","42,937","44,159","42,824","5.92M","2.20%"
"06/19/2018","42,408","42,412","43,456","42,068","6.58M","-3.01%"
"06/18/2018","43,724","44,126","44,126","43,201","4.07M","0.32%"
"06/15/2018","43,586","44,416","44,561","43,432","10.53M","-1.08%"
"06/14/2018","44,060","43,665","44,472","42,926","5.05M","-1.71%"
"06/13/2018","44,826","44,280","46,539","44,159","5.21M","1.23%"
"06/12/2018","44,280","44,324","44,466","43,714","3.70M","0.42%"
"06/11/2018","44,095","44,767","44,892","44,095","3.35M","-0.07%"
"06/08/2018","44,126","43,690","44,393","43,201","5.36M","-2.40%"
"06/07/2018","45,209","45,380","45,441","44,796","3.94M","1.08%"
"06/06/2018","44,728","43,731","44,728","43,731","3.07M","2.69%"
"06/05/2018","43,558","43,597","43,793","42,974","3.25M","0.86%"
"06/04/2018","43,184","43,095","43,706","42,936","4.20M","2.18%"
"06/01/2018","42,262","40,546","42,339","40,439","3.74M","5.72%"
"05/31/2018","39,977","40,427","40,662","39,912","10.47M","0.18%"
"05/30/2018","39,904","40,646","40,793","39,283","6.13M","-2.19%"
"05/29/2018","40,799","42,078","42,192","40,572","3.95M","-3.65%"
"05/28/2018","42,345","42,673","42,903","42,144","2.01M","0.19%"
"05/25/2018","42,263","42,342","42,606","41,892","3.71M","-0.81%"
"05/24/2018","42,606","42,012","42,606","41,935","3.91M","1.42%"
"05/23/2018","42,012","42,408","42,413","41,941","3.77M","-0.47%"
"05/22/2018","42,210","41,748","42,422","41,748","3.42M","0.47%"
"05/21/2018","42,014","42,606","42,910","41,906","2.97M","-0.67%"
"05/18/2018","42,298","42,646","42,723","42,177","5.58M","-0.07%"
"05/17/2018","42,329","42,791","42,987","41,846","6.74M","-1.72%"
"05/16/2018","43,069","40,608","43,653","39,634","8.96M","5.16%"
"05/15/2018","40,955","41,351","41,880","40,955","5.74M","-3.94%"
"05/14/2018","42,636","41,924","42,699","41,924","2.64M","0.88%"
"05/11/2018","42,265","42,276","42,483","41,616","3.41M","0.44%"
"05/10/2018","42,079","41,351","42,122","41,219","4.33M","3.54%"
"05/09/2018","40,639","40,797","41,445","40,282","6.49M","0.05%"
"05/08/2018","40,618","41,061","41,087","40,198","4.85M","1.30%"
"05/07/2018","40,096","39,634","40,096","39,546","2.75M","0.52%"
"05/04/2018","39,889","38,670","39,889","38,154","7.49M","4.88%"
"05/03/2018","38,032","40,823","40,823","37,778","8.64M","-4.45%"
"05/02/2018","39,802","40,823","40,955","39,434","6.32M","-1.53%"
"04/30/2018","40,419","40,677","40,677","39,834","4.45M","2.15%"
"04/26/2018","39,568","38,313","39,589","38,313","4.83M","1.47%"
"04/25/2018","38,994","39,026","39,634","38,907","5.01M","-2.47%"
"04/24/2018","39,981","40,365","40,905","39,981","2.96M","-0.07%"
"04/23/2018","40,010","40,030","40,279","39,647","2.66M","-0.38%"
"04/20/2018","40,162","39,951","40,351","39,386","4.04M","0.10%"
"04/19/2018","40,123","40,798","41,156","39,898","3.76M","-0.34%"
"04/18/2018","40,258","40,083","40,426","39,502","4.56M","1.27%"
"04/17/2018","39,751","39,802","39,925","39,200","4.14M","-1.02%"
"04/16/2018","40,162","39,297","40,266","39,079","2.91M","1.50%"
"04/13/2018","39,568","39,898","40,228","39,517","2.79M","-2.44%"
"04/12/2018","40,559","39,304","40,814","39,198","3.94M","2.22%"
"04/11/2018","39,676","40,162","40,281","39,123","4.18M","-1.53%"
"04/10/2018","40,294","40,957","41,351","39,993","4.60M","1.33%"
"04/09/2018","39,764","39,660","40,000","39,290","4.50M","0.77%"
"04/06/2018","39,462","39,568","40,142","39,071","5.26M","-1.67%"
"04/05/2018","40,133","39,172","40,249","39,105","6.83M","2.74%"
"04/04/2018","39,064","37,586","39,064","35,406","12.33M","2.60%"
"04/03/2018","38,075","38,617","38,982","38,075","10.79M","-0.34%"
"03/29/2018","38,205","39,304","39,304","37,988","10.00M","-1.37%"
"03/28/2018","38,735","40,030","40,361","38,735","10.10M","-6.33%"
"03/27/2018","41,351","42,361","42,711","41,064","5.97M","0.00%"
"03/26/2018","41,351","42,382","42,520","40,805","5.26M","-0.63%"
"03/23/2018","41,616","42,408","43,333","40,572","10.82M","-4.55%"
"03/22/2018","43,597","44,119","46,719","41,315","24.88M","-4.59%"
"03/20/2018","45,696","45,593","45,812","44,985","7.36M","1.19%"
"03/19/2018","45,156","45,060","45,709","44,763","4.62M","0.29%"
"03/16/2018","45,024","45,777","45,970","44,742","9.88M","-1.66%"
"03/15/2018","45,784","46,966","47,424","45,344","12.99M","-2.05%"
"03/14/2018","46,742","46,504","46,849","46,308","4.38M","-1.20%"
"03/13/2018","47,309","47,230","47,652","46,546","4.92M","0.73%"
"03/12/2018","46,966","47,495","47,745","46,908","4.13M","0.23%"
"03/09/2018","46,860","45,949","46,860","45,623","3.50M","2.57%"
"03/08/2018","45,685","46,240","46,900","45,685","5.19M","-0.58%"
"03/07/2018","45,949","44,997","46,233","44,523","5.85M","0.67%"
"03/06/2018","45,645","45,183","45,810","44,421","7.29M","4.24%"
"03/05/2018","43,787","42,890","44,082","42,757","5.49M","1.93%"
"03/02/2018","42,958","42,924","43,130","42,463","5.87M","-1.37%"
"03/01/2018","43,552","43,862","44,439","43,201","6.01M","0.78%"
"02/28/2018","43,214","42,540","43,333","42,540","7.78M","-1.23%"
"02/27/2018","43,753","43,769","44,102","43,070","6.14M","-0.25%"
"02/26/2018","43,861","43,994","44,092","43,446","4.01M","-0.44%"
"02/23/2018","44,056","44,456","44,522","43,600","5.17M","-0.10%"
"02/22/2018","44,099","43,669","44,148","42,805","5.74M","-0.74%"
"02/21/2018","44,428","43,597","45,107","43,340","8.23M","3.93%"
"02/20/2018","42,750","43,729","43,866","41,946","5.63M","-1.94%"
"02/19/2018","43,597","44,720","44,918","43,324","3.78M","-2.52%"
"02/16/2018","44,726","44,806","46,096","44,116","4.58M","-0.18%"
"02/15/2018","44,805","42,937","45,359","42,936","8.72M","6.98%"
"02/14/2018","41,880","41,946","42,236","41,037","8.97M","1.88%"
"02/13/2018","41,106","40,715","41,285","40,296","7.50M","2.86%"
"02/12/2018","39,964","40,030","40,423","39,218","6.38M","1.82%"
"02/09/2018","39,251","39,013","39,711","38,647","5.93M","-1.80%"
"02/08/2018","39,970","40,559","40,626","39,538","6.66M","-0.64%"
"02/07/2018","40,229","41,470","41,549","39,726","8.94M","-1.91%"
"02/06/2018","41,015","39,634","41,086","39,326","12.20M","-0.50%"
"02/05/2018","41,219","42,025","42,340","40,827","9.01M","-3.88%"
"02/02/2018","42,884","43,967","44,562","42,046","7.35M","-2.02%"
"02/01/2018","43,770","44,872","45,364","43,069","7.66M","-2.05%"
"01/31/2018","44,687","46,107","46,636","44,463","10.93M","-1.54%"
"01/30/2018","45,384","46,966","47,230","44,983","6.94M","-5.10%"
"01/29/2018","47,825","48,525","48,712","47,446","6.26M","-1.23%"
"01/26/2018","48,419","49,074","49,074","48,174","5.48M","0.47%"
"01/25/2018","48,195","48,168","48,353","47,166","11.75M","-1.41%"
"01/24/2018","48,882","49,607","49,903","48,394","3.90M","-1.33%"
"01/23/2018","49,542","50,071","50,071","49,291","9.71M","0.50%"
"01/22/2018","49,296","49,503","49,769","49,120","4.34M","0.36%"
"01/19/2018","49,117","48,750","49,542","48,421","3.68M","1.58%"
"01/18/2018","48,353","49,067","49,542","47,833","4.85M","-0.98%"
"01/17/2018","48,833","48,723","49,103","48,491","6.11M","0.32%"
"01/16/2018","48,676","48,353","48,730","47,885","3.62M","2.34%"
"01/15/2018","47,562","47,600","47,939","46,950","2.71M","-0.38%"
"01/12/2018","47,742","47,825","48,155","47,556","3.11M","1.45%"
"01/11/2018","47,059","47,283","47,434","46,421","3.07M","-1.47%"
"01/10/2018","47,759","47,931","48,219","47,399","3.32M","-0.44%"
"01/09/2018","47,970","47,891","47,970","47,567","5.00M","0.94%"
"01/08/2018","47,521","48,089","48,134","47,335","3.17M","-0.54%"
"01/05/2018","47,778","47,812","48,017","47,033","3.92M","-0.56%"
"01/04/2018","48,046","48,882","49,212","47,014","6.01M","-0.36%"
"01/03/2018","48,221","47,931","48,429","46,946","4.84M","1.93%"
"01/02/2018","47,308","46,240","47,412","46,239","4.56M","3.76%"
"12/29/2017","45,592","45,711","46,174","44,942","1.73M","0.26%"
"12/28/2017","45,475","45,843","45,843","44,536","1.50M","0.78%"
"12/27/2017","45,121","45,658","45,844","44,685","2.10M","-1.05%"
"12/22/2017","45,598","46,041","46,041","45,140","1.81M","0.02%"
"12/21/2017","45,588","44,258","46,081","44,031","29.03M","4.53%"
"12/20/2017","43,612","42,887","44,365","42,805","8.54M","1.99%"
"12/19/2017","42,759","42,930","43,886","42,310","9.54M","-0.11%"
"12/18/2017","42,805","43,729","43,782","42,292","7.34M","-2.11%"
"12/15/2017","43,729","44,522","45,123","43,613","15.17M","-3.09%"
"12/14/2017","45,123","45,909","45,909","44,725","6.10M","-1.84%"
"12/13/2017","45,967","46,728","46,837","44,825","6.63M","-0.59%"
"12/12/2017","46,240","47,359","47,362","45,712","7.27M","-3.42%"
"12/11/2017","47,878","48,684","48,684","47,430","6.75M","0.13%"
"12/08/2017","47,814","47,997","48,340","47,363","6.02M","2.47%"
"12/07/2017","46,663","46,306","46,929","46,124","5.57M","2.52%"
"12/06/2017","45,514","45,579","45,843","44,470","6.98M","-2.13%"
"12/05/2017","46,504","46,900","47,032","45,579","6.66M","-3.03%"
"12/04/2017","47,957","47,561","47,957","47,035","6.02M","2.78%"
"12/01/2017","46,657","48,221","48,467","46,657","9.64M","-4.23%"
"11/30/2017","48,719","49,080","49,542","48,486","11.73M","-3.18%"
"11/29/2017","50,322","50,071","50,878","49,553","7.31M","0.77%"
"11/28/2017","49,939","49,756","50,572","49,620","6.36M","-0.36%"
"11/27/2017","50,122","49,661","50,442","49,661","6.02M","0.87%"
"11/24/2017","49,688","49,793","50,354","49,688","5.43M","0.51%"
"11/23/2017","49,433","51,471","51,734","49,376","8.07M","-4.06%"
"11/22/2017","51,525","53,896","53,902","51,204","10.17M","-4.64%"
"11/21/2017","54,034","53,836","54,734","53,506","15.79M","2.38%"
"11/20/2017","52,779","52,145","52,845","51,841","8.45M","3.90%"
"11/17/2017","50,797","50,269","51,478","50,111","7.81M","3.56%"
"11/16/2017","49,054","48,567","49,529","48,456","9.01M","1.41%"
"11/15/2017","48,372","47,310","49,408","47,228","7.10M","1.95%"
"11/14/2017","47,448","47,442","47,788","47,241","5.63M","0.49%"
"11/13/2017","47,216","47,257","47,613","47,033","3.99M","0.93%"
"11/10/2017","46,781","47,032","47,693","46,781","4.44M","-0.67%"
"11/09/2017","47,097","47,230","47,230","46,724","3.90M","0.17%"
"11/08/2017","47,019","47,957","47,957","46,849","4.46M","-2.03%"
"11/07/2017","47,992","47,878","48,221","47,759","7.68M","2.57%"
"11/06/2017","46,788","47,098","47,098","46,584","4.09M","2.06%"
"11/03/2017","45,843","45,711","46,027","45,407","4.58M","1.12%"
"11/02/2017","45,334","46,077","46,238","45,334","3.32M","-1.25%"
"11/01/2017","45,907","46,319","46,406","45,852","5.42M","0.86%"
"10/31/2017","45,513","45,889","46,068","45,447","6.41M","-0.17%"
"10/30/2017","45,592","45,249","45,764","44,921","5.90M","1.27%"
"10/27/2017","45,021","44,852","45,216","44,608","5.71M","1.03%"
"10/26/2017","44,562","43,976","45,030","43,874","6.07M","1.32%"
"10/25/2017","43,982","43,604","44,219","43,542","4.60M","1.65%"
"10/24/2017","43,267","43,251","43,363","43,023","3.32M","0.04%"
"10/23/2017","43,251","43,597","43,663","43,036","3.83M","-0.71%"
"10/20/2017","43,558","43,505","43,795","43,360","3.67M","1.29%"
"10/19/2017","43,003","43,069","43,160","42,673","6.25M","-0.46%"
"10/18/2017","43,200","42,939","43,324","42,620","4.35M","0.11%"
"10/17/2017","43,155","42,978","43,155","42,685","3.73M","0.41%"
"10/16/2017","42,976","43,584","43,584","42,806","7.06M","1.66%"
"10/13/2017","42,276","42,299","42,402","41,970","4.33M","0.00%"
"10/12/2017","42,276","42,486","42,638","42,015","4.98M","-0.62%"
"10/11/2017","42,540","42,322","42,568","41,946","4.95M","0.91%"
"10/10/2017","42,158","42,342","42,408","41,840","3.46M","0.02%"
"10/09/2017","42,150","41,721","42,467","41,685","4.00M","0.81%"
"10/06/2017","41,810","41,748","42,065","41,550","3.62M","0.90%"
"10/05/2017","41,437","41,120","41,550","40,849","3.14M","1.34%"
"10/04/2017","40,889","40,550","40,998","40,550","3.75M","1.19%"
"10/03/2017","40,410","39,704","40,544","39,685","5.09M","2.88%"
"10/02/2017","39,277","38,894","39,369","38,777","3.82M","1.82%"
"09/29/2017","38,577","38,247","38,815","38,123","7.12M","1.92%"
"09/28/2017","37,850","38,035","38,262","37,730","4.46M","-0.37%"
"09/27/2017","37,991","38,062","38,247","37,766","5.20M","0.28%"
"09/26/2017","37,885","38,167","38,305","37,719","6.08M","-3.19%"
"09/22/2017","39,132","39,304","39,581","39,059","2.90M","-0.78%"
"09/21/2017","39,441","39,343","39,773","39,079","18.73M","0.44%"
"09/20/2017","39,270","39,430","39,626","39,187","5.32M","-0.02%"
"09/19/2017","39,276","39,109","39,408","38,954","4.08M","0.65%"
"09/18/2017","39,024","39,078","39,434","38,603","15.29M","1.09%"
"09/15/2017","38,603","39,144","39,144","38,500","11.70M","-1.39%"
"09/14/2017","39,148","39,514","39,592","38,876","5.86M","-0.23%"
"09/13/2017","39,237","39,549","39,604","39,136","3.45M","-0.43%"
"09/12/2017","39,408","39,263","39,806","39,230","3.27M","1.10%"
"09/11/2017","38,981","38,444","39,239","38,330","5.82M","3.10%"
"09/08/2017","37,809","38,418","38,418","37,704","3.67M","-0.83%"
"09/07/2017","38,126","37,837","38,286","37,499","2.85M","0.59%"
"09/06/2017","37,901","38,415","38,418","37,762","4.40M","-0.28%"
"09/05/2017","38,009","38,161","38,479","37,967","5.00M","-0.57%"
"09/04/2017","38,225","38,286","38,352","38,009","2.58M","-1.15%"
"09/01/2017","38,669","38,880","38,943","38,566","4.03M","-0.41%"
"08/31/2017","38,827","38,866","39,078","38,411","6.22M","0.50%"
"08/30/2017","38,635","39,197","39,288","38,516","5.70M","0.31%"
"08/29/2017","38,516","38,814","38,873","38,227","5.81M","-1.04%"
"08/28/2017","38,920","39,157","39,217","38,651","3.79M","-2.06%"
"08/25/2017","39,738","39,633","40,089","39,474","3.11M","-0.24%"
"08/24/2017","39,834","39,685","39,953","39,118","5.47M","0.81%"
"08/23/2017","39,514","38,814","39,619","38,753","7.61M","2.27%"
"08/22/2017","38,635","38,575","38,726","38,220","6.52M","0.95%"
"08/21/2017","38,270","38,484","38,599","38,102","5.09M","-0.04%"
"08/18/2017","38,286","37,998","38,336","37,864","5.21M","0.47%"
"08/17/2017","38,106","38,128","38,299","37,787","6.36M","-0.03%"
"08/16/2017","38,116","37,273","38,643","36,900","11.39M","2.93%"
"08/15/2017","37,032","37,586","37,656","37,017","4.35M","-1.41%"
"08/14/2017","37,560","37,297","37,710","37,208","4.46M","2.91%"
"08/11/2017","36,498","36,425","36,641","36,055","5.39M","-2.83%"
"08/10/2017","37,560","38,669","38,669","37,487","4.84M","-1.73%"
"08/08/2017","38,220","38,682","38,735","38,085","5.35M","0.44%"
"08/07/2017","38,051","38,550","38,682","37,951","6.95M","1.63%"
"08/04/2017","37,440","37,664","37,758","37,230","3.65M","0.39%"
"08/03/2017","37,297","37,626","37,757","37,174","4.64M","-0.88%"
"08/02/2017","37,626","38,405","38,616","37,626","4.77M","-2.01%"
"08/01/2017","38,398","38,646","38,646","38,220","3.79M","0.00%"
"07/31/2017","38,398","38,372","38,484","38,037","5.73M","2.04%"
"07/28/2017","37,629","37,296","37,685","37,044","3.51M","-0.43%"
"07/27/2017","37,793","38,405","38,814","37,681","4.16M","-0.19%"
"07/26/2017","37,864","37,679","38,022","37,534","2.93M","0.20%"
"07/25/2017","37,787","37,731","38,022","37,536","3.72M","0.08%"
"07/24/2017","37,758","37,396","37,942","37,324","3.91M","1.92%"
"07/21/2017","37,048","37,032","37,256","36,849","4.23M","0.62%"
"07/20/2017","36,822","36,926","37,230","36,603","3.37M","0.36%"
"07/19/2017","36,689","36,768","37,032","36,441","5.56M","3.12%"
"07/18/2017","35,579","35,725","36,081","35,434","4.80M","-0.55%"
"07/17/2017","35,778","35,712","35,848","35,408","6.65M","-0.07%"
"07/14/2017","35,804","35,381","35,804","35,296","4.51M","0.97%"
"07/13/2017","35,462","34,854","35,472","34,852","6.15M","2.21%"
"07/12/2017","34,695","34,589","34,848","34,273","4.73M","1.66%"
"07/11/2017","34,127","34,048","34,411","33,866","6.59M","2.68%"
"07/10/2017","33,236","33,058","33,393","32,904","4.40M","1.73%"
"07/07/2017","32,671","32,754","32,975","32,543","5.96M","-0.77%"
"07/06/2017","32,926","33,494","33,632","32,797","5.18M","-1.41%"
"07/05/2017","33,397","32,992","33,629","32,755","5.77M","1.68%"
"07/04/2017","32,847","33,547","33,547","32,655","7.24M","-4.37%"
"07/03/2017","34,347","33,859","34,411","33,666","4.76M","2.22%"
"06/30/2017","33,599","33,665","33,666","33,183","6.72M","-0.20%"
"06/29/2017","33,665","34,286","34,461","33,273","3.91M","-1.16%"
"06/28/2017","34,061","34,123","34,391","33,714","4.57M","-1.07%"
"06/27/2017","34,431","34,959","34,959","34,339","4.44M","-0.33%"
"06/26/2017","34,545","35,382","35,448","34,128","5.42M","-0.83%"
"06/23/2017","34,835","34,061","35,044","33,985","4.90M","2.60%"
"06/22/2017","33,953","34,263","34,315","33,664","5.74M","-0.89%"
"06/21/2017","34,257","34,114","34,257","33,739","4.24M","0.93%"
"06/20/2017","33,943","34,523","34,589","33,943","6.13M","-0.92%"
"06/19/2017","34,258","33,903","34,326","33,563","6.82M","3.88%"
"06/15/2017","32,977","33,863","33,874","32,843","25.64M","-2.20%"
"06/14/2017","33,718","34,127","34,258","33,520","7.88M","0.44%"
"06/13/2017","33,570","33,863","34,147","33,552","7.85M","0.70%"
"06/12/2017","33,335","34,438","34,655","32,789","8.65M","-5.89%"
"06/09/2017","35,422","35,646","35,778","34,923","7.03M","1.28%"
"06/08/2017","34,972","34,732","35,219","34,368","7.48M","1.04%"
"06/07/2017","34,613","34,661","34,880","34,541","4.88M","-0.07%"
"06/06/2017","34,636","34,986","35,031","34,636","4.53M","-0.83%"
"06/05/2017","34,926","35,111","35,147","34,867","3.73M","-0.91%"
"06/02/2017","35,246","35,737","35,910","34,986","4.81M","-0.94%"
"06/01/2017","35,580","36,108","36,174","35,529","6.20M","-0.76%"
"05/31/2017","35,851","36,569","36,689","35,580","11.83M","-3.02%"
"05/30/2017","36,966","36,834","37,098","36,798","2.02M","0.04%"
"05/29/2017","36,953","36,807","36,953","36,675","1.95M","-0.14%"
"05/26/2017","37,005","36,838","37,045","36,577","4.14M","0.46%"
"05/25/2017","36,838","37,032","37,229","36,780","3.49M","0.44%"
"05/24/2017","36,675","36,477","36,807","36,233","4.29M","-0.94%"
"05/23/2017","37,025","36,807","37,149","36,736","6.23M","0.30%"
"05/22/2017","36,913","37,481","37,580","36,855","4.28M","0.90%"
"05/19/2017","36,583","37,124","37,283","36,464","6.93M","0.33%"
"05/18/2017","36,464","36,174","36,605","36,121","6.66M","1.36%"
"05/17/2017","35,976","35,718","36,174","35,131","6.36M","2.06%"
"05/16/2017","35,250","36,042","36,108","35,105","6.34M","-2.20%"
"05/15/2017","36,042","36,306","36,306","35,926","3.00M","0.06%"
"05/12/2017","36,022","35,668","36,047","35,659","4.03M","1.81%"
"05/11/2017","35,382","35,646","35,758","35,070","5.28M","-0.03%"
"05/10/2017","35,392","35,778","35,830","35,230","8.92M","-0.33%"
"05/09/2017","35,510","34,854","35,679","34,726","5.20M","3.13%"
"05/08/2017","34,432","34,248","34,432","33,996","2.54M","0.16%"
"05/05/2017","34,377","33,942","34,377","33,830","3.65M","1.72%"
"05/04/2017","33,797","33,692","33,969","33,567","3.94M","-0.25%"
"05/03/2017","33,883","33,850","34,048","33,716","3.83M","0.30%"
"05/02/2017","33,780","33,995","34,075","33,515","6.21M","0.79%"
"04/28/2017","33,514","33,652","33,870","33,453","5.91M","0.58%"
"04/26/2017","33,322","33,651","33,651","33,208","4.39M","-0.50%"
"04/25/2017","33,490","33,032","33,777","33,032","7.19M","1.85%"
"04/24/2017","32,880","32,288","32,880","32,158","4.52M","1.04%"
"04/21/2017","32,543","32,721","32,721","32,323","2.55M","-0.56%"
"04/20/2017","32,727","32,675","32,815","32,445","3.81M","1.15%"
"04/19/2017","32,356","32,492","32,607","32,279","2.41M","0.24%"
"04/18/2017","32,279","32,147","32,424","32,134","4.04M","-1.00%"
"04/13/2017","32,604","32,583","32,699","32,279","2.92M","-0.08%"
"04/12/2017","32,630","32,477","33,243","32,457","4.78M","0.87%"
"04/11/2017","32,348","32,213","32,470","32,114","4.05M","-0.09%"
"04/10/2017","32,377","31,973","32,428","31,771","3.14M","1.76%"
"04/07/2017","31,817","31,935","32,078","31,565","4.40M","-0.86%"
"04/06/2017","32,094","31,949","32,219","31,788","3.69M","0.10%"
"04/05/2017","32,063","31,801","32,063","31,385","5.10M","1.84%"
"04/04/2017","31,485","31,525","32,005","31,381","4.85M","1.48%"
"04/03/2017","31,025","30,673","31,191","30,516","4.84M","1.51%"
"03/31/2017","30,563","30,959","31,157","30,529","9.37M","0.30%"
"03/30/2017","30,470","30,734","30,734","30,186","4.04M","-1.67%"
"03/29/2017","30,987","30,946","31,387","30,498","5.44M","1.80%"
"03/28/2017","30,437","29,841","30,493","29,841","4.84M","3.11%"
"03/27/2017","29,520","29,163","29,631","29,058","3.17M","0.31%"
"03/24/2017","29,427","29,625","29,704","29,338","2.17M","-0.31%"
"03/23/2017","29,520","29,216","29,704","29,045","5.07M","-0.18%"
"03/22/2017","29,573","29,507","29,937","29,017","8.90M","-2.23%"
"03/20/2017","30,249","29,705","30,282","29,633","4.12M","3.31%"
"03/17/2017","29,280","29,243","29,401","29,045","6.14M","0.13%"
"03/16/2017","29,243","29,045","29,309","28,898","16.50M","1.70%"
"03/15/2017","28,754","28,807","28,913","28,635","4.51M","-0.04%"
"03/14/2017","28,765","28,715","29,005","28,586","5.32M","-0.36%"
"03/13/2017","28,870","28,847","28,893","28,518","3.94M","1.01%"
"03/10/2017","28,583","28,160","28,691","28,094","4.00M","2.70%"
"03/09/2017","27,830","28,153","28,177","27,697","5.50M","-1.72%"
"03/08/2017","28,318","28,299","28,381","27,963","2.73M","0.43%"
"03/07/2017","28,197","28,087","28,351","27,956","4.05M","0.87%"
"03/06/2017","27,955","27,936","28,082","27,720","2.54M","0.66%"
"03/03/2017","27,773","28,028","28,134","27,643","3.15M","-0.78%"
"03/02/2017","27,991","28,398","28,450","27,938","4.74M","-1.02%"
"03/01/2017","28,279","27,896","28,357","27,725","4.17M","2.12%"
"02/28/2017","27,694","27,949","28,104","27,694","5.03M","-1.66%"
"02/27/2017","28,160","28,187","28,302","27,869","3.69M","-0.50%"
"02/24/2017","28,302","28,371","28,552","28,288","3.76M","-1.54%"
"02/23/2017","28,745","29,012","29,050","28,372","6.00M","-1.13%"
"02/22/2017","29,075","29,196","29,425","28,871","4.04M","0.33%"
"02/21/2017","28,979","28,915","29,017","28,536","3.82M","-0.50%"
"02/20/2017","29,124","28,602","29,309","28,531","3.98M","2.51%"
"02/17/2017","28,411","28,519","28,658","28,316","3.55M","-0.67%"
"02/16/2017","28,602","28,490","28,713","28,296","4.05M","2.24%"
"02/15/2017","27,975","28,186","28,252","27,725","6.33M","0.47%"
"02/14/2017","27,843","28,539","28,588","27,688","7.22M","-2.83%"
"02/13/2017","28,654","28,873","28,995","28,556","4.27M","-0.33%"
"02/10/2017","28,748","28,450","28,798","28,360","5.30M","1.66%"
"02/09/2017","28,280","28,411","28,609","28,183","4.12M","0.33%"
"02/08/2017","28,186","28,781","28,892","28,086","5.50M","-2.51%"
"02/07/2017","28,911","28,939","29,058","28,604","3.66M","-1.13%"
"02/06/2017","29,240","28,781","29,442","28,781","3.63M","1.24%"
"02/03/2017","28,881","28,886","29,104","28,675","4.21M","-0.48%"
"02/02/2017","29,021","28,753","29,145","28,634","4.81M","-0.08%"
"02/01/2017","29,045","28,406","29,176","28,403","6.07M","2.91%"
"01/31/2017","28,224","28,187","28,445","27,896","5.63M","-0.88%"
"01/30/2017","28,473","28,239","28,473","28,075","4.66M","1.25%"
"01/27/2017","28,120","28,516","28,781","28,036","6.02M","-1.39%"
"01/26/2017","28,517","28,583","28,767","28,134","6.04M","1.15%"
"01/25/2017","28,193","29,045","29,045","28,154","9.07M","-1.42%"
"01/24/2017","28,598","28,343","28,712","28,193","6.12M","0.84%"
"01/23/2017","28,359","28,318","28,493","27,949","3.08M","0.14%"
"01/20/2017","28,318","28,477","28,714","28,186","2.75M","-1.38%"
"01/19/2017","28,715","28,794","29,031","28,609","4.15M","-0.54%"
"01/18/2017","28,871","28,715","28,907","28,559","3.49M","0.98%"
"01/17/2017","28,592","28,728","28,873","28,391","5.35M","-0.47%"
"01/16/2017","28,728","28,266","28,767","28,068","3.25M","0.24%"
"01/13/2017","28,659","28,358","28,882","28,358","2.70M","1.17%"
"01/12/2017","28,328","28,886","29,045","28,328","6.55M","-3.81%"
"01/11/2017","29,449","28,741","29,487","28,570","7.59M","3.24%"
"01/10/2017","28,524","28,202","28,591","28,049","4.56M","1.69%"
"01/09/2017","28,049","27,988","28,483","27,937","2.93M","0.15%"
"01/06/2017","28,008","27,077","28,057","26,945","4.75M","4.90%"
"01/05/2017","26,700","26,933","27,261","26,470","3.44M","0.23%"
"01/04/2017","26,637","26,863","26,863","26,167","3.54M","-0.84%"
"01/03/2017","26,863","26,868","27,009","26,592","2.17M","1.03%"
"12/30/2016","26,590","27,176","27,246","26,358","2.00M","-1.75%"
"12/29/2016","27,064","26,668","27,235","26,563","3.29M","3.27%"
"12/28/2016","26,207","26,008","26,368","25,903","2.56M","2.49%"
"12/23/2016","25,570","25,928","25,928","25,570","1.62M","-1.68%"
"12/22/2016","26,008","26,378","26,417","26,008","3.83M","-1.55%"
"12/21/2016","26,417","26,417","26,566","26,081","3.45M","0.02%"
"12/20/2016","26,412","25,876","26,708","25,773","3.29M","1.91%"
"12/19/2016","25,916","25,757","26,095","25,757","5.62M","-0.56%"
"12/15/2016","26,062","26,324","26,404","25,989","25.07M","-1.79%"
"12/14/2016","26,536","26,127","26,668","25,958","7.18M","2.03%"
"12/13/2016","26,008","26,059","26,404","25,842","5.27M","0.42%"
"12/12/2016","25,898","26,259","26,473","25,879","5.25M","-2.89%"
"12/09/2016","26,668","25,744","26,668","25,703","5.77M","1.81%"
"12/08/2016","26,193","25,823","26,193","25,629","6.09M","2.47%"
"12/07/2016","25,563","25,826","25,942","25,427","4.01M","-0.34%"
"12/06/2016","25,650","26,140","26,300","25,650","6.07M","-1.87%"
"12/05/2016","26,139","26,153","26,417","25,942","4.81M","-0.01%"
"12/02/2016","26,140","26,470","26,652","25,835","7.88M","-2.72%"
"12/01/2016","26,870","27,315","27,368","26,749","6.05M","-0.95%"
"11/30/2016","27,128","27,454","27,732","27,128","7.51M","-0.78%"
"11/29/2016","27,342","27,045","27,699","26,760","6.26M","1.52%"
"11/28/2016","26,932","27,911","28,054","26,932","4.73M","-2.28%"
"11/25/2016","27,561","27,460","27,718","27,001","4.32M","1.05%"
"11/24/2016","27,276","27,790","27,912","27,078","4.55M","-1.62%"
"11/23/2016","27,724","28,622","28,622","27,542","6.68M","-3.81%"
"11/22/2016","28,823","28,847","29,011","28,683","4.76M","0.89%"
"11/21/2016","28,569","28,437","28,892","28,301","3.29M","-1.07%"
"11/18/2016","28,877","28,324","28,980","28,318","4.25M","2.02%"
"11/17/2016","28,307","27,724","28,351","27,724","3.73M","0.66%"
"11/16/2016","28,120","27,988","28,570","27,804","8.46M","2.95%"
"11/15/2016","27,315","27,328","27,613","27,104","6.01M","-0.45%"
"11/14/2016","27,440","27,077","27,912","26,909","10.05M","-0.79%"
"11/11/2016","27,658","28,450","28,698","27,658","12.54M","-5.39%"
"11/10/2016","29,234","29,309","29,469","29,013","5.89M","1.99%"
"11/09/2016","28,663","28,398","28,879","28,107","6.64M","-1.74%"
"11/08/2016","29,170","29,177","29,542","28,854","5.00M","0.16%"
"11/07/2016","29,123","28,926","29,123","28,464","5.72M","3.41%"
"11/04/2016","28,163","28,946","28,952","28,091","6.63M","-3.32%"
"11/03/2016","29,131","29,190","29,269","28,979","5.34M","-0.92%"
"11/02/2016","29,401","29,573","29,705","29,131","5.10M","-2.11%"
"11/01/2016","30,035","30,127","30,150","29,846","3.39M","0.67%"
"10/31/2016","29,835","30,563","30,563","29,750","5.24M","-2.43%"
"10/28/2016","30,579","30,381","30,601","30,215","4.72M","-0.59%"
"10/27/2016","30,762","30,891","31,092","30,526","5.31M","-0.86%"
"10/26/2016","31,030","31,254","31,544","30,840","4.37M","-2.06%"
"10/25/2016","31,681","31,862","31,976","31,250","5.72M","-0.21%"
"10/24/2016","31,749","31,403","31,947","31,224","7.37M","1.90%"
"10/21/2016","31,157","31,183","31,811","31,055","5.00M","0.04%"
"10/20/2016","31,144","31,112","31,408","30,904","6.73M","1.03%"
"10/19/2016","30,827","30,167","30,884","30,167","8.69M","2.86%"
"10/18/2016","29,969","30,206","30,352","29,765","14.54M","0.35%"
"10/17/2016","29,864","30,272","30,375","29,744","3.97M","-1.44%"
"10/14/2016","30,299","29,454","30,790","29,295","8.58M","4.70%"
"10/13/2016","28,940","30,193","30,228","28,926","9.57M","-4.80%"
"10/12/2016","30,399","30,681","31,087","30,399","3.95M","-1.27%"
"10/11/2016","30,790","30,708","31,258","30,536","5.54M","0.25%"
"10/10/2016","30,712","30,840","31,012","30,629","2.47M","-0.69%"
"10/07/2016","30,926","30,814","31,295","30,565","4.40M","0.57%"
"10/06/2016","30,750","31,144","31,355","30,743","6.10M","-1.10%"
"10/05/2016","31,091","30,900","31,155","30,761","8.59M","0.30%"
"10/04/2016","30,998","30,761","31,342","30,695","5.55M","0.85%"
"10/03/2016","30,739","31,685","31,963","30,739","4.95M","-1.97%"
"09/30/2016","31,358","31,424","31,652","31,051","7.22M","-1.62%"
"09/29/2016","31,876","31,838","32,197","31,362","9.96M","1.62%"
"09/28/2016","31,368","30,629","31,619","30,629","5.95M","3.30%"
"09/27/2016","30,365","31,038","31,039","30,365","5.04M","-1.01%"
"09/26/2016","30,676","30,748","30,814","30,169","3.68M","-1.13%"
"09/23/2016","31,025","31,134","31,353","30,932","6.95M","0.34%"
"09/22/2016","30,919","30,629","30,959","30,300","8.72M","1.89%"
"09/21/2016","30,346","31,553","31,671","30,261","10.40M","-3.03%"
"09/20/2016","31,295","32,160","32,160","31,238","5.39M","-3.19%"
"09/19/2016","32,327","32,332","32,385","31,868","3.33M","-0.30%"
"09/16/2016","32,424","32,583","32,717","32,322","6.22M","-0.12%"
"09/15/2016","32,464","32,464","32,760","32,153","17.79M","0.17%"
"09/14/2016","32,408","32,213","32,477","31,957","4.71M","0.23%"
"09/13/2016","32,332","32,543","33,004","32,176","5.12M","-0.14%"
"09/12/2016","32,378","32,180","32,515","31,834","5.42M","-1.59%"
"09/09/2016","32,900","33,071","33,203","32,873","4.84M","-1.31%"
"09/08/2016","33,335","33,005","33,335","32,610","6.68M","-0.20%"
"09/07/2016","33,401","33,036","33,401","32,824","4.56M","0.11%"
"09/06/2016","33,365","33,533","33,632","33,080","4.59M","0.29%"
"09/05/2016","33,268","33,665","33,713","33,019","6.28M","1.16%"
"09/02/2016","32,886","32,182","32,886","32,044","4.63M","2.85%"
"09/01/2016","31,975","32,060","32,322","31,787","5.32M","0.67%"
"08/31/2016","31,764","31,685","32,107","31,658","6.83M","-0.99%"
"08/30/2016","32,081","32,466","32,582","32,028","4.49M","-0.07%"
"08/29/2016","32,103","31,513","32,277","31,408","4.07M","1.87%"
"08/26/2016","31,513","31,438","31,672","31,208","5.10M","0.24%"
"08/25/2016","31,438","31,659","31,708","31,025","7.40M","-0.85%"
"08/24/2016","31,708","31,025","31,906","30,698","10.81M","3.30%"
"08/23/2016","30,694","30,806","30,866","30,365","5.40M","-0.43%"
"08/22/2016","30,827","30,162","30,827","30,162","4.87M","2.51%"
"08/19/2016","30,072","29,969","30,404","29,791","5.79M","0.43%"
"08/18/2016","29,942","29,441","30,005","29,236","8.46M","1.70%"
"08/17/2016","29,441","28,332","29,929","27,573","13.41M","4.45%"
"08/16/2016","28,186","28,623","28,635","28,173","8.46M","-0.17%"
"08/15/2016","28,234","28,384","28,517","28,094","6.11M","0.64%"
"08/12/2016","28,054","28,226","28,458","28,052","3.55M","-0.70%"
"08/11/2016","28,252","28,186","28,317","27,871","3.28M","0.47%"
"08/10/2016","28,120","28,160","28,369","27,940","6.04M","-0.35%"
"08/08/2016","28,219","28,268","28,381","27,892","2.74M","0.77%"
"08/05/2016","28,003","28,362","28,417","27,928","5.56M","-0.66%"
"08/04/2016","28,189","28,216","28,468","27,872","4.36M","-0.03%"
"08/02/2016","28,196","28,323","28,490","27,933","4.80M","-1.56%"
"08/01/2016","28,644","28,965","29,045","28,378","4.95M","-0.46%"
"07/29/2016","28,778","29,568","29,568","28,672","6.11M","-2.69%"
"07/28/2016","29,573","30,034","30,034","29,480","4.39M","-1.69%"
"07/27/2016","30,082","29,969","30,082","29,600","4.76M","0.60%"
"07/26/2016","29,902","29,718","30,004","29,384","4.39M","0.87%"
"07/25/2016","29,644","29,691","30,041","29,459","3.88M","0.40%"
"07/22/2016","29,527","29,309","29,538","29,177","4.08M","0.43%"
"07/21/2016","29,401","29,837","29,837","29,365","3.42M","-1.82%"
"07/20/2016","29,945","29,705","30,096","29,627","3.45M","0.58%"
"07/19/2016","29,771","29,454","29,791","29,244","7.85M","0.09%"
"07/18/2016","29,743","29,546","29,743","29,317","3.29M","0.40%"
"07/15/2016","29,625","29,177","29,684","29,054","3.45M","1.08%"
"07/14/2016","29,309","29,375","29,546","29,071","3.52M","-0.20%"
"07/13/2016","29,366","29,045","29,366","28,827","4.78M","0.42%"
"07/12/2016","29,243","28,763","29,441","28,663","6.32M","1.37%"
"07/11/2016","28,848","28,754","28,970","28,423","5.33M","1.87%"
"07/08/2016","28,318","27,863","28,459","27,755","6.39M","1.94%"
"07/07/2016","27,779","28,213","28,383","27,614","7.83M","-0.42%"
"07/06/2016","27,896","28,391","28,490","27,779","6.06M","-2.40%"
"07/05/2016","28,583","29,024","29,136","28,492","4.96M","-2.41%"
"07/04/2016","29,289","29,520","29,705","29,289","3.11M","-0.11%"
"07/01/2016","29,322","29,824","29,828","28,835","5.92M","-0.85%"
"06/30/2016","29,573","29,243","29,810","29,035","7.56M","2.24%"
"06/29/2016","28,926","28,217","29,097","28,081","4.47M","3.06%"
"06/28/2016","28,068","28,052","28,450","27,724","6.44M","1.19%"
"06/27/2016","27,738","28,490","28,936","27,444","8.16M","-2.96%"
"06/24/2016","28,583","28,384","28,978","28,058","11.63M","-2.91%"
"06/23/2016","29,441","29,112","29,699","29,058","2.76M","-0.09%"
"06/22/2016","29,466","29,220","29,695","29,003","7.71M","2.20%"
"06/21/2016","28,833","29,111","29,111","28,565","4.59M","-1.18%"
"06/20/2016","29,176","28,517","29,280","28,451","4.30M","2.74%"
"06/17/2016","28,397","28,187","28,687","28,166","8.84M","-1.57%"
"06/15/2016","28,851","28,728","29,031","28,397","18.38M","2.07%"
"06/14/2016","28,265","28,867","28,990","28,201","6.90M","-2.91%"
"06/13/2016","29,112","29,045","29,507","28,847","6.68M","-2.13%"
"06/10/2016","29,745","29,904","30,101","29,507","4.24M","0.13%"
"06/09/2016","29,705","30,035","30,351","29,614","4.32M","-1.53%"
"06/08/2016","30,167","30,140","30,299","29,857","5.80M","-1.00%"
"06/07/2016","30,470","30,445","30,563","30,133","4.69M","0.57%"
"06/06/2016","30,299","30,312","30,469","30,088","4.82M","-0.04%"
"06/03/2016","30,312","30,206","30,628","30,100","5.76M","0.69%"
"06/02/2016","30,105","29,916","30,299","29,903","3.28M","0.01%"
"06/01/2016","30,101","29,903","30,464","29,903","6.31M","-1.37%"
"05/31/2016","30,518","30,497","30,815","30,304","17.76M","1.85%"
"05/30/2016","29,964","29,824","30,095","29,423","2.45M","-0.01%"
"05/27/2016","29,969","29,837","30,110","29,599","6.69M","3.18%"
"05/26/2016","29,045","28,827","29,587","28,820","8.68M","-0.23%"
"05/25/2016","29,111","28,952","29,436","28,882","5.77M","0.95%"
"05/24/2016","28,838","27,870","28,969","27,870","6.68M","2.84%"
"05/23/2016","28,041","27,993","28,116","27,592","2.85M","0.57%"
"05/20/2016","27,882","27,710","27,986","27,460","5.60M","2.63%"
"05/19/2016","27,167","26,906","27,574","26,404","6.79M","0.87%"
"05/18/2016","26,932","27,328","28,186","26,675","15.56M","-1.86%"
"05/17/2016","27,443","27,922","28,050","27,258","7.64M","-0.16%"
"05/16/2016","27,486","27,196","27,525","26,911","6.19M","3.95%"
"05/13/2016","26,443","25,942","26,443","25,633","5.59M","3.51%"
"05/12/2016","25,545","25,876","26,065","25,545","2.48M","-2.28%"
"05/11/2016","26,140","26,668","26,668","26,037","3.06M","-1.08%"
"05/10/2016","26,425","25,704","26,425","25,560","5.65M","3.73%"
"05/09/2016","25,476","25,295","25,810","25,243","3.22M","1.44%"
"05/06/2016","25,114","25,744","25,744","25,114","5.39M","-1.63%"
"05/05/2016","25,530","25,480","25,594","25,163","4.95M","-0.29%"
"05/04/2016","25,604","25,097","25,604","25,005","6.97M","2.40%"
"05/03/2016","25,005","25,985","26,074","24,860","9.02M","-3.03%"
"04/29/2016","25,787","26,125","26,206","25,787","4.67M","-2.44%"
"04/28/2016","26,431","27,170","27,170","26,315","6.82M","-1.38%"
"04/26/2016","26,800","26,695","27,064","26,559","3.36M","0.91%"
"04/25/2016","26,559","26,140","26,586","25,909","3.73M","1.19%"
"04/22/2016","26,247","26,404","26,595","26,021","4.71M","-1.58%"
"04/21/2016","26,668","26,871","27,046","26,619","4.78M","-0.14%"
"04/20/2016","26,706","27,196","27,267","26,450","6.80M","-3.13%"
"04/19/2016","27,569","27,883","27,957","27,540","6.41M","-1.87%"
"04/18/2016","28,094","28,120","28,226","27,766","4.00M","-0.56%"
"04/15/2016","28,252","27,902","28,252","27,766","3.55M","0.75%"
"04/14/2016","28,041","27,843","28,213","27,599","5.66M","0.43%"
"04/13/2016","27,922","27,883","28,508","27,603","5.58M","1.74%"
"04/12/2016","27,445","27,304","27,454","27,131","3.88M","0.52%"
"04/11/2016","27,304","27,394","27,566","27,079","4.09M","-1.56%"
"04/08/2016","27,736","27,513","27,843","27,334","3.67M","0.57%"
"04/07/2016","27,579","27,724","27,880","27,337","4.97M","0.67%"
"04/06/2016","27,394","27,526","27,558","27,112","7.16M","0.97%"
"04/05/2016","27,130","26,800","27,196","26,571","5.52M","-0.24%"
"04/04/2016","27,196","26,774","27,362","26,759","3.48M","1.03%"
"04/01/2016","26,919","27,005","27,186","26,470","5.04M","-1.07%"
"03/31/2016","27,210","27,011","27,394","26,976","6.17M","-0.43%"
"03/30/2016","27,328","27,350","27,579","26,941","7.24M","0.63%"
"03/29/2016","27,157","28,083","28,109","27,157","6.55M","-3.30%"
"03/24/2016","28,083","28,120","28,184","27,687","5.10M","-0.45%"
"03/23/2016","28,209","28,364","28,551","27,659","5.41M","-1.23%"
"03/22/2016","28,562","28,767","28,779","27,966","8.95M","-0.49%"
"03/18/2016","28,701","28,041","28,701","27,726","12.61M","3.52%"
"03/17/2016","27,724","27,216","27,975","26,668","21.69M","2.62%"
"03/16/2016","27,016","26,576","27,126","26,418","6.04M","1.66%"
"03/15/2016","26,576","26,153","26,600","25,991","7.54M","0.88%"
"03/14/2016","26,343","26,246","26,536","25,889","6.12M","2.91%"
"03/11/2016","25,598","25,163","25,599","24,888","6.59M","3.24%"
"03/10/2016","24,796","25,246","25,599","24,490","5.92M","-0.75%"
"03/09/2016","24,983","25,810","26,008","24,802","7.22M","-3.61%"
"03/08/2016","25,919","26,021","26,200","25,619","4.66M","-0.04%"
"03/07/2016","25,929","26,170","26,272","25,678","5.03M","-1.90%"
"03/04/2016","26,431","26,073","26,594","25,939","7.46M","1.01%"
"03/03/2016","26,167","26,244","26,314","25,734","6.57M","-0.85%"
"03/02/2016","26,391","26,008","26,391","25,632","8.18M","3.59%"
"03/01/2016","25,476","24,846","25,480","24,787","4.61M","2.38%"
"02/29/2016","24,883","24,173","24,883","24,173","7.22M","1.33%"
"02/26/2016","24,556","23,986","24,688","23,986","3.96M","3.91%"
"02/25/2016","23,633","24,159","24,258","23,633","5.43M","-1.36%"
"02/24/2016","23,959","23,722","24,114","23,368","6.28M","0.04%"
"02/23/2016","23,949","24,331","24,388","23,724","7.29M","-1.91%"
"02/22/2016","24,416","24,048","24,424","24,028","4.85M","1.61%"
"02/19/2016","24,028","24,160","24,160","23,566","5.02M","-0.52%"
"02/18/2016","24,152","24,292","24,424","23,934","6.19M","0.30%"
"02/17/2016","24,079","23,611","24,226","23,381","5.32M","1.89%"
"02/16/2016","23,632","23,876","23,896","23,500","4.10M","0.00%"
"02/15/2016","23,632","23,566","23,698","23,236","7.15M","2.87%"
"02/12/2016","22,972","22,510","23,300","22,464","6.14M","2.84%"
"02/11/2016","22,338","22,906","23,027","22,258","7.96M","-4.54%"
"02/10/2016","23,400","23,135","23,764","22,945","9.01M","2.25%"
"02/09/2016","22,886","24,160","24,292","22,510","15.93M","-6.30%"
"02/08/2016","24,424","25,214","25,275","24,336","8.45M","-4.45%"
"02/05/2016","25,560","25,715","25,741","25,092","4.23M","0.28%"
"02/04/2016","25,488","25,916","25,916","25,247","7.55M","1.08%"
"02/03/2016","25,216","24,952","25,744","24,717","6.93M","-0.93%"
"02/02/2016","25,453","25,849","26,095","25,453","3.96M","-2.28%"
"02/01/2016","26,047","26,362","26,404","25,625","8.79M","-1.15%"
"01/29/2016","26,351","25,561","26,351","25,242","9.74M","3.10%"
"01/28/2016","25,559","24,942","25,707","24,688","10.95M","3.53%"
"01/27/2016","24,688","24,252","25,009","24,160","7.94M","1.22%"
"01/26/2016","24,391","23,505","24,615","23,501","7.59M","1.51%"
"01/25/2016","24,028","25,282","25,414","23,963","10.97M","-2.77%"
"01/22/2016","24,712","24,397","24,712","24,166","9.66M","5.34%"
"01/21/2016","23,460","23,632","23,719","22,853","10.75M","-0.11%"
"01/20/2016","23,487","24,305","24,502","23,487","9.14M","-6.64%"
"01/19/2016","25,158","24,635","25,383","24,454","7.27M","5.17%"
"01/18/2016","23,922","24,397","24,754","23,627","6.94M","-0.38%"
"01/15/2016","24,015","24,174","24,873","23,869","13.22M","-0.60%"
"01/14/2016","24,160","25,183","25,255","23,978","10.85M","-3.25%"
"01/13/2016","24,971","26,140","26,180","24,971","7.42M","-2.40%"
"01/12/2016","25,586","25,335","25,941","25,240","6.18M","0.89%"
"01/11/2016","25,359","25,294","25,744","25,029","9.58M","-0.73%"
"01/08/2016","25,546","25,876","25,948","25,392","6.43M","0.73%"
"01/07/2016","25,361","25,876","26,007","25,234","10.84M","-3.95%"
"01/06/2016","26,404","26,655","27,058","26,206","7.35M","-1.72%"
"01/05/2016","26,866","27,394","27,394","26,668","6.69M","-1.21%"
"01/04/2016","27,196","27,460","27,592","26,800","8.76M","-2.83%"