"Date","Price","Open","High","Low","Vol.","Change %"
"2026/04/07","1,675","1,689","1,689","1,645","3.03M","-0.06%"
"2026/04/02","1,676","1,655","1,678","1,643","1.52M","0.36%"
"2026/04/01","1,670","1,632","1,690","1,632","3.09M","1.09%"
"2026/03/31","1,652","1,622","1,660","1,622","2.77M","0.79%"
"2026/03/30","1,639","1,588","1,646","1,588","2.05M","-0.43%"
"2026/03/27","1,646","1,700","1,700","1,576","4.43M","-2.20%"
"2026/03/26","1,683","1,635","1,698","1,635","3.38M","0.06%"
"2026/03/25","1,682","1,575","1,719","1,575","7.70M","1.57%"
"2026/03/24","1,656","1,600","1,656","1,578","2.63M","3.24%"
"2026/03/23","1,604","1,610","1,618","1,553","3.15M","0.12%"
"2026/03/20","1,602","1,550","1,620","1,550","7.61M","2.23%"
"2026/03/19","1,567","1,658","1,658","1,548","10.65M","-4.45%"
"2026/03/18","1,640","1,636","1,660","1,619","4.49M","0.49%"
"2026/03/17","1,632","1,609","1,637","1,600","2.99M","1.43%"
"2026/03/16","1,609","1,560","1,609","1,560","4.04M","1.39%"
"2026/03/13","1,587","1,650","1,650","1,573","7.81M","-1.43%"
"2026/03/12","1,610","1,575","1,634","1,575","4.24M","-0.86%"
"2026/03/11","1,624","1,650","1,663","1,596","2.41M","-0.92%"
"2026/03/10","1,639","1,650","1,650","1,582","4.17M","3.28%"
"2026/03/09","1,587","1,605","1,613","1,586","3.24M","-2.28%"
"2026/03/06","1,624","1,659","1,659","1,602","3.47M","-1.52%"
"2026/03/05","1,649","1,630","1,666","1,611","2.85M","0.67%"
"2026/03/04","1,638","1,620","1,647","1,607","2.84M","0.92%"
"2026/03/03","1,623","1,689","1,689","1,615","5.35M","-3.91%"
"2026/03/02","1,689","1,700","1,711","1,652","2.65M","-1.63%"
"2026/02/27","1,717","1,704","1,734","1,688","3.70M","1.30%"
"2026/02/26","1,695","1,700","1,704","1,675","1.65M","1.19%"
"2026/02/25","1,675","1,640","1,688","1,640","4.14M","1.52%"
"2026/02/24","1,650","1,661","1,665","1,640","2.43M","-0.24%"
"2026/02/23","1,654","1,640","1,656","1,627","1.84M","1.41%"
"2026/02/20","1,631","1,610","1,638","1,606","1.26M","1.43%"
"2026/02/19","1,608","1,608","1,624","1,603","627.91K","0.06%"
"2026/02/18","1,607","1,605","1,615","1,565","2.31M","1.52%"
"2026/02/17","1,583","1,551","1,592","1,547","3.17M","1.02%"
"2026/02/16","1,567","1,579","1,603","1,563","6.17M","-1.07%"
"2026/02/13","1,584","1,545","1,591","1,540","2.49M","2.19%"
"2026/02/12","1,550","1,553","1,566","1,544","1.83M","-0.06%"
"2026/02/11","1,551","1,585","1,585","1,537","954.75K","-0.19%"
"2026/02/10","1,554","1,549","1,561","1,542","709.20K","0.26%"
"2026/02/09","1,550","1,550","1,562","1,533","1.61M","-0.77%"
"2026/02/06","1,562","1,530","1,569","1,528","836.31K","-0.32%"
"2026/02/05","1,567","1,563","1,567","1,537","1.41M","0.84%"
"2026/02/04","1,554","1,590","1,590","1,551","3.02M","-1.27%"
"2026/02/03","1,574","1,559","1,585","1,559","1.96M","1.29%"
"2026/02/02","1,554","1,520","1,565","1,520","854.16K","0.26%"
"2026/01/30","1,550","1,565","1,590","1,544","1.94M","-1.27%"
"2026/01/29","1,570","1,545","1,581","1,545","1.14M","0.71%"
"2026/01/28","1,559","1,588","1,588","1,549","3.11M","-1.45%"
"2026/01/27","1,582","1,638","1,638","1,563","1.13M","-0.32%"
"2026/01/26","1,587","1,545","1,590","1,545","2.89M","1.02%"
"2026/01/23","1,571","1,570","1,621","1,570","1.78M","-3.02%"
"2026/01/22","1,620","1,600","1,620","1,595","2.45M","1.57%"
"2026/01/21","1,595","1,631","1,631","1,587","3.81M","-4.03%"
"2026/01/20","1,662","1,625","1,673","1,624","3.78M","1.53%"
"2026/01/19","1,637","1,647","1,648","1,618","3.57M","-0.43%"
"2026/01/16","1,644","1,597","1,644","1,589","2.41M","2.94%"
"2026/01/15","1,597","1,585","1,603","1,574","3.04M","0.76%"
"2026/01/14","1,585","1,612","1,612","1,575","1.90M","-0.69%"
"2026/01/13","1,596","1,600","1,600","1,565","1.34M","0.76%"
"2026/01/12","1,584","1,611","1,611","1,571","1.62M","-1.12%"
"2026/01/09","1,602","1,584","1,607","1,580","1.59M","1.07%"
"2026/01/08","1,585","1,580","1,593","1,575","620.34K","-0.13%"
"2026/01/07","1,587","1,599","1,604","1,587","1.95M","-0.81%"
"2026/01/06","1,600","1,580","1,608","1,580","734.72K","0.76%"
"2026/01/05","1,588","1,610","1,610","1,585","791.68K","-0.75%"
"2026/01/02","1,600","1,599","1,600","1,578","1.20M","1.07%"
"2025/12/31","1,583","1,580","1,584","1,572","99.57K","0.51%"
"2025/12/30","1,575","1,596","1,597","1,575","582.88K","-0.82%"
"2025/12/29","1,588","1,599","1,599","1,552","534.07K","0.51%"
"2025/12/24","1,580","1,595","1,599","1,580","933.69K","-0.69%"
"2025/12/23","1,591","1,560","1,594","1,543","1.59M","2.65%"
"2025/12/22","1,550","1,520","1,560","1,520","1.60M","-0.64%"
"2025/12/19","1,560","1,558","1,577","1,546","4.36M","0.32%"
"2025/12/18","1,555","1,550","1,587","1,550","5.40M","0.32%"
"2025/12/17","1,550","1,536","1,562","1,520","3.34M","0.98%"
"2025/12/15","1,535","1,487","1,538","1,487","5.43M","1.86%"
"2025/12/12","1,507","1,461","1,514","1,461","3.34M","-0.07%"
"2025/12/11","1,508","1,545","1,545","1,493","1.50M","-0.46%"
"2025/12/10","1,515","1,521","1,532","1,513","1.87M","-0.85%"
"2025/12/09","1,528","1,510","1,547","1,510","2.45M","0.13%"
"2025/12/08","1,526","1,520","1,534","1,511","2.65M","0.20%"
"2025/12/05","1,523","1,503","1,523","1,488","2.38M","1.53%"
"2025/12/04","1,500","1,510","1,515","1,493","1.65M","-1.25%"
"2025/12/03","1,519","1,493","1,520","1,490","1.73M","1.27%"
"2025/12/02","1,500","1,485","1,504","1,479","3.16M","1.01%"
"2025/12/01","1,485","1,517","1,525","1,466","2.96M","-3.07%"
"2025/11/28","1,532","1,530","1,548","1,520","1.80M","0.13%"
"2025/11/27","1,530","1,480","1,542","1,480","3.26M","1.06%"
"2025/11/26","1,514","1,492","1,527","1,490","2.05M","-0.79%"
"2025/11/25","1,526","1,530","1,556","1,489","1.83M","-0.78%"
"2025/11/24","1,538","1,511","1,562","1,465","3.71M","3.78%"
"2025/11/21","1,482","1,550","1,550","1,445","5.24M","-1.92%"
"2025/11/20","1,511","1,500","1,574","1,488","4.92M","1.41%"
"2025/11/19","1,490","1,500","1,508","1,462","3.07M","-1.39%"
"2025/11/18","1,511","1,535","1,535","1,501","1.97M","-1.31%"
"2025/11/17","1,531","1,521","1,531","1,514","1.10M","0.86%"
"2025/11/14","1,518","1,529","1,530","1,497","1.57M","-0.13%"
"2025/11/13","1,520","1,490","1,529","1,478","2.90M","1.40%"
"2025/11/12","1,499","1,440","1,499","1,432","2.08M","3.52%"
"2025/11/11","1,448","1,435","1,495","1,430","1.71M","-0.28%"
"2025/11/10","1,452","1,435","1,465","1,435","634.26K","0.00%"
"2025/11/07","1,452","1,430","1,457","1,428","1.32M","-0.55%"
"2025/11/06","1,460","1,480","1,480","1,443","3.37M","-0.75%"
"2025/11/05","1,471","1,495","1,495","1,453","1.90M","-0.54%"
"2025/11/04","1,479","1,476","1,498","1,453","3.00M","0.14%"
"2025/11/03","1,477","1,485","1,496","1,444","2.54M","1.23%"
"2025/10/31","1,459","1,431","1,459","1,431","2.28M","1.32%"
"2025/10/30","1,440","1,430","1,454","1,430","2.19M","-0.69%"
"2025/10/29","1,450","1,450","1,470","1,446","1.78M","-1.09%"
"2025/10/28","1,466","1,433","1,466","1,422","2.04M","2.45%"
"2025/10/27","1,431","1,425","1,458","1,412","3.95M","-1.78%"
"2025/10/24","1,457","1,456","1,480","1,440","1.45M","-0.07%"
"2025/10/23","1,458","1,460","1,465","1,442","1.22M","-0.34%"
"2025/10/22","1,463","1,436","1,464","1,417","2.32M","2.67%"
"2025/10/21","1,425","1,443","1,444","1,386","1.97M","-1.66%"
"2025/10/20","1,449","1,442","1,452","1,433","1.05M","0.91%"
"2025/10/17","1,436","1,444","1,444","1,421","1.31M","-0.62%"
"2025/10/16","1,445","1,455","1,455","1,419","2.30M","1.19%"
"2025/10/15","1,428","1,420","1,429","1,414","2.84M","0.92%"
"2025/10/14","1,415","1,436","1,437","1,405","1.83M","-2.08%"
"2025/10/13","1,445","1,443","1,453","1,431","862.99K","0.07%"
"2025/10/10","1,444","1,416","1,453","1,416","912.72K","0.63%"
"2025/10/09","1,435","1,430","1,444","1,428","533.30K","0.21%"
"2025/10/08","1,432","1,468","1,468","1,417","682.66K","0.49%"
"2025/10/07","1,425","1,411","1,441","1,411","1.77M","0.35%"
"2025/10/06","1,420","1,405","1,435","1,405","1.78M","0.00%"
"2025/10/03","1,420","1,426","1,435","1,404","1.91M","-0.91%"
"2025/10/02","1,433","1,401","1,497","1,401","9.08M","-1.71%"
"2025/10/01","1,458","1,401","1,458","1,401","2.12M","2.68%"
"2025/09/30","1,420","1,377","1,449","1,368","5.45M","3.73%"
"2025/09/29","1,369","1,375","1,390","1,366","1.86M","-0.44%"
"2025/09/26","1,375","1,381","1,381","1,364","1.31M","0.29%"
"2025/09/25","1,371","1,400","1,400","1,356","2.10M","-0.51%"
"2025/09/23","1,378","1,366","1,391","1,365","1.60M","0.73%"
"2025/09/22","1,368","1,361","1,396","1,361","1.73M","-2.01%"
"2025/09/19","1,396","1,390","1,400","1,368","2.92M","0.50%"
"2025/09/18","1,389","1,390","1,399","1,373","4.36M","-1.00%"
"2025/09/17","1,403","1,435","1,435","1,382","1.19M","0.00%"
"2025/09/16","1,403","1,417","1,430","1,392","1.43M","-1.20%"
"2025/09/15","1,420","1,421","1,434","1,413","737.15K","0.14%"
"2025/09/12","1,418","1,405","1,428","1,400","923.98K","0.64%"
"2025/09/11","1,409","1,361","1,422","1,361","1.27M","0.57%"
"2025/09/10","1,401","1,399","1,430","1,393","2.45M","0.14%"
"2025/09/09","1,399","1,400","1,415","1,399","939.26K","0.00%"
"2025/09/08","1,399","1,400","1,407","1,387","1.28M","0.72%"
"2025/09/05","1,389","1,377","1,398","1,367","2.01M","1.39%"
"2025/09/04","1,370","1,340","1,377","1,340","2.20M","0.74%"
"2025/09/03","1,360","1,372","1,378","1,347","1.44M","-0.95%"
"2025/09/02","1,373","1,440","1,440","1,365","2.18M","-1.36%"
"2025/09/01","1,392","1,391","1,417","1,389","2.47M","0.07%"
"2025/08/29","1,391","1,350","1,425","1,350","3.09M","-0.57%"
"2025/08/28","1,399","1,408","1,408","1,391","1.70M","0.36%"
"2025/08/27","1,394","1,400","1,402","1,384","1.13M","-0.43%"
"2025/08/26","1,400","1,425","1,425","1,390","2.07M","-1.06%"
"2025/08/25","1,415","1,360","1,420","1,360","1.80M","0.35%"
"2025/08/22","1,410","1,410","1,414","1,377","984.14K","1.88%"
"2025/08/21","1,384","1,350","1,389","1,350","1.19M","0.29%"
"2025/08/20","1,380","1,387","1,393","1,369","818.71K","-0.79%"
"2025/08/19","1,391","1,390","1,399","1,377","2.26M","0.94%"
"2025/08/18","1,378","1,400","1,409","1,375","3.98M","-0.65%"
"2025/08/15","1,387","1,388","1,390","1,368","1.25M","-0.07%"
"2025/08/14","1,388","1,400","1,416","1,374","1.83M","-1.21%"
"2025/08/13","1,405","1,399","1,409","1,380","2.74M","1.30%"
"2025/08/12","1,387","1,389","1,389","1,369","3.26M","0.87%"
"2025/08/11","1,375","1,387","1,392","1,365","1.92M","-1.22%"
"2025/08/08","1,392","1,389","1,392","1,375","1.46M","0.72%"
"2025/08/07","1,382","1,365","1,388","1,361","2.88M","0.88%"
"2025/08/06","1,370","1,357","1,376","1,353","1.51M","0.96%"
"2025/08/05","1,357","1,331","1,383","1,331","3.04M","-1.09%"
"2025/08/04","1,372","1,371","1,373","1,350","1.52M","1.11%"
"2025/08/01","1,357","1,370","1,376","1,345","3.60M","-1.31%"
"2025/07/31","1,375","1,366","1,382","1,366","2.72M","-0.07%"
"2025/07/30","1,376","1,371","1,386","1,369","1.43M","0.36%"
"2025/07/29","1,371","1,361","1,372","1,345","4.63M","1.11%"
"2025/07/28","1,356","1,373","1,373","1,348","3.67M","-0.59%"
"2025/07/25","1,364","1,370","1,371","1,350","4.50M","-0.22%"
"2025/07/24","1,367","1,360","1,376","1,347","2.94M","0.37%"
"2025/07/23","1,362","1,367","1,367","1,341","2.76M","-0.07%"
"2025/07/22","1,363","1,399","1,399","1,343","2.98M","0.74%"
"2025/07/21","1,353","1,355","1,359","1,342","3.10M","0.30%"
"2025/07/18","1,349","1,333","1,352","1,328","5.57M","1.43%"
"2025/07/17","1,330","1,326","1,354","1,326","16.17M","-1.48%"
"2025/07/16","1,350","1,379","1,382","1,350","4.70M","-0.66%"
"2025/07/15","1,359","1,340","1,359","1,334","2.67M","0.97%"
"2025/07/14","1,346","1,357","1,373","1,340","2.88M","-0.74%"
"2025/07/11","1,356","1,390","1,390","1,345","3.37M","-0.66%"
"2025/07/10","1,365","1,351","1,381","1,351","3.18M","-1.44%"
"2025/07/09","1,385","1,410","1,410","1,380","1.46M","-1.77%"
"2025/07/08","1,410","1,420","1,437","1,405","3.42M","-0.98%"
"2025/07/07","1,424","1,433","1,433","1,405","2.25M","0.71%"
"2025/07/04","1,414","1,440","1,440","1,406","1.47M","-1.05%"
"2025/07/03","1,429","1,394","1,437","1,385","2.44M","2.58%"
"2025/07/02","1,393","1,399","1,402","1,366","5.35M","-0.36%"
"2025/07/01","1,398","1,388","1,409","1,385","3.57M","0.22%"
"2025/06/30","1,395","1,390","1,417","1,390","3.25M","-0.36%"
"2025/06/27","1,400","1,425","1,425","1,388","4.19M","-0.07%"
"2025/06/26","1,401","1,419","1,420","1,390","5.08M","-0.43%"
"2025/06/25","1,407","1,441","1,457","1,401","5.01M","-2.70%"
"2025/06/24","1,446","1,410","1,454","1,410","1.27M","1.90%"
"2025/06/23","1,419","1,438","1,445","1,405","1.75M","-1.32%"
"2025/06/20","1,438","1,422","1,462","1,422","7.71M","-0.14%"
"2025/06/19","1,440","1,436","1,450","1,420","4.73M","-0.28%"
"2025/06/18","1,444","1,460","1,463","1,417","4.21M","-1.84%"
"2025/06/17","1,471","1,415","1,471","1,415","4.13M","2.65%"
"2025/06/13","1,433","1,472","1,472","1,429","4.59M","-3.11%"
"2025/06/12","1,479","1,453","1,480","1,453","3.26M","1.44%"
"2025/06/11","1,458","1,483","1,493","1,441","4.58M","-1.15%"
"2025/06/10","1,475","1,442","1,482","1,441","4.69M","2.93%"
"2025/06/09","1,433","1,464","1,464","1,429","4.16M","-1.44%"
"2025/06/06","1,454","1,475","1,492","1,450","1.79M","-1.09%"
"2025/06/05","1,470","1,496","1,496","1,460","3.29M","-1.01%"
"2025/06/04","1,485","1,476","1,514","1,476","2.66M","-0.27%"
"2025/06/03","1,489","1,496","1,506","1,479","2.30M","0.00%"
"2025/06/02","1,489","1,491","1,509","1,475","2.10M","-1.33%"
"2025/05/30","1,509","1,504","1,509","1,478","4.08M","1.28%"
"2025/05/29","1,490","1,444","1,509","1,437","5.95M","3.40%"
"2025/05/28","1,441","1,441","1,459","1,438","1.66M","0.07%"
"2025/05/27","1,440","1,422","1,460","1,422","1.47M","-0.07%"
"2025/05/26","1,441","1,465","1,482","1,426","1.43M","-1.64%"
"2025/05/23","1,465","1,454","1,470","1,450","1.17M","0.76%"
"2025/05/22","1,454","1,428","1,486","1,422","5.58M","1.25%"
"2025/05/21","1,436","1,412","1,436","1,393","2.02M","2.64%"
"2025/05/20","1,399","1,402","1,413","1,390","1.33M","-0.14%"
"2025/05/19","1,401","1,450","1,452","1,385","2.50M","-2.84%"
"2025/05/16","1,442","1,432","1,476","1,420","4.74M","1.76%"
"2025/05/15","1,417","1,401","1,426","1,401","654.14K","0.85%"
"2025/05/14","1,405","1,422","1,422","1,401","1.85M","-0.85%"
"2025/05/13","1,417","1,419","1,436","1,406","1.25M","-1.12%"
"2025/05/12","1,433","1,410","1,444","1,409","1.50M","1.34%"
"2025/05/09","1,414","1,384","1,414","1,384","763.91K","1.58%"
"2025/05/08","1,392","1,414","1,424","1,382","1.29M","-1.56%"
"2025/05/07","1,414","1,407","1,424","1,400","1.62M","0.28%"
"2025/05/06","1,410","1,361","1,429","1,361","957.33K","-0.14%"
"2025/05/05","1,412","1,411","1,431","1,397","1.96M","-0.07%"
"2025/05/02","1,413","1,365","1,421","1,361","2.70M","3.59%"
"2025/04/30","1,364","1,357","1,379","1,357","1.27M","-0.22%"
"2025/04/29","1,367","1,340","1,374","1,337","779.99K","1.79%"
"2025/04/25","1,343","1,320","1,359","1,320","872.03K","-0.15%"
"2025/04/24","1,345","1,338","1,358","1,331","840.92K","0.75%"
"2025/04/23","1,335","1,344","1,350","1,330","1.26M","0.68%"
"2025/04/22","1,326","1,330","1,337","1,314","1.67M","-0.60%"
"2025/04/17","1,334","1,343","1,344","1,317","1.43M","0.83%"
"2025/04/16","1,323","1,321","1,337","1,321","538.74K","-1.34%"
"2025/04/15","1,341","1,327","1,342","1,306","1.36M","1.59%"
"2025/04/14","1,320","1,298","1,320","1,286","3.62M","3.61%"
"2025/04/11","1,274","1,285","1,286","1,260","1.92M","-0.70%"
"2025/04/10","1,283","1,293","1,334","1,279","5.88M","0.47%"
"2025/04/09","1,277","1,295","1,296","1,269","2.81M","-2.15%"
"2025/04/08","1,305","1,251","1,305","1,251","2.87M","3.16%"
"2025/04/07","1,265","1,209","1,266","1,193","9.85M","1.20%"
"2025/04/04","1,250","1,265","1,312","1,235","18.34M","-1.88%"
"2025/04/03","1,274","1,305","1,317","1,259","3.92M","-4.28%"
"2025/04/02","1,331","1,340","1,359","1,323","2.91M","-1.41%"
"2025/04/01","1,350","1,322","1,355","1,322","5.02M","2.51%"
"2025/03/31","1,317","1,324","1,343","1,301","8.79M","-0.60%"
"2025/03/28","1,325","1,333","1,358","1,315","3.19M","0.38%"
"2025/03/27","1,320","1,325","1,331","1,301","949.89K","-0.30%"
"2025/03/26","1,324","1,334","1,338","1,322","1.52M","-0.97%"
"2025/03/25","1,337","1,319","1,360","1,276","6.72M","3.16%"
"2025/03/24","1,296","1,304","1,317","1,296","4.41M","-0.77%"
"2025/03/20","1,306","1,305","1,318","1,286","7.02M","-0.23%"
"2025/03/19","1,309","1,291","1,311","1,291","3.34M","1.16%"
"2025/03/18","1,294","1,301","1,319","1,294","1.48M","-1.22%"
"2025/03/17","1,310","1,275","1,314","1,275","1.91M","2.10%"
"2025/03/14","1,283","1,299","1,317","1,280","2.63M","-1.69%"
"2025/03/13","1,305","1,311","1,323","1,295","3.09M","-1.29%"
"2025/03/12","1,322","1,300","1,328","1,300","3.88M","1.69%"
"2025/03/11","1,300","1,281","1,309","1,264","7.81M","0.00%"
"2025/03/10","1,300","1,307","1,310","1,296","3.56M","0.08%"
"2025/03/07","1,299","1,309","1,315","1,283","9.14M","-0.69%"
"2025/03/06","1,308","1,311","1,332","1,305","2.93M","-1.13%"
"2025/03/05","1,323","1,351","1,354","1,323","3.58M","-1.19%"
"2025/03/04","1,339","1,373","1,373","1,331","4.13M","-2.05%"
"2025/03/03","1,367","1,348","1,368","1,343","2.63M","1.26%"
"2025/02/28","1,350","1,345","1,390","1,345","7.21M","-0.22%"
"2025/02/27","1,353","1,360","1,380","1,343","2.60M","-1.17%"
"2025/02/26","1,369","1,358","1,385","1,358","1.93M","0.44%"
"2025/02/25","1,363","1,359","1,389","1,350","3.78M","0.81%"
"2025/02/24","1,352","1,354","1,362","1,342","2.41M","0.07%"
"2025/02/21","1,351","1,344","1,360","1,342","2.67M","0.52%"
"2025/02/20","1,344","1,348","1,350","1,332","1.54M","-0.15%"
"2025/02/19","1,346","1,349","1,366","1,342","3.38M","-0.22%"
"2025/02/18","1,349","1,314","1,349","1,309","5.18M","2.12%"
"2025/02/17","1,321","1,314","1,328","1,311","2.43M","-0.30%"
"2025/02/14","1,325","1,340","1,342","1,320","3.14M","-0.38%"
"2025/02/13","1,330","1,354","1,360","1,329","7.77M","-1.55%"
"2025/02/12","1,351","1,377","1,385","1,346","4.11M","-2.10%"
"2025/02/11","1,380","1,385","1,390","1,362","2.33M","-0.07%"
"2025/02/10","1,381","1,373","1,386","1,372","5.57M","0.58%"
"2025/02/07","1,373","1,400","1,415","1,373","3.29M","-1.65%"
"2025/02/06","1,396","1,414","1,436","1,396","4.24M","-1.06%"
"2025/02/05","1,411","1,380","1,441","1,380","5.70M","2.25%"
"2025/02/04","1,380","1,365","1,395","1,352","2.86M","1.10%"
"2025/02/03","1,365","1,399","1,400","1,362","5.14M","-3.81%"
"2025/01/31","1,419","1,451","1,460","1,419","3.30M","-1.60%"
"2025/01/30","1,442","1,450","1,466","1,385","1.77M","-0.83%"
"2025/01/29","1,454","1,454","1,465","1,443","1.54M","0.07%"
"2025/01/28","1,453","1,415","1,464","1,415","1.78M","1.25%"
"2025/01/27","1,435","1,449","1,449","1,429","3.05M","-1.37%"
"2025/01/24","1,455","1,458","1,461","1,444","1.43M","0.34%"
"2025/01/23","1,450","1,459","1,460","1,437","2.98M","-0.68%"
"2025/01/22","1,460","1,468","1,468","1,451","2.35M","-2.28%"
"2025/01/21","1,494","1,479","1,504","1,477","3.50M","0.67%"
"2025/01/20","1,484","1,490","1,495","1,471","3.00M","-0.74%"
"2025/01/17","1,495","1,490","1,500","1,486","1.12M","-0.20%"
"2025/01/16","1,498","1,501","1,509","1,493","3.07M","0.00%"
"2025/01/15","1,498","1,485","1,513","1,485","2.30M","-0.53%"
"2025/01/14","1,506","1,500","1,515","1,485","2.13M","0.74%"
"2025/01/13","1,495","1,523","1,528","1,485","1.85M","-1.71%"
"2025/01/10","1,521","1,492","1,521","1,488","2.29M","1.54%"
"2025/01/09","1,498","1,514","1,514","1,488","757.21K","-0.27%"
"2025/01/08","1,502","1,535","1,535","1,496","1.74M","-1.70%"
"2025/01/07","1,528","1,490","1,528","1,475","1.22M","2.48%"
"2025/01/06","1,491","1,497","1,503","1,483","738.12K","0.27%"
"2025/01/03","1,487","1,499","1,499","1,478","860.18K","-0.80%"
"2025/01/02","1,499","1,483","1,501","1,483","1.85M","0.47%"
"2024/12/31","1,492","1,474","1,492","1,473","898.41K","0.81%"
"2024/12/30","1,480","1,464","1,488","1,464","917.83K","0.00%"
"2024/12/27","1,480","1,508","1,516","1,475","1.69M","-1.27%"
"2024/12/24","1,499","1,503","1,518","1,499","250.21K","-0.86%"
"2024/12/23","1,512","1,489","1,512","1,489","1.39M","0.93%"
"2024/12/20","1,498","1,500","1,507","1,488","4.61M","-0.13%"
"2024/12/19","1,500","1,501","1,521","1,496","5.27M","-1.70%"
"2024/12/18","1,526","1,512","1,532","1,512","1.30M","0.26%"
"2024/12/17","1,522","1,540","1,540","1,519","2.64M","-0.13%"
"2024/12/13","1,524","1,507","1,537","1,500","1.74M","0.59%"
"2024/12/12","1,515","1,512","1,522","1,510","1.43M","0.00%"
"2024/12/11","1,515","1,498","1,521","1,496","1.88M","1.00%"
"2024/12/10","1,500","1,499","1,505","1,481","1.10M","0.74%"
"2024/12/09","1,489","1,473","1,497","1,469","2.19M","0.61%"
"2024/12/06","1,480","1,485","1,499","1,475","4.12M","-0.34%"
"2024/12/05","1,485","1,524","1,530","1,485","6.53M","-1.66%"
"2024/12/04","1,510","1,463","1,550","1,463","5.40M","1.96%"
"2024/12/03","1,481","1,462","1,497","1,462","3.33M","0.14%"
"2024/12/02","1,479","1,480","1,501","1,470","3.25M","-0.07%"
"2024/11/29","1,480","1,493","1,505","1,479","3.49M","-0.87%"
"2024/11/28","1,493","1,505","1,531","1,477","5.47M","0.20%"
"2024/11/27","1,490","1,515","1,526","1,480","3.97M","-1.97%"
"2024/11/26","1,520","1,530","1,540","1,510","2.98M","0.33%"
"2024/11/25","1,515","1,535","1,569","1,499","5.29M","-2.19%"
"2024/11/22","1,549","1,557","1,567","1,536","3.65M","0.78%"
"2024/11/21","1,537","1,523","1,550","1,523","1.34M","0.92%"
"2024/11/20","1,523","1,493","1,526","1,493","2.80M","1.33%"
"2024/11/19","1,503","1,512","1,516","1,497","2.36M","-0.07%"
"2024/11/18","1,504","1,475","1,512","1,475","1.08M","0.80%"
"2024/11/15","1,492","1,500","1,502","1,471","1.71M","-0.93%"
"2024/11/14","1,506","1,509","1,513","1,460","2.84M","0.40%"
"2024/11/13","1,500","1,513","1,526","1,492","2.45M","-0.86%"
"2024/11/12","1,513","1,490","1,513","1,474","5.03M","1.20%"
"2024/11/11","1,495","1,500","1,514","1,482","3.02M","-0.33%"
"2024/11/08","1,500","1,483","1,513","1,483","1.15M","0.40%"
"2024/11/07","1,494","1,505","1,524","1,494","1.21M","-1.65%"
"2024/11/06","1,519","1,496","1,532","1,456","2.17M","1.27%"
"2024/11/05","1,500","1,495","1,529","1,494","2.41M","-0.53%"
"2024/11/04","1,508","1,507","1,532","1,495","1.98M","0.07%"
"2024/11/01","1,507","1,487","1,507","1,465","5.12M","1.96%"
"2024/10/31","1,478","1,463","1,490","1,451","3.59M","0.54%"
"2024/10/30","1,470","1,500","1,500","1,466","1.27M","-1.41%"
"2024/10/29","1,491","1,519","1,541","1,489","2.76M","-2.23%"
"2024/10/28","1,525","1,492","1,528","1,489","2.54M","1.67%"
"2024/10/25","1,500","1,502","1,512","1,495","3.10M","0.27%"
"2024/10/24","1,496","1,491","1,516","1,485","4.44M","0.61%"
"2024/10/23","1,487","1,505","1,512","1,482","4.16M","-1.00%"
"2024/10/22","1,502","1,499","1,511","1,497","3.53M","0.00%"
"2024/10/21","1,502","1,471","1,505","1,463","3.03M","2.18%"
"2024/10/18","1,470","1,485","1,498","1,470","4.84M","-1.01%"
"2024/10/17","1,485","1,499","1,503","1,484","2.23M","-0.40%"
"2024/10/16","1,491","1,515","1,515","1,489","12.79M","-0.86%"
"2024/10/15","1,504","1,505","1,526","1,490","6.33M","-2.34%"
"2024/10/14","1,540","1,515","1,569","1,505","3.47M","1.65%"
"2024/10/11","1,515","1,495","1,531","1,495","7.37M","0.66%"
"2024/10/10","1,505","1,523","1,534","1,495","6.60M","-1.31%"
"2024/10/09","1,525","1,502","1,534","1,502","2.03M","0.00%"
"2024/10/08","1,525","1,541","1,541","1,513","2.52M","-1.17%"
"2024/10/07","1,543","1,495","1,566","1,495","3.68M","-0.90%"
"2024/10/04","1,557","1,537","1,564","1,527","2.80M","0.71%"
"2024/10/03","1,546","1,570","1,570","1,542","3.18M","-1.65%"
"2024/10/02","1,572","1,558","1,577","1,534","2.91M","1.48%"
"2024/10/01","1,549","1,540","1,565","1,532","4.66M","0.52%"
"2024/09/30","1,541","1,549","1,556","1,509","5.52M","1.38%"
"2024/09/27","1,520","1,511","1,547","1,500","7.87M","-1.17%"
"2024/09/26","1,538","1,530","1,540","1,514","3.98M","1.12%"
"2024/09/25","1,521","1,511","1,530","1,501","6.19M","2.15%"
"2024/09/23","1,489","1,453","1,494","1,453","3.15M","2.48%"
"2024/09/20","1,453","1,439","1,476","1,417","5.99M","0.97%"
"2024/09/19","1,439","1,432","1,470","1,425","5.18M","0.77%"
"2024/09/18","1,428","1,409","1,431","1,402","3.68M","1.35%"
"2024/09/17","1,409","1,408","1,426","1,397","2.50M","0.36%"
"2024/09/16","1,404","1,359","1,414","1,356","2.73M","3.31%"
"2024/09/13","1,359","1,364","1,386","1,349","3.56M","0.00%"
"2024/09/12","1,359","1,360","1,367","1,347","1.79M","0.59%"
"2024/09/11","1,351","1,340","1,371","1,339","2.56M","0.37%"
"2024/09/10","1,346","1,378","1,378","1,337","1.57M","0.37%"
"2024/09/09","1,341","1,344","1,360","1,333","1.02M","-0.07%"
"2024/09/06","1,342","1,318","1,360","1,318","3.01M","0.52%"
"2024/09/05","1,335","1,332","1,358","1,325","1.65M","0.23%"
"2024/09/04","1,332","1,342","1,354","1,324","2.32M","-0.89%"
"2024/09/03","1,344","1,353","1,370","1,344","3.33M","-1.18%"
"2024/09/02","1,360","1,352","1,408","1,347","3.51M","0.15%"
"2024/08/30","1,358","1,380","1,380","1,351","1.79M","-0.07%"
"2024/08/29","1,359","1,357","1,371","1,348","2.02M","0.67%"
"2024/08/28","1,350","1,351","1,366","1,340","5.36M","-0.07%"
"2024/08/27","1,351","1,376","1,377","1,322","5.92M","-1.75%"
"2024/08/26","1,375","1,380","1,387","1,358","3.19M","0.51%"
"2024/08/23","1,368","1,351","1,380","1,351","3.93M","0.74%"
"2024/08/22","1,358","1,347","1,361","1,346","1.62M","1.04%"
"2024/08/21","1,344","1,353","1,371","1,344","2.53M","-0.44%"
"2024/08/20","1,350","1,354","1,359","1,320","2.14M","0.00%"
"2024/08/19","1,350","1,276","1,354","1,276","5.17M","2.12%"
"2024/08/16","1,322","1,305","1,326","1,286","4.99M","0.92%"
"2024/08/15","1,310","1,285","1,324","1,285","3.90M","0.85%"
"2024/08/14","1,299","1,261","1,303","1,261","4.72M","3.10%"
"2024/08/13","1,260","1,259","1,265","1,247","2.18M","0.16%"
"2024/08/12","1,258","1,270","1,284","1,240","2.32M","-0.94%"
"2024/08/08","1,270","1,257","1,287","1,245","3.04M","0.47%"
"2024/08/07","1,264","1,287","1,287","1,264","1.89M","-1.17%"
"2024/08/06","1,279","1,291","1,297","1,276","3.17M","-0.39%"
"2024/08/05","1,284","1,280","1,294","1,260","3.88M","-1.31%"
"2024/08/02","1,301","1,302","1,304","1,289","2.43M","0.08%"
"2024/08/01","1,300","1,309","1,309","1,293","3.23M","0.00%"
"2024/07/31","1,300","1,301","1,305","1,278","5.86M","0.23%"
"2024/07/30","1,297","1,270","1,301","1,252","4.68M","2.05%"
"2024/07/29","1,271","1,246","1,276","1,240","3.90M","2.50%"
"2024/07/26","1,240","1,205","1,246","1,205","3.83M","1.81%"
"2024/07/25","1,218","1,191","1,221","1,181","4.71M","2.18%"
"2024/07/24","1,192","1,201","1,217","1,192","2.87M","-1.81%"
"2024/07/23","1,214","1,214","1,223","1,209","4.14M","0.58%"
"2024/07/22","1,207","1,200","1,210","1,195","9.09M","1.34%"
"2024/07/19","1,191","1,175","1,210","1,175","4.07M","0.76%"
"2024/07/18","1,182","1,196","1,199","1,173","9.91M","0.42%"
"2024/07/17","1,177","1,173","1,190","1,161","13.00M","-0.84%"
"2024/07/16","1,187","1,184","1,199","1,173","4.48M","-0.42%"
"2024/07/15","1,192","1,176","1,206","1,175","7.25M","0.17%"
"2024/07/12","1,190","1,181","1,214","1,173","5.21M","-0.58%"
"2024/07/11","1,197","1,195","1,214","1,176","10.42M","0.08%"
"2024/07/10","1,196","1,226","1,226","1,192","7.90M","-4.24%"
"2024/07/09","1,249","1,250","1,269","1,230","6.17M","-0.79%"
"2024/07/08","1,259","1,240","1,273","1,240","5.99M","1.12%"
"2024/07/05","1,245","1,277","1,277","1,245","3.80M","-1.81%"
"2024/07/04","1,268","1,272","1,285","1,262","4.86M","-0.31%"
"2024/07/03","1,272","1,245","1,276","1,243","6.06M","2.17%"
"2024/07/02","1,245","1,285","1,294","1,243","8.65M","-4.52%"
"2024/07/01","1,304","1,310","1,334","1,297","8.25M","2.35%"
"2024/06/28","1,274","1,271","1,303","1,251","5.80M","0.24%"
"2024/06/27","1,271","1,233","1,271","1,226","9.12M","2.17%"
"2024/06/26","1,244","1,268","1,299","1,235","3.42M","-2.05%"
"2024/06/25","1,270","1,278","1,287","1,266","3.52M","-0.63%"
"2024/06/24","1,278","1,283","1,314","1,272","5.21M","-3.18%"
"2024/06/21","1,320","1,280","1,330","1,280","10.91M","1.54%"
"2024/06/20","1,300","1,296","1,317","1,283","3.55M","-0.84%"
"2024/06/19","1,311","1,300","1,350","1,295","6.26M","0.85%"
"2024/06/18","1,300","1,250","1,332","1,241","6.50M","4.59%"
"2024/06/14","1,243","1,180","1,243","1,180","4.72M","4.45%"
"2024/06/13","1,190","1,191","1,248","1,188","5.36M","-1.41%"
"2024/06/12","1,207","1,183","1,223","1,175","6.90M","2.46%"
"2024/06/11","1,178","1,175","1,180","1,154","4.69M","0.94%"
"2024/06/10","1,167","1,156","1,170","1,151","5.12M","0.26%"
"2024/06/07","1,164","1,130","1,167","1,129","3.38M","3.28%"
"2024/06/06","1,127","1,121","1,132","1,115","3.97M","0.00%"
"2024/06/05","1,127","1,138","1,156","1,127","7.53M","-1.74%"
"2024/06/04","1,147","1,167","1,167","1,132","4.24M","-0.26%"
"2024/06/03","1,150","1,130","1,164","1,130","8.57M","2.13%"
"2024/05/31","1,126","1,125","1,140","1,117","3.45M","0.09%"
"2024/05/30","1,125","1,139","1,147","1,121","4.81M","-2.17%"
"2024/05/28","1,150","1,174","1,174","1,144","2.17M","-0.17%"
"2024/05/27","1,152","1,175","1,185","1,148","3.70M","-1.96%"
"2024/05/24","1,175","1,174","1,187","1,158","8.04M","-0.51%"
"2024/05/23","1,181","1,161","1,193","1,161","6.35M","-0.25%"
"2024/05/22","1,184","1,154","1,194","1,154","3.71M","1.89%"
"2024/05/21","1,162","1,165","1,181","1,152","2.21M","-1.11%"
"2024/05/20","1,175","1,187","1,187","1,155","2.43M","1.03%"
"2024/05/17","1,163","1,143","1,173","1,143","4.50M","0.09%"
"2024/05/16","1,162","1,150","1,177","1,149","4.02M","1.31%"
"2024/05/15","1,147","1,149","1,160","1,130","3.71M","1.77%"
"2024/05/14","1,127","1,154","1,155","1,102","12.70M","-3.59%"
"2024/05/13","1,169","1,169","1,176","1,161","2.28M","0.00%"
"2024/05/10","1,169","1,160","1,169","1,144","3.57M","2.10%"
"2024/05/09","1,145","1,151","1,159","1,130","4.34M","-0.61%"
"2024/05/08","1,152","1,140","1,158","1,137","5.80M","0.70%"
"2024/05/07","1,144","1,143","1,147","1,130","3.63M","-0.26%"
"2024/05/06","1,147","1,164","1,164","1,142","3.68M","0.61%"
"2024/05/03","1,140","1,128","1,161","1,104","10.21M","3.26%"
"2024/05/02","1,104","1,110","1,158","1,101","6.54M","-3.75%"
"2024/04/30","1,147","1,157","1,168","1,141","5.39M","-1.63%"
"2024/04/29","1,166","1,155","1,171","1,148","3.76M","1.22%"
"2024/04/26","1,152","1,138","1,158","1,125","3.71M","1.95%"
"2024/04/25","1,130","1,110","1,147","1,110","5.40M","-1.31%"
"2024/04/24","1,145","1,130","1,156","1,130","6.75M","1.15%"
"2024/04/23","1,132","1,138","1,158","1,113","5.32M","-1.14%"
"2024/04/22","1,145","1,124","1,151","1,124","4.05M","1.42%"
"2024/04/19","1,129","1,107","1,134","1,107","3.38M","1.53%"
"2024/04/18","1,112","1,129","1,129","1,103","5.11M","-0.71%"
"2024/04/17","1,120","1,147","1,152","1,120","6.09M","-1.58%"
"2024/04/16","1,138","1,143","1,154","1,131","7.06M","-1.04%"
"2024/04/15","1,150","1,136","1,157","1,115","7.54M","1.86%"
"2024/04/12","1,129","1,167","1,167","1,125","4.22M","-2.25%"
"2024/04/11","1,155","1,159","1,182","1,150","9.76M","-2.61%"
"2024/04/10","1,186","1,200","1,200","1,172","3.85M","1.11%"
"2024/04/09","1,173","1,171","1,190","1,166","5.19M","-0.09%"
"2024/04/08","1,174","1,175","1,185","1,165","5.39M","0.34%"
"2024/04/05","1,170","1,159","1,180","1,159","8.28M","-0.43%"
"2024/04/04","1,175","1,170","1,193","1,157","10.14M","0.17%"
"2024/04/03","1,173","1,183","1,185","1,166","2.73M","-1.18%"
"2024/04/02","1,187","1,200","1,200","1,168","3.79M","-0.17%"
"2024/03/28","1,189","1,188","1,195","1,176","5.61M","-0.50%"
"2024/03/27","1,195","1,190","1,204","1,187","4.57M","0.00%"
"2024/03/26","1,195","1,181","1,210","1,178","7.93M","1.19%"
"2024/03/25","1,181","1,150","1,181","1,149","4.42M","1.37%"
"2024/03/22","1,165","1,205","1,205","1,161","2.61M","-2.10%"
"2024/03/20","1,190","1,187","1,201","1,179","1.88M","-0.17%"
"2024/03/19","1,192","1,200","1,215","1,186","2.25M","-1.00%"
"2024/03/18","1,204","1,224","1,230","1,200","3.22M","-1.79%"
"2024/03/15","1,226","1,220","1,238","1,217","9.74M","-0.16%"
"2024/03/14","1,228","1,225","1,229","1,220","11.76M","0.90%"
"2024/03/13","1,217","1,240","1,241","1,204","4.79M","-1.85%"
"2024/03/12","1,240","1,251","1,258","1,231","2.57M","-0.72%"
"2024/03/11","1,249","1,261","1,270","1,246","3.32M","-1.65%"
"2024/03/08","1,270","1,282","1,289","1,265","2.91M","-1.63%"
"2024/03/07","1,291","1,285","1,298","1,260","4.79M","0.39%"
"2024/03/06","1,286","1,335","1,343","1,286","5.04M","-4.03%"
"2024/03/05","1,340","1,379","1,379","1,340","1.54M","-2.83%"
"2024/03/04","1,379","1,375","1,385","1,375","2.31M","0.51%"
"2024/03/01","1,372","1,341","1,385","1,341","2.22M","1.18%"
"2024/02/29","1,356","1,311","1,357","1,311","2.81M","1.27%"
"2024/02/28","1,339","1,336","1,349","1,320","2.75M","-0.81%"
"2024/02/27","1,350","1,358","1,364","1,340","1.66M","-1.10%"
"2024/02/26","1,365","1,377","1,388","1,363","1.32M","-2.01%"
"2024/02/23","1,393","1,391","1,395","1,383","1.63M","0.14%"
"2024/02/22","1,391","1,366","1,399","1,366","1.15M","1.31%"
"2024/02/21","1,373","1,374","1,385","1,357","1.47M","-0.36%"
"2024/02/20","1,378","1,386","1,387","1,362","3.28M","-0.58%"
"2024/02/19","1,386","1,360","1,386","1,357","2.25M","1.17%"
"2024/02/16","1,370","1,374","1,379","1,348","2.83M","0.07%"
"2024/02/15","1,369","1,374","1,382","1,358","2.28M","-1.23%"
"2024/02/14","1,386","1,388","1,394","1,380","2.19M","0.22%"
"2024/02/13","1,383","1,351","1,387","1,351","2.15M","0.95%"
"2024/02/12","1,370","1,384","1,384","1,351","3.29M","-0.51%"
"2024/02/09","1,377","1,395","1,425","1,376","2.96M","-2.27%"
"2024/02/08","1,409","1,394","1,409","1,380","2.51M","1.51%"
"2024/02/07","1,388","1,380","1,388","1,374","3.37M","0.36%"
"2024/02/06","1,383","1,399","1,399","1,380","2.99M","-0.65%"
"2024/02/05","1,392","1,377","1,397","1,373","1.38M","0.94%"
"2024/02/02","1,379","1,420","1,420","1,373","1.70M","-1.85%"
"2024/02/01","1,405","1,420","1,420","1,387","1.34M","-1.33%"
"2024/01/31","1,424","1,390","1,432","1,388","2.43M","1.50%"
"2024/01/30","1,403","1,365","1,410","1,365","1.70M","-0.21%"
"2024/01/29","1,406","1,375","1,439","1,375","2.17M","-0.57%"
"2024/01/26","1,414","1,405","1,420","1,398","2.12M","0.93%"
"2024/01/25","1,401","1,410","1,416","1,384","3.14M","-0.64%"
"2024/01/24","1,410","1,439","1,441","1,406","7.15M","-2.83%"
"2024/01/23","1,451","1,437","1,458","1,429","6.93M","0.55%"
"2024/01/22","1,443","1,455","1,461","1,443","3.39M","-0.82%"
"2024/01/19","1,455","1,460","1,477","1,445","3.60M","-0.34%"
"2024/01/18","1,460","1,404","1,469","1,396","9.77M","4.29%"
"2024/01/17","1,400","1,384","1,411","1,377","8.67M","1.01%"
"2024/01/16","1,386","1,372","1,391","1,365","1.16M","0.73%"
"2024/01/15","1,376","1,365","1,376","1,353","1.55M","0.36%"
"2024/01/12","1,371","1,403","1,411","1,368","2.46M","-2.07%"
"2024/01/11","1,400","1,376","1,403","1,376","1.27M","0.00%"
"2024/01/10","1,400","1,394","1,415","1,393","2.51M","0.29%"
"2024/01/09","1,396","1,410","1,410","1,391","2.83M","-0.36%"
"2024/01/08","1,401","1,389","1,407","1,376","2.15M","0.94%"
"2024/01/05","1,388","1,389","1,390","1,367","1.10M","0.65%"
"2024/01/04","1,379","1,399","1,401","1,375","1.02M","-1.85%"
"2024/01/03","1,405","1,445","1,445","1,392","866.97K","0.57%"
"2024/01/02","1,397","1,400","1,428","1,397","1.03M","-1.90%"
"2023/12/29","1,424","1,405","1,433","1,405","1.01M","1.35%"
"2023/12/28","1,405","1,397","1,405","1,386","1.15M","1.74%"
"2023/12/27","1,381","1,386","1,398","1,377","860.48K","0.00%"
"2023/12/22","1,381","1,364","1,384","1,353","1.03M","1.77%"
"2023/12/21","1,357","1,350","1,359","1,336","2.51M","0.22%"
"2023/12/20","1,354","1,330","1,362","1,327","2.96M","1.88%"
"2023/12/19","1,329","1,332","1,343","1,323","1.15M","-0.45%"
"2023/12/18","1,335","1,334","1,363","1,328","2.28M","-1.11%"
"2023/12/14","1,350","1,338","1,365","1,331","14.89M","1.96%"
"2023/12/13","1,324","1,339","1,342","1,309","5.58M","-1.05%"
"2023/12/12","1,338","1,340","1,358","1,328","4.08M","-0.37%"
"2023/12/11","1,343","1,339","1,346","1,320","4.59M","0.00%"
"2023/12/08","1,343","1,375","1,375","1,335","3.33M","-0.52%"
"2023/12/07","1,350","1,398","1,398","1,330","3.76M","-1.96%"
"2023/12/06","1,377","1,437","1,437","1,370","3.34M","-1.22%"
"2023/12/05","1,394","1,401","1,427","1,390","2.49M","-0.50%"
"2023/12/04","1,401","1,420","1,444","1,379","6.64M","1.52%"
"2023/12/01","1,380","1,382","1,398","1,361","2.28M","-0.14%"
"2023/11/30","1,382","1,372","1,395","1,355","3.53M","0.44%"
"2023/11/29","1,376","1,390","1,390","1,355","2.45M","-0.65%"
"2023/11/28","1,385","1,385","1,393","1,372","2.28M","0.58%"
"2023/11/27","1,377","1,387","1,387","1,365","1.03M","-0.07%"
"2023/11/24","1,378","1,364","1,386","1,346","1.44M","1.47%"
"2023/11/23","1,358","1,329","1,383","1,329","2.04M","1.57%"
"2023/11/22","1,337","1,400","1,400","1,329","2.51M","-1.18%"
"2023/11/21","1,353","1,380","1,400","1,327","1.97M","-1.74%"
"2023/11/20","1,377","1,310","1,383","1,300","4.75M","6.00%"
"2023/11/17","1,299","1,285","1,310","1,280","1.20M","1.33%"
"2023/11/16","1,282","1,330","1,330","1,270","2.37M","-2.73%"
"2023/11/15","1,318","1,315","1,336","1,302","1.20M","-0.08%"
"2023/11/14","1,319","1,256","1,339","1,256","4.62M","4.35%"
"2023/11/13","1,264","1,285","1,285","1,260","1.48M","-1.63%"
"2023/11/10","1,285","1,285","1,296","1,280","655.91K","-0.39%"
"2023/11/09","1,290","1,301","1,315","1,290","1.01M","-0.85%"
"2023/11/08","1,301","1,290","1,305","1,286","1.39M","0.85%"
"2023/11/07","1,290","1,309","1,317","1,282","2.42M","-1.53%"
"2023/11/06","1,310","1,298","1,319","1,294","1.12M","-0.30%"
"2023/11/03","1,314","1,323","1,325","1,300","1.85M","0.31%"
"2023/11/02","1,310","1,299","1,318","1,288","1.94M","1.00%"
"2023/11/01","1,297","1,297","1,307","1,285","1.09M","0.46%"
"2023/10/31","1,291","1,256","1,291","1,256","2.88M","3.28%"
"2023/10/30","1,250","1,246","1,266","1,245","1.45M","0.40%"
"2023/10/27","1,245","1,270","1,270","1,243","1.24M","-1.11%"
"2023/10/26","1,259","1,251","1,270","1,251","2.24M","-0.08%"
"2023/10/25","1,260","1,280","1,298","1,260","1.16M","-2.10%"
"2023/10/24","1,287","1,300","1,305","1,280","2.42M","-1.08%"
"2023/10/23","1,301","1,296","1,309","1,284","1.02M","0.39%"
"2023/10/20","1,296","1,280","1,296","1,275","1.35M","0.47%"
"2023/10/19","1,290","1,284","1,297","1,282","1.11M","-0.46%"
"2023/10/18","1,296","1,289","1,297","1,282","4.69M","0.00%"
"2023/10/17","1,296","1,294","1,304","1,287","1.36M","0.15%"
"2023/10/16","1,294","1,312","1,312","1,284","1.55M","-1.52%"
"2023/10/13","1,314","1,311","1,319","1,287","4.70M","0.23%"
"2023/10/12","1,311","1,323","1,337","1,300","3.95M","-0.76%"
"2023/10/11","1,321","1,310","1,330","1,302","8.09M","0.84%"
"2023/10/10","1,310","1,314","1,326","1,301","4.17M","0.08%"
"2023/10/09","1,309","1,323","1,340","1,299","3.36M","-1.50%"
"2023/10/06","1,329","1,368","1,368","1,311","5.37M","-1.92%"
"2023/10/05","1,355","1,310","1,356","1,310","3.66M","2.65%"
"2023/10/04","1,320","1,305","1,354","1,305","4.23M","-2.22%"
"2023/10/03","1,350","1,342","1,355","1,319","3.60M","0.30%"
"2023/10/02","1,346","1,305","1,364","1,305","4.56M","-0.30%"
"2023/09/29","1,350","1,320","1,358","1,318","3.95M","1.81%"
"2023/09/28","1,326","1,369","1,369","1,313","3.46M","-0.08%"
"2023/09/27","1,327","1,361","1,361","1,327","3.13M","-1.56%"
"2023/09/26","1,348","1,332","1,355","1,321","3.81M","0.37%"
"2023/09/22","1,343","1,357","1,357","1,331","2.73M","0.00%"
"2023/09/21","1,343","1,368","1,370","1,337","3.24M","-1.83%"
"2023/09/20","1,368","1,355","1,368","1,339","3.81M","1.48%"
"2023/09/19","1,348","1,318","1,348","1,304","4.13M","2.98%"
"2023/09/18","1,309","1,295","1,311","1,285","2.25M","1.08%"
"2023/09/15","1,295","1,306","1,320","1,295","19.92M","-0.38%"
"2023/09/14","1,300","1,301","1,307","1,290","9.00M","0.00%"
"2023/09/13","1,300","1,295","1,314","1,286","6.95M","-0.31%"
"2023/09/12","1,304","1,330","1,330","1,294","6.64M","-1.21%"
"2023/09/11","1,320","1,328","1,338","1,309","3.27M","0.00%"
"2023/09/08","1,320","1,305","1,337","1,305","12.89M","1.38%"
"2023/09/07","1,302","1,290","1,303","1,262","7.63M","0.31%"
"2023/09/06","1,298","1,330","1,330","1,275","6.23M","-1.89%"
"2023/09/05","1,323","1,335","1,335","1,316","2.94M","-0.38%"
"2023/09/04","1,328","1,332","1,335","1,312","2.05M","-0.75%"
"2023/09/01","1,338","1,320","1,342","1,318","1.70M","1.06%"
"2023/08/31","1,324","1,332","1,335","1,320","2.13M","-0.75%"
"2023/08/30","1,334","1,335","1,347","1,327","3.36M","-0.07%"
"2023/08/29","1,335","1,351","1,364","1,333","2.80M","-1.55%"
"2023/08/28","1,356","1,340","1,364","1,339","2.03M","1.12%"
"2023/08/25","1,341","1,354","1,362","1,335","3.17M","-1.18%"
"2023/08/24","1,357","1,341","1,373","1,338","1.96M","1.04%"
"2023/08/23","1,343","1,348","1,362","1,339","2.40M","-0.67%"
"2023/08/22","1,352","1,337","1,363","1,333","4.82M","1.05%"
"2023/08/21","1,338","1,339","1,346","1,298","7.76M","2.84%"
"2023/08/18","1,301","1,324","1,325","1,298","3.31M","-2.11%"
"2023/08/17","1,329","1,333","1,344","1,318","1.77M","-1.12%"
"2023/08/16","1,344","1,333","1,344","1,318","6.04M","0.98%"
"2023/08/15","1,331","1,377","1,377","1,331","1.78M","-1.11%"
"2023/08/14","1,346","1,351","1,361","1,336","4.47M","-0.66%"
"2023/08/11","1,355","1,375","1,376","1,351","2.31M","-1.31%"
"2023/08/10","1,373","1,363","1,378","1,358","4.74M","0.51%"
"2023/08/08","1,366","1,360","1,377","1,359","3.62M","0.44%"
"2023/08/07","1,360","1,351","1,365","1,343","1.91M","0.07%"
"2023/08/04","1,359","1,365","1,368","1,346","2.20M","0.07%"
"2023/08/03","1,358","1,358","1,364","1,338","1.69M","0.00%"
"2023/08/02","1,358","1,374","1,381","1,354","4.04M","-1.31%"
"2023/08/01","1,376","1,399","1,401","1,372","4.28M","-1.71%"
"2023/07/31","1,400","1,420","1,432","1,388","5.44M","-1.41%"
"2023/07/28","1,420","1,382","1,422","1,374","5.00M","3.20%"
"2023/07/27","1,376","1,359","1,380","1,358","5.42M","1.18%"
"2023/07/26","1,360","1,397","1,412","1,355","3.96M","-1.45%"
"2023/07/25","1,380","1,385","1,386","1,375","2.84M","-0.22%"
"2023/07/24","1,383","1,371","1,392","1,371","1.83M","-0.14%"
"2023/07/21","1,385","1,379","1,387","1,364","2.52M","-0.07%"
"2023/07/20","1,386","1,385","1,391","1,370","4.17M","-0.14%"
"2023/07/19","1,388","1,400","1,405","1,388","2.21M","-1.21%"
"2023/07/18","1,405","1,381","1,424","1,373","5.45M","1.66%"
"2023/07/17","1,382","1,380","1,419","1,380","4.03M","-0.72%"
"2023/07/14","1,392","1,381","1,398","1,374","4.94M","0.72%"
"2023/07/13","1,382","1,402","1,402","1,366","3.49M","-0.65%"
"2023/07/12","1,391","1,414","1,414","1,387","4.47M","-2.18%"
"2023/07/11","1,422","1,406","1,422","1,402","1.16M","1.72%"
"2023/07/10","1,398","1,402","1,409","1,395","4.96M","-0.14%"
"2023/07/07","1,400","1,412","1,415","1,394","2.57M","-0.92%"
"2023/07/06","1,413","1,432","1,436","1,412","2.97M","-1.88%"
"2023/07/05","1,440","1,444","1,446","1,436","1.16M","-0.35%"
"2023/07/04","1,445","1,430","1,450","1,430","2.20M","-0.21%"
"2023/07/03","1,448","1,445","1,461","1,432","1.84M","0.49%"
"2023/06/30","1,441","1,419","1,442","1,419","3.09M","0.77%"
"2023/06/29","1,430","1,418","1,440","1,418","3.75M","0.00%"
"2023/06/28","1,430","1,400","1,435","1,400","4.45M","2.07%"
"2023/06/27","1,401","1,425","1,425","1,397","1.73M","-0.99%"
"2023/06/26","1,415","1,433","1,434","1,412","2.17M","-0.77%"
"2023/06/23","1,426","1,438","1,440","1,420","931.08K","0.00%"
"2023/06/22","1,426","1,438","1,438","1,413","2.46M","-0.21%"
"2023/06/21","1,429","1,428","1,431","1,418","1.93M","-0.07%"
"2023/06/20","1,430","1,430","1,439","1,418","3.49M","0.63%"
"2023/06/19","1,421","1,430","1,442","1,418","4.15M","-2.13%"
"2023/06/15","1,452","1,425","1,457","1,415","8.76M","2.54%"
"2023/06/14","1,416","1,453","1,453","1,412","4.45M","-1.67%"
"2023/06/13","1,440","1,440","1,476","1,427","4.70M","-0.89%"
"2023/06/12","1,453","1,460","1,478","1,445","2.14M","-0.14%"
"2023/06/09","1,455","1,473","1,492","1,443","2.88M","-1.15%"
"2023/06/08","1,472","1,457","1,487","1,450","3.62M","1.03%"
"2023/06/07","1,457","1,440","1,458","1,429","3.06M","0.41%"
"2023/06/06","1,451","1,434","1,528","1,428","3.91M","1.19%"
"2023/06/05","1,434","1,402","1,437","1,399","2.47M","2.43%"
"2023/06/02","1,400","1,370","1,400","1,368","3.11M","1.67%"
"2023/06/01","1,377","1,370","1,399","1,360","1.94M","0.36%"
"2023/05/31","1,372","1,370","1,406","1,370","7.62M","-0.07%"
"2023/05/30","1,373","1,431","1,431","1,360","6.20M","-4.32%"
"2023/05/29","1,435","1,434","1,435","1,415","2.59M","0.07%"
"2023/05/26","1,434","1,433","1,436","1,410","3.84M","0.56%"
"2023/05/25","1,426","1,490","1,490","1,425","5.21M","-3.32%"
"2023/05/24","1,475","1,458","1,483","1,450","3.38M","1.44%"
"2023/05/23","1,454","1,477","1,486","1,451","2.16M","-1.36%"
"2023/05/22","1,474","1,490","1,515","1,470","6.55M","-1.60%"
"2023/05/19","1,498","1,506","1,506","1,472","2.40M","0.20%"
"2023/05/18","1,495","1,582","1,582","1,485","6.30M","-3.24%"
"2023/05/17","1,545","1,556","1,573","1,530","1.93M","-1.59%"
"2023/05/16","1,570","1,584","1,592","1,563","2.27M","-0.44%"
"2023/05/15","1,577","1,592","1,609","1,573","2.67M","-0.94%"
"2023/05/12","1,592","1,600","1,607","1,581","1.74M","-0.44%"
"2023/05/11","1,599","1,618","1,619","1,586","1.94M","-0.68%"
"2023/05/10","1,610","1,606","1,620","1,591","2.69M","0.12%"
"2023/05/09","1,608","1,615","1,633","1,594","2.48M","0.06%"
"2023/05/08","1,607","1,610","1,619","1,580","1.38M","-0.12%"
"2023/05/05","1,609","1,598","1,610","1,579","4.47M","1.26%"
"2023/05/04","1,589","1,581","1,604","1,581","4.60M","-0.06%"
"2023/05/03","1,590","1,575","1,606","1,575","2.78M","-0.31%"
"2023/05/02","1,595","1,600","1,615","1,577","2.78M","0.00%"
"2023/04/28","1,595","1,550","1,597","1,549","2.03M","2.64%"
"2023/04/26","1,554","1,528","1,555","1,528","1.44M","0.97%"
"2023/04/25","1,539","1,546","1,562","1,534","1.97M","-0.71%"
"2023/04/24","1,550","1,507","1,550","1,504","1.55M","2.31%"
"2023/04/21","1,515","1,495","1,523","1,491","2.33M","1.00%"
"2023/04/20","1,500","1,455","1,513","1,455","2.45M","0.60%"
"2023/04/19","1,491","1,425","1,496","1,425","2.25M","1.02%"
"2023/04/18","1,476","1,475","1,491","1,460","1.75M","0.54%"
"2023/04/17","1,468","1,484","1,497","1,468","1.20M","-1.08%"
"2023/04/14","1,484","1,483","1,492","1,473","790.75K","0.20%"
"2023/04/13","1,481","1,494","1,498","1,459","1.62M","-0.87%"
"2023/04/12","1,494","1,493","1,498","1,449","3.29M","-0.47%"
"2023/04/11","1,501","1,500","1,506","1,492","2.65M","-0.20%"
"2023/04/06","1,504","1,478","1,516","1,478","1.19M","1.28%"
"2023/04/05","1,485","1,475","1,488","1,465","1.56M","-0.07%"
"2023/04/04","1,486","1,468","1,493","1,466","742.75K","1.23%"
"2023/04/03","1,468","1,430","1,482","1,395","1.45M","-0.88%"
"2023/03/31","1,481","1,466","1,483","1,449","1.46M","0.95%"
"2023/03/30","1,467","1,444","1,467","1,437","2.31M","1.59%"
"2023/03/29","1,444","1,450","1,450","1,423","892.90K","0.56%"
"2023/03/28","1,436","1,420","1,453","1,385","1.33M","0.00%"
"2023/03/27","1,436","1,380","1,447","1,380","1.75M","1.06%"
"2023/03/24","1,421","1,435","1,435","1,401","1.02M","-0.98%"
"2023/03/23","1,435","1,416","1,438","1,416","1.95M","0.42%"
"2023/03/22","1,429","1,380","1,435","1,380","1.68M","0.07%"
"2023/03/20","1,428","1,415","1,440","1,378","5.30M","0.63%"
"2023/03/17","1,419","1,415","1,468","1,415","9.62M","-0.42%"
"2023/03/16","1,425","1,447","1,465","1,422","2.79M","-1.79%"
"2023/03/15","1,451","1,469","1,471","1,438","3.14M","-1.69%"
"2023/03/14","1,476","1,486","1,486","1,457","1.38M","-0.67%"
"2023/03/13","1,486","1,515","1,520","1,456","1.93M","-0.27%"
"2023/03/10","1,490","1,490","1,490","1,462","1.05M","-0.47%"
"2023/03/09","1,497","1,520","1,520","1,472","2.03M","-0.40%"
"2023/03/08","1,503","1,479","1,509","1,475","1.28M","0.80%"
"2023/03/07","1,491","1,512","1,515","1,480","1.11M","-1.84%"
"2023/03/06","1,519","1,514","1,527","1,501","1.32M","0.46%"
"2023/03/03","1,512","1,500","1,524","1,499","380.39K","-0.20%"
"2023/03/02","1,515","1,531","1,546","1,502","1.91M","-1.37%"
"2023/03/01","1,536","1,519","1,548","1,487","1.74M","0.79%"
"2023/02/28","1,524","1,544","1,546","1,517","2.39M","-1.36%"
"2023/02/27","1,545","1,553","1,566","1,530","2.38M","-0.52%"
"2023/02/24","1,553","1,590","1,590","1,553","3.19M","-0.77%"
"2023/02/23","1,565","1,533","1,569","1,512","4.17M","2.42%"
"2023/02/22","1,528","1,430","1,528","1,430","3.37M","2.55%"
"2023/02/21","1,490","1,478","1,511","1,475","2.62M","1.09%"
"2023/02/20","1,474","1,450","1,479","1,438","2.06M","2.08%"
"2023/02/17","1,444","1,463","1,464","1,440","1.35M","-1.30%"
"2023/02/16","1,463","1,474","1,479","1,440","3.93M","-0.54%"
"2023/02/15","1,471","1,409","1,475","1,409","3.68M","4.62%"
"2023/02/14","1,406","1,395","1,414","1,380","4.26M","0.43%"
"2023/02/13","1,400","1,372","1,405","1,372","1.63M","1.82%"
"2023/02/10","1,375","1,374","1,376","1,360","1.69M","0.07%"
"2023/02/09","1,374","1,374","1,387","1,356","3.14M","0.00%"
"2023/02/08","1,374","1,428","1,428","1,368","5.89M","-3.03%"
"2023/02/07","1,417","1,431","1,431","1,401","2.02M","-0.35%"
"2023/02/06","1,422","1,425","1,433","1,411","1.68M","0.35%"
"2023/02/03","1,417","1,454","1,456","1,400","5.42M","-2.61%"
"2023/02/02","1,455","1,443","1,462","1,440","2.52M","1.11%"
"2023/02/01","1,439","1,430","1,458","1,423","1.91M","0.70%"
"2023/01/31","1,429","1,443","1,454","1,427","3.29M","-1.18%"
"2023/01/30","1,446","1,480","1,480","1,439","1.70M","-0.75%"
"2023/01/27","1,457","1,453","1,466","1,446","1.12M","0.14%"
"2023/01/26","1,455","1,418","1,461","1,415","2.55M","2.25%"
"2023/01/25","1,423","1,434","1,447","1,420","5.50M","-3.53%"
"2023/01/24","1,475","1,470","1,501","1,457","2.28M","-0.34%"
"2023/01/23","1,480","1,485","1,506","1,468","4.07M","-0.13%"
"2023/01/20","1,482","1,500","1,515","1,468","16.98M","-2.18%"
"2023/01/19","1,515","1,520","1,535","1,504","2.64M","-0.33%"
"2023/01/18","1,520","1,528","1,530","1,510","1.19M","0.13%"
"2023/01/17","1,518","1,550","1,550","1,503","2.55M","-0.20%"
"2023/01/16","1,521","1,516","1,529","1,507","1.03M","0.20%"
"2023/01/13","1,518","1,534","1,535","1,517","2.49M","-0.78%"
"2023/01/12","1,530","1,525","1,539","1,511","1.56M","0.07%"
"2023/01/11","1,529","1,545","1,550","1,523","3.78M","-0.97%"
"2023/01/10","1,544","1,541","1,545","1,512","2.41M","0.39%"
"2023/01/09","1,538","1,485","1,538","1,485","3.53M","3.57%"
"2023/01/06","1,485","1,473","1,485","1,460","2.26M","0.75%"
"2023/01/05","1,474","1,428","1,480","1,428","2.64M","0.14%"
"2023/01/04","1,472","1,467","1,480","1,428","1.64M","1.10%"
"2023/01/03","1,456","1,450","1,462","1,431","1.30M","0.41%"
"2022/12/30","1,450","1,472","1,472","1,444","1.02M","-0.96%"
"2022/12/29","1,464","1,466","1,467","1,454","573.54K","-0.27%"
"2022/12/28","1,468","1,485","1,485","1,468","1.20M","-1.14%"
"2022/12/23","1,485","1,470","1,485","1,464","548.02K","1.09%"
"2022/12/22","1,469","1,405","1,479","1,405","1.52M","1.10%"
"2022/12/21","1,453","1,451","1,460","1,440","2.75M","-0.14%"
"2022/12/20","1,455","1,421","1,460","1,413","5.11M","2.03%"
"2022/12/19","1,426","1,400","1,460","1,400","2.48M","-0.97%"
"2022/12/15","1,440","1,429","1,444","1,410","6.19M","0.49%"
"2022/12/14","1,433","1,450","1,460","1,424","2.44M","-1.38%"
"2022/12/13","1,453","1,434","1,459","1,421","1.92M","1.32%"
"2022/12/12","1,434","1,442","1,448","1,418","4.86M","-0.55%"
"2022/12/09","1,442","1,453","1,461","1,431","2.35M","-0.41%"
"2022/12/08","1,448","1,443","1,467","1,436","3.59M","0.28%"
"2022/12/07","1,444","1,445","1,450","1,426","4.58M","0.28%"
"2022/12/06","1,440","1,437","1,452","1,410","3.59M","0.49%"
"2022/12/05","1,433","1,424","1,449","1,409","2.92M","0.77%"
"2022/12/02","1,422","1,390","1,429","1,390","3.08M","1.07%"
"2022/12/01","1,407","1,465","1,494","1,399","3.73M","-4.29%"
"2022/11/30","1,470","1,445","1,474","1,440","3.78M","1.66%"
"2022/11/29","1,446","1,456","1,476","1,433","3.40M","-0.96%"
"2022/11/28","1,460","1,461","1,485","1,455","3.61M","-0.68%"
"2022/11/25","1,470","1,415","1,474","1,415","3.27M","2.44%"
"2022/11/24","1,435","1,460","1,460","1,430","5.08M","-0.55%"
"2022/11/23","1,443","1,419","1,455","1,370","5.90M","2.56%"
"2022/11/22","1,407","1,438","1,502","1,407","4.20M","-5.89%"
"2022/11/21","1,495","1,406","1,498","1,406","4.39M","6.56%"
"2022/11/18","1,403","1,388","1,410","1,374","2.15M","1.59%"
"2022/11/17","1,381","1,428","1,494","1,367","4.75M","-3.29%"
"2022/11/16","1,428","1,425","1,450","1,413","2.22M","-0.28%"
"2022/11/15","1,432","1,442","1,455","1,423","2.36M","-0.69%"
"2022/11/14","1,442","1,490","1,491","1,438","4.18M","-3.22%"
"2022/11/11","1,490","1,572","1,572","1,490","2.91M","-4.49%"
"2022/11/10","1,560","1,540","1,562","1,535","4.76M","0.32%"
"2022/11/09","1,555","1,534","1,563","1,534","3.63M","-0.13%"
"2022/11/08","1,557","1,545","1,575","1,534","3.39M","0.78%"
"2022/11/07","1,545","1,560","1,560","1,520","2.46M","0.06%"
"2022/11/04","1,544","1,537","1,551","1,508","4.91M","1.31%"
"2022/11/03","1,524","1,523","1,558","1,517","1.69M","-1.74%"
"2022/11/02","1,551","1,562","1,562","1,538","1.52M","0.58%"
"2022/11/01","1,542","1,562","1,575","1,542","2.96M","-1.03%"
"2022/10/31","1,558","1,571","1,575","1,555","2.01M","-0.26%"
"2022/10/28","1,562","1,547","1,575","1,535","3.18M","-0.19%"
"2022/10/27","1,565","1,550","1,566","1,531","3.03M","1.69%"
"2022/10/26","1,539","1,536","1,546","1,525","1.41M","-0.06%"
"2022/10/25","1,540","1,545","1,554","1,520","2.83M","0.00%"
"2022/10/24","1,540","1,535","1,543","1,492","4.03M","1.99%"
"2022/10/21","1,510","1,500","1,549","1,493","3.77M","-1.95%"
"2022/10/20","1,540","1,560","1,566","1,540","10.92M","-1.03%"
"2022/10/19","1,556","1,547","1,560","1,536","3.87M","0.84%"
"2022/10/18","1,543","1,520","1,558","1,520","4.33M","1.25%"
"2022/10/17","1,524","1,484","1,528","1,484","5.34M","1.53%"
"2022/10/14","1,501","1,497","1,511","1,479","5.28M","1.69%"
"2022/10/13","1,476","1,458","1,500","1,449","5.69M","1.23%"
"2022/10/12","1,458","1,435","1,464","1,432","3.05M","1.53%"
"2022/10/11","1,436","1,411","1,443","1,411","4.28M","0.84%"
"2022/10/10","1,424","1,445","1,462","1,422","4.08M","-0.77%"
"2022/10/07","1,435","1,419","1,450","1,403","2.73M","0.84%"
"2022/10/06","1,423","1,391","1,426","1,378","4.05M","1.93%"
"2022/10/05","1,396","1,393","1,406","1,380","2.39M","0.65%"
"2022/10/04","1,387","1,350","1,387","1,350","2.92M","2.14%"
"2022/10/03","1,358","1,372","1,388","1,354","2.36M","-1.02%"
"2022/09/30","1,372","1,395","1,405","1,368","3.95M","-1.37%"
"2022/09/29","1,391","1,360","1,400","1,360","5.37M","1.76%"
"2022/09/28","1,367","1,348","1,374","1,318","4.80M","2.70%"
"2022/09/27","1,331","1,285","1,363","1,285","9.99M","1.60%"
"2022/09/26","1,310","1,319","1,319","1,276","2.80M","-0.15%"
"2022/09/23","1,312","1,305","1,327","1,284","3.41M","-0.46%"
"2022/09/22","1,318","1,310","1,326","1,293","5.29M","-0.83%"
"2022/09/21","1,329","1,365","1,365","1,325","1.82M","-2.57%"
"2022/09/20","1,364","1,345","1,368","1,329","3.44M","2.63%"
"2022/09/19","1,329","1,328","1,362","1,287","2.84M","0.08%"
"2022/09/16","1,328","1,356","1,366","1,328","6.17M","-2.35%"
"2022/09/15","1,360","1,405","1,405","1,360","3.53M","-1.59%"
"2022/09/14","1,382","1,420","1,420","1,381","3.58M","-2.54%"
"2022/09/13","1,418","1,457","1,470","1,410","1.95M","-2.61%"
"2022/09/12","1,456","1,445","1,467","1,438","1.57M","1.18%"
"2022/09/09","1,439","1,448","1,448","1,435","1.55M","0.14%"
"2022/09/08","1,437","1,413","1,443","1,413","2.23M","2.20%"
"2022/09/07","1,406","1,430","1,430","1,387","3.10M","-1.47%"
"2022/09/06","1,427","1,443","1,452","1,427","2.46M","-0.63%"
"2022/09/05","1,436","1,440","1,446","1,428","2.89M","-0.42%"
"2022/09/02","1,442","1,490","1,490","1,438","1.60M","-0.69%"
"2022/09/01","1,452","1,474","1,478","1,447","2.96M","-1.49%"
"2022/08/31","1,474","1,503","1,503","1,460","2.80M","0.27%"
"2022/08/30","1,470","1,499","1,507","1,470","1.05M","-1.54%"
"2022/08/29","1,493","1,515","1,515","1,483","1.58M","-1.71%"
"2022/08/26","1,519","1,541","1,541","1,509","671.33K","0.00%"
"2022/08/25","1,519","1,549","1,551","1,515","2.13M","-0.26%"
"2022/08/24","1,523","1,555","1,555","1,519","1.78M","-1.68%"
"2022/08/23","1,549","1,550","1,562","1,541","1.49M","-0.26%"
"2022/08/22","1,553","1,560","1,571","1,550","1.52M","-0.38%"
"2022/08/19","1,559","1,588","1,588","1,554","2.11M","-1.02%"
"2022/08/18","1,575","1,604","1,604","1,567","1.48M","-0.69%"
"2022/08/17","1,586","1,616","1,616","1,581","1.50M","-0.56%"
"2022/08/16","1,595","1,635","1,635","1,594","3.08M","-1.79%"
"2022/08/15","1,624","1,620","1,636","1,598","1.61M","0.93%"
"2022/08/12","1,609","1,605","1,618","1,598","1.62M","0.25%"
"2022/08/11","1,605","1,563","1,617","1,563","3.30M","2.69%"
"2022/08/10","1,563","1,575","1,582","1,553","3.15M","-0.64%"
"2022/08/08","1,573","1,549","1,574","1,541","3.68M","2.21%"
"2022/08/05","1,539","1,550","1,568","1,539","3.30M","-0.13%"
"2022/08/04","1,541","1,560","1,560","1,535","2.75M","0.06%"
"2022/08/03","1,540","1,534","1,552","1,520","2.64M","1.65%"
"2022/08/02","1,515","1,519","1,543","1,514","3.43M","-1.11%"
"2022/08/01","1,532","1,528","1,545","1,503","2.19M","0.79%"
"2022/07/29","1,520","1,545","1,549","1,517","3.60M","-0.98%"
"2022/07/28","1,535","1,553","1,560","1,520","3.15M","-1.60%"
"2022/07/27","1,560","1,546","1,574","1,537","5.31M","1.63%"
"2022/07/26","1,535","1,490","1,547","1,487","4.39M","3.16%"
"2022/07/25","1,488","1,458","1,498","1,458","5.57M","0.47%"
"2022/07/22","1,481","1,465","1,500","1,449","3.28M","1.93%"
"2022/07/21","1,453","1,518","1,518","1,443","3.03M","-1.69%"
"2022/07/20","1,478","1,500","1,519","1,478","1.84M","-0.94%"
"2022/07/19","1,492","1,452","1,499","1,452","1.33M","1.02%"
"2022/07/18","1,477","1,465","1,494","1,456","3.54M","1.93%"
"2022/07/15","1,449","1,448","1,458","1,430","2.73M","0.69%"
"2022/07/14","1,439","1,449","1,494","1,432","3.72M","0.28%"
"2022/07/13","1,435","1,475","1,475","1,413","4.72M","-2.11%"
"2022/07/12","1,466","1,480","1,492","1,451","2.05M","-0.20%"
"2022/07/11","1,469","1,440","1,478","1,440","1.71M","0.69%"
"2022/07/08","1,459","1,420","1,468","1,418","2.75M","2.75%"
"2022/07/07","1,420","1,402","1,427","1,386","1.74M","1.72%"
"2022/07/06","1,396","1,406","1,450","1,392","2.39M","-0.71%"
"2022/07/05","1,406","1,413","1,438","1,380","3.19M","1.15%"
"2022/07/04","1,390","1,401","1,401","1,362","4.45M","0.72%"
"2022/07/01","1,380","1,465","1,465","1,377","2.05M","-3.29%"
"2022/06/30","1,427","1,460","1,478","1,427","4.54M","-2.06%"
"2022/06/29","1,457","1,463","1,488","1,445","4.09M","-1.02%"
"2022/06/28","1,472","1,498","1,523","1,467","3.89M","-2.26%"
"2022/06/27","1,506","1,478","1,514","1,478","1.92M","1.76%"
"2022/06/24","1,480","1,435","1,495","1,435","1.89M","1.02%"
"2022/06/23","1,465","1,498","1,500","1,443","2.19M","-1.68%"
"2022/06/22","1,490","1,487","1,499","1,460","1.20M","0.47%"
"2022/06/21","1,483","1,507","1,519","1,479","986.97K","0.00%"
"2022/06/20","1,483","1,445","1,498","1,445","655.52K","0.61%"
"2022/06/17","1,474","1,495","1,514","1,469","3.26M","-1.34%"
"2022/06/15","1,494","1,437","1,501","1,437","1.89M","2.19%"
"2022/06/14","1,462","1,548","1,548","1,436","2.84M","-2.40%"
"2022/06/13","1,498","1,486","1,504","1,467","2.86M","-0.33%"
"2022/06/10","1,503","1,499","1,519","1,485","2.09M","0.94%"
"2022/06/09","1,489","1,505","1,528","1,485","2.62M","-0.93%"
"2022/06/08","1,503","1,470","1,522","1,470","1.91M","0.20%"
"2022/06/07","1,500","1,505","1,509","1,485","4.62M","0.13%"
"2022/06/06","1,498","1,544","1,546","1,494","2.21M","-2.22%"
"2022/06/03","1,532","1,536","1,541","1,477","3.95M","3.44%"
"2022/06/02","1,481","1,519","1,529","1,467","1.49M","-2.05%"
"2022/06/01","1,512","1,520","1,549","1,502","2.76M","-1.31%"
"2022/05/31","1,532","1,540","1,544","1,506","4.06M","0.59%"
"2022/05/30","1,523","1,500","1,544","1,481","2.01M","-0.78%"
"2022/05/27","1,535","1,487","1,558","1,469","3.43M","2.95%"
"2022/05/26","1,491","1,462","1,500","1,462","3.27M","1.57%"
"2022/05/25","1,468","1,490","1,490","1,431","2.11M","1.87%"
"2022/05/24","1,441","1,462","1,465","1,396","3.16M","-0.96%"
"2022/05/23","1,455","1,499","1,517","1,451","2.61M","-3.00%"
"2022/05/20","1,500","1,580","1,580","1,485","3.72M","0.81%"
"2022/05/19","1,488","1,490","1,510","1,475","2.65M","-0.93%"
"2022/05/18","1,502","1,490","1,521","1,490","4.88M","-0.33%"
"2022/05/17","1,507","1,475","1,539","1,475","2.90M","-0.46%"
"2022/05/16","1,514","1,521","1,533","1,484","5.74M","-0.66%"
"2022/05/13","1,524","1,514","1,553","1,500","3.72M","1.26%"
"2022/05/12","1,505","1,493","1,512","1,464","3.30M","0.13%"
"2022/05/11","1,503","1,481","1,533","1,481","2.58M","0.07%"
"2022/05/10","1,502","1,470","1,523","1,470","4.20M","0.33%"
"2022/05/09","1,497","1,553","1,553","1,480","2.51M","-0.40%"
"2022/05/06","1,503","1,500","1,506","1,485","2.81M","0.00%"
"2022/05/05","1,503","1,496","1,518","1,481","2.46M","0.74%"
"2022/05/04","1,492","1,546","1,546","1,475","2.49M","-2.67%"
"2022/05/03","1,533","1,525","1,558","1,515","3.34M","0.52%"
"2022/04/29","1,525","1,560","1,564","1,515","3.78M","-1.23%"
"2022/04/28","1,544","1,620","1,620","1,529","2.37M","-0.71%"
"2022/04/26","1,555","1,575","1,583","1,541","2.96M","-0.51%"
"2022/04/25","1,563","1,550","1,586","1,550","1.63M","-2.31%"
"2022/04/22","1,600","1,620","1,641","1,600","3.32M","-0.99%"
"2022/04/21","1,616","1,610","1,630","1,594","5.42M","1.32%"
"2022/04/20","1,595","1,620","1,635","1,593","6.39M","-1.18%"
"2022/04/19","1,614","1,617","1,632","1,576","3.84M","0.31%"
"2022/04/14","1,609","1,541","1,616","1,541","5.74M","4.48%"
"2022/04/13","1,540","1,548","1,550","1,525","3.02M","-0.65%"
"2022/04/12","1,550","1,550","1,563","1,544","2.60M","-0.26%"
"2022/04/11","1,554","1,554","1,570","1,543","2.50M","-0.64%"
"2022/04/08","1,564","1,544","1,581","1,531","13.54M","1.56%"
"2022/04/07","1,540","1,549","1,561","1,526","3.99M","0.00%"
"2022/04/06","1,540","1,526","1,563","1,526","4.88M","-0.26%"
"2022/04/05","1,544","1,580","1,580","1,526","1.71M","-1.22%"
"2022/04/04","1,563","1,599","1,617","1,560","2.46M","-2.25%"
"2022/04/01","1,599","1,596","1,628","1,585","3.56M","-0.68%"
"2022/03/31","1,610","1,580","1,616","1,580","5.43M","1.07%"
"2022/03/30","1,593","1,527","1,603","1,527","4.11M","0.76%"
"2022/03/29","1,581","1,536","1,598","1,524","5.50M","3.13%"
"2022/03/28","1,533","1,493","1,537","1,468","3.87M","3.93%"
"2022/03/25","1,475","1,466","1,494","1,451","2.80M","1.72%"
"2022/03/24","1,450","1,455","1,470","1,425","4.24M","0.69%"
"2022/03/23","1,440","1,515","1,515","1,440","2.74M","-2.96%"
"2022/03/22","1,484","1,502","1,519","1,474","967.74K","-0.67%"
"2022/03/18","1,494","1,510","1,510","1,474","8.03M","0.00%"
"2022/03/17","1,494","1,500","1,514","1,475","4.19M","0.54%"
"2022/03/16","1,486","1,450","1,493","1,437","3.93M","3.12%"
"2022/03/15","1,441","1,400","1,454","1,400","3.47M","-0.28%"
"2022/03/14","1,445","1,479","1,479","1,416","4.52M","1.19%"
"2022/03/11","1,428","1,400","1,452","1,400","1.53M","-1.24%"
"2022/03/10","1,446","1,437","1,471","1,429","1.39M","-0.14%"
"2022/03/09","1,448","1,428","1,472","1,417","2.35M","1.76%"
"2022/03/08","1,423","1,403","1,423","1,381","2.89M","0.64%"
"2022/03/07","1,414","1,415","1,415","1,321","5.56M","-0.07%"
"2022/03/04","1,415","1,429","1,476","1,391","3.11M","-2.01%"
"2022/03/03","1,444","1,497","1,517","1,426","5.37M","-3.35%"
"2022/03/02","1,494","1,497","1,505","1,478","1.79M","-0.27%"
"2022/03/01","1,498","1,465","1,520","1,465","3.44M","2.32%"
"2022/02/28","1,464","1,440","1,481","1,425","5.21M","1.31%"
"2022/02/25","1,445","1,426","1,448","1,421","2.27M","0.49%"
"2022/02/24","1,438","1,430","1,449","1,377","5.58M","0.42%"
"2022/02/23","1,432","1,475","1,488","1,426","8.59M","-1.51%"
"2022/02/22","1,454","1,525","1,525","1,438","3.99M","-0.27%"
"2022/02/21","1,458","1,471","1,480","1,452","1.47M","-0.48%"
"2022/02/18","1,465","1,490","1,510","1,457","1.50M","-1.74%"
"2022/02/17","1,491","1,545","1,548","1,488","5.20M","-3.18%"
"2022/02/16","1,540","1,451","1,550","1,451","3.58M","1.99%"
"2022/02/15","1,510","1,468","1,515","1,468","3.90M","1.62%"
"2022/02/14","1,486","1,485","1,488","1,454","2.07M","0.07%"
"2022/02/11","1,485","1,500","1,516","1,480","1.70M","-1.00%"
"2022/02/10","1,500","1,525","1,541","1,498","1.91M","-1.70%"
"2022/02/09","1,526","1,505","1,527","1,487","4.19M","1.87%"
"2022/02/08","1,498","1,486","1,522","1,484","3.46M","0.74%"
"2022/02/07","1,487","1,498","1,518","1,480","2.61M","-0.73%"
"2022/02/04","1,498","1,475","1,535","1,475","3.06M","-0.79%"
"2022/02/03","1,510","1,532","1,537","1,503","3.19M","-1.63%"
"2022/02/02","1,535","1,526","1,549","1,498","1.94M","0.59%"
"2022/02/01","1,526","1,485","1,542","1,485","4.50M","2.97%"
"2022/01/31","1,482","1,478","1,484","1,418","3.16M","2.49%"
"2022/01/28","1,446","1,460","1,464","1,423","4.77M","-0.55%"
"2022/01/27","1,454","1,420","1,454","1,387","5.16M","2.11%"
"2022/01/26","1,424","1,470","1,470","1,405","9.67M","-3.65%"
"2022/01/25","1,478","1,520","1,542","1,473","9.04M","-2.38%"
"2022/01/24","1,514","1,565","1,569","1,514","2.35M","-2.57%"
"2022/01/21","1,554","1,553","1,574","1,546","1.52M","-1.21%"
"2022/01/20","1,573","1,600","1,601","1,549","2.85M","-0.44%"
"2022/01/19","1,580","1,585","1,586","1,548","2.69M","0.83%"
"2022/01/18","1,567","1,588","1,588","1,557","1.65M","-0.51%"
"2022/01/17","1,575","1,563","1,592","1,553","1.79M","0.38%"
"2022/01/14","1,569","1,571","1,585","1,553","2.68M","-0.13%"
"2022/01/13","1,571","1,573","1,592","1,549","2.33M","-0.88%"
"2022/01/12","1,585","1,597","1,608","1,581","2.31M","-0.81%"
"2022/01/11","1,598","1,623","1,643","1,583","3.08M","-1.66%"
"2022/01/10","1,625","1,650","1,650","1,621","563.68K","0.06%"
"2022/01/07","1,624","1,626","1,645","1,612","1.15M","-1.22%"
"2022/01/06","1,644","1,605","1,657","1,597","3.33M","2.43%"
"2022/01/05","1,605","1,611","1,624","1,589","1.78M","0.38%"
"2022/01/04","1,599","1,594","1,630","1,591","1.35M","0.31%"
"2022/01/03","1,594","1,600","1,621","1,583","1.44M","0.38%"
"2021/12/31","1,588","1,595","1,597","1,570","1.20M","0.38%"
"2021/12/30","1,582","1,593","1,600","1,573","2.18M","0.44%"
"2021/12/29","1,575","1,572","1,591","1,563","2.18M","0.57%"
"2021/12/28","1,566","1,585","1,585","1,552","1.02M","0.38%"
"2021/12/24","1,560","1,550","1,567","1,550","654.86K","0.19%"
"2021/12/23","1,557","1,550","1,580","1,542","3.40M","0.52%"
"2021/12/22","1,549","1,501","1,561","1,501","2.99M","3.20%"
"2021/12/21","1,501","1,441","1,516","1,441","2.39M","2.95%"
"2021/12/20","1,458","1,473","1,481","1,438","2.05M","-0.95%"
"2021/12/17","1,472","1,415","1,480","1,412","5.14M","4.03%"
"2021/12/15","1,415","1,419","1,473","1,410","5.24M","-1.12%"
"2021/12/14","1,431","1,430","1,438","1,385","2.37M","2.58%"
"2021/12/13","1,395","1,410","1,423","1,388","2.32M","-1.20%"
"2021/12/10","1,412","1,490","1,490","1,409","2.65M","-3.22%"
"2021/12/09","1,459","1,500","1,509","1,455","3.26M","-2.28%"
"2021/12/08","1,493","1,470","1,505","1,435","5.08M","2.33%"
"2021/12/07","1,459","1,447","1,469","1,435","3.39M","1.25%"
"2021/12/06","1,441","1,486","1,494","1,421","6.11M","-3.35%"
"2021/12/03","1,491","1,447","1,497","1,447","3.80M","1.57%"
"2021/12/02","1,468","1,505","1,505","1,430","3.67M","-0.20%"
"2021/12/01","1,471","1,430","1,475","1,430","3.83M","2.29%"
"2021/11/30","1,438","1,435","1,470","1,435","5.65M","-1.24%"
"2021/11/29","1,456","1,417","1,479","1,410","8.42M","3.19%"
"2021/11/26","1,411","1,510","1,510","1,391","8.07M","-6.25%"
"2021/11/25","1,505","1,512","1,519","1,480","3.22M","0.40%"
"2021/11/24","1,499","1,520","1,550","1,479","6.39M","-1.45%"
"2021/11/23","1,521","1,525","1,544","1,423","6.67M","-0.13%"
"2021/11/22","1,523","1,587","1,635","1,509","4.01M","-2.68%"
"2021/11/19","1,565","1,601","1,620","1,540","2.21M","-2.80%"
"2021/11/18","1,610","1,604","1,621","1,592","2.28M","0.50%"
"2021/11/17","1,602","1,623","1,632","1,593","1.74M","-1.66%"
"2021/11/16","1,629","1,619","1,646","1,613","2.02M","0.56%"
"2021/11/15","1,620","1,600","1,626","1,597","1.14M","1.31%"
"2021/11/12","1,599","1,601","1,622","1,590","1.19M","-1.30%"
"2021/11/11","1,620","1,624","1,636","1,596","3.12M","0.68%"
"2021/11/10","1,609","1,632","1,656","1,606","1.94M","-1.65%"
"2021/11/09","1,636","1,664","1,675","1,636","3.64M","-0.91%"
"2021/11/08","1,651","1,665","1,692","1,647","2.13M","-1.73%"
"2021/11/05","1,680","1,690","1,716","1,670","1.84M","-0.47%"
"2021/11/04","1,688","1,710","1,717","1,680","4.03M","-1.46%"
"2021/11/03","1,713","1,690","1,730","1,690","3.63M","0.76%"
"2021/11/02","1,700","1,680","1,725","1,680","5.19M","0.53%"
"2021/10/29","1,691","1,678","1,703","1,675","3.52M","0.65%"
"2021/10/28","1,680","1,637","1,694","1,637","2.62M","0.84%"
"2021/10/27","1,666","1,650","1,680","1,649","2.44M","0.12%"
"2021/10/26","1,664","1,640","1,670","1,631","3.70M","1.09%"
"2021/10/25","1,646","1,611","1,654","1,600","1.82M","2.24%"
"2021/10/22","1,610","1,670","1,675","1,586","2.80M","-2.42%"
"2021/10/21","1,650","1,647","1,675","1,642","6.09M","-0.12%"
"2021/10/20","1,652","1,665","1,677","1,650","3.02M","-0.60%"
"2021/10/19","1,662","1,665","1,676","1,639","3.50M","0.24%"
"2021/10/18","1,658","1,620","1,659","1,620","2.40M","0.48%"
"2021/10/15","1,650","1,557","1,665","1,555","5.49M","6.52%"
"2021/10/14","1,549","1,650","1,650","1,549","3.09M","-2.27%"
"2021/10/13","1,585","1,625","1,625","1,575","2.78M","-1.12%"
"2021/10/12","1,603","1,625","1,636","1,600","1.96M","-1.35%"
"2021/10/11","1,625","1,643","1,651","1,619","1.46M","-0.85%"
"2021/10/08","1,639","1,730","1,730","1,639","3.12M","-4.10%"
"2021/10/07","1,709","1,665","1,719","1,665","4.58M","1.00%"
"2021/10/06","1,692","1,680","1,695","1,657","4.66M","2.11%"
"2021/10/05","1,657","1,634","1,666","1,617","4.78M","1.91%"
"2021/10/04","1,626","1,601","1,667","1,601","4.27M","-2.11%"
"2021/10/01","1,661","1,674","1,676","1,606","2.61M","2.53%"
"2021/09/30","1,620","1,617","1,650","1,601","4.30M","0.50%"
"2021/09/29","1,612","1,600","1,623","1,600","4.61M","-0.06%"
"2021/09/28","1,613","1,644","1,652","1,593","5.51M","-1.89%"
"2021/09/27","1,644","1,650","1,700","1,632","3.24M","-2.20%"
"2021/09/23","1,681","1,702","1,717","1,659","3.06M","-1.23%"
"2021/09/22","1,702","1,700","1,710","1,675","1.36M","0.18%"
"2021/09/21","1,699","1,700","1,707","1,660","1.55M","2.35%"
"2021/09/20","1,660","1,696","1,697","1,640","2.48M","-2.75%"
"2021/09/17","1,707","1,698","1,738","1,670","9.26M","1.01%"
"2021/09/16","1,690","1,650","1,700","1,638","4.66M","2.11%"
"2021/09/15","1,655","1,680","1,685","1,653","5.02M","-0.30%"
"2021/09/14","1,660","1,690","1,690","1,642","8.66M","0.61%"
"2021/09/13","1,650","1,660","1,660","1,625","2.32M","-0.60%"
"2021/09/10","1,660","1,670","1,671","1,650","3.38M","0.61%"
"2021/09/09","1,650","1,670","1,670","1,630","1.70M","-0.24%"
"2021/09/08","1,654","1,700","1,700","1,631","1.14M","0.67%"
"2021/09/07","1,643","1,660","1,670","1,632","1.71M","-2.49%"
"2021/09/06","1,685","1,699","1,699","1,660","1.50M","0.96%"
"2021/09/03","1,669","1,719","1,719","1,658","1.61M","-1.82%"
"2021/09/02","1,700","1,692","1,712","1,684","3.66M","0.12%"
"2021/09/01","1,698","1,705","1,720","1,687","4.83M","0.77%"
"2021/08/31","1,685","1,656","1,713","1,646","4.38M","1.75%"
"2021/08/30","1,656","1,620","1,665","1,608","2.46M","2.35%"
"2021/08/27","1,618","1,581","1,629","1,570","2.86M","2.34%"
"2021/08/26","1,581","1,575","1,617","1,575","4.41M","-1.80%"
"2021/08/25","1,610","1,606","1,617","1,600","4.06M","0.44%"
"2021/08/24","1,603","1,620","1,620","1,587","2.57M","0.56%"
"2021/08/23","1,594","1,613","1,613","1,586","1.58M","0.25%"
"2021/08/20","1,590","1,600","1,621","1,583","2.14M","-0.50%"
"2021/08/19","1,598","1,594","1,658","1,574","5.52M","-0.19%"
"2021/08/18","1,601","1,575","1,615","1,575","2.99M","-0.62%"
"2021/08/17","1,611","1,593","1,618","1,584","5.15M","1.32%"
"2021/08/16","1,590","1,566","1,591","1,541","5.57M","3.05%"
"2021/08/13","1,543","1,535","1,547","1,508","5.14M","1.25%"
"2021/08/12","1,524","1,557","1,557","1,516","2.24M","-0.20%"
"2021/08/11","1,527","1,513","1,528","1,513","1.94M","0.07%"
"2021/08/10","1,526","1,550","1,550","1,504","2.29M","0.73%"
"2021/08/06","1,515","1,510","1,522","1,500","8.21M","-0.33%"
"2021/08/05","1,520","1,585","1,585","1,513","3.07M","-0.72%"
"2021/08/04","1,531","1,540","1,589","1,510","6.63M","0.07%"
"2021/08/03","1,530","1,550","1,550","1,514","2.91M","0.72%"
"2021/08/02","1,519","1,530","1,530","1,484","2.29M","-0.33%"
"2021/07/30","1,524","1,536","1,538","1,503","3.84M","-0.52%"
"2021/07/29","1,532","1,515","1,540","1,515","670.41K","1.26%"
"2021/07/28","1,513","1,509","1,528","1,505","2.15M","-0.79%"
"2021/07/27","1,525","1,496","1,527","1,484","5.64M","1.53%"
"2021/07/26","1,502","1,548","1,548","1,496","4.05M","-2.78%"
"2021/07/23","1,545","1,522","1,548","1,517","3.28M","1.51%"
"2021/07/22","1,522","1,520","1,529","1,504","1.14M","0.13%"
"2021/07/21","1,520","1,528","1,535","1,506","1.38M","-0.52%"
"2021/07/20","1,528","1,555","1,555","1,511","2.20M","-0.46%"
"2021/07/19","1,535","1,503","1,554","1,501","3.36M","-0.20%"
"2021/07/16","1,538","1,516","1,554","1,506","5.05M","1.65%"
"2021/07/15","1,513","1,501","1,521","1,500","2.25M","0.33%"
"2021/07/14","1,508","1,490","1,521","1,490","3.48M","0.13%"
"2021/07/13","1,506","1,514","1,520","1,490","3.68M","-0.13%"
"2021/07/12","1,508","1,490","1,514","1,469","2.25M","1.48%"
"2021/07/09","1,486","1,480","1,507","1,475","4.23M","1.09%"
"2021/07/08","1,470","1,463","1,479","1,450","2.16M","0.48%"
"2021/07/07","1,463","1,411","1,470","1,411","1.98M","0.55%"
"2021/07/06","1,455","1,442","1,462","1,433","3.42M","0.90%"
"2021/07/05","1,442","1,401","1,449","1,401","1.31M","1.55%"
"2021/07/02","1,420","1,401","1,437","1,401","3.53M","0.00%"
"2021/07/01","1,420","1,421","1,430","1,420","2.00M","-0.28%"
"2021/06/30","1,424","1,443","1,443","1,416","2.24M","0.35%"
"2021/06/29","1,419","1,380","1,425","1,377","8.14M","2.83%"
"2021/06/28","1,380","1,412","1,412","1,356","3.84M","-2.13%"
"2021/06/25","1,410","1,400","1,428","1,388","2.26M","-0.91%"
"2021/06/24","1,423","1,412","1,429","1,404","1.95M","0.99%"
"2021/06/23","1,409","1,410","1,437","1,403","2.48M","-1.05%"
"2021/06/22","1,424","1,500","1,515","1,406","3.96M","-3.65%"
"2021/06/21","1,478","1,600","1,600","1,469","3.03M","-2.18%"
"2021/06/18","1,511","1,560","1,568","1,511","7.63M","-3.14%"
"2021/06/17","1,560","1,528","1,587","1,525","3.44M","0.65%"
"2021/06/15","1,550","1,580","1,586","1,535","2.19M","-1.90%"
"2021/06/14","1,580","1,600","1,600","1,563","1.95M","-0.25%"
"2021/06/11","1,584","1,600","1,606","1,570","2.36M","-0.31%"
"2021/06/10","1,589","1,600","1,600","1,569","3.55M","1.02%"
"2021/06/09","1,573","1,575","1,593","1,528","2.92M","2.28%"
"2021/06/08","1,538","1,539","1,571","1,525","3.88M","0.72%"
"2021/06/07","1,527","1,535","1,544","1,510","3.49M","-0.84%"
"2021/06/04","1,540","1,554","1,570","1,528","5.48M","0.39%"
"2021/06/03","1,534","1,524","1,546","1,505","2.63M","0.66%"
"2021/06/02","1,524","1,550","1,550","1,512","2.11M","-1.68%"
"2021/06/01","1,550","1,480","1,550","1,474","4.93M","4.38%"
"2021/05/31","1,485","1,539","1,542","1,478","3.79M","-3.57%"
"2021/05/28","1,540","1,538","1,556","1,525","3.02M","-0.06%"
"2021/05/27","1,541","1,530","1,541","1,493","11.21M","2.73%"
"2021/05/26","1,500","1,501","1,525","1,487","3.44M","0.40%"
"2021/05/25","1,494","1,439","1,509","1,439","4.42M","2.61%"
"2021/05/24","1,456","1,500","1,500","1,435","3.63M","-1.75%"
"2021/05/21","1,482","1,505","1,505","1,465","4.36M","-1.53%"
"2021/05/20","1,505","1,500","1,510","1,493","2.21M","0.60%"
"2021/05/19","1,496","1,510","1,549","1,492","3.23M","-1.25%"
"2021/05/18","1,515","1,505","1,530","1,477","7.38M","1.68%"
"2021/05/17","1,490","1,485","1,499","1,473","1.32M","0.40%"
"2021/05/14","1,484","1,465","1,510","1,458","4.60M","1.99%"
"2021/05/13","1,455","1,435","1,459","1,418","2.45M","1.89%"
"2021/05/12","1,428","1,442","1,442","1,407","4.64M","-0.70%"
"2021/05/11","1,438","1,441","1,451","1,417","2.67M","-0.07%"
"2021/05/10","1,439","1,465","1,466","1,436","3.42M","-1.77%"
"2021/05/07","1,465","1,421","1,473","1,421","6.17M","1.03%"
"2021/05/06","1,450","1,442","1,456","1,435","2.08M","0.00%"
"2021/05/05","1,450","1,435","1,482","1,424","4.07M","1.33%"
"2021/05/04","1,431","1,455","1,473","1,414","2.65M","-2.65%"
"2021/05/03","1,470","1,500","1,515","1,445","1.97M","-2.39%"
"2021/04/30","1,506","1,502","1,522","1,490","2.21M","0.13%"
"2021/04/29","1,504","1,500","1,513","1,481","1.63M","0.60%"
"2021/04/28","1,495","1,510","1,510","1,486","1.12M","-0.07%"
"2021/04/26","1,496","1,485","1,530","1,455","4.59M","2.26%"
"2021/04/23","1,463","1,455","1,471","1,439","1.77M","0.14%"
"2021/04/22","1,461","1,455","1,491","1,437","2.74M","1.18%"
"2021/04/21","1,444","1,425","1,451","1,400","2.16M","1.33%"
"2021/04/20","1,425","1,445","1,458","1,420","2.30M","-1.79%"
"2021/04/19","1,451","1,451","1,489","1,449","2.39M","-1.16%"
"2021/04/16","1,468","1,489","1,489","1,459","2.17M","0.55%"
"2021/04/15","1,460","1,460","1,481","1,447","4.63M","0.41%"
"2021/04/14","1,454","1,410","1,454","1,394","5.17M","3.71%"
"2021/04/13","1,402","1,420","1,420","1,382","4.57M","-0.28%"
"2021/04/12","1,406","1,400","1,417","1,388","2.29M","-0.14%"
"2021/04/09","1,408","1,405","1,409","1,391","1.89M","0.21%"
"2021/04/08","1,405","1,398","1,414","1,374","3.06M","1.15%"
"2021/04/07","1,389","1,450","1,450","1,374","5.86M","-2.66%"
"2021/04/06","1,427","1,405","1,434","1,405","1.79M","0.92%"
"2021/04/01","1,414","1,430","1,455","1,407","6.55M","-0.77%"
"2021/03/31","1,425","1,460","1,477","1,424","3.79M","-2.33%"
"2021/03/30","1,459","1,484","1,484","1,421","5.46M","0.69%"
"2021/03/29","1,449","1,421","1,482","1,418","4.97M","1.97%"
"2021/03/26","1,421","1,455","1,455","1,410","4.75M","-0.49%"
"2021/03/25","1,428","1,441","1,472","1,418","6.63M","-2.12%"
"2021/03/24","1,459","1,471","1,489","1,427","4.50M","-0.55%"
"2021/03/23","1,467","1,515","1,529","1,457","3.64M","-4.05%"
"2021/03/19","1,529","1,547","1,547","1,514","10.22M","-0.71%"
"2021/03/18","1,540","1,538","1,559","1,528","5.68M","0.52%"
"2021/03/17","1,532","1,523","1,552","1,478","5.17M","2.96%"
"2021/03/16","1,488","1,525","1,525","1,477","3.04M","-0.80%"
"2021/03/15","1,500","1,502","1,503","1,469","2.19M","1.01%"
"2021/03/12","1,485","1,495","1,519","1,474","4.35M","-1.20%"
"2021/03/11","1,503","1,525","1,525","1,488","4.13M","-1.12%"
"2021/03/10","1,520","1,494","1,523","1,472","5.08M","2.08%"
"2021/03/09","1,489","1,425","1,494","1,413","9.06M","2.69%"
"2021/03/08","1,450","1,415","1,455","1,404","4.27M","3.06%"
"2021/03/05","1,407","1,420","1,432","1,386","2.45M","-1.40%"
"2021/03/04","1,427","1,416","1,431","1,402","2.69M","1.06%"
"2021/03/03","1,412","1,380","1,433","1,380","6.21M","0.57%"
"2021/03/02","1,404","1,438","1,445","1,403","2.93M","-2.23%"
"2021/03/01","1,436","1,370","1,446","1,370","5.84M","4.89%"
"2021/02/26","1,369","1,356","1,386","1,354","2.96M","-0.65%"
"2021/02/25","1,378","1,371","1,400","1,348","5.22M","1.47%"
"2021/02/24","1,358","1,355","1,408","1,355","2.68M","-0.59%"
"2021/02/23","1,366","1,430","1,430","1,360","1.74M","-1.73%"
"2021/02/22","1,390","1,413","1,416","1,384","2.68M","-0.86%"
"2021/02/19","1,402","1,413","1,444","1,396","3.71M","1.08%"
"2021/02/18","1,387","1,375","1,411","1,355","6.04M","-0.57%"
"2021/02/17","1,395","1,414","1,427","1,373","6.04M","-1.48%"
"2021/02/16","1,416","1,441","1,463","1,405","3.30M","-1.80%"
"2021/02/15","1,442","1,426","1,466","1,425","4.73M","-1.03%"
"2021/02/12","1,457","1,440","1,483","1,414","5.78M","0.69%"
"2021/02/11","1,447","1,490","1,505","1,439","6.47M","-2.89%"
"2021/02/10","1,490","1,538","1,538","1,483","4.36M","-2.04%"
"2021/02/09","1,521","1,515","1,542","1,497","3.51M","0.40%"
"2021/02/08","1,515","1,551","1,552","1,494","6.88M","-2.19%"
"2021/02/05","1,549","1,431","1,557","1,428","16.73M","8.55%"
"2021/02/04","1,427","1,315","1,430","1,315","8.40M","4.54%"
"2021/02/03","1,365","1,374","1,374","1,339","2.74M","0.07%"
"2021/02/02","1,364","1,325","1,365","1,312","5.20M","3.02%"
"2021/02/01","1,324","1,340","1,362","1,315","6.54M","-1.05%"
"2021/01/29","1,338","1,335","1,341","1,300","7.04M","0.22%"
"2021/01/28","1,335","1,334","1,335","1,299","5.68M","2.30%"
"2021/01/27","1,305","1,319","1,353","1,298","4.55M","-1.14%"
"2021/01/26","1,320","1,315","1,324","1,296","3.80M","0.53%"
"2021/01/25","1,313","1,311","1,317","1,299","2.66M","0.23%"
"2021/01/22","1,310","1,334","1,343","1,300","2.92M","-2.38%"
"2021/01/21","1,342","1,377","1,380","1,325","2.33M","-1.54%"
"2021/01/20","1,363","1,315","1,379","1,315","4.42M","2.02%"
"2021/01/19","1,336","1,300","1,341","1,300","2.44M","2.38%"
"2021/01/18","1,305","1,340","1,340","1,298","2.56M","-0.91%"
"2021/01/15","1,317","1,275","1,320","1,275","5.63M","1.31%"
"2021/01/14","1,300","1,309","1,342","1,278","7.42M","-0.38%"
"2021/01/13","1,305","1,240","1,306","1,240","6.00M","3.98%"
"2021/01/12","1,255","1,276","1,276","1,237","2.59M","-0.79%"
"2021/01/11","1,265","1,240","1,281","1,235","4.78M","0.88%"
"2021/01/08","1,254","1,220","1,260","1,220","3.16M","2.20%"
"2021/01/07","1,227","1,212","1,240","1,211","1.96M","1.24%"
"2021/01/06","1,212","1,202","1,254","1,202","3.39M","-1.94%"
"2021/01/05","1,236","1,230","1,264","1,217","3.74M","-1.20%"
"2021/01/04","1,251","1,202","1,265","1,202","4.05M","0.08%"
"2020/12/31","1,250","1,260","1,260","1,236","2.06M","1.38%"
"2020/12/30","1,233","1,220","1,265","1,220","2.73M","-0.40%"
"2020/12/29","1,238","1,230","1,245","1,204","2.16M","2.15%"
"2020/12/28","1,212","1,220","1,227","1,196","875.50K","0.75%"
"2020/12/24","1,203","1,209","1,244","1,191","526.87K","-0.50%"
"2020/12/23","1,209","1,230","1,231","1,203","723.17K","-0.90%"
"2020/12/22","1,220","1,230","1,232","1,156","6.28M","3.13%"
"2020/12/21","1,183","1,250","1,250","1,171","5.78M","-2.79%"
"2020/12/18","1,217","1,201","1,235","1,195","7.00M","1.67%"
"2020/12/17","1,197","1,204","1,212","1,171","15.33M","1.01%"
"2020/12/15","1,185","1,177","1,190","1,140","9.14M","0.68%"
"2020/12/14","1,177","1,188","1,204","1,154","5.47M","0.51%"
"2020/12/11","1,171","1,160","1,182","1,140","7.74M","0.69%"
"2020/12/10","1,163","1,170","1,177","1,145","12.33M","0.69%"
"2020/12/09","1,155","1,165","1,179","1,130","11.48M","-0.86%"
"2020/12/08","1,165","1,159","1,175","1,140","4.30M","0.52%"
"2020/12/07","1,159","1,165","1,204","1,134","9.29M","-1.19%"
"2020/12/04","1,173","1,219","1,219","1,152","4.64M","-0.26%"
"2020/12/03","1,176","1,217","1,222","1,175","7.81M","-2.33%"
"2020/12/02","1,204","1,230","1,247","1,184","7.74M","-2.03%"
"2020/12/01","1,229","1,230","1,254","1,209","4.87M","-0.08%"
"2020/11/30","1,230","1,260","1,263","1,214","15.16M","-2.23%"
"2020/11/27","1,258","1,275","1,275","1,206","10.90M","2.44%"
"2020/11/26","1,228","1,293","1,293","1,208","8.12M","-4.81%"
"2020/11/25","1,290","1,312","1,312","1,272","7.25M","0.08%"
"2020/11/24","1,289","1,276","1,303","1,270","3.48M","1.50%"
"2020/11/23","1,270","1,355","1,356","1,253","4.14M","-3.05%"
"2020/11/20","1,310","1,282","1,336","1,261","3.97M","2.02%"
"2020/11/19","1,284","1,345","1,350","1,277","9.49M","-4.68%"
"2020/11/18","1,347","1,343","1,367","1,329","3.75M","-0.15%"
"2020/11/17","1,349","1,350","1,370","1,342","4.90M","-0.52%"
"2020/11/16","1,356","1,340","1,371","1,323","4.17M","1.42%"
"2020/11/13","1,337","1,392","1,410","1,323","1.78M","-3.54%"
"2020/11/12","1,386","1,475","1,475","1,383","4.68M","-1.35%"
"2020/11/11","1,405","1,445","1,466","1,388","5.09M","-2.63%"
"2020/11/10","1,443","1,365","1,443","1,361","4.91M","2.05%"
"2020/11/09","1,414","1,302","1,416","1,302","5.90M","3.89%"
"2020/11/06","1,361","1,340","1,384","1,325","4.63M","2.64%"
"2020/11/05","1,326","1,385","1,396","1,326","4.41M","-0.38%"
"2020/11/04","1,331","1,350","1,365","1,320","2.63M","-1.55%"
"2020/11/03","1,352","1,260","1,366","1,260","3.96M","3.52%"
"2020/11/02","1,306","1,300","1,322","1,277","3.33M","1.24%"
"2020/10/30","1,290","1,310","1,323","1,286","5.18M","-1.75%"
"2020/10/29","1,313","1,355","1,355","1,312","3.11M","-0.91%"
"2020/10/28","1,325","1,403","1,403","1,315","4.01M","-4.95%"
"2020/10/27","1,394","1,420","1,440","1,385","2.81M","-1.83%"
"2020/10/26","1,420","1,470","1,470","1,409","4.14M","-3.66%"
"2020/10/23","1,474","1,305","1,481","1,305","7.47M","8.46%"
"2020/10/22","1,359","1,303","1,360","1,285","7.86M","3.98%"
"2020/10/21","1,307","1,325","1,331","1,305","2.10M","-0.61%"
"2020/10/20","1,315","1,300","1,331","1,298","3.23M","0.92%"
"2020/10/19","1,303","1,330","1,333","1,303","2.87M","-0.15%"
"2020/10/16","1,305","1,330","1,330","1,294","4.95M","-1.21%"
"2020/10/15","1,321","1,311","1,338","1,311","4.95M","-0.08%"
"2020/10/14","1,322","1,399","1,399","1,318","4.64M","-1.86%"
"2020/10/13","1,347","1,400","1,411","1,340","6.36M","-4.74%"
"2020/10/12","1,414","1,380","1,427","1,354","4.10M","2.46%"
"2020/10/09","1,380","1,325","1,397","1,325","5.05M","1.92%"
"2020/10/08","1,354","1,300","1,376","1,248","15.42M","8.49%"
"2020/10/07","1,248","1,290","1,290","1,233","4.52M","-1.73%"
"2020/10/06","1,270","1,279","1,313","1,270","15.34M","-0.94%"
"2020/10/05","1,282","1,267","1,310","1,267","4.40M","-0.08%"
"2020/10/02","1,283","1,343","1,343","1,269","4.75M","-3.61%"
"2020/10/01","1,331","1,305","1,331","1,253","4.44M","3.02%"
"2020/09/30","1,292","1,260","1,300","1,250","5.28M","2.54%"
"2020/09/29","1,260","1,270","1,278","1,246","3.07M","-0.71%"
"2020/09/28","1,269","1,210","1,279","1,210","1.85M","2.67%"
"2020/09/25","1,236","1,271","1,271","1,204","3.29M","-0.24%"
"2020/09/23","1,239","1,271","1,271","1,238","3.60M","-0.80%"
"2020/09/22","1,249","1,260","1,280","1,218","3.47M","0.73%"
"2020/09/21","1,240","1,297","1,320","1,238","3.49M","-4.39%"
"2020/09/18","1,297","1,310","1,341","1,290","8.35M","-2.63%"
"2020/09/17","1,332","1,305","1,361","1,300","5.98M","1.52%"
"2020/09/16","1,312","1,324","1,327","1,297","2.00M","-0.76%"
"2020/09/15","1,322","1,350","1,370","1,306","6.24M","-0.75%"
"2020/09/14","1,332","1,378","1,399","1,318","4.93M","-3.48%"
"2020/09/11","1,380","1,368","1,399","1,368","6.07M","-0.43%"
"2020/09/10","1,386","1,400","1,411","1,368","4.52M","0.51%"
"2020/09/09","1,379","1,322","1,387","1,304","6.23M","4.15%"
"2020/09/08","1,324","1,261","1,327","1,261","9.04M","5.08%"
"2020/09/07","1,260","1,259","1,316","1,249","3.31M","-2.17%"
"2020/09/04","1,288","1,268","1,301","1,256","6.25M","1.74%"
"2020/09/03","1,266","1,250","1,293","1,219","4.35M","-2.01%"
"2020/09/02","1,292","1,313","1,313","1,260","4.22M","-0.62%"
"2020/09/01","1,300","1,260","1,307","1,226","5.49M","4.00%"
"2020/08/31","1,250","1,279","1,287","1,196","15.01M","-2.11%"
"2020/08/28","1,277","1,309","1,322","1,267","3.33M","-2.22%"
"2020/08/27","1,306","1,290","1,321","1,274","5.62M","2.11%"
"2020/08/26","1,279","1,260","1,303","1,257","3.73M","-0.85%"
"2020/08/25","1,290","1,309","1,314","1,263","5.23M","-0.77%"
"2020/08/24","1,300","1,310","1,316","1,293","2.36M","0.46%"
"2020/08/21","1,294","1,295","1,308","1,285","4.86M","0.70%"
"2020/08/20","1,285","1,333","1,333","1,285","5.29M","-1.76%"
"2020/08/19","1,308","1,330","1,340","1,308","2.21M","-1.28%"
"2020/08/18","1,325","1,391","1,391","1,324","3.16M","-0.45%"
"2020/08/17","1,331","1,355","1,361","1,331","2.44M","-1.41%"
"2020/08/14","1,350","1,390","1,390","1,337","2.89M","-0.07%"
"2020/08/13","1,351","1,353","1,360","1,330","1.03M","-0.22%"
"2020/08/12","1,354","1,353","1,366","1,338","2.80M","0.59%"
"2020/08/11","1,346","1,324","1,364","1,306","3.49M","2.36%"
"2020/08/07","1,315","1,310","1,340","1,289","6.37M","0.00%"
"2020/08/06","1,315","1,324","1,325","1,297","8.19M","0.77%"
"2020/08/05","1,305","1,326","1,334","1,298","4.93M","-0.91%"
"2020/08/04","1,317","1,327","1,378","1,315","6.11M","-0.75%"
"2020/08/03","1,327","1,370","1,370","1,320","8.15M","-2.43%"
"2020/07/31","1,360","1,400","1,406","1,351","9.28M","-2.72%"
"2020/07/30","1,398","1,470","1,470","1,393","4.13M","-4.51%"
"2020/07/29","1,464","1,490","1,490","1,443","2.10M","-0.20%"
"2020/07/28","1,467","1,490","1,500","1,456","2.26M","-0.95%"
"2020/07/27","1,481","1,450","1,495","1,450","3.38M","0.34%"
"2020/07/24","1,476","1,480","1,521","1,447","6.16M","-0.81%"
"2020/07/23","1,488","1,525","1,525","1,467","4.36M","-0.80%"
"2020/07/22","1,500","1,440","1,506","1,435","9.04M","4.17%"
"2020/07/21","1,440","1,449","1,461","1,378","3.73M","0.35%"
"2020/07/20","1,435","1,427","1,448","1,413","1.92M","0.70%"
"2020/07/17","1,425","1,400","1,439","1,400","2.51M","-0.28%"
"2020/07/16","1,429","1,361","1,437","1,361","10.74M","3.03%"
"2020/07/15","1,387","1,392","1,402","1,380","8.99M","-0.22%"
"2020/07/14","1,390","1,449","1,449","1,375","6.55M","-2.73%"
"2020/07/13","1,429","1,400","1,447","1,400","4.17M","2.07%"
"2020/07/10","1,400","1,400","1,416","1,369","6.96M","-1.06%"
"2020/07/09","1,415","1,417","1,443","1,404","5.84M","0.00%"
"2020/07/08","1,415","1,420","1,437","1,413","13.23M","-1.39%"
"2020/07/07","1,435","1,435","1,448","1,419","7.72M","0.00%"
"2020/07/06","1,435","1,420","1,458","1,416","2.43M","0.99%"
"2020/07/03","1,421","1,445","1,445","1,404","1.54M","-1.66%"
"2020/07/02","1,445","1,360","1,448","1,360","5.22M","4.26%"
"2020/07/01","1,386","1,335","1,398","1,328","6.47M","1.61%"
"2020/06/30","1,364","1,396","1,396","1,335","3.18M","0.44%"
"2020/06/29","1,358","1,320","1,358","1,301","2.29M","2.18%"
"2020/06/26","1,329","1,310","1,363","1,310","2.99M","-0.30%"
"2020/06/25","1,333","1,350","1,364","1,315","8.33M","-3.27%"
"2020/06/24","1,378","1,356","1,449","1,356","3.25M","-1.22%"
"2020/06/23","1,395","1,352","1,397","1,352","3.15M","3.33%"
"2020/06/22","1,350","1,419","1,419","1,349","6.89M","-2.74%"
"2020/06/19","1,388","1,420","1,423","1,370","8.47M","-0.86%"
"2020/06/18","1,400","1,388","1,405","1,370","3.96M","0.72%"
"2020/06/17","1,390","1,320","1,400","1,320","5.03M","4.04%"
"2020/06/15","1,336","1,361","1,381","1,336","2.74M","-3.61%"
"2020/06/12","1,386","1,402","1,415","1,362","4.76M","-1.91%"
"2020/06/11","1,413","1,449","1,466","1,406","3.92M","-1.60%"
"2020/06/10","1,436","1,472","1,493","1,423","4.10M","-4.27%"
"2020/06/09","1,500","1,480","1,529","1,449","9.80M","2.74%"
"2020/06/08","1,460","1,520","1,520","1,420","7.67M","-0.68%"
"2020/06/05","1,470","1,471","1,524","1,436","7.29M","-0.07%"
"2020/06/04","1,471","1,410","1,472","1,402","7.30M","4.33%"
"2020/06/03","1,410","1,439","1,452","1,339","24.87M","-1.19%"
"2020/06/02","1,427","1,332","1,428","1,321","11.13M","7.94%"
"2020/06/01","1,322","1,376","1,432","1,286","12.47M","-7.10%"
"2020/05/29","1,423","1,461","1,494","1,376","7.96M","0.00%"
"2020/05/28","1,423","1,460","1,464","1,382","5.56M","-2.47%"
"2020/05/27","1,459","1,312","1,465","1,312","4.76M","5.80%"
"2020/05/26","1,379","1,390","1,396","1,338","4.86M","1.40%"
"2020/05/25","1,360","1,350","1,400","1,334","5.02M","1.04%"
"2020/05/22","1,346","1,407","1,428","1,346","8.44M","-6.20%"
"2020/05/21","1,435","1,453","1,502","1,411","8.32M","-1.24%"
"2020/05/20","1,453","1,435","1,511","1,435","7.55M","-2.81%"
"2020/05/19","1,495","1,420","1,501","1,382","2.21M","8.57%"
"2020/05/18","1,377","1,403","1,422","1,366","4.28M","-1.99%"
"2020/05/15","1,405","1,453","1,496","1,405","3.70M","-3.90%"
"2020/05/14","1,462","1,450","1,507","1,415","5.22M","-0.95%"
"2020/05/13","1,476","1,528","1,528","1,450","3.67M","-0.47%"
"2020/05/12","1,483","1,480","1,520","1,480","4.17M","-0.07%"
"2020/05/11","1,484","1,550","1,586","1,483","2.05M","-4.13%"
"2020/05/08","1,548","1,545","1,566","1,516","2.83M","-0.13%"
"2020/05/07","1,550","1,561","1,589","1,550","2.05M","-1.15%"
"2020/05/06","1,568","1,527","1,605","1,495","4.06M","1.42%"
"2020/05/05","1,546","1,502","1,552","1,501","2.25M","2.93%"
"2020/05/04","1,502","1,550","1,554","1,457","3.46M","-3.10%"
"2020/04/30","1,550","1,501","1,578","1,501","5.71M","-0.26%"
"2020/04/29","1,554","1,599","1,599","1,514","4.25M","-0.58%"
"2020/04/28","1,563","1,642","1,642","1,548","4.74M","-0.38%"
"2020/04/24","1,569","1,500","1,604","1,500","6.12M","0.77%"
"2020/04/23","1,557","1,519","1,557","1,500","4.93M","2.50%"
"2020/04/22","1,519","1,495","1,542","1,450","6.25M","1.61%"
"2020/04/21","1,495","1,510","1,526","1,485","4.40M","-3.61%"
"2020/04/20","1,551","1,644","1,644","1,495","5.49M","-1.59%"
"2020/04/17","1,576","1,570","1,644","1,554","6.96M","0.38%"
"2020/04/16","1,570","1,495","1,590","1,484","8.16M","4.32%"
"2020/04/15","1,505","1,600","1,616","1,466","7.17M","-5.88%"
"2020/04/14","1,599","1,704","1,715","1,557","7.52M","-4.42%"
"2020/04/09","1,673","1,516","1,682","1,513","2.86M","11.38%"
"2020/04/08","1,502","1,519","1,547","1,453","5.78M","-1.12%"
"2020/04/07","1,519","1,558","1,641","1,514","6.96M","-0.91%"
"2020/04/06","1,533","1,639","1,639","1,511","4.70M","-2.54%"
"2020/04/03","1,573","1,614","1,619","1,541","7.68M","-2.72%"
"2020/04/02","1,617","1,600","1,646","1,544","6.96M","4.32%"
"2020/04/01","1,550","1,469","1,550","1,433","3.91M","3.33%"
"2020/03/31","1,500","1,449","1,500","1,394","9.91M","7.14%"
"2020/03/30","1,400","1,397","1,417","1,360","4.39M","-1.20%"
"2020/03/27","1,417","1,405","1,500","1,312","12.73M","1.21%"
"2020/03/26","1,400","1,300","1,437","1,300","14.93M","3.32%"
"2020/03/25","1,355","1,215","1,449","1,215","8.68M","2.81%"
"2020/03/24","1,318","1,300","1,401","1,154","20.33M","8.21%"
"2020/03/23","1,218","1,530","1,556","1,209","11.51M","-21.92%"
"2020/03/20","1,560","1,677","1,799","1,533","16.55M","-2.80%"
"2020/03/19","1,605","1,680","1,680","1,454","19.50M","5.38%"
"2020/03/18","1,523","1,664","1,664","1,523","7.07M","-9.99%"
"2020/03/17","1,692","1,642","1,727","1,556","9.13M","3.05%"
"2020/03/16","1,642","1,700","1,750","1,560","5.08M","-4.03%"
"2020/03/13","1,711","1,816","1,887","1,711","6.35M","-5.42%"
"2020/03/12","1,809","1,948","1,948","1,779","7.27M","-7.94%"
"2020/03/11","1,965","1,940","1,996","1,938","7.62M","0.61%"
"2020/03/10","1,953","1,906","1,991","1,906","4.22M","-0.41%"
"2020/03/09","1,961","1,923","1,982","1,868","8.40M","-0.15%"
"2020/03/06","1,964","1,940","1,964","1,902","3.76M","0.20%"
"2020/03/05","1,960","2,000","2,000","1,934","3.95M","0.26%"
"2020/03/04","1,955","1,901","1,957","1,901","3.26M","0.72%"
"2020/03/03","1,941","1,949","1,955","1,850","4.37M","2.27%"
"2020/03/02","1,898","1,896","1,906","1,848","5.28M","3.72%"
"2020/02/28","1,830","1,860","1,881","1,799","9.05M","-3.17%"
"2020/02/27","1,890","1,930","1,930","1,867","6.77M","-2.98%"
"2020/02/26","1,948","2,020","2,020","1,820","8.91M","5.75%"
"2020/02/25","1,842","1,877","1,950","1,828","6.90M","-2.33%"
"2020/02/24","1,886","1,940","1,940","1,872","3.11M","-2.78%"
"2020/02/21","1,940","1,900","1,947","1,900","3.42M","-0.31%"
"2020/02/20","1,946","1,950","1,990","1,938","3.25M","-1.96%"
"2020/02/19","1,985","1,945","1,993","1,931","5.58M","1.59%"
"2020/02/18","1,954","1,959","1,980","1,916","3.92M","-0.71%"
"2020/02/17","1,968","2,017","2,030","1,960","2.76M","-1.60%"
"2020/02/14","2,000","2,031","2,031","1,984","2.86M","0.15%"
"2020/02/13","1,997","2,030","2,030","1,986","3.67M","0.15%"
"2020/02/12","1,994","2,024","2,049","1,978","6.15M","-0.50%"
"2020/02/11","2,004","2,070","2,070","1,993","4.51M","0.20%"
"2020/02/10","2,000","2,069","2,069","2,000","1.87M","-1.04%"
"2020/02/07","2,021","2,078","2,078","2,019","4.89M","-0.79%"
"2020/02/06","2,037","2,013","2,050","2,013","3.92M","-0.15%"
"2020/02/05","2,040","2,000","2,049","2,000","3.50M","0.39%"
"2020/02/04","2,032","1,983","2,048","1,983","5.49M","1.60%"
"2020/02/03","2,000","2,040","2,097","1,979","5.48M","-0.25%"
"2020/01/31","2,005","2,005","2,035","1,997","4.03M","-1.52%"
"2020/01/30","2,036","2,001","2,057","2,001","6.08M","-0.83%"
"2020/01/29","2,053","2,074","2,074","2,030","5.37M","1.48%"
"2020/01/28","2,023","2,030","2,030","2,003","4.00M","-0.30%"
"2020/01/27","2,029","2,132","2,132","1,999","4.84M","-1.70%"
"2020/01/24","2,064","2,055","2,082","2,054","4.45M","1.13%"
"2020/01/23","2,041","2,029","2,044","2,005","3.61M","0.69%"
"2020/01/22","2,027","2,030","2,030","1,996","2.82M","-1.36%"
"2020/01/21","2,055","2,087","2,087","2,050","3.47M","-1.11%"
"2020/01/20","2,078","2,099","2,112","2,059","3.84M","-0.86%"
"2020/01/17","2,096","2,081","2,096","2,051","5.25M","1.85%"
"2020/01/16","2,058","2,009","2,061","1,994","5.80M","2.13%"
"2020/01/15","2,015","2,047","2,047","1,942","5.93M","1.26%"
"2020/01/14","1,990","2,049","2,049","1,982","4.67M","0.00%"
"2020/01/13","1,990","2,013","2,045","1,974","3.53M","0.35%"
"2020/01/10","1,983","2,019","2,019","1,983","5.77M","0.10%"
"2020/01/09","1,981","1,960","2,003","1,957","4.37M","1.43%"
"2020/01/08","1,953","1,953","1,967","1,917","4.57M","0.15%"
"2020/01/07","1,950","2,019","2,019","1,910","2.80M","2.58%"
"2020/01/06","1,901","2,019","2,019","1,896","2.94M","-1.91%"
"2020/01/03","1,938","1,940","2,011","1,918","2.46M","0.16%"
"2020/01/02","1,935","1,946","1,987","1,931","1.39M","-0.57%"
"2019/12/31","1,946","1,995","1,995","1,934","495.83K","-1.62%"
"2019/12/30","1,978","2,018","2,018","1,951","1.31M","1.12%"
"2019/12/27","1,956","2,014","2,014","1,940","2.67M","0.46%"
"2019/12/24","1,947","2,019","2,019","1,901","1.38M","0.15%"
"2019/12/23","1,944","1,972","1,975","1,915","2.88M","-1.27%"
"2019/12/20","1,969","1,977","1,995","1,942","7.38M","0.41%"
"2019/12/19","1,961","1,945","2,031","1,941","3.87M","-1.70%"
"2019/12/18","1,995","2,010","2,014","1,959","10.66M","-0.75%"
"2019/12/17","2,010","1,959","2,019","1,916","7.91M","5.40%"
"2019/12/13","1,907","1,937","1,948","1,900","4.33M","1.11%"
"2019/12/12","1,886","1,896","1,930","1,880","6.63M","-0.53%"
"2019/12/11","1,896","1,901","1,930","1,885","4.89M","-0.68%"
"2019/12/10","1,909","2,000","2,000","1,909","5.60M","-1.90%"
"2019/12/09","1,946","1,970","2,000","1,938","5.94M","-2.31%"
"2019/12/06","1,992","1,988","1,993","1,956","11.51M","1.43%"
"2019/12/05","1,964","1,875","1,981","1,875","11.76M","1.87%"
"2019/12/04","1,928","1,875","1,963","1,875","8.74M","1.15%"
"2019/12/03","1,906","1,984","1,984","1,888","9.65M","-0.37%"
"2019/12/02","1,913","1,966","2,050","1,903","11.09M","-4.35%"
"2019/11/29","2,000","2,001","2,011","1,984","3.40M","-0.05%"
"2019/11/28","2,001","2,025","2,025","1,989","5.26M","-1.23%"
"2019/11/27","2,026","1,966","2,030","1,965","11.05M","3.26%"
"2019/11/26","1,962","1,958","2,028","1,958","132.73M","-1.80%"
"2019/11/25","1,998","2,020","2,073","1,978","16.35M","-3.06%"
"2019/11/22","2,061","2,034","2,061","2,011","18.24M","2.03%"
"2019/11/21","2,020","2,040","2,040","1,994","19.10M","1.00%"
"2019/11/20","2,000","1,904","2,013","1,904","18.23M","3.84%"
"2019/11/19","1,926","1,880","1,945","1,838","18.42M","3.83%"
"2019/11/18","1,855","1,800","1,892","1,789","12.76M","5.16%"
"2019/11/15","1,764","1,770","1,812","1,726","12.45M","1.09%"
"2019/11/14","1,745","1,731","1,752","1,678","9.28M","2.05%"
"2019/11/13","1,710","1,699","1,727","1,652","10.18M","1.60%"
"2019/11/12","1,683","1,717","1,721","1,650","14.17M","0.72%"
"2019/11/11","1,671","1,719","1,753","1,660","10.70M","-2.28%"
"2019/11/08","1,710","1,749","1,778","1,684","18.64M","-3.17%"
"2019/11/07","1,766","1,726","1,787","1,726","5.20M","0.97%"
"2019/11/06","1,749","1,710","1,775","1,710","4.94M","0.11%"
"2019/11/05","1,747","1,726","1,751","1,694","5.84M","1.28%"
"2019/11/04","1,725","1,684","1,748","1,684","3.30M","0.12%"
"2019/11/01","1,723","1,690","1,739","1,685","4.34M","0.70%"
"2019/10/31","1,711","1,699","1,748","1,697","7.89M","-0.47%"
"2019/10/30","1,719","1,739","1,780","1,680","4.77M","-1.49%"
"2019/10/29","1,745","1,749","1,797","1,710","6.77M","0.98%"
"2019/10/28","1,728","1,704","1,770","1,685","5.04M","0.00%"
"2019/10/25","1,728","1,787","1,793","1,718","6.89M","-2.43%"
"2019/10/24","1,771","1,833","1,857","1,771","6.37M","-3.33%"
"2019/10/23","1,832","1,837","1,849","1,809","3.95M","-0.97%"
"2019/10/22","1,850","1,820","1,858","1,816","3.63M","1.70%"
"2019/10/21","1,819","1,788","1,825","1,767","3.25M","2.36%"
"2019/10/18","1,777","1,822","1,844","1,770","22.97M","-3.89%"
"2019/10/17","1,849","1,862","1,876","1,835","4.56M","-0.86%"
"2019/10/16","1,865","1,842","1,875","1,826","7.54M","1.47%"
"2019/10/15","1,838","1,824","1,843","1,804","4.70M","0.77%"
"2019/10/14","1,824","1,819","1,832","1,786","3.65M","1.22%"
"2019/10/11","1,802","1,762","1,821","1,747","4.71M","2.39%"
"2019/10/10","1,760","1,752","1,771","1,697","4.33M","0.98%"
"2019/10/09","1,743","1,771","1,775","1,731","2.04M","-1.30%"
"2019/10/08","1,766","1,780","1,797","1,758","3.90M","-1.34%"
"2019/10/07","1,790","1,750","1,792","1,719","3.93M","2.29%"
"2019/10/04","1,750","1,738","1,750","1,716","2.73M","1.39%"
"2019/10/03","1,726","1,720","1,740","1,671","2.30M","0.23%"
"2019/10/02","1,722","1,721","1,753","1,713","2.85M","-1.94%"
"2019/10/01","1,756","1,771","1,771","1,733","4.84M","0.06%"
"2019/09/30","1,755","1,780","1,811","1,701","6.40M","-1.96%"
"2019/09/27","1,790","1,652","1,824","1,635","6.66M","6.87%"
"2019/09/26","1,675","1,650","1,681","1,633","2.33M","2.26%"
"2019/09/25","1,638","1,694","1,695","1,626","3.70M","-3.65%"
"2019/09/23","1,700","1,712","1,712","1,661","3.40M","-1.16%"
"2019/09/20","1,720","1,718","1,755","1,705","11.61M","0.17%"
"2019/09/19","1,717","1,739","1,766","1,703","3.55M","-1.32%"
"2019/09/18","1,740","1,751","1,763","1,723","2.93M","-0.46%"
"2019/09/17","1,748","1,787","1,787","1,735","3.59M","-2.78%"
"2019/09/16","1,798","1,710","1,798","1,710","6.37M","4.47%"
"2019/09/13","1,721","1,713","1,722","1,696","1.73M","0.64%"
"2019/09/12","1,710","1,682","1,720","1,653","5.22M","2.15%"
"2019/09/11","1,674","1,659","1,684","1,641","2.85M","0.90%"
"2019/09/10","1,659","1,659","1,667","1,639","2.61M","0.00%"
"2019/09/09","1,659","1,645","1,660","1,628","2.33M","0.61%"
"2019/09/06","1,649","1,622","1,654","1,612","2.36M","1.17%"
"2019/09/05","1,630","1,603","1,630","1,584","1.69M","1.94%"
"2019/09/04","1,599","1,582","1,613","1,565","4.96M","1.91%"
"2019/09/03","1,569","1,597","1,605","1,562","5.29M","-1.57%"
"2019/09/02","1,594","1,632","1,642","1,592","2.19M","-2.21%"
"2019/08/30","1,630","1,580","1,639","1,566","7.21M","2.71%"
"2019/08/29","1,587","1,531","1,614","1,531","3.92M","-0.19%"
"2019/08/28","1,590","1,530","1,590","1,513","5.59M","3.65%"
"2019/08/27","1,534","1,516","1,538","1,490","6.58M","1.59%"
"2019/08/26","1,510","1,492","1,517","1,481","1.78M","-0.33%"
"2019/08/23","1,515","1,507","1,523","1,492","2.58M","0.60%"
"2019/08/22","1,506","1,521","1,543","1,506","5.00M","-0.86%"
"2019/08/21","1,519","1,502","1,533","1,495","3.38M","0.60%"
"2019/08/20","1,510","1,492","1,531","1,492","7.87M","1.14%"
"2019/08/19","1,493","1,535","1,535","1,493","4.98M","-1.26%"
"2019/08/16","1,512","1,518","1,529","1,495","7.52M","-0.07%"
"2019/08/15","1,513","1,520","1,534","1,494","8.05M","-0.46%"
"2019/08/14","1,520","1,565","1,565","1,513","6.06M","-1.94%"
"2019/08/13","1,550","1,571","1,601","1,523","8.01M","-2.70%"
"2019/08/12","1,593","1,694","1,694","1,577","6.59M","-4.04%"
"2019/08/08","1,660","1,637","1,669","1,637","3.67M","2.03%"
"2019/08/07","1,627","1,661","1,684","1,612","8.79M","-2.46%"
"2019/08/06","1,668","1,643","1,683","1,643","4.25M","1.34%"
"2019/08/05","1,646","1,669","1,675","1,630","3.87M","-3.35%"
"2019/08/02","1,703","1,635","1,712","1,625","5.25M","2.28%"
"2019/08/01","1,665","1,674","1,698","1,644","5.81M","-0.54%"
"2019/07/31","1,674","1,667","1,682","1,628","9.67M","-0.36%"
"2019/07/30","1,680","1,707","1,730","1,669","6.05M","-1.18%"
"2019/07/29","1,700","1,700","1,715","1,690","3.28M","0.53%"
"2019/07/26","1,691","1,713","1,716","1,681","2.42M","-1.23%"
"2019/07/25","1,712","1,719","1,735","1,694","5.85M","-1.21%"
"2019/07/24","1,733","1,747","1,754","1,697","6.17M","-0.35%"
"2019/07/23","1,739","1,723","1,777","1,722","8.17M","1.76%"
"2019/07/22","1,709","1,730","1,730","1,700","1.99M","0.41%"
"2019/07/19","1,702","1,730","1,731","1,697","3.39M","-0.99%"
"2019/07/18","1,719","1,728","1,744","1,710","2.49M","-0.41%"
"2019/07/17","1,726","1,709","1,727","1,692","2.61M","0.00%"
"2019/07/16","1,726","1,700","1,726","1,686","2.88M","1.05%"
"2019/07/15","1,708","1,695","1,708","1,674","2.09M","0.77%"
"2019/07/12","1,695","1,690","1,704","1,672","3.47M","-0.88%"
"2019/07/11","1,710","1,725","1,725","1,695","3.06M","-0.52%"
"2019/07/10","1,719","1,674","1,721","1,656","3.44M","2.93%"
"2019/07/09","1,670","1,700","1,700","1,647","4.55M","-1.18%"
"2019/07/08","1,690","1,682","1,699","1,670","3.39M","0.36%"
"2019/07/05","1,684","1,690","1,700","1,674","2.82M","-0.88%"
"2019/07/04","1,699","1,690","1,710","1,684","1.69M","-0.06%"
"2019/07/03","1,700","1,660","1,700","1,638","5.91M","-0.35%"
"2019/07/02","1,706","1,795","1,795","1,693","5.34M","-4.32%"
"2019/07/01","1,783","1,810","1,817","1,780","4.85M","-0.83%"
"2019/06/28","1,798","1,790","1,800","1,785","2.23M","0.00%"
"2019/06/27","1,798","1,799","1,807","1,784","2.57M","0.45%"
"2019/06/26","1,790","1,780","1,797","1,765","5.10M","0.73%"
"2019/06/25","1,777","1,777","1,779","1,742","4.11M","0.11%"
"2019/06/24","1,775","1,799","1,815","1,756","6.00M","-0.56%"
"2019/06/21","1,785","1,823","1,831","1,782","45.91M","-2.25%"
"2019/06/20","1,826","1,808","1,856","1,799","23.67M","1.73%"
"2019/06/19","1,795","1,792","1,801","1,786","14.81M","-0.11%"
"2019/06/18","1,797","1,770","1,808","1,770","9.55M","0.39%"
"2019/06/14","1,790","1,800","1,811","1,779","7.38M","0.56%"
"2019/06/13","1,780","1,801","1,806","1,760","6.75M","-1.06%"
"2019/06/12","1,799","1,852","1,879","1,790","5.46M","-3.28%"
"2019/06/11","1,860","1,859","1,887","1,856","4.14M","-0.53%"
"2019/06/10","1,870","1,880","1,909","1,864","3.52M","0.05%"
"2019/06/07","1,869","1,880","1,882","1,845","3.78M","-0.32%"
"2019/06/06","1,875","1,900","1,906","1,869","4.92M","-0.27%"
"2019/06/05","1,880","1,880","1,895","1,866","4.36M","0.37%"
"2019/06/04","1,873","1,889","1,894","1,829","10.89M","-0.43%"
"2019/06/03","1,881","1,865","1,900","1,853","8.22M","1.13%"
"2019/05/31","1,860","1,826","1,864","1,800","7.75M","1.92%"
"2019/05/30","1,825","1,846","1,885","1,823","7.15M","-1.14%"
"2019/05/29","1,846","1,828","1,862","1,801","4.63M","0.82%"
"2019/05/28","1,831","1,829","1,858","1,804","15.74M","-0.54%"
"2019/05/27","1,841","1,876","1,889","1,793","4.65M","-1.39%"
"2019/05/24","1,867","1,879","1,902","1,841","7.83M","1.47%"
"2019/05/23","1,840","1,860","1,953","1,835","9.90M","-2.39%"
"2019/05/22","1,885","1,900","1,900","1,850","6.40M","0.16%"
"2019/05/21","1,882","2,001","2,003","1,876","27.83M","-5.71%"
"2019/05/20","1,996","2,074","2,074","1,984","7.24M","-2.68%"
"2019/05/17","2,051","2,080","2,086","2,007","11.95M","-1.58%"
"2019/05/16","2,084","2,082","2,090","2,027","5.79M","-0.14%"
"2019/05/15","2,087","2,154","2,159","2,050","9.57M","-3.51%"
"2019/05/14","2,163","2,289","2,289","2,123","9.21M","-3.78%"
"2019/05/13","2,248","2,301","2,350","2,197","4.63M","-3.27%"
"2019/05/10","2,324","2,300","2,403","2,300","3.59M","0.26%"
"2019/05/09","2,318","2,424","2,424","2,307","4.08M","-3.01%"
"2019/05/07","2,390","2,424","2,424","2,373","1.70M","-0.46%"
"2019/05/06","2,401","2,409","2,429","2,365","2.44M","-0.50%"
"2019/05/03","2,413","2,389","2,426","2,389","2.14M","0.54%"
"2019/05/02","2,400","2,380","2,437","2,356","2.20M","0.08%"
"2019/04/30","2,398","2,400","2,426","2,384","3.42M","0.21%"
"2019/04/29","2,393","2,431","2,463","2,371","2.94M","-0.42%"
"2019/04/26","2,403","2,398","2,443","2,398","2.39M","0.33%"
"2019/04/25","2,395","2,347","2,416","2,347","4.64M","1.57%"
"2019/04/24","2,358","2,416","2,428","2,347","4.28M","-2.12%"
"2019/04/23","2,409","2,400","2,409","2,383","4.25M","0.84%"
"2019/04/18","2,389","2,385","2,434","2,366","3.21M","-0.79%"
"2019/04/17","2,408","2,420","2,469","2,395","3.20M","-0.99%"
"2019/04/16","2,432","2,440","2,480","2,415","4.53M","-0.33%"
"2019/04/15","2,440","2,400","2,477","2,375","3.49M","0.74%"
"2019/04/12","2,422","2,413","2,442","2,393","2.44M","-0.12%"
"2019/04/11","2,425","2,427","2,437","2,405","3.27M","0.00%"
"2019/04/10","2,425","2,396","2,449","2,385","5.03M","2.41%"
"2019/04/09","2,368","2,332","2,412","2,332","3.37M","0.89%"
"2019/04/08","2,347","2,424","2,424","2,330","1.76M","-2.33%"
"2019/04/05","2,403","2,360","2,433","2,360","2.54M","1.05%"
"2019/04/04","2,378","2,395","2,415","2,357","5.40M","-1.12%"
"2019/04/03","2,405","2,339","2,423","2,319","4.43M","3.53%"
"2019/04/02","2,323","2,362","2,363","2,310","2.91M","-1.69%"
"2019/04/01","2,363","2,321","2,425","2,321","4.38M","1.20%"
"2019/03/29","2,335","2,263","2,381","2,240","6.47M","-1.81%"
"2019/03/28","2,378","2,490","2,490","2,338","4.87M","-2.14%"
"2019/03/27","2,430","2,450","2,450","2,392","2.55M","0.75%"
"2019/03/26","2,412","2,450","2,465","2,410","2.08M","-1.71%"
"2019/03/25","2,454","2,451","2,480","2,418","1.91M","-0.53%"
"2019/03/22","2,467","2,517","2,594","2,454","2.83M","-3.63%"
"2019/03/20","2,560","2,517","2,649","2,517","10.92M","-0.78%"
"2019/03/19","2,580","2,530","2,610","2,503","3.95M","0.78%"
"2019/03/18","2,560","2,544","2,569","2,528","2.60M","0.63%"
"2019/03/15","2,544","2,549","2,563","2,511","7.12M","1.35%"
"2019/03/14","2,510","2,560","2,571","2,505","2.94M","-0.55%"
"2019/03/13","2,524","2,490","2,566","2,490","4.49M","-1.48%"
"2019/03/12","2,562","2,510","2,569","2,492","3.20M","1.22%"
"2019/03/11","2,531","2,520","2,560","2,501","2.13M","-0.75%"
"2019/03/08","2,550","2,525","2,561","2,515","2.82M","-0.04%"
"2019/03/07","2,551","2,625","2,625","2,529","3.47M","-0.51%"
"2019/03/06","2,564","2,560","2,625","2,492","3.52M","-1.88%"
"2019/03/05","2,613","2,495","2,623","2,495","3.44M","1.04%"
"2019/03/04","2,586","2,520","2,614","2,505","2.65M","1.21%"
"2019/03/01","2,555","2,560","2,616","2,545","2.28M","0.43%"
"2019/02/28","2,544","2,451","2,576","2,451","2.93M","-0.27%"
"2019/02/27","2,551","2,543","2,609","2,524","2.61M","-1.73%"
"2019/02/26","2,596","2,451","2,596","2,451","3.54M","1.49%"
"2019/02/25","2,558","2,500","2,580","2,451","2.43M","0.12%"
"2019/02/22","2,555","2,460","2,575","2,458","2.62M","1.15%"
"2019/02/21","2,526","2,481","2,600","2,481","3.55M","-1.79%"
"2019/02/20","2,572","2,510","2,578","2,510","3.59M","1.62%"
"2019/02/19","2,531","2,466","2,558","2,466","2.73M","0.04%"
"2019/02/18","2,530","2,560","2,560","2,471","2.08M","0.76%"
"2019/02/15","2,511","2,460","2,541","2,460","3.32M","-0.04%"
"2019/02/14","2,512","2,541","2,580","2,485","3.81M","-0.71%"
"2019/02/13","2,530","2,473","2,539","2,442","7.93M","2.76%"
"2019/02/12","2,462","2,480","2,507","2,428","4.50M","0.65%"
"2019/02/11","2,446","2,404","2,478","2,404","2.33M","0.82%"
"2019/02/08","2,426","2,485","2,485","2,364","4.58M","1.00%"
"2019/02/07","2,402","2,450","2,450","2,402","2.70M","-1.84%"
"2019/02/06","2,447","2,482","2,482","2,425","2.69M","0.08%"
"2019/02/05","2,445","2,441","2,476","2,402","2.80M","1.03%"
"2019/02/04","2,420","2,459","2,491","2,419","1.89M","-2.38%"
"2019/02/01","2,479","2,475","2,515","2,462","2.47M","0.16%"
"2019/01/31","2,475","2,401","2,500","2,401","5.90M","0.16%"
"2019/01/30","2,471","2,464","2,517","2,430","3.33M","-1.87%"
"2019/01/29","2,518","2,509","2,521","2,461","2.68M","0.72%"
"2019/01/28","2,500","2,600","2,600","2,485","1.95M","-1.96%"
"2019/01/25","2,550","2,550","2,601","2,523","2.51M","-1.05%"
"2019/01/24","2,577","2,561","2,603","2,540","3.00M","-1.19%"
"2019/01/23","2,608","2,616","2,616","2,561","4.01M","-1.25%"
"2019/01/22","2,641","2,640","2,663","2,616","2.35M","0.00%"
"2019/01/21","2,641","2,610","2,670","2,610","2.10M","1.23%"
"2019/01/18","2,609","2,669","2,669","2,598","2.50M","-0.04%"
"2019/01/17","2,610","2,670","2,670","2,591","3.72M","-0.23%"
"2019/01/16","2,616","2,561","2,619","2,561","1.82M","1.43%"
"2019/01/15","2,579","2,577","2,659","2,555","2.75M","-1.94%"
"2019/01/14","2,630","2,684","2,684","2,602","2.44M","-2.30%"
"2019/01/11","2,692","2,694","2,721","2,669","7.71M","0.30%"
"2019/01/10","2,684","2,523","2,699","2,523","6.12M","3.59%"
"2019/01/09","2,591","2,590","2,609","2,568","3.08M","1.17%"
"2019/01/08","2,561","2,577","2,653","2,541","2.09M","-0.19%"
"2019/01/07","2,566","2,610","2,661","2,564","3.09M","-1.50%"
"2019/01/04","2,605","2,561","2,627","2,561","1.64M","0.31%"
"2019/01/03","2,597","2,526","2,608","2,498","3.10M","2.81%"
"2019/01/02","2,526","2,590","2,597","2,519","1.53M","-3.00%"
"2018/12/31","2,604","2,609","2,609","2,564","756.50K","1.56%"
"2018/12/28","2,564","2,576","2,595","2,542","1.94M","0.51%"
"2018/12/27","2,551","2,581","2,608","2,503","2.17M","-0.23%"
"2018/12/24","2,557","2,580","2,580","2,515","591.87K","1.55%"
"2018/12/21","2,518","2,609","2,609","2,513","5.11M","-2.63%"
"2018/12/20","2,586","2,561","2,601","2,512","9.99M","0.66%"
"2018/12/19","2,569","2,561","2,585","2,501","3.50M","1.26%"
"2018/12/18","2,537","2,482","2,578","2,469","4.26M","-0.24%"
"2018/12/14","2,543","2,461","2,606","2,461","2.81M","-2.60%"
"2018/12/13","2,611","2,467","2,623","2,467","3.95M","1.52%"
"2018/12/12","2,572","2,581","2,610","2,562","3.69M","-0.27%"
"2018/12/11","2,579","2,461","2,609","2,461","5.80M","3.33%"
"2018/12/10","2,496","2,530","2,541","2,493","4.33M","-1.77%"
"2018/12/07","2,541","2,609","2,610","2,536","2.82M","-0.04%"
"2018/12/06","2,542","2,503","2,561","2,457","4.07M","-1.13%"
"2018/12/05","2,571","2,547","2,579","2,531","2.80M","-0.08%"
"2018/12/04","2,573","2,605","2,610","2,547","3.45M","0.00%"
"2018/12/03","2,573","2,522","2,610","2,522","3.52M","2.02%"
"2018/11/30","2,522","2,594","2,603","2,522","5.72M","-2.66%"
"2018/11/29","2,591","2,689","2,689","2,545","4.13M","0.54%"
"2018/11/28","2,577","2,610","2,658","2,543","5.94M","1.34%"
"2018/11/27","2,543","2,586","2,632","2,511","4.36M","-3.12%"
"2018/11/26","2,625","2,539","2,625","2,516","5.52M","3.84%"
"2018/11/23","2,528","2,405","2,538","2,405","5.93M","3.27%"
"2018/11/22","2,448","2,463","2,476","2,410","2.74M","0.53%"
"2018/11/21","2,435","2,462","2,494","2,400","4.16M","-0.77%"
"2018/11/20","2,454","2,434","2,528","2,434","5.88M","-3.08%"
"2018/11/19","2,532","2,512","2,587","2,498","5.98M","3.69%"
"2018/11/16","2,442","2,362","2,476","2,362","2.89M","1.88%"
"2018/11/15","2,397","2,426","2,452","2,360","2.95M","-1.20%"
"2018/11/14","2,426","2,434","2,482","2,410","2.95M","-2.49%"
"2018/11/13","2,488","2,493","2,561","2,433","4.19M","0.20%"
"2018/11/12","2,483","2,561","2,579","2,432","3.15M","-1.15%"
"2018/11/09","2,512","2,561","2,561","2,452","4.24M","-0.48%"
"2018/11/08","2,524","2,550","2,551","2,483","4.52M","-0.12%"
"2018/11/07","2,527","2,549","2,568","2,482","3.66M","1.00%"
"2018/11/06","2,502","2,542","2,568","2,413","3.95M","-1.57%"
"2018/11/05","2,542","2,452","2,574","2,451","3.63M","1.76%"
"2018/11/02","2,498","2,487","2,549","2,424","4.92M","1.26%"
"2018/11/01","2,467","2,316","2,480","2,316","6.68M","0.86%"
"2018/10/31","2,446","2,394","2,453","2,335","8.43M","3.47%"
"2018/10/30","2,364","2,374","2,391","2,304","3.09M","0.72%"
"2018/10/29","2,347","2,359","2,401","2,316","2.61M","2.00%"
"2018/10/26","2,301","2,359","2,385","2,281","4.10M","-3.36%"
"2018/10/25","2,381","2,315","2,399","2,315","12.07M","0.93%"
"2018/10/24","2,359","2,374","2,405","2,349","7.01M","-0.17%"
"2018/10/23","2,363","2,330","2,381","2,330","3.39M","-0.08%"
"2018/10/22","2,365","2,385","2,420","2,323","1.63M","0.25%"
"2018/10/19","2,359","2,335","2,378","2,325","3.62M","0.68%"
"2018/10/18","2,343","2,339","2,357","2,313","5.16M","-0.30%"
"2018/10/17","2,350","2,441","2,441","2,328","5.11M","-2.37%"
"2018/10/16","2,407","2,354","2,425","2,354","3.03M","1.86%"
"2018/10/15","2,363","2,369","2,398","2,329","3.82M","-0.34%"
"2018/10/12","2,371","2,391","2,396","2,334","3.87M","0.89%"
"2018/10/11","2,350","2,334","2,378","2,308","6.55M","-2.65%"
"2018/10/10","2,414","2,393","2,432","2,380","3.79M","-0.21%"
"2018/10/09","2,419","2,392","2,427","2,378","3.12M","1.13%"
"2018/10/08","2,392","2,384","2,393","2,338","5.96M","-0.79%"
"2018/10/05","2,411","2,379","2,428","2,332","5.25M","0.96%"
"2018/10/04","2,388","2,364","2,388","2,300","5.68M","0.00%"
"2018/10/03","2,388","2,344","2,388","2,279","7.43M","1.44%"
"2018/10/02","2,354","2,321","2,369","2,263","5.20M","0.43%"
"2018/10/01","2,344","2,369","2,413","2,341","5.44M","-1.72%"
"2018/09/28","2,385","2,429","2,455","2,315","10.25M","-3.17%"
"2018/09/27","2,463","2,729","2,729","2,367","11.96M","-9.42%"
"2018/09/26","2,719","2,676","2,767","2,676","3.22M","1.87%"
"2018/09/25","2,669","2,715","2,729","2,637","3.68M","-1.73%"
"2018/09/21","2,716","2,712","2,779","2,680","5.81M","0.56%"
"2018/09/20","2,701","2,719","2,763","2,685","14.90M","-1.03%"
"2018/09/19","2,729","2,700","2,732","2,666","3.40M","1.53%"
"2018/09/18","2,688","2,694","2,717","2,624","3.45M","0.04%"
"2018/09/17","2,687","2,699","2,709","2,649","2.53M","-1.36%"
"2018/09/14","2,724","2,698","2,775","2,674","3.18M","0.15%"
"2018/09/13","2,720","2,728","2,768","2,663","4.44M","-0.29%"
"2018/09/12","2,728","2,724","2,787","2,704","4.94M","0.15%"
"2018/09/11","2,724","2,734","2,780","2,671","3.90M","0.22%"
"2018/09/10","2,718","2,806","2,806","2,693","3.37M","-3.17%"
"2018/09/07","2,807","2,816","2,861","2,807","5.34M","0.72%"
"2018/09/06","2,787","2,784","2,833","2,774","4.78M","0.36%"
"2018/09/05","2,777","2,831","2,831","2,765","4.83M","-1.91%"
"2018/09/04","2,831","2,904","2,931","2,800","3.29M","-2.28%"
"2018/09/03","2,897","2,894","2,949","2,893","3.27M","0.21%"
"2018/08/31","2,891","2,856","2,923","2,851","5.25M","1.94%"
"2018/08/30","2,836","2,914","2,944","2,834","4.09M","-2.24%"
"2018/08/29","2,901","2,946","2,946","2,879","4.02M","-0.65%"
"2018/08/28","2,920","2,898","2,954","2,898","3.83M","0.03%"
"2018/08/27","2,919","2,841","2,923","2,841","3.61M","2.21%"
"2018/08/24","2,856","2,774","2,881","2,774","4.31M","2.18%"
"2018/08/23","2,795","2,761","2,813","2,761","2.93M","0.83%"
"2018/08/22","2,772","2,724","2,795","2,724","4.06M","1.50%"
"2018/08/21","2,731","2,671","2,745","2,671","4.99M","1.64%"
"2018/08/20","2,687","2,673","2,716","2,629","1.26M","0.86%"
"2018/08/17","2,664","2,684","2,734","2,635","2.22M","-1.30%"
"2018/08/16","2,699","2,694","2,751","2,673","4.15M","0.22%"
"2018/08/15","2,693","2,707","2,753","2,672","2.61M","-1.50%"
"2018/08/14","2,734","2,665","2,747","2,665","3.76M","2.63%"
"2018/08/13","2,664","2,689","2,720","2,636","5.12M","-2.09%"
"2018/08/10","2,721","2,794","2,794","2,701","2.88M","-2.05%"
"2018/08/08","2,778","2,758","2,808","2,733","4.57M","0.83%"
"2018/08/07","2,755","2,690","2,756","2,685","2.75M","2.76%"
"2018/08/06","2,681","2,781","2,781","2,659","4.43M","-2.58%"
"2018/08/03","2,752","2,734","2,800","2,663","5.50M","0.66%"
"2018/08/02","2,734","2,704","2,763","2,684","3.76M","0.44%"
"2018/08/01","2,722","2,688","2,747","2,665","2.95M","2.18%"
"2018/07/31","2,664","2,627","2,704","2,627","8.09M","1.06%"
"2018/07/30","2,636","2,623","2,669","2,607","1.88M","-0.53%"
"2018/07/27","2,650","2,610","2,653","2,609","1.71M","1.15%"
"2018/07/26","2,620","2,575","2,648","2,575","2.60M","1.79%"
"2018/07/25","2,574","2,647","2,685","2,554","3.13M","-2.28%"
"2018/07/24","2,634","2,639","2,653","2,610","3.74M","-0.42%"
"2018/07/23","2,645","2,694","2,694","2,636","2.00M","-1.56%"
"2018/07/20","2,687","2,652","2,715","2,650","2.96M","1.32%"
"2018/07/19","2,652","2,699","2,708","2,652","3.21M","-1.74%"
"2018/07/18","2,699","2,704","2,751","2,690","3.62M","-0.18%"
"2018/07/17","2,704","2,686","2,718","2,651","3.91M","0.97%"
"2018/07/16","2,678","2,724","2,748","2,635","5.39M","-2.62%"
"2018/07/13","2,750","2,746","2,785","2,729","3.10M","-0.29%"
"2018/07/12","2,758","2,749","2,783","2,731","4.37M","0.00%"
"2018/07/11","2,758","2,766","2,818","2,752","4.76M","-1.61%"
"2018/07/10","2,803","2,815","2,867","2,783","5.14M","-0.07%"
"2018/07/09","2,805","2,791","2,814","2,784","4.27M","-0.07%"
"2018/07/06","2,807","2,739","2,807","2,716","5.35M","1.74%"
"2018/07/05","2,759","2,735","2,810","2,670","4.22M","1.10%"
"2018/07/04","2,729","2,759","2,769","2,694","3.03M","-2.54%"
"2018/07/03","2,800","2,708","2,825","2,688","5.82M","3.40%"
"2018/07/02","2,708","2,690","2,718","2,637","2.74M","-0.48%"
"2018/06/29","2,721","2,671","2,742","2,604","4.60M","2.14%"
"2018/06/28","2,664","2,658","2,664","2,610","4.05M","-0.49%"
"2018/06/27","2,677","2,693","2,709","2,614","5.71M","-0.59%"
"2018/06/26","2,693","2,697","2,714","2,678","2.69M","-0.22%"
"2018/06/25","2,699","2,749","2,749","2,621","3.48M","-1.46%"
"2018/06/22","2,739","2,704","2,767","2,704","2.93M","0.26%"
"2018/06/21","2,732","2,778","2,778","2,658","12.35M","-1.66%"
"2018/06/20","2,778","2,841","2,893","2,751","7.79M","-1.45%"
"2018/06/19","2,819","2,915","2,931","2,819","8.48M","-3.23%"
"2018/06/18","2,913","2,922","2,978","2,867","4.21M","-0.31%"
"2018/06/15","2,922","2,879","2,960","2,857","38.84M","2.35%"
"2018/06/14","2,855","2,871","2,886","2,841","3.71M","-1.07%"
"2018/06/13","2,886","2,857","2,886","2,850","2.55M","0.59%"
"2018/06/12","2,869","2,894","2,924","2,869","3.23M","-1.27%"
"2018/06/11","2,906","2,945","2,954","2,868","5.16M","-1.32%"
"2018/06/08","2,945","2,882","2,945","2,847","3.35M","1.27%"
"2018/06/07","2,908","2,888","2,938","2,888","4.20M","0.76%"
"2018/06/06","2,886","2,879","2,906","2,846","4.45M","0.63%"
"2018/06/05","2,868","2,937","2,940","2,824","9.02M","-2.18%"
"2018/06/04","2,932","2,936","3,004","2,882","5.73M","-0.14%"
"2018/06/01","2,936","2,964","2,964","2,927","4.60M","0.65%"
"2018/05/31","2,917","2,914","2,986","2,903","14.94M","-0.31%"
"2018/05/30","2,926","2,942","2,942","2,887","5.75M","-0.54%"
"2018/05/29","2,942","2,995","2,995","2,921","6.03M","-1.44%"
"2018/05/28","2,985","3,004","3,027","2,971","4.39M","0.44%"
"2018/05/25","2,972","2,944","2,975","2,930","6.08M","1.57%"
"2018/05/24","2,926","2,961","2,970","2,903","5.51M","-0.65%"
"2018/05/23","2,945","2,940","2,976","2,886","6.07M","0.27%"
"2018/05/22","2,937","2,931","2,955","2,872","3.63M","1.66%"
"2018/05/21","2,889","2,920","2,933","2,880","2.55M","-0.07%"
"2018/05/18","2,891","2,921","2,921","2,867","3.42M","-0.52%"
"2018/05/17","2,906","2,901","2,947","2,892","3.81M","-0.48%"
"2018/05/16","2,920","2,995","2,995","2,902","2.77M","-2.21%"
"2018/05/15","2,986","2,955","3,056","2,896","8.42M","2.23%"
"2018/05/14","2,921","2,936","2,955","2,867","4.08M","-0.34%"
"2018/05/11","2,931","2,896","2,963","2,828","3.49M","2.48%"
"2018/05/10","2,860","2,906","3,014","2,860","3.09M","-3.44%"
"2018/05/09","2,962","2,995","2,995","2,927","2.18M","-0.97%"
"2018/05/08","2,991","2,916","2,997","2,916","1.61M","0.40%"
"2018/05/07","2,979","2,908","3,114","2,908","2.23M","-0.77%"
"2018/05/04","3,002","2,906","3,024","2,906","3.15M","1.21%"
"2018/05/03","2,966","3,031","3,031","2,966","3.07M","-1.26%"
"2018/05/02","3,004","3,031","3,036","2,934","3.79M","-1.60%"
"2018/04/30","3,053","2,907","3,113","2,907","4.60M","2.62%"
"2018/04/26","2,975","2,884","2,993","2,882","3.12M","3.16%"
"2018/04/25","2,884","2,922","2,937","2,874","2.70M","-1.67%"
"2018/04/24","2,933","2,949","2,964","2,901","2.55M","-0.95%"
"2018/04/23","2,961","2,947","3,007","2,912","3.52M","-0.50%"
"2018/04/20","2,976","2,859","2,977","2,859","3.91M","3.15%"
"2018/04/19","2,885","2,877","2,887","2,830","2.66M","0.98%"
"2018/04/18","2,857","2,769","2,885","2,748","7.34M","3.66%"
"2018/04/17","2,756","2,675","2,756","2,665","3.19M","3.03%"
"2018/04/16","2,675","2,689","2,698","2,654","3.39M","0.15%"
"2018/04/13","2,671","2,729","2,739","2,581","2.61M","-2.16%"
"2018/04/12","2,730","2,724","2,741","2,716","2.21M","0.04%"
"2018/04/11","2,729","2,734","2,746","2,711","2.36M","-0.37%"
"2018/04/10","2,739","2,749","2,778","2,660","4.49M","0.55%"
"2018/04/09","2,724","2,749","2,782","2,665","4.40M","-1.48%"
"2018/04/06","2,765","2,807","2,807","2,728","4.04M","0.73%"
"2018/04/05","2,745","2,723","2,789","2,723","2.27M","0.44%"
"2018/04/04","2,733","2,727","2,748","2,661","2.88M","-0.55%"
"2018/04/03","2,748","2,799","2,799","2,638","3.77M","-0.36%"
"2018/03/29","2,758","2,652","2,953","2,570","13.04M","4.00%"
"2018/03/28","2,652","2,439","2,695","2,399","6.69M","7.19%"
"2018/03/27","2,474","2,448","2,526","2,448","2.51M","-1.20%"
"2018/03/26","2,504","2,507","2,512","2,460","1.24M","-0.16%"
"2018/03/23","2,508","2,418","2,522","2,418","1.38M","-1.34%"
"2018/03/22","2,542","2,426","2,553","2,426","5.58M","2.67%"
"2018/03/20","2,476","2,465","2,509","2,444","2.23M","0.04%"
"2018/03/19","2,475","2,404","2,484","2,404","2.66M","1.52%"
"2018/03/16","2,438","2,455","2,489","2,404","6.59M","1.04%"
"2018/03/15","2,413","2,420","2,455","2,402","4.49M","-0.29%"
"2018/03/14","2,420","2,473","2,483","2,417","3.43M","-3.66%"
"2018/03/13","2,512","2,502","2,535","2,473","2.03M","0.00%"
"2018/03/12","2,512","2,551","2,551","2,502","1.64M","-0.75%"
"2018/03/09","2,531","2,551","2,551","2,518","2.89M","-0.04%"
"2018/03/08","2,532","2,464","2,561","2,464","2.28M","0.00%"
"2018/03/07","2,532","2,506","2,533","2,476","2.10M","1.04%"
"2018/03/06","2,506","2,472","2,620","2,465","3.83M","1.38%"
"2018/03/05","2,472","2,463","2,520","2,441","3.06M","-0.60%"
"2018/03/02","2,487","2,424","2,521","2,424","2.12M","0.57%"
"2018/03/01","2,473","2,487","2,531","2,448","4.14M","-1.55%"
"2018/02/28","2,512","2,468","2,559","2,464","3.32M","-1.91%"
"2018/02/27","2,561","2,571","2,616","2,530","3.32M","-0.66%"
"2018/02/26","2,578","2,524","2,595","2,508","4.34M","1.82%"
"2018/02/23","2,532","2,419","2,544","2,418","1.22M","0.44%"
"2018/02/22","2,521","2,438","2,530","2,438","1.50M","1.08%"
"2018/02/21","2,494","2,389","2,529","2,389","2.56M","-1.46%"
"2018/02/20","2,531","2,498","2,532","2,476","1.20M","-0.04%"
"2018/02/19","2,532","2,502","2,551","2,498","2.68M","-1.02%"
"2018/02/16","2,558","2,546","2,558","2,493","5.99M","0.83%"
"2018/02/15","2,537","2,517","2,566","2,491","3.88M","0.83%"
"2018/02/14","2,516","2,413","2,527","2,364","3.39M","-0.24%"
"2018/02/13","2,522","2,463","2,564","2,463","5.12M","0.72%"
"2018/02/12","2,504","2,389","2,560","2,320","1.27M","0.32%"
"2018/02/09","2,496","2,521","2,537","2,440","2.07M","-1.03%"
"2018/02/08","2,522","2,477","2,544","2,477","2.40M","-0.04%"
"2018/02/07","2,523","2,473","2,529","2,401","6.55M","3.78%"
"2018/02/06","2,431","2,474","2,486","2,347","14.48M","-2.84%"
"2018/02/05","2,502","2,561","2,561","2,500","4.43M","-2.30%"
"2018/02/02","2,561","2,512","2,577","2,501","5.39M","0.39%"
"2018/02/01","2,551","2,610","2,610","2,529","3.26M","-0.58%"
"2018/01/31","2,566","2,502","2,594","2,498","3.18M","2.11%"
"2018/01/30","2,513","2,512","2,598","2,469","3.64M","0.00%"
"2018/01/29","2,513","2,515","2,525","2,402","4.69M","0.24%"
"2018/01/26","2,507","2,413","2,515","2,413","3.59M","1.01%"
"2018/01/25","2,482","2,492","2,512","2,463","4.20M","-1.04%"
"2018/01/24","2,508","2,532","2,532","2,453","15.24M","-0.95%"
"2018/01/23","2,532","2,463","2,532","2,463","4.54M","1.81%"
"2018/01/22","2,487","2,512","2,527","2,472","4.70M","-1.00%"
"2018/01/19","2,512","2,512","2,513","2,467","4.05M","1.05%"
"2018/01/18","2,486","2,361","2,507","2,285","7.40M","2.73%"
"2018/01/17","2,420","2,394","2,452","2,356","3.67M","0.88%"
"2018/01/16","2,399","2,325","2,414","2,317","3.45M","1.83%"
"2018/01/15","2,356","2,282","2,395","2,282","2.06M","0.55%"
"2018/01/12","2,343","2,335","2,387","2,282","1.82M","0.34%"
"2018/01/11","2,335","2,384","2,385","2,311","2.36M","-0.17%"
"2018/01/10","2,339","2,369","2,453","2,324","3.64M","-2.09%"
"2018/01/09","2,389","2,403","2,411","2,352","2.14M","0.00%"
"2018/01/08","2,389","2,364","2,428","2,364","2.34M","-0.17%"
"2018/01/05","2,393","2,364","2,428","2,364","1.88M","-0.62%"
"2018/01/04","2,408","2,462","2,462","2,363","1.56M","0.29%"
"2018/01/03","2,401","2,463","2,477","2,367","2.20M","-2.08%"
"2018/01/02","2,452","2,433","2,501","2,433","2.42M","-1.01%"
"2017/12/29","2,477","2,408","2,509","2,400","1.96M","4.47%"
"2017/12/28","2,371","2,354","2,384","2,323","882.71K","0.00%"
"2017/12/27","2,371","2,315","2,386","2,315","1.55M","0.55%"
"2017/12/22","2,358","2,356","2,408","2,316","774.92K","0.13%"
"2017/12/21","2,355","2,320","2,386","2,207","5.60M","1.55%"
"2017/12/20","2,319","2,293","2,363","2,283","6.19M","-0.22%"
"2017/12/19","2,324","2,280","2,324","2,222","5.85M","4.59%"
"2017/12/18","2,222","2,194","2,294","2,188","4.00M","0.00%"
"2017/12/15","2,222","2,228","2,274","2,178","41.57M","-0.27%"
"2017/12/14","2,228","2,177","2,248","2,173","4.91M","2.34%"
"2017/12/13","2,177","2,177","2,196","2,163","4.50M","-0.05%"
"2017/12/12","2,178","2,196","2,226","2,118","4.46M","-0.95%"
"2017/12/11","2,199","2,216","2,222","2,165","4.08M","-0.90%"
"2017/12/08","2,219","2,197","2,266","2,182","4.26M","-0.31%"
"2017/12/07","2,226","2,227","2,250","2,207","4.74M","0.00%"
"2017/12/06","2,226","2,212","2,262","2,198","4.18M","-0.40%"
"2017/12/05","2,235","2,227","2,276","2,216","3.18M","0.04%"
"2017/12/04","2,234","2,288","2,290","2,214","4.82M","-0.76%"
"2017/12/01","2,251","2,212","2,276","2,183","4.41M","1.58%"
"2017/11/30","2,216","2,208","2,216","2,160","10.52M","0.36%"
"2017/11/29","2,208","2,216","2,266","2,180","3.27M","-0.09%"
"2017/11/28","2,210","2,179","2,239","2,130","5.88M","1.42%"
"2017/11/27","2,179","2,167","2,193","2,120","3.77M","0.23%"
"2017/11/24","2,174","2,167","2,212","2,157","2.01M","-0.59%"
"2017/11/23","2,187","2,183","2,230","2,144","4.81M","0.18%"
"2017/11/22","2,183","2,216","2,216","2,147","4.27M","0.28%"
"2017/11/21","2,177","2,142","2,203","2,142","4.60M","-1.18%"
"2017/11/20","2,203","2,212","2,294","2,112","7.93M","-2.78%"
"2017/11/17","2,266","2,261","2,266","2,187","6.22M","0.22%"
"2017/11/16","2,261","2,314","2,346","2,228","12.86M","-2.54%"
"2017/11/15","2,320","2,295","2,388","2,266","17.28M","-6.71%"
"2017/11/14","2,487","2,498","2,503","2,391","3.88M","0.69%"
"2017/11/13","2,470","2,394","2,497","2,394","2.01M","0.86%"
"2017/11/10","2,449","2,471","2,497","2,423","2.62M","-0.89%"
"2017/11/09","2,471","2,448","2,488","2,389","3.01M","0.77%"
"2017/11/08","2,452","2,433","2,461","2,405","3.18M","1.53%"
"2017/11/07","2,415","2,399","2,442","2,394","4.14M","-0.86%"
"2017/11/06","2,436","2,399","2,469","2,399","2.43M","-1.02%"
"2017/11/03","2,461","2,463","2,510","2,414","1.91M","-0.36%"
"2017/11/02","2,470","2,443","2,497","2,439","1.88M","0.90%"
"2017/11/01","2,448","2,473","2,508","2,431","3.94M","-0.16%"
"2017/10/31","2,452","2,453","2,466","2,433","3.25M","0.20%"
"2017/10/30","2,447","2,419","2,472","2,419","3.06M","1.12%"
"2017/10/27","2,420","2,386","2,446","2,372","3.76M","1.42%"
"2017/10/26","2,386","2,389","2,417","2,345","6.90M","-0.33%"
"2017/10/25","2,394","2,375","2,416","2,364","3.05M","0.80%"
"2017/10/24","2,375","2,406","2,406","2,335","5.97M","-0.38%"
"2017/10/23","2,384","2,443","2,473","2,384","4.90M","-1.28%"
"2017/10/20","2,415","2,496","2,517","2,415","7.46M","-3.36%"
"2017/10/19","2,499","2,507","2,509","2,487","2.34M","0.32%"
"2017/10/18","2,491","2,486","2,513","2,465","2.59M","0.57%"
"2017/10/17","2,477","2,517","2,519","2,460","5.86M","-1.59%"
"2017/10/16","2,517","2,527","2,542","2,484","3.87M","-0.44%"
"2017/10/13","2,528","2,487","2,528","2,451","6.53M","1.77%"
"2017/10/12","2,484","2,494","2,507","2,452","7.32M","0.44%"
"2017/10/11","2,473","2,487","2,505","2,454","3.31M","-0.20%"
"2017/10/10","2,478","2,441","2,517","2,441","3.99M","1.35%"
"2017/10/09","2,445","2,367","2,448","2,364","5.38M","3.30%"
"2017/10/06","2,367","2,305","2,372","2,305","6.77M","2.69%"
"2017/10/05","2,305","2,285","2,313","2,280","3.54M","0.44%"
"2017/10/04","2,295","2,295","2,337","2,287","5.13M","0.83%"
"2017/10/03","2,276","2,283","2,285","2,231","9.57M","0.13%"
"2017/10/02","2,273","2,349","2,355","2,263","9.86M","-3.03%"
"2017/09/29","2,344","2,342","2,385","2,342","5.85M","-0.64%"
"2017/09/28","2,359","2,278","2,389","2,239","12.56M","4.10%"
"2017/09/27","2,266","2,261","2,276","2,236","2.47M","0.22%"
"2017/09/26","2,261","2,305","2,305","2,241","4.71M","-1.61%"
"2017/09/22","2,298","2,267","2,310","2,267","3.30M","0.17%"
"2017/09/21","2,294","2,283","2,294","2,250","16.50M","1.24%"
"2017/09/20","2,266","2,271","2,283","2,246","3.43M","0.00%"
"2017/09/19","2,266","2,266","2,283","2,244","5.88M","-0.35%"
"2017/09/18","2,274","2,295","2,312","2,234","5.88M","-0.66%"
"2017/09/15","2,289","2,315","2,315","2,251","8.80M","-0.99%"
"2017/09/14","2,312","2,352","2,379","2,291","13.03M","-2.41%"
"2017/09/13","2,369","2,410","2,417","2,363","5.16M","-1.70%"
"2017/09/12","2,410","2,409","2,436","2,384","2.37M","1.01%"
"2017/09/11","2,386","2,378","2,412","2,371","2.68M","-0.13%"
"2017/09/08","2,389","2,388","2,412","2,364","2.79M","-0.21%"
"2017/09/07","2,394","2,374","2,407","2,344","3.78M","1.01%"
"2017/09/06","2,370","2,405","2,433","2,364","4.19M","-1.82%"
"2017/09/05","2,414","2,384","2,433","2,384","2.51M","0.42%"
"2017/09/04","2,404","2,381","2,413","2,349","4.54M","0.97%"
"2017/09/01","2,381","2,379","2,413","2,363","3.15M","0.25%"
"2017/08/31","2,375","2,406","2,418","2,361","7.03M","-2.10%"
"2017/08/30","2,426","2,505","2,505","2,404","2.87M","-1.98%"
"2017/08/29","2,475","2,492","2,492","2,439","4.33M","-0.68%"
"2017/08/28","2,492","2,433","2,507","2,433","3.02M","1.55%"
"2017/08/25","2,454","2,455","2,492","2,443","1.43M","-0.12%"
"2017/08/24","2,457","2,431","2,477","2,431","2.95M","0.16%"
"2017/08/23","2,453","2,477","2,518","2,438","3.35M","-0.89%"
"2017/08/22","2,475","2,464","2,512","2,452","3.99M","1.14%"
"2017/08/21","2,447","2,456","2,487","2,433","5.80M","-0.65%"
"2017/08/18","2,463","2,483","2,528","2,453","10.94M","-1.48%"
"2017/08/17","2,500","2,512","2,537","2,500","5.14M","-0.48%"
"2017/08/16","2,512","2,502","2,552","2,502","4.72M","-0.32%"
"2017/08/15","2,520","2,512","2,532","2,498","3.15M","0.32%"
"2017/08/14","2,512","2,495","2,549","2,495","6.77M","0.64%"
"2017/08/11","2,496","2,463","2,512","2,447","3.77M","1.55%"
"2017/08/10","2,458","2,463","2,537","2,440","4.35M","-0.20%"
"2017/08/08","2,463","2,390","2,478","2,374","22.66M","3.75%"
"2017/08/07","2,374","2,410","2,410","2,366","7.43M","-0.54%"
"2017/08/04","2,387","2,379","2,420","2,362","7.78M","0.46%"
"2017/08/03","2,376","2,419","2,430","2,357","9.28M","-0.83%"
"2017/08/02","2,396","2,409","2,423","2,395","4.63M","-0.95%"
"2017/08/01","2,419","2,433","2,433","2,409","3.56M","0.04%"
"2017/07/31","2,418","2,419","2,437","2,400","10.47M","-0.21%"
"2017/07/28","2,423","2,412","2,438","2,394","6.70M","0.21%"
"2017/07/27","2,418","2,510","2,516","2,389","15.03M","-2.58%"
"2017/07/26","2,482","2,483","2,517","2,464","3.82M","0.69%"
"2017/07/25","2,465","2,511","2,526","2,459","2.92M","-0.80%"
"2017/07/24","2,485","2,500","2,523","2,472","3.28M","0.16%"
"2017/07/21","2,481","2,466","2,520","2,463","3.25M","0.04%"
"2017/07/20","2,480","2,437","2,496","2,423","3.48M","1.76%"
"2017/07/19","2,437","2,471","2,506","2,416","3.84M","-1.73%"
"2017/07/18","2,480","2,512","2,525","2,471","2.46M","-2.05%"
"2017/07/17","2,532","2,517","2,547","2,512","2.55M","0.60%"
"2017/07/14","2,517","2,484","2,532","2,480","2.02M","1.66%"
"2017/07/13","2,476","2,486","2,495","2,462","2.56M","-0.40%"
"2017/07/12","2,486","2,423","2,492","2,419","2.93M","2.77%"
"2017/07/11","2,419","2,463","2,464","2,412","3.76M","-2.26%"
"2017/07/10","2,475","2,530","2,534","2,463","2.93M","-1.08%"
"2017/07/07","2,502","2,527","2,527","2,465","2.90M","-0.20%"
"2017/07/06","2,507","2,456","2,542","2,456","4.97M","2.08%"
"2017/07/05","2,456","2,490","2,491","2,438","3.74M","-2.03%"
"2017/07/04","2,507","2,503","2,535","2,476","2.05M","0.72%"
"2017/07/03","2,489","2,558","2,558","2,460","3.65M","-1.81%"
"2017/06/30","2,535","2,465","2,552","2,463","3.43M","1.64%"
"2017/06/29","2,494","2,476","2,541","2,428","4.49M","-1.15%"
"2017/06/28","2,523","2,482","2,530","2,461","3.15M","1.98%"
"2017/06/27","2,474","2,517","2,551","2,447","2.66M","-2.17%"
"2017/06/26","2,529","2,532","2,542","2,486","1.60M","-0.12%"
"2017/06/23","2,532","2,467","2,548","2,467","3.09M","2.59%"
"2017/06/22","2,468","2,477","2,499","2,430","2.48M","-1.36%"
"2017/06/21","2,502","2,433","2,512","2,403","4.05M","2.21%"
"2017/06/20","2,448","2,424","2,457","2,392","2.56M","0.99%"
"2017/06/19","2,424","2,440","2,457","2,399","4.37M","-1.22%"
"2017/06/15","2,454","2,415","2,463","2,384","16.67M","1.61%"
"2017/06/14","2,415","2,415","2,443","2,410","4.63M","-0.54%"
"2017/06/13","2,428","2,439","2,460","2,422","3.60M","-1.02%"
"2017/06/12","2,453","2,434","2,476","2,409","2.78M","0.25%"
"2017/06/09","2,447","2,412","2,469","2,377","3.78M","0.16%"
"2017/06/08","2,443","2,474","2,479","2,418","5.46M","-1.97%"
"2017/06/07","2,492","2,501","2,516","2,470","3.07M","-1.27%"
"2017/06/06","2,524","2,518","2,549","2,495","4.84M","-0.12%"
"2017/06/05","2,527","2,537","2,557","2,515","3.72M","-1.33%"
"2017/06/02","2,561","2,561","2,605","2,522","4.28M","-1.23%"
"2017/06/01","2,593","2,684","2,684","2,567","5.33M","-2.37%"
"2017/05/31","2,656","2,641","2,682","2,619","7.81M","0.57%"
"2017/05/30","2,641","2,608","2,653","2,593","3.11M","1.77%"
"2017/05/29","2,595","2,634","2,639","2,574","1.16M","-1.26%"
"2017/05/26","2,628","2,590","2,628","2,582","2.20M","1.43%"
"2017/05/25","2,591","2,608","2,631","2,587","3.71M","-1.60%"
"2017/05/24","2,633","2,632","2,637","2,607","2.34M","0.04%"
"2017/05/23","2,632","2,645","2,661","2,610","3.04M","-0.15%"
"2017/05/22","2,636","2,633","2,650","2,583","2.53M","0.73%"
"2017/05/19","2,617","2,635","2,635","2,579","3.70M","0.11%"
"2017/05/18","2,614","2,676","2,676","2,610","4.65M","-2.32%"
"2017/05/17","2,676","2,666","2,684","2,647","4.65M","0.38%"
"2017/05/16","2,666","2,621","2,672","2,618","3.81M","1.72%"
"2017/05/15","2,621","2,660","2,703","2,574","3.96M","-1.84%"
"2017/05/12","2,670","2,665","2,693","2,660","3.10M","0.19%"
"2017/05/11","2,665","2,690","2,704","2,659","5.09M","-0.19%"
"2017/05/10","2,670","2,674","2,704","2,625","8.07M","0.26%"
"2017/05/09","2,663","2,665","2,702","2,657","4.82M","0.00%"
"2017/05/08","2,663","2,671","2,704","2,658","3.59M","0.19%"
"2017/05/05","2,658","2,674","2,695","2,637","5.69M","0.04%"
"2017/05/04","2,657","2,660","2,693","2,631","6.89M","0.45%"
"2017/05/03","2,645","2,670","2,670","2,618","5.14M","-0.94%"
"2017/05/02","2,670","2,611","2,689","2,610","4.40M","2.26%"
"2017/04/28","2,611","2,604","2,651","2,590","4.17M","0.46%"
"2017/04/26","2,599","2,581","2,645","2,569","4.14M","0.70%"
"2017/04/25","2,581","2,551","2,619","2,546","8.34M","2.10%"
"2017/04/24","2,528","2,473","2,556","2,472","6.45M","3.27%"
"2017/04/21","2,448","2,413","2,476","2,386","5.34M","1.83%"
"2017/04/20","2,404","2,434","2,438","2,368","6.33M","-1.39%"
"2017/04/19","2,438","2,463","2,483","2,430","8.08M","-0.04%"
"2017/04/18","2,439","2,485","2,530","2,409","6.15M","-1.65%"
"2017/04/13","2,480","2,487","2,490","2,441","3.27M","0.00%"
"2017/04/12","2,480","2,439","2,485","2,422","5.26M","2.35%"
"2017/04/11","2,423","2,413","2,433","2,394","5.05M","0.54%"
"2017/04/10","2,410","2,427","2,433","2,384","5.45M","0.04%"
"2017/04/07","2,409","2,444","2,485","2,357","10.40M","-1.59%"
"2017/04/06","2,448","2,505","2,510","2,445","10.46M","-2.93%"
"2017/04/05","2,522","2,576","2,589","2,504","9.44M","-2.10%"
"2017/04/04","2,576","2,573","2,576","2,508","9.00M","-0.77%"
"2017/04/03","2,596","2,542","2,603","2,443","11.59M","2.93%"
"2017/03/31","2,522","2,537","2,603","2,482","58.79M","-6.21%"
"2017/03/30","2,689","3,004","3,012","2,616","10.24M","-10.07%"
"2017/03/29","2,990","2,990","2,999","2,951","3.27M","0.00%"
"2017/03/28","2,990","3,019","3,019","2,956","3.27M","-0.33%"
"2017/03/27","3,000","3,004","3,012","2,953","4.32M","1.01%"
"2017/03/24","2,970","3,004","3,026","2,955","3.43M","-1.13%"
"2017/03/23","3,004","3,052","3,054","2,995","5.28M","-1.60%"
"2017/03/22","3,053","3,054","3,054","3,004","4.43M","-0.03%"
"2017/03/20","3,054","3,033","3,057","3,014","4.01M","0.69%"
"2017/03/17","3,033","3,054","3,054","2,997","5.58M","0.30%"
"2017/03/16","3,024","3,054","3,054","2,996","20.01M","0.07%"
"2017/03/15","3,022","3,051","3,054","3,014","3.32M","-0.89%"
"2017/03/14","3,049","3,054","3,061","3,035","3.62M","-0.07%"
"2017/03/13","3,051","3,049","3,054","3,005","4.02M","0.26%"
"2017/03/10","3,043","3,103","3,103","3,007","3.30M","-0.03%"
"2017/03/09","3,044","3,007","3,054","2,984","8.64M","1.00%"
"2017/03/08","3,014","3,054","3,054","3,003","2.78M","-0.50%"
"2017/03/07","3,029","3,034","3,055","2,966","4.23M","-0.16%"
"2017/03/06","3,034","3,123","3,123","3,006","3.40M","0.10%"
"2017/03/03","3,031","3,008","3,060","2,995","5.95M","-0.59%"
"2017/03/02","3,049","3,103","3,177","3,023","10.08M","-1.58%"
"2017/03/01","3,098","3,170","3,170","3,069","3.79M","-1.12%"
"2017/02/28","3,133","3,143","3,189","3,124","5.76M","-1.38%"
"2017/02/27","3,177","3,150","3,203","3,150","4.03M","0.63%"
"2017/02/24","3,157","3,221","3,221","3,149","3.96M","-0.94%"
"2017/02/23","3,187","3,172","3,204","3,144","4.62M","0.47%"
"2017/02/22","3,172","3,159","3,189","3,156","5.01M","0.41%"
"2017/02/21","3,159","3,168","3,205","3,152","4.23M","-1.34%"
"2017/02/20","3,202","3,211","3,216","3,153","3.89M","0.09%"
"2017/02/17","3,199","3,192","3,220","3,124","6.09M","0.22%"
"2017/02/16","3,192","3,204","3,227","3,160","3.60M","-0.37%"
"2017/02/15","3,204","3,231","3,231","3,169","6.44M","0.63%"
"2017/02/14","3,184","3,201","3,205","3,121","7.10M","1.34%"
"2017/02/13","3,142","3,162","3,192","3,142","4.05M","-0.48%"
"2017/02/10","3,157","3,192","3,240","3,135","5.63M","-0.69%"
"2017/02/09","3,179","3,118","3,184","3,112","1.80M","2.42%"
"2017/02/08","3,104","3,147","3,147","3,064","3.30M","0.13%"
"2017/02/07","3,100","3,111","3,114","3,059","2.91M","-0.26%"
"2017/02/06","3,108","3,202","3,202","3,094","2.32M","-0.16%"
"2017/02/03","3,113","3,152","3,152","3,089","2.23M","-0.61%"
"2017/02/02","3,132","3,158","3,184","3,104","4.10M","-0.98%"
"2017/02/01","3,163","3,230","3,230","3,152","3.73M","-0.60%"
"2017/01/31","3,182","3,196","3,230","3,124","3.34M","0.16%"
"2017/01/30","3,177","3,187","3,231","3,158","2.66M","-0.16%"
"2017/01/27","3,182","3,215","3,265","3,164","3.03M","-0.96%"
"2017/01/26","3,213","3,177","3,213","3,146","5.27M","2.55%"
"2017/01/25","3,133","3,157","3,201","3,133","11.10M","-2.73%"
"2017/01/24","3,221","3,220","3,250","3,202","4.30M","0.44%"
"2017/01/23","3,207","3,196","3,211","3,159","3.54M","0.34%"
"2017/01/20","3,196","3,230","3,230","3,179","2.83M","-0.78%"
"2017/01/19","3,221","3,242","3,244","3,170","4.66M","-0.31%"
"2017/01/18","3,231","3,251","3,266","3,202","2.91M","-0.31%"
"2017/01/17","3,241","3,219","3,268","3,181","5.18M","0.78%"
"2017/01/16","3,216","3,113","3,241","3,112","4.70M","1.64%"
"2017/01/13","3,164","3,236","3,236","3,135","7.05M","0.38%"
"2017/01/12","3,152","3,103","3,236","3,103","3.74M","0.74%"
"2017/01/11","3,129","3,172","3,172","3,105","5.49M","-1.04%"
"2017/01/10","3,162","3,124","3,172","3,122","4.33M","0.29%"
"2017/01/09","3,153","3,152","3,202","3,129","2.50M","0.16%"
"2017/01/06","3,148","3,202","3,202","3,104","2.34M","0.10%"
"2017/01/05","3,145","3,152","3,172","3,115","1.84M","-0.22%"
"2017/01/04","3,152","3,226","3,226","3,064","2.55M","0.93%"
"2017/01/03","3,123","3,172","3,234","3,119","1.67M","-0.41%"
"2016/12/30","3,136","3,164","3,221","3,092","940.73K","-0.25%"
"2016/12/29","3,144","3,113","3,167","3,106","1.77M","1.32%"
"2016/12/28","3,103","3,075","3,132","3,072","1.42M","2.34%"
"2016/12/23","3,032","3,066","3,069","3,024","1.05M","-1.11%"
"2016/12/22","3,066","3,113","3,113","3,033","3.25M","-0.10%"
"2016/12/21","3,069","3,152","3,152","3,034","2.76M","-0.68%"
"2016/12/20","3,090","3,083","3,133","3,073","2.56M","0.23%"
"2016/12/19","3,083","3,088","3,103","2,998","4.32M","1.62%"
"2016/12/15","3,034","3,103","3,137","3,007","21.94M","-1.27%"
"2016/12/14","3,073","3,152","3,152","3,053","6.11M","-0.97%"
"2016/12/13","3,103","3,071","3,137","3,071","4.44M","0.75%"
"2016/12/12","3,080","3,073","3,138","3,073","3.35M","-0.36%"
"2016/12/09","3,091","3,054","3,104","3,004","3.91M","2.05%"
"2016/12/08","3,029","3,035","3,039","2,985","6.72M","0.80%"
"2016/12/07","3,005","3,039","3,039","2,966","7.25M","0.97%"
"2016/12/06","2,976","2,970","3,040","2,960","6.92M","0.20%"
"2016/12/05","2,970","2,993","2,995","2,908","10.81M","-0.77%"
"2016/12/02","2,993","3,095","3,095","2,983","8.71M","-2.54%"
"2016/12/01","3,071","3,103","3,146","3,042","13.04M","-0.19%"
"2016/11/30","3,077","3,151","3,201","3,030","13.38M","-2.41%"
"2016/11/29","3,153","3,250","3,265","3,153","5.29M","-3.01%"
"2016/11/28","3,251","3,273","3,341","3,206","4.79M","-1.43%"
"2016/11/25","3,298","3,231","3,312","3,160","5.47M","2.49%"
"2016/11/24","3,218","3,290","3,295","3,213","6.16M","-2.60%"
"2016/11/23","3,304","3,406","3,436","3,304","10.92M","-3.25%"
"2016/11/22","3,415","3,496","3,497","3,375","6.93M","-0.96%"
"2016/11/21","3,448","3,359","3,476","3,325","6.29M","2.96%"
"2016/11/18","3,349","3,470","3,470","3,301","6.30M","-2.02%"
"2016/11/17","3,418","3,405","3,467","3,334","3.65M","-0.20%"
"2016/11/16","3,425","3,261","3,427","3,261","6.07M","4.20%"
"2016/11/15","3,287","3,354","3,354","3,243","4.63M","0.03%"
"2016/11/14","3,286","3,354","3,385","3,246","3.75M","-0.99%"
"2016/11/11","3,319","3,349","3,436","3,300","5.22M","-1.25%"
"2016/11/10","3,361","3,381","3,470","3,361","5.96M","-1.93%"
"2016/11/09","3,427","3,261","3,454","3,261","3.79M","-0.58%"
"2016/11/08","3,447","3,356","3,492","3,354","4.16M","2.71%"
"2016/11/07","3,356","3,349","3,438","3,345","3.20M","0.39%"
"2016/11/04","3,343","3,389","3,422","3,304","4.84M","-2.34%"
"2016/11/03","3,423","3,443","3,447","3,340","6.26M","0.18%"
"2016/11/02","3,417","3,349","3,500","3,337","6.66M","1.49%"
"2016/11/01","3,367","3,430","3,462","3,364","3.28M","-1.29%"
"2016/10/31","3,411","3,349","3,449","3,349","5.58M","0.65%"
"2016/10/28","3,389","3,395","3,421","3,360","2.30M","-0.99%"
"2016/10/27","3,423","3,419","3,448","3,362","5.38M","0.03%"
"2016/10/26","3,422","3,416","3,460","3,399","3.58M","-1.21%"
"2016/10/25","3,464","3,473","3,532","3,432","5.06M","-0.66%"
"2016/10/24","3,487","3,516","3,578","3,487","3.05M","-0.85%"
"2016/10/21","3,517","3,443","3,551","3,408","6.51M","1.74%"
"2016/10/20","3,457","3,480","3,480","3,397","3.40M","-0.58%"
"2016/10/19","3,477","3,414","3,487","3,414","5.20M","1.13%"
"2016/10/18","3,438","3,419","3,472","3,405","3.62M","1.03%"
"2016/10/17","3,403","3,363","3,429","3,355","5.99M","-1.13%"
"2016/10/14","3,442","3,438","3,515","3,395","7.49M","0.12%"
"2016/10/13","3,438","3,512","3,526","3,438","17.44M","-2.50%"
"2016/10/12","3,526","3,535","3,535","3,512","6.47M","-0.03%"
"2016/10/11","3,527","3,511","3,540","3,497","8.32M","0.00%"
"2016/10/10","3,527","3,504","3,530","3,497","5.46M","0.66%"
"2016/10/07","3,504","3,482","3,527","3,439","17.08M","1.21%"
"2016/10/06","3,462","3,418","3,486","3,406","10.78M","1.50%"
"2016/10/05","3,411","3,334","3,428","3,309","7.15M","1.49%"
"2016/10/04","3,361","3,299","3,399","3,281","9.58M","1.88%"
"2016/10/03","3,299","3,256","3,326","3,256","5.18M","-0.42%"
"2016/09/30","3,313","3,249","3,316","3,222","8.54M","0.55%"
"2016/09/29","3,295","3,251","3,299","3,251","9.12M","1.42%"
"2016/09/28","3,249","3,223","3,251","3,177","8.36M","0.71%"
"2016/09/27","3,226","3,185","3,263","3,057","7.61M","2.12%"
"2016/09/26","3,159","3,184","3,184","3,114","2.06M","-1.22%"
"2016/09/23","3,198","3,150","3,202","3,116","9.65M","2.17%"
"2016/09/22","3,130","3,127","3,149","3,112","5.62M","0.10%"
"2016/09/21","3,127","3,135","3,158","3,108","3.74M","-0.60%"
"2016/09/20","3,146","3,122","3,161","3,122","10.40M","-0.60%"
"2016/09/19","3,165","3,152","3,192","3,108","4.28M","0.41%"
"2016/09/16","3,152","3,162","3,195","3,138","7.40M","-0.63%"
"2016/09/15","3,172","3,237","3,255","3,168","17.45M","-2.46%"
"2016/09/14","3,252","3,266","3,276","3,231","3.98M","-0.12%"
"2016/09/13","3,256","3,344","3,344","3,247","7.31M","-0.25%"
"2016/09/12","3,264","3,261","3,279","3,191","3.18M","-1.09%"
"2016/09/09","3,300","3,351","3,352","3,290","6.72M","-0.21%"
"2016/09/08","3,307","3,370","3,403","3,300","7.90M","-1.67%"
"2016/09/07","3,363","3,349","3,417","3,313","4.42M","-0.03%"
"2016/09/06","3,364","3,331","3,436","3,328","5.38M","1.14%"
"2016/09/05","3,326","3,297","3,389","3,270","3.59M","0.88%"
"2016/09/02","3,297","3,223","3,302","3,211","3.12M","2.30%"
"2016/09/01","3,223","3,230","3,249","3,211","4.66M","-0.40%"
"2016/08/31","3,236","3,241","3,302","3,236","8.41M","-0.71%"
"2016/08/30","3,259","3,252","3,295","3,236","3.30M","0.22%"
"2016/08/29","3,252","3,251","3,285","3,208","2.79M","0.03%"
"2016/08/26","3,251","3,232","3,276","3,221","4.35M","1.18%"
"2016/08/25","3,213","3,212","3,246","3,192","3.02M","0.66%"
"2016/08/24","3,192","3,197","3,227","3,119","5.57M","-0.25%"
"2016/08/23","3,200","3,188","3,230","3,186","2.78M","-0.22%"
"2016/08/22","3,207","3,211","3,227","3,178","2.22M","-0.12%"
"2016/08/19","3,211","3,187","3,288","3,176","3.88M","0.75%"
"2016/08/18","3,187","3,154","3,204","3,154","1.98M","0.76%"
"2016/08/17","3,163","3,245","3,252","3,142","4.85M","-1.65%"
"2016/08/16","3,216","3,219","3,254","3,180","19.45M","-0.06%"
"2016/08/15","3,218","3,253","3,260","3,195","3.70M","-1.05%"
"2016/08/12","3,252","3,197","3,254","3,157","4.51M","2.81%"
"2016/08/11","3,163","3,152","3,181","3,134","3.24M","0.35%"
"2016/08/10","3,152","3,152","3,184","3,135","5.16M","0.00%"
"2016/08/08","3,152","3,123","3,175","3,123","2.11M","0.41%"
"2016/08/05","3,139","3,113","3,160","3,113","4.91M","-0.41%"
"2016/08/04","3,152","3,138","3,170","3,116","3.23M","1.09%"
"2016/08/02","3,118","3,170","3,170","3,106","4.16M","-1.64%"
"2016/08/01","3,170","3,174","3,228","3,149","8.54M","0.09%"
"2016/07/29","3,167","3,128","3,179","3,110","4.85M","1.09%"
"2016/07/28","3,133","3,202","3,223","3,126","7.01M","-2.15%"
"2016/07/27","3,202","3,292","3,323","3,202","6.87M","-2.85%"
"2016/07/26","3,296","3,268","3,324","3,215","4.56M","0.92%"
"2016/07/25","3,266","3,226","3,314","3,209","3.47M","1.18%"
"2016/07/22","3,228","3,197","3,247","3,196","6.69M","-0.09%"
"2016/07/21","3,231","3,202","3,241","3,177","5.12M","0.62%"
"2016/07/20","3,211","3,123","3,211","3,123","4.35M","2.03%"
"2016/07/19","3,147","3,152","3,176","3,126","3.77M","-0.88%"
"2016/07/18","3,175","3,193","3,202","3,167","4.31M","-0.94%"
"2016/07/15","3,205","3,178","3,234","3,159","2.95M","0.56%"
"2016/07/14","3,187","3,167","3,234","3,129","6.38M","0.09%"
"2016/07/13","3,184","3,131","3,211","3,116","6.04M","1.56%"
"2016/07/12","3,135","3,104","3,157","3,097","4.86M","0.00%"
"2016/07/11","3,135","3,039","3,135","3,038","3.65M","3.16%"
"2016/07/08","3,039","3,054","3,086","2,981","3.46M","-0.49%"
"2016/07/07","3,054","3,049","3,097","2,980","6.13M","2.83%"
"2016/07/06","2,970","2,975","3,038","2,960","4.44M","-2.75%"
"2016/07/05","3,054","3,082","3,092","3,028","4.87M","-0.03%"
"2016/07/04","3,055","3,082","3,082","2,983","2.24M","0.69%"
"2016/07/01","3,034","3,115","3,115","2,991","3.12M","-1.20%"
"2016/06/30","3,071","3,046","3,114","3,046","3.55M","0.82%"
"2016/06/29","3,046","3,051","3,114","3,010","3.72M","1.40%"
"2016/06/28","3,004","2,931","3,035","2,897","4.87M","4.45%"
"2016/06/27","2,876","3,014","3,100","2,867","5.83M","-4.58%"
"2016/06/24","3,014","2,990","3,139","2,933","10.26M","-4.74%"
"2016/06/23","3,164","3,172","3,188","3,113","3.34M","0.06%"
"2016/06/22","3,162","3,152","3,175","3,119","4.06M","0.93%"
"2016/06/21","3,133","3,112","3,152","3,080","2.70M","0.67%"
"2016/06/20","3,112","3,054","3,119","3,053","2.95M","2.40%"
"2016/06/17","3,039","3,054","3,069","3,024","10.36M","-1.23%"
"2016/06/15","3,077","3,044","3,082","2,994","13.60M","1.42%"
"2016/06/14","3,034","3,110","3,110","3,023","5.10M","-2.44%"
"2016/06/13","3,110","3,136","3,152","3,098","4.96M","-1.18%"
"2016/06/10","3,147","3,152","3,200","3,140","4.74M","-0.98%"
"2016/06/09","3,178","3,212","3,229","3,156","6.00M","-1.94%"
"2016/06/08","3,241","3,274","3,340","3,214","4.95M","-1.61%"
"2016/06/07","3,294","3,315","3,343","3,263","6.10M","-0.54%"
"2016/06/06","3,312","3,270","3,339","3,251","4.23M","0.36%"
"2016/06/03","3,300","3,272","3,308","3,259","3.88M","1.04%"
"2016/06/02","3,266","3,270","3,288","3,226","6.77M","0.00%"
"2016/06/01","3,266","3,218","3,270","3,200","5.76M","1.49%"
"2016/05/31","3,218","3,310","3,348","3,218","15.52M","-2.48%"
"2016/05/30","3,300","3,233","3,303","3,233","2.45M","1.10%"
"2016/05/27","3,264","3,240","3,265","3,202","5.09M","0.99%"
"2016/05/26","3,232","3,206","3,246","3,189","6.36M","1.25%"
"2016/05/25","3,192","3,103","3,202","3,103","6.14M","3.20%"
"2016/05/24","3,093","3,151","3,151","3,067","11.06M","-1.56%"
"2016/05/23","3,142","3,162","3,205","3,129","5.06M","-0.70%"
"2016/05/20","3,164","3,128","3,192","3,110","7.34M","1.15%"
"2016/05/19","3,128","3,114","3,151","3,107","5.27M","-0.16%"
"2016/05/18","3,133","3,194","3,258","3,118","19.65M","-1.85%"
"2016/05/17","3,192","3,196","3,199","3,097","10.85M","0.92%"
"2016/05/16","3,163","3,351","3,398","3,038","12.13M","-6.48%"
"2016/05/13","3,382","3,399","3,401","3,354","2.90M","-1.49%"
"2016/05/12","3,433","3,419","3,470","3,382","2.43M","-0.46%"
"2016/05/11","3,449","3,393","3,480","3,332","3.33M","2.16%"
"2016/05/10","3,376","3,408","3,459","3,302","3.63M","-0.94%"
"2016/05/09","3,408","3,410","3,433","3,394","3.46M","-0.06%"
"2016/05/06","3,410","3,401","3,424","3,323","3.24M","0.26%"
"2016/05/05","3,401","3,367","3,432","3,334","3.78M","0.12%"
"2016/05/04","3,397","3,439","3,455","3,375","4.77M","-1.42%"
"2016/05/03","3,446","3,554","3,587","3,403","7.95M","-3.53%"
"2016/04/29","3,572","3,517","3,588","3,512","2.81M","0.99%"
"2016/04/28","3,537","3,546","3,627","3,522","2.85M","-0.37%"
"2016/04/26","3,550","3,613","3,613","3,508","4.15M","-1.80%"
"2016/04/25","3,615","3,546","3,635","3,498","2.70M","2.38%"
"2016/04/22","3,531","3,547","3,604","3,527","4.23M","-0.76%"
"2016/04/21","3,558","3,620","3,681","3,533","6.90M","-1.71%"
"2016/04/20","3,620","3,583","3,620","3,539","5.70M","1.06%"
"2016/04/19","3,582","3,580","3,596","3,550","3.75M","0.62%"
"2016/04/18","3,560","3,502","3,560","3,492","4.19M","1.08%"
"2016/04/15","3,522","3,485","3,530","3,471","3.28M","1.06%"
"2016/04/14","3,485","3,481","3,539","3,423","4.42M","-0.51%"
"2016/04/13","3,503","3,546","3,608","3,475","5.51M","-0.51%"
"2016/04/12","3,521","3,506","3,543","3,479","4.45M","0.23%"
"2016/04/11","3,513","3,509","3,583","3,453","3.27M","0.11%"
"2016/04/08","3,509","3,556","3,557","3,456","3.78M","-0.85%"
"2016/04/07","3,539","3,488","3,575","3,461","5.45M","1.46%"
"2016/04/06","3,488","3,497","3,520","3,426","6.55M","-0.60%"
"2016/04/05","3,509","3,466","3,522","3,436","3.52M","0.29%"
"2016/04/04","3,499","3,487","3,509","3,395","3.95M","0.17%"
"2016/04/01","3,493","3,541","3,556","3,458","5.32M","-1.77%"
"2016/03/31","3,556","3,477","3,596","3,446","8.36M","2.27%"
"2016/03/30","3,477","3,432","3,487","3,383","3.90M","2.14%"
"2016/03/29","3,404","3,458","3,464","3,377","5.28M","-1.76%"
"2016/03/24","3,465","3,487","3,487","3,256","3.29M","0.84%"
"2016/03/23","3,436","3,448","3,495","3,379","3.05M","-0.72%"
"2016/03/22","3,461","3,418","3,473","3,400","3.28M","1.26%"
"2016/03/18","3,418","3,355","3,418","3,256","8.64M","2.43%"
"2016/03/17","3,337","3,332","3,423","3,217","15.22M","0.15%"
"2016/03/16","3,332","3,270","3,374","3,270","4.16M","0.73%"
"2016/03/15","3,308","3,379","3,389","3,272","4.81M","-2.10%"
"2016/03/14","3,379","3,280","3,416","3,280","5.91M","1.23%"
"2016/03/11","3,338","3,300","3,379","3,268","4.70M","1.71%"
"2016/03/10","3,282","3,261","3,371","3,229","15.66M","0.64%"
"2016/03/09","3,261","3,300","3,300","3,215","7.54M","-0.12%"
"2016/03/08","3,265","3,202","3,282","3,193","6.14M","2.10%"
"2016/03/07","3,198","3,151","3,221","3,151","5.42M","-0.12%"
"2016/03/04","3,202","3,221","3,255","3,152","6.32M","-2.38%"
"2016/03/03","3,280","3,280","3,300","3,202","5.04M","0.15%"
"2016/03/02","3,275","3,162","3,304","3,162","8.54M","0.83%"
"2016/03/01","3,248","3,197","3,260","3,176","5.60M","1.98%"
"2016/02/29","3,185","3,251","3,251","3,153","4.41M","-0.31%"
"2016/02/26","3,195","3,206","3,251","3,173","6.28M","-0.34%"
"2016/02/25","3,206","3,261","3,281","3,197","7.06M","-1.38%"
"2016/02/24","3,251","3,264","3,276","3,204","7.07M","0.00%"
"2016/02/23","3,251","3,387","3,387","3,202","6.09M","-1.13%"
"2016/02/22","3,288","3,399","3,399","3,211","5.09M","-1.38%"
"2016/02/19","3,334","3,394","3,467","3,270","5.41M","-1.71%"
"2016/02/18","3,392","3,364","3,467","3,340","6.17M","-0.91%"
"2016/02/17","3,423","3,356","3,466","3,356","4.61M","1.15%"
"2016/02/16","3,384","3,452","3,515","3,371","5.03M","-1.97%"
"2016/02/15","3,452","3,295","3,452","3,295","5.69M","2.92%"
"2016/02/12","3,354","3,251","3,354","3,206","4.70M","4.62%"
"2016/02/11","3,206","3,202","3,283","3,163","4.55M","-1.11%"
"2016/02/10","3,242","3,089","3,348","3,088","4.66M","0.34%"
"2016/02/09","3,231","3,284","3,349","3,172","4.36M","-3.15%"
"2016/02/08","3,336","3,251","3,379","3,251","4.67M","-0.39%"
"2016/02/05","3,349","3,152","3,349","3,152","4.24M","1.42%"
"2016/02/04","3,302","3,299","3,302","3,223","4.54M","2.51%"
"2016/02/03","3,221","3,202","3,270","3,155","4.47M","0.44%"
"2016/02/02","3,207","3,300","3,325","3,189","6.25M","-1.84%"
"2016/02/01","3,267","3,310","3,349","3,191","7.72M","-1.30%"
"2016/01/29","3,310","3,192","3,320","3,152","9.15M","3.70%"
"2016/01/28","3,192","3,098","3,236","3,006","10.58M","3.80%"
"2016/01/27","3,075","3,078","3,094","3,020","5.91M","1.49%"
"2016/01/26","3,030","3,031","3,064","2,981","3.85M","0.63%"
"2016/01/25","3,011","3,098","3,121","2,992","5.53M","-2.81%"
"2016/01/22","3,098","3,064","3,146","3,035","7.90M","1.94%"
"2016/01/21","3,039","2,986","3,092","2,971","6.22M","-1.23%"
"2016/01/20","3,077","3,039","3,098","2,965","5.51M","-0.19%"
"2016/01/19","3,083","3,036","3,116","3,036","5.11M","2.46%"
"2016/01/18","3,009","3,040","3,182","2,982","4.85M","-2.59%"
"2016/01/15","3,089","3,121","3,208","3,022","5.51M","-3.17%"
"2016/01/14","3,190","3,177","3,245","3,126","6.49M","-2.30%"
"2016/01/13","3,265","3,270","3,315","3,253","6.77M","-1.51%"
"2016/01/12","3,315","3,157","3,349","3,113","6.57M","4.51%"
"2016/01/11","3,172","3,103","3,221","3,103","4.43M","-1.37%"
"2016/01/08","3,216","3,174","3,313","3,174","3.89M","-0.22%"
"2016/01/07","3,223","3,231","3,275","3,084","5.23M","-0.46%"
"2016/01/06","3,238","3,230","3,327","3,202","4.04M","-0.67%"
"2016/01/05","3,260","3,243","3,364","3,211","3.25M","0.52%"
"2016/01/04","3,243","3,350","3,351","3,215","2.63M","-2.88%"