"Date","Price","Open","High","Low","Vol.","Change %"
"03/27/2026","1,375","1,412","1,412","1,355","24.31M","-1.22%"
"03/26/2026","1,392","1,380","1,399","1,360","35.30M","0.00%"
"03/25/2026","1,392","1,389","1,398","1,350","25.63M","2.88%"
"03/24/2026","1,353","1,412","1,412","1,335","29.90M","-0.95%"
"03/23/2026","1,366","1,350","1,400","1,332","29.74M","0.44%"
"03/20/2026","1,360","1,367","1,407","1,360","47.49M","-1.16%"
"03/19/2026","1,376","1,400","1,400","1,346","61.78M","-1.29%"
"03/18/2026","1,394","1,450","1,466","1,390","28.46M","-4.06%"
"03/17/2026","1,453","1,480","1,480","1,399","35.60M","-0.55%"
"03/16/2026","1,461","1,472","1,496","1,437","26.66M","-0.81%"
"03/13/2026","1,473","1,483","1,493","1,451","15.28M","-0.67%"
"03/12/2026","1,483","1,465","1,501","1,465","14.64M","-1.53%"
"03/11/2026","1,506","1,510","1,541","1,475","22.14M","-1.12%"
"03/10/2026","1,523","1,491","1,539","1,486","30.60M","2.56%"
"03/09/2026","1,485","1,434","1,485","1,413","17.55M","2.06%"
"03/06/2026","1,455","1,514","1,517","1,435","24.83M","-3.96%"
"03/05/2026","1,515","1,538","1,540","1,499","18.62M","-1.50%"
"03/04/2026","1,538","1,510","1,547","1,472","17.38M","1.79%"
"03/03/2026","1,511","1,628","1,628","1,495","23.22M","-6.56%"
"03/02/2026","1,617","1,615","1,634","1,603","11.46M","-2.24%"
"02/27/2026","1,654","1,696","1,700","1,651","15.49M","-1.61%"
"02/26/2026","1,681","1,659","1,689","1,654","10.61M","1.33%"
"02/25/2026","1,659","1,657","1,660","1,635","12.43M","0.48%"
"02/24/2026","1,651","1,612","1,652","1,600","12.22M","1.60%"
"02/23/2026","1,625","1,592","1,629","1,592","12.40M","1.12%"
"02/20/2026","1,607","1,620","1,627","1,601","6.87M","-0.68%"
"02/19/2026","1,618","1,601","1,640","1,601","8.21M","-0.31%"
"02/18/2026","1,623","1,619","1,640","1,601","11.10M","1.44%"
"02/17/2026","1,600","1,570","1,619","1,570","10.57M","0.25%"
"02/16/2026","1,596","1,561","1,596","1,561","6.27M","1.66%"
"02/13/2026","1,570","1,590","1,609","1,564","12.69M","-2.30%"
"02/12/2026","1,607","1,575","1,607","1,575","16.22M","0.88%"
"02/11/2026","1,593","1,603","1,605","1,575","9.17M","-0.62%"
"02/10/2026","1,603","1,585","1,608","1,578","12.37M","0.82%"
"02/09/2026","1,590","1,589","1,595","1,568","10.32M","0.95%"
"02/06/2026","1,575","1,560","1,575","1,550","6.05M","0.70%"
"02/05/2026","1,564","1,540","1,587","1,540","14.42M","0.77%"
"02/04/2026","1,552","1,550","1,573","1,528","12.33M","-1.59%"
"02/03/2026","1,577","1,574","1,591","1,548","16.39M","0.83%"
"02/02/2026","1,564","1,536","1,574","1,513","15.34M","0.26%"
"01/30/2026","1,560","1,575","1,588","1,530","23.41M","-0.64%"
"01/29/2026","1,570","1,545","1,600","1,536","25.83M","1.62%"
"01/28/2026","1,545","1,532","1,549","1,505","16.66M","1.31%"
"01/27/2026","1,525","1,511","1,545","1,511","17.13M","0.33%"
"01/26/2026","1,520","1,514","1,521","1,493","10.49M","0.26%"
"01/23/2026","1,516","1,510","1,530","1,497","14.90M","-0.59%"
"01/22/2026","1,525","1,499","1,535","1,485","20.90M","3.04%"
"01/21/2026","1,480","1,490","1,490","1,464","11.50M","-0.40%"
"01/20/2026","1,486","1,477","1,493","1,460","9.88M","0.27%"
"01/19/2026","1,482","1,487","1,487","1,447","8.57M","0.27%"
"01/16/2026","1,478","1,470","1,497","1,466","18.16M","-0.81%"
"01/15/2026","1,490","1,500","1,500","1,479","15.25M","0.27%"
"01/14/2026","1,486","1,520","1,520","1,472","11.40M","-0.54%"
"01/13/2026","1,494","1,511","1,512","1,488","12.27M","-1.19%"
"01/12/2026","1,512","1,529","1,529","1,484","12.25M","-0.72%"
"01/09/2026","1,523","1,535","1,535","1,507","10.50M","0.86%"
"01/08/2026","1,510","1,555","1,555","1,500","15.28M","-1.56%"
"01/07/2026","1,534","1,555","1,555","1,527","14.73M","-0.39%"
"01/06/2026","1,540","1,509","1,554","1,509","14.12M","2.12%"
"01/05/2026","1,508","1,510","1,533","1,494","8.76M","-0.59%"
"01/02/2026","1,517","1,490","1,530","1,472","12.73M","1.81%"
"12/31/2025","1,490","1,464","1,498","1,464","4.26M","0.61%"
"12/30/2025","1,481","1,484","1,497","1,471","6.48M","-0.13%"
"12/29/2025","1,483","1,475","1,484","1,467","11.05M","1.44%"
"12/24/2025","1,462","1,475","1,488","1,462","2.87M","-0.68%"
"12/23/2025","1,472","1,469","1,472","1,448","4.86M","1.03%"
"12/22/2025","1,457","1,451","1,460","1,425","6.18M","-0.48%"
"12/19/2025","1,464","1,450","1,475","1,432","34.52M","-0.27%"
"12/18/2025","1,468","1,440","1,478","1,436","41.48M","2.37%"
"12/17/2025","1,434","1,432","1,447","1,404","24.29M","-0.28%"
"12/15/2025","1,438","1,390","1,449","1,390","15.33M","0.56%"
"12/12/2025","1,430","1,410","1,437","1,405","18.27M","1.35%"
"12/11/2025","1,411","1,408","1,419","1,385","17.42M","0.57%"
"12/10/2025","1,403","1,393","1,412","1,393","6.24M","-0.28%"
"12/09/2025","1,407","1,390","1,413","1,383","19.44M","1.22%"
"12/08/2025","1,390","1,390","1,399","1,377","10.86M","-0.36%"
"12/05/2025","1,395","1,395","1,403","1,370","12.32M","1.38%"
"12/04/2025","1,376","1,395","1,395","1,361","14.09M","-0.79%"
"12/03/2025","1,387","1,391","1,392","1,375","23.37M","-0.07%"
"12/02/2025","1,388","1,380","1,405","1,362","10.94M","0.14%"
"12/01/2025","1,386","1,391","1,391","1,356","17.55M","-0.07%"
"11/28/2025","1,387","1,386","1,400","1,381","17.95M","-0.43%"
"11/27/2025","1,393","1,400","1,437","1,390","15.25M","-1.90%"
"11/26/2025","1,420","1,403","1,433","1,401","24.41M","0.71%"
"11/25/2025","1,410","1,362","1,414","1,361","31.07M","2.55%"
"11/24/2025","1,375","1,340","1,375","1,326","493.20M","2.00%"
"11/21/2025","1,348","1,359","1,359","1,320","29.19M","-1.17%"
"11/20/2025","1,364","1,385","1,401","1,346","27.78M","-0.51%"
"11/19/2025","1,371","1,355","1,371","1,343","22.68M","0.96%"
"11/18/2025","1,358","1,372","1,381","1,347","19.36M","-2.16%"
"11/17/2025","1,388","1,341","1,388","1,338","26.85M","3.12%"
"11/14/2025","1,346","1,360","1,361","1,318","17.67M","-1.61%"
"11/13/2025","1,368","1,355","1,390","1,353","18.53M","0.59%"
"11/12/2025","1,360","1,338","1,370","1,319","23.57M","2.49%"
"11/11/2025","1,327","1,326","1,339","1,320","20.54M","0.00%"
"11/10/2025","1,327","1,340","1,362","1,320","15.63M","-1.41%"
"11/07/2025","1,346","1,350","1,350","1,325","17.36M","0.45%"
"11/06/2025","1,340","1,345","1,355","1,329","27.54M","-0.89%"
"11/05/2025","1,352","1,315","1,353","1,312","23.17M","1.12%"
"11/04/2025","1,337","1,341","1,352","1,314","25.36M","-0.59%"
"11/03/2025","1,345","1,355","1,379","1,342","13.76M","-0.74%"
"10/31/2025","1,355","1,399","1,399","1,346","15.08M","-0.37%"
"10/30/2025","1,360","1,398","1,398","1,348","13.29M","-1.38%"
"10/29/2025","1,379","1,416","1,418","1,379","20.08M","-2.54%"
"10/28/2025","1,415","1,400","1,449","1,377","29.28M","1.80%"
"10/27/2025","1,390","1,380","1,401","1,372","12.00M","-0.36%"
"10/24/2025","1,395","1,400","1,420","1,389","13.77M","-1.20%"
"10/23/2025","1,412","1,390","1,412","1,382","20.01M","0.57%"
"10/22/2025","1,404","1,359","1,404","1,359","21.21M","3.16%"
"10/21/2025","1,361","1,345","1,372","1,333","26.19M","1.64%"
"10/20/2025","1,339","1,320","1,343","1,318","26.73M","0.90%"
"10/17/2025","1,327","1,360","1,362","1,318","27.45M","-2.71%"
"10/16/2025","1,364","1,350","1,374","1,350","16.69M","0.44%"
"10/15/2025","1,358","1,345","1,369","1,339","14.37M","0.07%"
"10/14/2025","1,357","1,335","1,364","1,329","17.93M","0.89%"
"10/13/2025","1,345","1,341","1,363","1,327","23.84M","-0.74%"
"10/10/2025","1,355","1,329","1,355","1,320","20.49M","2.42%"
"10/09/2025","1,323","1,289","1,323","1,289","23.27M","1.61%"
"10/08/2025","1,302","1,313","1,313","1,269","27.26M","1.09%"
"10/07/2025","1,288","1,310","1,320","1,283","18.31M","-1.68%"
"10/06/2025","1,310","1,309","1,313","1,292","19.27M","0.31%"
"10/03/2025","1,306","1,286","1,307","1,269","29.09M","1.87%"
"10/02/2025","1,282","1,260","1,296","1,260","26.73M","1.02%"
"10/01/2025","1,269","1,315","1,315","1,258","22.85M","-4.94%"
"09/30/2025","1,335","1,331","1,343","1,315","27.02M","-0.45%"
"09/29/2025","1,341","1,344","1,350","1,326","21.78M","0.00%"
"09/26/2025","1,341","1,348","1,360","1,335","14.39M","-1.03%"
"09/25/2025","1,355","1,376","1,399","1,355","20.26M","-2.38%"
"09/23/2025","1,388","1,325","1,388","1,325","22.30M","3.50%"
"09/22/2025","1,341","1,362","1,362","1,330","11.00M","-1.83%"
"09/19/2025","1,366","1,355","1,376","1,350","29.48M","0.07%"
"09/18/2025","1,365","1,398","1,403","1,355","48.16M","-2.50%"
"09/17/2025","1,400","1,404","1,425","1,385","24.02M","0.86%"
"09/16/2025","1,388","1,391","1,402","1,379","17.01M","-0.50%"
"09/15/2025","1,395","1,385","1,403","1,378","14.76M","1.23%"
"09/12/2025","1,378","1,377","1,428","1,371","20.67M","-1.36%"
"09/11/2025","1,397","1,377","1,411","1,365","19.98M","0.94%"
"09/10/2025","1,384","1,385","1,406","1,334","25.36M","2.52%"
"09/09/2025","1,350","1,311","1,366","1,311","21.53M","1.81%"
"09/08/2025","1,326","1,354","1,354","1,318","9.13M","0.30%"
"09/05/2025","1,322","1,315","1,352","1,315","11.57M","-0.23%"
"09/04/2025","1,325","1,329","1,355","1,316","20.05M","-0.30%"
"09/03/2025","1,329","1,370","1,370","1,311","17.80M","-1.63%"
"09/02/2025","1,351","1,372","1,377","1,325","12.24M","-0.88%"
"09/01/2025","1,363","1,377","1,397","1,360","12.49M","-1.94%"
"08/29/2025","1,390","1,425","1,425","1,390","17.61M","-1.77%"
"08/28/2025","1,415","1,414","1,415","1,377","13.26M","1.07%"
"08/27/2025","1,400","1,416","1,417","1,382","16.55M","-0.99%"
"08/26/2025","1,414","1,402","1,475","1,390","77.13M","3.82%"
"08/25/2025","1,362","1,320","1,380","1,320","20.80M","2.18%"
"08/22/2025","1,333","1,308","1,339","1,292","16.60M","3.41%"
"08/21/2025","1,289","1,287","1,304","1,279","9.40M","0.23%"
"08/20/2025","1,286","1,260","1,289","1,260","11.51M","0.94%"
"08/19/2025","1,274","1,278","1,285","1,266","10.60M","0.08%"
"08/18/2025","1,273","1,260","1,284","1,254","9.55M","0.63%"
"08/15/2025","1,265","1,262","1,285","1,262","5.83M","0.00%"
"08/14/2025","1,265","1,268","1,275","1,252","11.56M","-0.63%"
"08/13/2025","1,273","1,230","1,273","1,230","14.54M","2.09%"
"08/12/2025","1,247","1,215","1,247","1,215","5.50M","1.14%"
"08/11/2025","1,233","1,255","1,255","1,227","8.74M","0.24%"
"08/08/2025","1,230","1,254","1,254","1,211","8.27M","0.82%"
"08/07/2025","1,220","1,221","1,234","1,218","15.10M","0.00%"
"08/06/2025","1,220","1,211","1,252","1,211","11.94M","0.33%"
"08/05/2025","1,216","1,240","1,271","1,216","20.71M","-3.34%"
"08/04/2025","1,258","1,237","1,260","1,237","11.41M","1.53%"
"08/01/2025","1,239","1,260","1,279","1,230","9.61M","-2.98%"
"07/31/2025","1,277","1,270","1,288","1,267","12.49M","0.24%"
"07/30/2025","1,274","1,274","1,280","1,262","7.51M","0.31%"
"07/29/2025","1,270","1,260","1,280","1,260","7.85M","0.63%"
"07/28/2025","1,262","1,260","1,270","1,244","11.85M","0.40%"
"07/25/2025","1,257","1,250","1,260","1,237","18.01M","0.64%"
"07/24/2025","1,249","1,256","1,265","1,243","10.48M","-0.32%"
"07/23/2025","1,253","1,263","1,272","1,236","16.36M","-0.79%"
"07/22/2025","1,263","1,240","1,270","1,240","21.60M","0.64%"
"07/21/2025","1,255","1,177","1,255","1,177","26.27M","5.29%"
"07/18/2025","1,192","1,150","1,192","1,148","27.31M","4.29%"
"07/17/2025","1,143","1,142","1,150","1,130","15.83M","-0.44%"
"07/16/2025","1,148","1,148","1,148","1,125","16.12M","1.41%"
"07/15/2025","1,132","1,140","1,164","1,132","12.44M","-1.31%"
"07/14/2025","1,147","1,165","1,165","1,128","20.05M","-0.26%"
"07/11/2025","1,150","1,191","1,191","1,150","11.38M","-2.71%"
"07/10/2025","1,182","1,215","1,225","1,182","13.79M","-3.19%"
"07/09/2025","1,221","1,228","1,244","1,217","13.64M","-0.57%"
"07/08/2025","1,228","1,220","1,233","1,197","13.00M","1.32%"
"07/07/2025","1,212","1,225","1,227","1,206","4.59M","-0.25%"
"07/04/2025","1,215","1,220","1,225","1,205","2.59M","-0.57%"
"07/03/2025","1,222","1,199","1,225","1,195","5.70M","1.08%"
"07/02/2025","1,209","1,224","1,249","1,199","9.67M","-1.47%"
"07/01/2025","1,227","1,206","1,234","1,201","12.25M","1.66%"
"06/30/2025","1,207","1,170","1,210","1,170","16.55M","1.26%"
"06/27/2025","1,192","1,200","1,200","1,174","7.79M","1.02%"
"06/26/2025","1,180","1,190","1,193","1,175","10.26M","-0.42%"
"06/25/2025","1,185","1,229","1,229","1,179","10.22M","-1.25%"
"06/24/2025","1,200","1,186","1,212","1,183","9.43M","2.56%"
"06/23/2025","1,170","1,170","1,180","1,157","8.92M","-0.76%"
"06/20/2025","1,179","1,187","1,200","1,171","28.82M","0.00%"
"06/19/2025","1,179","1,162","1,186","1,162","20.81M","0.00%"
"06/18/2025","1,179","1,200","1,206","1,170","8.48M","-1.59%"
"06/17/2025","1,198","1,190","1,227","1,190","18.68M","0.67%"
"06/13/2025","1,190","1,225","1,242","1,190","22.19M","-3.95%"
"06/12/2025","1,239","1,215","1,243","1,212","10.51M","1.39%"
"06/11/2025","1,222","1,227","1,238","1,207","21.99M","-0.41%"
"06/10/2025","1,227","1,205","1,228","1,197","14.72M","2.42%"
"06/09/2025","1,198","1,190","1,220","1,190","15.99M","-0.17%"
"06/06/2025","1,200","1,160","1,200","1,160","12.36M","2.48%"
"06/05/2025","1,171","1,160","1,179","1,160","9.34M","-0.26%"
"06/04/2025","1,174","1,181","1,189","1,161","6.97M","0.43%"
"06/03/2025","1,169","1,151","1,189","1,151","6.21M","-0.68%"
"06/02/2025","1,177","1,161","1,196","1,149","11.21M","0.86%"
"05/30/2025","1,167","1,159","1,179","1,124","77.78M","-1.93%"
"05/29/2025","1,190","1,151","1,190","1,150","15.21M","3.39%"
"05/28/2025","1,151","1,132","1,153","1,130","17.13M","0.70%"
"05/27/2025","1,143","1,131","1,160","1,130","9.41M","0.00%"
"05/26/2025","1,143","1,135","1,152","1,135","11.87M","0.70%"
"05/23/2025","1,135","1,131","1,146","1,128","9.50M","-0.26%"
"05/22/2025","1,138","1,163","1,163","1,133","16.03M","-2.15%"
"05/21/2025","1,163","1,166","1,176","1,130","24.13M","-0.26%"
"05/20/2025","1,166","1,155","1,171","1,148","10.31M","0.00%"
"05/19/2025","1,166","1,179","1,180","1,154","8.68M","-1.35%"
"05/16/2025","1,182","1,160","1,183","1,160","11.18M","1.29%"
"05/15/2025","1,167","1,161","1,176","1,153","12.74M","-0.51%"
"05/14/2025","1,173","1,165","1,187","1,162","13.24M","-0.51%"
"05/13/2025","1,179","1,186","1,190","1,158","15.77M","-0.59%"
"05/12/2025","1,186","1,208","1,232","1,183","12.74M","-1.66%"
"05/09/2025","1,206","1,096","1,220","1,095","40.98M","10.04%"
"05/08/2025","1,096","1,091","1,111","1,083","11.96M","0.09%"
"05/07/2025","1,095","1,102","1,123","1,091","16.13M","-1.53%"
"05/06/2025","1,112","1,125","1,140","1,105","15.34M","-2.20%"
"05/05/2025","1,137","1,140","1,152","1,127","13.42M","-0.79%"
"05/02/2025","1,146","1,130","1,157","1,130","6.51M","1.15%"
"04/30/2025","1,133","1,120","1,155","1,110","21.84M","1.34%"
"04/29/2025","1,118","1,100","1,128","1,084","13.99M","0.36%"
"04/25/2025","1,114","1,110","1,136","1,110","13.10M","-0.54%"
"04/24/2025","1,120","1,110","1,127","1,087","12.29M","2.56%"
"04/23/2025","1,092","1,095","1,129","1,084","16.31M","-0.55%"
"04/22/2025","1,098","1,080","1,113","1,080","22.03M","0.83%"
"04/17/2025","1,089","1,081","1,096","1,067","20.93M","1.68%"
"04/16/2025","1,071","1,037","1,077","1,037","15.36M","1.90%"
"04/15/2025","1,051","1,042","1,067","1,030","22.96M","0.86%"
"04/14/2025","1,042","1,000","1,042","1,000","19.86M","6.33%"
"04/11/2025","980","990","1,005","975","18.99M","-0.51%"
"04/10/2025","985","1,012","1,015","974","28.80M","3.68%"
"04/09/2025","950","975","975","937","37.34M","-8.39%"
"04/08/2025","1,037","1,000","1,044","977","44.86M","4.12%"
"04/07/2025","996","990","1,027","957","37.87M","-2.83%"
"04/04/2025","1,025","1,102","1,102","1,019","19.19M","-5.88%"
"04/03/2025","1,089","1,159","1,159","1,083","36.43M","-6.52%"
"04/02/2025","1,165","1,185","1,215","1,152","22.80M","-2.84%"
"04/01/2025","1,199","1,189","1,215","1,185","6.10M","0.76%"
"03/31/2025","1,190","1,220","1,220","1,190","12.54M","-1.73%"
"03/28/2025","1,211","1,205","1,232","1,205","14.92M","-0.57%"
"03/27/2025","1,218","1,200","1,219","1,184","12.93M","2.44%"
"03/26/2025","1,189","1,200","1,203","1,181","12.74M","-0.75%"
"03/25/2025","1,198","1,170","1,199","1,170","20.39M","2.13%"
"03/24/2025","1,173","1,194","1,194","1,170","16.56M","-0.34%"
"03/20/2025","1,177","1,164","1,198","1,160","71.31M","1.38%"
"03/19/2025","1,161","1,130","1,170","1,130","15.93M","1.93%"
"03/18/2025","1,139","1,166","1,198","1,133","19.27M","-1.98%"
"03/17/2025","1,162","1,132","1,165","1,132","13.52M","1.57%"
"03/14/2025","1,144","1,124","1,147","1,105","19.56M","2.88%"
"03/13/2025","1,112","1,144","1,144","1,109","10.08M","-1.42%"
"03/12/2025","1,128","1,138","1,143","1,110","12.57M","-0.88%"
"03/11/2025","1,138","1,128","1,141","1,105","18.73M","1.61%"
"03/10/2025","1,120","1,175","1,175","1,120","20.12M","-2.35%"
"03/07/2025","1,147","1,170","1,170","1,133","22.83M","-0.61%"
"03/06/2025","1,154","1,170","1,182","1,154","18.89M","-0.77%"
"03/05/2025","1,163","1,227","1,245","1,163","34.89M","-5.22%"
"03/04/2025","1,227","1,248","1,265","1,223","17.42M","-2.15%"
"03/03/2025","1,254","1,260","1,275","1,249","12.07M","-0.95%"
"02/28/2025","1,266","1,294","1,299","1,257","38.43M","-2.01%"
"02/27/2025","1,292","1,333","1,340","1,291","15.72M","-3.44%"
"02/26/2025","1,338","1,251","1,345","1,251","17.99M","5.02%"
"02/25/2025","1,274","1,248","1,279","1,248","12.95M","1.68%"
"02/24/2025","1,253","1,225","1,273","1,225","10.16M","0.32%"
"02/21/2025","1,249","1,211","1,258","1,211","14.80M","0.89%"
"02/20/2025","1,238","1,220","1,240","1,207","24.86M","2.23%"
"02/19/2025","1,211","1,239","1,245","1,207","23.12M","-1.54%"
"02/18/2025","1,230","1,249","1,249","1,205","17.26M","-1.13%"
"02/17/2025","1,244","1,242","1,250","1,235","5.17M","0.08%"
"02/14/2025","1,243","1,243","1,256","1,237","5.49M","0.32%"
"02/13/2025","1,239","1,247","1,259","1,227","7.87M","-0.72%"
"02/12/2025","1,248","1,242","1,269","1,237","11.90M","0.40%"
"02/11/2025","1,243","1,242","1,246","1,229","7.97M","-0.08%"
"02/10/2025","1,244","1,239","1,250","1,239","8.03M","-0.24%"
"02/07/2025","1,247","1,249","1,262","1,241","9.38M","0.56%"
"02/06/2025","1,240","1,225","1,244","1,225","11.33M","0.81%"
"02/05/2025","1,230","1,219","1,244","1,219","10.49M","0.41%"
"02/04/2025","1,225","1,228","1,233","1,216","12.37M","0.57%"
"02/03/2025","1,218","1,200","1,223","1,200","8.61M","-1.38%"
"01/31/2025","1,235","1,225","1,238","1,220","12.28M","0.32%"
"01/30/2025","1,231","1,230","1,238","1,212","14.32M","0.98%"
"01/29/2025","1,219","1,203","1,238","1,190","20.37M","1.92%"
"01/28/2025","1,196","1,173","1,202","1,161","16.04M","1.18%"
"01/27/2025","1,182","1,167","1,184","1,159","13.67M","1.03%"
"01/24/2025","1,170","1,185","1,189","1,167","8.97M","-0.43%"
"01/23/2025","1,175","1,209","1,209","1,171","10.82M","-2.00%"
"01/22/2025","1,199","1,198","1,208","1,188","14.82M","0.08%"
"01/21/2025","1,198","1,192","1,201","1,182","15.92M","-0.17%"
"01/20/2025","1,200","1,215","1,220","1,192","8.64M","-1.64%"
"01/17/2025","1,220","1,180","1,220","1,180","16.13M","2.18%"
"01/16/2025","1,194","1,200","1,212","1,175","15.05M","-0.50%"
"01/15/2025","1,200","1,179","1,209","1,169","36.11M","1.52%"
"01/14/2025","1,182","1,200","1,210","1,176","15.94M","-1.50%"
"01/13/2025","1,200","1,207","1,222","1,175","15.14M","-0.58%"
"01/10/2025","1,207","1,227","1,250","1,204","13.87M","-3.05%"
"01/09/2025","1,245","1,277","1,277","1,234","13.45M","-0.08%"
"01/08/2025","1,246","1,279","1,279","1,246","14.48M","-1.50%"
"01/07/2025","1,265","1,265","1,273","1,251","10.66M","0.64%"
"01/06/2025","1,257","1,248","1,271","1,248","10.33M","0.24%"
"01/03/2025","1,254","1,254","1,256","1,229","6.83M","0.97%"
"01/02/2025","1,242","1,245","1,266","1,233","5.14M","-0.72%"
"12/31/2024","1,251","1,245","1,268","1,245","5.29M","0.48%"
"12/30/2024","1,245","1,251","1,255","1,233","6.39M","-0.48%"
"12/27/2024","1,251","1,253","1,276","1,242","6.33M","-1.50%"
"12/24/2024","1,270","1,270","1,282","1,254","3.96M","1.11%"
"12/23/2024","1,256","1,244","1,265","1,235","8.49M","0.96%"
"12/20/2024","1,244","1,295","1,295","1,228","62.30M","-2.35%"
"12/19/2024","1,274","1,280","1,295","1,228","62.11M","-1.92%"
"12/18/2024","1,299","1,289","1,313","1,289","14.41M","0.31%"
"12/17/2024","1,295","1,292","1,333","1,291","13.58M","-1.75%"
"12/13/2024","1,318","1,311","1,331","1,298","14.42M","0.30%"
"12/12/2024","1,314","1,330","1,330","1,314","11.94M","-0.15%"
"12/11/2024","1,316","1,310","1,321","1,294","16.41M","0.92%"
"12/10/2024","1,304","1,306","1,320","1,295","13.00M","-0.46%"
"12/09/2024","1,310","1,305","1,333","1,305","19.37M","-1.06%"
"12/06/2024","1,324","1,333","1,341","1,320","12.44M","-0.82%"
"12/05/2024","1,335","1,325","1,352","1,306","17.55M","1.60%"
"12/04/2024","1,314","1,310","1,333","1,301","19.27M","1.00%"
"12/03/2024","1,301","1,290","1,326","1,290","19.74M","0.46%"
"12/02/2024","1,295","1,260","1,306","1,254","11.33M","2.05%"
"11/29/2024","1,269","1,267","1,278","1,254","9.77M","-0.08%"
"11/28/2024","1,270","1,275","1,283","1,270","6.68M","-0.24%"
"11/27/2024","1,273","1,280","1,301","1,271","8.87M","-1.77%"
"11/26/2024","1,296","1,300","1,312","1,278","11.63M","0.78%"
"11/25/2024","1,286","1,285","1,313","1,285","21.91M","-0.77%"
"11/22/2024","1,296","1,285","1,311","1,285","12.94M","0.08%"
"11/21/2024","1,295","1,297","1,306","1,279","12.83M","0.15%"
"11/20/2024","1,293","1,285","1,298","1,281","8.17M","0.94%"
"11/19/2024","1,281","1,250","1,287","1,250","8.40M","0.31%"
"11/18/2024","1,277","1,241","1,290","1,241","9.88M","-0.39%"
"11/15/2024","1,282","1,270","1,285","1,257","13.88M","0.94%"
"11/14/2024","1,270","1,260","1,283","1,250","10.51M","1.03%"
"11/13/2024","1,257","1,250","1,275","1,249","8.64M","-0.08%"
"11/12/2024","1,258","1,260","1,269","1,248","17.33M","-0.55%"
"11/11/2024","1,265","1,265","1,276","1,256","4.49M","0.00%"
"11/08/2024","1,265","1,240","1,285","1,240","7.29M","-0.39%"
"11/07/2024","1,270","1,252","1,284","1,252","9.56M","0.00%"
"11/06/2024","1,270","1,299","1,299","1,261","10.42M","-1.85%"
"11/05/2024","1,294","1,271","1,297","1,268","13.94M","2.29%"
"11/04/2024","1,265","1,225","1,270","1,219","11.36M","2.93%"
"11/01/2024","1,229","1,232","1,232","1,210","8.44M","0.99%"
"10/31/2024","1,217","1,210","1,230","1,210","9.12M","-0.57%"
"10/30/2024","1,224","1,230","1,230","1,208","13.86M","-0.81%"
"10/29/2024","1,234","1,239","1,249","1,223","10.97M","0.33%"
"10/28/2024","1,230","1,220","1,231","1,207","16.71M","1.49%"
"10/25/2024","1,212","1,220","1,248","1,198","14.04M","-2.26%"
"10/24/2024","1,240","1,274","1,274","1,227","10.16M","-0.72%"
"10/23/2024","1,249","1,280","1,280","1,237","10.30M","-0.72%"
"10/22/2024","1,258","1,272","1,281","1,256","10.08M","-1.26%"
"10/21/2024","1,274","1,280","1,295","1,273","6.10M","-1.32%"
"10/18/2024","1,291","1,269","1,293","1,261","5.66M","1.41%"
"10/17/2024","1,273","1,289","1,292","1,264","4.58M","-0.08%"
"10/16/2024","1,274","1,275","1,280","1,250","11.75M","-1.92%"
"10/15/2024","1,299","1,285","1,314","1,273","9.37M","1.17%"
"10/14/2024","1,284","1,263","1,289","1,263","10.90M","0.55%"
"10/11/2024","1,277","1,256","1,277","1,244","8.40M","0.47%"
"10/10/2024","1,271","1,287","1,292","1,259","12.19M","-1.32%"
"10/09/2024","1,288","1,276","1,292","1,262","8.16M","0.70%"
"10/08/2024","1,279","1,311","1,311","1,271","9.49M","-1.01%"
"10/07/2024","1,292","1,324","1,335","1,284","10.41M","-2.34%"
"10/04/2024","1,323","1,320","1,339","1,310","11.52M","0.30%"
"10/03/2024","1,319","1,332","1,340","1,305","17.18M","-0.90%"
"10/02/2024","1,331","1,376","1,376","1,321","15.24M","-1.19%"
"10/01/2024","1,347","1,360","1,390","1,344","13.82M","-1.68%"
"09/30/2024","1,370","1,380","1,417","1,355","33.68M","-0.72%"
"09/27/2024","1,380","1,329","1,400","1,295","19.29M","4.86%"
"09/26/2024","1,316","1,320","1,339","1,287","12.92M","0.61%"
"09/25/2024","1,308","1,300","1,333","1,300","18.33M","-0.23%"
"09/23/2024","1,311","1,320","1,320","1,261","6.84M","1.24%"
"09/20/2024","1,295","1,291","1,318","1,286","24.82M","0.39%"
"09/19/2024","1,290","1,287","1,299","1,269","37.48M","0.55%"
"09/18/2024","1,283","1,269","1,283","1,257","8.14M","1.42%"
"09/17/2024","1,265","1,247","1,275","1,247","6.17M","1.20%"
"09/16/2024","1,250","1,254","1,262","1,232","5.74M","0.16%"
"09/13/2024","1,248","1,270","1,270","1,230","9.88M","-0.64%"
"09/12/2024","1,256","1,242","1,267","1,237","9.67M","1.21%"
"09/11/2024","1,241","1,264","1,286","1,228","14.77M","-2.44%"
"09/10/2024","1,272","1,288","1,320","1,234","17.87M","-0.78%"
"09/09/2024","1,282","1,265","1,296","1,265","8.16M","0.16%"
"09/06/2024","1,280","1,260","1,296","1,254","12.24M","0.71%"
"09/05/2024","1,271","1,280","1,286","1,265","9.10M","-0.70%"
"09/04/2024","1,280","1,280","1,297","1,243","16.82M","2.24%"
"09/03/2024","1,252","1,271","1,283","1,244","14.68M","-1.49%"
"09/02/2024","1,271","1,291","1,293","1,270","5.22M","-1.47%"
"08/30/2024","1,290","1,300","1,310","1,278","13.62M","-0.69%"
"08/29/2024","1,299","1,280","1,304","1,277","11.86M","0.70%"
"08/28/2024","1,290","1,275","1,297","1,268","9.81M","0.94%"
"08/27/2024","1,278","1,260","1,286","1,251","8.69M","0.08%"
"08/26/2024","1,277","1,235","1,286","1,235","6.30M","0.55%"
"08/23/2024","1,270","1,236","1,279","1,236","11.42M","2.92%"
"08/22/2024","1,234","1,250","1,260","1,232","7.06M","-0.24%"
"08/21/2024","1,237","1,200","1,260","1,200","9.25M","0.16%"
"08/20/2024","1,235","1,240","1,253","1,229","8.89M","-0.24%"
"08/19/2024","1,238","1,235","1,245","1,221","8.28M","0.73%"
"08/16/2024","1,229","1,220","1,250","1,220","11.06M","0.74%"
"08/15/2024","1,220","1,195","1,240","1,195","11.07M","1.50%"
"08/14/2024","1,202","1,190","1,209","1,177","9.20M","1.09%"
"08/13/2024","1,189","1,178","1,189","1,166","9.29M","1.28%"
"08/12/2024","1,174","1,200","1,200","1,171","6.77M","-1.59%"
"08/08/2024","1,193","1,203","1,203","1,156","14.05M","0.68%"
"08/07/2024","1,185","1,182","1,193","1,178","8.71M","0.68%"
"08/06/2024","1,177","1,205","1,205","1,162","8.45M","-0.93%"
"08/05/2024","1,188","1,171","1,188","1,148","14.39M","-0.34%"
"08/02/2024","1,192","1,208","1,218","1,183","14.17M","-1.73%"
"08/01/2024","1,213","1,223","1,232","1,208","5.21M","-1.54%"
"07/31/2024","1,232","1,200","1,233","1,190","16.58M","2.92%"
"07/30/2024","1,197","1,195","1,210","1,163","9.92M","2.13%"
"07/29/2024","1,172","1,225","1,225","1,172","11.69M","-1.92%"
"07/26/2024","1,195","1,213","1,213","1,186","7.47M","-0.33%"
"07/25/2024","1,199","1,170","1,199","1,163","8.45M","1.27%"
"07/24/2024","1,184","1,186","1,200","1,172","8.91M","-1.33%"
"07/23/2024","1,200","1,214","1,221","1,183","8.96M","-1.32%"
"07/22/2024","1,216","1,190","1,217","1,186","6.13M","1.50%"
"07/19/2024","1,198","1,197","1,218","1,186","6.94M","-0.17%"
"07/18/2024","1,200","1,205","1,230","1,193","15.39M","0.42%"
"07/17/2024","1,195","1,224","1,224","1,193","12.27M","-2.45%"
"07/16/2024","1,225","1,233","1,241","1,214","16.10M","-0.97%"
"07/15/2024","1,237","1,248","1,248","1,213","19.20M","0.08%"
"07/12/2024","1,236","1,251","1,257","1,220","6.93M","-0.40%"
"07/11/2024","1,241","1,260","1,260","1,226","8.81M","0.89%"
"07/10/2024","1,230","1,244","1,261","1,230","12.87M","-1.91%"
"07/09/2024","1,254","1,229","1,260","1,215","18.20M","2.03%"
"07/08/2024","1,229","1,255","1,255","1,224","8.21M","-0.97%"
"07/05/2024","1,241","1,266","1,268","1,232","3.79M","-0.88%"
"07/04/2024","1,252","1,245","1,255","1,223","7.14M","0.81%"
"07/03/2024","1,242","1,222","1,247","1,213","7.81M","2.22%"
"07/02/2024","1,215","1,245","1,255","1,215","13.63M","-3.57%"
"07/01/2024","1,260","1,230","1,320","1,230","20.56M","1.69%"
"06/28/2024","1,239","1,208","1,257","1,198","16.85M","3.60%"
"06/27/2024","1,196","1,204","1,214","1,188","6.02M","-0.58%"
"06/26/2024","1,203","1,225","1,231","1,191","13.25M","0.50%"
"06/25/2024","1,197","1,212","1,240","1,197","11.08M","-1.80%"
"06/24/2024","1,219","1,200","1,235","1,190","12.30M","0.74%"
"06/21/2024","1,210","1,215","1,235","1,201","49.40M","-0.08%"
"06/20/2024","1,211","1,210","1,254","1,206","37.85M","-1.46%"
"06/19/2024","1,229","1,222","1,274","1,215","31.98M","0.66%"
"06/18/2024","1,221","1,126","1,260","1,126","39.62M","7.96%"
"06/14/2024","1,131","1,049","1,131","1,045","34.34M","7.51%"
"06/13/2024","1,052","1,042","1,061","1,033","16.43M","1.35%"
"06/12/2024","1,038","1,055","1,064","1,038","17.53M","-0.67%"
"06/11/2024","1,045","1,035","1,052","1,018","20.28M","1.46%"
"06/10/2024","1,030","1,026","1,038","1,020","12.51M","0.10%"
"06/07/2024","1,029","1,025","1,049","1,025","10.72M","0.10%"
"06/06/2024","1,028","1,059","1,074","1,028","12.43M","-2.74%"
"06/05/2024","1,057","1,085","1,094","1,055","10.03M","-2.49%"
"06/04/2024","1,084","1,100","1,102","1,084","13.54M","-1.09%"
"06/03/2024","1,096","1,075","1,096","1,056","16.81M","3.10%"
"05/31/2024","1,063","1,071","1,084","1,062","26.59M","-1.02%"
"05/30/2024","1,074","1,118","1,119","1,074","15.00M","-5.04%"
"05/28/2024","1,131","1,120","1,164","1,120","10.17M","-1.22%"
"05/27/2024","1,145","1,132","1,156","1,132","6.08M","-0.43%"
"05/24/2024","1,150","1,121","1,150","1,113","10.76M","1.86%"
"05/23/2024","1,129","1,110","1,133","1,100","8.97M","0.27%"
"05/22/2024","1,126","1,099","1,137","1,091","12.44M","1.99%"
"05/21/2024","1,104","1,102","1,113","1,089","13.31M","-0.54%"
"05/20/2024","1,110","1,115","1,129","1,108","8.16M","-1.33%"
"05/17/2024","1,125","1,132","1,138","1,117","7.70M","-1.49%"
"05/16/2024","1,142","1,103","1,148","1,102","21.61M","2.51%"
"05/15/2024","1,114","1,098","1,123","1,084","10.88M","2.30%"
"05/14/2024","1,089","1,113","1,113","1,089","9.02M","-2.16%"
"05/13/2024","1,113","1,095","1,120","1,092","8.81M","1.55%"
"05/10/2024","1,096","1,123","1,123","1,096","8.71M","-0.27%"
"05/09/2024","1,099","1,100","1,119","1,093","10.07M","-0.99%"
"05/08/2024","1,110","1,095","1,110","1,090","12.49M","0.73%"
"05/07/2024","1,102","1,100","1,117","1,099","9.24M","-0.09%"
"05/06/2024","1,103","1,099","1,123","1,098","8.76M","0.36%"
"05/03/2024","1,099","1,118","1,118","1,097","10.06M","0.09%"
"05/02/2024","1,098","1,104","1,130","1,098","17.06M","-0.36%"
"04/30/2024","1,102","1,055","1,114","1,055","22.09M","2.70%"
"04/29/2024","1,073","1,040","1,080","1,040","10.97M","2.00%"
"04/26/2024","1,052","1,024","1,062","1,013","13.45M","3.65%"
"04/25/2024","1,015","1,015","1,022","1,006","9.46M","0.30%"
"04/24/2024","1,012","1,035","1,091","1,011","17.07M","-1.17%"
"04/23/2024","1,024","1,023","1,029","1,013","6.90M","-0.19%"
"04/22/2024","1,026","1,020","1,044","1,014","10.27M","1.28%"
"04/19/2024","1,013","1,018","1,019","995","11.15M","0.50%"
"04/18/2024","1,008","1,048","1,048","999","16.21M","-0.69%"
"04/17/2024","1,015","1,035","1,040","1,015","12.78M","-4.06%"
"04/16/2024","1,058","1,090","1,090","1,051","16.75M","-1.95%"
"04/15/2024","1,079","1,070","1,098","1,062","16.02M","0.94%"
"04/12/2024","1,069","1,093","1,104","1,066","12.85M","-2.73%"
"04/11/2024","1,099","1,117","1,117","1,090","9.45M","-1.61%"
"04/10/2024","1,117","1,120","1,147","1,109","13.43M","-1.67%"
"04/09/2024","1,136","1,108","1,150","1,108","11.03M","1.52%"
"04/08/2024","1,119","1,118","1,129","1,106","11.85M","-0.44%"
"04/05/2024","1,124","1,158","1,158","1,100","14.42M","-1.58%"
"04/04/2024","1,142","1,157","1,159","1,127","8.60M","0.18%"
"04/03/2024","1,140","1,152","1,152","1,131","11.80M","-1.72%"
"04/02/2024","1,160","1,163","1,180","1,152","13.43M","-1.28%"
"03/28/2024","1,175","1,200","1,208","1,172","12.09M","-0.76%"
"03/27/2024","1,184","1,141","1,203","1,141","18.55M","3.77%"
"03/26/2024","1,141","1,175","1,175","1,133","9.12M","-0.09%"
"03/25/2024","1,142","1,155","1,163","1,140","6.65M","-1.81%"
"03/22/2024","1,163","1,200","1,200","1,157","7.82M","-0.09%"
"03/20/2024","1,164","1,190","1,190","1,160","39.00M","0.00%"
"03/19/2024","1,164","1,182","1,193","1,164","7.46M","-2.18%"
"03/18/2024","1,190","1,182","1,217","1,173","10.59M","0.68%"
"03/15/2024","1,182","1,222","1,222","1,182","35.90M","-3.27%"
"03/14/2024","1,222","1,201","1,234","1,201","13.03M","1.24%"
"03/13/2024","1,207","1,221","1,229","1,205","7.43M","-1.15%"
"03/12/2024","1,221","1,240","1,284","1,210","13.20M","1.83%"
"03/11/2024","1,199","1,210","1,211","1,188","7.18M","-0.50%"
"03/08/2024","1,205","1,220","1,220","1,193","5.44M","0.17%"
"03/07/2024","1,203","1,205","1,205","1,180","8.26M","-0.99%"
"03/06/2024","1,215","1,184","1,216","1,184","7.45M","2.02%"
"03/05/2024","1,191","1,198","1,210","1,183","6.32M","-0.75%"
"03/04/2024","1,200","1,220","1,236","1,194","9.39M","-1.64%"
"03/01/2024","1,220","1,200","1,229","1,173","11.01M","2.18%"
"02/29/2024","1,194","1,186","1,198","1,173","17.05M","1.36%"
"02/28/2024","1,178","1,172","1,192","1,172","4.69M","-1.01%"
"02/27/2024","1,190","1,180","1,203","1,180","8.60M","0.08%"
"02/26/2024","1,189","1,172","1,197","1,172","5.82M","-0.08%"
"02/23/2024","1,190","1,185","1,198","1,179","3.47M","-0.42%"
"02/22/2024","1,195","1,172","1,197","1,172","5.72M","0.93%"
"02/21/2024","1,184","1,185","1,188","1,168","5.68M","0.94%"
"02/20/2024","1,173","1,184","1,185","1,167","7.27M","-1.18%"
"02/19/2024","1,187","1,190","1,190","1,171","5.28M","0.25%"
"02/16/2024","1,184","1,165","1,186","1,163","9.29M","1.20%"
"02/15/2024","1,170","1,192","1,192","1,164","11.83M","-2.17%"
"02/14/2024","1,196","1,197","1,204","1,183","7.28M","0.17%"
"02/13/2024","1,194","1,200","1,212","1,190","4.36M","-0.33%"
"02/12/2024","1,198","1,203","1,210","1,183","6.23M","-0.08%"
"02/09/2024","1,199","1,205","1,214","1,194","5.08M","-0.99%"
"02/08/2024","1,211","1,215","1,227","1,207","3.12M","-1.22%"
"02/07/2024","1,226","1,223","1,232","1,202","8.58M","0.00%"
"02/06/2024","1,226","1,211","1,231","1,211","4.79M","0.16%"
"02/05/2024","1,224","1,215","1,239","1,215","4.18M","-0.41%"
"02/02/2024","1,229","1,255","1,260","1,223","7.98M","-1.92%"
"02/01/2024","1,253","1,260","1,260","1,210","7.24M","0.64%"
"01/31/2024","1,245","1,239","1,257","1,204","18.26M","1.55%"
"01/30/2024","1,226","1,210","1,235","1,202","8.70M","0.91%"
"01/29/2024","1,215","1,200","1,227","1,198","5.29M","-0.65%"
"01/26/2024","1,223","1,229","1,231","1,205","4.82M","0.33%"
"01/25/2024","1,219","1,232","1,234","1,209","5.99M","-1.06%"
"01/24/2024","1,232","1,222","1,237","1,207","7.41M","0.82%"
"01/23/2024","1,222","1,205","1,222","1,201","6.61M","1.41%"
"01/22/2024","1,205","1,208","1,217","1,187","6.79M","-0.41%"
"01/19/2024","1,210","1,214","1,220","1,199","5.61M","0.50%"
"01/18/2024","1,204","1,181","1,212","1,181","6.40M","0.58%"
"01/17/2024","1,197","1,192","1,212","1,183","7.35M","-0.58%"
"01/16/2024","1,204","1,203","1,204","1,168","6.97M","1.60%"
"01/15/2024","1,185","1,197","1,204","1,177","5.37M","-1.17%"
"01/12/2024","1,199","1,220","1,220","1,187","5.51M","0.25%"
"01/11/2024","1,196","1,190","1,215","1,190","4.91M","-0.75%"
"01/10/2024","1,205","1,200","1,215","1,194","6.35M","0.42%"
"01/09/2024","1,200","1,206","1,223","1,199","6.24M","-1.15%"
"01/08/2024","1,214","1,214","1,225","1,206","4.82M","-0.65%"
"01/05/2024","1,222","1,213","1,222","1,201","3.25M","0.91%"
"01/04/2024","1,211","1,229","1,239","1,198","7.50M","-0.98%"
"01/03/2024","1,223","1,255","1,268","1,223","7.53M","-3.70%"
"01/02/2024","1,270","1,286","1,307","1,270","6.73M","-2.76%"
"12/29/2023","1,306","1,297","1,314","1,230","6.38M","1.95%"
"12/28/2023","1,281","1,270","1,293","1,270","6.95M","0.79%"
"12/27/2023","1,271","1,247","1,280","1,234","10.05M","3.00%"
"12/22/2023","1,234","1,195","1,248","1,195","3.11M","2.24%"
"12/21/2023","1,207","1,225","1,225","1,194","26.32M","-0.08%"
"12/20/2023","1,208","1,194","1,218","1,194","5.17M","0.50%"
"12/19/2023","1,202","1,211","1,232","1,192","10.44M","-0.74%"
"12/18/2023","1,211","1,199","1,239","1,182","11.78M","-1.78%"
"12/14/2023","1,233","1,178","1,248","1,178","25.57M","4.67%"
"12/13/2023","1,178","1,149","1,178","1,149","8.79M","1.82%"
"12/12/2023","1,157","1,184","1,198","1,150","9.02M","-2.53%"
"12/11/2023","1,187","1,166","1,192","1,166","6.69M","1.02%"
"12/08/2023","1,175","1,165","1,191","1,165","8.39M","-0.34%"
"12/07/2023","1,179","1,200","1,200","1,168","7.06M","-1.75%"
"12/06/2023","1,200","1,170","1,205","1,170","5.87M","0.93%"
"12/05/2023","1,189","1,198","1,200","1,179","9.92M","-0.67%"
"12/04/2023","1,197","1,184","1,197","1,167","11.36M","2.31%"
"12/01/2023","1,170","1,150","1,177","1,139","8.50M","1.74%"
"11/30/2023","1,150","1,195","1,195","1,115","54.87M","-2.04%"
"11/29/2023","1,174","1,182","1,197","1,166","13.66M","-1.01%"
"11/28/2023","1,186","1,175","1,204","1,175","11.12M","-1.17%"
"11/27/2023","1,200","1,231","1,231","1,190","7.04M","-1.56%"
"11/24/2023","1,219","1,197","1,230","1,179","13.77M","2.09%"
"11/23/2023","1,194","1,192","1,217","1,184","6.10M","-0.17%"
"11/22/2023","1,196","1,195","1,218","1,187","10.58M","-0.42%"
"11/21/2023","1,201","1,220","1,227","1,198","10.89M","-1.80%"
"11/20/2023","1,223","1,227","1,240","1,214","8.44M","-0.89%"
"11/17/2023","1,234","1,206","1,245","1,206","8.35M","0.24%"
"11/16/2023","1,231","1,215","1,252","1,215","11.63M","-0.81%"
"11/15/2023","1,241","1,200","1,252","1,200","9.86M","1.31%"
"11/14/2023","1,225","1,197","1,232","1,197","10.01M","1.58%"
"11/13/2023","1,206","1,179","1,224","1,179","6.41M","0.08%"
"11/10/2023","1,205","1,209","1,209","1,189","6.13M","0.08%"
"11/09/2023","1,204","1,205","1,210","1,191","6.79M","0.08%"
"11/08/2023","1,203","1,191","1,203","1,178","8.71M","1.01%"
"11/07/2023","1,191","1,220","1,230","1,187","11.52M","-3.17%"
"11/06/2023","1,230","1,230","1,251","1,218","6.67M","-1.05%"
"11/03/2023","1,243","1,235","1,252","1,225","8.88M","-0.24%"
"11/02/2023","1,246","1,200","1,246","1,200","11.90M","3.49%"
"11/01/2023","1,204","1,179","1,211","1,179","9.51M","1.60%"
"10/31/2023","1,185","1,165","1,193","1,165","8.26M","0.59%"
"10/30/2023","1,178","1,170","1,186","1,161","7.89M","1.12%"
"10/27/2023","1,165","1,184","1,193","1,164","7.91M","-1.52%"
"10/26/2023","1,183","1,188","1,195","1,163","7.58M","-0.92%"
"10/25/2023","1,194","1,200","1,200","1,174","5.98M","0.67%"
"10/24/2023","1,186","1,177","1,195","1,170","8.18M","0.76%"
"10/23/2023","1,177","1,175","1,192","1,154","10.98M","0.17%"
"10/20/2023","1,175","1,185","1,197","1,165","9.34M","-2.08%"
"10/19/2023","1,200","1,186","1,201","1,166","9.31M","0.59%"
"10/18/2023","1,193","1,219","1,219","1,182","18.09M","-3.17%"
"10/17/2023","1,232","1,235","1,239","1,221","5.35M","-0.24%"
"10/16/2023","1,235","1,255","1,277","1,219","16.77M","-1.59%"
"10/13/2023","1,255","1,245","1,271","1,245","7.49M","-0.71%"
"10/12/2023","1,264","1,253","1,273","1,252","8.30M","0.40%"
"10/11/2023","1,259","1,246","1,263","1,216","11.19M","0.96%"
"10/10/2023","1,247","1,202","1,247","1,191","13.88M","4.61%"
"10/09/2023","1,192","1,189","1,213","1,183","13.99M","-0.08%"
"10/06/2023","1,193","1,199","1,204","1,178","9.01M","-0.50%"
"10/05/2023","1,199","1,190","1,204","1,169","25.05M","0.50%"
"10/04/2023","1,193","1,229","1,229","1,193","10.58M","-1.65%"
"10/03/2023","1,213","1,200","1,231","1,197","6.67M","1.76%"
"10/02/2023","1,192","1,210","1,214","1,191","11.89M","-1.16%"
"09/29/2023","1,206","1,215","1,225","1,201","9.86M","-1.39%"
"09/28/2023","1,223","1,200","1,234","1,193","11.27M","1.07%"
"09/27/2023","1,210","1,247","1,258","1,192","9.23M","0.08%"
"09/26/2023","1,209","1,196","1,230","1,191","13.92M","-0.74%"
"09/22/2023","1,218","1,195","1,235","1,195","8.40M","0.16%"
"09/21/2023","1,216","1,247","1,247","1,205","26.78M","-0.90%"
"09/20/2023","1,227","1,214","1,231","1,192","14.06M","1.40%"
"09/19/2023","1,210","1,207","1,218","1,198","11.86M","0.25%"
"09/18/2023","1,207","1,250","1,250","1,205","12.46M","-1.47%"
"09/15/2023","1,225","1,238","1,254","1,211","26.48M","-0.65%"
"09/14/2023","1,233","1,233","1,260","1,224","12.71M","0.08%"
"09/13/2023","1,232","1,250","1,250","1,182","21.59M","-3.45%"
"09/12/2023","1,276","1,287","1,289","1,260","8.57M","-0.08%"
"09/11/2023","1,277","1,275","1,297","1,275","8.30M","0.63%"
"09/08/2023","1,269","1,260","1,289","1,260","9.45M","0.08%"
"09/07/2023","1,268","1,300","1,300","1,268","6.84M","-1.25%"
"09/06/2023","1,284","1,280","1,295","1,276","6.69M","-0.70%"
"09/05/2023","1,293","1,279","1,300","1,279","6.86M","0.86%"
"09/04/2023","1,282","1,295","1,296","1,278","4.48M","0.63%"
"09/01/2023","1,274","1,297","1,297","1,273","8.37M","0.39%"
"08/31/2023","1,269","1,280","1,294","1,269","22.79M","-1.09%"
"08/30/2023","1,283","1,266","1,307","1,266","8.97M","0.16%"
"08/29/2023","1,281","1,285","1,298","1,267","10.69M","-1.00%"
"08/28/2023","1,294","1,265","1,301","1,265","6.21M","0.94%"
"08/25/2023","1,282","1,268","1,294","1,268","9.17M","-0.93%"
"08/24/2023","1,294","1,273","1,302","1,273","9.75M","1.65%"
"08/23/2023","1,273","1,264","1,294","1,264","10.57M","-0.08%"
"08/22/2023","1,274","1,273","1,305","1,264","14.53M","-1.92%"
"08/21/2023","1,299","1,320","1,320","1,272","10.86M","2.04%"
"08/18/2023","1,273","1,300","1,300","1,265","12.18M","-2.15%"
"08/17/2023","1,301","1,300","1,310","1,288","14.05M","-0.91%"
"08/16/2023","1,313","1,281","1,322","1,281","12.45M","-0.45%"
"08/15/2023","1,319","1,344","1,344","1,305","9.08M","-1.05%"
"08/14/2023","1,333","1,320","1,339","1,319","10.87M","0.45%"
"08/11/2023","1,327","1,314","1,343","1,314","6.40M","0.15%"
"08/10/2023","1,325","1,300","1,340","1,292","10.21M","1.07%"
"08/08/2023","1,311","1,320","1,326","1,302","9.17M","0.00%"
"08/07/2023","1,311","1,300","1,327","1,300","8.15M","0.31%"
"08/04/2023","1,307","1,289","1,311","1,281","12.53M","1.63%"
"08/03/2023","1,286","1,299","1,299","1,262","7.92M","0.55%"
"08/02/2023","1,279","1,305","1,305","1,279","14.06M","-1.84%"
"08/01/2023","1,303","1,300","1,308","1,281","9.76M","0.15%"
"07/31/2023","1,301","1,289","1,304","1,283","11.30M","0.85%"
"07/28/2023","1,290","1,293","1,300","1,264","10.39M","0.39%"
"07/27/2023","1,285","1,270","1,295","1,270","12.66M","1.18%"
"07/26/2023","1,270","1,246","1,270","1,246","8.78M","0.79%"
"07/25/2023","1,260","1,260","1,267","1,248","7.46M","0.00%"
"07/24/2023","1,260","1,225","1,267","1,225","9.98M","0.40%"
"07/21/2023","1,255","1,271","1,272","1,249","5.98M","-0.40%"
"07/20/2023","1,260","1,270","1,271","1,248","7.69M","-0.16%"
"07/19/2023","1,262","1,266","1,271","1,251","7.74M","0.32%"
"07/18/2023","1,258","1,255","1,265","1,250","9.61M","0.64%"
"07/17/2023","1,250","1,210","1,266","1,210","11.68M","-0.24%"
"07/14/2023","1,253","1,252","1,263","1,240","10.86M","0.32%"
"07/13/2023","1,249","1,210","1,260","1,210","10.29M","1.88%"
"07/12/2023","1,226","1,209","1,227","1,202","9.81M","1.66%"
"07/11/2023","1,206","1,217","1,217","1,188","9.62M","0.50%"
"07/10/2023","1,200","1,206","1,209","1,189","3.62M","-0.50%"
"07/07/2023","1,206","1,170","1,210","1,170","6.44M","0.92%"
"07/06/2023","1,195","1,200","1,224","1,188","9.64M","-2.05%"
"07/05/2023","1,220","1,202","1,229","1,202","6.00M","0.08%"
"07/04/2023","1,219","1,218","1,229","1,205","7.78M","0.74%"
"07/03/2023","1,210","1,180","1,220","1,180","8.38M","-0.17%"
"06/30/2023","1,212","1,205","1,215","1,184","12.98M","1.42%"
"06/29/2023","1,195","1,200","1,202","1,183","8.01M","0.76%"
"06/28/2023","1,186","1,160","1,193","1,160","6.94M","0.51%"
"06/27/2023","1,180","1,175","1,197","1,160","7.20M","-0.08%"
"06/26/2023","1,181","1,188","1,200","1,176","6.27M","-0.34%"
"06/23/2023","1,185","1,211","1,211","1,168","7.42M","-0.84%"
"06/22/2023","1,195","1,214","1,224","1,189","7.35M","-1.57%"
"06/21/2023","1,214","1,202","1,227","1,201","9.31M","-0.49%"
"06/20/2023","1,220","1,210","1,234","1,210","10.19M","-0.33%"
"06/19/2023","1,224","1,200","1,232","1,200","9.86M","0.41%"
"06/15/2023","1,219","1,195","1,224","1,194","48.35M","0.91%"
"06/14/2023","1,208","1,200","1,215","1,177","9.64M","0.83%"
"06/13/2023","1,198","1,170","1,205","1,170","14.30M","1.78%"
"06/12/2023","1,177","1,170","1,190","1,167","17.71M","0.00%"
"06/09/2023","1,177","1,165","1,194","1,165","17.43M","0.60%"
"06/08/2023","1,170","1,157","1,184","1,150","15.86M","1.12%"
"06/07/2023","1,157","1,136","1,160","1,136","9.42M","0.70%"
"06/06/2023","1,149","1,129","1,149","1,116","12.37M","1.68%"
"06/05/2023","1,130","1,127","1,134","1,112","10.74M","1.16%"
"06/02/2023","1,117","1,091","1,129","1,091","16.28M","2.01%"
"06/01/2023","1,095","1,058","1,101","1,058","15.32M","2.62%"
"05/31/2023","1,067","1,050","1,095","1,050","57.77M","-0.84%"
"05/30/2023","1,076","1,055","1,092","1,055","13.60M","0.47%"
"05/29/2023","1,071","1,060","1,084","1,060","9.69M","-1.29%"
"05/26/2023","1,085","1,130","1,130","1,053","15.30M","-3.13%"
"05/25/2023","1,120","1,110","1,143","1,100","18.31M","0.00%"
"05/24/2023","1,120","1,103","1,129","1,103","8.42M","0.09%"
"05/23/2023","1,119","1,128","1,132","1,113","11.63M","0.36%"
"05/22/2023","1,115","1,121","1,127","1,108","6.39M","-0.54%"
"05/19/2023","1,121","1,100","1,122","1,100","5.05M","1.08%"
"05/18/2023","1,109","1,096","1,118","1,095","6.60M","0.18%"
"05/17/2023","1,107","1,105","1,115","1,097","7.16M","-0.81%"
"05/16/2023","1,116","1,101","1,130","1,101","7.67M","-0.09%"
"05/15/2023","1,117","1,116","1,130","1,100","10.13M","-0.71%"
"05/12/2023","1,125","1,100","1,134","1,078","11.09M","2.27%"
"05/11/2023","1,100","1,122","1,125","1,076","11.73M","-2.48%"
"05/10/2023","1,128","1,140","1,152","1,111","8.81M","-2.34%"
"05/09/2023","1,155","1,155","1,163","1,147","6.77M","-0.69%"
"05/08/2023","1,163","1,136","1,165","1,136","5.56M","0.95%"
"05/05/2023","1,152","1,140","1,160","1,118","5.22M","1.95%"
"05/04/2023","1,130","1,152","1,177","1,117","9.83M","-3.50%"
"05/03/2023","1,171","1,151","1,177","1,151","10.74M","0.09%"
"05/02/2023","1,170","1,164","1,189","1,136","18.19M","0.69%"
"04/28/2023","1,162","1,138","1,164","1,129","13.05M","2.29%"
"04/26/2023","1,136","1,122","1,137","1,112","10.96M","1.25%"
"04/25/2023","1,122","1,121","1,139","1,116","8.45M","-1.15%"
"04/24/2023","1,135","1,121","1,142","1,121","8.95M","-0.18%"
"04/21/2023","1,137","1,150","1,169","1,130","10.12M","-1.30%"
"04/20/2023","1,152","1,137","1,160","1,137","10.17M","0.17%"
"04/19/2023","1,150","1,140","1,150","1,105","18.76M","1.86%"
"04/18/2023","1,129","1,132","1,154","1,127","18.30M","-1.40%"
"04/17/2023","1,145","1,141","1,160","1,128","15.00M","-0.69%"
"04/14/2023","1,153","1,139","1,157","1,111","19.90M","2.31%"
"04/13/2023","1,127","1,130","1,139","1,117","15.05M","0.00%"
"04/12/2023","1,127","1,120","1,138","1,106","10.55M","-4.57%"
"04/11/2023","1,181","1,189","1,198","1,160","13.98M","-0.67%"
"04/06/2023","1,189","1,181","1,196","1,177","7.23M","-0.17%"
"04/05/2023","1,191","1,214","1,214","1,186","9.95M","-1.41%"
"04/04/2023","1,208","1,195","1,216","1,175","10.45M","2.29%"
"04/03/2023","1,181","1,180","1,194","1,171","12.61M","0.08%"
"03/31/2023","1,180","1,192","1,192","1,174","20.95M","-0.84%"
"03/30/2023","1,190","1,184","1,191","1,175","13.21M","0.93%"
"03/29/2023","1,179","1,180","1,183","1,162","12.29M","0.77%"
"03/28/2023","1,170","1,137","1,177","1,137","15.69M","2.54%"
"03/27/2023","1,141","1,100","1,151","1,090","15.71M","3.35%"
"03/24/2023","1,104","1,111","1,115","1,098","12.36M","-1.16%"
"03/23/2023","1,117","1,089","1,121","1,089","9.03M","1.36%"
"03/22/2023","1,102","1,099","1,120","1,092","12.86M","1.29%"
"03/20/2023","1,088","1,110","1,110","1,052","7.50M","-1.27%"
"03/17/2023","1,102","1,116","1,137","1,094","21.77M","-1.08%"
"03/16/2023","1,114","1,135","1,137","1,105","40.78M","-1.15%"
"03/15/2023","1,127","1,187","1,190","1,103","16.43M","-5.05%"
"03/14/2023","1,187","1,199","1,199","1,141","16.90M","1.63%"
"03/13/2023","1,168","1,205","1,207","1,145","11.90M","-3.07%"
"03/10/2023","1,205","1,186","1,215","1,183","13.09M","-1.79%"
"03/09/2023","1,227","1,206","1,234","1,206","14.04M","0.90%"
"03/08/2023","1,216","1,260","1,260","1,186","16.19M","-2.01%"
"03/07/2023","1,241","1,224","1,255","1,220","12.53M","1.06%"
"03/06/2023","1,228","1,231","1,249","1,222","8.37M","-0.08%"
"03/03/2023","1,229","1,191","1,241","1,191","11.32M","1.40%"
"03/02/2023","1,212","1,200","1,215","1,192","12.92M","1.00%"
"03/01/2023","1,200","1,191","1,214","1,184","8.24M","0.76%"
"02/28/2023","1,191","1,169","1,203","1,169","26.11M","0.85%"
"02/27/2023","1,181","1,177","1,191","1,159","9.67M","0.51%"
"02/24/2023","1,175","1,180","1,218","1,166","11.50M","-1.09%"
"02/23/2023","1,188","1,180","1,197","1,162","10.67M","2.41%"
"02/22/2023","1,160","1,179","1,184","1,155","9.19M","-2.44%"
"02/21/2023","1,189","1,139","1,194","1,139","13.84M","3.66%"
"02/20/2023","1,147","1,162","1,164","1,145","5.57M","-1.04%"
"02/17/2023","1,159","1,155","1,179","1,153","7.22M","-1.78%"
"02/16/2023","1,180","1,185","1,187","1,160","6.46M","1.55%"
"02/15/2023","1,162","1,180","1,190","1,157","8.86M","-0.26%"
"02/14/2023","1,165","1,194","1,194","1,158","8.95M","-0.51%"
"02/13/2023","1,171","1,150","1,173","1,150","6.19M","0.34%"
"02/10/2023","1,167","1,187","1,197","1,158","9.29M","-1.10%"
"02/09/2023","1,180","1,184","1,190","1,165","8.84M","-0.34%"
"02/08/2023","1,184","1,175","1,188","1,163","10.84M","1.63%"
"02/07/2023","1,165","1,170","1,183","1,147","8.85M","-0.43%"
"02/06/2023","1,170","1,182","1,185","1,164","9.23M","-1.10%"
"02/03/2023","1,183","1,189","1,189","1,167","9.95M","-0.08%"
"02/02/2023","1,184","1,180","1,203","1,178","11.12M","-0.34%"
"02/01/2023","1,188","1,177","1,200","1,174","9.07M","0.42%"
"01/31/2023","1,183","1,192","1,194","1,171","13.33M","-1.17%"
"01/30/2023","1,197","1,190","1,199","1,179","9.39M","0.08%"
"01/27/2023","1,196","1,154","1,205","1,154","11.96M","1.96%"
"01/26/2023","1,173","1,140","1,180","1,140","9.71M","2.89%"
"01/25/2023","1,140","1,171","1,171","1,135","8.59M","-2.06%"
"01/24/2023","1,164","1,169","1,172","1,151","3.79M","0.17%"
"01/23/2023","1,162","1,150","1,179","1,149","5.21M","1.57%"
"01/20/2023","1,144","1,150","1,164","1,144","5.09M","-1.12%"
"01/19/2023","1,157","1,142","1,169","1,129","7.32M","0.96%"
"01/18/2023","1,146","1,149","1,174","1,142","5.32M","-0.26%"
"01/17/2023","1,149","1,153","1,180","1,142","12.11M","-0.35%"
"01/16/2023","1,153","1,110","1,166","1,110","11.05M","3.32%"
"01/13/2023","1,116","1,146","1,146","1,108","9.83M","-0.89%"
"01/12/2023","1,126","1,130","1,149","1,113","8.99M","0.72%"
"01/11/2023","1,118","1,127","1,127","1,107","8.47M","-0.89%"
"01/10/2023","1,128","1,132","1,133","1,111","6.46M","-0.35%"
"01/09/2023","1,132","1,099","1,140","1,093","8.35M","3.00%"
"01/06/2023","1,099","1,098","1,105","1,076","6.90M","0.37%"
"01/05/2023","1,095","1,090","1,116","1,090","7.76M","0.27%"
"01/04/2023","1,092","1,079","1,099","1,066","10.56M","2.15%"
"01/03/2023","1,069","1,060","1,074","1,043","4.82M","2.20%"
"12/30/2022","1,046","1,025","1,060","1,025","4.27M","-1.32%"
"12/29/2022","1,060","1,077","1,077","1,049","3.94M","-1.03%"
"12/28/2022","1,071","1,077","1,077","1,054","6.47M","-0.65%"
"12/23/2022","1,078","1,068","1,081","1,054","3.13M","1.79%"
"12/22/2022","1,059","1,065","1,068","1,047","5.24M","-0.47%"
"12/21/2022","1,064","1,047","1,072","1,039","7.24M","1.62%"
"12/20/2022","1,047","1,050","1,054","1,019","8.18M","0.58%"
"12/19/2022","1,041","1,013","1,050","996","14.69M","3.38%"
"12/15/2022","1,007","1,023","1,034","986","57.03M","-2.14%"
"12/14/2022","1,029","1,030","1,058","1,020","11.13M","-0.10%"
"12/13/2022","1,030","1,007","1,033","997","11.98M","2.49%"
"12/12/2022","1,005","1,020","1,020","996","13.18M","-1.08%"
"12/09/2022","1,016","1,068","1,068","1,011","17.42M","-3.97%"
"12/08/2022","1,058","1,068","1,068","1,046","7.90M","0.00%"
"12/07/2022","1,058","1,050","1,067","1,046","11.24M","-0.09%"
"12/06/2022","1,059","1,061","1,078","1,051","6.77M","0.57%"
"12/05/2022","1,053","1,063","1,090","1,043","12.72M","1.54%"
"12/02/2022","1,037","1,080","1,080","1,011","18.36M","-1.14%"
"12/01/2022","1,049","1,110","1,130","1,031","20.82M","-5.50%"
"11/30/2022","1,110","1,095","1,118","1,081","30.98M","1.46%"
"11/29/2022","1,094","1,115","1,140","1,085","9.45M","-1.88%"
"11/28/2022","1,115","1,120","1,120","1,098","9.33M","1.00%"
"11/25/2022","1,104","1,120","1,120","1,100","9.82M","-1.43%"
"11/24/2022","1,120","1,122","1,149","1,112","5.67M","-1.41%"
"11/23/2022","1,136","1,150","1,158","1,124","7.30M","0.09%"
"11/22/2022","1,135","1,090","1,182","1,090","21.39M","1.52%"
"11/21/2022","1,118","1,117","1,138","1,105","14.41M","0.27%"
"11/18/2022","1,115","1,070","1,120","1,070","11.04M","4.21%"
"11/17/2022","1,070","1,095","1,095","1,067","7.62M","-0.28%"
"11/16/2022","1,073","1,075","1,090","1,067","6.00M","-0.28%"
"11/15/2022","1,076","1,079","1,109","1,071","9.29M","-2.80%"
"11/14/2022","1,107","1,083","1,123","1,078","7.07M","-0.09%"
"11/11/2022","1,108","1,099","1,120","1,090","8.92M","1.00%"
"11/10/2022","1,097","1,069","1,099","1,058","11.04M","2.72%"
"11/09/2022","1,068","1,059","1,085","1,059","9.85M","0.75%"
"11/08/2022","1,060","1,075","1,082","1,059","5.90M","-1.30%"
"11/07/2022","1,074","1,060","1,084","1,059","11.17M","1.13%"
"11/04/2022","1,062","1,020","1,072","1,020","15.68M","4.53%"
"11/03/2022","1,016","1,030","1,039","1,006","12.92M","-2.78%"
"11/02/2022","1,045","1,030","1,060","1,022","11.94M","1.36%"
"11/01/2022","1,031","1,038","1,068","1,025","12.93M","-1.25%"
"10/31/2022","1,044","1,025","1,055","1,025","11.37M","0.29%"
"10/28/2022","1,041","1,018","1,045","1,015","10.67M","1.66%"
"10/27/2022","1,024","1,031","1,040","1,010","14.12M","-1.63%"
"10/26/2022","1,041","990","1,048","990","11.84M","4.10%"
"10/25/2022","1,000","995","1,006","974","17.49M","-0.10%"
"10/24/2022","1,001","1,005","1,025","980","13.68M","-0.20%"
"10/21/2022","1,003","999","1,009","981","11.46M","-1.08%"
"10/20/2022","1,014","1,020","1,021","990","48.94M","0.30%"
"10/19/2022","1,011","1,019","1,019","994","12.61M","0.30%"
"10/18/2022","1,008","1,011","1,024","1,004","14.02M","0.10%"
"10/17/2022","1,007","960","1,009","960","14.00M","5.01%"
"10/14/2022","959","970","983","958","14.05M","0.31%"
"10/13/2022","956","951","960","921","16.97M","0.63%"
"10/12/2022","950","962","962","942","14.11M","0.32%"
"10/11/2022","947","960","966","937","11.83M","-1.97%"
"10/10/2022","966","958","990","958","9.30M","-0.41%"
"10/07/2022","970","962","975","956","12.03M","0.83%"
"10/06/2022","962","972","986","956","11.40M","-0.10%"
"10/05/2022","963","1,011","1,012","956","8.50M","-4.27%"
"10/04/2022","1,006","983","1,015","978","18.26M","1.72%"
"10/03/2022","989","993","995","968","9.35M","1.12%"
"09/30/2022","978","969","987","954","12.59M","2.62%"
"09/29/2022","953","978","978","945","13.23M","-0.63%"
"09/28/2022","959","965","973","941","14.84M","-2.24%"
"09/27/2022","981","1,000","1,002","962","12.28M","0.00%"
"09/26/2022","981","1,000","1,017","960","14.12M","-2.87%"
"09/23/2022","1,010","1,020","1,036","1,000","9.40M","-1.08%"
"09/22/2022","1,021","1,040","1,044","1,021","12.40M","-1.92%"
"09/21/2022","1,041","1,032","1,045","1,023","9.83M","-0.19%"
"09/20/2022","1,043","1,059","1,068","1,035","12.53M","-1.51%"
"09/19/2022","1,059","1,046","1,074","1,010","14.09M","2.42%"
"09/16/2022","1,034","1,067","1,067","1,034","39.51M","-1.52%"
"09/15/2022","1,050","1,080","1,089","1,050","37.84M","-2.23%"
"09/14/2022","1,074","1,071","1,086","1,057","8.39M","1.03%"
"09/13/2022","1,063","1,091","1,110","1,055","11.85M","-3.97%"
"09/12/2022","1,107","1,089","1,112","1,076","11.73M","3.46%"
"09/09/2022","1,070","1,053","1,094","1,053","16.11M","0.28%"
"09/08/2022","1,067","1,035","1,072","1,035","11.12M","2.60%"
"09/07/2022","1,040","1,050","1,051","1,017","23.48M","-1.05%"
"09/06/2022","1,051","1,080","1,082","1,042","18.05M","-1.68%"
"09/05/2022","1,069","1,051","1,089","1,051","11.09M","-0.47%"
"09/02/2022","1,074","1,060","1,081","1,053","16.60M","2.87%"
"09/01/2022","1,044","1,017","1,057","1,017","25.67M","2.65%"
"08/31/2022","1,017","1,079","1,110","1,002","38.61M","-3.78%"
"08/30/2022","1,057","1,165","1,165","1,050","27.96M","-8.17%"
"08/29/2022","1,151","1,130","1,163","1,128","9.37M","0.61%"
"08/26/2022","1,144","1,111","1,157","1,111","12.29M","0.97%"
"08/25/2022","1,133","1,169","1,174","1,100","18.98M","-1.90%"
"08/24/2022","1,155","1,145","1,168","1,145","10.64M","0.00%"
"08/23/2022","1,155","1,120","1,163","1,120","9.97M","1.23%"
"08/22/2022","1,141","1,127","1,162","1,114","13.91M","1.24%"
"08/19/2022","1,127","1,170","1,170","1,122","11.99M","-2.42%"
"08/18/2022","1,155","1,155","1,163","1,151","9.07M","-0.17%"
"08/17/2022","1,157","1,166","1,166","1,144","15.55M","-0.17%"
"08/16/2022","1,159","1,151","1,169","1,145","13.79M","0.61%"
"08/15/2022","1,152","1,184","1,185","1,149","11.08M","-2.04%"
"08/12/2022","1,176","1,187","1,198","1,175","10.60M","-0.93%"
"08/11/2022","1,187","1,171","1,199","1,162","15.54M","3.67%"
"08/10/2022","1,145","1,151","1,175","1,131","12.45M","-0.52%"
"08/08/2022","1,151","1,143","1,157","1,135","8.80M","0.70%"
"08/05/2022","1,143","1,120","1,143","1,120","17.71M","2.60%"
"08/04/2022","1,114","1,139","1,139","1,111","11.83M","-1.15%"
"08/03/2022","1,127","1,105","1,136","1,103","12.15M","1.99%"
"08/02/2022","1,105","1,130","1,135","1,094","23.53M","-2.13%"
"08/01/2022","1,129","1,127","1,150","1,118","14.60M","-0.44%"
"07/29/2022","1,134","1,148","1,148","1,127","20.47M","0.35%"
"07/28/2022","1,130","1,156","1,159","1,124","15.19M","-1.22%"
"07/27/2022","1,144","1,145","1,160","1,138","6.71M","-0.09%"
"07/26/2022","1,145","1,129","1,153","1,124","11.05M","0.97%"
"07/25/2022","1,134","1,123","1,146","1,119","10.67M","0.27%"
"07/22/2022","1,131","1,165","1,168","1,126","15.54M","-1.48%"
"07/21/2022","1,148","1,135","1,150","1,107","17.43M","1.95%"
"07/20/2022","1,126","1,161","1,169","1,107","18.54M","-2.17%"
"07/19/2022","1,151","1,174","1,174","1,142","18.07M","-0.35%"
"07/18/2022","1,155","1,153","1,190","1,150","13.92M","0.52%"
"07/15/2022","1,149","1,125","1,159","1,120","11.15M","2.32%"
"07/14/2022","1,123","1,157","1,167","1,113","11.93M","-2.18%"
"07/13/2022","1,148","1,155","1,178","1,139","11.80M","-1.46%"
"07/12/2022","1,165","1,130","1,168","1,130","12.67M","1.22%"
"07/11/2022","1,151","1,139","1,166","1,130","7.54M","-0.52%"
"07/08/2022","1,157","1,115","1,178","1,098","13.76M","4.42%"
"07/07/2022","1,108","1,096","1,115","1,080","8.98M","3.07%"
"07/06/2022","1,075","1,075","1,100","1,063","12.23M","-0.46%"
"07/05/2022","1,080","1,126","1,126","1,073","11.62M","-2.88%"
"07/04/2022","1,112","1,100","1,119","1,098","5.48M","2.02%"
"07/01/2022","1,090","1,103","1,140","1,082","12.24M","-1.18%"
"06/30/2022","1,103","1,136","1,144","1,103","19.26M","-3.50%"
"06/29/2022","1,143","1,150","1,171","1,132","11.90M","-2.89%"
"06/28/2022","1,177","1,166","1,187","1,158","11.69M","1.64%"
"06/27/2022","1,158","1,165","1,195","1,147","9.39M","-0.34%"
"06/24/2022","1,162","1,101","1,162","1,101","17.73M","3.66%"
"06/23/2022","1,121","1,136","1,136","1,110","10.76M","-0.80%"
"06/22/2022","1,130","1,135","1,138","1,120","12.76M","-1.22%"
"06/21/2022","1,144","1,151","1,159","1,126","18.91M","0.70%"
"06/20/2022","1,136","1,140","1,168","1,136","9.81M","-0.35%"
"06/17/2022","1,140","1,159","1,176","1,140","35.05M","-2.23%"
"06/15/2022","1,166","1,190","1,190","1,137","45.30M","1.83%"
"06/14/2022","1,145","1,178","1,199","1,145","25.08M","-2.14%"
"06/13/2022","1,170","1,175","1,182","1,151","22.68M","-2.58%"
"06/10/2022","1,201","1,236","1,267","1,200","45.70M","-3.07%"
"06/09/2022","1,239","1,242","1,277","1,238","19.22M","-0.96%"
"06/08/2022","1,251","1,270","1,270","1,243","17.60M","-0.64%"
"06/07/2022","1,259","1,270","1,270","1,230","17.31M","1.45%"
"06/06/2022","1,241","1,250","1,261","1,235","4.48M","-0.72%"
"06/03/2022","1,250","1,245","1,265","1,245","6.02M","-0.08%"
"06/02/2022","1,251","1,279","1,279","1,245","11.03M","-0.32%"
"06/01/2022","1,255","1,260","1,287","1,242","14.13M","-1.65%"
"05/31/2022","1,276","1,268","1,295","1,260","26.16M","0.63%"
"05/30/2022","1,268","1,250","1,270","1,248","13.28M","1.60%"
"05/27/2022","1,248","1,207","1,253","1,207","15.94M","3.40%"
"05/26/2022","1,207","1,206","1,210","1,185","19.38M","1.77%"
"05/25/2022","1,186","1,230","1,230","1,168","14.42M","-1.25%"
"05/24/2022","1,201","1,205","1,231","1,196","10.35M","-1.31%"
"05/23/2022","1,217","1,217","1,240","1,208","7.25M","1.00%"
"05/20/2022","1,205","1,204","1,233","1,203","12.11M","0.08%"
"05/19/2022","1,204","1,249","1,249","1,198","12.50M","-3.91%"
"05/18/2022","1,253","1,247","1,263","1,240","9.60M","0.48%"
"05/17/2022","1,247","1,238","1,265","1,238","9.51M","0.48%"
"05/16/2022","1,241","1,228","1,247","1,205","9.06M","2.06%"
"05/13/2022","1,216","1,195","1,221","1,192","10.93M","1.67%"
"05/12/2022","1,196","1,190","1,198","1,165","14.54M","-1.16%"
"05/11/2022","1,210","1,187","1,225","1,176","14.55M","1.26%"
"05/10/2022","1,195","1,165","1,205","1,163","20.79M","2.66%"
"05/09/2022","1,164","1,150","1,174","1,150","17.85M","-0.43%"
"05/06/2022","1,169","1,173","1,173","1,131","17.06M","1.12%"
"05/05/2022","1,156","1,220","1,223","1,156","18.20M","-4.86%"
"05/04/2022","1,215","1,220","1,229","1,202","10.83M","-0.57%"
"05/03/2022","1,222","1,274","1,292","1,222","13.34M","-3.70%"
"04/29/2022","1,269","1,249","1,275","1,242","21.14M","2.50%"
"04/28/2022","1,238","1,220","1,246","1,215","12.49M","1.56%"
"04/26/2022","1,219","1,226","1,238","1,205","11.15M","0.66%"
"04/25/2022","1,211","1,219","1,227","1,183","15.63M","-2.26%"
"04/22/2022","1,239","1,235","1,244","1,220","9.49M","0.81%"
"04/21/2022","1,229","1,241","1,243","1,214","17.12M","1.65%"
"04/20/2022","1,209","1,233","1,253","1,200","17.79M","-1.95%"
"04/19/2022","1,233","1,228","1,250","1,214","15.93M","0.82%"
"04/14/2022","1,223","1,269","1,269","1,217","13.71M","-3.01%"
"04/13/2022","1,261","1,315","1,315","1,255","16.00M","-5.83%"
"04/12/2022","1,339","1,360","1,361","1,329","22.14M","-1.03%"
"04/11/2022","1,353","1,385","1,409","1,327","22.78M","-0.88%"
"04/08/2022","1,365","1,380","1,427","1,361","24.53M","-1.09%"
"04/07/2022","1,380","1,377","1,411","1,365","15.69M","-2.13%"
"04/06/2022","1,410","1,376","1,420","1,376","14.88M","2.47%"
"04/05/2022","1,376","1,390","1,403","1,366","10.02M","-0.65%"
"04/04/2022","1,385","1,420","1,420","1,379","12.25M","-1.07%"
"04/01/2022","1,400","1,376","1,414","1,368","13.08M","1.67%"
"03/31/2022","1,377","1,400","1,425","1,367","15.25M","-1.78%"
"03/30/2022","1,402","1,415","1,421","1,390","10.38M","0.36%"
"03/29/2022","1,397","1,340","1,415","1,315","22.85M","5.04%"
"03/28/2022","1,330","1,329","1,339","1,319","9.88M","0.45%"
"03/25/2022","1,324","1,345","1,345","1,311","7.38M","-0.82%"
"03/24/2022","1,335","1,345","1,348","1,324","18.02M","0.15%"
"03/23/2022","1,333","1,350","1,350","1,320","14.85M","-1.26%"
"03/22/2022","1,350","1,320","1,354","1,310","27.73M","0.82%"
"03/18/2022","1,339","1,379","1,379","1,305","51.28M","-1.54%"
"03/17/2022","1,360","1,380","1,395","1,350","45.46M","-0.87%"
"03/16/2022","1,372","1,340","1,388","1,330","23.80M","5.05%"
"03/15/2022","1,306","1,301","1,307","1,252","14.82M","0.38%"
"03/14/2022","1,301","1,299","1,339","1,283","9.75M","-0.84%"
"03/11/2022","1,312","1,279","1,319","1,270","11.17M","3.72%"
"03/10/2022","1,265","1,242","1,297","1,242","13.38M","1.85%"
"03/09/2022","1,242","1,240","1,258","1,217","12.39M","1.14%"
"03/08/2022","1,228","1,220","1,239","1,181","13.47M","0.49%"
"03/07/2022","1,222","1,220","1,235","1,130","20.91M","-1.05%"
"03/04/2022","1,235","1,294","1,297","1,226","16.84M","-4.71%"
"03/03/2022","1,296","1,260","1,305","1,257","13.84M","2.61%"
"03/02/2022","1,263","1,267","1,279","1,247","19.79M","-1.48%"
"03/01/2022","1,282","1,265","1,318","1,261","14.15M","1.75%"
"02/28/2022","1,260","1,267","1,299","1,239","40.99M","-2.63%"
"02/25/2022","1,294","1,299","1,302","1,261","9.47M","0.86%"
"02/24/2022","1,283","1,317","1,323","1,256","20.78M","-3.68%"
"02/23/2022","1,332","1,343","1,360","1,317","16.84M","0.53%"
"02/22/2022","1,325","1,357","1,360","1,322","13.29M","-2.72%"
"02/21/2022","1,362","1,370","1,400","1,354","9.11M","-0.95%"
"02/18/2022","1,375","1,411","1,411","1,375","7.31M","-0.87%"
"02/17/2022","1,387","1,410","1,412","1,380","6.79M","-1.63%"
"02/16/2022","1,410","1,400","1,415","1,388","12.01M","2.10%"
"02/15/2022","1,381","1,345","1,400","1,345","14.49M","1.40%"
"02/14/2022","1,362","1,420","1,421","1,349","13.07M","-4.02%"
"02/11/2022","1,419","1,440","1,445","1,406","11.07M","-1.46%"
"02/10/2022","1,440","1,420","1,465","1,420","7.32M","-0.41%"
"02/09/2022","1,446","1,430","1,459","1,412","12.08M","0.91%"
"02/08/2022","1,433","1,396","1,433","1,379","13.04M","3.62%"
"02/07/2022","1,383","1,394","1,400","1,375","7.70M","-0.93%"
"02/04/2022","1,396","1,382","1,396","1,375","7.68M","0.72%"
"02/03/2022","1,386","1,379","1,388","1,363","6.23M","1.02%"
"02/02/2022","1,372","1,383","1,396","1,367","6.17M","-0.65%"
"02/01/2022","1,381","1,368","1,400","1,368","6.22M","0.15%"
"01/31/2022","1,379","1,393","1,421","1,365","16.12M","-0.07%"
"01/28/2022","1,380","1,358","1,382","1,347","10.02M","1.77%"
"01/27/2022","1,356","1,305","1,358","1,305","5.53M","1.65%"
"01/26/2022","1,334","1,340","1,365","1,325","10.03M","-0.67%"
"01/25/2022","1,343","1,330","1,354","1,319","8.48M","1.36%"
"01/24/2022","1,325","1,364","1,372","1,319","11.68M","-2.79%"
"01/21/2022","1,363","1,352","1,370","1,347","8.45M","0.81%"
"01/20/2022","1,352","1,371","1,381","1,352","11.27M","-1.10%"
"01/19/2022","1,367","1,392","1,413","1,367","9.81M","-2.91%"
"01/18/2022","1,408","1,419","1,445","1,393","11.93M","-2.22%"
"01/17/2022","1,440","1,435","1,441","1,413","8.96M","0.07%"
"01/14/2022","1,439","1,420","1,449","1,396","12.35M","1.27%"
"01/13/2022","1,421","1,376","1,426","1,357","15.28M","3.95%"
"01/12/2022","1,367","1,385","1,392","1,350","13.57M","-0.73%"
"01/11/2022","1,377","1,403","1,403","1,375","7.43M","-0.94%"
"01/10/2022","1,390","1,350","1,402","1,350","10.00M","2.36%"
"01/07/2022","1,358","1,342","1,375","1,342","4.98M","-0.15%"
"01/06/2022","1,360","1,315","1,372","1,315","6.43M","-0.44%"
"01/05/2022","1,366","1,350","1,379","1,350","5.93M","-0.15%"
"01/04/2022","1,368","1,333","1,380","1,333","8.63M","3.01%"
"01/03/2022","1,328","1,297","1,333","1,297","4.80M","1.37%"
"12/31/2021","1,310","1,307","1,314","1,289","3.23M","0.23%"
"12/30/2021","1,307","1,305","1,313","1,290","7.23M","0.46%"
"12/29/2021","1,301","1,290","1,302","1,288","5.79M","0.85%"
"12/28/2021","1,290","1,262","1,290","1,262","4.15M","1.57%"
"12/24/2021","1,270","1,283","1,283","1,268","695.83K","-0.55%"
"12/23/2021","1,277","1,262","1,282","1,254","6.43M","1.83%"
"12/22/2021","1,254","1,250","1,267","1,244","4.63M","0.32%"
"12/21/2021","1,250","1,249","1,263","1,223","7.17M","1.96%"
"12/20/2021","1,226","1,260","1,266","1,217","8.53M","-3.01%"
"12/17/2021","1,264","1,239","1,278","1,238","40.45M","3.18%"
"12/15/2021","1,225","1,205","1,239","1,189","54.11M","3.03%"
"12/14/2021","1,189","1,195","1,198","1,178","19.65M","0.68%"
"12/13/2021","1,181","1,194","1,199","1,176","28.05M","1.03%"
"12/10/2021","1,169","1,210","1,225","1,162","25.87M","-3.94%"
"12/09/2021","1,217","1,240","1,242","1,213","11.71M","-0.73%"
"12/08/2021","1,226","1,224","1,232","1,183","29.10M","0.25%"
"12/07/2021","1,223","1,249","1,249","1,211","18.50M","0.25%"
"12/06/2021","1,220","1,240","1,243","1,218","14.01M","-1.21%"
"12/03/2021","1,235","1,238","1,271","1,222","18.63M","0.00%"
"12/02/2021","1,235","1,216","1,258","1,211","27.47M","0.90%"
"12/01/2021","1,224","1,215","1,244","1,207","13.69M","0.74%"
"11/30/2021","1,215","1,254","1,254","1,204","38.42M","-2.49%"
"11/29/2021","1,246","1,269","1,270","1,229","21.46M","2.13%"
"11/26/2021","1,220","1,308","1,308","1,201","24.04M","-7.37%"
"11/25/2021","1,317","1,310","1,327","1,310","8.42M","-0.23%"
"11/24/2021","1,320","1,380","1,403","1,313","17.64M","-5.24%"
"11/23/2021","1,393","1,402","1,430","1,384","13.35M","-1.62%"
"11/22/2021","1,416","1,425","1,449","1,410","14.39M","-0.98%"
"11/19/2021","1,430","1,450","1,455","1,409","7.27M","-0.83%"
"11/18/2021","1,442","1,421","1,446","1,421","8.33M","0.00%"
"11/17/2021","1,442","1,421","1,450","1,421","5.57M","0.56%"
"11/16/2021","1,434","1,438","1,448","1,414","9.00M","0.99%"
"11/15/2021","1,420","1,410","1,429","1,410","6.85M","0.28%"
"11/12/2021","1,416","1,428","1,444","1,409","5.75M","-0.98%"
"11/11/2021","1,430","1,433","1,456","1,408","9.06M","-0.35%"
"11/10/2021","1,435","1,421","1,440","1,416","9.44M","0.77%"
"11/09/2021","1,424","1,425","1,433","1,404","9.43M","0.85%"
"11/08/2021","1,412","1,439","1,439","1,392","9.55M","-0.28%"
"11/05/2021","1,416","1,414","1,430","1,401","10.21M","0.14%"
"11/04/2021","1,414","1,434","1,448","1,408","14.01M","-0.42%"
"11/03/2021","1,420","1,478","1,515","1,396","15.25M","0.78%"
"11/02/2021","1,409","1,331","1,420","1,328","22.12M","5.62%"
"10/29/2021","1,334","1,318","1,345","1,317","13.17M","0.15%"
"10/28/2021","1,332","1,328","1,347","1,328","6.79M","-0.45%"
"10/27/2021","1,338","1,329","1,354","1,326","11.30M","0.00%"
"10/26/2021","1,338","1,336","1,359","1,322","15.57M","0.90%"
"10/25/2021","1,326","1,320","1,343","1,315","8.36M","0.08%"
"10/22/2021","1,325","1,331","1,340","1,314","8.17M","-0.30%"
"10/21/2021","1,329","1,351","1,366","1,327","10.04M","-1.63%"
"10/20/2021","1,351","1,365","1,370","1,337","4.42M","-0.81%"
"10/19/2021","1,362","1,364","1,370","1,352","7.21M","-0.15%"
"10/18/2021","1,364","1,328","1,379","1,328","7.37M","1.56%"
"10/15/2021","1,343","1,395","1,395","1,330","13.65M","-2.11%"
"10/14/2021","1,372","1,373","1,412","1,365","12.67M","-1.79%"
"10/13/2021","1,397","1,421","1,421","1,386","9.60M","-0.78%"
"10/12/2021","1,408","1,409","1,425","1,400","22.33M","-0.07%"
"10/11/2021","1,409","1,386","1,431","1,386","14.89M","0.43%"
"10/08/2021","1,403","1,432","1,444","1,397","13.23M","-1.27%"
"10/07/2021","1,421","1,422","1,449","1,410","14.21M","0.00%"
"10/06/2021","1,421","1,432","1,432","1,384","20.41M","0.00%"
"10/05/2021","1,421","1,403","1,431","1,385","12.95M","0.92%"
"10/04/2021","1,408","1,446","1,453","1,408","17.32M","-2.90%"
"10/01/2021","1,450","1,414","1,456","1,409","14.69M","2.26%"
"09/30/2021","1,418","1,421","1,431","1,397","19.41M","0.42%"
"09/29/2021","1,412","1,382","1,414","1,382","12.58M","1.95%"
"09/28/2021","1,385","1,364","1,402","1,364","13.70M","1.61%"
"09/27/2021","1,363","1,364","1,372","1,337","23.68M","1.49%"
"09/23/2021","1,343","1,362","1,362","1,310","8.39M","0.37%"
"09/22/2021","1,338","1,276","1,345","1,276","7.85M","3.80%"
"09/21/2021","1,289","1,284","1,304","1,277","11.38M","0.39%"
"09/20/2021","1,284","1,315","1,332","1,273","15.02M","-4.82%"
"09/17/2021","1,349","1,305","1,370","1,305","40.26M","1.89%"
"09/16/2021","1,324","1,378","1,391","1,298","49.10M","-4.47%"
"09/15/2021","1,386","1,314","1,404","1,314","16.30M","0.87%"
"09/14/2021","1,374","1,343","1,389","1,339","16.86M","2.31%"
"09/13/2021","1,343","1,296","1,347","1,296","10.58M","2.28%"
"09/10/2021","1,313","1,296","1,325","1,296","7.99M","0.00%"
"09/09/2021","1,313","1,312","1,334","1,299","10.47M","-1.35%"
"09/08/2021","1,331","1,299","1,340","1,299","16.61M","0.83%"
"09/07/2021","1,320","1,339","1,351","1,310","12.64M","-2.08%"
"09/06/2021","1,348","1,348","1,361","1,323","13.70M","-0.30%"
"09/03/2021","1,352","1,377","1,393","1,325","17.25M","-1.82%"
"09/02/2021","1,377","1,394","1,436","1,367","20.36M","-2.48%"
"09/01/2021","1,412","1,284","1,412","1,284","32.70M","7.46%"
"08/31/2021","1,314","1,189","1,314","1,182","29.70M","5.37%"
"08/30/2021","1,247","1,245","1,260","1,243","4.18M","-0.16%"
"08/27/2021","1,249","1,252","1,266","1,241","5.31M","-0.24%"
"08/26/2021","1,252","1,208","1,261","1,208","9.55M","0.48%"
"08/25/2021","1,246","1,243","1,262","1,232","15.73M","0.16%"
"08/24/2021","1,244","1,222","1,253","1,221","13.87M","2.13%"
"08/23/2021","1,218","1,194","1,219","1,192","13.60M","2.27%"
"08/20/2021","1,191","1,202","1,204","1,179","7.20M","-0.83%"
"08/19/2021","1,201","1,198","1,225","1,197","13.99M","-1.64%"
"08/18/2021","1,221","1,160","1,228","1,158","15.91M","4.18%"
"08/17/2021","1,172","1,156","1,181","1,156","28.52M","-0.09%"
"08/16/2021","1,173","1,147","1,181","1,147","12.14M","1.73%"
"08/13/2021","1,153","1,155","1,164","1,145","7.59M","-0.26%"
"08/12/2021","1,156","1,139","1,156","1,136","7.48M","0.26%"
"08/11/2021","1,153","1,155","1,168","1,137","8.60M","0.26%"
"08/10/2021","1,150","1,149","1,164","1,138","10.82M","-0.35%"
"08/06/2021","1,154","1,168","1,168","1,142","9.18M","-0.77%"
"08/05/2021","1,163","1,113","1,170","1,103","28.13M","5.34%"
"08/04/2021","1,104","1,121","1,130","1,102","8.44M","-1.43%"
"08/03/2021","1,120","1,108","1,129","1,104","8.32M","1.08%"
"08/02/2021","1,108","1,100","1,118","1,093","9.04M","0.18%"
"07/30/2021","1,106","1,120","1,120","1,098","14.73M","-0.45%"
"07/29/2021","1,111","1,112","1,135","1,108","9.56M","-1.16%"
"07/28/2021","1,124","1,130","1,137","1,110","9.21M","1.08%"
"07/27/2021","1,112","1,104","1,122","1,095","11.78M","1.18%"
"07/26/2021","1,099","1,122","1,125","1,092","11.41M","-0.45%"
"07/23/2021","1,104","1,121","1,123","1,095","7.26M","0.18%"
"07/22/2021","1,102","1,086","1,116","1,086","8.51M","1.47%"
"07/21/2021","1,086","1,081","1,097","1,078","7.76M","0.65%"
"07/20/2021","1,079","1,080","1,091","1,071","9.38M","0.19%"
"07/19/2021","1,077","1,095","1,100","1,072","12.12M","-2.53%"
"07/16/2021","1,105","1,123","1,133","1,101","9.47M","-1.52%"
"07/15/2021","1,122","1,125","1,133","1,107","9.46M","0.72%"
"07/14/2021","1,114","1,095","1,130","1,095","8.45M","0.27%"
"07/13/2021","1,111","1,134","1,142","1,096","12.40M","-2.03%"
"07/12/2021","1,134","1,130","1,135","1,095","9.53M","0.62%"
"07/09/2021","1,127","1,118","1,146","1,118","9.97M","0.36%"
"07/08/2021","1,123","1,142","1,154","1,114","11.75M","-2.52%"
"07/07/2021","1,152","1,125","1,155","1,124","15.02M","2.22%"
"07/06/2021","1,127","1,140","1,156","1,123","6.53M","-1.74%"
"07/05/2021","1,147","1,133","1,147","1,113","5.38M","1.59%"
"07/02/2021","1,129","1,154","1,154","1,121","4.99M","-1.48%"
"07/01/2021","1,146","1,168","1,168","1,142","7.19M","-0.78%"
"06/30/2021","1,155","1,148","1,166","1,144","15.43M","0.43%"
"06/29/2021","1,150","1,123","1,166","1,123","8.66M","1.86%"
"06/28/2021","1,129","1,151","1,161","1,118","11.26M","-1.74%"
"06/25/2021","1,149","1,177","1,182","1,149","10.39M","-1.96%"
"06/24/2021","1,172","1,142","1,209","1,142","17.51M","6.06%"
"06/23/2021","1,105","1,108","1,129","1,103","7.62M","-0.09%"
"06/22/2021","1,106","1,130","1,138","1,095","8.90M","-0.54%"
"06/21/2021","1,112","1,126","1,144","1,106","8.62M","-2.20%"
"06/18/2021","1,137","1,191","1,191","1,137","31.88M","-4.37%"
"06/17/2021","1,189","1,164","1,215","1,164","48.32M","-0.75%"
"06/15/2021","1,198","1,198","1,219","1,186","10.11M","-1.07%"
"06/14/2021","1,211","1,186","1,217","1,186","6.94M","1.17%"
"06/11/2021","1,197","1,210","1,210","1,169","7.02M","0.67%"
"06/10/2021","1,189","1,203","1,207","1,168","9.71M","0.34%"
"06/09/2021","1,185","1,172","1,196","1,160","13.45M","1.46%"
"06/08/2021","1,168","1,211","1,211","1,148","16.97M","-3.07%"
"06/07/2021","1,205","1,194","1,212","1,194","5.98M","-0.50%"
"06/04/2021","1,211","1,231","1,234","1,191","17.08M","-1.22%"
"06/03/2021","1,226","1,237","1,248","1,226","23.13M","-1.76%"
"06/02/2021","1,248","1,241","1,278","1,237","16.20M","-0.08%"
"06/01/2021","1,249","1,224","1,266","1,210","12.60M","2.04%"
"05/31/2021","1,224","1,219","1,231","1,207","6.23M","0.00%"
"05/28/2021","1,224","1,174","1,242","1,170","17.52M","4.26%"
"05/27/2021","1,174","1,143","1,174","1,143","24.12M","1.21%"
"05/26/2021","1,160","1,177","1,177","1,142","10.59M","-0.68%"
"05/25/2021","1,168","1,112","1,174","1,106","19.80M","5.61%"
"05/24/2021","1,106","1,112","1,124","1,088","8.99M","-0.81%"
"05/21/2021","1,115","1,091","1,153","1,083","18.83M","2.29%"
"05/20/2021","1,090","1,075","1,100","1,075","13.62M","0.65%"
"05/19/2021","1,083","1,078","1,095","1,072","8.50M","-1.28%"
"05/18/2021","1,097","1,103","1,106","1,086","11.47M","0.64%"
"05/17/2021","1,090","1,104","1,107","1,073","8.85M","-0.27%"
"05/14/2021","1,093","1,085","1,109","1,084","15.29M","0.55%"
"05/13/2021","1,087","1,104","1,104","1,082","17.29M","-1.98%"
"05/12/2021","1,109","1,093","1,117","1,083","5.67M","-0.18%"
"05/11/2021","1,111","1,117","1,117","1,087","7.38M","-0.71%"
"05/10/2021","1,119","1,132","1,147","1,115","9.11M","-1.15%"
"05/07/2021","1,132","1,088","1,135","1,088","10.79M","2.63%"
"05/06/2021","1,103","1,095","1,112","1,082","15.23M","1.57%"
"05/05/2021","1,086","1,075","1,091","1,059","9.90M","2.94%"
"05/04/2021","1,055","1,070","1,075","1,045","11.33M","-1.03%"
"05/03/2021","1,066","1,091","1,091","1,063","10.00M","-1.57%"
"04/30/2021","1,083","1,112","1,112","1,079","9.82M","-1.28%"
"04/29/2021","1,097","1,110","1,122","1,093","11.58M","-0.99%"
"04/28/2021","1,108","1,100","1,134","1,100","10.46M","-0.81%"
"04/26/2021","1,117","1,117","1,122","1,103","4.70M","0.90%"
"04/23/2021","1,107","1,101","1,116","1,100","4.32M","-0.09%"
"04/22/2021","1,108","1,130","1,130","1,103","9.06M","-1.07%"
"04/21/2021","1,120","1,129","1,129","1,106","9.58M","0.45%"
"04/20/2021","1,115","1,138","1,149","1,104","12.55M","-3.13%"
"04/19/2021","1,151","1,155","1,155","1,127","9.13M","0.09%"
"04/16/2021","1,150","1,125","1,155","1,125","13.86M","1.77%"
"04/15/2021","1,130","1,130","1,137","1,124","14.93M","0.00%"
"04/14/2021","1,130","1,163","1,163","1,117","14.15M","-2.92%"
"04/13/2021","1,164","1,148","1,168","1,133","10.18M","1.39%"
"04/12/2021","1,148","1,148","1,150","1,124","10.63M","0.00%"
"04/09/2021","1,148","1,152","1,160","1,142","11.39M","-0.35%"
"04/08/2021","1,152","1,151","1,166","1,142","16.56M","0.52%"
"04/07/2021","1,146","1,111","1,163","1,106","19.95M","2.50%"
"04/06/2021","1,118","1,065","1,119","1,065","12.37M","5.08%"
"04/01/2021","1,064","1,101","1,101","1,061","16.10M","-1.57%"
"03/31/2021","1,081","1,078","1,101","1,077","14.17M","-1.46%"
"03/30/2021","1,097","1,070","1,111","1,070","9.76M","1.67%"
"03/29/2021","1,079","1,074","1,106","1,071","12.78M","0.28%"
"03/26/2021","1,076","1,023","1,089","1,023","26.90M","6.32%"
"03/25/2021","1,012","1,027","1,041","1,008","30.47M","-1.27%"
"03/24/2021","1,025","1,014","1,041","993","22.19M","0.39%"
"03/23/2021","1,021","1,060","1,060","1,009","23.44M","-4.13%"
"03/19/2021","1,065","1,124","1,124","1,062","41.02M","-3.18%"
"03/18/2021","1,100","1,125","1,131","1,091","39.11M","-1.08%"
"03/17/2021","1,112","1,136","1,142","1,100","15.63M","-2.11%"
"03/16/2021","1,136","1,158","1,161","1,127","15.79M","-1.90%"
"03/15/2021","1,158","1,138","1,160","1,133","13.18M","1.76%"
"03/12/2021","1,138","1,139","1,152","1,130","16.02M","-0.44%"
"03/11/2021","1,143","1,176","1,176","1,138","18.31M","-2.89%"
"03/10/2021","1,177","1,133","1,183","1,118","17.50M","3.43%"
"03/09/2021","1,138","1,155","1,163","1,136","23.20M","-0.78%"
"03/08/2021","1,147","1,167","1,176","1,141","22.01M","-3.13%"
"03/05/2021","1,184","1,183","1,196","1,172","8.09M","-1.00%"
"03/04/2021","1,196","1,207","1,221","1,188","8.16M","-0.58%"
"03/03/2021","1,203","1,207","1,224","1,193","7.17M","-0.33%"
"03/02/2021","1,207","1,176","1,213","1,176","13.73M","1.34%"
"03/01/2021","1,191","1,160","1,204","1,156","13.23M","3.48%"
"02/26/2021","1,151","1,154","1,164","1,134","29.71M","-1.12%"
"02/25/2021","1,164","1,186","1,206","1,154","22.70M","-1.10%"
"02/24/2021","1,177","1,167","1,213","1,167","15.33M","0.43%"
"02/23/2021","1,172","1,197","1,205","1,160","20.24M","-0.42%"
"02/22/2021","1,177","1,186","1,197","1,163","9.18M","-0.76%"
"02/19/2021","1,186","1,177","1,191","1,140","16.48M","1.72%"
"02/18/2021","1,166","1,183","1,208","1,166","22.12M","-1.44%"
"02/17/2021","1,183","1,213","1,232","1,175","14.15M","-2.95%"
"02/16/2021","1,219","1,236","1,247","1,211","11.58M","-0.25%"
"02/15/2021","1,222","1,219","1,236","1,212","14.49M","0.00%"
"02/12/2021","1,222","1,236","1,246","1,219","13.87M","-0.16%"
"02/11/2021","1,224","1,211","1,239","1,211","12.53M","-0.08%"
"02/10/2021","1,225","1,252","1,272","1,219","13.58M","-2.23%"
"02/09/2021","1,253","1,207","1,272","1,207","12.91M","4.16%"
"02/08/2021","1,203","1,275","1,275","1,195","17.78M","-5.05%"
"02/05/2021","1,267","1,207","1,294","1,206","24.15M","4.97%"
"02/04/2021","1,207","1,164","1,212","1,134","19.41M","4.23%"
"02/03/2021","1,158","1,147","1,162","1,140","13.05M","0.96%"
"02/02/2021","1,147","1,112","1,158","1,103","15.47M","4.08%"
"02/01/2021","1,102","1,074","1,112","1,074","11.57M","-0.81%"
"01/29/2021","1,111","1,113","1,121","1,073","25.55M","-0.54%"
"01/28/2021","1,117","1,109","1,131","1,094","10.36M","-0.71%"
"01/27/2021","1,125","1,133","1,181","1,114","21.27M","0.18%"
"01/26/2021","1,123","1,103","1,140","1,090","15.87M","1.63%"
"01/25/2021","1,105","1,104","1,124","1,071","16.16M","0.45%"
"01/22/2021","1,100","1,126","1,126","1,082","17.02M","-2.31%"
"01/21/2021","1,126","1,101","1,131","1,084","18.52M","1.99%"
"01/20/2021","1,104","1,060","1,104","1,050","19.64M","5.44%"
"01/19/2021","1,047","1,027","1,051","1,024","6.30M","1.55%"
"01/18/2021","1,031","1,047","1,047","1,028","7.86M","-1.06%"
"01/15/2021","1,042","1,001","1,042","1,001","14.13M","1.46%"
"01/14/2021","1,027","1,018","1,031","1,004","12.97M","0.39%"
"01/13/2021","1,023","1,011","1,041","1,007","10.54M","-0.39%"
"01/12/2021","1,027","1,001","1,029","999","11.54M","1.28%"
"01/11/2021","1,014","1,027","1,031","999","12.39M","-1.74%"
"01/08/2021","1,032","1,031","1,047","1,029","16.55M","0.49%"
"01/07/2021","1,027","1,007","1,027","999","15.04M","4.16%"
"01/06/2021","986","984","995","964","6.59M","1.65%"
"01/05/2021","970","984","1,011","965","10.62M","-2.61%"
"01/04/2021","996","1,015","1,031","984","7.40M","-2.06%"
"12/31/2020","1,017","1,010","1,040","1,008","3.81M","-0.59%"
"12/30/2020","1,023","1,040","1,053","1,013","5.05M","-0.87%"
"12/29/2020","1,032","1,023","1,036","997","5.91M","1.38%"
"12/28/2020","1,018","1,023","1,030","1,012","2.16M","0.59%"
"12/24/2020","1,012","1,013","1,027","1,005","1.31M","-0.10%"
"12/23/2020","1,013","1,001","1,017","994","5.13M","2.01%"
"12/22/2020","993","1,017","1,017","983","10.51M","-0.10%"
"12/21/2020","994","1,094","1,094","974","14.37M","-6.40%"
"12/18/2020","1,062","1,040","1,065","1,028","29.24M","1.92%"
"12/17/2020","1,042","1,018","1,042","1,018","55.44M","2.36%"
"12/15/2020","1,018","1,008","1,029","976","18.27M","1.29%"
"12/14/2020","1,005","969","1,017","969","13.48M","3.08%"
"12/11/2020","975","1,001","1,021","964","19.32M","-3.47%"
"12/10/2020","1,010","1,050","1,052","1,003","11.56M","-3.35%"
"12/09/2020","1,045","1,040","1,057","1,034","8.97M","0.48%"
"12/08/2020","1,040","1,027","1,048","1,027","11.45M","-0.57%"
"12/07/2020","1,046","993","1,054","993","14.84M","2.35%"
"12/04/2020","1,022","1,014","1,033","1,008","11.01M","1.39%"
"12/03/2020","1,008","1,024","1,024","998","17.69M","0.50%"
"12/02/2020","1,003","997","1,039","993","11.86M","0.30%"
"12/01/2020","1,000","1,000","1,033","987","8.79M","0.00%"
"11/30/2020","1,000","1,048","1,058","994","50.03M","-6.54%"
"11/27/2020","1,070","1,066","1,079","1,055","9.19M","0.38%"
"11/26/2020","1,066","1,070","1,073","1,049","7.11M","-0.37%"
"11/25/2020","1,070","1,071","1,077","1,051","10.97M","0.94%"
"11/24/2020","1,060","1,023","1,072","1,023","15.38M","3.21%"
"11/23/2020","1,027","1,017","1,048","1,012","13.91M","0.39%"
"11/20/2020","1,023","1,040","1,047","1,015","15.80M","-1.82%"
"11/19/2020","1,042","1,035","1,066","1,035","17.93M","-2.25%"
"11/18/2020","1,066","1,053","1,071","1,033","14.18M","0.00%"
"11/17/2020","1,066","1,070","1,093","1,059","15.27M","-0.37%"
"11/16/2020","1,070","1,073","1,086","1,053","10.14M","0.47%"
"11/13/2020","1,065","1,053","1,065","1,028","13.84M","-0.65%"
"11/12/2020","1,072","1,044","1,083","1,027","42.10M","-0.19%"
"11/11/2020","1,074","1,041","1,104","1,035","35.43M","3.07%"
"11/10/2020","1,042","995","1,042","967","23.16M","4.30%"
"11/09/2020","999","925","1,011","919","26.47M","8.59%"
"11/06/2020","920","895","935","885","20.01M","3.25%"
"11/05/2020","891","873","897","871","14.90M","2.06%"
"11/04/2020","873","861","876","831","10.54M","1.39%"
"11/03/2020","861","847","875","845","12.48M","3.36%"
"11/02/2020","833","813","848","798","17.67M","3.74%"
"10/30/2020","803","838","842","803","17.21M","-4.18%"
"10/29/2020","838","875","875","823","13.24M","-2.44%"
"10/28/2020","859","908","929","854","13.23M","-5.08%"
"10/27/2020","905","944","952","898","13.43M","-3.83%"
"10/26/2020","941","953","957","930","13.62M","-1.16%"
"10/23/2020","952","872","952","871","41.44M","9.43%"
"10/22/2020","870","856","879","850","29.89M","1.64%"
"10/21/2020","856","877","881","848","21.11M","-2.06%"
"10/20/2020","874","864","881","858","9.33M","-0.91%"
"10/19/2020","882","847","891","840","13.85M","4.63%"
"10/16/2020","843","847","857","827","8.34M","-1.06%"
"10/15/2020","852","843","857","819","13.87M","1.79%"
"10/14/2020","837","830","847","821","12.91M","0.36%"
"10/13/2020","834","860","867","830","13.47M","-3.47%"
"10/12/2020","864","869","880","861","6.06M","0.23%"
"10/09/2020","862","873","883","861","12.92M","-1.93%"
"10/08/2020","879","877","888","868","16.44M","1.15%"
"10/07/2020","869","881","903","868","8.28M","-1.36%"
"10/06/2020","881","893","909","870","11.87M","-1.01%"
"10/05/2020","890","916","935","882","17.11M","-2.84%"
"10/02/2020","916","886","923","853","23.15M","3.39%"
"10/01/2020","886","887","899","862","19.58M","-0.11%"
"09/30/2020","887","864","897","856","23.48M","1.37%"
"09/29/2020","875","875","884","848","14.88M","0.69%"
"09/28/2020","869","814","876","814","13.87M","7.02%"
"09/25/2020","812","828","837","808","11.38M","-3.10%"
"09/23/2020","838","835","851","814","13.44M","0.36%"
"09/22/2020","835","839","851","803","16.65M","-0.48%"
"09/21/2020","839","860","863","817","21.56M","-2.67%"
"09/18/2020","862","869","875","843","33.15M","-0.81%"
"09/17/2020","869","890","891","860","30.89M","-2.03%"
"09/16/2020","887","899","908","869","11.87M","-0.67%"
"09/15/2020","893","922","928","887","20.15M","-1.98%"
"09/14/2020","911","925","941","900","13.23M","-1.19%"
"09/11/2020","922","988","988","917","20.02M","-4.36%"
"09/10/2020","964","997","997","956","24.16M","-2.43%"
"09/09/2020","988","941","988","926","39.59M","6.24%"
"09/08/2020","930","911","956","911","22.43M","1.20%"
"09/07/2020","919","926","937","908","8.33M","-0.54%"
"09/04/2020","924","939","948","916","20.27M","-1.70%"
"09/03/2020","940","997","997","932","21.25M","-5.15%"
"09/02/2020","991","1,040","1,040","976","19.63M","-3.79%"
"09/01/2020","1,030","958","1,042","938","34.18M","7.52%"
"08/31/2020","958","1,005","1,005","946","25.51M","-3.33%"
"08/28/2020","991","1,022","1,036","989","13.44M","-2.65%"
"08/27/2020","1,018","1,041","1,053","1,018","8.57M","-2.49%"
"08/26/2020","1,044","1,071","1,079","1,041","11.90M","-2.52%"
"08/25/2020","1,071","1,080","1,100","1,048","14.61M","-2.72%"
"08/24/2020","1,101","1,077","1,107","1,035","17.59M","1.76%"
"08/21/2020","1,082","1,058","1,094","1,058","9.45M","1.31%"
"08/20/2020","1,068","1,095","1,095","1,057","9.90M","-2.47%"
"08/19/2020","1,095","1,078","1,109","1,078","9.79M","0.46%"
"08/18/2020","1,090","1,083","1,095","1,043","12.80M","2.35%"
"08/17/2020","1,065","1,110","1,110","1,060","12.92M","-3.79%"
"08/14/2020","1,107","1,100","1,107","1,076","5.54M","1.00%"
"08/13/2020","1,096","1,075","1,101","1,070","8.43M","0.37%"
"08/12/2020","1,092","1,094","1,107","1,083","9.36M","-0.18%"
"08/11/2020","1,094","1,047","1,095","1,043","17.07M","6.73%"
"08/07/2020","1,025","993","1,044","993","13.11M","2.60%"
"08/06/2020","999","1,010","1,029","981","16.03M","-0.79%"
"08/05/2020","1,007","1,009","1,030","991","11.96M","0.80%"
"08/04/2020","999","1,001","1,009","988","15.32M","2.57%"
"08/03/2020","974","1,005","1,005","953","12.80M","-0.81%"
"07/31/2020","982","968","992","948","24.24M","2.72%"
"07/30/2020","956","1,021","1,029","951","21.05M","-6.00%"
"07/29/2020","1,017","1,043","1,067","1,011","20.96M","-4.06%"
"07/28/2020","1,060","1,023","1,062","1,023","10.51M","2.02%"
"07/27/2020","1,039","1,049","1,049","1,017","12.20M","-0.95%"
"07/24/2020","1,049","1,070","1,070","1,030","13.39M","0.29%"
"07/23/2020","1,046","1,078","1,091","1,041","17.03M","-4.21%"
"07/22/2020","1,092","1,073","1,092","1,056","8.61M","0.83%"
"07/21/2020","1,083","1,070","1,107","1,070","11.00M","2.27%"
"07/20/2020","1,059","1,048","1,077","1,048","7.14M","-0.28%"
"07/17/2020","1,062","1,100","1,102","1,053","8.49M","-2.66%"
"07/16/2020","1,091","1,069","1,101","1,057","11.96M","2.25%"
"07/15/2020","1,067","1,100","1,100","1,064","13.91M","-0.93%"
"07/14/2020","1,077","1,100","1,106","1,064","11.12M","-2.09%"
"07/13/2020","1,100","1,048","1,111","1,048","11.07M","1.76%"
"07/10/2020","1,081","1,070","1,105","1,060","10.29M","-1.01%"
"07/09/2020","1,092","1,101","1,119","1,086","11.57M","-0.73%"
"07/08/2020","1,100","1,070","1,106","1,065","16.49M","1.85%"
"07/07/2020","1,080","1,074","1,084","1,052","11.01M","0.09%"
"07/06/2020","1,079","1,081","1,114","1,068","7.72M","0.00%"
"07/03/2020","1,079","1,070","1,087","1,061","4.78M","-1.10%"
"07/02/2020","1,091","1,053","1,100","1,050","15.04M","4.60%"
"07/01/2020","1,043","1,027","1,073","1,019","17.45M","1.26%"
"06/30/2020","1,030","1,036","1,052","1,014","19.14M","-0.58%"
"06/29/2020","1,036","1,000","1,040","984","18.14M","3.39%"
"06/26/2020","1,002","1,018","1,024","992","10.47M","-0.60%"
"06/25/2020","1,008","998","1,011","975","21.52M","1.10%"
"06/24/2020","997","1,011","1,046","993","20.57M","-2.16%"
"06/23/2020","1,019","1,010","1,041","1,008","19.00M","0.99%"
"06/22/2020","1,009","1,028","1,052","994","16.04M","-4.54%"
"06/19/2020","1,057","1,078","1,112","1,047","37.99M","-0.75%"
"06/18/2020","1,065","1,086","1,103","1,055","37.45M","-2.02%"
"06/17/2020","1,087","1,094","1,118","1,081","26.98M","2.74%"
"06/15/2020","1,058","1,071","1,097","1,050","21.08M","-2.94%"
"06/12/2020","1,090","1,019","1,093","1,019","17.30M","2.93%"
"06/11/2020","1,059","1,044","1,075","1,012","25.57M","-0.19%"
"06/10/2020","1,061","1,082","1,107","1,043","24.59M","-1.94%"
"06/09/2020","1,082","1,102","1,102","1,066","23.06M","0.93%"
"06/08/2020","1,072","1,135","1,152","1,063","22.68M","-5.13%"
"06/05/2020","1,130","1,130","1,146","1,099","33.28M","1.62%"
"06/04/2020","1,112","1,133","1,133","1,095","20.50M","-1.24%"
"06/03/2020","1,126","1,040","1,126","1,033","35.97M","10.18%"
"06/02/2020","1,022","974","1,035","968","36.97M","7.92%"
"06/01/2020","947","976","977","928","15.08M","-1.46%"
"05/29/2020","961","1,061","1,061","952","47.17M","-8.91%"
"05/28/2020","1,055","1,115","1,127","1,048","26.70M","-5.13%"
"05/27/2020","1,112","1,063","1,130","1,063","12.80M","2.77%"
"05/26/2020","1,082","1,041","1,111","1,029","16.50M","5.77%"
"05/25/2020","1,023","1,057","1,064","1,022","7.92M","-2.66%"
"05/22/2020","1,051","1,100","1,100","1,029","13.58M","-4.71%"
"05/21/2020","1,103","1,053","1,137","1,053","21.70M","0.18%"
"05/20/2020","1,101","1,104","1,104","1,057","14.97M","0.82%"
"05/19/2020","1,092","1,040","1,111","1,036","19.65M","5.71%"
"05/18/2020","1,033","1,011","1,040","999","13.04M","2.28%"
"05/15/2020","1,010","1,045","1,066","1,010","12.47M","-1.46%"
"05/14/2020","1,025","1,065","1,065","1,014","12.78M","-3.76%"
"05/13/2020","1,065","1,095","1,095","1,050","13.43M","-3.45%"
"05/12/2020","1,103","1,130","1,141","1,103","13.50M","-1.96%"
"05/11/2020","1,125","1,139","1,157","1,102","8.70M","-1.83%"
"05/08/2020","1,146","1,124","1,160","1,106","12.52M","2.60%"
"05/07/2020","1,117","1,083","1,132","1,071","12.75M","2.29%"
"05/06/2020","1,092","1,071","1,103","1,052","13.15M","0.83%"
"05/05/2020","1,083","1,112","1,129","1,081","12.82M","-0.46%"
"05/04/2020","1,088","1,119","1,119","1,053","21.97M","-5.23%"
"04/30/2020","1,148","1,139","1,187","1,121","27.16M","0.53%"
"04/29/2020","1,142","1,062","1,148","1,048","19.93M","5.64%"
"04/28/2020","1,081","1,022","1,112","1,022","17.78M","4.14%"
"04/24/2020","1,038","1,028","1,053","1,008","12.47M","-1.61%"
"04/23/2020","1,055","1,027","1,061","1,015","13.34M","1.34%"
"04/22/2020","1,041","1,031","1,077","1,021","19.22M","1.07%"
"04/21/2020","1,030","1,000","1,039","975","17.48M","1.48%"
"04/20/2020","1,015","1,095","1,095","997","20.21M","-4.61%"
"04/17/2020","1,064","1,035","1,114","1,027","26.21M","5.45%"
"04/16/2020","1,009","997","1,031","981","25.62M","-0.79%"
"04/15/2020","1,017","1,062","1,081","988","21.11M","-4.24%"
"04/14/2020","1,062","1,005","1,081","992","25.82M","5.46%"
"04/09/2020","1,007","997","1,034","924","24.68M","1.31%"
"04/08/2020","994","1,001","1,023","974","13.31M","-2.26%"
"04/07/2020","1,017","928","1,072","914","39.91M","10.06%"
"04/06/2020","924","914","946","875","20.45M","4.41%"
"04/03/2020","885","933","933","842","22.60M","-3.91%"
"04/02/2020","921","958","998","898","22.85M","-3.86%"
"04/01/2020","958","941","1,005","924","28.23M","-5.52%"
"03/31/2020","1,014","954","1,041","953","33.68M","7.99%"
"03/30/2020","939","1,028","1,031","939","24.87M","-7.40%"
"03/27/2020","1,014","1,091","1,091","998","38.80M","-4.79%"
"03/26/2020","1,065","975","1,071","970","46.47M","10.59%"
"03/25/2020","963","923","999","883","33.70M","10.44%"
"03/24/2020","872","869","888","791","44.65M","2.23%"
"03/23/2020","853","902","904","839","25.42M","-7.18%"
"03/20/2020","919","953","1,030","899","64.97M","0.55%"
"03/19/2020","914","999","1,006","892","51.01M","-6.64%"
"03/18/2020","979","984","1,006","970","31.79M","-2.20%"
"03/17/2020","1,001","1,057","1,071","964","31.57M","-2.91%"
"03/16/2020","1,031","1,125","1,177","987","39.67M","-16.18%"
"03/13/2020","1,230","1,220","1,270","1,213","26.70M","0.16%"
"03/12/2020","1,228","1,284","1,290","1,228","23.32M","-7.11%"
"03/11/2020","1,322","1,299","1,346","1,290","16.08M","1.77%"
"03/10/2020","1,299","1,284","1,317","1,268","23.73M","2.20%"
"03/09/2020","1,271","1,284","1,303","1,256","21.89M","-4.58%"
"03/06/2020","1,332","1,364","1,367","1,289","21.63M","-4.03%"
"03/05/2020","1,388","1,427","1,457","1,370","18.34M","-2.12%"
"03/04/2020","1,418","1,386","1,437","1,373","17.75M","1.87%"
"03/03/2020","1,392","1,365","1,404","1,365","21.69M","1.98%"
"03/02/2020","1,365","1,368","1,377","1,349","22.87M","1.87%"
"02/28/2020","1,340","1,333","1,358","1,296","39.14M","-2.90%"
"02/27/2020","1,380","1,444","1,444","1,377","16.80M","-4.76%"
"02/26/2020","1,449","1,335","1,459","1,335","20.33M","3.87%"
"02/25/2020","1,395","1,396","1,426","1,386","13.60M","-0.78%"
"02/24/2020","1,406","1,452","1,452","1,378","14.11M","-3.17%"
"02/21/2020","1,452","1,463","1,466","1,434","10.96M","-1.09%"
"02/20/2020","1,468","1,488","1,503","1,462","11.31M","-1.41%"
"02/19/2020","1,489","1,498","1,516","1,477","9.33M","-1.06%"
"02/18/2020","1,505","1,521","1,521","1,492","10.03M","-1.44%"
"02/17/2020","1,527","1,519","1,536","1,519","8.59M","0.46%"
"02/14/2020","1,520","1,515","1,534","1,504","9.08M","0.07%"
"02/13/2020","1,519","1,503","1,526","1,499","10.92M","0.73%"
"02/12/2020","1,508","1,474","1,528","1,466","14.67M","2.86%"
"02/11/2020","1,466","1,480","1,498","1,464","13.32M","-0.74%"
"02/10/2020","1,477","1,496","1,507","1,476","10.38M","-1.27%"
"02/07/2020","1,496","1,524","1,533","1,474","15.43M","-1.12%"
"02/06/2020","1,513","1,527","1,538","1,501","9.21M","-0.20%"
"02/05/2020","1,516","1,486","1,521","1,471","11.06M","2.50%"
"02/04/2020","1,479","1,481","1,493","1,464","9.56M","1.65%"
"02/03/2020","1,455","1,497","1,497","1,451","12.59M","-1.69%"
"01/31/2020","1,480","1,523","1,526","1,480","12.81M","-2.70%"
"01/30/2020","1,521","1,521","1,527","1,497","7.61M","-0.46%"
"01/29/2020","1,528","1,509","1,543","1,509","11.32M","1.26%"
"01/28/2020","1,509","1,521","1,525","1,475","15.23M","0.27%"
"01/27/2020","1,505","1,522","1,522","1,489","13.14M","-2.27%"
"01/24/2020","1,540","1,562","1,576","1,540","8.46M","-0.71%"
"01/23/2020","1,551","1,581","1,592","1,547","16.27M","-2.08%"
"01/22/2020","1,584","1,656","1,656","1,584","12.77M","-1.55%"
"01/21/2020","1,609","1,664","1,665","1,609","14.37M","-3.13%"
"01/20/2020","1,661","1,703","1,703","1,659","7.72M","-1.72%"
"01/17/2020","1,690","1,702","1,705","1,681","11.36M","0.00%"
"01/16/2020","1,690","1,664","1,696","1,662","13.05M","0.84%"
"01/15/2020","1,676","1,683","1,700","1,646","9.20M","-0.53%"
"01/14/2020","1,685","1,634","1,723","1,634","16.77M","3.25%"
"01/13/2020","1,632","1,638","1,644","1,620","10.77M","-0.49%"
"01/10/2020","1,640","1,617","1,649","1,617","5.51M","1.11%"
"01/09/2020","1,622","1,616","1,664","1,616","6.36M","-0.49%"
"01/08/2020","1,630","1,617","1,630","1,610","8.09M","-0.06%"
"01/07/2020","1,631","1,628","1,642","1,611","7.06M","0.18%"
"01/06/2020","1,628","1,640","1,652","1,602","6.37M","-1.93%"
"01/03/2020","1,660","1,664","1,680","1,634","9.30M","-0.95%"
"01/02/2020","1,676","1,677","1,718","1,672","4.60M","-0.36%"
"12/31/2019","1,682","1,700","1,708","1,671","3.12M","-1.00%"
"12/30/2019","1,699","1,694","1,727","1,685","5.97M","0.24%"
"12/27/2019","1,695","1,711","1,729","1,683","5.27M","0.12%"
"12/24/2019","1,693","1,708","1,708","1,664","3.20M","-0.35%"
"12/23/2019","1,699","1,705","1,722","1,673","8.42M","-0.35%"
"12/20/2019","1,705","1,705","1,729","1,696","28.66M","-0.87%"
"12/19/2019","1,720","1,730","1,752","1,713","36.76M","-0.81%"
"12/18/2019","1,734","1,695","1,742","1,686","14.61M","3.09%"
"12/17/2019","1,682","1,677","1,721","1,676","16.73M","1.08%"
"12/13/2019","1,664","1,642","1,698","1,628","18.33M","3.42%"
"12/12/2019","1,609","1,601","1,625","1,598","13.25M","0.88%"
"12/11/2019","1,595","1,596","1,630","1,586","14.53M","-0.25%"
"12/10/2019","1,599","1,600","1,601","1,574","11.11M","-0.06%"
"12/09/2019","1,600","1,614","1,628","1,598","6.16M","-0.37%"
"12/06/2019","1,606","1,608","1,630","1,604","14.27M","0.88%"
"12/05/2019","1,592","1,562","1,603","1,562","10.43M","1.21%"
"12/04/2019","1,573","1,536","1,581","1,535","8.83M","2.14%"
"12/03/2019","1,540","1,557","1,571","1,529","18.31M","-1.09%"
"12/02/2019","1,557","1,579","1,593","1,550","12.80M","-1.89%"
"11/29/2019","1,587","1,579","1,603","1,569","9.80M","-0.06%"
"11/28/2019","1,588","1,621","1,621","1,572","11.19M","-1.43%"
"11/27/2019","1,611","1,600","1,632","1,600","9.62M","0.62%"
"11/26/2019","1,601","1,648","1,657","1,597","31.10M","-2.85%"
"11/25/2019","1,648","1,679","1,705","1,644","9.75M","-2.14%"
"11/22/2019","1,684","1,686","1,702","1,677","7.52M","-0.88%"
"11/21/2019","1,699","1,728","1,739","1,675","15.14M","-2.30%"
"11/20/2019","1,739","1,711","1,743","1,694","11.43M","1.76%"
"11/19/2019","1,709","1,696","1,716","1,693","13.12M","0.71%"
"11/18/2019","1,697","1,711","1,743","1,693","7.82M","-1.16%"
"11/15/2019","1,717","1,737","1,753","1,715","10.00M","-0.52%"
"11/14/2019","1,726","1,737","1,753","1,726","8.75M","-0.46%"
"11/13/2019","1,734","1,756","1,762","1,723","11.05M","-0.97%"
"11/12/2019","1,751","1,735","1,767","1,730","11.16M","0.86%"
"11/11/2019","1,736","1,711","1,747","1,711","8.81M","-0.40%"
"11/08/2019","1,743","1,720","1,760","1,720","12.18M","0.00%"
"11/07/2019","1,743","1,703","1,784","1,703","9.96M","-0.68%"
"11/06/2019","1,755","1,755","1,788","1,727","18.13M","0.46%"
"11/05/2019","1,747","1,686","1,759","1,685","14.56M","4.24%"
"11/04/2019","1,676","1,660","1,683","1,660","15.00M","0.90%"
"11/01/2019","1,661","1,711","1,715","1,652","16.26M","-1.25%"
"10/31/2019","1,682","1,677","1,730","1,663","30.06M","1.57%"
"10/30/2019","1,656","1,679","1,695","1,629","19.80M","-2.24%"
"10/29/2019","1,694","1,705","1,718","1,673","13.01M","-0.24%"
"10/28/2019","1,698","1,689","1,709","1,683","13.18M","1.13%"
"10/25/2019","1,679","1,703","1,703","1,658","8.89M","-0.83%"
"10/24/2019","1,693","1,727","1,748","1,693","13.23M","-1.11%"
"10/23/2019","1,712","1,711","1,725","1,701","10.23M","-0.64%"
"10/22/2019","1,723","1,735","1,755","1,705","12.85M","-1.20%"
"10/21/2019","1,744","1,711","1,771","1,711","10.46M","0.87%"
"10/18/2019","1,729","1,733","1,776","1,711","29.48M","-0.97%"
"10/17/2019","1,746","1,729","1,778","1,720","18.06M","1.10%"
"10/16/2019","1,727","1,714","1,727","1,694","16.60M","1.05%"
"10/15/2019","1,709","1,698","1,720","1,691","8.09M","1.12%"
"10/14/2019","1,690","1,705","1,723","1,681","6.22M","-0.94%"
"10/11/2019","1,706","1,656","1,720","1,656","14.88M","1.25%"
"10/10/2019","1,685","1,697","1,711","1,651","19.64M","-0.47%"
"10/09/2019","1,693","1,723","1,723","1,673","18.98M","-1.91%"
"10/08/2019","1,726","1,710","1,735","1,696","22.53M","0.58%"
"10/07/2019","1,716","1,711","1,721","1,681","23.17M","1.30%"
"10/04/2019","1,694","1,661","1,707","1,630","25.86M","2.11%"
"10/03/2019","1,659","1,656","1,677","1,634","26.40M","-0.18%"
"10/02/2019","1,662","1,660","1,676","1,643","22.00M","-0.24%"
"10/01/2019","1,666","1,673","1,705","1,652","13.07M","0.73%"
"09/30/2019","1,654","1,686","1,699","1,647","18.92M","-1.72%"
"09/27/2019","1,683","1,680","1,711","1,665","11.46M","-0.47%"
"09/26/2019","1,691","1,670","1,715","1,660","17.85M","1.99%"
"09/25/2019","1,658","1,640","1,673","1,629","19.19M","-0.72%"
"09/23/2019","1,670","1,711","1,715","1,654","20.61M","-2.68%"
"09/20/2019","1,716","1,726","1,762","1,712","39.16M","-0.17%"
"09/19/2019","1,719","1,728","1,741","1,701","47.02M","0.06%"
"09/18/2019","1,718","1,723","1,729","1,690","20.13M","-0.29%"
"09/17/2019","1,723","1,744","1,754","1,705","24.73M","-1.54%"
"09/16/2019","1,750","1,716","1,750","1,706","37.76M","1.98%"
"09/13/2019","1,716","1,688","1,743","1,688","42.13M","1.66%"
"09/12/2019","1,688","1,667","1,696","1,654","30.98M","2.18%"
"09/11/2019","1,652","1,626","1,668","1,611","30.60M","2.55%"
"09/10/2019","1,611","1,597","1,615","1,563","26.08M","1.38%"
"09/09/2019","1,589","1,571","1,607","1,563","20.43M","1.15%"
"09/06/2019","1,571","1,574","1,585","1,538","20.97M","0.51%"
"09/05/2019","1,563","1,513","1,579","1,512","24.43M","3.17%"
"09/04/2019","1,515","1,502","1,519","1,486","23.11M","1.54%"
"09/03/2019","1,492","1,521","1,523","1,465","21.81M","-1.84%"
"09/02/2019","1,520","1,566","1,566","1,506","18.47M","-2.38%"
"08/30/2019","1,557","1,521","1,557","1,503","13.95M","2.91%"
"08/29/2019","1,513","1,508","1,526","1,487","10.84M","1.00%"
"08/28/2019","1,498","1,502","1,505","1,479","16.93M","-0.53%"
"08/27/2019","1,506","1,540","1,540","1,495","49.61M","-2.78%"
"08/26/2019","1,549","1,540","1,556","1,527","8.39M","-0.06%"
"08/23/2019","1,550","1,564","1,564","1,536","10.62M","-0.90%"
"08/22/2019","1,564","1,557","1,584","1,554","25.34M","-0.19%"
"08/21/2019","1,567","1,541","1,568","1,532","19.63M","1.75%"
"08/20/2019","1,540","1,566","1,566","1,528","10.44M","0.13%"
"08/19/2019","1,538","1,557","1,560","1,534","8.96M","0.00%"
"08/16/2019","1,538","1,524","1,545","1,523","9.89M","0.52%"
"08/15/2019","1,530","1,521","1,536","1,501","31.73M","0.79%"
"08/14/2019","1,518","1,565","1,565","1,511","17.67M","-3.00%"
"08/13/2019","1,565","1,549","1,574","1,542","14.85M","0.51%"
"08/12/2019","1,557","1,565","1,577","1,545","14.78M","-1.14%"
"08/08/2019","1,575","1,597","1,604","1,569","17.89M","0.38%"
"08/07/2019","1,569","1,576","1,587","1,550","19.84M","-0.44%"
"08/06/2019","1,576","1,580","1,608","1,567","19.89M","0.90%"
"08/05/2019","1,562","1,626","1,634","1,562","19.18M","-3.94%"
"08/02/2019","1,626","1,634","1,641","1,588","25.43M","-0.85%"
"08/01/2019","1,640","1,643","1,652","1,608","18.50M","-0.30%"
"07/31/2019","1,645","1,667","1,667","1,631","30.01M","0.00%"
"07/30/2019","1,645","1,741","1,746","1,632","18.46M","-5.51%"
"07/29/2019","1,741","1,746","1,752","1,720","10.99M","0.75%"
"07/26/2019","1,728","1,776","1,792","1,728","10.65M","-2.70%"
"07/25/2019","1,776","1,805","1,830","1,771","10.04M","-1.93%"
"07/24/2019","1,811","1,853","1,857","1,810","7.11M","-2.48%"
"07/23/2019","1,857","1,857","1,869","1,840","8.54M","0.32%"
"07/22/2019","1,851","1,838","1,856","1,830","6.91M","-0.32%"
"07/19/2019","1,857","1,858","1,883","1,843","6.94M","-0.38%"
"07/18/2019","1,864","1,834","1,885","1,834","9.40M","1.03%"
"07/17/2019","1,845","1,866","1,877","1,842","12.74M","-2.02%"
"07/16/2019","1,883","1,848","1,883","1,836","10.77M","1.56%"
"07/15/2019","1,854","1,842","1,872","1,830","7.77M","-0.22%"
"07/12/2019","1,858","1,847","1,865","1,816","7.44M","1.25%"
"07/11/2019","1,835","1,863","1,863","1,824","7.66M","-0.49%"
"07/10/2019","1,844","1,806","1,854","1,800","9.84M","2.10%"
"07/09/2019","1,806","1,821","1,828","1,798","10.50M","-0.88%"
"07/08/2019","1,822","1,809","1,824","1,785","7.45M","0.28%"
"07/05/2019","1,817","1,812","1,823","1,796","10.14M","0.44%"
"07/04/2019","1,809","1,797","1,839","1,794","20.25M","1.23%"
"07/03/2019","1,787","1,793","1,798","1,775","11.55M","-1.05%"
"07/02/2019","1,806","1,818","1,826","1,779","10.50M","-0.66%"
"07/01/2019","1,818","1,807","1,851","1,807","19.42M","0.22%"
"06/28/2019","1,814","1,810","1,823","1,803","9.53M","0.00%"
"06/27/2019","1,814","1,831","1,839","1,805","10.18M","-1.20%"
"06/26/2019","1,836","1,830","1,857","1,830","9.65M","-0.22%"
"06/25/2019","1,840","1,827","1,854","1,816","10.61M","0.11%"
"06/24/2019","1,838","1,894","1,901","1,827","8.90M","-2.60%"
"06/21/2019","1,887","1,881","1,887","1,859","25.22M","0.32%"
"06/20/2019","1,881","1,870","1,893","1,855","34.29M","0.86%"
"06/19/2019","1,865","1,865","1,890","1,853","15.54M","0.81%"
"06/18/2019","1,850","1,846","1,899","1,838","15.21M","-0.32%"
"06/14/2019","1,856","1,874","1,889","1,847","11.57M","-0.96%"
"06/13/2019","1,874","1,889","1,907","1,874","14.32M","-1.73%"
"06/12/2019","1,907","1,887","1,907","1,861","15.78M","0.85%"
"06/11/2019","1,891","1,859","1,914","1,856","12.98M","0.96%"
"06/10/2019","1,873","1,817","1,873","1,810","7.67M","3.25%"
"06/07/2019","1,814","1,808","1,823","1,799","7.89M","-0.06%"
"06/06/2019","1,815","1,793","1,824","1,793","12.85M","1.00%"
"06/05/2019","1,797","1,808","1,831","1,790","11.85M","-0.11%"
"06/04/2019","1,799","1,793","1,806","1,770","17.19M","0.33%"
"06/03/2019","1,793","1,807","1,809","1,783","13.30M","-0.39%"
"05/31/2019","1,800","1,786","1,800","1,770","15.08M","-0.17%"
"05/30/2019","1,803","1,756","1,825","1,756","21.11M","2.56%"
"05/29/2019","1,758","1,731","1,776","1,712","16.89M","0.98%"
"05/28/2019","1,741","1,809","1,810","1,733","49.59M","-4.50%"
"05/27/2019","1,823","1,816","1,824","1,774","11.19M","1.45%"
"05/24/2019","1,797","1,754","1,859","1,746","42.15M","-3.23%"
"05/23/2019","1,857","1,883","1,912","1,848","9.77M","-2.31%"
"05/22/2019","1,901","1,913","1,936","1,895","8.98M","-1.40%"
"05/21/2019","1,928","1,943","1,955","1,921","16.28M","0.10%"
"05/20/2019","1,926","1,927","1,980","1,920","16.49M","0.42%"
"05/17/2019","1,918","1,955","1,960","1,914","13.14M","-1.79%"
"05/16/2019","1,953","1,928","1,962","1,907","15.70M","0.98%"
"05/15/2019","1,934","1,958","1,961","1,901","17.50M","0.00%"
"05/14/2019","1,934","1,964","1,978","1,934","17.06M","-0.46%"
"05/13/2019","1,943","1,985","2,006","1,939","17.53M","-2.36%"
"05/10/2019","1,990","1,951","2,010","1,940","15.64M","2.63%"
"05/09/2019","1,939","1,981","1,983","1,929","15.18M","-3.44%"
"05/07/2019","2,008","2,045","2,052","2,003","9.98M","-2.33%"
"05/06/2019","2,056","1,985","2,056","1,982","10.53M","2.24%"
"05/03/2019","2,011","1,980","2,016","1,980","7.70M","0.95%"
"05/02/2019","1,992","1,972","2,011","1,972","12.54M","1.27%"
"04/30/2019","1,967","1,969","1,991","1,958","10.65M","0.05%"
"04/29/2019","1,966","1,968","1,982","1,944","3.96M","-0.61%"
"04/26/2019","1,978","1,974","1,983","1,966","4.81M","0.20%"
"04/25/2019","1,974","1,949","1,982","1,941","6.30M","0.51%"
"04/24/2019","1,964","2,000","2,000","1,947","8.61M","-1.31%"
"04/23/2019","1,990","2,007","2,011","1,969","5.83M","-1.04%"
"04/18/2019","2,011","1,990","2,011","1,979","9.11M","0.70%"
"04/17/2019","1,997","2,002","2,004","1,982","15.22M","-0.25%"
"04/16/2019","2,002","1,963","2,008","1,959","15.17M","1.99%"
"04/15/2019","1,963","1,964","1,974","1,948","10.54M","0.51%"
"04/12/2019","1,953","1,965","1,968","1,947","8.58M","-0.20%"
"04/11/2019","1,957","1,984","1,987","1,946","8.32M","-0.86%"
"04/10/2019","1,974","1,937","1,994","1,937","13.20M","1.91%"
"04/09/2019","1,937","1,925","1,961","1,925","8.52M","0.05%"
"04/08/2019","1,936","1,913","1,937","1,902","7.52M","1.20%"
"04/05/2019","1,913","1,917","1,937","1,904","6.89M","-0.83%"
"04/04/2019","1,929","1,932","1,936","1,904","8.83M","-0.72%"
"04/03/2019","1,943","1,877","1,954","1,877","16.08M","3.52%"
"04/02/2019","1,877","1,861","1,911","1,837","14.89M","1.68%"
"04/01/2019","1,846","1,848","1,896","1,826","18.42M","-1.34%"
"03/29/2019","1,871","1,857","1,873","1,815","16.30M","2.63%"
"03/28/2019","1,823","1,848","1,856","1,814","11.49M","-1.62%"
"03/27/2019","1,853","1,873","1,884","1,848","25.78M","-2.01%"
"03/26/2019","1,891","1,847","1,906","1,840","13.78M","2.77%"
"03/25/2019","1,840","1,863","1,879","1,830","25.36M","-1.81%"
"03/22/2019","1,874","1,848","1,891","1,841","32.02M","-1.00%"
"03/20/2019","1,893","1,868","1,893","1,847","43.87M","1.72%"
"03/19/2019","1,861","1,890","1,917","1,860","21.40M","-1.17%"
"03/18/2019","1,883","1,860","1,895","1,854","24.39M","1.24%"
"03/15/2019","1,860","1,807","1,860","1,807","33.89M","1.69%"
"03/14/2019","1,829","1,853","1,853","1,808","17.94M","0.05%"
"03/13/2019","1,828","1,797","1,836","1,781","18.67M","2.24%"
"03/12/2019","1,788","1,780","1,807","1,765","17.93M","1.48%"
"03/11/2019","1,762","1,861","1,861","1,762","22.17M","-5.47%"
"03/08/2019","1,864","1,913","1,921","1,860","9.18M","-2.56%"
"03/07/2019","1,913","1,908","1,931","1,902","10.14M","-1.03%"
"03/06/2019","1,933","1,925","1,954","1,919","9.71M","1.05%"
"03/05/2019","1,913","1,917","1,925","1,891","8.14M","-0.21%"
"03/04/2019","1,917","1,971","1,977","1,917","9.11M","-3.03%"
"03/01/2019","1,977","2,010","2,016","1,967","12.14M","-0.65%"
"02/28/2019","1,990","1,968","2,000","1,968","11.86M","-0.30%"
"02/27/2019","1,996","2,019","2,019","1,973","8.61M","-0.70%"
"02/26/2019","2,010","2,007","2,018","1,991","9.50M","-0.05%"
"02/25/2019","2,011","1,969","2,021","1,957","8.22M","1.46%"
"02/22/2019","1,982","1,977","1,995","1,957","7.54M","-0.85%"
"02/21/2019","1,999","1,955","2,011","1,955","16.00M","1.73%"
"02/20/2019","1,965","1,943","1,991","1,937","14.52M","0.72%"
"02/19/2019","1,951","1,934","1,962","1,927","11.04M","1.09%"
"02/18/2019","1,930","1,986","2,022","1,921","17.04M","-2.82%"
"02/15/2019","1,986","1,972","2,009","1,949","16.15M","0.71%"
"02/14/2019","1,972","1,979","2,022","1,966","16.66M","-0.15%"
"02/13/2019","1,975","1,957","1,979","1,930","15.98M","1.23%"
"02/12/2019","1,951","1,922","1,956","1,915","17.39M","1.51%"
"02/11/2019","1,922","1,927","1,970","1,922","12.98M","-0.93%"
"02/08/2019","1,940","1,974","2,001","1,939","10.31M","-1.67%"
"02/07/2019","1,973","2,028","2,028","1,959","14.81M","-2.28%"
"02/06/2019","2,019","2,028","2,032","2,003","12.46M","0.40%"
"02/05/2019","2,011","1,998","2,020","1,995","14.08M","0.85%"
"02/04/2019","1,994","1,970","2,037","1,970","11.53M","-0.85%"
"02/01/2019","2,011","1,985","2,015","1,945","15.56M","0.45%"
"01/31/2019","2,002","1,936","2,030","1,936","23.31M","1.21%"
"01/30/2019","1,978","1,959","1,981","1,947","12.32M","0.97%"
"01/29/2019","1,959","1,955","1,978","1,943","14.70M","-0.25%"
"01/28/2019","1,964","1,968","1,996","1,962","10.36M","-1.36%"
"01/25/2019","1,991","1,932","1,995","1,931","24.10M","3.43%"
"01/24/2019","1,925","1,919","1,959","1,916","17.53M","-0.16%"
"01/23/2019","1,928","1,896","1,929","1,884","14.35M","1.31%"
"01/22/2019","1,903","1,901","1,925","1,889","9.56M","-1.14%"
"01/21/2019","1,925","1,934","1,958","1,915","10.63M","-0.05%"
"01/18/2019","1,926","1,956","1,961","1,926","13.53M","-0.67%"
"01/17/2019","1,939","1,966","1,976","1,926","17.60M","-1.37%"
"01/16/2019","1,966","1,937","1,966","1,935","8.51M","1.03%"
"01/15/2019","1,946","1,959","1,968","1,935","14.96M","-0.71%"
"01/14/2019","1,960","1,954","1,982","1,942","7.77M","-0.56%"
"01/11/2019","1,971","1,951","1,989","1,949","13.02M","0.87%"
"01/10/2019","1,954","1,935","1,954","1,921","9.43M","0.88%"
"01/09/2019","1,937","1,874","1,948","1,874","9.86M","3.80%"
"01/08/2019","1,866","1,929","1,949","1,862","12.26M","-2.56%"
"01/07/2019","1,915","1,932","1,984","1,902","9.20M","-1.14%"
"01/04/2019","1,937","1,899","1,949","1,899","13.11M","1.04%"
"01/03/2019","1,917","1,840","1,922","1,839","7.70M","3.06%"
"01/02/2019","1,860","1,848","1,878","1,831","8.71M","-2.97%"
"12/31/2018","1,917","1,932","1,933","1,903","3.14M","0.00%"
"12/28/2018","1,917","1,884","1,918","1,875","8.92M","2.29%"
"12/27/2018","1,874","1,943","1,959","1,869","13.31M","-3.95%"
"12/24/2018","1,951","1,919","1,961","1,916","4.76M","0.26%"
"12/21/2018","1,946","1,887","1,946","1,866","53.92M","3.35%"
"12/20/2018","1,883","1,852","1,893","1,835","26.15M","0.16%"
"12/19/2018","1,880","1,845","1,888","1,845","13.26M","1.02%"
"12/18/2018","1,861","1,818","1,867","1,817","14.37M","-1.27%"
"12/14/2018","1,885","1,877","1,904","1,849","13.74M","0.11%"
"12/13/2018","1,883","1,891","1,943","1,883","10.28M","-0.42%"
"12/12/2018","1,891","1,871","1,911","1,865","14.29M","1.45%"
"12/11/2018","1,864","1,836","1,883","1,821","13.91M","2.03%"
"12/10/2018","1,827","1,880","1,880","1,818","8.40M","-0.71%"
"12/07/2018","1,840","1,846","1,887","1,833","21.59M","0.71%"
"12/06/2018","1,827","1,907","1,907","1,824","19.35M","-4.89%"
"12/05/2018","1,921","1,994","1,994","1,921","10.90M","-4.00%"
"12/04/2018","2,001","1,983","2,028","1,977","16.41M","-0.45%"
"12/03/2018","2,010","1,981","2,054","1,981","12.47M","1.57%"
"11/30/2018","1,979","1,995","2,012","1,979","20.60M","-1.54%"
"11/29/2018","2,010","1,996","2,056","1,973","16.86M","0.05%"
"11/28/2018","2,009","2,032","2,056","2,004","9.80M","-1.13%"
"11/27/2018","2,032","2,009","2,043","1,984","21.83M","0.94%"
"11/26/2018","2,013","1,900","2,021","1,891","23.71M","6.68%"
"11/23/2018","1,887","1,968","1,968","1,884","12.80M","-3.18%"
"11/22/2018","1,949","1,984","1,987","1,949","20.40M","-0.10%"
"11/21/2018","1,951","1,968","1,994","1,948","18.11M","-0.46%"
"11/20/2018","1,960","1,991","1,991","1,947","11.85M","-1.80%"
"11/19/2018","1,996","1,982","2,020","1,977","8.17M","0.05%"
"11/16/2018","1,995","1,997","2,051","1,978","11.51M","-0.15%"
"11/15/2018","1,998","1,985","2,030","1,978","11.55M","-0.50%"
"11/14/2018","2,008","2,001","2,018","1,967","7.99M","-0.50%"
"11/13/2018","2,018","1,985","2,026","1,979","13.88M","0.90%"
"11/12/2018","2,000","2,020","2,048","1,986","10.36M","-1.19%"
"11/09/2018","2,024","2,028","2,032","1,994","18.62M","-0.10%"
"11/08/2018","2,026","2,002","2,032","2,002","22.40M","0.25%"
"11/07/2018","2,021","1,997","2,043","1,990","29.62M","0.50%"
"11/06/2018","2,011","2,024","2,037","1,993","22.62M","-0.69%"
"11/05/2018","2,025","2,011","2,042","1,998","16.41M","-0.30%"
"11/02/2018","2,031","1,964","2,078","1,948","46.84M","4.15%"
"11/01/2018","1,950","1,913","1,968","1,904","18.43M","0.41%"
"10/31/2018","1,942","1,960","1,973","1,884","20.53M","-0.66%"
"10/30/2018","1,955","1,963","1,994","1,942","8.97M","-1.06%"
"10/29/2018","1,976","1,925","2,011","1,891","20.01M","3.46%"
"10/26/2018","1,910","1,947","1,963","1,889","13.02M","-2.55%"
"10/25/2018","1,960","1,908","1,970","1,889","18.12M","1.03%"
"10/24/2018","1,940","1,937","1,960","1,922","16.03M","0.10%"
"10/23/2018","1,938","1,938","1,960","1,913","11.57M","-1.17%"
"10/22/2018","1,961","2,003","2,043","1,954","19.33M","-2.10%"
"10/19/2018","2,003","1,942","2,009","1,940","12.89M","2.46%"
"10/18/2018","1,955","1,985","1,985","1,937","10.29M","0.05%"
"10/17/2018","1,954","1,968","1,997","1,943","14.91M","-0.05%"
"10/16/2018","1,955","1,917","1,955","1,883","18.34M","2.20%"
"10/15/2018","1,913","1,878","1,943","1,840","14.14M","1.32%"
"10/12/2018","1,888","1,815","1,895","1,806","14.87M","4.42%"
"10/11/2018","1,808","1,797","1,827","1,775","22.78M","-1.95%"
"10/10/2018","1,844","1,814","1,900","1,771","31.62M","0.99%"
"10/09/2018","1,826","1,811","1,831","1,788","16.77M","-0.11%"
"10/08/2018","1,828","1,844","1,873","1,819","11.81M","-0.16%"
"10/05/2018","1,831","1,878","1,878","1,828","15.05M","-1.82%"
"10/04/2018","1,865","1,828","1,874","1,767","13.66M","0.65%"
"10/03/2018","1,853","1,859","1,862","1,810","9.20M","1.09%"
"10/02/2018","1,833","1,851","1,851","1,801","10.25M","-1.56%"
"10/01/2018","1,862","1,880","1,902","1,857","9.07M","-0.80%"
"09/28/2018","1,877","1,890","1,902","1,833","20.93M","-0.85%"
"09/27/2018","1,893","1,891","1,912","1,868","10.79M","-0.16%"
"09/26/2018","1,896","1,874","1,920","1,865","13.37M","1.28%"
"09/25/2018","1,872","1,891","1,927","1,871","18.39M","-2.45%"
"09/21/2018","1,919","1,826","1,919","1,816","47.40M","4.98%"
"09/20/2018","1,828","1,796","1,847","1,786","51.74M","2.07%"
"09/19/2018","1,791","1,797","1,816","1,759","14.21M","-0.89%"
"09/18/2018","1,807","1,779","1,812","1,772","18.11M","1.23%"
"09/17/2018","1,785","1,754","1,799","1,744","20.34M","1.08%"
"09/14/2018","1,766","1,750","1,789","1,747","19.04M","0.91%"
"09/13/2018","1,750","1,748","1,765","1,707","43.45M","0.34%"
"09/12/2018","1,744","1,768","1,789","1,735","15.59M","-1.52%"
"09/11/2018","1,771","1,768","1,771","1,738","18.31M","1.03%"
"09/10/2018","1,753","1,775","1,779","1,746","5.59M","-1.24%"
"09/07/2018","1,775","1,797","1,832","1,744","14.03M","-1.22%"
"09/06/2018","1,797","1,779","1,820","1,759","14.09M","1.01%"
"09/05/2018","1,779","1,799","1,851","1,747","13.72M","-1.11%"
"09/04/2018","1,799","1,844","1,860","1,786","11.81M","-2.44%"
"09/03/2018","1,844","1,821","1,871","1,811","11.81M","1.26%"
"08/31/2018","1,821","1,881","1,881","1,805","17.13M","-1.89%"
"08/30/2018","1,856","1,869","1,888","1,835","20.51M","-0.70%"
"08/29/2018","1,869","1,884","1,896","1,854","8.80M","-0.95%"
"08/28/2018","1,887","1,841","1,893","1,829","13.78M","2.11%"
"08/27/2018","1,848","1,826","1,884","1,824","9.53M","1.20%"
"08/24/2018","1,826","1,786","1,826","1,774","7.90M","2.58%"
"08/23/2018","1,780","1,759","1,803","1,759","12.75M","0.56%"
"08/22/2018","1,770","1,756","1,776","1,751","8.49M","1.20%"
"08/21/2018","1,749","1,717","1,759","1,711","9.67M","0.92%"
"08/20/2018","1,733","1,728","1,742","1,719","5.07M","-0.12%"
"08/17/2018","1,735","1,726","1,766","1,719","10.58M","-0.57%"
"08/16/2018","1,745","1,699","1,745","1,699","12.52M","3.07%"
"08/15/2018","1,693","1,748","1,767","1,690","12.23M","-3.26%"
"08/14/2018","1,750","1,765","1,806","1,750","11.22M","-1.74%"
"08/13/2018","1,781","1,797","1,817","1,781","18.20M","-0.95%"
"08/10/2018","1,798","1,768","1,808","1,768","15.06M","0.11%"
"08/08/2018","1,796","1,780","1,809","1,769","14.80M","-0.39%"
"08/07/2018","1,803","1,796","1,830","1,794","11.36M","0.22%"
"08/06/2018","1,799","1,818","1,818","1,789","11.94M","-0.83%"
"08/03/2018","1,814","1,772","1,817","1,765","16.22M","2.14%"
"08/02/2018","1,776","1,797","1,808","1,763","15.36M","-1.66%"
"08/01/2018","1,806","1,807","1,824","1,799","19.96M","-0.06%"
"07/31/2018","1,807","1,797","1,812","1,791","20.44M","0.56%"
"07/30/2018","1,797","1,770","1,812","1,754","17.06M","1.81%"
"07/27/2018","1,765","1,756","1,765","1,720","9.88M","0.68%"
"07/26/2018","1,753","1,717","1,759","1,717","25.41M","2.10%"
"07/25/2018","1,717","1,738","1,745","1,702","25.11M","-0.52%"
"07/24/2018","1,726","1,695","1,739","1,695","20.85M","1.83%"
"07/23/2018","1,695","1,660","1,711","1,657","14.68M","2.11%"
"07/20/2018","1,660","1,645","1,660","1,630","35.71M","1.41%"
"07/19/2018","1,637","1,625","1,654","1,617","11.98M","0.80%"
"07/18/2018","1,624","1,651","1,651","1,621","23.95M","-0.85%"
"07/17/2018","1,638","1,638","1,654","1,630","21.51M","0.00%"
"07/16/2018","1,638","1,651","1,651","1,630","10.29M","-0.61%"
"07/13/2018","1,648","1,661","1,666","1,642","19.19M","-0.96%"
"07/12/2018","1,664","1,675","1,691","1,662","17.17M","-1.19%"
"07/11/2018","1,684","1,699","1,700","1,675","16.63M","-1.35%"
"07/10/2018","1,707","1,723","1,726","1,702","29.14M","-1.27%"
"07/09/2018","1,729","1,721","1,744","1,710","27.95M","0.76%"
"07/06/2018","1,716","1,700","1,731","1,687","37.08M","0.47%"
"07/05/2018","1,708","1,712","1,721","1,688","47.16M","0.00%"
"07/04/2018","1,708","1,642","1,711","1,636","30.61M","3.20%"
"07/03/2018","1,655","1,642","1,667","1,630","34.31M","0.42%"
"07/02/2018","1,648","1,624","1,652","1,615","42.63M","-1.02%"
"06/29/2018","1,665","1,678","1,689","1,651","64.37M","-2.00%"
"06/28/2018","1,699","1,705","1,710","1,662","41.94M","-0.53%"
"06/27/2018","1,708","1,732","1,758","1,675","98.36M","-3.06%"
"06/26/2018","1,762","1,708","1,762","1,624","102.35M","0.86%"
"06/22/2018","1,747","1,748","1,769","1,738","15.37M","-0.68%"
"06/21/2018","1,759","1,772","1,785","1,751","19.99M","-0.90%"
"06/20/2018","1,775","1,783","1,792","1,765","11.94M","-0.17%"
"06/19/2018","1,778","1,791","1,801","1,773","11.46M","-0.73%"
"06/18/2018","1,791","1,772","1,792","1,769","8.15M","-1.38%"
"06/15/2018","1,816","1,859","1,859","1,797","23.60M","-2.21%"
"06/14/2018","1,857","1,847","1,864","1,832","10.17M","0.43%"
"06/13/2018","1,849","1,827","1,859","1,827","14.19M","1.37%"
"06/12/2018","1,824","1,779","1,824","1,762","14.77M","2.99%"
"06/11/2018","1,771","1,778","1,793","1,747","11.36M","-1.12%"
"06/08/2018","1,791","1,817","1,831","1,791","13.10M","-1.00%"
"06/07/2018","1,809","1,847","1,847","1,804","15.18M","-0.88%"
"06/06/2018","1,825","1,847","1,847","1,812","9.29M","-1.03%"
"06/05/2018","1,844","1,863","1,863","1,829","7.30M","-1.07%"
"06/04/2018","1,864","1,892","1,892","1,852","12.69M","0.27%"
"06/01/2018","1,859","1,864","1,872","1,850","10.78M","-0.32%"
"05/31/2018","1,865","1,858","1,873","1,854","6.44M","0.38%"
"05/30/2018","1,858","1,870","1,870","1,837","9.58M","-0.54%"
"05/29/2018","1,868","1,882","1,892","1,864","9.29M","-1.99%"
"05/28/2018","1,906","1,898","1,938","1,881","5.66M","0.42%"
"05/25/2018","1,898","1,894","1,922","1,894","7.30M","0.32%"
"05/24/2018","1,892","1,930","1,933","1,892","5.19M","-1.87%"
"05/23/2018","1,928","1,962","1,970","1,922","5.47M","-2.23%"
"05/22/2018","1,972","1,972","1,979","1,941","4.07M","0.00%"
"05/21/2018","1,972","1,974","1,975","1,947","9.84M","1.65%"
"05/18/2018","1,940","1,944","1,962","1,933","12.42M","-0.21%"
"05/17/2018","1,944","1,949","1,960","1,926","14.82M","-0.26%"
"05/16/2018","1,949","1,984","1,984","1,939","9.82M","-1.17%"
"05/15/2018","1,972","1,976","1,990","1,959","10.12M","-0.20%"
"05/14/2018","1,976","1,989","1,991","1,963","4.01M","-0.40%"
"05/11/2018","1,984","2,009","2,023","1,979","12.02M","-1.05%"
"05/10/2018","2,005","2,009","2,016","2,000","13.86M","-0.05%"
"05/09/2018","2,006","2,032","2,039","2,003","10.95M","-0.30%"
"05/08/2018","2,012","1,997","2,018","1,974","7.07M","0.55%"
"05/07/2018","2,001","1,986","2,012","1,979","5.47M","1.47%"
"05/04/2018","1,972","1,986","2,007","1,968","7.39M","-0.70%"
"05/03/2018","1,986","1,995","2,015","1,977","8.04M","-2.17%"
"05/02/2018","2,030","1,995","2,032","1,981","10.51M","1.30%"
"04/30/2018","2,004","2,030","2,050","1,989","9.46M","-1.38%"
"04/26/2018","2,032","1,986","2,032","1,986","11.00M","1.65%"
"04/25/2018","1,999","2,021","2,033","1,989","17.47M","-1.09%"
"04/24/2018","2,021","1,974","2,021","1,971","10.67M","2.23%"
"04/23/2018","1,977","1,905","1,977","1,905","10.14M","3.89%"
"04/20/2018","1,903","1,896","1,904","1,886","6.45M","0.48%"
"04/19/2018","1,894","1,909","1,925","1,894","8.26M","-0.79%"
"04/18/2018","1,909","1,877","1,910","1,877","9.09M","1.70%"
"04/17/2018","1,877","1,864","1,884","1,853","4.87M","0.59%"
"04/16/2018","1,866","1,870","1,876","1,859","6.71M","-0.43%"
"04/13/2018","1,874","1,868","1,885","1,859","6.43M","0.54%"
"04/12/2018","1,864","1,857","1,872","1,854","6.45M","0.38%"
"04/11/2018","1,857","1,882","1,893","1,857","5.32M","-0.96%"
"04/10/2018","1,875","1,859","1,882","1,857","4.47M","1.19%"
"04/09/2018","1,853","1,865","1,865","1,838","5.46M","0.22%"
"04/06/2018","1,849","1,817","1,854","1,812","9.26M","2.04%"
"04/05/2018","1,812","1,801","1,826","1,801","12.31M","1.63%"
"04/04/2018","1,783","1,818","1,818","1,752","10.34M","-2.52%"
"04/03/2018","1,829","1,847","1,855","1,818","11.99M","-2.04%"
"03/29/2018","1,867","1,814","1,867","1,811","11.16M","3.43%"
"03/28/2018","1,805","1,827","1,828","1,789","11.83M","-2.01%"
"03/27/2018","1,842","1,855","1,879","1,842","7.39M","-0.16%"
"03/26/2018","1,845","1,866","1,866","1,826","12.17M","0.00%"
"03/23/2018","1,845","1,896","1,913","1,844","6.55M","-3.61%"
"03/22/2018","1,914","1,900","1,940","1,891","14.39M","0.00%"
"03/20/2018","1,914","1,907","1,930","1,894","5.50M","0.31%"
"03/19/2018","1,908","1,928","1,928","1,892","5.26M","-1.50%"
"03/16/2018","1,937","1,947","1,948","1,911","7.11M","0.62%"
"03/15/2018","1,925","1,884","1,962","1,884","40.99M","1.85%"
"03/14/2018","1,890","1,948","1,952","1,890","9.60M","-3.67%"
"03/13/2018","1,962","1,953","1,971","1,918","7.94M","0.46%"
"03/12/2018","1,953","1,940","1,962","1,940","4.74M","0.77%"
"03/09/2018","1,938","1,938","1,950","1,928","4.63M","0.00%"
"03/08/2018","1,938","1,931","1,945","1,924","4.28M","0.36%"
"03/07/2018","1,931","1,916","1,937","1,893","4.24M","0.00%"
"03/06/2018","1,931","1,889","1,937","1,889","11.87M","2.39%"
"03/05/2018","1,886","1,878","1,897","1,871","8.71M","-0.26%"
"03/02/2018","1,891","1,917","1,926","1,882","9.41M","-1.77%"
"03/01/2018","1,925","1,931","1,937","1,905","12.32M","-0.47%"
"02/28/2018","1,934","1,930","1,940","1,919","14.37M","0.05%"
"02/27/2018","1,933","1,903","1,936","1,903","13.22M","0.62%"
"02/26/2018","1,921","1,907","1,932","1,907","11.58M","0.73%"
"02/23/2018","1,907","1,894","1,916","1,886","10.74M","1.06%"
"02/22/2018","1,887","1,889","1,902","1,881","6.53M","-0.79%"
"02/21/2018","1,902","1,880","1,902","1,850","12.73M","1.01%"
"02/20/2018","1,883","1,878","1,886","1,859","5.21M","0.27%"
"02/19/2018","1,878","1,870","1,882","1,851","13.22M","1.68%"
"02/16/2018","1,847","1,882","1,884","1,837","10.13M","-1.86%"
"02/15/2018","1,882","1,840","1,929","1,840","17.73M","3.41%"
"02/14/2018","1,820","1,802","1,829","1,781","13.39M","1.17%"
"02/13/2018","1,799","1,779","1,806","1,763","10.56M","1.12%"
"02/12/2018","1,779","1,764","1,779","1,741","10.81M","1.37%"
"02/09/2018","1,755","1,806","1,817","1,743","20.56M","-3.57%"
"02/08/2018","1,820","1,801","1,829","1,785","13.73M","1.34%"
"02/07/2018","1,796","1,767","1,801","1,720","12.43M","2.86%"
"02/06/2018","1,746","1,732","1,746","1,710","11.87M","-1.80%"
"02/05/2018","1,778","1,823","1,823","1,763","10.39M","-2.47%"
"02/02/2018","1,823","1,843","1,854","1,814","8.30M","-1.09%"
"02/01/2018","1,843","1,824","1,855","1,810","11.42M","1.10%"
"01/31/2018","1,823","1,815","1,825","1,801","6.64M","0.44%"
"01/30/2018","1,815","1,834","1,841","1,800","15.25M","-1.20%"
"01/29/2018","1,837","1,870","1,876","1,834","9.09M","-1.87%"
"01/26/2018","1,872","1,874","1,886","1,868","4.68M","-0.48%"
"01/25/2018","1,881","1,881","1,902","1,870","11.98M","0.00%"
"01/24/2018","1,881","1,870","1,895","1,844","12.92M","1.62%"
"01/23/2018","1,851","1,848","1,872","1,848","15.13M","0.71%"
"01/22/2018","1,838","1,847","1,852","1,833","8.40M","-0.59%"
"01/19/2018","1,849","1,843","1,854","1,829","5.38M","0.33%"
"01/18/2018","1,843","1,840","1,850","1,821","11.98M","0.93%"
"01/17/2018","1,826","1,831","1,847","1,818","10.79M","-0.22%"
"01/16/2018","1,830","1,801","1,830","1,794","7.98M","1.50%"
"01/15/2018","1,803","1,790","1,810","1,786","4.57M","0.73%"
"01/12/2018","1,790","1,748","1,791","1,748","3.03M","1.76%"
"01/11/2018","1,759","1,755","1,778","1,731","8.40M","0.23%"
"01/10/2018","1,755","1,755","1,764","1,743","2.79M","0.63%"
"01/09/2018","1,744","1,750","1,765","1,744","4.48M","-0.34%"
"01/08/2018","1,750","1,754","1,759","1,737","3.00M","0.52%"
"01/05/2018","1,741","1,729","1,755","1,726","3.44M","0.40%"
"01/04/2018","1,734","1,734","1,754","1,725","5.40M","-0.52%"
"01/03/2018","1,743","1,775","1,785","1,743","3.89M","-1.53%"
"01/02/2018","1,770","1,756","1,790","1,756","5.40M","0.85%"
"12/29/2017","1,755","1,734","1,757","1,733","2.66M","1.21%"
"12/28/2017","1,734","1,745","1,768","1,732","4.84M","-1.20%"
"12/27/2017","1,755","1,720","1,767","1,714","6.09M","-0.79%"
"12/22/2017","1,769","1,755","1,773","1,755","5.61M","-0.11%"
"12/21/2017","1,771","1,739","1,777","1,734","46.65M","1.66%"
"12/20/2017","1,742","1,719","1,750","1,713","8.36M","-1.08%"
"12/19/2017","1,761","1,690","1,777","1,668","30.12M","3.53%"
"12/18/2017","1,701","1,672","1,702","1,644","14.91M","2.41%"
"12/15/2017","1,661","1,680","1,685","1,644","18.75M","-1.54%"
"12/14/2017","1,687","1,685","1,707","1,685","6.21M","0.12%"
"12/13/2017","1,685","1,680","1,701","1,671","3.85M","0.42%"
"12/12/2017","1,678","1,681","1,697","1,671","6.68M","-0.18%"
"12/11/2017","1,681","1,690","1,695","1,677","6.92M","0.06%"
"12/08/2017","1,680","1,686","1,690","1,660","10.77M","0.00%"
"12/07/2017","1,680","1,658","1,684","1,658","6.58M","0.48%"
"12/06/2017","1,672","1,649","1,677","1,649","8.41M","0.84%"
"12/05/2017","1,658","1,655","1,673","1,644","5.80M","-0.30%"
"12/04/2017","1,663","1,685","1,685","1,663","2.90M","-0.66%"
"12/01/2017","1,674","1,665","1,690","1,665","3.76M","-0.36%"
"11/30/2017","1,680","1,690","1,702","1,680","6.64M","-1.29%"
"11/29/2017","1,702","1,670","1,707","1,670","4.61M","2.10%"
"11/28/2017","1,667","1,663","1,682","1,647","5.93M","0.18%"
"11/27/2017","1,664","1,656","1,675","1,651","5.28M","0.24%"
"11/24/2017","1,660","1,665","1,675","1,653","5.60M","-0.36%"
"11/23/2017","1,666","1,665","1,679","1,654","7.87M","-1.30%"
"11/22/2017","1,688","1,640","1,691","1,634","6.90M","2.12%"
"11/21/2017","1,653","1,635","1,655","1,634","6.66M","0.92%"
"11/20/2017","1,638","1,633","1,640","1,624","10.31M","-0.36%"
"11/17/2017","1,644","1,640","1,646","1,628","5.18M","-0.12%"
"11/16/2017","1,646","1,653","1,663","1,628","6.94M","-0.42%"
"11/15/2017","1,653","1,653","1,659","1,634","6.22M","-0.36%"
"11/14/2017","1,659","1,672","1,675","1,646","4.90M","-0.78%"
"11/13/2017","1,672","1,654","1,680","1,649","4.66M","0.00%"
"11/10/2017","1,672","1,652","1,674","1,652","4.24M","1.27%"
"11/09/2017","1,651","1,640","1,667","1,640","4.83M","0.00%"
"11/08/2017","1,651","1,641","1,659","1,640","6.80M","0.30%"
"11/07/2017","1,646","1,665","1,676","1,642","6.93M","-1.14%"
"11/06/2017","1,665","1,654","1,670","1,652","3.63M","-0.06%"
"11/03/2017","1,666","1,664","1,677","1,649","4.18M","0.54%"
"11/02/2017","1,657","1,661","1,664","1,640","5.32M","-0.42%"
"11/01/2017","1,664","1,647","1,683","1,647","7.89M","1.03%"
"10/31/2017","1,647","1,601","1,647","1,601","7.14M","2.17%"
"10/30/2017","1,612","1,616","1,619","1,599","8.97M","-0.25%"
"10/27/2017","1,616","1,622","1,632","1,606","8.25M","0.12%"
"10/26/2017","1,614","1,626","1,654","1,611","11.96M","-0.62%"
"10/25/2017","1,624","1,621","1,641","1,618","3.84M","-0.12%"
"10/24/2017","1,626","1,630","1,632","1,616","6.11M","-0.49%"
"10/23/2017","1,634","1,644","1,650","1,628","1.97M","-0.43%"
"10/20/2017","1,641","1,626","1,651","1,626","3.78M","1.23%"
"10/19/2017","1,621","1,633","1,643","1,616","4.25M","-1.52%"
"10/18/2017","1,646","1,636","1,646","1,620","4.41M","0.92%"
"10/17/2017","1,631","1,640","1,648","1,628","3.97M","-0.55%"
"10/16/2017","1,640","1,640","1,659","1,634","6.96M","-0.67%"
"10/13/2017","1,651","1,632","1,651","1,632","7.84M","1.16%"
"10/12/2017","1,632","1,618","1,644","1,618","6.60M","0.62%"
"10/11/2017","1,622","1,618","1,633","1,617","6.61M","0.06%"
"10/10/2017","1,621","1,640","1,640","1,618","5.47M","-1.16%"
"10/09/2017","1,640","1,628","1,645","1,622","10.64M","1.30%"
"10/06/2017","1,619","1,605","1,626","1,605","16.13M","0.87%"
"10/05/2017","1,605","1,605","1,607","1,597","4.67M","0.00%"
"10/04/2017","1,605","1,612","1,619","1,593","9.90M","-0.43%"
"10/03/2017","1,612","1,609","1,621","1,609","10.66M","0.00%"
"10/02/2017","1,612","1,620","1,628","1,612","9.01M","-0.49%"
"09/29/2017","1,620","1,593","1,620","1,593","16.00M","1.69%"
"09/28/2017","1,593","1,616","1,622","1,588","16.26M","-1.18%"
"09/27/2017","1,612","1,604","1,620","1,598","8.75M","1.26%"
"09/26/2017","1,592","1,597","1,600","1,580","11.82M","-1.06%"
"09/22/2017","1,609","1,605","1,613","1,592","4.08M","0.25%"
"09/21/2017","1,605","1,619","1,619","1,605","42.17M","-0.99%"
"09/20/2017","1,621","1,623","1,627","1,606","15.44M","-1.16%"
"09/19/2017","1,640","1,635","1,640","1,622","7.76M","0.49%"
"09/18/2017","1,632","1,609","1,640","1,609","7.30M","2.06%"
"09/15/2017","1,599","1,605","1,617","1,599","15.64M","-0.25%"
"09/14/2017","1,603","1,598","1,611","1,591","7.98M","-0.43%"
"09/13/2017","1,610","1,596","1,615","1,596","7.44M","0.81%"
"09/12/2017","1,597","1,579","1,603","1,579","4.06M","1.14%"
"09/11/2017","1,579","1,593","1,601","1,572","6.05M","0.00%"
"09/08/2017","1,579","1,555","1,579","1,549","4.02M","1.02%"
"09/07/2017","1,563","1,559","1,571","1,550","5.59M","-0.19%"
"09/06/2017","1,566","1,587","1,587","1,561","5.09M","-1.69%"
"09/05/2017","1,593","1,591","1,606","1,589","3.71M","-0.31%"
"09/04/2017","1,598","1,597","1,616","1,593","6.71M","-0.50%"
"09/01/2017","1,606","1,605","1,618","1,601","8.43M","0.06%"
"08/31/2017","1,605","1,610","1,616","1,604","5.50M","-0.31%"
"08/30/2017","1,610","1,621","1,635","1,608","7.74M","-0.68%"
"08/29/2017","1,621","1,640","1,640","1,608","9.18M","-1.16%"
"08/28/2017","1,640","1,653","1,658","1,626","6.34M","-0.30%"
"08/25/2017","1,645","1,630","1,652","1,628","5.15M","0.49%"
"08/24/2017","1,637","1,612","1,640","1,609","6.23M","1.68%"
"08/23/2017","1,610","1,619","1,628","1,610","7.06M","-0.56%"
"08/22/2017","1,619","1,607","1,622","1,605","10.96M","1.44%"
"08/21/2017","1,596","1,602","1,609","1,596","7.25M","-0.37%"
"08/18/2017","1,602","1,621","1,621","1,598","12.76M","-1.17%"
"08/17/2017","1,621","1,644","1,649","1,613","8.78M","-1.46%"
"08/16/2017","1,645","1,609","1,655","1,604","18.22M","2.56%"
"08/15/2017","1,604","1,587","1,612","1,587","22.21M","1.52%"
"08/14/2017","1,580","1,593","1,593","1,575","7.77M","-0.69%"
"08/11/2017","1,591","1,622","1,663","1,580","8.55M","-1.91%"
"08/10/2017","1,622","1,638","1,639","1,609","5.02M","-0.55%"
"08/08/2017","1,631","1,632","1,658","1,631","9.88M","-1.03%"
"08/07/2017","1,648","1,646","1,666","1,634","13.46M","-0.96%"
"08/04/2017","1,664","1,663","1,672","1,652","10.38M","0.18%"
"08/03/2017","1,661","1,644","1,662","1,629","15.15M","1.03%"
"08/02/2017","1,644","1,605","1,650","1,595","17.08M","2.43%"
"08/01/2017","1,605","1,570","1,605","1,568","7.54M","1.84%"
"07/31/2017","1,576","1,533","1,576","1,525","13.03M","1.94%"
"07/28/2017","1,546","1,538","1,555","1,533","6.73M","0.06%"
"07/27/2017","1,545","1,549","1,563","1,538","6.04M","-0.39%"
"07/26/2017","1,551","1,524","1,555","1,519","6.14M","1.64%"
"07/25/2017","1,526","1,520","1,547","1,501","4.80M","0.39%"
"07/24/2017","1,520","1,540","1,551","1,520","7.26M","-1.94%"
"07/21/2017","1,550","1,556","1,575","1,546","6.44M","-1.15%"
"07/20/2017","1,568","1,550","1,570","1,543","4.91M","1.16%"
"07/19/2017","1,550","1,519","1,554","1,519","7.93M","2.65%"
"07/18/2017","1,510","1,544","1,552","1,510","6.72M","-2.20%"
"07/17/2017","1,544","1,528","1,544","1,521","8.91M","0.98%"
"07/14/2017","1,529","1,538","1,544","1,525","8.26M","-0.46%"
"07/13/2017","1,536","1,524","1,540","1,524","14.68M","0.79%"
"07/12/2017","1,524","1,508","1,531","1,508","8.36M","0.13%"
"07/11/2017","1,522","1,526","1,543","1,520","12.68M","-0.26%"
"07/10/2017","1,526","1,531","1,531","1,505","5.12M","0.46%"
"07/07/2017","1,519","1,531","1,535","1,504","11.49M","-0.91%"
"07/06/2017","1,533","1,535","1,547","1,530","11.21M","-0.13%"
"07/05/2017","1,535","1,541","1,552","1,531","6.29M","-0.84%"
"07/04/2017","1,548","1,533","1,553","1,526","4.68M","1.04%"
"07/03/2017","1,532","1,506","1,534","1,506","10.77M","1.39%"
"06/30/2017","1,511","1,512","1,545","1,511","9.27M","-0.92%"
"06/29/2017","1,525","1,529","1,552","1,519","4.38M","-0.20%"
"06/28/2017","1,528","1,508","1,532","1,504","5.31M","1.80%"
"06/27/2017","1,501","1,501","1,507","1,489","4.83M","-0.07%"
"06/26/2017","1,502","1,515","1,515","1,502","5.31M","-0.86%"
"06/23/2017","1,515","1,478","1,515","1,473","9.56M","2.30%"
"06/22/2017","1,481","1,503","1,503","1,472","6.39M","-1.53%"
"06/21/2017","1,504","1,522","1,522","1,502","7.02M","-1.38%"
"06/20/2017","1,525","1,533","1,537","1,522","6.44M","-0.52%"
"06/19/2017","1,533","1,532","1,544","1,515","12.57M","0.79%"
"06/15/2017","1,521","1,532","1,532","1,500","51.20M","-0.98%"
"06/14/2017","1,536","1,510","1,538","1,505","20.78M","2.33%"
"06/13/2017","1,501","1,496","1,501","1,484","13.59M","0.81%"
"06/12/2017","1,489","1,483","1,490","1,475","5.30M","-0.33%"
"06/09/2017","1,494","1,489","1,501","1,477","9.34M","-1.39%"
"06/08/2017","1,515","1,524","1,530","1,504","7.59M","-0.46%"
"06/07/2017","1,522","1,505","1,524","1,502","12.34M","0.93%"
"06/06/2017","1,508","1,526","1,526","1,494","16.27M","-1.44%"
"06/05/2017","1,530","1,501","1,542","1,495","31.67M","1.93%"
"06/02/2017","1,501","1,470","1,504","1,465","12.13M","2.53%"
"06/01/2017","1,464","1,478","1,480","1,457","7.69M","-1.08%"
"05/31/2017","1,480","1,492","1,501","1,479","11.02M","-1.14%"
"05/30/2017","1,497","1,496","1,506","1,493","4.73M","0.13%"
"05/29/2017","1,495","1,505","1,505","1,484","2.26M","-0.13%"
"05/26/2017","1,497","1,495","1,501","1,493","3.89M","-0.27%"
"05/25/2017","1,501","1,529","1,529","1,496","10.52M","-0.60%"
"05/24/2017","1,510","1,506","1,530","1,497","10.10M","0.27%"
"05/23/2017","1,506","1,510","1,518","1,499","15.25M","-0.20%"
"05/22/2017","1,509","1,523","1,523","1,504","6.15M","-0.98%"
"05/19/2017","1,524","1,545","1,545","1,517","8.43M","-1.23%"
"05/18/2017","1,543","1,538","1,567","1,538","8.36M","0.06%"
"05/17/2017","1,542","1,531","1,554","1,531","5.24M","0.06%"
"05/16/2017","1,541","1,537","1,550","1,532","2.66M","0.26%"
"05/15/2017","1,537","1,547","1,552","1,532","2.58M","-0.71%"
"05/12/2017","1,548","1,554","1,560","1,545","3.68M","0.13%"
"05/11/2017","1,546","1,559","1,563","1,532","7.30M","-0.83%"
"05/10/2017","1,559","1,560","1,576","1,555","6.11M","-0.32%"
"05/09/2017","1,564","1,556","1,569","1,554","8.17M","0.51%"
"05/08/2017","1,556","1,539","1,561","1,539","5.06M","1.30%"
"05/05/2017","1,536","1,528","1,546","1,528","13.59M","0.52%"
"05/04/2017","1,528","1,550","1,554","1,525","9.37M","-0.33%"
"05/03/2017","1,533","1,538","1,557","1,532","5.60M","-0.52%"
"05/02/2017","1,541","1,539","1,554","1,515","10.04M","-0.96%"
"04/28/2017","1,556","1,547","1,565","1,543","3.87M","-0.51%"
"04/26/2017","1,564","1,534","1,568","1,530","5.55M","1.56%"
"04/25/2017","1,540","1,539","1,552","1,533","4.72M","-0.26%"
"04/24/2017","1,544","1,489","1,552","1,483","11.87M","3.69%"
"04/21/2017","1,489","1,496","1,506","1,489","17.19M","-0.33%"
"04/20/2017","1,494","1,519","1,519","1,486","14.27M","-1.97%"
"04/19/2017","1,524","1,509","1,532","1,507","12.66M","1.80%"
"04/18/2017","1,497","1,517","1,530","1,489","9.30M","-1.77%"
"04/13/2017","1,524","1,528","1,528","1,493","10.06M","0.20%"
"04/12/2017","1,521","1,535","1,546","1,518","10.47M","-0.26%"
"04/11/2017","1,525","1,516","1,529","1,513","6.97M","0.99%"
"04/10/2017","1,510","1,506","1,519","1,501","5.95M","-0.20%"
"04/07/2017","1,513","1,519","1,519","1,490","7.89M","0.40%"
"04/06/2017","1,507","1,501","1,507","1,466","20.76M","0.33%"
"04/05/2017","1,502","1,543","1,550","1,502","17.99M","-2.66%"
"04/04/2017","1,543","1,528","1,556","1,526","9.81M","-0.26%"
"04/03/2017","1,547","1,556","1,574","1,545","34.79M","-0.51%"
"03/31/2017","1,555","1,594","1,642","1,521","47.01M","-2.45%"
"03/30/2017","1,594","1,607","1,616","1,594","14.40M","-0.25%"
"03/29/2017","1,598","1,607","1,616","1,590","21.18M","-1.11%"
"03/28/2017","1,616","1,622","1,648","1,602","17.06M","0.31%"
"03/27/2017","1,611","1,602","1,616","1,580","12.61M","0.56%"
"03/24/2017","1,602","1,599","1,621","1,593","2.97M","-0.74%"
"03/23/2017","1,614","1,607","1,617","1,596","4.26M","0.50%"
"03/22/2017","1,606","1,627","1,632","1,601","6.02M","-1.35%"
"03/20/2017","1,628","1,621","1,634","1,611","3.42M","0.74%"
"03/17/2017","1,616","1,640","1,659","1,616","14.57M","-1.16%"
"03/16/2017","1,635","1,639","1,667","1,628","36.07M","-0.24%"
"03/15/2017","1,639","1,674","1,677","1,635","9.97M","-1.44%"
"03/14/2017","1,663","1,680","1,704","1,657","7.57M","-1.01%"
"03/13/2017","1,680","1,670","1,680","1,645","5.94M","0.54%"
"03/10/2017","1,671","1,664","1,693","1,662","9.07M","-0.54%"
"03/09/2017","1,680","1,672","1,708","1,621","10.91M","0.48%"
"03/08/2017","1,672","1,649","1,682","1,645","5.85M","1.39%"
"03/07/2017","1,649","1,630","1,665","1,630","3.84M","0.06%"
"03/06/2017","1,648","1,667","1,671","1,647","3.99M","-0.84%"
"03/03/2017","1,662","1,640","1,676","1,624","5.98M","1.28%"
"03/02/2017","1,641","1,621","1,642","1,615","4.56M","0.80%"
"03/01/2017","1,628","1,623","1,637","1,594","5.77M","0.37%"
"02/28/2017","1,622","1,622","1,636","1,610","5.33M","0.12%"
"02/27/2017","1,620","1,626","1,647","1,617","3.81M","-0.67%"
"02/24/2017","1,631","1,617","1,653","1,617","4.00M","-0.12%"
"02/23/2017","1,633","1,616","1,641","1,609","5.66M","0.74%"
"02/22/2017","1,621","1,646","1,651","1,615","5.12M","-1.16%"
"02/21/2017","1,640","1,632","1,647","1,617","4.33M","0.49%"
"02/20/2017","1,632","1,626","1,640","1,620","3.09M","1.24%"
"02/17/2017","1,612","1,630","1,637","1,612","4.97M","-1.29%"
"02/16/2017","1,633","1,614","1,634","1,603","3.30M","1.05%"
"02/15/2017","1,616","1,635","1,635","1,610","5.38M","-0.49%"
"02/14/2017","1,624","1,637","1,650","1,624","5.50M","-0.85%"
"02/13/2017","1,638","1,627","1,651","1,627","4.88M","0.80%"
"02/10/2017","1,625","1,612","1,632","1,607","7.47M","1.56%"
"02/09/2017","1,600","1,598","1,606","1,593","8.67M","0.44%"
"02/08/2017","1,593","1,606","1,611","1,580","7.13M","-0.50%"
"02/07/2017","1,601","1,593","1,604","1,580","5.44M","0.57%"
"02/06/2017","1,592","1,605","1,611","1,587","2.94M","-0.69%"
"02/03/2017","1,603","1,601","1,616","1,596","5.05M","0.12%"
"02/02/2017","1,601","1,616","1,628","1,598","4.69M","-1.78%"
"02/01/2017","1,630","1,632","1,651","1,624","3.75M","-0.12%"
"01/31/2017","1,632","1,610","1,650","1,608","5.98M","0.99%"
"01/30/2017","1,616","1,657","1,657","1,612","4.56M","-2.47%"
"01/27/2017","1,657","1,663","1,677","1,634","7.49M","0.00%"
"01/26/2017","1,657","1,640","1,661","1,635","9.75M","1.04%"
"01/25/2017","1,640","1,629","1,659","1,629","9.26M","0.68%"
"01/24/2017","1,629","1,620","1,637","1,607","8.98M","0.49%"
"01/23/2017","1,621","1,616","1,628","1,607","7.99M","0.00%"
"01/20/2017","1,621","1,598","1,628","1,598","7.60M","0.43%"
"01/19/2017","1,614","1,616","1,628","1,606","5.32M","-0.19%"
"01/18/2017","1,617","1,644","1,644","1,610","7.53M","-1.28%"
"01/17/2017","1,638","1,606","1,640","1,586","13.12M","1.93%"
"01/16/2017","1,607","1,619","1,624","1,603","11.97M","-0.92%"
"01/13/2017","1,622","1,616","1,634","1,614","2.87M","0.00%"
"01/12/2017","1,622","1,640","1,642","1,619","5.57M","-1.10%"
"01/11/2017","1,640","1,595","1,647","1,595","6.69M","2.50%"
"01/10/2017","1,600","1,596","1,608","1,573","3.46M","0.25%"
"01/09/2017","1,596","1,616","1,629","1,586","4.17M","-0.99%"
"01/06/2017","1,612","1,601","1,616","1,598","3.55M","1.07%"
"01/05/2017","1,595","1,612","1,628","1,586","7.34M","-0.93%"
"01/04/2017","1,610","1,605","1,615","1,593","3.81M","0.31%"
"01/03/2017","1,605","1,605","1,616","1,598","4.93M","0.88%"
"12/30/2016","1,591","1,589","1,595","1,575","1.11M","0.76%"
"12/29/2016","1,579","1,568","1,581","1,562","2.17M","0.64%"
"12/28/2016","1,569","1,579","1,601","1,565","4.54M","-0.06%"
"12/23/2016","1,570","1,592","1,592","1,567","2.73M","-1.38%"
"12/22/2016","1,592","1,589","1,611","1,577","2.92M","0.00%"
"12/21/2016","1,592","1,583","1,601","1,568","4.49M","0.13%"
"12/20/2016","1,590","1,570","1,598","1,570","4.37M","0.25%"
"12/19/2016","1,586","1,589","1,608","1,579","7.50M","3.93%"
"12/15/2016","1,526","1,547","1,567","1,520","32.79M","-1.36%"
"12/14/2016","1,547","1,561","1,564","1,534","10.89M","0.06%"
"12/13/2016","1,546","1,538","1,559","1,524","9.40M","0.19%"
"12/12/2016","1,543","1,578","1,593","1,537","7.40M","-2.16%"
"12/09/2016","1,577","1,564","1,584","1,555","3.27M","1.09%"
"12/08/2016","1,560","1,547","1,566","1,533","6.45M","1.76%"
"12/07/2016","1,533","1,495","1,533","1,492","6.86M","2.75%"
"12/06/2016","1,492","1,517","1,517","1,490","4.25M","-1.52%"
"12/05/2016","1,515","1,489","1,527","1,485","3.93M","0.73%"
"12/02/2016","1,504","1,513","1,517","1,493","8.73M","-0.59%"
"12/01/2016","1,513","1,524","1,544","1,503","10.11M","-1.05%"
"11/30/2016","1,529","1,545","1,545","1,511","8.07M","0.92%"
"11/29/2016","1,515","1,508","1,524","1,494","7.71M","0.46%"
"11/28/2016","1,508","1,558","1,558","1,507","9.79M","-3.08%"
"11/25/2016","1,556","1,553","1,561","1,539","3.08M","0.19%"
"11/24/2016","1,553","1,568","1,568","1,544","5.68M","-0.19%"
"11/23/2016","1,556","1,563","1,572","1,549","7.73M","0.00%"
"11/22/2016","1,556","1,564","1,566","1,539","13.13M","1.50%"
"11/21/2016","1,533","1,559","1,570","1,529","8.39M","-1.67%"
"11/18/2016","1,559","1,555","1,578","1,550","12.29M","0.45%"
"11/17/2016","1,552","1,547","1,562","1,534","23.26M","0.84%"
"11/16/2016","1,539","1,523","1,555","1,523","9.24M","1.25%"
"11/15/2016","1,520","1,527","1,550","1,518","10.02M","-0.46%"
"11/14/2016","1,527","1,533","1,562","1,525","9.43M","-0.97%"
"11/11/2016","1,542","1,552","1,570","1,534","16.28M","-0.71%"
"11/10/2016","1,553","1,547","1,582","1,540","22.19M","0.91%"
"11/09/2016","1,539","1,441","1,539","1,441","10.84M","2.60%"
"11/08/2016","1,500","1,492","1,501","1,478","12.99M","1.08%"
"11/07/2016","1,484","1,490","1,501","1,472","8.29M","0.47%"
"11/04/2016","1,477","1,495","1,501","1,473","15.15M","-1.93%"
"11/03/2016","1,506","1,508","1,524","1,489","20.06M","-0.07%"
"11/02/2016","1,507","1,522","1,522","1,501","10.48M","-1.82%"
"11/01/2016","1,535","1,527","1,553","1,527","9.86M","0.52%"
"10/31/2016","1,527","1,547","1,550","1,519","11.52M","-0.97%"
"10/28/2016","1,542","1,552","1,556","1,536","5.62M","-1.34%"
"10/27/2016","1,563","1,566","1,575","1,555","6.32M","-0.26%"
"10/26/2016","1,567","1,555","1,567","1,543","4.30M","0.51%"
"10/25/2016","1,559","1,562","1,572","1,555","4.97M","-0.51%"
"10/24/2016","1,567","1,580","1,588","1,564","10.90M","-0.19%"
"10/21/2016","1,570","1,562","1,577","1,562","7.15M","0.51%"
"10/20/2016","1,562","1,570","1,573","1,551","7.88M","-0.76%"
"10/19/2016","1,574","1,556","1,574","1,540","7.81M","1.29%"
"10/18/2016","1,554","1,552","1,567","1,538","10.44M","0.65%"
"10/17/2016","1,544","1,537","1,549","1,533","4.10M","-0.26%"
"10/14/2016","1,548","1,544","1,568","1,538","15.08M","0.72%"
"10/13/2016","1,537","1,570","1,570","1,528","15.02M","-2.35%"
"10/12/2016","1,574","1,601","1,601","1,561","12.62M","-1.69%"
"10/11/2016","1,601","1,645","1,670","1,596","13.63M","-3.50%"
"10/10/2016","1,659","1,640","1,659","1,635","5.54M","0.79%"
"10/07/2016","1,646","1,648","1,657","1,631","6.99M","-1.02%"
"10/06/2016","1,663","1,677","1,680","1,655","9.09M","-0.06%"
"10/05/2016","1,664","1,670","1,680","1,654","4.45M","-0.36%"
"10/04/2016","1,670","1,663","1,679","1,646","5.24M","1.52%"
"10/03/2016","1,645","1,668","1,668","1,637","5.20M","-1.14%"
"09/30/2016","1,664","1,667","1,670","1,648","9.88M","-0.72%"
"09/29/2016","1,676","1,650","1,688","1,650","16.35M","2.07%"
"09/28/2016","1,642","1,604","1,644","1,597","8.00M","3.08%"
"09/27/2016","1,593","1,620","1,627","1,589","7.93M","-1.30%"
"09/26/2016","1,614","1,649","1,649","1,603","5.61M","-2.12%"
"09/23/2016","1,649","1,657","1,657","1,627","5.80M","0.00%"
"09/22/2016","1,649","1,610","1,651","1,598","9.43M","2.42%"
"09/21/2016","1,610","1,600","1,612","1,582","7.01M","-0.25%"
"09/20/2016","1,614","1,627","1,633","1,614","9.55M","-1.10%"
"09/19/2016","1,632","1,639","1,642","1,625","7.83M","-0.06%"
"09/16/2016","1,633","1,637","1,649","1,633","10.90M","-0.55%"
"09/15/2016","1,642","1,666","1,668","1,634","38.23M","-1.44%"
"09/14/2016","1,666","1,718","1,718","1,661","10.80M","-1.59%"
"09/13/2016","1,693","1,702","1,711","1,679","10.61M","0.00%"
"09/12/2016","1,693","1,704","1,707","1,675","11.51M","-1.74%"
"09/09/2016","1,723","1,719","1,734","1,706","12.16M","1.23%"
"09/08/2016","1,702","1,712","1,721","1,682","13.34M","-0.87%"
"09/07/2016","1,717","1,747","1,747","1,717","8.15M","-0.87%"
"09/06/2016","1,732","1,753","1,753","1,727","6.82M","-1.37%"
"09/05/2016","1,756","1,766","1,776","1,749","9.64M","-0.57%"
"09/02/2016","1,766","1,724","1,766","1,722","10.07M","3.21%"
"09/01/2016","1,711","1,716","1,744","1,704","14.10M","-0.29%"
"08/31/2016","1,716","1,709","1,734","1,706","13.09M","0.06%"
"08/30/2016","1,715","1,700","1,717","1,693","12.79M","1.42%"
"08/29/2016","1,691","1,694","1,711","1,687","5.06M","-0.18%"
"08/26/2016","1,694","1,699","1,716","1,687","6.50M","-0.06%"
"08/25/2016","1,695","1,688","1,703","1,688","10.58M","0.65%"
"08/24/2016","1,684","1,709","1,720","1,664","25.87M","0.48%"
"08/23/2016","1,676","1,677","1,686","1,666","13.74M","-0.06%"
"08/22/2016","1,677","1,676","1,698","1,668","8.45M","0.06%"
"08/19/2016","1,676","1,693","1,707","1,671","11.34M","-1.00%"
"08/18/2016","1,693","1,686","1,703","1,674","16.07M","0.36%"
"08/17/2016","1,687","1,709","1,724","1,681","15.73M","-1.00%"
"08/16/2016","1,704","1,709","1,734","1,692","25.73M","-0.87%"
"08/15/2016","1,719","1,753","1,753","1,715","9.46M","-0.92%"
"08/12/2016","1,735","1,723","1,765","1,723","10.54M","0.99%"
"08/11/2016","1,718","1,787","1,788","1,689","31.70M","-4.29%"
"08/10/2016","1,795","1,783","1,814","1,783","7.88M","-0.33%"
"08/08/2016","1,801","1,801","1,816","1,797","7.10M","0.39%"
"08/05/2016","1,794","1,783","1,803","1,779","7.68M","0.62%"
"08/04/2016","1,783","1,785","1,801","1,770","9.06M","-0.22%"
"08/02/2016","1,787","1,801","1,805","1,775","8.99M","-1.00%"
"08/01/2016","1,805","1,795","1,827","1,788","18.30M","1.12%"
"07/29/2016","1,785","1,790","1,795","1,773","9.54M","0.11%"
"07/28/2016","1,783","1,803","1,814","1,768","6.94M","-1.33%"
"07/27/2016","1,807","1,801","1,820","1,796","5.19M","0.33%"
"07/26/2016","1,801","1,801","1,813","1,779","8.11M","0.00%"
"07/25/2016","1,801","1,773","1,808","1,766","8.96M","1.58%"
"07/22/2016","1,773","1,762","1,785","1,752","9.19M","0.00%"
"07/21/2016","1,773","1,775","1,786","1,767","5.64M","0.11%"
"07/20/2016","1,771","1,786","1,786","1,760","7.21M","0.23%"
"07/19/2016","1,767","1,789","1,789","1,752","5.89M","-1.23%"
"07/18/2016","1,789","1,790","1,800","1,774","2.52M","-0.06%"
"07/15/2016","1,790","1,794","1,811","1,777","6.65M","-0.06%"
"07/14/2016","1,791","1,778","1,796","1,749","8.86M","-0.39%"
"07/13/2016","1,798","1,790","1,815","1,784","7.62M","1.01%"
"07/12/2016","1,780","1,740","1,796","1,732","8.72M","2.06%"
"07/11/2016","1,744","1,718","1,751","1,718","8.48M","2.05%"
"07/08/2016","1,709","1,699","1,726","1,691","7.94M","-0.52%"
"07/07/2016","1,718","1,700","1,732","1,688","7.70M","2.57%"
"07/06/2016","1,675","1,700","1,734","1,672","14.12M","-2.62%"
"07/05/2016","1,720","1,761","1,774","1,720","11.16M","-2.60%"
"07/04/2016","1,766","1,803","1,813","1,762","14.71M","-2.05%"
"07/01/2016","1,803","1,812","1,840","1,757","19.18M","1.52%"
"06/30/2016","1,776","1,755","1,795","1,755","14.77M","1.66%"
"06/29/2016","1,747","1,776","1,779","1,747","18.27M","0.46%"
"06/28/2016","1,739","1,718","1,767","1,713","14.66M","3.45%"
"06/27/2016","1,681","1,769","1,769","1,672","36.87M","-5.19%"
"06/24/2016","1,773","1,720","1,814","1,694","31.58M","-7.56%"
"06/23/2016","1,918","1,939","1,957","1,900","21.16M","-1.34%"
"06/22/2016","1,944","1,886","1,944","1,880","8.74M","4.29%"
"06/21/2016","1,864","1,841","1,869","1,840","5.46M","0.98%"
"06/20/2016","1,846","1,802","1,863","1,802","12.13M","3.94%"
"06/17/2016","1,776","1,732","1,776","1,723","7.89M","1.89%"
"06/15/2016","1,743","1,743","1,753","1,711","27.85M","0.69%"
"06/14/2016","1,731","1,755","1,759","1,725","16.05M","-2.26%"
"06/13/2016","1,771","1,801","1,801","1,763","12.81M","-1.94%"
"06/10/2016","1,806","1,861","1,861","1,804","20.08M","-2.27%"
"06/09/2016","1,848","1,857","1,859","1,838","7.74M","-0.48%"
"06/08/2016","1,857","1,850","1,871","1,834","8.15M","-0.16%"
"06/07/2016","1,860","1,857","1,878","1,854","4.60M","0.16%"
"06/06/2016","1,857","1,834","1,861","1,803","9.84M","1.09%"
"06/03/2016","1,837","1,848","1,864","1,818","8.34M","-0.60%"
"06/02/2016","1,848","1,865","1,868","1,836","6.67M","-0.43%"
"06/01/2016","1,856","1,873","1,874","1,840","8.70M","-0.91%"
"05/31/2016","1,873","1,884","1,902","1,873","6.19M","-0.37%"
"05/30/2016","1,880","1,881","1,888","1,866","2.74M","-0.05%"
"05/27/2016","1,881","1,868","1,884","1,859","6.03M","0.86%"
"05/26/2016","1,865","1,898","1,905","1,865","10.88M","-2.10%"
"05/25/2016","1,905","1,862","1,910","1,862","13.10M","2.64%"
"05/24/2016","1,856","1,769","1,861","1,762","12.77M","5.45%"
"05/23/2016","1,760","1,787","1,787","1,751","4.35M","-1.29%"
"05/20/2016","1,783","1,768","1,785","1,764","5.12M","1.71%"
"05/19/2016","1,753","1,760","1,785","1,753","5.17M","-1.35%"
"05/18/2016","1,777","1,731","1,787","1,731","10.89M","2.30%"
"05/17/2016","1,737","1,737","1,763","1,725","9.81M","0.35%"
"05/16/2016","1,731","1,709","1,736","1,704","10.20M","1.58%"
"05/13/2016","1,704","1,693","1,708","1,663","9.99M","-0.29%"
"05/12/2016","1,709","1,728","1,737","1,696","9.99M","-1.21%"
"05/11/2016","1,730","1,753","1,753","1,726","6.34M","-0.69%"
"05/10/2016","1,742","1,758","1,772","1,737","14.02M","0.29%"
"05/09/2016","1,737","1,742","1,765","1,731","8.05M","0.58%"
"05/06/2016","1,727","1,746","1,746","1,720","7.47M","-1.03%"
"05/05/2016","1,745","1,746","1,785","1,730","10.81M","-0.06%"
"05/04/2016","1,746","1,741","1,761","1,727","10.55M","-0.34%"
"05/03/2016","1,752","1,794","1,807","1,748","11.67M","-2.34%"
"04/29/2016","1,794","1,804","1,807","1,789","16.81M","-0.94%"
"04/28/2016","1,811","1,832","1,832","1,787","20.95M","-2.11%"
"04/26/2016","1,850","1,851","1,861","1,845","8.65M","-0.05%"
"04/25/2016","1,851","1,843","1,862","1,840","5.13M","0.16%"
"04/22/2016","1,848","1,877","1,886","1,845","6.47M","-1.55%"
"04/21/2016","1,877","1,876","1,893","1,870","10.78M","0.43%"
"04/20/2016","1,869","1,861","1,871","1,839","7.01M","0.11%"
"04/19/2016","1,867","1,859","1,882","1,851","4.56M","0.43%"
"04/18/2016","1,859","1,832","1,862","1,816","6.46M","0.43%"
"04/15/2016","1,851","1,856","1,858","1,838","3.51M","-0.43%"
"04/14/2016","1,859","1,864","1,893","1,849","6.82M","-0.27%"
"04/13/2016","1,864","1,847","1,892","1,842","9.39M","2.59%"
"04/12/2016","1,817","1,804","1,831","1,798","15.15M","0.83%"
"04/11/2016","1,802","1,809","1,824","1,789","13.19M","0.22%"
"04/08/2016","1,798","1,815","1,826","1,798","7.95M","-0.28%"
"04/07/2016","1,803","1,846","1,846","1,800","8.87M","-1.15%"
"04/06/2016","1,824","1,847","1,852","1,821","7.24M","-0.82%"
"04/05/2016","1,839","1,859","1,870","1,828","10.72M","-1.66%"
"04/04/2016","1,870","1,862","1,885","1,851","7.31M","0.32%"
"04/01/2016","1,864","1,893","1,893","1,852","12.72M","-1.53%"
"03/31/2016","1,893","1,899","1,915","1,855","12.91M","-0.47%"
"03/30/2016","1,902","1,889","1,916","1,888","11.35M","1.33%"
"03/29/2016","1,877","1,917","1,944","1,875","8.26M","-1.47%"
"03/24/2016","1,905","1,916","1,916","1,874","9.42M","-2.26%"
"03/23/2016","1,949","1,980","1,980","1,942","13.23M","-1.62%"
"03/22/2016","1,981","1,981","1,998","1,922","10.38M","-1.15%"
"03/18/2016","2,004","2,016","2,042","2,001","14.81M","-1.28%"
"03/17/2016","2,030","2,027","2,060","1,982","40.79M","0.59%"
"03/16/2016","2,018","1,986","2,019","1,966","9.55M","1.61%"
"03/15/2016","1,986","1,931","1,994","1,907","24.75M","2.16%"
"03/14/2016","1,944","1,836","1,944","1,836","22.03M","5.25%"
"03/11/2016","1,847","1,940","1,986","1,767","53.44M","-3.15%"
"03/10/2016","1,907","1,948","1,948","1,897","12.63M","-1.85%"
"03/09/2016","1,943","1,949","1,970","1,917","17.24M","0.83%"
"03/08/2016","1,927","1,940","1,984","1,911","19.33M","0.26%"
"03/07/2016","1,922","1,917","2,034","1,917","40.21M","6.25%"
"03/04/2016","1,809","1,806","1,834","1,806","6.30M","0.28%"
"03/03/2016","1,804","1,780","1,834","1,779","6.53M","0.50%"
"03/02/2016","1,795","1,769","1,826","1,769","10.87M","1.58%"
"03/01/2016","1,767","1,723","1,778","1,720","6.16M","2.73%"
"02/29/2016","1,720","1,733","1,737","1,697","6.88M","-0.75%"
"02/26/2016","1,733","1,708","1,738","1,702","8.81M","3.15%"
"02/25/2016","1,680","1,675","1,707","1,655","5.13M","0.90%"
"02/24/2016","1,665","1,715","1,715","1,652","9.88M","-3.20%"
"02/23/2016","1,720","1,723","1,761","1,712","10.79M","-1.71%"
"02/22/2016","1,750","1,755","1,768","1,721","9.55M","1.04%"
"02/19/2016","1,732","1,796","1,800","1,729","8.77M","-3.56%"
"02/18/2016","1,796","1,786","1,810","1,774","14.34M","0.56%"
"02/17/2016","1,786","1,730","1,787","1,709","10.58M","3.30%"
"02/16/2016","1,729","1,760","1,785","1,721","6.45M","-1.82%"
"02/15/2016","1,761","1,695","1,784","1,695","8.74M","5.07%"
"02/12/2016","1,676","1,639","1,694","1,624","6.98M","2.95%"
"02/11/2016","1,628","1,667","1,684","1,598","17.62M","-3.33%"
"02/10/2016","1,684","1,663","1,728","1,650","8.47M","0.78%"
"02/09/2016","1,671","1,665","1,718","1,654","14.63M","-1.88%"
"02/08/2016","1,703","1,746","1,748","1,674","10.14M","-2.46%"
"02/05/2016","1,746","1,709","1,755","1,702","8.99M","1.22%"
"02/04/2016","1,725","1,688","1,747","1,680","13.03M","2.19%"
"02/03/2016","1,688","1,690","1,713","1,664","13.45M","-1.23%"
"02/02/2016","1,709","1,750","1,776","1,695","10.14M","-3.12%"
"02/01/2016","1,764","1,792","1,813","1,745","14.13M","-0.68%"
"01/29/2016","1,776","1,778","1,785","1,745","10.34M","1.37%"
"01/28/2016","1,752","1,729","1,770","1,709","7.60M","2.52%"
"01/27/2016","1,709","1,708","1,729","1,686","7.46M","0.89%"
"01/26/2016","1,694","1,674","1,703","1,635","9.58M","0.47%"
"01/25/2016","1,686","1,718","1,742","1,677","10.50M","-1.98%"
"01/22/2016","1,720","1,708","1,733","1,686","9.05M","3.93%"
"01/21/2016","1,655","1,670","1,689","1,628","11.94M","-0.90%"
"01/20/2016","1,670","1,709","1,725","1,647","10.68M","-4.57%"
"01/19/2016","1,750","1,711","1,771","1,709","10.88M","3.37%"
"01/18/2016","1,693","1,684","1,732","1,679","8.30M","0.53%"
"01/15/2016","1,684","1,730","1,755","1,666","9.28M","-2.60%"
"01/14/2016","1,729","1,764","1,764","1,718","9.51M","-3.03%"
"01/13/2016","1,783","1,771","1,810","1,750","8.98M","0.68%"
"01/12/2016","1,771","1,739","1,796","1,718","13.24M","0.40%"
"01/11/2016","1,764","1,707","1,783","1,666","11.04M","2.20%"
"01/08/2016","1,726","1,709","1,751","1,709","7.93M","1.17%"
"01/07/2016","1,706","1,730","1,730","1,649","10.22M","-2.01%"
"01/06/2016","1,741","1,785","1,792","1,738","9.17M","-2.46%"
"01/05/2016","1,785","1,797","1,841","1,743","5.55M","-0.06%"
"01/04/2016","1,786","1,864","1,889","1,783","6.35M","-6.69%"