"Date","Price","Open","High","Low","Vol.","Change %"
"2026/04/07","9,520","9,400","9,565","9,335","232.83K","1.28%"
"2026/04/02","9,400","9,550","9,550","9,320","125.49K","-1.57%"
"2026/04/01","9,550","9,779","9,806","9,525","974.05K","0.00%"
"2026/03/31","9,550","9,650","9,650","9,299","672.31K","1.75%"
"2026/03/30","9,386","9,450","9,638","9,353","761.30K","-0.32%"
"2026/03/27","9,416","9,471","9,471","9,285","440.09K","-0.04%"
"2026/03/26","9,420","9,390","9,490","9,251","426.22K","0.35%"
"2026/03/25","9,387","8,807","9,390","8,807","360.01K","2.47%"
"2026/03/24","9,161","8,850","9,161","8,850","820.03K","1.28%"
"2026/03/23","9,045","9,000","9,065","8,697","364.97K","0.37%"
"2026/03/20","9,012","9,180","9,180","9,002","1.18M","0.00%"
"2026/03/19","9,012","9,180","9,180","8,890","358.00K","-0.20%"
"2026/03/18","9,030","8,982","9,173","8,981","457.22K","0.53%"
"2026/03/17","8,982","8,900","8,990","8,898","413.34K","0.58%"
"2026/03/16","8,930","8,900","8,981","8,828","798.43K","1.11%"
"2026/03/13","8,832","8,800","8,855","8,733","176.81K","0.84%"
"2026/03/12","8,758","8,988","8,988","8,711","130.13K","0.02%"
"2026/03/11","8,756","8,987","8,987","8,627","178.49K","-0.74%"
"2026/03/10","8,821","8,663","8,861","8,651","206.76K","1.82%"
"2026/03/09","8,663","8,800","8,800","8,575","113.10K","-1.14%"
"2026/03/06","8,763","8,883","8,931","8,661","286.35K","-0.85%"
"2026/03/05","8,838","9,000","9,000","8,665","228.19K","1.86%"
"2026/03/04","8,677","8,560","8,717","8,560","147.68K","-0.07%"
"2026/03/03","8,683","8,956","8,956","8,650","251.75K","-2.98%"
"2026/03/02","8,950","8,900","8,989","8,879","410.81K","0.00%"
"2026/02/27","8,950","8,995","8,995","8,878","337.51K","0.40%"
"2026/02/26","8,914","8,896","8,980","8,871","424.62K","0.20%"
"2026/02/25","8,896","8,941","8,990","8,862","163.61K","-0.80%"
"2026/02/24","8,968","8,986","9,074","8,799","341.80K","1.96%"
"2026/02/23","8,796","8,904","8,905","8,770","595.11K","0.13%"
"2026/02/20","8,785","8,904","8,904","8,760","317.39K","0.31%"
"2026/02/19","8,758","8,750","8,859","8,658","300.57K","-0.34%"
"2026/02/18","8,788","8,781","8,807","8,737","268.10K","0.21%"
"2026/02/17","8,770","8,733","8,816","8,711","465.97K","-0.07%"
"2026/02/16","8,776","8,688","8,845","8,667","322.03K","1.62%"
"2026/02/13","8,636","8,559","8,692","8,559","679.24K","0.42%"
"2026/02/12","8,600","8,617","8,749","8,322","911.72K","-0.49%"
"2026/02/11","8,642","8,651","8,666","8,622","273.98K","0.03%"
"2026/02/10","8,639","8,659","8,710","8,535","270.56K","-0.05%"
"2026/02/09","8,643","8,650","8,744","8,576","157.07K","0.27%"
"2026/02/06","8,620","8,630","8,688","8,609","342.91K","-0.32%"
"2026/02/05","8,648","8,622","8,684","8,574","265.96K","-0.17%"
"2026/02/04","8,663","8,551","8,785","8,528","572.06K","0.78%"
"2026/02/03","8,596","8,627","8,644","8,547","398.84K","0.59%"
"2026/02/02","8,546","8,418","8,593","8,261","165.69K","1.10%"
"2026/01/30","8,453","8,516","8,627","8,453","229.78K","-1.39%"
"2026/01/29","8,572","8,500","8,640","8,500","117.19K","0.36%"
"2026/01/28","8,541","8,620","8,620","8,524","137.67K","-0.59%"
"2026/01/27","8,592","8,595","8,610","8,528","182.08K","0.35%"
"2026/01/26","8,562","8,543","8,671","8,542","253.93K","0.34%"
"2026/01/23","8,533","8,599","8,599","8,507","242.02K","-1.01%"
"2026/01/22","8,620","8,507","8,681","8,493","420.30K","1.53%"
"2026/01/21","8,490","8,468","8,512","8,383","210.57K","1.04%"
"2026/01/20","8,403","8,429","8,491","8,266","153.40K","0.23%"
"2026/01/19","8,384","8,476","8,476","8,353","112.85K","-1.09%"
"2026/01/16","8,476","8,425","8,563","8,411","393.20K","0.90%"
"2026/01/15","8,400","8,400","8,550","8,348","585.75K","0.17%"
"2026/01/14","8,386","8,320","8,400","8,313","234.12K","1.04%"
"2026/01/13","8,300","8,161","8,300","8,091","254.27K","1.13%"
"2026/01/12","8,207","8,061","8,250","8,061","190.89K","1.75%"
"2026/01/09","8,066","8,026","8,124","7,976","145.45K","0.95%"
"2026/01/08","7,990","8,028","8,064","7,949","59.33K","-0.13%"
"2026/01/07","8,000","7,806","8,059","7,806","155.39K","-0.41%"
"2026/01/06","8,033","7,933","8,063","7,925","87.81K","1.04%"
"2026/01/05","7,950","8,000","8,000","7,919","97.90K","-0.51%"
"2026/01/02","7,991","7,862","8,033","7,810","146.31K","1.41%"
"2025/12/31","7,880","7,909","7,909","7,830","10.34K","-0.27%"
"2025/12/30","7,901","7,860","7,920","7,860","98.65K","0.52%"
"2025/12/29","7,860","7,891","7,919","7,850","106.32K","-0.39%"
"2025/12/24","7,891","7,541","7,899","7,541","9.05K","-0.48%"
"2025/12/23","7,929","7,875","7,931","7,855","224.51K","0.74%"
"2025/12/22","7,871","7,737","7,871","7,737","203.69K","0.91%"
"2025/12/19","7,800","7,874","7,874","7,771","401.45K","-0.96%"
"2025/12/18","7,876","7,890","7,957","7,816","103.13K","-0.11%"
"2025/12/17","7,885","7,779","7,885","7,779","222.46K","1.49%"
"2025/12/15","7,769","7,820","7,838","7,748","55.59K","-0.70%"
"2025/12/12","7,824","7,748","7,848","7,746","165.36K","0.55%"
"2025/12/11","7,781","7,800","7,800","7,713","117.93K","0.43%"
"2025/12/10","7,748","7,800","7,800","7,700","111.96K","0.35%"
"2025/12/09","7,721","7,700","7,759","7,666","355.56K","0.27%"
"2025/12/08","7,700","7,710","7,749","7,697","73.19K","-0.13%"
"2025/12/05","7,710","7,800","7,831","7,681","346.53K","-1.41%"
"2025/12/04","7,820","7,682","7,853","7,647","202.83K","1.66%"
"2025/12/03","7,692","7,669","7,703","7,600","215.58K","-0.10%"
"2025/12/02","7,700","7,654","7,745","7,653","673.86K","0.44%"
"2025/12/01","7,666","7,601","7,760","7,601","174.55K","0.21%"
"2025/11/28","7,650","7,649","7,650","7,592","309.93K","0.28%"
"2025/11/27","7,629","7,721","7,721","7,577","104.72K","0.08%"
"2025/11/26","7,623","7,703","7,714","7,602","91.33K","-0.13%"
"2025/11/25","7,633","7,735","7,735","7,603","418.77K","-1.54%"
"2025/11/24","7,752","7,720","7,785","7,629","211.76K","1.56%"
"2025/11/21","7,633","7,765","7,765","7,529","241.17K","-1.06%"
"2025/11/20","7,715","7,728","7,835","7,699","192.52K","-0.18%"
"2025/11/19","7,729","7,697","7,729","7,668","119.42K","1.14%"
"2025/11/18","7,642","7,744","7,795","7,616","257.58K","-1.63%"
"2025/11/17","7,769","7,662","7,774","7,662","113.77K","1.54%"
"2025/11/14","7,651","7,701","7,754","7,585","251.94K","-1.18%"
"2025/11/13","7,742","7,825","7,831","7,704","83.97K","-0.51%"
"2025/11/12","7,782","7,717","7,838","7,641","183.72K","1.06%"
"2025/11/11","7,700","7,514","7,758","7,503","305.87K","2.61%"
"2025/11/10","7,504","7,649","7,780","7,491","157.87K","-1.09%"
"2025/11/07","7,587","7,573","7,587","7,484","46.63K","0.18%"
"2025/11/06","7,573","7,491","7,615","7,491","85.42K","0.53%"
"2025/11/05","7,533","7,531","7,558","7,490","65.15K","0.57%"
"2025/11/04","7,490","7,550","7,623","7,429","155.25K","-1.68%"
"2025/11/03","7,618","7,807","7,807","7,518","118.12K","-0.01%"
"2025/10/31","7,619","7,740","7,740","7,473","237.84K","-1.44%"
"2025/10/30","7,730","7,733","7,804","7,647","169.97K","0.00%"
"2025/10/29","7,730","7,630","7,730","7,600","162.67K","1.70%"
"2025/10/28","7,601","7,368","7,601","7,368","123.01K","0.60%"
"2025/10/27","7,556","7,476","7,590","7,452","318.30K","2.11%"
"2025/10/24","7,400","7,679","7,679","7,264","400.39K","-3.65%"
"2025/10/23","7,680","7,530","7,680","7,457","153.63K","2.52%"
"2025/10/22","7,491","7,385","7,500","7,309","362.35K","2.11%"
"2025/10/21","7,336","7,300","7,342","7,183","173.99K","-0.07%"
"2025/10/20","7,341","7,489","7,489","7,275","34.58K","-0.76%"
"2025/10/17","7,397","7,416","7,475","7,362","125.20K","-0.27%"
"2025/10/16","7,417","7,418","7,425","7,291","88.34K","-0.01%"
"2025/10/15","7,418","7,528","7,528","7,281","231.15K","-0.62%"
"2025/10/14","7,464","7,445","7,494","7,383","49.01K","-0.32%"
"2025/10/13","7,488","7,442","7,522","7,428","78.52K","-0.11%"
"2025/10/10","7,496","7,439","7,507","7,413","65.98K","0.63%"
"2025/10/09","7,449","7,401","7,472","7,383","74.95K","0.43%"
"2025/10/08","7,417","7,280","7,431","7,280","98.72K","1.70%"
"2025/10/07","7,293","7,319","7,357","7,280","75.20K","-0.95%"
"2025/10/06","7,363","7,450","7,450","7,281","110.86K","-0.67%"
"2025/10/03","7,413","7,368","7,413","7,340","66.79K","1.33%"
"2025/10/02","7,316","7,199","7,332","7,199","155.78K","1.05%"
"2025/10/01","7,240","7,131","7,288","7,120","189.53K","1.15%"
"2025/09/30","7,158","7,489","7,489","7,114","441.71K","-2.52%"
"2025/09/29","7,343","7,434","7,469","7,256","176.47K","-1.04%"
"2025/09/26","7,420","7,521","7,528","7,330","225.10K","0.00%"
"2025/09/25","7,420","7,508","7,508","7,380","183.06K","0.24%"
"2025/09/23","7,402","7,182","7,438","7,182","60.59K","0.38%"
"2025/09/22","7,374","7,501","7,501","7,226","188.54K","0.45%"
"2025/09/19","7,341","7,307","7,502","7,229","271.13K","0.49%"
"2025/09/18","7,305","7,312","7,355","7,200","80.42K","-0.15%"
"2025/09/17","7,316","7,272","7,377","7,263","117.09K","0.76%"
"2025/09/16","7,261","7,500","7,500","7,212","111.81K","0.00%"
"2025/09/15","7,261","7,355","7,355","7,183","63.99K","-0.87%"
"2025/09/12","7,325","7,353","7,366","7,284","135.78K","-0.11%"
"2025/09/11","7,333","7,187","7,339","7,171","146.84K","1.76%"
"2025/09/10","7,206","7,249","7,249","7,159","64.08K","-0.83%"
"2025/09/09","7,266","7,306","7,306","7,212","214.03K","-0.53%"
"2025/09/08","7,305","7,220","7,317","7,199","109.17K","1.28%"
"2025/09/05","7,213","7,173","7,275","7,173","756.82K","0.18%"
"2025/09/04","7,200","7,230","7,258","7,132","976.91K","-0.37%"
"2025/09/03","7,227","7,256","7,297","7,200","249.49K","-0.04%"
"2025/09/02","7,230","7,353","7,353","7,208","241.58K","-0.32%"
"2025/09/01","7,253","7,340","7,348","7,222","290.96K","-1.21%"
"2025/08/29","7,342","7,315","7,445","7,299","279.37K","-0.57%"
"2025/08/28","7,384","7,289","7,401","7,182","1.04M","2.61%"
"2025/08/27","7,196","7,249","7,285","7,170","501.64K","-0.74%"
"2025/08/26","7,250","7,240","7,310","7,206","231.23K","-0.37%"
"2025/08/25","7,277","7,386","7,457","7,260","364.47K","-1.81%"
"2025/08/22","7,411","7,470","7,471","7,300","452.97K","-0.72%"
"2025/08/21","7,465","7,434","7,484","7,424","203.74K","0.12%"
"2025/08/20","7,456","7,511","7,550","7,433","45.28K","-1.78%"
"2025/08/19","7,591","7,494","7,595","7,449","264.10K","1.91%"
"2025/08/18","7,449","7,823","7,823","7,385","258.83K","-0.25%"
"2025/08/15","7,468","7,520","7,520","7,405","31.90K","-0.40%"
"2025/08/14","7,498","7,734","7,778","7,448","253.21K","-3.06%"
"2025/08/13","7,735","7,595","7,760","7,377","257.53K","-1.23%"
"2025/08/12","7,831","7,710","7,831","7,694","264.59K","1.80%"
"2025/08/11","7,693","7,677","7,703","7,615","249.05K","1.00%"
"2025/08/08","7,617","7,632","7,660","7,570","468.21K","0.10%"
"2025/08/07","7,609","7,686","7,691","7,584","306.48K","-0.62%"
"2025/08/06","7,656","7,625","7,673","7,598","228.66K","-2.95%"
"2025/08/05","7,889","7,907","7,963","7,846","176.74K","0.04%"
"2025/08/04","7,886","7,919","7,919","7,829","96.98K","0.39%"
"2025/08/01","7,855","7,900","7,985","7,827","273.00K","-0.63%"
"2025/07/31","7,905","7,945","7,945","7,800","365.46K","-0.50%"
"2025/07/30","7,945","7,976","8,001","7,900","144.95K","0.14%"
"2025/07/29","7,934","8,040","8,040","7,847","118.04K","0.89%"
"2025/07/28","7,864","7,997","7,997","7,844","91.86K","-1.19%"
"2025/07/25","7,959","8,040","8,050","7,950","156.89K","-0.77%"
"2025/07/24","8,021","8,041","8,052","7,977","149.30K","0.48%"
"2025/07/23","7,983","7,899","8,019","7,887","313.50K","0.92%"
"2025/07/22","7,910","8,039","8,039","7,900","277.84K","-0.64%"
"2025/07/21","7,961","8,010","8,066","7,925","167.81K","-0.28%"
"2025/07/18","7,983","8,030","8,048","7,959","116.05K","-0.10%"
"2025/07/17","7,991","8,090","8,090","7,933","179.44K","-0.30%"
"2025/07/16","8,015","8,125","8,125","7,976","241.62K","-0.25%"
"2025/07/15","8,035","8,125","8,125","7,989","259.24K","0.12%"
"2025/07/14","8,025","8,067","8,120","7,970","288.72K","0.44%"
"2025/07/11","7,990","8,301","8,301","7,958","122.62K","-3.73%"
"2025/07/10","8,300","8,159","8,305","8,128","137.17K","2.71%"
"2025/07/09","8,081","7,998","8,186","7,994","240.05K","1.00%"
"2025/07/08","8,001","8,061","8,141","7,944","264.14K","-1.73%"
"2025/07/07","8,142","7,922","8,142","7,849","128.72K","2.76%"
"2025/07/04","7,923","7,851","7,923","7,740","92.90K","0.49%"
"2025/07/03","7,884","7,858","7,944","7,834","363.96K","0.08%"
"2025/07/02","7,878","7,876","7,921","7,836","200.23K","0.11%"
"2025/07/01","7,869","7,930","7,932","7,846","175.93K","-1.02%"
"2025/06/30","7,950","8,026","8,026","7,900","324.10K","-0.59%"
"2025/06/27","7,997","8,070","8,070","7,822","206.85K","-0.49%"
"2025/06/26","8,036","8,080","8,142","7,950","806.09K","0.45%"
"2025/06/25","8,000","7,927","8,019","7,900","447.42K","0.16%"
"2025/06/24","7,987","7,999","8,057","7,900","270.45K","0.63%"
"2025/06/23","7,937","7,843","7,943","7,795","309.60K","1.17%"
"2025/06/20","7,845","7,766","8,017","7,766","380.31K","-0.28%"
"2025/06/19","7,867","7,681","8,085","7,681","701.35K","0.04%"
"2025/06/18","7,864","7,760","7,909","7,722","323.01K","1.30%"
"2025/06/17","7,763","7,840","8,051","7,763","652.04K","-1.03%"
"2025/06/13","7,844","8,051","8,223","7,844","595.53K","-3.24%"
"2025/06/12","8,107","8,049","8,200","7,930","222.27K","1.06%"
"2025/06/11","8,022","7,745","8,217","7,640","308.02K","4.90%"
"2025/06/10","7,647","7,337","7,874","7,337","515.22K","4.77%"
"2025/06/09","7,299","7,200","7,420","7,129","234.06K","1.93%"
"2025/06/06","7,161","7,111","7,161","7,026","35.02K","1.16%"
"2025/06/05","7,079","7,150","7,267","7,069","77.21K","-1.35%"
"2025/06/04","7,176","7,100","7,201","7,027","52.28K","0.79%"
"2025/06/03","7,120","7,205","7,215","7,101","63.13K","-1.54%"
"2025/06/02","7,231","7,303","7,303","7,131","89.60K","1.30%"
"2025/05/30","7,138","7,194","7,235","7,138","110.15K","-1.56%"
"2025/05/29","7,251","7,122","7,251","7,122","104.49K","1.84%"
"2025/05/28","7,120","7,219","7,239","7,120","96.05K","-1.36%"
"2025/05/27","7,218","7,156","7,218","7,111","66.16K","1.50%"
"2025/05/26","7,111","7,129","7,219","7,111","41.90K","-0.18%"
"2025/05/23","7,124","7,250","7,250","7,081","91.93K","-1.32%"
"2025/05/22","7,219","7,121","7,219","7,104","96.35K","1.12%"
"2025/05/21","7,139","7,200","7,256","7,117","172.11K","-0.57%"
"2025/05/20","7,180","7,120","7,207","7,120","79.09K","1.31%"
"2025/05/19","7,087","7,056","7,104","6,933","78.34K","-0.10%"
"2025/05/16","7,094","7,120","7,179","7,034","28.11K","-0.76%"
"2025/05/15","7,148","7,199","7,234","7,111","155.35K","-0.71%"
"2025/05/14","7,199","7,207","7,275","7,144","251.05K","0.03%"
"2025/05/13","7,197","6,911","7,239","6,911","439.75K","4.23%"
"2025/05/12","6,905","6,858","6,970","6,858","104.43K","0.15%"
"2025/05/09","6,895","6,894","7,021","6,875","178.75K","0.35%"
"2025/05/08","6,871","6,907","6,936","6,810","214.33K","-0.91%"
"2025/05/07","6,934","6,848","6,962","6,770","200.08K","1.23%"
"2025/05/06","6,850","7,010","7,041","6,807","66.64K","-2.00%"
"2025/05/05","6,990","7,100","7,101","6,955","225.09K","-0.14%"
"2025/05/02","7,000","6,816","7,058","6,816","346.02K","2.52%"
"2025/04/30","6,828","6,828","6,937","6,750","357.00K","0.60%"
"2025/04/29","6,787","6,744","6,934","6,734","265.95K","1.37%"
"2025/04/25","6,695","6,560","6,741","6,560","274.01K","0.68%"
"2025/04/24","6,650","6,712","6,724","6,617","246.76K","-0.37%"
"2025/04/23","6,675","6,776","6,887","6,596","161.74K","-1.20%"
"2025/04/22","6,756","6,830","6,934","6,750","107.04K","-0.53%"
"2025/04/17","6,792","6,754","6,831","6,716","33.03K","1.00%"
"2025/04/16","6,725","6,803","6,827","6,711","80.64K","-1.93%"
"2025/04/15","6,857","6,843","6,984","6,837","16.90K","-0.92%"
"2025/04/14","6,921","6,761","6,951","6,732","35.22K","2.82%"
"2025/04/11","6,731","6,626","6,752","6,509","78.68K","0.70%"
"2025/04/10","6,684","6,525","6,699","6,525","74.32K","4.03%"
"2025/04/09","6,425","6,418","6,473","6,207","357.48K","-0.82%"
"2025/04/08","6,478","6,429","6,531","6,381","439.17K","-0.06%"
"2025/04/07","6,482","6,260","6,502","6,000","229.08K","2.39%"
"2025/04/04","6,331","6,483","6,483","6,276","204.44K","-3.02%"
"2025/04/03","6,528","6,800","6,800","6,416","176.04K","-4.55%"
"2025/04/02","6,839","6,998","7,011","6,800","83.49K","-2.27%"
"2025/04/01","6,998","6,762","7,009","6,762","73.25K","4.20%"
"2025/03/31","6,716","6,646","6,750","6,646","171.84K","0.06%"
"2025/03/28","6,712","6,675","6,750","6,675","216.61K","0.55%"
"2025/03/27","6,675","6,600","6,820","6,600","61.04K","-1.84%"
"2025/03/26","6,800","6,633","6,800","6,569","177.11K","2.04%"
"2025/03/25","6,664","6,749","6,749","6,446","136.01K","2.32%"
"2025/03/24","6,513","6,500","6,602","6,450","95.72K","-0.97%"
"2025/03/20","6,577","6,684","6,706","6,515","173.46K","-0.66%"
"2025/03/19","6,621","6,459","6,633","6,444","174.00K","2.32%"
"2025/03/18","6,471","6,670","6,670","6,448","108.83K","-1.07%"
"2025/03/17","6,541","6,440","6,607","6,440","179.20K","-0.21%"
"2025/03/14","6,555","6,669","6,669","6,490","96.36K","-0.88%"
"2025/03/13","6,613","6,628","6,650","6,510","60.42K","-0.44%"
"2025/03/12","6,642","6,670","6,705","6,567","45.17K","0.61%"
"2025/03/11","6,602","6,575","6,760","6,550","78.49K","0.47%"
"2025/03/10","6,571","6,565","6,762","6,537","83.06K","0.14%"
"2025/03/07","6,562","6,550","6,592","6,468","56.47K","-0.11%"
"2025/03/06","6,569","6,549","6,599","6,477","70.57K","1.34%"
"2025/03/05","6,482","6,442","6,699","6,430","97.70K","0.75%"
"2025/03/04","6,434","6,428","6,549","6,395","133.02K","-1.14%"
"2025/03/03","6,508","6,505","6,569","6,400","128.99K","1.86%"
"2025/02/28","6,389","6,519","6,519","6,380","247.21K","-2.47%"
"2025/02/27","6,551","6,686","6,686","6,525","52.41K","-1.98%"
"2025/02/26","6,683","6,630","6,717","6,582","142.72K","0.88%"
"2025/02/25","6,625","6,599","6,673","6,519","106.76K","0.29%"
"2025/02/24","6,606","6,665","6,763","6,606","156.48K","-1.08%"
"2025/02/21","6,678","6,650","6,746","6,543","109.55K","0.48%"
"2025/02/20","6,646","6,616","6,665","6,568","200.07K","1.34%"
"2025/02/19","6,558","6,462","6,596","6,462","205.23K","0.88%"
"2025/02/18","6,501","6,690","6,690","6,441","89.13K","-0.17%"
"2025/02/17","6,512","6,541","6,558","6,464","94.98K","-1.06%"
"2025/02/14","6,582","6,591","6,680","6,556","115.83K","0.20%"
"2025/02/13","6,569","6,699","6,699","6,530","136.35K","0.69%"
"2025/02/12","6,524","6,637","6,650","6,500","53.18K","-1.76%"
"2025/02/11","6,641","6,555","6,729","6,539","231.06K","1.17%"
"2025/02/10","6,564","6,591","6,683","6,552","121.73K","-0.61%"
"2025/02/07","6,604","6,703","6,705","6,575","292.40K","-0.78%"
"2025/02/06","6,656","6,599","6,656","6,574","310.02K","1.22%"
"2025/02/05","6,576","6,735","6,735","6,539","233.78K","-1.28%"
"2025/02/04","6,661","6,540","6,686","6,540","196.30K","1.60%"
"2025/02/03","6,556","6,714","6,714","6,540","142.88K","-2.37%"
"2025/01/31","6,715","6,780","6,807","6,632","319.90K","-0.13%"
"2025/01/30","6,724","6,678","6,738","6,637","540.88K","0.30%"
"2025/01/29","6,704","6,640","6,751","6,640","186.64K","0.51%"
"2025/01/28","6,670","6,681","6,768","6,633","188.62K","-0.52%"
"2025/01/27","6,705","6,750","6,822","6,690","133.03K","-0.96%"
"2025/01/24","6,770","6,829","6,830","6,681","406.35K","-0.75%"
"2025/01/23","6,821","6,853","6,929","6,800","33.26K","-1.42%"
"2025/01/22","6,919","6,857","6,964","6,839","26.26K","0.30%"
"2025/01/21","6,898","6,927","6,986","6,872","60.84K","-0.66%"
"2025/01/20","6,944","6,857","7,014","6,857","58.03K","0.48%"
"2025/01/17","6,911","6,783","6,911","6,779","47.92K","1.86%"
"2025/01/16","6,785","6,801","6,804","6,615","149.95K","-0.22%"
"2025/01/15","6,800","6,727","6,889","6,725","180.90K","1.63%"
"2025/01/14","6,691","6,750","6,813","6,671","121.36K","-1.55%"
"2025/01/13","6,796","6,919","6,919","6,629","280.98K","-1.01%"
"2025/01/10","6,865","6,626","6,998","6,626","92.37K","0.37%"
"2025/01/09","6,840","6,841","6,863","6,621","303.49K","-0.51%"
"2025/01/08","6,875","6,962","6,995","6,780","209.37K","-1.74%"
"2025/01/07","6,997","7,366","7,366","6,984","116.89K","-3.53%"
"2025/01/06","7,253","7,521","7,767","7,170","62.54K","-3.81%"
"2025/01/03","7,540","7,612","7,626","7,520","70.89K","-1.46%"
"2025/01/02","7,652","7,675","7,809","7,600","109.28K","-2.02%"
"2024/12/31","7,810","7,570","7,997","7,461","245.11K","4.50%"
"2024/12/30","7,474","7,445","7,508","7,311","172.98K","1.33%"
"2024/12/27","7,376","7,388","7,388","7,286","85.35K","0.83%"
"2024/12/24","7,315","7,199","7,401","7,149","50.77K","-0.34%"
"2024/12/23","7,340","7,646","7,750","7,210","175.63K","-4.00%"
"2024/12/20","7,646","6,961","7,871","6,891","749.59K","8.45%"
"2024/12/19","7,050","7,030","7,143","7,012","300.76K","-0.56%"
"2024/12/18","7,090","7,300","7,332","7,090","137.08K","-2.48%"
"2024/12/17","7,270","7,223","7,303","7,200","143.34K","0.93%"
"2024/12/13","7,203","7,400","7,441","7,203","322.70K","-2.78%"
"2024/12/12","7,409","7,268","7,539","7,268","96.98K","-1.59%"
"2024/12/11","7,529","7,448","7,600","7,414","100.61K","0.61%"
"2024/12/10","7,483","7,567","7,596","7,483","56.07K","-1.28%"
"2024/12/09","7,580","7,422","7,645","7,405","207.84K","2.39%"
"2024/12/06","7,403","7,376","7,415","7,376","128.78K","0.03%"
"2024/12/05","7,401","7,419","7,455","7,376","126.91K","0.00%"
"2024/12/04","7,401","7,388","7,415","7,345","70.81K","0.69%"
"2024/12/03","7,350","7,325","7,406","7,287","270.54K","-0.15%"
"2024/12/02","7,361","7,275","7,372","7,275","84.34K","0.96%"
"2024/11/29","7,291","7,369","7,369","7,283","182.65K","-0.53%"
"2024/11/28","7,330","7,241","7,358","7,241","77.03K","0.25%"
"2024/11/27","7,312","7,296","7,330","7,286","106.77K","-0.52%"
"2024/11/26","7,350","7,450","7,450","7,300","146.54K","-0.34%"
"2024/11/25","7,375","7,499","7,499","7,350","303.34K","-0.34%"
"2024/11/22","7,400","7,355","7,515","7,339","227.65K","0.68%"
"2024/11/21","7,350","7,181","7,393","7,149","292.44K","1.38%"
"2024/11/20","7,250","7,235","7,284","7,011","362.06K","1.26%"
"2024/11/19","7,160","6,956","7,165","6,956","284.90K","2.77%"
"2024/11/18","6,967","6,895","6,988","6,830","176.40K","1.78%"
"2024/11/15","6,845","6,770","6,886","6,749","203.78K","0.99%"
"2024/11/14","6,778","6,745","6,807","6,699","221.40K","1.24%"
"2024/11/13","6,695","6,601","6,766","6,599","228.41K","1.76%"
"2024/11/12","6,579","6,677","6,709","6,565","279.17K","-1.47%"
"2024/11/11","6,677","6,673","6,677","6,551","104.82K","0.86%"
"2024/11/08","6,620","6,617","6,647","6,564","410.22K","-0.90%"
"2024/11/07","6,680","6,641","6,736","6,565","117.76K","1.60%"
"2024/11/06","6,575","6,645","6,659","6,533","104.75K","-1.08%"
"2024/11/05","6,647","6,584","6,647","6,584","78.18K","0.51%"
"2024/11/04","6,613","6,608","6,655","6,571","68.03K","-0.35%"
"2024/11/01","6,636","6,671","6,731","6,623","38.16K","-1.12%"
"2024/10/31","6,711","6,588","6,711","6,566","204.76K","1.33%"
"2024/10/30","6,623","6,600","6,636","6,595","43.14K","0.29%"
"2024/10/29","6,604","6,609","6,653","6,544","43.50K","-0.47%"
"2024/10/28","6,635","6,553","6,670","6,553","120.26K","1.19%"
"2024/10/25","6,557","6,512","6,586","6,502","98.90K","0.40%"
"2024/10/24","6,531","6,690","6,696","6,502","167.10K","-1.75%"
"2024/10/23","6,647","6,630","6,660","6,551","123.03K","-0.29%"
"2024/10/22","6,666","6,620","6,709","6,350","170.94K","0.79%"
"2024/10/21","6,614","6,662","6,723","6,614","125.34K","-0.72%"
"2024/10/18","6,662","6,513","6,670","6,513","220.85K","1.60%"
"2024/10/17","6,557","6,371","6,579","6,371","271.02K","2.79%"
"2024/10/16","6,379","6,482","6,731","6,230","1.27M","-1.59%"
"2024/10/15","6,482","6,200","6,520","6,200","227.40K","0.00%"
"2024/10/14","6,482","6,499","6,539","6,455","30.36K","-1.17%"
"2024/10/11","6,559","6,501","6,601","6,501","27.14K","0.15%"
"2024/10/10","6,549","6,451","6,617","6,448","79.19K","0.83%"
"2024/10/09","6,495","6,526","6,635","6,449","44.03K","-0.64%"
"2024/10/08","6,537","6,590","6,637","6,532","133.88K","-2.24%"
"2024/10/07","6,687","6,595","7,053","6,420","286.93K","3.00%"
"2024/10/04","6,492","6,454","6,495","6,400","251.68K","0.93%"
"2024/10/03","6,432","6,481","6,530","6,418","263.31K","-1.03%"
"2024/10/02","6,499","6,502","6,530","6,435","60.66K","-0.06%"
"2024/10/01","6,503","6,500","6,554","6,449","237.63K","0.00%"
"2024/09/30","6,503","6,625","6,632","6,497","177.69K","-1.84%"
"2024/09/27","6,625","6,455","6,633","6,377","392.50K","2.70%"
"2024/09/26","6,451","6,391","6,475","6,331","187.45K","0.97%"
"2024/09/25","6,389","6,384","6,450","6,357","182.65K","0.38%"
"2024/09/23","6,365","6,306","6,382","6,300","44.77K","0.94%"
"2024/09/20","6,306","6,330","6,417","6,302","244.77K","-0.44%"
"2024/09/19","6,334","6,321","6,396","6,321","55.57K","0.51%"
"2024/09/18","6,302","6,337","6,363","6,236","65.62K","-1.25%"
"2024/09/17","6,382","6,398","6,415","6,341","69.29K","0.22%"
"2024/09/16","6,368","6,260","6,400","6,235","190.84K","2.15%"
"2024/09/13","6,234","6,316","6,323","6,229","166.40K","-0.46%"
"2024/09/12","6,263","6,337","6,337","6,235","63.77K","0.08%"
"2024/09/11","6,258","6,235","6,300","6,214","192.71K","0.76%"
"2024/09/10","6,211","6,240","6,275","6,211","286.83K","-0.46%"
"2024/09/09","6,240","6,255","6,314","6,212","117.88K","-0.64%"
"2024/09/06","6,280","6,311","6,362","6,245","202.20K","-0.87%"
"2024/09/05","6,335","6,299","6,356","6,245","176.75K","0.72%"
"2024/09/04","6,290","6,250","6,347","6,250","206.78K","-0.52%"
"2024/09/03","6,323","6,350","6,366","6,249","124.22K","-0.50%"
"2024/09/02","6,355","6,342","6,377","6,258","120.76K","0.46%"
"2024/08/30","6,326","6,308","6,361","6,262","236.52K","0.03%"
"2024/08/29","6,324","6,266","6,340","6,266","144.18K","0.83%"
"2024/08/28","6,272","6,298","6,363","6,190","94.18K","-0.99%"
"2024/08/27","6,335","6,302","6,393","6,298","125.77K","0.25%"
"2024/08/26","6,319","6,293","6,419","6,293","81.03K","-1.74%"
"2024/08/23","6,431","6,400","6,468","6,370","426.48K","1.05%"
"2024/08/22","6,364","6,201","6,400","6,201","488.97K","2.32%"
"2024/08/21","6,220","6,188","6,252","6,154","241.21K","1.06%"
"2024/08/20","6,155","6,259","6,259","6,149","395.22K","-1.69%"
"2024/08/19","6,261","6,129","6,280","5,826","474.58K","4.44%"
"2024/08/16","5,995","6,099","6,099","5,889","384.94K","-1.06%"
"2024/08/15","6,059","6,060","6,121","6,037","324.24K","0.50%"
"2024/08/14","6,029","5,999","6,079","5,886","515.70K","-3.84%"
"2024/08/13","6,270","6,100","6,324","6,080","912.47K","2.45%"
"2024/08/12","6,120","6,239","6,239","6,117","245.23K","-0.82%"
"2024/08/08","6,170","6,179","6,189","6,085","535.66K","-0.14%"
"2024/08/07","6,179","6,062","6,206","6,028","513.15K","1.55%"
"2024/08/06","6,085","6,119","6,149","6,031","510.95K","-0.53%"
"2024/08/05","6,117","6,142","6,142","6,037","136.48K","-0.86%"
"2024/08/02","6,170","6,172","6,241","6,152","318.19K","-0.54%"
"2024/08/01","6,203","6,280","6,293","6,180","328.34K","-0.64%"
"2024/07/31","6,243","6,260","6,278","6,241","217.33K","0.03%"
"2024/07/30","6,241","6,275","6,322","6,240","235.06K","-0.53%"
"2024/07/29","6,275","6,313","6,389","6,273","132.52K","-0.75%"
"2024/07/26","6,322","6,336","6,389","6,245","637.35K","0.91%"
"2024/07/25","6,265","6,361","6,361","6,224","381.03K","-0.45%"
"2024/07/24","6,294","6,272","6,327","6,241","630.92K","0.87%"
"2024/07/23","6,240","6,361","6,361","6,240","553.70K","-1.90%"
"2024/07/22","6,360","6,380","6,413","6,351","112.64K","-0.15%"
"2024/07/19","6,370","6,514","6,514","6,324","151.35K","0.48%"
"2024/07/18","6,339","6,332","6,413","6,332","238.92K","-0.36%"
"2024/07/17","6,362","6,401","6,468","6,362","45.84K","-1.04%"
"2024/07/16","6,429","6,553","6,587","6,429","156.06K","-2.70%"
"2024/07/15","6,608","6,399","6,638","6,399","64.18K","-0.43%"
"2024/07/12","6,636","6,494","6,668","6,493","87.19K","0.19%"
"2024/07/11","6,624","6,608","6,665","6,574","64.74K","-0.24%"
"2024/07/10","6,640","6,592","6,640","6,585","64.56K","0.43%"
"2024/07/09","6,611","6,677","6,677","6,577","73.13K","-0.43%"
"2024/07/08","6,640","6,774","6,774","6,527","94.83K","0.03%"
"2024/07/05","6,638","6,714","6,781","6,607","176.61K","-2.02%"
"2024/07/04","6,775","6,655","6,779","6,557","285.62K","1.81%"
"2024/07/03","6,654","6,460","6,673","6,453","360.17K","4.29%"
"2024/07/02","6,380","6,558","6,558","6,349","198.10K","-1.99%"
"2024/07/01","6,510","6,357","6,528","6,276","363.54K","3.44%"
"2024/06/28","6,293","6,232","6,401","6,206","185.89K","1.16%"
"2024/06/27","6,221","6,087","6,444","6,039","322.09K","3.01%"
"2024/06/26","6,039","5,819","6,122","5,819","183.90K","3.67%"
"2024/06/25","5,825","5,878","5,882","5,804","70.18K","-0.36%"
"2024/06/24","5,846","5,932","5,933","5,841","132.25K","-1.90%"
"2024/06/21","5,959","5,856","6,000","5,856","448.42K","1.00%"
"2024/06/20","5,900","5,944","5,944","5,855","540.19K","-0.45%"
"2024/06/19","5,927","5,759","5,971","5,759","131.07K","2.42%"
"2024/06/18","5,787","5,690","5,823","5,648","106.10K","3.26%"
"2024/06/14","5,604","5,557","5,665","5,551","141.80K","1.64%"
"2024/06/13","5,514","5,585","5,607","5,514","219.98K","-1.26%"
"2024/06/12","5,585","5,521","5,680","5,521","112.86K","0.79%"
"2024/06/11","5,541","5,542","5,620","5,462","105.83K","1.46%"
"2024/06/10","5,461","5,305","5,578","5,230","133.94K","8.68%"
"2024/06/07","5,025","5,048","5,048","4,991","126.22K","0.17%"
"2024/06/06","5,016","5,091","5,142","5,003","76.45K","-0.66%"
"2024/06/05","5,049","5,049","5,095","5,016","86.48K","-0.36%"
"2024/06/04","5,067","5,144","5,192","5,067","115.41K","-3.27%"
"2024/06/03","5,238","5,542","5,542","5,180","99.23K","-1.82%"
"2024/05/31","5,335","5,102","5,521","5,102","398.89K","4.58%"
"2024/05/30","5,102","5,218","5,218","5,039","166.57K","-2.58%"
"2024/05/28","5,237","5,276","5,324","5,219","113.99K","-1.66%"
"2024/05/27","5,325","5,341","5,371","5,241","35.58K","0.52%"
"2024/05/24","5,297","5,221","5,352","5,199","35.34K","1.46%"
"2024/05/23","5,221","5,436","5,436","5,187","154.39K","-4.42%"
"2024/05/22","5,463","5,374","5,463","5,374","68.79K","1.43%"
"2024/05/21","5,386","5,324","5,386","5,324","48.77K","1.14%"
"2024/05/20","5,325","5,325","5,412","5,324","47.18K","-0.52%"
"2024/05/17","5,353","5,257","5,370","5,257","130.06K","1.48%"
"2024/05/16","5,275","5,353","5,353","5,265","42.77K","-1.05%"
"2024/05/15","5,331","5,250","5,447","5,248","93.84K","1.41%"
"2024/05/14","5,257","5,390","5,390","5,248","54.24K","-2.38%"
"2024/05/13","5,385","5,401","5,401","5,324","26.49K","0.71%"
"2024/05/10","5,347","5,275","5,347","5,204","106.77K","3.21%"
"2024/05/09","5,180","5,285","5,285","5,156","65.89K","-1.73%"
"2024/05/08","5,272","5,063","5,272","5,063","95.68K","3.63%"
"2024/05/07","5,087","5,089","5,180","5,057","177.16K","0.79%"
"2024/05/06","5,047","5,076","5,105","5,047","106.53K","-0.09%"
"2024/05/03","5,052","5,053","5,098","5,047","140.49K","-0.24%"
"2024/05/02","5,064","5,091","5,153","5,063","110.59K","-0.43%"
"2024/04/30","5,086","5,124","5,137","5,067","207.37K","-0.19%"
"2024/04/29","5,096","5,048","5,115","5,043","117.25K","0.90%"
"2024/04/26","5,050","5,048","5,274","5,048","251.42K","-0.71%"
"2024/04/25","5,086","5,048","5,101","5,048","179.96K","-0.02%"
"2024/04/24","5,087","5,159","5,219","5,063","397.31K","-1.73%"
"2024/04/23","5,177","5,286","5,286","5,172","150.62K","-2.37%"
"2024/04/22","5,302","5,431","5,448","5,297","80.48K","-2.86%"
"2024/04/19","5,458","5,287","5,458","5,287","50.53K","0.28%"
"2024/04/18","5,443","5,417","5,505","5,343","37.23K","0.95%"
"2024/04/17","5,392","5,395","5,467","5,357","49.96K","-1.08%"
"2024/04/16","5,450","5,449","5,487","5,400","64.18K","-0.74%"
"2024/04/15","5,491","5,514","5,577","5,452","46.56K","-0.41%"
"2024/04/12","5,514","5,560","5,569","5,444","44.20K","-1.09%"
"2024/04/11","5,575","5,720","5,720","5,548","41.19K","-2.53%"
"2024/04/10","5,720","5,704","5,722","5,621","50.65K","0.20%"
"2024/04/09","5,708","5,704","5,736","5,623","56.22K","0.08%"
"2024/04/08","5,703","5,629","5,722","5,593","39.11K","2.34%"
"2024/04/05","5,573","5,628","5,662","5,563","65.13K","-2.67%"
"2024/04/04","5,726","5,586","5,726","5,584","179.98K","2.55%"
"2024/04/03","5,584","5,585","5,658","5,584","96.86K","-1.61%"
"2024/04/02","5,675","5,562","5,700","5,562","131.09K","1.12%"
"2024/03/28","5,612","5,608","5,666","5,574","71.38K","-0.62%"
"2024/03/27","5,647","5,571","5,704","5,514","115.29K","0.15%"
"2024/03/26","5,639","5,796","5,846","5,636","152.86K","-2.06%"
"2024/03/25","5,758","5,738","5,829","5,681","198.12K","1.27%"
"2024/03/22","5,685","5,640","5,730","5,639","89.88K","0.83%"
"2024/03/20","5,639","5,703","5,703","5,629","169.05K","-0.32%"
"2024/03/19","5,657","5,842","5,842","5,622","148.92K","0.47%"
"2024/03/18","5,630","5,706","5,751","5,572","217.69K","-2.08%"
"2024/03/15","5,750","5,705","5,786","5,686","296.37K","0.28%"
"2024/03/14","5,734","5,798","5,818","5,698","107.76K","-1.13%"
"2024/03/13","5,799","5,846","5,846","5,742","67.95K","0.00%"
"2024/03/12","5,799","5,804","5,894","5,768","89.38K","-1.20%"
"2024/03/11","5,870","5,847","5,890","5,838","32.30K","-0.02%"
"2024/03/08","5,871","5,856","5,894","5,836","32.96K","-0.40%"
"2024/03/07","5,894","5,884","5,960","5,847","48.77K","0.00%"
"2024/03/06","5,894","5,893","5,903","5,836","87.95K","-0.15%"
"2024/03/05","5,903","5,973","5,995","5,834","181.68K","-0.19%"
"2024/03/04","5,914","5,956","5,956","5,864","104.20K","0.02%"
"2024/03/01","5,913","5,914","5,934","5,894","122.75K","-0.32%"
"2024/02/29","5,932","5,914","6,005","5,914","224.83K","0.29%"
"2024/02/28","5,915","5,993","5,993","5,913","98.10K","-1.14%"
"2024/02/27","5,984","5,895","6,018","5,895","107.62K","0.38%"
"2024/02/26","5,961","6,018","6,024","5,904","94.27K","-1.10%"
"2024/02/23","6,028","5,991","6,084","5,991","125.28K","-0.02%"
"2024/02/22","6,029","6,009","6,066","5,915","152.81K","0.13%"
"2024/02/21","6,021","5,930","6,025","5,894","55.82K","1.54%"
"2024/02/20","5,930","6,009","6,009","5,872","93.56K","-0.21%"
"2024/02/19","5,942","5,979","5,995","5,913","73.71K","-0.64%"
"2024/02/16","5,980","5,908","5,993","5,908","26.61K","-0.21%"
"2024/02/15","5,992","6,016","6,016","5,957","129.57K","0.05%"
"2024/02/14","5,990","5,972","5,990","5,857","15.03K","0.29%"
"2024/02/13","5,972","5,990","6,085","5,911","203.74K","-0.60%"
"2024/02/12","6,009","6,005","6,009","5,952","139.61K","0.38%"
"2024/02/09","5,986","5,976","6,042","5,932","63.71K","0.06%"
"2024/02/08","5,982","5,985","6,020","5,882","99.15K","-0.65%"
"2024/02/07","6,021","5,984","6,037","5,978","208.45K","0.02%"
"2024/02/06","6,020","5,999","6,020","5,980","91.70K","0.13%"
"2024/02/05","6,012","6,099","6,099","5,961","154.43K","-1.83%"
"2024/02/02","6,125","6,123","6,225","6,072","163.51K","-0.89%"
"2024/02/01","6,180","5,982","6,194","5,982","73.69K","0.26%"
"2024/01/31","6,164","5,981","6,327","5,981","207.00K","0.67%"
"2024/01/30","6,123","5,981","6,123","5,979","137.65K","2.24%"
"2024/01/29","5,989","6,179","6,179","5,977","83.23K","-1.53%"
"2024/01/26","6,082","6,012","6,145","5,990","147.23K","1.15%"
"2024/01/25","6,012","6,111","6,208","5,967","70.11K","-2.74%"
"2024/01/24","6,182","6,141","6,208","6,085","126.12K","0.67%"
"2024/01/23","6,141","6,039","6,141","6,022","74.63K","1.22%"
"2024/01/22","6,067","5,977","6,067","5,922","192.67K","1.93%"
"2024/01/19","5,952","6,041","6,041","5,904","127.70K","0.00%"
"2024/01/18","5,952","6,009","6,018","5,905","178.91K","0.16%"
"2024/01/17","5,942","5,949","5,998","5,932","93.54K","-1.05%"
"2024/01/16","6,005","6,041","6,041","5,927","145.66K","-0.46%"
"2024/01/15","6,032","6,123","6,123","6,016","61.69K","-1.48%"
"2024/01/12","6,123","6,099","6,159","6,047","72.94K","0.99%"
"2024/01/11","6,063","6,048","6,069","6,020","14.03K","0.24%"
"2024/01/10","6,048","6,198","6,198","6,023","18.11K","-1.41%"
"2024/01/09","6,135","6,104","6,181","6,005","44.36K","-0.74%"
"2024/01/08","6,181","6,136","6,257","6,095","103.24K","-0.94%"
"2024/01/05","6,240","6,108","6,275","6,099","80.36K","1.83%"
"2024/01/04","6,127","6,179","6,179","6,081","33.39K","-0.29%"
"2024/01/03","6,145","6,099","6,179","6,021","112.92K","1.24%"
"2024/01/02","6,070","6,199","6,199","6,046","120.69K","-2.33%"
"2023/12/29","6,215","6,210","6,226","6,191","77.23K","0.02%"
"2023/12/28","6,214","6,159","6,220","6,136","64.67K","0.58%"
"2023/12/27","6,178","5,990","6,224","5,990","116.37K","0.73%"
"2023/12/22","6,133","5,994","6,173","5,994","100.33K","0.31%"
"2023/12/21","6,114","6,097","6,114","6,004","90.71K","0.48%"
"2023/12/20","6,085","6,005","6,132","6,004","210.32K","0.39%"
"2023/12/19","6,061","5,914","6,115","5,914","245.10K","1.90%"
"2023/12/18","5,948","5,673","5,955","5,673","330.64K","3.54%"
"2023/12/14","5,744","5,754","5,826","5,688","823.82K","1.22%"
"2023/12/13","5,675","5,672","5,728","5,633","184.86K","0.29%"
"2023/12/12","5,659","5,828","5,845","5,609","259.41K","-1.29%"
"2023/12/11","5,733","5,742","5,753","5,632","60.26K","-0.15%"
"2023/12/08","5,741","5,735","5,759","5,690","294.25K","-0.97%"
"2023/12/07","5,797","6,029","6,029","5,776","217.43K","-2.42%"
"2023/12/06","5,941","5,786","6,003","5,786","100.34K","2.11%"
"2023/12/05","5,818","5,640","5,832","5,640","157.45K","2.12%"
"2023/12/04","5,698","5,685","5,702","5,584","426.21K","1.03%"
"2023/12/01","5,640","5,704","5,741","5,568","326.97K","-0.40%"
"2023/11/30","5,662","5,704","5,759","5,533","511.12K","-0.13%"
"2023/11/29","5,670","5,841","5,892","5,602","66.27K","-3.24%"
"2023/11/28","5,860","5,845","5,910","5,802","654.89K","0.21%"
"2023/11/27","5,848","5,820","5,871","5,778","157.46K","0.67%"
"2023/11/24","5,809","5,630","5,857","5,630","161.52K","0.78%"
"2023/11/23","5,764","5,672","5,802","5,638","104.60K","0.61%"
"2023/11/22","5,729","5,626","5,783","5,626","54.03K","0.75%"
"2023/11/21","5,686","5,799","5,799","5,603","158.48K","-2.53%"
"2023/11/20","5,834","5,468","5,970","5,319","280.09K","5.27%"
"2023/11/17","5,542","5,514","5,560","5,482","82.48K","0.50%"
"2023/11/16","5,514","5,474","5,534","5,462","162.36K","-0.02%"
"2023/11/15","5,515","5,557","5,558","5,419","213.81K","-0.33%"
"2023/11/14","5,533","5,498","5,562","5,430","199.90K","0.74%"
"2023/11/13","5,492","5,431","5,529","5,422","146.11K","1.12%"
"2023/11/10","5,431","5,436","5,440","5,381","131.89K","-1.23%"
"2023/11/09","5,499","5,489","5,580","5,419","190.50K","0.21%"
"2023/11/08","5,488","5,470","5,533","5,434","99.50K","1.26%"
"2023/11/07","5,419","5,525","5,525","5,402","490.21K","-2.71%"
"2023/11/06","5,570","5,656","5,657","5,558","183.98K","-0.15%"
"2023/11/03","5,579","5,535","5,609","5,535","91.41K","0.24%"
"2023/11/02","5,566","5,551","5,599","5,537","158.11K","0.79%"
"2023/11/01","5,522","5,529","5,542","5,460","194.46K","0.36%"
"2023/10/31","5,502","5,458","5,572","5,458","366.44K","-0.53%"
"2023/10/30","5,531","5,514","5,574","5,484","74.62K","-0.21%"
"2023/10/27","5,543","5,591","5,629","5,461","116.28K","-0.29%"
"2023/10/26","5,559","5,534","5,585","5,464","126.24K","0.14%"
"2023/10/25","5,551","5,704","5,704","5,513","219.60K","-0.70%"
"2023/10/24","5,590","5,606","5,606","5,516","154.68K","0.58%"
"2023/10/23","5,558","5,536","5,601","5,470","195.67K","-0.88%"
"2023/10/20","5,607","5,990","5,990","5,445","404.29K","-2.82%"
"2023/10/19","5,770","5,894","5,923","5,757","287.59K","-3.67%"
"2023/10/18","5,990","5,942","6,006","5,860","2.33M","1.17%"
"2023/10/17","5,920","5,884","5,967","5,743","248.90K","0.19%"
"2023/10/16","5,909","5,778","6,050","5,778","1.00M","1.02%"
"2023/10/13","5,849","5,734","5,860","5,734","396.34K","2.01%"
"2023/10/12","5,734","5,752","5,800","5,722","222.17K","-0.40%"
"2023/10/11","5,757","5,609","5,793","5,609","411.13K","2.63%"
"2023/10/10","5,609","5,573","5,719","5,462","325.98K","1.46%"
"2023/10/09","5,528","5,432","5,569","5,362","426.46K","4.64%"
"2023/10/06","5,283","5,347","5,347","5,258","77.98K","-0.20%"
"2023/10/05","5,294","5,277","5,315","5,259","91.05K","0.31%"
"2023/10/04","5,277","5,203","5,316","5,203","100.94K","0.31%"
"2023/10/03","5,261","5,377","5,377","5,247","234.15K","-1.95%"
"2023/10/02","5,366","5,395","5,433","5,332","162.06K","0.18%"
"2023/09/29","5,356","5,307","5,392","5,273","745.27K","0.61%"
"2023/09/28","5,324","5,344","5,386","5,166","543.92K","-1.44%"
"2023/09/27","5,402","5,423","5,450","5,395","199.92K","-0.96%"
"2023/09/26","5,454","5,433","5,514","5,421","378.23K","0.19%"
"2023/09/22","5,444","5,467","5,484","5,419","154.45K","-0.73%"
"2023/09/21","5,484","5,438","5,498","5,400","134.27K","0.84%"
"2023/09/20","5,438","5,438","5,468","5,400","280.93K","0.32%"
"2023/09/19","5,421","5,480","5,500","5,400","204.80K","-1.69%"
"2023/09/18","5,514","5,512","5,561","5,478","277.07K","0.66%"
"2023/09/15","5,478","5,238","5,523","5,238","457.88K","2.54%"
"2023/09/14","5,342","5,158","5,382","5,153","259.92K","3.94%"
"2023/09/13","5,140","5,196","5,196","5,089","305.95K","-1.06%"
"2023/09/12","5,195","5,199","5,203","5,186","268.19K","-0.47%"
"2023/09/11","5,219","5,210","5,276","5,186","165.36K","0.20%"
"2023/09/08","5,209","5,159","5,222","5,137","289.97K","1.09%"
"2023/09/07","5,153","5,168","5,277","5,148","158.07K","-1.72%"
"2023/09/06","5,243","5,229","5,261","5,193","102.56K","0.46%"
"2023/09/05","5,219","5,176","5,230","5,161","93.11K","0.99%"
"2023/09/04","5,168","5,200","5,219","5,148","215.46K","-0.59%"
"2023/09/01","5,199","5,182","5,226","5,153","152.34K","0.55%"
"2023/08/31","5,170","5,228","5,233","5,154","310.83K","-0.98%"
"2023/08/30","5,221","5,133","5,221","5,133","98.44K","1.23%"
"2023/08/29","5,158","5,163","5,178","5,116","183.05K","-0.77%"
"2023/08/28","5,198","5,174","5,216","5,149","90.10K","0.59%"
"2023/08/25","5,167","5,184","5,185","5,134","104.10K","0.44%"
"2023/08/24","5,144","5,087","5,174","5,087","177.35K","0.74%"
"2023/08/23","5,106","5,039","5,117","5,000","139.53K","2.36%"
"2023/08/22","4,988","5,053","5,078","4,969","91.27K","-0.91%"
"2023/08/21","5,034","5,089","5,089","5,020","45.73K","0.80%"
"2023/08/18","4,994","5,139","5,139","4,930","235.55K","-2.81%"
"2023/08/17","5,139","5,177","5,177","5,117","268.32K","-1.01%"
"2023/08/16","5,191","5,139","5,207","5,079","166.73K","0.83%"
"2023/08/15","5,148","5,227","5,227","5,142","193.51K","-0.26%"
"2023/08/14","5,161","5,190","5,290","5,147","185.66K","-0.49%"
"2023/08/11","5,187","5,233","5,292","5,175","123.69K","-1.71%"
"2023/08/10","5,277","5,219","5,304","5,210","246.98K","1.11%"
"2023/08/08","5,219","5,284","5,342","5,190","185.44K","-7.47%"
"2023/08/07","5,641","5,573","5,661","5,517","149.32K","1.98%"
"2023/08/04","5,531","5,566","5,566","5,468","168.25K","1.27%"
"2023/08/03","5,462","5,583","5,583","5,390","215.89K","-1.19%"
"2023/08/02","5,527","5,633","5,633","5,472","421.34K","-1.87%"
"2023/08/01","5,633","5,665","5,665","5,586","148.96K","0.42%"
"2023/07/31","5,609","5,604","5,630","5,581","214.14K","0.00%"
"2023/07/28","5,609","5,804","5,804","5,571","233.12K","-2.83%"
"2023/07/27","5,773","5,674","5,796","5,643","273.22K","1.61%"
"2023/07/26","5,682","5,713","5,730","5,643","320.16K","-0.40%"
"2023/07/25","5,704","5,703","5,731","5,685","228.25K","0.79%"
"2023/07/24","5,660","5,687","5,704","5,635","69.78K","0.03%"
"2023/07/21","5,658","5,595","5,704","5,593","142.85K","0.61%"
"2023/07/20","5,624","5,608","5,674","5,580","161.30K","0.20%"
"2023/07/19","5,612","5,580","5,612","5,579","142.50K","0.58%"
"2023/07/18","5,580","5,746","5,746","5,578","595.30K","-3.02%"
"2023/07/17","5,754","5,821","5,916","5,754","219.74K","-2.21%"
"2023/07/14","5,884","5,907","5,971","5,864","136.38K","-1.26%"
"2023/07/13","5,959","5,902","5,977","5,872","157.96K","1.98%"
"2023/07/12","5,843","5,851","5,890","5,831","133.52K","0.36%"
"2023/07/11","5,822","5,752","5,822","5,752","94.98K","1.22%"
"2023/07/10","5,752","5,727","5,791","5,717","64.32K","-0.54%"
"2023/07/07","5,783","5,707","5,817","5,707","214.73K","1.23%"
"2023/07/06","5,713","5,704","5,779","5,703","423.29K","-0.63%"
"2023/07/05","5,749","5,851","5,851","5,672","146.90K","1.39%"
"2023/07/04","5,670","5,846","5,855","5,581","177.76K","-3.01%"
"2023/07/03","5,846","5,657","5,854","5,657","208.93K","2.24%"
"2023/06/30","5,718","5,723","5,724","5,657","298.56K","0.23%"
"2023/06/29","5,704","5,735","5,794","5,659","283.96K","0.59%"
"2023/06/28","5,671","5,738","5,738","5,619","276.58K","0.66%"
"2023/06/27","5,634","5,571","5,634","5,557","278.44K","1.32%"
"2023/06/26","5,561","5,526","5,653","5,485","363.11K","1.28%"
"2023/06/23","5,490","5,690","5,690","5,458","558.21K","-3.78%"
"2023/06/22","5,706","5,715","5,767","5,676","431.33K","-0.25%"
"2023/06/21","5,720","5,676","5,821","5,635","944.75K","1.40%"
"2023/06/20","5,642","5,731","5,792","5,586","724.01K","-1.49%"
"2023/06/19","5,727","6,111","6,180","5,650","379.72K","-5.43%"
"2023/06/15","6,056","6,021","6,174","5,976","1.32M","1.48%"
"2023/06/14","5,968","5,913","6,080","5,894","194.89K","1.32%"
"2023/06/13","5,890","5,866","5,913","5,748","413.48K","0.39%"
"2023/06/12","5,867","5,711","5,894","5,704","171.96K","3.30%"
"2023/06/09","5,680","5,798","5,817","5,668","130.90K","-1.27%"
"2023/06/08","5,753","5,778","5,795","5,701","130.84K","-0.44%"
"2023/06/07","5,778","5,704","5,826","5,620","271.27K","0.21%"
"2023/06/06","5,766","5,841","5,870","5,715","281.98K","-1.22%"
"2023/06/05","5,837","5,838","5,875","5,758","162.32K","1.17%"
"2023/06/02","5,770","5,626","5,809","5,585","203.68K","2.88%"
"2023/06/01","5,608","5,448","5,624","5,312","248.71K","3.09%"
"2023/05/31","5,440","5,236","5,440","5,166","732.88K","4.15%"
"2023/05/30","5,223","5,281","5,281","5,183","337.19K","-1.93%"
"2023/05/29","5,326","5,479","5,479","5,324","253.53K","-2.18%"
"2023/05/26","5,445","5,430","5,490","5,419","116.15K","-0.03%"
"2023/05/25","5,447","5,490","5,503","5,412","183.55K","-1.07%"
"2023/05/24","5,506","5,502","5,547","5,449","367.86K","0.36%"
"2023/05/23","5,486","5,547","5,566","5,486","198.06K","-0.31%"
"2023/05/22","5,503","5,489","5,635","5,406","247.68K","0.61%"
"2023/05/19","5,469","5,514","5,514","5,428","205.08K","-0.76%"
"2023/05/18","5,511","5,597","5,654","5,447","180.96K","-0.79%"
"2023/05/17","5,555","5,504","5,615","5,498","131.87K","0.03%"
"2023/05/16","5,553","5,393","5,650","5,393","280.71K","0.92%"
"2023/05/15","5,503","5,372","5,553","5,372","167.92K","2.52%"
"2023/05/12","5,368","5,257","5,390","5,257","235.03K","1.00%"
"2023/05/11","5,315","5,339","5,342","5,283","105.62K","-0.29%"
"2023/05/10","5,330","5,315","5,375","5,315","106.14K","-1.53%"
"2023/05/09","5,412","5,495","5,495","5,402","131.30K","-1.66%"
"2023/05/08","5,504","5,434","5,514","5,434","183.09K","0.64%"
"2023/05/05","5,469","5,491","5,503","5,443","109.47K","-0.88%"
"2023/05/04","5,517","5,584","5,584","5,513","321.71K","-1.06%"
"2023/05/03","5,576","5,547","5,576","5,526","165.76K","0.86%"
"2023/05/02","5,528","5,510","5,571","5,470","181.17K","1.03%"
"2023/04/28","5,472","5,454","5,473","5,393","255.73K","0.44%"
"2023/04/26","5,449","5,392","5,509","5,381","106.60K","0.99%"
"2023/04/25","5,395","5,466","5,466","5,379","244.46K","-0.26%"
"2023/04/24","5,410","5,600","5,611","5,365","138.68K","0.83%"
"2023/04/21","5,365","5,427","5,448","5,311","232.48K","-1.17%"
"2023/04/20","5,429","5,364","5,448","5,364","105.97K","-0.75%"
"2023/04/19","5,469","5,514","5,524","5,426","315.32K","-0.91%"
"2023/04/18","5,520","5,542","5,542","5,503","206.76K","0.10%"
"2023/04/17","5,514","5,556","5,556","5,514","208.05K","-0.75%"
"2023/04/14","5,556","5,554","5,594","5,532","185.45K","-0.12%"
"2023/04/13","5,563","5,690","5,690","5,501","257.95K","0.64%"
"2023/04/12","5,527","5,563","5,585","5,496","295.90K","-0.70%"
"2023/04/11","5,566","5,562","5,655","5,562","271.58K","0.00%"
"2023/04/06","5,566","5,590","5,633","5,527","126.43K","-0.17%"
"2023/04/05","5,576","5,514","5,585","5,488","616.12K","0.91%"
"2023/04/04","5,526","5,566","5,566","5,486","474.42K","1.08%"
"2023/04/03","5,467","5,348","5,507","5,348","380.25K","2.31%"
"2023/03/31","5,343","5,463","5,463","5,271","139.52K","-0.04%"
"2023/03/30","5,345","5,609","5,629","5,329","76.33K","-1.64%"
"2023/03/29","5,434","5,450","5,465","5,373","181.20K","1.06%"
"2023/03/28","5,377","5,348","5,455","5,348","446.61K","0.55%"
"2023/03/27","5,348","5,234","5,388","5,234","118.81K","1.61%"
"2023/03/24","5,263","5,313","5,454","5,217","500.95K","-1.09%"
"2023/03/23","5,321","5,367","5,377","5,254","360.71K","-1.03%"
"2023/03/22","5,376","5,189","5,387","5,189","357.21K","2.80%"
"2023/03/20","5,230","5,248","5,272","5,169","822.46K","-0.95%"
"2023/03/17","5,280","5,277","5,336","5,174","763.81K","0.60%"
"2023/03/16","5,249","5,320","5,557","5,192","607.83K","-2.42%"
"2023/03/15","5,379","5,495","5,500","5,319","712.02K","-2.03%"
"2023/03/14","5,490","5,467","5,601","5,394","724.52K","-0.41%"
"2023/03/13","5,513","5,630","5,630","5,478","515.26K","-0.36%"
"2023/03/10","5,533","5,609","5,637","5,505","405.64K","-2.46%"
"2023/03/09","5,673","5,601","5,738","5,566","598.55K","1.45%"
"2023/03/08","5,592","5,549","5,637","5,444","751.46K","0.51%"
"2023/03/07","5,564","5,609","5,658","5,557","196.05K","-0.49%"
"2023/03/06","5,591","5,619","5,628","5,508","240.32K","-0.44%"
"2023/03/03","5,616","5,812","5,825","5,613","691.43K","-1.39%"
"2023/03/02","5,695","5,631","5,705","5,617","267.79K","0.77%"
"2023/03/01","5,651","5,704","5,704","5,624","406.55K","-0.54%"
"2023/02/28","5,682","5,639","5,728","5,639","670.37K","0.76%"
"2023/02/27","5,639","5,678","5,682","5,620","326.28K","-0.77%"
"2023/02/24","5,682","5,751","5,769","5,639","310.57K","-1.58%"
"2023/02/23","5,774","5,685","5,780","5,632","555.90K","1.56%"
"2023/02/22","5,685","5,756","5,756","5,612","489.59K","-1.55%"
"2023/02/21","5,775","5,831","5,861","5,775","214.33K","-0.64%"
"2023/02/20","5,812","5,799","5,846","5,778","174.07K","0.33%"
"2023/02/17","5,793","5,775","5,883","5,775","385.96K","0.15%"
"2023/02/16","5,784","5,826","5,826","5,752","440.22K","0.03%"
"2023/02/15","5,782","5,848","5,876","5,648","529.04K","-1.79%"
"2023/02/14","5,888","5,910","5,952","5,865","279.13K","-0.08%"
"2023/02/13","5,893","5,916","5,923","5,879","274.60K","-0.24%"
"2023/02/10","5,907","5,856","5,914","5,823","381.27K","0.08%"
"2023/02/09","5,902","5,913","5,929","5,866","507.25K","-0.23%"
"2023/02/08","5,915","5,988","5,997","5,875","612.56K","-1.18%"
"2023/02/07","5,986","5,971","6,009","5,895","659.13K","0.37%"
"2023/02/06","5,964","5,977","6,047","5,948","262.70K","-0.92%"
"2023/02/03","6,019","6,098","6,103","5,953","275.75K","-1.29%"
"2023/02/02","6,098","5,965","6,195","5,947","404.80K","1.81%"
"2023/02/01","5,990","5,974","6,041","5,936","482.08K","0.41%"
"2023/01/31","5,965","6,061","6,080","5,927","571.81K","-1.78%"
"2023/01/30","6,073","6,103","6,121","6,061","191.10K","-0.71%"
"2023/01/27","6,117","6,065","6,162","6,031","97.68K","0.77%"
"2023/01/26","6,070","6,020","6,099","5,986","100.80K","1.24%"
"2023/01/25","5,996","5,990","6,011","5,972","147.05K","-0.28%"
"2023/01/24","6,013","5,947","6,076","5,932","220.01K","1.12%"
"2023/01/23","5,947","5,973","6,046","5,931","292.56K","-0.52%"
"2023/01/20","5,978","5,944","6,060","5,944","480.40K","-0.27%"
"2023/01/19","5,994","5,981","6,012","5,942","178.94K","0.13%"
"2023/01/18","5,987","5,944","6,037","5,944","131.79K","0.54%"
"2023/01/17","5,954","6,037","6,037","5,936","282.86K","-0.41%"
"2023/01/16","5,979","5,974","6,014","5,946","259.71K","-0.02%"
"2023/01/13","5,980","5,952","6,011","5,917","310.54K","0.37%"
"2023/01/12","5,958","5,990","6,028","5,958","170.20K","-0.52%"
"2023/01/11","5,990","5,965","6,037","5,946","197.78K","0.32%"
"2023/01/10","5,971","6,037","6,069","5,962","319.02K","-1.78%"
"2023/01/09","6,079","6,002","6,138","6,002","151.50K","1.52%"
"2023/01/06","5,988","6,034","6,035","5,909","225.13K","0.27%"
"2023/01/05","5,971","5,977","6,135","5,942","202.90K","0.26%"
"2023/01/04","5,956","5,999","6,037","5,891","219.08K","-0.24%"
"2023/01/03","5,971","5,890","5,971","5,878","325.28K","0.38%"
"2022/12/30","5,948","5,962","5,990","5,925","75.96K","-0.38%"
"2022/12/29","5,971","5,990","5,990","5,860","204.30K","-0.46%"
"2022/12/28","5,998","5,966","5,998","5,933","119.56K","0.94%"
"2022/12/23","5,942","5,962","5,966","5,932","124.45K","-0.33%"
"2022/12/22","5,962","5,990","6,009","5,928","124.59K","-0.17%"
"2022/12/21","5,972","5,953","5,976","5,918","175.02K","-0.06%"
"2022/12/20","5,976","5,990","5,990","5,894","196.98K","0.82%"
"2022/12/19","5,928","5,991","6,045","5,821","1.08M","-1.06%"
"2022/12/15","5,991","6,529","6,529","5,990","756.00K","-4.05%"
"2022/12/14","6,244","6,350","6,413","6,209","582.64K","-2.16%"
"2022/12/13","6,382","6,445","6,445","6,341","358.73K","0.04%"
"2022/12/12","6,379","6,433","6,433","6,338","351.47K","-0.37%"
"2022/12/09","6,403","6,522","6,522","6,355","245.13K","-0.66%"
"2022/12/08","6,446","6,336","6,446","6,329","294.97K","1.04%"
"2022/12/07","6,379","6,490","6,490","6,318","398.68K","-0.15%"
"2022/12/06","6,389","6,338","6,424","6,331","327.20K","-0.04%"
"2022/12/05","6,392","6,531","6,531","6,328","690.12K","-0.39%"
"2022/12/02","6,416","6,463","6,465","6,306","545.85K","-1.06%"
"2022/12/01","6,485","6,741","6,755","6,201","980.92K","-3.40%"
"2022/11/30","6,713","6,767","6,855","6,703","1.06M","-0.27%"
"2022/11/29","6,731","6,724","6,763","6,666","345.58K","1.04%"
"2022/11/28","6,662","6,675","6,722","6,616","229.14K","-0.20%"
"2022/11/25","6,675","6,591","6,702","6,591","139.60K","1.17%"
"2022/11/24","6,598","6,760","6,760","6,585","152.24K","-0.86%"
"2022/11/23","6,655","6,497","6,655","6,495","303.01K","2.64%"
"2022/11/22","6,484","6,511","6,627","6,237","871.21K","0.34%"
"2022/11/21","6,462","6,594","6,594","6,392","408.54K","-1.12%"
"2022/11/18","6,535","6,655","6,655","6,522","105.28K","-0.23%"
"2022/11/17","6,550","6,489","6,554","6,450","488.23K","1.03%"
"2022/11/16","6,484","6,591","6,631","6,453","189.45K","-2.24%"
"2022/11/15","6,632","6,636","6,636","6,418","516.22K","0.77%"
"2022/11/14","6,582","6,713","7,035","6,329","1.01M","-5.73%"
"2022/11/11","6,982","6,858","7,026","6,851","261.55K","2.61%"
"2022/11/10","6,804","6,845","6,953","6,608","595.63K","0.82%"
"2022/11/09","6,749","6,834","6,834","6,640","273.22K","-1.24%"
"2022/11/08","6,834","6,970","6,992","6,810","382.51K","-1.32%"
"2022/11/07","6,925","6,845","7,072","6,827","908.29K","1.43%"
"2022/11/04","6,827","6,743","6,837","6,676","859.11K","1.71%"
"2022/11/03","6,712","7,083","7,083","6,685","121.68K","-2.38%"
"2022/11/02","6,876","6,988","7,013","6,869","107.69K","-1.61%"
"2022/11/01","6,988","6,845","7,089","6,800","497.65K","2.07%"
"2022/10/31","6,846","6,897","6,940","6,799","299.63K","0.06%"
"2022/10/28","6,842","6,735","6,881","6,706","589.22K","1.38%"
"2022/10/27","6,749","6,695","6,837","6,695","476.22K","-0.08%"
"2022/10/26","6,755","6,557","6,764","6,557","207.77K","1.82%"
"2022/10/25","6,634","6,595","6,667","6,569","261.70K","0.19%"
"2022/10/24","6,622","6,315","6,641","6,315","251.99K","2.43%"
"2022/10/21","6,465","6,447","6,680","6,323","297.57K","-0.80%"
"2022/10/20","6,517","6,573","6,641","6,433","1.45M","-1.32%"
"2022/10/19","6,605","6,593","6,647","6,510","167.45K","-0.47%"
"2022/10/18","6,636","6,542","6,737","6,542","273.44K","-0.04%"
"2022/10/17","6,639","6,798","6,798","6,380","304.07K","2.09%"
"2022/10/14","6,503","6,673","6,673","6,467","339.80K","-0.73%"
"2022/10/13","6,550","6,693","6,693","6,379","362.89K","1.67%"
"2022/10/12","6,443","6,448","6,511","6,381","430.60K","-0.07%"
"2022/10/11","6,448","6,512","6,512","6,394","195.67K","-1.09%"
"2022/10/10","6,519","6,572","6,585","6,473","251.20K","-0.81%"
"2022/10/07","6,572","6,607","6,676","6,534","158.41K","-1.97%"
"2022/10/06","6,704","6,655","6,757","6,655","357.48K","-0.01%"
"2022/10/05","6,705","6,767","6,767","6,642","182.24K","-0.35%"
"2022/10/04","6,729","6,703","6,760","6,560","392.20K","3.04%"
"2022/10/03","6,531","6,417","6,561","6,413","366.61K","1.61%"
"2022/09/30","6,427","6,391","6,448","6,287","415.02K","0.28%"
"2022/09/29","6,409","6,517","6,531","6,341","460.21K","-0.96%"
"2022/09/28","6,471","6,373","6,546","6,364","632.09K","-0.71%"
"2022/09/27","6,517","6,612","6,612","6,226","795.02K","2.25%"
"2022/09/26","6,374","6,437","6,437","6,164","756.52K","-0.99%"
"2022/09/23","6,437","6,655","6,655","6,431","794.05K","-2.83%"
"2022/09/22","6,625","6,484","6,649","6,289","901.03K","4.09%"
"2022/09/21","6,364","6,368","6,440","6,300","215.54K","0.12%"
"2022/09/20","6,357","6,280","6,456","6,280","676.28K","0.68%"
"2022/09/19","6,314","6,297","6,385","6,195","418.00K","-0.09%"
"2022/09/16","6,319","6,049","6,458","5,968","875.37K","5.26%"
"2022/09/15","6,004","5,972","6,048","5,942","341.03K","0.96%"
"2022/09/14","5,947","6,128","6,128","5,836","399.44K","-0.03%"
"2022/09/13","5,949","6,099","6,151","5,944","656.29K","-1.74%"
"2022/09/12","6,054","5,913","6,088","5,913","655.02K","2.38%"
"2022/09/09","5,913","5,831","5,935","5,809","439.26K","1.42%"
"2022/09/08","5,831","5,735","5,857","5,705","277.82K","1.64%"
"2022/09/07","5,737","5,894","5,894","5,711","300.55K","-2.01%"
"2022/09/06","5,855","5,890","5,943","5,814","199.41K","-0.68%"
"2022/09/05","5,894","5,789","5,920","5,767","342.60K","1.14%"
"2022/09/02","5,828","5,733","5,840","5,729","263.26K","1.56%"
"2022/09/01","5,739","5,817","5,817","5,728","412.77K","-2.42%"
"2022/08/31","5,881","5,854","5,913","5,842","620.10K","0.49%"
"2022/08/30","5,853","5,904","5,984","5,842","447.75K","-0.53%"
"2022/08/29","5,884","5,894","5,937","5,829","270.69K","-1.13%"
"2022/08/26","5,952","5,928","6,026","5,835","256.26K","1.64%"
"2022/08/25","5,855","5,871","5,883","5,820","161.79K","0.20%"
"2022/08/24","5,844","5,867","5,867","5,805","192.96K","-0.53%"
"2022/08/23","5,875","5,894","5,900","5,795","199.57K","0.34%"
"2022/08/22","5,855","6,005","6,016","5,828","377.74K","-2.61%"
"2022/08/19","6,012","6,198","6,198","5,952","544.89K","-1.77%"
"2022/08/18","6,121","6,251","6,251","6,079","1.34M","-2.42%"
"2022/08/17","6,273","6,245","6,350","6,231","472.55K","-0.47%"
"2022/08/16","6,302","6,158","6,318","6,104","588.89K","3.17%"
"2022/08/15","6,108","6,166","6,268","6,070","488.13K","-1.74%"
"2022/08/12","6,217","6,084","6,280","6,079","771.78K","2.98%"
"2022/08/11","6,037","5,939","6,085","5,939","1.12M","1.73%"
"2022/08/10","5,934","5,894","5,990","5,877","1.25M","-0.91%"
"2022/08/08","5,989","5,848","6,027","5,848","1.12M","2.11%"
"2022/08/05","5,865","5,835","5,882","5,781","664.05K","1.28%"
"2022/08/04","5,791","5,799","5,901","5,778","682.06K","0.15%"
"2022/08/03","5,782","5,893","5,906","5,709","780.15K","-1.67%"
"2022/08/02","5,880","6,013","6,013","5,847","1.01M","-1.04%"
"2022/08/01","5,942","6,063","6,063","5,861","1.34M","-1.90%"
"2022/07/29","6,057","6,020","6,119","5,994","441.51K","0.65%"
"2022/07/28","6,018","6,227","6,227","5,958","656.37K","-0.41%"
"2022/07/27","6,043","6,289","6,289","5,995","764.48K","-5.22%"
"2022/07/26","6,376","6,346","6,391","6,055","737.72K","1.22%"
"2022/07/25","6,299","6,304","6,338","6,045","768.05K","2.17%"
"2022/07/22","6,165","6,082","6,261","6,073","460.67K","2.15%"
"2022/07/21","6,035","6,048","6,108","5,959","1.02M","-0.60%"
"2022/07/20","6,071","6,057","6,115","5,922","625.15K","1.46%"
"2022/07/19","5,984","5,996","6,093","5,969","472.64K","-5.48%"
"2022/07/18","6,331","6,490","6,490","6,278","548.57K","1.37%"
"2022/07/15","6,246","6,103","6,246","5,984","455.16K","4.05%"
"2022/07/14","6,003","6,187","6,236","5,946","395.93K","-3.03%"
"2022/07/13","6,190","6,488","6,488","6,063","667.83K","-4.48%"
"2022/07/12","6,481","6,471","6,521","6,356","1.24M","0.26%"
"2022/07/11","6,464","6,612","6,630","6,422","417.54K","-2.86%"
"2022/07/08","6,654","6,631","6,782","6,540","2.32M","1.06%"
"2022/07/07","6,585","6,521","6,626","6,446","4.04M","1.52%"
"2022/07/06","6,486","6,631","6,640","6,400","831.39K","-0.95%"
"2022/07/05","6,548","6,901","6,901","6,502","358.04K","-3.25%"
"2022/07/04","6,768","6,575","6,863","6,556","139.83K","2.89%"
"2022/07/01","6,578","6,724","6,740","6,496","424.34K","-2.39%"
"2022/06/30","6,739","7,041","7,057","6,655","809.34K","-5.68%"
"2022/06/29","7,146","6,921","7,183","6,886","582.64K","3.46%"
"2022/06/28","6,906","6,816","6,985","6,816","676.98K","0.43%"
"2022/06/27","6,877","6,703","6,932","6,703","481.31K","1.73%"
"2022/06/24","6,760","6,850","6,850","6,603","513.05K","-0.21%"
"2022/06/23","6,774","6,955","7,016","6,699","1.13M","-2.91%"
"2022/06/22","6,977","7,288","7,461","6,905","1.23M","-3.96%"
"2022/06/21","7,264","7,048","7,439","7,045","830.50K","4.11%"
"2022/06/20","6,978","6,955","7,101","6,910","402.26K","1.97%"
"2022/06/17","6,843","6,733","6,906","6,733","858.29K","-2.91%"
"2022/06/15","7,048","7,140","7,140","6,723","399.08K","2.74%"
"2022/06/14","6,860","7,048","7,119","6,831","373.94K","-2.62%"
"2022/06/13","7,045","7,095","7,095","6,978","443.93K","-1.57%"
"2022/06/10","7,157","7,201","7,242","7,124","338.27K","-0.96%"
"2022/06/09","7,226","7,191","7,308","7,167","527.45K","0.49%"
"2022/06/08","7,191","7,466","7,506","7,147","666.26K","-2.98%"
"2022/06/07","7,412","7,605","7,605","7,186","1.10M","-3.69%"
"2022/06/06","7,696","7,790","7,901","7,689","374.33K","-1.21%"
"2022/06/03","7,790","8,041","8,085","7,790","361.93K","-3.06%"
"2022/06/02","8,036","8,077","8,110","7,929","1.58M","-0.51%"
"2022/06/01","8,077","7,743","8,138","7,719","781.87K","4.19%"
"2022/05/31","7,752","8,064","8,086","7,730","3.41M","-3.87%"
"2022/05/30","8,064","8,087","8,134","7,993","468.76K","0.44%"
"2022/05/27","8,029","8,128","8,128","7,744","1.21M","1.63%"
"2022/05/26","7,900","7,774","7,936","7,689","757.50K","2.01%"
"2022/05/25","7,744","7,652","8,053","7,652","842.61K","-2.60%"
"2022/05/24","7,951","8,069","8,089","7,891","349.88K","-1.09%"
"2022/05/23","8,039","7,882","8,133","7,882","834.54K","0.54%"
"2022/05/20","7,996","7,939","8,106","7,939","1.35M","1.42%"
"2022/05/19","7,884","7,976","7,995","7,797","575.29K","-1.67%"
"2022/05/18","8,018","7,914","8,100","7,914","936.98K","1.43%"
"2022/05/17","7,905","7,914","7,999","7,905","706.27K","-0.11%"
"2022/05/16","7,914","7,914","7,951","7,836","704.05K","0.85%"
"2022/05/13","7,847","7,690","8,072","7,643","1.38M","3.21%"
"2022/05/12","7,603","7,493","7,603","7,388","913.65K","0.42%"
"2022/05/11","7,571","7,485","7,677","7,279","378.89K","2.08%"
"2022/05/10","7,417","7,338","7,603","7,228","660.04K","1.42%"
"2022/05/09","7,313","7,464","7,483","7,095","269.18K","-2.52%"
"2022/05/06","7,502","7,556","7,576","7,408","282.11K","-1.34%"
"2022/05/05","7,604","7,514","7,685","7,514","310.27K","1.20%"
"2022/05/04","7,514","7,512","7,611","7,457","376.62K","-1.22%"
"2022/05/03","7,607","7,735","7,735","7,589","408.81K","-1.66%"
"2022/04/29","7,735","7,756","7,825","7,673","453.24K","1.43%"
"2022/04/28","7,626","7,317","7,696","7,233","476.01K","4.07%"
"2022/04/26","7,328","7,234","7,386","7,173","449.34K","2.19%"
"2022/04/25","7,171","7,234","7,234","7,049","234.67K","-1.38%"
"2022/04/22","7,271","7,447","7,447","7,262","250.83K","-2.73%"
"2022/04/21","7,475","7,326","7,562","7,326","1.07M","1.05%"
"2022/04/20","7,397","7,521","7,586","7,213","757.95K","-0.62%"
"2022/04/19","7,443","7,420","7,600","7,382","678.09K","-0.40%"
"2022/04/14","7,473","7,517","7,542","7,428","227.45K","-0.12%"
"2022/04/13","7,482","7,454","7,576","7,415","452.62K","0.35%"
"2022/04/12","7,456","7,512","7,588","7,289","2.06M","0.38%"
"2022/04/11","7,428","7,261","7,480","7,222","3.72M","2.69%"
"2022/04/08","7,234","7,026","7,262","7,026","1.37M","2.13%"
"2022/04/07","7,083","7,048","7,215","7,048","547.85K","0.48%"
"2022/04/06","7,049","6,999","7,127","6,965","775.23K","1.21%"
"2022/04/05","6,965","6,872","7,004","6,872","222.01K","1.37%"
"2022/04/04","6,871","7,025","7,025","6,871","196.34K","-0.82%"
"2022/04/01","6,928","6,993","7,039","6,878","149.00K","-0.66%"
"2022/03/31","6,974","6,791","7,089","6,777","1.84M","3.01%"
"2022/03/30","6,770","6,757","6,901","6,695","366.96K","0.58%"
"2022/03/29","6,731","6,566","6,812","6,518","586.58K","3.17%"
"2022/03/28","6,524","6,676","6,753","6,483","370.60K","-0.64%"
"2022/03/25","6,566","6,677","6,677","6,285","544.11K","3.40%"
"2022/03/24","6,350","6,470","6,470","6,317","136.33K","0.52%"
"2022/03/23","6,317","6,677","6,677","6,285","163.70K","-1.57%"
"2022/03/22","6,418","6,353","6,491","6,272","381.83K","3.08%"
"2022/03/18","6,226","6,214","6,253","6,127","645.04K","0.96%"
"2022/03/17","6,167","6,217","6,367","6,157","576.59K","1.40%"
"2022/03/16","6,082","5,964","6,117","5,959","286.70K","3.17%"
"2022/03/15","5,895","5,914","5,939","5,819","210.79K","-1.83%"
"2022/03/14","6,005","6,212","6,212","5,935","154.83K","-0.97%"
"2022/03/11","6,064","6,028","6,079","5,889","373.78K","2.43%"
"2022/03/10","5,920","5,967","6,091","5,845","263.51K","-0.80%"
"2022/03/09","5,968","5,743","6,074","5,737","351.19K","4.17%"
"2022/03/08","5,729","5,892","5,907","5,657","184.40K","-2.77%"
"2022/03/07","5,892","5,754","5,925","5,671","280.91K","0.51%"
"2022/03/04","5,862","6,066","6,066","5,772","330.09K","-2.75%"
"2022/03/03","6,028","6,305","6,305","5,952","188.12K","1.60%"
"2022/03/02","5,933","5,955","6,138","5,889","332.00K","-0.64%"
"2022/03/01","5,971","5,914","6,030","5,914","100.03K","1.10%"
"2022/02/28","5,906","5,831","6,010","5,831","189.60K","-0.03%"
"2022/02/25","5,908","6,010","6,010","5,829","148.74K","-0.42%"
"2022/02/24","5,933","6,473","6,473","5,826","162.62K","-3.34%"
"2022/02/23","6,138","6,204","6,231","6,090","83.06K","-1.08%"
"2022/02/22","6,205","6,337","6,342","6,205","232.71K","-2.08%"
"2022/02/21","6,337","6,330","6,518","6,316","326.94K","0.35%"
"2022/02/18","6,315","6,439","6,439","6,219","493.72K","1.15%"
"2022/02/17","6,243","6,167","6,322","6,167","266.80K","0.92%"
"2022/02/16","6,186","6,026","6,190","6,001","306.92K","2.74%"
"2022/02/15","6,021","5,793","6,024","5,740","363.42K","3.94%"
"2022/02/14","5,793","5,657","5,823","5,638","137.90K","2.40%"
"2022/02/11","5,657","5,666","5,678","5,563","411.92K","-0.18%"
"2022/02/10","5,667","5,615","5,720","5,415","192.18K","1.05%"
"2022/02/09","5,608","5,474","5,666","5,444","1.02M","2.69%"
"2022/02/08","5,461","5,609","5,609","5,384","471.23K","-0.49%"
"2022/02/07","5,488","5,610","5,610","5,456","351.12K","-1.37%"
"2022/02/04","5,564","5,678","5,678","5,478","435.04K","-1.01%"
"2022/02/03","5,621","5,843","5,847","5,602","126.70K","-3.27%"
"2022/02/02","5,811","5,751","5,866","5,716","153.74K","1.63%"
"2022/02/01","5,718","5,564","5,754","5,563","371.85K","0.62%"
"2022/01/31","5,683","5,703","5,751","5,397","778.40K","4.24%"
"2022/01/28","5,452","5,472","5,495","5,417","256.37K","-0.78%"
"2022/01/27","5,495","5,378","5,556","5,337","912.98K","0.94%"
"2022/01/26","5,444","5,490","5,490","5,388","350.98K","0.17%"
"2022/01/25","5,435","5,703","5,703","5,435","678.20K","-3.94%"
"2022/01/24","5,658","5,657","5,772","5,528","496.52K","0.04%"
"2022/01/21","5,656","5,611","5,694","5,571","370.69K","0.30%"
"2022/01/20","5,639","5,611","5,657","5,601","107.67K","0.41%"
"2022/01/19","5,616","5,564","5,629","5,493","387.59K","1.32%"
"2022/01/18","5,543","5,819","5,819","5,455","322.25K","-4.61%"
"2022/01/17","5,811","5,797","5,827","5,797","39.89K","-0.22%"
"2022/01/14","5,824","5,869","5,889","5,798","692.83K","-0.77%"
"2022/01/13","5,869","5,815","5,869","5,796","391.31K","0.76%"
"2022/01/12","5,825","5,804","5,830","5,751","220.20K","0.31%"
"2022/01/11","5,807","5,883","5,883","5,762","58.78K","0.00%"
"2022/01/10","5,807","5,914","5,934","5,776","65.07K","-0.45%"
"2022/01/07","5,833","5,931","5,931","5,778","138.90K","-0.34%"
"2022/01/06","5,853","5,807","5,925","5,807","146.92K","0.02%"
"2022/01/05","5,852","5,948","5,955","5,818","197.27K","-0.86%"
"2022/01/04","5,903","6,014","6,014","5,857","136.39K","-0.49%"
"2022/01/03","5,932","5,938","6,025","5,930","59.44K","-0.07%"
"2021/12/31","5,936","5,962","5,982","5,935","19.14K","-0.39%"
"2021/12/30","5,959","6,027","6,031","5,920","83.52K","0.39%"
"2021/12/29","5,936","5,865","5,948","5,838","43.43K","1.21%"
"2021/12/28","5,865","5,871","5,960","5,829","28.78K","0.34%"
"2021/12/24","5,845","5,904","5,904","5,779","13.74K","0.45%"
"2021/12/23","5,819","6,016","6,016","5,805","61.63K","-1.36%"
"2021/12/22","5,899","5,825","5,909","5,825","59.58K","0.43%"
"2021/12/21","5,874","6,027","6,027","5,809","180.97K","1.15%"
"2021/12/20","5,807","5,942","6,009","5,784","119.31K","-3.67%"
"2021/12/17","6,028","5,845","6,042","5,842","1.25M","4.54%"
"2021/12/15","5,766","5,815","5,978","5,766","345.19K","0.31%"
"2021/12/14","5,748","5,889","5,889","5,721","296.99K","-0.03%"
"2021/12/13","5,750","5,813","5,814","5,743","181.01K","-0.57%"
"2021/12/10","5,783","5,856","5,865","5,750","259.75K","-2.12%"
"2021/12/09","5,908","5,823","5,933","5,796","336.66K","2.04%"
"2021/12/08","5,790","5,917","6,028","5,777","186.07K","-2.18%"
"2021/12/07","5,919","5,876","5,919","5,721","276.19K","0.73%"
"2021/12/06","5,876","5,903","5,926","5,851","257.36K","-0.73%"
"2021/12/03","5,919","6,003","6,027","5,904","113.51K","-0.72%"
"2021/12/02","5,962","5,919","6,022","5,898","146.48K","0.73%"
"2021/12/01","5,919","6,016","6,041","5,893","268.83K","-1.22%"
"2021/11/30","5,992","5,924","6,013","5,875","217.12K","2.06%"
"2021/11/29","5,871","5,735","5,894","5,696","179.25K","2.16%"
"2021/11/26","5,747","5,754","5,843","5,657","353.05K","-1.25%"
"2021/11/25","5,820","5,841","5,841","5,715","82.71K","0.92%"
"2021/11/24","5,767","5,926","5,926","5,704","359.46K","-0.50%"
"2021/11/23","5,796","5,782","5,874","5,769","97.38K","-0.79%"
"2021/11/22","5,842","5,814","5,906","5,666","238.03K","4.10%"
"2021/11/19","5,612","5,763","5,763","5,588","214.29K","-0.64%"
"2021/11/18","5,648","5,742","5,742","5,615","139.68K","-1.62%"
"2021/11/17","5,741","5,640","5,804","5,640","228.53K","1.66%"
"2021/11/16","5,647","5,750","5,750","5,620","284.54K","-0.18%"
"2021/11/15","5,657","5,601","5,710","5,569","411.97K","1.00%"
"2021/11/12","5,601","5,712","5,797","5,562","563.28K","-3.13%"
"2021/11/11","5,782","5,777","5,826","5,692","125.17K","0.87%"
"2021/11/10","5,732","5,796","5,801","5,678","368.61K","0.28%"
"2021/11/09","5,716","5,889","5,889","5,614","387.40K","-1.94%"
"2021/11/08","5,829","5,768","6,019","5,730","384.50K","2.30%"
"2021/11/05","5,698","5,935","5,935","5,694","555.22K","-3.55%"
"2021/11/04","5,908","5,872","5,935","5,757","315.33K","2.43%"
"2021/11/03","5,768","5,920","5,920","5,765","142.08K","-1.28%"
"2021/11/02","5,843","5,955","5,978","5,843","311.28K","-0.53%"
"2021/10/29","5,874","5,729","5,935","5,729","184.62K","-0.89%"
"2021/10/28","5,927","5,784","5,955","5,764","291.09K","2.33%"
"2021/10/27","5,792","6,028","6,028","5,780","219.23K","-2.38%"
"2021/10/26","5,933","6,014","6,014","5,796","206.56K","1.54%"
"2021/10/25","5,843","5,928","5,954","5,819","187.63K","0.03%"
"2021/10/22","5,841","6,120","6,120","5,779","191.18K","-0.32%"
"2021/10/21","5,860","6,121","6,121","5,807","910.61K","-3.51%"
"2021/10/20","6,073","6,088","6,106","6,023","156.98K","0.25%"
"2021/10/19","6,058","6,121","6,129","6,042","264.76K","-1.00%"
"2021/10/18","6,119","6,112","6,144","6,031","309.67K","0.49%"
"2021/10/15","6,089","6,112","6,121","6,067","239.30K","-0.21%"
"2021/10/14","6,102","6,120","6,122","6,015","377.28K","-0.08%"
"2021/10/13","6,107","6,056","6,187","6,010","378.42K","1.45%"
"2021/10/12","6,020","5,935","6,139","5,881","512.35K","1.74%"
"2021/10/11","5,917","5,908","5,983","5,895","89.35K","0.58%"
"2021/10/08","5,883","6,214","6,214","5,883","203.01K","-1.13%"
"2021/10/07","5,950","6,008","6,057","5,865","540.51K","0.56%"
"2021/10/06","5,917","5,889","5,950","5,843","181.37K","0.87%"
"2021/10/05","5,866","5,698","5,879","5,698","147.85K","3.27%"
"2021/10/04","5,680","5,985","5,985","5,564","340.49K","-1.32%"
"2021/10/01","5,756","6,027","6,044","5,750","243.19K","-4.10%"
"2021/09/30","6,002","5,749","6,063","5,601","719.12K","8.77%"
"2021/09/29","5,518","5,432","5,518","5,428","560.70K","2.57%"
"2021/09/28","5,380","5,454","5,482","5,287","168.71K","-0.35%"
"2021/09/27","5,399","5,346","5,463","5,285","595.64K","1.48%"
"2021/09/23","5,320","5,306","5,357","5,260","301.29K","0.97%"
"2021/09/22","5,269","5,124","5,366","5,124","243.35K","2.57%"
"2021/09/21","5,137","5,138","5,189","5,103","147.23K","-0.60%"
"2021/09/20","5,168","5,282","5,282","5,054","286.27K","-1.15%"
"2021/09/17","5,228","5,240","5,242","5,184","663.94K","0.25%"
"2021/09/16","5,215","5,105","5,249","5,105","356.36K","2.60%"
"2021/09/15","5,083","5,101","5,119","5,002","186.73K","1.13%"
"2021/09/14","5,026","5,054","5,080","4,995","297.51K","-0.04%"
"2021/09/13","5,028","5,017","5,073","4,985","111.29K","0.68%"
"2021/09/10","4,994","4,976","5,018","4,975","237.10K","0.36%"
"2021/09/09","4,976","4,962","4,993","4,962","155.75K","-0.12%"
"2021/09/08","4,982","4,987","4,994","4,952","239.19K","-1.01%"
"2021/09/07","5,033","4,952","5,033","4,952","145.32K","1.25%"
"2021/09/06","4,971","4,971","4,975","4,902","132.38K","0.69%"
"2021/09/03","4,937","4,915","4,937","4,873","149.45K","0.57%"
"2021/09/02","4,909","4,822","4,915","4,739","196.97K","1.80%"
"2021/09/01","4,822","5,008","5,018","4,822","145.39K","-3.31%"
"2021/08/31","4,987","4,733","5,052","4,733","167.46K","1.98%"
"2021/08/30","4,890","4,828","4,899","4,819","22.71K","0.82%"
"2021/08/27","4,850","4,915","4,915","4,824","268.43K","0.37%"
"2021/08/26","4,832","4,637","4,937","4,637","239.52K","0.21%"
"2021/08/25","4,822","4,841","4,846","4,815","153.77K","-0.39%"
"2021/08/24","4,841","4,949","4,949","4,795","164.67K","0.85%"
"2021/08/23","4,800","4,805","4,822","4,754","175.72K","0.02%"
"2021/08/20","4,799","4,950","4,950","4,769","202.83K","0.08%"
"2021/08/19","4,795","4,914","4,936","4,730","204.69K","-2.44%"
"2021/08/18","4,915","4,887","4,941","4,882","482.09K","0.57%"
"2021/08/17","4,887","4,846","4,901","4,820","394.53K","0.27%"
"2021/08/16","4,874","4,763","4,922","4,763","699.51K","0.68%"
"2021/08/13","4,841","4,730","4,841","4,715","610.18K","2.35%"
"2021/08/12","4,730","4,731","4,755","4,695","727.49K","0.40%"
"2021/08/11","4,711","4,711","4,748","4,610","323.60K","-1.67%"
"2021/08/10","4,791","4,763","4,803","4,736","211.32K","1.65%"
"2021/08/06","4,713","4,674","4,774","4,674","170.56K","-0.08%"
"2021/08/05","4,717","4,723","4,776","4,713","314.57K","-0.04%"
"2021/08/04","4,719","4,609","4,747","4,609","220.59K","2.86%"
"2021/08/03","4,588","4,659","4,785","4,541","263.25K","-1.33%"
"2021/08/02","4,650","4,820","4,862","4,632","323.52K","-3.02%"
"2021/07/30","4,795","4,737","4,820","4,700","362.48K","1.31%"
"2021/07/29","4,733","4,754","4,812","4,675","186.86K","-0.29%"
"2021/07/28","4,747","4,743","4,759","4,662","119.26K","1.98%"
"2021/07/27","4,655","4,654","4,684","4,553","216.17K","0.69%"
"2021/07/26","4,623","4,726","4,851","4,623","151.82K","-1.99%"
"2021/07/23","4,717","4,719","4,746","4,702","130.33K","0.58%"
"2021/07/22","4,690","4,606","4,734","4,605","138.46K","0.90%"
"2021/07/21","4,648","4,520","4,678","4,520","196.79K","1.42%"
"2021/07/20","4,583","4,596","4,609","4,478","100.02K","2.03%"
"2021/07/19","4,492","4,558","4,572","4,481","95.45K","-1.56%"
"2021/07/16","4,563","4,690","4,690","4,538","132.38K","-0.80%"
"2021/07/15","4,600","4,738","4,738","4,579","75.27K","-2.07%"
"2021/07/14","4,697","4,767","4,775","4,676","153.74K","-0.06%"
"2021/07/13","4,700","4,650","4,734","4,636","190.03K","0.19%"
"2021/07/12","4,691","4,609","4,760","4,554","204.97K","1.76%"
"2021/07/09","4,610","4,498","4,734","4,498","280.65K","-2.58%"
"2021/07/08","4,732","4,862","4,862","4,562","267.70K","2.96%"
"2021/07/07","4,596","4,439","4,628","4,433","125.07K","2.77%"
"2021/07/06","4,472","4,496","4,524","4,442","330.27K","0.49%"
"2021/07/05","4,450","4,505","4,519","4,390","230.62K","-1.22%"
"2021/07/02","4,505","4,665","4,711","4,505","228.05K","-4.25%"
"2021/07/01","4,705","4,725","4,764","4,691","87.44K","-1.07%"
"2021/06/30","4,756","4,672","4,772","4,660","114.62K","1.84%"
"2021/06/29","4,670","4,713","4,738","4,636","182.67K","-0.64%"
"2021/06/28","4,700","4,729","4,729","4,600","124.86K","-0.61%"
"2021/06/25","4,729","4,719","4,758","4,684","172.31K","1.55%"
"2021/06/24","4,657","4,788","4,812","4,655","147.57K","-2.49%"
"2021/06/23","4,776","4,863","5,037","4,733","304.23K","1.17%"
"2021/06/22","4,721","4,739","4,948","4,691","231.45K","1.05%"
"2021/06/21","4,672","4,820","4,885","4,648","322.54K","-2.20%"
"2021/06/18","4,777","4,735","4,808","4,734","469.32K","-0.10%"
"2021/06/17","4,782","4,767","4,816","4,734","249.66K","0.46%"
"2021/06/15","4,760","4,734","4,816","4,703","230.62K","0.55%"
"2021/06/14","4,734","4,713","4,776","4,523","150.27K","0.45%"
"2021/06/11","4,713","5,019","5,119","4,705","162.16K","-2.22%"
"2021/06/10","4,820","4,734","4,828","4,674","101.00K","1.35%"
"2021/06/09","4,756","4,921","4,950","4,719","187.89K","-2.80%"
"2021/06/08","4,893","4,933","4,954","4,874","245.73K","0.62%"
"2021/06/07","4,863","4,696","5,162","4,667","171.84K","2.75%"
"2021/06/04","4,733","4,789","4,819","4,694","125.84K","0.08%"
"2021/06/03","4,729","4,837","4,887","4,614","121.02K","1.74%"
"2021/06/02","4,648","4,304","4,723","4,304","378.66K","7.99%"
"2021/06/01","4,304","4,346","4,361","4,284","190.09K","0.00%"
"2021/05/31","4,304","4,284","4,390","4,263","147.43K","0.00%"
"2021/05/28","4,304","4,248","4,321","4,248","286.64K","0.42%"
"2021/05/27","4,286","4,282","4,320","4,267","103.44K","-0.30%"
"2021/05/26","4,299","4,286","4,319","4,233","91.45K","0.47%"
"2021/05/25","4,279","4,304","4,322","4,272","171.08K","-0.99%"
"2021/05/24","4,322","4,215","4,322","4,215","135.36K","0.42%"
"2021/05/21","4,304","4,226","4,317","4,226","71.41K","0.12%"
"2021/05/20","4,299","4,262","4,308","4,183","98.54K","0.37%"
"2021/05/19","4,283","4,175","4,317","4,175","101.70K","2.02%"
"2021/05/18","4,198","4,304","4,314","4,160","270.83K","-2.01%"
"2021/05/17","4,284","4,186","4,324","4,179","119.86K","1.59%"
"2021/05/14","4,217","4,329","4,330","4,134","1.02M","-1.84%"
"2021/05/13","4,296","4,157","4,346","4,149","152.41K","3.34%"
"2021/05/12","4,157","4,160","4,265","4,132","171.79K","-0.07%"
"2021/05/11","4,160","4,200","4,200","4,100","293.49K","-1.26%"
"2021/05/10","4,213","4,258","4,331","4,179","51.88K","-1.13%"
"2021/05/07","4,261","4,231","4,261","4,208","12.35K","1.04%"
"2021/05/06","4,217","4,255","4,255","4,153","87.29K","-1.03%"
"2021/05/05","4,261","4,357","4,384","4,261","156.01K","0.12%"
"2021/05/04","4,256","4,417","4,417","4,153","110.01K","-1.71%"
"2021/05/03","4,330","4,348","4,429","4,330","91.46K","-1.37%"
"2021/04/30","4,390","4,407","4,451","4,390","81.75K","-0.39%"
"2021/04/29","4,407","4,347","4,415","4,310","139.02K","1.38%"
"2021/04/28","4,347","4,355","4,389","4,304","53.71K","1.00%"
"2021/04/26","4,304","4,183","4,347","4,183","82.57K","0.14%"
"2021/04/23","4,298","4,219","4,324","4,218","42.01K","2.33%"
"2021/04/22","4,200","4,070","4,241","4,024","128.51K","3.37%"
"2021/04/21","4,063","3,978","4,107","3,978","145.71K","-0.64%"
"2021/04/20","4,089","4,135","4,145","3,917","214.80K","-1.92%"
"2021/04/19","4,169","4,259","4,259","4,139","95.58K","-2.11%"
"2021/04/16","4,259","4,437","4,437","4,184","226.96K","-2.78%"
"2021/04/15","4,381","4,367","4,414","4,334","59.29K","-0.75%"
"2021/04/14","4,414","4,361","4,438","4,361","54.82K","1.24%"
"2021/04/13","4,360","4,370","4,409","4,348","132.44K","0.25%"
"2021/04/12","4,349","4,308","4,436","4,308","109.29K","0.95%"
"2021/04/09","4,308","4,314","4,315","4,278","89.24K","0.37%"
"2021/04/08","4,292","4,235","4,347","4,206","258.02K","0.54%"
"2021/04/07","4,269","4,183","4,282","4,154","358.30K","2.06%"
"2021/04/06","4,183","4,193","4,223","4,052","229.75K","-1.06%"
"2021/04/01","4,228","4,298","4,298","4,196","293.92K","0.24%"
"2021/03/31","4,218","4,243","4,282","4,101","136.66K","-0.68%"
"2021/03/30","4,247","4,086","4,278","4,039","118.40K","2.09%"
"2021/03/29","4,160","4,124","4,259","3,990","45.33K","-0.83%"
"2021/03/26","4,195","4,123","4,259","4,059","91.78K","1.21%"
"2021/03/25","4,145","4,002","4,213","3,902","376.27K","4.20%"
"2021/03/24","3,978","4,008","4,021","3,972","184.65K","-2.90%"
"2021/03/23","4,097","4,214","4,217","4,009","96.70K","-2.75%"
"2021/03/19","4,213","4,261","4,272","4,052","127.11K","-1.13%"
"2021/03/18","4,261","4,337","4,527","4,189","187.51K","-1.30%"
"2021/03/17","4,317","4,183","4,390","4,028","384.70K","5.27%"
"2021/03/16","4,101","4,105","4,303","4,054","97.33K","0.94%"
"2021/03/15","4,063","4,105","4,123","4,039","347.63K","0.79%"
"2021/03/12","4,031","3,960","4,134","3,960","89.98K","-1.78%"
"2021/03/11","4,104","4,083","4,132","4,083","62.06K","0.51%"
"2021/03/10","4,083","4,140","4,174","4,046","132.03K","-1.19%"
"2021/03/09","4,132","4,200","4,200","4,048","205.28K","0.68%"
"2021/03/08","4,104","3,951","4,185","3,951","106.09K","3.38%"
"2021/03/05","3,970","3,951","3,981","3,942","30.77K","0.48%"
"2021/03/04","3,951","3,951","4,024","3,841","78.02K","-1.81%"
"2021/03/03","4,024","3,832","4,032","3,832","68.77K","1.46%"
"2021/03/02","3,966","3,922","4,028","3,832","109.93K","1.25%"
"2021/03/01","3,917","3,840","4,029","3,839","117.70K","1.58%"
"2021/02/26","3,856","3,921","3,964","3,805","272.75K","-1.66%"
"2021/02/25","3,921","4,011","4,011","3,873","175.50K","-2.02%"
"2021/02/24","4,002","3,962","4,030","3,962","34.62K","-0.62%"
"2021/02/23","4,027","4,032","4,062","3,924","61.99K","-0.12%"
"2021/02/22","4,032","3,962","4,261","3,962","109.58K","1.28%"
"2021/02/19","3,981","4,046","4,132","3,869","194.77K","-3.65%"
"2021/02/18","4,132","4,132","4,213","3,959","322.38K","0.00%"
"2021/02/17","4,132","3,917","4,157","3,917","99.85K","4.53%"
"2021/02/16","3,953","3,957","4,043","3,869","104.29K","1.38%"
"2021/02/15","3,899","3,970","4,030","3,878","153.91K","-1.52%"
"2021/02/12","3,959","3,862","4,066","3,862","218.82K","-0.70%"
"2021/02/11","3,987","3,805","4,027","3,777","232.20K","2.94%"
"2021/02/10","3,873","3,873","3,903","3,846","182.69K","0.00%"
"2021/02/09","3,873","3,873","3,911","3,873","140.75K","-0.77%"
"2021/02/08","3,903","3,844","3,943","3,844","87.64K","1.11%"
"2021/02/05","3,860","3,954","3,954","3,834","115.82K","-0.34%"
"2021/02/04","3,873","3,650","3,873","3,650","243.61K","1.57%"
"2021/02/03","3,813","3,830","3,830","3,650","162.66K","0.32%"
"2021/02/02","3,801","3,859","3,935","3,801","270.22K","-1.22%"
"2021/02/01","3,848","3,922","3,924","3,795","61.45K","0.68%"
"2021/01/29","3,822","3,858","3,858","3,809","38.09K","-0.55%"
"2021/01/28","3,843","3,830","3,843","3,780","87.11K","1.03%"
"2021/01/27","3,804","4,002","4,002","3,786","91.91K","-2.66%"
"2021/01/26","3,908","4,200","4,200","3,840","172.05K","-5.35%"
"2021/01/25","4,129","3,796","4,129","3,796","175.85K","7.02%"
"2021/01/22","3,858","3,977","3,977","3,796","42.75K","-0.85%"
"2021/01/21","3,891","3,903","3,957","3,878","124.32K","-0.15%"
"2021/01/20","3,897","3,785","3,965","3,785","35.87K","2.74%"
"2021/01/19","3,793","3,916","3,916","3,780","30.27K","0.08%"
"2021/01/18","3,790","3,959","3,959","3,776","163.97K","-0.97%"
"2021/01/15","3,827","3,984","3,984","3,808","107.52K","0.82%"
"2021/01/14","3,796","3,959","3,959","3,787","133.36K","-1.89%"
"2021/01/13","3,869","4,000","4,002","3,793","450.00K","-1.48%"
"2021/01/12","3,927","4,002","4,002","3,841","29.59K","2.40%"
"2021/01/11","3,835","3,873","3,885","3,825","120.71K","0.13%"
"2021/01/08","3,830","3,759","3,873","3,573","48.05K","-0.60%"
"2021/01/07","3,853","3,776","3,853","3,761","187.96K","2.04%"
"2021/01/06","3,776","3,957","3,957","3,529","116.48K","-2.73%"
"2021/01/05","3,882","3,924","3,924","3,813","181.16K","-1.12%"
"2021/01/04","3,926","3,897","3,930","3,723","26.46K","-1.03%"
"2020/12/31","3,967","3,849","3,967","3,849","57.54K","1.33%"
"2020/12/30","3,915","3,848","3,993","3,848","14.88K","1.74%"
"2020/12/29","3,848","3,848","3,941","3,848","34.13K","0.00%"
"2020/12/28","3,848","3,959","3,959","3,843","112.19K","-1.59%"
"2020/12/24","3,910","3,878","3,910","3,848","23.63K","0.67%"
"2020/12/23","3,884","3,955","3,955","3,858","70.23K","-0.66%"
"2020/12/22","3,910","3,916","3,916","3,845","146.30K","0.33%"
"2020/12/21","3,897","4,073","4,089","3,880","234.88K","-4.18%"
"2020/12/18","4,067","3,952","4,121","3,871","334.71K","5.99%"
"2020/12/17","3,837","3,744","4,295","3,744","102.48K","-4.24%"
"2020/12/15","4,007","4,120","4,131","3,971","120.11K","-1.79%"
"2020/12/14","4,080","4,020","4,294","3,726","192.37K","-3.52%"
"2020/12/11","4,229","4,089","4,238","4,089","243.30K","2.55%"
"2020/12/10","4,124","3,793","4,167","3,793","353.78K","4.75%"
"2020/12/09","3,937","3,615","3,959","3,615","84.90K","8.97%"
"2020/12/08","3,613","3,529","3,685","3,529","372.73K","2.38%"
"2020/12/07","3,529","3,657","3,657","3,487","769.33K","0.23%"
"2020/12/04","3,521","3,786","3,787","3,521","290.75K","-3.88%"
"2020/12/03","3,663","3,675","3,856","3,576","500.46K","-0.33%"
"2020/12/02","3,675","3,806","3,806","3,661","905.91K","-3.29%"
"2020/12/01","3,800","4,058","4,131","3,792","159.15K","-6.43%"
"2020/11/30","4,061","4,132","4,217","4,045","208.51K","-2.52%"
"2020/11/27","4,166","4,132","4,268","4,064","195.67K","-1.72%"
"2020/11/26","4,239","4,347","4,347","4,124","243.04K","-1.21%"
"2020/11/25","4,291","4,024","4,404","4,024","251.58K","8.39%"
"2020/11/24","3,959","3,848","3,996","3,848","533.27K","4.05%"
"2020/11/23","3,805","3,520","3,873","3,520","230.13K","0.69%"
"2020/11/20","3,779","3,813","3,977","3,615","251.41K","3.00%"
"2020/11/19","3,669","3,759","3,809","3,669","248.62K","-2.11%"
"2020/11/18","3,748","3,785","3,786","3,711","48.96K","-0.13%"
"2020/11/17","3,753","3,796","3,866","3,753","370.73K","-0.90%"
"2020/11/16","3,787","3,852","3,869","3,749","156.46K","1.15%"
"2020/11/13","3,744","3,672","3,835","3,658","92.39K","-0.27%"
"2020/11/12","3,754","3,598","3,939","3,500","390.27K","4.31%"
"2020/11/11","3,599","3,440","3,670","3,434","513.67K","5.17%"
"2020/11/10","3,422","3,486","3,520","3,357","209.04K","0.26%"
"2020/11/09","3,413","3,440","3,486","3,340","87.79K","1.67%"
"2020/11/06","3,357","3,314","3,397","3,293","664.72K","1.30%"
"2020/11/05","3,314","3,295","3,319","3,284","1.10M","0.70%"
"2020/11/04","3,291","3,400","3,400","3,224","174.11K","-0.69%"
"2020/11/03","3,314","3,316","3,443","3,314","194.70K","-0.93%"
"2020/11/02","3,345","3,203","3,384","3,203","243.47K","2.23%"
"2020/10/30","3,272","3,375","3,446","3,272","209.13K","-5.90%"
"2020/10/29","3,477","3,486","3,547","3,400","364.41K","-1.47%"
"2020/10/28","3,529","3,628","3,628","3,469","150.46K","-3.16%"
"2020/10/27","3,644","3,700","3,724","3,624","123.47K","-1.54%"
"2020/10/26","3,701","3,597","3,718","3,594","161.79K","4.22%"
"2020/10/23","3,551","3,478","3,551","3,459","207.04K","3.14%"
"2020/10/22","3,443","3,400","3,494","3,385","197.29K","2.56%"
"2020/10/21","3,357","3,400","3,409","3,336","341.72K","-1.87%"
"2020/10/20","3,421","3,512","3,607","3,407","172.63K","-2.20%"
"2020/10/19","3,498","3,512","3,657","3,428","201.93K","1.77%"
"2020/10/16","3,437","3,410","3,477","3,335","133.10K","3.71%"
"2020/10/15","3,314","3,335","3,404","3,292","470.10K","0.12%"
"2020/10/14","3,310","3,254","3,356","3,236","1.09M","3.18%"
"2020/10/13","3,208","3,081","3,353","3,081","433.92K","5.32%"
"2020/10/12","3,046","2,979","3,050","2,979","128.81K","2.56%"
"2020/10/09","2,970","2,852","3,132","2,851","1.29M","5.24%"
"2020/10/08","2,822","2,691","2,874","2,691","267.74K","5.53%"
"2020/10/07","2,674","2,674","2,685","2,640","49.81K","1.87%"
"2020/10/06","2,625","2,686","2,689","2,625","161.28K","-1.94%"
"2020/10/05","2,677","2,686","2,691","2,670","169.33K","0.19%"
"2020/10/02","2,672","2,688","2,692","2,668","48.93K","-0.63%"
"2020/10/01","2,689","2,626","2,692","2,626","57.35K","0.79%"
"2020/09/30","2,668","2,667","2,692","2,566","574.65K","-0.67%"
"2020/09/29","2,686","2,624","2,711","2,604","437.72K","3.43%"
"2020/09/28","2,597","2,636","2,696","2,581","227.03K","2.36%"
"2020/09/25","2,537","2,524","2,649","2,447","719.01K","-0.24%"
"2020/09/23","2,543","2,427","2,543","2,420","100.65K","2.21%"
"2020/09/22","2,488","2,436","2,488","2,393","102.75K","-1.19%"
"2020/09/21","2,518","2,416","2,559","2,346","67.11K","1.25%"
"2020/09/18","2,487","2,448","2,534","2,410","296.37K","1.02%"
"2020/09/17","2,462","2,518","2,636","2,394","459.65K","-3.03%"
"2020/09/16","2,539","2,462","2,555","2,461","573.70K","2.92%"
"2020/09/15","2,467","2,409","2,467","2,405","72.63K","2.32%"
"2020/09/14","2,411","2,443","2,494","2,324","82.04K","0.92%"
"2020/09/11","2,389","2,432","2,432","2,324","35.20K","1.06%"
"2020/09/10","2,364","2,196","2,385","2,195","133.59K","7.70%"
"2020/09/09","2,195","2,180","2,284","2,180","116.83K","-1.53%"
"2020/09/08","2,229","2,273","2,377","2,196","24.10K","-0.40%"
"2020/09/07","2,238","2,133","2,238","2,117","76.83K","8.59%"
"2020/09/04","2,061","2,136","2,154","2,049","46.51K","-3.87%"
"2020/09/03","2,144","2,204","2,228","2,111","91.83K","-3.77%"
"2020/09/02","2,228","2,099","2,238","2,091","94.05K","5.34%"
"2020/09/01","2,115","2,082","2,127","2,053","138.16K","-1.12%"
"2020/08/31","2,139","2,076","2,160","2,034","200.86K","3.33%"
"2020/08/28","2,070","2,126","2,135","2,070","102.16K","-4.34%"
"2020/08/27","2,164","2,150","2,164","2,069","53.98K","1.36%"
"2020/08/26","2,135","2,151","2,178","2,065","73.92K","-4.17%"
"2020/08/25","2,228","2,151","2,228","2,094","77.36K","3.53%"
"2020/08/24","2,152","2,131","2,188","2,057","118.70K","0.70%"
"2020/08/21","2,137","2,137","2,137","2,080","76.72K","0.52%"
"2020/08/20","2,126","2,222","2,222","2,124","99.04K","-1.98%"
"2020/08/19","2,169","2,195","2,195","2,152","51.90K","0.79%"
"2020/08/18","2,152","2,358","2,358","2,152","283.51K","-5.61%"
"2020/08/17","2,280","2,340","2,340","2,226","125.10K","-2.56%"
"2020/08/14","2,340","2,302","2,340","2,247","307.74K","0.95%"
"2020/08/13","2,318","2,323","2,341","2,273","56.44K","1.76%"
"2020/08/12","2,278","2,259","2,299","2,259","25.95K","0.84%"
"2020/08/11","2,259","2,267","2,321","2,228","43.75K","-0.70%"
"2020/08/07","2,275","2,179","2,275","2,114","446.93K","1.29%"
"2020/08/06","2,246","2,251","2,281","2,246","194.86K","-0.04%"
"2020/08/05","2,247","2,320","2,351","2,247","281.97K","-2.47%"
"2020/08/04","2,304","2,255","2,316","2,152","112.44K","2.17%"
"2020/08/03","2,255","2,316","2,323","2,222","77.65K","-3.96%"
"2020/07/31","2,348","2,276","2,348","2,273","45.16K","1.91%"
"2020/07/30","2,304","2,341","2,368","2,233","76.32K","-2.66%"
"2020/07/29","2,367","2,384","2,401","2,324","64.68K","-0.38%"
"2020/07/28","2,376","2,367","2,423","2,325","173.63K","1.67%"
"2020/07/27","2,337","2,312","2,337","2,259","68.07K","0.91%"
"2020/07/24","2,316","2,254","2,336","2,207","110.83K","2.71%"
"2020/07/23","2,255","2,281","2,313","2,200","194.27K","-1.91%"
"2020/07/22","2,299","2,320","2,323","2,279","36.09K","0.35%"
"2020/07/21","2,291","2,304","2,312","2,238","48.61K","-0.82%"
"2020/07/20","2,310","2,152","2,325","2,152","141.68K","1.90%"
"2020/07/17","2,267","2,235","2,285","2,235","188.17K","0.00%"
"2020/07/16","2,267","2,290","2,315","2,267","140.98K","-0.74%"
"2020/07/15","2,284","2,290","2,343","2,284","180.97K","-3.14%"
"2020/07/14","2,358","2,389","2,420","2,319","340.10K","-2.52%"
"2020/07/13","2,419","2,410","2,476","2,389","75.66K","0.92%"
"2020/07/10","2,397","2,460","2,512","2,355","179.10K","-1.96%"
"2020/07/09","2,445","2,537","2,582","2,445","698.41K","-2.40%"
"2020/07/08","2,505","2,479","2,582","2,432","166.31K","1.95%"
"2020/07/07","2,457","2,475","2,668","2,439","201.71K","1.78%"
"2020/07/06","2,414","2,367","2,474","2,367","102.42K","3.12%"
"2020/07/03","2,341","2,279","2,366","2,238","84.17K","2.23%"
"2020/07/02","2,290","2,301","2,376","2,290","98.28K","0.00%"
"2020/07/01","2,290","2,371","2,463","2,250","179.52K","-4.50%"
"2020/06/30","2,398","2,432","2,484","2,386","168.04K","-0.50%"
"2020/06/29","2,410","2,411","2,432","2,379","160.31K","-0.37%"
"2020/06/26","2,419","2,393","2,487","2,393","93.69K","0.21%"
"2020/06/25","2,414","2,367","2,458","2,367","504.07K","0.71%"
"2020/06/24","2,397","2,358","2,446","2,358","161.24K","1.27%"
"2020/06/23","2,367","2,410","2,441","2,284","259.20K","-3.15%"
"2020/06/22","2,444","2,066","2,677","2,066","713.57K","22.94%"
"2020/06/19","1,988","2,037","2,065","1,950","1.54M","-2.93%"
"2020/06/18","2,048","1,971","2,066","1,935","272.52K","1.24%"
"2020/06/17","2,023","2,073","2,100","2,023","54.48K","0.85%"
"2020/06/15","2,006","2,014","2,071","1,980","196.27K","-2.90%"
"2020/06/12","2,066","1,980","2,112","1,948","400.22K","4.34%"
"2020/06/11","1,980","1,969","1,991","1,900","139.57K","-0.85%"
"2020/06/10","1,997","2,014","2,016","1,898","540.55K","-1.04%"
"2020/06/09","2,018","2,135","2,194","2,018","214.79K","-4.31%"
"2020/06/08","2,109","2,109","2,149","2,054","421.75K","2.08%"
"2020/06/05","2,066","1,851","2,077","1,842","436.15K","13.83%"
"2020/06/04","1,815","1,808","1,872","1,729","176.25K","-0.77%"
"2020/06/03","1,829","1,765","1,894","1,684","278.58K","9.52%"
"2020/06/02","1,670","1,590","1,674","1,515","147.25K","7.81%"
"2020/06/01","1,549","1,329","1,641","1,284","420.76K","19.89%"
"2020/05/29","1,292","1,289","1,311","1,281","2.42M","0.39%"
"2020/05/28","1,287","1,308","1,323","1,248","1.17M","-2.65%"
"2020/05/27","1,322","1,316","1,377","1,302","916.78K","-0.30%"
"2020/05/26","1,326","1,343","1,377","1,301","506.37K","0.30%"
"2020/05/25","1,322","1,362","1,362","1,313","211.82K","-2.94%"
"2020/05/22","1,362","1,308","1,362","1,301","468.33K","2.41%"
"2020/05/21","1,330","1,308","1,357","1,292","407.43K","-1.26%"
"2020/05/20","1,347","1,368","1,371","1,297","445.43K","-0.07%"
"2020/05/19","1,348","1,334","1,386","1,289","776.96K","1.13%"
"2020/05/18","1,333","1,442","1,442","1,307","837.31K","-8.45%"
"2020/05/15","1,456","1,463","1,485","1,446","751.99K","-1.62%"
"2020/05/14","1,480","1,519","1,519","1,375","219.71K","-3.39%"
"2020/05/13","1,532","1,773","1,790","1,509","839.47K","-14.46%"
"2020/05/12","1,791","1,802","1,884","1,757","172.60K","-0.44%"
"2020/05/11","1,799","1,971","1,971","1,795","110.24K","0.00%"
"2020/05/08","1,799","2,000","2,023","1,692","143.86K","-7.41%"
"2020/05/07","1,943","2,030","2,030","1,899","370.73K","-1.72%"
"2020/05/06","1,977","1,977","2,011","1,977","64.04K","-0.50%"
"2020/05/05","1,987","1,999","2,126","1,987","71.82K","-4.43%"
"2020/05/04","2,079","1,997","2,080","1,957","217.25K","2.62%"
"2020/04/30","2,026","2,141","2,141","2,015","79.65K","-4.48%"
"2020/04/29","2,121","2,094","2,208","1,998","178.68K","0.24%"
"2020/04/28","2,116","2,096","2,143","2,089","24.31K","0.81%"
"2020/04/24","2,099","2,049","2,116","2,049","87.34K","1.50%"
"2020/04/23","2,068","2,070","2,105","2,065","92.70K","0.10%"
"2020/04/22","2,066","2,023","2,109","2,008","83.39K","-0.19%"
"2020/04/21","2,070","2,080","2,099","2,023","286.05K","-1.05%"
"2020/04/20","2,092","2,157","2,160","2,092","125.02K","-3.86%"
"2020/04/17","2,176","2,209","2,228","2,151","360.73K","-0.27%"
"2020/04/16","2,182","2,065","2,216","1,997","403.93K","1.39%"
"2020/04/15","2,152","2,004","2,152","2,004","66.13K","2.23%"
"2020/04/14","2,105","1,940","2,151","1,940","132.02K","0.24%"
"2020/04/09","2,100","1,991","2,100","1,980","72.05K","4.27%"
"2020/04/08","2,014","1,984","2,023","1,959","92.96K","1.21%"
"2020/04/07","1,990","1,955","2,043","1,928","204.45K","2.37%"
"2020/04/06","1,944","1,965","2,001","1,915","84.53K","1.46%"
"2020/04/03","1,916","1,917","1,969","1,773","162.84K","-1.49%"
"2020/04/02","1,945","1,958","2,054","1,914","79.25K","0.05%"
"2020/04/01","1,944","1,980","2,023","1,898","226.90K","-1.27%"
"2020/03/31","1,969","2,006","2,129","1,933","240.56K","-0.56%"
"2020/03/30","1,980","1,980","2,027","1,808","325.33K","-0.05%"
"2020/03/27","1,981","1,893","2,057","1,876","242.34K","4.59%"
"2020/03/26","1,894","1,928","1,932","1,837","179.09K","-3.91%"
"2020/03/25","1,971","2,023","2,038","1,958","458.42K","-0.86%"
"2020/03/24","1,988","1,938","2,043","1,848","146.44K","2.63%"
"2020/03/23","1,937","2,073","2,073","1,937","128.81K","-9.61%"
"2020/03/20","2,143","2,013","2,150","1,993","528.74K","6.41%"
"2020/03/19","2,014","2,079","2,199","1,910","201.19K","-8.62%"
"2020/03/18","2,204","2,151","2,273","2,072","103.97K","-0.59%"
"2020/03/17","2,217","1,893","2,324","1,870","256.25K","12.48%"
"2020/03/16","1,971","2,049","2,049","1,808","153.52K","-2.57%"
"2020/03/13","2,023","1,907","2,109","1,907","176.04K","6.08%"
"2020/03/12","1,907","1,076","2,083","1,076","199.62K","-11.43%"
"2020/03/11","2,153","2,124","2,204","2,124","30.21K","-2.62%"
"2020/03/10","2,211","2,109","2,358","2,023","101.53K","1.98%"
"2020/03/09","2,168","1,980","2,238","1,980","119.20K","1.12%"
"2020/03/06","2,144","2,157","2,229","2,087","57.05K","-0.42%"
"2020/03/05","2,153","2,355","2,401","2,153","114.96K","-8.58%"
"2020/03/04","2,355","2,338","2,397","2,297","194.18K","1.73%"
"2020/03/03","2,315","2,238","2,366","2,216","176.14K","4.80%"
"2020/03/02","2,209","2,181","2,281","2,083","160.11K","2.60%"
"2020/02/28","2,153","2,109","2,153","2,014","752.93K","2.09%"
"2020/02/27","2,109","2,160","2,177","1,972","220.77K","-3.87%"
"2020/02/26","2,194","2,195","2,221","2,087","570.31K","-2.36%"
"2020/02/25","2,247","2,210","2,282","2,136","470.27K","-1.36%"
"2020/02/24","2,278","2,279","2,364","2,144","197.85K","-4.29%"
"2020/02/21","2,380","2,483","2,483","2,313","298.25K","-4.30%"
"2020/02/20","2,487","2,582","2,582","2,413","284.11K","-2.05%"
"2020/02/19","2,539","2,652","2,653","2,434","320.86K","-4.55%"
"2020/02/18","2,660","2,703","2,703","2,634","145.72K","-1.37%"
"2020/02/17","2,697","2,679","2,736","2,666","87.11K","0.41%"
"2020/02/14","2,686","2,733","2,742","2,583","247.92K","-0.63%"
"2020/02/13","2,703","2,733","2,746","2,691","348.94K","-0.77%"
"2020/02/12","2,724","2,806","2,806","2,722","168.40K","-1.27%"
"2020/02/11","2,759","2,751","2,884","2,733","174.77K","-2.85%"
"2020/02/10","2,840","2,886","2,920","2,823","332.57K","-1.80%"
"2020/02/07","2,892","2,952","2,952","2,890","1.49M","-1.90%"
"2020/02/06","2,948","2,866","2,997","2,863","146.24K","2.47%"
"2020/02/05","2,877","2,845","2,884","2,840","198.25K","1.09%"
"2020/02/04","2,846","2,927","2,929","2,829","121.68K","-2.70%"
"2020/02/03","2,925","2,925","2,959","2,862","116.16K","2.60%"
"2020/01/31","2,851","3,012","3,012","2,810","571.76K","-3.84%"
"2020/01/30","2,965","2,970","2,970","2,884","115.11K","1.61%"
"2020/01/29","2,918","2,884","2,950","2,862","140.74K","0.76%"
"2020/01/28","2,896","2,828","2,927","2,828","76.55K","1.44%"
"2020/01/27","2,855","2,836","2,870","2,832","55.68K","0.67%"
"2020/01/24","2,836","2,785","2,836","2,781","80.80K","0.89%"
"2020/01/23","2,811","2,832","2,832","2,798","182.08K","-1.02%"
"2020/01/22","2,840","2,841","2,848","2,797","226.84K","-0.49%"
"2020/01/21","2,854","2,858","2,884","2,854","396.25K","-0.38%"
"2020/01/20","2,865","2,887","2,887","2,859","649.48K","-0.66%"
"2020/01/17","2,884","2,896","2,909","2,884","194.90K","-0.41%"
"2020/01/16","2,896","2,901","2,908","2,884","185.37K","0.00%"
"2020/01/15","2,896","2,934","2,934","2,896","45.53K","-1.19%"
"2020/01/14","2,931","2,952","2,961","2,922","28.14K","-1.25%"
"2020/01/13","2,968","2,901","3,099","2,896","493.93K","1.19%"
"2020/01/10","2,933","2,938","2,969","2,927","33.07K","0.10%"
"2020/01/09","2,930","2,932","2,953","2,927","75.18K","-0.58%"
"2020/01/08","2,947","3,029","3,056","2,930","671.21K","-1.73%"
"2020/01/07","2,999","2,987","3,013","2,921","55.31K","2.15%"
"2020/01/06","2,936","2,881","2,959","2,863","61.38K","1.21%"
"2020/01/03","2,901","2,991","2,991","2,901","111.95K","-0.68%"
"2020/01/02","2,921","2,886","2,954","2,886","80.22K","0.55%"
"2019/12/31","2,905","2,987","2,987","2,828","159.78K","-1.32%"
"2019/12/30","2,944","2,895","2,970","2,813","57.29K","-0.88%"
"2019/12/27","2,970","3,089","3,089","2,818","149.97K","0.24%"
"2019/12/24","2,963","3,056","3,101","2,963","84.94K","-3.95%"
"2019/12/23","3,085","3,132","3,132","3,081","218.43K","-0.29%"
"2019/12/20","3,094","3,022","3,185","3,022","528.66K","-0.71%"
"2019/12/19","3,116","3,122","3,142","3,058","375.33K","-0.16%"
"2019/12/18","3,121","3,120","3,163","3,097","557.32K","0.19%"
"2019/12/17","3,115","3,131","3,153","3,057","135.23K","0.52%"
"2019/12/13","3,099","3,133","3,142","3,043","916.38K","0.58%"
"2019/12/12","3,081","3,073","3,132","3,053","1.21M","-1.53%"
"2019/12/11","3,129","3,013","3,182","3,004","640.97K","1.26%"
"2019/12/10","3,090","3,141","3,163","3,086","346.72K","-0.29%"
"2019/12/09","3,099","3,094","3,122","3,081","1.21M","1.24%"
"2019/12/06","3,061","3,063","3,098","3,057","138.48K","-0.10%"
"2019/12/05","3,064","3,094","3,094","3,050","1.41M","0.86%"
"2019/12/04","3,038","3,013","3,056","3,013","942.42K","0.56%"
"2019/12/03","3,021","2,949","3,069","2,949","591.05K","-0.03%"
"2019/12/02","3,022","2,943","3,091","2,927","776.14K","1.75%"
"2019/11/29","2,970","3,055","3,055","2,855","692.76K","0.61%"
"2019/11/28","2,952","2,890","3,001","2,818","339.06K","3.91%"
"2019/11/27","2,841","2,720","2,907","2,720","368.68K","3.95%"
"2019/11/26","2,733","2,608","2,819","2,608","496.00K","4.79%"
"2019/11/25","2,608","2,600","2,640","2,587","197.06K","0.31%"
"2019/11/22","2,600","2,617","2,643","2,537","74.11K","-0.61%"
"2019/11/21","2,616","2,625","2,686","2,528","709.55K","-0.68%"
"2019/11/20","2,634","2,625","2,711","2,605","1.03M","1.54%"
"2019/11/19","2,594","2,364","2,852","2,354","287.69K","9.59%"
"2019/11/18","2,367","2,366","2,384","2,361","156.05K","-0.92%"
"2019/11/15","2,389","2,404","2,404","2,366","187.26K","0.00%"
"2019/11/14","2,389","2,410","2,441","2,358","200.38K","-0.33%"
"2019/11/13","2,397","2,410","2,430","2,285","151.38K","0.59%"
"2019/11/12","2,383","2,346","2,410","2,289","287.75K","1.40%"
"2019/11/11","2,350","2,259","2,358","2,259","148.27K","2.17%"
"2019/11/08","2,300","2,263","2,302","2,238","152.81K","2.00%"
"2019/11/07","2,255","2,246","2,272","2,219","70.45K","0.76%"
"2019/11/06","2,238","2,185","2,285","2,174","326.94K","2.38%"
"2019/11/05","2,186","2,183","2,203","2,120","147.66K","-1.13%"
"2019/11/04","2,211","2,189","2,284","2,164","20.03K","0.32%"
"2019/11/01","2,204","2,212","2,218","2,196","341.73K","-1.12%"
"2019/10/31","2,229","2,203","2,229","2,203","50.02K","0.59%"
"2019/10/30","2,216","2,260","2,260","2,161","143.59K","-0.98%"
"2019/10/29","2,238","2,243","2,298","2,230","126.99K","-0.18%"
"2019/10/28","2,242","2,223","2,335","2,153","105.40K","-2.10%"
"2019/10/25","2,290","2,228","2,293","2,221","249.69K","1.82%"
"2019/10/24","2,249","2,251","2,339","2,229","159.47K","-0.49%"
"2019/10/23","2,260","2,290","2,296","2,229","125.54K","-1.31%"
"2019/10/22","2,290","2,219","2,324","2,217","323.33K","-0.52%"
"2019/10/21","2,302","2,285","2,353","2,284","217.96K","0.79%"
"2019/10/18","2,284","2,311","2,311","2,281","144.49K","1.38%"
"2019/10/17","2,253","2,221","2,275","2,221","16.42K","0.49%"
"2019/10/16","2,242","2,216","2,255","2,204","306.77K","1.13%"
"2019/10/15","2,217","2,216","2,234","2,214","6.21K","0.05%"
"2019/10/14","2,216","2,274","2,278","2,204","61.53K","0.05%"
"2019/10/11","2,215","2,209","2,299","2,209","34.44K","-2.89%"
"2019/10/10","2,281","2,217","2,281","2,187","121.02K","2.70%"
"2019/10/09","2,221","2,315","2,315","2,173","280.11K","-3.06%"
"2019/10/08","2,291","2,367","2,368","2,254","90.67K","-4.18%"
"2019/10/07","2,391","2,221","2,391","2,204","187.30K","8.09%"
"2019/10/04","2,212","2,195","2,237","2,164","209.11K","-1.16%"
"2019/10/03","2,238","2,164","2,277","2,160","174.05K","1.96%"
"2019/10/02","2,195","2,159","2,239","2,153","358.66K","1.53%"
"2019/10/01","2,162","2,238","2,319","2,118","238.48K","0.84%"
"2019/09/30","2,144","2,109","2,220","2,066","540.73K","1.28%"
"2019/09/27","2,117","2,143","2,153","2,041","514.61K","-1.63%"
"2019/09/26","2,152","2,154","2,283","2,126","358.77K","-3.97%"
"2019/09/25","2,241","2,327","2,327","2,158","306.41K","-2.69%"
"2019/09/23","2,303","2,281","2,307","2,254","148.94K","0.96%"
"2019/09/20","2,281","2,282","2,383","2,277","471.20K","1.15%"
"2019/09/19","2,255","2,195","2,341","2,169","195.53K","-1.14%"
"2019/09/18","2,281","2,196","2,342","2,196","56.52K","3.92%"
"2019/09/17","2,195","2,488","2,488","2,153","470.68K","-9.07%"
"2019/09/16","2,414","2,445","2,445","2,389","455.16K","-0.74%"
"2019/09/13","2,432","2,453","2,453","2,406","142.18K","0.75%"
"2019/09/12","2,414","2,453","2,453","2,334","301.20K","-1.59%"
"2019/09/11","2,453","2,455","2,488","2,350","173.29K","-1.72%"
"2019/09/10","2,496","2,427","2,496","2,424","595.68K","2.30%"
"2019/09/09","2,440","2,418","2,468","2,417","163.86K","0.04%"
"2019/09/06","2,439","2,472","2,472","2,419","222.23K","-1.33%"
"2019/09/05","2,472","2,453","2,608","2,281","176.30K","0.61%"
"2019/09/04","2,457","2,754","2,754","2,393","111.13K","-0.49%"
"2019/09/03","2,469","2,497","2,527","2,406","505.52K","-1.08%"
"2019/09/02","2,496","2,698","2,698","2,484","198.54K","-6.69%"
"2019/08/30","2,675","2,603","2,786","2,603","976.26K","5.61%"
"2019/08/29","2,533","2,466","2,753","2,466","255.77K","2.72%"
"2019/08/28","2,466","2,178","2,508","2,066","1.52M","16.60%"
"2019/08/27","2,115","2,087","2,115","2,034","143.35K","1.78%"
"2019/08/26","2,078","2,078","2,117","2,032","122.55K","-0.43%"
"2019/08/23","2,087","2,083","2,108","2,071","273.98K","-0.43%"
"2019/08/22","2,096","2,034","2,142","1,916","665.87K","-5.07%"
"2019/08/21","2,208","2,178","2,208","2,111","242.62K","2.51%"
"2019/08/20","2,154","2,136","2,183","2,111","234.87K","1.36%"
"2019/08/19","2,125","2,072","2,162","2,072","41.61K","2.61%"
"2019/08/16","2,071","2,042","2,147","2,041","32.35K","0.88%"
"2019/08/15","2,053","2,043","2,154","2,035","38.86K","-0.15%"
"2019/08/14","2,056","2,035","2,057","2,029","215.35K","0.15%"
"2019/08/13","2,053","2,009","2,095","1,933","614.62K","2.19%"
"2019/08/12","2,009","1,863","2,084","1,863","997.30K","-1.47%"
"2019/08/08","2,039","1,975","2,065","1,975","96.93K","3.45%"
"2019/08/07","1,971","1,960","1,996","1,960","158.46K","1.39%"
"2019/08/06","1,944","1,972","1,975","1,944","58.20K","-0.10%"
"2019/08/05","1,946","1,981","1,983","1,855","229.39K","-1.77%"
"2019/08/02","1,981","2,053","2,054","1,975","99.78K","-3.65%"
"2019/08/01","2,056","1,975","2,065","1,975","83.43K","1.78%"
"2019/07/31","2,020","1,987","2,095","1,987","105.57K","-0.74%"
"2019/07/30","2,035","1,945","2,041","1,940","165.38K","5.11%"
"2019/07/29","1,936","1,975","1,990","1,896","25.68K","-2.96%"
"2019/07/26","1,995","2,035","2,041","1,985","44.99K","-2.35%"
"2019/07/25","2,043","2,020","2,123","1,975","239.73K","1.69%"
"2019/07/24","2,009","2,007","2,035","1,987","187.02K","-0.15%"
"2019/07/23","2,012","1,978","2,050","1,976","1.31M","0.95%"
"2019/07/22","1,993","2,004","2,009","1,928","273.64K","0.86%"
"2019/07/19","1,976","1,975","2,052","1,971","372.10K","0.82%"
"2019/07/18","1,960","1,976","1,990","1,828","274.81K","-1.06%"
"2019/07/17","1,981","1,960","1,990","1,925","381.27K","0.30%"
"2019/07/16","1,975","1,861","1,995","1,861","563.68K","6.13%"
"2019/07/15","1,861","1,903","1,971","1,846","172.34K","0.11%"
"2019/07/12","1,859","1,780","1,908","1,780","191.23K","3.57%"
"2019/07/11","1,795","1,795","1,874","1,752","196.57K","-1.21%"
"2019/07/10","1,817","1,742","1,883","1,742","117.60K","3.12%"
"2019/07/09","1,762","1,736","1,792","1,676","420.06K","2.32%"
"2019/07/08","1,722","1,795","1,825","1,676","406.29K","-7.22%"
"2019/07/05","1,856","1,834","1,906","1,798","531.86K","-1.69%"
"2019/07/04","1,888","1,915","1,915","1,799","230.53K","1.40%"
"2019/07/03","1,862","1,885","1,943","1,862","286.78K","-3.12%"
"2019/07/02","1,922","2,017","2,017","1,915","152.29K","-4.43%"
"2019/07/01","2,011","2,106","2,125","2,011","125.56K","-4.60%"
"2019/06/28","2,108","2,005","2,150","2,005","130.55K","0.14%"
"2019/06/27","2,105","2,231","2,231","2,095","217.39K","-5.44%"
"2019/06/26","2,226","2,274","2,303","2,153","143.99K","-3.09%"
"2019/06/25","2,297","2,035","2,394","1,975","975.46K","11.78%"
"2019/06/24","2,055","2,155","2,214","2,041","197.37K","-4.91%"
"2019/06/21","2,161","2,290","2,360","2,161","349.28K","-9.28%"
"2019/06/20","2,382","2,304","2,487","2,274","234.12K","4.25%"
"2019/06/19","2,285","2,298","2,361","2,165","146.33K","2.47%"
"2019/06/18","2,230","2,274","2,381","2,184","105.76K","-1.98%"
"2019/06/14","2,275","2,274","2,298","2,215","145.17K","-0.39%"
"2019/06/13","2,284","2,454","2,457","2,280","414.97K","-6.93%"
"2019/06/12","2,454","2,600","2,615","2,447","880.88K","-5.21%"
"2019/06/11","2,589","2,594","2,642","2,587","115.46K","-0.31%"
"2019/06/10","2,597","2,615","2,621","2,585","141.60K","-0.23%"
"2019/06/07","2,603","2,627","2,663","2,567","43.94K","0.00%"
"2019/06/06","2,603","2,578","2,627","2,578","100.63K","0.31%"
"2019/06/05","2,595","2,627","2,681","2,582","122.05K","-1.48%"
"2019/06/04","2,634","2,603","2,671","2,487","47.39K","0.11%"
"2019/06/03","2,631","2,634","2,751","2,537","305.18K","-0.64%"
"2019/05/31","2,648","2,669","2,795","2,636","127.13K","-5.06%"
"2019/05/30","2,789","3,113","3,307","2,633","772.25K","-12.16%"
"2019/05/29","3,175","3,151","3,231","2,998","93.92K","0.00%"
"2019/05/28","3,175","3,142","3,269","3,064","258.19K","0.16%"
"2019/05/27","3,170","3,112","3,230","3,112","41.81K","1.77%"
"2019/05/24","3,115","3,124","3,128","2,873","200.38K","-0.29%"
"2019/05/23","3,124","3,172","3,172","3,087","329.73K","-0.70%"
"2019/05/22","3,146","3,217","3,217","3,136","373.56K","-2.12%"
"2019/05/21","3,214","3,224","3,286","3,190","734.51K","-0.92%"
"2019/05/20","3,244","3,238","3,331","3,224","356.06K","-0.55%"
"2019/05/17","3,262","3,239","3,284","3,232","186.61K","-0.52%"
"2019/05/16","3,279","3,236","3,332","3,236","100.21K","-0.33%"
"2019/05/15","3,290","3,232","3,290","3,207","190.45K","1.23%"
"2019/05/14","3,250","3,233","3,288","3,232","359.53K","-3.42%"
"2019/05/13","3,365","3,502","3,627","3,289","781.11K","-7.38%"
"2019/05/10","3,633","3,591","3,703","3,591","234.39K","0.33%"
"2019/05/09","3,621","3,652","3,703","3,542","318.49K","-1.68%"
"2019/05/07","3,683","3,591","3,710","3,591","155.50K","0.99%"
"2019/05/06","3,647","3,531","3,688","3,531","212.12K","2.70%"
"2019/05/03","3,551","3,485","3,593","3,471","292.99K","2.28%"
"2019/05/02","3,472","3,441","3,518","3,411","131.10K","-0.32%"
"2019/04/30","3,483","3,472","3,567","3,470","302.38K","-1.30%"
"2019/04/29","3,529","3,545","3,557","3,459","145.01K","0.31%"
"2019/04/26","3,518","3,472","3,584","3,471","135.14K","0.29%"
"2019/04/25","3,508","3,308","3,670","3,308","692.28K","0.89%"
"2019/04/24","3,477","3,471","3,497","3,292","764.77K","-0.06%"
"2019/04/23","3,479","2,989","3,826","2,932","1.07M","16.28%"
"2019/04/18","2,992","3,262","3,311","2,952","526.10K","-6.27%"
"2019/04/17","3,192","3,351","3,360","3,172","263.59K","-5.08%"
"2019/04/16","3,363","3,172","3,474","3,171","677.22K","6.02%"
"2019/04/15","3,172","2,992","3,223","2,992","305.45K","6.02%"
"2019/04/12","2,992","3,004","3,066","2,864","201.50K","2.01%"
"2019/04/11","2,933","3,034","3,035","2,895","276.32K","-3.90%"
"2019/04/10","3,052","3,215","3,215","3,026","435.64K","-1.45%"
"2019/04/09","3,097","2,920","3,122","2,914","629.83K","6.43%"
"2019/04/08","2,910","2,843","2,968","2,843","436.59K","1.82%"
"2019/04/05","2,858","2,695","2,873","2,695","296.40K","1.60%"
"2019/04/04","2,813","2,828","2,851","2,797","475.02K","-1.57%"
"2019/04/03","2,858","2,883","2,917","2,819","439.48K","-0.76%"
"2019/04/02","2,880","2,905","2,910","2,862","337.54K","-1.77%"
"2019/04/01","2,932","3,052","3,053","2,859","400.25K","-3.74%"
"2019/03/29","3,046","3,125","3,125","3,006","518.44K","-3.15%"
"2019/03/28","3,145","3,351","3,351","3,112","507.37K","-7.80%"
"2019/03/27","3,411","3,351","3,412","3,351","1.36M","1.73%"
"2019/03/26","3,353","3,399","3,399","3,339","374.88K","0.06%"
"2019/03/25","3,351","3,306","3,363","3,293","112.74K","0.00%"
"2019/03/22","3,351","3,262","3,430","3,262","650.83K","1.45%"
"2019/03/20","3,303","3,484","3,492","3,157","1.60M","-4.84%"
"2019/03/19","3,471","3,590","3,591","3,417","943.08K","-2.94%"
"2019/03/18","3,576","3,637","3,637","3,546","1.14M","-2.13%"
"2019/03/15","3,654","3,653","3,695","3,646","3.22M","-0.11%"
"2019/03/14","3,658","3,638","3,722","3,632","884.25K","0.69%"
"2019/03/13","3,633","3,648","3,651","3,499","354.19K","2.89%"
"2019/03/12","3,531","3,579","3,593","3,482","343.54K","-1.67%"
"2019/03/11","3,591","3,640","3,710","3,563","593.58K","-2.52%"
"2019/03/08","3,684","3,592","3,684","3,582","455.30K","1.74%"
"2019/03/07","3,621","3,698","3,698","3,572","714.54K","-1.04%"
"2019/03/06","3,659","3,594","3,698","3,594","790.82K","1.02%"
"2019/03/05","3,622","3,591","3,683","3,572","943.24K","0.03%"
"2019/03/04","3,621","3,532","3,651","3,531","458.10K","0.84%"
"2019/03/01","3,591","3,517","3,665","3,504","53.42K","0.59%"
"2019/02/28","3,570","3,560","3,570","3,411","459.82K","4.85%"
"2019/02/27","3,405","3,584","3,591","3,291","524.44K","-5.18%"
"2019/02/26","3,591","3,914","3,914","3,524","336.67K","-5.80%"
"2019/02/25","3,812","3,890","3,903","3,770","174.42K","-2.36%"
"2019/02/22","3,904","3,890","3,949","3,890","665.98K","-0.18%"
"2019/02/21","3,911","3,840","3,973","3,825","427.95K","1.32%"
"2019/02/20","3,860","4,058","4,163","3,860","581.49K","-7.28%"
"2019/02/19","4,163","4,065","4,163","3,965","315.40K","5.10%"
"2019/02/18","3,961","3,992","3,998","3,897","210.97K","-1.44%"
"2019/02/15","4,019","4,030","4,157","3,900","203.22K","-1.20%"
"2019/02/14","4,068","4,102","4,160","3,992","254.30K","-2.07%"
"2019/02/13","4,154","4,175","4,227","3,976","724.71K","-0.84%"
"2019/02/12","4,189","4,427","4,427","4,181","373.06K","-4.10%"
"2019/02/11","4,368","4,250","4,427","4,250","168.66K","-1.36%"
"2019/02/08","4,428","4,877","4,877","4,255","251.31K","-5.75%"
"2019/02/07","4,698","5,084","5,084","4,673","386.42K","-3.07%"
"2019/02/06","4,847","4,801","4,912","4,789","298.43K","0.92%"
"2019/02/05","4,803","4,818","4,853","4,757","463.43K","-2.30%"
"2019/02/04","4,916","5,147","5,147","4,870","60.74K","-2.21%"
"2019/02/01","5,027","5,086","5,117","5,002","131.74K","-0.57%"
"2019/01/31","5,056","5,058","5,146","5,004","51.44K","-0.02%"
"2019/01/30","5,057","5,027","5,068","5,013","55.87K","0.08%"
"2019/01/29","5,053","5,029","5,147","5,008","36.90K","-1.83%"
"2019/01/28","5,147","5,028","5,266","5,028","24.90K","1.06%"
"2019/01/25","5,093","5,236","5,355","5,068","138.45K","-5.18%"
"2019/01/24","5,371","5,326","5,386","5,278","82.56K","-0.02%"
"2019/01/23","5,372","5,404","5,451","5,370","149.01K","-1.54%"
"2019/01/22","5,456","5,414","5,476","5,404","33.21K","0.85%"
"2019/01/21","5,410","5,416","5,476","5,409","28.37K","-0.11%"
"2019/01/18","5,416","5,503","5,503","5,379","98.94K","-0.55%"
"2019/01/17","5,446","5,503","5,503","5,392","90.57K","-0.46%"
"2019/01/16","5,471","5,372","5,572","5,372","41.32K","-0.51%"
"2019/01/15","5,499","5,506","5,573","5,401","72.75K","-1.33%"
"2019/01/14","5,573","5,745","5,985","5,446","77.54K","1.22%"
"2019/01/11","5,506","5,426","5,894","5,418","40.67K","-0.33%"
"2019/01/10","5,524","5,687","5,985","5,371","50.26K","1.96%"
"2019/01/09","5,418","5,177","5,685","5,117","179.06K","0.88%"
"2019/01/08","5,371","5,266","5,775","5,087","107.87K","-1.09%"
"2019/01/07","5,430","5,266","5,460","5,207","48.69K","3.63%"
"2019/01/04","5,240","5,266","5,266","5,027","38.97K","1.59%"
"2019/01/03","5,158","5,206","5,206","5,020","82.95K","2.73%"
"2019/01/02","5,021","4,788","5,207","4,758","87.82K","-0.71%"
"2018/12/31","5,057","5,027","5,070","4,894","13.60K","0.40%"
"2018/12/28","5,037","4,910","5,037","4,896","17.07K","2.32%"
"2018/12/27","4,923","4,973","4,973","4,894","103.15K","0.00%"
"2018/12/24","4,923","4,973","4,973","4,920","11.41K","-1.01%"
"2018/12/21","4,973","4,777","4,973","4,777","213.06K","1.66%"
"2018/12/20","4,892","4,877","4,892","4,824","258.89K","0.31%"
"2018/12/19","4,877","4,972","4,972","4,836","160.21K","0.45%"
"2018/12/18","4,855","4,767","4,964","4,728","359.58K","-1.22%"
"2018/12/14","4,915","4,955","4,956","4,906","117.62K","-0.57%"
"2018/12/13","4,943","4,962","4,991","4,938","100.39K","0.12%"
"2018/12/12","4,937","4,907","5,003","4,907","192.88K","-0.36%"
"2018/12/11","4,955","4,952","4,962","4,949","36.59K","-0.14%"
"2018/12/10","4,962","5,070","5,070","4,917","114.17K","0.47%"
"2018/12/07","4,939","5,057","5,057","4,916","126.77K","0.10%"
"2018/12/06","4,934","4,906","5,069","4,852","312.03K","-1.60%"
"2018/12/05","5,014","4,907","5,205","4,788","241.24K","-2.75%"
"2018/12/04","5,156","4,727","5,326","4,548","190.84K","4.22%"
"2018/12/03","4,947","4,967","5,022","4,910","42.33K","1.12%"
"2018/11/30","4,892","5,005","5,005","4,872","244.79K","-2.26%"
"2018/11/29","5,005","5,207","5,301","5,001","255.20K","-2.19%"
"2018/11/28","5,117","5,529","5,565","5,067","564.61K","-4.46%"
"2018/11/27","5,356","5,266","5,432","5,058","457.21K","5.37%"
"2018/11/26","5,083","5,087","5,146","5,027","511.45K","0.04%"
"2018/11/23","5,081","5,207","5,266","4,920","407.03K","-2.42%"
"2018/11/22","5,207","5,416","5,431","4,998","577.68K","-0.34%"
"2018/11/21","5,225","5,474","5,474","5,205","193.52K","-4.77%"
"2018/11/20","5,487","5,416","5,864","5,354","298.57K","-2.97%"
"2018/11/19","5,655","5,865","5,865","5,634","55.47K","-1.15%"
"2018/11/16","5,721","5,859","5,959","5,668","215.53K","-2.26%"
"2018/11/15","5,853","5,912","5,912","5,814","100.94K","-1.22%"
"2018/11/14","5,925","6,104","6,104","5,853","100.48K","-0.85%"
"2018/11/13","5,976","6,203","6,207","5,967","249.88K","-3.61%"
"2018/11/12","6,200","6,822","6,822","5,805","280.65K","-10.68%"
"2018/11/09","6,941","6,883","6,942","6,883","116.27K","-0.44%"
"2018/11/08","6,972","6,972","7,021","6,946","139.49K","0.06%"
"2018/11/07","6,968","6,882","7,016","6,881","382.17K","1.69%"
"2018/11/06","6,852","6,882","6,882","6,403","145.89K","-0.44%"
"2018/11/05","6,882","6,589","6,886","6,589","279.21K","0.00%"
"2018/11/02","6,882","6,939","6,945","6,846","263.95K","-0.69%"
"2018/11/01","6,930","7,000","7,002","6,929","374.12K","-0.35%"
"2018/10/31","6,954","6,940","7,178","6,703","271.38K","0.20%"
"2018/10/30","6,940","6,972","6,972","6,887","79.03K","-0.46%"
"2018/10/29","6,972","7,074","7,074","6,882","75.34K","-0.43%"
"2018/10/26","7,002","7,181","7,181","6,977","122.77K","-2.49%"
"2018/10/25","7,181","7,289","7,295","7,150","142.74K","-1.62%"
"2018/10/24","7,299","7,241","7,419","7,231","56.69K","-0.12%"
"2018/10/23","7,308","7,457","7,468","7,183","141.44K","0.58%"
"2018/10/22","7,266","7,211","7,466","7,211","17.67K","-0.98%"
"2018/10/19","7,338","7,122","7,338","6,956","156.16K","0.78%"
"2018/10/18","7,281","7,417","7,417","7,180","61.37K","-1.83%"
"2018/10/17","7,417","7,481","7,503","7,321","133.53K","-2.64%"
"2018/10/16","7,618","7,409","7,664","7,369","201.61K","2.82%"
"2018/10/15","7,409","7,447","7,451","7,391","83.18K","-1.24%"
"2018/10/12","7,502","7,277","7,578","7,277","249.30K","-0.50%"
"2018/10/11","7,540","7,481","7,579","7,401","263.82K","0.52%"
"2018/10/10","7,501","7,436","7,713","7,436","141.34K","-1.07%"
"2018/10/09","7,582","7,444","7,593","7,444","75.50K","-0.47%"
"2018/10/08","7,618","7,493","7,660","7,436","209.63K","0.75%"
"2018/10/05","7,561","7,436","7,576","7,436","84.73K","0.59%"
"2018/10/04","7,517","7,558","7,562","7,457","69.49K","0.85%"
"2018/10/03","7,454","7,436","7,470","7,436","22.44K","-0.17%"
"2018/10/02","7,467","7,436","7,509","7,436","42.75K","-1.11%"
"2018/10/01","7,551","7,505","7,594","7,436","137.16K","-0.24%"
"2018/09/28","7,569","7,541","7,569","7,500","138.48K","0.33%"
"2018/09/27","7,544","7,436","7,554","7,436","144.78K","-0.34%"
"2018/09/26","7,570","7,439","7,570","7,439","132.75K","0.76%"
"2018/09/25","7,513","7,600","7,600","7,494","76.34K","0.12%"
"2018/09/21","7,504","7,600","7,600","7,501","272.79K","-0.13%"
"2018/09/20","7,514","7,436","7,600","7,436","159.16K","-0.37%"
"2018/09/19","7,542","7,480","7,600","7,366","88.18K","1.47%"
"2018/09/18","7,433","7,480","7,480","7,316","73.36K","0.75%"
"2018/09/17","7,378","7,361","7,474","7,361","227.25K","-1.14%"
"2018/09/14","7,463","7,277","7,473","7,277","101.77K","-0.35%"
"2018/09/13","7,489","7,481","7,535","7,308","145.46K","0.01%"
"2018/09/12","7,488","7,553","7,570","7,481","193.69K","-1.24%"
"2018/09/11","7,582","7,570","7,615","7,539","124.87K","-0.24%"
"2018/09/10","7,600","7,660","7,660","7,562","424.14K","-0.39%"
"2018/09/07","7,630","7,552","7,696","7,552","73.91K","-0.17%"
"2018/09/06","7,643","7,660","7,699","7,630","1.12M","-0.18%"
"2018/09/05","7,657","7,657","7,662","7,573","155.85K","0.07%"
"2018/09/04","7,652","7,740","7,740","7,641","193.70K","-1.03%"
"2018/09/03","7,732","7,780","7,780","7,693","38.02K","-0.62%"
"2018/08/31","7,780","7,691","7,780","7,688","144.96K","1.16%"
"2018/08/30","7,691","7,780","7,797","7,666","63.61K","-1.04%"
"2018/08/29","7,772","7,660","7,804","7,660","118.55K","-0.09%"
"2018/08/28","7,779","7,780","7,787","7,759","326.95K","-0.01%"
"2018/08/27","7,780","7,660","7,849","7,660","211.76K","1.57%"
"2018/08/24","7,660","7,673","7,720","7,602","3.88M","-0.55%"
"2018/08/23","7,702","7,673","7,827","7,673","45.66K","0.06%"
"2018/08/22","7,697","7,618","7,798","7,618","45.76K","0.07%"
"2018/08/21","7,692","7,633","7,701","7,603","51.04K","0.38%"
"2018/08/20","7,663","7,600","7,733","7,600","24.91K","0.00%"
"2018/08/17","7,663","7,756","7,840","7,606","58.88K","-1.20%"
"2018/08/16","7,756","7,731","7,827","7,698","157.04K","0.34%"
"2018/08/15","7,730","7,758","7,775","7,706","70.58K","-0.36%"
"2018/08/14","7,758","7,842","7,842","7,664","47.73K","1.15%"
"2018/08/13","7,670","7,780","7,804","7,664","24.23K","-2.19%"
"2018/08/10","7,842","8,019","8,019","7,794","64.29K","-0.62%"
"2018/08/08","7,891","7,810","7,891","7,810","214.98K","0.29%"
"2018/08/07","7,868","7,733","7,882","7,733","144.57K","1.58%"
"2018/08/06","7,746","7,602","7,780","7,602","146.03K","-0.14%"
"2018/08/03","7,757","7,698","8,079","7,319","119.31K","0.77%"
"2018/08/02","7,698","7,817","7,876","7,617","96.64K","-1.52%"
"2018/08/01","7,817","7,747","7,848","7,747","98.45K","0.90%"
"2018/07/31","7,747","7,702","7,839","7,653","94.19K","0.45%"
"2018/07/30","7,712","7,630","7,761","7,630","68.67K","0.60%"
"2018/07/27","7,666","7,600","7,780","7,600","17.68K","0.83%"
"2018/07/26","7,603","7,570","7,716","7,570","151.33K","0.11%"
"2018/07/25","7,595","7,569","7,660","7,569","71.58K","0.34%"
"2018/07/24","7,569","7,541","7,687","7,541","39.62K","0.32%"
"2018/07/23","7,545","7,212","7,609","7,212","29.42K","0.25%"
"2018/07/20","7,526","7,361","7,625","7,361","77.90K","0.72%"
"2018/07/19","7,472","7,481","7,566","7,456","100.70K","-0.76%"
"2018/07/18","7,529","7,361","7,567","7,361","147.93K","0.07%"
"2018/07/17","7,524","7,493","7,581","7,468","34.56K","0.41%"
"2018/07/16","7,493","7,181","7,511","7,181","54.13K","0.00%"
"2018/07/13","7,493","7,481","7,538","7,092","175.25K","-0.28%"
"2018/07/12","7,514","7,663","7,663","7,481","61.22K","-1.71%"
"2018/07/11","7,645","7,600","7,720","7,600","161.16K","-1.58%"
"2018/07/10","7,768","7,603","7,821","7,603","235.64K","0.05%"
"2018/07/09","7,764","7,603","7,801","7,603","169.38K","0.10%"
"2018/07/06","7,756","7,840","7,843","7,744","220.84K","-1.07%"
"2018/07/05","7,840","7,852","7,900","7,840","186.84K","-0.38%"
"2018/07/04","7,870","7,600","7,900","7,600","210.53K","0.17%"
"2018/07/03","7,857","7,840","7,912","7,840","194.49K","-0.44%"
"2018/07/02","7,892","8,019","8,019","7,888","37.39K","-0.10%"
"2018/06/29","7,900","7,882","7,989","7,880","249.75K","0.22%"
"2018/06/28","7,883","7,900","7,900","7,866","85.13K","-0.22%"
"2018/06/27","7,900","8,079","8,079","7,769","103.19K","1.17%"
"2018/06/26","7,809","7,708","7,934","7,708","158.24K","1.13%"
"2018/06/25","7,722","7,432","7,773","7,432","61.31K","-0.30%"
"2018/06/22","7,745","7,852","7,874","7,745","117.26K","-1.59%"
"2018/06/21","7,870","7,600","7,900","7,600","113.08K","0.64%"
"2018/06/20","7,820","7,481","7,918","7,481","87.36K","0.24%"
"2018/06/19","7,801","7,780","7,873","7,780","331.46K","-0.15%"
"2018/06/18","7,813","7,720","7,843","7,720","50.29K","-1.10%"
"2018/06/15","7,900","7,930","7,997","7,879","245.88K","-0.08%"
"2018/06/14","7,906","7,750","7,930","7,750","123.77K","0.08%"
"2018/06/13","7,900","7,840","7,935","7,822","76.86K","-0.74%"
"2018/06/12","7,959","7,780","8,049","7,776","273.33K","0.75%"
"2018/06/11","7,900","7,840","7,914","7,831","111.85K","0.08%"
"2018/06/08","7,894","7,424","7,928","7,424","157.80K","1.18%"
"2018/06/07","7,802","7,484","7,952","7,484","373.51K","-0.10%"
"2018/06/06","7,810","7,660","8,043","7,660","670.52K","-0.38%"
"2018/06/05","7,840","7,900","8,138","7,727","302.74K","-3.66%"
"2018/06/04","8,138","7,882","8,138","7,882","94.52K","3.16%"
"2018/06/01","7,889","7,690","8,078","7,690","367.03K","-2.35%"
"2018/05/31","8,079","8,019","8,445","7,977","146.84K","0.34%"
"2018/05/30","8,052","8,019","8,079","7,989","222.31K","0.11%"
"2018/05/29","8,043","7,783","8,079","7,783","158.56K","0.37%"
"2018/05/28","8,013","7,783","8,079","7,783","107.74K","-0.82%"
"2018/05/25","8,079","8,045","8,083","7,960","149.98K","0.21%"
"2018/05/24","8,062","7,876","8,254","7,876","75.74K","-1.16%"
"2018/05/23","8,157","8,200","8,250","8,079","128.21K","-0.57%"
"2018/05/22","8,204","8,259","8,558","8,202","84.19K","0.06%"
"2018/05/21","8,199","7,816","8,304","7,816","221.91K","0.00%"
"2018/05/18","8,199","8,259","8,275","7,990","158.40K","-0.33%"
"2018/05/17","8,226","8,378","8,463","8,079","112.93K","0.33%"
"2018/05/16","8,199","8,552","8,552","8,049","133.72K","-0.92%"
"2018/05/15","8,275","8,468","8,468","8,079","84.67K","-2.00%"
"2018/05/14","8,444","8,259","8,558","8,079","78.93K","1.54%"
"2018/05/11","8,316","8,372","8,438","8,152","282.51K","-0.80%"
"2018/05/10","8,383","8,971","8,971","8,308","89.78K","-4.18%"
"2018/05/09","8,749","8,498","8,897","8,356","361.44K","3.50%"
"2018/05/08","8,453","8,809","8,809","8,343","171.81K","-3.87%"
"2018/05/07","8,793","8,707","8,795","8,564","57.44K","1.42%"
"2018/05/04","8,670","8,916","8,977","8,625","262.83K","-2.56%"
"2018/05/03","8,898","8,587","8,915","8,587","274.33K","0.60%"
"2018/05/02","8,845","8,587","8,976","8,577","155.92K","3.00%"
"2018/04/30","8,587","8,678","8,755","8,442","26.52K","-1.05%"
"2018/04/26","8,678","8,537","8,678","8,537","98.89K","1.44%"
"2018/04/25","8,555","8,534","8,623","8,534","46.20K","-0.52%"
"2018/04/24","8,600","8,534","8,609","8,496","123.64K","0.41%"
"2018/04/23","8,565","8,378","8,565","8,378","23.23K","-0.51%"
"2018/04/20","8,609","8,686","8,686","8,539","91.70K","-0.44%"
"2018/04/19","8,647","8,690","8,734","8,575","58.11K","-0.49%"
"2018/04/18","8,690","8,797","8,840","8,483","134.68K","1.55%"
"2018/04/17","8,557","8,678","8,754","8,369","63.88K","2.69%"
"2018/04/16","8,333","8,324","8,737","8,310","159.23K","-1.00%"
"2018/04/13","8,417","8,606","8,606","8,320","211.34K","-0.46%"
"2018/04/12","8,456","8,438","8,493","8,316","127.63K","0.21%"
"2018/04/11","8,438","8,318","8,510","8,318","116.90K","1.43%"
"2018/04/10","8,319","8,618","8,669","8,303","180.03K","-0.35%"
"2018/04/09","8,348","8,737","8,737","8,269","239.86K","-4.52%"
"2018/04/06","8,743","8,678","8,809","8,658","110.85K","0.98%"
"2018/04/05","8,658","8,688","8,701","8,620","141.84K","-0.25%"
"2018/04/04","8,680","8,678","9,037","8,140","133.19K","-1.67%"
"2018/04/03","8,827","8,977","9,246","8,791","49.34K","-1.01%"
"2018/03/29","8,917","8,977","8,977","8,877","87.74K","0.00%"
"2018/03/28","8,917","8,976","8,976","8,813","74.78K","0.00%"
"2018/03/27","8,917","8,818","8,962","8,701","131.85K","1.12%"
"2018/03/26","8,818","8,797","9,036","8,777","104.48K","-1.63%"
"2018/03/23","8,964","9,001","9,001","8,918","147.55K","-0.81%"
"2018/03/22","9,037","9,013","9,126","8,906","84.64K","0.27%"
"2018/03/20","9,013","8,947","9,123","8,742","52.79K","-0.40%"
"2018/03/19","9,049","8,977","9,125","8,955","45.13K","0.80%"
"2018/03/16","8,977","8,977","9,126","8,967","151.68K","0.00%"
"2018/03/15","8,977","8,977","9,243","8,916","136.77K","0.01%"
"2018/03/14","8,976","9,156","9,156","8,964","50.21K","-0.68%"
"2018/03/13","9,037","9,089","9,111","8,881","116.64K","-1.29%"
"2018/03/12","9,155","9,096","9,357","8,977","167.79K","-1.70%"
"2018/03/09","9,313","8,947","9,313","8,947","168.79K","0.40%"
"2018/03/08","9,276","9,216","9,371","9,186","166.04K","0.65%"
"2018/03/07","9,216","9,099","9,235","9,097","106.44K","1.29%"
"2018/03/06","9,099","9,055","9,123","9,037","131.60K","0.36%"
"2018/03/05","9,066","8,917","9,275","8,917","113.49K","-0.61%"
"2018/03/02","9,122","9,096","9,209","8,857","207.31K","-1.50%"
"2018/03/01","9,261","9,276","9,540","9,199","108.26K","-0.39%"
"2018/02/28","9,297","9,246","9,348","9,216","98.97K","0.39%"
"2018/02/27","9,261","9,276","9,277","9,160","195.42K","0.62%"
"2018/02/26","9,204","9,426","9,575","8,858","652.91K","1.98%"
"2018/02/23","9,025","8,858","9,214","8,858","74.18K","-1.63%"
"2018/02/22","9,175","9,231","9,516","9,131","122.08K","-0.61%"
"2018/02/21","9,231","9,396","9,635","8,917","180.72K","-0.53%"
"2018/02/20","9,280","9,216","9,327","9,175","84.19K","0.69%"
"2018/02/19","9,216","9,096","9,432","9,094","199.14K","1.43%"
"2018/02/16","9,086","8,798","9,101","8,798","144.10K","0.96%"
"2018/02/15","9,000","8,827","9,275","8,807","344.49K","1.96%"
"2018/02/14","8,827","8,737","9,088","8,566","71.75K","0.55%"
"2018/02/13","8,779","8,917","8,976","8,762","58.52K","0.45%"
"2018/02/12","8,740","8,618","8,947","8,411","75.61K","0.03%"
"2018/02/09","8,737","8,738","8,937","8,678","69.12K","-2.67%"
"2018/02/08","8,977","8,827","8,977","8,737","157.22K","2.75%"
"2018/02/07","8,737","8,707","8,812","8,707","93.89K","-0.79%"
"2018/02/06","8,807","8,678","8,807","8,558","95.58K","0.80%"
"2018/02/05","8,737","8,761","8,767","8,498","92.27K","-1.61%"
"2018/02/02","8,880","8,737","8,917","8,697","71.06K","0.11%"
"2018/02/01","8,870","8,390","8,870","8,390","41.49K","1.64%"
"2018/01/31","8,727","8,411","8,916","8,411","89.97K","-0.93%"
"2018/01/30","8,809","8,977","8,977","8,654","28.31K","-0.32%"
"2018/01/29","8,837","8,977","8,977","8,680","58.92K","-0.55%"
"2018/01/26","8,886","8,887","8,888","8,747","74.39K","-0.13%"
"2018/01/25","8,898","8,972","8,972","8,827","49.85K","0.29%"
"2018/01/24","8,872","8,785","8,965","8,681","85.97K","2.20%"
"2018/01/23","8,681","8,722","8,917","8,678","119.05K","-1.36%"
"2018/01/22","8,801","8,972","8,972","8,498","93.90K","0.74%"
"2018/01/19","8,736","8,971","8,971","8,678","22.29K","-0.96%"
"2018/01/18","8,821","8,972","8,972","8,623","129.63K","-0.41%"
"2018/01/17","8,857","8,857","8,917","8,620","101.92K","0.92%"
"2018/01/16","8,776","8,857","8,857","8,739","145.84K","0.38%"
"2018/01/15","8,743","8,857","8,913","8,726","126.95K","0.07%"
"2018/01/12","8,737","8,767","8,782","8,618","61.70K","0.10%"
"2018/01/11","8,728","8,737","8,737","8,558","77.10K","-0.10%"
"2018/01/10","8,737","8,821","8,857","8,499","34.15K","-1.53%"
"2018/01/09","8,873","8,827","9,261","8,827","99.18K","0.24%"
"2018/01/08","8,852","9,228","9,228","8,557","119.04K","0.11%"
"2018/01/05","8,842","9,096","9,096","8,647","118.32K","1.56%"
"2018/01/04","8,706","8,797","8,797","8,527","63.01K","-0.51%"
"2018/01/03","8,751","8,797","8,797","8,399","54.83K","0.59%"
"2018/01/02","8,700","8,408","9,260","8,399","57.16K","-1.71%"
"2017/12/29","8,851","8,558","9,028","8,558","38.32K","0.26%"
"2017/12/28","8,828","8,977","8,977","8,469","418.53K","0.47%"
"2017/12/27","8,787","9,276","9,276","8,402","49.48K","-0.77%"
"2017/12/22","8,855","9,138","9,138","8,399","19.29K","0.97%"
"2017/12/21","8,770","8,528","9,275","8,319","70.68K","-2.04%"
"2017/12/20","8,953","8,709","8,977","8,709","65.22K","2.80%"
"2017/12/19","8,709","8,888","9,456","8,469","306.65K","-2.01%"
"2017/12/18","8,888","8,606","8,952","8,512","496.33K","4.25%"
"2017/12/15","8,526","8,498","8,545","8,331","307.64K","0.33%"
"2017/12/14","8,498","8,737","8,737","8,396","181.52K","-2.49%"
"2017/12/13","8,715","8,547","8,715","8,547","139.00K","1.98%"
"2017/12/12","8,546","8,734","8,737","8,506","259.85K","-2.42%"
"2017/12/11","8,758","8,678","8,758","8,474","356.45K","0.61%"
"2017/12/08","8,705","8,679","8,705","8,654","85.58K","-0.27%"
"2017/12/07","8,729","8,678","8,845","8,678","83.22K","-1.28%"
"2017/12/06","8,842","8,737","8,842","8,675","138.32K","0.72%"
"2017/12/05","8,779","8,662","8,779","8,662","199.23K","-0.65%"
"2017/12/04","8,836","8,678","8,887","8,678","52.38K","0.00%"
"2017/12/01","8,836","8,857","8,874","8,737","83.09K","-0.37%"
"2017/11/30","8,869","8,678","8,877","8,678","137.19K","1.70%"
"2017/11/29","8,721","8,977","8,977","8,600","175.73K","1.76%"
"2017/11/28","8,570","8,483","8,659","8,378","78.74K","1.07%"
"2017/11/27","8,479","8,707","8,707","8,378","33.27K","0.31%"
"2017/11/24","8,453","8,671","8,964","8,406","24.72K","0.11%"
"2017/11/23","8,444","8,618","8,618","8,258","49.68K","2.09%"
"2017/11/22","8,271","8,265","8,289","8,080","297.19K","-0.13%"
"2017/11/21","8,282","8,318","8,318","8,247","320.14K","-0.54%"
"2017/11/20","8,327","8,468","8,558","8,274","235.92K","-1.63%"
"2017/11/17","8,465","8,528","8,531","8,438","210.95K","-0.80%"
"2017/11/16","8,533","8,737","8,737","8,466","285.44K","-3.06%"
"2017/11/15","8,802","8,800","8,862","8,724","129.88K","-0.68%"
"2017/11/14","8,862","9,037","9,037","8,724","39.28K","0.69%"
"2017/11/13","8,801","9,037","9,037","8,565","66.89K","-0.19%"
"2017/11/10","8,818","8,681","8,846","8,679","114.25K","-0.33%"
"2017/11/09","8,847","8,791","8,898","8,738","43.14K","0.81%"
"2017/11/08","8,776","8,770","8,776","8,498","158.08K","0.07%"
"2017/11/07","8,770","8,737","8,929","8,682","106.18K","-1.77%"
"2017/11/06","8,928","8,655","9,035","8,655","53.38K","-0.53%"
"2017/11/03","8,976","8,558","9,047","8,558","142.78K","0.39%"
"2017/11/02","8,941","8,857","8,977","8,855","133.16K","0.95%"
"2017/11/01","8,857","8,723","8,857","8,684","114.92K","1.54%"
"2017/10/31","8,723","8,608","8,723","8,447","148.22K","1.21%"
"2017/10/30","8,619","8,566","8,619","8,543","101.88K","0.51%"
"2017/10/27","8,575","8,487","8,575","8,486","71.75K","0.91%"
"2017/10/26","8,498","8,492","8,513","8,446","214.61K","-0.01%"
"2017/10/25","8,499","8,486","8,508","8,474","49.56K","-0.15%"
"2017/10/24","8,512","8,509","8,609","8,498","42.54K","-0.26%"
"2017/10/23","8,534","8,487","8,573","8,486","36.97K","-0.55%"
"2017/10/20","8,581","8,544","8,581","8,486","362.60K","0.62%"
"2017/10/19","8,528","8,554","8,578","8,504","204.69K","-0.58%"
"2017/10/18","8,578","8,528","8,663","8,498","286.01K","0.59%"
"2017/10/17","8,528","8,697","8,697","8,509","216.93K","-2.06%"
"2017/10/16","8,707","8,584","8,737","8,584","102.30K","1.60%"
"2017/10/13","8,570","8,584","8,588","8,508","201.87K","-0.31%"
"2017/10/12","8,597","8,661","8,750","8,586","268.22K","-0.93%"
"2017/10/11","8,678","8,620","8,791","8,618","189.65K","0.60%"
"2017/10/10","8,626","8,663","8,663","8,557","136.21K","-0.52%"
"2017/10/09","8,671","8,668","8,742","8,641","104.54K","-0.41%"
"2017/10/06","8,707","8,731","8,791","8,571","107.27K","-0.16%"
"2017/10/05","8,721","8,815","8,815","8,669","95.59K","-1.07%"
"2017/10/04","8,815","8,827","8,860","8,448","208.71K","-0.10%"
"2017/10/03","8,824","8,378","8,868","8,351","559.07K","6.01%"
"2017/10/02","8,324","8,378","8,378","8,289","252.47K","-0.06%"
"2017/09/29","8,329","8,378","8,378","8,251","271.17K","1.42%"
"2017/09/28","8,212","8,235","8,369","8,113","149.88K","-0.28%"
"2017/09/27","8,235","8,188","8,327","8,187","45.45K","0.57%"
"2017/09/26","8,188","8,199","8,453","8,161","298.84K","-1.92%"
"2017/09/22","8,348","8,319","8,423","8,300","85.19K","-0.89%"
"2017/09/21","8,423","8,259","8,523","8,228","369.75K","1.23%"
"2017/09/20","8,321","8,319","8,359","8,307","107.23K","0.16%"
"2017/09/19","8,308","8,450","8,558","8,279","100.94K","-1.68%"
"2017/09/18","8,450","8,575","8,575","8,418","206.74K","0.52%"
"2017/09/15","8,406","8,677","8,677","8,406","359.90K","-1.35%"
"2017/09/14","8,521","8,670","8,670","8,419","58.62K","0.27%"
"2017/09/13","8,498","8,477","8,652","8,432","97.93K","-0.90%"
"2017/09/12","8,575","8,527","8,673","8,527","357.92K","-0.83%"
"2017/09/11","8,647","8,384","8,664","8,384","87.88K","2.11%"
"2017/09/08","8,468","8,378","8,678","8,378","178.98K","1.06%"
"2017/09/07","8,379","8,324","8,404","8,324","132.40K","0.55%"
"2017/09/06","8,333","8,408","8,427","8,324","199.88K","-0.89%"
"2017/09/05","8,408","8,348","8,527","8,348","312.62K","0.68%"
"2017/09/04","8,351","8,321","8,527","8,321","43.77K","0.38%"
"2017/09/01","8,319","8,348","8,526","8,319","87.61K","-1.76%"
"2017/08/31","8,468","8,348","8,524","8,348","117.88K","1.44%"
"2017/08/30","8,348","8,327","8,487","8,319","42.38K","0.25%"
"2017/08/29","8,327","8,354","8,441","8,319","216.75K","-1.35%"
"2017/08/28","8,441","8,354","8,523","8,354","35.70K","1.04%"
"2017/08/25","8,354","8,378","8,430","8,319","65.58K","0.26%"
"2017/08/24","8,332","8,253","8,332","8,249","22.69K","0.56%"
"2017/08/23","8,286","8,229","8,376","8,229","87.87K","0.58%"
"2017/08/22","8,238","8,217","8,313","8,217","62.55K","0.26%"
"2017/08/21","8,217","8,088","8,276","8,088","70.49K","-0.41%"
"2017/08/18","8,251","8,157","8,378","8,157","101.17K","0.07%"
"2017/08/17","8,245","8,157","8,301","8,157","86.69K","0.93%"
"2017/08/16","8,169","8,169","8,228","8,083","87.62K","0.00%"
"2017/08/15","8,169","8,139","8,208","8,139","149.46K","0.37%"
"2017/08/14","8,139","8,019","8,169","8,019","91.58K","-0.37%"
"2017/08/11","8,169","8,145","8,197","8,139","69.82K","0.57%"
"2017/08/10","8,123","8,139","8,176","8,123","84.62K","-1.59%"
"2017/08/08","8,254","8,139","8,254","7,977","154.50K","0.63%"
"2017/08/07","8,202","8,202","8,247","8,155","149.45K","0.00%"
"2017/08/04","8,202","8,257","8,402","8,194","160.16K","-1.07%"
"2017/08/03","8,291","8,222","8,868","8,085","103.12K","2.04%"
"2017/08/02","8,125","8,201","8,215","8,125","40.15K","-1.44%"
"2017/08/01","8,244","7,973","8,244","7,973","122.23K","1.18%"
"2017/07/31","8,148","8,109","8,273","8,109","112.80K","0.11%"
"2017/07/28","8,139","8,420","8,422","7,980","197.54K","-3.20%"
"2017/07/27","8,408","8,478","8,612","8,382","413.71K","-0.81%"
"2017/07/26","8,477","8,370","8,666","8,370","98.92K","0.96%"
"2017/07/25","8,396","8,348","8,412","8,348","183.25K","0.49%"
"2017/07/24","8,355","8,319","8,360","8,319","142.10K","0.32%"
"2017/07/21","8,328","8,319","8,350","8,319","75.89K","-0.23%"
"2017/07/20","8,347","8,274","8,353","8,199","98.84K","0.34%"
"2017/07/19","8,319","8,247","8,319","8,211","132.15K","1.84%"
"2017/07/18","8,169","8,073","8,169","8,073","86.74K","0.45%"
"2017/07/17","8,132","8,061","8,132","8,061","116.42K","0.30%"
"2017/07/14","8,108","7,959","8,108","7,959","184.50K","1.49%"
"2017/07/13","7,989","8,001","8,001","7,912","105.88K","0.97%"
"2017/07/12","7,912","8,079","8,079","7,810","161.53K","0.46%"
"2017/07/11","7,876","7,825","7,993","7,825","364.15K","0.65%"
"2017/07/10","7,825","7,750","7,933","7,750","106.56K","0.89%"
"2017/07/07","7,756","7,750","7,808","7,746","182.00K","0.08%"
"2017/07/06","7,750","7,720","7,891","7,720","533.87K","0.39%"
"2017/07/05","7,720","7,930","7,930","7,690","260.95K","-2.65%"
"2017/07/04","7,930","7,789","7,947","7,789","900.37K","1.38%"
"2017/07/03","7,822","7,768","8,016","7,768","370.49K","-0.23%"
"2017/06/30","7,840","7,735","7,956","7,676","358.85K","0.18%"
"2017/06/29","7,826","7,780","7,957","7,780","440.16K","0.59%"
"2017/06/28","7,780","7,780","8,372","7,661","250.90K","-1.89%"
"2017/06/27","7,930","8,313","8,467","7,780","588.63K","-8.61%"
"2017/06/26","8,677","8,737","8,737","8,618","45.38K","0.23%"
"2017/06/23","8,657","8,648","8,678","8,648","16.06K","-0.24%"
"2017/06/22","8,678","8,618","8,738","8,618","181.93K","-1.12%"
"2017/06/21","8,776","8,857","8,857","8,740","28.15K","-0.91%"
"2017/06/20","8,857","8,618","8,916","8,618","61.96K","1.37%"
"2017/06/19","8,737","8,678","8,976","8,678","36.70K","-2.67%"
"2017/06/15","8,977","8,588","9,121","8,588","279.23K","2.20%"
"2017/06/14","8,784","8,830","8,924","8,784","38.90K","-0.52%"
"2017/06/13","8,830","8,618","8,898","8,618","25.44K","0.66%"
"2017/06/12","8,772","8,737","8,895","8,737","188.07K","-0.96%"
"2017/06/09","8,857","8,678","8,877","8,678","524.83K","2.06%"
"2017/06/08","8,678","8,485","8,713","8,485","70.19K","0.00%"
"2017/06/07","8,678","8,658","8,730","8,618","148.57K","-1.93%"
"2017/06/06","8,849","8,778","8,921","8,778","70.00K","-1.43%"
"2017/06/05","8,977","8,857","8,998","8,857","65.14K","0.18%"
"2017/06/02","8,961","8,678","9,168","8,678","39.44K","-0.01%"
"2017/06/01","8,962","8,737","9,093","8,737","208.70K","-1.99%"
"2017/05/31","9,144","9,012","9,201","8,986","352.80K","-0.78%"
"2017/05/30","9,216","9,096","9,277","9,096","165.94K","-0.32%"
"2017/05/29","9,246","9,216","9,336","9,178","82.06K","-0.79%"
"2017/05/26","9,320","9,076","9,320","9,076","33.74K","0.41%"
"2017/05/25","9,282","8,977","9,282","8,977","38.02K","1.32%"
"2017/05/24","9,161","9,178","9,440","9,161","23.57K","-2.41%"
"2017/05/23","9,387","9,429","9,520","9,266","44.03K","-1.35%"
"2017/05/22","9,515","9,276","9,515","9,276","21.69K","0.94%"
"2017/05/19","9,426","9,336","9,426","9,178","49.37K","0.00%"
"2017/05/18","9,426","9,426","9,468","9,410","78.49K","-0.39%"
"2017/05/17","9,463","9,474","9,515","9,426","64.90K","-0.55%"
"2017/05/16","9,515","9,474","9,535","9,474","154.33K","0.00%"
"2017/05/15","9,515","9,516","9,545","9,515","80.89K","-0.01%"
"2017/05/12","9,516","9,480","9,554","9,480","46.27K","0.44%"
"2017/05/11","9,474","9,635","9,635","9,358","53.83K","-0.44%"
"2017/05/10","9,516","9,575","9,609","9,491","69.05K","0.79%"
"2017/05/09","9,441","9,456","9,516","9,436","90.37K","-0.97%"
"2017/05/08","9,533","9,353","9,722","9,353","31.17K","1.87%"
"2017/05/05","9,358","9,336","9,530","9,336","28.29K","-3.08%"
"2017/05/04","9,655","9,739","9,830","9,623","23.97K","-0.23%"
"2017/05/03","9,677","9,874","9,936","9,668","102.20K","-2.28%"
"2017/05/02","9,903","9,575","9,956","9,575","84.10K","3.92%"
"2017/04/28","9,529","9,294","9,534","9,276","25.02K","2.43%"
"2017/04/26","9,303","9,618","9,618","9,186","29.24K","-0.58%"
"2017/04/25","9,357","9,396","9,396","9,187","67.02K","-0.67%"
"2017/04/24","9,420","9,276","9,875","9,037","75.24K","6.00%"
"2017/04/21","8,887","9,868","9,868","8,857","46.85K","-7.59%"
"2017/04/20","9,617","9,605","9,632","9,576","67.34K","0.12%"
"2017/04/19","9,605","9,697","9,733","9,587","61.67K","-0.93%"
"2017/04/18","9,695","9,336","9,706","9,336","51.38K","0.94%"
"2017/04/13","9,605","9,785","9,813","9,601","85.92K","-0.52%"
"2017/04/12","9,655","9,785","9,828","9,581","240.34K","-1.33%"
"2017/04/11","9,785","9,725","9,893","9,690","54.32K","0.62%"
"2017/04/10","9,725","9,515","9,867","9,515","86.86K","0.15%"
"2017/04/07","9,710","9,665","9,808","9,637","29.61K","0.47%"
"2017/04/06","9,665","9,934","9,934","9,665","48.44K","-2.71%"
"2017/04/05","9,934","9,781","9,969","9,781","225.01K","0.61%"
"2017/04/04","9,874","9,874","9,889","9,830","121.43K","0.00%"
"2017/04/03","9,874","9,731","9,946","9,669","31.02K","1.66%"
"2017/03/31","9,713","9,381","9,902","9,000","148.61K","-1.63%"
"2017/03/30","9,874","9,871","9,891","9,785","169.89K","0.03%"
"2017/03/29","9,871","10,277","10,277","9,719","97.73K","0.08%"
"2017/03/28","9,863","9,940","10,023","9,698","177.92K","-0.77%"
"2017/03/27","9,940","10,386","10,386","9,845","76.02K","0.50%"
"2017/03/24","9,891","9,956","10,162","9,874","59.96K","-1.62%"
"2017/03/23","10,054","10,174","10,174","9,949","40.13K","-1.18%"
"2017/03/22","10,174","10,174","10,207","9,763","153.47K","2.62%"
"2017/03/20","9,914","10,109","10,174","9,856","56.78K","-2.56%"
"2017/03/17","10,174","9,905","10,353","9,905","104.58K","0.12%"
"2017/03/16","10,162","10,228","10,320","10,025","178.96K","-0.51%"
"2017/03/15","10,214","10,190","10,222","9,906","85.65K","0.24%"
"2017/03/14","10,190","10,143","10,278","10,143","154.10K","0.45%"
"2017/03/13","10,144","10,024","10,263","9,934","116.86K","0.99%"
"2017/03/10","10,045","10,114","10,290","10,045","71.31K","-0.74%"
"2017/03/09","10,120","10,350","10,413","10,085","85.54K","-2.22%"
"2017/03/08","10,350","10,332","10,350","10,085","47.72K","0.17%"
"2017/03/07","10,332","10,449","10,467","10,242","176.02K","-1.12%"
"2017/03/06","10,449","10,374","10,473","10,374","54.12K","-0.23%"
"2017/03/03","10,473","10,234","10,474","10,175","68.55K","0.59%"
"2017/03/02","10,412","10,533","10,533","10,024","23.81K","-0.84%"
"2017/03/01","10,500","10,353","10,500","10,296","44.39K","1.37%"
"2017/02/28","10,358","10,533","10,540","10,315","73.07K","-1.66%"
"2017/02/27","10,533","10,533","10,553","10,503","105.84K","0.09%"
"2017/02/24","10,524","10,557","10,557","10,482","65.51K","0.06%"
"2017/02/23","10,518","10,646","10,646","10,477","85.12K","-0.43%"
"2017/02/22","10,563","10,712","10,712","10,506","739.18K","-1.10%"
"2017/02/21","10,681","10,706","10,706","10,553","115.63K","1.16%"
"2017/02/20","10,559","10,548","10,712","10,483","36.62K","-0.39%"
"2017/02/17","10,600","10,593","10,693","10,593","98.49K","-0.48%"
"2017/02/16","10,651","10,608","10,658","10,561","86.74K","0.55%"
"2017/02/15","10,593","10,772","10,772","10,578","159.36K","-1.64%"
"2017/02/14","10,770","10,587","10,772","10,424","146.87K","1.67%"
"2017/02/13","10,593","10,593","10,593","10,455","90.76K","0.14%"
"2017/02/10","10,578","10,174","10,605","10,162","160.35K","0.15%"
"2017/02/09","10,562","10,483","10,562","10,435","74.00K","0.19%"
"2017/02/08","10,542","10,564","10,580","10,500","92.95K","-0.48%"
"2017/02/07","10,593","10,784","10,784","10,593","58.19K","-1.80%"
"2017/02/06","10,787","10,904","10,904","10,751","83.75K","-0.67%"
"2017/02/03","10,860","10,772","10,904","10,772","76.30K","-0.16%"
"2017/02/02","10,877","10,943","10,943","10,793","33.87K","-0.68%"
"2017/02/01","10,951","10,856","10,952","10,787","164.55K","0.55%"
"2017/01/31","10,891","10,939","10,939","10,853","28.70K","-0.55%"
"2017/01/30","10,951","10,682","10,952","10,682","56.49K","0.00%"
"2017/01/27","10,951","10,971","10,983","10,817","295.00K","0.00%"
"2017/01/26","10,951","10,845","11,009","10,796","293.10K","1.38%"
"2017/01/25","10,802","10,801","10,883","10,760","494.55K","0.00%"
"2017/01/24","10,802","10,892","10,892","10,684","128.30K","0.14%"
"2017/01/23","10,787","10,812","10,842","10,723","118.43K","-0.42%"
"2017/01/20","10,832","10,892","10,892","10,782","45.62K","-0.55%"
"2017/01/19","10,892","11,010","11,011","10,802","42.70K","-0.54%"
"2017/01/18","10,951","11,012","11,012","10,803","92.97K","-0.55%"
"2017/01/17","11,012","11,011","11,037","10,926","59.33K","0.00%"
"2017/01/16","11,012","11,018","11,041","10,866","71.02K","0.00%"
"2017/01/13","11,012","10,959","11,012","10,834","259.53K","0.00%"
"2017/01/12","11,012","10,951","11,012","10,838","138.44K","0.58%"
"2017/01/11","10,949","11,012","11,012","10,892","57.11K","-0.57%"
"2017/01/10","11,012","10,922","11,012","10,887","94.85K","1.16%"
"2017/01/09","10,886","10,802","10,933","10,802","58.14K","0.42%"
"2017/01/06","10,841","10,943","10,952","10,802","13.74K","-0.93%"
"2017/01/05","10,943","10,803","11,012","10,803","16.73K","-0.17%"
"2017/01/04","10,962","11,020","11,020","10,875","38.46K","-0.45%"
"2017/01/03","11,012","11,067","11,077","10,775","71.11K","-0.53%"
"2016/12/30","11,071","11,071","11,092","10,746","60.54K","0.46%"
"2016/12/29","11,020","11,071","11,071","10,955","29.15K","-0.19%"
"2016/12/28","11,041","10,929","11,050","10,669","60.69K","0.40%"
"2016/12/23","10,997","10,997","10,997","10,807","8.73K","0.69%"
"2016/12/22","10,922","11,012","11,071","10,778","109.40K","-1.29%"
"2016/12/21","11,065","10,901","11,101","10,901","85.91K","0.49%"
"2016/12/20","11,011","10,952","11,117","10,952","229.76K","0.40%"
"2016/12/19","10,967","11,021","11,066","10,901","103.30K","-0.15%"
"2016/12/15","10,984","11,041","11,059","10,977","279.36K","-0.52%"
"2016/12/14","11,041","11,071","11,071","10,916","280.33K","0.26%"
"2016/12/13","11,012","11,161","11,161","10,952","224.44K","-0.53%"
"2016/12/12","11,071","11,371","11,371","11,006","137.01K","0.54%"
"2016/12/09","11,012","11,012","11,670","10,849","262.85K","1.10%"
"2016/12/08","10,892","10,156","11,002","10,156","265.70K","8.33%"
"2016/12/07","10,054","9,803","10,098","9,803","233.81K","3.13%"
"2016/12/06","9,749","9,755","9,904","9,725","424.31K","-0.95%"
"2016/12/05","9,843","9,791","9,859","9,767","180.02K","0.53%"
"2016/12/02","9,791","9,818","9,849","9,741","238.06K","-0.24%"
"2016/12/01","9,815","9,725","9,924","9,676","231.23K","1.24%"
"2016/11/30","9,695","9,216","9,853","9,192","231.47K","5.47%"
"2016/11/29","9,192","9,339","9,339","9,096","101.56K","-2.98%"
"2016/11/28","9,474","9,515","9,569","9,350","52.69K","0.19%"
"2016/11/25","9,456","9,097","9,515","9,097","90.62K","0.65%"
"2016/11/24","9,395","9,566","9,566","9,314","41.18K","-1.26%"
"2016/11/23","9,515","9,515","9,575","9,406","30.40K","0.00%"
"2016/11/22","9,515","9,635","9,635","9,490","81.93K","-0.63%"
"2016/11/21","9,575","9,754","9,754","9,383","31.13K","0.90%"
"2016/11/18","9,490","9,333","9,490","9,095","315.83K","-1.80%"
"2016/11/17","9,664","9,695","9,695","9,635","54.57K","-0.32%"
"2016/11/16","9,695","9,694","9,705","9,463","153.84K","0.00%"
"2016/11/15","9,695","9,096","9,695","9,096","124.00K","2.53%"
"2016/11/14","9,456","9,695","9,695","8,976","164.35K","-2.23%"
"2016/11/11","9,672","9,672","9,673","9,171","144.57K","-0.18%"
"2016/11/10","9,689","9,754","9,754","9,545","356.32K","0.62%"
"2016/11/09","9,629","9,515","9,701","9,096","88.99K","-0.99%"
"2016/11/08","9,725","9,635","9,752","9,615","213.50K","0.07%"
"2016/11/07","9,718","9,719","9,769","9,628","24.74K","0.86%"
"2016/11/04","9,635","9,790","9,790","9,605","27.07K","-1.68%"
"2016/11/03","9,800","9,815","9,857","9,730","48.16K","0.77%"
"2016/11/02","9,725","9,785","9,785","9,725","65.67K","-0.31%"
"2016/11/01","9,755","9,791","9,817","9,752","95.76K","-0.25%"
"2016/10/31","9,779","9,755","9,874","9,725","144.40K","0.25%"
"2016/10/28","9,755","9,815","10,053","9,718","43.62K","-1.33%"
"2016/10/27","9,886","9,964","10,001","9,848","47.13K","-1.73%"
"2016/10/26","10,060","9,755","10,060","9,755","65.04K","2.50%"
"2016/10/25","9,815","9,725","9,868","9,725","56.19K","0.49%"
"2016/10/24","9,767","9,863","9,878","9,767","36.39K","-0.39%"
"2016/10/21","9,805","9,725","9,970","9,725","81.93K","0.51%"
"2016/10/20","9,755","9,886","9,946","9,635","118.18K","0.31%"
"2016/10/19","9,725","9,875","9,987","9,725","34.55K","-2.31%"
"2016/10/18","9,955","9,874","9,997","9,874","76.62K","0.81%"
"2016/10/17","9,875","9,874","10,000","9,874","73.38K","-0.64%"
"2016/10/14","9,939","9,874","9,979","9,874","24.17K","-1.45%"
"2016/10/13","10,085","9,903","10,174","9,874","91.55K","1.00%"
"2016/10/12","9,985","9,695","10,051","9,695","203.85K","1.12%"
"2016/10/11","9,874","9,515","9,876","9,515","88.94K","1.28%"
"2016/10/10","9,749","9,456","9,831","9,276","88.57K","-1.04%"
"2016/10/07","9,851","9,880","10,053","9,456","84.82K","-0.29%"
"2016/10/06","9,880","9,934","10,054","9,605","87.98K","-1.44%"
"2016/10/05","10,024","10,263","10,263","9,927","85.06K","-0.89%"
"2016/10/04","10,114","9,934","10,114","9,934","136.81K","-0.30%"
"2016/10/03","10,144","9,934","10,173","9,934","90.24K","0.29%"
"2016/09/30","10,115","10,113","10,143","10,068","176.46K","0.01%"
"2016/09/29","10,114","10,084","10,169","10,041","136.90K","0.42%"
"2016/09/28","10,072","9,621","10,079","9,621","113.32K","0.44%"
"2016/09/27","10,028","10,114","10,114","9,976","57.45K","-0.26%"
"2016/09/26","10,054","10,174","10,174","9,575","69.59K","0.00%"
"2016/09/23","10,054","10,149","10,149","9,964","75.24K","-0.94%"
"2016/09/22","10,149","9,994","10,186","9,994","111.56K","0.35%"
"2016/09/21","10,114","10,054","10,246","9,968","31.34K","-0.23%"
"2016/09/20","10,137","9,934","10,223","9,934","27.80K","-0.95%"
"2016/09/19","10,234","10,382","10,382","10,114","16.95K","-0.13%"
"2016/09/16","10,247","10,117","10,328","10,037","76.61K","-0.05%"
"2016/09/15","10,252","10,412","10,413","9,940","148.13K","-0.18%"
"2016/09/14","10,271","10,412","10,412","10,110","20.23K","-1.35%"
"2016/09/13","10,412","10,467","10,572","10,317","49.09K","1.94%"
"2016/09/12","10,214","10,473","10,473","9,880","89.53K","0.69%"
"2016/09/09","10,144","10,380","10,652","10,116","96.20K","-2.83%"
"2016/09/08","10,439","10,657","10,678","10,439","49.79K","-1.44%"
"2016/09/07","10,591","10,535","10,879","10,535","201.58K","-2.43%"
"2016/09/06","10,855","10,623","11,102","10,284","332.06K","2.47%"
"2016/09/05","10,593","10,473","10,608","10,410","115.40K","1.73%"
"2016/09/02","10,413","10,473","10,473","10,233","103.46K","-0.57%"
"2016/09/01","10,473","10,225","10,473","10,225","91.58K","1.33%"
"2016/08/31","10,336","10,503","10,503","10,253","47.22K","-1.58%"
"2016/08/30","10,502","10,353","10,502","10,231","90.04K","1.74%"
"2016/08/29","10,322","10,225","10,356","10,225","101.60K","-0.30%"
"2016/08/26","10,353","10,419","10,419","10,209","77.18K","-0.58%"
"2016/08/25","10,413","10,413","10,413","10,249","91.07K","0.87%"
"2016/08/24","10,323","10,467","10,467","10,228","112.53K","-1.07%"
"2016/08/23","10,435","10,473","10,473","10,204","108.39K","0.46%"
"2016/08/22","10,387","10,563","10,563","10,143","144.77K","-0.86%"
"2016/08/19","10,477","10,204","10,601","10,204","217.38K","-0.78%"
"2016/08/18","10,559","10,499","10,593","10,272","139.61K","1.28%"
"2016/08/17","10,426","10,623","10,623","10,203","647.19K","-1.30%"
"2016/08/16","10,563","10,533","10,642","10,210","255.48K","0.28%"
"2016/08/15","10,533","10,645","10,652","10,408","50.74K","-1.05%"
"2016/08/12","10,645","11,071","11,071","10,485","127.57K","-3.33%"
"2016/08/11","11,012","10,473","11,048","10,413","265.88K","5.15%"
"2016/08/10","10,473","10,174","10,682","10,143","160.07K","1.16%"
"2016/08/08","10,353","10,246","10,353","10,126","58.04K","1.72%"
"2016/08/05","10,178","10,001","10,178","9,949","422.17K","1.77%"
"2016/08/04","10,001","9,949","10,114","9,949","105.30K","-0.05%"
"2016/08/02","10,006","10,353","10,353","10,000","122.52K","-0.40%"
"2016/08/01","10,046","9,922","10,113","9,755","130.90K","1.80%"
"2016/07/29","9,868","9,785","9,937","9,755","47.40K","-3.00%"
"2016/07/28","10,173","10,054","10,218","9,866","226.76K","0.62%"
"2016/07/27","10,110","10,277","10,277","9,928","69.45K","-1.62%"
"2016/07/26","10,277","9,725","10,593","9,626","150.63K","5.68%"
"2016/07/25","9,725","9,456","9,725","9,456","204.51K","1.37%"
"2016/07/22","9,594","9,320","9,724","9,320","35.59K","-0.54%"
"2016/07/21","9,646","9,320","9,779","9,320","258.83K","1.70%"
"2016/07/20","9,485","9,755","9,755","9,341","69.58K","-1.61%"
"2016/07/19","9,640","9,605","9,695","9,498","232.65K","0.32%"
"2016/07/18","9,609","9,765","9,765","9,456","56.90K","-0.65%"
"2016/07/15","9,672","9,569","9,779","9,462","274.68K","1.08%"
"2016/07/14","9,569","9,254","9,575","9,159","62.19K","2.78%"
"2016/07/13","9,310","9,409","9,545","9,225","59.78K","-1.05%"
"2016/07/12","9,409","9,396","9,548","9,396","169.94K","-0.80%"
"2016/07/11","9,485","9,276","9,515","9,276","91.01K","3.01%"
"2016/07/08","9,208","9,141","9,275","9,061","100.90K","1.70%"
"2016/07/07","9,054","9,037","9,215","9,007","133.56K","0.52%"
"2016/07/06","9,007","9,481","9,481","9,007","136.74K","-3.34%"
"2016/07/05","9,318","9,468","9,468","9,102","290.58K","-1.58%"
"2016/07/04","9,468","8,902","9,575","8,902","325.03K","6.69%"
"2016/07/01","8,874","8,977","8,977","8,533","161.26K","1.22%"
"2016/06/30","8,767","8,348","8,767","8,348","273.19K","3.42%"
"2016/06/29","8,477","8,348","8,477","8,245","235.86K","2.65%"
"2016/06/28","8,258","7,660","8,678","7,660","190.69K","7.81%"
"2016/06/27","7,660","7,714","7,888","7,361","137.69K","-0.76%"
"2016/06/24","7,719","7,947","7,947","7,439","105.12K","-3.02%"
"2016/06/23","7,959","7,989","8,053","7,915","200.13K","-0.15%"
"2016/06/22","7,971","7,989","8,019","7,893","279.42K","-0.64%"
"2016/06/21","8,022","8,019","8,079","7,997","297.43K","0.04%"
"2016/06/20","8,019","8,079","8,198","8,003","136.86K","-0.74%"
"2016/06/17","8,079","8,079","8,183","7,992","172.62K","0.36%"
"2016/06/15","8,050","8,079","8,095","8,001","181.62K","0.39%"
"2016/06/14","8,019","8,079","8,109","7,961","395.73K","-0.74%"
"2016/06/13","8,079","8,047","8,228","7,960","120.58K","-0.28%"
"2016/06/10","8,102","8,337","8,337","7,961","228.79K","0.28%"
"2016/06/09","8,079","7,935","8,337","7,906","46.46K","-3.09%"
"2016/06/08","8,337","8,377","8,497","8,079","241.62K","-2.56%"
"2016/06/07","8,556","8,633","8,633","8,377","193.24K","2.12%"
"2016/06/06","8,378","8,079","8,675","8,079","292.75K","0.00%"
"2016/06/03","8,378","8,378","8,640","8,109","166.67K","1.22%"
"2016/06/02","8,277","8,079","8,377","8,079","100.32K","2.44%"
"2016/06/01","8,080","8,151","8,151","8,073","82.02K","0.01%"
"2016/05/31","8,079","8,316","8,378","8,079","128.80K","-2.85%"
"2016/05/30","8,316","8,079","8,325","8,079","40.95K","2.59%"
"2016/05/27","8,106","8,110","8,348","8,049","66.51K","-2.90%"
"2016/05/26","8,348","8,019","8,348","7,962","71.13K","0.78%"
"2016/05/25","8,283","8,353","8,365","8,283","62.61K","-0.78%"
"2016/05/24","8,348","7,959","8,678","7,959","79.42K","1.20%"
"2016/05/23","8,249","7,959","8,348","7,959","131.48K","0.21%"
"2016/05/20","8,232","7,959","8,326","7,931","73.48K","2.16%"
"2016/05/19","8,058","8,028","8,089","7,960","149.20K","-0.07%"
"2016/05/18","8,064","7,959","8,243","7,959","90.94K","-0.91%"
"2016/05/17","8,138","7,965","8,138","7,956","112.52K","2.02%"
"2016/05/16","7,977","8,133","8,133","7,927","104.69K","0.00%"
"2016/05/13","7,977","8,138","8,139","7,873","226.33K","-1.26%"
"2016/05/12","8,079","8,079","8,237","8,074","58.28K","0.00%"
"2016/05/11","8,079","8,243","8,243","8,079","46.93K","-0.91%"
"2016/05/10","8,153","8,244","8,244","8,079","60.53K","0.89%"
"2016/05/09","8,081","8,228","8,228","8,079","116.97K","-1.98%"
"2016/05/06","8,244","8,199","8,244","8,043","116.03K","1.74%"
"2016/05/05","8,103","8,267","8,327","8,072","134.86K","-1.05%"
"2016/05/04","8,189","8,304","8,304","8,139","80.51K","-0.64%"
"2016/05/03","8,242","8,275","8,797","8,115","162.97K","-1.45%"
"2016/04/29","8,363","8,678","8,681","8,348","110.49K","-1.87%"
"2016/04/28","8,522","8,309","8,578","8,274","155.46K","1.72%"
"2016/04/26","8,378","8,378","8,617","8,366","601.13K","-2.64%"
"2016/04/25","8,605","8,409","8,663","8,409","131.43K","-0.28%"
"2016/04/22","8,629","8,378","8,646","8,378","260.85K","0.35%"
"2016/04/21","8,599","8,582","8,761","8,569","459.03K","0.39%"
"2016/04/20","8,566","8,378","8,737","8,080","279.18K","5.25%"
"2016/04/19","8,139","8,198","8,206","8,139","135.92K","-0.70%"
"2016/04/18","8,196","8,161","8,221","8,094","986.88K","-0.55%"
"2016/04/15","8,241","8,128","8,241","8,108","274.88K","0.88%"
"2016/04/14","8,169","8,079","8,243","8,079","211.49K","-0.37%"
"2016/04/13","8,199","8,181","8,280","8,131","129.43K","2.27%"
"2016/04/12","8,017","7,900","8,223","7,879","119.07K","1.48%"
"2016/04/11","7,900","8,259","8,259","7,840","140.25K","-0.74%"
"2016/04/08","7,959","7,930","8,211","7,839","209.49K","0.76%"
"2016/04/07","7,899","7,804","7,929","7,804","303.48K","0.98%"
"2016/04/06","7,822","7,810","7,909","7,779","112.19K","-0.23%"
"2016/04/05","7,840","7,827","7,989","7,741","306.44K","-0.76%"
"2016/04/04","7,900","8,049","8,049","7,782","192.55K","-1.53%"
"2016/04/01","8,023","8,378","8,378","7,959","175.15K","-1.79%"
"2016/03/31","8,169","8,045","8,256","7,962","560.95K","2.52%"
"2016/03/30","7,968","7,952","8,127","7,840","259.34K","0.20%"
"2016/03/29","7,952","8,319","8,319","7,941","64.10K","-2.30%"
"2016/03/24","8,139","8,102","8,378","7,900","103.92K","2.95%"
"2016/03/23","7,906","8,353","8,353","7,900","59.29K","-5.35%"
"2016/03/22","8,353","8,019","8,376","8,012","117.41K","2.63%"
"2016/03/18","8,139","7,840","8,188","7,840","297.82K","3.34%"
"2016/03/17","7,876","8,019","8,019","7,792","59.80K","-0.58%"
"2016/03/16","7,922","7,900","8,078","7,900","54.31K","-0.26%"
"2016/03/15","7,943","7,989","7,989","7,900","81.82K","0.54%"
"2016/03/14","7,900","7,780","8,074","7,780","54.46K","-0.65%"
"2016/03/11","7,952","8,139","8,139","7,720","55.20K","-2.30%"
"2016/03/10","8,139","7,959","8,167","7,780","99.28K","2.26%"
"2016/03/09","7,959","8,109","8,139","7,780","46.11K","-2.19%"
"2016/03/08","8,137","8,199","8,199","8,096","298.67K","1.09%"
"2016/03/07","8,049","8,077","8,106","7,302","224.47K","1.13%"
"2016/03/04","7,959","7,840","7,959","7,633","188.56K","1.73%"
"2016/03/03","7,824","7,600","7,824","7,389","230.95K","5.84%"
"2016/03/02","7,392","7,474","7,569","7,392","185.15K","-1.10%"
"2016/03/01","7,474","7,780","7,780","7,152","270.34K","3.99%"
"2016/02/29","7,187","7,152","7,271","7,152","66.11K","-0.15%"
"2016/02/26","7,198","7,361","7,361","7,122","64.69K","-0.72%"
"2016/02/25","7,250","7,105","7,253","7,036","110.41K","2.04%"
"2016/02/24","7,105","7,101","7,152","7,002","195.91K","-0.03%"
"2016/02/23","7,107","7,181","7,181","7,082","141.28K","0.64%"
"2016/02/22","7,062","7,113","7,181","7,002","219.90K","-0.17%"
"2016/02/19","7,074","7,062","7,092","6,995","269.24K","0.06%"
"2016/02/18","7,070","7,110","7,131","7,062","147.52K","-0.56%"
"2016/02/17","7,110","7,062","7,122","7,057","149.08K","0.03%"
"2016/02/16","7,108","7,147","7,152","7,092","160.57K","-0.20%"
"2016/02/15","7,122","7,241","7,301","6,943","148.19K","-2.36%"
"2016/02/12","7,294","7,122","7,301","7,080","107.82K","4.21%"
"2016/02/11","6,999","7,331","7,349","6,918","37.96K","-1.64%"
"2016/02/10","7,116","7,121","7,331","7,003","240.87K","0.34%"
"2016/02/09","7,092","7,122","7,131","6,981","177.52K","-0.42%"
"2016/02/08","7,122","7,241","7,241","7,081","125.92K","-1.15%"
"2016/02/05","7,205","7,119","7,301","7,119","153.96K","-1.31%"
"2016/02/04","7,301","7,331","7,387","6,882","186.61K","1.67%"
"2016/02/03","7,181","6,925","7,181","6,702","227.51K","4.33%"
"2016/02/02","6,883","7,350","7,350","6,883","264.71K","-4.14%"
"2016/02/01","7,180","7,140","7,391","6,962","242.30K","2.54%"
"2016/01/29","7,002","7,074","7,679","7,002","276.77K","-3.18%"
"2016/01/28","7,232","6,984","7,248","6,984","260.13K","1.54%"
"2016/01/27","7,122","7,211","7,274","7,089","62.01K","-1.23%"
"2016/01/26","7,211","6,951","7,309","6,949","204.29K","2.20%"
"2016/01/25","7,056","7,127","7,156","6,942","98.29K","-1.00%"
"2016/01/22","7,127","7,169","7,360","7,127","139.82K","-0.59%"
"2016/01/21","7,169","7,122","7,181","6,988","131.96K","-0.17%"
"2016/01/20","7,181","7,208","7,301","7,129","126.68K","-2.17%"
"2016/01/19","7,340","7,331","7,361","7,310","95.60K","-0.20%"
"2016/01/18","7,355","7,391","7,391","7,331","150.08K","-0.14%"
"2016/01/15","7,365","7,451","7,660","7,311","110.10K","-2.18%"
"2016/01/14","7,529","7,451","7,556","7,302","211.86K","1.05%"
"2016/01/13","7,451","7,241","7,451","7,241","68.64K","1.22%"
"2016/01/12","7,361","7,181","7,361","7,181","114.00K","1.24%"
"2016/01/11","7,271","7,241","7,445","7,137","102.15K","-2.57%"
"2016/01/08","7,463","7,334","7,617","7,332","225.06K","0.28%"
"2016/01/07","7,442","7,482","7,519","7,242","96.57K","-1.31%"
"2016/01/06","7,541","7,517","7,722","7,481","31.79K","-2.88%"
"2016/01/05","7,765","8,197","8,197","7,691","43.96K","-0.58%"
"2016/01/04","7,810","8,199","8,199","7,810","25.97K","-1.97%"