"Date","Price","Open","High","Low","Vol.","Change %"
"03/27/2026","7,206","7,206","7,245","7,094","1.95M","0.50%"
"03/26/2026","7,170","7,176","7,218","7,091","1.39M","-0.77%"
"03/25/2026","7,226","7,050","7,226","7,020","2.03M","3.29%"
"03/24/2026","6,996","6,957","7,023","6,839","2.19M","1.11%"
"03/23/2026","6,919","7,024","7,142","6,868","3.40M","-0.30%"
"03/20/2026","6,940","7,000","7,248","6,940","7.01M","-1.88%"
"03/19/2026","7,073","7,175","7,236","7,006","5.97M","-1.86%"
"03/18/2026","7,207","7,306","7,407","7,207","2.10M","-1.38%"
"03/17/2026","7,308","7,275","7,348","7,187","2.39M","0.32%"
"03/16/2026","7,285","7,249","7,420","7,230","3.31M","0.41%"
"03/13/2026","7,255","7,289","7,360","7,117","2.36M","0.76%"
"03/12/2026","7,200","7,230","7,290","7,057","4.09M","-0.26%"
"03/11/2026","7,219","7,161","7,249","7,010","3.45M","4.87%"
"03/10/2026","6,884","6,893","7,135","6,868","4.61M","1.04%"
"03/09/2026","6,813","6,821","6,915","6,793","2.13M","-0.73%"
"03/06/2026","6,863","7,120","7,120","6,831","3.14M","-2.04%"
"03/05/2026","7,006","7,050","7,141","6,987","2.54M","-0.51%"
"03/04/2026","7,042","6,925","7,096","6,856","2.86M","1.50%"
"03/03/2026","6,938","7,300","7,343","6,917","3.53M","-4.89%"
"03/02/2026","7,295","7,213","7,325","7,188","3.38M","-0.71%"
"02/27/2026","7,347","7,340","7,362","7,165","3.84M","1.41%"
"02/26/2026","7,245","7,400","7,520","7,000","3.25M","-1.90%"
"02/25/2026","7,385","7,500","7,517","7,353","1.94M","-2.19%"
"02/24/2026","7,550","7,550","7,623","7,510","1.28M","-1.02%"
"02/23/2026","7,628","7,550","7,693","7,550","1.58M","0.08%"
"02/20/2026","7,622","7,484","7,684","7,484","1.99M","1.71%"
"02/19/2026","7,494","7,408","7,577","7,408","1.10M","-0.61%"
"02/18/2026","7,540","7,403","7,599","7,403","1.36M","1.59%"
"02/17/2026","7,422","7,300","7,483","7,300","790.37K","-0.59%"
"02/16/2026","7,466","7,295","7,478","7,295","3.18M","2.70%"
"02/13/2026","7,270","7,351","7,422","7,270","1.35M","-1.76%"
"02/12/2026","7,400","7,333","7,459","7,302","1.71M","0.00%"
"02/11/2026","7,400","7,350","7,400","7,244","2.28M","-0.18%"
"02/10/2026","7,413","7,340","7,511","7,327","3.12M","0.42%"
"02/09/2026","7,382","7,350","7,392","7,294","2.04M","0.44%"
"02/06/2026","7,350","7,210","7,380","7,210","1.30M","0.52%"
"02/05/2026","7,312","7,425","7,425","7,101","1.58M","-0.10%"
"02/04/2026","7,319","7,323","7,392","7,172","1.59M","-0.05%"
"02/03/2026","7,323","7,350","7,420","7,267","2.38M","0.58%"
"02/02/2026","7,281","7,120","7,327","6,959","3.73M","1.96%"
"01/30/2026","7,141","6,955","7,254","6,953","3.87M","0.80%"
"01/29/2026","7,084","7,021","7,314","6,955","4.40M","1.17%"
"01/28/2026","7,002","7,120","7,120","6,948","1.79M","0.21%"
"01/27/2026","6,987","7,010","7,098","6,987","2.40M","-1.16%"
"01/26/2026","7,069","7,120","7,120","6,933","1.98M","0.44%"
"01/23/2026","7,038","7,100","7,121","6,942","3.16M","0.53%"
"01/22/2026","7,001","6,910","7,092","6,836","3.69M","1.97%"
"01/21/2026","6,866","6,850","6,945","6,813","1.65M","-0.35%"
"01/20/2026","6,890","6,955","6,955","6,821","1.57M","0.39%"
"01/19/2026","6,863","6,965","6,965","6,850","2.18M","-1.32%"
"01/16/2026","6,955","7,004","7,032","6,851","3.25M","0.80%"
"01/15/2026","6,900","6,651","6,981","6,650","5.01M","4.04%"
"01/14/2026","6,632","6,750","6,755","6,586","2.09M","-1.51%"
"01/13/2026","6,734","6,670","6,783","6,637","2.44M","0.42%"
"01/12/2026","6,706","6,950","6,950","6,697","2.22M","-3.58%"
"01/09/2026","6,955","6,950","6,965","6,880","1.73M","0.43%"
"01/08/2026","6,925","6,900","6,985","6,830","1.72M","0.68%"
"01/07/2026","6,878","7,050","7,050","6,826","2.59M","-1.80%"
"01/06/2026","7,004","7,035","7,092","6,974","1.80M","-0.13%"
"01/05/2026","7,013","7,073","7,073","6,959","1.30M","-0.95%"
"01/02/2026","7,080","7,241","7,241","6,988","1.25M","-1.20%"
"12/31/2025","7,166","7,229","7,277","7,138","394.32K","-0.64%"
"12/30/2025","7,212","7,260","7,273","7,176","1.02M","-0.40%"
"12/29/2025","7,241","7,100","7,283","7,100","661.66K","-0.33%"
"12/24/2025","7,265","7,186","7,290","7,159","267.38K","0.85%"
"12/23/2025","7,204","7,260","7,260","7,070","1.79M","0.54%"
"12/22/2025","7,165","7,160","7,220","7,100","1.12M","0.03%"
"12/19/2025","7,163","7,180","7,319","7,106","6.48M","-1.62%"
"12/18/2025","7,281","7,233","7,323","7,163","8.58M","1.68%"
"12/17/2025","7,161","7,020","7,226","7,020","2.07M","0.65%"
"12/15/2025","7,115","7,023","7,190","7,023","1.61M","0.44%"
"12/12/2025","7,084","7,197","7,206","7,056","1.98M","-1.06%"
"12/11/2025","7,160","7,062","7,220","7,062","2.64M","0.18%"
"12/10/2025","7,147","7,122","7,166","7,107","1.26M","-0.32%"
"12/09/2025","7,170","7,195","7,195","7,078","1.37M","1.53%"
"12/08/2025","7,062","7,300","7,300","7,062","1.20M","-2.32%"
"12/05/2025","7,230","7,205","7,309","7,181","1.29M","0.00%"
"12/04/2025","7,230","7,300","7,317","7,205","978.00K","-0.23%"
"12/03/2025","7,247","7,320","7,399","7,216","1.44M","-0.92%"
"12/02/2025","7,314","7,284","7,409","7,240","1.50M","0.40%"
"12/01/2025","7,285","7,309","7,309","7,161","2.02M","0.48%"
"11/28/2025","7,250","7,299","7,318","7,230","3.11M","0.40%"
"11/27/2025","7,221","7,489","7,489","7,221","1.76M","-2.29%"
"11/26/2025","7,390","7,315","7,473","7,315","1.65M","0.59%"
"11/25/2025","7,347","7,300","7,482","7,173","1.25M","0.74%"
"11/24/2025","7,293","7,225","7,315","7,175","5.07M","0.97%"
"11/21/2025","7,223","7,320","7,341","7,196","1.73M","-1.85%"
"11/20/2025","7,359","7,350","7,486","7,336","2.30M","-0.14%"
"11/19/2025","7,369","7,343","7,426","7,312","1.03M","0.10%"
"11/18/2025","7,362","7,388","7,486","7,359","1.32M","-1.84%"
"11/17/2025","7,500","7,450","7,527","7,296","1.70M","2.81%"
"11/14/2025","7,295","7,350","7,432","7,275","1.60M","-1.46%"
"11/13/2025","7,403","7,400","7,468","7,201","1.42M","1.90%"
"11/12/2025","7,265","7,140","7,383","7,140","2.30M","0.97%"
"11/11/2025","7,195","7,140","7,241","7,140","1.36M","0.66%"
"11/10/2025","7,148","7,070","7,203","7,027","1.24M","1.35%"
"11/07/2025","7,053","7,050","7,153","6,970","2.19M","0.01%"
"11/06/2025","7,052","7,111","7,143","7,000","4.47M","-0.16%"
"11/05/2025","7,063","7,001","7,118","6,902","5.01M","0.16%"
"11/04/2025","7,052","7,263","7,342","7,020","2.20M","-2.93%"
"11/03/2025","7,265","7,318","7,451","7,245","1.22M","-0.48%"
"10/31/2025","7,300","7,390","7,514","7,281","1.65M","-1.60%"
"10/30/2025","7,419","7,450","7,489","7,354","1.53M","0.03%"
"10/29/2025","7,417","7,576","7,576","7,400","1.37M","-1.07%"
"10/28/2025","7,497","7,520","7,642","7,456","5.31M","0.77%"
"10/27/2025","7,440","7,380","7,475","7,349","2.33M","0.88%"
"10/24/2025","7,375","7,320","7,445","7,320","2.14M","0.00%"
"10/23/2025","7,375","7,390","7,390","7,307","1.42M","-0.20%"
"10/22/2025","7,390","7,329","7,397","7,309","1.87M","1.58%"
"10/21/2025","7,275","7,450","7,450","7,269","1.71M","-0.25%"
"10/20/2025","7,293","7,290","7,406","7,272","1.19M","-0.03%"
"10/17/2025","7,295","7,369","7,369","7,257","1.82M","-0.75%"
"10/16/2025","7,350","7,499","7,499","7,258","2.87M","0.00%"
"10/15/2025","7,350","7,404","7,404","7,234","2.68M","-1.23%"
"10/14/2025","7,442","7,388","7,466","7,348","1.10M","0.28%"
"10/13/2025","7,421","7,322","7,438","7,322","981.01K","-0.03%"
"10/10/2025","7,423","7,405","7,503","7,351","1.18M","0.38%"
"10/09/2025","7,395","7,312","7,426","7,268","1.14M","0.91%"
"10/08/2025","7,328","7,377","7,455","7,268","1.42M","-1.10%"
"10/07/2025","7,410","7,444","7,476","7,385","1.93M","0.37%"
"10/06/2025","7,383","7,325","7,634","7,325","1.97M","0.15%"
"10/03/2025","7,372","7,230","7,383","7,230","1.80M","1.98%"
"10/02/2025","7,229","7,520","7,520","7,229","2.68M","-1.95%"
"10/01/2025","7,373","7,216","7,470","7,200","3.64M","2.83%"
"09/30/2025","7,170","7,157","7,187","7,053","2.91M","1.37%"
"09/29/2025","7,073","7,160","7,319","7,052","1.66M","-1.76%"
"09/26/2025","7,200","7,280","7,314","7,155","1.36M","-1.72%"
"09/25/2025","7,326","7,440","7,457","7,290","3.07M","-2.09%"
"09/23/2025","7,482","7,698","7,700","7,482","1.99M","-2.58%"
"09/22/2025","7,680","7,966","7,966","7,659","2.07M","-3.14%"
"09/19/2025","7,929","7,832","7,929","7,744","7.41M","1.14%"
"09/18/2025","7,840","7,709","7,840","7,684","5.74M","1.25%"
"09/17/2025","7,743","7,750","7,763","7,487","3.43M","1.20%"
"09/16/2025","7,651","7,750","7,819","7,596","2.57M","-1.35%"
"09/15/2025","7,756","7,450","7,867","7,400","6.04M","7.26%"
"09/12/2025","7,231","7,340","7,345","7,182","2.34M","-0.06%"
"09/11/2025","7,235","7,300","7,370","7,174","1.98M","-0.89%"
"09/10/2025","7,300","7,100","7,318","7,100","2.67M","2.01%"
"09/09/2025","7,156","7,165","7,241","7,070","6.34M","-0.96%"
"09/08/2025","7,225","7,210","7,268","7,166","4.16M","-0.15%"
"09/05/2025","7,236","7,310","7,371","7,228","3.62M","-1.30%"
"09/04/2025","7,331","7,334","7,461","7,312","2.78M","-0.12%"
"09/03/2025","7,340","7,545","7,545","7,269","3.00M","-1.54%"
"09/02/2025","7,455","7,546","7,547","7,280","4.00M","-0.86%"
"09/01/2025","7,520","7,700","7,700","7,464","2.71M","-1.00%"
"08/29/2025","7,596","7,502","7,651","7,502","4.08M","0.88%"
"08/28/2025","7,530","7,550","7,618","7,459","3.95M","0.94%"
"08/27/2025","7,460","7,599","7,599","7,213","5.58M","2.47%"
"08/26/2025","7,280","7,599","7,599","7,280","3.92M","-1.49%"
"08/25/2025","7,390","7,429","7,480","7,332","3.23M","-1.03%"
"08/22/2025","7,467","7,405","7,518","7,405","3.77M","0.23%"
"08/21/2025","7,450","7,500","7,517","7,443","2.14M","-0.40%"
"08/20/2025","7,480","7,455","7,539","7,429","2.52M","0.27%"
"08/19/2025","7,460","7,380","7,485","7,380","1.65M","0.17%"
"08/18/2025","7,447","7,500","7,610","7,446","2.82M","-0.49%"
"08/15/2025","7,484","7,400","7,537","7,400","2.01M","0.47%"
"08/14/2025","7,449","7,440","7,545","7,391","2.58M","-0.67%"
"08/13/2025","7,499","7,470","7,611","7,445","2.83M","-0.71%"
"08/12/2025","7,553","7,480","7,567","7,480","1.47M","0.32%"
"08/11/2025","7,529","7,490","7,617","7,490","1.75M","-0.67%"
"08/08/2025","7,580","7,541","7,610","7,473","1.36M","0.37%"
"08/07/2025","7,552","7,490","7,606","7,490","2.83M","0.27%"
"08/06/2025","7,532","7,452","7,601","7,452","2.78M","0.51%"
"08/05/2025","7,494","7,865","7,865","7,476","3.14M","-0.57%"
"08/04/2025","7,537","7,574","7,597","7,479","2.81M","0.78%"
"08/01/2025","7,479","7,680","7,779","7,479","2.74M","-3.18%"
"07/31/2025","7,725","7,749","7,787","7,663","3.09M","0.78%"
"07/30/2025","7,665","7,578","7,671","7,524","2.11M","0.41%"
"07/29/2025","7,634","7,621","7,800","7,579","3.11M","-0.14%"
"07/28/2025","7,645","7,631","7,819","7,631","1.88M","-0.80%"
"07/25/2025","7,707","7,619","7,760","7,605","2.43M","0.38%"
"07/24/2025","7,678","7,575","7,739","7,575","1.70M","-0.31%"
"07/23/2025","7,702","7,548","7,702","7,548","2.16M","1.06%"
"07/22/2025","7,621","7,568","7,715","7,527","1.91M","-0.79%"
"07/21/2025","7,682","7,738","7,829","7,638","1.97M","-0.89%"
"07/18/2025","7,751","7,948","7,948","7,654","1.31M","0.95%"
"07/17/2025","7,678","7,666","7,696","7,588","1.71M","0.58%"
"07/16/2025","7,634","7,611","7,906","7,542","1.08M","-0.05%"
"07/15/2025","7,638","7,783","7,784","7,610","2.92M","-0.75%"
"07/14/2025","7,696","7,708","7,750","7,595","2.12M","0.43%"
"07/11/2025","7,663","7,840","7,843","7,643","2.08M","-1.39%"
"07/10/2025","7,771","7,800","7,941","7,760","2.16M","-1.63%"
"07/09/2025","7,900","7,950","8,008","7,851","2.53M","-0.32%"
"07/08/2025","7,925","7,970","7,970","7,801","1.72M","0.52%"
"07/07/2025","7,884","7,970","7,970","7,835","1.23M","0.15%"
"07/04/2025","7,872","7,849","7,872","7,712","1.23M","1.42%"
"07/03/2025","7,762","7,900","7,900","7,737","1.85M","-0.51%"
"07/02/2025","7,802","7,882","7,882","7,635","3.63M","-0.61%"
"07/01/2025","7,850","7,733","7,966","7,733","1.73M","0.22%"
"06/30/2025","7,833","7,827","7,939","7,764","2.54M","0.63%"
"06/27/2025","7,784","7,585","7,789","7,585","1.54M","1.06%"
"06/26/2025","7,702","7,766","7,923","7,680","2.20M","-1.95%"
"06/25/2025","7,855","7,800","7,997","7,800","1.27M","-1.11%"
"06/24/2025","7,943","7,775","7,975","7,774","1.07M","2.16%"
"06/23/2025","7,775","7,900","7,968","7,715","1.75M","-2.12%"
"06/20/2025","7,943","7,774","8,015","7,774","4.12M","0.65%"
"06/19/2025","7,892","8,129","8,129","7,724","6.43M","1.18%"
"06/18/2025","7,800","7,939","7,939","7,719","2.26M","-0.71%"
"06/17/2025","7,856","7,975","8,030","7,793","2.95M","-0.90%"
"06/13/2025","7,927","8,020","8,079","7,892","2.58M","-1.48%"
"06/12/2025","8,046","7,922","8,072","7,914","1.29M","0.95%"
"06/11/2025","7,970","7,999","8,042","7,922","2.43M","-0.42%"
"06/10/2025","8,004","8,030","8,064","7,936","2.48M","1.01%"
"06/09/2025","7,924","8,000","8,086","7,918","1.35M","-1.64%"
"06/06/2025","8,056","8,050","8,100","7,970","2.36M","0.94%"
"06/05/2025","7,981","7,975","8,125","7,815","3.45M","0.10%"
"06/04/2025","7,973","7,700","7,973","7,700","2.27M","2.56%"
"06/03/2025","7,774","7,593","7,774","7,544","2.55M","2.56%"
"06/02/2025","7,580","7,561","7,608","7,489","3.05M","-0.20%"
"05/30/2025","7,595","7,624","7,729","7,492","5.89M","-1.11%"
"05/29/2025","7,680","7,705","7,784","7,612","2.61M","-0.56%"
"05/28/2025","7,723","7,720","7,803","7,674","3.01M","0.32%"
"05/27/2025","7,698","7,600","7,720","7,600","2.51M","0.63%"
"05/26/2025","7,650","7,604","7,719","7,587","2.04M","0.60%"
"05/23/2025","7,604","7,429","7,604","7,429","1.67M","1.60%"
"05/22/2025","7,484","7,450","7,505","7,345","2.42M","0.74%"
"05/21/2025","7,429","7,500","7,541","7,377","1.57M","-0.66%"
"05/20/2025","7,478","7,500","7,528","7,432","1.94M","-0.21%"
"05/19/2025","7,494","7,490","7,531","7,386","1.49M","-0.05%"
"05/16/2025","7,498","7,435","7,523","7,400","1.66M","-0.03%"
"05/15/2025","7,500","7,500","7,543","7,438","2.49M","-0.31%"
"05/14/2025","7,523","7,607","7,613","7,477","2.77M","-0.73%"
"05/13/2025","7,578","7,700","7,700","7,498","2.92M","-0.75%"
"05/12/2025","7,635","7,700","7,824","7,600","1.32M","-0.82%"
"05/09/2025","7,698","7,710","7,767","7,631","1.74M","1.17%"
"05/08/2025","7,609","7,580","7,702","7,574","1.49M","0.38%"
"05/07/2025","7,580","7,594","7,661","7,569","1.91M","-0.64%"
"05/06/2025","7,629","7,692","7,703","7,533","1.60M","-0.40%"
"05/05/2025","7,660","7,843","7,900","7,566","5.63M","-2.35%"
"05/02/2025","7,844","7,600","7,881","7,591","2.84M","2.72%"
"04/30/2025","7,636","7,615","7,768","7,578","4.47M","0.81%"
"04/29/2025","7,575","7,315","7,601","7,315","2.45M","1.83%"
"04/25/2025","7,439","7,314","7,458","7,284","3.40M","1.42%"
"04/24/2025","7,335","7,180","7,359","7,180","3.64M","1.09%"
"04/23/2025","7,256","7,080","7,302","7,076","4.52M","2.49%"
"04/22/2025","7,080","7,000","7,080","6,925","1.91M","2.05%"
"04/17/2025","6,938","6,940","6,981","6,841","2.02M","0.14%"
"04/16/2025","6,928","6,928","6,953","6,804","2.29M","-0.06%"
"04/15/2025","6,932","6,910","7,021","6,854","3.83M","0.14%"
"04/14/2025","6,922","6,750","6,943","6,750","4.48M","2.58%"
"04/11/2025","6,748","6,650","6,895","6,650","2.92M","-0.82%"
"04/10/2025","6,804","6,580","7,024","6,580","4.68M","1.14%"
"04/09/2025","6,727","6,900","6,900","6,687","8.73M","-1.38%"
"04/08/2025","6,821","6,503","6,848","6,442","5.01M","5.31%"
"04/07/2025","6,477","6,301","6,687","6,202","6.20M","0.15%"
"04/04/2025","6,467","6,684","6,801","6,416","6.06M","-3.87%"
"04/03/2025","6,727","6,924","6,935","6,655","8.61M","-4.17%"
"04/02/2025","7,020","6,950","7,096","6,950","2.27M","-0.85%"
"04/01/2025","7,080","6,821","7,109","6,821","1.58M","1.58%"
"03/31/2025","6,970","7,144","7,144","6,962","2.28M","-1.22%"
"03/28/2025","7,056","7,138","7,139","7,026","1.42M","-0.88%"
"03/27/2025","7,119","7,051","7,149","7,028","1.50M","0.24%"
"03/26/2025","7,102","7,011","7,176","7,001","1.76M","1.02%"
"03/25/2025","7,030","7,000","7,072","6,952","2.44M","0.53%"
"03/24/2025","6,993","6,973","7,066","6,906","3.69M","0.29%"
"03/20/2025","6,973","6,750","7,083","6,750","14.01M","2.02%"
"03/19/2025","6,835","6,730","6,890","6,669","2.17M","1.64%"
"03/18/2025","6,725","6,700","6,788","6,513","3.57M","0.37%"
"03/17/2025","6,700","6,401","6,721","6,372","4.45M","5.28%"
"03/14/2025","6,364","6,501","6,534","6,302","4.33M","-1.96%"
"03/13/2025","6,491","6,650","6,650","6,416","1.88M","-0.14%"
"03/12/2025","6,500","6,508","6,581","6,440","2.10M","0.93%"
"03/11/2025","6,440","6,491","6,578","6,403","2.35M","-0.92%"
"03/10/2025","6,500","6,573","6,667","6,485","3.78M","-1.28%"
"03/07/2025","6,584","6,500","6,670","6,500","2.71M","-0.11%"
"03/06/2025","6,591","6,758","6,804","6,566","2.98M","-2.25%"
"03/05/2025","6,743","6,820","6,950","6,700","3.04M","-1.01%"
"03/04/2025","6,812","6,751","6,977","6,684","2.64M","-1.55%"
"03/03/2025","6,919","7,151","7,185","6,848","2.17M","-3.07%"
"02/28/2025","7,138","7,099","7,189","6,996","5.28M","1.48%"
"02/27/2025","7,034","6,740","7,069","6,740","4.79M","2.51%"
"02/26/2025","6,862","6,588","6,886","6,588","1.89M","1.06%"
"02/25/2025","6,790","6,525","6,817","6,525","1.25M","1.39%"
"02/24/2025","6,697","6,881","6,881","6,501","1.88M","-0.40%"
"02/21/2025","6,724","6,649","6,757","6,648","921.14K","1.20%"
"02/20/2025","6,644","6,697","6,749","6,504","1.30M","-0.08%"
"02/19/2025","6,649","6,644","6,729","6,636","2.44M","0.12%"
"02/18/2025","6,641","6,500","6,700","6,500","1.19M","1.10%"
"02/17/2025","6,569","6,501","6,599","6,501","919.60K","-0.32%"
"02/14/2025","6,590","6,604","6,674","6,520","954.59K","-0.18%"
"02/13/2025","6,602","6,699","6,744","6,556","2.96M","-1.26%"
"02/12/2025","6,686","6,694","6,697","6,571","939.87K","1.15%"
"02/11/2025","6,610","6,629","6,629","6,503","1.46M","0.14%"
"02/10/2025","6,601","6,610","6,722","6,500","1.78M","-0.42%"
"02/07/2025","6,629","6,480","6,711","6,459","2.34M","1.22%"
"02/06/2025","6,549","6,554","6,643","6,491","3.09M","-0.12%"
"02/05/2025","6,557","6,599","6,693","6,499","2.74M","0.08%"
"02/04/2025","6,552","6,390","6,664","6,256","2.87M","2.38%"
"02/03/2025","6,400","6,236","6,434","6,101","2.57M","1.54%"
"01/31/2025","6,303","6,434","6,500","6,216","3.85M","-1.65%"
"01/30/2025","6,409","6,500","6,589","6,368","4.31M","-1.17%"
"01/29/2025","6,485","6,328","6,502","6,240","4.35M","3.12%"
"01/28/2025","6,289","6,150","6,345","6,150","6.26M","0.95%"
"01/27/2025","6,230","6,450","6,450","6,188","4.61M","-2.18%"
"01/24/2025","6,369","6,406","6,441","6,341","2.67M","-0.98%"
"01/23/2025","6,432","6,652","6,687","6,402","2.72M","-3.83%"
"01/22/2025","6,688","6,765","6,799","6,606","1.60M","-1.14%"
"01/21/2025","6,765","6,900","6,900","6,690","2.25M","0.19%"
"01/20/2025","6,752","6,749","6,774","6,690","1.68M","0.28%"
"01/17/2025","6,733","6,715","6,932","6,558","2.47M","0.42%"
"01/16/2025","6,705","6,607","6,730","6,531","1.81M","0.98%"
"01/15/2025","6,640","6,341","6,686","6,341","2.78M","2.83%"
"01/14/2025","6,457","6,498","6,550","6,381","2.95M","0.23%"
"01/13/2025","6,442","6,448","6,465","6,345","2.32M","0.16%"
"01/10/2025","6,432","6,450","6,548","6,347","2.10M","-1.38%"
"01/09/2025","6,522","6,534","6,597","6,452","2.05M","-0.12%"
"01/08/2025","6,530","6,500","6,601","6,420","2.98M","-0.99%"
"01/07/2025","6,595","6,462","6,750","6,461","2.27M","1.00%"
"01/06/2025","6,530","6,588","6,700","6,454","4.23M","-0.31%"
"01/03/2025","6,550","6,614","6,645","6,492","5.21M","-0.68%"
"01/02/2025","6,595","6,991","6,991","6,551","2.15M","-0.83%"
"12/31/2024","6,650","6,720","6,850","6,605","1.68M","0.00%"
"12/30/2024","6,650","6,763","6,763","6,600","2.35M","-1.70%"
"12/27/2024","6,765","6,860","6,959","6,659","2.15M","-2.83%"
"12/24/2024","6,962","6,851","6,991","6,847","582.63K","1.46%"
"12/23/2024","6,862","6,850","6,875","6,767","2.02M","0.81%"
"12/20/2024","6,807","6,909","6,940","6,738","39.25M","-1.48%"
"12/19/2024","6,909","6,600","6,946","6,600","4.79M","0.91%"
"12/18/2024","6,847","6,700","6,847","6,700","2.57M","1.32%"
"12/17/2024","6,758","6,852","6,915","6,756","3.36M","-1.53%"
"12/13/2024","6,863","6,934","6,937","6,647","1.74M","0.96%"
"12/12/2024","6,798","6,900","6,900","6,780","1.35M","-0.89%"
"12/11/2024","6,859","6,934","6,934","6,721","1.22M","0.31%"
"12/10/2024","6,838","6,841","6,892","6,783","2.65M","-0.04%"
"12/09/2024","6,841","6,502","6,900","6,502","3.02M","-0.86%"
"12/06/2024","6,900","6,559","6,950","6,559","5.46M","0.44%"
"12/05/2024","6,870","6,690","6,941","6,591","4.98M","3.56%"
"12/04/2024","6,634","6,472","6,634","6,472","1.64M","1.19%"
"12/03/2024","6,556","6,600","6,600","6,428","3.15M","1.02%"
"12/02/2024","6,490","6,400","6,513","6,400","1.39M","0.39%"
"11/29/2024","6,465","6,401","6,495","6,401","1.74M","-0.75%"
"11/28/2024","6,514","6,562","6,570","6,463","1.40M","-0.60%"
"11/27/2024","6,553","6,580","6,610","6,462","2.18M","-0.40%"
"11/26/2024","6,579","6,649","6,702","6,527","2.46M","-0.23%"
"11/25/2024","6,594","6,636","6,667","6,531","5.46M","-0.29%"
"11/22/2024","6,613","6,557","6,717","6,556","2.91M","0.87%"
"11/21/2024","6,556","6,650","6,650","6,491","1.77M","0.86%"
"11/20/2024","6,500","6,420","6,518","6,420","1.45M","0.68%"
"11/19/2024","6,456","6,499","6,499","6,383","2.24M","1.05%"
"11/18/2024","6,389","6,200","6,498","6,200","1.53M","1.27%"
"11/15/2024","6,309","6,200","6,325","6,200","1.36M","1.19%"
"11/14/2024","6,235","6,168","6,348","6,168","2.62M","0.45%"
"11/13/2024","6,207","6,201","6,277","6,103","1.02M","0.10%"
"11/12/2024","6,201","6,200","6,253","6,077","2.25M","0.94%"
"11/11/2024","6,143","6,181","6,181","6,044","1.56M","1.04%"
"11/08/2024","6,080","6,100","6,133","6,055","1.01M","-0.28%"
"11/07/2024","6,097","6,157","6,241","6,049","991.62K","0.38%"
"11/06/2024","6,074","6,210","6,222","5,992","2.15M","-2.24%"
"11/05/2024","6,213","6,200","6,229","6,123","3.49M","0.93%"
"11/04/2024","6,156","6,079","6,166","6,053","3.11M","1.27%"
"11/01/2024","6,079","6,015","6,099","6,005","2.25M","1.23%"
"10/31/2024","6,005","5,991","6,078","5,952","3.34M","-0.18%"
"10/30/2024","6,016","6,056","6,094","5,975","2.66M","0.27%"
"10/29/2024","6,000","6,190","6,190","5,982","1.73M","-0.18%"
"10/28/2024","6,011","5,985","6,100","5,915","4.21M","1.33%"
"10/25/2024","5,932","5,847","6,006","5,847","1.99M","0.63%"
"10/24/2024","5,895","5,816","5,914","5,816","1.43M","0.61%"
"10/23/2024","5,859","5,885","5,939","5,803","1.43M","0.14%"
"10/22/2024","5,851","5,801","5,897","5,801","2.22M","-0.12%"
"10/21/2024","5,858","5,950","5,950","5,818","1.18M","-0.78%"
"10/18/2024","5,904","5,850","5,930","5,850","1.01M","0.17%"
"10/17/2024","5,894","5,999","5,999","5,887","840.46K","-0.56%"
"10/16/2024","5,927","6,060","6,060","5,876","8.07M","-2.44%"
"10/15/2024","6,075","5,961","6,259","5,961","3.86M","0.66%"
"10/14/2024","6,035","6,020","6,159","5,871","1.67M","0.08%"
"10/11/2024","6,030","6,000","6,063","5,961","1.62M","0.50%"
"10/10/2024","6,000","6,060","6,100","5,987","2.92M","0.25%"
"10/09/2024","5,986","6,109","6,110","5,946","2.08M","0.75%"
"10/08/2024","5,941","5,961","6,000","5,903","2.07M","0.03%"
"10/07/2024","5,939","5,887","6,041","5,802","2.81M","0.88%"
"10/04/2024","5,887","5,763","5,887","5,763","3.39M","0.92%"
"10/03/2024","5,834","5,851","5,866","5,679","2.27M","-0.31%"
"10/02/2024","5,851","5,772","5,916","5,768","2.29M","0.29%"
"10/01/2024","5,835","5,931","5,944","5,664","3.25M","1.19%"
"09/30/2024","5,766","5,961","5,961","5,766","4.01M","-1.28%"
"09/27/2024","5,841","5,752","5,918","5,702","4.10M","1.07%"
"09/26/2024","5,779","5,812","5,888","5,712","3.22M","-0.48%"
"09/25/2024","5,807","5,806","5,814","5,685","4.91M","1.07%"
"09/23/2024","5,745","5,696","5,812","5,547","1.63M","0.85%"
"09/20/2024","5,696","5,613","5,770","5,613","5.34M","0.35%"
"09/19/2024","5,677","5,633","5,806","5,580","3.68M","0.78%"
"09/18/2024","5,633","5,709","5,709","5,419","2.70M","2.62%"
"09/17/2024","5,489","5,122","5,580","5,092","3.63M","8.23%"
"09/16/2024","5,072","4,961","5,098","4,948","1.20M","1.25%"
"09/13/2024","5,009","5,085","5,085","4,950","2.02M","0.24%"
"09/12/2024","4,997","4,928","5,101","4,928","2.48M","-0.30%"
"09/11/2024","5,012","5,078","5,078","4,966","2.47M","-0.43%"
"09/10/2024","5,034","5,021","5,051","4,996","2.00M","0.54%"
"09/09/2024","5,007","5,001","5,058","4,950","3.27M","0.88%"
"09/06/2024","4,963","4,873","4,977","4,844","3.36M","1.77%"
"09/05/2024","4,877","4,867","4,894","4,806","3.11M","-0.22%"
"09/04/2024","4,888","4,838","4,943","4,759","4.69M","2.18%"
"09/03/2024","4,784","4,818","4,843","4,740","3.30M","0.99%"
"09/02/2024","4,737","4,707","4,742","4,663","2.16M","-0.10%"
"08/30/2024","4,742","4,664","4,767","4,664","3.57M","0.32%"
"08/29/2024","4,727","4,700","4,799","4,700","3.60M","-0.56%"
"08/28/2024","4,754","4,748","4,755","4,658","2.12M","1.72%"
"08/27/2024","4,673","4,680","4,785","4,634","1.52M","-1.82%"
"08/26/2024","4,760","4,733","4,769","4,634","1.86M","0.71%"
"08/23/2024","4,726","4,769","4,773","4,692","2.36M","0.63%"
"08/22/2024","4,696","4,784","4,818","4,652","1.30M","-1.46%"
"08/21/2024","4,766","4,783","4,809","4,724","928.60K","-0.35%"
"08/20/2024","4,783","4,833","4,835","4,745","1.67M","-0.82%"
"08/19/2024","4,822","4,769","4,873","4,674","1.78M","1.85%"
"08/16/2024","4,735","4,755","4,770","4,716","2.46M","1.10%"
"08/15/2024","4,683","4,709","4,771","4,666","1.16M","0.06%"
"08/14/2024","4,680","4,695","4,709","4,632","1.37M","0.15%"
"08/13/2024","4,673","4,621","4,692","4,570","933.54K","-0.21%"
"08/12/2024","4,683","4,678","4,749","4,591","1.04M","0.60%"
"08/08/2024","4,655","4,610","4,678","4,570","946.16K","0.77%"
"08/07/2024","4,620","4,531","4,644","4,531","1.04M","0.41%"
"08/06/2024","4,601","4,657","4,712","4,566","976.95K","-1.24%"
"08/05/2024","4,658","4,536","4,658","4,536","1.39M","-0.23%"
"08/02/2024","4,669","4,709","4,709","4,635","643.71K","-0.99%"
"08/01/2024","4,716","4,828","4,828","4,689","1.38M","-1.72%"
"07/31/2024","4,798","4,769","4,838","4,682","2.11M","2.42%"
"07/30/2024","4,685","4,769","4,769","4,669","1.25M","-0.61%"
"07/29/2024","4,714","4,693","4,722","4,669","938.20K","0.32%"
"07/26/2024","4,699","4,653","4,714","4,645","664.21K","0.87%"
"07/25/2024","4,658","4,614","4,658","4,552","1.28M","1.10%"
"07/24/2024","4,608","4,630","4,768","4,584","1.08M","-0.04%"
"07/23/2024","4,610","4,700","4,700","4,610","793.66K","-1.78%"
"07/22/2024","4,693","4,768","4,768","4,676","755.69K","-0.53%"
"07/19/2024","4,718","4,616","4,760","4,616","1.11M","0.51%"
"07/18/2024","4,694","4,621","4,749","4,621","1.21M","-0.51%"
"07/17/2024","4,718","4,692","4,735","4,633","2.26M","0.55%"
"07/16/2024","4,692","4,643","4,723","4,641","1.95M","0.38%"
"07/15/2024","4,674","4,668","4,733","4,600","1.42M","-0.49%"
"07/12/2024","4,697","4,724","4,724","4,600","1.19M","0.00%"
"07/11/2024","4,697","4,645","4,715","4,645","1.86M","1.03%"
"07/10/2024","4,649","4,694","4,755","4,595","3.07M","-0.95%"
"07/09/2024","4,694","4,683","4,769","4,651","2.23M","0.19%"
"07/08/2024","4,685","4,703","4,729","4,633","1.16M","0.70%"
"07/05/2024","4,652","4,629","4,737","4,493","1.09M","-0.55%"
"07/04/2024","4,678","4,688","4,698","4,470","1.74M","1.40%"
"07/03/2024","4,614","4,555","4,615","4,444","1.79M","3.73%"
"07/02/2024","4,448","4,669","4,769","4,446","1.24M","-2.57%"
"07/01/2024","4,565","4,621","4,700","4,547","1.25M","-1.01%"
"06/28/2024","4,612","4,232","4,616","4,232","1.55M","1.82%"
"06/27/2024","4,529","4,579","4,579","4,415","1.11M","0.95%"
"06/26/2024","4,486","4,501","4,580","4,486","1.07M","-2.23%"
"06/25/2024","4,589","4,277","4,614","4,277","1.19M","0.65%"
"06/24/2024","4,559","4,610","4,610","4,465","917.08K","0.92%"
"06/21/2024","4,517","4,439","4,655","4,439","3.69M","-0.50%"
"06/20/2024","4,540","4,654","4,694","4,499","1.25M","-2.68%"
"06/19/2024","4,665","4,571","4,684","4,551","2.87M","0.64%"
"06/18/2024","4,635","4,381","4,635","4,381","2.19M","4.69%"
"06/14/2024","4,428","4,128","4,428","4,128","2.21M","6.30%"
"06/13/2024","4,166","4,133","4,188","4,086","898.61K","0.77%"
"06/12/2024","4,134","4,130","4,163","4,126","1.31M","0.14%"
"06/11/2024","4,128","3,976","4,159","3,976","856.57K","0.65%"
"06/10/2024","4,101","4,222","4,222","4,050","613.18K","-0.36%"
"06/07/2024","4,116","4,074","4,190","4,074","1.43M","-0.91%"
"06/06/2024","4,154","4,142","4,179","4,068","1.51M","1.58%"
"06/05/2024","4,089","4,048","4,107","3,982","2.22M","2.26%"
"06/04/2024","3,999","4,123","4,123","3,996","2.28M","-2.19%"
"06/03/2024","4,088","4,024","4,088","3,984","2.50M","2.75%"
"05/31/2024","3,979","4,063","4,079","3,979","5.05M","-1.91%"
"05/30/2024","4,056","4,123","4,230","4,051","2.37M","-4.24%"
"05/28/2024","4,236","4,174","4,293","4,174","1.79M","-0.40%"
"05/27/2024","4,253","4,322","4,322","4,253","1.14M","-0.70%"
"05/24/2024","4,283","4,272","4,300","4,231","1.32M","0.02%"
"05/23/2024","4,282","4,320","4,338","4,279","1.76M","-0.46%"
"05/22/2024","4,302","4,319","4,355","4,291","1.83M","-0.09%"
"05/21/2024","4,306","4,272","4,329","4,272","1.40M","-0.32%"
"05/20/2024","4,320","4,274","4,326","4,240","2.34M","1.95%"
"05/17/2024","4,237","4,203","4,239","4,173","2.14M","0.71%"
"05/16/2024","4,207","4,093","4,250","4,093","2.26M","1.29%"
"05/15/2024","4,154","4,141","4,192","4,122","1.80M","0.82%"
"05/14/2024","4,120","4,074","4,158","4,074","1.94M","-0.31%"
"05/13/2024","4,133","4,173","4,173","4,093","2.42M","0.60%"
"05/10/2024","4,108","3,880","4,119","3,880","2.93M","1.85%"
"05/09/2024","4,033","3,991","4,052","3,991","2.56M","0.74%"
"05/08/2024","4,004","3,997","4,020","3,989","1.48M","-0.37%"
"05/07/2024","4,019","3,996","4,078","3,996","1.17M","0.02%"
"05/06/2024","4,018","4,030","4,082","4,017","1.13M","0.12%"
"05/03/2024","4,013","4,046","4,073","4,004","1.76M","-0.05%"
"05/02/2024","4,015","4,039","4,067","3,966","1.19M","-0.39%"
"04/30/2024","4,030","4,163","4,163","4,012","2.32M","0.62%"
"04/29/2024","4,006","3,984","4,019","3,903","2.77M","1.10%"
"04/26/2024","3,962","3,877","3,968","3,875","1.37M","1.81%"
"04/25/2024","3,891","3,870","3,935","3,857","2.21M","0.41%"
"04/24/2024","3,875","3,973","3,973","3,840","1.79M","0.00%"
"04/23/2024","3,875","3,826","3,953","3,826","2.01M","0.80%"
"04/22/2024","3,845","3,875","3,973","3,845","1.82M","-1.45%"
"04/19/2024","3,901","3,924","3,955","3,873","1.63M","-0.58%"
"04/18/2024","3,924","3,932","3,974","3,849","1.80M","0.10%"
"04/17/2024","3,920","4,172","4,172","3,920","2.68M","-1.35%"
"04/16/2024","3,974","3,970","4,000","3,915","2.11M","-1.01%"
"04/15/2024","4,015","4,065","4,076","4,001","1.95M","-0.74%"
"04/12/2024","4,044","4,073","4,090","4,013","1.50M","-0.68%"
"04/11/2024","4,072","4,081","4,162","4,051","2.09M","-0.39%"
"04/10/2024","4,088","4,159","4,189","4,063","1.45M","-2.02%"
"04/09/2024","4,173","4,123","4,185","4,122","766.28K","0.84%"
"04/08/2024","4,138","4,128","4,157","4,123","1.20M","0.12%"
"04/05/2024","4,133","4,143","4,150","4,118","582.77K","-0.48%"
"04/04/2024","4,153","4,054","4,178","4,054","598.17K","0.58%"
"04/03/2024","4,129","4,080","4,157","4,071","1.40M","0.51%"
"04/02/2024","4,108","4,122","4,197","4,072","1.12M","-1.55%"
"03/28/2024","4,173","4,106","4,173","4,106","1.64M","0.50%"
"03/27/2024","4,152","4,171","4,171","4,131","929.99K","-0.02%"
"03/26/2024","4,153","4,139","4,176","4,098","859.24K","-0.48%"
"03/25/2024","4,173","4,153","4,190","4,153","1.39M","-0.40%"
"03/22/2024","4,189","4,158","4,236","4,158","1.37M","1.10%"
"03/20/2024","4,144","4,075","4,144","4,051","2.56M","0.51%"
"03/19/2024","4,123","3,999","4,128","3,999","2.58M","1.64%"
"03/18/2024","4,056","3,874","4,056","3,874","3.25M","5.48%"
"03/15/2024","3,846","3,986","4,158","3,846","8.55M","-6.00%"
"03/14/2024","4,091","4,005","4,173","4,005","1.86M","-0.19%"
"03/13/2024","4,099","4,092","4,173","3,991","1.85M","1.10%"
"03/12/2024","4,054","3,925","4,069","3,925","2.14M","1.27%"
"03/11/2024","4,004","4,015","4,057","3,912","1.90M","-1.18%"
"03/08/2024","4,051","4,098","4,113","3,984","1.63M","-1.52%"
"03/07/2024","4,114","4,123","4,145","4,067","795.89K","-0.24%"
"03/06/2024","4,124","4,194","4,194","4,122","603.16K","-1.54%"
"03/05/2024","4,188","4,133","4,205","4,108","1.14M","1.74%"
"03/04/2024","4,117","4,133","4,227","4,117","1.63M","-0.72%"
"03/01/2024","4,147","4,174","4,256","4,123","801.31K","0.24%"
"02/29/2024","4,137","4,128","4,164","4,101","2.01M","0.31%"
"02/28/2024","4,124","4,117","4,153","4,114","817.97K","0.02%"
"02/27/2024","4,123","4,126","4,163","4,114","1.17M","-0.34%"
"02/26/2024","4,137","4,222","4,223","4,114","759.50K","-1.58%"
"02/23/2024","4,203","4,089","4,203","4,084","1.70M","2.77%"
"02/22/2024","4,090","4,073","4,117","4,041","897.12K","0.17%"
"02/21/2024","4,083","4,132","4,132","4,070","938.92K","-0.82%"
"02/20/2024","4,117","4,089","4,129","4,067","1.02M","0.56%"
"02/19/2024","4,094","4,082","4,104","3,994","742.68K","2.13%"
"02/16/2024","4,009","4,073","4,102","4,004","1.38M","-2.06%"
"02/15/2024","4,093","4,092","4,113","3,997","1.08M","1.30%"
"02/14/2024","4,040","4,043","4,052","4,008","990.14K","0.22%"
"02/13/2024","4,031","4,182","4,182","4,031","778.88K","-1.05%"
"02/12/2024","4,074","4,123","4,123","4,018","468.47K","-0.07%"
"02/09/2024","4,077","4,080","4,110","4,054","422.15K","0.20%"
"02/08/2024","4,069","4,159","4,159","4,054","1.09M","-1.49%"
"02/07/2024","4,131","4,178","4,178","4,073","870.30K","-0.05%"
"02/06/2024","4,133","4,178","4,178","4,038","1.03M","0.53%"
"02/05/2024","4,111","4,114","4,132","4,075","1.36M","-0.84%"
"02/02/2024","4,146","4,272","4,272","4,146","1.27M","-0.88%"
"02/01/2024","4,182","4,089","4,202","4,064","1.86M","0.60%"
"01/31/2024","4,158","4,099","4,194","4,099","788.77K","-0.38%"
"01/30/2024","4,174","4,174","4,271","4,128","985.75K","-0.05%"
"01/29/2024","4,176","4,134","4,271","3,977","875.08K","-1.11%"
"01/26/2024","4,222","4,097","4,256","4,097","1.04M","1.65%"
"01/25/2024","4,154","4,101","4,183","4,101","1.36M","0.19%"
"01/24/2024","4,146","3,984","4,152","3,954","1.45M","3.68%"
"01/23/2024","3,999","4,131","4,138","3,954","1.79M","-3.01%"
"01/22/2024","4,123","4,130","4,173","4,074","755.67K","-1.05%"
"01/19/2024","4,167","4,124","4,174","4,088","1.23M","1.92%"
"01/18/2024","4,088","4,056","4,128","4,053","1.30M","0.93%"
"01/17/2024","4,050","4,062","4,105","4,033","730.55K","-0.88%"
"01/16/2024","4,086","4,091","4,107","4,049","676.66K","-0.80%"
"01/15/2024","4,119","4,088","4,160","4,034","2.96M","1.15%"
"01/12/2024","4,072","4,025","4,079","4,023","1.16M","1.09%"
"01/11/2024","4,028","4,082","4,082","3,990","1.49M","-1.03%"
"01/10/2024","4,070","4,045","4,112","4,027","1.03M","0.12%"
"01/09/2024","4,065","4,068","4,242","4,030","1.63M","-0.20%"
"01/08/2024","4,073","4,106","4,106","4,026","931.11K","-0.56%"
"01/05/2024","4,096","4,242","4,287","4,065","664.91K","-0.34%"
"01/04/2024","4,110","4,174","4,179","4,088","406.52K","-0.96%"
"01/03/2024","4,150","4,370","4,370","4,150","640.97K","-1.23%"
"01/02/2024","4,201","4,271","4,271","4,172","900.55K","0.21%"
"12/29/2023","4,192","4,187","4,219","4,173","1.03M","0.26%"
"12/28/2023","4,181","4,205","4,273","4,129","904.81K","-0.57%"
"12/27/2023","4,205","4,202","4,289","4,143","1.35M","0.07%"
"12/22/2023","4,202","4,265","4,265","4,171","345.10K","0.71%"
"12/21/2023","4,173","4,152","4,173","4,098","480.96K","-0.07%"
"12/20/2023","4,176","4,177","4,213","4,148","559.14K","0.17%"
"12/19/2023","4,169","4,297","4,315","4,155","982.04K","-2.96%"
"12/18/2023","4,296","4,335","4,361","4,244","3.03M","0.30%"
"12/14/2023","4,283","4,098","4,363","4,098","4.50M","-0.90%"
"12/13/2023","4,322","4,371","4,564","4,248","1.52M","1.16%"
"12/12/2023","4,272","4,569","4,569","4,152","1.55M","-0.09%"
"12/11/2023","4,276","4,322","4,371","4,220","1.11M","0.09%"
"12/08/2023","4,272","4,262","4,305","4,179","1.24M","1.39%"
"12/07/2023","4,213","4,570","4,570","4,180","689.58K","-0.45%"
"12/06/2023","4,232","4,222","4,259","4,177","1.27M","1.02%"
"12/05/2023","4,189","4,213","4,247","4,146","3.03M","-0.38%"
"12/04/2023","4,205","4,117","4,322","4,098","891.41K","1.90%"
"12/01/2023","4,127","4,211","4,218","4,056","2.41M","0.10%"
"11/30/2023","4,123","4,460","4,460","4,072","5.99M","-1.80%"
"11/29/2023","4,198","4,217","4,260","4,174","1.90M","-1.38%"
"11/28/2023","4,257","4,310","4,312","4,227","1.56M","-0.26%"
"11/27/2023","4,268","4,414","4,454","4,260","649.58K","-2.54%"
"11/24/2023","4,379","4,380","4,421","4,174","1.73M","1.57%"
"11/23/2023","4,312","4,370","4,370","4,310","1.01M","-0.41%"
"11/22/2023","4,329","4,284","4,350","4,272","1.05M","1.07%"
"11/21/2023","4,284","4,333","4,369","4,237","1.17M","-1.44%"
"11/20/2023","4,346","4,331","4,353","4,312","769.66K","0.32%"
"11/17/2023","4,332","4,312","4,346","4,272","1.00M","0.35%"
"11/16/2023","4,318","4,371","4,371","4,269","1.22M","-0.96%"
"11/15/2023","4,359","4,427","4,471","4,335","2.49M","-0.23%"
"11/14/2023","4,369","4,140","4,381","4,094","2.55M","4.59%"
"11/13/2023","4,178","4,205","4,263","4,177","696.23K","-1.36%"
"11/10/2023","4,235","4,067","4,251","4,065","1.45M","3.22%"
"11/09/2023","4,103","4,100","4,167","4,074","1.24M","-1.20%"
"11/08/2023","4,153","4,116","4,183","4,090","886.22K","0.55%"
"11/07/2023","4,130","4,133","4,145","4,093","647.36K","-0.29%"
"11/06/2023","4,142","4,128","4,214","4,091","999.79K","0.10%"
"11/03/2023","4,138","4,147","4,173","4,065","1.50M","0.19%"
"11/02/2023","4,130","4,011","4,155","4,011","2.06M","3.18%"
"11/01/2023","4,003","3,925","4,028","3,925","1.22M","-0.07%"
"10/31/2023","4,006","4,042","4,043","3,966","1.36M","0.42%"
"10/30/2023","3,989","3,989","4,053","3,944","675.85K","0.58%"
"10/27/2023","3,966","3,879","4,078","3,879","1.20M","-0.70%"
"10/26/2023","3,994","4,192","4,192","3,921","1.57M","-1.20%"
"10/25/2023","4,042","3,979","4,043","3,929","1.25M","2.31%"
"10/24/2023","3,951","3,995","4,053","3,876","1.03M","-0.35%"
"10/23/2023","3,965","3,928","3,992","3,908","1.61M","-0.20%"
"10/20/2023","3,973","4,113","4,130","3,947","2.54M","-1.82%"
"10/19/2023","4,046","4,058","4,069","4,006","1.47M","-0.42%"
"10/18/2023","4,063","4,132","4,187","4,010","4.56M","0.02%"
"10/17/2023","4,062","4,163","4,163","4,020","1.57M","-2.08%"
"10/16/2023","4,149","4,123","4,204","4,123","2.25M","0.63%"
"10/13/2023","4,123","4,214","4,219","4,120","2.36M","-2.44%"
"10/12/2023","4,226","4,272","4,278","4,195","2.31M","0.93%"
"10/11/2023","4,187","4,218","4,223","4,143","2.17M","0.30%"
"10/10/2023","4,175","4,264","4,264","4,046","1.69M","1.57%"
"10/09/2023","4,111","4,122","4,194","4,072","1.95M","-0.38%"
"10/06/2023","4,126","4,134","4,191","4,081","1.28M","-0.14%"
"10/05/2023","4,132","3,977","4,133","3,977","1.73M","2.16%"
"10/04/2023","4,045","4,075","4,115","4,023","1.13M","-2.21%"
"10/03/2023","4,136","4,065","4,156","4,065","1.44M","1.56%"
"10/02/2023","4,073","4,238","4,247","4,065","1.83M","-3.93%"
"09/29/2023","4,239","4,206","4,263","4,206","1.69M","0.07%"
"09/28/2023","4,236","4,323","4,323","4,147","2.22M","0.07%"
"09/27/2023","4,234","4,263","4,274","4,206","1.50M","-0.47%"
"09/26/2023","4,253","4,251","4,260","4,125","2.34M","-0.05%"
"09/22/2023","4,255","4,135","4,255","3,976","2.34M","1.23%"
"09/21/2023","4,204","4,313","4,313","4,092","2.41M","-2.57%"
"09/20/2023","4,315","4,160","4,315","4,129","2.09M","4.14%"
"09/19/2023","4,143","3,936","4,162","3,895","2.45M","5.80%"
"09/18/2023","3,916","3,817","3,937","3,797","1.58M","2.60%"
"09/15/2023","3,817","3,906","3,925","3,694","5.50M","-1.66%"
"09/14/2023","3,882","3,939","4,062","3,831","1.36M","-0.15%"
"09/13/2023","3,887","3,872","3,912","3,817","1.29M","-0.93%"
"09/12/2023","3,924","3,966","3,966","3,909","1.02M","-0.53%"
"09/11/2023","3,945","3,922","3,995","3,889","678.65K","-0.38%"
"09/08/2023","3,960","3,787","3,965","3,787","695.60K","0.93%"
"09/07/2023","3,923","3,942","3,979","3,900","972.74K","-1.07%"
"09/06/2023","3,966","4,064","4,064","3,925","706.71K","0.00%"
"09/05/2023","3,966","3,923","3,984","3,923","1.32M","-0.02%"
"09/04/2023","3,967","3,993","4,014","3,960","526.06K","-0.62%"
"09/01/2023","3,992","3,923","3,998","3,923","1.57M","0.65%"
"08/31/2023","3,966","4,033","4,036","3,944","2.68M","-1.11%"
"08/30/2023","4,010","3,916","4,060","3,916","866.92K","0.57%"
"08/29/2023","3,988","3,985","4,015","3,971","967.79K","-0.07%"
"08/28/2023","3,991","3,986","4,006","3,787","1.03M","0.95%"
"08/25/2023","3,953","3,994","3,994","3,943","857.31K","-0.47%"
"08/24/2023","3,972","3,904","3,977","3,770","2.16M","2.56%"
"08/23/2023","3,873","3,768","3,900","3,768","1.78M","1.96%"
"08/22/2023","3,798","3,783","3,841","3,783","675.24K","-0.39%"
"08/21/2023","3,813","3,788","3,830","3,751","1.65M","1.40%"
"08/18/2023","3,761","3,824","3,824","3,747","1.31M","-1.33%"
"08/17/2023","3,811","3,772","3,837","3,767","1.73M","0.10%"
"08/16/2023","3,807","3,769","3,829","3,761","2.66M","0.00%"
"08/15/2023","3,807","3,817","3,837","3,797","2.53M","0.00%"
"08/14/2023","3,807","3,768","3,847","3,768","2.27M","0.03%"
"08/11/2023","3,806","3,845","3,872","3,796","1.91M","-1.06%"
"08/10/2023","3,847","3,768","3,861","3,768","2.08M","1.25%"
"08/08/2023","3,799","3,668","3,852","3,668","942.38K","-0.55%"
"08/07/2023","3,820","3,941","3,960","3,814","967.21K","-0.72%"
"08/04/2023","3,848","3,663","3,886","3,663","4.99M","2.19%"
"08/03/2023","3,766","3,825","3,830","3,717","1.12M","-0.84%"
"08/02/2023","3,797","3,867","3,867","3,769","1.35M","-1.54%"
"08/01/2023","3,857","3,815","3,892","3,815","1.31M","0.59%"
"07/31/2023","3,834","3,855","3,855","3,818","677.07K","-0.46%"
"07/28/2023","3,852","3,823","3,863","3,800","787.40K","1.17%"
"07/27/2023","3,807","3,754","3,836","3,748","1.17M","1.19%"
"07/26/2023","3,763","3,723","3,837","3,684","1.15M","0.03%"
"07/25/2023","3,762","3,663","3,803","3,663","762.64K","-0.05%"
"07/24/2023","3,764","3,814","3,845","3,730","1.39M","-1.33%"
"07/21/2023","3,814","3,701","3,820","3,701","1.72M","2.45%"
"07/20/2023","3,723","3,736","3,782","3,665","1.73M","-1.05%"
"07/19/2023","3,763","3,769","3,821","3,740","1.62M","0.85%"
"07/18/2023","3,731","3,674","3,753","3,667","1.41M","1.70%"
"07/17/2023","3,668","3,651","3,709","3,647","819.25K","0.43%"
"07/14/2023","3,653","3,619","3,680","3,580","2.26M","1.38%"
"07/13/2023","3,603","3,516","3,618","3,516","1.11M","1.08%"
"07/12/2023","3,564","3,501","3,590","3,474","1.48M","2.28%"
"07/11/2023","3,485","3,491","3,507","3,475","700.81K","0.09%"
"07/10/2023","3,482","3,500","3,513","3,327","678.81K","0.75%"
"07/07/2023","3,456","3,430","3,470","3,402","1.57M","1.31%"
"07/06/2023","3,412","3,406","3,439","3,355","1.65M","1.00%"
"07/05/2023","3,378","3,401","3,454","3,378","1.41M","-0.67%"
"07/04/2023","3,401","3,407","3,407","3,361","1.77M","0.35%"
"07/03/2023","3,389","3,371","3,389","3,331","1.63M","0.56%"
"06/30/2023","3,370","3,371","3,391","3,334","2.25M","1.13%"
"06/29/2023","3,332","3,347","3,369","3,307","1.11M","0.75%"
"06/28/2023","3,307","3,311","3,331","3,277","1.17M","0.57%"
"06/27/2023","3,289","3,222","3,297","3,222","512.39K","-0.24%"
"06/26/2023","3,297","3,339","3,339","3,276","1.16M","-0.54%"
"06/23/2023","3,314","3,223","3,345","3,223","860.66K","-0.15%"
"06/22/2023","3,319","3,333","3,349","3,293","675.55K","-0.92%"
"06/21/2023","3,350","3,341","3,385","3,330","1.84M","-0.62%"
"06/20/2023","3,371","3,370","3,414","3,340","1.33M","-0.56%"
"06/19/2023","3,390","3,313","3,423","3,313","2.00M","1.06%"
"06/15/2023","3,354","3,420","3,420","3,344","9.45M","-0.68%"
"06/14/2023","3,377","3,378","3,400","3,355","2.33M","0.56%"
"06/13/2023","3,358","3,352","3,380","3,333","2.46M","0.30%"
"06/12/2023","3,348","3,192","3,404","3,192","2.92M","-0.41%"
"06/09/2023","3,362","3,174","3,419","3,174","2.98M","0.77%"
"06/08/2023","3,336","3,250","3,370","3,126","2.12M","1.02%"
"06/07/2023","3,303","3,283","3,327","3,236","2.05M","1.37%"
"06/06/2023","3,258","3,123","3,271","3,123","1.54M","0.74%"
"06/05/2023","3,234","3,201","3,252","3,193","819.30K","0.34%"
"06/02/2023","3,223","3,219","3,231","3,168","1.42M","1.21%"
"06/01/2023","3,185","3,164","3,203","3,131","3.15M","1.49%"
"05/31/2023","3,138","3,237","3,237","3,049","9.29M","1.61%"
"05/30/2023","3,088","3,175","3,175","3,088","2.58M","-1.83%"
"05/29/2023","3,146","3,173","3,204","3,131","1.61M","-0.75%"
"05/26/2023","3,170","3,175","3,189","3,116","1.89M","-0.71%"
"05/25/2023","3,192","3,098","3,199","3,098","3.20M","1.32%"
"05/24/2023","3,151","3,188","3,188","3,134","1.22M","-0.94%"
"05/23/2023","3,181","3,156","3,218","3,156","1.22M","-0.28%"
"05/22/2023","3,190","3,180","3,209","3,158","1.77M","0.31%"
"05/19/2023","3,180","3,262","3,262","3,147","2.69M","-0.31%"
"05/18/2023","3,190","3,090","3,200","3,090","1.09M","1.16%"
"05/17/2023","3,153","3,221","3,221","3,090","2.29M","-0.13%"
"05/16/2023","3,157","3,223","3,254","3,133","2.33M","-3.07%"
"05/15/2023","3,257","3,278","3,283","3,225","2.03M","-0.36%"
"05/12/2023","3,269","3,222","3,290","3,192","3.46M","0.52%"
"05/11/2023","3,252","3,371","3,371","3,223","3.39M","-2.12%"
"05/10/2023","3,322","3,332","3,374","3,318","1.39M","-1.44%"
"05/09/2023","3,371","3,322","3,388","3,322","1.06M","-0.64%"
"05/08/2023","3,393","3,411","3,423","3,367","1.74M","-0.52%"
"05/05/2023","3,411","3,321","3,411","3,321","3.39M","1.62%"
"05/04/2023","3,356","3,336","3,377","3,331","2.97M","0.42%"
"05/03/2023","3,342","3,394","3,394","3,329","3.49M","-0.97%"
"05/02/2023","3,375","3,454","3,454","3,371","6.45M","-2.18%"
"04/28/2023","3,450","3,470","3,476","3,342","4.29M","-0.43%"
"04/26/2023","3,465","3,384","3,472","3,384","3.56M","0.72%"
"04/25/2023","3,440","3,384","3,471","3,384","2.48M","-0.29%"
"04/24/2023","3,450","3,490","3,490","3,380","3.16M","1.19%"
"04/21/2023","3,410","3,439","3,475","3,392","2.38M","-1.49%"
"04/20/2023","3,461","3,406","3,462","3,400","2.18M","0.98%"
"04/19/2023","3,427","3,404","3,427","3,365","1.81M","-0.06%"
"04/18/2023","3,429","3,469","3,469","3,413","1.86M","-0.03%"
"04/17/2023","3,430","3,486","3,486","3,410","1.86M","-0.80%"
"04/14/2023","3,458","3,470","3,490","3,434","1.19M","-0.34%"
"04/13/2023","3,470","3,569","3,569","3,439","1.83M","0.17%"
"04/12/2023","3,464","3,480","3,480","3,435","1.70M","-1.19%"
"04/11/2023","3,506","3,499","3,527","3,429","3.09M","1.03%"
"04/06/2023","3,470","3,452","3,475","3,435","2.11M","0.32%"
"04/05/2023","3,459","3,473","3,486","3,440","1.85M","-0.94%"
"04/04/2023","3,492","3,455","3,522","3,411","3.27M","1.35%"
"04/03/2023","3,445","3,459","3,499","3,406","1.68M","-0.52%"
"03/31/2023","3,463","3,534","3,534","3,448","1.39M","-1.16%"
"03/30/2023","3,504","3,381","3,529","3,381","1.87M","0.23%"
"03/29/2023","3,496","3,505","3,519","3,434","2.47M","1.82%"
"03/28/2023","3,433","3,385","3,459","3,383","2.80M","1.55%"
"03/27/2023","3,381","3,375","3,410","3,304","1.99M","0.59%"
"03/24/2023","3,361","3,370","3,391","3,311","2.40M","-0.03%"
"03/23/2023","3,362","3,375","3,511","3,288","2.15M","0.24%"
"03/22/2023","3,354","3,619","3,619","3,326","4.83M","0.89%"
"03/20/2023","3,324","3,361","3,361","3,224","2.03M","-1.09%"
"03/17/2023","3,361","3,368","3,449","3,309","13.21M","0.62%"
"03/16/2023","3,340","3,391","3,440","3,290","2.83M","-1.52%"
"03/15/2023","3,392","3,371","3,502","3,371","4.35M","-2.84%"
"03/14/2023","3,491","3,473","3,518","3,438","1.64M","-0.84%"
"03/13/2023","3,521","3,531","3,543","3,413","3.66M","-0.56%"
"03/10/2023","3,540","3,532","3,572","3,463","2.22M","-1.92%"
"03/09/2023","3,610","3,569","3,626","3,528","5.91M","0.80%"
"03/08/2023","3,581","3,590","3,616","3,507","5.03M","-0.50%"
"03/07/2023","3,599","3,594","3,607","3,557","5.97M","0.83%"
"03/06/2023","3,569","3,587","3,587","3,545","1.95M","0.45%"
"03/03/2023","3,553","3,572","3,623","3,525","2.81M","0.48%"
"03/02/2023","3,537","3,520","3,568","3,463","4.00M","0.17%"
"03/01/2023","3,531","3,495","3,557","3,425","4.62M","-0.28%"
"02/28/2023","3,540","3,644","3,644","3,540","83.42M","-0.64%"
"02/27/2023","3,563","3,572","3,587","3,475","4.29M","0.79%"
"02/24/2023","3,536","3,592","3,592","3,474","4.31M","-0.94%"
"02/23/2023","3,569","3,687","3,687","3,441","6.61M","2.27%"
"02/22/2023","3,490","3,519","3,564","3,486","5.40M","-0.59%"
"02/21/2023","3,511","3,464","3,521","3,463","3.25M","0.68%"
"02/20/2023","3,487","3,489","3,512","3,445","3.24M","0.17%"
"02/17/2023","3,481","3,495","3,530","3,463","2.43M","-0.51%"
"02/16/2023","3,499","3,522","3,534","3,416","2.92M","0.43%"
"02/15/2023","3,484","3,482","3,513","3,450","3.13M","-0.45%"
"02/14/2023","3,500","3,569","3,584","3,471","5.30M","0.31%"
"02/13/2023","3,489","3,490","3,527","3,372","5.04M","2.42%"
"02/10/2023","3,407","3,421","3,511","3,364","4.64M","0.29%"
"02/09/2023","3,397","3,431","3,432","3,385","2.35M","-0.49%"
"02/08/2023","3,414","3,421","3,421","3,274","2.24M","0.41%"
"02/07/2023","3,400","3,459","3,459","3,328","2.78M","-1.07%"
"02/06/2023","3,436","3,520","3,540","3,400","3.93M","-2.28%"
"02/03/2023","3,517","3,584","3,584","3,500","2.66M","-1.25%"
"02/02/2023","3,561","3,668","3,727","3,495","4.77M","-0.99%"
"02/01/2023","3,597","3,594","3,646","3,578","3.96M","0.83%"
"01/31/2023","3,567","3,530","3,593","3,516","4.50M","0.95%"
"01/30/2023","3,534","3,490","3,556","3,487","2.34M","1.22%"
"01/27/2023","3,491","3,465","3,527","3,451","2.61M","0.74%"
"01/26/2023","3,465","3,497","3,520","3,378","3.11M","0.72%"
"01/25/2023","3,440","3,468","3,668","3,375","2.23M","-0.80%"
"01/24/2023","3,468","3,456","3,483","3,412","1.58M","0.58%"
"01/23/2023","3,448","3,383","3,449","3,364","1.94M","1.93%"
"01/20/2023","3,383","3,445","3,445","3,373","2.65M","-0.81%"
"01/19/2023","3,411","3,376","3,508","3,376","4.05M","-0.55%"
"01/18/2023","3,429","3,480","3,491","3,423","3.25M","0.73%"
"01/17/2023","3,405","3,437","3,465","3,389","2.78M","0.06%"
"01/16/2023","3,403","3,305","3,490","3,305","2.28M","0.65%"
"01/13/2023","3,381","3,470","3,470","3,307","4.00M","1.19%"
"01/12/2023","3,341","3,453","3,458","3,333","2.44M","-2.26%"
"01/11/2023","3,419","3,464","3,470","3,380","4.28M","-0.49%"
"01/10/2023","3,435","3,479","3,479","3,325","4.50M","1.79%"
"01/09/2023","3,375","3,182","3,491","3,182","5.55M","4.74%"
"01/06/2023","3,222","3,237","3,262","3,174","2.62M","0.00%"
"01/05/2023","3,222","3,280","3,306","3,116","4.07M","-0.76%"
"01/04/2023","3,247","3,153","3,299","3,075","4.85M","1.58%"
"01/03/2023","3,196","3,163","3,222","3,118","1.52M","2.22%"
"12/30/2022","3,127","3,103","3,173","3,075","981.04K","-0.50%"
"12/29/2022","3,143","3,154","3,191","3,052","2.95M","0.00%"
"12/28/2022","3,143","3,141","3,237","3,094","3.89M","0.06%"
"12/23/2022","3,141","3,123","3,174","3,107","1.18M","0.06%"
"12/22/2022","3,139","3,158","3,158","3,089","1.02M","1.25%"
"12/21/2022","3,100","3,104","3,157","2,985","1.81M","0.84%"
"12/20/2022","3,075","3,064","3,130","3,060","1.56M","0.39%"
"12/19/2022","3,063","2,959","3,063","2,940","1.47M","3.48%"
"12/15/2022","2,959","2,974","2,974","2,910","8.34M","-1.52%"
"12/14/2022","3,005","3,058","3,058","2,959","1.36M","0.66%"
"12/13/2022","2,985","3,027","3,027","2,927","1.46M","0.87%"
"12/12/2022","2,959","3,034","3,034","2,901","1.44M","1.32%"
"12/09/2022","2,921","2,945","2,979","2,855","1.27M","0.55%"
"12/08/2022","2,905","2,973","2,989","2,853","1.67M","0.83%"
"12/07/2022","2,881","2,882","2,974","2,757","668.80K","1.79%"
"12/06/2022","2,831","2,850","2,901","2,827","2.43M","-1.45%"
"12/05/2022","2,872","2,959","2,959","2,872","748.78K","0.70%"
"12/02/2022","2,852","2,894","2,956","2,817","3.66M","-0.96%"
"12/01/2022","2,880","2,905","2,930","2,841","2.11M","-0.51%"
"11/30/2022","2,895","2,873","2,912","2,846","1.71M","1.78%"
"11/29/2022","2,844","2,901","2,909","2,843","1.49M","-0.83%"
"11/28/2022","2,868","2,855","2,868","2,801","1.12M","0.49%"
"11/25/2022","2,854","2,791","2,864","2,791","572.93K","0.95%"
"11/24/2022","2,828","2,885","2,885","2,810","1.31M","-0.90%"
"11/23/2022","2,853","2,895","2,895","2,844","2.45M","-0.72%"
"11/22/2022","2,874","2,840","2,883","2,840","1.37M","2.26%"
"11/21/2022","2,811","2,822","2,828","2,790","2.65M","-0.35%"
"11/18/2022","2,821","2,829","2,836","2,800","1.20M","0.53%"
"11/17/2022","2,806","2,757","2,836","2,757","1.69M","-0.21%"
"11/16/2022","2,812","2,860","2,860","2,783","1.78M","0.93%"
"11/15/2022","2,786","2,786","2,812","2,749","3.02M","-0.88%"
"11/14/2022","2,811","2,776","2,844","2,775","2.11M","-0.32%"
"11/11/2022","2,820","2,850","2,857","2,811","1.59M","-1.01%"
"11/10/2022","2,848","2,760","2,848","2,760","1.27M","1.95%"
"11/09/2022","2,794","2,775","2,795","2,756","1.82M","0.07%"
"11/08/2022","2,792","2,727","2,802","2,727","2.36M","-0.35%"
"11/07/2022","2,802","2,791","2,820","2,779","3.52M","0.89%"
"11/04/2022","2,777","2,748","2,780","2,719","1.87M","2.11%"
"11/03/2022","2,720","2,719","2,751","2,681","2.19M","0.48%"
"11/02/2022","2,707","2,804","2,804","2,651","3.90M","-2.22%"
"11/01/2022","2,768","2,834","2,858","2,751","4.16M","-2.10%"
"10/31/2022","2,828","2,820","2,861","2,809","3.26M","0.11%"
"10/28/2022","2,825","2,796","2,847","2,787","2.17M","1.03%"
"10/27/2022","2,796","2,776","2,809","2,764","2.03M","0.71%"
"10/26/2022","2,776","2,720","2,786","2,720","2.58M","0.68%"
"10/25/2022","2,757","2,746","2,771","2,725","1.45M","-0.07%"
"10/24/2022","2,759","2,707","2,773","2,707","1.83M","0.54%"
"10/21/2022","2,744","2,776","2,776","2,714","1.39M","-0.65%"
"10/20/2022","2,762","2,776","2,776","2,715","4.69M","1.27%"
"10/19/2022","2,727","2,776","2,776","2,701","3.41M","-1.82%"
"10/18/2022","2,778","2,844","2,844","2,766","4.00M","-0.50%"
"10/17/2022","2,792","2,776","2,826","2,776","3.62M","-0.49%"
"10/14/2022","2,806","2,861","2,861","2,787","3.51M","0.35%"
"10/13/2022","2,796","2,743","2,810","2,722","2.81M","0.61%"
"10/12/2022","2,779","2,814","2,814","2,724","4.66M","0.04%"
"10/11/2022","2,778","2,845","2,845","2,770","4.15M","-0.74%"
"10/10/2022","2,799","2,925","2,925","2,769","4.43M","-1.74%"
"10/07/2022","2,848","2,809","2,878","2,808","4.17M","1.16%"
"10/06/2022","2,816","2,872","2,880","2,789","5.95M","-0.87%"
"10/05/2022","2,841","2,930","2,934","2,830","2.48M","-2.88%"
"10/04/2022","2,925","2,949","2,957","2,912","2.68M","-0.44%"
"10/03/2022","2,938","2,926","2,953","2,897","4.50M","1.20%"
"09/30/2022","2,903","3,113","3,123","2,880","4.34M","-2.24%"
"09/29/2022","2,969","3,024","3,074","2,955","2.67M","-2.95%"
"09/28/2022","3,060","3,079","3,079","3,005","5.60M","-0.61%"
"09/27/2022","3,078","3,039","3,134","2,974","4.57M","2.37%"
"09/26/2022","3,007","2,974","3,063","2,974","4.91M","-1.04%"
"09/23/2022","3,039","2,968","3,062","2,922","4.03M","3.03%"
"09/22/2022","2,950","2,815","2,950","2,786","3.32M","4.39%"
"09/21/2022","2,826","2,848","2,848","2,763","2.10M","0.78%"
"09/20/2022","2,804","2,727","2,949","2,706","2.66M","0.81%"
"09/19/2022","2,781","2,717","2,843","2,717","1.78M","-2.45%"
"09/16/2022","2,851","2,777","2,869","2,759","9.62M","2.59%"
"09/15/2022","2,779","2,834","2,834","2,762","1.17M","0.94%"
"09/14/2022","2,753","2,717","2,759","2,713","1.62M","0.29%"
"09/13/2022","2,745","2,749","2,812","2,740","3.06M","-1.22%"
"09/12/2022","2,779","2,695","2,804","2,695","2.35M","0.14%"
"09/09/2022","2,775","2,774","2,797","2,755","1.55M","0.40%"
"09/08/2022","2,764","2,715","2,768","2,710","1.43M","1.91%"
"09/07/2022","2,713","2,819","2,819","2,665","1.63M","-1.13%"
"09/06/2022","2,743","2,768","2,777","2,731","1.06M","0.48%"
"09/05/2022","2,730","2,702","2,753","2,686","1.19M","0.33%"
"09/02/2022","2,721","2,708","2,736","2,685","1.67M","0.96%"
"09/01/2022","2,696","2,680","2,704","2,640","1.82M","-0.15%"
"08/31/2022","2,700","2,732","2,763","2,684","1.38M","-0.88%"
"08/30/2022","2,723","2,815","2,815","2,706","792.68K","-1.16%"
"08/29/2022","2,755","2,739","2,785","2,737","944.22K","-1.25%"
"08/26/2022","2,790","2,760","2,804","2,755","814.90K","0.83%"
"08/25/2022","2,767","2,794","2,813","2,758","890.18K","-0.89%"
"08/24/2022","2,792","2,819","2,819","2,743","1.22M","-0.71%"
"08/23/2022","2,812","2,799","2,831","2,779","683.71K","0.21%"
"08/22/2022","2,806","2,791","2,824","2,760","946.01K","-0.50%"
"08/19/2022","2,820","2,856","2,858","2,800","1.14M","-1.46%"
"08/18/2022","2,862","2,825","2,891","2,817","1.07M","-0.24%"
"08/17/2022","2,869","2,897","2,897","2,858","578.07K","-0.86%"
"08/16/2022","2,894","2,854","2,899","2,848","739.66K","0.73%"
"08/15/2022","2,873","2,874","2,970","2,846","673.18K","-0.48%"
"08/12/2022","2,887","2,858","2,912","2,858","1.83M","1.08%"
"08/11/2022","2,856","2,818","2,866","2,814","1.97M","2.25%"
"08/10/2022","2,793","2,776","2,803","2,769","1.52M","0.54%"
"08/08/2022","2,778","2,753","2,782","2,749","2.16M","1.24%"
"08/05/2022","2,744","2,743","2,763","2,730","1.58M","0.40%"
"08/04/2022","2,733","2,760","2,778","2,724","854.53K","-0.44%"
"08/03/2022","2,745","2,709","2,759","2,696","1.17M","1.74%"
"08/02/2022","2,699","2,746","2,767","2,680","1.68M","-2.21%"
"08/01/2022","2,759","2,741","2,769","2,736","1.95M","-0.32%"
"07/29/2022","2,768","2,759","2,795","2,721","1.57M","0.51%"
"07/28/2022","2,754","2,762","2,794","2,742","2.35M","-0.58%"
"07/27/2022","2,770","2,784","2,798","2,756","2.03M","-0.14%"
"07/26/2022","2,774","2,774","2,779","2,737","1.48M","0.58%"
"07/25/2022","2,758","2,764","2,779","2,721","1.17M","-0.36%"
"07/22/2022","2,768","2,819","2,819","2,755","3.00M","-1.28%"
"07/21/2022","2,804","2,759","2,826","2,746","3.46M","1.59%"
"07/20/2022","2,760","2,819","2,839","2,741","2.52M","-2.09%"
"07/19/2022","2,819","2,803","2,838","2,799","3.61M","-0.04%"
"07/18/2022","2,820","2,854","2,881","2,819","3.54M","0.04%"
"07/15/2022","2,819","2,874","2,874","2,783","3.31M","0.86%"
"07/14/2022","2,795","2,878","2,878","2,784","2.77M","-1.37%"
"07/13/2022","2,834","2,864","2,868","2,804","3.58M","-0.70%"
"07/12/2022","2,854","2,875","2,875","2,804","2.57M","0.70%"
"07/11/2022","2,834","2,844","2,875","2,795","566.55K","-0.73%"
"07/08/2022","2,855","2,814","2,855","2,774","2.51M","2.18%"
"07/07/2022","2,794","2,721","2,794","2,721","770.82K","2.38%"
"07/06/2022","2,729","2,755","2,756","2,709","1.24M","0.77%"
"07/05/2022","2,709","2,695","2,802","2,695","4.44M","-3.11%"
"07/04/2022","2,795","2,786","2,837","2,753","2.52M","0.83%"
"07/01/2022","2,772","2,806","2,826","2,748","3.05M","-0.22%"
"06/30/2022","2,778","2,814","2,836","2,759","2.77M","-2.32%"
"06/29/2022","2,844","2,805","2,913","2,805","2.76M","-0.18%"
"06/28/2022","2,849","2,810","2,889","2,792","1.57M","0.60%"
"06/27/2022","2,832","2,816","2,867","2,778","2.10M","1.43%"
"06/24/2022","2,792","2,741","2,800","2,731","2.37M","2.57%"
"06/23/2022","2,722","2,814","2,814","2,682","2.25M","0.26%"
"06/22/2022","2,716","2,942","2,942","2,689","2.85M","-1.48%"
"06/21/2022","2,756","2,774","2,855","2,729","1.31M","-0.72%"
"06/20/2022","2,776","2,710","2,803","2,710","945.87K","1.24%"
"06/17/2022","2,742","2,670","2,773","2,652","3.66M","0.33%"
"06/15/2022","2,733","2,605","2,737","2,601","2.32M","4.70%"
"06/14/2022","2,611","2,647","2,670","2,575","2.23M","-0.34%"
"06/13/2022","2,620","2,597","2,666","2,584","4.87M","-2.60%"
"06/10/2022","2,690","2,680","2,731","2,648","1.89M","0.15%"
"06/09/2022","2,686","2,705","2,761","2,684","3.02M","-0.48%"
"06/08/2022","2,699","2,723","2,758","2,692","2.86M","-1.17%"
"06/07/2022","2,730","2,761","2,807","2,715","1.28M","-3.36%"
"06/06/2022","2,825","2,844","2,864","2,768","1.31M","0.96%"
"06/03/2022","2,798","2,807","2,826","2,761","2.00M","1.93%"
"06/02/2022","2,745","2,844","2,844","2,733","4.07M","-3.30%"
"06/01/2022","2,839","2,869","2,930","2,830","3.27M","-0.94%"
"05/31/2022","2,866","2,900","2,900","2,850","4.01M","0.00%"
"05/30/2022","2,866","2,855","2,886","2,833","2.32M","0.95%"
"05/27/2022","2,839","2,805","2,846","2,784","2.37M","1.72%"
"05/26/2022","2,791","2,726","2,791","2,726","1.96M","1.45%"
"05/25/2022","2,751","2,844","2,855","2,726","2.09M","-2.27%"
"05/24/2022","2,815","2,806","2,846","2,806","1.66M","0.32%"
"05/23/2022","2,806","2,752","2,840","2,721","1.88M","3.12%"
"05/20/2022","2,721","2,712","2,797","2,712","2.92M","-0.40%"
"05/19/2022","2,732","2,793","2,793","2,723","3.07M","-2.77%"
"05/18/2022","2,810","2,841","2,849","2,805","3.82M","0.39%"
"05/17/2022","2,799","2,814","2,826","2,786","1.19M","0.36%"
"05/16/2022","2,789","2,757","2,801","2,757","2.01M","0.40%"
"05/13/2022","2,778","2,695","2,782","2,695","3.48M","2.73%"
"05/12/2022","2,705","2,715","2,715","2,650","3.33M","-0.48%"
"05/11/2022","2,718","2,744","2,772","2,668","5.98M","0.11%"
"05/10/2022","2,715","2,744","2,744","2,620","5.26M","3.34%"
"05/09/2022","2,627","2,595","2,647","2,595","5.24M","-0.53%"
"05/06/2022","2,641","2,669","2,669","2,587","3.65M","0.00%"
"05/05/2022","2,641","2,721","2,735","2,641","6.24M","-2.36%"
"05/04/2022","2,705","2,744","2,744","2,687","2.38M","-0.15%"
"05/03/2022","2,709","2,696","2,746","2,683","5.23M","0.48%"
"04/29/2022","2,696","2,637","2,720","2,637","3.56M","1.35%"
"04/28/2022","2,660","2,694","2,694","2,570","7.85M","-0.19%"
"04/26/2022","2,665","2,610","2,692","2,577","5.88M","2.10%"
"04/25/2022","2,610","2,644","2,644","2,570","3.50M","-1.28%"
"04/22/2022","2,644","2,670","2,670","2,593","6.87M","0.42%"
"04/21/2022","2,633","2,615","2,711","2,597","5.10M","0.69%"
"04/20/2022","2,615","2,570","2,615","2,429","103.01M","0.22%"
"04/19/2022","2,609","2,577","2,640","2,500","16.73M","1.15%"
"04/14/2022","2,579","2,587","2,669","2,511","9.23M","-0.17%"
"04/13/2022","2,584","2,660","2,660","2,552","7.20M","-2.73%"
"04/12/2022","2,656","2,674","2,720","2,602","5.14M","0.00%"
"04/11/2022","2,656","2,701","2,701","2,606","4.76M","0.00%"
"04/08/2022","2,656","2,740","2,760","2,639","6.02M","-3.13%"
"04/07/2022","2,742","2,798","2,815","2,680","5.19M","-3.75%"
"04/06/2022","2,849","2,755","2,856","2,755","1.99M","1.67%"
"04/05/2022","2,802","2,836","2,836","2,764","1.96M","0.76%"
"04/04/2022","2,781","2,826","2,843","2,768","1.67M","-1.59%"
"04/01/2022","2,826","2,854","2,874","2,803","1.32M","0.25%"
"03/31/2022","2,819","2,841","2,846","2,765","1.45M","-0.60%"
"03/30/2022","2,836","2,800","2,843","2,783","1.34M","1.11%"
"03/29/2022","2,805","2,755","2,854","2,720","1.45M","3.28%"
"03/28/2022","2,716","2,702","2,752","2,668","1.04M","1.31%"
"03/25/2022","2,681","2,626","2,728","2,611","3.89M","2.06%"
"03/24/2022","2,627","2,636","2,647","2,612","1.59M","-0.11%"
"03/23/2022","2,630","2,593","2,642","2,588","1.49M","0.57%"
"03/22/2022","2,615","2,647","2,651","2,597","1.25M","-0.38%"
"03/18/2022","2,625","2,652","2,684","2,600","6.26M","-0.19%"
"03/17/2022","2,630","2,728","2,782","2,630","2.98M","-3.52%"
"03/16/2022","2,726","2,544","2,726","2,531","4.43M","11.08%"
"03/15/2022","2,454","2,539","2,539","2,425","1.74M","-2.93%"
"03/14/2022","2,528","2,558","2,620","2,508","1.37M","-1.25%"
"03/11/2022","2,560","2,323","2,593","2,323","819.02K","0.87%"
"03/10/2022","2,538","2,519","2,578","2,496","834.36K","1.28%"
"03/09/2022","2,506","2,491","2,566","2,435","2.50M","0.85%"
"03/08/2022","2,485","2,465","2,593","2,452","838.99K","-0.44%"
"03/07/2022","2,496","2,536","2,538","2,373","1.54M","-0.32%"
"03/04/2022","2,504","2,637","2,654","2,472","2.05M","-5.79%"
"03/03/2022","2,658","2,620","2,777","2,620","1.61M","-1.56%"
"03/02/2022","2,700","2,719","2,782","2,651","1.52M","0.52%"
"03/01/2022","2,686","2,458","2,726","2,458","1.37M","2.79%"
"02/28/2022","2,613","2,423","2,642","2,423","1.69M","-0.53%"
"02/25/2022","2,627","2,564","2,639","2,558","455.21K","2.62%"
"02/24/2022","2,560","2,613","2,622","2,537","757.20K","-3.36%"
"02/23/2022","2,649","2,613","2,657","2,592","398.81K","1.38%"
"02/22/2022","2,613","2,626","2,626","2,572","537.20K","-0.57%"
"02/21/2022","2,628","2,797","2,797","2,627","389.33K","-2.67%"
"02/18/2022","2,700","2,707","2,742","2,658","820.48K","-0.52%"
"02/17/2022","2,714","2,782","2,787","2,690","1.25M","-0.80%"
"02/16/2022","2,736","2,671","2,761","2,620","1.44M","2.32%"
"02/15/2022","2,674","2,771","2,771","2,594","2.79M","1.25%"
"02/14/2022","2,641","2,659","2,661","2,622","1.22M","-1.12%"
"02/11/2022","2,671","2,698","2,742","2,655","684.78K","-1.11%"
"02/10/2022","2,701","2,647","2,718","2,614","1.82M","2.66%"
"02/09/2022","2,631","2,600","2,635","2,590","577.52K","0.46%"
"02/08/2022","2,619","2,577","2,640","2,577","933.76K","1.55%"
"02/07/2022","2,579","2,639","2,647","2,573","2.27M","-2.13%"
"02/04/2022","2,635","2,649","2,649","2,624","381.15K","-0.90%"
"02/03/2022","2,659","2,616","2,660","2,597","915.28K","1.72%"
"02/02/2022","2,614","2,674","2,693","2,535","1.60M","-0.83%"
"02/01/2022","2,636","2,668","2,668","2,592","1.13M","0.53%"
"01/31/2022","2,622","2,382","2,628","2,382","1.85M","3.51%"
"01/28/2022","2,533","2,462","2,576","2,447","714.35K","0.84%"
"01/27/2022","2,512","2,463","2,520","2,454","964.81K","0.36%"
"01/26/2022","2,503","2,451","2,505","2,445","1.16M","1.83%"
"01/25/2022","2,458","2,407","2,467","2,404","1.53M","1.70%"
"01/24/2022","2,417","2,500","2,518","2,404","981.61K","-3.40%"
"01/21/2022","2,502","2,514","2,533","2,478","1.46M","0.64%"
"01/20/2022","2,486","2,464","2,486","2,456","737.14K","0.93%"
"01/19/2022","2,463","2,473","2,478","2,441","1.20M","-0.04%"
"01/18/2022","2,464","2,490","2,571","2,404","2.04M","-0.81%"
"01/17/2022","2,484","2,512","2,580","2,396","2.79M","-1.00%"
"01/14/2022","2,509","2,377","2,555","2,377","1.12M","-0.24%"
"01/13/2022","2,515","2,561","2,561","2,460","2.21M","-1.30%"
"01/12/2022","2,548","2,471","2,551","2,443","1.58M","3.45%"
"01/11/2022","2,463","2,323","2,490","2,323","1.58M","-0.36%"
"01/10/2022","2,472","2,447","2,484","2,403","1.41M","1.10%"
"01/07/2022","2,445","2,490","2,490","2,433","798.53K","-0.73%"
"01/06/2022","2,463","2,420","2,484","2,420","611.11K","-0.73%"
"01/05/2022","2,481","2,474","2,532","2,474","600.64K","-0.68%"
"01/04/2022","2,498","2,485","2,513","2,464","1.81M","1.30%"
"01/03/2022","2,466","2,407","2,466","2,323","340.74K","1.07%"
"12/31/2021","2,440","2,431","2,440","2,402","828.03K","0.21%"
"12/30/2021","2,435","2,400","2,438","2,400","925.46K","1.46%"
"12/29/2021","2,400","2,465","2,465","2,395","416.46K","-0.08%"
"12/28/2021","2,402","2,384","2,404","2,375","929.66K","0.76%"
"12/24/2021","2,384","2,410","2,410","2,369","75.77K","-0.75%"
"12/23/2021","2,402","2,377","2,417","2,377","688.62K","0.76%"
"12/22/2021","2,384","2,363","2,399","2,356","868.83K","0.17%"
"12/21/2021","2,380","2,350","2,403","2,350","343.50K","0.93%"
"12/20/2021","2,358","2,399","2,412","2,334","979.09K","-1.01%"
"12/17/2021","2,382","2,490","2,490","2,352","5.89M","-2.10%"
"12/15/2021","2,433","2,411","2,457","2,389","3.48M","1.16%"
"12/14/2021","2,405","2,398","2,446","2,381","1.22M","-1.19%"
"12/13/2021","2,434","2,511","2,511","2,425","1.43M","-1.30%"
"12/10/2021","2,466","2,485","2,547","2,425","1.69M","-1.95%"
"12/09/2021","2,515","2,505","2,553","2,472","2.75M","1.41%"
"12/08/2021","2,480","2,296","2,502","2,286","6.53M","8.87%"
"12/07/2021","2,278","2,155","2,322","2,155","1.58M","-0.22%"
"12/06/2021","2,283","2,297","2,338","2,283","952.95K","-1.21%"
"12/03/2021","2,311","2,307","2,342","2,223","3.47M","0.43%"
"12/02/2021","2,301","2,274","2,318","2,274","978.74K","0.00%"
"12/01/2021","2,301","2,285","2,323","2,270","2.62M","1.77%"
"11/30/2021","2,261","2,262","2,289","2,222","4.80M","0.89%"
"11/29/2021","2,241","2,115","2,264","2,115","4.96M","4.52%"
"11/26/2021","2,144","2,230","2,241","2,133","3.48M","-5.68%"
"11/25/2021","2,273","2,158","2,312","2,158","2.76M","0.62%"
"11/24/2021","2,259","2,377","2,377","2,255","2.12M","-1.18%"
"11/23/2021","2,286","2,290","2,306","2,264","1.36M","-0.35%"
"11/22/2021","2,294","2,304","2,339","2,290","817.88K","-0.43%"
"11/19/2021","2,304","2,323","2,365","2,297","1.12M","-1.66%"
"11/18/2021","2,343","2,338","2,363","2,312","1.55M","0.47%"
"11/17/2021","2,332","2,321","2,344","2,311","789.95K","0.65%"
"11/16/2021","2,317","2,282","2,325","2,272","3.25M","1.36%"
"11/15/2021","2,286","2,291","2,316","2,270","650.17K","-0.44%"
"11/12/2021","2,296","2,296","2,308","2,215","4.36M","0.22%"
"11/11/2021","2,291","2,287","2,308","2,282","1.39M","-0.52%"
"11/10/2021","2,303","2,355","2,355","2,256","7.57M","-0.48%"
"11/09/2021","2,314","2,285","2,323","2,279","2.91M","1.27%"
"11/08/2021","2,285","2,313","2,325","2,264","3.88M","-1.38%"
"11/05/2021","2,317","2,350","2,352","2,294","5.91M","-0.17%"
"11/04/2021","2,321","2,321","2,348","2,292","6.08M","2.16%"
"11/03/2021","2,272","2,269","2,382","2,241","6.63M","-1.39%"
"11/02/2021","2,304","2,204","2,306","2,204","3.61M","4.54%"
"10/29/2021","2,204","2,166","2,209","2,108","2.91M","1.38%"
"10/28/2021","2,174","2,134","2,185","2,134","8.65M","0.42%"
"10/27/2021","2,165","2,201","2,201","2,149","10.31M","0.19%"
"10/26/2021","2,161","2,128","2,177","2,097","5.96M","2.86%"
"10/25/2021","2,101","2,067","2,120","2,067","3.78M","1.25%"
"10/22/2021","2,075","2,070","2,085","2,053","3.84M","0.68%"
"10/21/2021","2,061","2,080","2,080","2,052","1.72M","0.19%"
"10/20/2021","2,057","2,080","2,080","2,020","1.31M","-0.44%"
"10/19/2021","2,066","2,042","2,069","2,023","1.40M","1.13%"
"10/18/2021","2,043","2,042","2,045","2,024","360.22K","0.29%"
"10/15/2021","2,037","2,061","2,068","2,001","473.37K","-0.39%"
"10/14/2021","2,045","2,107","2,107","2,032","1.67M","-1.40%"
"10/13/2021","2,074","2,107","2,107","2,074","1.91M","-0.34%"
"10/12/2021","2,081","2,055","2,103","2,053","2.37M","0.73%"
"10/11/2021","2,066","2,061","2,072","2,039","348.91K","0.98%"
"10/08/2021","2,046","2,057","2,091","2,040","1.56M","-0.68%"
"10/07/2021","2,060","2,026","2,099","2,026","2.78M","0.34%"
"10/06/2021","2,053","2,072","2,087","2,027","1.26M","-0.24%"
"10/05/2021","2,058","1,978","2,058","1,978","1.46M","3.31%"
"10/04/2021","1,992","2,053","2,054","1,989","2.70M","-2.97%"
"10/01/2021","2,053","2,053","2,053","1,993","2.44M","1.08%"
"09/30/2021","2,031","2,053","2,053","1,979","3.00M","2.06%"
"09/29/2021","1,990","2,039","2,039","1,954","2.45M","0.86%"
"09/28/2021","1,973","2,039","2,039","1,947","1.17M","0.56%"
"09/27/2021","1,962","2,015","2,034","1,943","2.04M","-1.51%"
"09/23/2021","1,992","1,918","2,000","1,918","2.72M","2.00%"
"09/22/2021","1,953","1,975","2,010","1,933","2.59M","0.46%"
"09/21/2021","1,944","1,906","2,002","1,906","3.37M","1.94%"
"09/20/2021","1,907","1,777","1,960","1,721","5.53M","14.60%"
"09/17/2021","1,664","1,666","1,671","1,624","4.60M","0.85%"
"09/16/2021","1,650","1,676","1,687","1,636","1.50M","-1.32%"
"09/15/2021","1,672","1,697","1,731","1,659","1.98M","-0.83%"
"09/14/2021","1,686","1,653","1,710","1,653","1.64M","1.32%"
"09/13/2021","1,664","1,665","1,674","1,647","694.71K","0.60%"
"09/10/2021","1,654","1,669","1,672","1,644","787.76K","0.12%"
"09/09/2021","1,652","1,632","1,660","1,625","885.82K","0.43%"
"09/08/2021","1,645","1,623","1,659","1,612","889.82K","0.73%"
"09/07/2021","1,633","1,639","1,654","1,623","807.39K","-0.31%"
"09/06/2021","1,638","1,685","1,685","1,628","676.45K","-1.74%"
"09/03/2021","1,667","1,667","1,696","1,656","994.31K","-0.66%"
"09/02/2021","1,678","1,728","1,740","1,658","1.36M","-3.62%"
"09/01/2021","1,741","1,750","1,756","1,713","1.08M","1.75%"
"08/31/2021","1,711","1,702","1,719","1,697","1.85M","0.53%"
"08/30/2021","1,702","1,697","1,707","1,691","596.78K","0.18%"
"08/27/2021","1,699","1,711","1,724","1,692","673.35K","-0.59%"
"08/26/2021","1,709","1,737","1,743","1,705","939.21K","-1.04%"
"08/25/2021","1,727","1,702","1,764","1,702","1.96M","-1.54%"
"08/24/2021","1,754","1,793","1,793","1,736","1.41M","0.46%"
"08/23/2021","1,746","1,739","1,759","1,701","1.37M","1.99%"
"08/20/2021","1,712","1,724","1,738","1,689","682.29K","-1.55%"
"08/19/2021","1,739","1,721","1,759","1,721","1.10M","-1.47%"
"08/18/2021","1,765","1,750","1,772","1,746","813.72K","-0.79%"
"08/17/2021","1,779","1,720","1,798","1,720","2.75M","1.95%"
"08/16/2021","1,745","1,702","1,757","1,702","1.64M","1.75%"
"08/13/2021","1,715","1,702","1,724","1,699","1.19M","0.76%"
"08/12/2021","1,702","1,684","1,703","1,674","631.96K","0.41%"
"08/11/2021","1,695","1,674","1,695","1,659","814.21K","1.56%"
"08/10/2021","1,669","1,750","1,750","1,660","1.69M","-3.41%"
"08/06/2021","1,728","1,702","1,739","1,702","970.00K","-0.58%"
"08/05/2021","1,738","1,671","1,738","1,671","663.08K","2.36%"
"08/04/2021","1,698","1,729","1,736","1,685","828.01K","-0.93%"
"08/03/2021","1,714","1,647","1,719","1,647","827.38K","1.30%"
"08/02/2021","1,692","1,692","1,702","1,683","459.29K","0.77%"
"07/30/2021","1,679","1,684","1,695","1,664","923.33K","-0.65%"
"07/29/2021","1,690","1,685","1,698","1,680","464.11K","0.36%"
"07/28/2021","1,684","1,637","1,699","1,637","502.36K","-0.06%"
"07/27/2021","1,685","1,645","1,699","1,645","1.50M","0.00%"
"07/26/2021","1,685","1,673","1,703","1,670","632.48K","-1.29%"
"07/23/2021","1,707","1,718","1,718","1,696","658.43K","0.41%"
"07/22/2021","1,700","1,658","1,706","1,658","685.74K","1.37%"
"07/21/2021","1,677","1,623","1,684","1,623","578.65K","1.27%"
"07/20/2021","1,656","1,635","1,664","1,631","728.80K","0.73%"
"07/19/2021","1,644","1,677","1,706","1,640","828.56K","-3.86%"
"07/16/2021","1,710","1,720","1,729","1,678","434.03K","-0.64%"
"07/15/2021","1,721","1,686","1,738","1,686","1.36M","1.29%"
"07/14/2021","1,699","1,713","1,718","1,677","1.48M","-0.12%"
"07/13/2021","1,701","1,685","1,738","1,673","1.47M","-1.05%"
"07/12/2021","1,719","1,669","1,719","1,652","2.13M","2.26%"
"07/09/2021","1,681","1,661","1,702","1,659","2.00M","0.84%"
"07/08/2021","1,667","1,718","1,718","1,663","860.88K","-1.54%"
"07/07/2021","1,693","1,667","1,698","1,666","744.31K","0.59%"
"07/06/2021","1,683","1,683","1,687","1,670","715.53K","0.30%"
"07/05/2021","1,678","1,647","1,678","1,644","671.99K","1.02%"
"07/02/2021","1,661","1,675","1,696","1,654","485.06K","-1.60%"
"07/01/2021","1,688","1,693","1,696","1,685","1.01M","-0.30%"
"06/30/2021","1,693","1,727","1,727","1,681","1.54M","0.42%"
"06/29/2021","1,686","1,631","1,693","1,631","1.19M","3.12%"
"06/28/2021","1,635","1,642","1,651","1,622","1.26M","-1.45%"
"06/25/2021","1,659","1,656","1,667","1,651","1.76M","0.18%"
"06/24/2021","1,656","1,641","1,659","1,638","1.51M","1.35%"
"06/23/2021","1,634","1,650","1,660","1,623","945.65K","-0.37%"
"06/22/2021","1,640","1,639","1,680","1,631","2.09M","-1.03%"
"06/21/2021","1,657","1,693","1,714","1,635","1.94M","-0.72%"
"06/18/2021","1,669","1,740","1,747","1,669","5.19M","-4.19%"
"06/17/2021","1,742","1,769","1,783","1,738","1.63M","-2.74%"
"06/15/2021","1,791","1,780","1,799","1,777","1.66M","0.22%"
"06/14/2021","1,787","1,753","1,787","1,752","892.55K","1.53%"
"06/11/2021","1,760","1,801","1,801","1,760","563.38K","-2.17%"
"06/10/2021","1,799","1,855","1,855","1,791","1.45M","-2.18%"
"06/09/2021","1,839","1,822","1,846","1,816","1.52M","0.93%"
"06/08/2021","1,822","1,832","1,832","1,808","1.37M","0.50%"
"06/07/2021","1,813","1,830","1,830","1,797","1.48M","0.28%"
"06/04/2021","1,808","1,809","1,817","1,783","1.45M","0.50%"
"06/03/2021","1,799","1,782","1,799","1,773","2.65M","0.73%"
"06/02/2021","1,786","1,783","1,807","1,773","1.89M","0.39%"
"06/01/2021","1,779","1,741","1,783","1,738","1.77M","1.83%"
"05/31/2021","1,747","1,768","1,768","1,738","1.03M","-0.51%"
"05/28/2021","1,756","1,691","1,770","1,691","1.74M","0.63%"
"05/27/2021","1,745","1,731","1,755","1,731","3.56M","-0.11%"
"05/26/2021","1,747","1,741","1,756","1,734","1.85M","0.23%"
"05/25/2021","1,743","1,763","1,777","1,732","1.57M","0.81%"
"05/24/2021","1,729","1,736","1,756","1,699","1.37M","-1.26%"
"05/21/2021","1,751","1,723","1,766","1,723","1.27M","0.40%"
"05/20/2021","1,744","1,723","1,744","1,718","934.72K","0.87%"
"05/19/2021","1,729","1,709","1,734","1,702","916.68K","0.46%"
"05/18/2021","1,721","1,776","1,776","1,710","1.41M","-0.46%"
"05/17/2021","1,729","1,741","1,758","1,713","789.49K","-0.92%"
"05/14/2021","1,745","1,717","1,776","1,704","1.40M","2.05%"
"05/13/2021","1,710","1,720","1,731","1,702","1.03M","-1.16%"
"05/12/2021","1,730","1,767","1,767","1,710","1.79M","-0.46%"
"05/11/2021","1,738","1,691","1,745","1,691","1.01M","0.23%"
"05/10/2021","1,734","1,724","1,765","1,715","1.99M","0.70%"
"05/07/2021","1,722","1,677","1,722","1,677","744.25K","0.70%"
"05/06/2021","1,710","1,653","1,713","1,653","1.37M","2.58%"
"05/05/2021","1,667","1,622","1,667","1,616","2.05M","2.96%"
"05/04/2021","1,619","1,602","1,630","1,596","2.47M","0.37%"
"05/03/2021","1,613","1,647","1,647","1,587","998.81K","1.32%"
"04/30/2021","1,592","1,663","1,663","1,573","1.16M","0.00%"
"04/29/2021","1,592","1,597","1,600","1,575","829.16K","0.76%"
"04/28/2021","1,580","1,571","1,599","1,569","1.02M","-0.19%"
"04/26/2021","1,583","1,593","1,609","1,577","716.31K","0.00%"
"04/23/2021","1,583","1,567","1,593","1,567","572.70K","-0.75%"
"04/22/2021","1,595","1,631","1,631","1,595","772.79K","-0.87%"
"04/21/2021","1,609","1,620","1,632","1,588","1.54M","-0.62%"
"04/20/2021","1,619","1,674","1,674","1,619","1.59M","-2.35%"
"04/19/2021","1,658","1,649","1,671","1,631","1.05M","-0.90%"
"04/16/2021","1,673","1,674","1,674","1,638","1.96M","1.58%"
"04/15/2021","1,647","1,674","1,674","1,613","419.58K","0.12%"
"04/14/2021","1,645","1,672","1,672","1,626","954.66K","0.18%"
"04/13/2021","1,642","1,637","1,664","1,630","850.81K","-0.36%"
"04/12/2021","1,648","1,646","1,653","1,616","1.42M","0.98%"
"04/09/2021","1,632","1,634","1,636","1,616","545.04K","0.74%"
"04/08/2021","1,620","1,652","1,660","1,609","802.85K","-1.16%"
"04/07/2021","1,639","1,653","1,672","1,634","1.37M","-0.61%"
"04/06/2021","1,649","1,636","1,670","1,636","1.39M","1.17%"
"04/01/2021","1,630","1,674","1,674","1,623","1.91M","-1.51%"
"03/31/2021","1,655","1,703","1,703","1,649","2.39M","-1.90%"
"03/30/2021","1,687","1,700","1,716","1,674","1.17M","-0.76%"
"03/29/2021","1,700","1,667","1,721","1,655","2.98M","2.22%"
"03/26/2021","1,663","1,647","1,684","1,639","1.61M","3.36%"
"03/25/2021","1,609","1,573","1,649","1,571","2.10M","1.07%"
"03/24/2021","1,592","1,593","1,626","1,577","1.65M","-1.18%"
"03/23/2021","1,611","1,637","1,637","1,589","3.08M","-1.59%"
"03/19/2021","1,637","1,638","1,682","1,629","4.70M","-0.67%"
"03/18/2021","1,648","1,739","1,739","1,635","2.91M","0.12%"
"03/17/2021","1,646","1,727","1,734","1,644","1.66M","-4.69%"
"03/16/2021","1,727","1,739","1,761","1,719","1.33M","-1.14%"
"03/15/2021","1,747","1,741","1,763","1,732","2.17M","0.34%"
"03/12/2021","1,741","1,670","1,760","1,670","1.93M","0.12%"
"03/11/2021","1,739","1,756","1,763","1,732","2.64M","-0.74%"
"03/10/2021","1,752","1,727","1,758","1,718","2.63M","0.81%"
"03/09/2021","1,738","1,666","1,742","1,666","2.31M","1.82%"
"03/08/2021","1,707","1,702","1,718","1,688","681.02K","0.35%"
"03/05/2021","1,701","1,668","1,710","1,668","1.27M","-0.41%"
"03/04/2021","1,708","1,720","1,723","1,685","3.92M","-0.35%"
"03/03/2021","1,714","1,694","1,729","1,694","1.22M","0.65%"
"03/02/2021","1,703","1,674","1,720","1,674","1.88M","0.06%"
"03/01/2021","1,702","1,623","1,706","1,623","1.66M","3.34%"
"02/26/2021","1,647","1,674","1,682","1,623","3.12M","-2.54%"
"02/25/2021","1,690","1,709","1,727","1,674","4.82M","-0.35%"
"02/24/2021","1,696","1,669","1,710","1,635","6.49M","2.73%"
"02/23/2021","1,651","1,647","1,729","1,643","2.65M","-1.43%"
"02/22/2021","1,675","1,669","1,684","1,647","1.32M","0.18%"
"02/19/2021","1,672","1,681","1,681","1,624","2.29M","2.70%"
"02/18/2021","1,628","1,647","1,699","1,619","3.55M","-1.03%"
"02/17/2021","1,645","1,696","1,711","1,623","2.26M","-3.01%"
"02/16/2021","1,696","1,696","1,722","1,690","1.48M","0.18%"
"02/15/2021","1,693","1,713","1,731","1,682","1.44M","-0.99%"
"02/12/2021","1,710","1,715","1,717","1,676","4.67M","1.48%"
"02/11/2021","1,685","1,686","1,710","1,674","1.29M","-0.18%"
"02/10/2021","1,688","1,711","1,746","1,670","5.43M","-1.92%"
"02/09/2021","1,721","1,750","1,750","1,699","3.94M","0.82%"
"02/08/2021","1,707","1,741","1,741","1,690","3.24M","0.18%"
"02/05/2021","1,704","1,689","1,747","1,689","5.45M","-0.29%"
"02/04/2021","1,709","1,633","1,714","1,604","3.20M","5.62%"
"02/03/2021","1,618","1,607","1,635","1,579","1.96M","2.02%"
"02/02/2021","1,586","1,601","1,612","1,578","1.58M","-1.12%"
"02/01/2021","1,604","1,622","1,635","1,598","996.46K","-1.60%"
"01/29/2021","1,630","1,639","1,671","1,613","2.23M","-2.74%"
"01/28/2021","1,676","1,656","1,720","1,648","946.48K","0.12%"
"01/27/2021","1,674","1,705","1,709","1,664","1.60M","-0.18%"
"01/26/2021","1,677","1,673","1,689","1,640","2.44M","0.96%"
"01/25/2021","1,661","1,631","1,712","1,619","2.40M","1.84%"
"01/22/2021","1,631","1,685","1,685","1,619","2.68M","-3.49%"
"01/21/2021","1,690","1,780","1,780","1,674","2.76M","-3.21%"
"01/20/2021","1,746","1,783","1,783","1,729","2.41M","-1.24%"
"01/19/2021","1,768","1,702","1,778","1,702","2.28M","0.86%"
"01/18/2021","1,753","1,702","1,773","1,697","1.62M","0.34%"
"01/15/2021","1,747","1,686","1,808","1,686","1.37M","0.06%"
"01/14/2021","1,746","1,675","1,809","1,675","4.52M","-0.57%"
"01/13/2021","1,756","1,666","1,778","1,666","2.76M","0.34%"
"01/12/2021","1,750","1,734","1,761","1,728","2.08M","0.92%"
"01/11/2021","1,734","1,719","1,792","1,719","1.41M","-2.64%"
"01/08/2021","1,781","1,748","1,783","1,708","2.20M","4.21%"
"01/07/2021","1,709","1,647","1,727","1,647","1.30M","2.34%"
"01/06/2021","1,670","1,702","1,733","1,658","861.04K","-1.53%"
"01/05/2021","1,696","1,680","1,752","1,680","1.15M","-2.25%"
"01/04/2021","1,735","1,723","1,767","1,711","760.33K","0.23%"
"12/31/2020","1,731","1,723","1,764","1,723","500.67K","-0.92%"
"12/30/2020","1,747","1,810","1,810","1,733","635.07K","-0.46%"
"12/29/2020","1,755","1,723","1,771","1,723","402.98K","0.46%"
"12/28/2020","1,747","1,729","1,757","1,729","305.59K","0.23%"
"12/24/2020","1,743","1,746","1,763","1,729","366.07K","-0.17%"
"12/23/2020","1,746","1,723","1,779","1,723","584.99K","0.98%"
"12/22/2020","1,729","1,723","1,749","1,723","1.29M","0.00%"
"12/21/2020","1,729","1,756","1,797","1,712","1.89M","-4.53%"
"12/18/2020","1,811","1,742","1,824","1,741","4.81M","3.96%"
"12/17/2020","1,742","1,674","1,742","1,674","1.86M","1.93%"
"12/15/2020","1,709","1,648","1,718","1,648","2.54M","1.91%"
"12/14/2020","1,677","1,626","1,702","1,626","1.66M","2.57%"
"12/11/2020","1,635","1,604","1,649","1,598","764.59K","1.36%"
"12/10/2020","1,613","1,667","1,671","1,604","1.52M","-2.00%"
"12/09/2020","1,646","1,626","1,680","1,621","1.62M","1.60%"
"12/08/2020","1,620","1,669","1,702","1,605","3.29M","0.12%"
"12/07/2020","1,618","1,620","1,649","1,566","2.51M","0.19%"
"12/04/2020","1,615","1,626","1,729","1,580","1.78M","-0.68%"
"12/03/2020","1,626","1,620","1,652","1,599","1.58M","0.99%"
"12/02/2020","1,610","1,631","1,647","1,601","2.62M","-0.62%"
"12/01/2020","1,620","1,620","1,660","1,595","1.50M","-1.64%"
"11/30/2020","1,647","1,670","1,697","1,625","4.42M","-1.38%"
"11/27/2020","1,670","1,685","1,756","1,666","1.28M","-1.94%"
"11/26/2020","1,703","1,737","1,737","1,679","479.08K","0.12%"
"11/25/2020","1,701","1,660","1,702","1,660","981.03K","1.37%"
"11/24/2020","1,678","1,644","1,705","1,644","952.59K","1.15%"
"11/23/2020","1,659","1,647","1,703","1,647","819.26K","-0.60%"
"11/20/2020","1,669","1,693","1,706","1,669","723.03K","-2.45%"
"11/19/2020","1,711","1,748","1,776","1,696","1.65M","-3.77%"
"11/18/2020","1,778","1,758","1,779","1,736","1.76M","-0.06%"
"11/17/2020","1,779","1,703","1,824","1,703","2.40M","-0.45%"
"11/16/2020","1,787","1,837","1,837","1,704","1.57M","1.13%"
"11/13/2020","1,767","1,740","1,772","1,723","2.57M","-0.28%"
"11/12/2020","1,772","1,808","1,808","1,740","2.39M","-1.72%"
"11/11/2020","1,803","1,783","1,847","1,721","2.96M","1.69%"
"11/10/2020","1,773","1,694","1,776","1,694","1.79M","2.66%"
"11/09/2020","1,727","1,649","1,731","1,643","2.11M","4.73%"
"11/06/2020","1,649","1,619","1,658","1,613","1.40M","1.79%"
"11/05/2020","1,620","1,729","1,729","1,609","1.96M","-0.12%"
"11/04/2020","1,622","1,565","1,636","1,550","1.64M","1.38%"
"11/03/2020","1,600","1,529","1,616","1,529","1.63M","1.14%"
"11/02/2020","1,582","1,550","1,585","1,525","2.08M","3.26%"
"10/30/2020","1,532","1,609","1,609","1,532","2.25M","-4.67%"
"10/29/2020","1,607","1,650","1,727","1,591","3.29M","-2.37%"
"10/28/2020","1,646","1,703","1,704","1,633","2.63M","-3.29%"
"10/27/2020","1,702","1,713","1,729","1,691","2.34M","-1.62%"
"10/26/2020","1,730","1,737","1,782","1,706","1.24M","-0.29%"
"10/23/2020","1,735","1,618","1,735","1,613","1.18M","7.23%"
"10/22/2020","1,618","1,593","1,619","1,593","1.61M","0.75%"
"10/21/2020","1,606","1,607","1,629","1,597","1.60M","-0.25%"
"10/20/2020","1,610","1,666","1,666","1,604","928.07K","-0.74%"
"10/19/2020","1,622","1,604","1,648","1,603","1.24M","1.12%"
"10/16/2020","1,604","1,647","1,647","1,574","1.69M","0.75%"
"10/15/2020","1,592","1,620","1,627","1,566","1.29M","-1.12%"
"10/14/2020","1,610","1,558","1,617","1,558","941.31K","0.44%"
"10/13/2020","1,603","1,637","1,639","1,599","1.09M","-2.08%"
"10/12/2020","1,637","1,643","1,655","1,629","997.10K","0.49%"
"10/09/2020","1,629","1,639","1,652","1,620","1.38M","-1.33%"
"10/08/2020","1,651","1,672","1,672","1,630","2.29M","-0.12%"
"10/07/2020","1,653","1,626","1,656","1,617","3.87M","1.22%"
"10/06/2020","1,633","1,607","1,646","1,588","3.14M","1.11%"
"10/05/2020","1,615","1,620","1,656","1,615","2.51M","-0.80%"
"10/02/2020","1,628","1,620","1,642","1,566","2.25M","1.43%"
"10/01/2020","1,605","1,564","1,631","1,564","2.39M","2.36%"
"09/30/2020","1,568","1,565","1,584","1,550","4.16M","-0.25%"
"09/29/2020","1,572","1,591","1,591","1,536","1.82M","-0.19%"
"09/28/2020","1,575","1,523","1,595","1,514","1.78M","3.41%"
"09/25/2020","1,523","1,548","1,569","1,517","2.38M","-3.30%"
"09/23/2020","1,575","1,575","1,607","1,558","3.81M","-0.25%"
"09/22/2020","1,579","1,576","1,605","1,545","1.46M","-0.32%"
"09/21/2020","1,584","1,655","1,655","1,575","1.02M","-4.29%"
"09/18/2020","1,655","1,636","1,655","1,609","5.62M","1.16%"
"09/17/2020","1,636","1,614","1,650","1,614","584.55K","-0.79%"
"09/16/2020","1,649","1,681","1,681","1,633","671.43K","-1.49%"
"09/15/2020","1,674","1,687","1,689","1,653","963.22K","0.00%"
"09/14/2020","1,674","1,729","1,734","1,673","1.03M","-2.28%"
"09/11/2020","1,713","1,724","1,738","1,705","1.28M","-1.21%"
"09/10/2020","1,734","1,729","1,763","1,693","3.71M","1.64%"
"09/09/2020","1,706","1,642","1,706","1,623","2.13M","3.90%"
"09/08/2020","1,642","1,608","1,665","1,608","1.83M","2.43%"
"09/07/2020","1,603","1,631","1,639","1,594","1.61M","-0.87%"
"09/04/2020","1,617","1,623","1,649","1,612","1.95M","-0.74%"
"09/03/2020","1,629","1,627","1,677","1,626","2.17M","-2.57%"
"09/02/2020","1,672","1,734","1,734","1,662","1.33M","-1.12%"
"09/01/2020","1,691","1,620","1,702","1,620","1.85M","4.13%"
"08/31/2020","1,624","1,674","1,716","1,612","3.54M","-4.53%"
"08/28/2020","1,701","1,798","1,798","1,686","2.75M","-3.90%"
"08/27/2020","1,770","1,810","1,810","1,759","1.31M","-0.17%"
"08/26/2020","1,773","1,785","1,815","1,758","1.61M","-1.12%"
"08/25/2020","1,793","1,759","1,805","1,757","1.92M","-1.05%"
"08/24/2020","1,812","1,705","1,812","1,705","1.63M","3.78%"
"08/21/2020","1,746","1,732","1,760","1,719","1.75M","1.45%"
"08/20/2020","1,721","1,722","1,772","1,707","1.67M","-2.16%"
"08/19/2020","1,759","1,783","1,806","1,748","1.76M","-0.62%"
"08/18/2020","1,770","1,718","1,782","1,718","2.00M","1.96%"
"08/17/2020","1,736","1,783","1,783","1,721","1.15M","-1.87%"
"08/14/2020","1,769","1,748","1,776","1,744","772.35K","0.28%"
"08/13/2020","1,764","1,774","1,777","1,745","1.62M","-0.11%"
"08/12/2020","1,766","1,764","1,777","1,739","2.41M","0.11%"
"08/11/2020","1,764","1,653","1,765","1,653","1.67M","2.50%"
"08/07/2020","1,721","1,707","1,742","1,706","795.60K","0.53%"
"08/06/2020","1,712","1,769","1,769","1,689","940.37K","0.47%"
"08/05/2020","1,704","1,674","1,750","1,659","1.88M","-0.18%"
"08/04/2020","1,707","1,782","1,782","1,673","2.08M","-0.23%"
"08/03/2020","1,711","1,626","1,732","1,626","2.64M","-0.41%"
"07/31/2020","1,718","1,723","1,737","1,697","2.10M","-0.12%"
"07/30/2020","1,720","1,761","1,787","1,711","2.03M","-3.53%"
"07/29/2020","1,783","1,729","1,796","1,709","2.78M","3.36%"
"07/28/2020","1,725","1,711","1,725","1,684","648.06K","0.76%"
"07/27/2020","1,712","1,684","1,718","1,668","1.71M","1.42%"
"07/24/2020","1,688","1,679","1,688","1,667","2.06M","-0.47%"
"07/23/2020","1,696","1,703","1,706","1,668","2.85M","0.00%"
"07/22/2020","1,696","1,689","1,714","1,669","736.81K","-0.12%"
"07/21/2020","1,698","1,685","1,711","1,667","1.51M","1.25%"
"07/20/2020","1,677","1,679","1,698","1,672","502.30K","0.18%"
"07/17/2020","1,674","1,671","1,678","1,648","756.81K","0.78%"
"07/16/2020","1,661","1,666","1,674","1,638","1.92M","0.48%"
"07/15/2020","1,653","1,653","1,676","1,642","2.45M","0.24%"
"07/14/2020","1,649","1,660","1,665","1,642","1.88M","-1.02%"
"07/13/2020","1,666","1,619","1,679","1,619","1.78M","2.84%"
"07/10/2020","1,620","1,539","1,647","1,539","2.99M","1.25%"
"07/09/2020","1,600","1,560","1,638","1,560","3.59M","0.63%"
"07/08/2020","1,590","1,619","1,631","1,579","1.82M","-1.79%"
"07/07/2020","1,619","1,596","1,635","1,585","1.82M","0.50%"
"07/06/2020","1,611","1,635","1,647","1,590","1.29M","0.06%"
"07/03/2020","1,610","1,605","1,619","1,602","467.80K","0.31%"
"07/02/2020","1,605","1,569","1,628","1,561","2.74M","2.29%"
"07/01/2020","1,569","1,550","1,586","1,548","1.70M","-0.51%"
"06/30/2020","1,577","1,593","1,605","1,572","1.89M","-1.31%"
"06/29/2020","1,598","1,554","1,601","1,531","1.75M","2.96%"
"06/26/2020","1,552","1,557","1,583","1,536","3.22M","0.45%"
"06/25/2020","1,545","1,595","1,600","1,545","5.32M","-3.68%"
"06/24/2020","1,604","1,646","1,713","1,601","3.16M","-4.18%"
"06/23/2020","1,674","1,678","1,726","1,664","995.98K","-1.18%"
"06/22/2020","1,694","1,720","1,734","1,667","1.62M","-2.70%"
"06/19/2020","1,741","1,629","1,756","1,629","5.18M","5.01%"
"06/18/2020","1,658","1,661","1,695","1,638","1.52M","-1.89%"
"06/17/2020","1,690","1,664","1,721","1,664","3.01M","3.11%"
"06/15/2020","1,639","1,637","1,645","1,578","1.88M","0.12%"
"06/12/2020","1,637","1,611","1,640","1,586","2.16M","0.00%"
"06/11/2020","1,637","1,622","1,671","1,585","3.94M","-2.09%"
"06/10/2020","1,672","1,679","1,679","1,605","2.77M","-0.42%"
"06/09/2020","1,679","1,604","1,679","1,604","2.52M","4.68%"
"06/08/2020","1,604","1,674","1,674","1,593","2.02M","-2.96%"
"06/05/2020","1,653","1,644","1,695","1,616","3.96M","0.67%"
"06/04/2020","1,642","1,620","1,646","1,567","3.30M","1.17%"
"06/03/2020","1,623","1,529","1,623","1,518","2.75M","7.55%"
"06/02/2020","1,509","1,431","1,522","1,431","2.23M","3.36%"
"06/01/2020","1,460","1,432","1,485","1,423","1.80M","-0.54%"
"05/29/2020","1,468","1,401","1,468","1,401","5.63M","1.52%"
"05/28/2020","1,446","1,435","1,456","1,413","1.41M","1.19%"
"05/27/2020","1,429","1,394","1,431","1,390","2.00M","1.28%"
"05/26/2020","1,411","1,331","1,411","1,331","2.23M","7.38%"
"05/25/2020","1,314","1,377","1,377","1,309","856.57K","-1.72%"
"05/22/2020","1,337","1,346","1,372","1,321","2.07M","-4.77%"
"05/21/2020","1,404","1,394","1,446","1,344","1.90M","1.30%"
"05/20/2020","1,386","1,328","1,393","1,309","1.39M","3.66%"
"05/19/2020","1,337","1,309","1,362","1,295","2.76M","4.86%"
"05/18/2020","1,275","1,216","1,289","1,216","1.36M","2.49%"
"05/15/2020","1,244","1,242","1,300","1,242","1.95M","0.24%"
"05/14/2020","1,241","1,288","1,295","1,240","918.73K","-5.12%"
"05/13/2020","1,308","1,286","1,319","1,268","2.04M","0.46%"
"05/12/2020","1,302","1,358","1,358","1,301","2.26M","-1.81%"
"05/11/2020","1,326","1,356","1,367","1,319","995.62K","-1.85%"
"05/08/2020","1,351","1,337","1,361","1,324","1.22M","0.75%"
"05/07/2020","1,341","1,308","1,357","1,308","966.57K","1.28%"
"05/06/2020","1,324","1,323","1,376","1,288","1.24M","0.08%"
"05/05/2020","1,323","1,300","1,366","1,300","927.31K","-0.45%"
"05/04/2020","1,329","1,323","1,343","1,276","1.40M","-1.77%"
"04/30/2020","1,353","1,350","1,384","1,347","1.84M","-1.10%"
"04/29/2020","1,368","1,324","1,383","1,318","2.31M","2.78%"
"04/28/2020","1,331","1,276","1,350","1,276","1.34M","1.76%"
"04/24/2020","1,308","1,245","1,316","1,243","881.07K","3.07%"
"04/23/2020","1,269","1,262","1,324","1,219","1.36M","-0.24%"
"04/22/2020","1,272","1,259","1,327","1,259","1.10M","-1.24%"
"04/21/2020","1,288","1,249","1,294","1,241","2.01M","-1.15%"
"04/20/2020","1,303","1,277","1,309","1,264","2.07M","1.24%"
"04/17/2020","1,287","1,259","1,344","1,259","1.34M","0.47%"
"04/16/2020","1,281","1,275","1,301","1,235","2.91M","-0.23%"
"04/15/2020","1,284","1,323","1,323","1,214","2.58M","-2.21%"
"04/14/2020","1,313","1,274","1,338","1,233","1.43M","3.06%"
"04/09/2020","1,274","1,240","1,281","1,196","4.27M","4.86%"
"04/08/2020","1,215","1,262","1,269","1,205","2.37M","-3.19%"
"04/07/2020","1,255","1,232","1,319","1,231","1.24M","3.29%"
"04/06/2020","1,215","1,215","1,233","1,178","2.39M","0.75%"
"04/03/2020","1,206","1,203","1,212","1,164","939.46K","-0.74%"
"04/02/2020","1,215","1,195","1,247","1,180","1.75M","2.36%"
"04/01/2020","1,187","1,187","1,193","1,136","1.89M","-0.34%"
"03/31/2020","1,191","1,188","1,242","1,132","2.40M","6.06%"
"03/30/2020","1,123","1,215","1,215","1,088","2.49M","-6.73%"
"03/27/2020","1,204","1,273","1,277","1,189","3.00M","-6.88%"
"03/26/2020","1,293","1,107","1,298","1,107","1.69M","17.01%"
"03/25/2020","1,105","1,026","1,165","1,026","3.52M","5.44%"
"03/24/2020","1,048","1,078","1,078","936","2.16M","6.61%"
"03/23/2020","983","1,080","1,080","976","1.91M","-14.22%"
"03/20/2020","1,146","1,080","1,162","1,073","6.79M","6.11%"
"03/19/2020","1,080","1,242","1,242","983","2.50M","-0.18%"
"03/18/2020","1,082","1,264","1,264","1,056","4.09M","-8.31%"
"03/17/2020","1,180","1,161","1,212","1,121","3.39M","1.90%"
"03/16/2020","1,158","1,200","1,200","1,094","3.48M","-8.31%"
"03/13/2020","1,263","1,173","1,292","1,173","4.15M","6.22%"
"03/12/2020","1,189","1,258","1,261","1,162","1.93M","-8.40%"
"03/11/2020","1,298","1,287","1,373","1,276","1.86M","-0.61%"
"03/10/2020","1,306","1,258","1,364","1,249","2.00M","1.48%"
"03/09/2020","1,287","1,303","1,316","1,233","2.15M","-3.88%"
"03/06/2020","1,339","1,351","1,368","1,318","1.43M","-4.29%"
"03/05/2020","1,399","1,394","1,425","1,373","2.35M","0.87%"
"03/04/2020","1,387","1,380","1,404","1,366","742.97K","0.73%"
"03/03/2020","1,377","1,297","1,396","1,297","1.59M","1.70%"
"03/02/2020","1,354","1,368","1,398","1,346","1.61M","0.82%"
"02/28/2020","1,343","1,374","1,374","1,315","2.86M","-3.93%"
"02/27/2020","1,398","1,404","1,473","1,398","2.16M","-5.09%"
"02/26/2020","1,473","1,400","1,495","1,350","2.90M","5.21%"
"02/25/2020","1,400","1,405","1,431","1,387","2.12M","-1.41%"
"02/24/2020","1,420","1,461","1,507","1,409","2.08M","-5.96%"
"02/21/2020","1,510","1,523","1,523","1,464","1.87M","-0.53%"
"02/20/2020","1,518","1,539","1,561","1,504","1.79M","-1.11%"
"02/19/2020","1,535","1,518","1,536","1,513","2.24M","1.12%"
"02/18/2020","1,518","1,485","1,518","1,484","1.61M","0.13%"
"02/17/2020","1,516","1,510","1,544","1,498","4.26M","-0.85%"
"02/14/2020","1,529","1,510","1,529","1,502","1.30M","1.26%"
"02/13/2020","1,510","1,495","1,529","1,494","1.42M","0.80%"
"02/12/2020","1,498","1,489","1,507","1,473","1.14M","0.74%"
"02/11/2020","1,487","1,485","1,517","1,484","552.74K","-1.52%"
"02/10/2020","1,510","1,534","1,534","1,500","756.58K","-1.56%"
"02/07/2020","1,534","1,527","1,547","1,491","1.60M","1.46%"
"02/06/2020","1,512","1,512","1,549","1,510","1.07M","-0.33%"
"02/05/2020","1,517","1,477","1,526","1,455","1.21M","2.85%"
"02/04/2020","1,475","1,464","1,514","1,464","964.90K","1.79%"
"02/03/2020","1,449","1,458","1,472","1,443","1.37M","-1.09%"
"01/31/2020","1,465","1,503","1,503","1,461","1.48M","-2.79%"
"01/30/2020","1,507","1,491","1,512","1,481","712.83K","0.33%"
"01/29/2020","1,502","1,487","1,513","1,487","982.37K","-0.27%"
"01/28/2020","1,506","1,513","1,522","1,479","1.59M","-1.12%"
"01/27/2020","1,523","1,537","1,545","1,513","1.23M","-1.61%"
"01/24/2020","1,548","1,535","1,562","1,535","531.33K","0.78%"
"01/23/2020","1,536","1,620","1,620","1,536","800.40K","-1.48%"
"01/22/2020","1,559","1,566","1,579","1,536","1.29M","-1.58%"
"01/21/2020","1,584","1,589","1,595","1,564","1.87M","-0.63%"
"01/20/2020","1,594","1,616","1,616","1,590","1.22M","-0.31%"
"01/17/2020","1,599","1,589","1,636","1,582","2.00M","-1.30%"
"01/16/2020","1,620","1,615","1,632","1,600","2.00M","-0.92%"
"01/15/2020","1,635","1,592","1,646","1,592","1.06M","1.36%"
"01/14/2020","1,613","1,566","1,613","1,566","1.91M","0.94%"
"01/13/2020","1,598","1,619","1,623","1,591","1.32M","-1.11%"
"01/10/2020","1,616","1,661","1,661","1,602","1.65M","-0.25%"
"01/09/2020","1,620","1,618","1,651","1,611","2.43M","0.43%"
"01/08/2020","1,613","1,618","1,618","1,588","709.18K","0.25%"
"01/07/2020","1,609","1,634","1,647","1,593","1.26M","-0.56%"
"01/06/2020","1,618","1,646","1,657","1,603","662.54K","-3.23%"
"01/03/2020","1,672","1,687","1,687","1,649","806.61K","0.00%"
"01/02/2020","1,672","1,679","1,703","1,660","422.06K","0.36%"
"12/31/2019","1,666","1,689","1,696","1,661","218.73K","-1.36%"
"12/30/2019","1,689","1,662","1,699","1,662","590.27K","0.54%"
"12/27/2019","1,680","1,692","1,704","1,656","539.99K","1.33%"
"12/24/2019","1,658","1,627","1,669","1,627","67.44K","-0.78%"
"12/23/2019","1,671","1,629","1,689","1,595","754.27K","-1.24%"
"12/20/2019","1,692","1,705","1,712","1,681","2.38M","-0.59%"
"12/19/2019","1,702","1,725","1,725","1,646","874.50K","-0.99%"
"12/18/2019","1,719","1,674","1,721","1,674","1.60M","2.44%"
"12/17/2019","1,678","1,672","1,716","1,650","2.15M","1.70%"
"12/13/2019","1,650","1,584","1,660","1,584","2.13M","5.03%"
"12/12/2019","1,571","1,577","1,617","1,562","1.47M","-0.13%"
"12/11/2019","1,573","1,559","1,585","1,550","814.27K","1.03%"
"12/10/2019","1,557","1,559","1,566","1,530","1.28M","-0.51%"
"12/09/2019","1,565","1,575","1,585","1,551","732.44K","-0.32%"
"12/06/2019","1,570","1,591","1,596","1,558","915.25K","0.26%"
"12/05/2019","1,566","1,564","1,601","1,563","1.08M","0.00%"
"12/04/2019","1,566","1,572","1,578","1,555","1.09M","1.36%"
"12/03/2019","1,545","1,558","1,590","1,539","1.65M","-1.21%"
"12/02/2019","1,564","1,666","1,666","1,564","2.34M","-4.11%"
"11/29/2019","1,631","1,604","1,674","1,599","1.26M","0.12%"
"11/28/2019","1,629","1,659","1,660","1,609","1.17M","-1.87%"
"11/27/2019","1,660","1,685","1,687","1,653","1.08M","0.67%"
"11/26/2019","1,649","1,732","1,732","1,646","4.14M","-3.62%"
"11/25/2019","1,711","1,699","1,731","1,697","2.60M","-1.16%"
"11/22/2019","1,731","1,706","1,739","1,695","1.38M","0.93%"
"11/21/2019","1,715","1,774","1,774","1,708","1.45M","-2.94%"
"11/20/2019","1,767","1,685","1,774","1,685","3.09M","5.18%"
"11/19/2019","1,680","1,696","1,696","1,637","796.04K","2.50%"
"11/18/2019","1,639","1,673","1,676","1,630","1.47M","-0.67%"
"11/15/2019","1,650","1,674","1,674","1,636","1.22M","-0.30%"
"11/14/2019","1,655","1,626","1,674","1,626","1.43M","-1.37%"
"11/13/2019","1,678","1,639","1,692","1,626","1.64M","1.70%"
"11/12/2019","1,650","1,688","1,688","1,644","1.48M","0.24%"
"11/11/2019","1,646","1,674","1,677","1,640","1.39M","-2.37%"
"11/08/2019","1,686","1,670","1,690","1,669","961.20K","0.36%"
"11/07/2019","1,680","1,694","1,707","1,670","1.08M","-0.83%"
"11/06/2019","1,694","1,694","1,703","1,658","1.02M","0.00%"
"11/05/2019","1,694","1,690","1,694","1,621","1.04M","4.12%"
"11/04/2019","1,627","1,631","1,660","1,593","1.17M","1.94%"
"11/01/2019","1,596","1,609","1,609","1,573","457.28K","-1.05%"
"10/31/2019","1,613","1,674","1,674","1,584","2.65M","-0.74%"
"10/30/2019","1,625","1,620","1,653","1,592","3.18M","-1.99%"
"10/29/2019","1,658","1,729","1,729","1,635","1.69M","-1.25%"
"10/28/2019","1,679","1,620","1,691","1,620","2.01M","3.20%"
"10/25/2019","1,627","1,650","1,650","1,620","558.94K","-1.15%"
"10/24/2019","1,646","1,656","1,683","1,637","848.46K","-0.42%"
"10/23/2019","1,653","1,671","1,671","1,629","517.38K","-1.84%"
"10/22/2019","1,684","1,665","1,698","1,656","873.84K","1.32%"
"10/21/2019","1,662","1,620","1,664","1,620","745.27K","1.28%"
"10/18/2019","1,641","1,658","1,666","1,631","775.04K","-1.20%"
"10/17/2019","1,661","1,604","1,672","1,604","2.43M","2.53%"
"10/16/2019","1,620","1,634","1,634","1,581","3.19M","-0.67%"
"10/15/2019","1,631","1,641","1,646","1,619","997.06K","0.80%"
"10/14/2019","1,618","1,674","1,676","1,601","1.43M","-2.94%"
"10/11/2019","1,667","1,620","1,673","1,605","1.24M","3.60%"
"10/10/2019","1,609","1,572","1,610","1,562","1.92M","2.35%"
"10/09/2019","1,572","1,577","1,605","1,561","2.70M","-0.95%"
"10/08/2019","1,587","1,610","1,637","1,582","1.29M","-1.43%"
"10/07/2019","1,610","1,674","1,674","1,594","1.25M","-0.06%"
"10/04/2019","1,611","1,595","1,622","1,595","761.94K","0.94%"
"10/03/2019","1,596","1,603","1,626","1,585","1.45M","-0.62%"
"10/02/2019","1,606","1,622","1,640","1,598","1.45M","-0.93%"
"10/01/2019","1,621","1,617","1,650","1,613","804.78K","0.25%"
"09/30/2019","1,617","1,652","1,653","1,605","2.02M","-0.80%"
"09/27/2019","1,630","1,666","1,670","1,626","1.15M","-3.32%"
"09/26/2019","1,686","1,612","1,690","1,607","2.74M","4.59%"
"09/25/2019","1,612","1,653","1,653","1,539","1.55M","-1.10%"
"09/23/2019","1,630","1,620","1,648","1,606","1.04M","-0.37%"
"09/20/2019","1,636","1,677","1,680","1,629","5.17M","-2.50%"
"09/19/2019","1,678","1,685","1,709","1,648","1.61M","-0.77%"
"09/18/2019","1,691","1,689","1,714","1,671","1.26M","0.24%"
"09/17/2019","1,687","1,769","1,769","1,657","2.11M","-5.65%"
"09/16/2019","1,788","1,685","1,788","1,677","3.94M","4.99%"
"09/13/2019","1,703","1,637","1,715","1,637","1.56M","-0.29%"
"09/12/2019","1,708","1,653","1,714","1,635","1.93M","3.33%"
"09/11/2019","1,653","1,654","1,667","1,609","1.41M","0.73%"
"09/10/2019","1,641","1,708","1,708","1,600","904.79K","-0.30%"
"09/09/2019","1,646","1,605","1,646","1,601","842.76K","1.60%"
"09/06/2019","1,620","1,540","1,636","1,540","956.07K","1.00%"
"09/05/2019","1,604","1,577","1,608","1,565","1.66M","2.49%"
"09/04/2019","1,565","1,548","1,592","1,548","2.08M","0.64%"
"09/03/2019","1,555","1,537","1,555","1,524","959.28K","1.30%"
"09/02/2019","1,535","1,600","1,609","1,532","1.13M","-4.06%"
"08/30/2019","1,600","1,531","1,608","1,531","2.48M","5.40%"
"08/29/2019","1,518","1,525","1,543","1,509","715.47K","-0.59%"
"08/28/2019","1,527","1,479","1,527","1,479","829.89K","1.60%"
"08/27/2019","1,503","1,472","1,503","1,472","3.55M","-0.07%"
"08/26/2019","1,504","1,501","1,518","1,484","1.20M","-1.25%"
"08/23/2019","1,523","1,524","1,532","1,514","1.19M","0.26%"
"08/22/2019","1,519","1,526","1,553","1,518","851.35K","-1.81%"
"08/21/2019","1,547","1,517","1,560","1,515","709.43K","1.51%"
"08/20/2019","1,524","1,485","1,544","1,485","857.87K","-0.13%"
"08/19/2019","1,526","1,558","1,568","1,521","1.84M","-2.80%"
"08/16/2019","1,570","1,521","1,577","1,514","2.37M","1.82%"
"08/15/2019","1,542","1,485","1,549","1,473","2.50M","4.19%"
"08/14/2019","1,480","1,518","1,524","1,467","2.38M","-2.76%"
"08/13/2019","1,522","1,504","1,536","1,496","2.54M","0.20%"
"08/12/2019","1,519","1,570","1,605","1,509","3.91M","-5.06%"
"08/08/2019","1,600","1,710","1,712","1,600","3.32M","-4.59%"
"08/07/2019","1,677","1,699","1,702","1,660","1.69M","0.06%"
"08/06/2019","1,676","1,656","1,696","1,653","1.55M","1.39%"
"08/05/2019","1,653","1,674","1,677","1,647","2.16M","-2.76%"
"08/02/2019","1,700","1,702","1,712","1,653","2.82M","0.00%"
"08/01/2019","1,700","1,658","1,722","1,642","1.50M","1.86%"
"07/31/2019","1,669","1,658","1,673","1,651","2.25M","0.18%"
"07/30/2019","1,666","1,674","1,685","1,660","1.54M","-0.42%"
"07/29/2019","1,673","1,629","1,673","1,629","799.16K","2.14%"
"07/26/2019","1,638","1,710","1,710","1,632","1.57M","-3.59%"
"07/25/2019","1,699","1,755","1,762","1,699","1.16M","-3.68%"
"07/24/2019","1,764","1,728","1,781","1,728","2.11M","0.17%"
"07/23/2019","1,761","1,712","1,764","1,712","2.37M","2.50%"
"07/22/2019","1,718","1,723","1,728","1,702","919.21K","-0.87%"
"07/19/2019","1,733","1,734","1,773","1,727","1.27M","-0.57%"
"07/18/2019","1,743","1,735","1,775","1,735","1.68M","-0.23%"
"07/17/2019","1,747","1,754","1,786","1,737","1.20M","-2.18%"
"07/16/2019","1,786","1,745","1,786","1,745","1.41M","2.23%"
"07/15/2019","1,747","1,768","1,786","1,747","1.86M","-1.19%"
"07/12/2019","1,768","1,837","1,837","1,768","940.46K","-1.17%"
"07/11/2019","1,789","1,799","1,829","1,789","585.80K","-0.78%"
"07/10/2019","1,803","1,806","1,811","1,798","659.16K","-0.39%"
"07/09/2019","1,810","1,799","1,837","1,793","746.27K","-1.42%"
"07/08/2019","1,836","1,796","1,836","1,796","523.30K","0.71%"
"07/05/2019","1,823","1,860","1,860","1,800","548.62K","-0.27%"
"07/04/2019","1,828","1,783","1,844","1,783","614.38K","-1.30%"
"07/03/2019","1,852","1,784","1,852","1,784","961.05K","0.71%"
"07/02/2019","1,839","1,864","1,881","1,824","778.03K","-2.54%"
"07/01/2019","1,887","1,850","1,906","1,839","1.76M","2.83%"
"06/28/2019","1,835","1,834","1,859","1,822","1.07M","-0.86%"
"06/27/2019","1,851","1,819","1,851","1,807","945.87K","1.37%"
"06/26/2019","1,826","1,805","1,833","1,804","517.84K","1.16%"
"06/25/2019","1,805","1,823","1,825","1,786","846.53K","-0.99%"
"06/24/2019","1,823","1,889","1,889","1,805","929.56K","-3.13%"
"06/21/2019","1,882","1,869","1,891","1,831","2.67M","1.51%"
"06/20/2019","1,854","1,849","1,875","1,842","1.73M","0.54%"
"06/19/2019","1,844","1,858","1,874","1,829","963.89K","0.60%"
"06/18/2019","1,833","1,807","1,853","1,804","1.24M","2.80%"
"06/14/2019","1,783","1,826","1,850","1,783","1.19M","-3.10%"
"06/13/2019","1,840","1,850","1,854","1,828","984.23K","-0.92%"
"06/12/2019","1,857","1,810","1,857","1,806","1.59M","1.31%"
"06/11/2019","1,833","1,830","1,844","1,810","1.07M","0.22%"
"06/10/2019","1,829","1,799","1,829","1,782","648.04K","1.89%"
"06/07/2019","1,795","1,783","1,795","1,754","1.33M","1.41%"
"06/06/2019","1,770","1,777","1,790","1,757","524.52K","0.23%"
"06/05/2019","1,766","1,776","1,807","1,765","780.43K","-1.01%"
"06/04/2019","1,784","1,793","1,797","1,737","1.47M","-0.89%"
"06/03/2019","1,800","1,779","1,800","1,762","826.06K","1.24%"
"05/31/2019","1,778","1,777","1,806","1,751","1.79M","-1.22%"
"05/30/2019","1,800","1,749","1,820","1,730","1.64M","3.69%"
"05/29/2019","1,736","1,691","1,749","1,675","1.33M","3.52%"
"05/28/2019","1,677","1,760","1,760","1,677","6.65M","-4.28%"
"05/27/2019","1,752","1,731","1,753","1,724","695.54K","1.86%"
"05/24/2019","1,720","1,724","1,758","1,718","1.93M","-0.23%"
"05/23/2019","1,724","1,775","1,811","1,718","1.46M","-4.12%"
"05/22/2019","1,798","1,794","1,825","1,776","603.35K","1.12%"
"05/21/2019","1,778","1,831","1,831","1,777","1.03M","-1.88%"
"05/20/2019","1,812","1,833","1,837","1,810","822.46K","-0.44%"
"05/17/2019","1,820","1,882","1,882","1,817","1.16M","-3.19%"
"05/16/2019","1,880","1,865","1,890","1,844","1.21M","1.40%"
"05/15/2019","1,854","1,880","1,880","1,811","1.99M","-0.80%"
"05/14/2019","1,869","1,940","1,940","1,838","1.85M","1.19%"
"05/13/2019","1,847","1,884","1,918","1,838","1.36M","-1.44%"
"05/10/2019","1,874","1,837","1,880","1,837","1.58M","2.01%"
"05/09/2019","1,837","1,901","1,901","1,836","1.70M","-1.92%"
"05/07/2019","1,873","1,923","1,923","1,872","1.33M","-2.35%"
"05/06/2019","1,918","1,912","1,925","1,870","729.09K","0.00%"
"05/03/2019","1,918","1,916","1,931","1,901","1.08M","-0.72%"
"05/02/2019","1,932","1,876","1,932","1,874","2.56M","3.26%"
"04/30/2019","1,871","1,885","1,904","1,858","1.36M","0.11%"
"04/29/2019","1,869","1,890","1,890","1,852","688.20K","-0.59%"
"04/26/2019","1,880","1,850","1,915","1,850","725.71K","-2.08%"
"04/25/2019","1,920","1,908","1,926","1,881","852.07K","0.84%"
"04/24/2019","1,904","1,936","1,936","1,891","1.00M","-1.24%"
"04/23/2019","1,928","1,945","1,949","1,913","609.40K","-0.92%"
"04/18/2019","1,946","1,919","1,946","1,906","718.97K","0.52%"
"04/17/2019","1,936","1,929","1,938","1,907","756.74K","0.68%"
"04/16/2019","1,923","1,881","1,924","1,871","1.27M","1.69%"
"04/15/2019","1,891","1,883","1,916","1,861","694.59K","0.48%"
"04/12/2019","1,882","1,832","1,887","1,832","741.73K","-0.37%"
"04/11/2019","1,889","1,873","1,889","1,850","1.36M","0.64%"
"04/10/2019","1,877","1,864","1,887","1,849","1.00M","1.62%"
"04/09/2019","1,847","1,837","1,872","1,827","1.34M","0.54%"
"04/08/2019","1,837","1,831","1,837","1,800","950.46K","0.33%"
"04/05/2019","1,831","1,842","1,853","1,814","794.38K","-0.49%"
"04/04/2019","1,840","1,833","1,840","1,803","879.20K","-0.76%"
"04/03/2019","1,854","1,799","1,858","1,799","1.45M","1.76%"
"04/02/2019","1,822","1,842","1,852","1,812","1.31M","-1.67%"
"04/01/2019","1,853","1,808","1,859","1,808","1.85M","2.32%"
"03/29/2019","1,811","1,720","1,812","1,720","2.32M","4.14%"
"03/28/2019","1,739","1,729","1,753","1,724","1.35M","-1.08%"
"03/27/2019","1,758","1,814","1,814","1,727","1.99M","1.80%"
"03/26/2019","1,727","1,712","1,756","1,712","1.41M","-0.12%"
"03/25/2019","1,729","1,720","1,805","1,694","2.55M","0.35%"
"03/22/2019","1,723","1,756","1,806","1,722","1.49M","-2.55%"
"03/20/2019","1,768","1,810","1,810","1,758","6.83M","-2.54%"
"03/19/2019","1,814","1,812","1,845","1,812","1.78M","-0.06%"
"03/18/2019","1,815","1,777","1,815","1,777","1.78M","1.17%"
"03/15/2019","1,794","1,739","1,804","1,732","4.41M","2.75%"
"03/14/2019","1,746","1,720","1,747","1,707","1.28M","0.52%"
"03/13/2019","1,737","1,741","1,756","1,726","1.94M","-0.23%"
"03/12/2019","1,741","1,716","1,750","1,716","1.05M","1.04%"
"03/11/2019","1,723","1,785","1,795","1,708","1.64M","-3.15%"
"03/08/2019","1,779","1,783","1,824","1,742","1.76M","1.43%"
"03/07/2019","1,754","1,810","1,810","1,745","1.75M","-1.29%"
"03/06/2019","1,777","1,781","1,798","1,769","1.24M","0.00%"
"03/05/2019","1,777","1,786","1,806","1,773","939.93K","-0.95%"
"03/04/2019","1,794","1,820","1,832","1,785","1.48M","-0.11%"
"03/01/2019","1,796","1,772","1,830","1,772","1.43M","-0.06%"
"02/28/2019","1,797","1,792","1,804","1,785","2.85M","0.06%"
"02/27/2019","1,796","1,807","1,826","1,789","3.73M","-0.17%"
"02/26/2019","1,799","1,775","1,815","1,768","4.92M","1.24%"
"02/25/2019","1,777","1,785","1,792","1,766","2.07M","-0.06%"
"02/22/2019","1,778","1,783","1,795","1,763","4.20M","0.34%"
"02/21/2019","1,772","1,766","1,794","1,745","3.51M","1.49%"
"02/20/2019","1,746","1,753","1,791","1,746","2.46M","-0.57%"
"02/19/2019","1,756","1,801","1,836","1,754","1.65M","-2.55%"
"02/18/2019","1,802","1,777","1,837","1,777","1.99M","1.07%"
"02/15/2019","1,783","1,831","1,868","1,733","3.35M","-2.62%"
"02/14/2019","1,831","1,853","1,880","1,821","1.51M","-2.92%"
"02/13/2019","1,886","1,853","1,928","1,853","981.55K","0.05%"
"02/12/2019","1,885","1,853","1,912","1,853","1.01M","1.51%"
"02/11/2019","1,857","1,842","1,882","1,842","485.43K","-0.38%"
"02/08/2019","1,864","1,895","1,939","1,861","1.49M","-1.64%"
"02/07/2019","1,895","2,012","2,012","1,895","607.80K","-3.12%"
"02/06/2019","1,956","1,983","2,012","1,934","982.18K","-0.61%"
"02/05/2019","1,968","1,920","1,968","1,920","739.87K","2.07%"
"02/04/2019","1,928","1,997","2,023","1,928","537.68K","-3.46%"
"02/01/2019","1,997","2,021","2,030","1,970","1.11M","0.35%"
"01/31/2019","1,990","1,949","2,022","1,940","1.61M","1.79%"
"01/30/2019","1,955","1,920","1,970","1,920","782.15K","-0.96%"
"01/29/2019","1,974","1,923","1,974","1,918","1.17M","1.54%"
"01/28/2019","1,944","1,946","1,976","1,923","1.20M","-1.97%"
"01/25/2019","1,983","1,946","2,015","1,946","965.75K","-0.10%"
"01/24/2019","1,985","1,975","2,009","1,946","1.07M","-1.15%"
"01/23/2019","2,008","1,988","2,010","1,975","818.01K","-0.54%"
"01/22/2019","2,019","1,961","2,019","1,947","1.65M","2.59%"
"01/21/2019","1,968","2,012","2,012","1,955","989.33K","-0.56%"
"01/18/2019","1,979","2,012","2,012","1,972","693.51K","-0.35%"
"01/17/2019","1,986","1,998","2,014","1,963","1.13M","0.40%"
"01/16/2019","1,978","1,968","1,986","1,966","791.59K","0.05%"
"01/15/2019","1,977","1,961","1,996","1,961","1.39M","-0.55%"
"01/14/2019","1,988","1,975","1,997","1,969","722.96K","-0.95%"
"01/11/2019","2,007","1,979","2,016","1,978","883.34K","1.52%"
"01/10/2019","1,977","1,970","1,989","1,946","1.89M","0.41%"
"01/09/2019","1,969","1,954","1,971","1,941","1.22M","2.13%"
"01/08/2019","1,928","1,993","1,993","1,924","788.13K","-2.18%"
"01/07/2019","1,971","1,955","1,992","1,950","1.14M","0.10%"
"01/04/2019","1,969","1,988","1,988","1,946","446.04K","0.00%"
"01/03/2019","1,969","1,960","1,987","1,913","1.06M","2.34%"
"01/02/2019","1,924","1,961","1,965","1,909","286.17K","-2.24%"
"12/31/2018","1,968","1,936","1,987","1,936","95.62K","0.51%"
"12/28/2018","1,958","1,939","1,985","1,890","429.14K","3.22%"
"12/27/2018","1,897","1,968","1,968","1,871","691.61K","0.90%"
"12/24/2018","1,880","1,853","1,945","1,853","424.75K","0.05%"
"12/21/2018","1,879","1,955","1,990","1,879","3.42M","-3.89%"
"12/20/2018","1,955","1,921","1,980","1,920","821.46K","-0.71%"
"12/19/2018","1,969","1,908","1,970","1,907","907.33K","3.04%"
"12/18/2018","1,911","1,932","1,932","1,863","962.00K","-0.10%"
"12/14/2018","1,913","1,955","1,976","1,908","832.44K","-3.77%"
"12/13/2018","1,988","1,938","2,016","1,938","4.01M","0.71%"
"12/12/2018","1,974","1,898","1,987","1,898","3.94M","0.82%"
"12/11/2018","1,958","1,913","1,958","1,894","1.57M","2.14%"
"12/10/2018","1,917","1,948","1,998","1,853","977.54K","-1.59%"
"12/07/2018","1,948","1,970","1,970","1,889","1.59M","2.85%"
"12/06/2018","1,894","1,947","1,947","1,850","1.80M","-3.86%"
"12/05/2018","1,970","1,972","1,995","1,958","1.04M","-2.62%"
"12/04/2018","2,023","1,919","2,023","1,919","1.47M","2.22%"
"12/03/2018","1,979","1,922","2,021","1,922","1.33M","1.91%"
"11/30/2018","1,942","1,923","2,020","1,909","2.40M","-0.51%"
"11/29/2018","1,952","2,020","2,020","1,926","1.77M","-0.91%"
"11/28/2018","1,970","1,978","2,012","1,952","1.43M","0.05%"
"11/27/2018","1,969","1,980","1,999","1,945","2.65M","-0.96%"
"11/26/2018","1,988","1,891","1,990","1,891","975.61K","3.97%"
"11/23/2018","1,912","1,945","1,945","1,888","947.67K","-0.78%"
"11/22/2018","1,927","1,918","1,941","1,904","980.53K","-0.82%"
"11/21/2018","1,943","1,944","1,998","1,918","906.49K","-0.56%"
"11/20/2018","1,954","1,924","1,988","1,924","4.08M","-1.31%"
"11/19/2018","1,980","1,936","1,988","1,896","1.47M","0.15%"
"11/16/2018","1,977","1,891","1,999","1,891","973.39K","0.20%"
"11/15/2018","1,973","1,980","1,980","1,929","1.46M","0.66%"
"11/14/2018","1,960","1,998","1,998","1,912","970.30K","-0.10%"
"11/13/2018","1,962","1,918","1,977","1,918","971.22K","0.51%"
"11/12/2018","1,952","2,026","2,026","1,939","1.40M","-2.79%"
"11/09/2018","2,008","1,999","2,020","1,948","2.66M","-1.71%"
"11/08/2018","2,043","2,031","2,063","2,031","3.16M","0.84%"
"11/07/2018","2,026","1,967","2,048","1,967","1.01M","0.30%"
"11/06/2018","2,020","1,999","2,020","1,967","1.46M","-0.10%"
"11/05/2018","2,022","1,984","2,026","1,958","1.17M","1.92%"
"11/02/2018","1,984","1,943","2,007","1,890","2.46M","3.12%"
"11/01/2018","1,924","1,869","1,924","1,824","1.57M","3.72%"
"10/31/2018","1,855","1,869","1,900","1,814","4.46M","1.64%"
"10/30/2018","1,825","1,912","1,912","1,818","1.60M","-2.56%"
"10/29/2018","1,873","1,943","1,943","1,837","1.33M","1.08%"
"10/26/2018","1,853","1,867","1,926","1,847","1.89M","-3.34%"
"10/25/2018","1,917","1,842","1,917","1,842","2.60M","1.32%"
"10/24/2018","1,892","1,853","1,899","1,842","1.49M","1.61%"
"10/23/2018","1,862","1,915","1,935","1,855","885.09K","-3.82%"
"10/22/2018","1,936","1,901","1,970","1,901","1.10M","1.68%"
"10/19/2018","1,904","1,925","1,928","1,895","384.82K","-1.70%"
"10/18/2018","1,937","1,934","1,937","1,897","904.15K","1.79%"
"10/17/2018","1,903","1,945","1,945","1,893","989.96K","-2.56%"
"10/16/2018","1,953","1,899","1,954","1,893","1.17M","2.74%"
"10/15/2018","1,901","1,941","1,941","1,866","1.19M","-2.41%"
"10/12/2018","1,948","1,902","1,955","1,875","1.47M","3.89%"
"10/11/2018","1,875","1,898","1,902","1,831","2.00M","-2.65%"
"10/10/2018","1,926","1,997","1,997","1,923","1.23M","-1.88%"
"10/09/2018","1,963","1,973","1,983","1,910","1.54M","-0.51%"
"10/08/2018","1,973","1,994","1,994","1,961","1.06M","-1.05%"
"10/05/2018","1,994","2,001","2,003","1,979","606.79K","-0.05%"
"10/04/2018","1,995","2,016","2,022","1,989","1.21M","-1.34%"
"10/03/2018","2,022","2,064","2,091","2,021","959.63K","-1.84%"
"10/02/2018","2,060","2,058","2,066","2,013","797.00K","-0.77%"
"10/01/2018","2,076","2,088","2,124","2,073","725.97K","-0.48%"
"09/28/2018","2,086","2,120","2,120","2,053","1.31M","-1.14%"
"09/27/2018","2,110","2,117","2,134","2,094","1.38M","-0.05%"
"09/26/2018","2,111","2,126","2,157","2,107","756.36K","-0.52%"
"09/25/2018","2,122","2,115","2,130","2,088","1.90M","0.24%"
"09/21/2018","2,117","2,135","2,160","2,107","1.93M","0.09%"
"09/20/2018","2,115","2,131","2,150","2,106","1.28M","-0.66%"
"09/19/2018","2,129","2,059","2,129","2,059","1.83M","0.80%"
"09/18/2018","2,112","2,066","2,112","2,059","1.13M","1.54%"
"09/17/2018","2,080","2,101","2,128","2,063","2.48M","-2.89%"
"09/14/2018","2,142","2,147","2,158","2,121","1.72M","-0.19%"
"09/13/2018","2,146","2,107","2,146","2,079","1.15M","2.24%"
"09/12/2018","2,099","2,158","2,158","2,088","1.02M","-2.24%"
"09/11/2018","2,147","2,101","2,156","2,077","1.24M","2.19%"
"09/10/2018","2,101","2,157","2,157","2,101","849.96K","-2.01%"
"09/07/2018","2,144","2,154","2,161","2,135","663.62K","-0.51%"
"09/06/2018","2,155","2,130","2,161","2,112","1.12M","1.79%"
"09/05/2018","2,117","2,144","2,144","2,092","1.53M","-1.31%"
"09/04/2018","2,145","2,231","2,231","2,143","1.05M","-3.38%"
"09/03/2018","2,220","2,222","2,238","2,181","1.68M","0.63%"
"08/31/2018","2,206","2,188","2,221","2,163","1.39M","0.41%"
"08/30/2018","2,197","2,186","2,218","2,173","1.31M","0.41%"
"08/29/2018","2,188","2,188","2,194","2,161","787.96K","0.00%"
"08/28/2018","2,188","2,115","2,193","2,115","702.18K","1.02%"
"08/27/2018","2,166","2,147","2,185","2,142","799.72K","0.23%"
"08/24/2018","2,161","2,132","2,165","2,108","1.02M","0.09%"
"08/23/2018","2,159","2,106","2,164","2,106","477.36K","1.50%"
"08/22/2018","2,127","2,118","2,147","2,116","1.72M","0.28%"
"08/21/2018","2,121","2,101","2,126","2,093","617.61K","0.66%"
"08/20/2018","2,107","2,073","2,113","2,056","664.23K","2.23%"
"08/17/2018","2,061","2,049","2,082","2,034","1.33M","0.24%"
"08/16/2018","2,056","2,053","2,087","2,015","1.13M","2.54%"
"08/15/2018","2,005","2,110","2,131","2,002","1.50M","-5.87%"
"08/14/2018","2,130","2,109","2,160","2,109","1.27M","0.47%"
"08/13/2018","2,120","2,087","2,148","2,080","1.03M","1.29%"
"08/10/2018","2,093","2,108","2,144","2,088","549.18K","-2.38%"
"08/08/2018","2,144","2,101","2,165","2,101","896.93K","0.66%"
"08/07/2018","2,130","2,116","2,145","2,108","681.02K","1.09%"
"08/06/2018","2,107","2,114","2,142","2,092","648.52K","-0.89%"
"08/03/2018","2,126","2,096","2,133","2,080","1.98M","1.43%"
"08/02/2018","2,096","2,142","2,142","2,055","1.26M","-1.83%"
"08/01/2018","2,135","2,146","2,155","2,100","1.36M","-0.97%"
"07/31/2018","2,156","2,151","2,163","2,126","2.13M","0.33%"
"07/30/2018","2,149","2,102","2,169","2,102","1.16M","1.03%"
"07/27/2018","2,127","2,090","2,134","2,090","1.35M","1.82%"
"07/26/2018","2,089","2,061","2,116","2,058","986.58K","0.82%"
"07/25/2018","2,072","2,076","2,109","2,054","2.09M","-0.62%"
"07/24/2018","2,085","2,047","2,106","2,037","2.10M","2.66%"
"07/23/2018","2,031","2,053","2,053","2,013","1.24M","-0.20%"
"07/20/2018","2,035","2,053","2,057","2,015","2.70M","-0.73%"
"07/19/2018","2,050","2,013","2,050","2,013","855.29K","0.94%"
"07/18/2018","2,031","2,053","2,053","1,990","1.18M","-0.39%"
"07/17/2018","2,039","1,980","2,039","1,950","688.92K","2.98%"
"07/16/2018","1,980","2,010","2,022","1,961","959.49K","-2.08%"
"07/13/2018","2,022","2,023","2,033","2,002","683.40K","-0.05%"
"07/12/2018","2,023","2,026","2,030","1,998","687.42K","-0.39%"
"07/11/2018","2,031","2,053","2,053","2,012","485.65K","-1.79%"
"07/10/2018","2,068","2,063","2,090","2,048","883.63K","0.00%"
"07/09/2018","2,068","2,048","2,091","2,047","432.14K","1.52%"
"07/06/2018","2,037","2,046","2,057","1,999","542.06K","-0.39%"
"07/05/2018","2,045","2,065","2,101","2,043","431.11K","-0.97%"
"07/04/2018","2,065","2,066","2,080","2,046","576.45K","0.05%"
"07/03/2018","2,064","2,048","2,073","2,030","1.03M","0.24%"
"07/02/2018","2,059","2,023","2,059","2,008","612.25K","1.78%"
"06/29/2018","2,023","1,989","2,040","1,989","1.16M","1.76%"
"06/28/2018","1,988","1,935","1,991","1,912","990.45K","2.05%"
"06/27/2018","1,948","2,010","2,010","1,939","1.48M","-2.79%"
"06/26/2018","2,004","2,013","2,019","1,985","1.40M","0.40%"
"06/25/2018","1,996","1,999","2,034","1,990","1.27M","-1.29%"
"06/22/2018","2,022","1,990","2,034","1,990","823.79K","1.51%"
"06/21/2018","1,992","2,010","2,025","1,982","1.98M","-1.39%"
"06/20/2018","2,020","2,026","2,033","2,008","1.86M","0.85%"
"06/19/2018","2,003","2,022","2,022","1,990","2.45M","-1.33%"
"06/18/2018","2,030","2,080","2,080","2,026","808.11K","-3.47%"
"06/15/2018","2,103","2,160","2,160","2,084","5.52M","-0.80%"
"06/14/2018","2,120","2,117","2,130","2,096","567.09K","1.00%"
"06/13/2018","2,099","2,101","2,115","2,080","974.66K","0.53%"
"06/12/2018","2,088","2,060","2,105","2,055","958.39K","1.46%"
"06/11/2018","2,058","2,087","2,101","2,058","1.79M","-1.53%"
"06/08/2018","2,090","2,101","2,107","2,080","1.81M","-0.85%"
"06/07/2018","2,108","2,134","2,142","2,106","5.65M","-0.19%"
"06/06/2018","2,112","2,134","2,147","2,107","1.25M","-0.56%"
"06/05/2018","2,124","2,129","2,136","2,102","3.64M","-1.44%"
"06/04/2018","2,155","2,063","2,156","2,063","1.68M","2.42%"
"06/01/2018","2,104","2,096","2,131","2,069","1.95M","1.45%"
"05/31/2018","2,074","2,075","2,094","2,063","4.73M","0.10%"
"05/30/2018","2,072","2,074","2,097","2,067","2.30M","-0.62%"
"05/29/2018","2,085","2,113","2,113","2,075","1.10M","-1.60%"
"05/28/2018","2,119","2,118","2,152","2,101","502.92K","-0.14%"
"05/25/2018","2,122","2,090","2,133","2,090","762.57K","0.76%"
"05/24/2018","2,106","2,131","2,136","2,091","1.71M","-1.17%"
"05/23/2018","2,131","2,134","2,157","2,123","906.95K","-0.70%"
"05/22/2018","2,146","2,128","2,155","2,120","656.58K","0.85%"
"05/21/2018","2,128","2,104","2,147","2,104","1.59M","1.19%"
"05/18/2018","2,103","2,107","2,127","2,094","1.02M","-0.19%"
"05/17/2018","2,107","2,147","2,147","2,107","774.09K","-1.59%"
"05/16/2018","2,141","2,145","2,154","2,126","538.27K","-0.56%"
"05/15/2018","2,153","2,164","2,172","2,134","1.66M","-1.01%"
"05/14/2018","2,175","2,157","2,187","2,149","682.89K","0.65%"
"05/11/2018","2,161","2,138","2,197","2,138","1.17M","1.08%"
"05/10/2018","2,138","2,143","2,182","2,136","1.41M","-0.19%"
"05/09/2018","2,142","2,161","2,181","2,138","956.49K","-0.88%"
"05/08/2018","2,161","2,241","2,241","2,161","949.46K","-1.37%"
"05/07/2018","2,191","2,172","2,267","2,172","701.14K","0.87%"
"05/04/2018","2,172","2,188","2,232","2,165","784.69K","-1.18%"
"05/03/2018","2,198","2,211","2,254","2,189","1.17M","-0.86%"
"05/02/2018","2,217","2,211","2,248","2,193","1.92M","-0.36%"
"04/30/2018","2,225","2,215","2,268","2,207","832.67K","-0.09%"
"04/26/2018","2,227","2,223","2,262","2,205","1.61M","-0.49%"
"04/25/2018","2,238","2,231","2,258","2,195","1.20M","-0.27%"
"04/24/2018","2,244","2,232","2,252","2,229","781.95K","0.22%"
"04/23/2018","2,239","2,220","2,247","2,220","601.09K","0.00%"
"04/20/2018","2,239","2,258","2,268","2,225","754.41K","-0.97%"
"04/19/2018","2,261","2,220","2,264","2,220","1.07M","2.22%"
"04/18/2018","2,212","2,212","2,234","2,186","1.65M","0.36%"
"04/17/2018","2,204","2,198","2,215","2,167","2.04M","0.87%"
"04/16/2018","2,185","2,247","2,247","2,162","1.68M","-1.44%"
"04/13/2018","2,217","2,215","2,239","2,193","1.49M","1.05%"
"04/12/2018","2,194","2,176","2,210","2,176","940.44K","0.97%"
"04/11/2018","2,173","2,189","2,191","2,158","1.23M","-0.18%"
"04/10/2018","2,177","2,169","2,198","2,158","1.20M","1.07%"
"04/09/2018","2,154","2,163","2,188","2,144","2.84M","-0.19%"
"04/06/2018","2,158","2,158","2,173","2,142","1.20M","0.65%"
"04/05/2018","2,144","2,064","2,175","2,064","1.23M","2.14%"
"04/04/2018","2,099","2,134","2,144","2,043","1.31M","-2.42%"
"04/03/2018","2,151","2,268","2,269","2,135","1.11M","-0.46%"
"03/29/2018","2,161","2,144","2,189","2,144","1.94M","0.89%"
"03/28/2018","2,142","2,205","2,225","2,141","1.58M","-3.77%"
"03/27/2018","2,226","2,255","2,285","2,208","1.93M","-0.49%"
"03/26/2018","2,237","2,277","2,289","2,225","953.06K","-1.71%"
"03/23/2018","2,276","2,357","2,357","2,250","1.31M","-1.22%"
"03/22/2018","2,304","2,322","2,345","2,294","1.98M","-0.26%"
"03/20/2018","2,310","2,269","2,323","2,269","1.03M","0.70%"
"03/19/2018","2,294","2,333","2,333","2,269","642.79K","-0.99%"
"03/16/2018","2,317","2,288","2,323","2,267","3.38M","2.12%"
"03/15/2018","2,269","2,242","2,337","2,242","3.13M","-0.66%"
"03/14/2018","2,284","2,323","2,323","2,224","1.67M","0.44%"
"03/13/2018","2,274","2,371","2,371","2,259","1.76M","-2.11%"
"03/12/2018","2,323","2,500","2,500","2,323","1.78M","-3.97%"
"03/09/2018","2,419","2,404","2,450","2,381","1.68M","0.67%"
"03/08/2018","2,403","2,416","2,441","2,352","951.76K","-0.54%"
"03/07/2018","2,416","2,419","2,444","2,355","2.02M","-0.17%"
"03/06/2018","2,420","2,425","2,503","2,370","2.84M","0.88%"
"03/05/2018","2,399","2,425","2,425","2,356","1.47M","-0.08%"
"03/02/2018","2,401","2,350","2,425","2,341","1.47M","0.21%"
"03/01/2018","2,396","2,412","2,418","2,363","1.79M","-0.66%"
"02/28/2018","2,412","2,484","2,485","2,351","1.93M","-0.86%"
"02/27/2018","2,433","2,431","2,444","2,406","1.34M","1.21%"
"02/26/2018","2,404","2,426","2,444","2,390","1.72M","-1.11%"
"02/23/2018","2,431","2,377","2,433","2,374","2.87M","0.12%"
"02/22/2018","2,428","2,352","2,433","2,352","1.04M","0.00%"
"02/21/2018","2,428","2,353","2,447","2,353","1.33M","-0.12%"
"02/20/2018","2,431","2,415","2,432","2,377","1.72M","0.62%"
"02/19/2018","2,416","2,417","2,420","2,377","415.95K","0.08%"
"02/16/2018","2,414","2,431","2,431","2,330","1.64M","-0.70%"
"02/15/2018","2,431","2,350","2,492","2,350","3.10M","4.74%"
"02/14/2018","2,321","2,319","2,349","2,316","804.26K","-0.90%"
"02/13/2018","2,342","2,323","2,350","2,298","2.35M","2.27%"
"02/12/2018","2,290","2,296","2,305","2,282","3.11M","0.48%"
"02/09/2018","2,279","2,269","2,312","2,268","1.65M","-2.02%"
"02/08/2018","2,326","2,377","2,377","2,285","1.13M","-1.23%"
"02/07/2018","2,355","2,366","2,368","2,269","2.04M","3.79%"
"02/06/2018","2,269","2,319","2,322","2,215","2.62M","-2.87%"
"02/05/2018","2,336","2,377","2,432","2,325","4.61M","-3.07%"
"02/02/2018","2,410","2,431","2,454","2,376","2.95M","-0.82%"
"02/01/2018","2,430","2,382","2,456","2,382","2.00M","1.46%"
"01/31/2018","2,395","2,383","2,457","2,366","1.42M","0.50%"
"01/30/2018","2,383","2,458","2,458","2,365","1.31M","-2.97%"
"01/29/2018","2,456","2,560","2,560","2,438","654.31K","-3.69%"
"01/26/2018","2,550","2,533","2,559","2,523","1.55M","0.12%"
"01/25/2018","2,547","2,560","2,560","2,491","1.94M","-0.20%"
"01/24/2018","2,552","2,560","2,560","2,535","1.65M","0.51%"
"01/23/2018","2,539","2,496","2,560","2,486","886.56K","1.40%"
"01/22/2018","2,504","2,469","2,528","2,469","708.37K","0.44%"
"01/19/2018","2,493","2,531","2,531","2,453","843.26K","-1.19%"
"01/18/2018","2,523","2,483","2,541","2,454","2.72M","1.77%"
"01/17/2018","2,479","2,473","2,490","2,459","861.28K","0.41%"
"01/16/2018","2,469","2,350","2,469","2,350","1.99M","3.52%"
"01/15/2018","2,385","2,377","2,398","2,371","508.20K","0.38%"
"01/12/2018","2,376","2,366","2,387","2,364","679.25K","0.64%"
"01/11/2018","2,361","2,409","2,430","2,352","1.06M","-1.99%"
"01/10/2018","2,409","2,431","2,431","2,392","693.27K","-0.54%"
"01/09/2018","2,422","2,415","2,433","2,403","342.98K","-0.33%"
"01/08/2018","2,430","2,386","2,431","2,386","698.86K","0.54%"
"01/05/2018","2,417","2,423","2,452","2,396","437.71K","-0.25%"
"01/04/2018","2,423","2,386","2,423","2,386","1.45M","0.79%"
"01/03/2018","2,404","2,472","2,484","2,385","959.88K","-2.75%"
"01/02/2018","2,472","2,415","2,495","2,415","644.70K","-0.28%"
"12/29/2017","2,479","2,377","2,484","2,377","286.26K","0.90%"
"12/28/2017","2,457","2,380","2,463","2,380","357.72K","0.24%"
"12/27/2017","2,451","2,431","2,506","2,419","902.24K","1.03%"
"12/22/2017","2,426","2,433","2,474","2,377","363.14K","-0.29%"
"12/21/2017","2,433","2,404","2,485","2,377","1.25M","-0.77%"
"12/20/2017","2,452","2,533","2,554","2,427","2.36M","-3.43%"
"12/19/2017","2,539","2,433","2,555","2,431","3.50M","4.49%"
"12/18/2017","2,430","2,306","2,449","2,306","2.72M","3.18%"
"12/15/2017","2,355","2,290","2,355","2,267","4.01M","2.75%"
"12/14/2017","2,292","2,174","2,307","2,174","2.92M","3.90%"
"12/13/2017","2,206","2,174","2,214","2,174","1.23M","0.55%"
"12/12/2017","2,194","2,254","2,254","2,168","1.37M","-0.63%"
"12/11/2017","2,208","2,215","2,242","2,193","633.79K","-1.52%"
"12/08/2017","2,242","2,279","2,279","2,216","1.63M","-0.44%"
"12/07/2017","2,252","2,269","2,321","2,227","1.22M","-1.70%"
"12/06/2017","2,291","2,294","2,311","2,248","1.04M","-0.13%"
"12/05/2017","2,294","2,229","2,319","2,229","1.46M","0.88%"
"12/04/2017","2,274","2,225","2,301","2,225","922.72K","-0.39%"
"12/01/2017","2,283","2,267","2,320","2,259","1.32M","-0.35%"
"11/30/2017","2,291","2,261","2,321","2,215","3.13M","0.53%"
"11/29/2017","2,279","2,225","2,311","2,225","1.73M","-0.61%"
"11/28/2017","2,293","2,231","2,296","2,231","2.09M","1.91%"
"11/27/2017","2,250","2,201","2,250","2,201","1.99M","0.99%"
"11/24/2017","2,228","2,228","2,234","2,222","1.62M","-0.27%"
"11/23/2017","2,234","2,227","2,266","2,227","1.19M","-0.36%"
"11/22/2017","2,242","2,215","2,255","2,188","3.06M","1.36%"
"11/21/2017","2,212","2,182","2,225","2,153","1.87M","0.27%"
"11/20/2017","2,206","2,161","2,223","2,161","1.75M","1.15%"
"11/17/2017","2,181","2,144","2,187","2,137","1.93M","1.73%"
"11/16/2017","2,144","2,121","2,163","2,121","1.78M","1.08%"
"11/15/2017","2,121","2,150","2,150","2,081","1.62M","-1.81%"
"11/14/2017","2,160","2,113","2,168","2,101","2.23M","1.03%"
"11/13/2017","2,138","2,119","2,215","2,111","2.13M","0.90%"
"11/10/2017","2,119","2,096","2,119","2,072","1.38M","1.58%"
"11/09/2017","2,086","2,116","2,133","2,085","1.59M","-1.42%"
"11/08/2017","2,116","2,128","2,161","2,099","1.18M","0.19%"
"11/07/2017","2,112","2,113","2,128","2,109","1.16M","-0.38%"
"11/06/2017","2,120","2,154","2,154","2,119","861.62K","-1.35%"
"11/03/2017","2,149","2,187","2,187","2,144","1.20M","-0.23%"
"11/02/2017","2,154","2,144","2,168","2,139","1.16M","0.47%"
"11/01/2017","2,144","2,134","2,161","2,134","2.23M","0.42%"
"10/31/2017","2,135","2,139","2,155","2,099","2.34M","0.61%"
"10/30/2017","2,122","2,158","2,158","2,090","1.99M","-0.33%"
"10/27/2017","2,129","2,134","2,136","2,121","1.79M","0.05%"
"10/26/2017","2,128","2,152","2,152","2,107","1.54M","-0.93%"
"10/25/2017","2,148","2,177","2,186","2,139","1.24M","-1.06%"
"10/24/2017","2,171","2,158","2,172","2,143","1.79M","0.70%"
"10/23/2017","2,156","2,171","2,171","2,149","761.94K","0.09%"
"10/20/2017","2,154","2,208","2,208","2,154","1.60M","-1.87%"
"10/19/2017","2,195","2,172","2,214","2,172","752.23K","-0.18%"
"10/18/2017","2,199","2,203","2,210","2,180","2.22M","0.05%"
"10/17/2017","2,198","2,198","2,212","2,184","1.96M","0.37%"
"10/16/2017","2,190","2,215","2,223","2,178","1.35M","-0.77%"
"10/13/2017","2,207","2,225","2,225","2,200","1.60M","-0.81%"
"10/12/2017","2,225","2,224","2,231","2,201","2.15M","0.59%"
"10/11/2017","2,212","2,269","2,269","2,199","6.47M","-1.07%"
"10/10/2017","2,236","2,211","2,255","2,203","2.82M","1.13%"
"10/09/2017","2,211","2,215","2,224","2,187","1.07M","-0.18%"
"10/06/2017","2,215","2,246","2,246","2,208","4.70M","-0.54%"
"10/05/2017","2,227","2,242","2,254","2,208","1.91M","-0.76%"
"10/04/2017","2,244","2,237","2,266","2,236","1.51M","-1.67%"
"10/03/2017","2,282","2,247","2,290","2,209","4.29M","2.33%"
"10/02/2017","2,230","2,236","2,253","2,216","2.98M","-0.45%"
"09/29/2017","2,240","2,217","2,242","2,217","1.87M","0.95%"
"09/28/2017","2,219","2,211","2,235","2,195","2.24M","-0.14%"
"09/27/2017","2,222","2,242","2,242","2,211","1.08M","-0.13%"
"09/26/2017","2,225","2,247","2,247","2,224","2.07M","-0.98%"
"09/22/2017","2,247","2,274","2,276","2,227","2.12M","-0.97%"
"09/21/2017","2,269","2,269","2,284","2,242","3.43M","0.04%"
"09/20/2017","2,268","2,254","2,298","2,251","3.10M","0.93%"
"09/19/2017","2,247","2,188","2,263","2,172","4.88M","4.27%"
"09/18/2017","2,155","2,136","2,185","2,133","4.38M","0.89%"
"09/15/2017","2,136","2,161","2,170","2,112","5.49M","-0.97%"
"09/14/2017","2,157","2,182","2,190","2,134","2.09M","-1.28%"
"09/13/2017","2,185","2,190","2,202","2,177","1.15M","-0.23%"
"09/12/2017","2,190","2,180","2,201","2,180","558.15K","0.50%"
"09/11/2017","2,179","2,201","2,209","2,167","649.81K","-0.23%"
"09/08/2017","2,184","2,207","2,207","2,176","867.49K","-0.91%"
"09/07/2017","2,204","2,223","2,223","2,176","2.60M","-0.50%"
"09/06/2017","2,215","2,232","2,241","2,209","1.66M","-1.07%"
"09/05/2017","2,239","2,246","2,286","2,230","3.04M","-0.13%"
"09/04/2017","2,242","2,215","2,261","2,215","1.01M","-0.80%"
"09/01/2017","2,260","2,268","2,279","2,224","1.55M","0.49%"
"08/31/2017","2,249","2,249","2,275","2,228","1.85M","0.00%"
"08/30/2017","2,249","2,306","2,312","2,249","976.12K","-1.79%"
"08/29/2017","2,290","2,306","2,306","2,274","789.49K","-0.78%"
"08/28/2017","2,308","2,311","2,328","2,296","1.78M","-0.30%"
"08/25/2017","2,315","2,323","2,329","2,308","560.12K","-0.17%"
"08/24/2017","2,319","2,271","2,322","2,256","3.74M","2.84%"
"08/23/2017","2,255","2,253","2,281","2,245","822.38K","0.58%"
"08/22/2017","2,242","2,253","2,255","2,228","8.92M","0.00%"
"08/21/2017","2,242","2,255","2,264","2,235","828.89K","0.00%"
"08/18/2017","2,242","2,296","2,296","2,209","770.19K","-1.28%"
"08/17/2017","2,271","2,298","2,304","2,258","788.85K","-0.57%"
"08/16/2017","2,284","2,301","2,320","2,281","881.55K","0.18%"
"08/15/2017","2,280","2,285","2,302","2,271","579.92K","-0.04%"
"08/14/2017","2,281","2,290","2,311","2,263","907.13K","0.00%"
"08/11/2017","2,281","2,301","2,313","2,271","1.01M","-1.08%"
"08/10/2017","2,306","2,302","2,316","2,284","740.04K","-0.35%"
"08/08/2017","2,314","2,304","2,325","2,295","1.43M","0.35%"
"08/07/2017","2,306","2,309","2,333","2,284","1.56M","0.00%"
"08/04/2017","2,306","2,301","2,333","2,301","965.06K","-0.13%"
"08/03/2017","2,309","2,298","2,323","2,289","1.14M","0.96%"
"08/02/2017","2,287","2,285","2,322","2,278","1.46M","0.35%"
"08/01/2017","2,279","2,280","2,309","2,269","1.30M","0.44%"
"07/31/2017","2,269","2,308","2,314","2,269","2.15M","-1.69%"
"07/28/2017","2,308","2,274","2,308","2,252","1.26M","1.45%"
"07/27/2017","2,275","2,271","2,288","2,254","1.20M","0.71%"
"07/26/2017","2,259","2,234","2,259","2,216","1.93M","1.39%"
"07/25/2017","2,228","2,226","2,236","2,205","1.54M","0.00%"
"07/24/2017","2,228","2,188","2,244","2,188","853.29K","0.36%"
"07/21/2017","2,220","2,202","2,232","2,202","633.28K","0.23%"
"07/20/2017","2,215","2,191","2,219","2,178","962.76K","1.14%"
"07/19/2017","2,190","2,189","2,212","2,165","1.65M","1.30%"
"07/18/2017","2,162","2,176","2,191","2,153","978.46K","-0.69%"
"07/17/2017","2,177","2,183","2,186","2,153","899.54K","0.65%"
"07/14/2017","2,163","2,153","2,186","2,145","1.35M","-0.28%"
"07/13/2017","2,169","2,153","2,171","2,145","918.68K","1.26%"
"07/12/2017","2,142","2,101","2,150","2,101","1.08M","1.95%"
"07/11/2017","2,101","2,106","2,114","2,094","764.69K","-0.90%"
"07/10/2017","2,120","2,124","2,153","2,102","397.56K","-0.28%"
"07/07/2017","2,126","2,140","2,150","2,108","401.92K","-0.98%"
"07/06/2017","2,147","2,116","2,164","2,110","850.47K","0.66%"
"07/05/2017","2,133","2,129","2,147","2,120","1.13M","0.19%"
"07/04/2017","2,129","2,102","2,136","2,097","1.21M","1.24%"
"07/03/2017","2,103","2,088","2,110","2,085","912.86K","-0.14%"
"06/30/2017","2,106","2,115","2,115","2,091","913.73K","0.00%"
"06/29/2017","2,106","2,109","2,133","2,099","648.08K","-0.28%"
"06/28/2017","2,112","2,107","2,113","2,082","1.54M","0.33%"
"06/27/2017","2,105","2,127","2,133","2,090","1.17M","-0.28%"
"06/26/2017","2,111","2,107","2,125","2,094","798.22K","0.52%"
"06/23/2017","2,100","2,094","2,107","2,084","1.49M","0.33%"
"06/22/2017","2,093","2,114","2,114","2,075","4.85M","-0.66%"
"06/21/2017","2,107","2,107","2,126","2,081","6.54M","0.19%"
"06/20/2017","2,103","2,118","2,138","2,096","3.75M","-1.41%"
"06/19/2017","2,133","2,090","2,141","2,090","2.02M","1.52%"
"06/15/2017","2,101","2,105","2,117","2,079","4.22M","-0.76%"
"06/14/2017","2,117","2,085","2,141","2,085","2.61M","1.05%"
"06/13/2017","2,095","2,114","2,132","2,090","1.25M","-0.57%"
"06/12/2017","2,107","2,083","2,123","2,083","1.36M","0.29%"
"06/09/2017","2,101","2,059","2,111","2,059","1.78M","1.99%"
"06/08/2017","2,060","2,102","2,102","2,059","2.74M","-2.04%"
"06/07/2017","2,103","2,110","2,135","2,089","1.69M","-0.52%"
"06/06/2017","2,114","2,168","2,188","2,111","2.12M","-2.76%"
"06/05/2017","2,174","2,143","2,193","2,142","2.29M","0.51%"
"06/02/2017","2,163","2,149","2,187","2,140","2.14M","1.12%"
"06/01/2017","2,139","2,182","2,182","2,136","1.85M","-1.84%"
"05/31/2017","2,179","2,222","2,222","2,161","2.12M","-1.40%"
"05/30/2017","2,210","2,175","2,231","2,175","514.23K","1.10%"
"05/29/2017","2,186","2,219","2,225","2,178","675.12K","-1.75%"
"05/26/2017","2,225","2,188","2,242","2,188","596.08K","1.00%"
"05/25/2017","2,203","2,231","2,256","2,197","1.18M","-1.74%"
"05/24/2017","2,242","2,230","2,274","2,230","1.52M","0.00%"
"05/23/2017","2,242","2,215","2,263","2,215","1.91M","-0.04%"
"05/22/2017","2,243","2,221","2,257","2,217","754.40K","0.99%"
"05/19/2017","2,221","2,215","2,243","2,215","2.18M","-0.31%"
"05/18/2017","2,228","2,249","2,259","2,216","1.01M","-1.24%"
"05/17/2017","2,256","2,293","2,305","2,251","1.49M","-2.46%"
"05/16/2017","2,313","2,270","2,316","2,269","1.61M","1.05%"
"05/15/2017","2,289","2,301","2,303","2,269","1.10M","-0.17%"
"05/12/2017","2,293","2,282","2,306","2,269","789.08K","0.70%"
"05/11/2017","2,277","2,302","2,302","2,263","640.27K","-0.65%"
"05/10/2017","2,292","2,279","2,302","2,249","1.48M","0.70%"
"05/09/2017","2,276","2,244","2,276","2,243","534.14K","1.07%"
"05/08/2017","2,252","2,247","2,266","2,241","509.35K","0.72%"
"05/05/2017","2,236","2,241","2,271","2,229","709.10K","-0.22%"
"05/04/2017","2,241","2,256","2,282","2,230","1.04M","-1.84%"
"05/03/2017","2,283","2,274","2,306","2,261","1.66M","-0.22%"
"05/02/2017","2,288","2,310","2,310","2,264","1.00M","0.97%"
"04/28/2017","2,266","2,258","2,302","2,258","1.22M","0.44%"
"04/26/2017","2,256","2,249","2,264","2,246","740.62K","0.18%"
"04/25/2017","2,252","2,258","2,275","2,222","1.87M","0.45%"
"04/24/2017","2,242","2,198","2,257","2,198","1.84M","2.51%"
"04/21/2017","2,187","2,194","2,206","2,187","943.44K","-0.50%"
"04/20/2017","2,198","2,204","2,210","2,182","624.11K","-0.86%"
"04/19/2017","2,217","2,205","2,231","2,176","2.37M","1.28%"
"04/18/2017","2,189","2,205","2,242","2,165","1.66M","-1.57%"
"04/13/2017","2,224","2,200","2,224","2,178","957.89K","1.37%"
"04/12/2017","2,194","2,177","2,238","2,174","2.06M","0.87%"
"04/11/2017","2,175","2,136","2,179","2,129","2.45M","2.16%"
"04/10/2017","2,129","2,161","2,161","2,126","998.64K","-1.44%"
"04/07/2017","2,160","2,161","2,171","2,135","1.39M","-0.37%"
"04/06/2017","2,168","2,174","2,181","2,143","1.82M","-1.36%"
"04/05/2017","2,198","2,261","2,261","2,170","2.77M","-2.22%"
"04/04/2017","2,248","2,188","2,263","2,158","1.86M","1.77%"
"04/03/2017","2,209","2,253","2,253","2,203","1.47M","-0.99%"
"03/31/2017","2,231","2,215","2,240","2,196","4.02M","-2.96%"
"03/30/2017","2,299","2,301","2,308","2,274","1.03M","-0.04%"
"03/29/2017","2,300","2,289","2,300","2,244","1.35M","-0.52%"
"03/28/2017","2,312","2,301","2,326","2,295","4.99M","-0.22%"
"03/27/2017","2,317","2,312","2,323","2,295","2.18M","0.09%"
"03/24/2017","2,315","2,304","2,333","2,289","2.19M","0.26%"
"03/23/2017","2,309","2,313","2,359","2,303","2.65M","-0.86%"
"03/22/2017","2,329","2,323","2,336","2,301","1.82M","-0.43%"
"03/20/2017","2,339","2,323","2,359","2,317","659.83K","0.04%"
"03/17/2017","2,338","2,267","2,352","2,231","22.99M","3.13%"
"03/16/2017","2,267","2,269","2,312","2,224","6.01M","1.57%"
"03/15/2017","2,232","2,280","2,281","2,228","2.79M","-1.37%"
"03/14/2017","2,263","2,344","2,372","2,260","2.57M","-2.58%"
"03/13/2017","2,323","2,293","2,340","2,241","2.38M","1.18%"
"03/10/2017","2,296","2,296","2,315","2,253","1.51M","0.53%"
"03/09/2017","2,284","2,275","2,295","2,161","1.14M","0.53%"
"03/08/2017","2,272","2,293","2,293","2,255","1.30M","-0.22%"
"03/07/2017","2,277","2,288","2,292","2,226","2.69M","1.83%"
"03/06/2017","2,236","2,268","2,287","2,215","2.14M","-1.41%"
"03/03/2017","2,268","2,255","2,269","2,198","2.09M","0.53%"
"03/02/2017","2,256","2,163","2,266","2,134","6.12M","4.30%"
"03/01/2017","2,163","2,169","2,195","2,140","1.82M","-0.37%"
"02/28/2017","2,171","2,209","2,209","2,164","1.69M","-0.87%"
"02/27/2017","2,190","2,197","2,201","2,174","1.72M","-0.36%"
"02/24/2017","2,198","2,140","2,209","2,140","1.40M","-0.05%"
"02/23/2017","2,199","2,149","2,215","2,127","2.11M","2.81%"
"02/22/2017","2,139","2,170","2,170","2,107","1.66M","-1.02%"
"02/21/2017","2,161","2,155","2,170","2,137","940.99K","0.28%"
"02/20/2017","2,155","2,185","2,185","2,134","1.61M","-1.37%"
"02/17/2017","2,185","2,209","2,209","2,138","618.29K","-0.91%"
"02/16/2017","2,205","2,201","2,208","2,167","583.53K","0.68%"
"02/15/2017","2,190","2,173","2,195","2,169","522.01K","0.78%"
"02/14/2017","2,173","2,188","2,212","2,162","1.33M","-1.32%"
"02/13/2017","2,202","2,161","2,215","2,108","1.07M","1.90%"
"02/10/2017","2,161","2,125","2,161","2,118","856.21K","1.69%"
"02/09/2017","2,125","2,150","2,150","2,092","482.52K","1.24%"
"02/08/2017","2,099","2,147","2,147","2,072","844.55K","0.33%"
"02/07/2017","2,092","2,147","2,147","2,072","700.77K","0.19%"
"02/06/2017","2,088","2,150","2,150","2,082","1.03M","-1.28%"
"02/03/2017","2,115","2,106","2,125","2,092","989.10K","0.38%"
"02/02/2017","2,107","2,107","2,124","2,100","1.39M","-0.33%"
"02/01/2017","2,114","2,100","2,131","2,100","1.59M","0.57%"
"01/31/2017","2,102","2,093","2,140","2,093","1.22M","0.38%"
"01/30/2017","2,094","2,096","2,113","2,092","1.35M","-0.24%"
"01/27/2017","2,099","2,161","2,178","2,099","825.04K","-3.27%"
"01/26/2017","2,170","2,160","2,191","2,135","1.25M","2.17%"
"01/25/2017","2,124","2,134","2,158","2,124","795.23K","-0.47%"
"01/24/2017","2,134","2,117","2,161","2,116","1.93M","0.85%"
"01/23/2017","2,116","2,107","2,154","2,107","908.22K","0.43%"
"01/20/2017","2,107","2,133","2,154","2,107","1.67M","-1.50%"
"01/19/2017","2,139","2,215","2,215","2,123","451.47K","-0.51%"
"01/18/2017","2,150","2,139","2,173","2,122","813.55K","1.42%"
"01/17/2017","2,120","2,134","2,156","2,116","415.09K","-1.12%"
"01/16/2017","2,144","2,133","2,170","2,108","1.27M","0.52%"
"01/13/2017","2,133","2,164","2,194","2,133","647.94K","-1.52%"
"01/12/2017","2,166","2,144","2,174","2,140","527.27K","1.03%"
"01/11/2017","2,144","2,139","2,150","2,126","436.05K","-0.23%"
"01/10/2017","2,149","2,112","2,160","2,112","1.07M","1.80%"
"01/09/2017","2,111","2,158","2,158","2,108","1.29M","-0.47%"
"01/06/2017","2,121","2,123","2,160","2,119","285.35K","-0.33%"
"01/05/2017","2,128","2,165","2,197","2,110","661.51K","-2.56%"
"01/04/2017","2,184","2,128","2,184","2,126","645.10K","1.87%"
"01/03/2017","2,144","2,161","2,161","2,108","406.26K","-0.28%"
"12/30/2016","2,150","2,148","2,161","2,134","739.71K","-0.05%"
"12/29/2016","2,151","2,112","2,161","2,106","367.33K","1.85%"
"12/28/2016","2,112","2,110","2,133","2,076","517.01K","1.73%"
"12/23/2016","2,076","2,086","2,096","2,064","205.72K","-0.57%"
"12/22/2016","2,088","2,090","2,124","2,086","808.18K","-0.62%"
"12/21/2016","2,101","2,117","2,158","2,101","1.23M","-0.76%"
"12/20/2016","2,117","2,101","2,144","2,101","840.09K","0.76%"
"12/19/2016","2,101","2,104","2,157","2,101","711.49K","-0.14%"
"12/15/2016","2,104","2,140","2,143","2,104","1.82M","-2.64%"
"12/14/2016","2,161","2,158","2,161","2,119","784.40K","0.05%"
"12/13/2016","2,160","2,107","2,161","2,107","1.02M","2.03%"
"12/12/2016","2,117","2,117","2,149","2,101","1.17M","-0.80%"
"12/09/2016","2,134","2,128","2,160","2,117","1.10M","0.38%"
"12/08/2016","2,126","2,047","2,131","2,047","1.27M","3.91%"
"12/07/2016","2,046","2,042","2,084","2,039","1.70M","-0.29%"
"12/06/2016","2,052","2,054","2,082","2,039","590.79K","-1.25%"
"12/05/2016","2,078","2,042","2,091","2,042","674.35K","1.61%"
"12/02/2016","2,045","2,053","2,089","2,043","1.65M","-0.73%"
"12/01/2016","2,060","2,090","2,104","2,057","945.10K","-1.25%"
"11/30/2016","2,086","2,045","2,122","2,045","1.28M","-0.86%"
"11/29/2016","2,104","2,110","2,146","2,081","2.03M","-0.14%"
"11/28/2016","2,107","2,084","2,124","2,066","759.74K","1.10%"
"11/25/2016","2,084","2,101","2,106","2,060","218.89K","0.24%"
"11/24/2016","2,079","2,123","2,123","2,077","347.71K","-1.42%"
"11/23/2016","2,109","2,094","2,134","2,094","1.40M","0.14%"
"11/22/2016","2,106","2,083","2,109","2,067","745.40K","2.88%"
"11/21/2016","2,047","2,053","2,091","2,047","795.79K","-1.21%"
"11/18/2016","2,072","2,080","2,082","2,059","1.03M","-0.38%"
"11/17/2016","2,080","2,077","2,087","2,053","1.71M","1.32%"
"11/16/2016","2,053","2,055","2,080","2,031","2.85M","-0.19%"
"11/15/2016","2,057","2,074","2,074","2,032","1.96M","0.88%"
"11/14/2016","2,039","2,161","2,161","2,036","1.83M","-1.21%"
"11/11/2016","2,064","2,147","2,151","2,062","3.46M","-4.36%"
"11/10/2016","2,158","2,209","2,259","2,158","799.12K","-2.04%"
"11/09/2016","2,203","2,161","2,203","2,130","516.95K","0.00%"
"11/08/2016","2,203","2,174","2,244","2,174","1.06M","1.90%"
"11/07/2016","2,162","2,112","2,170","2,109","2.84M","2.37%"
"11/04/2016","2,112","2,149","2,149","2,104","2.60M","-1.86%"
"11/03/2016","2,152","2,161","2,190","2,134","1.69M","-0.78%"
"11/02/2016","2,169","2,162","2,184","2,135","1.58M","0.32%"
"11/01/2016","2,162","2,200","2,200","2,160","1.34M","-0.87%"
"10/31/2016","2,181","2,134","2,201","2,134","1.58M","1.16%"
"10/28/2016","2,156","2,175","2,188","2,127","1.03M","-0.96%"
"10/27/2016","2,177","2,147","2,208","2,134","1.59M","1.21%"
"10/26/2016","2,151","2,141","2,151","2,128","951.93K","0.47%"
"10/25/2016","2,141","2,166","2,166","2,128","1.10M","-0.09%"
"10/24/2016","2,143","2,108","2,165","2,108","796.93K","-0.23%"
"10/21/2016","2,148","2,150","2,166","2,129","875.59K","-0.09%"
"10/20/2016","2,150","2,151","2,164","2,127","1.71M","0.00%"
"10/19/2016","2,150","2,134","2,150","2,110","3.13M","0.99%"
"10/18/2016","2,129","2,101","2,149","2,094","2.73M","2.36%"
"10/17/2016","2,080","2,122","2,122","2,060","1.64M","0.00%"
"10/14/2016","2,080","2,150","2,150","2,053","4.58M","-0.24%"
"10/13/2016","2,085","2,116","2,116","2,070","2.62M","-1.47%"
"10/12/2016","2,116","2,107","2,121","2,088","2.81M","0.33%"
"10/11/2016","2,109","2,153","2,172","2,066","5.36M","-1.95%"
"10/10/2016","2,151","2,182","2,193","2,150","1.23M","-1.42%"
"10/07/2016","2,182","2,188","2,188","2,161","549.20K","-0.27%"
"10/06/2016","2,188","2,196","2,204","2,172","1.20M","0.05%"
"10/05/2016","2,187","2,170","2,228","2,165","1.67M","-0.50%"
"10/04/2016","2,198","2,215","2,255","2,190","3.14M","-0.77%"
"10/03/2016","2,215","2,255","2,255","2,215","2.96M","-0.94%"
"09/30/2016","2,236","2,303","2,303","2,236","2.87M","-3.12%"
"09/29/2016","2,308","2,277","2,314","2,269","871.10K","1.45%"
"09/28/2016","2,275","2,250","2,293","2,250","640.83K","0.66%"
"09/27/2016","2,260","2,346","2,357","2,241","3.90M","-3.71%"
"09/26/2016","2,347","2,316","2,350","2,283","3.54M","1.16%"
"09/23/2016","2,320","2,366","2,375","2,296","4.55M","-1.65%"
"09/22/2016","2,359","2,345","2,389","2,336","1.96M","0.86%"
"09/21/2016","2,339","2,388","2,416","2,339","2.23M","-1.60%"
"09/20/2016","2,377","2,385","2,393","2,369","1.70M","-0.34%"
"09/19/2016","2,385","2,369","2,422","2,365","2.12M","0.68%"
"09/16/2016","2,369","2,331","2,384","2,329","14.75M","0.25%"
"09/15/2016","2,363","2,364","2,389","2,334","8.61M","-0.13%"
"09/14/2016","2,366","2,376","2,376","2,323","2.07M","-0.08%"
"09/13/2016","2,368","2,323","2,373","2,318","2.23M","2.47%"
"09/12/2016","2,311","2,328","2,329","2,274","2.10M","-1.95%"
"09/09/2016","2,357","2,350","2,370","2,311","2.37M","0.43%"
"09/08/2016","2,347","2,379","2,389","2,325","4.73M","-0.51%"
"09/07/2016","2,359","2,322","2,376","2,322","2.68M","1.11%"
"09/06/2016","2,333","2,286","2,343","2,261","1.59M","1.26%"
"09/05/2016","2,304","2,296","2,314","2,271","1.87M","0.44%"
"09/02/2016","2,294","2,232","2,294","2,228","914.89K","2.23%"
"09/01/2016","2,244","2,258","2,277","2,192","2.55M","-0.62%"
"08/31/2016","2,258","2,277","2,304","2,243","4.15M","-0.83%"
"08/30/2016","2,277","2,316","2,327","2,269","3.66M","-1.68%"
"08/29/2016","2,316","2,346","2,346","2,285","2.76M","-1.40%"
"08/26/2016","2,349","2,323","2,353","2,281","1.56M","1.12%"
"08/25/2016","2,323","2,287","2,364","2,287","2.20M","0.61%"
"08/24/2016","2,309","2,312","2,312","2,265","2.07M","-0.60%"
"08/23/2016","2,323","2,298","2,324","2,269","2.07M","0.87%"
"08/22/2016","2,303","2,312","2,327","2,279","1.22M","-0.82%"
"08/19/2016","2,322","2,323","2,339","2,305","1.43M","-1.02%"
"08/18/2016","2,346","2,316","2,369","2,315","1.77M","1.21%"
"08/17/2016","2,318","2,388","2,388","2,301","3.57M","-2.93%"
"08/16/2016","2,388","2,407","2,454","2,370","1.70M","-0.08%"
"08/15/2016","2,390","2,416","2,432","2,385","1.30M","-1.32%"
"08/12/2016","2,422","2,404","2,484","2,403","1.59M","0.75%"
"08/11/2016","2,404","2,369","2,413","2,369","1.27M","0.33%"
"08/10/2016","2,396","2,346","2,412","2,346","2.36M","0.80%"
"08/08/2016","2,377","2,344","2,381","2,328","1.84M","1.24%"
"08/05/2016","2,348","2,414","2,414","2,328","2.65M","-2.73%"
"08/04/2016","2,414","2,378","2,430","2,378","947.14K","1.56%"
"08/02/2016","2,377","2,425","2,427","2,363","1.76M","-2.78%"
"08/01/2016","2,445","2,430","2,451","2,399","1.76M","2.17%"
"07/29/2016","2,393","2,416","2,425","2,350","1.48M","-0.66%"
"07/28/2016","2,409","2,443","2,444","2,350","1.82M","-1.75%"
"07/27/2016","2,452","2,426","2,481","2,407","1.90M","1.28%"
"07/26/2016","2,421","2,412","2,447","2,403","1.32M","0.75%"
"07/25/2016","2,403","2,362","2,436","2,341","1.39M","1.74%"
"07/22/2016","2,362","2,330","2,376","2,330","1.27M","0.43%"
"07/21/2016","2,352","2,363","2,377","2,323","2.03M","0.34%"
"07/20/2016","2,344","2,339","2,366","2,306","3.41M","0.21%"
"07/19/2016","2,339","2,296","2,351","2,287","2.55M","1.21%"
"07/18/2016","2,311","2,296","2,321","2,281","2.00M","0.43%"
"07/15/2016","2,301","2,242","2,301","2,233","1.35M","2.27%"
"07/14/2016","2,250","2,215","2,250","2,200","2.01M","0.90%"
"07/13/2016","2,230","2,220","2,241","2,187","1.69M","-0.36%"
"07/12/2016","2,238","2,198","2,238","2,198","2.02M","0.54%"
"07/11/2016","2,226","2,173","2,226","2,161","1.57M","3.06%"
"07/08/2016","2,160","2,096","2,165","2,068","1.02M","2.37%"
"07/07/2016","2,110","2,131","2,131","2,102","2.47M","0.43%"
"07/06/2016","2,101","2,143","2,143","2,093","2.53M","-3.00%"
"07/05/2016","2,166","2,208","2,212","2,147","2.33M","-2.52%"
"07/04/2016","2,222","2,215","2,238","2,149","2.65M","0.32%"
"07/01/2016","2,215","2,246","2,248","2,166","2.29M","-0.45%"
"06/30/2016","2,225","2,197","2,240","2,184","2.07M","1.27%"
"06/29/2016","2,197","2,139","2,199","2,119","1.31M","3.29%"
"06/28/2016","2,127","2,083","2,161","2,071","1.43M","2.95%"
"06/27/2016","2,066","2,134","2,136","2,059","1.72M","-4.40%"
"06/24/2016","2,161","2,165","2,185","2,107","1.31M","-3.40%"
"06/23/2016","2,237","2,205","2,255","2,189","1.52M","1.45%"
"06/22/2016","2,205","2,204","2,224","2,171","1.16M","1.29%"
"06/21/2016","2,177","2,147","2,194","2,107","862.23K","0.00%"
"06/20/2016","2,177","2,107","2,177","2,086","1.32M","3.67%"
"06/17/2016","2,100","2,075","2,124","2,074","2.78M","0.19%"
"06/15/2016","2,096","2,096","2,119","2,057","5.49M","1.01%"
"06/14/2016","2,075","2,137","2,137","2,063","2.25M","-2.76%"
"06/13/2016","2,134","2,168","2,177","2,114","1.17M","-1.79%"
"06/10/2016","2,173","2,210","2,217","2,135","1.05M","-1.32%"
"06/09/2016","2,202","2,222","2,223","2,181","805.92K","-0.94%"
"06/08/2016","2,223","2,242","2,246","2,215","1.04M","-1.38%"
"06/07/2016","2,254","2,294","2,309","2,246","1.40M","-1.05%"
"06/06/2016","2,278","2,258","2,292","2,237","1.26M","0.89%"
"06/03/2016","2,258","2,238","2,271","2,210","2.66M","1.94%"
"06/02/2016","2,215","2,242","2,256","2,205","2.66M","-0.81%"
"06/01/2016","2,233","2,204","2,247","2,194","1.72M","1.09%"
"05/31/2016","2,209","2,279","2,286","2,209","8.14M","-3.07%"
"05/30/2016","2,279","2,215","2,295","2,215","1.24M","0.71%"
"05/27/2016","2,263","2,243","2,265","2,233","1.94M","1.03%"
"05/26/2016","2,240","2,262","2,274","2,225","2.08M","-0.44%"
"05/25/2016","2,250","2,215","2,269","2,187","2.31M","2.37%"
"05/24/2016","2,198","2,143","2,234","2,127","2.50M","2.76%"
"05/23/2016","2,139","2,144","2,184","2,119","3.35M","-0.23%"
"05/20/2016","2,144","2,161","2,197","2,144","2.91M","-1.38%"
"05/19/2016","2,174","2,131","2,212","2,129","1.14M","0.46%"
"05/18/2016","2,164","2,123","2,167","2,112","1.61M","0.79%"
"05/17/2016","2,147","2,155","2,157","2,124","2.66M","0.61%"
"05/16/2016","2,134","2,137","2,160","2,130","1.02M","-1.34%"
"05/13/2016","2,163","2,181","2,182","2,134","1.21M","-0.87%"
"05/12/2016","2,182","2,194","2,255","2,156","1.03M","-1.49%"
"05/11/2016","2,215","2,198","2,239","2,161","1.08M","1.47%"
"05/10/2016","2,183","2,194","2,195","2,134","1.26M","0.51%"
"05/09/2016","2,172","2,239","2,245","2,149","1.27M","-0.37%"
"05/06/2016","2,180","2,194","2,225","2,148","1.67M","0.00%"
"05/05/2016","2,180","2,233","2,233","2,162","1.63M","-1.98%"
"05/04/2016","2,224","2,220","2,234","2,164","2.44M","0.45%"
"05/03/2016","2,214","2,282","2,292","2,201","2.22M","-3.78%"
"04/29/2016","2,301","2,346","2,348","2,248","2.17M","-1.79%"
"04/28/2016","2,343","2,332","2,404","2,324","1.86M","-0.68%"
"04/26/2016","2,359","2,323","2,387","2,317","1.75M","0.68%"
"04/25/2016","2,343","2,306","2,348","2,263","1.01M","1.60%"
"04/22/2016","2,306","2,323","2,343","2,288","1.66M","-1.07%"
"04/21/2016","2,331","2,301","2,373","2,295","1.60M","1.44%"
"04/20/2016","2,298","2,301","2,308","2,260","1.40M","0.09%"
"04/19/2016","2,296","2,290","2,304","2,272","821.58K","0.61%"
"04/18/2016","2,282","2,252","2,290","2,239","1.25M","-0.09%"
"04/15/2016","2,284","2,253","2,288","2,236","1.18M","1.33%"
"04/14/2016","2,254","2,237","2,290","2,216","1.73M","-0.13%"
"04/13/2016","2,257","2,174","2,281","2,174","2.35M","3.82%"
"04/12/2016","2,174","2,158","2,201","2,134","1.46M","0.74%"
"04/11/2016","2,158","2,139","2,176","2,131","1.25M","-0.14%"
"04/08/2016","2,161","2,139","2,177","2,130","1.09M","0.61%"
"04/07/2016","2,148","2,148","2,153","2,126","2.00M","0.00%"
"04/06/2016","2,148","2,161","2,167","2,128","1.26M","0.09%"
"04/05/2016","2,146","2,194","2,194","2,134","1.33M","-3.29%"
"04/04/2016","2,219","2,220","2,236","2,170","1.73M","0.54%"
"04/01/2016","2,207","2,225","2,225","2,161","1.58M","-1.82%"
"03/31/2016","2,248","2,225","2,255","2,178","2.23M","1.12%"
"03/30/2016","2,223","2,160","2,223","2,135","2.81M","3.83%"
"03/29/2016","2,141","2,140","2,160","2,113","3.95M","0.33%"
"03/24/2016","2,134","2,255","2,255","2,109","3.90M","-4.69%"
"03/23/2016","2,239","2,281","2,281","2,220","1.94M","-1.84%"
"03/22/2016","2,281","2,266","2,281","2,216","3.41M","0.80%"
"03/18/2016","2,263","2,237","2,268","2,193","4.71M","1.43%"
"03/17/2016","2,231","2,228","2,268","2,210","6.58M","0.72%"
"03/16/2016","2,215","2,215","2,225","2,169","2.27M","1.10%"
"03/15/2016","2,191","2,166","2,199","2,145","2.16M","0.92%"
"03/14/2016","2,171","2,215","2,282","2,161","1.68M","-1.23%"
"03/11/2016","2,198","2,290","2,290","2,160","2.15M","0.46%"
"03/10/2016","2,188","2,202","2,257","2,144","1.65M","0.23%"
"03/09/2016","2,183","2,189","2,268","2,144","1.68M","0.69%"
"03/08/2016","2,168","2,296","2,297","2,161","2.00M","-5.00%"
"03/07/2016","2,282","2,161","2,292","2,161","2.48M","4.58%"
"03/04/2016","2,182","2,255","2,262","2,107","3.94M","-3.58%"
"03/03/2016","2,263","2,215","2,263","2,161","3.72M","2.17%"
"03/02/2016","2,215","2,215","2,290","2,190","4.68M","0.14%"
"03/01/2016","2,212","2,079","2,212","2,079","3.62M","3.70%"
"02/29/2016","2,133","2,161","2,161","2,054","3.60M","-1.48%"
"02/26/2016","2,165","2,107","2,165","2,096","2.53M","2.75%"
"02/25/2016","2,107","2,133","2,133","2,054","2.54M","0.81%"
"02/24/2016","2,090","2,121","2,133","2,058","2.30M","-2.02%"
"02/23/2016","2,133","2,169","2,169","2,109","3.07M","-1.52%"
"02/22/2016","2,166","2,109","2,251","2,109","1.56M","-1.05%"
"02/19/2016","2,189","2,215","2,225","2,153","3.01M","-0.64%"
"02/18/2016","2,203","2,161","2,214","2,134","4.46M","2.23%"
"02/17/2016","2,155","2,179","2,212","2,059","5.64M","-0.37%"
"02/16/2016","2,163","2,223","2,238","2,157","1.41M","-0.96%"
"02/15/2016","2,184","2,158","2,231","2,157","1.75M","2.34%"
"02/12/2016","2,134","2,150","2,186","2,091","3.78M","1.62%"
"02/11/2016","2,100","2,027","2,123","2,027","2.37M","-0.33%"
"02/10/2016","2,107","1,974","2,149","1,974","3.22M","4.83%"
"02/09/2016","2,010","2,027","2,076","1,972","2.67M","-2.19%"
"02/08/2016","2,055","2,063","2,107","2,027","2.36M","-2.51%"
"02/05/2016","2,108","2,053","2,108","2,042","3.55M","0.96%"
"02/04/2016","2,088","2,106","2,107","2,040","4.36M","1.46%"
"02/03/2016","2,058","2,059","2,104","2,032","3.19M","-2.23%"
"02/02/2016","2,105","2,080","2,154","2,068","2.46M","-0.85%"
"02/01/2016","2,123","2,134","2,161","2,100","3.15M","-0.52%"
"01/29/2016","2,134","2,101","2,161","2,057","2.87M","2.35%"
"01/28/2016","2,085","2,053","2,117","2,025","2.13M","1.41%"
"01/27/2016","2,056","1,958","2,062","1,945","2.95M","3.06%"
"01/26/2016","1,995","1,961","2,035","1,918","1.85M","1.32%"
"01/25/2016","1,969","1,966","2,077","1,917","4.01M","0.15%"
"01/22/2016","1,966","1,938","1,994","1,915","3.27M","3.31%"
"01/21/2016","1,903","1,945","1,945","1,880","1.63M","-1.81%"
"01/20/2016","1,938","1,945","1,977","1,882","2.93M","-1.47%"
"01/19/2016","1,967","1,953","1,996","1,953","2.81M","1.71%"
"01/18/2016","1,934","1,896","1,958","1,878","1.85M","2.00%"
"01/15/2016","1,896","1,963","1,963","1,891","1.85M","-2.52%"
"01/14/2016","1,945","1,963","1,983","1,912","1.81M","-3.14%"
"01/13/2016","2,008","1,966","2,020","1,941","4.04M","0.70%"
"01/12/2016","1,994","1,910","2,006","1,893","2.44M","3.32%"
"01/11/2016","1,930","1,936","1,981","1,878","5.52M","-1.83%"
"01/08/2016","1,966","1,972","1,998","1,940","2.03M","-0.30%"
"01/07/2016","1,972","1,999","1,999","1,941","4.39M","-2.38%"
"01/06/2016","2,020","2,026","2,056","1,999","2.36M","-0.64%"
"01/05/2016","2,033","2,087","2,089","1,996","2.65M","1.04%"
"01/04/2016","2,012","2,053","2,053","1,986","2.28M","-3.78%"