"Date","Price","Open","High","Low","Vol.","Change %"
"03/27/2026","597","600","602","586","2.10M","-0.33%"
"03/26/2026","599","595","607","590","1.41M","0.17%"
"03/25/2026","598","590","602","580","2.26M","3.10%"
"03/24/2026","580","603","609","567","4.69M","-4.92%"
"03/23/2026","610","591","620","591","3.09M","0.16%"
"03/20/2026","609","605","625","603","3.25M","0.66%"
"03/19/2026","605","622","625","600","3.10M","-2.26%"
"03/18/2026","619","574","626","571","4.95M","8.41%"
"03/17/2026","571","565","587","565","1.31M","-1.72%"
"03/16/2026","581","565","586","565","2.77M","2.47%"
"03/13/2026","567","592","592","566","1.44M","-1.22%"
"03/12/2026","574","597","597","566","2.43M","-1.88%"
"03/11/2026","585","599","599","580","3.76M","-1.68%"
"03/10/2026","595","585","602","584","5.44M","1.88%"
"03/09/2026","584","591","600","558","3.92M","-1.18%"
"03/06/2026","591","630","635","591","1.23M","-6.78%"
"03/05/2026","634","628","643","625","1.70M","0.96%"
"03/04/2026","628","627","636","625","2.33M","-0.95%"
"03/03/2026","634","657","660","628","3.05M","-4.08%"
"03/02/2026","661","660","665","639","3.75M","0.30%"
"02/27/2026","659","649","669","646","4.39M","1.54%"
"02/26/2026","649","634","653","634","3.35M","2.04%"
"02/25/2026","636","631","639","631","1.12M","-0.16%"
"02/24/2026","637","650","650","629","2.01M","0.31%"
"02/23/2026","635","630","647","630","3.48M","0.79%"
"02/20/2026","630","630","635","628","2.54M","0.16%"
"02/19/2026","629","633","640","626","3.40M","-0.63%"
"02/18/2026","633","613","645","613","2.16M","1.77%"
"02/17/2026","622","627","629","618","1.44M","-1.27%"
"02/16/2026","630","621","630","618","2.03M","1.94%"
"02/13/2026","618","630","630","608","1.21M","-0.80%"
"02/12/2026","623","630","631","612","2.57M","0.32%"
"02/11/2026","621","627","627","617","374.18K","-0.32%"
"02/10/2026","623","632","632","618","1.77M","-0.32%"
"02/09/2026","625","613","632","606","4.50M","1.79%"
"02/06/2026","614","617","628","609","1.94M","-0.49%"
"02/05/2026","617","621","622","609","1.07M","0.00%"
"02/04/2026","617","614","620","592","1.41M","0.49%"
"02/03/2026","614","610","615","604","1.48M","1.82%"
"02/02/2026","603","604","608","591","720.17K","-1.63%"
"01/30/2026","613","614","627","608","1.53M","0.16%"
"01/29/2026","612","614","620","606","1.49M","0.66%"
"01/28/2026","608","600","615","599","1.72M","2.01%"
"01/27/2026","596","611","611","593","1.62M","0.51%"
"01/26/2026","593","609","611","591","2.18M","-1.17%"
"01/23/2026","600","614","624","594","2.69M","-0.83%"
"01/22/2026","605","580","610","580","3.18M","4.49%"
"01/21/2026","579","569","583","569","2.59M","1.76%"
"01/20/2026","569","554","572","554","931.31K","0.35%"
"01/19/2026","567","572","573","560","1.21M","0.35%"
"01/16/2026","565","551","572","551","1.44M","2.73%"
"01/15/2026","550","545","558","540","1.75M","-0.36%"
"01/14/2026","552","556","566","549","433.39K","-1.25%"
"01/13/2026","559","557","560","550","723.34K","0.36%"
"01/12/2026","557","568","568","556","644.62K","-0.18%"
"01/09/2026","558","543","567","543","2.43M","1.27%"
"01/08/2026","551","554","556","543","1.18M","-0.18%"
"01/07/2026","552","539","557","538","985.24K","2.03%"
"01/06/2026","541","531","546","531","796.99K","1.69%"
"01/05/2026","532","565","565","530","1.90M","-3.80%"
"01/02/2026","553","561","562","546","381.26K","-1.07%"
"12/31/2025","559","549","559","546","240.55K","0.90%"
"12/30/2025","554","554","564","553","659.24K","0.18%"
"12/29/2025","553","546","567","546","614.36K","1.84%"
"12/24/2025","543","556","558","541","1.18M","-2.16%"
"12/23/2025","555","534","560","534","1.04M","0.73%"
"12/22/2025","551","532","554","532","1.60M","4.36%"
"12/19/2025","528","525","538","522","2.47M","0.96%"
"12/18/2025","523","518","532","518","1.30M","0.58%"
"12/17/2025","520","520","526","518","490.01K","-0.19%"
"12/15/2025","521","518","528","518","537.12K","0.00%"
"12/12/2025","521","528","528","516","1.05M","0.00%"
"12/11/2025","521","525","525","517","780.57K","0.19%"
"12/10/2025","520","521","524","507","3.66M","-0.19%"
"12/09/2025","521","536","548","521","2.49M","-4.23%"
"12/08/2025","544","544","552","533","1.08M","1.12%"
"12/05/2025","538","535","545","526","733.00K","1.70%"
"12/04/2025","529","535","536","525","4.28M","-1.49%"
"12/03/2025","537","527","541","525","692.01K","0.75%"
"12/02/2025","533","521","540","521","1.01M","1.33%"
"12/01/2025","526","540","542","521","3.43M","-3.31%"
"11/28/2025","544","532","553","532","4.73M","2.26%"
"11/27/2025","532","521","533","517","1.55M","2.70%"
"11/26/2025","518","505","525","505","1.04M","2.37%"
"11/25/2025","506","522","525","501","1.64M","-1.75%"
"11/24/2025","515","557","566","497","7.76M","-4.10%"
"11/21/2025","537","553","553","526","1.47M","-2.89%"
"11/20/2025","553","544","566","537","3.51M","3.36%"
"11/19/2025","535","539","541","528","846.23K","0.94%"
"11/18/2025","530","533","535","525","1.45M","-1.67%"
"11/17/2025","539","552","555","535","3.01M","-1.28%"
"11/14/2025","546","559","561","541","771.17K","-1.62%"
"11/13/2025","555","540","570","540","2.16M","3.35%"
"11/12/2025","537","536","539","526","7.50M","0.94%"
"11/11/2025","532","538","542","531","1.45M","-0.19%"
"11/10/2025","533","517","541","517","1.04M","0.95%"
"11/07/2025","528","527","531","517","1.86M","-1.12%"
"11/06/2025","534","532","534","525","768.47K","0.95%"
"11/05/2025","529","529","536","523","788.17K","1.34%"
"11/04/2025","522","533","539","517","1.57M","-2.43%"
"11/03/2025","535","552","557","531","1.72M","-2.90%"
"10/31/2025","551","535","554","534","1.68M","4.16%"
"10/30/2025","529","546","546","526","7.06M","-3.11%"
"10/29/2025","546","559","559","539","2.14M","0.55%"
"10/28/2025","543","544","555","540","2.37M","0.56%"
"10/27/2025","540","549","559","540","2.36M","-2.00%"
"10/24/2025","551","561","561","530","1.78M","-1.78%"
"10/23/2025","561","555","562","552","735.12K","0.00%"
"10/22/2025","561","568","573","561","1.51M","-0.18%"
"10/21/2025","562","574","574","556","869.42K","-0.71%"
"10/20/2025","566","569","571","554","944.61K","0.71%"
"10/17/2025","562","563","576","556","875.90K","-1.75%"
"10/16/2025","572","537","577","537","1.59M","1.42%"
"10/15/2025","564","550","564","547","1.42M","2.92%"
"10/14/2025","548","539","554","528","2.67M","0.92%"
"10/13/2025","543","540","550","537","761.52K","0.37%"
"10/10/2025","541","524","548","524","2.48M","2.85%"
"10/09/2025","526","518","532","515","1.81M","1.74%"
"10/08/2025","517","517","531","517","1.81M","-0.39%"
"10/07/2025","519","532","537","514","3.50M","-2.99%"
"10/06/2025","535","546","546","529","1.83M","-0.19%"
"10/03/2025","536","530","540","527","580.79K","1.13%"
"10/02/2025","530","540","541","529","1.77M","-1.30%"
"10/01/2025","537","543","549","530","1.30M","-0.56%"
"09/30/2025","540","545","557","535","956.38K","-2.70%"
"09/29/2025","555","552","567","545","3.00M","1.65%"
"09/26/2025","546","536","550","529","3.16M","2.25%"
"09/25/2025","534","530","550","528","2.75M","2.10%"
"09/23/2025","523","516","529","511","1.67M","1.55%"
"09/22/2025","515","498","528","498","1.55M","3.41%"
"09/19/2025","498","500","507","491","958.16K","-1.39%"
"09/18/2025","505","505","512","496","2.09M","1.00%"
"09/17/2025","500","492","500","490","1.14M","1.42%"
"09/16/2025","493","496","502","490","2.14M","-0.60%"
"09/15/2025","496","495","500","490","1.53M","-0.40%"
"09/12/2025","498","511","511","494","2.10M","-2.35%"
"09/11/2025","510","504","512","500","1.43M","-0.20%"
"09/10/2025","511","526","526","503","1.60M","-1.92%"
"09/09/2025","521","536","540","519","1.01M","-1.88%"
"09/08/2025","531","513","531","508","4.23M","4.32%"
"09/05/2025","509","501","514","501","1.67M","0.99%"
"09/04/2025","504","498","511","498","1.42M","1.61%"
"09/03/2025","496","519","519","496","2.03M","-3.13%"
"09/02/2025","512","525","526","505","1.18M","-1.35%"
"09/01/2025","519","512","522","500","1.35M","1.96%"
"08/29/2025","509","500","512","490","2.21M","2.83%"
"08/28/2025","495","513","520","491","949.03K","-3.32%"
"08/27/2025","512","518","527","512","585.33K","-1.73%"
"08/26/2025","521","518","525","518","317.13K","-0.19%"
"08/25/2025","522","526","529","518","1.32M","0.00%"
"08/22/2025","522","525","532","518","695.72K","-0.38%"
"08/21/2025","524","526","538","518","2.20M","0.77%"
"08/20/2025","520","524","524","515","1.32M","-0.38%"
"08/19/2025","522","511","529","508","4.13M","2.76%"
"08/18/2025","508","509","514","496","1.80M","-0.20%"
"08/15/2025","509","508","512","505","191.22K","0.20%"
"08/14/2025","508","501","511","501","1.02M","-0.20%"
"08/13/2025","509","505","512","500","811.15K","0.99%"
"08/12/2025","504","510","510","500","606.48K","0.40%"
"08/11/2025","502","508","511","500","721.67K","-1.18%"
"08/08/2025","508","496","514","494","2.10M","2.63%"
"08/07/2025","495","504","504","490","1.61M","0.61%"
"08/06/2025","492","487","501","487","3.04M","0.00%"
"08/05/2025","492","494","501","489","2.73M","-1.01%"
"08/04/2025","497","494","506","490","1.84M","0.20%"
"08/01/2025","496","513","513","493","1.07M","-2.94%"
"07/31/2025","511","509","520","500","2.82M","-0.58%"
"07/30/2025","514","505","519","505","635.79K","0.59%"
"07/29/2025","511","506","517","504","1.14M","1.39%"
"07/28/2025","504","511","514","496","2.03M","-0.40%"
"07/25/2025","506","506","519","504","2.04M","-2.32%"
"07/24/2025","518","507","520","507","1.17M","-1.15%"
"07/23/2025","524","526","531","519","1.56M","0.00%"
"07/22/2025","524","522","533","515","1.92M","0.00%"
"07/21/2025","524","526","534","520","690.75K","0.38%"
"07/18/2025","522","506","523","506","3.44M","1.56%"
"07/17/2025","514","501","523","501","1.26M","1.38%"
"07/16/2025","507","492","510","492","538.68K","1.00%"
"07/15/2025","502","505","513","489","2.01M","-1.18%"
"07/14/2025","508","509","518","508","841.99K","-0.78%"
"07/11/2025","512","524","524","509","2.04M","-1.54%"
"07/10/2025","520","507","534","507","2.21M","1.56%"
"07/09/2025","512","507","520","507","1.02M","-0.58%"
"07/08/2025","515","516","519","511","984.55K","0.39%"
"07/07/2025","513","516","521","505","1.52M","0.00%"
"07/04/2025","513","528","528","512","853.83K","-0.77%"
"07/03/2025","517","514","521","507","1.11M","0.58%"
"07/02/2025","514","515","518","503","980.51K","1.78%"
"07/01/2025","505","527","527","505","2.02M","-2.32%"
"06/30/2025","517","516","523","510","2.30M","-0.19%"
"06/27/2025","518","507","524","507","1.26M","0.78%"
"06/26/2025","514","528","538","504","6.56M","-2.65%"
"06/25/2025","528","523","534","523","1.99M","-1.31%"
"06/24/2025","535","530","544","527","2.33M","1.90%"
"06/23/2025","525","535","544","525","1.45M","-2.23%"
"06/20/2025","537","550","552","532","2.51M","0.75%"
"06/19/2025","533","538","560","530","1.44M","-3.09%"
"06/18/2025","550","551","562","530","3.77M","1.10%"
"06/17/2025","544","535","550","521","1.48M","4.62%"
"06/13/2025","520","561","561","511","5.53M","-5.97%"
"06/12/2025","553","565","576","547","4.03M","-1.43%"
"06/11/2025","561","534","565","527","8.53M","4.86%"
"06/10/2025","535","507","545","507","5.84M","6.15%"
"06/09/2025","504","499","515","485","2.56M","1.20%"
"06/06/2025","498","498","508","485","2.05M","3.11%"
"06/05/2025","483","478","498","472","2.36M","0.42%"
"06/04/2025","481","461","482","459","868.64K","3.22%"
"06/03/2025","466","463","481","458","899.92K","-1.06%"
"06/02/2025","471","479","482","460","812.01K","0.64%"
"05/30/2025","468","465","472","462","308.02K","0.21%"
"05/29/2025","467","455","472","454","963.52K","2.64%"
"05/28/2025","455","456","469","455","1.04M","-1.30%"
"05/27/2025","461","463","466","459","105.03K","-0.65%"
"05/26/2025","464","464","469","456","266.32K","1.31%"
"05/23/2025","458","455","467","455","344.68K","0.66%"
"05/22/2025","455","457","462","453","983.81K","-1.52%"
"05/21/2025","462","469","481","459","1.62M","0.43%"
"05/20/2025","460","463","468","455","756.97K","-0.65%"
"05/19/2025","463","456","467","449","676.58K","1.76%"
"05/16/2025","455","474","480","454","1.39M","-3.81%"
"05/15/2025","473","494","499","461","2.39M","-2.47%"
"05/14/2025","485","484","494","473","1.34M","0.41%"
"05/13/2025","483","478","489","478","803.07K","-0.41%"
"05/12/2025","485","498","499","480","1.82M","0.41%"
"05/09/2025","483","483","496","479","1.43M","0.42%"
"05/08/2025","481","491","496","481","1.16M","-1.43%"
"05/07/2025","488","482","500","474","6.43M","1.24%"
"05/06/2025","482","502","502","480","2.52M","-2.23%"
"05/05/2025","493","490","504","484","3.33M","0.41%"
"05/02/2025","491","460","495","460","2.54M","5.82%"
"04/30/2025","464","477","477","462","1.88M","-0.85%"
"04/29/2025","468","451","476","451","2.07M","2.86%"
"04/25/2025","455","450","466","449","2.46M","0.66%"
"04/24/2025","452","425","456","425","2.81M","4.63%"
"04/23/2025","432","425","440","424","554.26K","1.65%"
"04/22/2025","425","428","432","417","1.20M","-0.47%"
"04/17/2025","427","425","431","418","1.84M","0.47%"
"04/16/2025","425","431","435","419","2.81M","-1.85%"
"04/15/2025","433","435","445","430","1.84M","-0.46%"
"04/14/2025","435","437","439","427","1.51M","1.87%"
"04/11/2025","427","428","433","420","1.28M","1.18%"
"04/10/2025","422","417","435","417","1.65M","5.24%"
"04/09/2025","401","425","427","401","1.43M","-6.09%"
"04/08/2025","427","406","432","401","3.05M","5.69%"
"04/07/2025","404","391","420","384","3.69M","-2.65%"
"04/04/2025","415","437","437","399","5.08M","-5.25%"
"04/03/2025","438","479","479","432","6.54M","-8.56%"
"04/02/2025","479","496","496","473","2.57M","-1.64%"
"04/01/2025","487","470","495","465","6.12M","5.87%"
"03/31/2025","460","477","480","460","2.52M","-3.56%"
"03/28/2025","477","474","503","472","17.42M","0.42%"
"03/27/2025","475","420","482","417","10.82M","12.83%"
"03/26/2025","421","415","421","411","1.13M","2.43%"
"03/25/2025","411","409","416","405","4.24M","0.98%"
"03/24/2025","407","409","424","407","2.03M","-1.93%"
"03/20/2025","415","410","423","405","3.83M","1.22%"
"03/19/2025","410","409","415","403","2.80M","0.74%"
"03/18/2025","407","410","419","404","1.14M","-0.49%"
"03/17/2025","409","400","416","399","2.45M","2.51%"
"03/14/2025","399","404","410","393","1.58M","-0.50%"
"03/13/2025","401","405","411","397","2.76M","-1.96%"
"03/12/2025","409","410","416","398","6.46M","-0.49%"
"03/11/2025","411","435","440","411","3.52M","-5.30%"
"03/10/2025","434","448","449","433","594.23K","-2.47%"
"03/07/2025","445","458","458","440","495.05K","-1.33%"
"03/06/2025","451","453","474","449","2.89M","-0.66%"
"03/05/2025","454","452","458","447","2.02M","2.48%"
"03/04/2025","443","452","465","440","3.22M","-1.56%"
"03/03/2025","450","400","454","400","9.06M","15.38%"
"02/28/2025","390","393","394","382","1.41M","-0.51%"
"02/27/2025","392","406","406","376","1.65M","-2.49%"
"02/26/2025","402","415","415","395","2.65M","0.50%"
"02/25/2025","400","397","407","396","701.82K","0.00%"
"02/24/2025","400","423","423","398","1.78M","-4.31%"
"02/21/2025","418","415","421","414","744.03K","-0.48%"
"02/20/2025","420","420","423","412","1.11M","-1.18%"
"02/19/2025","425","428","435","420","4.67M","-2.30%"
"02/18/2025","435","444","444","428","863.31K","-0.23%"
"02/17/2025","436","441","453","432","505.33K","-3.11%"
"02/14/2025","450","448","454","438","2.97M","1.12%"
"02/13/2025","445","434","448","425","3.92M","4.22%"
"02/12/2025","427","432","435","417","1.91M","-1.61%"
"02/11/2025","434","450","451","431","2.98M","-3.13%"
"02/10/2025","448","431","454","431","1.30M","2.99%"
"02/07/2025","435","419","439","419","3.56M","4.07%"
"02/06/2025","418","429","429","416","1.30M","-0.48%"
"02/05/2025","420","430","438","417","1.30M","-1.87%"
"02/04/2025","428","423","435","413","4.84M","0.94%"
"02/03/2025","424","431","431","416","3.44M","-2.53%"
"01/31/2025","435","442","446","431","1.67M","-1.81%"
"01/30/2025","443","452","452","442","886.36K","-0.67%"
"01/29/2025","446","458","458","442","849.40K","-1.55%"
"01/28/2025","453","451","459","445","3.94M","0.44%"
"01/27/2025","451","451","456","440","2.87M","-0.66%"
"01/24/2025","454","457","467","454","778.06K","-1.30%"
"01/23/2025","460","461","464","450","1.66M","0.00%"
"01/22/2025","460","460","471","457","5.02M","0.00%"
"01/21/2025","460","457","471","457","3.51M","0.66%"
"01/20/2025","457","466","466","455","641.33K","-0.65%"
"01/17/2025","460","460","463","457","787.58K","0.00%"
"01/16/2025","460","475","494","455","7.11M","-3.16%"
"01/15/2025","475","460","480","459","847.21K","2.59%"
"01/14/2025","463","470","470","460","605.70K","-0.64%"
"01/13/2025","466","474","475","461","1.66M","-2.92%"
"01/10/2025","480","487","487","473","682.16K","-1.03%"
"01/09/2025","485","493","493","475","676.13K","0.00%"
"01/08/2025","485","501","501","482","958.71K","-2.81%"
"01/07/2025","499","512","526","498","2.03M","-2.16%"
"01/06/2025","510","508","517","505","1.04M","0.39%"
"01/03/2025","508","519","520","504","1.69M","-1.36%"
"01/02/2025","515","517","521","511","3.16M","0.00%"
"12/31/2024","515","507","518","499","261.06K","3.00%"
"12/30/2024","500","502","512","495","700.82K","-0.60%"
"12/27/2024","503","510","519","500","346.50K","-1.76%"
"12/24/2024","512","519","519","503","365.59K","0.99%"
"12/23/2024","507","518","518","498","1.27M","-2.50%"
"12/20/2024","520","484","520","484","8.27M","6.34%"
"12/19/2024","489","498","498","481","1.06M","-0.61%"
"12/18/2024","492","480","498","480","1.92M","2.71%"
"12/17/2024","479","497","497","472","1.25M","-2.04%"
"12/13/2024","489","471","497","471","2.83M","1.88%"
"12/12/2024","480","480","493","474","1.84M","0.42%"
"12/11/2024","478","472","479","469","451.91K","1.70%"
"12/10/2024","470","474","475","467","1.31M","-0.42%"
"12/09/2024","472","477","482","470","429.22K","-1.05%"
"12/06/2024","477","467","478","458","1.68M","1.92%"
"12/05/2024","468","475","483","462","1.17M","-1.27%"
"12/04/2024","474","455","474","455","1.43M","4.64%"
"12/03/2024","453","457","462","444","2.17M","0.00%"
"12/02/2024","453","465","465","452","627.64K","-1.95%"
"11/29/2024","462","450","465","450","1.25M","0.65%"
"11/28/2024","459","455","464","450","757.46K","0.00%"
"11/27/2024","459","450","460","446","642.81K","0.44%"
"11/26/2024","457","457","460","447","1.50M","-0.44%"
"11/25/2024","459","453","474","453","1.10M","-0.22%"
"11/22/2024","460","448","464","441","2.24M","3.37%"
"11/21/2024","445","445","452","437","1.62M","0.45%"
"11/20/2024","443","412","448","411","4.20M","6.75%"
"11/19/2024","415","414","421","410","1.56M","0.48%"
"11/18/2024","413","404","416","404","676.64K","0.24%"
"11/15/2024","412","415","424","412","2.77M","0.00%"
"11/14/2024","412","409","414","405","946.50K","1.23%"
"11/13/2024","407","415","415","405","352.97K","-2.16%"
"11/12/2024","416","410","423","395","2.42M","0.97%"
"11/11/2024","412","420","421","409","1.55M","-0.72%"
"11/08/2024","415","406","420","406","1.89M","1.22%"
"11/07/2024","410","403","422","397","3.53M","1.49%"
"11/06/2024","404","409","409","393","1.28M","-0.25%"
"11/05/2024","405","415","416","404","879.26K","-2.64%"
"11/04/2024","416","412","430","412","1.26M","0.48%"
"11/01/2024","414","399","420","394","2.66M","5.08%"
"10/31/2024","394","395","410","389","3.05M","-0.76%"
"10/30/2024","397","391","403","386","5.29M","2.85%"
"10/29/2024","386","394","404","386","2.18M","-0.77%"
"10/28/2024","389","380","412","375","4.29M","2.10%"
"10/25/2024","381","384","386","377","1.98M","-1.30%"
"10/24/2024","386","394","397","383","646.21K","-1.53%"
"10/23/2024","392","386","395","384","899.71K","1.03%"
"10/22/2024","388","393","394","388","458.37K","-1.27%"
"10/21/2024","393","382","403","381","1.96M","2.34%"
"10/18/2024","384","386","386","377","547.68K","-0.52%"
"10/17/2024","386","384","386","383","218.71K","0.26%"
"10/16/2024","385","381","385","381","433.29K","0.00%"
"10/15/2024","385","382","385","379","216.65K","0.00%"
"10/14/2024","385","387","388","379","356.13K","-1.03%"
"10/11/2024","389","383","393","383","718.71K","1.04%"
"10/10/2024","385","394","394","382","202.27K","0.00%"
"10/09/2024","385","389","392","380","813.58K","0.00%"
"10/08/2024","385","386","389","383","519.87K","-1.03%"
"10/07/2024","389","389","392","387","432.39K","0.00%"
"10/04/2024","389","394","395","389","755.07K","-0.51%"
"10/03/2024","391","398","399","390","2.27M","-0.76%"
"10/02/2024","394","396","402","392","857.69K","-0.76%"
"10/01/2024","397","398","410","391","1.80M","1.53%"
"09/30/2024","391","395","400","387","1.92M","-2.25%"
"09/27/2024","400","399","404","394","364.51K","-0.74%"
"09/26/2024","403","407","414","395","1.49M","-2.18%"
"09/25/2024","412","400","415","400","3.90M","3.52%"
"09/23/2024","398","400","402","393","1.22M","-0.50%"
"09/20/2024","400","391","404","391","3.21M","1.27%"
"09/19/2024","395","387","405","382","4.32M","4.50%"
"09/18/2024","378","379","391","375","1.60M","-0.92%"
"09/17/2024","382","383","388","376","4.62M","-0.95%"
"09/16/2024","385","366","389","361","1.52M","6.62%"
"09/13/2024","361","368","369","359","1.72M","-0.51%"
"09/12/2024","363","370","371","359","1.61M","0.00%"
"09/11/2024","363","371","376","358","1.98M","-1.50%"
"09/10/2024","369","352","370","352","2.41M","4.97%"
"09/09/2024","351","347","357","347","4.77M","0.79%"
"09/06/2024","348","359","362","347","4.07M","-3.32%"
"09/05/2024","360","369","372","359","2.38M","-3.92%"
"09/04/2024","375","372","380","370","2.65M","0.00%"
"09/03/2024","375","380","386","374","3.45M","-1.21%"
"09/02/2024","380","383","385","376","3.65M","-1.20%"
"08/30/2024","384","378","391","377","1.79M","1.21%"
"08/29/2024","380","388","389","379","1.81M","-0.96%"
"08/28/2024","383","391","399","377","3.43M","1.71%"
"08/27/2024","377","380","382","370","1.34M","0.00%"
"08/26/2024","377","382","382","370","1.14M","0.74%"
"08/23/2024","374","372","380","370","244.66K","0.25%"
"08/22/2024","373","366","377","366","686.59K","0.99%"
"08/21/2024","370","365","372","365","471.51K","1.26%"
"08/20/2024","365","368","373","364","1.14M","-0.75%"
"08/19/2024","368","368","382","368","2.94M","-0.25%"
"08/16/2024","369","371","377","368","1.12M","0.25%"
"08/15/2024","368","363","370","359","905.31K","2.56%"
"08/14/2024","359","359","365","356","1.04M","0.52%"
"08/13/2024","357","366","372","351","2.07M","-2.51%"
"08/12/2024","366","365","377","360","3.11M","0.25%"
"08/08/2024","365","352","367","345","3.37M","3.66%"
"08/07/2024","352","346","352","341","755.51K","3.51%"
"08/06/2024","340","341","349","340","1.53M","-2.12%"
"08/05/2024","347","340","347","338","853.84K","0.00%"
"08/02/2024","347","349","351","346","1.09M","-1.05%"
"08/01/2024","351","350","354","345","2.53M","0.26%"
"07/31/2024","350","345","355","345","2.14M","1.33%"
"07/30/2024","346","359","359","343","1.16M","-1.31%"
"07/29/2024","350","358","360","350","584.89K","-0.52%"
"07/26/2024","352","354","368","350","4.10M","-1.29%"
"07/25/2024","357","337","358","328","4.43M","5.72%"
"07/24/2024","337","333","345","333","1.08M","0.55%"
"07/23/2024","336","332","337","331","1.06M","0.55%"
"07/22/2024","334","331","337","331","293.27K","0.55%"
"07/19/2024","332","323","337","323","1.26M","2.85%"
"07/18/2024","323","326","341","323","3.07M","-1.40%"
"07/17/2024","327","338","338","326","995.42K","-2.47%"
"07/16/2024","336","332","341","325","1.70M","1.67%"
"07/15/2024","330","327","340","323","733.06K","0.56%"
"07/12/2024","328","319","342","310","3.03M","2.59%"
"07/11/2024","320","321","325","302","3.99M","0.29%"
"07/10/2024","319","337","338","319","1.35M","-7.71%"
"07/09/2024","346","349","349","336","974.52K","1.62%"
"07/08/2024","340","336","349","336","566.42K","0.27%"
"07/05/2024","339","355","363","337","2.10M","-4.40%"
"07/04/2024","355","354","366","346","3.55M","-1.03%"
"07/03/2024","359","338","359","333","5.28M","5.41%"
"07/02/2024","340","320","342","307","17.83M","5.41%"
"07/01/2024","323","296","326","296","5.43M","9.01%"
"06/28/2024","296","300","303","290","877.33K","0.00%"
"06/27/2024","296","312","312","289","1.15M","-5.85%"
"06/26/2024","314","339","339","313","1.00M","-7.32%"
"06/25/2024","339","339","340","325","1.74M","0.00%"
"06/24/2024","339","338","346","320","4.31M","-0.27%"
"06/21/2024","340","331","344","331","4.94M","1.37%"
"06/20/2024","336","343","343","329","1.15M","0.00%"
"06/19/2024","336","329","343","324","3.41M","3.40%"
"06/18/2024","325","296","331","296","2.57M","7.95%"
"06/14/2024","301","285","310","279","1.56M","4.14%"
"06/13/2024","289","289","299","281","1.13M","2.28%"
"06/12/2024","282","300","307","271","2.80M","-6.69%"
"06/11/2024","302","284","303","281","1.70M","5.79%"
"06/10/2024","286","293","295","286","410.35K","-3.42%"
"06/07/2024","296","301","301","292","294.49K","-1.23%"
"06/06/2024","300","303","305","297","461.03K","-2.10%"
"06/05/2024","306","299","307","299","561.65K","2.46%"
"06/04/2024","299","302","307","295","1.22M","-1.22%"
"06/03/2024","302","302","313","302","616.03K","-1.79%"
"05/31/2024","308","305","309","301","734.80K","0.30%"
"05/30/2024","307","304","311","301","792.16K","0.91%"
"05/28/2024","304","314","326","304","1.66M","-4.34%"
"05/27/2024","318","306","322","306","878.21K","2.67%"
"05/24/2024","310","303","313","302","1.88M","1.20%"
"05/23/2024","306","313","314","305","678.39K","-2.63%"
"05/22/2024","314","317","330","309","1.92M","-1.44%"
"05/21/2024","319","322","330","318","877.73K","-1.42%"
"05/20/2024","324","314","329","314","1.93M","3.23%"
"05/17/2024","313","302","317","302","3.11M","2.10%"
"05/16/2024","307","304","317","302","1.01M","1.21%"
"05/15/2024","303","305","311","301","715.44K","-1.20%"
"05/14/2024","307","306","313","298","1.62M","0.00%"
"05/13/2024","307","317","326","307","3.26M","-2.05%"
"05/10/2024","313","315","325","312","1.80M","-0.87%"
"05/09/2024","316","301","322","301","2.05M","3.30%"
"05/08/2024","306","305","313","302","659.92K","0.30%"
"05/07/2024","305","300","312","297","989.44K","2.79%"
"05/06/2024","297","308","308","297","1.01M","-2.12%"
"05/03/2024","303","310","313","300","1.27M","0.61%"
"05/02/2024","302","298","303","297","1.26M","0.61%"
"04/30/2024","300","302","312","297","1.74M","-0.31%"
"04/29/2024","301","292","310","292","984.33K","1.87%"
"04/26/2024","295","291","302","284","1.71M","3.88%"
"04/25/2024","284","294","298","283","468.23K","-4.33%"
"04/24/2024","297","283","298","283","717.86K","4.87%"
"04/23/2024","283","302","302","268","3.73M","-4.05%"
"04/22/2024","295","301","312","295","2.51M","-3.31%"
"04/19/2024","305","309","316","301","562.99K","-1.19%"
"04/18/2024","309","299","309","299","253.23K","3.70%"
"04/17/2024","298","315","324","298","1.99M","-5.54%"
"04/16/2024","315","307","316","302","810.81K","2.39%"
"04/15/2024","308","306","313","301","539.98K","-0.89%"
"04/12/2024","311","314","319","303","471.56K","0.30%"
"04/11/2024","310","310","316","300","799.14K","-0.88%"
"04/10/2024","313","322","331","292","2.69M","-2.02%"
"04/09/2024","319","298","322","294","1.75M","7.76%"
"04/08/2024","296","299","302","287","741.21K","0.31%"
"04/05/2024","295","299","301","295","356.61K","-2.43%"
"04/04/2024","302","297","302","294","879.63K","2.49%"
"04/03/2024","295","308","308","294","772.10K","-0.31%"
"04/02/2024","296","298","303","295","734.28K","-2.42%"
"03/28/2024","303","319","322","300","861.61K","-4.90%"
"03/27/2024","319","302","322","302","1.06M","5.79%"
"03/26/2024","302","303","303","293","2.75M","-0.61%"
"03/25/2024","303","315","316","303","444.20K","-2.66%"
"03/22/2024","312","290","315","290","790.64K","3.67%"
"03/20/2024","301","283","303","283","2.94M","5.14%"
"03/19/2024","286","292","295","280","1.93M","-3.12%"
"03/18/2024","295","314","317","295","3.51M","-6.96%"
"03/15/2024","317","320","320","314","1.97M","-0.29%"
"03/14/2024","318","322","331","317","1.54M","-3.35%"
"03/13/2024","329","315","331","315","1.24M","3.17%"
"03/12/2024","319","320","323","314","1.51M","-0.29%"
"03/11/2024","320","321","325","318","801.04K","-1.97%"
"03/08/2024","326","325","331","322","1.42M","-0.28%"
"03/07/2024","327","327","331","325","491.81K","-0.84%"
"03/06/2024","330","330","330","326","488.32K","0.28%"
"03/05/2024","329","333","334","325","1.71M","-1.10%"
"03/04/2024","333","331","338","331","1.52M","-0.55%"
"03/01/2024","335","333","339","333","1.83M","-1.09%"
"02/29/2024","338","341","349","336","1.10M","-0.54%"
"02/28/2024","340","335","341","331","1.08M","0.82%"
"02/27/2024","337","334","349","333","2.49M","1.38%"
"02/26/2024","333","326","336","324","871.08K","1.40%"
"02/23/2024","328","339","349","327","1.41M","-3.25%"
"02/22/2024","339","328","341","325","775.26K","4.24%"
"02/21/2024","325","328","332","321","468.08K","0.00%"
"02/20/2024","325","329","331","317","822.51K","-1.12%"
"02/19/2024","329","332","332","325","848.58K","-0.56%"
"02/16/2024","331","336","340","330","3.24M","-2.44%"
"02/15/2024","339","341","344","335","1.63M","-1.34%"
"02/14/2024","344","347","347","342","890.02K","-0.80%"
"02/13/2024","347","344","350","341","919.82K","0.53%"
"02/12/2024","345","346","348","337","1.22M","-0.53%"
"02/09/2024","347","346","350","345","604.30K","0.00%"
"02/08/2024","347","344","349","344","1.96M","0.00%"
"02/07/2024","347","343","350","341","3.07M","1.07%"
"02/06/2024","343","344","351","343","1.46M","-0.53%"
"02/05/2024","345","339","350","336","583.96K","0.54%"
"02/02/2024","343","354","359","340","2.88M","-0.80%"
"02/01/2024","346","332","357","330","2.09M","4.16%"
"01/31/2024","332","309","334","309","2.53M","6.18%"
"01/30/2024","313","317","317","308","1.73M","0.29%"
"01/29/2024","312","321","323","310","2.11M","-3.14%"
"01/26/2024","322","315","324","309","556.10K","2.04%"
"01/25/2024","315","320","339","310","2.20M","-3.11%"
"01/24/2024","325","335","335","317","677.96K","0.85%"
"01/23/2024","323","339","340","323","1.32M","-5.14%"
"01/22/2024","340","347","347","336","1.42M","-0.54%"
"01/19/2024","342","344","351","341","2.15M","-1.59%"
"01/18/2024","347","343","357","343","3.92M","1.34%"
"01/17/2024","343","341","346","341","752.97K","-0.53%"
"01/16/2024","345","342","349","342","1.27M","-0.79%"
"01/15/2024","347","349","349","341","693.44K","0.80%"
"01/12/2024","345","350","351","344","1.06M","-0.53%"
"01/11/2024","347","350","350","336","1.47M","1.34%"
"01/10/2024","342","353","358","339","640.27K","-2.62%"
"01/09/2024","351","360","361","349","210.84K","-1.80%"
"01/08/2024","358","363","368","349","1.55M","-0.26%"
"01/05/2024","359","362","362","353","145.01K","0.78%"
"01/04/2024","356","366","367","354","606.90K","-3.01%"
"01/03/2024","367","359","367","353","495.44K","3.10%"
"01/02/2024","356","357","370","353","1.30M","-3.01%"
"12/29/2023","367","362","368","350","1.23M","1.53%"
"12/28/2023","361","352","368","347","1.55M","3.69%"
"12/27/2023","348","340","358","340","575.00K","1.61%"
"12/22/2023","343","348","348","337","475.01K","-0.53%"
"12/21/2023","345","336","352","336","1.53M","3.02%"
"12/20/2023","335","339","339","327","676.63K","-0.55%"
"12/19/2023","336","325","338","325","607.92K","3.98%"
"12/18/2023","324","337","337","322","413.09K","-4.09%"
"12/14/2023","337","313","337","312","2.98M","3.67%"
"12/13/2023","325","312","325","312","599.76K","2.31%"
"12/12/2023","318","323","332","315","930.98K","-3.89%"
"12/11/2023","331","326","333","314","553.64K","1.12%"
"12/08/2023","327","333","348","325","2.13M","-3.26%"
"12/07/2023","338","349","349","333","1.38M","-1.87%"
"12/06/2023","345","328","347","328","1.61M","2.18%"
"12/05/2023","337","330","343","330","575.01K","-1.08%"
"12/04/2023","341","328","341","327","941.35K","3.63%"
"12/01/2023","329","339","340","329","623.45K","-1.92%"
"11/30/2023","336","335","341","326","939.76K","4.29%"
"11/29/2023","322","336","336","320","797.78K","-2.78%"
"11/28/2023","331","336","338","327","312.11K","-0.28%"
"11/27/2023","332","336","336","329","758.30K","-0.28%"
"11/24/2023","333","345","351","331","527.09K","-4.74%"
"11/23/2023","349","340","352","332","1.10M","2.43%"
"11/22/2023","341","320","341","320","3.23M","3.06%"
"11/21/2023","331","366","368","320","5.78M","-7.45%"
"11/20/2023","358","316","358","316","7.33M","13.74%"
"11/17/2023","314","290","321","290","2.34M","6.54%"
"11/16/2023","295","313","319","290","1.20M","-5.59%"
"11/15/2023","313","303","315","299","2.25M","3.98%"
"11/14/2023","301","283","302","274","3.67M","7.21%"
"11/13/2023","280","272","285","272","1.21M","1.67%"
"11/10/2023","276","282","282","262","1.54M","1.01%"
"11/09/2023","273","251","283","248","2.86M","4.95%"
"11/08/2023","260","253","263","253","243.48K","1.07%"
"11/07/2023","257","252","257","250","910.35K","0.72%"
"11/06/2023","256","260","267","252","912.56K","0.00%"
"11/03/2023","256","256","272","255","3.04M","-0.36%"
"11/02/2023","256","252","257","243","492.42K","3.33%"
"11/01/2023","248","261","261","247","2.55M","-3.23%"
"10/31/2023","256","239","260","238","572.63K","7.31%"
"10/30/2023","239","246","251","239","529.60K","-2.62%"
"10/27/2023","245","252","259","245","272.01K","-2.55%"
"10/26/2023","252","267","275","252","1.20M","-6.48%"
"10/25/2023","269","269","278","269","310.59K","-2.01%"
"10/24/2023","275","266","279","266","740.10K","0.34%"
"10/23/2023","274","267","277","265","262.57K","2.05%"
"10/20/2023","268","265","278","263","746.19K","-2.01%"
"10/19/2023","274","265","275","265","129.37K","2.76%"
"10/18/2023","267","279","279","265","801.45K","-2.36%"
"10/17/2023","273","271","284","271","1.12M","-2.94%"
"10/16/2023","281","279","286","276","650.61K","-0.33%"
"10/13/2023","282","273","284","268","828.71K","2.33%"
"10/12/2023","276","274","284","274","544.71K","-1.32%"
"10/11/2023","279","281","283","275","466.97K","-1.94%"
"10/10/2023","285","291","292","281","521.17K","-2.21%"
"10/09/2023","291","294","309","284","3.47M","-1.25%"
"10/06/2023","295","280","302","270","2.03M","4.90%"
"10/05/2023","281","270","283","266","413.35K","3.38%"
"10/04/2023","272","275","275","264","644.58K","-1.66%"
"10/03/2023","277","285","288","276","1.02M","-2.90%"
"10/02/2023","285","279","287","278","369.81K","1.64%"
"09/29/2023","280","290","290","280","2.05M","-2.56%"
"09/28/2023","288","276","294","276","1.55M","2.96%"
"09/27/2023","279","267","279","267","1.51M","4.83%"
"09/26/2023","267","279","279","265","1.09M","-3.33%"
"09/22/2023","276","284","294","271","2.23M","-0.99%"
"09/21/2023","279","272","283","268","6.86M","3.77%"
"09/20/2023","268","268","276","263","18.89M","2.10%"
"09/19/2023","263","264","267","257","989.90K","-0.69%"
"09/18/2023","265","262","272","256","2.02M","1.41%"
"09/15/2023","261","242","277","239","3.08M","7.58%"
"09/14/2023","243","243","243","239","894.97K","0.00%"
"09/13/2023","243","238","243","236","565.48K","0.76%"
"09/12/2023","241","239","241","238","531.36K","-0.38%"
"09/11/2023","242","239","242","237","2.93M","-0.38%"
"09/08/2023","243","238","243","238","760.67K","1.54%"
"09/07/2023","239","237","242","237","561.94K","0.39%"
"09/06/2023","238","240","240","233","368.68K","-0.38%"
"09/05/2023","239","239","243","232","1.54M","-1.89%"
"09/04/2023","244","237","244","237","246.32K","1.14%"
"09/01/2023","241","239","241","234","1.17M","0.77%"
"08/31/2023","239","235","240","234","258.20K","1.56%"
"08/30/2023","235","241","244","235","425.56K","-3.76%"
"08/29/2023","245","240","245","235","515.02K","0.00%"
"08/28/2023","245","236","245","236","1.06M","2.31%"
"08/25/2023","239","242","242","234","392.09K","0.78%"
"08/24/2023","237","240","245","235","231.36K","0.00%"
"08/23/2023","237","239","245","233","2.88M","-2.27%"
"08/22/2023","243","253","254","239","480.05K","-5.04%"
"08/21/2023","256","249","257","239","392.37K","2.58%"
"08/18/2023","249","245","249","239","256.87K","0.37%"
"08/17/2023","248","255","255","245","531.75K","-3.57%"
"08/16/2023","257","248","258","241","1.03M","2.56%"
"08/15/2023","251","253","253","245","467.59K","-2.15%"
"08/14/2023","256","256","256","249","831.07K","1.45%"
"08/11/2023","253","256","256","252","466.44K","-0.36%"
"08/10/2023","254","256","268","249","1.16M","2.98%"
"08/08/2023","246","253","268","246","3.26M","-3.60%"
"08/07/2023","256","245","256","245","768.13K","4.91%"
"08/04/2023","244","234","244","234","1.44M","1.92%"
"08/03/2023","239","238","239","232","665.15K","1.17%"
"08/02/2023","236","240","244","235","4.86M","-3.75%"
"08/01/2023","245","244","245","241","1.52M","0.75%"
"07/31/2023","244","244","245","243","707.89K","-1.12%"
"07/28/2023","246","243","246","243","256.28K","1.52%"
"07/27/2023","243","243","247","243","324.37K","-0.38%"
"07/26/2023","244","246","248","244","284.64K","-1.49%"
"07/25/2023","247","239","247","238","959.37K","3.46%"
"07/24/2023","239","240","241","237","859.73K","-1.14%"
"07/21/2023","242","244","244","236","832.99K","0.77%"
"07/20/2023","240","242","245","235","1.11M","-2.61%"
"07/19/2023","246","247","247","241","1.44M","-0.37%"
"07/18/2023","247","243","248","237","645.48K","3.46%"
"07/17/2023","239","247","247","234","3.80M","-3.35%"
"07/14/2023","247","246","251","245","310.65K","0.37%"
"07/13/2023","246","244","251","238","801.68K","1.13%"
"07/12/2023","244","245","248","239","389.60K","-0.38%"
"07/11/2023","245","244","246","238","477.32K","1.53%"
"07/10/2023","241","247","247","238","145.19K","-0.76%"
"07/07/2023","243","239","243","238","1.70M","1.54%"
"07/06/2023","239","245","247","238","916.29K","-2.62%"
"07/05/2023","245","245","247","238","1.37M","-0.74%"
"07/04/2023","247","244","247","236","1.05M","0.75%"
"07/03/2023","245","252","259","244","3.59M","-1.48%"
"06/30/2023","249","244","254","244","1.17M","0.37%"
"06/29/2023","248","256","261","243","2.04M","-0.37%"
"06/28/2023","249","232","253","232","2.03M","7.11%"
"06/27/2023","233","244","244","233","1.12M","-2.69%"
"06/26/2023","239","235","256","234","1.83M","0.78%"
"06/23/2023","237","239","239","232","890.67K","1.18%"
"06/22/2023","234","236","242","230","567.28K","0.00%"
"06/21/2023","234","239","239","230","708.21K","-1.16%"
"06/20/2023","237","247","257","234","1.08M","-5.84%"
"06/19/2023","252","226","255","226","1.28M","11.38%"
"06/15/2023","226","222","241","219","2.83M","2.07%"
"06/14/2023","222","211","222","211","501.71K","4.33%"
"06/13/2023","212","214","216","211","567.51K","-1.70%"
"06/12/2023","216","214","218","213","1.13M","0.00%"
"06/09/2023","216","215","218","212","539.03K","-0.42%"
"06/08/2023","217","216","221","213","824.62K","-1.26%"
"06/07/2023","220","212","222","212","7.91M","3.02%"
"06/06/2023","213","217","222","213","3.67M","-1.69%"
"06/05/2023","217","223","225","217","298.82K","-1.67%"
"06/02/2023","221","216","229","216","7.96M","2.13%"
"06/01/2023","216","207","222","207","3.25M","4.44%"
"05/31/2023","207","203","216","200","2.53M","1.81%"
"05/30/2023","203","208","211","203","1.53M","-2.21%"
"05/29/2023","208","207","209","207","612.07K","-2.59%"
"05/26/2023","213","211","213","207","444.59K","1.31%"
"05/25/2023","211","207","212","206","1.47M","-0.87%"
"05/24/2023","212","207","212","206","483.33K","1.32%"
"05/23/2023","210","205","213","204","418.08K","1.33%"
"05/22/2023","207","213","216","198","3.45M","-5.06%"
"05/19/2023","218","226","226","216","1.30M","-2.87%"
"05/18/2023","224","233","233","218","1.32M","-4.31%"
"05/17/2023","234","241","245","233","774.60K","-3.04%"
"05/16/2023","242","247","247","241","1.98M","-1.13%"
"05/15/2023","245","246","255","244","878.85K","-0.75%"
"05/12/2023","246","245","249","241","1.35M","0.75%"
"05/11/2023","245","246","249","241","988.64K","-1.48%"
"05/10/2023","248","248","252","239","960.08K","0.00%"
"05/09/2023","248","252","252","243","1.52M","-1.46%"
"05/08/2023","252","255","261","249","465.59K","-1.79%"
"05/05/2023","256","245","257","244","1.94M","4.10%"
"05/04/2023","246","262","262","246","1.68M","-4.63%"
"05/03/2023","258","260","266","257","3.36M","-1.40%"
"05/02/2023","262","259","268","258","894.67K","0.35%"
"04/28/2023","261","259","266","258","420.33K","1.43%"
"04/26/2023","257","261","261","253","1.81M","-1.75%"
"04/25/2023","262","259","268","258","1.17M","0.35%"
"04/24/2023","261","266","268","261","610.89K","-0.35%"
"04/21/2023","262","271","271","260","822.21K","-1.72%"
"04/20/2023","267","262","268","261","652.42K","1.05%"
"04/19/2023","264","261","265","259","439.61K","1.06%"
"04/18/2023","261","265","268","261","771.73K","-1.39%"
"04/17/2023","265","268","268","263","883.53K","-1.03%"
"04/14/2023","268","264","268","264","492.81K","1.75%"
"04/13/2023","263","263","266","261","1.03M","0.70%"
"04/12/2023","261","268","270","259","1.50M","-2.41%"
"04/11/2023","268","278","285","267","1.98M","-3.00%"
"04/06/2023","276","272","279","266","4.45M","3.09%"
"04/05/2023","268","279","281","261","6.86M","-5.21%"
"04/04/2023","282","274","298","274","6.89M","2.68%"
"04/03/2023","275","268","279","268","5.16M","2.40%"
"03/31/2023","268","273","273","266","349.34K","0.69%"
"03/30/2023","267","275","280","265","2.78M","-1.02%"
"03/29/2023","269","267","272","264","2.60M","1.03%"
"03/28/2023","267","259","272","257","4.40M","3.94%"
"03/27/2023","256","259","261","255","1.10M","-1.06%"
"03/24/2023","259","265","273","258","481.51K","-4.08%"
"03/23/2023","270","263","279","256","3.53M","3.89%"
"03/22/2023","260","255","262","253","2.31M","2.54%"
"03/20/2023","254","254","257","252","3.10M","-1.08%"
"03/17/2023","256","244","258","244","2.96M","5.28%"
"03/16/2023","244","264","266","239","3.43M","-8.93%"
"03/15/2023","268","291","293","266","3.14M","-7.03%"
"03/14/2023","288","280","293","272","3.47M","2.62%"
"03/13/2023","280","282","283","274","2.01M","1.33%"
"03/10/2023","277","276","282","266","1.96M","-0.99%"
"03/09/2023","279","283","284","276","836.61K","-0.65%"
"03/08/2023","281","277","285","274","740.02K","1.66%"
"03/07/2023","277","285","287","276","2.86M","-1.95%"
"03/06/2023","282","299","305","280","2.11M","-5.54%"
"03/03/2023","299","305","320","299","839.24K","-3.27%"
"03/02/2023","309","311","326","285","13.67M","0.00%"
"03/01/2023","309","284","310","284","3.73M","5.99%"
"02/28/2023","291","279","293","278","1.55M","4.62%"
"02/27/2023","279","286","287","272","3.53M","-2.26%"
"02/24/2023","285","294","294","284","2.76M","-2.82%"
"02/23/2023","293","290","294","285","1.69M","1.59%"
"02/22/2023","289","285","294","285","2.37M","1.29%"
"02/21/2023","285","291","296","281","2.84M","-2.21%"
"02/20/2023","291","291","302","290","1.36M","0.64%"
"02/17/2023","290","285","321","280","7.41M","2.61%"
"02/16/2023","282","283","289","278","2.03M","1.32%"
"02/15/2023","279","289","294","279","4.11M","-3.81%"
"02/14/2023","290","282","293","277","2.79M","2.61%"
"02/13/2023","282","282","286","275","3.20M","-0.65%"
"02/10/2023","284","279","287","276","1.56M","0.00%"
"02/09/2023","284","287","290","276","3.08M","-1.90%"
"02/08/2023","290","290","296","276","7.21M","0.00%"
"02/07/2023","290","245","298","237","28.40M","20.23%"
"02/06/2023","241","232","245","231","2.53M","1.95%"
"02/03/2023","236","239","242","233","1.13M","-1.15%"
"02/02/2023","239","245","248","236","3.34M","-3.70%"
"02/01/2023","248","244","252","241","4.19M","1.89%"
"01/31/2023","244","239","246","231","4.51M","0.00%"
"01/30/2023","244","244","246","237","2.62M","0.00%"
"01/27/2023","244","249","256","244","4.19M","-1.85%"
"01/26/2023","248","244","264","242","6.81M","0.75%"
"01/25/2023","246","236","257","236","6.18M","5.51%"
"01/24/2023","233","213","237","208","9.40M","9.01%"
"01/23/2023","214","211","217","202","1.51M","7.37%"
"01/20/2023","199","216","216","199","2.40M","-7.27%"
"01/19/2023","215","222","222","212","1.28M","-1.68%"
"01/18/2023","219","223","225","215","458.19K","-1.65%"
"01/17/2023","222","219","223","215","1.68M","2.11%"
"01/16/2023","218","222","231","214","3.50M","-3.27%"
"01/13/2023","225","221","234","221","4.14M","1.24%"
"01/12/2023","222","210","228","210","3.41M","5.68%"
"01/11/2023","211","208","216","204","992.37K","2.23%"
"01/10/2023","206","211","216","206","1.85M","-2.61%"
"01/09/2023","211","203","220","202","6.15M","4.55%"
"01/06/2023","202","198","209","194","2.60M","1.85%"
"01/05/2023","199","201","214","194","3.49M","1.41%"
"01/04/2023","196","194","199","193","998.90K","0.00%"
"01/03/2023","196","206","206","194","986.35K","-2.29%"
"12/30/2022","200","199","200","196","788.76K","0.93%"
"12/29/2022","199","202","202","198","1.03M","-1.37%"
"12/28/2022","201","205","205","200","784.57K","-1.79%"
"12/23/2022","205","210","210","203","281.21K","-0.89%"
"12/22/2022","207","209","212","204","571.70K","-0.44%"
"12/21/2022","208","211","216","208","848.71K","-1.74%"
"12/20/2022","211","206","214","199","5.33M","3.60%"
"12/19/2022","204","198","208","194","3.84M","3.74%"
"12/15/2022","197","194","201","192","6.68M","0.94%"
"12/14/2022","195","208","208","193","3.39M","-6.19%"
"12/13/2022","208","213","217","208","508.04K","-1.31%"
"12/12/2022","211","216","216","208","3.34M","-4.18%"
"12/09/2022","220","225","225","214","971.68K","1.27%"
"12/08/2022","217","228","228","217","930.09K","-1.67%"
"12/07/2022","221","238","238","218","1.86M","-4.76%"
"12/06/2022","232","233","242","232","2.63M","-3.08%"
"12/05/2022","239","238","241","232","3.07M","2.36%"
"12/02/2022","233","219","238","217","3.35M","7.17%"
"12/01/2022","218","241","249","217","4.84M","-9.89%"
"11/30/2022","242","250","250","242","4.69M","-2.59%"
"11/29/2022","248","268","269","243","5.72M","-5.26%"
"11/28/2022","262","262","271","247","3.54M","1.79%"
"11/25/2022","257","245","261","241","4.71M","3.70%"
"11/24/2022","248","217","250","217","7.07M","12.03%"
"11/23/2022","222","207","226","203","5.00M","8.07%"
"11/22/2022","205","203","208","199","4.62M","0.91%"
"11/21/2022","203","208","223","201","3.53M","-3.07%"
"11/18/2022","210","208","211","192","4.68M","3.64%"
"11/17/2022","202","209","211","197","7.05M","-3.51%"
"11/16/2022","210","201","215","196","5.83M","3.64%"
"11/15/2022","202","205","209","200","1.47M","-2.66%"
"11/14/2022","208","211","211","206","1.88M","-1.74%"
"11/11/2022","211","210","221","210","3.77M","2.68%"
"11/10/2022","206","198","209","196","1.94M","2.75%"
"11/09/2022","200","205","209","199","1.32M","-2.24%"
"11/08/2022","205","213","213","203","2.32M","-2.19%"
"11/07/2022","210","207","215","203","2.56M","0.88%"
"11/04/2022","208","207","211","196","2.01M","1.35%"
"11/03/2022","205","205","208","199","2.52M","-1.33%"
"11/02/2022","208","213","213","204","3.08M","0.00%"
"11/01/2022","208","203","210","203","2.65M","1.35%"
"10/31/2022","205","202","206","201","1.46M","0.00%"
"10/28/2022","205","198","206","196","1.59M","0.00%"
"10/27/2022","205","189","208","185","4.27M","7.73%"
"10/26/2022","190","182","192","174","7.71M","4.02%"
"10/25/2022","183","190","190","180","4.13M","-0.50%"
"10/24/2022","184","199","199","182","2.02M","-7.83%"
"10/21/2022","199","187","199","171","12.60M","7.96%"
"10/20/2022","185","196","201","184","6.60M","-8.22%"
"10/19/2022","201","201","203","193","1.18M","0.00%"
"10/18/2022","201","202","206","198","2.63M","0.46%"
"10/17/2022","200","198","203","193","8.00M","-0.46%"
"10/14/2022","201","199","206","196","1.62M","2.82%"
"10/13/2022","196","194","199","194","574.19K","0.00%"
"10/12/2022","196","199","204","195","2.29M","-3.18%"
"10/11/2022","202","199","207","198","1.23M","1.38%"
"10/10/2022","199","206","211","199","2.41M","-3.13%"
"10/07/2022","206","211","211","202","1.04M","-2.18%"
"10/06/2022","211","207","217","207","1.44M","-0.44%"
"10/05/2022","211","216","216","205","1.77M","0.44%"
"10/04/2022","211","213","219","208","3.47M","0.88%"
"10/03/2022","209","210","212","203","3.40M","-0.44%"
"09/30/2022","210","221","222","207","1.63M","-4.60%"
"09/29/2022","220","210","223","201","3.13M","5.29%"
"09/28/2022","209","208","211","191","4.55M","0.44%"
"09/27/2022","208","211","216","205","3.57M","-2.59%"
"09/26/2022","213","222","223","209","3.85M","-4.13%"
"09/23/2022","222","234","242","222","2.63M","-6.92%"
"09/22/2022","239","223","240","219","3.11M","6.56%"
"09/21/2022","224","232","232","217","1.91M","-0.81%"
"09/20/2022","226","236","245","223","2.42M","-4.28%"
"09/19/2022","236","241","241","232","270.36K","-1.91%"
"09/16/2022","241","236","245","227","3.28M","1.95%"
"09/15/2022","236","236","240","227","2.39M","0.78%"
"09/14/2022","234","247","247","230","3.80M","-2.67%"
"09/13/2022","241","249","250","234","1.64M","-2.96%"
"09/12/2022","248","229","251","229","7.17M","9.76%"
"09/09/2022","226","222","233","222","1.34M","-0.81%"
"09/08/2022","228","228","233","226","892.94K","-0.40%"
"09/07/2022","229","237","237","224","1.08M","-1.58%"
"09/06/2022","233","244","246","228","1.77M","-4.17%"
"09/05/2022","243","237","245","233","1.07M","2.33%"
"09/02/2022","237","233","239","221","1.98M","3.20%"
"09/01/2022","230","232","243","230","1.30M","-1.96%"
"08/31/2022","234","231","238","231","2.86M","0.39%"
"08/30/2022","233","248","250","231","2.98M","-4.87%"
"08/29/2022","245","249","252","244","2.64M","-2.91%"
"08/26/2022","253","256","260","251","3.22M","-1.43%"
"08/25/2022","256","260","263","255","746.26K","0.00%"
"08/24/2022","256","260","265","256","1.38M","-1.06%"
"08/23/2022","259","260","263","254","1.13M","-9.36%"
"08/22/2022","286","286","293","282","2.47M","-0.35%"
"08/19/2022","287","299","299","285","1.82M","-4.01%"
"08/18/2022","299","285","303","284","2.58M","4.55%"
"08/17/2022","286","298","299","286","1.30M","-3.38%"
"08/16/2022","296","284","303","284","2.23M","2.07%"
"08/15/2022","290","290","291","285","699.92K","0.00%"
"08/12/2022","290","295","296","287","1.16M","-1.02%"
"08/11/2022","293","278","296","278","2.50M","4.27%"
"08/10/2022","281","283","283","273","1.60M","1.08%"
"08/08/2022","278","280","280","273","2.53M","1.46%"
"08/05/2022","274","271","276","271","1.85M","1.11%"
"08/04/2022","271","277","280","271","3.98M","-1.81%"
"08/03/2022","276","286","286","272","3.44M","0.73%"
"08/02/2022","274","288","288","273","3.03M","-3.86%"
"08/01/2022","285","288","289","283","2.64M","0.00%"
"07/29/2022","285","283","294","280","1.86M","2.52%"
"07/28/2022","278","290","297","278","4.46M","-4.14%"
"07/27/2022","290","294","300","290","1.80M","-1.36%"
"07/26/2022","294","305","310","291","4.96M","-2.65%"
"07/25/2022","302","305","306","298","1.56M","-1.31%"
"07/22/2022","306","303","314","298","4.64M","1.66%"
"07/21/2022","301","308","315","298","2.68M","-1.31%"
"07/20/2022","305","302","310","298","2.91M","2.35%"
"07/19/2022","298","307","318","296","1.88M","-2.61%"
"07/18/2022","306","300","338","300","4.31M","-0.97%"
"07/15/2022","309","299","312","284","5.42M","5.46%"
"07/14/2022","293","325","328","293","2.85M","-12.54%"
"07/13/2022","335","358","358","318","4.15M","-5.10%"
"07/12/2022","353","342","353","339","6.58M","0.86%"
"07/11/2022","350","345","364","332","22.72M","1.16%"
"07/08/2022","346","319","346","315","8.45M","8.46%"
"07/07/2022","319","284","319","282","6.32M","15.16%"
"07/06/2022","277","273","284","273","1.22M","1.47%"
"07/05/2022","273","287","287","271","3.63M","-3.87%"
"07/04/2022","284","280","287","269","2.01M","4.41%"
"07/01/2022","272","285","287","266","3.78M","-5.23%"
"06/30/2022","287","270","295","251","5.09M","5.13%"
"06/29/2022","273","276","281","264","3.37M","-2.15%"
"06/28/2022","279","295","304","277","3.48M","-6.38%"
"06/27/2022","298","306","315","294","1.89M","-1.00%"
"06/24/2022","301","300","303","289","2.46M","1.01%"
"06/23/2022","298","270","330","268","11.23M","9.96%"
"06/22/2022","271","325","330","248","8.50M","-19.10%"
"06/21/2022","335","340","340","324","964.34K","3.40%"
"06/20/2022","324","323","328","320","1.21M","0.62%"
"06/17/2022","322","343","347","322","4.68M","-6.12%"
"06/15/2022","343","330","350","330","1.74M","3.31%"
"06/14/2022","332","330","341","329","1.65M","0.61%"
"06/13/2022","330","342","342","320","3.39M","-2.94%"
"06/10/2022","340","350","352","340","2.19M","-2.86%"
"06/09/2022","350","349","363","349","1.72M","-2.78%"
"06/08/2022","360","348","368","348","2.93M","0.56%"
"06/07/2022","358","357","360","341","4.04M","0.56%"
"06/06/2022","356","366","378","356","1.80M","-2.73%"
"06/03/2022","366","367","376","363","1.15M","-0.81%"
"06/02/2022","369","354","385","354","4.63M","3.07%"
"06/01/2022","358","362","374","357","1.18M","-4.53%"
"05/31/2022","375","373","386","370","4.28M","0.00%"
"05/30/2022","375","365","383","365","1.90M","1.08%"
"05/27/2022","371","348","383","348","4.40M","6.61%"
"05/26/2022","348","359","359","341","2.96M","-1.69%"
"05/25/2022","354","359","361","352","1.86M","-1.39%"
"05/24/2022","359","368","368","357","1.78M","-1.37%"
"05/23/2022","364","362","371","362","533.09K","-0.82%"
"05/20/2022","367","358","370","358","689.19K","1.66%"
"05/19/2022","361","374","374","356","3.49M","-3.48%"
"05/18/2022","374","377","388","373","4.99M","-0.80%"
"05/17/2022","377","374","377","370","2.88M","1.34%"
"05/16/2022","372","371","383","371","1.69M","-0.53%"
"05/13/2022","374","384","389","371","1.12M","-0.53%"
"05/12/2022","376","367","379","364","2.27M","0.00%"
"05/11/2022","376","371","377","368","1.42M","0.53%"
"05/10/2022","374","385","390","371","1.79M","-2.60%"
"05/09/2022","384","395","395","371","2.28M","-2.04%"
"05/06/2022","392","403","403","385","5.16M","-3.45%"
"05/05/2022","406","405","413","402","1.97M","0.25%"
"05/04/2022","405","415","417","398","1.68M","-2.17%"
"05/03/2022","414","387","418","384","5.81M","7.25%"
"04/29/2022","386","378","389","375","1.72M","3.76%"
"04/28/2022","372","390","393","372","4.38M","-3.88%"
"04/26/2022","387","399","399","384","4.76M","-1.02%"
"04/25/2022","391","387","395","377","5.06M","-0.26%"
"04/22/2022","392","396","405","390","898.37K","-2.00%"
"04/21/2022","400","393","403","387","3.19M","1.78%"
"04/20/2022","393","409","409","391","1.83M","-2.72%"
"04/19/2022","404","386","409","386","6.68M","5.48%"
"04/14/2022","383","385","385","379","1.42M","-0.26%"
"04/13/2022","384","385","395","381","2.34M","0.26%"
"04/12/2022","383","391","391","369","5.32M","-2.30%"
"04/11/2022","392","400","400","391","1.69M","-2.24%"
"04/08/2022","401","410","410","392","2.69M","-2.43%"
"04/07/2022","411","423","423","411","1.74M","-3.07%"
"04/06/2022","424","411","432","411","5.63M","2.91%"
"04/05/2022","412","420","420","404","1.38M","0.24%"
"04/04/2022","411","428","428","409","1.69M","-3.07%"
"04/01/2022","424","425","432","417","1.85M","-0.24%"
"03/31/2022","425","408","429","400","17.66M","5.72%"
"03/30/2022","402","405","405","391","8.26M","-0.50%"
"03/29/2022","404","398","414","397","7.97M","1.76%"
"03/28/2022","397","393","409","393","2.63M","0.00%"
"03/25/2022","397","396","411","394","5.39M","1.02%"
"03/24/2022","393","414","415","386","12.45M","-3.68%"
"03/23/2022","408","438","458","402","8.96M","-4.90%"
"03/22/2022","429","413","441","413","7.23M","3.87%"
"03/18/2022","413","415","424","410","4.23M","0.49%"
"03/17/2022","411","387","417","387","3.07M","7.03%"
"03/16/2022","384","384","405","380","2.44M","-3.27%"
"03/15/2022","397","386","398","381","3.36M","1.28%"
"03/14/2022","392","405","411","387","3.20M","-3.69%"
"03/11/2022","407","410","412","393","4.45M","-1.45%"
"03/10/2022","413","399","419","390","5.52M","8.40%"
"03/09/2022","381","359","398","359","7.39M","5.54%"
"03/08/2022","361","360","377","360","4.67M","-0.55%"
"03/07/2022","363","370","372","352","6.24M","-0.27%"
"03/04/2022","364","387","390","357","13.07M","-6.91%"
"03/03/2022","391","387","399","386","3.17M","0.51%"
"03/02/2022","389","401","407","388","6.69M","-4.42%"
"03/01/2022","407","405","418","403","4.85M","0.00%"
"02/28/2022","407","420","428","404","2.25M","-4.24%"
"02/25/2022","425","400","425","400","1.19M","2.91%"
"02/24/2022","413","418","418","396","7.78M","-3.05%"
"02/23/2022","426","440","441","420","2.30M","-3.18%"
"02/22/2022","440","430","441","411","4.00M","2.33%"
"02/21/2022","430","425","443","425","3.04M","0.00%"
"02/18/2022","430","435","435","425","2.09M","-1.15%"
"02/17/2022","435","428","448","427","2.28M","-0.23%"
"02/16/2022","436","425","442","425","2.81M","2.83%"
"02/15/2022","424","430","430","414","4.89M","0.00%"
"02/14/2022","424","444","445","423","8.09M","-5.15%"
"02/11/2022","447","448","452","437","3.63M","-0.22%"
"02/10/2022","448","455","457","442","5.21M","-0.22%"
"02/09/2022","449","455","458","445","2.77M","-1.32%"
"02/08/2022","455","468","468","450","3.71M","-2.15%"
"02/07/2022","465","458","469","457","1.86M","-0.64%"
"02/04/2022","468","456","468","454","3.28M","2.41%"
"02/03/2022","457","475","475","456","2.02M","-2.14%"
"02/02/2022","467","478","478","451","5.08M","0.00%"
"02/01/2022","467","456","475","455","2.44M","2.86%"
"01/31/2022","454","474","474","446","5.84M","-0.66%"
"01/28/2022","457","474","474","455","3.21M","-0.22%"
"01/27/2022","458","460","475","454","4.01M","-1.29%"
"01/26/2022","464","436","475","426","9.48M","6.67%"
"01/25/2022","435","474","479","434","9.72M","-6.65%"
"01/24/2022","466","520","521","466","15.99M","-9.16%"
"01/21/2022","513","554","559","496","9.79M","-7.40%"
"01/20/2022","554","570","589","549","15.65M","-2.29%"
"01/19/2022","567","530","574","530","10.46M","5.00%"
"01/18/2022","540","529","545","517","6.64M","4.05%"
"01/17/2022","519","537","538","516","3.44M","-1.70%"
"01/14/2022","528","525","528","514","3.79M","-0.38%"
"01/13/2022","530","532","541","519","3.37M","-0.56%"
"01/12/2022","533","569","572","533","3.08M","-3.44%"
"01/11/2022","552","572","582","549","3.85M","-3.16%"
"01/10/2022","570","565","587","558","6.80M","1.60%"
"01/07/2022","561","525","574","525","7.78M","7.27%"
"01/06/2022","523","494","526","494","4.38M","5.02%"
"01/05/2022","498","506","512","496","1.06M","-0.99%"
"01/04/2022","503","511","518","503","1.74M","-1.18%"
"01/03/2022","509","510","527","506","3.09M","0.79%"
"12/31/2021","505","505","511","496","1.32M","2.23%"
"12/30/2021","494","499","501","491","583.75K","-0.40%"
"12/29/2021","496","502","504","495","1.11M","-1.20%"
"12/28/2021","502","508","516","502","1.68M","-1.18%"
"12/24/2021","508","500","508","500","729.79K","0.40%"
"12/23/2021","506","511","523","506","1.07M","-2.69%"
"12/22/2021","520","506","527","506","5.19M","0.19%"
"12/21/2021","519","515","528","502","3.04M","1.76%"
"12/20/2021","510","520","529","504","5.69M","-2.49%"
"12/17/2021","523","504","530","504","11.39M","4.39%"
"12/15/2021","501","481","510","480","4.05M","3.73%"
"12/14/2021","483","482","490","480","1.91M","-0.41%"
"12/13/2021","485","481","499","481","1.87M","0.83%"
"12/10/2021","481","490","494","481","1.97M","-1.64%"
"12/09/2021","489","493","501","486","2.85M","-0.81%"
"12/08/2021","493","510","510","486","3.19M","-2.18%"
"12/07/2021","504","500","515","496","3.12M","1.82%"
"12/06/2021","495","529","529","495","2.71M","-4.99%"
"12/03/2021","521","524","529","496","4.42M","1.17%"
"12/02/2021","515","510","521","496","5.28M","1.18%"
"12/01/2021","509","508","530","507","4.54M","1.60%"
"11/30/2021","501","506","514","490","5.18M","-0.79%"
"11/29/2021","505","481","514","481","2.82M","5.21%"
"11/26/2021","480","505","505","465","7.71M","-6.43%"
"11/25/2021","513","507","517","502","1.91M","1.18%"
"11/24/2021","507","524","524","493","3.08M","-0.98%"
"11/23/2021","512","550","577","504","6.18M","-3.40%"
"11/22/2021","530","522","534","517","1.46M","0.95%"
"11/19/2021","525","522","527","516","1.58M","0.57%"
"11/18/2021","522","532","541","513","4.75M","-2.06%"
"11/17/2021","533","547","557","514","5.30M","-2.20%"
"11/16/2021","545","505","565","498","11.69M","6.24%"
"11/15/2021","513","506","519","492","2.48M","1.38%"
"11/12/2021","506","515","534","498","3.21M","-1.75%"
"11/11/2021","515","532","535","515","3.20M","-3.74%"
"11/10/2021","535","551","559","527","1.84M","-3.78%"
"11/09/2021","556","555","564","550","2.39M","-0.36%"
"11/08/2021","558","556","564","550","3.37M","0.18%"
"11/05/2021","557","550","561","537","4.17M","1.64%"
"11/04/2021","548","517","553","511","5.14M","5.59%"
"11/03/2021","519","530","547","515","6.28M","-3.17%"
"11/02/2021","536","534","556","532","6.48M","0.37%"
"10/29/2021","534","545","550","527","6.44M","-2.02%"
"10/28/2021","545","549","560","539","3.38M","0.18%"
"10/27/2021","544","551","559","540","3.18M","-1.98%"
"10/26/2021","555","565","576","551","5.37M","-1.60%"
"10/25/2021","564","556","568","554","2.47M","1.44%"
"10/22/2021","556","552","576","551","4.90M","0.54%"
"10/21/2021","553","546","563","544","4.69M","1.28%"
"10/20/2021","546","560","565","531","7.12M","-2.67%"
"10/19/2021","561","579","579","556","2.41M","-2.09%"
"10/18/2021","573","573","580","554","2.28M","0.00%"
"10/15/2021","573","584","584","560","2.98M","-1.88%"
"10/14/2021","584","550","591","550","9.60M","5.42%"
"10/13/2021","554","574","587","532","15.09M","-2.46%"
"10/12/2021","568","556","590","535","27.73M","6.37%"
"10/11/2021","534","496","560","490","18.62M","8.98%"
"10/08/2021","490","481","504","481","16.39M","3.16%"
"10/07/2021","475","453","490","448","14.53M","5.09%"
"10/06/2021","452","453","462","446","24.62M","-0.22%"
"10/05/2021","453","431","453","431","9.14M","4.62%"
"10/04/2021","433","445","454","430","8.10M","-3.13%"
"10/01/2021","447","436","450","432","19.33M","2.05%"
"09/30/2021","438","424","441","418","15.08M","3.30%"
"09/29/2021","424","415","425","402","5.46M","2.66%"
"09/28/2021","413","420","433","410","7.07M","0.73%"
"09/27/2021","410","418","430","404","9.04M","-1.91%"
"09/23/2021","418","415","420","407","4.85M","1.46%"
"09/22/2021","412","393","436","393","16.19M","4.83%"
"09/21/2021","393","380","402","379","32.85M","3.42%"
"09/20/2021","380","377","383","359","13.21M","-0.52%"
"09/17/2021","382","353","382","346","38.85M","8.52%"
"09/16/2021","352","354","354","346","3.51M","-0.56%"
"09/15/2021","354","358","358","348","2.22M","-1.12%"
"09/14/2021","358","364","364","347","7.17M","-1.38%"
"09/13/2021","363","352","364","347","5.58M","3.13%"
"09/10/2021","352","355","361","350","1.85M","-2.49%"
"09/09/2021","361","360","362","355","3.11M","-0.55%"
"09/08/2021","363","365","365","357","1.91M","-0.82%"
"09/07/2021","366","355","367","352","2.82M","2.81%"
"09/06/2021","356","356","361","355","1.69M","-0.84%"
"09/03/2021","359","348","361","348","3.67M","1.99%"
"09/02/2021","352","350","353","346","2.28M","0.57%"
"09/01/2021","350","351","358","347","2.14M","-1.13%"
"08/31/2021","354","360","360","350","2.92M","0.57%"
"08/30/2021","352","356","362","351","1.87M","-1.40%"
"08/27/2021","357","352","359","346","4.55M","2.00%"
"08/26/2021","350","360","360","342","6.70M","-2.23%"
"08/25/2021","358","365","370","356","1.88M","-2.45%"
"08/24/2021","367","360","370","360","3.70M","1.38%"
"08/23/2021","362","350","364","350","4.28M","2.55%"
"08/20/2021","353","367","367","348","5.59M","0.28%"
"08/19/2021","352","380","380","348","12.20M","-7.37%"
"08/18/2021","380","370","384","370","3.30M","2.70%"
"08/17/2021","370","370","381","369","3.14M","-1.33%"
"08/16/2021","375","370","376","367","2.76M","0.81%"
"08/13/2021","372","370","375","368","1.57M","-0.53%"
"08/12/2021","374","387","396","366","11.88M","-3.61%"
"08/11/2021","388","375","391","375","8.52M","3.47%"
"08/10/2021","375","367","377","367","4.66M","2.46%"
"08/06/2021","366","366","372","364","2.55M","0.00%"
"08/05/2021","366","364","375","363","2.60M","-1.88%"
"08/04/2021","373","370","377","362","6.05M","0.81%"
"08/03/2021","370","353","371","353","13.75M","4.52%"
"08/02/2021","354","379","379","353","7.59M","-3.01%"
"07/30/2021","365","370","372","361","7.10M","-1.08%"
"07/29/2021","369","359","383","359","10.34M","3.36%"
"07/28/2021","357","356","363","350","5.69M","0.85%"
"07/27/2021","354","356","365","352","1.53M","-1.12%"
"07/26/2021","358","343","361","343","2.83M","2.29%"
"07/23/2021","350","362","362","347","3.32M","-1.41%"
"07/22/2021","355","359","362","355","1.91M","0.00%"
"07/21/2021","355","346","360","346","4.35M","2.60%"
"07/20/2021","346","348","349","341","2.29M","1.76%"
"07/19/2021","340","355","355","337","8.96M","-4.49%"
"07/16/2021","356","373","377","348","7.57M","-4.56%"
"07/15/2021","373","358","377","358","6.75M","4.19%"
"07/14/2021","358","350","358","342","6.22M","1.42%"
"07/13/2021","353","357","366","352","6.91M","-1.40%"
"07/12/2021","358","372","373","353","8.88M","-3.76%"
"07/09/2021","372","376","386","367","22.62M","-2.87%"
"07/08/2021","383","396","396","377","7.05M","-2.54%"
"07/07/2021","393","386","398","381","5.13M","1.81%"
"07/06/2021","386","389","401","383","21.58M","-0.52%"
"07/05/2021","388","389","390","368","9.92M","1.84%"
"07/02/2021","381","376","391","372","15.00M","1.06%"
"07/01/2021","377","395","395","377","6.86M","-3.08%"
"06/30/2021","389","385","402","378","31.28M","0.52%"
"06/29/2021","387","377","392","367","12.03M","2.65%"
"06/28/2021","377","377","400","375","28.36M","-0.26%"
"06/25/2021","378","334","380","333","48.38M","12.84%"
"06/24/2021","335","333","342","324","15.02M","0.90%"
"06/23/2021","332","327","337","321","11.48M","3.43%"
"06/22/2021","321","326","344","307","14.07M","-0.93%"
"06/21/2021","324","296","324","276","21.66M","9.83%"
"06/18/2021","295","317","319","291","13.11M","-6.94%"
"06/17/2021","317","310","319","310","7.13M","1.28%"
"06/15/2021","313","325","331","307","10.00M","-3.69%"
"06/14/2021","325","300","327","296","15.50M","8.70%"
"06/11/2021","299","304","310","297","8.38M","-2.92%"
"06/10/2021","308","315","318","297","18.93M","-4.05%"
"06/09/2021","321","338","342","307","39.35M","-4.18%"
"06/08/2021","335","326","338","323","7.45M","3.08%"
"06/07/2021","325","316","325","308","6.09M","2.85%"
"06/04/2021","316","333","343","316","16.90M","-5.67%"
"06/03/2021","335","342","347","327","14.59M","-2.62%"
"06/02/2021","344","332","345","331","9.15M","4.24%"
"06/01/2021","330","340","341","328","5.24M","-1.49%"
"05/31/2021","335","344","354","327","17.60M","-2.90%"
"05/28/2021","345","342","349","339","5.29M","1.47%"
"05/27/2021","340","334","342","326","12.27M","1.49%"
"05/26/2021","335","333","335","325","6.69M","1.52%"
"05/25/2021","330","340","343","320","11.14M","-1.20%"
"05/24/2021","334","331","343","328","7.83M","2.14%"
"05/21/2021","327","339","342","325","5.71M","-2.97%"
"05/20/2021","337","325","340","323","8.56M","5.31%"
"05/19/2021","320","345","351","316","17.98M","-6.16%"
"05/18/2021","341","363","375","336","26.99M","-5.28%"
"05/17/2021","360","373","384","359","30.89M","-3.23%"
"05/14/2021","372","354","372","352","16.89M","5.38%"
"05/13/2021","353","343","355","335","20.69M","1.73%"
"05/12/2021","347","358","365","346","6.49M","-3.07%"
"05/11/2021","358","346","360","342","16.23M","2.58%"
"05/10/2021","349","339","355","330","25.83M","3.87%"
"05/07/2021","336","317","342","317","24.85M","3.38%"
"05/06/2021","325","329","329","299","12.89M","0.31%"
"05/05/2021","324","343","343","319","17.06M","-5.81%"
"05/04/2021","344","328","350","328","24.11M","4.88%"
"05/03/2021","328","311","332","307","19.52M","9.70%"
"04/30/2021","299","317","322","294","22.73M","-6.56%"
"04/29/2021","320","327","333","318","18.39M","-1.23%"
"04/28/2021","324","314","327","307","10.90M","3.18%"
"04/26/2021","314","331","335","310","15.29M","-4.85%"
"04/23/2021","330","318","333","312","6.04M","3.77%"
"04/22/2021","318","315","323","313","5.07M","0.95%"
"04/21/2021","315","331","331","305","9.60M","-3.96%"
"04/20/2021","328","335","342","323","22.02M","-0.61%"
"04/19/2021","330","322","343","322","14.85M","2.48%"
"04/16/2021","322","314","327","311","23.71M","2.55%"
"04/15/2021","314","318","319","304","8.33M","-0.32%"
"04/14/2021","315","300","320","297","16.71M","5.00%"
"04/13/2021","300","309","309","279","15.30M","-0.99%"
"04/12/2021","303","305","314","298","15.71M","-0.66%"
"04/09/2021","305","302","316","298","43.73M","0.99%"
"04/08/2021","302","297","303","291","26.32M","3.42%"
"04/07/2021","292","275","296","263","39.59M","4.29%"
"04/06/2021","280","296","308","244","65.19M","-4.76%"
"04/01/2021","294","244","306","244","85.69M","22.50%"
"03/31/2021","240","204","256","204","47.16M","18.23%"
"03/30/2021","203","193","204","192","33.76M","6.84%"
"03/29/2021","190","177","192","176","38.41M","7.34%"
"03/26/2021","177","171","178","170","15.62M","4.12%"
"03/25/2021","170","167","171","164","9.11M","1.19%"
"03/24/2021","168","164","172","164","12.53M","-0.59%"
"03/23/2021","169","169","169","161","7.80M","1.81%"
"03/19/2021","166","170","172","165","3.80M","-1.78%"
"03/18/2021","169","175","176","167","8.16M","-2.31%"
"03/17/2021","173","166","176","166","9.25M","4.22%"
"03/16/2021","166","171","173","164","25.83M","-2.92%"
"03/15/2021","171","171","176","169","13.68M","-0.58%"
"03/12/2021","172","180","183","169","30.93M","-4.44%"
"03/11/2021","180","180","184","176","10.19M","0.56%"
"03/10/2021","179","174","180","173","11.30M","0.56%"
"03/09/2021","178","171","178","166","11.30M","5.33%"
"03/08/2021","169","178","180","166","13.05M","-4.52%"
"03/05/2021","177","175","179","170","15.37M","1.14%"
"03/04/2021","175","174","177","170","7.69M","0.57%"
"03/03/2021","174","177","183","169","20.25M","1.75%"
"03/02/2021","171","168","180","166","28.74M","3.01%"
"03/01/2021","166","161","171","159","30.93M","4.40%"
"02/26/2021","159","168","174","157","21.12M","-4.79%"
"02/25/2021","167","187","190","160","32.16M","-9.73%"
"02/24/2021","185","179","189","175","9.37M","5.71%"
"02/23/2021","175","183","190","171","11.97M","-4.37%"
"02/22/2021","183","192","192","183","13.66M","-4.69%"
"02/19/2021","192","190","196","179","6.52M","0.00%"
"02/18/2021","192","198","198","185","7.88M","0.00%"
"02/17/2021","192","188","200","186","23.68M","3.78%"
"02/16/2021","185","180","202","180","26.67M","3.35%"
"02/15/2021","179","185","187","178","9.36M","-2.19%"
"02/12/2021","183","182","185","179","3.85M","1.10%"
"02/11/2021","181","186","190","178","7.95M","-2.16%"
"02/10/2021","185","187","193","175","15.94M","0.00%"
"02/09/2021","185","175","187","175","19.13M","5.71%"
"02/08/2021","175","172","180","172","14.85M","2.34%"
"02/05/2021","171","158","175","158","24.79M","8.23%"
"02/04/2021","158","159","163","157","7.36M","0.00%"
"02/03/2021","158","152","159","151","7.21M","3.95%"
"02/02/2021","152","155","160","151","3.75M","-3.18%"
"02/01/2021","157","160","162","153","10.44M","-1.26%"
"01/29/2021","159","156","161","152","8.18M","2.58%"
"01/28/2021","155","160","162","152","8.29M","-3.13%"
"01/27/2021","160","158","161","151","13.19M","3.23%"
"01/26/2021","155","161","163","148","15.24M","-3.13%"
"01/25/2021","160","169","173","160","14.28M","-5.33%"
"01/22/2021","169","175","180","157","19.87M","-3.43%"
"01/21/2021","175","170","183","170","15.74M","2.94%"
"01/20/2021","170","158","175","157","19.00M","7.59%"
"01/19/2021","158","151","158","150","5.06M","5.33%"
"01/18/2021","150","147","153","147","3.84M","2.04%"
"01/15/2021","147","150","151","145","7.53M","0.00%"
"01/14/2021","147","155","156","144","27.48M","-2.65%"
"01/13/2021","151","155","162","148","13.67M","-0.66%"
"01/12/2021","152","144","162","142","19.36M","5.56%"
"01/11/2021","144","146","152","139","9.23M","-0.69%"
"01/08/2021","145","135","148","135","11.75M","7.41%"
"01/07/2021","135","131","135","122","10.17M","3.85%"
"01/06/2021","130","134","134","128","8.24M","-2.99%"
"01/05/2021","134","137","139","133","4.21M","-2.19%"
"01/04/2021","137","140","140","132","8.43M","-0.72%"
"12/31/2020","138","137","140","132","4.61M","-0.72%"
"12/30/2020","139","139","142","136","6.68M","0.00%"
"12/29/2020","139","142","142","136","2.63M","-2.80%"
"12/28/2020","143","143","148","141","3.59M","-1.38%"
"12/24/2020","145","138","145","138","5.13M","5.07%"
"12/23/2020","138","141","143","135","3.60M","-2.13%"
"12/22/2020","141","142","150","133","21.90M","-0.70%"
"12/21/2020","142","159","159","120","22.46M","-9.55%"
"12/18/2020","157","155","163","152","10.08M","1.95%"
"12/17/2020","154","154","175","151","29.58M","1.99%"
"12/15/2020","151","140","152","136","17.91M","8.63%"
"12/14/2020","139","152","152","137","13.54M","-3.47%"
"12/11/2020","144","136","145","134","28.29M","6.67%"
"12/10/2020","135","152","158","108","50.48M","-6.25%"
"12/09/2020","144","133","158","133","45.02M","16.13%"
"12/08/2020","124","112","129","112","41.54M","15.89%"
"12/07/2020","107","96","110","92","32.71M","12.63%"
"12/04/2020","95","87","95","85","30.75M","13.10%"
"12/03/2020","84","87","90","83","10.74M","-3.45%"
"12/02/2020","87","82","88","79","14.96M","14.47%"
"12/01/2020","76","79","81","74","15.38M","-6.17%"
"11/30/2020","81","81","85","79","6.28M","-1.22%"
"11/27/2020","82","78","82","75","3.54M","2.50%"
"11/26/2020","80","86","88","74","15.10M","-9.09%"
"11/25/2020","88","81","92","81","15.21M","8.64%"
"11/24/2020","81","81","84","79","12.33M","1.25%"
"11/23/2020","80","77","82","76","17.30M","3.90%"
"11/20/2020","77","71","78","70","12.61M","8.45%"
"11/19/2020","71","74","75","70","8.10M","-4.05%"
"11/18/2020","74","67","74","67","23.29M","12.12%"
"11/17/2020","66","69","69","64","15.23M","-2.94%"
"11/16/2020","68","73","74","67","19.62M","-5.56%"
"11/13/2020","72","66","73","66","15.84M","10.77%"
"11/12/2020","65","61","67","59","26.51M","8.33%"
"11/11/2020","60","58","60","56","10.22M","3.45%"
"11/10/2020","58","55","58","55","11.43M","5.45%"
"11/09/2020","55","49","57","48","21.58M","14.58%"
"11/06/2020","48","46","50","46","6.05M","0.00%"
"11/05/2020","48","45","50","45","16.46M","6.67%"
"11/04/2020","45","46","48","43","9.82M","-2.17%"
"11/03/2020","46","50","50","45","24.95M","-4.17%"
"11/02/2020","48","53","53","48","10.62M","-9.43%"
"10/30/2020","53","54","54","49","7.87M","1.92%"
"10/29/2020","52","56","56","48","5.61M","-7.14%"
"10/28/2020","56","56","57","54","3.39M","0.00%"
"10/27/2020","56","59","59","54","6.60M","-3.45%"
"10/26/2020","58","59","61","57","3.61M","-1.69%"
"10/23/2020","59","58","59","57","2.93M","0.00%"
"10/22/2020","59","58","59","56","3.21M","1.72%"
"10/21/2020","58","58","59","53","26.60M","5.45%"
"10/20/2020","55","58","59","55","3.00M","-5.17%"
"10/19/2020","58","60","60","54","23.86M","-1.69%"
"10/16/2020","59","55","59","53","22.29M","7.27%"
"10/15/2020","55","55","57","52","6.19M","-3.51%"
"10/14/2020","57","57","58","55","4.34M","3.64%"
"10/13/2020","55","60","61","53","20.38M","-8.33%"
"10/12/2020","60","68","68","55","13.86M","-10.45%"
"10/09/2020","67","62","70","62","8.42M","4.69%"
"10/08/2020","64","62","64","62","3.68M","3.23%"
"10/07/2020","62","60","64","57","8.48M","1.64%"
"10/06/2020","61","63","63","57","6.52M","0.00%"
"10/05/2020","61","63","64","59","5.66M","5.17%"
"10/02/2020","58","65","66","58","12.40M","-10.77%"
"10/01/2020","65","62","69","61","11.68M","10.17%"
"09/30/2020","59","53","62","53","9.86M","15.69%"
"09/29/2020","51","50","53","49","9.13M","-1.92%"
"09/28/2020","52","50","55","47","3.85M","0.00%"
"09/25/2020","52","52","53","48","4.83M","-1.89%"
"09/23/2020","53","57","57","50","10.01M","-3.64%"
"09/22/2020","55","56","56","54","2.98M","-1.79%"
"09/21/2020","56","60","60","51","23.80M","-3.45%"
"09/18/2020","58","62","62","57","66.47M","-3.33%"
"09/17/2020","60","58","61","54","26.07M","3.45%"
"09/16/2020","58","65","65","47","70.13M","-9.38%"
"09/15/2020","64","75","75","64","24.44M","-13.51%"
"09/14/2020","74","77","77","69","8.99M","-5.13%"
"09/11/2020","78","73","78","68","16.35M","8.33%"
"09/10/2020","72","78","79","71","11.14M","-5.26%"
"09/09/2020","76","80","80","76","5.40M","-5.00%"
"09/08/2020","80","78","81","78","2.51M","2.56%"
"09/07/2020","78","80","81","78","13.36M","-3.70%"
"09/04/2020","81","82","84","80","8.11M","0.00%"
"09/03/2020","81","82","83","80","8.83M","-1.22%"
"09/02/2020","82","83","86","79","9.03M","0.00%"
"09/01/2020","82","81","84","79","7.92M","2.50%"
"08/31/2020","80","82","82","79","4.39M","-2.44%"
"08/28/2020","82","80","82","79","4.37M","1.23%"
"08/27/2020","81","78","81","77","4.30M","1.25%"
"08/26/2020","80","78","80","77","9.09M","0.00%"
"08/25/2020","80","79","82","78","2.76M","0.00%"
"08/24/2020","80","80","82","78","7.72M","3.90%"
"08/21/2020","77","76","79","76","3.13M","-1.28%"
"08/20/2020","78","77","80","77","5.42M","0.00%"
"08/19/2020","78","81","81","75","4.68M","-2.50%"
"08/18/2020","80","78","87","76","18.77M","2.56%"
"08/17/2020","78","80","80","75","8.81M","-2.50%"
"08/14/2020","80","78","80","78","4.92M","-1.23%"
"08/13/2020","81","78","82","75","14.02M","-2.41%"
"08/12/2020","83","85","88","73","19.14M","-3.49%"
"08/11/2020","86","86","87","82","18.80M","1.18%"
"08/07/2020","85","88","89","83","9.31M","0.00%"
"08/06/2020","85","80","85","79","20.45M","4.94%"
"08/05/2020","81","79","82","75","10.17M","3.85%"
"08/04/2020","78","77","81","73","7.31M","-1.27%"
"08/03/2020","79","78","79","74","3.17M","1.28%"
"07/31/2020","78","83","83","71","13.55M","-1.27%"
"07/30/2020","79","87","87","78","25.00M","-5.95%"
"07/29/2020","84","90","90","83","3.97M","-1.18%"
"07/28/2020","85","90","90","82","4.00M","-4.49%"
"07/27/2020","89","90","95","85","5.02M","-1.11%"
"07/24/2020","90","91","91","81","4.43M","3.45%"
"07/23/2020","87","81","94","80","14.88M","8.75%"
"07/22/2020","80","79","80","77","2.18M","1.27%"
"07/21/2020","79","81","82","76","9.03M","-2.47%"
"07/20/2020","81","83","85","79","3.82M","-2.41%"
"07/17/2020","83","85","85","80","2.82M","1.22%"
"07/16/2020","82","78","83","78","4.35M","0.00%"
"07/15/2020","82","81","82","78","6.19M","5.13%"
"07/14/2020","78","81","83","78","5.28M","-3.70%"
"07/13/2020","81","85","86","79","13.92M","-3.57%"
"07/10/2020","84","85","88","82","4.76M","-1.18%"
"07/09/2020","85","92","92","82","10.24M","-5.56%"
"07/08/2020","90","93","94","87","13.74M","-3.23%"
"07/07/2020","93","98","98","91","3.67M","-5.10%"
"07/06/2020","98","95","98","93","2.77M","3.16%"
"07/03/2020","95","97","99","90","5.64M","1.06%"
"07/02/2020","94","104","104","92","6.15M","-6.00%"
"07/01/2020","100","107","107","96","6.64M","0.00%"
"06/30/2020","100","114","115","99","14.26M","-12.28%"
"06/29/2020","114","115","117","108","15.53M","-0.87%"
"06/26/2020","115","111","118","111","5.18M","3.60%"
"06/25/2020","111","108","114","100","11.68M","2.78%"
"06/24/2020","108","105","116","98","31.22M","2.86%"
"06/23/2020","105","117","120","100","14.79M","-8.70%"
"06/22/2020","115","101","117","97","22.76M","13.86%"
"06/19/2020","101","100","102","96","13.99M","1.00%"
"06/18/2020","100","97","100","89","15.64M","8.70%"
"06/17/2020","92","93","95","88","3.06M","-2.13%"
"06/15/2020","94","95","96","92","836.99K","-2.08%"
"06/12/2020","96","94","97","88","3.84M","1.05%"
"06/11/2020","95","101","101","93","3.43M","-5.00%"
"06/10/2020","100","99","102","92","13.12M","1.01%"
"06/09/2020","99","105","107","95","12.50M","-1.98%"
"06/08/2020","101","92","105","92","12.15M","12.22%"
"06/05/2020","90","93","96","87","12.63M","-3.23%"
"06/04/2020","93","96","100","90","9.33M","-3.13%"
"06/03/2020","96","95","107","95","12.24M","3.23%"
"06/02/2020","93","88","101","85","15.82M","12.05%"
"06/01/2020","83","74","85","74","11.66M","20.29%"
"05/29/2020","69","69","75","67","33.28M","2.99%"
"05/28/2020","67","68","71","61","9.97M","0.00%"
"05/27/2020","67","71","72","65","5.35M","-2.90%"
"05/26/2020","69","70","75","69","4.22M","-2.82%"
"05/25/2020","71","72","75","69","6.89M","4.41%"
"05/22/2020","68","70","75","66","9.01M","-2.86%"
"05/21/2020","70","77","83","67","8.61M","-7.89%"
"05/20/2020","76","85","89","73","8.61M","-7.32%"
"05/19/2020","82","90","93","80","4.84M","-5.75%"
"05/18/2020","87","91","95","81","5.35M","-6.45%"
"05/15/2020","93","98","98","91","2.57M","-4.12%"
"05/14/2020","97","101","102","93","1.42M","0.00%"
"05/13/2020","97","98","99","84","6.84M","0.00%"
"05/12/2020","97","99","103","97","1.90M","-1.02%"
"05/11/2020","98","101","109","97","3.12M","0.00%"
"05/08/2020","98","102","110","94","7.34M","-5.77%"
"05/07/2020","104","107","113","101","2.56M","-3.70%"
"05/06/2020","108","114","116","102","1.79M","-6.09%"
"05/05/2020","115","119","121","113","914.02K","-3.36%"
"05/04/2020","119","125","125","116","3.71M","-4.80%"
"04/30/2020","125","135","140","125","1.67M","-4.58%"
"04/29/2020","131","141","141","130","1.06M","-5.76%"
"04/28/2020","139","129","143","123","836.59K","13.93%"
"04/24/2020","122","129","129","121","1.19M","-3.94%"
"04/23/2020","127","124","142","121","2.53M","1.60%"
"04/22/2020","125","120","125","118","1.95M","11.61%"
"04/21/2020","112","130","133","110","4.52M","-13.85%"
"04/20/2020","130","143","143","129","2.01M","-13.33%"
"04/17/2020","150","142","150","123","9.66M","4.17%"
"04/16/2020","144","160","161","142","1.13M","-15.29%"
"04/15/2020","170","173","176","157","4.28M","-2.86%"
"04/14/2020","175","171","189","170","2.40M","2.94%"
"04/09/2020","170","132","170","132","1.12M","18.88%"
"04/08/2020","143","147","147","129","805.54K","-0.69%"
"04/07/2020","144","151","153","143","1.09M","0.00%"
"04/06/2020","144","152","164","136","5.39M","-3.36%"
"04/03/2020","149","163","163","149","1.13M","-9.70%"
"04/02/2020","165","166","172","146","1.32M","-1.79%"
"04/01/2020","168","168","173","157","1.64M","-1.18%"
"03/31/2020","170","165","178","163","2.99M","3.03%"
"03/30/2020","165","153","169","136","506.68K","7.14%"
"03/27/2020","154","142","165","142","924.62K","6.21%"
"03/26/2020","145","135","160","133","2.58M","11.54%"
"03/25/2020","130","128","142","97","2.97M","4.00%"
"03/24/2020","125","105","132","105","3.61M","20.19%"
"03/23/2020","104","107","107","94","4.00M","4.00%"
"03/20/2020","100","107","110","98","6.97M","0.00%"
"03/19/2020","100","100","100","74","3.13M","3.09%"
"03/18/2020","97","105","107","75","2.66M","3.19%"
"03/17/2020","94","100","110","94","773.73K","-5.05%"
"03/16/2020","99","104","115","94","981.55K","-4.81%"
"03/13/2020","104","110","114","102","1.22M","-2.80%"
"03/12/2020","107","120","120","101","1.60M","-10.08%"
"03/11/2020","119","125","125","116","2.56M","5.31%"
"03/10/2020","113","122","136","108","1.75M","-5.83%"
"03/09/2020","120","135","135","106","7.58M","-11.11%"
"03/06/2020","135","140","141","115","2.76M","-7.53%"
"03/05/2020","146","160","160","144","463.65K","-3.31%"
"03/04/2020","151","155","155","151","2.38M","-1.31%"
"03/03/2020","153","155","155","152","475.48K","0.00%"
"03/02/2020","153","152","161","152","1.20M","3.38%"
"02/28/2020","148","150","154","140","1.41M","-1.33%"
"02/27/2020","150","153","155","150","1.11M","-3.23%"
"02/26/2020","155","162","166","151","1.72M","-3.73%"
"02/25/2020","161","166","175","161","1.17M","-2.42%"
"02/24/2020","165","185","187","165","1.25M","-12.23%"
"02/21/2020","188","185","190","180","998.38K","0.00%"
"02/20/2020","188","185","195","185","855.20K","-0.53%"
"02/19/2020","189","198","200","187","2.67M","-4.06%"
"02/18/2020","197","192","203","182","3.34M","-1.50%"
"02/17/2020","200","200","214","195","459.92K","0.00%"
"02/14/2020","200","200","204","195","959.08K","3.09%"
"02/13/2020","194","201","203","192","1.01M","-3.00%"
"02/12/2020","200","210","218","182","4.91M","-3.38%"
"02/11/2020","207","206","213","181","1.66M","0.98%"
"02/10/2020","205","219","220","205","17.55M","-6.82%"
"02/07/2020","220","231","236","220","2.41M","-4.76%"
"02/06/2020","231","230","232","220","881.12K","0.43%"
"02/05/2020","230","244","244","223","3.30M","-4.96%"
"02/04/2020","242","246","248","233","1.64M","-1.63%"
"02/03/2020","246","219","246","219","1.13M","6.96%"
"01/31/2020","230","214","234","211","484.44K","4.07%"
"01/30/2020","221","229","234","213","608.78K","-4.74%"
"01/29/2020","232","227","232","216","1.31M","2.65%"
"01/28/2020","226","221","231","202","550.10K","0.00%"
"01/27/2020","226","235","235","225","109.35K","-3.83%"
"01/24/2020","235","236","238","231","234.45K","-0.84%"
"01/23/2020","237","245","245","236","871.72K","-2.47%"
"01/22/2020","243","240","243","234","412.35K","-0.41%"
"01/21/2020","244","240","244","239","410.14K","1.67%"
"01/20/2020","240","245","245","240","456.50K","-2.04%"
"01/17/2020","245","246","246","240","359.20K","-1.21%"
"01/16/2020","248","255","255","241","5.79M","3.33%"
"01/15/2020","240","243","249","240","363.86K","-1.23%"
"01/14/2020","243","248","251","239","922.35K","1.25%"
"01/13/2020","240","249","249","233","2.25M","-3.61%"
"01/10/2020","249","249","255","245","129.11K","1.22%"
"01/09/2020","246","252","252","242","320.89K","-2.38%"
"01/08/2020","252","245","252","236","558.29K","0.80%"
"01/07/2020","250","255","256","241","6.88M","-3.85%"
"01/06/2020","260","260","263","254","689.83K","-2.62%"
"01/03/2020","267","259","270","258","678.07K","2.69%"
"01/02/2020","260","250","265","250","224.97K","4.00%"
"12/31/2019","250","252","259","245","527.10K","3.73%"
"12/30/2019","241","262","265","241","611.00K","-8.02%"
"12/27/2019","262","274","280","257","789.23K","-2.24%"
"12/24/2019","268","268","268","263","64.46K","0.37%"
"12/23/2019","267","264","274","264","999.25K","-1.11%"
"12/20/2019","270","271","278","263","2.61M","2.27%"
"12/19/2019","264","281","296","264","1.03M","-4.00%"
"12/18/2019","275","275","280","265","1.49M","0.00%"
"12/17/2019","275","283","287","272","1.37M","-1.43%"
"12/13/2019","279","285","290","275","1.03M","0.72%"
"12/12/2019","277","290","298","275","730.28K","0.00%"
"12/11/2019","277","282","295","277","598.51K","-1.42%"
"12/10/2019","281","290","294","281","443.43K","-2.09%"
"12/09/2019","287","286","292","285","385.19K","1.41%"
"12/06/2019","283","284","295","271","1.18M","0.35%"
"12/05/2019","282","292","294","281","3.88M","-2.42%"
"12/04/2019","289","305","305","285","1.26M","-3.99%"
"12/03/2019","301","301","304","300","1.96M","-0.99%"
"12/02/2019","304","305","305","301","855.64K","0.33%"
"11/29/2019","303","308","308","301","649.40K","-0.33%"
"11/28/2019","304","301","312","300","837.56K","0.66%"
"11/27/2019","302","309","314","290","1.71M","2.37%"
"11/26/2019","295","326","335","283","7.00M","-11.68%"
"11/25/2019","334","326","340","326","2.09M","-1.18%"
"11/22/2019","338","340","342","330","3.30M","-1.17%"
"11/21/2019","342","342","343","340","1.49M","-0.87%"
"11/20/2019","345","340","348","335","1.38M","1.17%"
"11/19/2019","341","344","344","340","338.13K","0.00%"
"11/18/2019","341","340","347","330","780.42K","0.29%"
"11/15/2019","340","345","351","336","2.25M","-3.68%"
"11/14/2019","353","338","354","336","1.47M","4.44%"
"11/13/2019","338","330","345","327","2.92M","2.42%"
"11/12/2019","330","340","340","328","3.53M","-2.08%"
"11/11/2019","337","347","350","333","2.52M","-2.60%"
"11/08/2019","346","345","356","340","2.96M","1.17%"
"11/07/2019","342","390","395","307","8.80M","-12.31%"
"11/06/2019","390","395","395","386","1.09M","-0.26%"
"11/05/2019","391","396","396","390","768.07K","-0.76%"
"11/04/2019","394","379","399","379","2.27M","3.68%"
"11/01/2019","380","377","384","367","5.05M","-1.30%"
"10/31/2019","385","394","394","372","1.92M","0.79%"
"10/30/2019","382","394","394","381","3.33M","-2.05%"
"10/29/2019","390","380","395","380","872.41K","-1.02%"
"10/28/2019","394","390","396","389","2.14M","0.00%"
"10/25/2019","394","393","395","390","4.44M","0.25%"
"10/24/2019","393","393","400","391","1.50M","0.00%"
"10/23/2019","393","386","393","386","2.79M","0.51%"
"10/22/2019","391","390","392","383","1.23M","0.26%"
"10/21/2019","390","393","394","385","1.87M","1.30%"
"10/18/2019","385","362","392","362","865.68K","-0.52%"
"10/17/2019","387","386","392","385","1.40M","-1.02%"
"10/16/2019","391","388","392","387","3.90M","0.26%"
"10/15/2019","390","391","395","388","3.63M","-0.26%"
"10/14/2019","391","387","394","387","635.52K","0.26%"
"10/11/2019","390","396","398","385","8.32M","2.63%"
"10/10/2019","380","359","389","357","6.94M","6.15%"
"10/09/2019","358","361","363","357","2.27M","-0.56%"
"10/08/2019","360","369","370","352","2.38M","-1.37%"
"10/07/2019","365","369","375","358","3.90M","-1.35%"
"10/04/2019","370","390","390","369","2.58M","-1.33%"
"10/03/2019","375","394","394","354","11.06M","-2.85%"
"10/02/2019","386","393","393","375","10.52M","-0.77%"
"10/01/2019","389","404","404","384","2.95M","-2.99%"
"09/30/2019","401","400","401","382","9.46M","4.43%"
"09/27/2019","384","400","400","378","1.26M","1.05%"
"09/26/2019","380","399","400","372","6.52M","-4.52%"
"09/25/2019","398","387","409","382","6.77M","3.38%"
"09/23/2019","385","386","387","372","711.13K","0.52%"
"09/20/2019","383","387","391","383","9.00M","0.79%"
"09/19/2019","380","397","402","371","1.96M","-2.56%"
"09/18/2019","390","420","420","383","913.97K","-1.02%"
"09/17/2019","394","400","400","385","2.64M","-1.01%"
"09/16/2019","398","425","425","396","1.07M","0.00%"
"09/13/2019","398","400","421","398","3.98M","-0.25%"
"09/12/2019","399","410","410","395","1.05M","0.76%"
"09/11/2019","396","400","409","384","3.35M","-1.00%"
"09/10/2019","400","400","400","391","1.54M","0.00%"
"09/09/2019","400","410","429","398","3.13M","0.50%"
"09/06/2019","398","410","424","397","4.62M","-0.50%"
"09/05/2019","400","397","423","397","3.17M","-2.44%"
"09/04/2019","410","407","418","400","1.70M","-0.97%"
"09/03/2019","414","390","415","386","1.52M","4.02%"
"09/02/2019","398","395","404","395","1.99M","0.00%"
"08/30/2019","398","408","416","393","8.72M","-2.93%"
"08/29/2019","410","420","425","361","3.46M","0.00%"
"08/28/2019","410","392","429","392","3.93M","0.24%"
"08/27/2019","409","410","445","399","5.25M","-0.97%"
"08/26/2019","413","428","431","398","1.10M","-5.71%"
"08/23/2019","438","429","438","420","869.95K","3.06%"
"08/22/2019","425","428","431","411","6.84M","-0.70%"
"08/21/2019","428","423","428","419","7.38M","0.94%"
"08/20/2019","424","433","437","420","986.61K","-1.85%"
"08/19/2019","432","436","440","429","790.55K","-0.69%"
"08/16/2019","435","451","457","435","1.39M","-3.76%"
"08/15/2019","452","451","455","451","463.39K","-1.09%"
"08/14/2019","457","465","465","452","694.46K","-0.87%"
"08/13/2019","461","453","467","453","3.26M","0.22%"
"08/12/2019","460","475","475","459","691.56K","-3.77%"
"08/08/2019","478","490","490","466","2.01M","0.21%"
"08/07/2019","477","495","495","473","1.48M","0.63%"
"08/06/2019","474","478","486","470","3.32M","-2.27%"
"08/05/2019","485","499","499","470","471.75K","-2.81%"
"08/02/2019","499","475","499","471","207.18K","3.10%"
"08/01/2019","484","478","485","475","296.54K","-0.62%"
"07/31/2019","487","473","496","473","698.76K","-2.79%"
"07/30/2019","501","470","506","470","474.67K","2.24%"
"07/29/2019","490","467","498","467","774.78K","4.26%"
"07/26/2019","470","467","471","467","671.46K","0.21%"
"07/25/2019","469","469","489","465","4.60M","-1.26%"
"07/24/2019","475","460","482","454","1.91M","4.40%"
"07/23/2019","455","476","477","452","3.47M","-4.41%"
"07/22/2019","476","500","500","476","1.45M","-4.80%"
"07/19/2019","500","510","513","490","4.64M","-2.91%"
"07/18/2019","515","510","518","507","658.64K","0.98%"
"07/17/2019","510","530","530","507","1.07M","-3.77%"
"07/16/2019","530","511","531","511","712.82K","2.12%"
"07/15/2019","519","525","525","510","215.35K","-0.57%"
"07/12/2019","522","500","529","500","365.24K","1.95%"
"07/11/2019","512","505","528","503","469.65K","0.39%"
"07/10/2019","510","485","520","485","1.41M","2.00%"
"07/09/2019","500","519","519","499","632.49K","-5.48%"
"07/08/2019","529","526","540","510","1.84M","-0.56%"
"07/05/2019","532","530","537","528","1.59M","0.38%"
"07/04/2019","530","520","536","520","2.24M","1.34%"
"07/03/2019","523","508","528","498","2.31M","4.60%"
"07/02/2019","500","461","522","461","3.21M","8.23%"
"07/01/2019","462","451","477","451","1.25M","0.00%"
"06/28/2019","462","485","485","435","7.51M","-4.74%"
"06/27/2019","485","488","500","475","996.36K","1.04%"
"06/26/2019","480","470","480","463","860.93K","1.05%"
"06/25/2019","475","480","500","465","2.04M","1.06%"
"06/24/2019","470","515","515","462","1.08M","-6.56%"
"06/21/2019","503","488","534","484","5.15M","3.29%"
"06/20/2019","487","498","498","480","270.14K","1.46%"
"06/19/2019","480","479","501","476","710.45K","1.05%"
"06/18/2019","475","482","482","463","1.49M","-1.45%"
"06/14/2019","482","480","494","475","509.18K","-2.63%"
"06/13/2019","495","501","502","485","1.07M","-0.80%"
"06/12/2019","499","502","503","487","343.15K","0.81%"
"06/11/2019","495","488","504","478","480.65K","-0.60%"
"06/10/2019","498","477","515","477","218.46K","0.00%"
"06/07/2019","498","502","516","479","339.17K","1.01%"
"06/06/2019","493","520","520","480","3.46M","-5.19%"
"06/05/2019","520","490","550","485","3.30M","7.66%"
"06/04/2019","483","470","490","470","395.10K","2.77%"
"06/03/2019","470","475","491","457","1.16M","-1.88%"
"05/31/2019","479","500","500","461","595.25K","-3.04%"
"05/30/2019","494","512","538","485","1.03M","-3.52%"
"05/29/2019","512","540","540","505","215.81K","-3.40%"
"05/28/2019","530","530","539","513","1.60M","-0.19%"
"05/27/2019","531","510","542","510","427.87K","-0.75%"
"05/24/2019","535","531","564","530","3.14M","-1.11%"
"05/23/2019","541","548","558","531","820.47K","-0.73%"
"05/22/2019","545","550","555","535","949.09K","-0.91%"
"05/21/2019","550","544","550","529","621.34K","1.29%"
"05/20/2019","543","530","548","523","333.91K","1.69%"
"05/17/2019","534","530","534","529","1.75M","0.75%"
"05/16/2019","530","517","534","517","250.53K","2.71%"
"05/15/2019","516","509","516","501","413.16K","1.38%"
"05/14/2019","509","485","509","484","350.67K","3.46%"
"05/13/2019","492","493","508","485","174.85K","-3.34%"
"05/10/2019","509","498","510","495","533.86K","1.39%"
"05/09/2019","502","496","504","494","175.32K","-0.20%"
"05/07/2019","503","495","504","492","347.28K","-1.18%"
"05/06/2019","509","492","512","491","497.24K","1.80%"
"05/03/2019","500","505","524","492","2.32M","1.83%"
"05/02/2019","491","500","501","490","963.35K","-1.60%"
"04/30/2019","499","500","500","486","869.71K","0.20%"
"04/29/2019","498","505","505","496","355.52K","-0.20%"
"04/26/2019","499","495","504","494","220.23K","-1.38%"
"04/25/2019","506","500","509","498","887.02K","1.20%"
"04/24/2019","500","490","508","490","1.06M","0.20%"
"04/23/2019","499","494","499","484","185.88K","2.25%"
"04/18/2019","488","470","492","470","324.95K","0.21%"
"04/17/2019","487","460","489","460","634.68K","0.41%"
"04/16/2019","485","460","491","460","830.42K","0.00%"
"04/15/2019","485","453","487","453","588.38K","5.21%"
"04/12/2019","461","461","465","454","1.31M","-0.22%"
"04/11/2019","462","464","468","461","294.31K","-1.07%"
"04/10/2019","467","453","479","453","1.27M","1.08%"
"04/09/2019","462","470","470","455","438.59K","-0.86%"
"04/08/2019","466","470","483","451","431.42K","-1.89%"
"04/05/2019","475","482","488","472","366.70K","-1.04%"
"04/04/2019","480","485","485","475","213.28K","1.05%"
"04/03/2019","475","442","490","442","702.28K","-3.06%"
"04/02/2019","490","479","494","478","940.41K","2.73%"
"04/01/2019","477","472","488","472","661.03K","1.49%"
"03/29/2019","470","485","490","461","910.32K","-0.84%"
"03/28/2019","474","430","485","430","2.12M","5.33%"
"03/27/2019","450","461","462","435","9.85M","0.00%"
"03/26/2019","450","460","480","435","11.46M","-1.10%"
"03/25/2019","455","471","495","451","1.19M","-9.00%"
"03/22/2019","500","484","515","477","1.49M","3.52%"
"03/20/2019","483","466","487","451","2.74M","3.65%"
"03/19/2019","466","487","490","461","1.15M","-4.31%"
"03/18/2019","487","490","493","482","160.49K","-0.81%"
"03/15/2019","491","500","500","482","931.99K","-2.19%"
"03/14/2019","502","488","504","459","2.43M","0.60%"
"03/13/2019","499","465","502","465","750.97K","3.96%"
"03/12/2019","480","509","509","480","420.54K","-4.00%"
"03/11/2019","500","517","517","489","1.73M","-2.34%"
"03/08/2019","512","509","519","509","529.88K","-0.58%"
"03/07/2019","515","518","518","508","490.87K","-0.19%"
"03/06/2019","516","516","519","510","474.09K","1.57%"
"03/05/2019","508","529","529","502","2.32M","-2.12%"
"03/04/2019","519","530","530","505","886.11K","-0.95%"
"03/01/2019","524","501","530","501","658.51K","0.77%"
"02/28/2019","520","524","528","499","1.75M","1.17%"
"02/27/2019","514","518","523","488","1.34M","-0.58%"
"02/26/2019","517","520","539","517","1.80M","-0.58%"
"02/25/2019","520","500","537","500","976.47K","-0.76%"
"02/22/2019","524","525","538","511","496.52K","0.58%"
"02/21/2019","521","512","538","505","485.95K","1.76%"
"02/20/2019","512","506","522","499","1.42M","-0.19%"
"02/19/2019","513","520","546","507","339.66K","-1.54%"
"02/18/2019","521","523","543","517","495.94K","-0.38%"
"02/15/2019","523","515","535","515","594.91K","1.16%"
"02/14/2019","517","521","544","516","877.63K","-2.08%"
"02/13/2019","528","530","539","521","1.70M","-1.49%"
"02/12/2019","536","542","547","533","787.30K","-1.65%"
"02/11/2019","545","538","552","529","2.52M","0.93%"
"02/08/2019","540","590","590","533","2.81M","-5.76%"
"02/07/2019","573","587","587","545","2.62M","-0.35%"
"02/06/2019","575","573","586","568","4.66M","1.77%"
"02/05/2019","565","541","570","541","4.43M","0.36%"
"02/04/2019","563","542","568","542","324.10K","0.54%"
"02/01/2019","560","527","563","527","2.74M","0.90%"
"01/31/2019","555","555","563","552","2.97M","0.73%"
"01/30/2019","551","530","552","530","3.02M","1.47%"
"01/29/2019","543","527","550","526","6.22M","0.00%"
"01/28/2019","543","541","558","522","933.79K","-0.37%"
"01/25/2019","545","511","552","508","2.99M","4.81%"
"01/24/2019","520","543","564","480","1.47M","-7.64%"
"01/23/2019","563","579","588","548","482.75K","-0.88%"
"01/22/2019","568","552","570","542","943.35K","3.09%"
"01/21/2019","551","555","569","550","456.04K","-3.16%"
"01/18/2019","569","579","579","556","224.77K","0.18%"
"01/17/2019","568","579","579","555","961.40K","0.71%"
"01/16/2019","564","577","577","558","1.85M","-1.05%"
"01/15/2019","570","570","588","567","1.85M","0.18%"
"01/14/2019","569","585","619","557","484.38K","-4.37%"
"01/11/2019","595","619","619","593","492.52K","-1.65%"
"01/10/2019","605","581","616","581","837.29K","-0.33%"
"01/09/2019","607","615","621","596","1.07M","-0.49%"
"01/08/2019","610","622","622","603","352.08K","-0.33%"
"01/07/2019","612","600","624","600","411.54K","-0.97%"
"01/04/2019","618","622","622","601","482.19K","1.81%"
"01/03/2019","607","614","627","590","638.10K","1.17%"
"01/02/2019","600","562","629","562","3.15M","1.69%"
"12/31/2018","590","551","590","551","4.55M","6.12%"
"12/28/2018","556","570","570","554","1.03M","-2.46%"
"12/27/2018","570","556","585","549","2.24M","2.70%"
"12/24/2018","555","570","588","551","684.48K","-0.89%"
"12/21/2018","560","582","584","560","2.14M","-3.45%"
"12/20/2018","580","581","581","570","1.30M","0.87%"
"12/19/2018","575","582","582","552","2.37M","3.23%"
"12/18/2018","557","575","582","555","805.90K","-3.97%"
"12/14/2018","580","581","603","576","1.38M","-3.01%"
"12/13/2018","598","558","603","558","1.83M","3.82%"
"12/12/2018","576","601","601","575","1.83M","-2.37%"
"12/11/2018","590","597","605","583","4.93M","-1.67%"
"12/10/2018","600","581","602","564","1.44M","5.82%"
"12/07/2018","567","562","580","535","4.21M","3.09%"
"12/06/2018","550","536","553","528","2.95M","1.85%"
"12/05/2018","540","544","550","540","289.36K","-3.57%"
"12/04/2018","560","574","574","555","2.59M","1.82%"
"12/03/2018","550","535","560","527","5.29M","3.38%"
"11/30/2018","532","580","580","525","2.00M","-0.19%"
"11/29/2018","533","540","557","519","4.16M","0.95%"
"11/28/2018","528","549","559","455","10.47M","-0.38%"
"11/27/2018","530","575","580","504","4.82M","-7.83%"
"11/26/2018","575","630","630","560","2.43M","-3.36%"
"11/23/2018","595","635","646","550","717.98K","-6.15%"
"11/22/2018","634","641","646","613","2.25M","-0.94%"
"11/21/2018","640","645","646","623","5.72M","3.06%"
"11/20/2018","621","650","650","621","455.92K","-1.90%"
"11/19/2018","633","620","650","617","464.63K","-2.62%"
"11/16/2018","650","634","654","615","1.73M","0.00%"
"11/15/2018","650","675","675","645","1.72M","-0.46%"
"11/14/2018","653","612","656","612","3.21M","3.98%"
"11/13/2018","628","637","637","611","521.16K","-1.41%"
"11/12/2018","637","639","650","632","634.98K","-0.31%"
"11/09/2018","639","640","643","628","1.11M","-0.31%"
"11/08/2018","641","650","673","637","436.59K","-1.38%"
"11/07/2018","650","596","671","592","5.15M","4.33%"
"11/06/2018","623","590","629","590","1.13M","-0.16%"
"11/05/2018","624","592","627","579","1.66M","5.05%"
"11/02/2018","594","570","605","561","810.70K","0.00%"
"11/01/2018","594","571","596","551","581.14K","0.00%"
"10/31/2018","594","605","611","591","1.04M","-0.17%"
"10/30/2018","595","572","599","572","1.09M","-0.83%"
"10/29/2018","600","590","605","571","598.82K","1.18%"
"10/26/2018","593","600","600","575","1.38M","-1.17%"
"10/25/2018","600","570","608","567","1.45M","1.87%"
"10/24/2018","589","570","600","570","848.81K","2.97%"
"10/23/2018","572","570","592","570","819.93K","0.35%"
"10/22/2018","570","599","599","561","442.70K","-0.70%"
"10/19/2018","574","565","600","565","588.83K","0.00%"
"10/18/2018","574","561","614","561","182.54K","-2.71%"
"10/17/2018","590","586","600","569","810.47K","0.68%"
"10/16/2018","586","580","605","569","1.50M","1.74%"
"10/15/2018","576","600","600","574","2.16M","-0.69%"
"10/12/2018","580","555","610","555","1.59M","4.50%"
"10/11/2018","555","550","577","535","1.28M","-2.63%"
"10/10/2018","570","583","591","567","1.38M","-2.56%"
"10/09/2018","585","620","620","585","1.30M","-1.85%"
"10/08/2018","596","581","601","581","419.47K","1.19%"
"10/05/2018","589","588","608","585","1.10M","-1.01%"
"10/04/2018","595","580","610","580","2.07M","-0.83%"
"10/03/2018","600","625","662","590","3.49M","-4.00%"
"10/02/2018","625","665","665","620","274.51K","-5.59%"
"10/01/2018","662","645","679","645","1.98M","2.64%"
"09/28/2018","645","680","680","630","1.19M","-1.83%"
"09/27/2018","657","682","682","650","2.23M","-0.45%"
"09/26/2018","660","676","684","651","2.68M","-2.37%"
"09/25/2018","676","630","702","630","2.12M","3.84%"
"09/21/2018","651","620","659","607","2.40M","8.68%"
"09/20/2018","599","600","620","586","3.16M","-0.17%"
"09/19/2018","600","629","629","583","3.12M","-1.80%"
"09/18/2018","611","629","629","600","2.26M","1.83%"
"09/17/2018","600","565","615","563","4.00M","4.35%"
"09/14/2018","575","555","592","534","48.66M","4.55%"
"09/13/2018","550","542","555","517","925.11K","1.48%"
"09/12/2018","542","564","564","516","926.10K","-3.90%"
"09/11/2018","564","575","575","550","1.33M","0.53%"
"09/10/2018","561","575","610","540","902.01K","-2.43%"
"09/07/2018","575","603","603","543","2.71M","-4.64%"
"09/06/2018","603","618","618","590","1.13M","-2.43%"
"09/05/2018","618","606","630","590","877.83K","3.69%"
"09/04/2018","596","625","625","594","309.27K","-3.56%"
"09/03/2018","618","620","631","610","2.13M","0.65%"
"08/31/2018","614","604","620","604","425.45K","-0.49%"
"08/30/2018","617","604","620","604","568.83K","0.98%"
"08/29/2018","611","630","630","610","1.25M","-2.24%"
"08/28/2018","625","612","635","611","1.67M","3.31%"
"08/27/2018","605","615","615","605","479.34K","-0.82%"
"08/24/2018","610","624","625","610","1.59M","-0.81%"
"08/23/2018","615","618","630","612","1.44M","0.00%"
"08/22/2018","615","640","640","614","2.06M","-1.91%"
"08/21/2018","627","629","639","624","1.92M","-0.32%"
"08/20/2018","629","650","650","629","259.58K","0.00%"
"08/17/2018","629","650","650","628","3.78M","-2.48%"
"08/16/2018","645","660","660","636","1.10M","0.00%"
"08/15/2018","645","660","663","645","559.09K","-0.62%"
"08/14/2018","649","647","662","644","3.43M","1.41%"
"08/13/2018","640","647","647","632","480.12K","-1.08%"
"08/10/2018","647","654","654","643","1.16M","-0.15%"
"08/08/2018","648","648","651","640","2.97M","0.00%"
"08/07/2018","648","675","675","640","3.90M","-2.26%"
"08/06/2018","663","674","674","647","2.12M","-0.30%"
"08/03/2018","665","670","675","651","1.79M","0.61%"
"08/02/2018","661","650","674","631","754.58K","2.32%"
"08/01/2018","646","648","653","631","4.89M","1.25%"
"07/31/2018","638","660","660","635","1.30M","-3.19%"
"07/30/2018","659","650","674","649","1.34M","-0.45%"
"07/27/2018","662","655","686","655","782.71K","0.30%"
"07/26/2018","660","700","700","656","854.17K","-1.49%"
"07/25/2018","670","650","688","650","3.07M","0.00%"
"07/24/2018","670","695","700","669","1.29M","-0.74%"
"07/23/2018","675","706","706","670","704.83K","-4.12%"
"07/20/2018","704","706","706","679","336.90K","3.53%"
"07/19/2018","680","653","693","653","788.39K","0.44%"
"07/18/2018","677","649","685","649","491.93K","1.04%"
"07/17/2018","670","637","675","617","4.40M","0.00%"
"07/16/2018","670","630","671","630","633.83K","0.90%"
"07/13/2018","664","650","674","626","757.79K","5.56%"
"07/12/2018","629","637","645","617","2.22M","-1.26%"
"07/11/2018","637","670","670","630","581.89K","-4.93%"
"07/10/2018","670","651","684","651","2.25M","2.92%"
"07/09/2018","651","710","710","651","3.74M","-7.66%"
"07/06/2018","705","692","709","692","4.49M","-0.70%"
"07/05/2018","710","709","715","695","873.40K","0.14%"
"07/04/2018","709","715","715","703","867.28K","-0.28%"
"07/03/2018","711","735","735","701","1.83M","-0.56%"
"07/02/2018","715","750","750","710","988.88K","-1.11%"
"06/29/2018","723","751","751","710","1.15M","0.98%"
"06/28/2018","716","675","725","675","871.46K","1.42%"
"06/27/2018","706","681","708","669","952.64K","2.62%"
"06/26/2018","688","715","715","685","1.99M","-0.29%"
"06/25/2018","690","695","695","685","1.03M","-0.58%"
"06/22/2018","694","730","730","675","2.58M","-2.94%"
"06/21/2018","715","720","754","713","2.60M","-2.05%"
"06/20/2018","730","704","769","704","4.91M","-0.95%"
"06/19/2018","737","700","743","700","6.05M","2.36%"
"06/18/2018","720","710","737","669","1.38M","-1.91%"
"06/15/2018","734","803","865","717","6.57M","-8.59%"
"06/14/2018","803","775","823","775","450.07K","2.55%"
"06/13/2018","783","773","798","773","468.40K","-0.13%"
"06/12/2018","784","773","793","773","2.48M","0.51%"
"06/11/2018","780","782","796","776","823.82K","-1.27%"
"06/08/2018","790","795","810","783","855.61K","-1.62%"
"06/07/2018","803","800","825","800","462.91K","-0.62%"
"06/06/2018","808","795","820","795","1.05M","0.00%"
"06/05/2018","808","795","821","795","1.37M","1.25%"
"06/04/2018","798","795","801","788","1.14M","0.38%"
"06/01/2018","795","808","853","795","1.05M","-1.97%"
"05/31/2018","811","823","847","811","2.54M","-2.29%"
"05/30/2018","830","851","851","823","628.93K","-2.47%"
"05/29/2018","851","851","856","833","612.24K","-0.12%"
"05/28/2018","852","852","858","850","620.15K","0.00%"
"05/25/2018","852","855","861","847","385.43K","-0.47%"
"05/24/2018","856","855","869","849","405.94K","0.12%"
"05/23/2018","855","875","880","844","1.88M","-1.72%"
"05/22/2018","870","867","875","867","850.21K","-0.80%"
"05/21/2018","877","881","881","870","267.82K","0.80%"
"05/18/2018","870","898","898","869","345.40K","-1.25%"
"05/17/2018","881","871","882","871","424.95K","0.23%"
"05/16/2018","879","870","887","861","976.27K","0.92%"
"05/15/2018","871","875","887","870","749.28K","-0.68%"
"05/14/2018","877","880","900","876","913.88K","-1.13%"
"05/11/2018","887","870","894","870","313.87K","0.91%"
"05/10/2018","879","865","900","865","3.14M","1.62%"
"05/09/2018","865","865","873","852","3.19M","-0.92%"
"05/08/2018","873","875","885","856","1.63M","-1.47%"
"05/07/2018","886","898","905","875","981.51K","-0.67%"
"05/04/2018","892","915","915","865","1.26M","-2.09%"
"05/03/2018","911","830","925","830","6.18M","-0.76%"
"05/02/2018","918","830","918","830","1.31M","4.91%"
"04/30/2018","875","843","875","839","1.02M","3.92%"
"04/26/2018","842","801","843","801","2.64M","2.31%"
"04/25/2018","823","830","832","812","943.64K","-1.20%"
"04/24/2018","833","845","847","829","487.00K","-0.83%"
"04/23/2018","840","820","848","809","1.05M","1.82%"
"04/20/2018","825","825","830","814","599.89K","0.00%"
"04/19/2018","825","821","830","821","1.18M","0.24%"
"04/18/2018","823","826","830","817","2.44M","-0.12%"
"04/17/2018","824","816","824","813","1.63M","1.35%"
"04/16/2018","813","800","815","797","2.84M","1.63%"
"04/13/2018","800","800","813","769","807.09K","0.38%"
"04/12/2018","797","790","800","740","885.56K","1.53%"
"04/11/2018","785","767","798","750","730.68K","-0.63%"
"04/10/2018","790","793","805","784","1.77M","-0.63%"
"04/09/2018","795","800","803","761","2.83M","0.63%"
"04/06/2018","790","775","793","769","1.18M","1.94%"
"04/05/2018","775","774","785","765","4.31M","0.00%"
"04/04/2018","775","800","800","758","2.03M","-3.13%"
"04/03/2018","800","740","810","740","1.42M","1.91%"
"03/29/2018","785","780","791","772","1.92M","-0.38%"
"03/28/2018","788","770","794","753","2.68M","3.41%"
"03/27/2018","762","730","763","730","1.10M","4.38%"
"03/26/2018","730","744","744","725","1.27M","0.41%"
"03/23/2018","727","707","733","707","1.70M","0.97%"
"03/22/2018","720","710","728","710","5.86M","1.69%"
"03/20/2018","708","730","730","707","3.47M","-1.80%"
"03/19/2018","721","730","743","712","9.74M","0.14%"
"03/16/2018","720","748","748","718","10.25M","-0.41%"
"03/15/2018","723","753","777","716","2.09M","-6.59%"
"03/14/2018","774","798","798","773","791.45K","-3.01%"
"03/13/2018","798","813","830","788","565.44K","-1.85%"
"03/12/2018","813","850","850","780","1.51M","2.01%"
"03/09/2018","797","815","846","779","1.25M","-2.21%"
"03/08/2018","815","818","822","810","1.60M","-0.49%"
"03/07/2018","819","816","823","805","638.12K","-0.73%"
"03/06/2018","825","825","846","818","768.01K","0.00%"
"03/05/2018","825","832","839","816","808.85K","-0.60%"
"03/02/2018","830","830","839","820","3.06M","0.48%"
"03/01/2018","826","834","834","820","2.41M","-1.08%"
"02/28/2018","835","824","835","822","1.90M","1.33%"
"02/27/2018","824","831","831","821","4.21M","-0.48%"
"02/26/2018","828","849","849","822","1.21M","-1.08%"
"02/23/2018","837","804","837","793","1.73M","4.63%"
"02/22/2018","800","810","810","757","1.48M","1.27%"
"02/21/2018","790","800","814","730","3.29M","-1.25%"
"02/20/2018","800","799","811","785","822.40K","-1.23%"
"02/19/2018","810","796","817","796","542.84K","0.25%"
"02/16/2018","808","795","810","793","2.39M","1.64%"
"02/15/2018","795","801","809","770","2.77M","0.00%"
"02/14/2018","795","800","806","777","1.04M","-1.36%"
"02/13/2018","806","803","810","790","1.95M","2.94%"
"02/12/2018","783","775","802","762","1.89M","1.03%"
"02/09/2018","775","814","814","750","2.66M","-3.49%"
"02/08/2018","803","790","814","775","954.15K","1.65%"
"02/07/2018","790","747","790","747","1.40M","3.95%"
"02/06/2018","760","700","760","700","1.20M","3.54%"
"02/05/2018","734","700","775","700","1.72M","2.66%"
"02/02/2018","715","761","771","711","3.60M","-7.62%"
"02/01/2018","774","811","813","770","1.52M","-4.44%"
"01/31/2018","810","800","824","775","2.65M","-0.61%"
"01/30/2018","815","841","841","801","3.11M","-3.09%"
"01/29/2018","841","845","850","831","2.46M","-0.12%"
"01/26/2018","842","822","860","821","1.72M","2.56%"
"01/25/2018","821","812","825","805","2.77M","0.98%"
"01/24/2018","813","811","818","808","6.01M","0.25%"
"01/23/2018","811","815","815","801","1.38M","0.37%"
"01/22/2018","808","800","812","798","13.62M","1.89%"
"01/19/2018","793","778","800","750","5.60M","2.32%"
"01/18/2018","775","750","780","706","3.77M","4.73%"
"01/17/2018","740","740","750","691","3.01M","0.00%"
"01/16/2018","740","715","741","715","1.15M","0.68%"
"01/15/2018","735","700","735","700","2.04M","0.55%"
"01/12/2018","731","730","739","706","760.09K","-1.88%"
"01/11/2018","745","745","755","740","4.03M","0.00%"
"01/10/2018","745","740","755","736","1.65M","0.68%"
"01/09/2018","740","733","740","732","2.56M","1.37%"
"01/08/2018","730","738","738","701","1.20M","0.00%"
"01/05/2018","730","725","739","704","3.66M","0.69%"
"01/04/2018","725","717","735","688","1.40M","1.12%"
"01/03/2018","717","700","734","695","1.08M","2.43%"
"01/02/2018","700","700","700","681","329.59K","0.43%"
"12/29/2017","697","680","700","680","277.85K","-2.11%"
"12/28/2017","712","686","712","686","1.13M","1.71%"
"12/27/2017","700","680","700","672","553.27K","2.19%"
"12/22/2017","685","669","689","646","689.63K","2.24%"
"12/21/2017","670","610","670","610","1.70M","7.54%"
"12/20/2017","623","630","630","613","1.95M","-1.89%"
"12/19/2017","635","640","655","626","2.18M","-2.01%"
"12/18/2017","648","625","654","613","757.95K","7.11%"
"12/15/2017","605","590","630","580","5.00M","4.13%"
"12/14/2017","581","615","615","511","4.27M","-8.07%"
"12/13/2017","632","625","632","606","979.24K","0.00%"
"12/12/2017","632","650","655","606","2.83M","-3.51%"
"12/11/2017","655","650","659","640","823.10K","-0.61%"
"12/08/2017","659","669","669","649","1.87M","-1.49%"
"12/07/2017","669","665","679","650","3.14M","-2.90%"
"12/06/2017","689","690","700","657","4.66M","-2.27%"
"12/05/2017","705","700","716","696","902.33K","-1.40%"
"12/04/2017","715","738","738","680","702.35K","-3.38%"
"12/01/2017","740","685","740","685","1.83M","5.71%"
"11/30/2017","700","690","700","675","2.89M","1.74%"
"11/29/2017","688","678","700","675","1.41M","1.93%"
"11/28/2017","675","680","680","650","601.66K","0.00%"
"11/27/2017","675","685","705","663","1.85M","-1.32%"
"11/24/2017","684","680","703","680","2.84M","0.59%"
"11/23/2017","680","665","690","640","3.03M","3.03%"
"11/22/2017","660","647","666","647","3.37M","2.01%"
"11/21/2017","647","650","650","642","1.94M","0.00%"
"11/20/2017","647","665","670","644","2.39M","-1.52%"
"11/17/2017","657","670","670","645","806.84K","2.02%"
"11/16/2017","644","650","669","638","2.11M","0.16%"
"11/15/2017","643","656","670","640","1.67M","0.00%"
"11/14/2017","643","642","669","640","4.28M","0.94%"
"11/13/2017","637","670","670","623","3.78M","-4.93%"
"11/10/2017","670","660","680","654","1.11M","1.52%"
"11/09/2017","660","690","709","657","4.02M","-5.31%"
"11/08/2017","697","740","743","685","2.00M","-3.46%"
"11/07/2017","722","745","753","701","3.20M","1.40%"
"11/06/2017","712","750","752","712","1.82M","-4.69%"
"11/03/2017","747","757","760","737","3.73M","-1.06%"
"11/02/2017","755","767","775","747","6.71M","-1.69%"
"11/01/2017","768","743","776","743","2.48M","4.21%"
"10/31/2017","737","720","741","710","4.87M","4.10%"
"10/30/2017","708","681","735","681","10.26M","4.12%"
"10/27/2017","680","671","708","671","7.69M","2.41%"
"10/26/2017","664","687","687","657","2.97M","-2.06%"
"10/25/2017","678","680","683","672","5.93M","-0.29%"
"10/24/2017","680","685","689","678","2.20M","-0.73%"
"10/23/2017","685","687","694","666","677.75K","-0.44%"
"10/20/2017","688","685","690","674","10.37M","0.00%"
"10/19/2017","688","675","689","655","630.14K","1.18%"
"10/18/2017","680","700","700","675","26.02M","-2.72%"
"10/17/2017","699","678","700","678","4.03M","2.04%"
"10/16/2017","685","688","690","678","14.57M","0.29%"
"10/13/2017","683","690","690","676","10.57M","0.59%"
"10/12/2017","679","695","708","675","6.05M","-2.16%"
"10/11/2017","694","660","695","641","14.55M","5.15%"
"10/10/2017","660","640","668","633","8.84M","4.60%"
"10/09/2017","631","635","635","615","11.08M","-0.94%"
"10/06/2017","637","636","660","570","8.64M","-1.24%"
"10/05/2017","645","640","658","637","2.38M","-0.15%"
"10/04/2017","646","650","664","642","7.50M","-0.15%"
"10/03/2017","647","627","648","625","6.74M","2.37%"
"10/02/2017","632","619","635","619","4.64M","0.00%"
"09/29/2017","632","630","632","614","3.00M","2.43%"
"09/28/2017","617","620","623","601","2.36M","0.33%"
"09/27/2017","615","615","619","611","14.86M","0.00%"
"09/26/2017","615","615","626","600","2.77M","-1.76%"
"09/22/2017","626","640","643","610","808.65K","-0.63%"
"09/21/2017","630","630","640","621","8.02M","1.29%"
"09/20/2017","622","632","641","616","2.92M","-2.05%"
"09/19/2017","635","640","646","633","3.66M","-1.24%"
"09/18/2017","643","649","649","631","8.19M","0.47%"
"09/15/2017","640","634","654","625","17.43M","2.56%"
"09/14/2017","624","593","640","593","13.98M","4.70%"
"09/13/2017","596","609","609","582","3.14M","-0.33%"
"09/12/2017","598","660","660","598","3.55M","-7.43%"
"09/11/2017","646","635","660","635","6.55M","1.73%"
"09/08/2017","635","623","640","619","11.79M","2.42%"
"09/07/2017","620","619","621","607","5.24M","0.49%"
"09/06/2017","617","605","618","600","9.45M","1.48%"
"09/05/2017","608","595","618","595","6.07M","2.53%"
"09/04/2017","593","554","593","525","11.62M","8.81%"
"09/01/2017","545","570","570","536","4.59M","-4.05%"
"08/31/2017","568","514","579","509","12.86M","10.72%"
"08/30/2017","513","500","514","490","11.46M","4.69%"
"08/29/2017","490","505","529","482","4.00M","-2.00%"
"08/28/2017","500","482","500","482","2.97M","2.67%"
"08/25/2017","487","529","545","469","3.78M","-7.59%"
"08/24/2017","527","511","528","511","11.09M","4.15%"
"08/23/2017","506","467","508","466","5.36M","6.98%"
"08/22/2017","473","438","474","438","6.45M","7.99%"
"08/21/2017","438","415","438","415","9.80M","6.57%"
"08/18/2017","411","385","416","374","4.91M","7.87%"
"08/17/2017","381","377","399","374","13.01M","9.17%"
"08/16/2017","349","355","356","349","4.72M","0.87%"
"08/15/2017","346","377","379","344","5.92M","-6.99%"
"08/14/2017","372","390","391","372","3.48M","-1.06%"
"08/11/2017","376","398","398","376","2.05M","-6.47%"
"08/10/2017","402","430","439","400","6.18M","-6.51%"
"08/08/2017","430","447","453","429","1.68M","-3.37%"
"08/07/2017","445","463","473","444","3.45M","-3.26%"
"08/04/2017","460","490","495","456","14.78M","-6.31%"
"08/03/2017","491","495","495","482","1.30M","0.20%"
"08/02/2017","490","490","499","486","1.67M","0.00%"
"08/01/2017","490","479","490","467","3.04M","2.73%"
"07/31/2017","477","479","479","465","1.30M","1.71%"
"07/28/2017","469","461","480","461","2.21M","0.21%"
"07/27/2017","468","455","479","451","1.04M","2.86%"
"07/26/2017","455","459","459","449","706.60K","-0.44%"
"07/25/2017","457","423","460","420","3.39M","2.70%"
"07/24/2017","445","478","480","402","7.73M","-9.00%"
"07/21/2017","489","485","490","485","654.36K","0.00%"
"07/20/2017","489","485","499","485","1.99M","-1.41%"
"07/19/2017","496","485","499","485","3.73M","1.64%"
"07/18/2017","488","495","499","484","2.14M","-1.01%"
"07/17/2017","493","477","495","471","5.01M","3.35%"
"07/14/2017","477","480","480","464","781.99K","1.49%"
"07/13/2017","470","470","474","466","4.78M","0.00%"
"07/12/2017","470","470","489","455","4.47M","-1.05%"
"07/11/2017","475","482","499","475","1.89M","-1.45%"
"07/10/2017","482","518","518","473","2.75M","-3.02%"
"07/07/2017","497","520","520","495","1.47M","-4.42%"
"07/06/2017","520","529","538","517","1.09M","-1.70%"
"07/05/2017","529","531","531","523","1.40M","-0.19%"
"07/04/2017","530","530","536","528","1.78M","-0.75%"
"07/03/2017","534","525","540","525","2.97M","0.95%"
"06/30/2017","529","508","536","502","2.13M","3.52%"
"06/29/2017","511","520","528","498","2.32M","0.99%"
"06/28/2017","506","512","513","496","2.83M","-2.13%"
"06/27/2017","517","525","546","510","1.49M","-3.18%"
"06/26/2017","534","532","540","523","1.27M","2.10%"
"06/23/2017","523","526","535","520","1.02M","-2.06%"
"06/22/2017","534","531","541","514","2.01M","-1.84%"
"06/21/2017","544","521","551","514","3.97M","3.42%"
"06/20/2017","526","535","540","525","4.34M","-1.87%"
"06/19/2017","536","542","552","533","3.50M","-1.65%"
"06/15/2017","545","550","560","539","3.64M","-1.98%"
"06/14/2017","556","550","573","549","2.50M","0.36%"
"06/13/2017","554","563","577","550","2.16M","-2.64%"
"06/12/2017","569","565","588","564","3.14M","-0.35%"
"06/09/2017","571","525","595","514","3.44M","10.87%"
"06/08/2017","515","545","545","503","2.18M","-0.96%"
"06/07/2017","520","579","579","519","3.46M","-6.98%"
"06/06/2017","559","550","578","550","3.78M","0.72%"
"06/05/2017","555","567","577","555","612.29K","-1.25%"
"06/02/2017","562","568","577","555","4.69M","-4.58%"
"06/01/2017","589","614","619","585","2.93M","-4.07%"
"05/31/2017","614","615","615","605","2.16M","0.16%"
"05/30/2017","613","613","620","610","2.03M","0.16%"
"05/29/2017","612","600","624","600","900.34K","0.33%"
"05/26/2017","610","592","612","592","380.20K","0.83%"
"05/25/2017","605","609","610","593","2.09M","-0.33%"
"05/24/2017","607","592","610","592","1.25M","0.33%"
"05/23/2017","605","582","606","582","1.14M","0.83%"
"05/22/2017","600","574","605","574","3.22M","1.18%"
"05/19/2017","593","586","600","576","3.99M","3.13%"
"05/18/2017","575","595","595","574","2.34M","-4.01%"
"05/17/2017","599","597","604","590","4.73M","-0.99%"
"05/16/2017","605","597","619","597","1.59M","0.00%"
"05/15/2017","605","610","613","597","1.53M","-0.82%"
"05/12/2017","610","590","620","590","2.32M","3.74%"
"05/11/2017","588","590","598","577","3.28M","2.08%"
"05/10/2017","576","593","593","574","3.65M","-0.52%"
"05/09/2017","579","575","590","575","1.19M","0.70%"
"05/08/2017","575","593","593","571","1.02M","0.88%"
"05/05/2017","570","601","601","570","1.81M","-5.16%"
"05/04/2017","601","618","618","574","11.66M","0.00%"
"05/03/2017","601","620","630","601","3.16M","-4.91%"
"05/02/2017","632","640","642","629","1.28M","1.12%"
"04/28/2017","625","622","636","620","986.86K","0.32%"
"04/26/2017","623","660","660","603","3.47M","-5.61%"
"04/25/2017","660","660","664","650","4.60M","0.76%"
"04/24/2017","655","655","672","647","2.63M","-0.91%"
"04/21/2017","661","660","665","656","551.33K","1.07%"
"04/20/2017","654","653","658","647","1.17M","-0.15%"
"04/19/2017","655","665","665","652","1.24M","-0.76%"
"04/18/2017","660","670","670","652","1.65M","0.00%"
"04/13/2017","660","652","667","652","1.01M","0.30%"
"04/12/2017","658","675","675","650","1.62M","0.15%"
"04/11/2017","657","675","675","654","3.08M","-2.67%"
"04/10/2017","675","675","688","670","1.07M","-1.75%"
"04/07/2017","687","675","694","668","836.28K","-0.15%"
"04/06/2017","688","675","689","662","1.16M","2.69%"
"04/05/2017","670","688","688","656","3.58M","-1.62%"
"04/04/2017","681","680","686","670","4.49M","0.15%"
"04/03/2017","680","655","681","655","1.91M","4.45%"
"03/31/2017","651","660","679","649","7.82M","-4.26%"
"03/30/2017","680","672","681","668","829.12K","2.56%"
"03/29/2017","663","678","682","662","1.41M","-0.30%"
"03/28/2017","665","663","675","663","1.04M","-0.15%"
"03/27/2017","666","680","680","661","2.54M","-0.60%"
"03/24/2017","670","680","686","668","1.51M","-1.33%"
"03/23/2017","679","693","693","670","3.28M","-2.02%"
"03/22/2017","693","690","693","670","3.65M","-0.29%"
"03/20/2017","695","675","695","675","1.27M","2.96%"
"03/17/2017","675","699","699","662","11.43M","-0.59%"
"03/16/2017","679","660","702","648","6.84M","4.30%"
"03/15/2017","651","680","688","651","6.08M","-4.26%"
"03/14/2017","680","679","681","660","4.76M","0.29%"
"03/13/2017","678","665","691","665","1.66M","1.19%"
"03/10/2017","670","680","695","662","6.40M","-1.90%"
"03/09/2017","683","682","700","670","4.86M","-2.57%"
"03/08/2017","701","702","708","689","1.23M","-0.14%"
"03/07/2017","702","700","710","695","1.94M","1.01%"
"03/06/2017","695","694","700","684","5.79M","0.72%"
"03/03/2017","690","690","697","676","3.21M","-0.58%"
"03/02/2017","694","680","700","674","2.55M","3.12%"
"03/01/2017","673","665","678","662","2.13M","1.97%"
"02/28/2017","660","655","670","652","4.25M","0.15%"
"02/27/2017","659","660","688","652","2.40M","-2.23%"
"02/24/2017","674","700","700","658","3.88M","-1.03%"
"02/23/2017","681","709","717","678","2.41M","-3.95%"
"02/22/2017","709","719","719","701","1.78M","-1.12%"
"02/21/2017","717","725","725","710","4.37M","-0.14%"
"02/20/2017","718","715","725","710","2.58M","0.42%"
"02/17/2017","715","715","724","715","845.88K","-0.69%"
"02/16/2017","720","715","722","712","2.09M","0.00%"
"02/15/2017","720","705","722","703","3.09M","2.13%"
"02/14/2017","705","720","724","700","2.61M","-2.08%"
"02/13/2017","720","724","771","711","8.28M","2.86%"
"02/10/2017","700","694","710","690","6.04M","1.01%"
"02/09/2017","693","657","693","657","1.31M","1.91%"
"02/08/2017","680","674","685","655","2.08M","1.04%"
"02/07/2017","673","650","673","650","2.29M","3.54%"
"02/06/2017","650","672","700","649","2.26M","-4.13%"
"02/03/2017","678","682","717","675","2.07M","-2.02%"
"02/02/2017","692","675","704","675","2.83M","0.73%"
"02/01/2017","687","685","705","670","2.25M","0.29%"
"01/31/2017","685","662","690","653","1.65M","2.54%"
"01/30/2017","668","687","690","657","9.35M","-2.77%"
"01/27/2017","687","696","696","667","4.09M","-1.29%"
"01/26/2017","696","670","701","670","4.45M","2.35%"
"01/25/2017","680","697","711","673","3.16M","-2.30%"
"01/24/2017","696","645","696","645","7.69M","8.24%"
"01/23/2017","643","618","645","618","6.89M","3.88%"
"01/20/2017","619","596","626","596","2.68M","3.86%"
"01/19/2017","596","590","604","590","1.49M","-0.67%"
"01/18/2017","600","605","605","594","4.48M","1.18%"
"01/17/2017","593","595","618","576","4.53M","-0.17%"
"01/16/2017","594","573","600","573","7.97M","3.66%"
"01/13/2017","573","563","573","560","4.66M","1.78%"
"01/12/2017","563","559","563","554","3.09M","1.62%"
"01/11/2017","554","552","565","551","1.30M","0.00%"
"01/10/2017","554","562","572","552","1.38M","-1.42%"
"01/09/2017","562","576","576","557","1.27M","-2.60%"
"01/06/2017","577","580","583","577","915.21K","-0.52%"
"01/05/2017","580","578","582","575","2.55M","0.00%"
"01/04/2017","580","575","580","555","3.98M","0.87%"
"01/03/2017","575","556","579","549","2.23M","3.98%"
"12/30/2016","553","560","568","553","455.53K","-1.25%"
"12/29/2016","560","554","567","554","2.98M","0.18%"
"12/28/2016","559","559","565","546","1.40M","0.00%"
"12/23/2016","559","560","560","549","1.37M","0.90%"
"12/22/2016","554","550","556","540","1.12M","1.84%"
"12/21/2016","544","540","559","540","317.83K","-0.55%"
"12/20/2016","547","548","552","540","1.99M","-0.55%"
"12/19/2016","550","561","565","547","736.46K","-1.96%"
"12/15/2016","561","572","572","548","3.84M","-1.92%"
"12/14/2016","572","563","585","561","1.20M","1.60%"
"12/13/2016","563","560","579","549","2.31M","1.44%"
"12/12/2016","555","549","556","540","4.91M","1.09%"
"12/09/2016","549","550","554","545","1.97M","0.73%"
"12/08/2016","545","550","552","530","2.07M","1.49%"
"12/07/2016","537","550","550","530","2.77M","0.00%"
"12/06/2016","537","550","561","535","1.64M","-2.36%"
"12/05/2016","550","536","554","535","866.14K","2.61%"
"12/02/2016","536","555","555","526","3.54M","1.13%"
"12/01/2016","530","551","564","525","2.23M","-3.81%"
"11/30/2016","551","560","564","550","4.75M","-1.61%"
"11/29/2016","560","573","588","552","1.99M","-1.75%"
"11/28/2016","570","570","590","556","1.29M","2.70%"
"11/25/2016","555","575","575","555","2.31M","-3.48%"
"11/24/2016","575","595","595","568","1.54M","-1.71%"
"11/23/2016","585","593","600","582","1.13M","-1.68%"
"11/22/2016","595","609","615","592","2.61M","-0.83%"
"11/21/2016","600","625","625","592","1.54M","-2.28%"
"11/18/2016","614","617","630","601","2.70M","-0.49%"
"11/17/2016","617","610","622","601","2.65M","2.83%"
"11/16/2016","600","595","605","570","1.52M","2.04%"
"11/15/2016","588","592","604","581","712.66K","-0.68%"
"11/14/2016","592","600","611","589","3.51M","-1.17%"
"11/11/2016","599","610","610","586","2.05M","-1.64%"
"11/10/2016","609","610","635","609","2.15M","-0.98%"
"11/09/2016","615","582","619","535","7.13M","2.84%"
"11/08/2016","598","590","608","579","3.01M","1.53%"
"11/07/2016","589","589","590","572","945.55K","2.61%"
"11/04/2016","574","570","595","570","914.51K","-2.71%"
"11/03/2016","590","556","592","556","3.37M","4.80%"
"11/02/2016","563","580","599","556","4.25M","-3.60%"
"11/01/2016","584","569","589","546","6.65M","6.18%"
"10/31/2016","550","584","584","487","17.66M","-3.68%"
"10/28/2016","571","585","597","550","5.37M","-3.71%"
"10/27/2016","593","597","598","585","1.53M","-0.67%"
"10/26/2016","597","609","609","587","1.39M","0.34%"
"10/25/2016","595","600","610","594","2.42M","0.17%"
"10/24/2016","594","595","605","592","1.47M","0.00%"
"10/21/2016","594","594","605","593","1.82M","0.00%"
"10/20/2016","594","600","600","593","1.22M","0.17%"
"10/19/2016","593","602","615","593","3.90M","-1.66%"
"10/18/2016","603","594","623","594","7.07M","1.69%"
"10/17/2016","593","580","600","570","3.92M","3.13%"
"10/14/2016","575","575","601","569","6.96M","0.70%"
"10/13/2016","571","575","595","563","8.27M","-2.06%"
"10/12/2016","583","619","631","576","7.75M","-5.82%"
"10/11/2016","619","636","650","590","9.09M","-4.62%"
"10/10/2016","649","630","655","630","11.47M","4.01%"
"10/07/2016","624","635","636","616","7.18M","-1.42%"
"10/06/2016","633","610","636","610","11.71M","4.63%"
"10/05/2016","605","575","610","575","12.09M","5.22%"
"10/04/2016","575","559","581","559","5.94M","3.60%"
"10/03/2016","555","540","563","540","7.10M","3.35%"
"09/30/2016","537","532","551","525","9.62M","0.56%"
"09/29/2016","534","520","543","519","5.99M","2.69%"
"09/28/2016","520","560","572","511","13.54M","-6.81%"
"09/27/2016","558","576","576","550","8.50M","-2.11%"
"09/26/2016","570","599","605","549","8.01M","-4.20%"
"09/23/2016","595","609","623","591","5.39M","-3.25%"
"09/22/2016","615","610","630","600","6.44M","2.50%"
"09/21/2016","600","643","643","582","6.54M","-5.66%"
"09/20/2016","636","654","662","636","4.62M","-3.20%"
"09/19/2016","657","635","668","635","4.01M","3.46%"
"09/16/2016","635","644","657","606","13.30M","-0.94%"
"09/15/2016","641","676","695","630","3.98M","-6.29%"
"09/14/2016","684","649","700","628","7.33M","8.57%"
"09/13/2016","630","654","658","625","5.86M","-3.23%"
"09/12/2016","651","659","675","632","11.71M","-3.41%"
"09/09/2016","674","705","718","669","6.83M","-3.58%"
"09/08/2016","699","670","703","667","11.44M","4.33%"
"09/07/2016","670","665","678","651","2.98M","0.60%"
"09/06/2016","666","655","674","650","4.84M","1.68%"
"09/05/2016","655","659","690","632","10.15M","-0.46%"
"09/02/2016","658","611","679","611","8.74M","7.87%"
"09/01/2016","610","595","627","593","5.47M","2.69%"
"08/31/2016","594","619","650","555","9.28M","1.89%"
"08/30/2016","583","623","645","582","14.58M","-5.82%"
"08/29/2016","619","576","621","574","6.22M","6.36%"
"08/26/2016","582","572","597","569","6.33M","-0.51%"
"08/25/2016","585","552","591","516","13.79M","0.69%"
"08/24/2016","581","585","614","572","4.85M","-3.01%"
"08/23/2016","599","597","625","553","5.79M","0.34%"
"08/22/2016","597","589","612","573","2.16M","-0.17%"
"08/19/2016","598","612","627","587","5.19M","-2.76%"
"08/18/2016","615","629","645","612","2.33M","-2.07%"
"08/17/2016","628","665","665","628","5.16M","-4.70%"
"08/16/2016","659","639","666","636","9.06M","3.13%"
"08/15/2016","639","639","641","619","7.07M","0.00%"
"08/12/2016","639","607","678","607","9.81M","5.62%"
"08/11/2016","605","587","609","577","5.22M","3.07%"
"08/10/2016","587","545","587","545","4.80M","7.90%"
"08/08/2016","544","531","555","530","5.39M","4.21%"
"08/05/2016","522","532","532","520","3.15M","-0.76%"
"08/04/2016","526","526","532","522","3.96M","0.00%"
"08/02/2016","526","532","532","517","2.50M","-0.19%"
"08/01/2016","527","532","534","519","1.94M","0.57%"
"07/29/2016","524","528","528","507","2.40M","-0.76%"
"07/28/2016","528","540","545","516","2.52M","-2.58%"
"07/27/2016","542","547","547","526","3.24M","-1.28%"
"07/26/2016","549","544","553","527","6.33M","1.86%"
"07/25/2016","539","506","540","506","7.16M","6.52%"
"07/22/2016","506","490","512","481","5.51M","3.69%"
"07/21/2016","488","499","509","472","7.17M","-2.98%"
"07/20/2016","503","489","518","479","3.26M","2.86%"
"07/19/2016","489","459","504","446","6.19M","7.47%"
"07/18/2016","455","444","476","442","5.55M","2.48%"
"07/15/2016","444","441","457","433","2.28M","1.37%"
"07/14/2016","438","440","444","432","1.81M","-1.35%"
"07/13/2016","444","449","459","435","2.16M","-1.11%"
"07/12/2016","449","440","457","419","4.10M","1.81%"
"07/11/2016","441","439","469","428","3.15M","0.46%"
"07/08/2016","439","466","469","432","4.63M","-5.79%"
"07/07/2016","466","472","479","463","5.95M","-1.27%"
"07/06/2016","472","499","500","470","3.68M","-3.67%"
"07/05/2016","490","484","519","481","3.47M","1.66%"
"07/04/2016","482","519","519","472","7.55M","-5.68%"
"07/01/2016","511","532","545","507","5.91M","-3.95%"
"06/30/2016","532","551","551","527","3.67M","-3.10%"
"06/29/2016","549","529","557","513","3.10M","4.97%"
"06/28/2016","523","516","528","496","3.27M","3.56%"
"06/27/2016","505","534","545","498","8.08M","1.00%"
"06/24/2016","500","492","517","460","7.88M","-2.72%"
"06/23/2016","514","516","532","500","3.46M","-0.96%"
"06/22/2016","519","552","590","518","13.13M","-5.81%"
"06/21/2016","551","498","559","492","12.11M","10.42%"
"06/20/2016","499","539","548","452","21.85M","-4.04%"
"06/17/2016","520","572","586","499","5.23M","-8.93%"
"06/15/2016","571","615","615","566","3.60M","-4.67%"
"06/14/2016","599","645","659","582","8.58M","-7.13%"
"06/13/2016","645","651","652","639","2.04M","-1.07%"
"06/10/2016","652","665","665","647","2.30M","-1.95%"
"06/09/2016","665","665","665","652","1.21M","-0.89%"
"06/08/2016","671","679","679","655","720.71K","-1.18%"
"06/07/2016","679","714","714","665","2.44M","-2.58%"
"06/06/2016","697","665","701","655","2.46M","5.77%"
"06/03/2016","659","643","663","634","1.77M","3.94%"
"06/02/2016","634","632","642","613","1.30M","0.79%"
"06/01/2016","629","651","665","609","8.12M","-3.53%"
"05/31/2016","652","685","714","622","5.92M","-4.54%"
"05/30/2016","683","699","699","661","2.43M","-2.71%"
"05/27/2016","702","765","765","689","3.35M","-6.15%"
"05/26/2016","748","778","788","747","2.24M","-3.86%"
"05/25/2016","778","758","780","742","5.05M","2.77%"
"05/24/2016","757","748","785","744","3.57M","1.20%"
"05/23/2016","748","782","832","714","10.31M","-18.07%"
"05/20/2016","913","931","964","910","1.74M","-2.14%"
"05/19/2016","933","978","978","933","956.04K","-3.72%"
"05/18/2016","969","971","984","953","585.51K","0.41%"
"05/17/2016","965","1,011","1,011","953","1.62M","-3.98%"
"05/16/2016","1,005","1,005","1,009","997","853.80K","0.00%"
"05/13/2016","1,005","983","1,014","968","1.57M","1.93%"
"05/12/2016","986","995","1,010","969","1.07M","-0.90%"
"05/11/2016","995","963","1,012","956","1.29M","1.63%"
"05/10/2016","979","997","997","945","1.45M","1.45%"
"05/09/2016","965","991","1,000","962","1.87M","-1.33%"
"05/06/2016","978","985","997","971","1.61M","-0.71%"
"05/05/2016","985","971","997","944","3.48M","0.61%"
"05/04/2016","979","982","1,001","958","3.51M","-2.49%"
"05/03/2016","1,004","981","1,004","977","1.86M","0.60%"
"04/29/2016","998","968","1,003","941","2.21M","0.81%"
"04/28/2016","990","968","1,031","968","2.41M","1.12%"
"04/26/2016","979","965","980","939","4.30M","0.82%"
"04/25/2016","971","975","975","963","2.38M","-0.41%"
"04/22/2016","975","965","985","963","2.21M","1.35%"
"04/21/2016","962","992","1,001","962","1.47M","-2.93%"
"04/20/2016","991","950","1,009","950","6.51M","4.32%"
"04/19/2016","950","938","966","918","4.23M","1.28%"
"04/18/2016","938","921","938","918","2.15M","1.85%"
"04/15/2016","921","929","931","911","1.33M","-0.86%"
"04/14/2016","929","901","929","893","1.63M","4.03%"
"04/13/2016","893","860","903","855","8.71M","5.31%"
"04/12/2016","848","808","852","808","5.61M","5.21%"
"04/11/2016","806","810","830","801","973.76K","-0.49%"
"04/08/2016","810","842","842","798","2.77M","0.62%"
"04/07/2016","805","825","825","798","1.73M","0.25%"
"04/06/2016","803","845","845","796","2.17M","-2.07%"
"04/05/2016","820","813","833","792","2.72M","0.61%"
"04/04/2016","815","828","834","806","1.73M","-1.57%"
"04/01/2016","828","812","833","805","5.36M","1.97%"
"03/31/2016","812","878","878","808","2.96M","-3.10%"
"03/30/2016","838","837","859","816","2.71M","0.72%"
"03/29/2016","832","861","861","826","1.53M","-3.59%"
"03/24/2016","863","876","883","854","1.75M","-1.48%"
"03/23/2016","876","892","898","869","1.33M","-1.79%"
"03/22/2016","892","931","939","891","3.03M","-5.01%"
"03/18/2016","939","905","958","905","7.56M","3.07%"
"03/17/2016","911","965","965","905","4.42M","-1.30%"
"03/16/2016","923","901","984","899","1.98M","0.44%"
"03/15/2016","919","905","974","905","969.19K","-4.07%"
"03/14/2016","958","898","966","898","1.78M","4.47%"
"03/11/2016","917","901","955","901","1.13M","-2.24%"
"03/10/2016","938","865","993","865","2.89M","4.57%"
"03/09/2016","897","974","995","880","2.12M","-5.88%"
"03/08/2016","953","889","967","867","2.75M","6.72%"
"03/07/2016","893","832","898","832","1.20M","5.81%"
"03/04/2016","844","832","855","825","1.60M","2.30%"
"03/03/2016","825","782","848","782","1.78M","5.50%"
"03/02/2016","782","797","816","766","1.26M","-2.01%"
"03/01/2016","798","758","798","754","1.10M","5.28%"
"02/29/2016","758","785","785","757","2.38M","-3.07%"
"02/26/2016","782","798","798","773","1.24M","-1.76%"
"02/25/2016","796","792","814","785","1.27M","0.51%"
"02/24/2016","792","812","815","790","2.90M","-2.46%"
"02/23/2016","812","832","832","793","2.39M","-4.25%"
"02/22/2016","848","887","887","846","2.39M","-4.72%"
"02/19/2016","890","872","929","864","1.20M","-1.00%"
"02/18/2016","899","872","979","872","5.17M","-1.75%"
"02/17/2016","915","846","924","838","2.77M","6.64%"
"02/16/2016","858","840","866","840","1.19M","0.00%"
"02/15/2016","858","842","869","842","944.63K","1.06%"
"02/12/2016","849","832","867","818","1.53M","2.04%"
"02/11/2016","832","839","878","815","1.59M","-1.30%"
"02/10/2016","843","855","855","820","1.94M","2.93%"
"02/09/2016","819","873","873","809","2.62M","-5.32%"
"02/08/2016","865","838","888","838","2.42M","-4.21%"
"02/05/2016","903","898","917","832","2.94M","2.03%"
"02/04/2016","885","865","891","836","3.85M","5.99%"
"02/03/2016","835","840","861","812","3.63M","-3.02%"
"02/02/2016","861","865","895","844","1.77M","-4.12%"
"02/01/2016","898","893","911","864","2.06M","3.22%"
"01/29/2016","870","853","893","852","3.09M","2.84%"
"01/28/2016","846","846","884","842","1.79M","-2.98%"
"01/27/2016","872","848","877","843","3.26M","2.59%"
"01/26/2016","850","815","861","752","6.26M","4.29%"
"01/25/2016","815","894","931","798","5.84M","-8.84%"
"01/22/2016","894","901","947","891","2.51M","-2.30%"
"01/21/2016","915","918","925","892","1.97M","-0.33%"
"01/20/2016","918","932","951","911","2.15M","-4.08%"
"01/19/2016","957","958","997","932","1.89M","-0.42%"
"01/18/2016","961","978","998","937","2.73M","2.13%"
"01/15/2016","941","990","991","926","2.00M","-1.77%"
"01/14/2016","958","991","991","957","1.05M","-3.52%"
"01/13/2016","993","1,005","1,010","987","2.14M","-1.78%"
"01/12/2016","1,011","953","1,038","951","3.96M","3.69%"
"01/11/2016","975","965","989","948","2.49M","-0.61%"
"01/08/2016","981","998","998","961","4.13M","-1.01%"
"01/07/2016","991","1,024","1,024","978","3.29M","-3.88%"
"01/06/2016","1,031","1,016","1,046","1,016","1.53M","-1.25%"
"01/05/2016","1,044","1,071","1,071","988","1.90M","3.37%"
"01/04/2016","1,010","988","1,078","965","4.24M","-1.37%"