"Date","Price","Open","High","Low","Vol.","Change %"
"03/27/2026","2,687","2,664","2,713","2,625","1.15M","-0.44%"
"03/26/2026","2,699","2,672","2,699","2,660","360.73K","0.37%"
"03/25/2026","2,689","2,622","2,689","2,622","1.14M","2.95%"
"03/24/2026","2,612","2,657","2,703","2,611","769.71K","-1.88%"
"03/23/2026","2,662","2,510","2,683","2,510","1.09M","2.62%"
"03/20/2026","2,594","2,566","2,628","2,566","2.25M","-0.38%"
"03/19/2026","2,604","2,577","2,625","2,545","1.40M","0.46%"
"03/18/2026","2,592","2,594","2,651","2,574","1.11M","0.47%"
"03/17/2026","2,580","2,565","2,593","2,554","951.03K","-0.12%"
"03/16/2026","2,583","2,613","2,613","2,537","2.09M","0.58%"
"03/13/2026","2,568","2,590","2,626","2,554","435.86K","-1.83%"
"03/12/2026","2,616","2,590","2,675","2,590","851.79K","-1.69%"
"03/11/2026","2,661","2,575","2,665","2,575","1.17M","2.31%"
"03/10/2026","2,601","2,555","2,624","2,555","1.92M","1.96%"
"03/09/2026","2,551","2,537","2,575","2,509","1.93M","-0.20%"
"03/06/2026","2,556","2,700","2,700","2,544","1.26M","-5.47%"
"03/05/2026","2,704","2,685","2,710","2,676","757.32K","0.30%"
"03/04/2026","2,696","2,660","2,709","2,660","692.92K","-0.04%"
"03/03/2026","2,697","2,776","2,779","2,687","1.74M","-2.64%"
"03/02/2026","2,770","2,715","2,800","2,715","911.97K","-2.02%"
"02/27/2026","2,827","2,859","2,873","2,825","440.14K","-1.02%"
"02/26/2026","2,856","2,800","2,870","2,800","424.00K","1.78%"
"02/25/2026","2,806","2,801","2,813","2,774","367.19K","0.18%"
"02/24/2026","2,801","2,835","2,835","2,779","595.38K","-0.67%"
"02/23/2026","2,820","2,785","2,825","2,785","534.44K","1.26%"
"02/20/2026","2,785","2,771","2,788","2,768","302.74K","0.58%"
"02/19/2026","2,769","2,819","2,821","2,760","929.47K","-1.91%"
"02/18/2026","2,823","2,770","2,824","2,760","1.12M","1.26%"
"02/17/2026","2,788","2,752","2,788","2,730","933.68K","1.09%"
"02/16/2026","2,758","2,749","2,763","2,732","1.08M","0.80%"
"02/13/2026","2,736","2,746","2,748","2,725","1.25M","-0.51%"
"02/12/2026","2,750","2,761","2,766","2,735","448.10K","0.36%"
"02/11/2026","2,740","2,717","2,740","2,696","886.29K","0.55%"
"02/10/2026","2,725","2,722","2,732","2,694","663.38K","-0.11%"
"02/09/2026","2,728","2,740","2,740","2,702","399.77K","0.00%"
"02/06/2026","2,728","2,730","2,741","2,716","966.41K","-0.26%"
"02/05/2026","2,735","2,749","2,760","2,729","687.68K","-0.51%"
"02/04/2026","2,749","2,785","2,785","2,738","511.90K","-1.26%"
"02/03/2026","2,784","2,755","2,812","2,750","2.22M","1.61%"
"02/02/2026","2,740","2,700","2,746","2,677","1.87M","-0.15%"
"01/30/2026","2,744","2,776","2,776","2,718","957.09K","-0.62%"
"01/29/2026","2,761","2,745","2,775","2,722","820.65K","1.54%"
"01/28/2026","2,719","2,767","2,767","2,705","1.08M","-0.91%"
"01/27/2026","2,744","2,743","2,749","2,724","1.43M","0.18%"
"01/26/2026","2,739","2,723","2,745","2,717","2.20M","0.62%"
"01/23/2026","2,722","2,749","2,762","2,714","677.37K","-1.23%"
"01/22/2026","2,756","2,720","2,769","2,720","1.06M","1.96%"
"01/21/2026","2,703","2,730","2,730","2,693","638.71K","-0.73%"
"01/20/2026","2,723","2,680","2,723","2,670","909.52K","0.78%"
"01/19/2026","2,702","2,688","2,706","2,657","964.99K","0.15%"
"01/16/2026","2,698","2,651","2,706","2,632","972.51K","0.94%"
"01/15/2026","2,673","2,700","2,700","2,626","1.37M","0.91%"
"01/14/2026","2,649","2,666","2,678","2,630","824.01K","-0.60%"
"01/13/2026","2,665","2,645","2,680","2,611","1.37M","0.60%"
"01/12/2026","2,649","2,689","2,691","2,632","1.13M","-1.49%"
"01/09/2026","2,689","2,693","2,698","2,665","260.37K","-0.41%"
"01/08/2026","2,700","2,735","2,735","2,658","815.27K","-0.26%"
"01/07/2026","2,707","2,782","2,782","2,702","257.79K","-2.70%"
"01/06/2026","2,782","2,736","2,815","2,724","939.70K","2.02%"
"01/05/2026","2,727","2,809","2,809","2,723","375.30K","-2.08%"
"01/02/2026","2,785","2,725","2,792","2,713","682.78K","2.20%"
"12/31/2025","2,725","2,691","2,725","2,681","708.77K","1.30%"
"12/30/2025","2,690","2,690","2,710","2,681","330.28K","0.34%"
"12/29/2025","2,681","2,653","2,706","2,653","248.08K","0.04%"
"12/24/2025","2,680","2,710","2,710","2,655","74.27K","1.21%"
"12/23/2025","2,648","2,600","2,649","2,600","441.57K","1.22%"
"12/22/2025","2,616","2,720","2,720","2,560","523.45K","-1.10%"
"12/19/2025","2,645","2,586","2,673","2,584","4.31M","2.28%"
"12/18/2025","2,586","2,563","2,593","2,537","1.00M","0.90%"
"12/17/2025","2,563","2,600","2,600","2,544","436.23K","-1.31%"
"12/15/2025","2,597","2,570","2,622","2,570","490.70K","0.23%"
"12/12/2025","2,591","2,632","2,636","2,550","863.56K","-0.46%"
"12/11/2025","2,603","2,650","2,680","2,603","592.43K","-2.22%"
"12/10/2025","2,662","2,651","2,677","2,632","299.34K","0.30%"
"12/09/2025","2,654","2,675","2,694","2,654","930.06K","-0.82%"
"12/08/2025","2,676","2,720","2,720","2,659","964.13K","-0.15%"
"12/05/2025","2,680","2,678","2,700","2,668","918.18K","0.68%"
"12/04/2025","2,662","2,712","2,712","2,635","600.42K","0.38%"
"12/03/2025","2,652","2,630","2,652","2,579","557.11K","1.41%"
"12/02/2025","2,615","2,594","2,615","2,561","990.94K","1.12%"
"12/01/2025","2,586","2,568","2,586","2,520","302.44K","1.17%"
"11/28/2025","2,556","2,559","2,583","2,501","1.17M","-0.08%"
"11/27/2025","2,558","2,595","2,614","2,555","1.34M","-1.35%"
"11/26/2025","2,593","2,583","2,637","2,559","819.23K","0.23%"
"11/25/2025","2,587","2,555","2,645","2,527","1.08M","1.33%"
"11/24/2025","2,553","2,540","2,554","2,514","850.23K","2.00%"
"11/21/2025","2,503","2,553","2,597","2,462","689.81K","-2.68%"
"11/20/2025","2,572","2,558","2,579","2,543","376.87K","1.18%"
"11/19/2025","2,542","2,530","2,550","2,515","243.45K","0.83%"
"11/18/2025","2,521","2,550","2,558","2,509","840.37K","-1.72%"
"11/17/2025","2,565","2,516","2,573","2,516","367.25K","1.99%"
"11/14/2025","2,515","2,558","2,571","2,492","427.65K","-2.48%"
"11/13/2025","2,579","2,540","2,620","2,526","661.49K","2.02%"
"11/12/2025","2,528","2,458","2,544","2,401","671.02K","2.14%"
"11/11/2025","2,475","2,500","2,522","2,460","456.98K","-0.76%"
"11/10/2025","2,494","2,492","2,499","2,473","321.88K","0.56%"
"11/07/2025","2,480","2,499","2,499","2,465","238.64K","-0.72%"
"11/06/2025","2,498","2,464","2,499","2,455","226.88K","1.46%"
"11/05/2025","2,462","2,380","2,477","2,380","363.87K","-0.73%"
"11/04/2025","2,480","2,475","2,480","2,460","803.19K","0.16%"
"11/03/2025","2,476","2,478","2,485","2,465","245.77K","0.45%"
"10/31/2025","2,465","2,477","2,492","2,464","530.42K","-0.08%"
"10/30/2025","2,467","2,459","2,488","2,443","508.34K","-0.48%"
"10/29/2025","2,479","2,479","2,549","2,469","438.85K","0.00%"
"10/28/2025","2,479","2,450","2,479","2,450","778.62K","0.16%"
"10/27/2025","2,475","2,405","2,489","2,405","566.65K","0.49%"
"10/24/2025","2,463","2,450","2,479","2,426","1.03M","-0.48%"
"10/23/2025","2,475","2,446","2,479","2,433","589.90K","1.19%"
"10/22/2025","2,446","2,437","2,454","2,422","593.76K","0.66%"
"10/21/2025","2,430","2,443","2,443","2,420","385.37K","0.12%"
"10/20/2025","2,427","2,425","2,449","2,387","846.35K","0.08%"
"10/17/2025","2,425","2,436","2,440","2,359","685.03K","0.00%"
"10/16/2025","2,425","2,490","2,500","2,425","1.34M","-2.61%"
"10/15/2025","2,490","2,494","2,549","2,470","798.65K","0.40%"
"10/14/2025","2,480","2,472","2,480","2,451","556.82K","0.20%"
"10/13/2025","2,475","2,450","2,499","2,450","218.02K","-0.16%"
"10/10/2025","2,479","2,420","2,494","2,420","382.42K","0.61%"
"10/09/2025","2,464","2,400","2,472","2,400","544.08K","2.67%"
"10/08/2025","2,400","2,411","2,412","2,386","519.42K","-0.41%"
"10/07/2025","2,410","2,368","2,425","2,368","558.50K","1.82%"
"10/06/2025","2,367","2,383","2,400","2,337","1.44M","-0.92%"
"10/03/2025","2,389","2,383","2,439","2,373","979.63K","0.80%"
"10/02/2025","2,370","2,309","2,468","2,303","584.05K","3.04%"
"10/01/2025","2,300","2,294","2,308","2,280","788.77K","0.88%"
"09/30/2025","2,280","2,253","2,294","2,230","2.24M","1.11%"
"09/29/2025","2,255","2,255","2,283","2,251","833.32K","-0.13%"
"09/26/2025","2,258","2,277","2,286","2,223","1.03M","-0.96%"
"09/25/2025","2,280","2,310","2,310","2,257","317.25K","-0.70%"
"09/23/2025","2,296","2,270","2,334","2,269","1.41M","-0.61%"
"09/22/2025","2,310","2,342","2,342","2,290","649.34K","-0.90%"
"09/19/2025","2,331","2,322","2,455","2,316","2.77M","-0.04%"
"09/18/2025","2,332","2,315","2,332","2,287","323.62K","1.04%"
"09/17/2025","2,308","2,300","2,345","2,291","256.78K","-0.60%"
"09/16/2025","2,322","2,338","2,338","2,293","298.89K","0.61%"
"09/15/2025","2,308","2,260","2,334","2,260","434.90K","1.94%"
"09/12/2025","2,264","2,333","2,333","2,248","224.88K","-0.31%"
"09/11/2025","2,271","2,253","2,289","2,236","209.74K","1.07%"
"09/10/2025","2,247","2,263","2,295","2,228","525.97K","-0.13%"
"09/09/2025","2,250","2,222","2,250","2,220","185.46K","1.17%"
"09/08/2025","2,224","2,202","2,224","2,201","302.51K","1.09%"
"09/05/2025","2,200","2,222","2,222","2,194","810.60K","-0.32%"
"09/04/2025","2,207","2,188","2,304","2,184","927.52K","0.78%"
"09/03/2025","2,190","2,200","2,216","2,165","509.10K","-0.09%"
"09/02/2025","2,192","2,260","2,260","2,169","1.48M","-0.50%"
"09/01/2025","2,203","2,200","2,263","2,200","410.47K","-2.18%"
"08/29/2025","2,252","2,250","2,266","2,235","752.15K","0.49%"
"08/28/2025","2,241","2,258","2,270","2,185","1.48M","-0.18%"
"08/27/2025","2,245","2,262","2,282","2,228","534.68K","-1.58%"
"08/26/2025","2,281","2,334","2,334","2,279","166.34K","-2.10%"
"08/25/2025","2,330","2,340","2,349","2,314","202.28K","0.47%"
"08/22/2025","2,319","2,365","2,365","2,318","80.02K","0.17%"
"08/21/2025","2,315","2,320","2,327","2,300","134.03K","0.65%"
"08/20/2025","2,300","2,350","2,350","2,287","720.19K","0.00%"
"08/19/2025","2,300","2,299","2,322","2,287","276.54K","0.92%"
"08/18/2025","2,279","2,286","2,294","2,270","236.36K","-0.31%"
"08/15/2025","2,286","2,280","2,299","2,271","95.70K","-0.17%"
"08/14/2025","2,290","2,301","2,324","2,275","326.12K","-0.43%"
"08/13/2025","2,300","2,319","2,319","2,300","200.35K","0.00%"
"08/12/2025","2,300","2,255","2,300","2,255","276.83K","1.10%"
"08/11/2025","2,275","2,315","2,315","2,255","98.44K","-0.83%"
"08/08/2025","2,294","2,283","2,306","2,263","312.63K","1.01%"
"08/07/2025","2,271","2,263","2,280","2,255","260.94K","0.04%"
"08/06/2025","2,270","2,360","2,360","2,255","126.32K","0.00%"
"08/05/2025","2,270","2,231","2,300","2,231","1.11M","1.11%"
"08/04/2025","2,245","2,264","2,264","2,225","449.13K","0.58%"
"08/01/2025","2,232","2,347","2,348","2,225","354.87K","-4.94%"
"07/31/2025","2,348","2,220","2,361","2,220","922.97K","5.24%"
"07/30/2025","2,231","2,249","2,250","2,216","128.00K","0.13%"
"07/29/2025","2,228","2,216","2,239","2,215","79.97K","0.18%"
"07/28/2025","2,224","2,239","2,239","2,215","130.99K","0.41%"
"07/25/2025","2,215","2,239","2,240","2,215","130.08K","-0.63%"
"07/24/2025","2,229","2,224","2,248","2,217","224.28K","0.36%"
"07/23/2025","2,221","2,235","2,240","2,216","45.33K","-0.22%"
"07/22/2025","2,226","2,230","2,234","2,215","69.89K","0.50%"
"07/21/2025","2,215","2,222","2,222","2,200","520.87K","0.00%"
"07/18/2025","2,215","2,227","2,230","2,200","195.07K","-0.45%"
"07/17/2025","2,225","2,230","2,230","2,203","254.07K","0.00%"
"07/16/2025","2,225","2,213","2,226","2,197","132.64K","1.14%"
"07/15/2025","2,200","2,280","2,280","2,172","279.40K","0.00%"
"07/14/2025","2,200","2,197","2,200","2,167","381.31K","0.09%"
"07/11/2025","2,198","2,161","2,198","2,160","593.95K","1.38%"
"07/10/2025","2,168","2,170","2,176","2,156","385.10K","-0.18%"
"07/09/2025","2,172","2,161","2,193","2,137","197.42K","-0.05%"
"07/08/2025","2,173","2,194","2,198","2,135","1.32M","-0.32%"
"07/07/2025","2,180","2,173","2,198","2,170","236.05K","-0.23%"
"07/04/2025","2,185","2,175","2,191","2,166","220.36K","0.46%"
"07/03/2025","2,175","2,275","2,275","2,175","284.72K","-0.73%"
"07/02/2025","2,191","2,254","2,256","2,142","660.72K","-1.66%"
"07/01/2025","2,228","2,186","2,278","2,186","985.36K","0.68%"
"06/30/2025","2,213","2,177","2,213","2,161","1.15M","2.69%"
"06/27/2025","2,155","2,120","2,155","2,100","307.99K","2.38%"
"06/26/2025","2,105","2,107","2,118","2,093","255.49K","0.81%"
"06/25/2025","2,088","2,053","2,088","2,044","267.53K","1.70%"
"06/24/2025","2,053","2,063","2,063","2,032","178.78K","1.33%"
"06/23/2025","2,026","2,043","2,052","2,015","650.60K","-1.70%"
"06/20/2025","2,061","2,032","2,061","2,019","1.12M","2.54%"
"06/19/2025","2,010","1,981","2,010","1,970","409.40K","1.67%"
"06/18/2025","1,977","2,018","2,023","1,960","979.30K","-1.93%"
"06/17/2025","2,016","2,022","2,043","2,001","1.05M","-0.44%"
"06/13/2025","2,025","2,074","2,074","2,025","1.07M","-2.32%"
"06/12/2025","2,073","2,089","2,091","2,059","192.21K","-0.86%"
"06/11/2025","2,091","2,086","2,098","2,057","246.48K","1.21%"
"06/10/2025","2,066","2,050","2,075","2,044","239.95K","0.78%"
"06/09/2025","2,050","2,040","2,065","2,035","674.45K","-0.10%"
"06/06/2025","2,052","2,033","2,073","2,033","303.55K","-0.82%"
"06/05/2025","2,069","2,041","2,069","2,039","410.51K","1.17%"
"06/04/2025","2,045","2,060","2,077","2,041","169.79K","-0.10%"
"06/03/2025","2,047","2,113","2,113","2,038","475.61K","-3.12%"
"06/02/2025","2,113","2,100","2,130","2,100","439.60K","0.00%"
"05/30/2025","2,113","2,078","2,134","2,072","439.54K","1.59%"
"05/29/2025","2,080","2,047","2,090","2,044","409.04K","2.06%"
"05/28/2025","2,038","2,043","2,064","2,037","133.54K","0.00%"
"05/27/2025","2,038","2,065","2,065","2,028","472.63K","-0.20%"
"05/26/2025","2,042","2,055","2,057","2,031","119.40K","0.10%"
"05/23/2025","2,040","1,999","2,049","1,999","421.92K","2.00%"
"05/22/2025","2,000","1,993","2,015","1,990","250.43K","-0.05%"
"05/21/2025","2,001","2,000","2,032","1,995","456.70K","0.30%"
"05/20/2025","1,995","1,995","2,025","1,988","692.33K","-0.60%"
"05/19/2025","2,007","2,006","2,015","2,000","485.47K","0.20%"
"05/16/2025","2,003","2,011","2,022","2,000","238.66K","-0.74%"
"05/15/2025","2,018","2,033","2,033","2,004","217.11K","-0.79%"
"05/14/2025","2,034","1,984","2,045","1,973","1.66M","2.47%"
"05/13/2025","1,985","1,986","2,001","1,965","932.77K","-0.20%"
"05/12/2025","1,989","2,016","2,027","1,985","677.59K","-0.90%"
"05/09/2025","2,007","2,023","2,034","1,989","1.07M","0.05%"
"05/08/2025","2,006","2,018","2,028","1,996","1.72M","-0.55%"
"05/07/2025","2,017","2,030","2,034","2,002","1.03M","-0.88%"
"05/06/2025","2,035","2,050","2,051","2,020","2.28M","-0.44%"
"05/05/2025","2,044","2,050","2,077","2,030","4.21M","-0.92%"
"05/02/2025","2,063","1,992","2,067","1,986","914.98K","3.67%"
"04/30/2025","1,990","1,959","1,990","1,939","5.16M","2.31%"
"04/29/2025","1,945","1,925","1,985","1,925","1.08M","-0.36%"
"04/25/2025","1,952","1,929","1,954","1,929","650.77K","1.40%"
"04/24/2025","1,925","1,925","1,927","1,900","569.16K","0.79%"
"04/23/2025","1,910","1,863","1,910","1,863","1.02M","1.92%"
"04/22/2025","1,874","1,861","1,877","1,825","3.14M","1.74%"
"04/17/2025","1,842","1,801","1,842","1,800","365.43K","2.91%"
"04/16/2025","1,790","1,848","1,848","1,781","3.72M","-2.72%"
"04/15/2025","1,840","1,816","1,840","1,807","373.73K","1.38%"
"04/14/2025","1,815","1,778","1,815","1,777","608.24K","2.08%"
"04/11/2025","1,778","1,795","1,795","1,728","1.67M","0.11%"
"04/10/2025","1,776","1,761","1,846","1,742","2.69M","1.14%"
"04/09/2025","1,756","1,780","1,780","1,730","1.30M","-2.06%"
"04/08/2025","1,793","1,780","1,794","1,727","489.12K","3.34%"
"04/07/2025","1,735","1,661","1,755","1,639","780.24K","1.40%"
"04/04/2025","1,711","1,800","1,800","1,711","743.71K","-5.31%"
"04/03/2025","1,807","1,821","1,821","1,795","1.05M","-2.11%"
"04/02/2025","1,846","1,840","1,893","1,840","683.68K","-1.60%"
"04/01/2025","1,876","1,813","1,880","1,812","679.53K","3.88%"
"03/31/2025","1,806","1,814","1,828","1,786","471.36K","0.28%"
"03/28/2025","1,801","1,781","1,820","1,781","149.03K","-0.61%"
"03/27/2025","1,812","1,779","1,827","1,779","429.23K","1.51%"
"03/26/2025","1,785","1,816","1,834","1,782","628.08K","-0.94%"
"03/25/2025","1,802","1,771","1,810","1,771","543.21K","2.21%"
"03/24/2025","1,763","1,820","1,831","1,751","249.12K","-3.13%"
"03/20/2025","1,820","1,838","1,842","1,788","885.26K","-0.55%"
"03/19/2025","1,830","1,804","1,847","1,800","268.64K","2.23%"
"03/18/2025","1,790","1,799","1,803","1,785","242.04K","0.00%"
"03/17/2025","1,790","1,776","1,793","1,776","674.52K","0.79%"
"03/14/2025","1,776","1,800","1,800","1,770","772.45K","-0.78%"
"03/13/2025","1,790","1,770","1,798","1,753","731.95K","1.42%"
"03/12/2025","1,765","1,755","1,770","1,749","203.23K","0.57%"
"03/11/2025","1,755","1,745","1,756","1,726","685.20K","0.11%"
"03/10/2025","1,753","1,768","1,781","1,749","509.70K","-1.57%"
"03/07/2025","1,781","1,798","1,805","1,780","586.81K","-1.11%"
"03/06/2025","1,801","1,805","1,817","1,795","526.08K","-0.22%"
"03/05/2025","1,805","1,789","1,819","1,731","666.41K","0.61%"
"03/04/2025","1,794","1,795","1,804","1,724","611.91K","-0.06%"
"03/03/2025","1,795","1,812","1,825","1,791","372.62K","-0.88%"
"02/28/2025","1,811","1,810","1,823","1,791","570.98K","0.06%"
"02/27/2025","1,810","1,815","1,828","1,808","660.95K","-1.15%"
"02/26/2025","1,831","1,834","1,849","1,814","449.53K","-0.27%"
"02/25/2025","1,836","1,826","1,850","1,825","347.50K","0.77%"
"02/24/2025","1,822","1,827","1,837","1,813","370.19K","-0.27%"
"02/21/2025","1,827","1,805","1,835","1,805","253.69K","0.94%"
"02/20/2025","1,810","1,826","1,826","1,806","570.10K","-1.09%"
"02/19/2025","1,830","1,838","1,864","1,827","680.60K","-0.49%"
"02/18/2025","1,839","1,819","1,839","1,808","1.08M","1.10%"
"02/17/2025","1,819","1,820","1,820","1,806","142.41K","0.11%"
"02/14/2025","1,817","1,800","1,825","1,800","241.52K","0.44%"
"02/13/2025","1,809","1,820","1,849","1,809","1.36M","0.11%"
"02/12/2025","1,807","1,801","1,825","1,800","920.95K","0.11%"
"02/11/2025","1,805","1,820","1,829","1,805","8.31M","-0.82%"
"02/10/2025","1,820","1,825","1,826","1,809","1.21M","0.00%"
"02/07/2025","1,820","1,820","1,841","1,813","1.36M","0.44%"
"02/06/2025","1,812","1,825","1,847","1,812","1.00M","-0.71%"
"02/05/2025","1,825","1,836","1,868","1,815","1.57M","-0.60%"
"02/04/2025","1,836","1,830","1,887","1,830","773.23K","0.44%"
"02/03/2025","1,828","1,821","1,829","1,805","687.08K","-0.11%"
"01/31/2025","1,830","1,840","1,849","1,810","619.46K","-0.54%"
"01/30/2025","1,840","1,840","1,848","1,826","2.72M","0.00%"
"01/29/2025","1,840","1,834","1,877","1,821","909.05K","-0.16%"
"01/28/2025","1,843","1,890","1,897","1,840","968.80K","-2.69%"
"01/27/2025","1,894","1,925","1,925","1,882","513.87K","-1.61%"
"01/24/2025","1,925","1,944","1,958","1,925","1.20M","-0.77%"
"01/23/2025","1,940","1,989","1,989","1,910","5.93M","-0.51%"
"01/22/2025","1,950","1,941","1,971","1,941","352.32K","0.31%"
"01/21/2025","1,944","1,928","1,954","1,928","348.51K","0.78%"
"01/20/2025","1,929","1,929","1,940","1,916","113.09K","-0.46%"
"01/17/2025","1,938","1,911","1,938","1,911","179.78K","1.20%"
"01/16/2025","1,915","1,913","1,923","1,896","285.78K","0.79%"
"01/15/2025","1,900","1,889","1,916","1,880","420.17K","0.58%"
"01/14/2025","1,889","1,876","1,889","1,860","315.00K","0.32%"
"01/13/2025","1,883","1,933","1,933","1,852","506.52K","-2.28%"
"01/10/2025","1,927","1,921","1,936","1,918","106.67K","0.36%"
"01/09/2025","1,920","1,948","1,948","1,917","449.76K","-1.44%"
"01/08/2025","1,948","1,938","1,982","1,935","143.24K","-1.12%"
"01/07/2025","1,970","1,959","1,989","1,936","251.33K","0.92%"
"01/06/2025","1,952","1,965","1,971","1,934","197.56K","0.15%"
"01/03/2025","1,949","1,927","1,971","1,927","342.41K","-0.31%"
"01/02/2025","1,955","2,004","2,004","1,936","244.36K","-0.36%"
"12/31/2024","1,962","1,960","1,977","1,945","461.86K","0.82%"
"12/30/2024","1,946","1,960","1,960","1,935","124.62K","-0.82%"
"12/27/2024","1,962","1,962","2,017","1,951","61.41K","0.10%"
"12/24/2024","1,960","1,972","1,990","1,955","66.12K","-1.31%"
"12/23/2024","1,986","2,008","2,026","1,980","144.56K","-1.10%"
"12/20/2024","2,008","1,987","2,040","1,980","1.99M","1.06%"
"12/19/2024","1,987","2,016","2,020","1,985","625.81K","-1.54%"
"12/18/2024","2,018","2,050","2,050","2,000","161.02K","0.50%"
"12/17/2024","2,008","2,055","2,097","2,000","165.52K","-0.25%"
"12/13/2024","2,013","2,019","2,065","2,004","369.05K","0.00%"
"12/12/2024","2,013","1,979","2,068","1,979","323.42K","1.00%"
"12/11/2024","1,993","1,948","2,014","1,948","229.32K","2.21%"
"12/10/2024","1,950","1,948","1,953","1,935","411.90K","0.10%"
"12/09/2024","1,948","1,950","1,951","1,935","618.66K","-0.10%"
"12/06/2024","1,950","1,940","1,950","1,930","366.36K","0.78%"
"12/05/2024","1,935","1,925","1,949","1,925","755.05K","0.52%"
"12/04/2024","1,925","1,979","1,979","1,925","436.48K","-0.82%"
"12/03/2024","1,941","1,965","1,965","1,925","533.51K","0.83%"
"12/02/2024","1,925","1,900","1,930","1,899","476.78K","1.32%"
"11/29/2024","1,900","1,907","1,928","1,900","650.74K","-0.58%"
"11/28/2024","1,911","1,905","1,920","1,896","458.84K","0.26%"
"11/27/2024","1,906","1,889","1,944","1,889","656.35K","0.21%"
"11/26/2024","1,902","1,851","1,922","1,851","905.51K","0.96%"
"11/25/2024","1,884","1,865","1,949","1,865","255.33K","0.27%"
"11/22/2024","1,879","1,850","1,895","1,845","332.74K","1.84%"
"11/21/2024","1,845","1,865","1,865","1,845","465.19K","0.00%"
"11/20/2024","1,845","1,889","1,889","1,841","110.07K","-0.16%"
"11/19/2024","1,848","1,822","1,852","1,822","197.37K","0.71%"
"11/18/2024","1,835","1,830","1,844","1,827","319.67K","-0.11%"
"11/15/2024","1,837","1,845","1,857","1,822","400.73K","-0.54%"
"11/14/2024","1,847","1,886","1,900","1,847","379.48K","-2.28%"
"11/13/2024","1,890","1,900","1,900","1,855","1.09M","-0.47%"
"11/12/2024","1,899","1,851","1,899","1,837","422.83K","1.88%"
"11/11/2024","1,864","1,885","1,888","1,850","406.99K","-1.11%"
"11/08/2024","1,885","1,825","1,888","1,822","174.95K","3.29%"
"11/07/2024","1,825","1,841","1,849","1,820","376.15K","-0.82%"
"11/06/2024","1,840","1,898","1,898","1,839","316.74K","-1.92%"
"11/05/2024","1,876","1,863","1,899","1,853","195.59K","0.75%"
"11/04/2024","1,862","1,875","1,877","1,860","116.47K","0.11%"
"11/01/2024","1,860","1,865","1,893","1,860","262.28K","-0.48%"
"10/31/2024","1,869","1,861","1,888","1,860","568.25K","0.00%"
"10/30/2024","1,869","1,889","1,909","1,869","138.20K","-1.06%"
"10/29/2024","1,889","1,924","1,924","1,880","203.02K","-1.46%"
"10/28/2024","1,917","1,900","1,949","1,898","731.70K","1.59%"
"10/25/2024","1,887","1,900","1,900","1,880","307.38K","0.43%"
"10/24/2024","1,879","1,901","1,974","1,858","224.86K","-0.21%"
"10/23/2024","1,883","1,899","1,902","1,867","451.38K","-0.48%"
"10/22/2024","1,892","1,914","1,914","1,875","526.75K","-1.20%"
"10/21/2024","1,915","1,890","1,930","1,890","271.43K","0.63%"
"10/18/2024","1,903","1,869","1,979","1,869","689.83K","2.86%"
"10/17/2024","1,850","1,889","1,889","1,838","1.36M","-0.59%"
"10/16/2024","1,861","1,859","1,867","1,835","220.91K","0.87%"
"10/15/2024","1,845","1,834","1,849","1,822","186.04K","1.37%"
"10/14/2024","1,820","1,811","1,825","1,800","200.31K","0.50%"
"10/11/2024","1,811","1,800","1,825","1,782","536.23K","0.61%"
"10/10/2024","1,800","1,824","1,828","1,792","138.17K","-1.26%"
"10/09/2024","1,823","1,890","1,890","1,815","161.64K","-1.30%"
"10/08/2024","1,847","1,845","1,865","1,825","290.23K","0.11%"
"10/07/2024","1,845","1,815","1,888","1,815","374.72K","1.15%"
"10/04/2024","1,824","1,880","1,880","1,819","220.51K","-0.87%"
"10/03/2024","1,840","1,857","1,867","1,824","131.83K","-0.81%"
"10/02/2024","1,855","1,874","1,890","1,850","173.84K","-1.07%"
"10/01/2024","1,875","1,867","1,923","1,826","1.67M","2.80%"
"09/30/2024","1,824","1,860","1,917","1,824","425.77K","-0.11%"
"09/27/2024","1,826","1,810","1,889","1,785","1.61M","1.44%"
"09/26/2024","1,800","1,820","1,830","1,790","321.84K","0.00%"
"09/25/2024","1,800","1,800","1,814","1,786","235.91K","0.78%"
"09/23/2024","1,786","1,815","1,850","1,780","762.31K","-0.06%"
"09/20/2024","1,787","1,759","1,850","1,759","898.37K","1.94%"
"09/19/2024","1,753","1,750","1,784","1,737","1.57M","0.17%"
"09/18/2024","1,750","1,750","1,764","1,740","636.90K","0.00%"
"09/17/2024","1,750","1,749","1,750","1,736","540.33K","0.34%"
"09/16/2024","1,744","1,750","1,765","1,736","145.11K","-1.19%"
"09/13/2024","1,765","1,763","1,779","1,750","279.38K","0.28%"
"09/12/2024","1,760","1,778","1,789","1,753","230.34K","-0.96%"
"09/11/2024","1,777","1,800","1,820","1,777","479.66K","-1.22%"
"09/10/2024","1,799","1,729","1,800","1,725","403.23K","3.69%"
"09/09/2024","1,735","1,726","1,746","1,725","357.03K","0.17%"
"09/06/2024","1,732","1,727","1,742","1,727","181.67K","-0.12%"
"09/05/2024","1,734","1,740","1,740","1,725","270.22K","-0.34%"
"09/04/2024","1,740","1,712","1,786","1,712","347.40K","0.87%"
"09/03/2024","1,725","1,750","1,782","1,714","894.87K","-1.15%"
"09/02/2024","1,745","1,745","1,750","1,725","631.66K","0.46%"
"08/30/2024","1,737","1,744","1,750","1,718","394.49K","0.29%"
"08/29/2024","1,732","1,730","1,757","1,722","198.38K","0.87%"
"08/28/2024","1,717","1,700","1,723","1,690","232.85K","1.00%"
"08/27/2024","1,700","1,717","1,717","1,700","111.33K","-1.45%"
"08/26/2024","1,725","1,706","1,744","1,685","676.34K","1.00%"
"08/23/2024","1,708","1,698","1,710","1,668","85.60K","2.28%"
"08/22/2024","1,670","1,670","1,679","1,657","153.62K","-0.24%"
"08/21/2024","1,674","1,665","1,692","1,656","120.45K","0.60%"
"08/20/2024","1,664","1,662","1,675","1,635","344.35K","0.12%"
"08/19/2024","1,662","1,651","1,694","1,651","235.19K","-1.01%"
"08/16/2024","1,679","1,665","1,683","1,640","210.73K","2.07%"
"08/15/2024","1,645","1,635","1,655","1,633","1.10M","0.61%"
"08/14/2024","1,635","1,634","1,638","1,626","288.20K","0.31%"
"08/13/2024","1,630","1,625","1,674","1,620","342.08K","0.00%"
"08/12/2024","1,630","1,647","1,652","1,619","589.23K","0.00%"
"08/08/2024","1,630","1,610","1,679","1,608","1.24M","1.24%"
"08/07/2024","1,610","1,602","1,689","1,600","590.26K","0.63%"
"08/06/2024","1,600","1,680","1,680","1,600","90.72K","-1.05%"
"08/05/2024","1,617","1,643","1,665","1,590","320.54K","-1.22%"
"08/02/2024","1,637","1,689","1,689","1,571","183.57K","-2.56%"
"08/01/2024","1,680","1,672","1,690","1,672","173.88K","-0.59%"
"07/31/2024","1,690","1,660","1,690","1,660","341.46K","1.81%"
"07/30/2024","1,660","1,673","1,717","1,660","539.77K","-1.78%"
"07/29/2024","1,690","1,684","1,698","1,683","104.35K","-0.71%"
"07/26/2024","1,702","1,668","1,774","1,661","159.31K","1.67%"
"07/25/2024","1,674","1,652","1,682","1,652","80.74K","-0.59%"
"07/24/2024","1,684","1,688","1,713","1,684","234.77K","-0.30%"
"07/23/2024","1,689","1,728","1,728","1,685","168.95K","-1.17%"
"07/22/2024","1,709","1,703","1,729","1,692","168.65K","-0.75%"
"07/19/2024","1,722","1,714","1,730","1,696","149.06K","0.00%"
"07/18/2024","1,722","1,699","1,745","1,699","254.32K","0.29%"
"07/17/2024","1,717","1,700","1,755","1,700","248.02K","-2.50%"
"07/16/2024","1,761","1,849","1,849","1,760","191.12K","-1.23%"
"07/15/2024","1,783","1,770","1,849","1,770","199.07K","0.79%"
"07/12/2024","1,769","1,789","1,789","1,767","197.75K","-0.23%"
"07/11/2024","1,773","1,760","1,778","1,748","451.16K","0.57%"
"07/10/2024","1,763","1,787","1,787","1,759","243.56K","-0.62%"
"07/09/2024","1,774","1,795","1,800","1,761","330.96K","-0.50%"
"07/08/2024","1,783","1,735","1,789","1,722","309.77K","2.77%"
"07/05/2024","1,735","1,821","1,824","1,733","866.36K","-3.66%"
"07/04/2024","1,801","1,790","1,832","1,790","2.17M","0.67%"
"07/03/2024","1,789","1,746","1,790","1,739","882.96K","2.23%"
"07/02/2024","1,750","1,734","1,755","1,728","809.50K","0.57%"
"07/01/2024","1,740","1,748","1,748","1,733","1.12M","0.35%"
"06/28/2024","1,734","1,674","1,750","1,674","794.20K","2.73%"
"06/27/2024","1,688","1,676","1,690","1,670","144.12K","0.48%"
"06/26/2024","1,680","1,687","1,693","1,676","423.92K","-0.59%"
"06/25/2024","1,690","1,717","1,717","1,682","227.00K","-0.06%"
"06/24/2024","1,691","1,694","1,724","1,688","575.26K","-0.94%"
"06/21/2024","1,707","1,700","1,725","1,646","3.13M","0.77%"
"06/20/2024","1,694","1,750","1,750","1,691","530.78K","-1.05%"
"06/19/2024","1,712","1,741","1,758","1,710","676.39K","-1.67%"
"06/18/2024","1,741","1,645","1,741","1,645","522.28K","5.20%"
"06/14/2024","1,655","1,666","1,674","1,651","372.48K","0.61%"
"06/13/2024","1,645","1,640","1,671","1,637","241.67K","-1.56%"
"06/12/2024","1,671","1,637","1,679","1,637","214.80K","2.33%"
"06/11/2024","1,633","1,611","1,638","1,611","213.42K","0.80%"
"06/10/2024","1,620","1,600","1,620","1,598","198.39K","0.81%"
"06/07/2024","1,607","1,590","1,610","1,590","153.31K","1.07%"
"06/06/2024","1,590","1,604","1,605","1,589","1.84M","-0.87%"
"06/05/2024","1,604","1,601","1,607","1,597","718.60K","0.06%"
"06/04/2024","1,603","1,625","1,625","1,596","376.49K","-0.50%"
"06/03/2024","1,611","1,588","1,620","1,571","831.63K","-0.56%"
"05/31/2024","1,620","1,621","1,662","1,575","22.12M","-0.67%"
"05/30/2024","1,631","1,645","1,646","1,600","2.41M","-0.73%"
"05/28/2024","1,643","1,640","1,654","1,600","3.23M","1.92%"
"05/27/2024","1,612","1,583","1,615","1,583","1.02M","0.94%"
"05/24/2024","1,597","1,559","1,597","1,543","1.61M","2.37%"
"05/23/2024","1,560","1,608","1,636","1,540","1.14M","-3.11%"
"05/22/2024","1,610","1,565","1,706","1,550","1.58M","3.21%"
"05/21/2024","1,560","1,530","1,560","1,530","448.28K","1.96%"
"05/20/2024","1,530","1,550","1,554","1,527","1.86M","-1.54%"
"05/17/2024","1,554","1,551","1,562","1,535","1.09M","0.26%"
"05/16/2024","1,550","1,587","1,587","1,536","1.33M","0.00%"
"05/15/2024","1,550","1,536","1,556","1,456","1.32M","-0.45%"
"05/14/2024","1,557","1,533","1,583","1,531","308.15K","0.45%"
"05/13/2024","1,550","1,535","1,570","1,529","376.90K","0.91%"
"05/10/2024","1,536","1,519","1,542","1,518","274.01K","0.66%"
"05/09/2024","1,526","1,512","1,535","1,512","65.87K","-0.84%"
"05/08/2024","1,539","1,526","1,545","1,510","436.17K","-0.71%"
"05/07/2024","1,550","1,544","1,585","1,530","761.33K","0.91%"
"05/06/2024","1,536","1,535","1,575","1,535","162.97K","-0.26%"
"05/03/2024","1,540","1,539","1,547","1,507","213.24K","2.33%"
"05/02/2024","1,505","1,502","1,534","1,500","318.50K","-0.40%"
"04/30/2024","1,511","1,500","1,519","1,500","541.18K","0.60%"
"04/29/2024","1,502","1,500","1,509","1,500","127.30K","0.13%"
"04/26/2024","1,500","1,501","1,509","1,500","470.59K","0.00%"
"04/25/2024","1,500","1,501","1,510","1,498","695.38K","0.00%"
"04/24/2024","1,500","1,547","1,547","1,498","867.68K","-0.40%"
"04/23/2024","1,506","1,479","1,510","1,479","107.65K","1.55%"
"04/22/2024","1,483","1,475","1,486","1,473","523.69K","0.20%"
"04/19/2024","1,480","1,492","1,492","1,470","537.33K","-1.00%"
"04/18/2024","1,495","1,500","1,528","1,493","542.99K","-0.07%"
"04/17/2024","1,496","1,475","1,498","1,474","448.66K","2.54%"
"04/16/2024","1,459","1,492","1,509","1,451","1.07M","-2.73%"
"04/15/2024","1,500","1,490","1,502","1,480","855.79K","1.01%"
"04/12/2024","1,485","1,500","1,506","1,475","140.15K","-1.00%"
"04/11/2024","1,500","1,489","1,515","1,482","894.53K","0.74%"
"04/10/2024","1,489","1,479","1,499","1,478","294.34K","0.20%"
"04/09/2024","1,486","1,475","1,496","1,475","316.91K","0.61%"
"04/08/2024","1,477","1,484","1,490","1,460","419.03K","0.82%"
"04/05/2024","1,465","1,482","1,490","1,465","335.14K","-2.20%"
"04/04/2024","1,498","1,525","1,543","1,486","306.42K","-1.83%"
"04/03/2024","1,526","1,535","1,536","1,525","508.89K","-0.59%"
"04/02/2024","1,535","1,534","1,549","1,502","712.79K","0.33%"
"03/28/2024","1,530","1,500","1,539","1,500","230.23K","1.93%"
"03/27/2024","1,501","1,516","1,529","1,485","162.62K","-0.86%"
"03/26/2024","1,514","1,475","1,547","1,470","322.51K","2.85%"
"03/25/2024","1,472","1,470","1,499","1,464","450.30K","-0.61%"
"03/22/2024","1,481","1,451","1,500","1,451","234.62K","1.65%"
"03/20/2024","1,457","1,443","1,462","1,443","122.85K","0.97%"
"03/19/2024","1,443","1,437","1,448","1,430","329.53K","0.56%"
"03/18/2024","1,435","1,453","1,453","1,435","413.18K","-0.69%"
"03/15/2024","1,445","1,450","1,450","1,429","1.39M","0.00%"
"03/14/2024","1,445","1,450","1,454","1,426","294.73K","-0.21%"
"03/13/2024","1,448","1,448","1,460","1,430","270.88K","-0.14%"
"03/12/2024","1,450","1,431","1,469","1,431","340.72K","-0.68%"
"03/11/2024","1,460","1,431","1,467","1,425","890.83K","1.53%"
"03/08/2024","1,438","1,490","1,493","1,411","591.69K","-3.81%"
"03/07/2024","1,495","1,480","1,495","1,480","235.64K","1.01%"
"03/06/2024","1,480","1,490","1,500","1,468","255.05K","-0.47%"
"03/05/2024","1,487","1,470","1,490","1,469","219.54K","-0.07%"
"03/04/2024","1,488","1,519","1,519","1,475","170.76K","-1.59%"
"03/01/2024","1,512","1,506","1,535","1,484","157.69K","-0.46%"
"02/29/2024","1,519","1,510","1,519","1,496","326.68K","0.26%"
"02/28/2024","1,515","1,495","1,520","1,495","254.19K","1.00%"
"02/27/2024","1,500","1,501","1,507","1,500","146.72K","0.00%"
"02/26/2024","1,500","1,500","1,512","1,495","118.71K","0.00%"
"02/23/2024","1,500","1,520","1,525","1,495","194.65K","-2.28%"
"02/22/2024","1,535","1,500","1,540","1,500","54.72K","2.27%"
"02/21/2024","1,501","1,480","1,505","1,480","124.39K","1.42%"
"02/20/2024","1,480","1,485","1,492","1,475","255.00K","-1.00%"
"02/19/2024","1,495","1,481","1,500","1,480","324.79K","1.01%"
"02/16/2024","1,480","1,486","1,506","1,475","532.63K","-0.40%"
"02/15/2024","1,486","1,515","1,530","1,486","227.97K","-2.88%"
"02/14/2024","1,530","1,503","1,530","1,500","90.20K","0.99%"
"02/13/2024","1,515","1,496","1,550","1,496","336.89K","-0.20%"
"02/12/2024","1,518","1,542","1,542","1,485","113.01K","-1.11%"
"02/09/2024","1,535","1,520","1,539","1,515","24.60K","2.27%"
"02/08/2024","1,501","1,502","1,544","1,500","157.07K","-1.31%"
"02/07/2024","1,521","1,484","1,529","1,480","388.82K","2.49%"
"02/06/2024","1,484","1,508","1,530","1,480","110.71K","-1.79%"
"02/05/2024","1,511","1,510","1,549","1,500","201.89K","-0.40%"
"02/02/2024","1,517","1,550","1,550","1,517","124.67K","-1.04%"
"02/01/2024","1,533","1,576","1,593","1,533","85.20K","-2.73%"
"01/31/2024","1,576","1,587","1,592","1,561","109.64K","-1.38%"
"01/30/2024","1,598","1,597","1,610","1,579","127.74K","1.01%"
"01/29/2024","1,582","1,549","1,623","1,548","400.98K","2.06%"
"01/26/2024","1,550","1,499","1,550","1,499","289.64K","1.64%"
"01/25/2024","1,525","1,520","1,525","1,493","77.59K","0.33%"
"01/24/2024","1,520","1,490","1,520","1,460","270.94K","2.91%"
"01/23/2024","1,477","1,487","1,490","1,471","252.95K","-0.87%"
"01/22/2024","1,490","1,503","1,506","1,485","421.19K","-0.86%"
"01/19/2024","1,503","1,507","1,519","1,503","136.69K","-0.66%"
"01/18/2024","1,513","1,547","1,547","1,505","102.15K","-1.11%"
"01/17/2024","1,530","1,538","1,540","1,500","495.67K","-0.65%"
"01/16/2024","1,540","1,545","1,579","1,527","407.41K","-0.13%"
"01/15/2024","1,542","1,565","1,584","1,507","1.93M","-0.52%"
"01/12/2024","1,550","1,549","1,550","1,510","75.22K","1.97%"
"01/11/2024","1,520","1,574","1,574","1,500","86.04K","-1.94%"
"01/10/2024","1,550","1,544","1,554","1,530","90.54K","-0.70%"
"01/09/2024","1,561","1,538","1,575","1,526","94.07K","2.63%"
"01/08/2024","1,521","1,577","1,577","1,505","114.74K","0.26%"
"01/05/2024","1,517","1,584","1,584","1,517","68.31K","-2.00%"
"01/04/2024","1,548","1,566","1,584","1,538","72.68K","-0.13%"
"01/03/2024","1,550","1,559","1,560","1,532","255.52K","0.06%"
"01/02/2024","1,549","1,520","1,559","1,520","100.51K","0.91%"
"12/29/2023","1,535","1,549","1,555","1,531","103.88K","-0.97%"
"12/28/2023","1,550","1,525","1,550","1,525","59.30K","-0.26%"
"12/27/2023","1,554","1,545","1,560","1,540","395.25K","0.71%"
"12/22/2023","1,543","1,540","1,552","1,502","156.84K","-0.13%"
"12/21/2023","1,545","1,529","1,549","1,502","97.34K","2.18%"
"12/20/2023","1,512","1,503","1,521","1,498","105.83K","0.87%"
"12/19/2023","1,499","1,501","1,522","1,499","72.23K","-0.73%"
"12/18/2023","1,510","1,533","1,533","1,502","194.64K","-2.39%"
"12/14/2023","1,547","1,498","1,549","1,462","2.16M","2.79%"
"12/13/2023","1,505","1,510","1,518","1,448","863.18K","-0.86%"
"12/12/2023","1,518","1,515","1,530","1,496","693.61K","1.00%"
"12/11/2023","1,503","1,500","1,516","1,493","535.98K","-0.20%"
"12/08/2023","1,506","1,507","1,518","1,495","305.22K","-0.07%"
"12/07/2023","1,507","1,512","1,519","1,507","109.82K","-0.20%"
"12/06/2023","1,510","1,528","1,528","1,507","111.26K","-0.40%"
"12/05/2023","1,516","1,525","1,530","1,512","83.48K","-0.20%"
"12/04/2023","1,519","1,510","1,530","1,502","183.91K","1.20%"
"12/01/2023","1,501","1,530","1,530","1,501","398.16K","-0.92%"
"11/30/2023","1,515","1,500","1,520","1,500","2.24M","0.33%"
"11/29/2023","1,510","1,513","1,521","1,500","145.42K","-0.98%"
"11/28/2023","1,525","1,500","1,530","1,500","307.41K","0.33%"
"11/27/2023","1,520","1,489","1,521","1,480","437.29K","0.66%"
"11/24/2023","1,510","1,512","1,521","1,496","165.74K","-0.13%"
"11/23/2023","1,512","1,500","1,520","1,500","67.69K","0.27%"
"11/22/2023","1,508","1,509","1,521","1,442","199.88K","-0.85%"
"11/21/2023","1,521","1,529","1,535","1,509","171.09K","0.26%"
"11/20/2023","1,517","1,530","1,530","1,512","328.38K","0.13%"
"11/17/2023","1,515","1,509","1,531","1,495","220.84K","1.13%"
"11/16/2023","1,498","1,502","1,510","1,486","278.52K","-0.66%"
"11/15/2023","1,508","1,476","1,508","1,476","480.08K","1.89%"
"11/14/2023","1,480","1,470","1,480","1,470","237.84K","0.41%"
"11/13/2023","1,474","1,481","1,490","1,474","251.22K","-1.01%"
"11/10/2023","1,489","1,470","1,489","1,470","243.40K","0.61%"
"11/09/2023","1,480","1,493","1,493","1,459","1.19M","0.14%"
"11/08/2023","1,478","1,492","1,493","1,476","361.59K","0.14%"
"11/07/2023","1,476","1,410","1,501","1,410","736.85K","-2.19%"
"11/06/2023","1,509","1,480","1,514","1,480","826.43K","2.58%"
"11/03/2023","1,471","1,480","1,549","1,461","867.21K","-0.94%"
"11/02/2023","1,485","1,450","1,485","1,445","740.48K","2.77%"
"11/01/2023","1,445","1,442","1,445","1,427","224.55K","-0.07%"
"10/31/2023","1,446","1,423","1,450","1,423","458.11K","3.06%"
"10/30/2023","1,403","1,403","1,435","1,403","246.70K","-0.21%"
"10/27/2023","1,406","1,401","1,419","1,400","203.59K","0.29%"
"10/26/2023","1,402","1,404","1,412","1,396","541.36K","-0.07%"
"10/25/2023","1,403","1,398","1,420","1,394","331.10K","-0.50%"
"10/24/2023","1,410","1,399","1,410","1,390","825.35K","1.22%"
"10/23/2023","1,393","1,399","1,400","1,390","387.33K","-0.43%"
"10/20/2023","1,399","1,386","1,404","1,385","426.22K","0.65%"
"10/19/2023","1,390","1,420","1,420","1,390","455.81K","-1.28%"
"10/18/2023","1,408","1,425","1,433","1,400","516.45K","-0.35%"
"10/17/2023","1,413","1,410","1,440","1,409","1.01M","-0.91%"
"10/16/2023","1,426","1,385","1,433","1,385","973.08K","2.59%"
"10/13/2023","1,390","1,390","1,406","1,381","371.55K","0.22%"
"10/12/2023","1,387","1,389","1,400","1,371","268.02K","0.58%"
"10/11/2023","1,379","1,356","1,381","1,329","328.00K","1.70%"
"10/10/2023","1,356","1,349","1,366","1,340","190.22K","2.19%"
"10/09/2023","1,327","1,323","1,338","1,310","1.55M","0.23%"
"10/06/2023","1,324","1,335","1,340","1,315","396.85K","-0.82%"
"10/05/2023","1,335","1,317","1,342","1,300","1.71M","2.14%"
"10/04/2023","1,307","1,319","1,319","1,292","445.98K","0.15%"
"10/03/2023","1,305","1,310","1,310","1,290","318.83K","1.56%"
"10/02/2023","1,285","1,321","1,321","1,285","206.61K","-1.91%"
"09/29/2023","1,310","1,300","1,319","1,288","503.04K","1.47%"
"09/28/2023","1,291","1,302","1,310","1,283","584.90K","-1.22%"
"09/27/2023","1,307","1,316","1,331","1,307","3.62M","-0.98%"
"09/26/2023","1,320","1,313","1,334","1,303","499.87K","0.00%"
"09/22/2023","1,320","1,320","1,323","1,315","525.07K","0.00%"
"09/21/2023","1,320","1,328","1,337","1,315","2.91M","-1.49%"
"09/20/2023","1,340","1,330","1,344","1,321","1.28M","0.53%"
"09/19/2023","1,333","1,321","1,345","1,320","228.57K","0.45%"
"09/18/2023","1,327","1,360","1,360","1,321","227.34K","-2.21%"
"09/15/2023","1,357","1,328","1,357","1,323","633.06K","-0.15%"
"09/14/2023","1,359","1,335","1,359","1,320","206.91K","1.80%"
"09/13/2023","1,335","1,372","1,372","1,329","656.33K","-2.70%"
"09/12/2023","1,372","1,388","1,388","1,356","303.96K","-1.15%"
"09/11/2023","1,388","1,350","1,394","1,350","264.49K","2.81%"
"09/08/2023","1,350","1,383","1,383","1,347","421.04K","-1.82%"
"09/07/2023","1,375","1,384","1,397","1,363","89.52K","-0.65%"
"09/06/2023","1,384","1,400","1,400","1,364","347.44K","-0.86%"
"09/05/2023","1,396","1,365","1,396","1,350","307.27K","2.27%"
"09/04/2023","1,365","1,380","1,380","1,347","517.22K","-0.44%"
"09/01/2023","1,371","1,384","1,399","1,371","380.79K","-2.07%"
"08/31/2023","1,400","1,408","1,408","1,372","923.35K","-0.57%"
"08/30/2023","1,408","1,388","1,415","1,388","707.01K","0.57%"
"08/29/2023","1,400","1,400","1,405","1,388","429.13K","0.00%"
"08/28/2023","1,400","1,405","1,405","1,381","236.64K","0.50%"
"08/25/2023","1,393","1,414","1,415","1,392","182.23K","-1.00%"
"08/24/2023","1,407","1,385","1,434","1,385","110.86K","-1.61%"
"08/23/2023","1,430","1,425","1,435","1,365","564.97K","0.70%"
"08/22/2023","1,420","1,434","1,434","1,413","143.51K","0.28%"
"08/21/2023","1,416","1,421","1,440","1,416","232.70K","-0.63%"
"08/18/2023","1,425","1,411","1,434","1,405","470.76K","0.99%"
"08/17/2023","1,411","1,430","1,430","1,410","416.13K","-1.33%"
"08/16/2023","1,430","1,380","1,440","1,380","1.11M","1.49%"
"08/15/2023","1,409","1,403","1,412","1,392","138.80K","-0.14%"
"08/14/2023","1,411","1,414","1,430","1,405","1.59M","-1.40%"
"08/11/2023","1,431","1,401","1,436","1,400","234.31K","1.78%"
"08/10/2023","1,406","1,378","1,414","1,376","243.31K","1.37%"
"08/08/2023","1,387","1,370","1,410","1,370","498.19K","0.07%"
"08/07/2023","1,386","1,424","1,424","1,375","147.09K","-0.93%"
"08/04/2023","1,399","1,420","1,420","1,389","242.27K","-0.71%"
"08/03/2023","1,409","1,409","1,412","1,385","330.74K","1.22%"
"08/02/2023","1,392","1,420","1,444","1,391","853.39K","-3.06%"
"08/01/2023","1,436","1,433","1,448","1,421","4.03M","0.21%"
"07/31/2023","1,433","1,430","1,441","1,425","302.88K","-0.83%"
"07/28/2023","1,445","1,465","1,465","1,435","372.75K","-0.34%"
"07/27/2023","1,450","1,432","1,450","1,430","1.30M","1.33%"
"07/26/2023","1,431","1,400","1,431","1,400","796.43K","1.35%"
"07/25/2023","1,412","1,344","1,449","1,344","2.28M","1.73%"
"07/24/2023","1,388","1,370","1,396","1,356","2.85M","1.39%"
"07/21/2023","1,369","1,388","1,395","1,365","279.00K","-1.08%"
"07/20/2023","1,384","1,370","1,387","1,366","119.86K","0.58%"
"07/19/2023","1,376","1,350","1,378","1,350","1.54M","1.93%"
"07/18/2023","1,350","1,350","1,362","1,347","273.39K","-0.07%"
"07/17/2023","1,351","1,366","1,387","1,350","404.69K","-0.81%"
"07/14/2023","1,362","1,350","1,368","1,350","1.23M","0.81%"
"07/13/2023","1,351","1,303","1,366","1,303","1.24M","-0.15%"
"07/12/2023","1,353","1,330","1,360","1,330","2.45M","0.30%"
"07/11/2023","1,349","1,311","1,350","1,311","723.09K","2.20%"
"07/10/2023","1,320","1,359","1,359","1,318","273.70K","-2.29%"
"07/07/2023","1,351","1,331","1,365","1,330","439.82K","0.75%"
"07/06/2023","1,341","1,321","1,358","1,320","685.17K","1.51%"
"07/05/2023","1,321","1,330","1,335","1,315","1.02M","-0.90%"
"07/04/2023","1,333","1,335","1,347","1,330","706.74K","-0.15%"
"07/03/2023","1,335","1,329","1,335","1,316","783.67K","1.14%"
"06/30/2023","1,320","1,308","1,320","1,290","1.61M","2.33%"
"06/29/2023","1,290","1,236","1,290","1,232","988.98K","2.63%"
"06/28/2023","1,257","1,250","1,273","1,247","516.71K","0.16%"
"06/27/2023","1,255","1,282","1,282","1,240","449.64K","-2.11%"
"06/26/2023","1,282","1,261","1,286","1,261","910.80K","1.10%"
"06/23/2023","1,268","1,277","1,282","1,257","280.77K","-1.25%"
"06/22/2023","1,284","1,268","1,290","1,268","268.25K","0.63%"
"06/21/2023","1,276","1,260","1,284","1,260","354.04K","1.19%"
"06/20/2023","1,261","1,276","1,280","1,250","395.53K","-1.48%"
"06/19/2023","1,280","1,343","1,343","1,274","425.67K","-5.81%"
"06/15/2023","1,359","1,290","1,359","1,264","3.02M","7.09%"
"06/14/2023","1,269","1,234","1,284","1,234","128.59K","2.50%"
"06/13/2023","1,238","1,230","1,243","1,216","500.31K","0.00%"
"06/12/2023","1,238","1,235","1,247","1,228","986.61K","-0.88%"
"06/09/2023","1,249","1,220","1,250","1,216","357.27K","0.16%"
"06/08/2023","1,247","1,194","1,247","1,194","835.38K","3.57%"
"06/07/2023","1,204","1,206","1,219","1,184","481.34K","1.18%"
"06/06/2023","1,190","1,178","1,199","1,170","335.94K","1.28%"
"06/05/2023","1,175","1,190","1,202","1,168","302.85K","-0.17%"
"06/02/2023","1,177","1,156","1,179","1,156","339.38K","1.03%"
"06/01/2023","1,165","1,167","1,180","1,146","220.52K","1.48%"
"05/31/2023","1,148","1,184","1,184","1,138","1.43M","-3.12%"
"05/30/2023","1,185","1,170","1,199","1,153","856.26K","1.28%"
"05/29/2023","1,170","1,166","1,178","1,159","651.22K","-0.43%"
"05/26/2023","1,175","1,171","1,181","1,156","452.84K","-0.42%"
"05/25/2023","1,180","1,204","1,209","1,171","575.22K","-0.42%"
"05/24/2023","1,185","1,183","1,185","1,169","363.28K","1.37%"
"05/23/2023","1,169","1,165","1,199","1,157","984.99K","-0.51%"
"05/22/2023","1,175","1,180","1,195","1,175","206.15K","-0.84%"
"05/19/2023","1,185","1,190","1,190","1,175","83.47K","0.77%"
"05/18/2023","1,176","1,197","1,211","1,170","418.97K","-1.75%"
"05/17/2023","1,197","1,201","1,207","1,180","385.73K","-0.66%"
"05/16/2023","1,205","1,216","1,269","1,190","1.21M","-1.95%"
"05/15/2023","1,229","1,160","1,229","1,142","737.24K","6.41%"
"05/12/2023","1,155","1,210","1,210","1,149","726.63K","-4.62%"
"05/11/2023","1,211","1,236","1,253","1,208","1.68M","-2.34%"
"05/10/2023","1,240","1,241","1,251","1,230","1.59M","0.00%"
"05/09/2023","1,240","1,290","1,299","1,239","1.46M","-4.62%"
"05/08/2023","1,300","1,317","1,320","1,295","2.42M","-0.15%"
"05/05/2023","1,302","1,312","1,325","1,268","1.57M","-1.74%"
"05/04/2023","1,325","1,329","1,369","1,303","6.13M","0.30%"
"05/03/2023","1,321","1,299","1,333","1,279","847.94K","1.54%"
"05/02/2023","1,301","1,310","1,319","1,300","807.06K","-0.69%"
"04/28/2023","1,310","1,315","1,315","1,282","250.72K","1.31%"
"04/26/2023","1,293","1,267","1,300","1,267","249.82K","0.94%"
"04/25/2023","1,281","1,284","1,297","1,276","259.56K","-1.46%"
"04/24/2023","1,300","1,251","1,306","1,251","360.30K","0.85%"
"04/21/2023","1,289","1,301","1,315","1,289","1.38M","-1.38%"
"04/20/2023","1,307","1,315","1,315","1,300","519.18K","0.46%"
"04/19/2023","1,301","1,300","1,305","1,300","1.21M","0.00%"
"04/18/2023","1,301","1,310","1,314","1,300","1.20M","-0.31%"
"04/17/2023","1,305","1,252","1,306","1,252","725.77K","2.84%"
"04/14/2023","1,269","1,220","1,269","1,212","554.69K","3.93%"
"04/13/2023","1,221","1,210","1,233","1,201","187.49K","0.49%"
"04/12/2023","1,215","1,250","1,250","1,202","562.26K","-2.80%"
"04/11/2023","1,250","1,261","1,267","1,194","438.46K","3.91%"
"04/06/2023","1,203","1,219","1,219","1,201","101.20K","-0.82%"
"04/05/2023","1,213","1,223","1,225","1,201","370.18K","-1.62%"
"04/04/2023","1,233","1,204","1,237","1,204","247.50K","1.99%"
"04/03/2023","1,209","1,200","1,215","1,197","402.52K","0.08%"
"03/31/2023","1,208","1,225","1,236","1,200","449.39K","-1.39%"
"03/30/2023","1,225","1,231","1,235","1,221","953.92K","-0.81%"
"03/29/2023","1,235","1,250","1,250","1,225","252.85K","-1.20%"
"03/28/2023","1,250","1,228","1,250","1,220","597.38K","2.46%"
"03/27/2023","1,220","1,221","1,231","1,220","373.78K","-0.81%"
"03/24/2023","1,230","1,220","1,231","1,216","684.26K","0.82%"
"03/23/2023","1,220","1,215","1,230","1,214","468.27K","-0.49%"
"03/22/2023","1,226","1,202","1,229","1,202","244.11K","1.32%"
"03/20/2023","1,210","1,175","1,210","1,175","644.48K","2.54%"
"03/17/2023","1,180","1,200","1,201","1,177","3.01M","-1.26%"
"03/16/2023","1,195","1,196","1,200","1,180","1.28M","-0.42%"
"03/15/2023","1,200","1,206","1,211","1,195","1.67M","-0.41%"
"03/14/2023","1,205","1,210","1,212","1,200","578.87K","-0.58%"
"03/13/2023","1,212","1,215","1,229","1,208","939.34K","-1.06%"
"03/10/2023","1,225","1,221","1,232","1,220","279.43K","-1.37%"
"03/09/2023","1,242","1,255","1,260","1,242","330.47K","-1.43%"
"03/08/2023","1,260","1,256","1,267","1,251","632.49K","-0.63%"
"03/07/2023","1,268","1,230","1,277","1,217","249.45K","0.16%"
"03/06/2023","1,266","1,260","1,278","1,251","332.94K","-0.24%"
"03/03/2023","1,269","1,254","1,270","1,250","126.38K","0.63%"
"03/02/2023","1,261","1,256","1,272","1,219","359.46K","0.00%"
"03/01/2023","1,261","1,287","1,287","1,244","431.78K","-2.93%"
"02/28/2023","1,299","1,231","1,299","1,231","608.46K","4.84%"
"02/27/2023","1,239","1,230","1,261","1,230","122.26K","-1.74%"
"02/24/2023","1,261","1,230","1,261","1,230","271.32K","1.78%"
"02/23/2023","1,239","1,236","1,257","1,232","354.63K","0.57%"
"02/22/2023","1,232","1,230","1,240","1,220","267.20K","-0.08%"
"02/21/2023","1,233","1,220","1,268","1,220","193.57K","0.41%"
"02/20/2023","1,228","1,240","1,240","1,228","543.68K","-1.76%"
"02/17/2023","1,250","1,244","1,269","1,226","234.59K","0.64%"
"02/16/2023","1,242","1,231","1,242","1,220","217.43K","1.80%"
"02/15/2023","1,220","1,241","1,245","1,220","910.96K","-2.79%"
"02/14/2023","1,255","1,228","1,255","1,220","750.81K","2.87%"
"02/13/2023","1,220","1,289","1,289","1,220","618.30K","-0.81%"
"02/10/2023","1,230","1,245","1,280","1,230","365.47K","-2.07%"
"02/09/2023","1,256","1,231","1,263","1,231","519.15K","0.96%"
"02/08/2023","1,244","1,240","1,244","1,227","348.00K","1.39%"
"02/07/2023","1,227","1,254","1,254","1,221","673.63K","-1.76%"
"02/06/2023","1,249","1,263","1,274","1,240","387.43K","-1.89%"
"02/03/2023","1,273","1,346","1,346","1,255","166.17K","-0.70%"
"02/02/2023","1,282","1,277","1,326","1,231","407.94K","0.00%"
"02/01/2023","1,282","1,273","1,289","1,242","604.91K","0.39%"
"01/31/2023","1,277","1,231","1,289","1,231","1.71M","3.15%"
"01/30/2023","1,238","1,240","1,262","1,231","2.10M","-0.48%"
"01/27/2023","1,244","1,224","1,279","1,220","319.72K","1.63%"
"01/26/2023","1,224","1,230","1,230","1,220","408.59K","-0.49%"
"01/25/2023","1,230","1,230","1,232","1,220","850.34K","-0.57%"
"01/24/2023","1,237","1,232","1,237","1,225","828.16K","0.73%"
"01/23/2023","1,228","1,221","1,236","1,220","184.89K","0.33%"
"01/20/2023","1,224","1,230","1,235","1,221","102.25K","-1.05%"
"01/19/2023","1,237","1,223","1,240","1,223","453.72K","0.98%"
"01/18/2023","1,225","1,225","1,225","1,220","46.89K","0.00%"
"01/17/2023","1,225","1,220","1,225","1,219","243.69K","0.41%"
"01/16/2023","1,220","1,225","1,230","1,218","234.41K","-0.41%"
"01/13/2023","1,225","1,229","1,230","1,220","95.45K","0.16%"
"01/12/2023","1,223","1,223","1,230","1,216","197.03K","0.58%"
"01/11/2023","1,216","1,215","1,228","1,214","392.35K","-0.82%"
"01/10/2023","1,226","1,215","1,230","1,210","471.77K","0.49%"
"01/09/2023","1,220","1,217","1,228","1,212","294.70K","0.00%"
"01/06/2023","1,220","1,235","1,235","1,210","2.55M","-1.37%"
"01/05/2023","1,237","1,212","1,242","1,206","338.37K","2.06%"
"01/04/2023","1,212","1,165","1,217","1,165","432.13K","-0.16%"
"01/03/2023","1,214","1,200","1,231","1,200","818.57K","0.25%"
"12/30/2022","1,211","1,204","1,226","1,204","1.71M","0.00%"
"12/29/2022","1,211","1,195","1,213","1,190","424.51K","1.34%"
"12/28/2022","1,195","1,175","1,195","1,175","286.33K","1.01%"
"12/23/2022","1,183","1,185","1,192","1,183","19.92K","-0.42%"
"12/22/2022","1,188","1,184","1,208","1,184","91.85K","-1.33%"
"12/21/2022","1,204","1,197","1,211","1,192","1.03M","0.00%"
"12/20/2022","1,204","1,191","1,210","1,191","842.30K","0.33%"
"12/19/2022","1,200","1,195","1,204","1,190","681.06K","-0.33%"
"12/15/2022","1,204","1,180","1,204","1,173","1.85M","2.03%"
"12/14/2022","1,180","1,180","1,189","1,175","1.09M","-0.42%"
"12/13/2022","1,185","1,188","1,197","1,175","487.61K","-0.25%"
"12/12/2022","1,188","1,171","1,189","1,171","227.21K","0.85%"
"12/09/2022","1,178","1,185","1,200","1,170","761.83K","-1.75%"
"12/08/2022","1,199","1,190","1,210","1,183","1.08M","0.67%"
"12/07/2022","1,191","1,184","1,191","1,180","369.60K","0.68%"
"12/06/2022","1,183","1,204","1,210","1,183","626.88K","-1.83%"
"12/05/2022","1,205","1,180","1,206","1,180","1.91M","2.12%"
"12/02/2022","1,180","1,180","1,191","1,165","569.58K","0.00%"
"12/01/2022","1,180","1,182","1,223","1,152","2.13M","-0.59%"
"11/30/2022","1,187","1,200","1,244","1,187","5.54M","-0.50%"
"11/29/2022","1,193","1,204","1,206","1,190","464.86K","-0.17%"
"11/28/2022","1,195","1,204","1,218","1,195","466.09K","-0.75%"
"11/25/2022","1,204","1,190","1,215","1,185","471.77K","1.43%"
"11/24/2022","1,187","1,199","1,209","1,180","921.51K","-0.92%"
"11/23/2022","1,198","1,206","1,219","1,191","381.29K","-0.66%"
"11/22/2022","1,206","1,205","1,230","1,194","232.51K","-1.15%"
"11/21/2022","1,220","1,227","1,242","1,220","869.80K","-0.49%"
"11/18/2022","1,226","1,298","1,298","1,205","301.18K","-0.24%"
"11/17/2022","1,229","1,230","1,261","1,229","1.49M","0.57%"
"11/16/2022","1,222","1,190","1,229","1,190","1.72M","1.75%"
"11/15/2022","1,201","1,185","1,207","1,153","1.22M","0.67%"
"11/14/2022","1,193","1,156","1,199","1,138","1.54M","3.20%"
"11/11/2022","1,156","1,130","1,171","1,119","1.25M","3.31%"
"11/10/2022","1,119","1,105","1,128","1,105","314.55K","-0.36%"
"11/09/2022","1,123","1,129","1,129","1,103","462.56K","0.45%"
"11/08/2022","1,118","1,114","1,132","1,110","458.31K","0.27%"
"11/07/2022","1,115","1,110","1,123","1,102","435.25K","0.45%"
"11/04/2022","1,110","1,104","1,128","1,104","566.59K","0.91%"
"11/03/2022","1,100","1,100","1,140","1,099","262.43K","-1.87%"
"11/02/2022","1,121","1,119","1,130","1,108","536.26K","-0.80%"
"11/01/2022","1,130","1,090","1,139","1,090","733.55K","3.01%"
"10/31/2022","1,097","1,102","1,105","1,075","669.57K","-0.81%"
"10/28/2022","1,106","1,101","1,108","1,090","126.45K","0.45%"
"10/27/2022","1,101","1,104","1,110","1,090","330.62K","-0.18%"
"10/26/2022","1,103","1,090","1,107","1,082","771.01K","0.64%"
"10/25/2022","1,096","1,110","1,110","1,096","331.51K","-0.36%"
"10/24/2022","1,100","1,089","1,107","1,089","1.05M","0.55%"
"10/21/2022","1,094","1,104","1,104","1,080","361.92K","-0.91%"
"10/20/2022","1,104","1,078","1,113","1,075","4.65M","2.32%"
"10/19/2022","1,079","1,070","1,080","1,070","413.41K","0.00%"
"10/18/2022","1,079","1,078","1,081","1,070","1.79M","-0.09%"
"10/17/2022","1,080","1,086","1,089","1,079","2.27M","-0.83%"
"10/14/2022","1,089","1,083","1,095","1,072","2.72M","2.06%"
"10/13/2022","1,067","1,073","1,089","1,051","1.78M","-0.56%"
"10/12/2022","1,073","1,079","1,084","1,070","843.45K","-0.46%"
"10/11/2022","1,078","1,086","1,086","1,045","734.63K","-0.19%"
"10/10/2022","1,080","1,033","1,086","1,033","2.17M","0.00%"
"10/07/2022","1,080","1,082","1,094","1,074","1.86M","-0.55%"
"10/06/2022","1,086","1,090","1,095","1,072","9.00M","-0.18%"
"10/05/2022","1,088","1,060","1,090","1,060","1.98M","1.40%"
"10/04/2022","1,073","1,065","1,084","1,058","5.42M","0.75%"
"10/03/2022","1,065","1,075","1,075","1,053","874.83K","-1.11%"
"09/30/2022","1,077","1,051","1,090","1,040","2.89M","2.47%"
"09/29/2022","1,051","1,061","1,079","1,048","2.83M","-1.22%"
"09/28/2022","1,064","1,070","1,078","1,044","2.62M","-0.09%"
"09/27/2022","1,065","1,086","1,086","1,041","1.76M","1.82%"
"09/26/2022","1,046","1,086","1,089","1,039","1.04M","-2.33%"
"09/23/2022","1,071","1,090","1,090","1,058","1.50M","0.09%"
"09/22/2022","1,070","1,075","1,090","1,063","3.11M","-0.19%"
"09/21/2022","1,072","1,066","1,076","1,055","699.65K","-0.28%"
"09/20/2022","1,075","1,076","1,090","1,065","2.75M","-0.09%"
"09/19/2022","1,076","1,089","1,096","1,062","3.28M","-1.37%"
"09/16/2022","1,091","1,081","1,095","1,081","9.55M","0.28%"
"09/15/2022","1,088","1,072","1,095","1,071","3.39M","0.46%"
"09/14/2022","1,083","1,085","1,098","1,074","5.28M","-1.10%"
"09/13/2022","1,095","1,078","1,096","1,070","8.94M","1.77%"
"09/12/2022","1,076","1,073","1,100","1,070","4.21M","1.51%"
"09/09/2022","1,060","1,124","1,124","1,060","2.75M","-3.64%"
"09/08/2022","1,100","1,060","1,103","1,027","8.48M","3.77%"
"09/07/2022","1,060","1,015","1,061","981","34.28M","-8.86%"
"09/06/2022","1,163","1,080","1,279","1,080","3.42M","5.15%"
"09/05/2022","1,106","1,050","1,129","1,031","2.07M","5.33%"
"09/02/2022","1,050","1,084","1,111","1,022","2.30M","-4.55%"
"09/01/2022","1,100","1,140","1,178","1,090","3.22M","-3.51%"
"08/31/2022","1,140","1,156","1,156","1,140","966.47K","0.44%"
"08/30/2022","1,135","1,155","1,160","1,135","939.54K","-1.73%"
"08/29/2022","1,155","1,169","1,169","1,131","167.77K","-0.09%"
"08/26/2022","1,156","1,170","1,170","1,149","428.51K","0.35%"
"08/25/2022","1,152","1,155","1,173","1,152","425.97K","0.17%"
"08/24/2022","1,150","1,180","1,180","1,149","1.48M","-0.86%"
"08/23/2022","1,160","1,175","1,185","1,158","399.82K","0.00%"
"08/22/2022","1,160","1,170","1,179","1,160","458.68K","-0.85%"
"08/19/2022","1,170","1,166","1,190","1,166","108.91K","0.34%"
"08/18/2022","1,166","1,210","1,210","1,166","69.48K","-2.02%"
"08/17/2022","1,190","1,169","1,200","1,160","313.33K","2.59%"
"08/16/2022","1,160","1,180","1,188","1,150","1.11M","-1.78%"
"08/15/2022","1,181","1,183","1,225","1,181","110.08K","-5.14%"
"08/12/2022","1,245","1,205","1,259","1,181","275.67K","3.32%"
"08/11/2022","1,205","1,212","1,236","1,161","680.54K","1.86%"
"08/10/2022","1,183","1,185","1,198","1,160","547.05K","-0.17%"
"08/08/2022","1,185","1,201","1,201","1,160","265.21K","-1.25%"
"08/05/2022","1,200","1,175","1,200","1,154","166.31K","2.13%"
"08/04/2022","1,175","1,180","1,199","1,150","388.51K","0.43%"
"08/03/2022","1,170","1,199","1,199","1,140","173.40K","1.74%"
"08/02/2022","1,150","1,170","1,224","1,146","550.46K","-2.62%"
"08/01/2022","1,181","1,229","1,229","1,171","90.01K","-0.67%"
"07/29/2022","1,189","1,240","1,252","1,175","318.09K","-2.06%"
"07/28/2022","1,214","1,155","1,275","1,151","1.03M","5.47%"
"07/27/2022","1,151","1,110","1,168","1,110","247.64K","2.77%"
"07/26/2022","1,120","1,115","1,121","1,109","833.45K","0.45%"
"07/25/2022","1,115","1,111","1,135","1,109","236.47K","-0.45%"
"07/22/2022","1,120","1,130","1,135","1,108","1.06M","-0.88%"
"07/21/2022","1,130","1,111","1,162","1,110","700.08K","1.80%"
"07/20/2022","1,110","1,120","1,144","1,101","574.53K","0.00%"
"07/19/2022","1,110","1,127","1,144","1,101","488.77K","-1.33%"
"07/18/2022","1,125","1,164","1,172","1,125","170.08K","0.45%"
"07/15/2022","1,120","1,163","1,171","1,101","402.19K","-3.70%"
"07/14/2022","1,163","1,151","1,176","1,151","74.88K","1.13%"
"07/13/2022","1,150","1,150","1,184","1,142","931.72K","1.32%"
"07/12/2022","1,135","1,105","1,149","1,095","432.21K","2.90%"
"07/11/2022","1,103","1,100","1,122","1,080","279.66K","0.09%"
"07/08/2022","1,102","1,101","1,123","1,090","786.07K","-0.27%"
"07/07/2022","1,105","1,101","1,115","1,100","190.22K","0.18%"
"07/06/2022","1,103","1,134","1,138","1,075","312.98K","-2.56%"
"07/05/2022","1,132","1,178","1,179","1,122","593.78K","0.00%"
"07/04/2022","1,132","1,250","1,275","1,130","649.16K","-14.18%"
"07/01/2022","1,319","1,171","1,335","1,160","620.43K","12.45%"
"06/30/2022","1,173","1,199","1,221","1,170","2.07M","-0.26%"
"06/29/2022","1,176","1,168","1,176","1,150","375.03K","0.68%"
"06/28/2022","1,168","1,171","1,182","1,168","370.77K","-0.17%"
"06/27/2022","1,170","1,157","1,174","1,155","629.43K","1.30%"
"06/24/2022","1,155","1,136","1,162","1,110","563.35K","0.70%"
"06/23/2022","1,147","1,100","1,175","1,100","132.36K","2.59%"
"06/22/2022","1,118","1,151","1,152","1,100","808.46K","-2.78%"
"06/21/2022","1,150","1,221","1,234","1,121","1.58M","-5.58%"
"06/20/2022","1,218","1,205","1,226","1,188","1.04M","-2.25%"
"06/17/2022","1,246","1,155","1,246","1,145","1.37M","7.60%"
"06/15/2022","1,158","1,120","1,158","1,119","286.53K","3.86%"
"06/14/2022","1,115","1,132","1,142","1,112","228.21K","-1.76%"
"06/13/2022","1,135","1,212","1,212","1,135","240.63K","-2.99%"
"06/10/2022","1,170","1,170","1,180","1,170","165.54K","-0.85%"
"06/09/2022","1,180","1,180","1,208","1,175","120.38K","0.51%"
"06/08/2022","1,174","1,187","1,196","1,174","698.83K","-0.93%"
"06/07/2022","1,185","1,186","1,243","1,183","252.92K","-0.92%"
"06/06/2022","1,196","1,240","1,240","1,195","190.66K","0.93%"
"06/03/2022","1,185","1,211","1,211","1,175","441.06K","1.46%"
"06/02/2022","1,168","1,237","1,237","1,162","573.57K","-2.75%"
"06/01/2022","1,201","1,233","1,236","1,181","1.26M","-2.75%"
"05/31/2022","1,235","1,220","1,244","1,218","808.97K","0.00%"
"05/30/2022","1,235","1,245","1,275","1,225","950.71K","-0.80%"
"05/27/2022","1,245","1,210","1,256","1,210","1.22M","2.89%"
"05/26/2022","1,210","1,226","1,242","1,210","486.91K","-1.22%"
"05/25/2022","1,225","1,280","1,280","1,213","1.14M","-3.54%"
"05/24/2022","1,270","1,270","1,278","1,256","857.05K","0.08%"
"05/23/2022","1,269","1,230","1,291","1,229","555.64K","4.10%"
"05/20/2022","1,219","1,256","1,256","1,201","962.90K","-2.48%"
"05/19/2022","1,250","1,280","1,281","1,219","506.04K","-2.42%"
"05/18/2022","1,281","1,300","1,314","1,273","1.15M","-1.46%"
"05/17/2022","1,300","1,310","1,340","1,300","557.04K","-0.61%"
"05/16/2022","1,308","1,290","1,324","1,290","538.29K","0.62%"
"05/13/2022","1,300","1,300","1,312","1,299","636.17K","-0.76%"
"05/12/2022","1,310","1,320","1,320","1,285","691.94K","0.00%"
"05/11/2022","1,310","1,313","1,317","1,282","763.76K","0.00%"
"05/10/2022","1,310","1,319","1,325","1,296","571.42K","0.46%"
"05/09/2022","1,304","1,335","1,340","1,268","1.57M","-3.55%"
"05/06/2022","1,352","1,343","1,386","1,343","134.25K","-1.74%"
"05/05/2022","1,376","1,399","1,415","1,352","627.54K","0.22%"
"05/04/2022","1,373","1,365","1,414","1,340","336.53K","0.59%"
"05/03/2022","1,365","1,379","1,409","1,334","771.61K","0.96%"
"04/29/2022","1,352","1,385","1,395","1,336","796.88K","0.52%"
"04/28/2022","1,345","1,375","1,386","1,345","1.88M","-1.82%"
"04/26/2022","1,370","1,360","1,409","1,350","3.88M","2.16%"
"04/25/2022","1,341","1,350","1,374","1,320","2.86M","-0.52%"
"04/22/2022","1,348","1,399","1,417","1,342","328.15K","-1.96%"
"04/21/2022","1,375","1,439","1,476","1,375","746.70K","-3.85%"
"04/20/2022","1,430","1,399","1,445","1,399","3.16M","2.14%"
"04/19/2022","1,400","1,346","1,410","1,345","2.20M","4.09%"
"04/14/2022","1,345","1,366","1,378","1,321","546.73K","-0.66%"
"04/13/2022","1,354","1,363","1,410","1,354","2.01M","-1.88%"
"04/12/2022","1,380","1,370","1,390","1,340","1.49M","1.47%"
"04/11/2022","1,360","1,339","1,360","1,315","611.14K","2.26%"
"04/08/2022","1,330","1,339","1,343","1,324","130.34K","0.61%"
"04/07/2022","1,322","1,335","1,347","1,322","216.27K","-0.60%"
"04/06/2022","1,330","1,280","1,343","1,280","1.78M","0.76%"
"04/05/2022","1,320","1,310","1,335","1,309","386.66K","0.38%"
"04/04/2022","1,315","1,314","1,330","1,302","506.41K","1.15%"
"04/01/2022","1,300","1,288","1,317","1,220","159.22K","-0.76%"
"03/31/2022","1,310","1,335","1,340","1,299","141.13K","-1.50%"
"03/30/2022","1,330","1,333","1,345","1,320","178.77K","0.00%"
"03/29/2022","1,330","1,318","1,365","1,318","216.48K","0.91%"
"03/28/2022","1,318","1,310","1,329","1,270","128.81K","1.23%"
"03/25/2022","1,302","1,298","1,316","1,298","167.29K","-0.76%"
"03/24/2022","1,312","1,300","1,326","1,290","391.24K","0.92%"
"03/23/2022","1,300","1,313","1,389","1,300","369.35K","-0.76%"
"03/22/2022","1,310","1,305","1,404","1,295","368.89K","0.85%"
"03/18/2022","1,299","1,284","1,305","1,280","847.70K","4.34%"
"03/17/2022","1,245","1,219","1,245","1,206","328.52K","3.75%"
"03/16/2022","1,200","1,200","1,217","1,176","612.02K","2.13%"
"03/15/2022","1,175","1,251","1,251","1,172","111.96K","-4.70%"
"03/14/2022","1,233","1,230","1,310","1,190","377.81K","1.82%"
"03/11/2022","1,211","1,196","1,231","1,196","173.88K","1.76%"
"03/10/2022","1,190","1,193","1,214","1,190","145.87K","-2.46%"
"03/09/2022","1,220","1,193","1,220","1,175","394.38K","3.83%"
"03/08/2022","1,175","1,244","1,244","1,171","614.44K","-3.69%"
"03/07/2022","1,220","1,280","1,283","1,220","778.41K","-4.69%"
"03/04/2022","1,280","1,250","1,285","1,236","183.25K","3.64%"
"03/03/2022","1,235","1,310","1,310","1,235","524.08K","-4.26%"
"03/02/2022","1,290","1,275","1,320","1,161","480.73K","-0.77%"
"03/01/2022","1,300","1,309","1,400","1,200","407.59K","-5.39%"
"02/28/2022","1,374","1,400","1,400","1,350","6.17K","1.03%"
"02/25/2022","1,360","1,390","1,390","1,360","143.16K","0.00%"
"02/24/2022","1,360","1,361","1,389","1,360","43.12K","-0.73%"
"02/23/2022","1,370","1,400","1,400","1,370","13.14K","0.00%"
"02/22/2022","1,370","1,375","1,380","1,367","34.78K","-0.72%"
"02/21/2022","1,380","1,410","1,410","1,380","18.56K","0.36%"
"02/18/2022","1,375","1,399","1,399","1,375","126.58K","-1.65%"
"02/17/2022","1,398","1,405","1,405","1,385","32.92K","-0.78%"
"02/16/2022","1,409","1,407","1,410","1,400","410.52K","0.64%"
"02/15/2022","1,400","1,408","1,408","1,385","106.84K","-0.64%"
"02/14/2022","1,409","1,409","1,409","1,385","1.10M","1.73%"
"02/11/2022","1,385","1,427","1,427","1,385","25.55K","0.00%"
"02/10/2022","1,385","1,445","1,449","1,385","28.66K","0.00%"
"02/09/2022","1,385","1,425","1,474","1,352","69.73K","-2.81%"
"02/08/2022","1,425","1,417","1,486","1,401","13.26K","-1.04%"
"02/07/2022","1,440","1,487","1,487","1,440","22.90K","-4.00%"
"02/04/2022","1,500","1,400","1,500","1,400","424.04K","6.76%"
"02/03/2022","1,405","1,390","1,434","1,390","93.99K","1.08%"
"02/02/2022","1,390","1,403","1,440","1,380","135.87K","-0.71%"
"02/01/2022","1,400","1,439","1,460","1,400","233.76K","0.00%"
"01/31/2022","1,400","1,399","1,439","1,361","113.16K","0.00%"
"01/28/2022","1,400","1,351","1,400","1,351","3.07K","2.56%"
"01/27/2022","1,365","1,385","1,394","1,360","47.95K","-1.09%"
"01/26/2022","1,380","1,401","1,401","1,380","56.65K","-1.43%"
"01/25/2022","1,400","1,442","1,442","1,400","247.25K","-2.91%"
"01/24/2022","1,442","1,475","1,475","1,438","11.84K","-2.24%"
"01/21/2022","1,475","1,499","1,505","1,451","63.04K","0.00%"
"01/20/2022","1,475","1,499","1,499","1,450","1.32M","1.79%"
"01/19/2022","1,449","1,449","1,475","1,406","217.03K","3.50%"
"01/18/2022","1,400","1,400","1,474","1,380","1.18M","0.00%"
"01/17/2022","1,400","1,389","1,460","1,389","1.11M","-2.71%"
"01/14/2022","1,439","1,420","1,474","1,360","28.46K","4.88%"
"01/13/2022","1,372","1,360","1,380","1,350","197.20K","0.88%"
"01/12/2022","1,360","1,388","1,388","1,360","14.41K","0.00%"
"01/11/2022","1,360","1,398","1,399","1,360","45.14K","-0.07%"
"01/10/2022","1,361","1,361","1,400","1,360","4.05K","0.07%"
"01/07/2022","1,360","1,361","1,416","1,360","101.73K","-2.51%"
"01/06/2022","1,395","1,450","1,523","1,360","64.98K","-0.36%"
"01/05/2022","1,400","1,360","1,498","1,359","149.31K","2.94%"
"01/04/2022","1,360","1,388","1,388","1,315","63.81K","0.00%"
"01/03/2022","1,360","1,342","1,383","1,314","26.03K","1.19%"
"12/31/2021","1,344","1,330","1,383","1,310","12.33K","3.38%"
"12/30/2021","1,300","1,280","1,314","1,280","21.61K","1.56%"
"12/29/2021","1,280","1,261","1,280","1,261","3.22K","0.16%"
"12/28/2021","1,278","1,277","1,278","1,261","83.51K","0.08%"
"12/24/2021","1,277","1,251","1,277","1,251","0.69K","1.59%"
"12/23/2021","1,257","1,276","1,276","1,257","3.29K","-1.57%"
"12/22/2021","1,277","1,270","1,277","1,267","3.10K","0.79%"
"12/21/2021","1,267","1,276","1,276","1,251","19.09K","-1.48%"
"12/20/2021","1,286","1,225","1,286","1,225","26.99K","2.06%"
"12/17/2021","1,260","1,277","1,277","1,259","1.95M","1.12%"
"12/15/2021","1,246","1,268","1,276","1,240","190.07K","2.13%"
"12/14/2021","1,220","1,230","1,262","1,170","571.51K","3.30%"
"12/13/2021","1,181","1,185","1,276","1,180","10.14K","-0.34%"
"12/10/2021","1,185","1,200","1,200","1,185","207.67K","-0.42%"
"12/09/2021","1,190","1,189","1,200","1,189","153.04K","0.00%"
"12/08/2021","1,190","1,200","1,213","1,190","700.71K","0.00%"
"12/07/2021","1,190","1,225","1,225","1,190","118.37K","-1.24%"
"12/06/2021","1,205","1,249","1,249","1,190","723.96K","-2.43%"
"12/03/2021","1,235","1,240","1,240","1,211","44.12K","-0.40%"
"12/02/2021","1,240","1,245","1,245","1,230","710.21K","-0.40%"
"12/01/2021","1,245","1,211","1,249","1,210","667.70K","3.75%"
"11/30/2021","1,200","1,248","1,248","1,196","166.05K","0.00%"
"11/29/2021","1,200","1,200","1,249","1,131","128.84K","-2.44%"
"11/26/2021","1,230","1,257","1,260","1,171","472.86K","-1.99%"
"11/25/2021","1,255","1,265","1,265","1,230","32.22K","0.40%"
"11/24/2021","1,250","1,250","1,262","1,250","28.64K","0.00%"
"11/23/2021","1,250","1,250","1,260","1,250","64.70K","-0.40%"
"11/22/2021","1,255","1,274","1,276","1,250","98.18K","-1.95%"
"11/19/2021","1,280","1,271","1,280","1,250","26.71K","0.71%"
"11/18/2021","1,271","1,260","1,272","1,249","436.77K","1.68%"
"11/17/2021","1,250","1,247","1,265","1,235","183.41K","0.00%"
"11/16/2021","1,250","1,277","1,277","1,250","106.72K","-0.40%"
"11/15/2021","1,255","1,284","1,284","1,250","62.38K","-0.40%"
"11/12/2021","1,260","1,240","1,293","1,240","30.79K","0.40%"
"11/11/2021","1,255","1,230","1,288","1,230","39.86K","-2.71%"
"11/10/2021","1,290","1,250","1,290","1,250","92.31K","1.57%"
"11/09/2021","1,270","1,285","1,298","1,261","46.37K","-0.47%"
"11/08/2021","1,276","1,257","1,299","1,257","124.54K","-1.24%"
"11/05/2021","1,292","1,299","1,301","1,266","61.10K","0.16%"
"11/04/2021","1,290","1,262","1,330","1,262","26.49K","1.57%"
"11/03/2021","1,270","1,300","1,310","1,251","504.96K","-2.61%"
"11/02/2021","1,304","1,339","1,400","1,303","121.65K","-6.12%"
"10/29/2021","1,389","1,339","1,400","1,331","116.22K","3.73%"
"10/28/2021","1,339","1,328","1,339","1,285","247.21K","1.06%"
"10/27/2021","1,325","1,315","1,479","1,315","2.48M","-3.64%"
"10/26/2021","1,375","1,305","1,450","1,305","1.41M","4.17%"
"10/25/2021","1,320","1,340","1,342","1,320","37.28K","-2.94%"
"10/22/2021","1,360","1,280","1,360","1,280","779.51K","3.03%"
"10/21/2021","1,320","1,270","1,320","1,270","443.30K","3.13%"
"10/20/2021","1,280","1,250","1,280","1,227","101.61K","0.39%"
"10/19/2021","1,275","1,249","1,275","1,205","126.24K","0.71%"
"10/18/2021","1,266","1,190","1,300","1,181","1.41M","3.77%"
"10/15/2021","1,220","1,222","1,222","1,150","111.69K","-1.85%"
"10/14/2021","1,243","1,220","1,250","1,177","859.86K","3.58%"
"10/13/2021","1,200","1,185","1,214","1,181","152.07K","3.45%"
"10/12/2021","1,160","1,130","1,194","1,130","158.93K","1.49%"
"10/11/2021","1,143","1,137","1,185","1,131","68.21K","0.70%"
"10/08/2021","1,135","1,149","1,150","1,126","30.74K","0.89%"
"10/07/2021","1,125","1,220","1,220","1,120","159.73K","-5.46%"
"10/06/2021","1,190","1,185","1,213","1,170","594.14K","1.28%"
"10/05/2021","1,175","1,120","1,183","1,120","457.65K","4.91%"
"10/04/2021","1,120","1,103","1,130","1,051","1.08M","0.00%"
"10/01/2021","1,120","1,085","1,133","1,074","664.83K","0.81%"
"09/30/2021","1,111","1,100","1,133","1,080","1.82M","3.35%"
"09/29/2021","1,075","1,049","1,088","1,049","230.20K","5.39%"
"09/28/2021","1,020","1,057","1,110","1,001","144.60K","-4.58%"
"09/27/2021","1,069","1,003","1,080","931","128.54K","1.81%"
"09/23/2021","1,050","1,070","1,070","1,031","37.50K","-3.23%"
"09/22/2021","1,085","1,080","1,091","1,066","130.01K","-0.46%"
"09/21/2021","1,090","1,116","1,116","1,085","193.83K","-1.45%"
"09/20/2021","1,106","1,101","1,125","1,101","241.96K","1.94%"
"09/17/2021","1,085","1,111","1,143","1,085","1.21M","-3.64%"
"09/16/2021","1,126","1,141","1,143","1,086","371.80K","0.99%"
"09/15/2021","1,115","1,100","1,149","1,100","89.48K","1.36%"
"09/14/2021","1,100","1,090","1,110","1,085","78.55K","0.00%"
"09/13/2021","1,100","1,050","1,142","1,050","101.92K","0.00%"
"09/10/2021","1,100","1,105","1,125","1,068","417.45K","-1.26%"
"09/09/2021","1,114","1,100","1,121","1,095","39.12K","-3.13%"
"09/08/2021","1,150","1,100","1,150","1,100","268.32K","0.17%"
"09/07/2021","1,148","1,101","1,148","1,101","99.67K","2.96%"
"09/06/2021","1,115","1,103","1,148","1,071","113.38K","-3.04%"
"09/03/2021","1,150","1,149","1,189","1,110","191.29K","0.09%"
"09/02/2021","1,149","1,115","1,149","1,051","172.02K","3.05%"
"09/01/2021","1,115","1,129","1,129","1,112","43.01K","-1.06%"
"08/31/2021","1,127","1,149","1,149","1,125","69.14K","0.18%"
"08/30/2021","1,125","1,127","1,144","1,119","244.50K","-2.17%"
"08/27/2021","1,150","1,125","1,150","1,125","12.30K","2.22%"
"08/26/2021","1,125","1,125","1,129","1,125","42.02K","-0.44%"
"08/25/2021","1,130","1,130","1,141","1,129","561.74K","0.00%"
"08/24/2021","1,130","1,125","1,130","1,125","24.24K","0.00%"
"08/23/2021","1,130","1,125","1,130","1,103","50.93K","0.44%"
"08/20/2021","1,125","1,125","1,125","1,107","152.60K","0.00%"
"08/19/2021","1,125","1,149","1,149","1,101","78.10K","-2.17%"
"08/18/2021","1,150","1,100","1,155","1,100","230.25K","0.00%"
"08/17/2021","1,150","1,098","1,150","1,092","217.36K","5.02%"
"08/16/2021","1,095","1,092","1,100","1,085","107.13K","0.27%"
"08/13/2021","1,092","1,092","1,092","1,090","80.24K","-0.73%"
"08/12/2021","1,100","1,109","1,109","1,087","69.97K","-3.25%"
"08/11/2021","1,137","1,110","1,137","1,090","130.97K","2.90%"
"08/10/2021","1,105","1,105","1,105","1,091","100.00K","-0.45%"
"08/06/2021","1,110","1,110","1,110","1,094","138.24K","2.78%"
"08/05/2021","1,080","1,055","1,110","1,020","145.64K","-0.74%"
"08/04/2021","1,088","1,100","1,100","1,088","37.33K","-1.54%"
"08/03/2021","1,105","1,085","1,108","1,085","78.17K","1.75%"
"08/02/2021","1,086","1,086","1,086","1,085","31.00K","0.09%"
"07/30/2021","1,085","1,115","1,116","1,069","82.02K","-2.69%"
"07/29/2021","1,115","1,111","1,148","1,104","449.07K","-2.02%"
"07/28/2021","1,138","1,081","1,138","1,080","25.00K","4.88%"
"07/27/2021","1,085","1,082","1,110","1,082","127.00K","0.28%"
"07/26/2021","1,082","1,090","1,092","1,082","339.59K","-0.73%"
"07/23/2021","1,090","1,085","1,100","1,080","137.52K","0.46%"
"07/22/2021","1,085","1,072","1,097","1,072","46.44K","0.00%"
"07/21/2021","1,085","1,085","1,090","1,079","191.64K","0.00%"
"07/20/2021","1,085","1,100","1,100","1,085","119.17K","-1.09%"
"07/19/2021","1,097","1,090","1,103","1,089","132.45K","-0.27%"
"07/16/2021","1,100","1,100","1,100","1,100","218.26K","0.00%"
"07/15/2021","1,100","1,127","1,138","1,100","80.85K","-2.40%"
"07/14/2021","1,127","1,119","1,130","1,113","117.73K","0.63%"
"07/13/2021","1,120","1,115","1,120","1,100","161.34K","1.82%"
"07/12/2021","1,100","1,106","1,115","1,095","391.05K","0.00%"
"07/09/2021","1,100","1,114","1,115","1,096","358.77K","-1.35%"
"07/08/2021","1,115","1,115","1,115","1,099","87.70K","-2.96%"
"07/07/2021","1,149","1,119","1,149","1,100","78.35K","2.59%"
"07/06/2021","1,120","1,085","1,120","1,080","109.34K","3.23%"
"07/05/2021","1,085","1,103","1,104","1,075","114.85K","-1.36%"
"07/02/2021","1,100","1,105","1,110","1,098","51.71K","-0.45%"
"07/01/2021","1,105","1,105","1,114","1,105","39.44K","-0.90%"
"06/30/2021","1,115","1,115","1,120","1,105","58.95K","0.90%"
"06/29/2021","1,105","1,122","1,122","1,105","67.00K","-1.34%"
"06/28/2021","1,120","1,105","1,120","1,105","65.94K","1.36%"
"06/25/2021","1,105","1,106","1,119","1,105","225.29K","-0.09%"
"06/24/2021","1,106","1,105","1,106","1,105","22.52K","0.00%"
"06/23/2021","1,106","1,105","1,115","1,105","453.09K","0.09%"
"06/22/2021","1,105","995","1,141","995","264.31K","0.27%"
"06/21/2021","1,102","1,100","1,108","1,100","453.85K","-0.27%"
"06/18/2021","1,105","1,103","1,119","1,095","683.06K","0.45%"
"06/17/2021","1,100","1,100","1,149","1,063","129.27K","-0.99%"
"06/15/2021","1,111","1,095","1,149","1,051","344.52K","0.09%"
"06/14/2021","1,110","1,100","1,115","1,095","80.08K","-0.89%"
"06/11/2021","1,120","1,101","1,120","1,095","201.47K","1.82%"
"06/10/2021","1,100","1,100","1,132","1,100","133.22K","-4.35%"
"06/09/2021","1,150","1,130","1,150","1,095","247.02K","1.77%"
"06/08/2021","1,130","1,150","1,150","1,097","162.02K","-3.34%"
"06/07/2021","1,169","1,150","1,194","1,140","248.19K","1.65%"
"06/04/2021","1,150","1,140","1,155","1,139","105.08K","0.09%"
"06/03/2021","1,149","1,140","1,150","1,140","89.40K","0.00%"
"06/02/2021","1,149","1,143","1,149","1,133","71.11K","1.59%"
"06/01/2021","1,131","1,130","1,145","1,129","127.36K","0.53%"
"05/31/2021","1,125","1,148","1,149","1,109","71.56K","-2.17%"
"05/28/2021","1,150","1,127","1,150","1,127","522.42K","0.52%"
"05/27/2021","1,144","1,121","1,144","1,115","201.92K","2.14%"
"05/26/2021","1,120","1,130","1,131","1,120","51.52K","-0.80%"
"05/25/2021","1,129","1,146","1,146","1,080","154.47K","-1.83%"
"05/24/2021","1,150","1,150","1,150","1,144","75.52K","0.09%"
"05/21/2021","1,149","1,150","1,155","1,145","151.42K","-0.52%"
"05/20/2021","1,155","1,150","1,156","1,132","195.02K","-0.43%"
"05/19/2021","1,160","1,162","1,162","1,150","82.88K","-0.17%"
"05/18/2021","1,162","1,239","1,239","1,150","228.33K","-8.43%"
"05/17/2021","1,269","1,147","1,269","1,139","261.08K","10.35%"
"05/14/2021","1,150","1,145","1,180","1,144","571.29K","0.44%"
"05/13/2021","1,145","1,112","1,145","1,112","228.12K","1.78%"
"05/12/2021","1,125","1,139","1,139","1,125","67.86K","-0.88%"
"05/11/2021","1,135","1,121","1,150","1,111","364.56K","-1.22%"
"05/10/2021","1,149","1,131","1,180","1,111","386.54K","0.35%"
"05/07/2021","1,145","1,094","1,145","1,094","398.08K","2.23%"
"05/06/2021","1,120","1,101","1,120","1,100","477.86K","1.36%"
"05/05/2021","1,105","1,100","1,120","1,075","682.53K","0.36%"
"05/04/2021","1,101","1,039","1,182","1,039","323.69K","1.10%"
"05/03/2021","1,089","1,075","1,090","1,034","614.36K","1.49%"
"04/30/2021","1,073","1,074","1,079","1,072","518.37K","-0.19%"
"04/29/2021","1,075","1,050","1,075","1,040","1.62M","1.42%"
"04/28/2021","1,060","1,020","1,069","1,020","719.95K","3.72%"
"04/26/2021","1,022","1,023","1,043","1,022","27.43K","-0.20%"
"04/23/2021","1,024","1,020","1,024","1,020","33.36K","0.89%"
"04/22/2021","1,015","1,000","1,015","1,000","735.52K","0.59%"
"04/21/2021","1,009","990","1,010","990","1.21M","1.92%"
"04/20/2021","990","985","1,000","980","623.35K","0.92%"
"04/19/2021","981","985","987","970","62.47K","-0.61%"
"04/16/2021","987","949","987","942","246.94K","3.89%"
"04/15/2021","950","936","950","936","68.65K","1.39%"
"04/14/2021","937","930","943","930","53.29K","0.75%"
"04/13/2021","930","930","937","930","46.70K","0.00%"
"04/12/2021","930","944","944","925","677.91K","-1.48%"
"04/09/2021","944","925","944","925","21.31K","0.85%"
"04/08/2021","936","930","936","930","19.61K","0.65%"
"04/07/2021","930","925","930","925","53.43K","0.54%"
"04/06/2021","925","926","936","925","17.94K","0.00%"
"04/01/2021","925","921","934","920","714.19K","0.54%"
"03/31/2021","920","930","942","920","73.26K","-1.08%"
"03/30/2021","930","917","930","917","157.62K","0.00%"
"03/29/2021","930","921","930","911","4.22K","0.00%"
"03/26/2021","930","920","930","919","35.95K","1.20%"
"03/25/2021","919","901","919","901","14.68K","0.88%"
"03/24/2021","911","919","919","900","15.65K","-1.30%"
"03/23/2021","923","909","923","903","142.65K","-0.22%"
"03/19/2021","925","905","925","900","800.74K","2.78%"
"03/18/2021","900","899","911","895","200.57K","0.22%"
"03/17/2021","898","900","901","893","800.15K","-0.22%"
"03/16/2021","900","910","910","900","56.71K","-0.88%"
"03/15/2021","908","900","908","900","86.94K","0.33%"
"03/12/2021","905","900","905","880","463.37K","0.56%"
"03/11/2021","900","901","901","900","141.81K","0.00%"
"03/10/2021","900","900","909","900","65.05K","0.00%"
"03/09/2021","900","900","909","900","1.05M","0.00%"
"03/08/2021","900","900","902","900","48.80K","0.00%"
"03/05/2021","900","900","914","900","7.11K","-1.10%"
"03/04/2021","910","900","910","900","44.14K","1.11%"
"03/03/2021","900","900","905","900","23.37K","0.00%"
"03/02/2021","900","901","909","895","321.79K","-0.11%"
"03/01/2021","901","899","901","899","124.64K","0.22%"
"02/26/2021","899","901","906","895","521.94K","-0.11%"
"02/25/2021","900","901","901","899","15.65K","0.00%"
"02/24/2021","900","912","922","900","9.48K","-1.10%"
"02/23/2021","910","905","924","905","42.17K","-0.33%"
"02/22/2021","913","902","922","900","188.36K","1.44%"
"02/19/2021","900","916","950","900","554.27K","-4.66%"
"02/18/2021","944","905","944","900","591.28K","1.51%"
"02/17/2021","930","890","930","890","163.42K","4.49%"
"02/16/2021","890","890","899","890","1.02M","0.00%"
"02/15/2021","890","891","895","889","1.07M","-0.67%"
"02/12/2021","896","891","900","890","38.42K","-0.44%"
"02/11/2021","900","903","915","892","23.31K","-2.70%"
"02/10/2021","925","906","925","906","38.14K","-0.43%"
"02/09/2021","929","925","950","925","292.61K","-1.17%"
"02/08/2021","940","935","949","925","376.87K","0.53%"
"02/05/2021","935","935","944","928","372.74K","0.00%"
"02/04/2021","935","940","948","935","290.89K","-0.53%"
"02/03/2021","940","924","948","913","323.13K","4.44%"
"02/02/2021","900","926","926","900","66.90K","-3.02%"
"02/01/2021","928","900","928","900","25.44K","0.43%"
"01/29/2021","924","905","924","900","32.66K","2.10%"
"01/28/2021","905","913","924","905","39.23K","0.22%"
"01/27/2021","903","895","917","895","53.08K","-2.90%"
"01/26/2021","930","925","930","890","371.36K","0.00%"
"01/25/2021","930","881","930","881","236.63K","4.03%"
"01/22/2021","894","896","897","877","30.07K","2.05%"
"01/21/2021","876","861","884","861","51.85K","-2.67%"
"01/20/2021","900","865","900","845","239.87K","4.05%"
"01/19/2021","865","871","871","865","16.52K","-1.70%"
"01/18/2021","880","880","880","875","2.02K","0.00%"
"01/15/2021","880","891","891","880","33.69K","-4.35%"
"01/14/2021","920","899","920","890","25.69K","1.10%"
"01/13/2021","910","900","910","900","120.54K","-0.98%"
"01/12/2021","919","901","919","900","5.42K","0.44%"
"01/11/2021","915","934","934","915","20.69K","-2.66%"
"01/08/2021","940","900","940","900","65.89K","4.44%"
"01/07/2021","900","890","901","890","84.32K","0.00%"
"01/06/2021","900","900","909","890","39.05K","1.12%"
"01/05/2021","890","900","910","880","77.24K","-1.66%"
"01/04/2021","905","890","910","890","144.13K","0.56%"
"12/31/2020","900","880","900","875","37.83K","0.00%"
"12/30/2020","900","900","900","880","19.70K","3.45%"
"12/29/2020","870","899","899","870","397.97K","-1.69%"
"12/28/2020","885","890","899","885","21.83K","2.31%"
"12/24/2020","865","899","899","865","15.16K","-1.26%"
"12/23/2020","876","875","876","871","74.13K","0.00%"
"12/22/2020","876","871","899","871","193.89K","0.69%"
"12/21/2020","870","850","879","850","148.77K","-0.34%"
"12/18/2020","873","881","895","852","905.14K","-0.80%"
"12/17/2020","880","855","890","846","1.07M","-1.12%"
"12/15/2020","890","880","899","880","162.59K","-0.11%"
"12/14/2020","891","885","891","880","199.42K","0.68%"
"12/11/2020","885","895","898","880","145.00K","0.57%"
"12/10/2020","880","900","900","880","578.88K","-1.68%"
"12/09/2020","895","885","909","885","136.89K","-0.56%"
"12/08/2020","900","891","904","890","559.85K","1.12%"
"12/07/2020","890","905","905","880","299.01K","-1.11%"
"12/04/2020","900","885","900","885","233.76K","2.27%"
"12/03/2020","880","840","890","815","546.83K","0.00%"
"12/02/2020","880","875","880","875","228.68K","0.00%"
"12/01/2020","880","880","892","852","1.38M","0.00%"
"11/30/2020","880","880","891","879","666.45K","-1.12%"
"11/27/2020","890","900","901","889","91.97K","-5.22%"
"11/26/2020","939","929","999","876","21.97K","4.33%"
"11/25/2020","900","901","974","900","46.61K","1.12%"
"11/24/2020","890","859","949","830","146.31K","-1.11%"
"11/23/2020","900","861","901","820","252.62K","-2.28%"
"11/20/2020","921","900","946","875","2.50M","2.33%"
"11/19/2020","900","870","947","870","403.22K","2.74%"
"11/18/2020","876","833","876","825","384.46K","5.16%"
"11/17/2020","833","839","849","815","110.38K","1.59%"
"11/16/2020","820","815","830","815","131.36K","0.12%"
"11/13/2020","819","805","819","805","184.26K","0.00%"
"11/12/2020","819","799","819","799","90.26K","0.24%"
"11/11/2020","817","840","840","790","92.32K","0.99%"
"11/10/2020","809","782","813","782","56.06K","-0.12%"
"11/09/2020","810","800","811","800","79.26K","1.25%"
"11/06/2020","800","775","808","775","180.58K","-0.74%"
"11/05/2020","806","799","806","791","733.53K","0.75%"
"11/04/2020","800","800","800","795","338.22K","0.00%"
"11/03/2020","800","790","808","780","1.54M","1.27%"
"11/02/2020","790","751","801","751","275.65K","0.00%"
"10/30/2020","790","788","794","750","272.10K","0.38%"
"10/29/2020","787","800","808","777","281.40K","-1.38%"
"10/28/2020","798","804","804","785","35.62K","-0.75%"
"10/27/2020","804","785","807","778","316.93K","-0.37%"
"10/26/2020","807","817","819","790","153.43K","-0.86%"
"10/23/2020","814","796","815","791","210.30K","-0.73%"
"10/22/2020","820","786","820","785","47.09K","3.14%"
"10/21/2020","795","819","819","791","29.89K","-0.63%"
"10/20/2020","800","820","820","781","139.67K","-1.84%"
"10/19/2020","815","775","820","775","138.28K","2.00%"
"10/16/2020","799","779","800","774","359.69K","3.10%"
"10/15/2020","775","774","779","773","180.26K","0.00%"
"10/14/2020","775","761","775","760","123.16K","1.84%"
"10/13/2020","761","788","788","755","644.28K","-0.65%"
"10/12/2020","766","751","775","751","109.89K","-2.92%"
"10/09/2020","789","741","789","726","134.77K","4.78%"
"10/08/2020","753","749","759","708","165.83K","-1.44%"
"10/07/2020","764","751","764","751","19.26K","0.53%"
"10/06/2020","760","750","764","740","1.37M","-0.52%"
"10/05/2020","764","695","764","695","228.49K","4.66%"
"10/02/2020","730","698","735","692","216.64K","4.58%"
"10/01/2020","698","700","700","686","154.33K","3.41%"
"09/30/2020","675","675","704","675","275.69K","-4.12%"
"09/29/2020","704","671","734","671","272.35K","3.23%"
"09/28/2020","682","699","699","671","76.51K","1.04%"
"09/25/2020","675","675","675","675","18.23K","-1.75%"
"09/23/2020","687","693","693","643","190.79K","0.15%"
"09/22/2020","686","681","686","616","168.83K","2.08%"
"09/21/2020","672","675","700","661","406.30K","-4.00%"
"09/18/2020","700","668","700","665","1.16M","3.70%"
"09/17/2020","675","665","681","665","136.39K","-0.30%"
"09/16/2020","677","677","677","677","139.94K","0.00%"
"09/15/2020","677","670","677","669","37.59K","1.04%"
"09/14/2020","670","678","678","670","82.48K","-1.18%"
"09/11/2020","678","690","691","674","100.61K","-1.74%"
"09/10/2020","690","688","697","674","79.11K","1.92%"
"09/09/2020","677","576","700","576","676.39K","-3.29%"
"09/08/2020","700","684","700","670","103.86K","2.19%"
"09/07/2020","685","685","695","685","36.28K","0.00%"
"09/04/2020","685","685","696","651","196.38K","0.00%"
"09/03/2020","685","688","692","685","6.63K","0.00%"
"09/02/2020","685","715","715","685","55.24K","-4.20%"
"09/01/2020","715","712","721","712","39.14K","0.42%"
"08/31/2020","712","720","720","703","803.05K","-0.42%"
"08/28/2020","715","724","735","715","504.43K","-1.38%"
"08/27/2020","725","697","749","697","2.22M","3.57%"
"08/26/2020","700","710","724","696","1.24M","-2.78%"
"08/25/2020","720","700","720","695","558.45K","1.41%"
"08/24/2020","710","690","710","690","94.35K","1.43%"
"08/21/2020","700","695","700","694","51.94K","1.74%"
"08/20/2020","688","700","700","685","545.77K","-1.71%"
"08/19/2020","700","690","700","685","303.93K","1.45%"
"08/18/2020","690","700","701","690","437.17K","-2.40%"
"08/17/2020","707","699","707","685","412.31K","1.29%"
"08/14/2020","698","685","698","685","67.26K","0.14%"
"08/13/2020","697","686","697","685","220.51K","1.60%"
"08/12/2020","686","696","715","686","139.10K","-4.59%"
"08/11/2020","719","695","719","691","208.05K","2.71%"
"08/07/2020","700","691","709","691","161.51K","0.00%"
"08/06/2020","700","700","708","696","29.85K","0.43%"
"08/05/2020","697","699","714","680","1.23M","1.60%"
"08/04/2020","686","695","717","686","372.90K","-0.44%"
"08/03/2020","689","690","694","680","151.49K","-1.57%"
"07/31/2020","700","691","704","683","190.87K","-2.23%"
"07/30/2020","716","714","716","700","25.17K","1.27%"
"07/29/2020","707","715","730","700","37.95K","-1.81%"
"07/28/2020","720","728","729","715","113.04K","-1.37%"
"07/27/2020","730","710","730","700","160.01K","2.82%"
"07/24/2020","710","720","720","710","468.33K","-1.39%"
"07/23/2020","720","710","721","690","163.66K","0.00%"
"07/22/2020","720","720","722","710","67.72K","0.00%"
"07/21/2020","720","720","727","720","91.61K","-0.69%"
"07/20/2020","725","700","730","700","395.47K","1.40%"
"07/17/2020","715","725","726","715","686.36K","0.00%"
"07/16/2020","715","701","715","701","22.93K","0.00%"
"07/15/2020","715","720","725","715","110.65K","-1.24%"
"07/14/2020","724","725","725","715","197.29K","-1.50%"
"07/13/2020","735","727","736","725","171.81K","0.14%"
"07/10/2020","734","731","739","730","8.95K","-0.81%"
"07/09/2020","740","740","740","740","102.11K","1.79%"
"07/08/2020","727","740","747","727","182.69K","-2.81%"
"07/07/2020","748","721","748","721","382.81K","1.36%"
"07/06/2020","738","727","750","727","188.43K","0.14%"
"07/03/2020","737","739","739","725","164.89K","1.38%"
"07/02/2020","727","719","749","715","86.23K","1.68%"
"07/01/2020","715","725","748","701","219.67K","-4.54%"
"06/30/2020","749","718","749","686","1.11M","4.32%"
"06/29/2020","718","720","720","717","788.89K","-0.97%"
"06/26/2020","725","725","734","725","17.78K","-0.14%"
"06/25/2020","726","731","759","726","1.10M","-4.47%"
"06/24/2020","760","761","774","760","282.92K","-0.13%"
"06/23/2020","761","774","775","759","976.22K","0.00%"
"06/22/2020","761","782","782","750","119.56K","0.13%"
"06/19/2020","760","766","781","760","921.76K","1.06%"
"06/18/2020","752","765","782","720","133.41K","-1.70%"
"06/17/2020","765","789","789","750","83.89K","-3.16%"
"06/15/2020","790","789","790","772","16.82K","3.40%"
"06/12/2020","764","760","790","758","48.40K","0.53%"
"06/11/2020","760","750","785","730","225.93K","-3.80%"
"06/10/2020","790","750","794","750","519.67K","3.81%"
"06/09/2020","761","749","763","736","294.86K","4.10%"
"06/08/2020","731","749","755","731","309.73K","-2.53%"
"06/05/2020","750","725","759","725","1.06M","3.45%"
"06/04/2020","725","730","730","711","59.77K","-0.68%"
"06/03/2020","730","720","731","720","758.48K","0.00%"
"06/02/2020","730","702","730","702","485.21K","4.29%"
"06/01/2020","700","701","719","679","578.51K","0.00%"
"05/29/2020","700","700","720","697","39.99K","-1.55%"
"05/28/2020","711","719","720","674","264.31K","-1.25%"
"05/27/2020","720","714","723","714","4.83K","-0.83%"
"05/26/2020","726","719","729","700","368.89K","0.83%"
"05/25/2020","720","715","720","688","15.09K","2.86%"
"05/22/2020","700","700","729","688","41.36K","-4.76%"
"05/21/2020","735","735","735","710","396.73K","3.52%"
"05/20/2020","710","700","728","680","523.26K","-1.66%"
"05/19/2020","722","703","729","703","7.63K","3.00%"
"05/18/2020","701","690","713","690","44.76K","-0.28%"
"05/15/2020","703","703","703","687","54.02K","1.01%"
"05/14/2020","696","701","705","696","12.32K","-5.43%"
"05/13/2020","736","745","769","736","415.13K","-1.21%"
"05/12/2020","745","709","751","709","371.94K","0.00%"
"05/11/2020","745","750","750","725","97.21K","-0.53%"
"05/08/2020","749","715","749","715","132.05K","-1.58%"
"05/07/2020","761","712","769","712","74.27K","6.43%"
"05/06/2020","715","699","715","699","177.34K","-1.11%"
"05/05/2020","723","730","745","722","96.78K","-0.96%"
"05/04/2020","730","744","750","677","443.94K","-4.58%"
"04/30/2020","765","760","770","759","171.16K","0.66%"
"04/29/2020","760","780","780","700","410.02K","-1.68%"
"04/28/2020","773","774","780","763","137.23K","-0.13%"
"04/24/2020","774","779","790","746","56.09K","4.17%"
"04/23/2020","743","751","790","743","1.09M","-0.93%"
"04/22/2020","750","779","779","747","116.44K","-0.92%"
"04/21/2020","757","750","765","748","309.63K","-2.95%"
"04/20/2020","780","772","780","737","110.66K","1.30%"
"04/17/2020","770","729","770","729","337.10K","5.48%"
"04/16/2020","730","744","750","706","297.65K","-1.62%"
"04/15/2020","742","736","743","723","25.62K","0.27%"
"04/14/2020","740","770","780","705","579.03K","-3.90%"
"04/09/2020","770","744","788","740","679.26K","4.76%"
"04/08/2020","735","725","744","696","214.31K","2.08%"
"04/07/2020","720","695","725","685","186.60K","3.60%"
"04/06/2020","695","700","700","670","521.70K","-0.43%"
"04/03/2020","698","670","698","670","136.37K","1.16%"
"04/02/2020","690","680","699","675","383.70K","1.47%"
"04/01/2020","680","687","689","669","56.30K","-2.58%"
"03/31/2020","698","667","698","656","298.91K","3.41%"
"03/30/2020","675","620","679","615","389.12K","7.14%"
"03/27/2020","630","625","647","600","239.63K","0.80%"
"03/26/2020","625","602","649","602","204.14K","-0.64%"
"03/25/2020","629","599","632","560","417.06K","6.61%"
"03/24/2020","590","535","595","535","356.32K","9.26%"
"03/23/2020","540","578","578","495","799.53K","-6.90%"
"03/20/2020","580","458","580","450","1.11M","27.19%"
"03/19/2020","456","550","550","431","635.74K","-8.80%"
"03/18/2020","500","580","580","500","311.81K","-13.79%"
"03/17/2020","580","619","620","550","148.73K","-7.94%"
"03/16/2020","630","694","695","597","89.57K","-13.70%"
"03/13/2020","730","751","751","722","519.47K","-1.75%"
"03/12/2020","743","749","750","675","385.13K","-3.38%"
"03/11/2020","769","770","770","745","187.47K","1.18%"
"03/10/2020","760","780","780","745","288.95K","-1.81%"
"03/09/2020","774","789","789","727","187.45K","-2.03%"
"03/06/2020","790","790","790","769","663.12K","0.00%"
"03/05/2020","790","771","792","771","1.11M","-0.25%"
"03/04/2020","792","756","795","756","6.72K","-0.38%"
"03/03/2020","795","799","800","773","93.84K","0.51%"
"03/02/2020","791","753","794","753","91.31K","0.13%"
"02/28/2020","790","800","800","780","255.47K","-3.07%"
"02/27/2020","815","801","815","801","155.56K","-1.45%"
"02/26/2020","827","840","845","821","314.15K","-0.72%"
"02/25/2020","833","855","855","801","829.96K","-2.57%"
"02/24/2020","855","878","878","841","155.85K","-1.72%"
"02/21/2020","870","891","891","857","1.10M","0.12%"
"02/20/2020","869","837","879","837","58.51K","-1.25%"
"02/19/2020","880","880","883","875","420.58K","-1.12%"
"02/18/2020","890","873","895","872","166.60K","-1.00%"
"02/17/2020","899","900","910","852","2.00M","0.11%"
"02/14/2020","898","897","933","895","118.36K","-0.22%"
"02/13/2020","900","901","910","898","1.25M","0.00%"
"02/12/2020","900","940","940","899","405.04K","-1.10%"
"02/11/2020","910","920","930","905","151.47K","-2.15%"
"02/10/2020","930","949","949","930","19.67K","-2.00%"
"02/07/2020","949","919","950","917","210.37K","3.26%"
"02/06/2020","919","896","920","896","169.18K","1.21%"
"02/05/2020","908","907","908","900","187.77K","-0.11%"
"02/04/2020","909","900","910","900","142.78K","0.44%"
"02/03/2020","905","905","910","899","449.69K","0.56%"
"01/31/2020","900","900","902","898","536.71K","0.00%"
"01/30/2020","900","900","909","900","74.43K","0.00%"
"01/29/2020","900","890","907","890","216.67K","0.00%"
"01/28/2020","900","900","902","895","286.65K","0.00%"
"01/27/2020","900","919","919","890","575.99K","-0.66%"
"01/24/2020","906","901","906","900","32.72K","-0.44%"
"01/23/2020","910","900","911","900","33.31K","1.00%"
"01/22/2020","901","900","920","900","219.19K","-1.96%"
"01/21/2020","919","901","920","901","142.32K","-0.43%"
"01/20/2020","923","901","923","901","28.61K","0.98%"
"01/17/2020","914","912","916","900","78.43K","-1.19%"
"01/16/2020","925","920","941","920","48.51K","-0.75%"
"01/15/2020","932","930","949","928","875.37K","-1.89%"
"01/14/2020","950","923","950","910","84.50K","0.00%"
"01/13/2020","950","940","950","917","170.92K","0.11%"
"01/10/2020","949","931","950","930","64.42K","1.93%"
"01/09/2020","931","949","949","931","36.16K","-1.59%"
"01/08/2020","946","944","950","944","51.00K","1.61%"
"01/07/2020","931","944","950","931","663.67K","-1.38%"
"01/06/2020","944","953","953","915","405.66K","-0.74%"
"01/03/2020","951","950","973","950","85.75K","-2.36%"
"01/02/2020","974","915","974","915","34.31K","2.53%"
"12/31/2019","950","959","959","950","31.80K","-0.94%"
"12/30/2019","959","950","959","950","374.15K","0.95%"
"12/27/2019","950","950","955","945","70.28K","-0.11%"
"12/24/2019","951","951","951","950","14.04K","-2.36%"
"12/23/2019","974","950","974","948","387.72K","2.20%"
"12/20/2019","953","960","972","952","192.59K","0.32%"
"12/19/2019","950","950","965","949","154.04K","4.63%"
"12/18/2019","908","950","964","908","97.93K","-6.87%"
"12/17/2019","975","950","989","950","211.20K","2.42%"
"12/13/2019","952","950","983","950","119.30K","-0.73%"
"12/12/2019","959","951","978","951","61.81K","-0.21%"
"12/11/2019","961","979","982","961","89.70K","-1.84%"
"12/10/2019","979","980","980","958","79.02K","0.00%"
"12/09/2019","979","977","996","973","135.42K","-0.10%"
"12/06/2019","980","960","1,000","960","320.27K","2.83%"
"12/05/2019","953","955","961","950","446.23K","-0.21%"
"12/04/2019","955","950","961","950","441.26K","0.53%"
"12/03/2019","950","950","954","938","303.36K","0.00%"
"12/02/2019","950","951","955","947","524.09K","-1.14%"
"11/29/2019","961","951","961","950","190.46K","1.16%"
"11/28/2019","950","950","953","948","166.62K","-1.04%"
"11/27/2019","960","950","960","950","40.19K","-0.93%"
"11/26/2019","969","950","969","948","151.89K","1.79%"
"11/25/2019","952","951","959","950","93.23K","-1.86%"
"11/22/2019","970","951","970","950","34.97K","2.11%"
"11/21/2019","950","970","970","950","104.91K","-2.06%"
"11/20/2019","970","950","970","950","61.71K","0.00%"
"11/19/2019","970","950","970","950","28.15K","1.46%"
"11/18/2019","956","950","960","944","276.14K","0.63%"
"11/15/2019","950","950","958","945","123.31K","0.00%"
"11/14/2019","950","955","960","940","656.42K","-0.42%"
"11/13/2019","954","955","967","950","76.37K","-0.10%"
"11/12/2019","955","960","961","955","34.05K","-0.52%"
"11/11/2019","960","940","960","940","6.91K","-1.54%"
"11/08/2019","975","970","980","950","193.01K","-0.41%"
"11/07/2019","979","935","979","935","200.72K","2.51%"
"11/06/2019","955","939","998","936","704.47K","2.69%"
"11/05/2019","930","940","950","915","352.47K","-1.06%"
"11/04/2019","940","900","941","900","159.23K","3.07%"
"11/01/2019","912","913","913","912","2.11K","2.47%"
"10/31/2019","890","880","900","873","61.82K","-1.11%"
"10/30/2019","900","900","913","895","162.87K","-1.53%"
"10/29/2019","914","904","914","900","56.97K","-0.54%"
"10/28/2019","919","900","929","900","342.37K","-0.65%"
"10/25/2019","925","902","925","902","43.89K","2.55%"
"10/24/2019","902","902","902","902","","0.22%"
"10/23/2019","900","910","910","900","362.15K","-1.64%"
"10/22/2019","915","910","915","901","125.17K","0.66%"
"10/21/2019","909","900","909","900","55.03K","1.00%"
"10/18/2019","900","925","925","895","151.05K","-0.77%"
"10/17/2019","907","910","915","899","245.47K","-1.41%"
"10/16/2019","920","851","921","850","281.52K","7.60%"
"10/15/2019","855","880","880","850","118.34K","-2.84%"
"10/14/2019","880","850","884","821","260.09K","3.53%"
"10/11/2019","850","795","850","795","114.22K","8.01%"
"10/10/2019","787","780","794","775","127.75K","0.90%"
"10/09/2019","780","774","780","770","167.19K","0.39%"
"10/08/2019","777","770","779","770","476.41K","0.78%"
"10/07/2019","771","770","778","768","362.65K","0.78%"
"10/04/2019","765","762","765","762","13.72K","-0.65%"
"10/03/2019","770","775","775","755","406.72K","-0.52%"
"10/02/2019","774","771","777","770","110.20K","-2.64%"
"10/01/2019","795","774","795","771","62.12K","0.13%"
"09/30/2019","794","785","794","756","215.49K","2.06%"
"09/27/2019","778","770","789","765","335.43K","1.04%"
"09/26/2019","770","725","770","701","245.48K","-1.16%"
"09/25/2019","779","750","779","741","159.53K","1.43%"
"09/23/2019","768","788","789","702","164.38K","-3.76%"
"09/20/2019","798","760","798","749","419.42K","5.00%"
"09/19/2019","760","773","779","760","156.30K","-2.31%"
"09/18/2019","778","780","793","768","59.16K","1.30%"
"09/17/2019","768","798","798","764","144.61K","-4.00%"
"09/16/2019","800","769","800","765","90.01K","3.90%"
"09/13/2019","770","770","770","767","89.33K","-1.28%"
"09/12/2019","780","765","780","749","196.91K","1.83%"
"09/11/2019","766","770","770","761","79.43K","-0.52%"
"09/10/2019","770","780","787","763","48.25K","-1.28%"
"09/09/2019","780","771","790","771","282.67K","0.39%"
"09/06/2019","777","794","799","775","122.19K","0.00%"
"09/05/2019","777","765","800","765","482.39K","0.91%"
"09/04/2019","770","797","797","765","192.40K","-2.53%"
"09/03/2019","790","798","799","772","214.45K","0.38%"
"09/02/2019","787","807","807","780","64.01K","-2.72%"
"08/30/2019","809","779","809","779","983.69K","1.25%"
"08/29/2019","799","799","813","795","49.40K","-0.13%"
"08/28/2019","800","795","820","795","483.17K","0.00%"
"08/27/2019","800","786","818","786","166.92K","-2.44%"
"08/26/2019","820","810","820","800","38.11K","1.23%"
"08/23/2019","810","810","825","802","237.09K","0.12%"
"08/22/2019","809","850","850","801","389.90K","-2.88%"
"08/21/2019","833","844","869","825","89.21K","0.24%"
"08/20/2019","831","883","883","831","226.09K","-1.54%"
"08/19/2019","844","859","889","835","241.51K","-1.86%"
"08/16/2019","860","840","860","840","108.21K","0.00%"
"08/15/2019","860","855","878","838","577.40K","0.00%"
"08/14/2019","860","862","879","855","271.95K","-0.35%"
"08/13/2019","863","867","891","855","656.62K","-0.46%"
"08/12/2019","867","890","892","865","973.87K","-4.93%"
"08/08/2019","912","910","913","900","298.82K","-0.76%"
"08/07/2019","919","915","919","910","276.50K","0.44%"
"08/06/2019","915","910","915","905","68.99K","1.10%"
"08/05/2019","905","911","915","900","388.47K","-1.63%"
"08/02/2019","920","920","922","915","281.89K","-0.76%"
"08/01/2019","927","916","930","915","599.00K","-1.38%"
"07/31/2019","940","916","940","916","21.47K","0.43%"
"07/30/2019","936","925","937","925","595.27K","1.63%"
"07/29/2019","921","916","924","915","18.56K","-2.02%"
"07/26/2019","940","960","960","940","206.56K","-2.19%"
"07/25/2019","961","969","972","952","142.34K","1.05%"
"07/24/2019","951","970","970","951","258.79K","-2.36%"
"07/23/2019","974","979","979","956","8.30K","-1.02%"
"07/22/2019","984","984","984","965","275.80K","1.86%"
"07/19/2019","966","980","981","965","82.14K","-1.53%"
"07/18/2019","981","961","991","961","80.36K","0.41%"
"07/17/2019","977","995","995","971","136.21K","-1.41%"
"07/16/2019","991","980","996","970","263.07K","-0.60%"
"07/15/2019","997","955","997","955","45.66K","0.71%"
"07/12/2019","990","982","999","982","52.02K","-1.00%"
"07/11/2019","1,000","999","1,000","972","1.16M","0.10%"
"07/10/2019","999","990","999","966","180.61K","2.15%"
"07/09/2019","978","965","990","965","43.69K","-0.71%"
"07/08/2019","985","987","998","963","280.25K","-1.50%"
"07/05/2019","1,000","1,000","1,004","985","2.03M","-0.99%"
"07/04/2019","1,010","1,000","1,010","1,000","1.60M","-0.20%"
"07/03/2019","1,012","1,008","1,012","1,000","1.31M","0.30%"
"07/02/2019","1,009","1,009","1,009","990","1.38M","0.90%"
"07/01/2019","1,000","991","1,001","991","1.39M","0.91%"
"06/28/2019","991","991","991","990","80.08K","0.10%"
"06/27/2019","990","983","992","983","377.45K","1.02%"
"06/26/2019","980","990","996","980","46.93K","-1.80%"
"06/25/2019","998","1,000","1,010","980","1.15M","-0.20%"
"06/24/2019","1,000","1,000","1,000","967","163.27K","2.04%"
"06/21/2019","980","990","999","980","869.51K","-2.00%"
"06/20/2019","1,000","980","1,000","980","232.67K","0.81%"
"06/19/2019","992","1,000","1,019","992","202.55K","-0.80%"
"06/18/2019","1,000","981","1,000","981","103.98K","0.00%"
"06/14/2019","1,000","997","1,003","981","2.91M","0.10%"
"06/13/2019","999","999","1,000","970","57.63K","0.40%"
"06/12/2019","995","974","995","973","63.09K","0.00%"
"06/11/2019","995","1,000","1,017","983","104.15K","-2.26%"
"06/10/2019","1,018","1,000","1,019","995","217.68K","1.80%"
"06/07/2019","1,000","986","1,001","985","115.06K","0.00%"
"06/06/2019","1,000","970","1,000","970","166.98K","0.81%"
"06/05/2019","992","999","999","973","36.10K","0.51%"
"06/04/2019","987","955","995","955","500.78K","2.81%"
"06/03/2019","960","960","980","960","63.18K","0.00%"
"05/31/2019","960","980","994","960","151.50K","-1.84%"
"05/30/2019","978","1,000","1,000","966","22.78K","-3.07%"
"05/29/2019","1,009","1,000","1,009","968","643.78K","1.92%"
"05/28/2019","990","965","999","965","57.60K","0.00%"
"05/27/2019","990","965","990","965","35.42K","1.64%"
"05/24/2019","974","990","1,018","912","170.47K","-1.62%"
"05/23/2019","990","1,000","1,017","959","1.00M","-1.00%"
"05/22/2019","1,000","1,014","1,018","1,000","13.36K","-0.10%"
"05/21/2019","1,001","1,000","1,034","1,000","369.16K","0.10%"
"05/20/2019","1,000","1,001","1,005","1,000","45.06K","0.00%"
"05/17/2019","1,000","1,047","1,047","1,000","98.82K","-0.70%"
"05/16/2019","1,007","1,019","1,029","1,000","70.44K","-1.27%"
"05/15/2019","1,020","1,000","1,020","1,000","151.51K","2.00%"
"05/14/2019","1,000","1,000","1,015","995","250.39K","0.50%"
"05/13/2019","995","1,000","1,036","990","25.44K","-0.50%"
"05/10/2019","1,000","1,022","1,045","1,000","25.43K","0.00%"
"05/09/2019","1,000","1,030","1,030","996","169.87K","-2.44%"
"05/07/2019","1,025","1,045","1,045","1,025","57.56K","-2.01%"
"05/06/2019","1,046","1,059","1,060","1,046","11.02K","1.55%"
"05/03/2019","1,030","1,025","1,066","1,025","84.26K","0.49%"
"05/02/2019","1,025","1,026","1,079","1,025","126.49K","-3.30%"
"04/30/2019","1,060","1,000","1,060","1,000","912.20K","0.95%"
"04/29/2019","1,050","1,055","1,055","1,035","33.23K","-0.47%"
"04/26/2019","1,055","1,054","1,055","1,035","67.06K","1.34%"
"04/25/2019","1,041","1,035","1,058","1,035","61.98K","0.58%"
"04/24/2019","1,035","1,025","1,039","1,025","162.86K","0.00%"
"04/23/2019","1,035","1,037","1,049","1,023","174.51K","-0.19%"
"04/18/2019","1,037","1,046","1,046","1,012","14.50K","0.19%"
"04/17/2019","1,035","1,011","1,035","1,010","62.46K","0.68%"
"04/16/2019","1,028","1,010","1,030","1,010","22.88K","1.98%"
"04/15/2019","1,008","1,001","1,020","1,001","80.50K","-1.56%"
"04/12/2019","1,024","1,000","1,035","1,000","240.71K","1.39%"
"04/11/2019","1,010","1,000","1,028","1,000","23.49K","-1.56%"
"04/10/2019","1,026","1,001","1,035","1,001","47.64K","2.50%"
"04/09/2019","1,001","1,014","1,029","1,000","22.56K","0.10%"
"04/08/2019","1,000","1,034","1,034","995","357.52K","0.00%"
"04/05/2019","1,000","990","1,040","985","302.83K","1.42%"
"04/04/2019","986","975","994","975","724.09K","0.20%"
"04/03/2019","984","985","995","984","121.15K","0.92%"
"04/02/2019","975","1,000","1,000","975","126.24K","-2.01%"
"04/01/2019","995","972","995","972","187.57K","2.47%"
"03/29/2019","971","970","976","970","160.70K","-0.51%"
"03/28/2019","976","955","976","955","103.47K","0.41%"
"03/27/2019","972","995","995","946","130.74K","0.73%"
"03/26/2019","965","995","995","965","176.17K","-3.02%"
"03/25/2019","995","992","1,024","990","323.91K","0.51%"
"03/22/2019","990","1,010","1,049","966","388.86K","-1.00%"
"03/20/2019","1,000","1,000","1,029","1,000","4.88K","0.00%"
"03/19/2019","1,000","1,030","1,030","979","7.38K","-1.48%"
"03/18/2019","1,015","1,015","1,051","961","59.96K","0.00%"
"03/15/2019","1,015","1,040","1,040","1,004","198.51K","0.10%"
"03/14/2019","1,014","1,018","1,050","991","92.90K","2.42%"
"03/13/2019","990","1,015","1,020","990","23.43K","-2.46%"
"03/12/2019","1,015","1,025","1,025","981","127.59K","2.42%"
"03/11/2019","991","1,044","1,044","990","168.89K","-1.20%"
"03/08/2019","1,003","1,025","1,025","995","10.75K","1.31%"
"03/07/2019","990","1,040","1,040","965","215.45K","-3.41%"
"03/06/2019","1,025","1,021","1,070","1,021","632.65K","0.39%"
"03/05/2019","1,021","1,059","1,060","1,021","113.18K","-3.59%"
"03/04/2019","1,059","1,046","1,085","1,046","257.57K","-1.49%"
"03/01/2019","1,075","1,075","1,075","1,045","184.69K","0.09%"
"02/28/2019","1,074","1,070","1,087","1,020","123.02K","-1.74%"
"02/27/2019","1,093","1,079","1,093","1,079","44.60K","1.30%"
"02/26/2019","1,079","1,080","1,085","1,079","122.24K","-0.28%"
"02/25/2019","1,082","1,075","1,100","1,075","254.78K","-1.37%"
"02/22/2019","1,097","1,076","1,097","1,065","280.81K","2.05%"
"02/21/2019","1,075","1,073","1,082","1,070","493.48K","0.37%"
"02/20/2019","1,071","1,085","1,097","1,071","21.25K","-1.29%"
"02/19/2019","1,085","1,070","1,094","1,070","304.12K","-1.09%"
"02/18/2019","1,097","1,100","1,100","1,076","13.70K","1.01%"
"02/15/2019","1,086","1,075","1,098","1,065","28.05K","1.02%"
"02/14/2019","1,075","1,080","1,081","1,071","161.48K","-1.83%"
"02/13/2019","1,095","1,100","1,100","1,072","20.16K","-0.45%"
"02/12/2019","1,100","1,100","1,110","1,071","423.52K","0.00%"
"02/11/2019","1,100","1,080","1,100","1,080","219.89K","1.85%"
"02/08/2019","1,080","1,090","1,100","1,080","77.48K","0.19%"
"02/07/2019","1,078","1,070","1,080","1,065","182.88K","0.47%"
"02/06/2019","1,073","1,050","1,073","1,050","63.19K","-0.19%"
"02/05/2019","1,075","1,065","1,075","1,060","445.83K","1.32%"
"02/04/2019","1,061","1,060","1,089","1,060","46.95K","-1.21%"
"02/01/2019","1,074","1,070","1,075","1,050","303.61K","0.37%"
"01/31/2019","1,070","1,050","1,075","1,026","755.22K","0.19%"
"01/30/2019","1,068","1,070","1,080","1,059","589.71K","-1.11%"
"01/29/2019","1,080","1,060","1,080","1,060","121.43K","1.89%"
"01/28/2019","1,060","1,060","1,061","1,059","133.40K","-1.85%"
"01/25/2019","1,080","1,080","1,080","1,075","19.01K","-0.83%"
"01/24/2019","1,089","1,060","1,089","1,060","178.89K","2.74%"
"01/23/2019","1,060","1,062","1,089","1,060","10.03K","-0.19%"
"01/22/2019","1,062","1,080","1,080","1,060","19.25K","-0.75%"
"01/21/2019","1,070","1,060","1,089","1,060","37.38K","0.09%"
"01/18/2019","1,069","1,080","1,080","1,040","7.90K","0.85%"
"01/17/2019","1,060","1,060","1,079","1,060","21.90K","-1.85%"
"01/16/2019","1,080","1,080","1,080","1,060","20.58K","0.09%"
"01/15/2019","1,079","1,065","1,079","1,061","393.18K","1.31%"
"01/14/2019","1,065","1,057","1,070","1,051","8.13K","0.76%"
"01/11/2019","1,057","1,050","1,070","1,050","153.93K","-1.21%"
"01/10/2019","1,070","1,069","1,070","1,050","44.38K","0.00%"
"01/09/2019","1,070","1,020","1,070","1,020","29.98K","1.90%"
"01/08/2019","1,050","1,075","1,075","1,030","80.77K","-3.14%"
"01/07/2019","1,084","1,080","1,084","1,065","78.69K","-0.55%"
"01/04/2019","1,090","1,090","1,090","1,090","2.14K","1.87%"
"01/03/2019","1,070","1,050","1,070","1,050","28.32K","0.94%"
"01/02/2019","1,060","1,070","1,070","1,032","47.84K","-0.93%"
"12/31/2018","1,070","1,070","1,070","1,070","0.05K","3.28%"
"12/28/2018","1,036","1,020","1,045","1,001","56.30K","1.47%"
"12/27/2018","1,021","1,021","1,070","1,020","29.66K","-4.93%"
"12/24/2018","1,074","1,050","1,074","1,050","5.65K","2.19%"
"12/21/2018","1,051","1,089","1,100","1,051","395.00K","-1.87%"
"12/20/2018","1,071","1,050","1,085","1,050","183.94K","2.00%"
"12/19/2018","1,050","1,050","1,060","1,020","37.53K","-0.10%"
"12/18/2018","1,051","1,070","1,070","1,050","12.65K","-1.31%"
"12/14/2018","1,065","1,050","1,065","1,050","15.42K","0.47%"
"12/13/2018","1,060","1,070","1,070","1,060","37.96K","-0.93%"
"12/12/2018","1,070","1,065","1,070","1,065","28.44K","0.47%"
"12/11/2018","1,065","1,050","1,065","1,049","886.33K","-0.47%"
"12/10/2018","1,070","1,070","1,075","1,020","201.11K","0.00%"
"12/07/2018","1,070","1,050","1,089","1,050","22.89K","-2.73%"
"12/06/2018","1,100","1,050","1,100","1,050","33.60K","0.00%"
"12/05/2018","1,100","1,078","1,100","1,056","68.77K","0.00%"
"12/04/2018","1,100","1,090","1,100","1,090","844.89K","0.00%"
"12/03/2018","1,100","1,080","1,100","1,060","355.11K","0.00%"
"11/30/2018","1,100","1,060","1,100","1,050","1.03M","3.97%"
"11/29/2018","1,058","1,040","1,058","1,040","236.41K","1.73%"
"11/28/2018","1,040","1,040","1,045","1,040","31.91K","0.00%"
"11/27/2018","1,040","1,030","1,040","1,025","24.91K","1.76%"
"11/26/2018","1,022","1,000","1,030","1,000","126.06K","0.39%"
"11/23/2018","1,018","1,016","1,020","1,009","266.78K","0.20%"
"11/22/2018","1,016","1,010","1,020","1,000","80.68K","1.60%"
"11/21/2018","1,000","1,029","1,029","1,000","43.47K","-2.91%"
"11/20/2018","1,030","1,008","1,030","1,000","130.49K","3.00%"
"11/19/2018","1,000","1,010","1,035","1,000","148.42K","-2.34%"
"11/16/2018","1,024","1,001","1,025","1,001","41.22K","-0.10%"
"11/15/2018","1,025","1,023","1,025","1,001","27.73K","0.20%"
"11/14/2018","1,023","1,000","1,023","1,000","802.66K","-0.58%"
"11/13/2018","1,029","999","1,029","999","372.53K","1.38%"
"11/12/2018","1,015","1,010","1,030","1,010","200.21K","-0.49%"
"11/09/2018","1,020","1,008","1,020","1,000","210.87K","1.19%"
"11/08/2018","1,008","1,021","1,025","1,003","57.76K","-1.27%"
"11/07/2018","1,021","1,029","1,030","1,000","86.27K","-0.87%"
"11/06/2018","1,030","1,000","1,030","1,000","153.92K","0.39%"
"11/05/2018","1,026","1,001","1,040","1,001","221.64K","2.09%"
"11/02/2018","1,005","1,001","1,040","1,001","37.01K","-1.47%"
"11/01/2018","1,020","1,059","1,063","1,002","377.06K","-3.77%"
"10/31/2018","1,060","999","1,060","999","1.16M","6.32%"
"10/30/2018","997","985","999","985","450.28K","1.22%"
"10/29/2018","985","984","995","975","962.23K","0.10%"
"10/26/2018","984","981","984","976","1.48M","0.20%"
"10/25/2018","982","985","986","979","842.11K","-1.31%"
"10/24/2018","995","991","995","990","232.68K","0.40%"
"10/23/2018","991","976","991","975","189.86K","0.92%"
"10/22/2018","982","999","999","975","68.83K","0.72%"
"10/19/2018","975","975","975","975","0.05K","-2.30%"
"10/18/2018","998","970","998","970","504.41K","0.81%"
"10/17/2018","990","982","990","980","22.82K","0.92%"
"10/16/2018","981","965","998","965","72.26K","1.13%"
"10/15/2018","970","978","978","964","565.59K","-0.31%"
"10/12/2018","973","970","974","960","346.99K","0.93%"
"10/11/2018","964","935","964","935","99.87K","-0.62%"
"10/10/2018","970","970","972","965","363.82K","0.00%"
"10/09/2018","970","979","979","970","71.42K","-0.92%"
"10/08/2018","979","980","980","969","535.98K","0.10%"
"10/05/2018","978","975","985","959","100.68K","-1.71%"
"10/04/2018","995","999","1,000","980","49.10K","0.71%"
"10/03/2018","988","1,000","1,002","988","271.85K","-1.20%"
"10/02/2018","1,000","1,000","1,000","990","440.30K","0.00%"
"10/01/2018","1,000","971","1,000","971","4.66K","0.00%"
"09/28/2018","1,000","980","1,000","971","267.90K","1.94%"
"09/27/2018","981","971","995","971","856.33K","0.10%"
"09/26/2018","980","981","981","961","45.59K","-1.90%"
"09/25/2018","999","985","1,008","965","409.31K","1.94%"
"09/21/2018","980","965","980","965","86.06K","0.00%"
"09/20/2018","980","970","990","965","878.77K","1.24%"
"09/19/2018","968","967","974","967","138.18K","0.31%"
"09/18/2018","965","990","990","961","16.17K","-2.53%"
"09/17/2018","990","975","1,000","975","340.65K","0.00%"
"09/14/2018","990","980","990","980","1.24K","-1.00%"
"09/13/2018","1,000","978","1,000","978","913.81K","2.15%"
"09/12/2018","979","980","985","965","178.74K","-0.61%"
"09/11/2018","985","941","985","941","423.11K","4.68%"
"09/10/2018","941","980","980","941","1.59K","-3.39%"
"09/07/2018","974","961","974","961","520.00K","1.46%"
"09/06/2018","960","970","975","959","88.56K","-1.03%"
"09/05/2018","970","965","987","921","435.99K","-1.22%"
"09/04/2018","982","969","982","969","400.49K","0.61%"
"09/03/2018","976","970","976","970","20.11K","0.62%"
"08/31/2018","970","970","976","970","237.62K","-0.72%"
"08/30/2018","977","961","980","961","411.95K","0.72%"
"08/29/2018","970","970","970","970","15.80K","-0.61%"
"08/28/2018","976","970","985","970","89.54K","0.41%"
"08/27/2018","972","970","977","970","56.27K","0.21%"
"08/24/2018","970","976","976","968","27.45K","0.52%"
"08/23/2018","965","950","966","950","93.23K","1.58%"
"08/22/2018","950","975","975","950","89.01K","-2.56%"
"08/21/2018","975","975","975","970","59.23K","0.00%"
"08/20/2018","975","974","980","973","29.39K","0.10%"
"08/17/2018","974","975","975","955","48.38K","0.52%"
"08/16/2018","969","970","970","955","41.03K","-1.42%"
"08/15/2018","983","985","985","960","3.78K","2.40%"
"08/14/2018","960","985","985","960","40.30K","0.52%"
"08/13/2018","955","955","985","955","25.44K","-3.05%"
"08/10/2018","985","989","990","975","12.51K","-0.51%"
"08/08/2018","990","970","990","970","2.23K","1.54%"
"08/07/2018","975","975","989","955","1.70M","-1.42%"
"08/06/2018","989","970","989","970","50.98K","1.33%"
"08/03/2018","976","975","989","965","18.34K","0.10%"
"08/02/2018","975","990","990","975","84.91K","-1.61%"
"08/01/2018","991","955","995","955","285.41K","-0.40%"
"07/31/2018","995","986","995","973","101.56K","0.91%"
"07/30/2018","986","990","990","970","40.38K","-0.80%"
"07/27/2018","994","985","994","985","0.71K","3.01%"
"07/26/2018","965","950","978","950","251.01K","-2.23%"
"07/25/2018","987","980","989","980","39.80K","0.71%"
"07/24/2018","980","980","990","980","47.55K","0.00%"
"07/23/2018","980","995","995","979","337.19K","0.00%"
"07/20/2018","980","980","990","980","110.33K","0.00%"
"07/19/2018","980","950","980","950","48.11K","0.00%"
"07/18/2018","980","995","995","951","76.47K","-1.51%"
"07/17/2018","995","985","998","955","21.59K","-0.30%"
"07/16/2018","998","995","998","993","39.11K","3.96%"
"07/13/2018","960","966","966","960","940.25K","-0.52%"
"07/12/2018","965","997","997","965","100.67K","0.00%"
"07/11/2018","965","966","967","960","207.76K","-1.03%"
"07/10/2018","975","965","977","965","189.48K","0.00%"
"07/09/2018","975","994","994","965","313.49K","-2.01%"
"07/06/2018","995","961","995","961","26.21K","1.02%"
"07/05/2018","985","970","990","965","74.79K","0.51%"
"07/04/2018","980","965","980","965","31.67K","2.51%"
"07/03/2018","956","955","995","955","17.03K","-1.44%"
"07/02/2018","970","966","980","956","66.42K","0.41%"
"06/29/2018","966","956","966","955","14.47K","1.15%"
"06/28/2018","955","951","965","951","16.62K","0.53%"
"06/27/2018","950","955","966","945","29.70K","-3.06%"
"06/26/2018","980","961","980","941","105.61K","2.08%"
"06/25/2018","960","973","990","960","112.22K","-2.04%"
"06/22/2018","980","956","980","956","29.88K","0.93%"
"06/21/2018","971","983","995","951","50.36K","-1.32%"
"06/20/2018","984","977","1,010","955","386.59K","-1.11%"
"06/19/2018","995","953","1,000","950","459.60K","2.58%"
"06/18/2018","970","950","990","936","43.69K","-2.51%"
"06/15/2018","995","935","995","935","1.50M","5.74%"
"06/14/2018","941","936","950","930","57.12K","0.64%"
"06/13/2018","935","950","950","933","8.35K","-1.06%"
"06/12/2018","945","997","997","931","32.18K","-3.18%"
"06/11/2018","976","998","998","900","199.95K","-1.41%"
"06/08/2018","990","999","999","950","468.08K","-0.50%"
"06/07/2018","995","1,000","1,000","990","29.77K","-0.50%"
"06/06/2018","1,000","1,020","1,020","965","33.59K","-1.48%"
"06/05/2018","1,015","970","1,015","969","468.72K","7.98%"
"06/04/2018","940","995","1,001","936","423.19K","-2.99%"
"06/01/2018","969","955","969","949","29.51K","1.25%"
"05/31/2018","957","940","957","930","66.33K","4.59%"
"05/30/2018","915","1,000","1,000","900","365.23K","-3.07%"
"05/29/2018","944","980","980","944","82.99K","-2.68%"
"05/28/2018","970","985","985","915","28.66K","1.04%"
"05/25/2018","960","950","960","949","44.94K","4.69%"
"05/24/2018","917","995","995","917","14.23K","-8.02%"
"05/23/2018","997","1,000","1,001","995","56.39K","-0.30%"
"05/22/2018","1,000","1,010","1,010","983","58.35K","0.00%"
"05/21/2018","1,000","990","1,000","990","447.12K","1.01%"
"05/18/2018","990","986","990","985","30.00K","0.51%"
"05/17/2018","985","985","985","985","55.86K","0.00%"
"05/16/2018","985","970","990","970","167.08K","1.55%"
"05/15/2018","970","1,000","1,000","970","57.92K","-4.90%"
"05/14/2018","1,020","1,000","1,020","998","39.54K","1.49%"
"05/11/2018","1,005","999","1,005","971","61.48K","0.60%"
"05/10/2018","999","980","999","962","171.79K","3.85%"
"05/09/2018","962","960","962","959","74.33K","0.73%"
"05/08/2018","955","915","955","915","137.38K","0.21%"
"05/07/2018","953","948","999","948","80.46K","0.53%"
"05/04/2018","948","921","948","921","30.84K","1.94%"
"05/03/2018","930","922","930","897","11.25K","0.98%"
"05/02/2018","921","922","935","887","78.97K","1.43%"
"04/30/2018","908","891","950","891","9.91K","-4.42%"
"04/26/2018","950","901","950","886","170.72K","4.97%"
"04/25/2018","905","904","910","904","165.28K","0.11%"
"04/24/2018","904","910","910","902","4.97K","-0.66%"
"04/23/2018","910","909","910","881","79.59K","0.11%"
"04/20/2018","909","900","909","876","85.92K","3.65%"
"04/19/2018","877","876","905","876","178.36K","0.11%"
"04/18/2018","876","875","899","875","41.97K","-2.67%"
"04/17/2018","900","875","900","875","72.54K","2.86%"
"04/16/2018","875","880","880","875","608.13K","-0.91%"
"04/13/2018","883","875","883","875","187.70K","0.91%"
"04/12/2018","875","877","877","875","51.02K","-0.57%"
"04/11/2018","880","875","880","875","54.17K","0.34%"
"04/10/2018","877","875","877","875","34.21K","-0.90%"
"04/09/2018","885","875","885","875","76.19K","0.00%"
"04/06/2018","885","875","885","875","66.09K","-0.90%"
"04/05/2018","893","893","894","885","23.41K","0.00%"
"04/04/2018","893","885","895","875","30.56K","-0.78%"
"04/03/2018","900","890","900","875","95.30K","1.12%"
"03/29/2018","890","899","899","860","1.16M","0.11%"
"03/28/2018","889","900","900","875","15.74K","-1.22%"
"03/27/2018","900","900","900","878","108.62K","2.27%"
"03/26/2018","880","884","884","875","69.83K","-0.45%"
"03/23/2018","884","900","900","881","14.73K","-2.10%"
"03/22/2018","903","907","907","902","16.19K","-0.44%"
"03/20/2018","907","925","925","883","42.05K","-0.98%"
"03/19/2018","916","919","919","910","169.63K","-3.58%"
"03/16/2018","950","890","950","882","409.53K","4.40%"
"03/15/2018","910","875","910","875","358.51K","3.88%"
"03/14/2018","876","876","880","875","5.56K","-1.57%"
"03/13/2018","890","880","895","875","5.38M","1.60%"
"03/12/2018","876","890","890","875","21.12K","-1.57%"
"03/09/2018","890","870","890","870","111.30K","2.18%"
"03/08/2018","871","878","878","870","19.21K","0.11%"
"03/07/2018","870","870","877","870","730.99K","-0.80%"
"03/06/2018","877","865","877","865","427.76K","0.34%"
"03/05/2018","874","865","874","865","101.60K","0.58%"
"03/02/2018","869","870","871","860","588.43K","-0.11%"
"03/01/2018","870","870","887","868","621.44K","0.00%"
"02/28/2018","870","880","888","870","108.03K","-0.57%"
"02/27/2018","875","888","888","875","19.63K","-1.57%"
"02/26/2018","889","875","889","875","43.12K","-0.11%"
"02/23/2018","890","871","890","871","112.49K","2.18%"
"02/22/2018","871","867","871","865","88.93K","0.46%"
"02/21/2018","867","865","872","865","86.94K","0.23%"
"02/20/2018","865","870","873","860","209.86K","-0.57%"
"02/19/2018","870","870","873","860","133.56K","-0.34%"
"02/16/2018","873","851","873","851","1.27M","2.59%"
"02/15/2018","851","850","860","850","528.60K","-0.47%"
"02/14/2018","855","850","859","850","83.74K","0.00%"
"02/13/2018","855","865","865","850","82.11K","-0.58%"
"02/12/2018","860","840","860","840","64.90K","3.61%"
"02/09/2018","830","830","830","830","302.25K","-3.60%"
"02/08/2018","861","830","864","830","186.68K","4.62%"
"02/07/2018","823","820","823","820","8.15K","0.37%"
"02/06/2018","820","860","860","820","316.02K","-4.65%"
"02/05/2018","860","873","873","855","202.62K","-1.38%"
"02/02/2018","872","860","872","860","85.66K","1.40%"
"02/01/2018","860","855","860","855","235.58K","0.12%"
"01/31/2018","859","855","874","855","198.96K","0.47%"
"01/30/2018","855","884","884","849","859.82K","-2.84%"
"01/29/2018","880","880","883","875","105.19K","0.00%"
"01/26/2018","880","880","882","880","148.19K","-0.68%"
"01/25/2018","886","880","889","875","233.59K","1.84%"
"01/24/2018","870","867","885","865","174.59K","0.35%"
"01/23/2018","867","850","867","850","300.54K","1.40%"
"01/22/2018","855","850","860","849","291.29K","-0.58%"
"01/19/2018","860","860","861","860","28.35K","0.00%"
"01/18/2018","860","850","860","850","25.80K","0.00%"
"01/17/2018","860","860","860","850","639.05K","-0.58%"
"01/16/2018","865","860","865","850","196.60K","0.12%"
"01/15/2018","864","850","864","850","46.80K","-0.35%"
"01/12/2018","867","850","867","850","8.13K","2.00%"
"01/11/2018","850","851","851","850","26.75K","-0.12%"
"01/10/2018","851","850","851","849","166.37K","0.00%"
"01/09/2018","851","878","878","829","226.84K","0.12%"
"01/08/2018","850","850","852","850","96.74K","-0.23%"
"01/05/2018","852","860","860","850","21.60K","-0.93%"
"01/04/2018","860","850","860","850","39.68K","1.18%"
"01/03/2018","850","850","857","850","154.64K","-2.63%"
"01/02/2018","873","850","874","850","61.07K","-0.11%"
"12/29/2017","874","870","874","870","61.48K","0.58%"
"12/28/2017","869","874","874","848","1.45K","-0.46%"
"12/27/2017","873","870","873","848","100.12K","0.34%"
"12/22/2017","870","870","870","845","98.09K","2.96%"
"12/21/2017","845","845","870","840","809.08K","-0.59%"
"12/20/2017","850","850","864","845","4.29K","0.00%"
"12/19/2017","850","870","870","842","155.74K","1.19%"
"12/18/2017","840","810","860","810","122.81K","2.44%"
"12/15/2017","820","795","820","795","2.85M","2.50%"
"12/14/2017","800","800","801","800","53.75K","0.00%"
"12/13/2017","800","800","800","790","525.62K","0.00%"
"12/12/2017","800","810","810","789","685.83K","-1.23%"
"12/11/2017","810","820","823","810","407.88K","-1.22%"
"12/08/2017","820","825","826","800","845.26K","-0.61%"
"12/07/2017","825","825","826","825","105.33K","-2.94%"
"12/06/2017","850","860","860","850","218.01K","-0.58%"
"12/05/2017","855","874","874","855","98.78K","0.00%"
"12/04/2017","855","855","873","855","122.61K","0.00%"
"12/01/2017","855","873","874","855","38.90K","-2.17%"
"11/30/2017","874","874","874","850","315.53K","1.04%"
"11/29/2017","865","865","866","865","113.63K","0.58%"
"11/28/2017","860","856","872","856","71.60K","0.58%"
"11/27/2017","855","873","873","850","292.30K","-2.06%"
"11/24/2017","873","874","874","866","19.61K","-0.11%"
"11/23/2017","874","870","874","865","95.44K","0.58%"
"11/22/2017","869","865","869","865","2.11M","0.46%"
"11/21/2017","865","865","869","865","88.94K","0.00%"
"11/20/2017","865","865","865","865","542.17K","0.00%"
"11/17/2017","865","865","865","865","39.21K","0.00%"
"11/16/2017","865","865","868","865","245.52K","-0.46%"
"11/15/2017","869","865","869","865","94.33K","-0.11%"
"11/14/2017","870","875","875","865","100.38K","-0.57%"
"11/13/2017","875","865","875","865","701.49K","1.16%"
"11/10/2017","865","866","874","865","15.81K","0.00%"
"11/09/2017","865","865","874","865","235.80K","0.00%"
"11/08/2017","865","865","865","865","6.86K","0.00%"
"11/07/2017","865","870","871","865","645.86K","-1.70%"
"11/06/2017","880","879","880","865","80.97K","0.00%"
"11/03/2017","880","861","880","861","111.43K","0.23%"
"11/02/2017","878","877","878","861","55.81K","-0.11%"
"11/01/2017","879","880","880","861","35.78K","-0.11%"
"10/31/2017","880","879","880","851","204.85K","0.00%"
"10/30/2017","880","875","880","869","226.56K","0.57%"
"10/27/2017","875","875","875","851","271.37K","-0.57%"
"10/26/2017","880","880","880","850","115.71K","-1.23%"
"10/25/2017","891","870","891","870","18.08K","1.48%"
"10/24/2017","878","878","894","878","8.68K","-0.23%"
"10/23/2017","880","880","900","875","27.12K","-0.56%"
"10/20/2017","885","900","900","885","106.66K","-0.34%"
"10/19/2017","888","864","900","864","4.65K","0.79%"
"10/18/2017","881","900","900","881","18.79K","-2.11%"
"10/17/2017","900","900","920","890","161.59K","0.00%"
"10/16/2017","900","875","905","875","295.44K","0.00%"
"10/13/2017","900","885","900","880","134.63K","0.00%"
"10/12/2017","900","890","900","882","131.10K","0.00%"
"10/11/2017","900","895","900","875","91.78K","0.33%"
"10/10/2017","897","875","900","870","112.77K","2.51%"
"10/09/2017","875","885","885","875","92.26K","-2.23%"
"10/06/2017","895","891","900","880","11.22K","2.29%"
"10/05/2017","875","899","901","860","227.30K","-2.67%"
"10/04/2017","899","900","900","851","30.70K","0.00%"
"10/03/2017","899","900","900","899","22.60K","-0.11%"
"10/02/2017","900","900","900","886","106.51K","0.56%"
"09/29/2017","895","895","900","891","313.79K","0.67%"
"09/28/2017","889","894","894","855","70.95K","-0.56%"
"09/27/2017","894","895","895","869","51.72K","-0.11%"
"09/26/2017","895","895","895","890","10.07K","0.00%"
"09/22/2017","895","882","895","882","37.07K","0.00%"
"09/21/2017","895","890","900","890","954.74K","-0.56%"
"09/20/2017","900","890","900","886","34.73K","0.00%"
"09/19/2017","900","900","900","875","30.61K","-1.64%"
"09/18/2017","915","888","915","888","65.38K","3.04%"
"09/15/2017","888","900","914","888","606.91K","-2.74%"
"09/14/2017","913","900","920","900","7.11K","-0.65%"
"09/13/2017","919","901","919","901","5.59K","2.00%"
"09/12/2017","901","910","919","900","190.31K","0.11%"
"09/11/2017","900","916","916","900","27.99K","-2.07%"
"09/08/2017","919","914","919","911","33.24K","1.66%"
"09/07/2017","904","900","904","900","3.68K","0.33%"
"09/06/2017","901","865","905","865","8.28K","0.00%"
"09/05/2017","901","899","901","899","31.76K","0.11%"
"09/04/2017","900","900","900","900","11.83K","0.00%"
"09/01/2017","900","890","900","890","123.11K","1.12%"
"08/31/2017","890","890","890","889","1.10M","0.00%"
"08/30/2017","890","890","890","861","34.63K","0.00%"
"08/29/2017","890","882","890","871","61.91K","0.00%"
"08/28/2017","890","900","901","881","117.16K","-1.11%"
"08/25/2017","900","900","901","885","1.39M","-1.10%"
"08/24/2017","910","902","915","900","57.20K","-0.55%"
"08/23/2017","915","920","920","909","76.71K","-0.87%"
"08/22/2017","923","912","923","908","71.21K","1.32%"
"08/21/2017","911","920","921","910","209.92K","0.11%"
"08/18/2017","910","911","911","909","40.25K","-0.11%"
"08/17/2017","911","905","925","905","44.20K","1.22%"
"08/16/2017","900","903","905","900","14.89K","0.00%"
"08/15/2017","900","895","904","895","91.63K","0.00%"
"08/14/2017","900","904","904","898","97.07K","0.00%"
"08/11/2017","900","910","910","900","65.75K","-0.33%"
"08/10/2017","903","909","910","903","44.53K","-0.88%"
"08/08/2017","911","911","911","910","16.29K","-0.76%"
"08/07/2017","918","925","940","911","392.61K","0.33%"
"08/04/2017","915","885","925","885","372.99K","3.39%"
"08/03/2017","885","890","890","880","15.56K","1.14%"
"08/02/2017","875","875","875","860","240.49K","0.00%"
"08/01/2017","875","850","894","850","263.32K","1.74%"
"07/31/2017","860","845","860","845","62.81K","0.58%"
"07/28/2017","855","845","855","840","172.07K","1.18%"
"07/27/2017","845","832","850","832","33.94K","-0.59%"
"07/26/2017","850","830","850","830","190.71K","0.00%"
"07/25/2017","850","845","850","840","58.62K","1.19%"
"07/24/2017","840","835","841","830","167.30K","0.60%"
"07/21/2017","835","840","840","835","3.50K","0.00%"
"07/20/2017","835","820","835","820","95.88K","2.45%"
"07/19/2017","815","834","835","815","59.89K","-2.04%"
"07/18/2017","832","835","835","811","19.76K","-0.36%"
"07/17/2017","835","835","835","835","","0.00%"
"07/14/2017","835","835","835","835","0.06K","1.71%"
"07/13/2017","821","820","840","820","124.48K","0.12%"
"07/12/2017","820","811","820","810","291.12K","-0.61%"
"07/11/2017","825","820","825","810","125.04K","-0.60%"
"07/10/2017","830","830","830","825","150.45K","0.00%"
"07/07/2017","830","830","830","830","","0.00%"
"07/06/2017","830","830","835","825","147.91K","0.00%"
"07/05/2017","830","830","840","830","650.10K","-1.19%"
"07/04/2017","840","839","840","830","61.55K","0.00%"
"07/03/2017","840","840","840","829","56.66K","1.82%"
"06/30/2017","825","840","849","820","84.03K","-1.79%"
"06/29/2017","840","830","840","830","62.00K","2.31%"
"06/28/2017","821","827","827","820","3.85K","-1.08%"
"06/27/2017","830","830","830","830","106.70K","0.00%"
"06/26/2017","830","825","830","820","27.93K","0.12%"
"06/23/2017","829","820","829","820","24.25K","1.10%"
"06/22/2017","820","825","825","820","98.31K","-1.09%"
"06/21/2017","829","825","829","825","33.85K","0.48%"
"06/20/2017","825","825","825","825","86.51K","-0.84%"
"06/19/2017","832","795","850","795","71.48K","-0.36%"
"06/15/2017","835","840","840","825","2.84M","-0.60%"
"06/14/2017","840","840","841","840","73.70K","0.12%"
"06/13/2017","839","840","850","830","123.16K","-1.29%"
"06/12/2017","850","850","850","835","47.16K","1.19%"
"06/09/2017","840","835","841","830","103.43K","1.82%"
"06/08/2017","825","825","826","825","13.01K","0.49%"
"06/07/2017","821","820","821","815","456.62K","0.12%"
"06/06/2017","820","830","830","820","75.61K","-1.20%"
"06/05/2017","830","825","830","825","122.68K","0.61%"
"06/02/2017","825","821","829","820","51.78K","0.00%"
"06/01/2017","825","820","825","820","124.47K","0.61%"
"05/31/2017","820","800","825","800","116.51K","0.49%"
"05/30/2017","816","825","829","816","87.63K","-1.09%"
"05/29/2017","825","825","825","825","103.40K","0.00%"
"05/26/2017","825","840","840","825","31.39K","-1.79%"
"05/25/2017","840","845","845","835","68.02K","0.60%"
"05/24/2017","835","849","849","825","328.58K","1.21%"
"05/23/2017","825","825","831","825","26.70K","-1.79%"
"05/22/2017","840","825","850","825","255.93K","1.82%"
"05/19/2017","825","810","825","810","535.94K","1.85%"
"05/18/2017","810","820","820","810","5.84M","-0.61%"
"05/17/2017","815","820","820","801","3.42M","-0.61%"
"05/16/2017","820","791","820","790","398.82K","2.50%"
"05/15/2017","800","810","810","791","130.92K","-1.84%"
"05/12/2017","815","800","815","800","40.54K","1.88%"
"05/11/2017","800","800","801","800","107.29K","0.00%"
"05/10/2017","800","805","805","796","228.80K","-1.11%"
"05/09/2017","809","809","809","800","32.76K","0.50%"
"05/08/2017","805","800","805","800","69.62K","0.12%"
"05/05/2017","804","810","815","800","699.34K","-2.55%"
"05/04/2017","825","805","825","800","343.79K","2.48%"
"05/03/2017","805","810","815","805","187.92K","-1.23%"
"05/02/2017","815","810","815","810","272.16K","0.62%"
"04/28/2017","810","810","810","800","49.70K","1.25%"
"04/26/2017","800","775","801","775","75.07K","3.76%"
"04/25/2017","771","800","805","771","928.73K","-3.63%"
"04/24/2017","800","760","801","760","127.26K","1.27%"
"04/21/2017","790","786","790","780","104.84K","1.15%"
"04/20/2017","781","764","789","764","113.25K","-0.51%"
"04/19/2017","785","760","785","760","148.96K","2.35%"
"04/18/2017","767","761","780","760","116.60K","0.92%"
"04/13/2017","760","750","780","750","310.84K","-2.56%"
"04/12/2017","780","780","780","750","35.35K","1.30%"
"04/11/2017","770","770","780","756","50.09K","1.32%"
"04/10/2017","760","753","767","751","119.29K","1.33%"
"04/07/2017","750","750","752","750","52.55K","-0.27%"
"04/06/2017","752","752","752","751","56.30K","-0.53%"
"04/05/2017","756","760","765","750","175.89K","-0.53%"
"04/04/2017","760","752","784","752","89.19K","-3.06%"
"04/03/2017","784","780","790","760","42.45K","2.89%"
"03/31/2017","762","750","780","750","144.80K","-3.54%"
"03/30/2017","790","772","790","766","97.49K","2.33%"
"03/29/2017","772","775","775","752","26.57K","0.13%"
"03/28/2017","771","763","780","762","262.64K","1.18%"
"03/27/2017","762","769","769","753","124.49K","-0.26%"
"03/24/2017","764","755","764","755","205.07K","0.53%"
"03/23/2017","760","764","764","760","64.26K","-0.52%"
"03/22/2017","764","770","770","752","17.69K","-0.65%"
"03/20/2017","769","770","770","752","164.67K","2.12%"
"03/17/2017","753","770","770","753","86.76K","-2.21%"
"03/16/2017","770","759","770","758","102.37K","1.58%"
"03/15/2017","758","758","759","757","126.15K","0.00%"
"03/14/2017","758","760","760","752","509.02K","0.80%"
"03/13/2017","752","752","753","752","198.99K","-0.40%"
"03/10/2017","755","758","758","750","208.78K","0.40%"
"03/09/2017","752","750","755","750","143.63K","-0.53%"
"03/08/2017","756","755","756","752","441.10K","0.13%"
"03/07/2017","755","750","755","750","577.71K","0.00%"
"03/06/2017","755","750","756","750","50.78K","-0.13%"
"03/03/2017","756","759","759","750","223.51K","-0.40%"
"03/02/2017","759","751","765","750","1.30M","0.93%"
"03/01/2017","752","750","755","750","43.91K","0.13%"
"02/28/2017","751","765","765","750","59.73K","-1.83%"
"02/27/2017","765","765","765","751","2.23K","0.00%"
"02/24/2017","765","765","765","750","56.51K","2.00%"
"02/23/2017","750","745","764","745","190.94K","0.00%"
"02/22/2017","750","750","755","749","488.33K","-0.66%"
"02/21/2017","755","765","765","750","41.47K","-1.31%"
"02/20/2017","765","766","766","750","8.45K","-1.92%"
"02/17/2017","780","768","780","765","141.84K","1.69%"
"02/16/2017","767","768","768","760","70.61K","-0.13%"
"02/15/2017","768","770","775","751","102.26K","0.39%"
"02/14/2017","765","765","771","761","196.87K","0.00%"
"02/13/2017","765","759","765","759","92.57K","0.79%"
"02/10/2017","759","750","759","750","108.80K","0.00%"
"02/09/2017","759","750","759","750","168.45K","1.20%"
"02/08/2017","750","760","760","750","28.62K","-1.83%"
"02/07/2017","764","765","765","745","28.71K","0.66%"
"02/06/2017","759","770","770","750","30.34K","-0.65%"
"02/03/2017","764","755","765","747","245.83K","1.33%"
"02/02/2017","754","755","755","748","70.25K","0.53%"
"02/01/2017","750","752","755","748","95.23K","0.27%"
"01/31/2017","748","748","750","748","132.74K","-1.45%"
"01/30/2017","759","755","759","748","8.48K","1.34%"
"01/27/2017","749","750","752","748","370.36K","-0.66%"
"01/26/2017","754","749","754","748","184.48K","0.67%"
"01/25/2017","749","757","758","749","22.18K","-1.32%"
"01/24/2017","759","755","759","746","70.21K","-0.13%"
"01/23/2017","760","741","760","741","63.91K","2.56%"
"01/20/2017","741","745","763","739","173.67K","-3.01%"
"01/19/2017","764","745","765","745","32.84K","2.55%"
"01/18/2017","745","746","760","744","66.59K","0.00%"
"01/17/2017","745","745","760","745","118.95K","-0.53%"
"01/16/2017","749","745","759","745","3.19K","0.13%"
"01/13/2017","748","750","767","745","248.47K","-0.27%"
"01/12/2017","750","750","750","740","97.37K","0.00%"
"01/11/2017","750","745","750","740","223.14K","0.67%"
"01/10/2017","745","750","758","745","54.07K","-0.67%"
"01/09/2017","750","745","750","745","57.45K","0.00%"
"01/06/2017","750","748","768","748","15.48K","0.67%"
"01/05/2017","745","740","746","740","51.96K","-3.12%"
"01/04/2017","769","740","769","740","25.21K","3.92%"
"01/03/2017","740","770","770","739","107.96K","0.14%"
"12/30/2016","739","739","740","739","0.45K","-4.15%"
"12/29/2016","771","777","788","740","50.56K","4.19%"
"12/28/2016","740","737","750","730","31.81K","0.41%"
"12/23/2016","737","753","754","731","51.06K","-2.25%"
"12/22/2016","754","790","790","730","109.71K","-2.58%"
"12/21/2016","774","784","785","772","30.98K","-1.28%"
"12/20/2016","784","781","804","768","330.07K","-2.61%"
"12/19/2016","805","844","844","771","214.80K","-5.29%"
"12/15/2016","850","750","850","738","823.57K","13.79%"
"12/14/2016","747","735","747","730","125.58K","2.05%"
"12/13/2016","732","734","735","730","62.24K","-0.27%"
"12/12/2016","734","735","735","720","252.77K","0.00%"
"12/09/2016","734","735","735","732","17.53K","-0.14%"
"12/08/2016","735","740","740","730","110.72K","0.00%"
"12/07/2016","735","728","735","724","274.65K","1.24%"
"12/06/2016","726","724","728","720","275.04K","0.28%"
"12/05/2016","724","713","724","709","122.99K","1.97%"
"12/02/2016","710","710","713","710","154.95K","-0.28%"
"12/01/2016","712","712","713","705","293.10K","0.00%"
"11/30/2016","712","706","713","706","226.21K","0.99%"
"11/29/2016","705","700","709","700","154.72K","-0.70%"
"11/28/2016","710","705","710","700","182.99K","1.00%"
"11/25/2016","703","701","720","700","144.20K","0.29%"
"11/24/2016","701","701","701","700","422.97K","0.14%"
"11/23/2016","700","699","701","689","475.94K","0.72%"
"11/22/2016","695","697","697","690","38.05K","0.00%"
"11/21/2016","695","697","697","689","11.08K","-0.14%"
"11/18/2016","696","697","697","690","47.35K","0.00%"
"11/17/2016","696","690","698","689","78.48K","0.87%"
"11/16/2016","690","700","700","685","221.63K","-1.85%"
"11/15/2016","703","704","704","700","467.97K","-0.14%"
"11/14/2016","704","714","714","700","114.88K","0.00%"
"11/11/2016","704","705","705","700","186.85K","-0.14%"
"11/10/2016","705","705","715","705","291.35K","0.71%"
"11/09/2016","700","695","705","690","1.24M","0.00%"
"11/08/2016","700","700","704","690","187.49K","0.00%"
"11/07/2016","700","700","705","675","143.85K","-0.28%"
"11/04/2016","702","702","702","676","458.29K","-0.14%"
"11/03/2016","703","700","703","695","89.93K","0.43%"
"11/02/2016","700","700","700","699","536.84K","-0.57%"
"11/01/2016","704","700","704","699","629.00K","0.57%"
"10/31/2016","700","700","705","686","141.78K","0.00%"
"10/28/2016","700","700","704","700","278.21K","0.00%"
"10/27/2016","700","700","702","676","802.83K","0.00%"
"10/26/2016","700","685","700","675","756.46K","2.64%"
"10/25/2016","682","678","682","678","267.19K","0.59%"
"10/24/2016","678","680","683","675","122.57K","-0.29%"
"10/21/2016","680","678","680","675","165.78K","0.29%"
"10/20/2016","678","675","678","674","348.36K","0.00%"
"10/19/2016","678","674","680","673","110.12K","0.74%"
"10/18/2016","673","675","675","665","220.81K","-0.30%"
"10/17/2016","675","665","675","640","86.68K","5.30%"
"10/14/2016","641","655","668","641","124.97K","-4.19%"
"10/13/2016","669","679","679","650","78.44K","1.36%"
"10/12/2016","660","660","671","651","92.78K","0.00%"
"10/11/2016","660","679","679","660","116.19K","-2.80%"
"10/10/2016","679","680","680","672","180.45K","-0.29%"
"10/07/2016","681","688","688","650","184.13K","-1.02%"
"10/06/2016","688","694","694","682","100.60K","-1.71%"
"10/05/2016","700","700","700","685","23.07K","0.14%"
"10/04/2016","699","688","699","682","95.55K","2.04%"
"10/03/2016","685","685","694","685","11.91K","-1.15%"
"09/30/2016","693","695","695","683","107.17K","-0.29%"
"09/29/2016","695","704","704","689","82.59K","0.00%"
"09/28/2016","695","692","705","692","44.81K","-1.00%"
"09/27/2016","702","702","702","682","61.64K","0.29%"
"09/26/2016","700","738","738","698","7.81K","-0.43%"
"09/23/2016","703","705","705","700","50.13K","0.43%"
"09/22/2016","700","682","705","682","193.03K","0.72%"
"09/21/2016","695","700","700","682","4.94K","0.14%"
"09/20/2016","694","698","698","683","36.96K","0.58%"
"09/19/2016","690","688","695","688","82.79K","-1.00%"
"09/16/2016","697","682","698","682","70.95K","1.01%"
"09/15/2016","690","690","693","687","58.22K","-0.14%"
"09/14/2016","691","680","692","680","73.61K","-1.14%"
"09/13/2016","699","699","699","670","18.71K","0.00%"
"09/12/2016","699","702","702","692","80.50K","0.43%"
"09/09/2016","696","680","700","680","7.29K","-1.28%"
"09/08/2016","705","705","705","681","70.92K","0.00%"
"09/07/2016","705","705","705","700","124.45K","0.28%"
"09/06/2016","703","701","703","701","154.52K","-0.14%"
"09/05/2016","704","700","705","700","308.32K","0.57%"
"09/02/2016","700","702","703","700","278.23K","-0.71%"
"09/01/2016","705","700","705","700","166.74K","0.43%"
"08/31/2016","702","708","708","691","90.13K","0.00%"
"08/30/2016","702","705","705","699","173.95K","0.43%"
"08/29/2016","699","695","704","690","134.49K","-0.71%"
"08/26/2016","704","700","705","699","203.35K","0.57%"
"08/25/2016","700","705","705","690","33.50K","0.00%"
"08/24/2016","700","700","705","700","167.28K","-0.71%"
"08/23/2016","705","702","705","700","135.30K","0.71%"
"08/22/2016","700","700","702","700","73.39K","0.00%"
"08/19/2016","700","675","702","675","76.18K","0.00%"
"08/18/2016","700","693","704","693","215.01K","0.14%"
"08/17/2016","699","705","705","671","69.10K","1.01%"
"08/16/2016","692","685","709","685","55.00K","-2.40%"
"08/15/2016","709","703","709","698","125.22K","1.29%"
"08/12/2016","700","709","709","690","90.70K","0.00%"
"08/11/2016","700","700","701","680","144.96K","-0.14%"
"08/10/2016","701","710","710","695","513.14K","0.14%"
"08/08/2016","700","710","710","700","16.00K","-0.71%"
"08/05/2016","705","700","715","700","907.40K","0.71%"
"08/04/2016","700","700","702","690","257.52K","-0.71%"
"08/02/2016","705","705","711","700","458.05K","0.71%"
"08/01/2016","700","695","720","695","220.67K","0.72%"
"07/29/2016","695","695","700","690","38.76K","0.72%"
"07/28/2016","690","700","700","690","115.53K","-0.29%"
"07/27/2016","692","690","700","688","60.00K","0.58%"
"07/26/2016","688","695","697","687","110.86K","-0.29%"
"07/25/2016","690","690","700","690","113.95K","0.00%"
"07/22/2016","690","689","700","680","134.17K","1.47%"
"07/21/2016","680","689","689","677","188.80K","0.59%"
"07/20/2016","676","690","690","676","58.97K","0.15%"
"07/19/2016","675","675","690","675","48.69K","-2.17%"
"07/18/2016","690","690","690","675","92.81K","0.00%"
"07/15/2016","690","685","690","675","30.42K","0.73%"
"07/14/2016","685","675","685","675","53.53K","2.24%"
"07/13/2016","670","675","677","670","62.40K","0.00%"
"07/12/2016","670","681","695","670","1.68M","-1.62%"
"07/11/2016","681","700","700","680","106.89K","-2.71%"
"07/08/2016","700","675","700","675","308.77K","4.48%"
"07/07/2016","670","660","689","660","22.62K","1.52%"
"07/06/2016","660","690","690","660","58.04K","-2.08%"
"07/05/2016","674","675","685","674","223.03K","-2.03%"
"07/04/2016","688","680","700","680","25.76K","-0.29%"
"07/01/2016","690","691","702","690","226.99K","-1.71%"
"06/30/2016","702","700","704","693","171.14K","0.29%"
"06/29/2016","700","700","700","677","105.28K","0.29%"
"06/28/2016","698","690","700","683","41.45K","1.16%"
"06/27/2016","690","700","700","682","165.69K","-1.43%"
"06/24/2016","700","700","700","682","210.38K","-1.96%"
"06/23/2016","714","711","719","709","117.94K","-0.42%"
"06/22/2016","717","710","717","701","17.87K","1.99%"
"06/21/2016","703","719","719","700","50.27K","-2.23%"
"06/20/2016","719","700","728","700","7.92K","-1.24%"
"06/17/2016","728","700","735","700","30.35K","4.00%"
"06/15/2016","700","721","729","700","149.18K","-3.45%"
"06/14/2016","725","730","735","705","216.62K","-0.82%"
"06/13/2016","731","730","734","726","131.63K","0.41%"
"06/10/2016","728","730","730","725","234.86K","-0.27%"
"06/09/2016","730","729","732","725","421.53K","0.00%"
"06/08/2016","730","715","730","715","102.07K","1.39%"
"06/07/2016","720","715","724","711","130.86K","0.56%"
"06/06/2016","716","715","722","715","114.68K","0.14%"
"06/03/2016","715","718","720","710","61.15K","0.14%"
"06/02/2016","714","710","720","710","100.97K","0.56%"
"06/01/2016","710","710","715","710","1.20M","0.00%"
"05/31/2016","710","720","735","705","334.24K","-1.39%"
"05/30/2016","720","705","720","705","221.40K","2.13%"
"05/27/2016","705","725","725","702","34.08K","-4.08%"
"05/26/2016","735","728","735","720","165.63K","1.94%"
"05/25/2016","721","700","737","700","269.33K","2.85%"
"05/24/2016","701","720","720","701","313.48K","-1.96%"
"05/23/2016","715","695","720","695","130.12K","2.14%"
"05/20/2016","700","701","706","700","148.98K","-0.14%"
"05/19/2016","701","700","710","700","257.80K","0.14%"
"05/18/2016","700","695","709","695","182.79K","0.72%"
"05/17/2016","695","700","700","695","200.93K","-0.71%"
"05/16/2016","700","695","704","695","51.05K","0.00%"
"05/13/2016","700","695","710","695","173.39K","0.72%"
"05/12/2016","695","695","715","695","44.70K","-1.42%"
"05/11/2016","705","715","715","692","115.93K","0.71%"
"05/10/2016","700","715","715","700","118.13K","0.00%"
"05/09/2016","700","710","711","700","65.15K","0.00%"
"05/06/2016","700","701","713","700","35.34K","0.00%"
"05/05/2016","700","710","719","700","92.04K","-1.41%"
"05/04/2016","710","720","720","690","193.21K","1.43%"
"05/03/2016","700","749","749","700","69.15K","-6.42%"
"04/29/2016","748","721","748","721","182.29K","3.74%"
"04/28/2016","721","725","739","720","359.20K","0.14%"
"04/26/2016","720","720","725","715","173.46K","0.00%"
"04/25/2016","720","715","720","706","190.87K","0.70%"
"04/22/2016","715","712","715","710","89.82K","0.56%"
"04/21/2016","711","725","725","700","344.65K","0.85%"
"04/20/2016","705","729","729","700","162.65K","-2.22%"
"04/19/2016","721","711","730","710","522.00K","0.14%"
"04/18/2016","720","720","725","710","48.78K","0.70%"
"04/15/2016","715","710","715","705","161.98K","0.70%"
"04/14/2016","710","701","720","700","1.16M","1.43%"
"04/13/2016","700","710","715","700","269.48K","-1.55%"
"04/12/2016","711","700","725","700","226.75K","1.57%"
"04/11/2016","700","701","705","700","105.63K","0.00%"
"04/08/2016","700","701","720","700","303.89K","0.00%"
"04/07/2016","700","701","725","695","48.38K","0.00%"
"04/06/2016","700","710","721","700","45.36K","-0.99%"
"04/05/2016","707","705","738","700","34.28K","1.00%"
"04/04/2016","700","700","721","695","136.45K","0.00%"
"04/01/2016","700","683","720","683","569.34K","1.45%"
"03/31/2016","690","699","699","682","21.42K","1.32%"
"03/30/2016","681","680","690","680","204.20K","0.15%"
"03/29/2016","680","671","685","670","68.14K","1.49%"
"03/24/2016","670","670","675","665","30.47K","0.00%"
"03/23/2016","670","675","685","668","142.61K","-0.74%"
"03/22/2016","675","685","689","674","190.11K","-3.57%"
"03/18/2016","700","685","700","685","71.12K","1.74%"
"03/17/2016","688","685","688","680","307.52K","1.18%"
"03/16/2016","680","690","690","670","56.90K","0.00%"
"03/15/2016","680","693","693","675","70.00K","0.00%"
"03/14/2016","680","680","681","680","99.59K","0.00%"
"03/11/2016","680","690","690","680","18.18K","-2.02%"
"03/10/2016","694","685","695","685","117.24K","1.76%"
"03/09/2016","682","685","686","682","73.04K","-0.44%"
"03/08/2016","685","700","700","685","60.09K","-2.14%"
"03/07/2016","700","690","700","681","165.53K","0.72%"
"03/04/2016","695","695","700","680","125.21K","-0.71%"
"03/03/2016","700","693","701","690","104.93K","0.00%"
"03/02/2016","700","700","700","690","226.21K","1.60%"
"03/01/2016","689","688","695","683","1.01M","0.15%"
"02/29/2016","688","688","695","688","63.25K","0.00%"
"02/26/2016","688","689","700","680","254.44K","0.29%"
"02/25/2016","686","670","700","670","143.77K","2.24%"
"02/24/2016","671","669","689","661","59.53K","0.15%"
"02/23/2016","670","669","670","660","21.88K","0.15%"
"02/22/2016","669","650","670","650","91.19K","-0.15%"
"02/19/2016","670","656","670","650","70.31K","2.13%"
"02/18/2016","656","655","656","640","410.18K","0.92%"
"02/17/2016","650","655","655","650","77.81K","0.00%"
"02/16/2016","650","665","665","630","159.89K","-3.99%"
"02/15/2016","677","659","684","653","99.28K","4.15%"
"02/12/2016","650","690","690","631","194.38K","-3.13%"
"02/11/2016","671","675","699","652","117.52K","-0.59%"
"02/10/2016","675","675","676","675","72.84K","0.00%"
"02/09/2016","675","680","690","660","89.53K","-2.17%"
"02/08/2016","690","700","700","684","232.51K","-1.43%"
"02/05/2016","700","700","700","685","48.14K","0.00%"
"02/04/2016","700","685","700","685","396.19K","2.79%"
"02/03/2016","681","700","700","681","71.69K","-2.71%"
"02/02/2016","700","710","710","695","92.21K","-1.41%"
"02/01/2016","710","695","710","695","107.04K","-2.87%"
"01/29/2016","731","687","749","685","263.93K","6.56%"
"01/28/2016","686","680","699","680","70.80K","-1.86%"
"01/27/2016","699","695","699","695","29.91K","0.58%"
"01/26/2016","695","680","695","680","39.80K","-0.71%"
"01/25/2016","700","675","700","670","125.73K","4.48%"
"01/22/2016","670","690","695","670","758.63K","-3.60%"
"01/21/2016","695","690","699","690","63.98K","-0.71%"
"01/20/2016","700","714","714","686","338.40K","-1.41%"
"01/19/2016","710","715","715","708","208.70K","-0.70%"
"01/18/2016","715","720","725","710","507.40K","-0.69%"
"01/15/2016","720","740","740","720","69.00K","-2.04%"
"01/14/2016","735","730","735","710","162.24K","0.00%"
"01/13/2016","735","735","736","711","1.37M","0.00%"
"01/12/2016","735","735","749","735","96.22K","0.00%"
"01/11/2016","735","735","736","707","48.88K","-1.34%"
"01/08/2016","745","750","770","745","3.12M","-0.67%"
"01/07/2016","750","736","775","736","100.44K","-3.85%"
"01/06/2016","780","780","780","755","29.05K","0.00%"
"01/05/2016","780","770","780","730","69.23K","0.00%"
"01/04/2016","780","780","780","770","97.88K","0.00%"