"Date","Price","Open","High","Low","Vol.","Change %"
"03/27/2026","4,780","4,825","4,843","4,771","455.78K","-0.93%"
"03/26/2026","4,825","4,700","4,825","4,700","476.70K","0.27%"
"03/25/2026","4,812","4,728","4,812","4,671","936.87K","3.13%"
"03/24/2026","4,666","4,600","4,768","4,586","204.68K","-1.25%"
"03/23/2026","4,725","4,719","4,856","4,624","303.37K","0.13%"
"03/20/2026","4,719","4,882","4,882","4,654","764.75K","-0.40%"
"03/19/2026","4,738","4,859","4,859","4,684","289.57K","-1.39%"
"03/18/2026","4,805","4,738","4,866","4,687","239.87K","2.93%"
"03/17/2026","4,668","4,720","4,738","4,650","357.23K","-1.10%"
"03/16/2026","4,720","4,650","4,755","4,650","155.59K","0.88%"
"03/13/2026","4,679","4,850","4,850","4,679","249.13K","-1.31%"
"03/12/2026","4,741","4,920","4,920","4,741","308.14K","-2.27%"
"03/11/2026","4,851","4,900","4,935","4,824","326.43K","-1.40%"
"03/10/2026","4,920","5,094","5,094","4,920","239.90K","-1.26%"
"03/09/2026","4,983","5,007","5,258","4,964","367.16K","-2.12%"
"03/06/2026","5,091","5,435","5,435","5,009","707.77K","-6.59%"
"03/05/2026","5,450","5,441","5,514","5,440","288.06K","-1.16%"
"03/04/2026","5,514","5,560","5,560","5,441","864.97K","-0.83%"
"03/03/2026","5,560","5,690","5,690","5,408","1.04M","-1.96%"
"03/02/2026","5,671","5,728","5,736","5,637","212.24K","-0.60%"
"02/27/2026","5,705","5,645","5,752","5,635","123.37K","0.88%"
"02/26/2026","5,655","5,554","5,714","5,554","321.94K","0.57%"
"02/25/2026","5,623","5,424","5,625","5,424","456.75K","1.53%"
"02/24/2026","5,538","5,520","5,592","5,465","450.45K","0.69%"
"02/23/2026","5,500","5,482","5,538","5,482","541.03K","0.18%"
"02/20/2026","5,490","5,365","5,508","5,365","884.94K","1.18%"
"02/19/2026","5,426","5,319","5,513","5,319","264.36K","0.02%"
"02/18/2026","5,425","5,220","5,545","5,220","778.38K","1.99%"
"02/17/2026","5,319","5,191","5,350","5,179","388.85K","1.82%"
"02/16/2026","5,224","5,225","5,273","5,200","1.87M","0.10%"
"02/13/2026","5,219","5,216","5,240","5,141","362.78K","-0.65%"
"02/12/2026","5,253","5,171","5,309","5,168","1.57M","0.46%"
"02/11/2026","5,229","5,086","5,292","5,086","824.79K","-0.72%"
"02/10/2026","5,267","5,086","5,330","5,086","1.12M","0.42%"
"02/09/2026","5,245","5,185","5,245","5,147","597.80K","1.63%"
"02/06/2026","5,161","5,189","5,189","5,100","572.60K","0.02%"
"02/05/2026","5,160","5,175","5,356","5,129","1.27M","-0.06%"
"02/04/2026","5,163","5,269","5,350","5,144","1.35M","-1.28%"
"02/03/2026","5,230","5,141","5,258","5,102","920.14K","2.15%"
"02/02/2026","5,120","5,074","5,171","5,039","1.97M","-1.04%"
"01/30/2026","5,174","5,205","5,286","5,146","1.20M","-0.88%"
"01/29/2026","5,220","4,953","5,355","4,953","543.73K","3.45%"
"01/28/2026","5,046","5,000","5,094","4,924","376.73K","1.53%"
"01/27/2026","4,970","4,801","5,036","4,800","678.14K","0.91%"
"01/26/2026","4,925","4,910","4,969","4,801","380.24K","0.43%"
"01/23/2026","4,904","4,912","4,963","4,879","528.88K","-0.22%"
"01/22/2026","4,915","4,827","4,982","4,813","492.06K","2.08%"
"01/21/2026","4,815","4,625","4,867","4,612","318.79K","4.38%"
"01/20/2026","4,613","4,607","4,645","4,560","231.94K","0.13%"
"01/19/2026","4,607","4,624","4,651","4,548","222.14K","-0.67%"
"01/16/2026","4,638","4,693","4,828","4,569","329.48K","-2.71%"
"01/15/2026","4,767","4,696","4,836","4,696","401.81K","1.27%"
"01/14/2026","4,707","4,751","4,826","4,700","468.95K","-0.49%"
"01/13/2026","4,730","4,704","4,755","4,673","356.99K","0.30%"
"01/12/2026","4,716","4,744","4,785","4,660","211.47K","0.26%"
"01/09/2026","4,704","4,620","4,727","4,620","240.75K","1.86%"
"01/08/2026","4,618","4,562","4,675","4,550","295.46K","0.83%"
"01/07/2026","4,580","4,600","4,617","4,519","578.70K","-0.24%"
"01/06/2026","4,591","4,512","4,641","4,501","225.18K","1.37%"
"01/05/2026","4,529","4,561","4,582","4,490","272.22K","0.15%"
"01/02/2026","4,522","4,468","4,569","4,414","347.22K","1.48%"
"12/31/2025","4,456","4,440","4,489","4,429","97.94K","0.36%"
"12/30/2025","4,440","4,413","4,465","4,400","214.56K","0.86%"
"12/29/2025","4,402","4,460","4,493","4,298","416.81K","-1.30%"
"12/24/2025","4,460","4,431","4,472","4,401","65.48K","0.79%"
"12/23/2025","4,425","4,365","4,430","4,361","210.79K","1.40%"
"12/22/2025","4,364","4,319","4,382","4,289","223.19K","1.94%"
"12/19/2025","4,281","4,200","4,320","4,200","648.63K","0.14%"
"12/18/2025","4,275","4,274","4,340","4,241","207.55K","0.02%"
"12/17/2025","4,274","4,236","4,292","4,225","253.39K","0.90%"
"12/15/2025","4,236","4,195","4,262","4,156","111.72K","0.28%"
"12/12/2025","4,224","4,164","4,251","4,161","225.51K","1.32%"
"12/11/2025","4,169","4,193","4,263","4,161","215.49K","0.00%"
"12/10/2025","4,169","4,151","4,190","4,137","478.53K","0.70%"
"12/09/2025","4,140","4,148","4,168","4,088","455.57K","-0.24%"
"12/08/2025","4,150","4,192","4,192","4,115","465.99K","-0.36%"
"12/05/2025","4,165","4,148","4,193","4,125","399.17K","1.22%"
"12/04/2025","4,115","4,101","4,136","4,092","212.05K","0.37%"
"12/03/2025","4,100","4,075","4,190","4,075","501.26K","2.50%"
"12/02/2025","4,000","3,950","4,029","3,922","467.38K","1.50%"
"12/01/2025","3,941","4,014","4,032","3,917","563.96K","-2.21%"
"11/28/2025","4,030","4,024","4,076","4,001","1.39M","1.15%"
"11/27/2025","3,984","3,987","4,114","3,977","768.91K","0.81%"
"11/26/2025","3,952","3,931","4,006","3,908","295.71K","-1.96%"
"11/25/2025","4,031","4,010","4,050","3,980","393.73K","0.67%"
"11/24/2025","4,004","4,049","4,049","3,996","812.62K","-0.20%"
"11/21/2025","4,012","4,012","4,036","3,955","792.79K","-0.72%"
"11/20/2025","4,041","4,053","4,200","4,012","1.23M","1.03%"
"11/19/2025","4,000","3,890","4,043","3,866","1.02M","2.56%"
"11/18/2025","3,900","3,970","4,006","3,841","1.53M","-1.89%"
"11/17/2025","3,975","3,958","4,001","3,938","1.24M","0.15%"
"11/14/2025","3,969","4,109","4,109","3,926","861.09K","-1.44%"
"11/13/2025","4,027","4,167","4,177","3,929","2.05M","-3.80%"
"11/12/2025","4,186","4,157","4,208","4,095","846.30K","1.01%"
"11/11/2025","4,144","4,050","4,151","4,035","1.05M","1.94%"
"11/10/2025","4,065","4,021","4,123","4,005","1.78M","1.63%"
"11/07/2025","4,000","4,017","4,064","3,959","2.00M","-0.87%"
"11/06/2025","4,035","4,158","4,164","3,980","504.67K","-3.05%"
"11/05/2025","4,162","4,162","4,233","4,114","2.20M","-0.07%"
"11/04/2025","4,165","4,166","4,195","4,100","378.09K","-0.43%"
"11/03/2025","4,183","4,177","4,200","4,109","123.78K","0.87%"
"10/31/2025","4,147","4,113","4,220","4,080","425.20K","0.29%"
"10/30/2025","4,135","4,201","4,377","4,135","151.79K","-1.64%"
"10/29/2025","4,204","4,202","4,269","4,167","248.42K","-0.61%"
"10/28/2025","4,230","4,294","4,350","4,177","381.45K","-0.54%"
"10/27/2025","4,253","4,165","4,296","4,158","545.39K","2.16%"
"10/24/2025","4,163","4,398","4,400","4,150","346.65K","-5.00%"
"10/23/2025","4,382","4,230","4,432","4,061","774.79K","0.78%"
"10/22/2025","4,348","4,320","4,428","4,215","389.01K","2.31%"
"10/21/2025","4,250","4,253","4,423","4,190","666.76K","-0.47%"
"10/20/2025","4,270","4,341","4,341","4,250","102.59K","-0.58%"
"10/17/2025","4,295","4,335","4,341","4,274","85.37K","-1.56%"
"10/16/2025","4,363","4,383","4,430","4,327","552.24K","0.51%"
"10/15/2025","4,341","4,450","4,488","4,341","2.76M","-1.25%"
"10/14/2025","4,396","4,450","4,450","4,346","451.71K","-0.59%"
"10/13/2025","4,422","4,489","4,508","4,410","319.88K","-2.17%"
"10/10/2025","4,520","4,450","4,547","4,306","672.18K","4.63%"
"10/09/2025","4,320","4,392","4,446","4,315","389.96K","-2.02%"
"10/08/2025","4,409","4,200","4,450","4,199","304.44K","4.73%"
"10/07/2025","4,210","4,103","4,210","4,100","733.65K","1.94%"
"10/06/2025","4,130","4,207","4,215","4,101","250.65K","-2.02%"
"10/03/2025","4,215","4,126","4,230","4,122","561.11K","2.13%"
"10/02/2025","4,127","4,149","4,251","4,117","209.75K","-1.39%"
"10/01/2025","4,185","4,350","4,350","4,141","442.38K","-1.76%"
"09/30/2025","4,260","4,301","4,331","4,180","617.31K","-2.07%"
"09/29/2025","4,350","4,356","4,364","4,313","337.81K","0.07%"
"09/26/2025","4,347","4,416","4,426","4,284","722.67K","-1.02%"
"09/25/2025","4,392","4,347","4,408","4,279","975.26K","1.78%"
"09/23/2025","4,315","4,311","4,336","4,227","626.86K","0.35%"
"09/22/2025","4,300","4,260","4,308","4,230","460.66K","1.15%"
"09/19/2025","4,251","4,309","4,309","4,141","518.84K","-0.14%"
"09/18/2025","4,257","4,145","4,320","4,145","291.70K","1.45%"
"09/17/2025","4,196","4,031","4,202","4,031","393.90K","1.60%"
"09/16/2025","4,130","4,100","4,166","4,036","560.11K","-0.48%"
"09/15/2025","4,150","4,027","4,162","4,027","674.05K","1.19%"
"09/12/2025","4,101","4,050","4,110","3,922","875.06K","2.24%"
"09/11/2025","4,011","4,108","4,151","4,010","758.48K","-3.00%"
"09/10/2025","4,135","4,147","4,314","4,101","77.02K","-0.82%"
"09/09/2025","4,169","4,300","4,300","4,143","122.64K","-1.07%"
"09/08/2025","4,214","4,218","4,301","4,202","259.17K","-0.12%"
"09/05/2025","4,219","4,228","4,273","4,201","144.54K","-0.42%"
"09/04/2025","4,237","4,301","4,454","4,206","182.41K","-1.49%"
"09/03/2025","4,301","4,401","4,401","4,249","180.96K","-0.67%"
"09/02/2025","4,330","4,499","4,499","4,301","304.36K","-0.30%"
"09/01/2025","4,343","4,396","4,414","4,330","164.90K","-1.14%"
"08/29/2025","4,393","4,371","4,451","4,371","179.65K","0.50%"
"08/28/2025","4,371","4,350","4,433","4,350","145.68K","0.60%"
"08/27/2025","4,345","4,420","4,436","4,345","142.62K","-1.72%"
"08/26/2025","4,421","4,515","4,532","4,421","223.50K","-2.49%"
"08/25/2025","4,534","4,547","4,561","4,492","57.54K","-0.50%"
"08/22/2025","4,557","4,555","4,560","4,475","75.54K","0.62%"
"08/21/2025","4,529","4,569","4,584","4,529","109.32K","-0.44%"
"08/20/2025","4,549","4,600","4,619","4,537","161.43K","-1.56%"
"08/19/2025","4,621","4,538","4,665","4,534","313.42K","0.90%"
"08/18/2025","4,580","4,585","4,634","4,532","328.45K","-0.43%"
"08/15/2025","4,600","4,594","4,633","4,563","292.35K","-0.22%"
"08/14/2025","4,610","4,517","4,640","4,426","425.15K","2.44%"
"08/13/2025","4,500","4,453","4,522","4,444","188.98K","1.08%"
"08/12/2025","4,452","4,359","4,491","4,359","76.09K","0.72%"
"08/11/2025","4,420","4,522","4,582","4,386","636.63K","-2.39%"
"08/08/2025","4,528","4,549","4,549","4,468","412.63K","-0.04%"
"08/07/2025","4,530","4,502","4,560","4,473","797.85K","0.62%"
"08/06/2025","4,502","4,469","4,515","4,459","113.78K","0.60%"
"08/05/2025","4,475","4,400","4,558","4,400","381.53K","-0.02%"
"08/04/2025","4,476","4,445","4,495","4,419","220.68K","1.11%"
"08/01/2025","4,427","4,521","4,605","4,358","1.36M","-1.86%"
"07/31/2025","4,511","4,511","4,555","4,510","405.89K","-0.42%"
"07/30/2025","4,530","4,500","4,594","4,461","381.54K","0.67%"
"07/29/2025","4,500","4,542","4,574","4,478","212.58K","-0.44%"
"07/28/2025","4,520","4,682","4,682","4,515","285.10K","-2.82%"
"07/25/2025","4,651","4,760","4,760","4,651","166.65K","-2.35%"
"07/24/2025","4,763","4,774","4,788","4,720","85.36K","0.61%"
"07/23/2025","4,734","4,892","4,892","4,697","284.73K","-2.89%"
"07/22/2025","4,875","4,861","4,887","4,830","288.28K","0.52%"
"07/21/2025","4,850","4,829","4,878","4,814","284.71K","0.41%"
"07/18/2025","4,830","4,781","4,854","4,745","190.81K","1.68%"
"07/17/2025","4,750","4,748","4,775","4,718","182.48K","0.19%"
"07/16/2025","4,741","4,804","4,810","4,724","1.44M","-0.71%"
"07/15/2025","4,775","4,666","4,806","4,653","1.91M","2.47%"
"07/14/2025","4,660","4,665","4,675","4,618","431.10K","0.06%"
"07/11/2025","4,657","4,682","4,682","4,625","619.99K","0.09%"
"07/10/2025","4,653","4,599","4,671","4,564","178.84K","1.15%"
"07/09/2025","4,600","4,567","4,635","4,543","2.10M","1.41%"
"07/08/2025","4,536","4,563","4,563","4,507","188.86K","0.24%"
"07/07/2025","4,525","4,526","4,567","4,500","216.45K","-0.09%"
"07/04/2025","4,529","4,524","4,597","4,489","142.87K","0.15%"
"07/03/2025","4,522","4,502","4,543","4,490","238.04K","0.82%"
"07/02/2025","4,485","4,473","4,491","4,380","353.14K","0.00%"
"07/01/2025","4,485","4,430","4,502","4,430","231.98K","0.79%"
"06/30/2025","4,450","4,463","4,494","4,435","253.09K","-0.34%"
"06/27/2025","4,465","4,468","4,500","4,410","208.21K","-0.31%"
"06/26/2025","4,479","4,500","4,724","4,419","585.42K","-1.04%"
"06/25/2025","4,526","4,561","4,605","4,484","588.30K","-1.01%"
"06/24/2025","4,572","4,552","4,644","4,525","259.74K","1.22%"
"06/23/2025","4,517","4,555","4,601","4,485","527.34K","-0.83%"
"06/20/2025","4,555","4,520","4,657","4,520","318.15K","-1.92%"
"06/19/2025","4,644","4,520","4,685","4,520","545.32K","0.00%"
"06/18/2025","4,644","4,585","4,644","4,540","304.42K","-0.66%"
"06/17/2025","4,675","4,654","4,716","4,616","356.44K","0.97%"
"06/13/2025","4,630","4,760","4,781","4,608","380.02K","-3.42%"
"06/12/2025","4,794","4,850","4,850","4,716","456.03K","0.33%"
"06/11/2025","4,778","4,968","4,968","4,778","449.07K","-3.57%"
"06/10/2025","4,955","4,974","5,050","4,951","573.61K","0.20%"
"06/09/2025","4,945","4,758","4,948","4,758","372.98K","3.89%"
"06/06/2025","4,760","4,780","4,792","4,701","690.17K","2.15%"
"06/05/2025","4,660","4,731","4,764","4,593","384.82K","-1.83%"
"06/04/2025","4,747","4,880","4,936","4,747","247.97K","-1.29%"
"06/03/2025","4,809","4,599","4,879","4,538","760.38K","6.39%"
"06/02/2025","4,520","4,355","4,597","4,355","2.30M","10.51%"
"05/30/2025","4,090","4,061","4,115","4,030","1.70M","0.76%"
"05/29/2025","4,059","4,150","4,150","4,059","303.21K","-2.19%"
"05/28/2025","4,150","4,255","4,275","4,116","213.53K","-1.73%"
"05/27/2025","4,223","4,272","4,275","4,192","131.17K","-0.73%"
"05/26/2025","4,254","4,221","4,304","4,207","80.26K","1.50%"
"05/23/2025","4,191","4,189","4,260","4,165","151.09K","-0.21%"
"05/22/2025","4,200","4,080","4,209","4,062","264.62K","2.34%"
"05/21/2025","4,104","4,100","4,141","4,084","178.94K","0.20%"
"05/20/2025","4,096","4,166","4,187","4,074","162.78K","-1.32%"
"05/19/2025","4,151","4,245","4,245","4,090","327.27K","-1.24%"
"05/16/2025","4,203","4,244","4,276","4,181","304.12K","-0.43%"
"05/15/2025","4,221","4,239","4,300","4,161","535.12K","-0.68%"
"05/14/2025","4,250","4,230","4,310","4,204","597.84K","0.47%"
"05/13/2025","4,230","4,261","4,315","4,180","766.52K","0.71%"
"05/12/2025","4,200","4,202","4,344","4,083","515.55K","-1.15%"
"05/09/2025","4,249","4,550","4,636","4,020","928.83K","-7.02%"
"05/08/2025","4,570","4,463","4,580","4,456","104.46K","1.83%"
"05/07/2025","4,488","4,500","4,586","4,442","347.84K","-1.04%"
"05/06/2025","4,535","4,519","4,586","4,486","232.65K","0.24%"
"05/05/2025","4,524","4,430","4,557","4,430","175.11K","1.75%"
"05/02/2025","4,446","4,427","4,513","4,396","303.77K","0.91%"
"04/30/2025","4,406","4,378","4,458","4,373","269.22K","0.62%"
"04/29/2025","4,379","4,431","4,460","4,329","296.29K","0.71%"
"04/25/2025","4,348","4,275","4,411","4,275","248.16K","0.02%"
"04/24/2025","4,347","4,292","4,381","4,286","273.45K","0.95%"
"04/23/2025","4,306","4,315","4,376","4,290","95.18K","0.77%"
"04/22/2025","4,273","4,349","4,349","4,215","1.21M","-2.22%"
"04/17/2025","4,370","4,260","4,436","4,260","85.86K","1.27%"
"04/16/2025","4,315","4,334","4,427","4,315","133.48K","-3.01%"
"04/15/2025","4,449","4,300","4,478","4,300","196.11K","1.69%"
"04/14/2025","4,375","4,304","4,375","4,257","256.19K","2.72%"
"04/11/2025","4,259","4,111","4,300","4,111","399.75K","2.16%"
"04/10/2025","4,169","4,050","4,170","4,040","1.30M","5.54%"
"04/09/2025","3,950","4,007","4,019","3,901","481.26K","-3.40%"
"04/08/2025","4,089","4,025","4,174","4,005","264.83K","1.62%"
"04/07/2025","4,024","3,901","4,317","3,872","883.90K","0.10%"
"04/04/2025","4,020","4,393","4,393","4,020","530.11K","-7.73%"
"04/03/2025","4,357","4,438","4,458","4,260","503.23K","-2.38%"
"04/02/2025","4,463","4,610","4,610","4,408","191.01K","-2.23%"
"04/01/2025","4,565","4,441","4,573","4,382","524.14K","3.54%"
"03/31/2025","4,409","4,643","4,643","4,409","200.72K","-2.17%"
"03/28/2025","4,507","4,510","4,669","4,407","721.10K","1.21%"
"03/27/2025","4,453","4,640","4,682","4,404","537.08K","-1.87%"
"03/26/2025","4,538","4,420","4,640","4,410","391.45K","2.39%"
"03/25/2025","4,432","4,769","4,769","4,432","521.02K","-4.05%"
"03/24/2025","4,619","4,517","4,877","4,515","583.30K","3.80%"
"03/20/2025","4,450","4,472","4,544","4,400","403.23K","-0.09%"
"03/19/2025","4,454","4,418","4,473","4,392","213.14K","1.69%"
"03/18/2025","4,380","4,300","4,443","4,282","383.64K","0.71%"
"03/17/2025","4,349","4,346","4,376","4,270","221.91K","-0.02%"
"03/14/2025","4,350","4,240","4,381","4,227","275.14K","3.42%"
"03/13/2025","4,206","4,353","4,381","4,206","524.69K","-3.60%"
"03/12/2025","4,363","4,340","4,389","4,179","129.84K","0.55%"
"03/11/2025","4,339","4,218","4,355","4,200","458.02K","2.09%"
"03/10/2025","4,250","4,216","4,325","4,184","217.32K","-0.61%"
"03/07/2025","4,276","4,106","4,286","4,100","190.21K","3.54%"
"03/06/2025","4,130","4,189","4,229","4,130","108.92K","-0.91%"
"03/05/2025","4,168","4,151","4,225","4,151","127.73K","-0.76%"
"03/04/2025","4,200","4,240","4,240","4,140","340.00K","-0.94%"
"03/03/2025","4,240","4,238","4,265","4,172","484.98K","0.98%"
"02/28/2025","4,199","4,220","4,244","4,150","207.76K","-0.66%"
"02/27/2025","4,227","4,390","4,390","4,221","354.86K","-3.47%"
"02/26/2025","4,379","4,477","4,477","4,379","344.99K","-1.60%"
"02/25/2025","4,450","4,551","4,599","4,448","604.80K","-2.20%"
"02/24/2025","4,550","4,553","4,661","4,502","227.99K","0.00%"
"02/21/2025","4,550","4,670","4,670","4,550","85.06K","-0.59%"
"02/20/2025","4,577","4,618","4,657","4,577","328.29K","-0.93%"
"02/19/2025","4,620","4,635","4,653","4,606","215.41K","0.00%"
"02/18/2025","4,620","4,603","4,742","4,603","108.47K","-1.18%"
"02/17/2025","4,675","4,600","4,704","4,600","25.44K","1.48%"
"02/14/2025","4,607","4,682","4,717","4,600","157.27K","-1.77%"
"02/13/2025","4,690","4,746","4,914","4,684","258.39K","-1.35%"
"02/12/2025","4,754","4,764","4,805","4,680","99.21K","0.66%"
"02/11/2025","4,723","4,880","4,880","4,643","214.01K","-2.76%"
"02/10/2025","4,857","4,850","4,974","4,778","173.42K","1.67%"
"02/07/2025","4,777","4,999","4,999","4,772","180.09K","-2.41%"
"02/06/2025","4,895","4,901","4,979","4,858","204.12K","-0.10%"
"02/05/2025","4,900","4,929","5,032","4,900","89.57K","-0.10%"
"02/04/2025","4,905","4,933","4,934","4,850","235.38K","0.86%"
"02/03/2025","4,863","4,907","4,914","4,753","188.14K","-0.61%"
"01/31/2025","4,893","4,901","4,925","4,824","262.27K","-0.08%"
"01/30/2025","4,897","4,928","4,953","4,890","46.90K","0.08%"
"01/29/2025","4,893","4,900","4,951","4,867","87.49K","-0.61%"
"01/28/2025","4,923","4,944","4,995","4,807","125.34K","0.47%"
"01/27/2025","4,900","4,999","5,023","4,850","488.99K","-2.00%"
"01/24/2025","5,000","5,014","5,067","4,979","59.43K","-0.66%"
"01/23/2025","5,033","5,014","5,069","4,950","172.82K","0.22%"
"01/22/2025","5,022","4,904","5,094","4,904","93.46K","0.06%"
"01/21/2025","5,019","5,050","5,164","5,000","229.55K","-2.24%"
"01/20/2025","5,134","5,080","5,149","5,050","238.07K","1.06%"
"01/17/2025","5,080","5,002","5,184","5,002","84.91K","1.60%"
"01/16/2025","5,000","4,946","5,012","4,811","180.03K","0.38%"
"01/15/2025","4,981","4,850","5,019","4,844","152.86K","2.49%"
"01/14/2025","4,860","5,113","5,113","4,860","78.84K","-2.80%"
"01/13/2025","5,000","4,995","5,060","4,951","159.52K","-0.83%"
"01/10/2025","5,042","4,953","5,100","4,953","94.43K","1.04%"
"01/09/2025","4,990","5,116","5,116","4,901","84.34K","-1.48%"
"01/08/2025","5,065","5,201","5,207","5,012","61.54K","-2.61%"
"01/07/2025","5,201","5,176","5,277","5,160","126.81K","-0.36%"
"01/06/2025","5,220","5,199","5,289","5,199","206.72K","0.15%"
"01/03/2025","5,212","5,214","5,329","5,212","137.93K","-1.25%"
"01/02/2025","5,278","5,301","5,363","5,202","106.80K","-0.42%"
"12/31/2024","5,300","5,300","5,407","5,290","148.56K","0.34%"
"12/30/2024","5,282","5,292","5,332","5,050","106.01K","-0.19%"
"12/27/2024","5,292","5,250","5,303","5,200","140.79K","0.80%"
"12/24/2024","5,250","5,251","5,286","5,250","25.59K","-0.62%"
"12/23/2024","5,283","5,100","5,284","5,100","296.45K","0.51%"
"12/20/2024","5,256","5,124","5,298","5,026","783.29K","2.06%"
"12/19/2024","5,150","5,301","5,336","5,122","271.14K","-3.72%"
"12/18/2024","5,349","5,306","5,357","5,183","118.87K","1.83%"
"12/17/2024","5,253","5,210","5,271","5,202","183.73K","-0.89%"
"12/13/2024","5,300","5,347","5,347","5,253","210.19K","0.95%"
"12/12/2024","5,250","5,285","5,285","5,170","268.92K","0.25%"
"12/11/2024","5,237","5,181","5,347","5,181","276.17K","-2.09%"
"12/10/2024","5,349","5,262","5,373","5,185","168.32K","0.43%"
"12/09/2024","5,326","5,347","5,373","5,267","430.38K","-0.08%"
"12/06/2024","5,330","5,172","5,350","5,172","321.64K","1.25%"
"12/05/2024","5,264","5,289","5,355","5,160","536.55K","-0.88%"
"12/04/2024","5,311","5,373","5,440","5,173","161.46K","1.10%"
"12/03/2024","5,253","5,221","5,347","5,194","63.90K","0.61%"
"12/02/2024","5,221","5,210","5,375","5,200","200.61K","-0.76%"
"11/29/2024","5,261","5,302","5,302","5,140","306.86K","0.21%"
"11/28/2024","5,250","5,249","5,348","5,143","307.35K","1.37%"
"11/27/2024","5,179","5,167","5,220","5,140","331.66K","-1.16%"
"11/26/2024","5,240","5,200","5,285","5,051","732.02K","0.77%"
"11/25/2024","5,200","5,115","5,388","5,115","586.27K","-3.67%"
"11/22/2024","5,398","5,270","5,402","5,180","498.57K","0.39%"
"11/21/2024","5,377","5,280","5,386","5,253","391.10K","1.88%"
"11/20/2024","5,278","5,150","5,278","5,120","382.62K","2.62%"
"11/19/2024","5,143","5,058","5,198","5,016","941.00K","1.96%"
"11/18/2024","5,044","4,873","5,074","4,865","417.53K","4.00%"
"11/15/2024","4,850","4,790","4,860","4,745","719.47K","1.85%"
"11/14/2024","4,762","4,714","4,830","4,661","191.23K","1.75%"
"11/13/2024","4,680","4,777","4,778","4,640","205.94K","-0.55%"
"11/12/2024","4,706","4,661","4,710","4,501","593.96K","1.07%"
"11/11/2024","4,656","4,900","4,957","4,436","1.80M","-1.98%"
"11/08/2024","4,750","4,800","4,809","4,750","571.14K","-0.61%"
"11/07/2024","4,779","4,665","4,800","4,665","1.37M","1.72%"
"11/06/2024","4,698","4,715","4,810","4,650","323.81K","-0.02%"
"11/05/2024","4,699","4,700","4,756","4,682","2.97M","-0.02%"
"11/04/2024","4,700","4,749","4,756","4,671","1.11M","-0.61%"
"11/01/2024","4,729","4,752","4,799","4,706","683.57K","-0.30%"
"10/31/2024","4,743","4,815","4,865","4,728","368.05K","-2.79%"
"10/30/2024","4,879","4,851","4,941","4,750","2.64M","-0.14%"
"10/29/2024","4,886","4,892","5,050","4,860","447.03K","-0.12%"
"10/28/2024","4,892","4,999","5,150","4,851","616.30K","-1.25%"
"10/25/2024","4,954","4,951","5,034","4,915","168.54K","-0.38%"
"10/24/2024","4,973","5,020","5,129","4,963","401.57K","-1.91%"
"10/23/2024","5,070","5,264","5,280","5,020","453.06K","-3.96%"
"10/22/2024","5,279","5,198","5,300","5,079","599.15K","1.60%"
"10/21/2024","5,196","5,289","5,338","5,174","372.65K","-2.09%"
"10/18/2024","5,307","5,263","5,365","5,223","226.02K","0.13%"
"10/17/2024","5,300","5,250","5,420","5,250","659.95K","-0.66%"
"10/16/2024","5,335","5,440","5,470","5,270","493.58K","-2.77%"
"10/15/2024","5,487","5,500","5,535","5,400","1.12M","-0.24%"
"10/14/2024","5,500","5,404","5,569","5,264","1.18M","2.80%"
"10/11/2024","5,350","5,325","5,415","5,315","444.49K","0.47%"
"10/10/2024","5,325","5,200","5,393","5,173","2.04M","2.40%"
"10/09/2024","5,200","5,200","5,242","5,161","603.22K","0.06%"
"10/08/2024","5,197","5,149","5,300","5,149","678.25K","0.39%"
"10/07/2024","5,177","5,155","5,340","5,149","1.05M","0.00%"
"10/04/2024","5,177","5,201","5,210","5,122","343.44K","-0.44%"
"10/03/2024","5,200","5,182","5,205","5,111","264.71K","0.00%"
"10/02/2024","5,200","5,215","5,275","5,174","765.95K","-0.52%"
"10/01/2024","5,227","5,292","5,428","5,218","662.06K","-0.51%"
"09/30/2024","5,254","5,500","5,520","5,186","449.17K","-4.47%"
"09/27/2024","5,500","5,700","5,949","5,422","436.67K","-5.12%"
"09/26/2024","5,797","5,711","5,800","5,669","604.86K","3.52%"
"09/25/2024","5,600","5,649","5,920","5,557","298.64K","0.85%"
"09/23/2024","5,553","5,600","5,600","5,528","307.14K","-0.84%"
"09/20/2024","5,600","5,748","5,762","5,600","678.70K","-2.18%"
"09/19/2024","5,725","5,800","5,820","5,570","460.64K","3.15%"
"09/18/2024","5,550","5,501","5,898","5,428","455.96K","1.82%"
"09/17/2024","5,451","5,399","5,540","5,217","133.61K","2.66%"
"09/16/2024","5,310","5,260","5,499","5,128","86.37K","1.57%"
"09/13/2024","5,228","5,072","5,230","5,072","349.31K","2.51%"
"09/12/2024","5,100","5,041","5,107","5,028","153.01K","1.05%"
"09/11/2024","5,047","5,183","5,189","5,042","335.93K","-0.92%"
"09/10/2024","5,094","5,010","5,125","5,010","159.91K","1.13%"
"09/09/2024","5,037","5,250","5,250","5,037","182.40K","-3.21%"
"09/06/2024","5,204","5,060","5,204","5,049","131.19K","3.03%"
"09/05/2024","5,051","5,118","5,132","4,959","497.25K","-1.31%"
"09/04/2024","5,118","4,877","5,236","4,877","407.38K","3.37%"
"09/03/2024","4,951","4,990","4,990","4,896","300.85K","-0.18%"
"09/02/2024","4,960","4,989","4,989","4,900","358.91K","0.71%"
"08/30/2024","4,925","5,000","5,029","4,895","671.63K","-1.70%"
"08/29/2024","5,010","4,990","5,030","4,828","363.03K","0.24%"
"08/28/2024","4,998","4,999","5,074","4,941","285.92K","-0.04%"
"08/27/2024","5,000","4,949","5,040","4,890","289.62K","1.90%"
"08/26/2024","4,907","4,840","5,031","4,763","189.17K","2.23%"
"08/23/2024","4,800","4,600","4,855","4,600","332.33K","4.37%"
"08/22/2024","4,599","4,620","4,733","4,547","180.29K","-0.45%"
"08/21/2024","4,620","4,520","4,620","4,480","101.86K","3.66%"
"08/20/2024","4,457","4,469","4,535","4,453","69.53K","0.50%"
"08/19/2024","4,435","4,375","4,493","4,374","471.78K","2.12%"
"08/16/2024","4,343","4,251","4,384","4,244","240.97K","2.19%"
"08/15/2024","4,250","4,163","4,250","4,160","360.67K","2.14%"
"08/14/2024","4,161","4,120","4,242","4,119","527.52K","1.51%"
"08/13/2024","4,099","4,000","4,099","3,924","551.34K","2.83%"
"08/12/2024","3,986","4,211","4,225","3,841","266.94K","-6.54%"
"08/08/2024","4,265","4,336","4,336","4,215","144.01K","-1.95%"
"08/07/2024","4,350","4,350","4,350","4,292","217.27K","1.07%"
"08/06/2024","4,304","4,570","4,570","4,275","205.43K","-2.18%"
"08/05/2024","4,400","4,657","4,657","4,360","296.09K","-2.22%"
"08/02/2024","4,500","4,600","4,600","4,404","365.08K","-0.42%"
"08/01/2024","4,519","4,590","4,620","4,494","230.61K","-1.55%"
"07/31/2024","4,590","4,589","4,590","4,562","129.84K","1.57%"
"07/30/2024","4,519","4,550","4,650","4,516","165.82K","-1.55%"
"07/29/2024","4,590","4,600","4,662","4,476","619.83K","-0.33%"
"07/26/2024","4,605","4,520","4,620","4,422","90.81K","2.08%"
"07/25/2024","4,511","4,460","4,511","4,411","202.86K","1.62%"
"07/24/2024","4,439","4,400","4,457","4,400","199.79K","0.89%"
"07/23/2024","4,400","4,499","4,499","4,400","33.70K","-1.12%"
"07/22/2024","4,450","4,498","4,549","4,404","120.40K","0.00%"
"07/19/2024","4,450","4,420","4,535","4,407","917.27K","0.00%"
"07/18/2024","4,450","4,440","4,503","4,401","237.23K","0.00%"
"07/17/2024","4,450","4,574","4,574","4,450","169.69K","-1.09%"
"07/16/2024","4,499","4,365","4,581","4,365","132.89K","-1.88%"
"07/15/2024","4,585","4,565","4,650","4,371","76.69K","0.55%"
"07/12/2024","4,560","4,520","4,615","4,450","234.44K","0.73%"
"07/11/2024","4,527","4,599","4,641","4,523","476.02K","-1.93%"
"07/10/2024","4,616","4,683","4,713","4,603","90.13K","-0.73%"
"07/09/2024","4,650","4,652","4,774","4,634","74.70K","-0.32%"
"07/08/2024","4,665","4,773","4,773","4,587","78.60K","-1.17%"
"07/05/2024","4,720","4,615","4,769","4,473","130.63K","4.19%"
"07/04/2024","4,530","4,366","4,589","4,231","174.62K","5.01%"
"07/03/2024","4,314","4,351","4,360","4,247","191.52K","0.79%"
"07/02/2024","4,280","4,284","4,408","4,232","2.65M","1.18%"
"07/01/2024","4,230","4,000","4,285","4,000","343.79K","5.75%"
"06/28/2024","4,000","3,959","4,025","3,954","80.01K","0.76%"
"06/27/2024","3,970","3,928","4,000","3,840","51.89K","-1.12%"
"06/26/2024","4,015","3,977","4,015","3,904","52.68K","0.96%"
"06/25/2024","3,977","3,881","3,980","3,843","41.61K","1.51%"
"06/24/2024","3,918","3,960","3,971","3,880","119.30K","-1.06%"
"06/21/2024","3,960","4,129","4,129","3,931","798.22K","-1.49%"
"06/20/2024","4,020","3,849","4,120","3,849","465.81K","4.44%"
"06/19/2024","3,849","3,735","3,849","3,674","658.57K","5.45%"
"06/18/2024","3,650","3,600","3,688","3,600","254.08K","2.41%"
"06/14/2024","3,564","3,579","3,700","3,530","110.79K","-1.00%"
"06/13/2024","3,600","3,647","3,647","3,546","64.01K","1.27%"
"06/12/2024","3,555","3,560","3,601","3,555","89.12K","-0.59%"
"06/11/2024","3,576","3,600","3,600","3,561","152.42K","-0.67%"
"06/10/2024","3,600","3,740","3,740","3,570","453.32K","-3.17%"
"06/07/2024","3,718","3,575","3,740","3,556","68.63K","5.18%"
"06/06/2024","3,535","3,456","3,559","3,421","15.05K","1.70%"
"06/05/2024","3,476","3,484","3,540","3,476","31.07K","-1.81%"
"06/04/2024","3,540","3,550","3,551","3,502","46.59K","-0.28%"
"06/03/2024","3,550","3,576","3,613","3,481","82.74K","-0.73%"
"05/31/2024","3,576","3,559","3,649","3,558","38.16K","-0.42%"
"05/30/2024","3,591","3,581","3,610","3,558","95.70K","-0.25%"
"05/28/2024","3,600","3,648","3,648","3,595","63.81K","-2.68%"
"05/27/2024","3,699","3,740","3,740","3,652","99.07K","0.52%"
"05/24/2024","3,680","3,729","3,729","3,480","255.80K","0.30%"
"05/23/2024","3,669","3,726","3,726","3,599","149.64K","-1.00%"
"05/22/2024","3,706","3,701","3,750","3,666","49.13K","-1.44%"
"05/21/2024","3,760","3,703","3,770","3,700","109.30K","0.70%"
"05/20/2024","3,734","3,701","3,799","3,600","106.91K","0.21%"
"05/17/2024","3,726","3,455","3,799","3,444","86.83K","8.00%"
"05/16/2024","3,450","3,436","3,454","3,400","76.60K","1.02%"
"05/15/2024","3,415","3,451","3,452","3,356","179.22K","0.09%"
"05/14/2024","3,412","3,450","3,450","3,350","95.97K","-1.07%"
"05/13/2024","3,449","3,149","3,599","3,149","353.39K","10.33%"
"05/10/2024","3,126","3,111","3,200","3,050","18.76K","-1.57%"
"05/09/2024","3,176","3,061","3,248","3,061","36.40K","-0.13%"
"05/08/2024","3,180","3,041","3,180","3,041","44.08K","4.23%"
"05/07/2024","3,051","3,050","3,081","3,050","29.96K","0.03%"
"05/06/2024","3,050","3,030","3,155","3,030","40.06K","0.00%"
"05/03/2024","3,050","3,065","3,169","3,050","283.29K","0.00%"
"05/02/2024","3,050","3,050","3,100","3,050","37.87K","0.00%"
"04/30/2024","3,050","3,124","3,155","3,028","459.13K","0.00%"
"04/29/2024","3,050","3,025","3,123","3,020","144.34K","1.67%"
"04/26/2024","3,000","2,966","3,000","2,960","19.63K","1.35%"
"04/25/2024","2,960","3,017","3,023","2,960","8.01K","-0.50%"
"04/24/2024","2,975","2,961","3,000","2,948","22.21K","0.51%"
"04/23/2024","2,960","3,001","3,002","2,928","36.34K","-2.15%"
"04/22/2024","3,025","2,960","3,025","2,901","87.85K","2.30%"
"04/19/2024","2,957","3,001","3,001","2,915","16.48K","-1.14%"
"04/18/2024","2,991","2,988","3,025","2,988","22.43K","-0.80%"
"04/17/2024","3,015","3,078","3,155","3,000","107.92K","-1.98%"
"04/16/2024","3,076","3,041","3,076","2,978","42.11K","3.29%"
"04/15/2024","2,978","2,940","2,994","2,904","34.70K","1.29%"
"04/12/2024","2,940","3,054","3,054","2,910","59.84K","-0.94%"
"04/11/2024","2,968","3,061","3,099","2,968","74.54K","-4.72%"
"04/10/2024","3,115","3,153","3,154","3,019","77.87K","-1.24%"
"04/09/2024","3,154","3,050","3,154","3,050","21.52K","2.24%"
"04/08/2024","3,085","3,026","3,110","3,026","51.77K","2.32%"
"04/05/2024","3,015","3,030","3,031","2,987","23.55K","-0.36%"
"04/04/2024","3,026","2,968","3,097","2,968","67.63K","0.17%"
"04/03/2024","3,021","3,045","3,074","2,951","64.31K","2.23%"
"04/02/2024","2,955","3,145","3,145","2,955","50.18K","-4.40%"
"03/28/2024","3,091","3,056","3,171","3,056","23.49K","0.49%"
"03/27/2024","3,076","3,031","3,100","2,980","67.98K","-0.45%"
"03/26/2024","3,090","3,152","3,213","3,060","42.99K","-3.44%"
"03/25/2024","3,200","3,177","3,206","3,152","71.45K","2.11%"
"03/22/2024","3,134","3,071","3,159","2,955","58.20K","3.40%"
"03/20/2024","3,031","2,950","3,119","2,950","187.76K","2.16%"
"03/19/2024","2,967","2,941","2,989","2,929","88.83K","0.20%"
"03/18/2024","2,961","2,850","2,994","2,850","74.11K","-0.37%"
"03/15/2024","2,972","2,846","2,972","2,801","154.58K","1.12%"
"03/14/2024","2,939","2,852","2,984","2,852","1.36M","-0.64%"
"03/13/2024","2,958","2,850","3,000","2,822","201.74K","4.52%"
"03/12/2024","2,830","2,845","2,935","2,784","152.78K","-2.41%"
"03/11/2024","2,900","2,905","2,943","2,900","89.08K","0.00%"
"03/08/2024","2,900","2,990","2,990","2,851","100.26K","-0.07%"
"03/07/2024","2,902","2,810","2,940","2,770","197.25K","4.77%"
"03/06/2024","2,770","2,702","2,783","2,702","23.05K","1.21%"
"03/05/2024","2,737","2,804","2,804","2,720","24.20K","-0.26%"
"03/04/2024","2,744","2,863","2,863","2,744","36.94K","-2.00%"
"03/01/2024","2,800","2,752","2,819","2,734","38.72K","0.00%"
"02/29/2024","2,800","2,809","2,848","2,760","29.28K","0.00%"
"02/28/2024","2,800","2,742","2,841","2,702","442.35K","3.63%"
"02/27/2024","2,702","2,799","2,799","2,702","107.24K","-2.17%"
"02/26/2024","2,762","2,849","2,850","2,762","27.00K","-3.05%"
"02/23/2024","2,849","2,788","2,890","2,788","4.05K","-1.42%"
"02/22/2024","2,890","2,890","2,890","2,787","7.38K","1.01%"
"02/21/2024","2,861","2,856","2,875","2,795","13.07K","2.18%"
"02/20/2024","2,800","2,783","2,849","2,783","55.68K","-0.36%"
"02/19/2024","2,810","2,782","2,849","2,782","24.17K","0.36%"
"02/16/2024","2,800","2,750","2,847","2,750","53.51K","1.63%"
"02/15/2024","2,755","2,870","2,892","2,750","84.47K","-3.87%"
"02/14/2024","2,866","2,799","2,890","2,671","271.62K","3.17%"
"02/13/2024","2,778","2,766","2,800","2,750","49.73K","-2.53%"
"02/12/2024","2,850","2,850","2,850","2,750","87.53K","-1.04%"
"02/09/2024","2,880","2,907","2,907","2,850","28.67K","1.05%"
"02/08/2024","2,850","2,835","2,851","2,825","39.16K","-1.01%"
"02/07/2024","2,879","2,985","2,985","2,830","65.56K","-0.03%"
"02/06/2024","2,880","2,853","2,917","2,853","30.96K","-0.89%"
"02/05/2024","2,906","2,980","2,989","2,906","95.27K","-2.48%"
"02/02/2024","2,980","2,980","3,000","2,950","93.47K","0.00%"
"02/01/2024","2,980","2,982","3,000","2,966","62.53K","-0.67%"
"01/31/2024","3,000","2,976","3,000","2,945","62.00K","0.00%"
"01/30/2024","3,000","2,902","3,000","2,899","93.37K","5.08%"
"01/29/2024","2,855","2,894","2,904","2,812","15.15K","-1.72%"
"01/26/2024","2,905","2,811","2,905","2,811","7.21K","1.86%"
"01/25/2024","2,852","2,863","2,865","2,813","113.11K","-1.52%"
"01/24/2024","2,896","2,751","2,896","2,751","107.37K","3.43%"
"01/23/2024","2,800","2,834","2,834","2,750","59.04K","3.70%"
"01/22/2024","2,700","2,887","2,887","2,700","41.44K","-2.07%"
"01/19/2024","2,757","2,799","2,889","2,750","88.57K","-1.54%"
"01/18/2024","2,800","2,849","2,849","2,750","19.83K","1.82%"
"01/17/2024","2,750","2,802","2,850","2,750","18.18K","-3.51%"
"01/16/2024","2,850","2,850","2,850","2,800","12.44K","0.00%"
"01/15/2024","2,850","2,818","2,904","2,816","7.21K","-2.03%"
"01/12/2024","2,909","2,874","2,909","2,815","26.28K","1.11%"
"01/11/2024","2,877","2,867","2,878","2,823","2.33K","2.02%"
"01/10/2024","2,820","2,803","2,864","2,800","8.87K","0.71%"
"01/09/2024","2,800","2,775","2,860","2,775","21.98K","1.82%"
"01/08/2024","2,750","2,839","2,839","2,750","10.03K","-2.90%"
"01/05/2024","2,832","2,839","2,839","2,767","0.95K","2.50%"
"01/04/2024","2,763","2,800","2,840","2,706","31.70K","-0.97%"
"01/03/2024","2,790","2,745","2,806","2,745","20.80K","1.45%"
"01/02/2024","2,750","2,659","2,801","2,658","14.58K","-0.79%"
"12/29/2023","2,772","2,870","2,870","2,675","23.86K","-2.39%"
"12/28/2023","2,840","2,788","2,870","2,787","9.01K","1.87%"
"12/27/2023","2,788","2,823","2,835","2,700","45.68K","-1.20%"
"12/22/2023","2,822","2,876","2,900","2,800","61.13K","2.66%"
"12/21/2023","2,749","2,899","2,899","2,749","26.31K","-3.61%"
"12/20/2023","2,852","2,870","2,870","2,796","24.54K","-1.62%"
"12/19/2023","2,899","2,751","2,915","2,751","43.61K","3.54%"
"12/18/2023","2,800","2,890","2,912","2,800","17.60K","-2.74%"
"12/14/2023","2,879","2,680","2,890","2,680","128.64K","6.28%"
"12/13/2023","2,709","2,889","2,889","2,695","26.48K","-1.56%"
"12/12/2023","2,752","2,873","2,879","2,750","31.76K","0.07%"
"12/11/2023","2,750","2,960","2,967","2,750","52.81K","-5.17%"
"12/08/2023","2,900","2,807","2,978","2,807","137.85K","4.39%"
"12/07/2023","2,778","2,860","2,860","2,778","4.39K","-2.70%"
"12/06/2023","2,855","2,890","2,932","2,822","40.53K","-0.38%"
"12/05/2023","2,866","2,906","2,950","2,802","49.21K","1.16%"
"12/04/2023","2,833","2,705","2,978","2,705","153.73K","4.93%"
"12/01/2023","2,700","2,619","2,704","2,528","87.27K","2.58%"
"11/30/2023","2,632","2,651","2,651","2,576","91.40K","-0.08%"
"11/29/2023","2,634","2,601","2,634","2,542","354.75K","-2.12%"
"11/28/2023","2,691","2,675","2,691","2,563","58.61K","4.18%"
"11/27/2023","2,583","2,600","2,600","2,550","55.54K","0.23%"
"11/24/2023","2,577","2,600","2,600","2,577","29.03K","-1.98%"
"11/23/2023","2,629","2,601","2,684","2,500","313.98K","0.73%"
"11/22/2023","2,610","2,701","2,707","2,610","26.52K","-4.22%"
"11/21/2023","2,725","2,832","2,835","2,700","274.83K","-3.51%"
"11/20/2023","2,824","2,794","2,833","2,748","40.82K","2.92%"
"11/17/2023","2,744","2,648","2,829","2,600","86.58K","5.54%"
"11/16/2023","2,600","2,604","2,606","2,571","27.25K","1.56%"
"11/15/2023","2,560","2,586","2,651","2,536","174.35K","1.51%"
"11/14/2023","2,522","2,502","2,593","2,502","181.70K","0.80%"
"11/13/2023","2,502","2,550","2,550","2,502","60.11K","0.08%"
"11/10/2023","2,500","2,539","2,540","2,500","26.92K","-0.60%"
"11/09/2023","2,515","2,500","2,631","2,500","50.28K","-1.76%"
"11/08/2023","2,560","2,605","2,644","2,523","146.52K","1.15%"
"11/07/2023","2,531","2,582","2,650","2,531","35.46K","-0.90%"
"11/06/2023","2,554","2,574","2,574","2,493","33.04K","1.11%"
"11/03/2023","2,526","2,585","2,595","2,526","62.31K","-3.00%"
"11/02/2023","2,604","2,574","2,607","2,560","98.59K","1.56%"
"11/01/2023","2,564","2,446","2,574","2,446","53.34K","5.00%"
"10/31/2023","2,442","2,486","2,495","2,424","51.38K","2.99%"
"10/30/2023","2,371","2,451","2,451","2,371","15.07K","-2.55%"
"10/27/2023","2,433","2,356","2,474","2,356","53.26K","2.53%"
"10/26/2023","2,373","2,430","2,430","2,371","73.29K","-2.35%"
"10/25/2023","2,430","2,494","2,494","2,406","149.90K","-1.46%"
"10/24/2023","2,466","2,475","2,494","2,434","83.01K","0.65%"
"10/23/2023","2,450","2,470","2,476","2,431","45.88K","0.70%"
"10/20/2023","2,433","2,495","2,519","2,350","107.48K","-1.54%"
"10/19/2023","2,471","2,500","2,500","2,375","213.48K","0.90%"
"10/18/2023","2,449","2,583","2,583","2,449","92.08K","-2.97%"
"10/17/2023","2,524","2,550","2,600","2,481","84.55K","-1.75%"
"10/16/2023","2,569","2,450","2,630","2,442","250.03K","4.86%"
"10/13/2023","2,450","2,484","2,485","2,450","45.45K","-2.78%"
"10/12/2023","2,520","2,501","2,549","2,500","137.39K","0.84%"
"10/11/2023","2,499","2,535","2,535","2,475","117.44K","-0.68%"
"10/10/2023","2,516","2,550","2,591","2,515","110.90K","0.24%"
"10/09/2023","2,510","2,710","2,710","2,510","86.43K","-5.82%"
"10/06/2023","2,665","2,700","2,700","2,626","64.88K","-0.49%"
"10/05/2023","2,678","2,742","2,742","2,678","134.76K","-2.30%"
"10/04/2023","2,741","2,757","2,798","2,741","174.34K","-1.97%"
"10/03/2023","2,796","2,837","2,837","2,796","87.61K","-0.50%"
"10/02/2023","2,810","2,840","2,858","2,764","140.72K","-0.53%"
"09/29/2023","2,825","2,839","2,839","2,799","169.87K","0.57%"
"09/28/2023","2,809","2,757","2,832","2,756","63.33K","0.32%"
"09/27/2023","2,800","2,775","2,829","2,769","164.05K","0.00%"
"09/26/2023","2,800","2,942","2,942","2,778","420.71K","-2.17%"
"09/22/2023","2,862","2,940","2,942","2,845","39.70K","-1.31%"
"09/21/2023","2,900","2,919","3,083","2,805","350.31K","-0.82%"
"09/20/2023","2,924","2,749","2,924","2,742","156.37K","6.91%"
"09/19/2023","2,735","2,575","2,756","2,575","410.66K","3.52%"
"09/18/2023","2,642","2,656","2,656","2,599","135.64K","-0.53%"
"09/15/2023","2,656","2,485","2,656","2,485","2.44M","4.36%"
"09/14/2023","2,545","2,573","2,573","2,427","562.49K","0.99%"
"09/13/2023","2,520","2,489","2,546","2,381","803.90K","1.20%"
"09/12/2023","2,490","2,497","2,505","2,430","419.88K","-0.28%"
"09/11/2023","2,497","2,525","2,525","2,363","697.59K","-1.38%"
"09/08/2023","2,532","2,549","2,549","2,450","120.99K","1.00%"
"09/07/2023","2,507","2,528","2,599","2,452","138.12K","-0.79%"
"09/06/2023","2,527","2,473","2,600","2,473","258.87K","1.08%"
"09/05/2023","2,500","2,649","2,649","2,451","331.55K","-3.70%"
"09/04/2023","2,596","2,636","2,636","2,531","12.07K","1.13%"
"09/01/2023","2,567","2,619","2,684","2,451","185.54K","-0.31%"
"08/31/2023","2,575","2,660","2,678","2,546","55.16K","-3.20%"
"08/30/2023","2,660","2,577","2,660","2,577","44.69K","4.31%"
"08/29/2023","2,550","2,540","2,590","2,520","228.10K","-0.93%"
"08/28/2023","2,574","2,599","2,599","2,526","83.63K","1.42%"
"08/25/2023","2,538","2,569","2,590","2,466","122.51K","-1.25%"
"08/24/2023","2,570","2,490","2,573","2,490","77.15K","2.76%"
"08/23/2023","2,501","2,510","2,573","2,450","122.50K","0.40%"
"08/22/2023","2,491","2,516","2,559","2,430","911.71K","-1.11%"
"08/21/2023","2,519","2,625","2,625","2,440","298.59K","-2.33%"
"08/18/2023","2,579","2,613","2,649","2,550","14.46K","-2.64%"
"08/17/2023","2,649","2,625","2,729","2,625","17.77K","1.53%"
"08/16/2023","2,609","2,552","2,609","2,550","36.11K","0.42%"
"08/15/2023","2,598","2,587","2,598","2,476","59.27K","2.36%"
"08/14/2023","2,538","2,509","2,575","2,476","75.15K","2.17%"
"08/11/2023","2,484","2,595","2,595","2,484","17.92K","-4.42%"
"08/10/2023","2,599","2,481","2,600","2,450","30.72K","3.96%"
"08/08/2023","2,500","2,520","2,520","2,450","24.78K","0.00%"
"08/07/2023","2,500","2,497","2,500","2,405","349.94K","4.12%"
"08/04/2023","2,401","2,443","2,447","2,401","6.46K","0.04%"
"08/03/2023","2,400","2,500","2,568","2,395","350.90K","-4.00%"
"08/02/2023","2,500","2,600","2,600","2,425","281.99K","-3.40%"
"08/01/2023","2,588","2,609","2,625","2,561","39.02K","-0.46%"
"07/31/2023","2,600","2,782","2,782","2,527","68.04K","-4.27%"
"07/28/2023","2,716","2,782","2,782","2,643","4.80K","0.59%"
"07/27/2023","2,700","2,658","2,714","2,650","39.00K","1.69%"
"07/26/2023","2,655","2,817","2,817","2,655","29.25K","-5.52%"
"07/25/2023","2,810","2,696","2,810","2,650","75.52K","4.00%"
"07/24/2023","2,702","2,553","2,702","2,553","21.04K","0.82%"
"07/21/2023","2,680","2,550","2,680","2,550","28.22K","1.59%"
"07/20/2023","2,638","2,550","2,648","2,550","49.78K","1.85%"
"07/19/2023","2,590","2,526","2,606","2,502","34.49K","2.82%"
"07/18/2023","2,519","2,551","2,660","2,515","23.61K","-1.22%"
"07/17/2023","2,550","2,650","2,678","2,530","19.89K","-1.96%"
"07/14/2023","2,601","2,778","2,778","2,600","9.78K","-6.37%"
"07/13/2023","2,778","2,770","2,782","2,661","11.80K","5.27%"
"07/12/2023","2,639","2,735","2,843","2,639","33.19K","-2.26%"
"07/11/2023","2,700","2,856","2,897","2,700","13.02K","-6.25%"
"07/10/2023","2,880","2,700","2,880","2,700","55.89K","6.55%"
"07/07/2023","2,703","2,624","2,717","2,600","25.70K","3.96%"
"07/06/2023","2,600","2,600","2,692","2,500","35.12K","-1.89%"
"07/05/2023","2,650","2,598","2,654","2,551","167.85K","1.92%"
"07/04/2023","2,600","2,599","2,600","2,535","30.38K","1.96%"
"07/03/2023","2,550","2,600","2,650","2,501","266.97K","-1.96%"
"06/30/2023","2,601","2,595","2,601","2,550","89.39K","2.85%"
"06/29/2023","2,529","2,502","2,544","2,502","3.68K","-0.82%"
"06/28/2023","2,550","2,555","2,650","2,516","55.97K","0.63%"
"06/27/2023","2,534","2,670","2,670","2,534","21.93K","-3.72%"
"06/26/2023","2,632","2,700","2,700","2,600","33.11K","-2.48%"
"06/23/2023","2,699","2,776","2,776","2,651","63.59K","-2.77%"
"06/22/2023","2,776","2,716","2,859","2,711","60.30K","0.33%"
"06/21/2023","2,767","2,775","2,802","2,725","17.27K","-1.28%"
"06/20/2023","2,803","2,835","2,880","2,752","174.47K","-3.88%"
"06/19/2023","2,916","2,675","2,916","2,675","99.19K","8.00%"
"06/15/2023","2,700","2,509","2,800","2,500","233.95K","7.57%"
"06/14/2023","2,510","2,510","2,510","2,440","17.31K","0.00%"
"06/13/2023","2,510","2,441","2,510","2,403","7.99K","2.83%"
"06/12/2023","2,441","2,400","2,441","2,400","91.16K","1.37%"
"06/09/2023","2,408","2,352","2,440","2,351","69.76K","0.33%"
"06/08/2023","2,400","2,384","2,404","2,311","79.30K","3.85%"
"06/07/2023","2,311","2,400","2,430","2,282","42.85K","-3.71%"
"06/06/2023","2,400","2,450","2,450","2,400","31.78K","-0.99%"
"06/05/2023","2,424","2,474","2,474","2,410","163.58K","-0.41%"
"06/02/2023","2,434","2,449","2,500","2,434","83.58K","-0.65%"
"06/01/2023","2,450","2,389","2,450","2,375","6.23K","0.04%"
"05/31/2023","2,449","2,470","2,470","2,400","545.68K","-1.57%"
"05/30/2023","2,488","2,599","2,599","2,471","12.99K","-0.88%"
"05/29/2023","2,510","2,510","2,579","2,490","87.26K","0.28%"
"05/26/2023","2,503","2,600","2,600","2,503","8.16K","-3.73%"
"05/25/2023","2,600","2,649","2,649","2,600","7.92K","-0.19%"
"05/24/2023","2,605","2,551","2,650","2,551","15.14K","0.00%"
"05/23/2023","2,605","2,600","2,649","2,560","18.90K","0.19%"
"05/22/2023","2,600","2,500","2,601","2,491","18.42K","4.42%"
"05/19/2023","2,490","2,599","2,599","2,490","17.27K","-0.40%"
"05/18/2023","2,500","2,606","2,640","2,500","108.53K","-3.85%"
"05/17/2023","2,600","2,511","2,610","2,511","57.26K","4.00%"
"05/16/2023","2,500","2,520","2,625","2,491","494.09K","0.00%"
"05/15/2023","2,500","2,500","2,564","2,490","567.58K","3.48%"
"05/12/2023","2,416","2,411","2,497","2,411","6.93K","-3.75%"
"05/11/2023","2,510","2,497","2,510","2,411","87.40K","4.58%"
"05/10/2023","2,400","2,510","2,510","2,400","29.72K","-3.07%"
"05/09/2023","2,476","2,460","2,519","2,460","38.91K","-1.71%"
"05/08/2023","2,519","2,449","2,519","2,449","7.76K","2.82%"
"05/05/2023","2,450","2,425","2,451","2,385","13.43K","0.99%"
"05/04/2023","2,426","2,601","2,601","2,426","15.07K","-6.73%"
"05/03/2023","2,601","2,750","2,750","2,601","5.38K","-3.16%"
"05/02/2023","2,686","2,639","2,691","2,632","13.00K","1.82%"
"04/28/2023","2,638","2,656","2,768","2,631","96.80K","0.30%"
"04/26/2023","2,630","2,789","2,789","2,630","33.44K","-2.05%"
"04/25/2023","2,685","2,740","2,740","2,676","14.48K","-6.45%"
"04/24/2023","2,870","2,630","2,870","2,630","30.98K","5.94%"
"04/21/2023","2,709","2,653","2,711","2,653","2.51K","0.89%"
"04/20/2023","2,685","2,650","2,730","2,650","10.24K","-2.01%"
"04/19/2023","2,740","2,750","2,800","2,718","43.37K","5.38%"
"04/18/2023","2,600","2,527","2,705","2,521","22.45K","0.81%"
"04/17/2023","2,579","2,519","2,624","2,465","85.59K","4.33%"
"04/14/2023","2,472","2,288","2,519","2,262","51.68K","8.33%"
"04/13/2023","2,282","2,370","2,389","2,180","140.28K","-0.22%"
"04/12/2023","2,287","2,449","2,545","2,280","204.24K","-3.91%"
"04/11/2023","2,380","2,620","2,675","2,375","154.69K","-9.16%"
"04/06/2023","2,620","2,449","2,620","2,376","65.56K","9.17%"
"04/05/2023","2,400","2,450","2,506","2,350","39.84K","-3.96%"
"04/04/2023","2,499","2,475","2,540","2,427","39.62K","-0.08%"
"04/03/2023","2,501","2,632","2,632","2,476","49.68K","-0.36%"
"03/31/2023","2,510","2,573","2,649","2,476","46.13K","-4.38%"
"03/30/2023","2,625","2,510","2,625","2,510","26.30K","4.58%"
"03/29/2023","2,510","2,539","2,600","2,451","50.62K","2.41%"
"03/28/2023","2,451","2,400","2,547","2,400","43.97K","2.13%"
"03/27/2023","2,400","2,376","2,414","2,375","9.91K","-0.54%"
"03/24/2023","2,413","2,350","2,415","2,321","19.71K","2.68%"
"03/23/2023","2,350","2,289","2,408","2,289","20.17K","2.93%"
"03/22/2023","2,283","2,168","2,283","2,161","233.95K","6.68%"
"03/20/2023","2,140","2,349","2,349","2,061","474.10K","-8.27%"
"03/17/2023","2,333","2,465","2,519","2,300","153.40K","-5.16%"
"03/16/2023","2,460","2,375","2,460","2,375","17.26K","3.58%"
"03/15/2023","2,375","2,425","2,485","2,300","13.92K","-3.85%"
"03/14/2023","2,470","2,550","2,550","2,425","59.90K","-3.14%"
"03/13/2023","2,550","2,675","2,700","2,525","165.64K","-4.67%"
"03/10/2023","2,675","2,760","2,815","2,675","376.61K","-3.18%"
"03/09/2023","2,763","2,763","2,831","2,760","43.34K","0.11%"
"03/08/2023","2,760","2,761","2,861","2,760","9.54K","-0.04%"
"03/07/2023","2,761","2,750","2,900","2,750","36.89K","0.40%"
"03/06/2023","2,750","2,800","2,929","2,750","18.55K","-1.57%"
"03/03/2023","2,794","2,838","2,840","2,791","4.95K","-1.45%"
"03/02/2023","2,835","2,835","2,930","2,835","2.91K","-2.24%"
"03/01/2023","2,900","2,850","2,900","2,810","53.07K","1.86%"
"02/28/2023","2,847","2,828","2,849","2,751","40.36K","3.53%"
"02/27/2023","2,750","2,850","2,850","2,750","31.53K","-2.79%"
"02/24/2023","2,829","2,820","2,850","2,800","120.44K","1.04%"
"02/23/2023","2,800","2,788","2,820","2,788","33.72K","0.00%"
"02/22/2023","2,800","2,952","2,952","2,760","44.07K","-5.34%"
"02/21/2023","2,958","2,834","2,993","2,750","28.12K","7.02%"
"02/20/2023","2,764","2,800","2,826","2,750","61.91K","-1.14%"
"02/17/2023","2,796","2,898","2,900","2,650","35.31K","-1.20%"
"02/16/2023","2,830","2,775","2,892","2,775","51.90K","1.29%"
"02/15/2023","2,794","2,766","2,820","2,750","46.72K","1.82%"
"02/14/2023","2,744","2,724","2,822","2,724","10.72K","-2.00%"
"02/13/2023","2,800","2,782","2,823","2,700","278.33K","3.70%"
"02/10/2023","2,700","2,716","2,742","2,697","83.62K","-1.46%"
"02/09/2023","2,740","2,779","2,779","2,700","42.15K","-0.62%"
"02/08/2023","2,757","2,700","2,757","2,700","194.15K","2.11%"
"02/07/2023","2,700","2,744","2,745","2,650","28.05K","-1.35%"
"02/06/2023","2,737","2,675","2,749","2,655","102.59K","2.13%"
"02/03/2023","2,680","2,695","2,700","2,651","92.17K","-0.74%"
"02/02/2023","2,700","2,483","2,700","2,460","114.61K","7.96%"
"02/01/2023","2,501","2,479","2,501","2,375","139.10K","4.78%"
"01/31/2023","2,387","2,640","2,640","2,351","281.26K","-9.65%"
"01/30/2023","2,642","2,700","2,700","2,641","5.31K","-2.15%"
"01/27/2023","2,700","2,651","2,700","2,640","11.48K","1.89%"
"01/26/2023","2,650","2,748","2,748","2,650","40.92K","-0.38%"
"01/25/2023","2,660","2,750","2,778","2,660","36.07K","-4.93%"
"01/24/2023","2,798","2,781","2,835","2,700","22.87K","1.60%"
"01/23/2023","2,754","2,700","2,783","2,700","21.57K","2.00%"
"01/20/2023","2,700","2,650","2,745","2,635","343.60K","-1.60%"
"01/19/2023","2,744","2,675","2,744","2,650","20.48K","0.51%"
"01/18/2023","2,730","2,700","2,745","2,681","39.01K","1.11%"
"01/17/2023","2,700","2,703","2,750","2,700","7.57K","-0.52%"
"01/16/2023","2,714","2,706","2,867","2,675","53.30K","0.30%"
"01/13/2023","2,706","2,809","2,920","2,700","22.38K","-2.94%"
"01/12/2023","2,788","2,700","2,799","2,700","11.51K","3.26%"
"01/11/2023","2,700","2,700","2,835","2,675","58.25K","-3.81%"
"01/10/2023","2,807","2,700","2,823","2,690","71.03K","2.82%"
"01/09/2023","2,730","2,688","2,789","2,688","12.19K","-0.07%"
"01/06/2023","2,732","2,700","2,812","2,700","4.83K","1.19%"
"01/05/2023","2,700","2,700","2,834","2,700","91.07K","0.00%"
"01/04/2023","2,700","2,869","2,870","2,700","52.20K","-2.88%"
"01/03/2023","2,780","2,702","2,797","2,701","9.61K","0.54%"
"12/30/2022","2,765","2,867","2,867","2,757","3.34K","-1.46%"
"12/29/2022","2,806","2,767","2,849","2,731","12.44K","2.41%"
"12/28/2022","2,740","2,764","2,778","2,711","15.56K","1.48%"
"12/23/2022","2,700","2,782","2,782","2,700","14.67K","-0.74%"
"12/22/2022","2,720","2,754","2,755","2,720","4.25K","0.74%"
"12/21/2022","2,700","2,655","2,728","2,655","14.16K","1.12%"
"12/20/2022","2,670","2,680","2,707","2,660","33.28K","-1.11%"
"12/19/2022","2,700","2,666","2,732","2,650","87.79K","-0.18%"
"12/15/2022","2,705","2,742","2,745","2,676","201.42K","-0.18%"
"12/14/2022","2,710","2,729","2,750","2,653","132.45K","0.33%"
"12/13/2022","2,701","2,700","2,740","2,607","91.46K","0.33%"
"12/12/2022","2,692","2,572","2,698","2,572","69.54K","4.42%"
"12/09/2022","2,578","2,598","2,650","2,550","57.55K","2.10%"
"12/08/2022","2,525","2,465","2,599","2,462","75.27K","1.41%"
"12/07/2022","2,490","2,550","2,550","2,457","98.11K","-1.15%"
"12/06/2022","2,519","2,500","2,549","2,490","51.74K","1.12%"
"12/05/2022","2,491","2,566","2,566","2,483","205.41K","0.32%"
"12/02/2022","2,483","2,651","2,694","2,425","411.09K","-6.27%"
"12/01/2022","2,649","2,919","2,930","2,551","211.62K","-5.39%"
"11/30/2022","2,800","2,833","2,846","2,782","111.38K","-3.01%"
"11/29/2022","2,887","2,860","2,960","2,860","96.67K","0.94%"
"11/28/2022","2,860","2,969","2,970","2,761","111.11K","-3.25%"
"11/25/2022","2,956","2,995","2,999","2,923","8.27K","-0.40%"
"11/24/2022","2,968","3,000","3,080","2,902","55.44K","-0.74%"
"11/23/2022","2,990","3,303","3,303","2,912","122.18K","-5.08%"
"11/22/2022","3,150","3,301","3,301","3,150","8.10K","-1.25%"
"11/21/2022","3,190","3,335","3,336","3,181","261.09K","-3.33%"
"11/18/2022","3,300","3,295","3,303","3,295","128.66K","4.63%"
"11/17/2022","3,154","3,263","3,354","3,151","30.21K","-2.50%"
"11/16/2022","3,235","3,349","3,349","3,150","159.37K","-1.97%"
"11/15/2022","3,300","3,300","3,350","3,300","144.32K","0.00%"
"11/14/2022","3,300","3,201","3,333","3,201","54.77K","-1.20%"
"11/11/2022","3,340","3,340","3,360","3,211","906.29K","0.66%"
"11/10/2022","3,318","3,333","3,336","3,275","22.56K","0.55%"
"11/09/2022","3,300","3,261","3,340","3,210","128.32K","1.16%"
"11/08/2022","3,262","3,150","3,262","3,150","359.55K","4.58%"
"11/07/2022","3,119","2,988","3,120","2,988","28.26K","4.38%"
"11/04/2022","2,988","2,985","2,988","2,911","20.28K","0.00%"
"11/03/2022","2,988","2,850","2,988","2,845","22.19K","4.84%"
"11/02/2022","2,850","2,993","3,039","2,844","29.52K","-3.39%"
"11/01/2022","2,950","2,899","2,993","2,899","93.13K","3.00%"
"10/31/2022","2,864","2,958","2,960","2,856","15.79K","-3.21%"
"10/28/2022","2,959","2,943","2,960","2,890","8.91K","1.58%"
"10/27/2022","2,913","2,991","3,050","2,820","201.12K","-2.02%"
"10/26/2022","2,973","2,909","3,050","2,805","122.18K","4.28%"
"10/25/2022","2,851","3,039","3,039","2,813","78.65K","-4.07%"
"10/24/2022","2,972","3,062","3,179","2,940","39.88K","-4.68%"
"10/21/2022","3,118","3,060","3,150","3,046","46.33K","3.93%"
"10/20/2022","3,000","3,031","3,181","2,851","787.31K","-2.85%"
"10/19/2022","3,088","3,300","3,300","3,044","24.07K","-3.23%"
"10/18/2022","3,191","3,302","3,302","3,151","19.38K","-0.81%"
"10/17/2022","3,217","3,432","3,456","3,200","187.12K","-6.07%"
"10/14/2022","3,425","3,370","3,434","3,369","86.01K","2.00%"
"10/13/2022","3,358","3,369","3,369","3,252","54.33K","1.45%"
"10/12/2022","3,310","3,364","3,364","3,250","196.57K","0.30%"
"10/11/2022","3,300","3,209","3,303","3,209","63.22K","1.88%"
"10/10/2022","3,239","3,433","3,433","3,200","149.70K","-5.68%"
"10/07/2022","3,434","3,280","3,447","3,280","85.30K","-0.46%"
"10/06/2022","3,450","3,440","3,484","3,160","93.42K","0.29%"
"10/05/2022","3,440","3,276","3,440","3,180","81.22K","6.37%"
"10/04/2022","3,234","3,400","3,400","3,091","149.79K","-4.57%"
"10/03/2022","3,389","3,527","3,527","3,361","46.88K","-3.94%"
"09/30/2022","3,528","3,481","3,569","3,457","252.97K","0.80%"
"09/29/2022","3,500","3,565","3,587","3,435","135.87K","0.00%"
"09/28/2022","3,500","3,536","3,536","3,423","31.93K","1.45%"
"09/27/2022","3,450","3,467","3,479","3,439","34.66K","-0.86%"
"09/26/2022","3,480","3,411","3,480","3,406","34.56K","0.20%"
"09/23/2022","3,473","3,466","3,494","3,407","27.81K","1.02%"
"09/22/2022","3,438","3,450","3,558","3,400","57.39K","-1.32%"
"09/21/2022","3,484","3,465","3,564","3,402","36.06K","2.47%"
"09/20/2022","3,400","3,468","3,468","3,390","22.77K","0.00%"
"09/19/2022","3,400","3,401","3,494","3,400","9.05K","-3.27%"
"09/16/2022","3,515","3,414","3,515","3,393","285.46K","2.18%"
"09/15/2022","3,440","3,418","3,469","3,400","75.12K","0.03%"
"09/14/2022","3,439","3,439","3,439","3,361","91.14K","0.00%"
"09/13/2022","3,439","3,587","3,587","3,300","188.78K","-1.74%"
"09/12/2022","3,500","3,500","3,567","3,450","129.29K","0.34%"
"09/09/2022","3,488","3,687","3,687","3,485","79.57K","-1.75%"
"09/08/2022","3,550","3,485","3,687","3,478","61.75K","1.84%"
"09/07/2022","3,486","3,566","3,566","3,470","303.10K","-1.22%"
"09/06/2022","3,529","3,579","3,685","3,505","44.56K","0.51%"
"09/05/2022","3,511","3,507","3,599","3,446","54.93K","0.77%"
"09/02/2022","3,484","3,550","3,550","3,484","31.64K","-0.14%"
"09/01/2022","3,489","3,511","3,511","3,411","46.07K","-0.31%"
"08/31/2022","3,500","3,598","3,598","3,500","70.77K","-0.06%"
"08/30/2022","3,502","3,588","3,593","3,500","35.15K","-0.26%"
"08/29/2022","3,511","3,463","3,555","3,461","54.60K","-0.96%"
"08/26/2022","3,545","3,501","3,666","3,405","137.58K","1.58%"
"08/25/2022","3,490","3,664","3,664","3,481","23.69K","-3.94%"
"08/24/2022","3,633","3,593","3,669","3,536","64.02K","2.66%"
"08/23/2022","3,539","3,426","3,541","3,405","66.12K","3.21%"
"08/22/2022","3,429","3,430","3,450","3,399","27.86K","-1.58%"
"08/19/2022","3,484","3,495","3,571","3,429","93.29K","0.40%"
"08/18/2022","3,470","3,457","3,510","3,420","23.58K","-1.17%"
"08/17/2022","3,511","3,457","3,530","3,445","15.46K","1.59%"
"08/16/2022","3,456","3,325","3,467","3,325","94.84K","4.07%"
"08/15/2022","3,321","3,346","3,400","3,321","130.00K","-1.83%"
"08/12/2022","3,383","3,396","3,430","3,323","146.00K","-0.97%"
"08/11/2022","3,416","3,496","3,500","3,400","122.33K","-3.06%"
"08/10/2022","3,524","3,574","3,575","3,516","24.89K","-1.45%"
"08/08/2022","3,576","3,544","3,666","3,536","171.29K","1.45%"
"08/05/2022","3,525","3,598","3,606","3,485","348.31K","-0.90%"
"08/04/2022","3,557","3,650","3,650","3,511","39.88K","-3.53%"
"08/03/2022","3,687","3,510","3,718","3,510","39.20K","2.36%"
"08/02/2022","3,602","3,696","3,696","3,544","99.22K","-2.57%"
"08/01/2022","3,697","3,612","3,747","3,576","38.00K","0.60%"
"07/29/2022","3,675","3,659","3,751","3,600","27.60K","2.08%"
"07/28/2022","3,600","3,669","3,670","3,564","508.09K","0.00%"
"07/27/2022","3,600","3,530","3,600","3,530","237.29K","2.33%"
"07/26/2022","3,518","3,546","3,550","3,464","116.75K","-0.82%"
"07/25/2022","3,547","3,760","3,760","3,547","109.77K","-2.55%"
"07/22/2022","3,640","3,600","3,687","3,594","155.68K","0.41%"
"07/21/2022","3,625","3,581","3,644","3,563","60.08K","1.37%"
"07/20/2022","3,576","3,430","3,581","3,430","76.88K","0.93%"
"07/19/2022","3,543","3,429","3,627","3,429","107.51K","1.06%"
"07/18/2022","3,506","3,490","3,545","3,450","152.96K","0.83%"
"07/15/2022","3,477","3,474","3,509","3,438","67.67K","-0.46%"
"07/14/2022","3,493","3,510","3,510","3,453","61.82K","-0.74%"
"07/13/2022","3,519","3,590","3,590","3,474","251.08K","-1.37%"
"07/12/2022","3,568","3,599","3,599","3,502","60.57K","1.28%"
"07/11/2022","3,523","3,509","3,552","3,509","34.58K","-1.26%"
"07/08/2022","3,568","3,579","3,579","3,527","143.51K","0.56%"
"07/07/2022","3,548","3,550","3,580","3,528","110.95K","1.52%"
"07/06/2022","3,495","3,550","3,582","3,411","98.94K","-2.29%"
"07/05/2022","3,577","3,561","3,584","3,500","45.65K","1.71%"
"07/04/2022","3,517","3,571","3,571","3,470","51.65K","0.72%"
"07/01/2022","3,492","3,457","3,513","3,419","114.16K","1.81%"
"06/30/2022","3,430","3,630","3,630","3,401","194.47K","-2.64%"
"06/29/2022","3,523","3,499","3,571","3,473","78.63K","-0.48%"
"06/28/2022","3,540","3,541","3,592","3,470","168.20K","1.64%"
"06/27/2022","3,483","3,600","3,626","3,440","118.70K","-1.25%"
"06/24/2022","3,527","3,461","3,590","3,460","154.43K","1.73%"
"06/23/2022","3,467","3,450","3,509","3,433","254.43K","0.35%"
"06/22/2022","3,455","3,536","3,556","3,410","342.47K","-1.06%"
"06/21/2022","3,492","3,635","3,635","3,492","147.32K","-1.77%"
"06/20/2022","3,555","3,387","3,600","3,387","136.34K","4.96%"
"06/17/2022","3,387","3,700","3,702","3,387","562.70K","-7.86%"
"06/15/2022","3,676","3,653","3,729","3,563","291.80K","1.13%"
"06/14/2022","3,635","3,700","3,709","3,495","309.09K","-2.60%"
"06/13/2022","3,732","3,895","3,900","3,723","247.88K","-4.36%"
"06/10/2022","3,902","3,884","3,938","3,881","300.33K","-0.23%"
"06/09/2022","3,911","3,813","3,985","3,811","267.54K","1.43%"
"06/08/2022","3,856","3,821","3,907","3,811","1.27M","0.44%"
"06/07/2022","3,839","4,002","4,011","3,839","58.40K","-3.35%"
"06/06/2022","3,972","4,009","4,009","3,855","652.69K","3.22%"
"06/03/2022","3,848","3,889","3,907","3,843","732.86K","0.68%"
"06/02/2022","3,822","3,890","3,890","3,800","232.13K","-1.34%"
"06/01/2022","3,874","3,784","3,927","3,781","567.68K","-1.92%"
"05/31/2022","3,950","3,921","3,976","3,823","641.36K","0.30%"
"05/30/2022","3,938","4,024","4,061","3,926","637.51K","-1.65%"
"05/27/2022","4,004","3,901","4,052","3,901","204.65K","2.64%"
"05/26/2022","3,901","3,800","3,911","3,790","705.91K","2.66%"
"05/25/2022","3,800","3,859","3,859","3,738","540.78K","-0.78%"
"05/24/2022","3,830","3,906","3,960","3,799","859.84K","-1.47%"
"05/23/2022","3,887","3,851","4,002","3,850","621.96K","1.49%"
"05/20/2022","3,830","3,852","3,904","3,829","550.80K","-0.52%"
"05/19/2022","3,850","3,833","3,905","3,785","694.59K","-0.23%"
"05/18/2022","3,859","3,901","4,030","3,806","1.13M","-1.93%"
"05/17/2022","3,935","4,050","4,112","3,935","586.56K","-2.84%"
"05/16/2022","4,050","4,050","4,195","3,951","543.90K","-0.49%"
"05/13/2022","4,070","4,070","4,149","4,001","510.42K","-1.67%"
"05/12/2022","4,139","4,050","4,180","3,963","207.06K","-0.12%"
"05/11/2022","4,144","4,200","4,226","4,072","239.51K","-1.33%"
"05/10/2022","4,200","4,210","4,260","4,075","430.96K","-1.48%"
"05/09/2022","4,263","4,150","4,293","4,087","166.50K","3.70%"
"05/06/2022","4,111","4,102","4,204","3,992","489.13K","-0.27%"
"05/05/2022","4,122","4,151","4,205","4,001","242.21K","-0.60%"
"05/04/2022","4,147","4,125","4,200","4,100","296.13K","0.85%"
"05/03/2022","4,112","4,225","4,225","4,053","80.35K","-2.81%"
"04/29/2022","4,231","4,187","4,274","4,187","85.81K","1.32%"
"04/28/2022","4,176","4,189","4,205","4,135","66.15K","1.51%"
"04/26/2022","4,114","4,000","4,190","3,960","347.58K","4.15%"
"04/25/2022","3,950","4,000","4,000","3,875","66.08K","-1.55%"
"04/22/2022","4,012","4,100","4,100","3,990","86.47K","-1.74%"
"04/21/2022","4,083","4,028","4,100","4,019","444.64K","2.08%"
"04/20/2022","4,000","4,000","4,099","4,000","603.12K","1.09%"
"04/19/2022","3,957","4,099","4,099","3,957","56.72K","-0.73%"
"04/14/2022","3,986","4,031","4,031","3,919","229.56K","-0.18%"
"04/13/2022","3,993","4,003","4,006","3,965","52.59K","-0.27%"
"04/12/2022","4,004","4,108","4,108","4,000","52.14K","-0.37%"
"04/11/2022","4,019","4,199","4,199","4,019","19.00K","-2.88%"
"04/08/2022","4,138","4,025","4,192","4,025","31.60K","2.81%"
"04/07/2022","4,025","4,100","4,155","4,025","118.70K","-1.90%"
"04/06/2022","4,103","4,285","4,285","4,010","170.52K","-4.27%"
"04/05/2022","4,286","4,003","4,337","4,003","177.05K","7.15%"
"04/04/2022","4,000","4,090","4,090","3,966","85.68K","0.00%"
"04/01/2022","4,000","3,987","4,064","3,930","40.97K","1.39%"
"03/31/2022","3,945","4,055","4,055","3,877","76.20K","-2.83%"
"03/30/2022","4,060","4,090","4,090","4,037","81.30K","-0.32%"
"03/29/2022","4,073","4,010","4,085","3,926","63.10K","1.83%"
"03/28/2022","4,000","4,050","4,061","3,850","198.15K","4.96%"
"03/25/2022","3,811","3,899","3,899","3,750","83.98K","0.82%"
"03/24/2022","3,780","3,816","3,850","3,726","179.25K","-0.94%"
"03/23/2022","3,816","4,000","4,000","3,816","52.14K","-4.65%"
"03/22/2022","4,002","4,204","4,298","4,002","99.07K","-4.80%"
"03/18/2022","4,204","4,153","4,204","4,014","632.09K","0.55%"
"03/17/2022","4,181","4,317","4,317","4,052","62.82K","-0.88%"
"03/16/2022","4,218","4,064","4,320","4,064","82.81K","3.76%"
"03/15/2022","4,065","4,095","4,193","3,985","186.81K","1.32%"
"03/14/2022","4,012","3,975","4,041","3,942","266.37K","2.56%"
"03/11/2022","3,912","4,003","4,051","3,912","19.92K","-2.86%"
"03/10/2022","4,027","3,940","4,027","3,920","243.59K","5.06%"
"03/09/2022","3,833","3,830","3,940","3,745","166.45K","1.54%"
"03/08/2022","3,775","3,657","3,816","3,600","111.79K","4.86%"
"03/07/2022","3,600","3,507","3,653","3,385","202.30K","-0.03%"
"03/04/2022","3,601","3,979","3,979","3,488","189.98K","-9.98%"
"03/03/2022","4,000","3,948","4,118","3,851","266.10K","1.27%"
"03/02/2022","3,950","4,066","4,090","3,809","50.07K","-4.82%"
"03/01/2022","4,150","3,980","4,280","3,980","178.51K","3.54%"
"02/28/2022","4,008","3,890","4,050","3,890","159.40K","3.03%"
"02/25/2022","3,890","3,900","3,952","3,890","85.02K","-0.26%"
"02/24/2022","3,900","3,925","3,945","3,829","375.04K","-0.13%"
"02/23/2022","3,905","3,986","3,986","3,905","80.86K","-0.05%"
"02/22/2022","3,907","3,894","3,985","3,870","205.72K","0.33%"
"02/21/2022","3,894","3,986","3,986","3,794","86.02K","-0.92%"
"02/18/2022","3,930","3,984","3,986","3,760","67.88K","0.05%"
"02/17/2022","3,928","3,949","3,993","3,928","399.19K","1.32%"
"02/16/2022","3,877","3,867","3,962","3,807","334.80K","1.10%"
"02/15/2022","3,835","3,922","3,938","3,749","150.00K","-0.21%"
"02/14/2022","3,843","4,013","4,140","3,836","135.72K","-6.15%"
"02/11/2022","4,095","3,905","4,095","3,903","84.01K","4.09%"
"02/10/2022","3,934","3,870","4,058","3,812","124.03K","-0.10%"
"02/09/2022","3,938","4,100","4,126","3,823","288.85K","-2.31%"
"02/08/2022","4,031","3,895","4,086","3,895","63.23K","1.51%"
"02/07/2022","3,971","3,819","3,971","3,810","923.56K","5.28%"
"02/04/2022","3,772","3,750","3,850","3,688","302.21K","2.06%"
"02/03/2022","3,696","3,798","3,874","3,696","72.81K","-1.44%"
"02/02/2022","3,750","3,735","3,864","3,651","102.31K","1.35%"
"02/01/2022","3,700","3,835","3,877","3,680","202.37K","-0.67%"
"01/31/2022","3,725","3,663","3,725","3,574","327.81K","4.52%"
"01/28/2022","3,564","3,749","3,749","3,505","54.08K","-5.21%"
"01/27/2022","3,760","3,655","3,760","3,600","72.22K","2.82%"
"01/26/2022","3,657","3,803","3,803","3,656","32.34K","0.00%"
"01/25/2022","3,657","3,800","3,864","3,655","56.82K","-4.12%"
"01/24/2022","3,814","3,900","3,969","3,775","174.54K","-3.42%"
"01/21/2022","3,949","4,021","4,150","3,947","218.65K","-1.79%"
"01/20/2022","4,021","3,850","4,021","3,850","694.56K","5.82%"
"01/19/2022","3,800","3,746","3,834","3,655","164.98K","2.70%"
"01/18/2022","3,700","3,650","3,730","3,602","58.27K","0.54%"
"01/17/2022","3,680","3,800","3,800","3,680","104.74K","-1.97%"
"01/14/2022","3,754","3,812","3,819","3,750","19.02K","-1.24%"
"01/13/2022","3,801","3,881","3,929","3,760","113.30K","-2.49%"
"01/12/2022","3,898","3,993","4,011","3,855","98.21K","0.39%"
"01/11/2022","3,883","3,807","3,949","3,807","121.18K","0.08%"
"01/10/2022","3,880","3,850","3,929","3,800","95.20K","0.05%"
"01/07/2022","3,878","3,998","3,998","3,852","46.19K","-1.45%"
"01/06/2022","3,935","3,926","3,961","3,925","75.27K","-0.38%"
"01/05/2022","3,950","3,901","3,980","3,901","51.49K","1.57%"
"01/04/2022","3,889","3,900","4,012","3,850","100.89K","-1.54%"
"01/03/2022","3,950","3,980","3,980","3,950","31.25K","-0.75%"
"12/31/2021","3,980","3,862","3,980","3,802","30.76K","1.20%"
"12/30/2021","3,933","3,967","3,979","3,830","47.66K","1.50%"
"12/29/2021","3,875","3,980","3,980","3,834","114.79K","-1.90%"
"12/28/2021","3,950","4,075","4,075","3,889","39.98K","-1.25%"
"12/24/2021","4,000","3,942","4,075","3,753","87.81K","0.05%"
"12/23/2021","3,998","4,047","4,047","3,915","90.68K","0.45%"
"12/22/2021","3,980","3,878","4,009","3,763","735.05K","1.20%"
"12/21/2021","3,933","3,980","3,980","3,752","91.98K","0.31%"
"12/20/2021","3,921","3,900","3,973","3,752","153.88K","0.41%"
"12/17/2021","3,905","4,000","4,089","3,800","465.16K","-1.64%"
"12/15/2021","3,970","3,913","3,989","3,764","1.35M","6.21%"
"12/14/2021","3,738","3,836","3,836","3,635","81.19K","-0.43%"
"12/13/2021","3,754","3,604","3,793","3,540","94.66K","7.07%"
"12/10/2021","3,506","3,715","3,738","3,453","100.10K","-4.96%"
"12/09/2021","3,689","3,680","3,741","3,651","69.97K","2.19%"
"12/08/2021","3,610","4,050","4,050","3,594","182.95K","-8.79%"
"12/07/2021","3,958","4,000","4,096","3,891","245.49K","1.49%"
"12/06/2021","3,900","3,850","3,929","3,800","151.54K","2.63%"
"12/03/2021","3,800","3,659","3,838","3,659","127.94K","0.00%"
"12/02/2021","3,800","3,701","3,882","3,601","113.44K","7.19%"
"12/01/2021","3,545","3,580","3,688","3,469","105.44K","-1.53%"
"11/30/2021","3,600","3,649","3,697","3,548","154.44K","0.56%"
"11/29/2021","3,580","3,599","3,599","3,500","62.91K","2.26%"
"11/26/2021","3,501","3,561","3,650","3,493","309.02K","-4.53%"
"11/25/2021","3,667","3,540","3,785","3,493","145.83K","5.89%"
"11/24/2021","3,463","3,634","3,750","3,463","80.18K","-3.19%"
"11/23/2021","3,577","3,800","3,801","3,515","63.45K","-1.30%"
"11/22/2021","3,624","4,040","4,040","3,623","88.36K","-1.60%"
"11/19/2021","3,683","3,720","3,720","3,450","51.66K","2.36%"
"11/18/2021","3,598","3,850","3,900","3,589","76.38K","-3.28%"
"11/17/2021","3,720","4,240","4,240","3,719","79.32K","-3.73%"
"11/16/2021","3,864","3,800","3,915","3,776","132.08K","1.74%"
"11/15/2021","3,798","3,846","3,846","3,700","102.10K","-0.05%"
"11/12/2021","3,800","3,900","3,955","3,763","117.84K","-1.96%"
"11/11/2021","3,876","3,799","3,876","3,701","75.07K","4.76%"
"11/10/2021","3,700","3,623","3,782","3,621","213.97K","2.78%"
"11/09/2021","3,600","3,700","3,764","3,572","381.95K","0.56%"
"11/08/2021","3,580","3,550","3,652","3,550","206.52K","1.13%"
"11/05/2021","3,540","3,522","3,580","3,500","232.21K","0.25%"
"11/04/2021","3,531","3,499","3,539","3,380","426.56K","2.79%"
"11/03/2021","3,435","3,424","3,500","3,323","198.95K","5.21%"
"11/02/2021","3,265","3,265","3,444","3,265","141.55K","0.00%"
"10/29/2021","3,265","3,240","3,348","3,225","248.56K","0.77%"
"10/28/2021","3,240","3,460","3,460","3,240","93.64K","-1.82%"
"10/27/2021","3,300","3,381","3,381","3,285","46.57K","-0.93%"
"10/26/2021","3,331","3,490","3,490","3,331","33.95K","-2.74%"
"10/25/2021","3,425","3,465","3,499","3,374","103.13K","-1.83%"
"10/22/2021","3,489","3,517","3,517","3,283","115.69K","1.51%"
"10/21/2021","3,437","3,291","3,478","3,291","651.50K","3.06%"
"10/20/2021","3,335","3,397","3,397","3,264","118.50K","0.15%"
"10/19/2021","3,330","3,400","3,400","3,270","80.82K","0.91%"
"10/18/2021","3,300","3,336","3,393","3,283","124.19K","-1.17%"
"10/15/2021","3,339","3,309","3,350","3,244","71.38K","3.12%"
"10/14/2021","3,238","3,400","3,479","3,186","272.32K","-2.03%"
"10/13/2021","3,305","3,389","3,471","3,305","72.46K","-1.58%"
"10/12/2021","3,358","3,266","3,397","3,238","108.28K","1.76%"
"10/11/2021","3,300","3,357","3,475","3,300","49.42K","-5.74%"
"10/08/2021","3,501","3,520","3,629","3,501","88.34K","0.03%"
"10/07/2021","3,500","3,440","3,526","3,440","85.69K","0.06%"
"10/06/2021","3,498","3,500","3,560","3,453","212.56K","-0.88%"
"10/05/2021","3,529","3,689","3,689","3,475","547.21K","1.26%"
"10/04/2021","3,485","3,562","3,562","3,448","350.80K","-2.16%"
"10/01/2021","3,562","3,616","3,650","3,491","341.49K","-1.79%"
"09/30/2021","3,627","3,605","3,636","3,604","482.98K","-0.30%"
"09/29/2021","3,638","3,441","3,638","3,441","106.93K","4.21%"
"09/28/2021","3,491","3,428","3,520","3,352","216.49K","-0.29%"
"09/27/2021","3,501","3,621","3,649","3,501","370.25K","-4.71%"
"09/23/2021","3,674","3,640","3,721","3,540","816.79K","1.63%"
"09/22/2021","3,615","3,275","3,742","3,275","281.92K","9.95%"
"09/21/2021","3,288","3,149","3,304","3,149","282.28K","5.01%"
"09/20/2021","3,131","3,170","3,190","3,020","522.84K","1.33%"
"09/17/2021","3,090","3,049","3,199","3,040","1.16M","1.95%"
"09/16/2021","3,031","2,988","3,050","2,985","911.65K","1.85%"
"09/15/2021","2,976","2,975","3,000","2,955","970.82K","0.03%"
"09/14/2021","2,975","3,050","3,050","2,975","134.73K","-0.67%"
"09/13/2021","2,995","2,919","3,050","2,919","358.31K","3.63%"
"09/10/2021","2,890","2,962","2,974","2,845","132.69K","-1.10%"
"09/09/2021","2,922","2,880","2,950","2,838","700.03K","1.18%"
"09/08/2021","2,888","2,900","2,950","2,828","79.31K","-2.10%"
"09/07/2021","2,950","3,008","3,031","2,801","112.47K","-0.61%"
"09/06/2021","2,968","3,014","3,050","2,920","1.04M","1.23%"
"09/03/2021","2,932","2,957","2,961","2,912","32.46K","-0.61%"
"09/02/2021","2,950","3,010","3,016","2,902","93.18K","-0.64%"
"09/01/2021","2,969","2,975","3,012","2,863","916.90K","0.64%"
"08/31/2021","2,950","2,975","2,975","2,900","820.28K","0.41%"
"08/30/2021","2,938","2,900","2,942","2,836","127.70K","3.71%"
"08/27/2021","2,833","2,800","2,945","2,709","226.23K","2.02%"
"08/26/2021","2,777","2,920","2,925","2,774","68.02K","-4.57%"
"08/25/2021","2,910","2,999","2,999","2,902","26.55K","-2.71%"
"08/24/2021","2,991","2,974","3,044","2,921","43.36K","0.00%"
"08/23/2021","2,991","3,001","3,037","2,985","148.41K","0.20%"
"08/20/2021","2,985","2,966","2,985","2,946","102.96K","0.74%"
"08/19/2021","2,963","2,997","3,000","2,890","179.56K","-1.10%"
"08/18/2021","2,996","2,930","3,000","2,908","55.61K","1.05%"
"08/17/2021","2,965","2,995","2,998","2,935","214.29K","-0.67%"
"08/16/2021","2,985","2,930","2,998","2,930","54.49K","0.17%"
"08/13/2021","2,980","3,031","3,078","2,975","67.91K","0.34%"
"08/12/2021","2,970","2,985","3,058","2,955","1.46M","0.58%"
"08/11/2021","2,953","3,000","3,029","2,934","60.39K","0.10%"
"08/10/2021","2,950","3,067","3,067","2,931","84.04K","-2.90%"
"08/06/2021","3,038","3,099","3,109","3,015","267.36K","1.27%"
"08/05/2021","3,000","2,900","3,050","2,900","640.68K","3.45%"
"08/04/2021","2,900","2,873","3,050","2,838","1.03M","1.75%"
"08/03/2021","2,850","2,877","2,877","2,814","173.83K","0.49%"
"08/02/2021","2,836","3,035","3,035","2,830","137.69K","-0.49%"
"07/30/2021","2,850","3,005","3,048","2,850","278.69K","-4.43%"
"07/29/2021","2,982","2,947","3,020","2,947","174.90K","1.12%"
"07/28/2021","2,949","2,933","2,966","2,910","44.22K","1.87%"
"07/27/2021","2,895","2,945","3,002","2,851","398.03K","-0.24%"
"07/26/2021","2,902","3,050","3,050","2,882","116.01K","-2.45%"
"07/23/2021","2,975","2,987","2,998","2,918","168.17K","0.10%"
"07/22/2021","2,972","2,989","3,000","2,931","296.22K","-2.20%"
"07/21/2021","3,039","2,939","3,040","2,939","36.80K","1.47%"
"07/20/2021","2,995","3,005","3,009","2,950","83.28K","0.17%"
"07/19/2021","2,990","2,950","3,045","2,950","90.79K","-0.33%"
"07/16/2021","3,000","3,045","3,099","2,990","30.44K","-1.32%"
"07/15/2021","3,040","3,070","3,119","3,030","141.78K","-1.62%"
"07/14/2021","3,090","2,979","3,156","2,950","142.65K","4.75%"
"07/13/2021","2,950","3,080","3,191","2,950","681.99K","-5.45%"
"07/12/2021","3,120","2,975","3,200","2,926","324.60K","5.76%"
"07/09/2021","2,950","3,060","3,157","2,902","750.58K","-1.67%"
"07/08/2021","3,000","3,051","3,099","2,955","257.52K","-4.40%"
"07/07/2021","3,138","3,080","3,294","3,002","152.45K","0.06%"
"07/06/2021","3,136","3,147","3,213","3,012","140.32K","-0.60%"
"07/05/2021","3,155","3,230","3,230","3,014","42.25K","-0.91%"
"07/02/2021","3,184","3,214","3,240","3,156","39.68K","-2.00%"
"07/01/2021","3,249","3,232","3,288","3,174","98.55K","-0.46%"
"06/30/2021","3,264","3,287","3,291","3,195","149.06K","-1.00%"
"06/29/2021","3,297","3,226","3,316","3,162","145.66K","1.67%"
"06/28/2021","3,243","3,317","3,317","3,200","59.25K","-2.23%"
"06/25/2021","3,317","3,362","3,399","3,217","355.50K","-1.54%"
"06/24/2021","3,369","3,241","3,389","3,219","61.63K","1.78%"
"06/23/2021","3,310","3,263","3,350","3,207","109.33K","-0.45%"
"06/22/2021","3,325","3,431","3,455","3,314","183.10K","-3.23%"
"06/21/2021","3,436","3,371","3,640","3,345","845.97K","-4.50%"
"06/18/2021","3,598","3,275","3,598","3,246","762.67K","8.37%"
"06/17/2021","3,320","3,292","3,490","3,190","147.94K","1.78%"
"06/15/2021","3,262","3,299","3,478","3,200","319.45K","-1.09%"
"06/14/2021","3,298","3,150","3,300","3,102","56.38K","3.06%"
"06/11/2021","3,200","3,094","3,295","3,072","334.21K","4.27%"
"06/10/2021","3,069","3,170","3,185","3,056","135.87K","-3.25%"
"06/09/2021","3,172","3,165","3,219","3,108","82.70K","1.73%"
"06/08/2021","3,118","3,131","3,157","3,101","150.87K","-0.70%"
"06/07/2021","3,140","3,140","3,244","3,104","169.58K","-0.35%"
"06/04/2021","3,151","3,285","3,285","3,101","292.29K","-3.73%"
"06/03/2021","3,273","3,224","3,300","3,201","91.03K","2.03%"
"06/02/2021","3,208","3,229","3,229","3,188","129.25K","-1.23%"
"06/01/2021","3,248","3,302","3,310","3,235","125.01K","-1.22%"
"05/31/2021","3,288","3,260","3,310","3,260","277.51K","-0.78%"
"05/28/2021","3,314","3,290","3,349","3,238","217.96K","1.41%"
"05/27/2021","3,268","3,325","3,335","3,268","180.09K","-1.71%"
"05/26/2021","3,325","3,253","3,331","3,253","166.82K","1.43%"
"05/25/2021","3,278","3,280","3,313","3,176","401.63K","-0.36%"
"05/24/2021","3,290","3,400","3,436","3,250","409.08K","-3.24%"
"05/21/2021","3,400","3,207","3,499","3,146","348.96K","5.92%"
"05/20/2021","3,210","3,215","3,236","3,166","452.05K","0.47%"
"05/19/2021","3,195","3,019","3,195","2,942","181.75K","6.64%"
"05/18/2021","2,996","2,925","3,051","2,912","286.03K","2.43%"
"05/17/2021","2,925","2,880","2,925","2,850","641.74K","1.56%"
"05/14/2021","2,880","2,866","2,922","2,786","499.53K","1.41%"
"05/13/2021","2,840","2,848","2,905","2,821","827.11K","1.18%"
"05/12/2021","2,807","3,000","3,000","2,807","297.39K","-0.35%"
"05/11/2021","2,817","2,825","2,885","2,790","158.40K","0.61%"
"05/10/2021","2,800","2,690","2,824","2,671","669.49K","5.26%"
"05/07/2021","2,660","2,573","2,686","2,552","343.46K","3.38%"
"05/06/2021","2,573","2,633","2,690","2,554","59.80K","-2.17%"
"05/05/2021","2,630","2,551","2,630","2,551","203.95K","2.65%"
"05/04/2021","2,562","2,600","2,600","2,551","200.44K","-1.46%"
"05/03/2021","2,600","2,651","2,689","2,552","47.09K","-1.92%"
"04/30/2021","2,651","2,770","2,770","2,651","99.76K","-4.30%"
"04/29/2021","2,770","2,759","2,810","2,732","136.71K","-1.56%"
"04/28/2021","2,814","2,725","2,814","2,725","123.44K","1.96%"
"04/26/2021","2,760","2,829","2,829","2,755","190.95K","0.00%"
"04/23/2021","2,760","2,732","2,772","2,725","87.86K","0.77%"
"04/22/2021","2,739","2,769","2,779","2,725","33.11K","-1.08%"
"04/21/2021","2,769","2,859","2,859","2,748","77.76K","-3.18%"
"04/20/2021","2,860","2,920","2,933","2,860","43.57K","-1.38%"
"04/19/2021","2,900","2,862","2,924","2,860","192.58K","1.40%"
"04/16/2021","2,860","2,805","2,866","2,798","190.06K","2.14%"
"04/15/2021","2,800","2,875","2,899","2,753","181.38K","1.71%"
"04/14/2021","2,753","2,706","2,875","2,650","179.49K","0.07%"
"04/13/2021","2,751","2,828","2,830","2,675","143.61K","-2.89%"
"04/12/2021","2,833","2,905","2,926","2,825","226.31K","-2.65%"
"04/09/2021","2,910","2,950","2,957","2,910","451.56K","-1.69%"
"04/08/2021","2,960","2,992","2,992","2,938","38.16K","-0.13%"
"04/07/2021","2,964","2,900","2,964","2,900","312.20K","0.75%"
"04/06/2021","2,942","2,991","2,991","2,921","564.11K","0.27%"
"04/01/2021","2,934","2,880","3,000","2,868","122.23K","3.31%"
"03/31/2021","2,840","2,801","2,899","2,769","407.09K","0.00%"
"03/30/2021","2,840","2,739","2,840","2,739","151.51K","3.27%"
"03/29/2021","2,750","2,733","2,750","2,696","97.37K","0.40%"
"03/26/2021","2,739","2,665","2,750","2,655","124.63K","2.58%"
"03/25/2021","2,670","2,727","2,727","2,651","241.48K","-1.11%"
"03/24/2021","2,700","2,737","2,737","2,686","118.52K","-2.17%"
"03/23/2021","2,760","2,760","2,794","2,745","618.77K","-0.18%"
"03/19/2021","2,765","2,719","2,765","2,690","535.27K","1.65%"
"03/18/2021","2,720","2,690","2,782","2,650","576.41K","1.15%"
"03/17/2021","2,689","2,642","2,698","2,640","86.29K","2.56%"
"03/16/2021","2,622","2,667","2,667","2,554","263.19K","0.46%"
"03/15/2021","2,610","2,610","2,635","2,581","41.78K","0.38%"
"03/12/2021","2,600","2,655","2,670","2,600","180.73K","-0.69%"
"03/11/2021","2,618","2,590","2,694","2,589","140.89K","1.20%"
"03/10/2021","2,587","2,590","2,600","2,550","206.70K","0.70%"
"03/09/2021","2,569","2,575","2,591","2,562","58.86K","-0.16%"
"03/08/2021","2,573","2,525","2,675","2,522","203.47K","3.33%"
"03/05/2021","2,490","2,380","2,500","2,380","399.80K","3.75%"
"03/04/2021","2,400","2,400","2,400","2,385","310.16K","0.63%"
"03/03/2021","2,385","2,380","2,415","2,350","350.72K","4.15%"
"03/02/2021","2,290","2,450","2,450","2,276","605.05K","-0.69%"
"03/01/2021","2,306","2,295","2,412","2,295","254.93K","0.65%"
"02/26/2021","2,291","2,450","2,450","2,275","117.11K","-6.49%"
"02/25/2021","2,450","2,525","2,525","2,425","65.96K","-1.21%"
"02/24/2021","2,480","2,550","2,550","2,475","173.04K","-2.75%"
"02/23/2021","2,550","2,560","2,594","2,529","298.57K","-0.08%"
"02/22/2021","2,552","2,513","2,564","2,506","157.94K","0.08%"
"02/19/2021","2,550","2,512","2,550","2,500","46.78K","0.00%"
"02/18/2021","2,550","2,599","2,599","2,503","80.68K","0.00%"
"02/17/2021","2,550","2,661","2,661","2,535","66.86K","-4.17%"
"02/16/2021","2,661","2,632","2,661","2,512","99.78K","0.64%"
"02/15/2021","2,644","2,749","2,769","2,637","249.59K","-3.33%"
"02/12/2021","2,735","2,762","2,785","2,730","29.46K","-2.32%"
"02/11/2021","2,800","2,850","2,896","2,775","212.27K","-3.31%"
"02/10/2021","2,896","2,700","3,000","2,700","80.02K","7.26%"
"02/09/2021","2,700","2,687","2,737","2,651","135.68K","0.86%"
"02/08/2021","2,677","2,650","2,680","2,614","198.37K","1.29%"
"02/05/2021","2,643","2,644","2,700","2,620","385.55K","0.65%"
"02/04/2021","2,626","2,623","2,644","2,623","130.16K","0.38%"
"02/03/2021","2,616","2,600","2,640","2,583","326.26K","1.40%"
"02/02/2021","2,580","2,575","2,599","2,546","60.05K","1.14%"
"02/01/2021","2,551","2,535","2,568","2,530","47.59K","0.83%"
"01/29/2021","2,530","2,540","2,540","2,525","33.26K","0.20%"
"01/28/2021","2,525","2,530","2,535","2,513","107.61K","-0.20%"
"01/27/2021","2,530","2,525","2,534","2,500","360.24K","0.20%"
"01/26/2021","2,525","2,459","2,525","2,459","199.65K","1.32%"
"01/25/2021","2,492","2,424","2,492","2,378","65.05K","3.40%"
"01/22/2021","2,410","2,399","2,410","2,320","79.93K","2.99%"
"01/21/2021","2,340","2,330","2,393","2,319","44.58K","-0.21%"
"01/20/2021","2,345","2,350","2,357","2,300","34.95K","1.91%"
"01/19/2021","2,301","2,262","2,348","2,250","28.22K","2.72%"
"01/18/2021","2,240","2,275","2,299","2,240","32.21K","0.00%"
"01/15/2021","2,240","2,270","2,270","2,224","278.17K","1.04%"
"01/14/2021","2,217","2,200","2,275","2,155","102.50K","2.31%"
"01/13/2021","2,167","2,196","2,200","2,140","159.38K","2.27%"
"01/12/2021","2,119","2,160","2,199","2,109","65.07K","-1.90%"
"01/11/2021","2,160","2,168","2,177","2,105","111.15K","0.61%"
"01/08/2021","2,147","2,194","2,300","2,147","14.82K","0.47%"
"01/07/2021","2,137","2,106","2,207","2,106","45.99K","1.76%"
"01/06/2021","2,100","2,120","2,250","2,100","63.52K","-0.24%"
"01/05/2021","2,105","2,121","2,325","2,100","31.64K","-0.94%"
"01/04/2021","2,125","2,201","2,205","2,125","53.45K","-1.16%"
"12/31/2020","2,150","2,281","2,281","2,149","47.13K","-1.83%"
"12/30/2020","2,190","2,222","2,222","2,160","3.98K","-0.45%"
"12/29/2020","2,200","2,249","2,249","2,180","4.64K","-3.76%"
"12/28/2020","2,286","2,300","2,300","2,150","10.73K","2.88%"
"12/24/2020","2,222","2,311","2,311","2,222","16.63K","0.18%"
"12/23/2020","2,218","2,206","2,260","2,200","29.50K","-0.09%"
"12/22/2020","2,220","2,261","2,349","2,213","75.05K","-1.77%"
"12/21/2020","2,260","2,325","2,334","2,201","61.47K","-2.67%"
"12/18/2020","2,322","2,399","2,399","2,300","146.35K","-3.41%"
"12/17/2020","2,404","2,350","2,425","2,301","50.94K","3.22%"
"12/15/2020","2,329","2,375","2,387","2,325","54.44K","-1.94%"
"12/14/2020","2,375","2,370","2,401","2,351","422.00K","-0.13%"
"12/11/2020","2,378","2,407","2,408","2,360","244.67K","-0.79%"
"12/10/2020","2,397","2,367","2,397","2,337","20.52K","2.57%"
"12/09/2020","2,337","2,349","2,400","2,325","733.83K","0.04%"
"12/08/2020","2,336","2,182","2,375","2,182","128.09K","7.11%"
"12/07/2020","2,181","2,275","2,275","2,176","126.94K","-1.98%"
"12/04/2020","2,225","2,330","2,360","2,059","175.28K","-4.63%"
"12/03/2020","2,333","2,450","2,450","2,333","51.67K","-4.58%"
"12/02/2020","2,445","2,499","2,499","2,435","48.06K","-0.97%"
"12/01/2020","2,469","2,550","2,580","2,455","87.91K","-1.24%"
"11/30/2020","2,500","2,525","2,530","2,479","458.76K","0.00%"
"11/27/2020","2,500","2,504","2,524","2,476","182.98K","0.60%"
"11/26/2020","2,485","2,485","2,490","2,480","61.52K","0.81%"
"11/25/2020","2,465","2,511","2,511","2,451","136.28K","0.20%"
"11/24/2020","2,460","2,508","2,508","2,399","424.77K","-2.88%"
"11/23/2020","2,533","2,549","2,550","2,450","95.06K","0.04%"
"11/20/2020","2,532","2,479","2,535","2,453","102.57K","3.30%"
"11/19/2020","2,451","2,399","2,451","2,352","256.63K","2.17%"
"11/18/2020","2,399","2,295","2,401","2,251","333.59K","8.16%"
"11/17/2020","2,218","2,103","2,374","2,103","402.27K","5.62%"
"11/16/2020","2,100","2,065","2,124","2,065","13.22K","1.25%"
"11/13/2020","2,074","2,050","2,074","2,005","309.02K","0.73%"
"11/12/2020","2,059","2,074","2,074","2,003","103.50K","0.00%"
"11/11/2020","2,059","2,130","2,130","1,925","1.62M","2.34%"
"11/10/2020","2,012","2,140","2,140","2,000","253.42K","-1.95%"
"11/09/2020","2,052","2,075","2,150","2,026","148.28K","1.48%"
"11/06/2020","2,022","1,945","2,050","1,945","64.21K","4.01%"
"11/05/2020","1,944","1,980","2,027","1,935","376.27K","-1.82%"
"11/04/2020","1,980","2,000","2,000","1,970","412.22K","0.51%"
"11/03/2020","1,970","2,016","2,016","1,970","41.66K","1.03%"
"11/02/2020","1,950","1,950","2,015","1,950","143.39K","-2.55%"
"10/30/2020","2,001","2,068","2,113","1,951","1.23M","-0.94%"
"10/29/2020","2,020","2,110","2,110","1,987","257.97K","-3.81%"
"10/28/2020","2,100","2,167","2,167","1,969","234.39K","-0.85%"
"10/27/2020","2,118","2,275","2,281","2,110","62.74K","-6.98%"
"10/26/2020","2,277","2,371","2,371","2,277","21.41K","-4.01%"
"10/23/2020","2,372","2,433","2,433","2,350","95.79K","-2.15%"
"10/22/2020","2,424","2,451","2,540","2,408","257.92K","-3.92%"
"10/21/2020","2,523","2,425","2,550","2,424","169.31K","5.13%"
"10/20/2020","2,400","2,450","2,525","2,400","407.77K","-2.04%"
"10/19/2020","2,450","2,435","2,484","2,420","45.74K","1.74%"
"10/16/2020","2,408","2,379","2,467","2,379","47.15K","0.54%"
"10/15/2020","2,395","2,270","2,395","2,205","17.87K","2.35%"
"10/14/2020","2,340","2,221","2,344","2,221","42.93K","4.00%"
"10/13/2020","2,250","2,250","2,295","2,140","257.23K","2.27%"
"10/12/2020","2,200","2,212","2,249","2,152","179.19K","2.33%"
"10/09/2020","2,150","2,141","2,230","2,100","41.85K","2.87%"
"10/08/2020","2,090","1,950","2,200","1,910","399.54K","5.77%"
"10/07/2020","1,976","1,980","2,047","1,952","159.71K","0.25%"
"10/06/2020","1,971","1,901","2,100","1,901","275.69K","2.39%"
"10/05/2020","1,925","1,899","1,950","1,800","121.56K","2.50%"
"10/02/2020","1,878","1,990","1,990","1,700","296.53K","1.62%"
"10/01/2020","1,848","1,900","1,920","1,848","121.58K","-2.74%"
"09/30/2020","1,900","2,000","2,045","1,885","200.54K","-0.21%"
"09/29/2020","1,904","1,958","2,040","1,850","167.36K","-1.70%"
"09/28/2020","1,937","1,929","2,081","1,910","50.64K","4.25%"
"09/25/2020","1,858","1,980","2,029","1,800","102.71K","-4.28%"
"09/23/2020","1,941","2,074","2,115","1,929","65.89K","-4.90%"
"09/22/2020","2,041","2,049","2,118","1,925","89.99K","2.15%"
"09/21/2020","1,998","2,015","2,124","1,950","31.41K","2.30%"
"09/18/2020","1,953","1,900","1,990","1,900","141.65K","2.79%"
"09/17/2020","1,900","1,900","2,051","1,900","109.80K","0.00%"
"09/16/2020","1,900","1,984","2,049","1,800","587.94K","-1.30%"
"09/15/2020","1,925","2,099","2,199","1,840","240.75K","-5.87%"
"09/14/2020","2,045","2,063","2,153","2,045","65.23K","0.10%"
"09/11/2020","2,043","2,160","2,160","1,921","321.48K","-4.93%"
"09/10/2020","2,149","2,259","2,260","2,071","335.44K","-3.33%"
"09/09/2020","2,223","2,260","2,262","2,171","120.79K","-0.80%"
"09/08/2020","2,241","2,260","2,260","2,161","37.39K","-0.84%"
"09/07/2020","2,260","2,230","2,400","2,230","293.57K","0.44%"
"09/04/2020","2,250","2,450","2,464","2,250","216.24K","-6.83%"
"09/03/2020","2,415","2,500","2,500","2,344","164.07K","-0.17%"
"09/02/2020","2,419","2,289","2,443","2,289","137.97K","0.75%"
"09/01/2020","2,401","2,375","2,456","2,355","85.89K","-1.44%"
"08/31/2020","2,436","2,499","2,500","2,386","27.98K","-2.21%"
"08/28/2020","2,491","2,356","2,500","2,356","91.78K","2.93%"
"08/27/2020","2,420","2,358","2,446","2,250","36.57K","-0.41%"
"08/26/2020","2,430","2,395","2,500","2,300","56.90K","-2.80%"
"08/25/2020","2,500","2,333","2,589","2,333","62.65K","4.82%"
"08/24/2020","2,385","2,352","2,429","2,310","42.17K","-3.60%"
"08/21/2020","2,474","2,350","2,500","2,350","8.14K","4.61%"
"08/20/2020","2,365","2,378","2,430","2,252","184.77K","-0.59%"
"08/19/2020","2,379","2,364","2,379","2,364","3.08K","2.90%"
"08/18/2020","2,312","2,333","2,362","2,312","87.84K","-0.90%"
"08/17/2020","2,333","2,252","2,355","2,252","69.31K","0.56%"
"08/14/2020","2,320","2,301","2,336","2,219","150.84K","-1.28%"
"08/13/2020","2,350","2,255","2,379","2,236","99.42K","0.26%"
"08/12/2020","2,344","2,309","2,344","2,305","47.54K","0.17%"
"08/11/2020","2,340","2,378","2,379","2,330","1.72M","-1.35%"
"08/07/2020","2,372","2,349","2,380","2,300","41.28K","0.98%"
"08/06/2020","2,349","2,380","2,481","2,253","83.07K","-2.13%"
"08/05/2020","2,400","2,441","2,505","2,323","65.51K","-2.32%"
"08/04/2020","2,457","2,403","2,553","2,300","35.54K","0.66%"
"08/03/2020","2,441","2,426","2,525","2,253","89.57K","-3.52%"
"07/31/2020","2,530","2,618","2,618","2,373","38.28K","-2.69%"
"07/30/2020","2,600","2,500","2,620","2,343","223.20K","-0.99%"
"07/29/2020","2,626","2,575","2,626","2,550","431.09K","1.98%"
"07/28/2020","2,575","2,451","2,580","2,375","134.75K","0.39%"
"07/27/2020","2,565","2,455","2,575","2,434","126.73K","1.50%"
"07/24/2020","2,527","2,550","2,580","2,460","122.71K","-2.81%"
"07/23/2020","2,600","2,600","2,625","2,550","398.26K","-0.99%"
"07/22/2020","2,626","2,623","2,629","2,550","116.74K","0.11%"
"07/21/2020","2,623","2,600","2,722","2,572","155.06K","2.78%"
"07/20/2020","2,552","2,465","2,589","2,462","180.42K","0.87%"
"07/17/2020","2,530","2,450","2,602","2,401","112.20K","3.27%"
"07/16/2020","2,450","2,313","2,525","2,310","137.49K","4.26%"
"07/15/2020","2,350","2,350","2,360","2,275","274.98K","0.00%"
"07/14/2020","2,350","2,390","2,390","2,301","39.98K","0.43%"
"07/13/2020","2,340","2,125","2,369","2,124","115.76K","4.79%"
"07/10/2020","2,233","2,181","2,243","2,181","19.95K","3.38%"
"07/09/2020","2,160","2,100","2,199","2,100","85.07K","0.65%"
"07/08/2020","2,146","2,006","2,188","2,006","32.25K","2.63%"
"07/07/2020","2,091","2,138","2,187","1,985","49.69K","-1.83%"
"07/06/2020","2,130","2,095","2,249","2,036","55.03K","-2.61%"
"07/03/2020","2,187","2,090","2,200","2,035","62.14K","0.55%"
"07/02/2020","2,175","2,180","2,200","2,150","236.20K","-0.23%"
"07/01/2020","2,180","2,139","2,221","2,065","64.17K","-1.49%"
"06/30/2020","2,213","2,216","2,350","2,200","109.29K","-4.20%"
"06/29/2020","2,310","2,302","2,337","2,302","15.22K","-2.12%"
"06/26/2020","2,360","2,360","2,360","2,360","6.09K","-0.21%"
"06/25/2020","2,365","2,350","2,398","2,350","308.09K","-0.42%"
"06/24/2020","2,375","2,399","2,449","2,350","193.61K","1.93%"
"06/23/2020","2,330","2,399","2,500","2,250","129.27K","-5.67%"
"06/22/2020","2,470","2,373","2,569","2,300","25.65K","7.39%"
"06/19/2020","2,300","2,223","2,300","2,203","276.56K","4.07%"
"06/18/2020","2,210","2,150","2,237","2,150","464.22K","0.05%"
"06/17/2020","2,209","2,164","2,250","2,126","32.31K","-1.95%"
"06/15/2020","2,253","2,275","2,298","2,150","22.67K","-2.04%"
"06/12/2020","2,300","2,300","2,310","2,094","437.09K","-0.86%"
"06/11/2020","2,320","2,368","2,400","2,300","46.49K","-3.21%"
"06/10/2020","2,397","2,279","2,499","2,161","284.92K","5.83%"
"06/09/2020","2,265","2,299","2,300","2,200","100.34K","0.67%"
"06/08/2020","2,250","2,177","2,277","2,079","91.06K","1.67%"
"06/05/2020","2,213","2,170","2,226","2,040","391.04K","0.68%"
"06/04/2020","2,198","2,138","2,299","2,137","26.55K","2.85%"
"06/03/2020","2,137","2,100","2,290","2,091","357.00K","1.76%"
"06/02/2020","2,100","2,031","2,100","1,835","337.31K","7.69%"
"06/01/2020","1,950","1,811","2,095","1,811","201.61K","5.12%"
"05/29/2020","1,855","1,699","2,000","1,669","85.43K","11.08%"
"05/28/2020","1,670","1,679","1,700","1,650","74.68K","1.33%"
"05/27/2020","1,648","1,636","1,695","1,625","34.26K","0.73%"
"05/26/2020","1,636","1,590","1,636","1,540","118.19K","3.22%"
"05/25/2020","1,585","1,600","1,643","1,564","32.90K","1.60%"
"05/22/2020","1,560","1,670","1,688","1,508","292.08K","-6.59%"
"05/21/2020","1,670","1,674","1,716","1,670","146.50K","-2.51%"
"05/20/2020","1,713","1,748","1,751","1,713","17.26K","-3.66%"
"05/19/2020","1,778","1,680","1,778","1,670","88.05K","6.47%"
"05/18/2020","1,670","1,669","1,680","1,653","289.34K","0.00%"
"05/15/2020","1,670","1,671","1,760","1,670","211.30K","0.00%"
"05/14/2020","1,670","1,649","1,741","1,649","633.17K","0.00%"
"05/13/2020","1,670","1,679","1,680","1,670","233.10K","0.00%"
"05/12/2020","1,670","1,620","1,691","1,620","188.65K","-1.18%"
"05/11/2020","1,690","1,700","1,700","1,636","240.59K","-0.59%"
"05/08/2020","1,700","1,700","1,710","1,699","156.77K","-0.76%"
"05/07/2020","1,713","1,557","1,713","1,557","86.95K","0.76%"
"05/06/2020","1,700","1,667","1,711","1,667","144.61K","0.00%"
"05/05/2020","1,700","1,666","1,820","1,666","248.25K","2.10%"
"05/04/2020","1,665","1,800","1,800","1,618","208.20K","-2.92%"
"04/30/2020","1,715","1,801","1,829","1,715","18.17K","-5.92%"
"04/29/2020","1,823","1,800","1,843","1,770","34.28K","3.23%"
"04/28/2020","1,766","1,900","1,900","1,766","162.54K","-6.01%"
"04/24/2020","1,879","1,892","1,892","1,825","79.47K","-1.11%"
"04/23/2020","1,900","1,855","1,919","1,855","189.16K","1.17%"
"04/22/2020","1,878","1,856","1,900","1,851","19.83K","1.46%"
"04/21/2020","1,851","1,972","1,997","1,820","104.62K","-2.58%"
"04/20/2020","1,900","1,911","1,941","1,827","70.82K","-0.52%"
"04/17/2020","1,910","1,955","1,975","1,899","144.94K","0.53%"
"04/16/2020","1,900","1,877","1,935","1,802","148.56K","-1.81%"
"04/15/2020","1,935","1,931","2,178","1,850","11.90K","3.48%"
"04/14/2020","1,870","1,925","1,925","1,800","60.42K","-1.58%"
"04/09/2020","1,900","1,926","1,951","1,725","349.41K","-1.30%"
"04/08/2020","1,925","1,925","1,925","1,925","4.87K","0.00%"
"04/07/2020","1,925","1,801","2,002","1,800","76.95K","3.05%"
"04/06/2020","1,868","1,900","2,050","1,868","95.72K","-1.63%"
"04/03/2020","1,899","1,750","1,899","1,750","21.08K","4.92%"
"04/02/2020","1,810","1,750","1,858","1,750","91.58K","1.97%"
"04/01/2020","1,775","1,768","1,775","1,700","101.88K","1.43%"
"03/31/2020","1,750","1,804","1,841","1,749","625.29K","-0.28%"
"03/30/2020","1,755","1,750","1,799","1,749","529.27K","-2.50%"
"03/27/2020","1,800","1,750","1,892","1,708","1.56M","1.12%"
"03/26/2020","1,780","1,719","1,800","1,719","1.88M","3.19%"
"03/25/2020","1,725","1,750","1,816","1,215","64.79K","-2.54%"
"03/24/2020","1,770","1,672","1,813","1,672","245.20K","2.49%"
"03/23/2020","1,727","1,889","1,889","1,650","875.70K","-12.78%"
"03/20/2020","1,980","1,749","1,980","1,650","562.18K","16.47%"
"03/19/2020","1,700","1,650","1,722","1,631","87.82K","6.25%"
"03/18/2020","1,600","1,867","1,885","1,348","188.10K","-11.16%"
"03/17/2020","1,801","1,900","1,921","1,801","162.31K","-5.21%"
"03/16/2020","1,900","2,000","2,000","1,850","720.10K","-7.32%"
"03/13/2020","2,050","2,100","2,121","2,000","189.14K","-0.05%"
"03/12/2020","2,051","2,151","2,170","2,000","68.20K","-3.71%"
"03/11/2020","2,130","2,062","2,139","1,999","53.25K","6.50%"
"03/10/2020","2,000","2,042","2,133","1,988","111.14K","1.27%"
"03/09/2020","1,975","2,176","2,270","1,500","223.91K","-7.75%"
"03/06/2020","2,141","2,080","2,179","2,080","12.24K","-1.11%"
"03/05/2020","2,165","2,300","2,300","2,043","155.34K","-5.87%"
"03/04/2020","2,300","2,230","2,300","2,209","9.10K","4.55%"
"03/03/2020","2,200","2,118","2,310","2,118","1.46M","3.87%"
"03/02/2020","2,118","2,100","2,219","2,097","42.73K","0.86%"
"02/28/2020","2,100","2,072","2,135","2,061","394.37K","-2.33%"
"02/27/2020","2,150","2,139","2,161","2,096","14.20K","1.90%"
"02/26/2020","2,110","1,999","2,141","1,951","243.08K","2.43%"
"02/25/2020","2,060","2,151","2,221","2,010","48.93K","-4.41%"
"02/24/2020","2,155","2,266","2,266","2,150","23.27K","-4.26%"
"02/21/2020","2,251","2,253","2,323","2,251","14.68K","-3.80%"
"02/20/2020","2,340","2,399","2,400","2,331","82.75K","-2.46%"
"02/19/2020","2,399","2,350","2,399","2,252","166.31K","2.09%"
"02/18/2020","2,350","2,310","2,365","2,298","36.89K","-2.08%"
"02/17/2020","2,400","2,335","2,420","2,304","114.87K","-0.83%"
"02/14/2020","2,420","2,414","2,423","2,307","31.33K","0.62%"
"02/13/2020","2,405","2,306","2,450","2,306","33.40K","1.73%"
"02/12/2020","2,364","2,307","2,399","2,300","73.63K","-1.66%"
"02/11/2020","2,404","2,406","2,440","2,351","50.18K","0.00%"
"02/10/2020","2,404","2,340","2,469","2,261","27.73K","-1.31%"
"02/07/2020","2,436","2,301","2,436","2,301","57.44K","2.78%"
"02/06/2020","2,370","2,355","2,410","2,303","8.16K","-2.63%"
"02/05/2020","2,434","2,300","2,434","2,300","20.74K","3.14%"
"02/04/2020","2,360","2,270","2,434","2,270","13.93K","-1.05%"
"02/03/2020","2,385","2,304","2,429","2,304","28.94K","0.55%"
"01/31/2020","2,372","2,389","2,449","2,372","38.76K","-1.17%"
"01/30/2020","2,400","2,359","2,430","2,336","50.30K","-0.08%"
"01/29/2020","2,402","2,371","2,449","2,315","110.68K","0.38%"
"01/28/2020","2,393","2,304","2,393","2,304","14.12K","2.22%"
"01/27/2020","2,341","2,340","2,381","2,301","100.52K","-2.46%"
"01/24/2020","2,400","2,386","2,425","2,330","6.49K","-1.03%"
"01/23/2020","2,425","2,450","2,451","2,388","149.91K","-0.98%"
"01/22/2020","2,449","2,440","2,450","2,330","69.25K","1.20%"
"01/21/2020","2,420","2,300","2,450","2,201","118.03K","3.86%"
"01/20/2020","2,330","2,343","2,343","2,282","21.55K","0.00%"
"01/17/2020","2,330","2,329","2,330","2,300","13.12K","0.30%"
"01/16/2020","2,323","2,366","2,366","2,300","129.62K","-1.15%"
"01/15/2020","2,350","2,417","2,450","2,330","40.21K","-1.63%"
"01/14/2020","2,389","2,384","2,480","2,311","112.51K","-0.54%"
"01/13/2020","2,402","2,483","2,518","2,400","36.86K","-0.62%"
"01/10/2020","2,417","2,485","2,485","2,401","55.09K","-0.90%"
"01/09/2020","2,439","2,488","2,488","2,400","24.36K","1.54%"
"01/08/2020","2,402","2,476","2,476","2,400","22.66K","-0.99%"
"01/07/2020","2,426","2,413","2,520","2,379","135.82K","1.93%"
"01/06/2020","2,380","2,413","2,413","2,303","63.03K","-1.29%"
"01/03/2020","2,411","2,332","2,413","2,326","15.25K","1.09%"
"01/02/2020","2,385","2,356","2,399","2,316","2.92K","-0.58%"
"12/31/2019","2,399","2,300","2,399","2,300","4.08K","1.65%"
"12/30/2019","2,360","2,400","2,400","2,281","149.44K","2.43%"
"12/27/2019","2,304","2,307","2,347","2,287","44.94K","0.61%"
"12/24/2019","2,290","2,349","2,349","2,290","52.88K","-0.26%"
"12/23/2019","2,296","2,250","2,343","2,218","116.12K","-2.01%"
"12/20/2019","2,343","2,350","2,350","2,278","205.79K","1.43%"
"12/19/2019","2,310","2,399","2,399","2,301","135.26K","0.92%"
"12/18/2019","2,289","2,326","2,395","2,289","55.46K","-2.47%"
"12/17/2019","2,347","2,380","2,413","2,300","132.35K","0.73%"
"12/13/2019","2,330","2,386","2,440","2,265","27.07K","-4.82%"
"12/12/2019","2,448","2,385","2,535","2,385","213.30K","3.07%"
"12/11/2019","2,375","2,250","2,380","2,250","56.88K","0.47%"
"12/10/2019","2,364","2,370","2,479","2,286","228.24K","1.90%"
"12/09/2019","2,320","2,400","2,449","2,177","102.55K","0.35%"
"12/06/2019","2,312","2,301","2,550","2,297","826.85K","0.52%"
"12/05/2019","2,300","2,250","2,398","2,250","148.03K","0.09%"
"12/04/2019","2,298","2,231","2,341","2,226","19.20K","1.37%"
"12/03/2019","2,267","2,231","2,277","2,210","168.69K","1.84%"
"12/02/2019","2,226","2,248","2,276","2,226","49.90K","-0.93%"
"11/29/2019","2,247","2,238","2,247","2,198","339.12K","1.58%"
"11/28/2019","2,212","2,175","2,225","2,175","147.74K","0.55%"
"11/27/2019","2,200","2,175","2,206","2,175","87.55K","-0.68%"
"11/26/2019","2,215","2,183","2,239","2,183","162.64K","0.59%"
"11/25/2019","2,202","2,206","2,255","2,175","414.04K","0.87%"
"11/22/2019","2,183","2,121","2,269","2,121","174.06K","2.30%"
"11/21/2019","2,134","2,265","2,265","2,134","22.49K","-5.78%"
"11/20/2019","2,265","2,145","2,321","2,144","23.12K","7.09%"
"11/19/2019","2,115","2,130","2,130","2,101","55.12K","0.00%"
"11/18/2019","2,115","2,127","2,127","2,111","25.40K","0.09%"
"11/15/2019","2,113","2,075","2,145","2,075","27.69K","1.59%"
"11/14/2019","2,080","2,033","2,096","2,033","390.21K","2.31%"
"11/13/2019","2,033","2,011","2,034","2,000","452.67K","1.65%"
"11/12/2019","2,000","1,975","2,022","1,975","265.46K","1.32%"
"11/11/2019","1,974","1,992","2,017","1,974","237.79K","0.00%"
"11/08/2019","1,974","2,010","2,010","1,903","15.27K","-2.13%"
"11/07/2019","2,017","1,951","2,017","1,950","35.63K","0.85%"
"11/06/2019","2,000","1,975","2,017","1,968","149.49K","1.57%"
"11/05/2019","1,969","1,969","1,969","1,954","3.25K","-0.30%"
"11/04/2019","1,975","1,950","1,975","1,949","85.87K","0.00%"
"11/01/2019","1,975","1,975","1,975","1,950","11.09K","1.13%"
"10/31/2019","1,953","1,955","1,961","1,900","92.28K","-0.10%"
"10/30/2019","1,955","1,965","1,993","1,950","205.64K","-1.01%"
"10/29/2019","1,975","1,912","1,989","1,912","61.41K","-0.95%"
"10/28/2019","1,994","1,980","2,012","1,980","105.63K","-1.19%"
"10/25/2019","2,018","1,980","2,018","1,951","31.57K","1.20%"
"10/24/2019","1,994","1,991","1,994","1,951","95.81K","0.50%"
"10/23/2019","1,984","1,990","1,990","1,967","155.57K","1.12%"
"10/22/2019","1,962","1,950","1,994","1,945","60.35K","0.62%"
"10/21/2019","1,950","1,989","1,996","1,903","110.57K","0.00%"
"10/18/2019","1,950","1,895","1,990","1,895","1.56M","2.90%"
"10/17/2019","1,895","2,000","2,000","1,890","133.65K","-0.26%"
"10/16/2019","1,900","1,875","1,940","1,875","388.40K","-0.89%"
"10/15/2019","1,917","1,891","2,015","1,800","110.90K","1.86%"
"10/14/2019","1,882","1,891","1,965","1,801","72.42K","1.18%"
"10/11/2019","1,860","1,780","1,950","1,780","87.29K","-4.86%"
"10/10/2019","1,955","1,875","1,975","1,871","90.02K","1.93%"
"10/09/2019","1,918","1,831","1,925","1,782","64.18K","-0.26%"
"10/08/2019","1,923","1,952","1,974","1,809","107.57K","-0.26%"
"10/07/2019","1,928","1,950","1,975","1,928","21.79K","-2.48%"
"10/04/2019","1,977","2,086","2,086","1,951","8.64K","-5.23%"
"10/03/2019","2,086","1,954","2,086","1,900","10.13K","7.80%"
"10/02/2019","1,935","1,820","1,935","1,820","62.21K","6.32%"
"10/01/2019","1,820","1,986","2,071","1,801","49.05K","-4.51%"
"09/30/2019","1,906","1,865","1,906","1,857","386.74K","2.20%"
"09/27/2019","1,865","1,799","1,865","1,799","166.14K","5.01%"
"09/26/2019","1,776","1,850","1,871","1,762","310.01K","-6.23%"
"09/25/2019","1,894","1,906","1,921","1,856","299.87K","-0.63%"
"09/23/2019","1,906","1,935","2,078","1,823","132.83K","-1.50%"
"09/20/2019","1,935","1,955","2,005","1,914","1.05M","-0.97%"
"09/19/2019","1,954","1,942","2,035","1,942","40.91K","-3.03%"
"09/18/2019","2,015","2,015","2,035","1,972","111.85K","-0.74%"
"09/17/2019","2,030","2,003","2,062","2,003","73.80K","-2.59%"
"09/16/2019","2,084","2,090","2,090","2,034","42.00K","-0.71%"
"09/13/2019","2,099","1,900","2,099","1,843","91.84K","8.76%"
"09/12/2019","1,930","1,800","1,999","1,800","123.28K","3.49%"
"09/11/2019","1,865","1,820","1,900","1,809","94.48K","2.70%"
"09/10/2019","1,816","1,910","1,910","1,750","111.43K","0.89%"
"09/09/2019","1,800","1,790","1,898","1,790","164.02K","-1.15%"
"09/06/2019","1,821","1,908","1,920","1,821","271.51K","-5.16%"
"09/05/2019","1,920","1,849","2,001","1,844","220.10K","4.63%"
"09/04/2019","1,835","1,802","1,835","1,802","117.00K","1.83%"
"09/03/2019","1,802","1,800","1,826","1,800","25.29K","-0.77%"
"09/02/2019","1,816","1,731","1,837","1,709","80.31K","-0.06%"
"08/30/2019","1,817","1,740","1,856","1,660","59.47K","0.89%"
"08/29/2019","1,801","1,750","1,803","1,725","170.72K","2.91%"
"08/28/2019","1,750","1,750","1,764","1,680","528.09K","-3.53%"
"08/27/2019","1,814","1,730","1,842","1,730","51.21K","3.36%"
"08/26/2019","1,755","1,728","1,800","1,650","74.28K","1.74%"
"08/23/2019","1,725","1,500","1,749","1,500","140.61K","-0.63%"
"08/22/2019","1,736","1,675","1,800","1,673","231.74K","5.21%"
"08/21/2019","1,650","1,600","1,679","1,566","264.54K","1.23%"
"08/20/2019","1,630","1,620","1,720","1,557","110.91K","-2.69%"
"08/19/2019","1,675","1,702","1,778","1,675","51.23K","-4.56%"
"08/16/2019","1,755","1,725","1,886","1,651","34.49K","0.06%"
"08/15/2019","1,754","1,713","1,754","1,710","4.99K","2.45%"
"08/14/2019","1,712","1,830","1,830","1,702","69.42K","-1.78%"
"08/13/2019","1,743","1,803","1,841","1,743","38.80K","-4.39%"
"08/12/2019","1,823","1,889","1,889","1,808","9.27K","-3.49%"
"08/08/2019","1,889","1,910","1,910","1,870","46.74K","-0.63%"
"08/07/2019","1,901","1,950","1,950","1,901","52.76K","-2.51%"
"08/06/2019","1,950","1,909","1,950","1,902","46.72K","2.31%"
"08/05/2019","1,906","1,948","1,948","1,901","107.78K","0.32%"
"08/02/2019","1,900","1,895","1,910","1,895","221.04K","-1.25%"
"08/01/2019","1,924","1,906","1,924","1,900","7.53K","1.00%"
"07/31/2019","1,905","1,997","1,997","1,891","142.79K","0.00%"
"07/30/2019","1,905","1,898","1,911","1,890","330.24K","0.53%"
"07/29/2019","1,895","1,892","1,909","1,892","40.09K","-0.79%"
"07/26/2019","1,910","1,950","1,950","1,859","578.43K","-2.30%"
"07/25/2019","1,955","1,971","1,971","1,857","39.72K","3.17%"
"07/24/2019","1,895","1,900","1,904","1,832","32.27K","-0.21%"
"07/23/2019","1,899","1,937","1,937","1,899","19.51K","-0.21%"
"07/22/2019","1,903","1,893","1,903","1,826","400.65K","0.58%"
"07/19/2019","1,892","1,890","1,900","1,890","95.99K","0.64%"
"07/18/2019","1,880","1,880","1,933","1,880","12.93K","-0.53%"
"07/17/2019","1,890","1,881","1,920","1,881","11.28K","-2.58%"
"07/16/2019","1,940","1,920","1,948","1,917","63.49K","-0.41%"
"07/15/2019","1,948","1,900","1,948","1,900","20.82K","2.47%"
"07/12/2019","1,901","1,948","1,948","1,880","38.32K","0.05%"
"07/11/2019","1,900","1,900","1,928","1,830","34.44K","-0.31%"
"07/10/2019","1,906","1,905","1,958","1,905","28.11K","-1.50%"
"07/09/2019","1,935","1,920","1,935","1,901","604.54K","0.83%"
"07/08/2019","1,919","1,916","1,967","1,900","287.29K","-0.98%"
"07/05/2019","1,938","1,975","1,975","1,917","66.44K","-0.62%"
"07/04/2019","1,950","1,936","1,950","1,920","254.52K","0.72%"
"07/03/2019","1,936","1,900","1,978","1,891","312.77K","1.36%"
"07/02/2019","1,910","1,920","1,969","1,908","31.27K","-0.52%"
"07/01/2019","1,920","1,970","1,970","1,888","72.36K","-1.08%"
"06/28/2019","1,941","1,904","1,950","1,881","440.18K","1.94%"
"06/27/2019","1,904","1,870","1,927","1,870","74.17K","1.28%"
"06/26/2019","1,880","1,880","1,896","1,865","169.36K","0.59%"
"06/25/2019","1,869","1,945","1,964","1,826","61.65K","-4.10%"
"06/24/2019","1,949","1,950","1,990","1,880","221.07K","1.88%"
"06/21/2019","1,913","1,850","1,975","1,850","263.58K","2.85%"
"06/20/2019","1,860","1,830","1,949","1,830","16.43K","0.54%"
"06/19/2019","1,850","1,850","1,899","1,829","116.08K","1.93%"
"06/18/2019","1,815","1,850","1,850","1,806","26.66K","0.55%"
"06/14/2019","1,805","1,850","1,868","1,802","1.48M","0.78%"
"06/13/2019","1,791","1,805","1,824","1,791","115.81K","-0.61%"
"06/12/2019","1,802","1,804","1,850","1,802","72.26K","-0.99%"
"06/11/2019","1,820","1,805","1,875","1,804","26.79K","-1.57%"
"06/10/2019","1,849","1,900","1,990","1,803","21.77K","-3.55%"
"06/07/2019","1,917","1,900","1,987","1,900","11.59K","-0.83%"
"06/06/2019","1,933","1,999","1,999","1,905","241.50K","0.16%"
"06/05/2019","1,930","1,901","1,971","1,901","60.04K","-1.58%"
"06/04/2019","1,961","1,985","2,000","1,946","292.90K","-0.46%"
"06/03/2019","1,970","1,802","1,974","1,802","79.97K","0.36%"
"05/31/2019","1,963","1,999","1,999","1,943","57.40K","0.05%"
"05/30/2019","1,962","1,996","1,996","1,880","67.18K","1.03%"
"05/29/2019","1,942","2,010","2,010","1,942","217.73K","-3.86%"
"05/28/2019","2,020","2,025","2,039","2,007","347.17K","-0.98%"
"05/27/2019","2,040","2,025","2,040","2,025","11.42K","0.74%"
"05/24/2019","2,025","2,000","2,059","1,991","547.74K","2.27%"
"05/23/2019","1,980","1,960","2,000","1,906","198.19K","0.00%"
"05/22/2019","1,980","2,040","2,040","1,962","212.94K","-2.99%"
"05/21/2019","2,041","2,030","2,051","2,000","119.33K","0.54%"
"05/20/2019","2,030","2,002","2,042","2,002","91.35K","-0.05%"
"05/17/2019","2,031","2,050","2,075","2,001","165.24K","-0.68%"
"05/16/2019","2,045","1,985","2,045","1,962","184.82K","2.25%"
"05/15/2019","2,000","1,962","2,000","1,900","379.03K","1.94%"
"05/14/2019","1,962","1,960","1,995","1,950","160.56K","-0.86%"
"05/13/2019","1,979","2,010","2,011","1,950","62.23K","-1.44%"
"05/10/2019","2,008","1,975","2,060","1,975","43.66K","-2.29%"
"05/09/2019","2,055","2,159","2,159","2,000","346.56K","-3.02%"
"05/07/2019","2,119","2,110","2,144","2,091","109.65K","0.05%"
"05/06/2019","2,118","2,112","2,161","2,075","64.40K","0.28%"
"05/03/2019","2,112","2,051","2,115","2,051","403.14K","0.76%"
"05/02/2019","2,096","2,180","2,183","2,051","138.73K","-3.81%"
"04/30/2019","2,179","2,170","2,200","2,161","90.18K","0.41%"
"04/29/2019","2,170","2,154","2,249","2,140","47.87K","0.46%"
"04/26/2019","2,160","2,100","2,160","2,100","64.38K","2.86%"
"04/25/2019","2,100","2,115","2,115","2,070","8.25K","-1.50%"
"04/24/2019","2,132","2,081","2,145","2,080","71.66K","1.52%"
"04/23/2019","2,100","2,046","2,100","2,046","145.66K","1.30%"
"04/18/2019","2,073","2,041","2,087","2,025","50.98K","0.10%"
"04/17/2019","2,071","2,021","2,119","2,020","47.43K","1.02%"
"04/16/2019","2,050","2,023","2,055","1,998","57.51K","2.76%"
"04/15/2019","1,995","2,001","2,005","1,980","33.75K","-0.25%"
"04/12/2019","2,000","1,965","2,010","1,965","23.67K","2.30%"
"04/11/2019","1,955","1,960","1,974","1,955","7.14K","0.00%"
"04/10/2019","1,955","1,901","1,994","1,901","136.41K","-2.20%"
"04/09/2019","1,999","1,950","2,000","1,950","158.07K","0.96%"
"04/08/2019","1,980","1,900","2,018","1,900","88.39K","0.51%"
"04/05/2019","1,970","1,962","2,010","1,962","48.08K","-0.05%"
"04/04/2019","1,971","1,926","2,008","1,900","97.10K","-0.35%"
"04/03/2019","1,978","1,950","2,023","1,851","197.40K","-1.64%"
"04/02/2019","2,011","1,976","2,039","1,976","60.05K","0.55%"
"04/01/2019","2,000","2,050","2,055","1,961","1.41M","-0.60%"
"03/29/2019","2,012","2,040","2,054","2,012","116.41K","-1.85%"
"03/28/2019","2,050","2,010","2,099","2,010","266.79K","0.39%"
"03/27/2019","2,042","2,050","2,050","2,021","16.88K","0.99%"
"03/26/2019","2,022","2,020","2,055","2,020","206.11K","-1.61%"
"03/25/2019","2,055","2,080","2,080","1,980","117.02K","0.39%"
"03/22/2019","2,047","2,012","2,052","2,012","0.44K","0.44%"
"03/20/2019","2,038","2,030","2,071","2,030","15.03K","0.39%"
"03/19/2019","2,030","1,975","2,080","1,975","112.80K","1.00%"
"03/18/2019","2,010","2,025","2,075","1,975","807.81K","0.50%"
"03/15/2019","2,000","1,941","2,000","1,922","736.01K","3.36%"
"03/14/2019","1,935","1,902","1,954","1,901","41.86K","0.26%"
"03/13/2019","1,930","1,875","1,930","1,825","110.42K","-1.03%"
"03/12/2019","1,950","2,100","2,110","1,941","140.01K","-8.67%"
"03/11/2019","2,135","2,050","2,178","2,025","91.08K","0.95%"
"03/08/2019","2,115","1,910","2,175","1,910","192.41K","8.46%"
"03/07/2019","1,950","1,830","1,950","1,830","9.32K","2.58%"
"03/06/2019","1,901","1,900","1,910","1,832","184.92K","0.05%"
"03/05/2019","1,900","1,928","1,929","1,825","145.49K","-1.50%"
"03/04/2019","1,929","1,925","1,949","1,880","16.55K","2.55%"
"03/01/2019","1,881","1,810","1,924","1,810","15.87K","1.13%"
"02/28/2019","1,860","1,824","1,860","1,824","58.05K","3.33%"
"02/27/2019","1,800","1,800","1,803","1,800","56.62K","0.00%"
"02/26/2019","1,800","1,800","1,823","1,800","25.99K","0.00%"
"02/25/2019","1,800","1,800","1,802","1,800","39.51K","0.00%"
"02/22/2019","1,800","1,752","1,805","1,752","51.08K","0.00%"
"02/21/2019","1,800","1,731","1,825","1,731","27.52K","-0.06%"
"02/20/2019","1,801","1,756","1,846","1,755","106.43K","0.06%"
"02/19/2019","1,800","1,754","1,801","1,754","92.97K","-0.11%"
"02/18/2019","1,802","1,751","1,803","1,751","306.20K","0.00%"
"02/15/2019","1,802","1,846","1,846","1,802","13.04K","-2.49%"
"02/14/2019","1,848","1,849","1,849","1,800","29.21K","2.50%"
"02/13/2019","1,803","1,805","1,855","1,775","119.20K","0.06%"
"02/12/2019","1,802","1,824","1,868","1,780","317.35K","0.11%"
"02/11/2019","1,800","1,750","1,816","1,750","67.83K","-1.15%"
"02/08/2019","1,821","1,775","1,821","1,760","88.84K","0.05%"
"02/07/2019","1,820","1,824","1,824","1,802","27.43K","0.00%"
"02/06/2019","1,820","1,775","1,849","1,775","221.55K","0.28%"
"02/05/2019","1,815","1,869","1,870","1,790","92.20K","1.68%"
"02/04/2019","1,785","1,890","1,890","1,700","139.04K","-4.55%"
"02/01/2019","1,870","1,850","1,921","1,850","107.47K","0.05%"
"01/31/2019","1,869","1,860","1,887","1,860","149.87K","0.48%"
"01/30/2019","1,860","1,830","1,899","1,830","182.61K","0.27%"
"01/29/2019","1,855","1,875","1,920","1,855","154.27K","-3.39%"
"01/28/2019","1,920","1,908","1,990","1,904","60.96K","-1.59%"
"01/25/2019","1,951","1,903","1,989","1,903","154.34K","0.52%"
"01/24/2019","1,941","1,926","2,000","1,909","64.18K","0.05%"
"01/23/2019","1,940","1,950","1,999","1,925","262.18K","-0.51%"
"01/22/2019","1,950","1,879","2,157","1,879","89.29K","3.72%"
"01/21/2019","1,880","1,831","1,924","1,831","26.47K","0.05%"
"01/18/2019","1,879","1,826","1,880","1,826","6.14K","1.51%"
"01/17/2019","1,851","1,830","1,900","1,830","31.22K","0.54%"
"01/16/2019","1,841","1,826","1,868","1,826","7.76K","-1.07%"
"01/15/2019","1,861","1,825","1,865","1,825","18.73K","-0.48%"
"01/14/2019","1,870","1,900","1,925","1,840","19.64K","-0.48%"
"01/11/2019","1,879","1,815","1,880","1,815","11.92K","2.51%"
"01/10/2019","1,833","1,815","1,850","1,815","102.70K","-0.87%"
"01/09/2019","1,849","1,761","1,849","1,761","29.31K","2.44%"
"01/08/2019","1,805","1,750","1,825","1,750","14.92K","0.28%"
"01/07/2019","1,800","1,749","1,800","1,670","75.18K","7.14%"
"01/04/2019","1,680","1,677","1,725","1,550","141.05K","-1.12%"
"01/03/2019","1,699","1,700","1,705","1,681","233.30K","-0.06%"
"01/02/2019","1,700","1,681","1,775","1,681","84.70K","0.00%"
"12/31/2018","1,700","1,690","1,735","1,676","75.12K","0.00%"
"12/28/2018","1,700","1,700","1,722","1,675","280.08K","-1.96%"
"12/27/2018","1,734","1,708","1,746","1,708","183.75K","0.70%"
"12/24/2018","1,722","1,708","1,735","1,708","11.90K","-0.75%"
"12/21/2018","1,735","1,850","1,850","1,722","281.82K","-2.25%"
"12/20/2018","1,775","1,915","1,915","1,709","175.45K","1.95%"
"12/19/2018","1,741","1,850","1,949","1,711","29.95K","-1.64%"
"12/18/2018","1,770","1,841","1,841","1,708","1.01M","-3.86%"
"12/14/2018","1,841","1,905","1,920","1,826","96.54K","-4.06%"
"12/13/2018","1,919","1,945","1,988","1,910","112.25K","-2.09%"
"12/12/2018","1,960","1,990","2,000","1,925","103.59K","2.62%"
"12/11/2018","1,910","1,880","1,940","1,821","304.11K","-1.24%"
"12/10/2018","1,934","1,948","1,961","1,900","30.29K","-1.38%"
"12/07/2018","1,961","1,950","2,124","1,880","416.35K","-1.70%"
"12/06/2018","1,995","2,031","2,148","1,853","236.06K","-5.32%"
"12/05/2018","2,107","2,150","2,150","2,032","65.76K","-0.28%"
"12/04/2018","2,113","2,110","2,139","2,030","176.37K","2.27%"
"12/03/2018","2,066","2,075","2,300","2,041","341.29K","-0.24%"
"11/30/2018","2,071","2,010","2,071","1,997","1.40M","3.03%"
"11/29/2018","2,010","2,009","2,048","1,992","306.73K","1.52%"
"11/28/2018","1,980","1,950","2,024","1,950","563.95K","1.02%"
"11/27/2018","1,960","1,950","1,991","1,950","158.84K","-2.05%"
"11/26/2018","2,001","1,990","2,001","1,950","155.32K","2.77%"
"11/23/2018","1,947","1,910","1,958","1,910","617.34K","1.09%"
"11/22/2018","1,926","1,964","1,964","1,925","106.55K","-0.72%"
"11/21/2018","1,940","1,920","1,965","1,920","910.57K","1.04%"
"11/20/2018","1,920","1,910","1,995","1,910","615.55K","0.52%"
"11/19/2018","1,910","1,900","1,995","1,877","272.16K","0.26%"
"11/16/2018","1,905","1,980","1,986","1,875","479.12K","-4.08%"
"11/15/2018","1,986","1,981","2,005","1,980","151.94K","-1.68%"
"11/14/2018","2,020","1,980","2,115","1,950","454.77K","-1.51%"
"11/13/2018","2,051","2,050","2,124","2,049","55.06K","-2.10%"
"11/12/2018","2,095","2,050","2,124","2,000","114.07K","2.20%"
"11/09/2018","2,050","2,052","2,080","2,049","110.94K","-0.24%"
"11/08/2018","2,055","2,050","2,085","2,050","1.07M","-0.96%"
"11/07/2018","2,075","2,025","2,093","2,025","32.54K","1.77%"
"11/06/2018","2,039","2,040","2,075","1,975","138.25K","-0.05%"
"11/05/2018","2,040","2,018","2,048","2,000","24.90K","1.24%"
"11/02/2018","2,015","1,962","2,015","1,962","144.49K","2.81%"
"11/01/2018","1,960","1,923","1,996","1,911","120.19K","3.16%"
"10/31/2018","1,900","1,856","1,940","1,856","152.63K","1.06%"
"10/30/2018","1,880","1,889","1,920","1,873","184.75K","0.53%"
"10/29/2018","1,870","1,871","1,900","1,852","126.21K","-0.27%"
"10/26/2018","1,875","1,884","1,960","1,860","243.27K","0.54%"
"10/25/2018","1,865","1,822","1,920","1,800","225.03K","-2.61%"
"10/24/2018","1,915","1,900","1,929","1,810","74.42K","1.65%"
"10/23/2018","1,884","1,940","1,940","1,811","462.59K","-1.00%"
"10/22/2018","1,903","1,940","1,940","1,900","131.27K","0.05%"
"10/19/2018","1,902","1,946","1,975","1,895","819.04K","1.82%"
"10/18/2018","1,868","1,925","1,981","1,801","115.15K","-4.65%"
"10/17/2018","1,959","1,950","2,025","1,830","281.48K","2.83%"
"10/16/2018","1,905","2,060","2,060","1,900","422.73K","-7.03%"
"10/15/2018","2,049","2,161","2,207","2,049","226.23K","-7.79%"
"10/12/2018","2,222","2,157","2,250","2,157","497.39K","-1.24%"
"10/11/2018","2,250","2,201","2,288","2,201","241.49K","-0.97%"
"10/10/2018","2,272","2,215","2,294","2,202","60.11K","-0.26%"
"10/09/2018","2,278","2,210","2,319","2,200","164.27K","1.24%"
"10/08/2018","2,250","2,200","2,300","2,156","311.11K","0.54%"
"10/05/2018","2,238","2,296","2,325","2,150","149.08K","-3.53%"
"10/04/2018","2,320","2,308","2,370","2,254","298.04K","-0.22%"
"10/03/2018","2,325","2,350","2,350","2,225","274.99K","-0.60%"
"10/02/2018","2,339","2,320","2,350","2,251","269.88K","0.86%"
"10/01/2018","2,319","2,200","2,319","2,151","60.93K","4.70%"
"09/28/2018","2,215","2,175","2,280","2,150","190.86K","3.02%"
"09/27/2018","2,150","2,070","2,150","2,070","40.39K","1.42%"
"09/26/2018","2,120","2,050","2,136","2,050","38.00K","0.90%"
"09/25/2018","2,101","2,100","2,150","2,002","178.24K","-1.36%"
"09/21/2018","2,130","1,950","2,130","1,950","329.89K","6.50%"
"09/20/2018","2,000","2,040","2,040","2,000","103.36K","0.00%"
"09/19/2018","2,000","1,992","2,050","1,925","151.38K","2.99%"
"09/18/2018","1,942","1,933","1,979","1,933","5.33K","-1.87%"
"09/17/2018","1,979","1,963","2,049","1,951","201.82K","-0.85%"
"09/14/2018","1,996","1,961","2,053","1,961","101.78K","-2.87%"
"09/13/2018","2,055","2,000","2,090","1,905","262.81K","1.73%"
"09/12/2018","2,020","2,051","2,100","2,020","341.59K","-2.51%"
"09/11/2018","2,072","2,150","2,150","2,065","212.09K","-1.80%"
"09/10/2018","2,110","2,150","2,150","2,085","3.28K","-2.04%"
"09/07/2018","2,154","2,200","2,200","2,084","18.17K","-0.78%"
"09/06/2018","2,171","2,128","2,171","2,128","31.09K","0.00%"
"09/05/2018","2,171","2,170","2,249","2,166","438.81K","0.05%"
"09/04/2018","2,170","2,170","2,182","2,160","538.28K","-0.37%"
"09/03/2018","2,178","2,187","2,210","2,175","56.50K","-0.41%"
"08/31/2018","2,187","2,219","2,260","2,187","51.43K","-1.88%"
"08/30/2018","2,229","2,201","2,229","2,200","41.50K","0.41%"
"08/29/2018","2,220","2,185","2,289","2,144","71.33K","-1.38%"
"08/28/2018","2,251","2,375","2,375","2,230","269.80K","-5.14%"
"08/27/2018","2,373","2,261","2,400","2,175","235.21K","4.95%"
"08/24/2018","2,261","2,225","2,370","2,167","162.81K","1.89%"
"08/23/2018","2,219","2,120","2,219","2,120","177.15K","5.67%"
"08/22/2018","2,100","2,100","2,118","2,010","10.37K","0.43%"
"08/21/2018","2,091","2,012","2,120","2,012","45.76K","0.87%"
"08/20/2018","2,073","2,073","2,073","2,073","","0.00%"
"08/17/2018","2,073","2,058","2,084","2,000","193.66K","0.39%"
"08/16/2018","2,065","2,000","2,065","2,000","82.79K","3.25%"
"08/15/2018","2,000","2,025","2,039","1,952","147.66K","-1.23%"
"08/14/2018","2,025","2,000","2,093","2,000","57.54K","-0.10%"
"08/13/2018","2,027","2,013","2,100","2,013","46.73K","-3.48%"
"08/10/2018","2,100","2,093","2,107","2,010","53.50K","0.33%"
"08/08/2018","2,093","2,010","2,093","2,010","96.09K","1.36%"
"08/07/2018","2,065","2,002","2,065","2,002","1.96K","2.13%"
"08/06/2018","2,022","2,090","2,093","2,004","2.51K","-3.39%"
"08/03/2018","2,093","2,045","2,093","2,045","39.09K","2.60%"
"08/02/2018","2,040","2,024","2,073","2,020","18.29K","-0.97%"
"08/01/2018","2,060","2,073","2,099","1,985","708.40K","3.78%"
"07/31/2018","1,985","1,985","2,025","1,891","326.37K","0.00%"
"07/30/2018","1,985","2,105","2,105","1,985","33.05K","-5.70%"
"07/27/2018","2,105","2,125","2,125","2,033","49.75K","1.94%"
"07/26/2018","2,065","1,951","2,195","1,940","322.71K","5.90%"
"07/25/2018","1,950","1,986","1,986","1,885","41.15K","2.63%"
"07/24/2018","1,900","2,040","2,049","1,900","45.50K","-5.05%"
"07/23/2018","2,001","2,000","2,022","1,999","120.68K","-0.35%"
"07/20/2018","2,008","1,980","2,049","1,980","93.29K","1.41%"
"07/19/2018","1,980","1,980","1,994","1,980","33.87K","0.00%"
"07/18/2018","1,980","1,980","1,987","1,975","50.95K","0.25%"
"07/17/2018","1,975","1,975","1,981","1,970","42.88K","-2.13%"
"07/16/2018","2,018","2,000","2,019","1,925","296.92K","0.00%"
"07/13/2018","2,018","1,980","2,018","1,980","63.00K","0.90%"
"07/12/2018","2,000","1,990","2,002","1,990","369.49K","-0.15%"
"07/11/2018","2,003","2,023","2,023","1,980","146.96K","0.55%"
"07/10/2018","1,992","2,025","2,025","1,970","35.28K","1.12%"
"07/09/2018","1,970","2,000","2,000","1,917","395.47K","0.00%"
"07/06/2018","1,970","2,000","2,000","1,900","369.75K","-0.35%"
"07/05/2018","1,977","1,975","1,989","1,974","153.33K","0.10%"
"07/04/2018","1,975","1,988","1,988","1,963","43.56K","0.51%"
"07/03/2018","1,965","1,975","1,998","1,945","264.70K","1.34%"
"07/02/2018","1,939","1,850","1,939","1,850","140.42K","0.05%"
"06/29/2018","1,938","1,975","1,975","1,900","113.93K","0.83%"
"06/28/2018","1,922","1,900","1,974","1,886","255.30K","0.37%"
"06/27/2018","1,915","1,900","1,932","1,882","228.83K","-3.04%"
"06/26/2018","1,975","2,036","2,050","1,931","415.08K","-3.66%"
"06/25/2018","2,050","2,080","2,080","2,043","422.67K","-0.44%"
"06/22/2018","2,059","2,050","2,094","2,038","99.29K","-1.06%"
"06/21/2018","2,081","2,180","2,180","2,037","82.36K","-4.54%"
"06/20/2018","2,180","2,190","2,199","2,148","1.23M","0.00%"
"06/19/2018","2,180","2,177","2,199","2,125","460.83K","0.23%"
"06/18/2018","2,175","2,225","2,297","2,150","248.36K","-4.98%"
"06/15/2018","2,289","2,225","2,289","2,224","267.66K","2.88%"
"06/14/2018","2,225","2,185","2,300","2,185","190.19K","1.69%"
"06/13/2018","2,188","2,210","2,282","2,125","167.69K","-1.08%"
"06/12/2018","2,212","2,121","2,298","2,121","54.07K","2.08%"
"06/11/2018","2,167","2,115","2,240","2,115","49.16K","-2.61%"
"06/08/2018","2,225","2,100","2,226","2,100","312.29K","1.00%"
"06/07/2018","2,203","2,200","2,240","2,200","149.92K","-2.09%"
"06/06/2018","2,250","2,206","2,250","2,200","139.19K","2.13%"
"06/05/2018","2,203","2,221","2,221","2,200","144.87K","-0.81%"
"06/04/2018","2,221","2,290","2,290","2,221","35.74K","-3.43%"
"06/01/2018","2,300","2,200","2,300","2,200","168.66K","1.81%"
"05/31/2018","2,259","2,160","2,259","2,150","160.75K","4.58%"
"05/30/2018","2,160","2,325","2,325","2,050","72.37K","-4.85%"
"05/29/2018","2,270","2,350","2,350","2,252","25.72K","-2.58%"
"05/28/2018","2,330","2,325","2,330","2,261","206.81K","1.30%"
"05/25/2018","2,300","2,299","2,300","2,205","71.59K","2.68%"
"05/24/2018","2,240","2,289","2,289","2,180","117.31K","1.54%"
"05/23/2018","2,206","2,289","2,289","2,195","401.29K","0.32%"
"05/22/2018","2,199","2,280","2,280","2,175","387.22K","0.69%"
"05/21/2018","2,184","2,300","2,300","2,184","266.98K","-2.46%"
"05/18/2018","2,239","2,325","2,325","2,200","230.21K","-0.13%"
"05/17/2018","2,242","2,325","2,325","2,215","55.10K","-1.36%"
"05/16/2018","2,273","2,295","2,295","2,176","1.50M","-0.26%"
"05/15/2018","2,279","2,322","2,331","2,279","52.26K","-1.68%"
"05/14/2018","2,318","2,200","2,350","2,190","80.49K","6.72%"
"05/11/2018","2,172","2,150","2,179","2,119","396.99K","2.50%"
"05/10/2018","2,119","2,100","2,120","2,081","345.48K","0.90%"
"05/09/2018","2,100","2,075","2,132","2,075","858.89K","-1.87%"
"05/08/2018","2,140","2,200","2,220","2,100","320.43K","-0.47%"
"05/07/2018","2,150","2,151","2,156","2,145","631.60K","0.00%"
"05/04/2018","2,150","2,121","2,168","2,121","165.30K","1.37%"
"05/03/2018","2,121","2,098","2,130","2,098","3.74M","0.05%"
"05/02/2018","2,120","2,098","2,149","2,012","157.55K","2.42%"
"04/30/2018","2,070","2,100","2,100","2,004","50.71K","1.67%"
"04/26/2018","2,036","2,100","2,130","1,940","69.51K","-3.69%"
"04/25/2018","2,114","2,100","2,125","2,100","49.19K","-0.42%"
"04/24/2018","2,123","2,101","2,194","2,100","164.53K","1.05%"
"04/23/2018","2,101","2,111","2,200","2,101","60.91K","-3.84%"
"04/20/2018","2,185","2,200","2,200","2,124","81.79K","2.10%"
"04/19/2018","2,140","2,167","2,190","2,140","181.92K","-0.47%"
"04/18/2018","2,150","2,180","2,190","2,148","114.95K","-1.56%"
"04/17/2018","2,184","2,164","2,185","2,090","443.38K","0.92%"
"04/16/2018","2,164","2,122","2,179","2,100","57.19K","4.04%"
"04/13/2018","2,080","2,070","2,106","2,057","39.26K","0.14%"
"04/12/2018","2,077","2,099","2,136","2,015","1.78M","3.08%"
"04/11/2018","2,015","2,150","2,150","2,015","41.58K","-2.33%"
"04/10/2018","2,063","2,075","2,090","2,063","197.20K","-0.15%"
"04/09/2018","2,066","2,027","2,150","2,027","251.97K","1.92%"
"04/06/2018","2,027","2,079","2,089","2,027","43.00K","-2.45%"
"04/05/2018","2,078","2,046","2,100","2,015","113.37K","1.56%"
"04/04/2018","2,046","2,012","2,073","1,951","93.87K","-1.16%"
"04/03/2018","2,070","2,020","2,100","1,955","81.16K","1.97%"
"03/29/2018","2,030","2,051","2,100","1,916","39.83K","-2.22%"
"03/28/2018","2,076","2,100","2,100","2,075","25.90K","-1.14%"
"03/27/2018","2,100","2,132","2,132","2,090","373.10K","0.00%"
"03/26/2018","2,100","2,106","2,132","2,099","143.97K","-0.33%"
"03/23/2018","2,107","2,106","2,200","2,106","194.55K","0.10%"
"03/22/2018","2,105","2,102","2,105","2,030","9.49K","-0.75%"
"03/20/2018","2,121","2,152","2,152","2,114","22.72K","-1.44%"
"03/19/2018","2,152","2,180","2,189","2,113","782.91K","-2.23%"
"03/16/2018","2,201","2,150","2,210","2,149","966.24K","4.56%"
"03/15/2018","2,105","2,199","2,200","2,105","258.23K","-2.64%"
"03/14/2018","2,162","2,220","2,220","2,127","615.03K","-2.13%"
"03/13/2018","2,209","2,200","2,225","2,107","166.27K","5.09%"
"03/12/2018","2,102","2,200","2,248","2,102","642.80K","-4.89%"
"03/09/2018","2,210","2,210","2,246","2,210","184.50K","-0.32%"
"03/08/2018","2,217","2,247","2,248","2,200","117.53K","2.64%"
"03/07/2018","2,160","2,153","2,181","2,148","217.57K","0.37%"
"03/06/2018","2,152","2,207","2,250","2,150","100.58K","0.00%"
"03/05/2018","2,152","2,205","2,250","2,100","479.62K","-2.54%"
"03/02/2018","2,208","2,299","2,299","2,208","104.20K","-0.90%"
"03/01/2018","2,228","2,285","2,285","2,195","79.50K","-1.94%"
"02/28/2018","2,272","2,175","2,289","2,175","29.64K","0.98%"
"02/27/2018","2,250","2,175","2,275","2,150","2.43M","2.51%"
"02/26/2018","2,195","2,183","2,250","2,183","946.26K","-0.68%"
"02/23/2018","2,210","2,175","2,225","2,175","15.46K","-1.78%"
"02/22/2018","2,250","2,152","2,297","2,152","44.45K","2.27%"
"02/21/2018","2,200","2,151","2,250","2,143","614.48K","2.04%"
"02/20/2018","2,156","2,180","2,200","2,123","292.95K","-1.82%"
"02/19/2018","2,196","2,174","2,199","2,110","789.18K","3.34%"
"02/16/2018","2,125","2,115","2,125","2,051","529.00K","1.19%"
"02/15/2018","2,100","2,100","2,150","2,025","3.10M","1.20%"
"02/14/2018","2,075","1,950","2,100","1,950","568.48K","3.34%"
"02/13/2018","2,008","2,042","2,051","2,001","1.35M","-1.33%"
"02/12/2018","2,035","1,807","2,075","1,807","24.51K","7.05%"
"02/09/2018","1,901","1,951","1,999","1,901","11.51K","-4.90%"
"02/08/2018","1,999","2,000","2,010","1,991","933.12K","-0.05%"
"02/07/2018","2,000","2,000","2,000","1,928","229.15K","0.00%"
"02/06/2018","2,000","2,010","2,010","1,926","120.58K","-0.50%"
"02/05/2018","2,010","2,084","2,101","1,981","1.12M","-3.50%"
"02/02/2018","2,083","2,128","2,139","2,013","75.51K","-2.11%"
"02/01/2018","2,128","2,126","2,128","2,126","0.37K","0.00%"
"01/31/2018","2,128","2,151","2,190","2,128","393.15K","-1.30%"
"01/30/2018","2,156","2,220","2,235","2,150","334.73K","-3.53%"
"01/29/2018","2,235","2,220","2,235","2,220","188.70K","0.68%"
"01/26/2018","2,220","2,220","2,249","2,220","370.09K","0.00%"
"01/25/2018","2,220","2,220","2,229","2,201","343.21K","0.00%"
"01/24/2018","2,220","2,210","2,225","2,210","97.60K","0.45%"
"01/23/2018","2,210","2,140","2,211","2,140","371.83K","2.31%"
"01/22/2018","2,160","2,075","2,175","2,075","1.76M","0.75%"
"01/19/2018","2,144","2,130","2,149","2,120","60.44K","0.66%"
"01/18/2018","2,130","2,071","2,130","2,070","133.98K","2.85%"
"01/17/2018","2,071","2,050","2,130","2,050","383.36K","-2.77%"
"01/16/2018","2,130","1,993","2,130","1,993","304.65K","2.95%"
"01/15/2018","2,069","2,000","2,069","2,000","48.10K","1.17%"
"01/12/2018","2,045","2,000","2,065","2,000","101.63K","0.25%"
"01/11/2018","2,040","2,000","2,040","2,000","33.75K","1.59%"
"01/10/2018","2,008","2,010","2,041","2,001","112.88K","-0.35%"
"01/09/2018","2,015","2,001","2,040","2,000","12.42K","0.75%"
"01/08/2018","2,000","2,000","2,050","1,912","58.45K","-1.48%"
"01/05/2018","2,030","1,975","2,030","1,975","15.47K","0.10%"
"01/04/2018","2,028","1,975","2,028","1,975","6.25K","0.30%"
"01/03/2018","2,022","1,975","2,049","1,975","40.74K","-0.79%"
"01/02/2018","2,038","2,050","2,050","1,976","84.03K","2.21%"
"12/29/2017","1,994","2,002","2,050","1,975","55.37K","-1.29%"
"12/28/2017","2,020","1,900","2,050","1,900","70.37K","-3.81%"
"12/27/2017","2,100","1,925","2,139","1,900","56.39K","3.70%"
"12/22/2017","2,025","1,875","2,025","1,875","118.89K","3.85%"
"12/21/2017","1,950","1,901","1,989","1,900","255.96K","2.09%"
"12/20/2017","1,910","1,950","2,000","1,910","48.15K","-7.28%"
"12/19/2017","2,060","1,825","2,060","1,825","592.49K","7.52%"
"12/18/2017","1,916","1,821","1,950","1,821","243.09K","0.84%"
"12/15/2017","1,900","1,865","1,900","1,828","933.76K","1.06%"
"12/14/2017","1,880","1,849","1,893","1,844","183.13K","-0.16%"
"12/13/2017","1,883","1,778","1,895","1,778","20.35K","1.51%"
"12/12/2017","1,855","1,850","1,895","1,737","468.00K","-2.32%"
"12/11/2017","1,899","1,850","1,900","1,850","20.52K","1.12%"
"12/08/2017","1,878","1,860","1,900","1,856","101.70K","0.97%"
"12/07/2017","1,860","1,806","1,899","1,805","138.57K","-0.69%"
"12/06/2017","1,873","1,865","1,900","1,837","252.59K","0.43%"
"12/05/2017","1,865","1,806","1,900","1,806","1.03M","-0.53%"
"12/04/2017","1,875","1,815","1,891","1,815","45.13K","-1.32%"
"12/01/2017","1,900","1,880","1,904","1,875","615.91K","0.00%"
"11/30/2017","1,900","1,870","1,900","1,860","83.42K","1.33%"
"11/29/2017","1,875","1,850","1,900","1,825","110.54K","-0.32%"
"11/28/2017","1,881","1,825","1,905","1,825","30.18K","1.07%"
"11/27/2017","1,861","1,860","1,879","1,844","102.72K","-0.05%"
"11/24/2017","1,862","1,860","1,880","1,860","50.59K","-0.90%"
"11/23/2017","1,879","1,841","1,898","1,841","152.94K","-0.11%"
"11/22/2017","1,881","1,860","1,909","1,845","2.64M","-1.36%"
"11/21/2017","1,907","1,873","1,907","1,840","172.07K","3.64%"
"11/20/2017","1,840","1,820","1,874","1,820","157.28K","1.10%"
"11/17/2017","1,820","1,798","1,870","1,797","809.40K","3.41%"
"11/16/2017","1,760","1,731","1,799","1,725","466.72K","1.44%"
"11/15/2017","1,735","1,750","1,750","1,725","99.35K","-0.91%"
"11/14/2017","1,751","1,874","1,874","1,701","130.37K","-3.26%"
"11/13/2017","1,810","1,875","1,884","1,800","735.93K","-4.03%"
"11/10/2017","1,886","1,900","1,909","1,875","45.20K","-1.92%"
"11/09/2017","1,923","1,942","1,950","1,920","136.86K","-1.38%"
"11/08/2017","1,950","1,940","1,950","1,930","78.99K","0.00%"
"11/07/2017","1,950","1,945","1,950","1,925","149.61K","0.00%"
"11/06/2017","1,950","1,950","2,000","1,931","586.85K","0.00%"
"11/03/2017","1,950","1,925","1,995","1,912","66.45K","-0.66%"
"11/02/2017","1,963","2,025","2,025","1,925","973.24K","-4.06%"
"11/01/2017","2,046","2,080","2,080","2,025","155.54K","0.79%"
"10/31/2017","2,030","1,980","2,080","1,980","119.21K","0.89%"
"10/30/2017","2,012","2,000","2,012","1,999","456.44K","0.60%"
"10/27/2017","2,000","1,975","2,080","1,975","195.41K","-1.72%"
"10/26/2017","2,035","1,975","2,065","1,975","105.53K","0.79%"
"10/25/2017","2,019","2,050","2,050","2,000","25.10K","0.95%"
"10/24/2017","2,000","2,065","2,065","2,000","15.80K","-1.91%"
"10/23/2017","2,039","2,039","2,078","2,003","55.14K","-1.97%"
"10/20/2017","2,080","2,070","2,080","2,011","1.32M","0.48%"
"10/19/2017","2,070","2,070","2,070","2,010","237.15K","0.00%"
"10/18/2017","2,070","2,080","2,081","2,004","393.11K","-0.48%"
"10/17/2017","2,080","2,080","2,089","2,006","272.77K","0.00%"
"10/16/2017","2,080","2,100","2,100","2,047","781.95K","0.00%"
"10/13/2017","2,080","2,050","2,100","1,951","278.48K","1.56%"
"10/12/2017","2,048","2,045","2,074","2,003","73.00K","3.02%"
"10/11/2017","1,988","1,971","2,050","1,911","165.19K","0.45%"
"10/10/2017","1,979","1,949","2,010","1,924","59.43K","4.10%"
"10/09/2017","1,901","1,899","1,944","1,853","284.29K","1.01%"
"10/06/2017","1,882","1,910","1,914","1,852","154.27K","-0.95%"
"10/05/2017","1,900","1,899","1,902","1,797","806.32K","2.70%"
"10/04/2017","1,850","1,950","1,950","1,800","283.27K","-3.85%"
"10/03/2017","1,924","1,965","1,965","1,865","218.36K","-1.13%"
"10/02/2017","1,946","2,063","2,063","1,880","864.15K","-1.72%"
"09/29/2017","1,980","2,019","2,047","1,925","157.50K","0.76%"
"09/28/2017","1,965","1,980","2,030","1,885","325.03K","-1.80%"
"09/27/2017","2,001","2,090","2,090","1,981","110.89K","-1.67%"
"09/26/2017","2,035","2,001","2,050","1,980","302.38K","-0.73%"
"09/22/2017","2,050","2,050","2,098","2,050","41.92K","-2.38%"
"09/21/2017","2,100","2,000","2,175","2,000","672.01K","4.01%"
"09/20/2017","2,019","1,991","2,100","1,991","294.21K","-1.03%"
"09/19/2017","2,040","2,026","2,060","1,989","81.92K","-1.11%"
"09/18/2017","2,063","2,098","2,098","2,000","73.05K","-1.76%"
"09/15/2017","2,100","1,981","2,100","1,981","164.42K","5.90%"
"09/14/2017","1,983","1,940","2,050","1,940","114.62K","2.64%"
"09/13/2017","1,932","1,900","1,979","1,900","113.74K","0.63%"
"09/12/2017","1,920","2,050","2,140","1,853","200.24K","-7.47%"
"09/11/2017","2,075","2,020","2,180","2,020","87.64K","-2.31%"
"09/08/2017","2,124","2,126","2,197","2,095","28.43K","-0.65%"
"09/07/2017","2,138","2,177","2,219","2,100","41.05K","-3.69%"
"09/06/2017","2,220","2,157","2,230","2,157","92.15K","0.91%"
"09/05/2017","2,200","2,220","2,265","2,200","48.83K","-1.35%"
"09/04/2017","2,230","2,250","2,284","2,151","757.05K","-2.19%"
"09/01/2017","2,280","2,250","2,294","2,250","202.73K","0.22%"
"08/31/2017","2,275","2,260","2,300","2,260","300.17K","0.66%"
"08/30/2017","2,260","2,299","2,299","2,260","71.79K","-0.44%"
"08/29/2017","2,270","2,260","2,294","2,250","43.71K","0.44%"
"08/28/2017","2,260","2,220","2,295","2,220","19.45K","0.00%"
"08/25/2017","2,260","2,295","2,300","2,231","4.17K","0.00%"
"08/24/2017","2,260","2,280","2,318","2,201","1.11M","-2.04%"
"08/23/2017","2,307","2,300","2,321","2,276","57.08K","-0.22%"
"08/22/2017","2,312","2,300","2,339","2,300","81.35K","0.52%"
"08/21/2017","2,300","2,319","2,319","2,300","1.81K","0.00%"
"08/18/2017","2,300","2,333","2,333","2,290","294.25K","-0.04%"
"08/17/2017","2,301","2,280","2,331","2,280","2.46K","0.04%"
"08/16/2017","2,300","2,280","2,332","2,280","46.68K","1.10%"
"08/15/2017","2,275","2,275","2,346","2,275","28.89K","0.00%"
"08/14/2017","2,275","2,200","2,335","2,200","158.06K","1.56%"
"08/11/2017","2,240","2,255","2,255","2,125","75.56K","-1.10%"
"08/10/2017","2,265","2,270","2,350","2,212","53.07K","-0.22%"
"08/08/2017","2,270","2,354","2,354","2,270","40.13K","0.00%"
"08/07/2017","2,270","2,229","2,360","2,229","40.04K","-2.41%"
"08/04/2017","2,326","2,400","2,400","2,310","31.76K","-1.73%"
"08/03/2017","2,367","2,400","2,482","2,367","65.77K","-0.59%"
"08/02/2017","2,381","2,390","2,400","2,380","302.01K","-0.38%"
"08/01/2017","2,390","2,369","2,400","2,360","106.07K","0.63%"
"07/31/2017","2,375","2,400","2,400","2,370","5.56K","0.21%"
"07/28/2017","2,370","2,302","2,399","2,302","36.38K","-0.42%"
"07/27/2017","2,380","2,350","2,400","2,350","22.52K","-0.79%"
"07/26/2017","2,399","2,323","2,400","2,300","210.37K","3.41%"
"07/25/2017","2,320","2,362","2,380","2,300","140.41K","-1.78%"
"07/24/2017","2,362","2,400","2,400","2,350","36.11K","0.43%"
"07/21/2017","2,352","2,395","2,396","2,350","611.40K","-1.59%"
"07/20/2017","2,390","2,359","2,400","2,359","61.54K","-0.42%"
"07/19/2017","2,400","2,405","2,409","2,383","165.64K","-0.21%"
"07/18/2017","2,405","2,410","2,420","2,400","107.92K","-0.50%"
"07/17/2017","2,417","2,430","2,440","2,401","44.02K","-0.33%"
"07/14/2017","2,425","2,375","2,439","2,375","43.80K","1.00%"
"07/13/2017","2,401","2,425","2,425","2,401","135.54K","-0.58%"
"07/12/2017","2,415","2,401","2,422","2,401","123.22K","0.58%"
"07/11/2017","2,401","2,390","2,420","2,390","115.05K","0.46%"
"07/10/2017","2,390","2,375","2,424","2,375","3.07K","0.63%"
"07/07/2017","2,375","2,402","2,425","2,366","63.25K","-1.04%"
"07/06/2017","2,400","2,375","2,410","2,375","760.54K","0.63%"
"07/05/2017","2,385","2,380","2,436","2,364","258.25K","-0.63%"
"07/04/2017","2,400","2,345","2,429","2,345","105.98K","-0.46%"
"07/03/2017","2,411","2,400","2,440","2,345","123.07K","0.33%"
"06/30/2017","2,403","2,400","2,428","2,400","21.48K","-0.58%"
"06/29/2017","2,417","2,354","2,427","2,353","64.35K","0.67%"
"06/28/2017","2,401","2,398","2,423","2,350","57.98K","2.17%"
"06/27/2017","2,350","2,418","2,418","2,312","220.02K","-0.59%"
"06/26/2017","2,364","2,370","2,410","2,350","34.40K","-0.46%"
"06/23/2017","2,375","2,325","2,418","2,312","845.53K","1.06%"
"06/22/2017","2,350","2,353","2,397","2,350","88.78K","-2.33%"
"06/21/2017","2,406","2,365","2,439","2,325","552.73K","2.38%"
"06/20/2017","2,350","2,380","2,380","2,320","551.55K","-1.26%"
"06/19/2017","2,380","2,390","2,400","2,360","54.11K","-1.24%"
"06/15/2017","2,410","2,410","2,440","2,389","329.47K","0.42%"
"06/14/2017","2,400","2,448","2,448","2,400","7.27K","-0.37%"
"06/13/2017","2,409","2,434","2,447","2,365","39.00K","1.26%"
"06/12/2017","2,379","2,430","2,449","2,361","315.98K","0.17%"
"06/09/2017","2,375","2,351","2,428","2,350","157.71K","-0.21%"
"06/08/2017","2,380","2,406","2,406","2,370","109.52K","-0.83%"
"06/07/2017","2,400","2,475","2,475","2,375","344.99K","-0.33%"
"06/06/2017","2,408","2,450","2,450","2,375","641.74K","0.33%"
"06/05/2017","2,400","2,400","2,430","2,395","716.71K","-1.72%"
"06/02/2017","2,442","2,436","2,479","2,415","102.26K","0.25%"
"06/01/2017","2,436","2,400","2,436","2,400","131.39K","1.50%"
"05/31/2017","2,400","2,435","2,467","2,400","163.77K","-2.44%"
"05/30/2017","2,460","2,411","2,467","2,411","74.87K","0.00%"
"05/29/2017","2,460","2,457","2,481","2,434","170.00K","-0.61%"
"05/26/2017","2,475","2,435","2,480","2,435","119.45K","1.48%"
"05/25/2017","2,439","2,435","2,476","2,415","79.23K","0.16%"
"05/24/2017","2,435","2,403","2,457","2,403","1.15M","-0.90%"
"05/23/2017","2,457","2,479","2,479","2,402","47.18K","0.86%"
"05/22/2017","2,436","2,500","2,500","2,404","558.50K","-1.30%"
"05/19/2017","2,468","2,485","2,489","2,420","339.92K","2.83%"
"05/18/2017","2,400","2,480","2,500","2,400","747.39K","-3.34%"
"05/17/2017","2,483","2,458","2,530","2,450","906.69K","-0.32%"
"05/16/2017","2,491","2,439","2,499","2,436","95.76K","2.51%"
"05/15/2017","2,430","2,485","2,485","2,403","27.89K","1.25%"
"05/12/2017","2,400","2,400","2,419","2,398","286.39K","0.00%"
"05/11/2017","2,400","2,400","2,451","2,399","719.35K","-2.04%"
"05/10/2017","2,450","2,450","2,490","2,401","511.15K","-0.41%"
"05/09/2017","2,460","2,415","2,493","2,415","143.37K","-1.40%"
"05/08/2017","2,495","2,400","2,499","2,400","140.98K","3.96%"
"05/05/2017","2,400","2,400","2,469","2,400","223.13K","-0.33%"
"05/04/2017","2,408","2,400","2,468","2,400","243.07K","0.33%"
"05/03/2017","2,400","2,400","2,466","2,400","367.27K","-0.04%"
"05/02/2017","2,401","2,450","2,450","2,360","223.64K","-0.41%"
"04/28/2017","2,411","2,450","2,450","2,400","191.54K","-0.17%"
"04/26/2017","2,415","2,486","2,486","2,400","488.64K","0.63%"
"04/25/2017","2,400","2,400","2,450","2,350","625.68K","0.08%"
"04/24/2017","2,398","2,401","2,424","2,350","101.23K","-0.08%"
"04/21/2017","2,400","2,400","2,430","2,400","164.32K","-2.00%"
"04/20/2017","2,449","2,438","2,460","2,401","67.57K","0.45%"
"04/19/2017","2,438","2,449","2,459","2,400","437.01K","-0.45%"
"04/18/2017","2,449","2,450","2,475","2,400","197.30K","-0.04%"
"04/13/2017","2,450","2,538","2,538","2,450","67.43K","-0.69%"
"04/12/2017","2,467","2,440","2,507","2,421","111.51K","-1.52%"
"04/11/2017","2,505","2,600","2,600","2,486","76.34K","-1.49%"
"04/10/2017","2,543","2,500","2,558","2,401","157.06K","2.01%"
"04/07/2017","2,493","2,500","2,517","2,476","266.75K","0.12%"
"04/06/2017","2,490","2,500","2,523","2,432","348.59K","-1.43%"
"04/05/2017","2,526","2,600","2,600","2,513","349.80K","-0.16%"
"04/04/2017","2,530","2,599","2,599","2,425","167.60K","-0.82%"
"04/03/2017","2,551","2,550","2,551","2,463","155.19K","-0.04%"
"03/31/2017","2,552","2,600","2,637","2,513","455.76K","-3.33%"
"03/30/2017","2,640","2,630","2,659","2,630","453.96K","0.19%"
"03/29/2017","2,635","2,625","2,658","2,551","443.50K","0.38%"
"03/28/2017","2,625","2,620","2,648","2,612","850.77K","0.19%"
"03/27/2017","2,620","2,649","2,649","2,615","746.86K","0.00%"
"03/24/2017","2,620","2,640","2,641","2,600","282.61K","0.69%"
"03/23/2017","2,602","2,600","2,625","2,600","122.16K","-0.54%"
"03/22/2017","2,616","2,625","2,646","2,600","269.11K","-0.30%"
"03/20/2017","2,624","2,600","2,625","2,427","582.33K","1.31%"
"03/17/2017","2,590","2,600","2,600","2,583","361.97K","0.78%"
"03/16/2017","2,570","2,575","2,597","2,561","133.32K","0.90%"
"03/15/2017","2,547","2,510","2,599","2,510","377.14K","0.08%"
"03/14/2017","2,545","2,449","2,580","2,449","148.75K","0.51%"
"03/13/2017","2,532","2,575","2,575","2,470","187.69K","-0.71%"
"03/10/2017","2,550","2,535","2,576","2,528","448.22K","0.83%"
"03/09/2017","2,529","2,550","2,550","2,505","474.68K","-0.04%"
"03/08/2017","2,530","2,550","2,550","2,508","1.05M","0.88%"
"03/07/2017","2,508","2,502","2,549","2,502","537.60K","-0.08%"
"03/06/2017","2,510","2,500","2,529","2,499","445.21K","1.09%"
"03/03/2017","2,483","2,520","2,520","2,483","552.71K","-0.88%"
"03/02/2017","2,505","2,477","2,529","2,477","177.33K","-0.40%"
"03/01/2017","2,515","2,450","2,547","2,450","753.24K","2.61%"
"02/28/2017","2,451","2,465","2,500","2,450","188.41K","-0.97%"
"02/27/2017","2,475","2,549","2,549","2,452","135.38K","-0.80%"
"02/24/2017","2,495","2,524","2,524","2,495","482.98K","-0.20%"
"02/23/2017","2,500","2,500","2,525","2,495","626.47K","-0.16%"
"02/22/2017","2,504","2,475","2,520","2,475","784.57K","0.85%"
"02/21/2017","2,483","2,471","2,493","2,450","92.71K","1.31%"
"02/20/2017","2,451","2,387","2,480","2,387","69.16K","-1.92%"
"02/17/2017","2,499","2,385","2,499","2,381","699.55K","2.67%"
"02/16/2017","2,434","2,399","2,434","2,306","313.28K","1.76%"
"02/15/2017","2,392","2,279","2,399","2,279","664.86K","5.56%"
"02/14/2017","2,266","2,260","2,289","2,202","788.06K","0.31%"
"02/13/2017","2,259","2,201","2,290","2,201","416.02K","-1.61%"
"02/10/2017","2,296","2,300","2,300","2,202","710.61K","1.73%"
"02/09/2017","2,257","2,230","2,298","2,200","521.10K","1.17%"
"02/08/2017","2,231","2,201","2,247","2,201","218.00K","-0.84%"
"02/07/2017","2,250","2,250","2,251","2,155","312.57K","-0.75%"
"02/06/2017","2,267","2,270","2,270","2,200","103.37K","-0.13%"
"02/03/2017","2,270","2,319","2,338","2,250","57.42K","-2.11%"
"02/02/2017","2,319","2,325","2,385","2,300","320.13K","-0.77%"
"02/01/2017","2,337","2,320","2,446","2,291","301.17K","2.01%"
"01/31/2017","2,291","2,318","2,319","2,275","14.40K","2.97%"
"01/30/2017","2,225","2,300","2,389","2,201","27.51K","-4.34%"
"01/27/2017","2,326","2,330","2,397","2,300","212.02K","-0.39%"
"01/26/2017","2,335","2,400","2,499","2,330","197.94K","-3.07%"
"01/25/2017","2,409","2,325","2,409","2,305","96.25K","4.24%"
"01/24/2017","2,311","2,206","2,324","2,151","307.71K","4.10%"
"01/23/2017","2,220","2,399","2,460","2,220","113.87K","-4.68%"
"01/20/2017","2,329","2,528","2,528","2,326","74.92K","-4.04%"
"01/19/2017","2,427","2,500","2,536","2,326","1.55M","-3.00%"
"01/18/2017","2,502","2,432","2,536","2,415","482.77K","2.88%"
"01/17/2017","2,432","2,325","2,450","2,325","54.70K","0.45%"
"01/16/2017","2,421","2,340","2,443","2,326","66.39K","2.41%"
"01/13/2017","2,364","2,260","2,364","2,260","197.73K","5.49%"
"01/12/2017","2,241","2,300","2,320","2,241","81.68K","-3.57%"
"01/11/2017","2,324","2,300","2,336","2,270","411.67K","1.09%"
"01/10/2017","2,299","2,299","2,325","2,270","68.40K","0.66%"
"01/09/2017","2,284","2,340","2,340","2,270","50.16K","-1.68%"
"01/06/2017","2,323","2,347","2,347","2,300","48.22K","-1.06%"
"01/05/2017","2,348","2,265","2,365","2,265","29.83K","-0.68%"
"01/04/2017","2,364","2,460","2,479","2,266","53.76K","-3.86%"
"01/03/2017","2,459","2,497","2,497","2,266","16.18K","-0.04%"
"12/30/2016","2,460","2,395","2,500","2,375","35.07K","-1.56%"
"12/29/2016","2,499","2,265","2,523","2,265","51.80K","0.81%"
"12/28/2016","2,479","2,350","2,493","2,350","85.09K","4.91%"
"12/23/2016","2,363","2,290","2,430","2,290","10.04K","-1.95%"
"12/22/2016","2,410","2,351","2,499","2,301","102.11K","-1.79%"
"12/21/2016","2,454","2,367","2,494","2,362","145.42K","4.38%"
"12/20/2016","2,351","2,350","2,399","2,265","71.26K","0.04%"
"12/19/2016","2,350","2,450","2,450","2,310","31.25K","0.64%"
"12/15/2016","2,335","2,438","2,489","2,312","438.19K","-3.15%"
"12/14/2016","2,411","2,400","2,496","2,400","136.44K","-3.41%"
"12/13/2016","2,496","2,500","2,500","2,440","355.54K","-0.12%"
"12/12/2016","2,499","2,500","2,500","2,451","126.40K","1.96%"
"12/09/2016","2,451","2,500","2,500","2,378","125.72K","-0.73%"
"12/08/2016","2,469","2,400","2,489","2,311","66.63K","3.09%"
"12/07/2016","2,395","2,350","2,430","2,270","224.37K","2.39%"
"12/06/2016","2,339","2,350","2,350","2,250","286.90K","3.09%"
"12/05/2016","2,269","2,300","2,304","2,240","197.43K","2.21%"
"12/02/2016","2,220","2,174","2,290","2,174","186.79K","-2.97%"
"12/01/2016","2,288","2,295","2,370","2,212","363.74K","-0.52%"
"11/30/2016","2,300","2,420","2,420","2,290","362.03K","-3.81%"
"11/29/2016","2,391","2,425","2,440","2,327","537.03K","-0.83%"
"11/28/2016","2,411","2,303","2,415","2,303","69.77K","4.74%"
"11/25/2016","2,302","2,380","2,381","2,302","18.76K","-5.66%"
"11/24/2016","2,440","2,430","2,480","2,366","257.00K","0.45%"
"11/23/2016","2,429","2,425","2,430","2,350","221.92K","1.21%"
"11/22/2016","2,400","2,439","2,439","2,352","174.90K","0.00%"
"11/21/2016","2,400","2,440","2,440","2,316","85.10K","0.00%"
"11/18/2016","2,400","2,440","2,440","2,340","275.66K","0.59%"
"11/17/2016","2,386","2,449","2,449","2,336","45.30K","-2.41%"
"11/16/2016","2,445","2,406","2,450","2,406","425.71K","1.62%"
"11/15/2016","2,406","2,449","2,452","2,301","275.83K","0.88%"
"11/14/2016","2,385","2,335","2,433","2,335","57.36K","-2.13%"
"11/11/2016","2,437","2,455","2,489","2,437","354.26K","-0.53%"
"11/10/2016","2,450","2,426","2,452","2,425","202.75K","0.82%"
"11/09/2016","2,430","2,440","2,440","2,305","328.39K","-0.16%"
"11/08/2016","2,434","2,480","2,489","2,301","58.05K","-2.21%"
"11/07/2016","2,489","2,524","2,586","2,401","216.62K","-0.44%"
"11/04/2016","2,500","2,540","2,540","2,455","67.15K","-0.99%"
"11/03/2016","2,525","2,539","2,539","2,400","261.72K","1.86%"
"11/02/2016","2,479","2,500","2,538","2,352","151.09K","0.04%"
"11/01/2016","2,478","2,547","2,547","2,380","442.09K","-1.39%"
"10/31/2016","2,513","2,370","2,545","2,350","261.94K","2.57%"
"10/28/2016","2,450","2,441","2,558","2,441","167.50K","-4.63%"
"10/27/2016","2,569","2,599","2,599","2,400","522.18K","2.72%"
"10/26/2016","2,501","2,475","2,501","2,391","205.17K","4.60%"
"10/25/2016","2,391","2,333","2,475","2,266","252.78K","-0.38%"
"10/24/2016","2,400","2,599","2,599","2,374","328.81K","-4.15%"
"10/21/2016","2,504","2,610","2,610","2,490","730.34K","-3.25%"
"10/20/2016","2,588","2,590","2,600","2,586","53.95K","-0.42%"
"10/19/2016","2,599","2,586","2,599","2,531","76.86K","0.74%"
"10/18/2016","2,580","2,600","2,600","2,505","170.26K","-0.77%"
"10/17/2016","2,600","2,603","2,603","2,471","158.12K","0.00%"
"10/14/2016","2,600","2,600","2,608","2,470","129.76K","0.00%"
"10/13/2016","2,600","2,590","2,600","2,582","287.53K","0.19%"
"10/12/2016","2,595","2,440","2,615","2,440","164.53K","1.17%"
"10/11/2016","2,565","2,600","2,600","2,478","464.22K","0.08%"
"10/10/2016","2,563","2,630","2,630","2,470","209.83K","-0.47%"
"10/07/2016","2,575","2,650","2,650","2,499","90.82K","-2.09%"
"10/06/2016","2,630","2,550","2,644","2,467","545.95K","0.88%"
"10/05/2016","2,607","2,500","2,607","2,340","154.41K","4.99%"
"10/04/2016","2,483","2,489","2,490","2,468","104.04K","1.35%"
"10/03/2016","2,450","2,524","2,524","2,450","210.68K","-0.16%"
"09/30/2016","2,454","2,643","2,651","2,451","180.88K","-7.15%"
"09/29/2016","2,643","2,500","2,643","2,451","239.08K","4.10%"
"09/28/2016","2,539","2,550","2,550","2,451","346.86K","2.05%"
"09/27/2016","2,488","2,400","2,537","2,331","390.06K","3.67%"
"09/26/2016","2,400","2,400","2,400","2,308","101.53K","0.00%"
"09/23/2016","2,400","2,400","2,405","2,388","177.50K","0.00%"
"09/22/2016","2,400","2,420","2,420","2,387","157.08K","-0.83%"
"09/21/2016","2,420","2,425","2,430","2,376","70.65K","0.00%"
"09/20/2016","2,420","2,394","2,450","2,393","124.55K","1.09%"
"09/19/2016","2,394","2,400","2,400","2,350","328.02K","-0.25%"
"09/16/2016","2,400","2,350","2,400","2,350","279.21K","1.95%"
"09/15/2016","2,354","2,362","2,400","2,200","967.98K","1.47%"
"09/14/2016","2,320","2,445","2,445","2,251","47.11K","-3.85%"
"09/13/2016","2,413","2,445","2,445","2,377","48.79K","0.63%"
"09/12/2016","2,398","2,410","2,410","2,300","73.31K","-0.50%"
"09/09/2016","2,410","2,415","2,420","2,399","146.43K","0.04%"
"09/08/2016","2,409","2,400","2,420","2,400","215.96K","0.33%"
"09/07/2016","2,401","2,450","2,450","2,400","116.37K","0.04%"
"09/06/2016","2,400","2,305","2,435","2,305","993.31K","0.67%"
"09/05/2016","2,384","2,271","2,401","2,251","88.08K","-0.25%"
"09/02/2016","2,390","2,269","2,462","2,240","181.42K","1.70%"
"09/01/2016","2,350","2,250","2,399","2,216","146.31K","5.15%"
"08/31/2016","2,235","2,200","2,250","2,197","269.57K","1.59%"
"08/30/2016","2,200","2,150","2,200","2,150","212.25K","2.90%"
"08/29/2016","2,138","2,051","2,200","2,051","165.54K","-0.56%"
"08/26/2016","2,150","2,200","2,200","2,123","552.15K","1.99%"
"08/25/2016","2,108","2,191","2,191","2,093","761.30K","-1.95%"
"08/24/2016","2,150","2,250","2,250","2,102","59.32K","-2.27%"
"08/23/2016","2,200","2,175","2,249","2,175","241.66K","1.15%"
"08/22/2016","2,175","2,154","2,200","2,153","112.50K","-3.25%"
"08/19/2016","2,248","2,150","2,250","2,102","127.68K","-0.04%"
"08/18/2016","2,249","2,250","2,250","2,200","196.70K","-0.04%"
"08/17/2016","2,250","2,150","2,250","2,150","239.51K","4.12%"
"08/16/2016","2,161","2,150","2,190","2,125","31.05K","0.70%"
"08/15/2016","2,146","2,125","2,189","2,050","83.37K","1.23%"
"08/12/2016","2,120","2,155","2,155","2,050","58.07K","-1.62%"
"08/11/2016","2,155","2,099","2,249","2,088","62.02K","3.41%"
"08/10/2016","2,084","2,090","2,090","2,005","84.94K","2.76%"
"08/08/2016","2,028","2,010","2,099","2,010","8.75K","1.15%"
"08/05/2016","2,005","2,004","2,050","1,996","1.04M","0.75%"
"08/04/2016","1,990","1,913","2,049","1,913","571.13K","4.74%"
"08/02/2016","1,900","1,851","1,969","1,851","984.22K","2.65%"
"08/01/2016","1,851","1,990","2,000","1,850","420.68K","-3.09%"
"07/29/2016","1,910","2,000","2,000","1,910","73.46K","0.00%"
"07/28/2016","1,910","1,925","2,000","1,910","75.78K","-2.05%"
"07/27/2016","1,950","1,950","2,000","1,860","140.02K","4.84%"
"07/26/2016","1,860","1,950","1,955","1,849","269.28K","0.00%"
"07/25/2016","1,860","1,800","1,924","1,800","499.76K","0.43%"
"07/22/2016","1,852","1,916","1,920","1,850","32.17K","1.48%"
"07/21/2016","1,825","1,820","1,855","1,820","72.35K","-1.19%"
"07/20/2016","1,847","1,850","1,900","1,800","363.45K","-0.16%"
"07/19/2016","1,850","1,820","1,890","1,820","145.79K","-0.96%"
"07/18/2016","1,868","1,920","1,920","1,721","219.18K","-1.42%"
"07/15/2016","1,895","1,885","1,927","1,885","66.64K","0.00%"
"07/14/2016","1,895","1,983","1,983","1,880","83.21K","-0.79%"
"07/13/2016","1,910","1,990","1,990","1,899","57.15K","-1.55%"
"07/12/2016","1,940","1,899","1,940","1,880","81.53K","2.11%"
"07/11/2016","1,900","1,850","1,942","1,850","42.71K","-0.37%"
"07/08/2016","1,907","1,925","1,942","1,871","79.12K","0.37%"
"07/07/2016","1,900","1,901","1,926","1,850","206.22K","-0.58%"
"07/06/2016","1,911","1,905","1,972","1,905","28.56K","-0.47%"
"07/05/2016","1,920","1,930","1,930","1,905","59.51K","0.73%"
"07/04/2016","1,906","1,926","2,000","1,905","287.98K","-1.04%"
"07/01/2016","1,926","1,935","1,949","1,911","37.05K","-0.47%"
"06/30/2016","1,935","1,850","1,945","1,850","85.48K","0.57%"
"06/29/2016","1,924","1,958","1,958","1,850","165.81K","-1.33%"
"06/28/2016","1,950","1,990","2,000","1,916","315.87K","-0.26%"
"06/27/2016","1,955","1,939","2,020","1,850","271.29K","4.27%"
"06/24/2016","1,875","1,805","1,881","1,681","25.04K","0.54%"
"06/23/2016","1,865","1,900","1,974","1,840","168.67K","-0.85%"
"06/22/2016","1,881","1,805","1,900","1,805","96.13K","1.90%"
"06/21/2016","1,846","1,805","1,890","1,805","66.30K","1.10%"
"06/20/2016","1,826","1,885","1,885","1,825","34.78K","-2.35%"
"06/17/2016","1,870","1,810","1,900","1,810","71.86K","3.03%"
"06/15/2016","1,815","1,820","1,874","1,815","34.05K","-0.22%"
"06/14/2016","1,819","1,826","1,826","1,805","93.74K","-0.33%"
"06/13/2016","1,825","1,820","1,844","1,810","312.70K","0.27%"
"06/10/2016","1,820","1,810","1,825","1,800","328.62K","0.22%"
"06/09/2016","1,816","1,838","1,858","1,810","22.35K","0.33%"
"06/08/2016","1,810","1,810","1,825","1,810","63.13K","-0.82%"
"06/07/2016","1,825","1,760","1,900","1,760","11.24K","0.16%"
"06/06/2016","1,822","1,865","1,900","1,822","37.80K","-2.31%"
"06/03/2016","1,865","1,866","1,900","1,865","66.29K","0.00%"
"06/02/2016","1,865","1,899","2,000","1,865","96.67K","-1.74%"
"06/01/2016","1,898","1,849","1,899","1,810","138.59K","2.98%"
"05/31/2016","1,843","1,849","1,877","1,811","88.73K","-0.32%"
"05/30/2016","1,849","1,840","1,850","1,830","8.87K","-0.16%"
"05/27/2016","1,852","1,850","1,853","1,836","65.34K","-2.42%"
"05/26/2016","1,898","1,845","1,898","1,800","103.03K","2.87%"
"05/25/2016","1,845","1,810","1,900","1,810","28.15K","-1.86%"
"05/24/2016","1,880","1,825","1,880","1,801","593.10K","3.01%"
"05/23/2016","1,825","1,900","1,900","1,800","231.37K","-5.54%"
"05/20/2016","1,932","1,900","1,950","1,900","55.67K","1.68%"
"05/19/2016","1,900","1,885","1,900","1,800","35.43K","2.32%"
"05/18/2016","1,857","1,900","1,900","1,801","12.32K","3.17%"
"05/17/2016","1,800","1,810","1,820","1,800","173.24K","-0.06%"
"05/16/2016","1,801","1,925","1,944","1,801","34.69K","-6.15%"
"05/13/2016","1,919","1,850","1,960","1,850","26.91K","0.95%"
"05/12/2016","1,901","1,998","1,998","1,901","92.03K","-3.01%"
"05/11/2016","1,960","1,998","1,998","1,911","51.24K","1.08%"
"05/10/2016","1,939","1,798","1,990","1,720","2.29M","7.13%"
"05/09/2016","1,810","1,755","1,820","1,744","440.52K","8.38%"
"05/06/2016","1,670","1,630","1,724","1,551","1.27M","-1.76%"
"05/05/2016","1,700","1,740","1,740","1,626","155.44K","-2.13%"
"05/04/2016","1,737","1,745","1,770","1,730","87.35K","-1.59%"
"05/03/2016","1,765","1,870","1,870","1,741","90.31K","-5.61%"
"04/29/2016","1,870","1,900","1,945","1,810","290.46K","-2.09%"
"04/28/2016","1,910","1,938","1,945","1,900","21.05K","0.00%"
"04/26/2016","1,910","1,878","1,924","1,877","889.70K","1.11%"
"04/25/2016","1,889","1,850","1,889","1,850","11.09K","-0.58%"
"04/22/2016","1,900","1,850","1,900","1,850","48.07K","0.00%"
"04/21/2016","1,900","1,900","1,900","1,851","42.28K","-0.26%"
"04/20/2016","1,905","1,945","1,945","1,851","114.43K","0.53%"
"04/19/2016","1,895","1,875","1,895","1,860","45.63K","1.88%"
"04/18/2016","1,860","1,850","1,860","1,815","378.72K","0.54%"
"04/15/2016","1,850","1,800","1,850","1,800","20.92K","0.00%"
"04/14/2016","1,850","1,850","1,850","1,805","812.20K","1.37%"
"04/13/2016","1,825","1,712","1,825","1,650","32.29K","1.39%"
"04/12/2016","1,800","1,750","1,804","1,750","155.69K","2.86%"
"04/11/2016","1,750","1,705","1,760","1,691","17.18K","0.00%"
"04/08/2016","1,750","1,725","1,789","1,701","852.36K","0.00%"
"04/07/2016","1,750","1,827","1,827","1,676","1.09M","-4.27%"
"04/06/2016","1,828","1,740","1,850","1,740","3.93K","2.12%"
"04/05/2016","1,790","1,780","1,810","1,739","694.00K","0.56%"
"04/04/2016","1,780","1,780","1,815","1,751","175.00K","-0.56%"
"04/01/2016","1,790","1,825","1,860","1,740","191.92K","-2.40%"
"03/31/2016","1,834","1,835","1,854","1,750","106.00K","-0.33%"
"03/30/2016","1,840","1,836","1,840","1,750","272.57K","5.14%"
"03/29/2016","1,750","1,740","1,844","1,740","44.92K","-3.58%"
"03/24/2016","1,815","1,820","1,859","1,750","348.98K","-1.09%"
"03/23/2016","1,835","1,800","1,860","1,750","94.76K","0.82%"
"03/22/2016","1,820","1,840","1,840","1,750","226.19K","-0.27%"
"03/18/2016","1,825","1,760","1,825","1,760","108.36K","4.29%"
"03/17/2016","1,750","1,750","1,829","1,625","192.66K","2.94%"
"03/16/2016","1,700","1,750","1,750","1,626","46.49K","0.00%"
"03/15/2016","1,700","1,750","1,750","1,605","112.73K","-0.12%"
"03/14/2016","1,702","1,820","1,820","1,701","22.95K","-1.90%"
"03/11/2016","1,735","1,780","1,795","1,725","50.00K","-0.69%"
"03/10/2016","1,747","1,680","1,774","1,680","259.51K","0.69%"
"03/09/2016","1,735","1,668","1,755","1,668","533.60K","-0.29%"
"03/08/2016","1,740","1,748","1,800","1,740","452.09K","-1.02%"
"03/07/2016","1,758","1,735","1,800","1,735","235.87K","1.33%"
"03/04/2016","1,735","1,734","1,735","1,650","275.61K","3.27%"
"03/03/2016","1,680","1,629","1,750","1,629","825.50K","3.13%"
"03/02/2016","1,629","1,550","1,700","1,550","837.90K","1.81%"
"03/01/2016","1,600","1,552","1,614","1,552","446.44K","0.00%"
"02/29/2016","1,600","1,550","1,625","1,540","234.78K","4.92%"
"02/26/2016","1,525","1,550","1,670","1,450","81.97K","-4.69%"
"02/25/2016","1,600","1,570","1,690","1,450","168.42K","1.91%"
"02/24/2016","1,570","1,530","1,618","1,500","418.62K","-1.75%"
"02/23/2016","1,598","1,568","1,634","1,501","474.40K","-2.32%"
"02/22/2016","1,636","1,599","1,650","1,530","378.93K","2.31%"
"02/19/2016","1,599","1,620","1,620","1,550","819.98K","-1.24%"
"02/18/2016","1,619","1,570","1,624","1,499","388.17K","3.78%"
"02/17/2016","1,560","1,475","1,599","1,475","130.15K","1.30%"
"02/16/2016","1,540","1,480","1,556","1,480","603.60K","-0.26%"
"02/15/2016","1,544","1,526","1,579","1,524","142.15K","1.91%"
"02/12/2016","1,515","1,411","1,519","1,411","1.03M","4.48%"
"02/11/2016","1,450","1,486","1,486","1,435","505.61K","-1.96%"
"02/10/2016","1,479","1,465","1,480","1,451","504.86K","1.30%"
"02/09/2016","1,460","1,470","1,470","1,448","449.21K","0.69%"
"02/08/2016","1,450","1,401","1,481","1,401","801.29K","0.00%"
"02/05/2016","1,450","1,440","1,465","1,400","1.13M","0.69%"
"02/04/2016","1,440","1,440","1,450","1,351","575.37K","0.00%"
"02/03/2016","1,440","1,445","1,480","1,435","1.24M","-0.35%"
"02/02/2016","1,445","1,433","1,475","1,433","1.27M","1.05%"
"02/01/2016","1,430","1,410","1,450","1,400","2.26M","1.92%"
"01/29/2016","1,403","1,380","1,414","1,369","742.92K","3.16%"
"01/28/2016","1,360","1,356","1,365","1,300","174.68K","-0.07%"
"01/27/2016","1,361","1,375","1,385","1,267","674.55K","-1.73%"
"01/26/2016","1,385","1,364","1,390","1,342","82.17K","1.47%"
"01/25/2016","1,365","1,380","1,408","1,310","398.04K","-1.09%"
"01/22/2016","1,380","1,436","1,441","1,341","244.95K","-2.82%"
"01/21/2016","1,420","1,440","1,498","1,402","341.30K","-2.00%"
"01/20/2016","1,449","1,350","1,450","1,320","644.04K","0.00%"
"01/19/2016","1,449","1,510","1,510","1,336","446.80K","-1.43%"
"01/18/2016","1,470","1,475","1,543","1,441","1.36M","1.38%"
"01/15/2016","1,450","1,400","1,450","1,400","56.02K","3.13%"
"01/14/2016","1,406","1,430","1,436","1,352","291.59K","-1.68%"
"01/13/2016","1,430","1,425","1,435","1,420","80.18K","0.35%"
"01/12/2016","1,425","1,484","1,484","1,371","125.71K","-3.39%"
"01/11/2016","1,475","1,496","1,499","1,448","400.07K","-2.25%"
"01/08/2016","1,509","1,510","1,555","1,487","1.35M","-0.07%"
"01/07/2016","1,510","1,485","1,560","1,463","624.68K","-3.45%"
"01/06/2016","1,564","1,601","1,640","1,501","263.77K","-4.92%"
"01/05/2016","1,645","1,606","1,650","1,598","73.70K","-0.12%"
"01/04/2016","1,647","1,600","1,720","1,600","287.08K","-2.26%"