"Date","Price","Open","High","Low","Vol.","Change %"
"03/27/2026","9,058","9,058","9,058","9,058","0.32K","0.29%"
"03/26/2026","9,032","9,060","9,098","8,932","2.54M","-1.21%"
"03/25/2026","9,143","8,770","9,143","8,770","4.51M","4.46%"
"03/24/2026","8,753","8,837","8,860","8,640","4.40M","-0.21%"
"03/23/2026","8,771","8,777","9,113","8,521","5.53M","-0.48%"
"03/20/2026","8,813","8,833","9,041","8,780","9.37M","-0.09%"
"03/19/2026","8,821","8,650","9,007","8,585","11.92M","0.70%"
"03/18/2026","8,760","8,972","9,058","8,731","5.63M","-1.73%"
"03/17/2026","8,914","8,999","8,999","8,731","7.34M","-0.27%"
"03/16/2026","8,938","9,077","9,185","8,862","8.57M","-0.69%"
"03/13/2026","9,000","9,200","9,235","9,000","7.32M","-2.04%"
"03/12/2026","9,187","9,733","9,733","9,187","5.75M","-3.70%"
"03/11/2026","9,540","9,700","9,733","9,348","4.40M","-0.80%"
"03/10/2026","9,617","9,545","9,703","9,347","6.21M","3.72%"
"03/09/2026","9,272","9,225","9,401","9,090","4.77M","0.68%"
"03/06/2026","9,209","9,700","9,700","9,194","5.60M","-3.55%"
"03/05/2026","9,548","10,250","10,250","9,341","6.53M","-5.15%"
"03/04/2026","10,066","9,971","10,240","9,808","3.84M","0.94%"
"03/03/2026","9,972","10,475","10,475","9,875","4.53M","-3.98%"
"03/02/2026","10,385","10,455","10,538","10,175","3.68M","-2.19%"
"02/27/2026","10,618","10,573","10,779","10,515","6.95M","-0.66%"
"02/26/2026","10,689","10,565","10,820","10,565","2.55M","1.31%"
"02/25/2026","10,551","10,685","10,685","10,423","2.45M","-0.99%"
"02/24/2026","10,657","10,620","10,683","10,433","2.93M","0.35%"
"02/23/2026","10,620","10,623","10,847","10,591","2.30M","-0.02%"
"02/20/2026","10,622","10,577","10,730","10,567","2.45M","0.39%"
"02/19/2026","10,581","10,544","10,823","10,544","3.86M","-0.28%"
"02/18/2026","10,611","10,450","10,687","10,400","3.16M","2.31%"
"02/17/2026","10,371","10,300","10,463","10,209","2.08M","0.37%"
"02/16/2026","10,333","10,163","10,387","10,163","1.62M","1.67%"
"02/13/2026","10,163","10,239","10,330","10,104","2.62M","-0.75%"
"02/12/2026","10,240","10,200","10,259","10,025","2.13M","1.08%"
"02/11/2026","10,131","10,296","10,296","10,039","2.22M","-1.09%"
"02/10/2026","10,243","10,057","10,275","9,935","2.63M","1.86%"
"02/09/2026","10,056","10,149","10,182","9,969","2.68M","-0.17%"
"02/06/2026","10,073","10,234","10,234","9,978","3.30M","0.17%"
"02/05/2026","10,056","10,297","10,297","10,011","3.16M","-0.70%"
"02/04/2026","10,127","10,450","10,539","10,082","3.96M","-3.35%"
"02/03/2026","10,478","10,535","10,644","10,405","3.27M","0.37%"
"02/02/2026","10,439","10,088","10,514","9,950","4.06M","3.36%"
"01/30/2026","10,100","10,400","10,575","10,100","6.80M","-3.27%"
"01/29/2026","10,441","10,150","10,519","10,150","3.85M","2.30%"
"01/28/2026","10,206","10,450","10,453","10,150","2.99M","-1.55%"
"01/27/2026","10,367","10,450","10,576","10,341","5.88M","-0.20%"
"01/26/2026","10,388","10,355","10,431","10,144","3.27M","1.36%"
"01/23/2026","10,249","10,270","10,340","10,110","4.10M","-0.32%"
"01/22/2026","10,282","9,891","10,380","9,861","5.09M","3.94%"
"01/21/2026","9,892","9,675","9,892","9,666","2.26M","0.39%"
"01/20/2026","9,854","9,770","9,888","9,662","1.89M","-0.14%"
"01/19/2026","9,868","9,874","9,893","9,708","1.43M","-0.72%"
"01/16/2026","9,940","9,970","10,017","9,876","3.13M","-0.28%"
"01/15/2026","9,968","9,800","9,968","9,759","3.20M","2.27%"
"01/14/2026","9,747","9,922","9,925","9,654","3.37M","-1.49%"
"01/13/2026","9,894","9,951","10,113","9,894","3.20M","-1.66%"
"01/12/2026","10,061","10,318","10,318","9,953","2.08M","-1.70%"
"01/09/2026","10,235","10,330","10,330","10,182","1.97M","0.34%"
"01/08/2026","10,200","10,220","10,334","10,200","1.86M","-0.49%"
"01/07/2026","10,250","10,200","10,291","10,047","3.75M","0.18%"
"01/06/2026","10,232","9,950","10,307","9,860","3.19M","3.83%"
"01/05/2026","9,855","9,915","10,023","9,731","1.55M","-0.67%"
"01/02/2026","9,921","9,900","9,954","9,745","1.35M","0.73%"
"12/31/2025","9,849","9,937","9,952","9,849","966.71K","-0.77%"
"12/30/2025","9,925","9,950","10,022","9,825","1.14M","-0.25%"
"12/29/2025","9,950","9,800","9,982","9,747","1.00M","0.91%"
"12/24/2025","9,860","9,528","9,977","9,528","578.97K","-0.01%"
"12/23/2025","9,861","9,680","9,868","9,680","1.11M","1.16%"
"12/22/2025","9,748","9,503","9,905","9,503","1.73M","-1.70%"
"12/19/2025","9,917","10,039","10,110","9,434","7.98M","-1.36%"
"12/18/2025","10,054","9,948","10,156","9,822","11.92M","1.26%"
"12/17/2025","9,929","9,795","9,945","9,683","3.65M","1.37%"
"12/15/2025","9,795","9,608","9,805","9,580","3.28M","1.99%"
"12/12/2025","9,604","9,557","9,813","9,557","3.39M","-0.55%"
"12/11/2025","9,657","9,714","9,876","9,657","4.01M","-0.59%"
"12/10/2025","9,714","9,623","9,725","9,612","1.66M","0.07%"
"12/09/2025","9,707","9,500","9,735","9,500","3.18M","0.72%"
"12/08/2025","9,638","9,690","9,690","9,553","3.26M","-0.18%"
"12/05/2025","9,655","9,419","9,655","9,419","3.85M","1.69%"
"12/04/2025","9,495","9,385","9,495","9,322","2.82M","1.50%"
"12/03/2025","9,355","9,385","9,385","9,200","2.13M","0.65%"
"12/02/2025","9,295","9,175","9,385","9,145","2.30M","0.54%"
"12/01/2025","9,245","9,238","9,245","8,985","2.53M","0.76%"
"11/28/2025","9,175","9,300","9,301","9,084","4.16M","0.02%"
"11/27/2025","9,173","9,322","9,346","8,937","1.87M","-2.01%"
"11/26/2025","9,361","9,270","9,436","9,269","1.48M","0.97%"
"11/25/2025","9,271","9,301","9,301","9,080","1.94M","0.64%"
"11/24/2025","9,212","9,155","9,240","9,099","8.76M","0.62%"
"11/21/2025","9,155","9,325","9,349","9,112","2.41M","-2.13%"
"11/20/2025","9,354","9,350","9,515","9,306","3.12M","0.06%"
"11/19/2025","9,348","9,280","9,374","9,262","2.03M","0.27%"
"11/18/2025","9,323","9,500","9,558","9,323","2.49M","-2.37%"
"11/17/2025","9,549","9,473","9,625","9,375","2.27M","0.70%"
"11/14/2025","9,483","9,500","9,550","9,319","3.25M","-0.83%"
"11/13/2025","9,562","9,500","9,726","9,477","4.87M","0.62%"
"11/12/2025","9,503","9,175","9,560","9,175","4.30M","3.11%"
"11/11/2025","9,216","9,217","9,270","9,173","2.95M","0.37%"
"11/10/2025","9,182","9,220","9,264","9,116","1.99M","0.44%"
"11/07/2025","9,142","9,100","9,184","9,025","1.64M","-0.52%"
"11/06/2025","9,190","9,120","9,213","9,036","3.38M","0.10%"
"11/05/2025","9,181","9,200","9,200","8,901","3.62M","1.21%"
"11/04/2025","9,071","9,099","9,127","8,935","2.69M","-0.62%"
"11/03/2025","9,128","9,097","9,240","9,075","1.75M","0.34%"
"10/31/2025","9,097","9,102","9,242","8,951","3.09M","-0.05%"
"10/30/2025","9,102","9,330","9,339","9,059","3.10M","-2.27%"
"10/29/2025","9,313","9,425","9,444","9,247","2.51M","-1.19%"
"10/28/2025","9,425","9,238","9,526","9,238","4.43M","1.43%"
"10/27/2025","9,292","9,490","9,490","9,237","2.90M","-1.35%"
"10/24/2025","9,419","9,475","9,653","9,350","3.97M","0.21%"
"10/23/2025","9,399","9,270","9,460","9,270","3.18M","0.89%"
"10/22/2025","9,316","9,100","9,364","9,100","6.62M","1.15%"
"10/21/2025","9,210","9,102","9,313","9,079","4.52M","0.84%"
"10/20/2025","9,133","8,950","9,136","8,950","4.96M","2.43%"
"10/17/2025","8,916","8,990","9,039","8,829","4.47M","-0.78%"
"10/16/2025","8,986","9,027","9,133","8,986","3.15M","-0.45%"
"10/15/2025","9,027","8,880","9,067","8,880","4.03M","1.06%"
"10/14/2025","8,932","8,875","9,000","8,875","3.15M","-0.47%"
"10/13/2025","8,974","8,950","9,000","8,811","3.47M","0.12%"
"10/10/2025","8,963","8,703","9,000","8,703","4.83M","2.53%"
"10/09/2025","8,742","8,688","8,832","8,540","4.44M","0.62%"
"10/08/2025","8,688","8,599","8,688","8,458","3.05M","1.60%"
"10/07/2025","8,551","8,645","8,666","8,531","3.28M","-0.70%"
"10/06/2025","8,611","8,455","8,638","8,455","3.70M","0.57%"
"10/03/2025","8,562","8,500","8,562","8,405","4.64M","1.93%"
"10/02/2025","8,400","8,367","8,500","8,351","4.39M","0.39%"
"10/01/2025","8,367","8,400","8,410","8,269","4.21M","0.10%"
"09/30/2025","8,359","8,354","8,359","8,197","4.56M","0.75%"
"09/29/2025","8,297","8,399","8,399","8,235","2.54M","0.00%"
"09/26/2025","8,297","8,400","8,400","8,226","2.12M","-0.59%"
"09/25/2025","8,346","8,445","8,445","8,304","5.18M","-1.25%"
"09/23/2025","8,452","8,450","8,565","8,401","2.84M","-0.46%"
"09/22/2025","8,491","8,610","8,632","8,400","2.61M","-1.38%"
"09/19/2025","8,610","8,687","8,749","8,073","7.39M","-0.92%"
"09/18/2025","8,690","8,659","8,739","8,596","10.86M","0.61%"
"09/17/2025","8,637","8,539","8,665","8,478","3.76M","1.34%"
"09/16/2025","8,523","8,695","8,695","8,501","4.25M","-1.15%"
"09/15/2025","8,622","8,660","8,692","8,574","2.14M","0.06%"
"09/12/2025","8,617","8,625","8,719","8,496","3.61M","1.02%"
"09/11/2025","8,530","8,500","8,619","8,467","3.42M","-0.74%"
"09/10/2025","8,594","8,465","8,636","8,464","3.93M","1.19%"
"09/09/2025","8,493","8,390","8,516","8,381","6.85M","1.24%"
"09/08/2025","8,389","8,400","8,454","8,321","4.35M","0.14%"
"09/05/2025","8,377","8,400","8,468","8,313","4.59M","0.93%"
"09/04/2025","8,300","8,600","8,942","8,300","7.30M","-3.49%"
"09/03/2025","8,600","8,850","8,851","8,566","3.99M","-1.39%"
"09/02/2025","8,721","9,025","9,025","8,692","4.31M","-2.71%"
"09/01/2025","8,964","9,168","9,190","8,964","3.44M","-1.71%"
"08/29/2025","9,120","9,200","9,257","9,120","5.46M","-0.84%"
"08/28/2025","9,197","8,950","9,240","8,950","3.38M","1.84%"
"08/27/2025","9,031","9,074","9,074","8,851","3.66M","1.09%"
"08/26/2025","8,934","8,915","9,034","8,880","10.70M","-0.46%"
"08/25/2025","8,975","9,079","9,090","8,905","2.52M","-1.10%"
"08/22/2025","9,075","8,850","9,075","8,759","4.21M","3.21%"
"08/21/2025","8,793","8,730","8,838","8,723","2.25M","0.19%"
"08/20/2025","8,776","8,728","8,834","8,706","1.87M","0.43%"
"08/19/2025","8,738","8,749","8,793","8,707","2.19M","0.07%"
"08/18/2025","8,732","8,784","8,840","8,726","2.13M","-0.87%"
"08/15/2025","8,809","8,867","8,867","8,695","1.57M","0.27%"
"08/14/2025","8,785","8,655","8,867","8,655","2.18M","-0.18%"
"08/13/2025","8,801","8,628","8,804","8,628","2.30M","1.70%"
"08/12/2025","8,654","8,550","8,676","8,550","2.35M","0.64%"
"08/11/2025","8,599","8,620","8,714","8,539","1.76M","0.19%"
"08/08/2025","8,583","8,515","8,610","8,450","1.87M","0.26%"
"08/07/2025","8,561","8,540","8,598","8,470","2.37M","0.49%"
"08/06/2025","8,519","8,400","8,547","8,400","3.12M","1.10%"
"08/05/2025","8,426","8,549","8,569","8,417","5.30M","-1.44%"
"08/04/2025","8,549","8,711","8,711","8,456","5.31M","-1.04%"
"08/01/2025","8,639","8,825","8,825","8,564","2.62M","-1.43%"
"07/31/2025","8,764","8,643","8,812","8,633","4.31M","1.51%"
"07/30/2025","8,634","8,615","8,675","8,540","2.30M","0.16%"
"07/29/2025","8,620","8,623","8,687","8,577","4.63M","-0.06%"
"07/28/2025","8,625","8,571","8,626","8,550","3.38M","0.47%"
"07/25/2025","8,585","8,609","8,775","8,576","3.89M","-1.60%"
"07/24/2025","8,725","8,603","8,786","8,603","2.00M","0.23%"
"07/23/2025","8,705","8,660","8,730","8,625","2.36M","0.40%"
"07/22/2025","8,670","8,844","8,844","8,655","1.48M","-1.33%"
"07/21/2025","8,787","8,787","8,900","8,724","1.85M","-0.76%"
"07/18/2025","8,854","8,720","8,881","8,591","2.62M","2.42%"
"07/17/2025","8,645","8,594","8,895","8,574","2.54M","-0.49%"
"07/16/2025","8,688","8,550","8,688","8,426","2.02M","1.82%"
"07/15/2025","8,533","8,557","8,631","8,491","2.97M","-0.44%"
"07/14/2025","8,571","8,674","8,674","8,538","2.45M","-0.45%"
"07/11/2025","8,610","8,652","8,790","8,567","2.93M","-2.05%"
"07/10/2025","8,790","8,742","8,856","8,731","1.94M","-0.14%"
"07/09/2025","8,802","8,740","8,988","8,740","2.99M","-0.72%"
"07/08/2025","8,866","8,775","8,868","8,696","2.36M","0.21%"
"07/07/2025","8,847","8,920","8,925","8,766","932.45K","-0.38%"
"07/04/2025","8,881","8,890","8,964","8,798","1.23M","-0.80%"
"07/03/2025","8,953","8,750","8,966","8,722","2.30M","1.40%"
"07/02/2025","8,829","8,856","8,988","8,637","2.73M","-1.58%"
"07/01/2025","8,971","8,800","8,997","8,800","2.46M","1.17%"
"06/30/2025","8,867","8,865","8,933","8,802","2.41M","0.44%"
"06/27/2025","8,828","8,737","8,829","8,711","2.75M","1.18%"
"06/26/2025","8,725","8,918","8,918","8,725","2.29M","-1.05%"
"06/25/2025","8,818","8,933","9,040","8,725","2.86M","-1.56%"
"06/24/2025","8,958","8,745","9,025","8,745","2.67M","3.02%"
"06/23/2025","8,695","8,842","8,842","8,588","1.81M","-1.22%"
"06/20/2025","8,802","8,800","8,873","8,696","15.41M","1.07%"
"06/19/2025","8,709","8,643","8,715","8,513","6.99M","0.76%"
"06/18/2025","8,643","8,949","8,949","8,495","2.27M","-0.03%"
"06/17/2025","8,646","8,560","8,792","8,560","3.09M","-0.33%"
"06/13/2025","8,675","8,975","8,975","8,641","3.94M","-2.81%"
"06/12/2025","8,926","9,070","9,070","8,839","3.17M","-0.29%"
"06/11/2025","8,952","9,074","9,074","8,926","2.19M","-1.00%"
"06/10/2025","9,042","9,000","9,106","8,955","5.64M","1.48%"
"06/09/2025","8,910","8,950","9,096","8,716","6.00M","-1.63%"
"06/06/2025","9,058","8,930","9,058","8,898","3.23M","1.43%"
"06/05/2025","8,930","8,988","9,108","8,875","4.31M","-0.48%"
"06/04/2025","8,973","8,920","8,985","8,868","2.84M","1.47%"
"06/03/2025","8,843","8,890","8,929","8,765","3.08M","0.35%"
"06/02/2025","8,812","8,900","8,941","8,677","3.81M","-0.56%"
"05/30/2025","8,862","8,900","8,975","8,794","10.13M","-0.14%"
"05/29/2025","8,874","8,750","8,890","8,722","2.62M","1.80%"
"05/28/2025","8,717","8,788","8,788","8,673","1.40M","0.09%"
"05/27/2025","8,709","8,783","8,814","8,654","1.94M","-0.17%"
"05/26/2025","8,724","8,685","8,780","8,542","1.67M","1.70%"
"05/23/2025","8,578","8,618","8,657","8,492","1.22M","0.21%"
"05/22/2025","8,560","8,685","8,685","8,475","2.51M","-0.50%"
"05/21/2025","8,603","8,660","8,672","8,400","3.38M","-0.20%"
"05/20/2025","8,620","8,590","8,705","8,577","3.42M","-0.50%"
"05/19/2025","8,663","8,600","8,737","8,573","2.71M","-0.94%"
"05/16/2025","8,745","8,750","8,877","8,600","3.31M","-0.91%"
"05/15/2025","8,825","8,740","8,999","8,671","4.43M","1.36%"
"05/14/2025","8,707","8,610","8,774","8,610","4.14M","0.16%"
"05/13/2025","8,693","8,670","8,713","8,575","3.69M","0.49%"
"05/12/2025","8,651","8,709","8,765","8,532","2.07M","1.50%"
"05/09/2025","8,523","8,400","8,581","8,368","3.16M","1.78%"
"05/08/2025","8,374","8,334","8,647","8,334","2.77M","-0.79%"
"05/07/2025","8,441","8,415","8,507","8,410","3.19M","0.32%"
"05/06/2025","8,414","8,473","8,693","8,358","2.39M","-1.91%"
"05/05/2025","8,578","8,680","8,727","8,500","3.81M","-0.97%"
"05/02/2025","8,662","8,455","8,729","8,455","2.47M","2.51%"
"04/30/2025","8,450","8,499","8,600","8,422","6.49M","-0.49%"
"04/29/2025","8,492","8,330","8,496","8,121","5.20M","2.29%"
"04/25/2025","8,302","8,111","8,302","8,111","6.48M","1.59%"
"04/24/2025","8,172","8,280","8,280","8,050","2.58M","0.75%"
"04/23/2025","8,111","8,029","8,278","8,029","3.46M","1.02%"
"04/22/2025","8,029","8,065","8,134","8,011","2.92M","-0.74%"
"04/17/2025","8,089","7,970","8,157","7,970","4.51M","0.82%"
"04/16/2025","8,023","7,902","8,124","7,902","2.85M","-0.19%"
"04/15/2025","8,038","7,980","8,085","7,810","5.38M","1.61%"
"04/14/2025","7,911","7,645","7,911","7,640","4.07M","4.44%"
"04/11/2025","7,575","7,500","7,700","7,500","6.06M","-0.18%"
"04/10/2025","7,589","7,505","7,670","7,483","7.62M","5.17%"
"04/09/2025","7,216","7,436","7,436","7,127","8.18M","-3.83%"
"04/08/2025","7,503","7,350","7,529","7,093","7.23M","4.73%"
"04/07/2025","7,164","6,965","7,383","6,661","7.01M","0.43%"
"04/04/2025","7,133","7,400","7,400","7,110","5.40M","-3.65%"
"04/03/2025","7,403","7,570","7,576","7,330","11.58M","-4.14%"
"04/02/2025","7,723","7,950","8,063","7,644","5.50M","-7.60%"
"04/01/2025","8,358","8,390","8,429","8,257","3.97M","1.00%"
"03/31/2025","8,275","8,462","8,560","8,275","6.94M","-2.35%"
"03/28/2025","8,474","8,646","8,648","8,474","2.44M","-1.88%"
"03/27/2025","8,636","8,561","8,746","8,561","4.20M","-0.24%"
"03/26/2025","8,657","8,600","8,668","8,533","5.18M","1.31%"
"03/25/2025","8,545","8,340","8,568","8,326","4.33M","2.46%"
"03/24/2025","8,340","8,635","8,635","8,329","3.94M","-2.09%"
"03/20/2025","8,518","8,550","8,719","8,431","21.88M","0.77%"
"03/19/2025","8,453","8,450","8,566","8,416","3.82M","0.36%"
"03/18/2025","8,423","8,475","8,475","8,336","3.58M","0.23%"
"03/17/2025","8,404","8,300","8,462","8,285","2.57M","1.27%"
"03/14/2025","8,299","8,360","8,360","8,254","2.41M","-0.13%"
"03/13/2025","8,310","8,425","8,425","8,242","3.26M","0.04%"
"03/12/2025","8,307","8,250","8,436","8,250","3.18M","0.16%"
"03/11/2025","8,294","8,305","8,368","8,229","4.04M","-0.16%"
"03/10/2025","8,307","8,520","8,551","8,307","4.16M","-2.74%"
"03/07/2025","8,541","8,525","8,621","8,361","4.09M","0.28%"
"03/06/2025","8,517","8,500","8,747","8,377","7.54M","0.35%"
"03/05/2025","8,487","8,501","8,597","8,351","7.52M","-0.60%"
"03/04/2025","8,538","8,765","8,765","8,491","4.51M","-1.86%"
"03/03/2025","8,700","8,630","8,716","8,507","4.33M","0.81%"
"02/28/2025","8,630","8,735","8,955","8,630","19.87M","-2.18%"
"02/27/2025","8,822","8,950","8,980","8,730","4.42M","-0.55%"
"02/26/2025","8,871","8,800","8,995","8,770","4.40M","1.64%"
"02/25/2025","8,728","8,690","8,800","8,672","3.19M","-0.15%"
"02/24/2025","8,741","8,700","8,931","8,700","8.08M","-0.96%"
"02/21/2025","8,826","8,636","8,872","8,625","4.62M","2.14%"
"02/20/2025","8,641","8,600","8,691","8,432","6.28M","-0.07%"
"02/19/2025","8,647","8,450","8,674","8,450","7.22M","2.39%"
"02/18/2025","8,445","8,400","8,468","8,251","4.68M","1.43%"
"02/17/2025","8,326","8,381","8,381","8,305","2.88M","-0.56%"
"02/14/2025","8,373","8,384","8,421","8,318","2.87M","0.17%"
"02/13/2025","8,359","8,437","8,437","8,315","3.00M","0.63%"
"02/12/2025","8,307","8,300","8,437","8,275","3.33M","-0.30%"
"02/11/2025","8,332","8,245","8,395","8,240","2.64M","0.45%"
"02/10/2025","8,295","8,308","8,331","8,236","2.46M","-0.16%"
"02/07/2025","8,308","8,200","8,354","8,184","2.40M","1.22%"
"02/06/2025","8,208","8,150","8,211","8,099","3.90M","0.42%"
"02/05/2025","8,174","8,185","8,288","8,126","6.29M","0.31%"
"02/04/2025","8,149","8,055","8,180","8,055","2.74M","1.07%"
"02/03/2025","8,063","8,070","8,097","7,932","2.25M","-0.96%"
"01/31/2025","8,141","8,110","8,181","8,077","3.28M","-0.11%"
"01/30/2025","8,150","8,150","8,221","8,103","4.92M","-0.22%"
"01/29/2025","8,168","8,114","8,253","8,049","5.00M","1.49%"
"01/28/2025","8,048","8,015","8,062","7,929","10.21M","-0.16%"
"01/27/2025","8,061","8,100","8,230","7,917","8.93M","-0.86%"
"01/24/2025","8,131","8,275","8,332","8,124","11.96M","-1.51%"
"01/23/2025","8,256","8,311","8,450","8,240","2.82M","-1.66%"
"01/22/2025","8,395","8,450","8,475","8,367","2.23M","-0.45%"
"01/21/2025","8,433","8,580","8,587","8,331","2.97M","0.14%"
"01/20/2025","8,421","8,300","8,687","8,300","2.38M","-1.78%"
"01/17/2025","8,574","8,450","8,602","8,450","1.46M","1.10%"
"01/16/2025","8,481","8,475","8,672","8,395","1.42M","-0.97%"
"01/15/2025","8,564","8,300","8,610","8,279","2.99M","2.65%"
"01/14/2025","8,343","8,300","8,490","8,290","2.07M","0.02%"
"01/13/2025","8,341","8,334","8,393","8,184","3.79M","-0.02%"
"01/10/2025","8,343","8,650","8,650","8,343","3.90M","-2.84%"
"01/09/2025","8,587","8,910","8,910","8,579","2.34M","-2.46%"
"01/08/2025","8,804","8,988","8,988","8,778","4.46M","-1.28%"
"01/07/2025","8,918","8,770","8,977","8,603","1.93M","2.04%"
"01/06/2025","8,740","8,550","8,814","8,550","2.73M","0.11%"
"01/03/2025","8,730","8,616","8,752","8,562","2.04M","0.95%"
"01/02/2025","8,648","8,794","8,794","8,606","1.72M","-0.46%"
"12/31/2024","8,688","8,500","8,776","8,500","1.03M","0.52%"
"12/30/2024","8,643","8,667","8,709","8,506","2.26M","0.06%"
"12/27/2024","8,638","8,700","8,809","8,624","1.68M","-1.54%"
"12/24/2024","8,773","8,653","8,809","8,653","550.64K","0.73%"
"12/23/2024","8,709","8,573","8,731","8,555","2.58M","1.59%"
"12/20/2024","8,573","8,583","8,610","8,366","13.27M","0.99%"
"12/19/2024","8,489","8,640","8,654","8,466","16.53M","-2.53%"
"12/18/2024","8,709","8,700","8,766","8,664","5.16M","0.02%"
"12/17/2024","8,707","8,850","9,018","8,685","7.17M","-2.67%"
"12/13/2024","8,946","8,850","9,011","8,829","3.95M","0.51%"
"12/12/2024","8,901","9,025","9,033","8,876","2.78M","-1.37%"
"12/11/2024","9,025","9,011","9,147","8,982","3.20M","-1.33%"
"12/10/2024","9,147","9,107","9,160","9,035","3.43M","0.66%"
"12/09/2024","9,087","9,075","9,161","9,010","2.28M","-0.22%"
"12/06/2024","9,107","9,050","9,129","8,990","1.48M","0.81%"
"12/05/2024","9,034","8,900","9,116","8,900","2.27M","0.52%"
"12/04/2024","8,987","8,903","9,077","8,828","3.20M","0.89%"
"12/03/2024","8,908","8,850","9,076","8,850","4.21M","-1.36%"
"12/02/2024","9,031","8,837","9,036","8,784","1.94M","2.51%"
"11/29/2024","8,810","8,735","8,842","8,702","2.46M","-0.16%"
"11/28/2024","8,824","8,850","8,869","8,730","1.48M","0.65%"
"11/27/2024","8,767","8,840","8,918","8,729","1.88M","-1.46%"
"11/26/2024","8,897","8,801","8,940","8,745","1.97M","0.64%"
"11/25/2024","8,840","8,967","9,083","8,840","5.17M","-1.42%"
"11/22/2024","8,967","9,001","9,063","8,874","2.14M","-0.36%"
"11/21/2024","8,999","8,950","9,035","8,850","2.10M","1.47%"
"11/20/2024","8,869","8,783","8,971","8,783","2.95M","0.17%"
"11/19/2024","8,854","8,901","8,959","8,782","1.65M","-0.02%"
"11/18/2024","8,856","8,751","8,908","8,751","1.85M","0.35%"
"11/15/2024","8,825","8,800","8,895","8,761","1.32M","-0.05%"
"11/14/2024","8,829","8,722","8,936","8,648","3.11M","0.97%"
"11/13/2024","8,744","8,831","8,831","8,648","2.20M","-0.81%"
"11/12/2024","8,815","8,787","8,883","8,707","3.19M","-0.70%"
"11/11/2024","8,877","8,901","8,931","8,780","2.03M","-0.02%"
"11/08/2024","8,879","8,793","8,907","8,776","1.37M","0.29%"
"11/07/2024","8,853","8,871","8,961","8,647","3.94M","0.98%"
"11/06/2024","8,767","8,835","8,873","8,671","3.53M","-1.56%"
"11/05/2024","8,906","8,835","8,910","8,814","2.35M","0.26%"
"11/04/2024","8,883","8,834","8,883","8,766","3.05M","1.21%"
"11/01/2024","8,777","8,839","8,852","8,711","2.03M","0.05%"
"10/31/2024","8,773","8,985","8,985","8,772","3.24M","-1.90%"
"10/30/2024","8,943","8,959","8,959","8,840","4.36M","0.28%"
"10/29/2024","8,918","8,978","9,028","8,870","3.20M","-0.42%"
"10/28/2024","8,956","8,791","8,984","8,778","3.36M","1.84%"
"10/25/2024","8,794","8,900","8,915","8,794","1.65M","-0.64%"
"10/24/2024","8,851","8,791","8,880","8,746","1.58M","0.76%"
"10/23/2024","8,784","8,922","8,922","8,709","3.79M","-0.37%"
"10/22/2024","8,817","8,999","8,999","8,764","3.65M","-1.62%"
"10/21/2024","8,962","9,130","9,130","8,912","5.36M","-1.59%"
"10/18/2024","9,107","9,000","9,107","8,938","5.53M","1.32%"
"10/17/2024","8,988","8,857","8,989","8,815","4.41M","1.57%"
"10/16/2024","8,849","8,856","8,866","8,729","3.74M","0.08%"
"10/15/2024","8,842","8,727","8,925","8,727","3.38M","0.37%"
"10/14/2024","8,809","8,733","8,822","8,712","2.35M","0.81%"
"10/11/2024","8,738","8,600","8,750","8,493","3.51M","0.34%"
"10/10/2024","8,708","8,607","8,773","8,571","3.20M","1.17%"
"10/09/2024","8,607","8,727","8,727","8,490","4.16M","0.12%"
"10/08/2024","8,597","8,727","8,727","8,521","5.33M","-0.28%"
"10/07/2024","8,621","8,700","8,735","8,576","2.12M","-0.82%"
"10/04/2024","8,692","8,722","8,766","8,628","3.69M","0.75%"
"10/03/2024","8,627","8,775","8,775","8,529","3.39M","-0.77%"
"10/02/2024","8,694","8,660","8,821","8,612","3.53M","0.39%"
"10/01/2024","8,660","8,900","8,940","8,639","4.21M","-1.59%"
"09/30/2024","8,800","8,965","8,985","8,757","5.91M","-1.57%"
"09/27/2024","8,940","8,936","9,014","8,826","3.90M","0.04%"
"09/26/2024","8,936","8,812","9,041","8,812","4.23M","0.79%"
"09/25/2024","8,866","8,890","8,975","8,815","5.42M","0.62%"
"09/23/2024","8,811","8,766","8,859","8,734","3.04M","0.51%"
"09/20/2024","8,766","8,655","8,869","8,625","11.42M","1.28%"
"09/19/2024","8,655","8,700","8,836","8,585","10.72M","-0.05%"
"09/18/2024","8,659","8,699","8,753","8,551","2.47M","-0.45%"
"09/17/2024","8,698","8,685","8,743","8,553","2.48M","1.55%"
"09/16/2024","8,565","8,550","8,656","8,503","1.81M","-0.45%"
"09/13/2024","8,604","8,625","8,713","8,581","3.00M","-0.80%"
"09/12/2024","8,673","8,595","8,688","8,533","4.85M","2.51%"
"09/11/2024","8,461","8,595","8,595","8,402","4.57M","-0.72%"
"09/10/2024","8,522","8,500","8,599","8,463","4.87M","0.97%"
"09/09/2024","8,440","8,402","8,498","8,352","3.14M","0.20%"
"09/06/2024","8,423","8,650","8,650","8,400","5.27M","-1.42%"
"09/05/2024","8,544","8,550","8,696","8,455","4.30M","0.71%"
"09/04/2024","8,484","8,437","8,602","8,437","4.37M","-0.27%"
"09/03/2024","8,507","8,595","8,652","8,468","4.10M","-0.86%"
"09/02/2024","8,581","8,850","8,910","8,523","4.75M","-3.46%"
"08/30/2024","8,889","8,995","9,037","8,850","7.37M","-0.19%"
"08/29/2024","8,906","8,634","9,000","8,561","5.16M","3.20%"
"08/28/2024","8,630","8,563","8,648","8,498","2.99M","1.23%"
"08/27/2024","8,525","8,652","8,652","8,454","1.99M","-0.43%"
"08/26/2024","8,562","8,567","8,593","8,460","2.08M","-0.06%"
"08/23/2024","8,567","8,525","8,626","8,440","2.67M","1.93%"
"08/22/2024","8,405","8,400","8,614","8,375","2.95M","-0.51%"
"08/21/2024","8,448","8,438","8,581","8,396","1.93M","0.42%"
"08/20/2024","8,413","8,560","8,603","8,388","1.98M","-1.20%"
"08/19/2024","8,515","8,555","8,566","8,434","2.38M","0.46%"
"08/16/2024","8,476","8,351","8,554","8,351","3.41M","1.51%"
"08/15/2024","8,350","8,168","8,408","8,164","3.73M","1.83%"
"08/14/2024","8,200","8,000","8,205","8,000","2.57M","1.98%"
"08/13/2024","8,041","7,990","8,041","7,872","3.88M","1.85%"
"08/12/2024","7,895","7,900","7,966","7,871","2.14M","-0.35%"
"08/08/2024","7,923","7,802","7,983","7,789","4.54M","0.05%"
"08/07/2024","7,919","7,805","7,973","7,753","4.65M","2.83%"
"08/06/2024","7,701","7,759","7,807","7,610","3.47M","-0.91%"
"08/05/2024","7,772","7,670","7,792","7,499","6.64M","-0.92%"
"08/02/2024","7,844","8,000","8,068","7,833","4.91M","-2.51%"
"08/01/2024","8,046","8,200","8,200","8,004","4.77M","-1.34%"
"07/31/2024","8,155","7,950","8,157","7,950","7.84M","2.22%"
"07/30/2024","7,978","7,896","8,008","7,860","3.62M","0.97%"
"07/29/2024","7,901","7,891","8,000","7,850","3.45M","0.06%"
"07/26/2024","7,896","7,850","7,972","7,815","4.11M","1.23%"
"07/25/2024","7,800","7,825","7,877","7,718","5.91M","-1.03%"
"07/24/2024","7,881","7,880","7,947","7,858","2.81M","-0.58%"
"07/23/2024","7,927","7,951","8,041","7,880","3.55M","-0.84%"
"07/22/2024","7,994","8,025","8,041","7,895","2.17M","0.38%"
"07/19/2024","7,964","7,937","8,002","7,821","2.42M","0.34%"
"07/18/2024","7,937","7,950","8,062","7,911","3.11M","-0.35%"
"07/17/2024","7,965","8,080","8,118","7,965","3.48M","-1.42%"
"07/16/2024","8,080","8,200","8,234","8,075","4.22M","-2.65%"
"07/15/2024","8,300","8,200","8,300","8,155","6.16M","1.22%"
"07/12/2024","8,200","8,280","8,300","8,186","3.46M","-0.12%"
"07/11/2024","8,210","8,269","8,350","8,144","3.23M","0.92%"
"07/10/2024","8,135","8,300","8,300","8,121","3.31M","-0.96%"
"07/09/2024","8,214","8,200","8,257","8,116","3.58M","0.34%"
"07/08/2024","8,186","8,091","8,276","8,091","2.44M","0.26%"
"07/05/2024","8,165","8,301","8,339","8,100","3.44M","-2.06%"
"07/04/2024","8,337","8,389","8,395","8,279","3.32M","0.07%"
"07/03/2024","8,331","8,123","8,357","8,123","3.92M","2.23%"
"07/02/2024","8,149","8,399","8,399","8,076","8.23M","-1.43%"
"07/01/2024","8,267","8,175","8,422","8,163","8.00M","2.16%"
"06/28/2024","8,092","7,790","8,169","7,790","5.21M","3.16%"
"06/27/2024","7,844","7,953","8,022","7,814","3.70M","-2.19%"
"06/26/2024","8,020","7,942","8,056","7,896","5.02M","1.57%"
"06/25/2024","7,896","7,944","8,059","7,896","3.10M","-0.85%"
"06/24/2024","7,964","8,082","8,154","7,940","3.97M","-1.92%"
"06/21/2024","8,120","8,000","8,226","8,000","10.36M","0.68%"
"06/20/2024","8,065","8,150","8,424","8,065","13.86M","-3.15%"
"06/19/2024","8,327","8,310","8,550","8,172","6.77M","0.00%"
"06/18/2024","8,327","7,650","8,414","7,595","9.98M","8.88%"
"06/14/2024","7,648","7,369","7,772","7,369","6.14M","3.79%"
"06/13/2024","7,369","7,240","7,387","7,197","5.12M","2.85%"
"06/12/2024","7,165","7,173","7,238","7,145","4.37M","-0.03%"
"06/11/2024","7,167","7,180","7,232","7,076","2.59M","0.27%"
"06/10/2024","7,148","7,001","7,181","7,001","2.81M","0.24%"
"06/07/2024","7,131","7,025","7,173","7,025","4.30M","0.65%"
"06/06/2024","7,085","7,090","7,161","7,009","4.75M","-0.88%"
"06/05/2024","7,148","7,175","7,262","7,082","3.71M","-1.20%"
"06/04/2024","7,235","7,411","7,419","7,150","4.97M","-2.37%"
"06/03/2024","7,411","7,130","7,411","7,092","5.07M","4.62%"
"05/31/2024","7,084","7,200","7,271","7,028","12.33M","-1.05%"
"05/30/2024","7,159","7,325","7,325","7,013","7.04M","-2.25%"
"05/28/2024","7,324","7,362","7,433","7,298","4.51M","-0.52%"
"05/27/2024","7,362","7,400","7,400","7,303","3.48M","0.18%"
"05/24/2024","7,349","7,350","7,402","7,303","3.52M","-0.92%"
"05/23/2024","7,417","7,440","7,529","7,385","2.72M","-0.82%"
"05/22/2024","7,478","7,414","7,510","7,371","3.95M","1.08%"
"05/21/2024","7,398","7,430","7,449","7,388","3.32M","-0.46%"
"05/20/2024","7,432","7,375","7,432","7,338","3.20M","1.01%"
"05/17/2024","7,358","7,323","7,400","7,300","3.73M","0.48%"
"05/16/2024","7,323","7,182","7,376","7,120","3.93M","1.64%"
"05/15/2024","7,205","7,042","7,243","7,042","4.41M","2.31%"
"05/14/2024","7,042","7,030","7,170","7,021","4.27M","-1.07%"
"05/13/2024","7,118","7,000","7,139","7,000","3.48M","0.65%"
"05/10/2024","7,072","7,049","7,114","6,997","2.29M","0.94%"
"05/09/2024","7,006","6,935","7,037","6,935","4.26M","0.19%"
"05/08/2024","6,993","6,975","7,008","6,896","3.31M","1.08%"
"05/07/2024","6,918","6,910","6,966","6,890","2.32M","0.26%"
"05/06/2024","6,900","6,925","6,961","6,855","4.08M","1.02%"
"05/03/2024","6,830","6,783","6,912","6,740","5.41M","1.35%"
"05/02/2024","6,739","6,750","6,913","6,725","3.51M","-0.96%"
"04/30/2024","6,804","6,645","6,867","6,645","6.11M","1.76%"
"04/29/2024","6,686","6,730","6,831","6,641","5.03M","-0.51%"
"04/26/2024","6,720","6,590","6,720","6,502","4.57M","3.08%"
"04/25/2024","6,519","6,537","6,574","6,473","3.92M","-0.28%"
"04/24/2024","6,537","6,590","6,603","6,468","7.28M","0.77%"
"04/23/2024","6,487","6,450","6,530","6,450","5.22M","-0.03%"
"04/22/2024","6,489","6,467","6,604","6,416","5.18M","0.43%"
"04/19/2024","6,461","6,326","6,499","6,325","6.12M","0.95%"
"04/18/2024","6,400","6,453","6,483","6,391","6.33M","-0.02%"
"04/17/2024","6,401","6,264","6,401","6,201","9.22M","2.17%"
"04/16/2024","6,265","6,399","6,399","6,150","6.67M","-0.82%"
"04/15/2024","6,317","6,375","6,468","6,317","4.86M","-0.79%"
"04/12/2024","6,367","6,617","6,621","6,325","6.18M","-3.97%"
"04/11/2024","6,630","6,625","6,678","6,546","3.30M","-0.85%"
"04/10/2024","6,687","6,716","6,770","6,624","6.90M","-0.31%"
"04/09/2024","6,708","6,601","6,745","6,558","4.97M","1.64%"
"04/08/2024","6,600","6,529","6,600","6,459","5.38M","1.62%"
"04/05/2024","6,495","6,600","6,600","6,407","2.87M","-0.95%"
"04/04/2024","6,557","6,400","6,620","6,370","4.75M","1.83%"
"04/03/2024","6,439","6,450","6,450","6,334","7.33M","-5.57%"
"04/02/2024","6,819","6,964","6,971","6,805","6.29M","-1.73%"
"03/28/2024","6,939","7,020","7,082","6,904","3.49M","-1.50%"
"03/27/2024","7,045","7,048","7,097","7,025","2.26M","-0.04%"
"03/26/2024","7,048","6,990","7,050","6,872","3.39M","2.14%"
"03/25/2024","6,900","6,986","6,986","6,839","4.46M","-1.23%"
"03/22/2024","6,986","7,080","7,080","6,945","2.12M","0.23%"
"03/20/2024","6,970","6,989","7,086","6,970","14.80M","-0.53%"
"03/19/2024","7,007","7,095","7,158","6,950","3.95M","-1.24%"
"03/18/2024","7,095","7,133","7,266","7,050","4.33M","0.07%"
"03/15/2024","7,090","7,260","7,273","7,090","12.02M","-2.45%"
"03/14/2024","7,268","7,238","7,332","7,205","3.97M","0.43%"
"03/13/2024","7,237","7,300","7,362","7,206","4.07M","-1.30%"
"03/12/2024","7,332","7,430","7,509","7,300","3.33M","-0.97%"
"03/11/2024","7,404","7,386","7,481","7,364","2.77M","0.43%"
"03/08/2024","7,372","7,200","7,372","7,169","3.85M","2.39%"
"03/07/2024","7,200","7,350","7,382","7,141","4.70M","-3.00%"
"03/06/2024","7,423","7,230","7,423","7,230","2.12M","2.03%"
"03/05/2024","7,275","7,275","7,312","7,185","2.55M","-0.10%"
"03/04/2024","7,282","7,464","7,464","7,274","3.42M","-2.03%"
"03/01/2024","7,433","7,382","7,450","7,330","3.44M","1.06%"
"02/29/2024","7,355","7,200","7,382","7,166","7.48M","2.44%"
"02/28/2024","7,180","7,150","7,249","7,068","3.12M","0.07%"
"02/27/2024","7,175","7,245","7,302","7,151","3.31M","-1.58%"
"02/26/2024","7,290","7,340","7,340","7,247","1.45M","-0.95%"
"02/23/2024","7,360","7,325","7,368","7,259","2.30M","-0.03%"
"02/22/2024","7,362","7,299","7,381","7,273","2.12M","0.92%"
"02/21/2024","7,295","7,249","7,295","7,192","2.21M","0.63%"
"02/20/2024","7,249","7,235","7,280","7,211","1.82M","-0.81%"
"02/19/2024","7,308","7,230","7,330","7,205","1.95M","0.77%"
"02/16/2024","7,252","7,263","7,335","7,235","4.14M","0.08%"
"02/15/2024","7,246","7,192","7,277","7,192","3.29M","-0.08%"
"02/14/2024","7,252","7,155","7,276","7,155","3.89M","0.76%"
"02/13/2024","7,197","7,200","7,218","7,129","1.88M","0.50%"
"02/12/2024","7,161","7,141","7,215","7,099","1.81M","-0.20%"
"02/09/2024","7,175","7,210","7,289","7,175","1.64M","-0.76%"
"02/08/2024","7,230","7,350","7,350","7,190","2.47M","-0.96%"
"02/07/2024","7,300","7,182","7,322","7,152","4.74M","1.64%"
"02/06/2024","7,182","7,215","7,219","7,153","2.92M","0.22%"
"02/05/2024","7,166","7,200","7,223","7,078","2.04M","0.58%"
"02/02/2024","7,125","7,213","7,250","7,062","2.77M","-1.22%"
"02/01/2024","7,213","7,062","7,213","7,029","2.68M","0.98%"
"01/31/2024","7,143","7,132","7,189","7,047","6.36M","0.18%"
"01/30/2024","7,130","7,080","7,190","7,080","1.70M","0.79%"
"01/29/2024","7,074","7,100","7,190","7,051","2.48M","-0.58%"
"01/26/2024","7,115","7,184","7,184","7,012","2.96M","0.04%"
"01/25/2024","7,112","7,100","7,184","7,084","1.82M","-0.95%"
"01/24/2024","7,180","7,107","7,193","7,051","1.90M","1.54%"
"01/23/2024","7,071","7,159","7,166","6,989","2.19M","0.70%"
"01/22/2024","7,022","7,108","7,123","6,991","1.98M","-1.21%"
"01/19/2024","7,108","7,037","7,119","7,030","3.02M","0.82%"
"01/18/2024","7,050","7,100","7,210","7,035","2.88M","-0.21%"
"01/17/2024","7,065","7,172","7,225","7,065","3.16M","-2.55%"
"01/16/2024","7,250","7,150","7,276","7,123","2.38M","0.25%"
"01/15/2024","7,232","7,095","7,234","7,095","2.63M","0.10%"
"01/12/2024","7,225","7,119","7,225","7,110","1.83M","1.56%"
"01/11/2024","7,114","7,036","7,196","7,036","2.13M","0.04%"
"01/10/2024","7,111","7,134","7,148","7,000","2.69M","-0.48%"
"01/09/2024","7,145","7,090","7,205","7,090","2.20M","0.07%"
"01/08/2024","7,140","7,100","7,161","7,077","1.52M","-0.24%"
"01/05/2024","7,157","7,098","7,157","6,997","1.32M","1.88%"
"01/04/2024","7,025","7,091","7,133","6,990","1.82M","-0.45%"
"01/03/2024","7,057","7,204","7,220","7,030","1.89M","-2.11%"
"01/02/2024","7,209","7,060","7,294","7,060","1.88M","-0.98%"
"12/29/2023","7,280","7,300","7,348","7,113","1.22M","0.48%"
"12/28/2023","7,245","7,200","7,275","7,170","1.69M","0.84%"
"12/27/2023","7,185","7,000","7,209","7,000","3.38M","1.91%"
"12/22/2023","7,050","6,800","7,070","6,800","2.79M","2.16%"
"12/21/2023","6,901","6,935","6,935","6,794","7.41M","0.91%"
"12/20/2023","6,839","6,750","6,942","6,750","4.22M","0.43%"
"12/19/2023","6,810","6,846","6,846","6,727","3.75M","0.50%"
"12/18/2023","6,776","7,359","7,360","6,776","7.68M","-7.92%"
"12/14/2023","7,359","7,010","7,431","7,010","14.23M","5.26%"
"12/13/2023","6,991","6,880","7,000","6,784","3.96M","3.14%"
"12/12/2023","6,778","6,735","6,990","6,735","3.55M","-1.05%"
"12/11/2023","6,850","6,750","6,869","6,745","3.01M","1.14%"
"12/08/2023","6,773","6,775","6,871","6,733","3.49M","-0.40%"
"12/07/2023","6,800","6,811","6,877","6,800","3.21M","-1.45%"
"12/06/2023","6,900","6,811","6,948","6,811","2.57M","0.66%"
"12/05/2023","6,855","6,905","7,029","6,800","2.61M","-1.00%"
"12/04/2023","6,924","6,835","6,924","6,796","3.89M","1.38%"
"12/01/2023","6,830","6,780","6,849","6,648","2.67M","0.57%"
"11/30/2023","6,791","6,800","6,865","6,751","6.26M","-0.06%"
"11/29/2023","6,795","6,960","6,960","6,656","3.01M","-0.86%"
"11/28/2023","6,854","7,050","7,050","6,839","3.08M","-1.07%"
"11/27/2023","6,928","7,055","7,055","6,904","2.14M","-1.06%"
"11/24/2023","7,002","7,050","7,050","6,897","1.58M","0.70%"
"11/23/2023","6,953","6,889","7,034","6,889","1.20M","0.10%"
"11/22/2023","6,946","6,915","6,974","6,888","2.60M","0.38%"
"11/21/2023","6,920","6,905","7,011","6,862","2.66M","-0.12%"
"11/20/2023","6,928","6,850","6,978","6,850","1.85M","-0.40%"
"11/17/2023","6,956","6,986","7,077","6,885","5.40M","-0.78%"
"11/16/2023","7,011","7,145","7,173","6,958","3.73M","-1.88%"
"11/15/2023","7,145","6,960","7,182","6,959","5.94M","2.54%"
"11/14/2023","6,968","6,900","6,968","6,813","4.25M","2.38%"
"11/13/2023","6,806","6,800","6,909","6,783","3.33M","-0.74%"
"11/10/2023","6,857","6,882","6,918","6,827","2.02M","-0.58%"
"11/09/2023","6,897","6,899","6,908","6,766","2.49M","0.64%"
"11/08/2023","6,853","6,750","6,853","6,690","3.24M","1.21%"
"11/07/2023","6,771","6,847","6,919","6,728","2.55M","-2.20%"
"11/06/2023","6,923","7,000","7,015","6,867","2.79M","-0.39%"
"11/03/2023","6,950","7,000","7,015","6,898","4.29M","0.00%"
"11/02/2023","6,950","6,555","6,950","6,555","7.55M","5.56%"
"11/01/2023","6,584","6,500","6,602","6,456","3.57M","0.72%"
"10/31/2023","6,537","6,510","6,566","6,463","5.41M","0.34%"
"10/30/2023","6,515","6,410","6,525","6,410","4.24M","1.67%"
"10/27/2023","6,408","6,565","6,660","6,394","4.49M","-3.13%"
"10/26/2023","6,615","6,700","6,700","6,527","3.87M","-1.58%"
"10/25/2023","6,721","6,650","6,721","6,561","3.94M","1.30%"
"10/24/2023","6,635","6,600","6,645","6,563","3.75M","0.87%"
"10/23/2023","6,578","6,651","6,651","6,466","4.19M","0.46%"
"10/20/2023","6,548","6,639","6,639","6,465","5.08M","-0.43%"
"10/19/2023","6,576","6,659","6,659","6,481","3.97M","-0.26%"
"10/18/2023","6,593","6,661","6,736","6,530","5.00M","-2.14%"
"10/17/2023","6,737","6,690","6,827","6,646","4.42M","0.07%"
"10/16/2023","6,732","6,870","6,870","6,700","5.87M","-1.36%"
"10/13/2023","6,825","6,750","6,879","6,750","5.94M","0.01%"
"10/12/2023","6,824","6,879","6,919","6,770","6.30M","-0.66%"
"10/11/2023","6,869","6,800","6,948","6,758","10.41M","1.58%"
"10/10/2023","6,762","6,570","6,762","6,508","6.22M","4.45%"
"10/09/2023","6,474","6,450","6,602","6,442","3.71M","-1.49%"
"10/06/2023","6,572","6,534","6,682","6,515","3.55M","-0.02%"
"10/05/2023","6,573","6,500","6,577","6,387","3.20M","1.58%"
"10/04/2023","6,471","6,401","6,595","6,375","4.87M","0.65%"
"10/03/2023","6,429","6,550","6,623","6,411","4.15M","-0.31%"
"10/02/2023","6,449","6,528","6,592","6,426","3.60M","-1.80%"
"09/29/2023","6,567","6,700","6,700","6,521","3.67M","-1.65%"
"09/28/2023","6,677","6,710","6,725","6,645","3.57M","-0.49%"
"09/27/2023","6,710","6,640","6,783","6,640","3.85M","0.34%"
"09/26/2023","6,687","6,800","6,801","6,574","6.06M","-2.05%"
"09/22/2023","6,827","6,720","6,886","6,720","5.66M","0.00%"
"09/21/2023","6,827","6,831","6,890","6,600","10.64M","-0.91%"
"09/20/2023","6,890","6,748","6,893","6,686","4.38M","1.74%"
"09/19/2023","6,772","6,712","6,779","6,631","3.04M","0.89%"
"09/18/2023","6,712","6,760","6,775","6,649","4.49M","-0.68%"
"09/15/2023","6,758","6,731","6,902","6,710","10.56M","-0.81%"
"09/14/2023","6,813","6,779","6,838","6,680","5.19M","0.50%"
"09/13/2023","6,779","6,800","6,800","6,629","3.75M","-0.48%"
"09/12/2023","6,812","6,885","6,885","6,743","3.25M","-0.10%"
"09/11/2023","6,819","6,900","6,900","6,679","3.47M","-0.81%"
"09/08/2023","6,875","6,800","6,908","6,739","4.39M","2.60%"
"09/07/2023","6,701","6,840","6,960","6,670","4.98M","-2.06%"
"09/06/2023","6,842","6,850","6,893","6,800","3.46M","-0.67%"
"09/05/2023","6,888","6,900","6,937","6,838","4.42M","0.73%"
"09/04/2023","6,838","6,944","6,960","6,838","2.12M","-0.38%"
"09/01/2023","6,864","6,825","6,910","6,773","3.58M","0.72%"
"08/31/2023","6,815","6,700","6,815","6,618","12.78M","2.53%"
"08/30/2023","6,647","6,650","6,724","6,615","2.75M","-0.17%"
"08/29/2023","6,658","6,585","6,696","6,540","2.60M","1.15%"
"08/28/2023","6,582","6,450","6,595","6,450","2.35M","1.34%"
"08/25/2023","6,495","6,450","6,539","6,450","2.31M","-0.51%"
"08/24/2023","6,528","6,235","6,528","6,235","3.53M","1.57%"
"08/23/2023","6,427","6,353","6,448","6,353","2.31M","1.34%"
"08/22/2023","6,342","6,336","6,471","6,319","3.61M","-0.64%"
"08/21/2023","6,383","6,255","6,430","6,247","4.16M","1.98%"
"08/18/2023","6,259","6,450","6,450","6,208","3.07M","-2.25%"
"08/17/2023","6,403","6,367","6,448","6,322","4.10M","-0.61%"
"08/16/2023","6,442","6,450","6,487","6,385","2.16M","-0.59%"
"08/15/2023","6,480","6,500","6,532","6,405","3.95M","-0.35%"
"08/14/2023","6,503","6,451","6,537","6,451","3.63M","-0.37%"
"08/11/2023","6,527","6,456","6,588","6,456","2.59M","0.34%"
"08/10/2023","6,505","6,500","6,605","6,451","3.37M","-0.15%"
"08/08/2023","6,515","6,540","6,664","6,514","4.17M","-0.64%"
"08/07/2023","6,557","6,620","6,710","6,537","2.87M","-1.15%"
"08/04/2023","6,633","6,565","6,639","6,462","5.49M","2.38%"
"08/03/2023","6,479","6,565","6,565","6,350","4.23M","0.42%"
"08/02/2023","6,452","6,517","6,596","6,444","5.14M","-2.11%"
"08/01/2023","6,591","6,568","6,630","6,516","5.26M","0.21%"
"07/31/2023","6,577","6,662","6,685","6,567","5.74M","-0.72%"
"07/28/2023","6,625","6,540","6,711","6,539","4.27M","0.47%"
"07/27/2023","6,594","6,450","6,617","6,426","4.27M","2.68%"
"07/26/2023","6,422","6,430","6,431","6,348","3.39M","0.34%"
"07/25/2023","6,400","6,310","6,425","6,310","3.10M","0.58%"
"07/24/2023","6,363","6,295","6,395","6,295","3.13M","0.49%"
"07/21/2023","6,332","6,340","6,431","6,309","2.00M","-0.95%"
"07/20/2023","6,393","6,350","6,415","6,272","3.36M","0.24%"
"07/19/2023","6,378","6,384","6,392","6,309","3.53M","0.60%"
"07/18/2023","6,340","6,250","6,369","6,242","4.75M","1.52%"
"07/17/2023","6,245","6,275","6,403","6,213","5.09M","-1.03%"
"07/14/2023","6,310","6,304","6,386","6,260","4.67M","0.32%"
"07/13/2023","6,290","6,131","6,338","6,115","5.29M","2.79%"
"07/12/2023","6,119","6,014","6,147","6,014","3.50M","1.61%"
"07/11/2023","6,022","6,019","6,100","5,959","2.94M","0.53%"
"07/10/2023","5,990","6,020","6,020","5,932","2.86M","0.07%"
"07/07/2023","5,986","5,850","6,016","5,850","2.33M","1.25%"
"07/06/2023","5,912","5,990","5,990","5,894","3.77M","-1.45%"
"07/05/2023","5,999","5,865","6,006","5,865","4.07M","1.18%"
"07/04/2023","5,929","5,880","5,957","5,840","2.17M","1.61%"
"07/03/2023","5,835","5,829","5,890","5,777","2.08M","0.00%"
"06/30/2023","5,835","5,634","5,851","5,634","3.97M","1.11%"
"06/29/2023","5,771","5,772","5,818","5,735","2.94M","0.37%"
"06/28/2023","5,750","5,705","5,798","5,705","3.22M","0.00%"
"06/27/2023","5,750","5,721","5,792","5,666","2.81M","-0.17%"
"06/26/2023","5,760","5,731","5,848","5,731","4.72M","-0.48%"
"06/23/2023","5,788","5,900","5,962","5,722","6.35M","-3.06%"
"06/22/2023","5,971","6,050","6,086","5,917","1.89M","-0.91%"
"06/21/2023","6,026","5,960","6,098","5,960","3.85M","-0.74%"
"06/20/2023","6,071","6,002","6,150","6,002","3.29M","-0.13%"
"06/19/2023","6,079","5,875","6,153","5,875","3.55M","0.55%"
"06/15/2023","6,046","6,000","6,065","5,897","21.85M","1.63%"
"06/14/2023","5,949","5,975","6,062","5,949","4.57M","-0.23%"
"06/13/2023","5,963","5,900","6,075","5,900","5.30M","1.24%"
"06/12/2023","5,890","5,850","5,932","5,850","6.34M","-0.30%"
"06/09/2023","5,908","5,797","5,936","5,757","6.09M","2.21%"
"06/08/2023","5,780","5,500","5,822","5,500","7.40M","2.23%"
"06/07/2023","5,654","5,600","5,722","5,546","4.87M","1.65%"
"06/06/2023","5,562","5,460","5,565","5,330","4.30M","1.79%"
"06/05/2023","5,464","5,428","5,476","5,363","2.45M","1.43%"
"06/02/2023","5,387","5,240","5,418","5,240","3.61M","2.24%"
"06/01/2023","5,269","5,170","5,297","5,170","5.03M","1.52%"
"05/31/2023","5,190","5,182","5,289","5,165","14.24M","0.12%"
"05/30/2023","5,184","5,182","5,304","5,182","4.65M","-1.46%"
"05/29/2023","5,261","5,200","5,308","5,200","2.22M","-0.21%"
"05/26/2023","5,272","5,250","5,289","5,136","3.66M","-0.17%"
"05/25/2023","5,281","5,240","5,352","5,205","4.82M","0.55%"
"05/24/2023","5,252","5,300","5,312","5,184","4.38M","-0.06%"
"05/23/2023","5,255","5,220","5,300","5,197","3.53M","0.29%"
"05/22/2023","5,240","5,193","5,290","5,182","3.63M","-0.17%"
"05/19/2023","5,249","5,080","5,272","5,080","3.21M","0.92%"
"05/18/2023","5,201","5,100","5,268","5,075","3.93M","0.48%"
"05/17/2023","5,176","5,284","5,284","5,136","2.58M","-1.22%"
"05/16/2023","5,240","5,100","5,298","5,100","2.10M","-0.68%"
"05/15/2023","5,276","5,355","5,355","5,205","4.23M","-0.45%"
"05/12/2023","5,300","5,173","5,313","5,021","8.70M","3.09%"
"05/11/2023","5,141","5,299","5,314","5,037","6.68M","-3.00%"
"05/10/2023","5,300","5,525","5,525","5,293","4.33M","-2.70%"
"05/09/2023","5,447","5,500","5,538","5,360","3.47M","-1.38%"
"05/08/2023","5,523","5,620","5,620","5,475","1.16M","0.27%"
"05/05/2023","5,508","5,450","5,520","5,340","2.58M","2.19%"
"05/04/2023","5,390","5,530","5,608","5,350","5.21M","-3.54%"
"05/03/2023","5,588","5,610","5,610","5,518","2.91M","-0.07%"
"05/02/2023","5,592","5,500","5,658","5,500","2.60M","-0.90%"
"04/28/2023","5,643","5,647","5,647","5,538","4.34M","0.98%"
"04/26/2023","5,588","5,650","5,650","5,438","4.89M","1.47%"
"04/25/2023","5,507","5,514","5,554","5,478","3.02M","-0.74%"
"04/24/2023","5,548","5,670","5,670","5,516","3.22M","-0.36%"
"04/21/2023","5,568","5,590","5,654","5,490","3.82M","-1.36%"
"04/20/2023","5,645","5,690","5,712","5,588","4.59M","-0.44%"
"04/19/2023","5,670","5,575","5,690","5,528","3.80M","0.98%"
"04/18/2023","5,615","5,650","5,650","5,575","4.23M","0.16%"
"04/17/2023","5,606","5,600","5,681","5,558","4.51M","-1.08%"
"04/14/2023","5,667","5,689","5,689","5,583","3.10M","0.48%"
"04/13/2023","5,640","5,566","5,656","5,566","3.13M","-0.27%"
"04/12/2023","5,655","5,697","5,697","5,573","4.01M","0.39%"
"04/11/2023","5,633","5,617","5,684","5,590","3.56M","0.28%"
"04/06/2023","5,617","5,600","5,621","5,501","2.96M","1.83%"
"04/05/2023","5,516","5,500","5,550","5,449","2.59M","0.33%"
"04/04/2023","5,498","5,415","5,575","5,359","3.55M","-3.49%"
"04/03/2023","5,697","5,779","5,779","5,653","3.41M","1.06%"
"03/31/2023","5,637","5,700","5,725","5,608","4.03M","-0.95%"
"03/30/2023","5,691","5,785","5,785","5,673","1.72M","-0.30%"
"03/29/2023","5,708","5,605","5,753","5,605","3.43M","1.01%"
"03/28/2023","5,651","5,670","5,701","5,603","2.76M","1.16%"
"03/27/2023","5,586","5,633","5,652","5,429","2.55M","2.06%"
"03/24/2023","5,473","5,633","5,633","5,441","3.31M","-2.04%"
"03/23/2023","5,587","5,534","5,630","5,475","4.01M","1.47%"
"03/22/2023","5,506","5,510","5,566","5,409","5.60M","1.59%"
"03/20/2023","5,420","5,550","5,550","5,220","7.01M","0.58%"
"03/17/2023","5,389","5,444","5,546","5,389","10.55M","-0.99%"
"03/16/2023","5,443","5,416","5,513","5,325","23.66M","0.24%"
"03/15/2023","5,430","5,733","5,733","5,430","11.76M","-4.50%"
"03/14/2023","5,686","5,685","5,711","5,590","6.82M","-0.35%"
"03/13/2023","5,706","5,845","5,956","5,635","11.79M","-3.73%"
"03/10/2023","5,927","5,790","5,967","5,744","6.06M","1.51%"
"03/09/2023","5,839","5,720","5,871","5,720","4.69M","0.02%"
"03/08/2023","5,838","5,875","5,875","5,743","4.54M","-1.32%"
"03/07/2023","5,916","5,935","5,999","5,893","2.47M","0.05%"
"03/06/2023","5,913","5,781","5,941","5,781","2.64M","0.19%"
"03/03/2023","5,902","5,780","5,919","5,780","3.93M","1.15%"
"03/02/2023","5,835","6,000","6,019","5,781","6.81M","-2.57%"
"03/01/2023","5,989","5,903","6,076","5,903","7.47M","0.10%"
"02/28/2023","5,983","5,835","5,983","5,828","14.11M","2.54%"
"02/27/2023","5,835","5,780","5,891","5,669","4.34M","0.53%"
"02/24/2023","5,804","5,880","5,905","5,799","3.29M","-0.77%"
"02/23/2023","5,849","5,777","5,876","5,764","5.98M","1.19%"
"02/22/2023","5,780","5,725","5,814","5,725","4.73M","-0.62%"
"02/21/2023","5,816","5,762","5,860","5,737","2.22M","0.48%"
"02/20/2023","5,788","5,730","5,822","5,730","1.68M","-0.28%"
"02/17/2023","5,804","5,880","5,880","5,752","2.60M","-0.79%"
"02/16/2023","5,850","5,850","5,871","5,790","3.64M","0.45%"
"02/15/2023","5,824","5,850","5,850","5,754","3.59M","0.60%"
"02/14/2023","5,789","5,744","5,816","5,680","2.66M","1.29%"
"02/13/2023","5,715","5,745","5,745","5,661","1.75M","0.35%"
"02/10/2023","5,695","5,818","5,871","5,663","4.26M","-2.40%"
"02/09/2023","5,835","5,843","5,880","5,783","4.86M","-0.09%"
"02/08/2023","5,840","5,715","5,856","5,715","6.24M","0.69%"
"02/07/2023","5,800","5,625","5,900","5,625","6.37M","-0.38%"
"02/06/2023","5,822","5,855","5,879","5,795","6.11M","-0.97%"
"02/03/2023","5,879","5,900","5,915","5,814","6.25M","-0.17%"
"02/02/2023","5,889","5,775","5,890","5,736","7.78M","1.69%"
"02/01/2023","5,791","5,673","5,795","5,673","8.50M","2.86%"
"01/31/2023","5,630","5,498","5,735","5,498","10.27M","-0.55%"
"01/30/2023","5,661","5,490","5,663","5,490","5.27M","0.35%"
"01/27/2023","5,641","5,626","5,675","5,548","4.30M","1.18%"
"01/26/2023","5,575","5,275","5,617","5,275","6.78M","2.59%"
"01/25/2023","5,434","5,467","5,481","5,398","4.23M","-0.24%"
"01/24/2023","5,447","5,499","5,499","5,375","3.39M","0.59%"
"01/23/2023","5,415","5,334","5,455","5,325","5.67M","1.52%"
"01/20/2023","5,334","5,361","5,381","5,291","3.35M","-0.65%"
"01/19/2023","5,369","5,420","5,452","5,290","5.42M","-0.50%"
"01/18/2023","5,396","5,320","5,480","5,320","3.77M","0.63%"
"01/17/2023","5,362","5,408","5,506","5,331","7.35M","-0.50%"
"01/16/2023","5,389","5,378","5,421","5,300","4.32M","1.43%"
"01/13/2023","5,313","5,424","5,424","5,258","3.42M","0.19%"
"01/12/2023","5,303","5,265","5,420","5,237","5.41M","0.91%"
"01/11/2023","5,255","5,240","5,296","5,200","4.08M","0.40%"
"01/10/2023","5,234","5,330","5,330","5,205","4.14M","-1.17%"
"01/09/2023","5,296","5,173","5,308","5,116","3.84M","3.68%"
"01/06/2023","5,108","5,000","5,126","5,000","3.32M","0.61%"
"01/05/2023","5,077","5,050","5,161","5,047","5.16M","0.18%"
"01/04/2023","5,068","4,994","5,093","4,951","4.35M","2.28%"
"01/03/2023","4,955","4,844","4,992","4,843","3.72M","1.70%"
"12/30/2022","4,872","4,875","4,903","4,850","3.28M","-0.02%"
"12/29/2022","4,873","4,845","4,878","4,783","2.98M","0.56%"
"12/28/2022","4,846","4,917","4,931","4,826","3.11M","-1.70%"
"12/23/2022","4,930","4,845","4,930","4,817","981.11K","1.96%"
"12/22/2022","4,835","4,900","4,900","4,822","1.55M","-1.23%"
"12/21/2022","4,895","4,865","4,895","4,800","2.91M","1.14%"
"12/20/2022","4,840","4,900","4,900","4,790","3.08M","-1.28%"
"12/19/2022","4,903","4,721","4,925","4,721","7.46M","3.44%"
"12/15/2022","4,740","4,831","4,880","4,686","23.06M","-1.86%"
"12/14/2022","4,830","4,825","4,905","4,750","11.51M","0.94%"
"12/13/2022","4,785","4,799","4,874","4,718","9.30M","0.38%"
"12/12/2022","4,767","4,900","4,900","4,720","14.18M","-1.45%"
"12/09/2022","4,837","5,000","5,019","4,837","18.11M","-2.68%"
"12/08/2022","4,970","5,150","5,187","4,970","6.39M","-3.33%"
"12/07/2022","5,141","5,422","5,422","5,141","4.75M","-3.13%"
"12/06/2022","5,307","5,300","5,397","5,220","5.71M","1.59%"
"12/05/2022","5,224","5,236","5,408","5,206","5.19M","1.71%"
"12/02/2022","5,136","5,335","5,365","5,021","10.00M","-3.40%"
"12/01/2022","5,317","5,657","5,659","5,286","11.61M","-5.32%"
"11/30/2022","5,616","5,517","5,700","5,468","14.81M","2.28%"
"11/29/2022","5,491","5,625","5,625","5,466","4.06M","-1.51%"
"11/28/2022","5,575","5,575","5,598","5,457","3.89M","0.83%"
"11/25/2022","5,529","5,550","5,577","5,451","4.13M","-0.38%"
"11/24/2022","5,550","5,650","5,650","5,550","2.94M","-1.30%"
"11/23/2022","5,623","5,597","5,630","5,550","3.14M","1.32%"
"11/22/2022","5,550","5,300","5,639","5,300","4.75M","2.21%"
"11/21/2022","5,430","5,525","5,525","5,390","3.52M","-1.13%"
"11/18/2022","5,492","5,412","5,515","5,398","2.47M","2.14%"
"11/17/2022","5,377","5,321","5,437","5,321","2.22M","0.19%"
"11/16/2022","5,367","5,380","5,466","5,363","2.80M","-0.87%"
"11/15/2022","5,414","5,666","5,666","5,389","5.15M","-1.26%"
"11/14/2022","5,483","5,519","5,559","5,419","2.74M","0.13%"
"11/11/2022","5,476","5,502","5,639","5,451","3.52M","0.27%"
"11/10/2022","5,461","5,369","5,461","5,278","3.05M","1.71%"
"11/09/2022","5,369","5,310","5,416","5,298","2.32M","0.30%"
"11/08/2022","5,353","5,465","5,471","5,338","2.28M","-1.69%"
"11/07/2022","5,445","5,345","5,452","5,325","3.15M","0.83%"
"11/04/2022","5,400","5,207","5,428","5,207","2.82M","3.67%"
"11/03/2022","5,209","5,485","5,485","5,175","4.11M","-2.27%"
"11/02/2022","5,330","5,250","5,387","5,250","2.92M","0.40%"
"11/01/2022","5,309","5,320","5,473","5,287","3.96M","-0.65%"
"10/31/2022","5,344","5,182","5,384","5,182","3.66M","0.11%"
"10/28/2022","5,338","5,350","5,361","5,256","2.74M","0.60%"
"10/27/2022","5,306","5,175","5,314","5,175","3.13M","-0.45%"
"10/26/2022","5,330","5,175","5,362","5,175","4.16M","2.42%"
"10/25/2022","5,204","5,100","5,215","5,099","2.03M","1.03%"
"10/24/2022","5,151","5,030","5,159","5,030","2.74M","0.70%"
"10/21/2022","5,115","5,086","5,164","5,027","1.92M","-1.14%"
"10/20/2022","5,174","5,100","5,211","5,086","3.50M","-0.48%"
"10/19/2022","5,199","5,200","5,230","5,099","3.12M","0.99%"
"10/18/2022","5,148","5,200","5,221","5,137","3.54M","-0.50%"
"10/17/2022","5,174","5,025","5,188","4,922","5.41M","5.03%"
"10/14/2022","4,926","4,990","5,030","4,898","2.34M","0.31%"
"10/13/2022","4,911","4,975","4,975","4,803","2.92M","0.31%"
"10/12/2022","4,896","4,892","4,936","4,785","6.32M","0.68%"
"10/11/2022","4,863","5,065","5,066","4,794","7.13M","-3.17%"
"10/10/2022","5,022","4,970","5,085","4,925","3.97M","0.60%"
"10/07/2022","4,992","4,987","5,025","4,951","3.85M","-0.16%"
"10/06/2022","5,000","5,050","5,176","4,979","6.55M","-0.38%"
"10/05/2022","5,019","5,300","5,300","5,005","4.68M","-4.45%"
"10/04/2022","5,253","5,150","5,267","5,150","6.91M","2.20%"
"10/03/2022","5,140","5,250","5,250","5,101","3.48M","-0.37%"
"09/30/2022","5,159","5,140","5,201","5,071","4.90M","1.70%"
"09/29/2022","5,073","5,070","5,166","5,000","5.42M","-1.71%"
"09/28/2022","5,161","5,201","5,204","5,070","5.04M","-2.01%"
"09/27/2022","5,267","5,163","5,311","5,128","3.63M","1.09%"
"09/26/2022","5,210","5,262","5,262","5,122","5.33M","-0.74%"
"09/23/2022","5,249","5,315","5,368","5,207","5.34M","-1.63%"
"09/22/2022","5,336","5,315","5,441","5,315","4.98M","-1.91%"
"09/21/2022","5,440","5,495","5,495","5,369","2.15M","0.00%"
"09/20/2022","5,440","5,345","5,496","5,345","3.33M","0.35%"
"09/19/2022","5,421","5,425","5,430","5,286","3.21M","-0.70%"
"09/16/2022","5,459","5,540","5,540","5,436","8.44M","-1.21%"
"09/15/2022","5,526","5,650","5,650","5,494","12.09M","0.73%"
"09/14/2022","5,486","5,501","5,551","5,460","2.49M","-0.51%"
"09/13/2022","5,514","5,696","5,711","5,514","5.05M","-3.20%"
"09/12/2022","5,696","5,435","5,709","5,435","5.16M","3.47%"
"09/09/2022","5,505","5,476","5,530","5,433","3.82M","0.71%"
"09/08/2022","5,466","5,348","5,474","5,322","4.60M","1.67%"
"09/07/2022","5,376","5,560","5,560","5,317","4.33M","-1.93%"
"09/06/2022","5,482","5,470","5,564","5,416","3.06M","0.90%"
"09/05/2022","5,433","5,360","5,487","5,360","2.56M","0.41%"
"09/02/2022","5,411","5,355","5,429","5,300","3.96M","1.05%"
"09/01/2022","5,355","5,464","5,464","5,299","4.75M","0.43%"
"08/31/2022","5,332","5,500","5,626","5,306","6.32M","-2.84%"
"08/30/2022","5,488","5,601","5,664","5,473","2.63M","-2.12%"
"08/29/2022","5,607","5,598","5,623","5,519","3.16M","-0.32%"
"08/26/2022","5,625","5,556","5,683","5,551","5.76M","0.54%"
"08/25/2022","5,595","5,818","5,818","5,418","6.24M","-2.25%"
"08/24/2022","5,724","5,765","5,826","5,711","1.97M","-1.31%"
"08/23/2022","5,800","5,675","5,831","5,675","2.32M","0.69%"
"08/22/2022","5,760","5,650","5,825","5,621","4.81M","1.25%"
"08/19/2022","5,689","5,770","5,822","5,650","3.83M","-2.20%"
"08/18/2022","5,817","5,900","5,900","5,777","3.38M","-0.72%"
"08/17/2022","5,859","5,850","5,945","5,803","2.66M","-0.56%"
"08/16/2022","5,892","5,840","5,947","5,840","3.02M","0.56%"
"08/15/2022","5,859","5,810","5,930","5,810","4.15M","0.51%"
"08/12/2022","5,829","5,850","5,864","5,800","2.15M","0.36%"
"08/11/2022","5,808","5,631","5,849","5,631","3.50M","2.58%"
"08/10/2022","5,662","5,555","5,695","5,555","4.10M","0.21%"
"08/08/2022","5,650","5,620","5,699","5,555","2.90M","1.06%"
"08/05/2022","5,591","5,548","5,611","5,503","3.48M","2.21%"
"08/04/2022","5,470","5,480","5,527","5,447","4.70M","0.20%"
"08/03/2022","5,459","5,400","5,518","5,309","3.98M","2.57%"
"08/02/2022","5,322","5,400","5,437","5,281","5.94M","-2.04%"
"08/01/2022","5,433","5,540","5,540","5,358","3.65M","-0.33%"
"07/29/2022","5,451","5,470","5,542","5,408","4.37M","-0.15%"
"07/28/2022","5,459","5,555","5,555","5,443","2.71M","-0.55%"
"07/27/2022","5,489","5,550","5,555","5,451","3.41M","-0.42%"
"07/26/2022","5,512","5,460","5,533","5,420","3.91M","0.57%"
"07/25/2022","5,481","5,430","5,500","5,367","3.68M","0.83%"
"07/22/2022","5,436","5,544","5,609","5,421","4.12M","-1.09%"
"07/21/2022","5,496","5,505","5,509","5,355","4.56M","2.02%"
"07/20/2022","5,387","5,570","5,572","5,343","4.10M","-1.36%"
"07/19/2022","5,461","5,321","5,518","5,321","2.96M","0.89%"
"07/18/2022","5,413","5,390","5,508","5,361","5.81M","1.16%"
"07/15/2022","5,351","5,100","5,351","5,095","9.02M","4.70%"
"07/14/2022","5,111","5,215","5,316","5,070","4.58M","-3.47%"
"07/13/2022","5,295","5,410","5,429","5,224","5.46M","-1.51%"
"07/12/2022","5,376","5,400","5,410","5,266","3.36M","1.24%"
"07/11/2022","5,310","5,341","5,363","5,211","2.69M","-0.86%"
"07/08/2022","5,356","5,305","5,409","5,205","4.97M","2.74%"
"07/07/2022","5,213","5,180","5,262","5,138","6.02M","2.50%"
"07/06/2022","5,086","5,225","5,264","5,065","4.20M","-1.01%"
"07/05/2022","5,138","5,449","5,449","5,122","4.38M","-4.41%"
"07/04/2022","5,375","5,375","5,407","5,304","3.25M","2.69%"
"07/01/2022","5,234","5,250","5,355","5,200","4.17M","-1.00%"
"06/30/2022","5,287","5,510","5,534","5,258","7.56M","-4.86%"
"06/29/2022","5,557","5,610","5,610","5,426","5.22M","0.02%"
"06/28/2022","5,556","5,500","5,621","5,484","3.85M","1.33%"
"06/27/2022","5,483","5,628","5,632","5,416","3.64M","-0.20%"
"06/24/2022","5,494","5,400","5,530","5,374","4.21M","2.35%"
"06/23/2022","5,368","5,350","5,407","5,290","2.73M","-0.46%"
"06/22/2022","5,393","5,450","5,450","5,345","3.64M","-1.21%"
"06/21/2022","5,459","5,495","5,600","5,436","3.77M","-0.66%"
"06/20/2022","5,495","5,455","5,565","5,437","2.22M","1.40%"
"06/17/2022","5,419","5,541","5,649","5,419","12.90M","-3.44%"
"06/15/2022","5,612","5,455","5,612","5,421","16.24M","2.88%"
"06/14/2022","5,455","5,545","5,644","5,446","9.92M","-1.23%"
"06/13/2022","5,523","5,700","5,703","5,400","9.55M","-4.25%"
"06/10/2022","5,768","5,900","5,934","5,746","5.03M","-2.42%"
"06/09/2022","5,911","6,050","6,110","5,911","5.26M","-2.99%"
"06/08/2022","6,093","6,215","6,270","6,060","5.07M","-1.84%"
"06/07/2022","6,207","6,381","6,381","6,175","5.01M","-2.73%"
"06/06/2022","6,381","6,463","6,482","6,379","3.33M","-0.67%"
"06/03/2022","6,424","6,479","6,521","6,401","2.63M","-0.25%"
"06/02/2022","6,440","6,539","6,650","6,408","3.36M","-2.41%"
"06/01/2022","6,599","6,646","6,808","6,582","4.45M","-2.19%"
"05/31/2022","6,747","6,750","6,846","6,667","26.72M","-0.52%"
"05/30/2022","6,782","6,620","6,793","6,620","5.62M","2.09%"
"05/27/2022","6,643","6,501","6,659","6,501","4.37M","1.48%"
"05/26/2022","6,546","6,250","6,547","6,250","4.32M","2.88%"
"05/25/2022","6,363","6,356","6,447","6,236","8.71M","-0.28%"
"05/24/2022","6,381","6,340","6,470","6,340","5.51M","-0.39%"
"05/23/2022","6,406","6,375","6,483","6,344","9.51M","1.97%"
"05/20/2022","6,282","6,275","6,399","6,246","7.33M","1.44%"
"05/19/2022","6,193","6,325","6,325","6,140","4.88M","-1.96%"
"05/18/2022","6,317","6,300","6,370","6,266","4.68M","0.45%"
"05/17/2022","6,289","6,339","6,372","6,240","5.61M","0.16%"
"05/16/2022","6,279","6,116","6,300","6,116","4.30M","1.09%"
"05/13/2022","6,211","6,147","6,219","6,068","7.37M","1.16%"
"05/12/2022","6,140","6,215","6,215","5,995","5.93M","-1.33%"
"05/11/2022","6,223","6,181","6,286","6,100","4.45M","1.20%"
"05/10/2022","6,149","6,085","6,226","6,085","6.00M","1.35%"
"05/09/2022","6,067","6,051","6,143","6,026","4.26M","-0.95%"
"05/06/2022","6,125","6,200","6,219","6,049","5.04M","-2.34%"
"05/05/2022","6,272","6,520","6,536","6,272","3.79M","-2.70%"
"05/04/2022","6,446","6,575","6,575","6,413","6.40M","-0.06%"
"05/03/2022","6,450","6,652","6,652","6,416","6.22M","-2.02%"
"04/29/2022","6,583","6,800","6,935","6,553","9.84M","-3.95%"
"04/28/2022","6,854","6,803","6,910","6,764","5.50M","0.32%"
"04/26/2022","6,832","6,949","6,949","6,749","8.73M","1.07%"
"04/25/2022","6,760","6,950","6,950","6,689","7.10M","-2.40%"
"04/22/2022","6,926","6,900","6,955","6,843","6.60M","-0.04%"
"04/21/2022","6,929","6,845","6,988","6,838","4.20M","1.23%"
"04/20/2022","6,845","6,930","7,065","6,805","4.24M","-1.16%"
"04/19/2022","6,925","6,815","6,978","6,815","3.66M","0.93%"
"04/14/2022","6,861","6,850","6,932","6,829","5.60M","-1.20%"
"04/13/2022","6,944","7,045","7,077","6,896","7.15M","-1.50%"
"04/12/2022","7,050","6,930","7,139","6,845","7.12M","0.71%"
"04/11/2022","7,000","6,800","7,021","6,776","5.65M","2.06%"
"04/08/2022","6,859","6,830","6,943","6,758","4.35M","1.05%"
"04/07/2022","6,788","6,880","6,880","6,700","5.82M","-0.60%"
"04/06/2022","6,829","6,761","6,899","6,728","3.50M","-3.75%"
"04/05/2022","7,095","7,230","7,230","7,005","4.01M","-0.14%"
"04/04/2022","7,105","7,210","7,235","7,092","2.70M","-1.50%"
"04/01/2022","7,213","7,140","7,320","7,140","4.28M","-0.10%"
"03/31/2022","7,220","7,140","7,260","7,140","4.19M","-0.17%"
"03/30/2022","7,232","7,200","7,240","7,111","3.39M","0.39%"
"03/29/2022","7,204","6,950","7,257","6,950","3.58M","2.66%"
"03/28/2022","7,017","6,950","7,040","6,946","4.46M","1.39%"
"03/25/2022","6,921","6,998","6,998","6,891","3.05M","-0.17%"
"03/24/2022","6,933","6,900","6,998","6,837","5.25M","0.48%"
"03/23/2022","6,900","6,815","6,900","6,755","3.38M","1.25%"
"03/22/2022","6,815","6,805","6,860","6,692","2.55M","0.69%"
"03/18/2022","6,768","6,955","6,955","6,676","13.43M","-0.75%"
"03/17/2022","6,819","6,826","6,982","6,776","12.72M","0.00%"
"03/16/2022","6,819","6,603","6,819","6,505","6.76M","5.64%"
"03/15/2022","6,455","6,600","6,600","6,351","5.84M","-2.27%"
"03/14/2022","6,605","6,690","6,775","6,520","9.13M","0.21%"
"03/11/2022","6,591","6,445","6,650","6,309","4.65M","4.75%"
"03/10/2022","6,292","6,215","6,645","6,215","11.18M","3.55%"
"03/09/2022","6,076","5,875","6,126","5,875","6.74M","1.37%"
"03/08/2022","5,994","6,150","6,150","5,901","3.03M","-0.99%"
"03/07/2022","6,054","6,235","6,352","5,790","7.12M","-4.19%"
"03/04/2022","6,319","6,649","6,736","6,250","5.71M","-4.76%"
"03/03/2022","6,635","6,316","6,711","6,316","6.72M","4.08%"
"03/02/2022","6,375","6,412","6,427","6,300","5.90M","-0.58%"
"03/01/2022","6,412","6,411","6,616","6,358","4.35M","-0.84%"
"02/28/2022","6,466","6,425","6,475","6,355","8.59M","0.64%"
"02/25/2022","6,425","6,420","6,440","6,325","2.22M","1.13%"
"02/24/2022","6,353","6,400","6,494","6,233","7.79M","-3.16%"
"02/23/2022","6,560","6,500","6,601","6,450","2.15M","1.23%"
"02/22/2022","6,480","6,601","6,642","6,445","5.83M","-2.44%"
"02/21/2022","6,642","6,635","6,766","6,615","2.25M","-0.60%"
"02/18/2022","6,682","6,750","6,750","6,655","1.93M","-0.55%"
"02/17/2022","6,719","6,700","6,778","6,641","3.25M","0.25%"
"02/16/2022","6,702","6,680","6,738","6,627","3.00M","1.55%"
"02/15/2022","6,600","6,425","6,686","6,425","3.37M","1.37%"
"02/14/2022","6,511","6,600","6,634","6,422","4.51M","-2.34%"
"02/11/2022","6,667","6,515","6,694","6,515","3.42M","1.45%"
"02/10/2022","6,572","6,465","6,611","6,400","4.14M","2.13%"
"02/09/2022","6,435","6,368","6,455","6,306","4.94M","1.35%"
"02/08/2022","6,349","6,200","6,358","6,200","2.64M","2.22%"
"02/07/2022","6,211","6,250","6,339","6,201","2.54M","-0.38%"
"02/04/2022","6,235","6,315","6,315","6,215","2.15M","-0.80%"
"02/03/2022","6,285","6,176","6,302","6,176","2.62M","0.16%"
"02/02/2022","6,275","6,251","6,317","6,251","3.78M","-0.33%"
"02/01/2022","6,296","6,300","6,318","6,225","3.93M","0.18%"
"01/31/2022","6,285","6,180","6,313","6,174","7.64M","2.53%"
"01/28/2022","6,130","6,050","6,143","6,047","3.65M","-0.24%"
"01/27/2022","6,145","6,002","6,147","5,969","5.27M","0.84%"
"01/26/2022","6,094","6,140","6,140","6,024","3.62M","0.68%"
"01/25/2022","6,053","5,957","6,093","5,950","3.70M","1.25%"
"01/24/2022","5,978","6,100","6,168","5,968","3.96M","-2.30%"
"01/21/2022","6,119","6,100","6,164","6,069","2.02M","0.02%"
"01/20/2022","6,118","6,295","6,295","6,100","2.60M","-0.28%"
"01/19/2022","6,135","6,300","6,300","6,117","2.12M","-1.00%"
"01/18/2022","6,197","6,300","6,300","6,176","2.08M","-1.29%"
"01/17/2022","6,278","6,385","6,385","6,246","2.25M","-0.66%"
"01/14/2022","6,320","6,200","6,399","6,200","2.84M","0.25%"
"01/13/2022","6,304","6,150","6,334","6,121","3.15M","1.61%"
"01/12/2022","6,204","6,185","6,212","6,078","3.48M","0.80%"
"01/11/2022","6,155","6,153","6,187","6,079","3.20M","0.03%"
"01/10/2022","6,153","6,035","6,180","6,028","2.10M","2.09%"
"01/07/2022","6,027","6,109","6,112","5,991","1.49M","-0.56%"
"01/06/2022","6,061","5,975","6,102","5,975","1.76M","-0.51%"
"01/05/2022","6,092","5,964","6,125","5,964","2.19M","0.07%"
"01/04/2022","6,088","6,035","6,136","5,975","2.91M","1.81%"
"01/03/2022","5,980","5,995","6,035","5,936","2.40M","0.74%"
"12/31/2021","5,936","5,994","5,994","5,911","897.21K","-0.85%"
"12/30/2021","5,987","5,888","5,993","5,873","2.28M","1.35%"
"12/29/2021","5,907","5,900","5,936","5,858","1.03M","0.22%"
"12/28/2021","5,894","5,900","5,930","5,788","2.03M","1.45%"
"12/24/2021","5,810","5,945","5,945","5,807","472.21K","-1.17%"
"12/23/2021","5,879","5,811","5,886","5,811","2.13M","0.46%"
"12/22/2021","5,852","5,800","5,969","5,761","3.24M","2.00%"
"12/21/2021","5,737","5,655","5,780","5,628","2.74M","1.63%"
"12/20/2021","5,645","5,650","5,737","5,594","2.35M","-1.93%"
"12/17/2021","5,756","5,752","5,913","5,717","10.30M","0.07%"
"12/15/2021","5,752","5,695","5,789","5,671","16.82M","0.70%"
"12/14/2021","5,712","5,795","5,830","5,596","6.06M","-1.43%"
"12/13/2021","5,795","5,900","5,902","5,772","4.52M","-0.91%"
"12/10/2021","5,848","5,955","6,035","5,848","6.45M","-2.37%"
"12/09/2021","5,990","5,834","6,000","5,823","5.69M","2.67%"
"12/08/2021","5,834","5,790","5,901","5,736","6.48M","0.76%"
"12/07/2021","5,790","5,697","5,794","5,659","4.38M","1.94%"
"12/06/2021","5,680","5,727","5,772","5,635","3.63M","-1.20%"
"12/03/2021","5,749","5,670","5,790","5,643","3.91M","1.09%"
"12/02/2021","5,687","5,680","5,730","5,633","5.07M","-0.04%"
"12/01/2021","5,689","5,540","5,720","5,540","5.97M","2.69%"
"11/30/2021","5,540","5,500","5,567","5,365","11.28M","0.14%"
"11/29/2021","5,532","5,400","5,597","5,358","8.16M","4.97%"
"11/26/2021","5,270","5,745","5,745","5,229","8.31M","-9.03%"
"11/25/2021","5,793","5,706","5,817","5,690","3.83M","1.06%"
"11/24/2021","5,732","5,845","5,886","5,659","3.62M","-1.92%"
"11/23/2021","5,844","5,888","5,900","5,775","3.47M","-0.68%"
"11/22/2021","5,884","5,801","5,942","5,801","2.88M","0.63%"
"11/19/2021","5,847","5,960","5,974","5,802","3.19M","-1.47%"
"11/18/2021","5,934","6,060","6,060","5,904","3.10M","-0.39%"
"11/17/2021","5,957","6,050","6,085","5,957","1.70M","-0.83%"
"11/16/2021","6,007","6,050","6,085","5,985","2.58M","0.08%"
"11/15/2021","6,002","6,000","6,009","5,918","2.50M","0.59%"
"11/12/2021","5,967","6,100","6,100","5,952","2.02M","-0.86%"
"11/11/2021","6,019","6,150","6,150","5,977","3.17M","-0.76%"
"11/10/2021","6,065","6,300","6,300","6,025","3.65M","-1.53%"
"11/09/2021","6,159","6,290","6,290","6,130","3.60M","-0.66%"
"11/08/2021","6,200","6,280","6,358","6,165","3.41M","-1.76%"
"11/05/2021","6,311","6,284","6,418","6,272","2.24M","-0.54%"
"11/04/2021","6,345","6,400","6,522","6,333","3.29M","-0.27%"
"11/03/2021","6,362","6,350","6,383","6,298","2.15M","0.74%"
"11/02/2021","6,315","6,202","6,341","6,202","4.57M","0.64%"
"10/29/2021","6,275","6,200","6,292","6,200","5.47M","-0.10%"
"10/28/2021","6,281","6,213","6,332","6,213","3.81M","0.27%"
"10/27/2021","6,264","6,200","6,270","6,193","4.20M","0.19%"
"10/26/2021","6,252","6,212","6,288","6,186","3.28M","0.22%"
"10/25/2021","6,238","6,200","6,278","6,145","2.63M","1.38%"
"10/22/2021","6,153","6,200","6,200","6,085","1.61M","0.95%"
"10/21/2021","6,095","6,100","6,269","6,055","6.99M","-1.69%"
"10/20/2021","6,200","6,250","6,272","6,140","2.35M","-0.05%"
"10/19/2021","6,203","6,163","6,229","6,079","3.35M","0.65%"
"10/18/2021","6,163","6,047","6,176","6,040","3.30M","2.12%"
"10/15/2021","6,035","6,062","6,136","6,035","2.67M","-0.46%"
"10/14/2021","6,063","6,115","6,204","6,044","4.35M","-0.62%"
"10/13/2021","6,101","6,155","6,304","6,068","3.92M","-1.29%"
"10/12/2021","6,181","6,200","6,234","6,160","4.68M","-0.34%"
"10/11/2021","6,202","6,250","6,251","6,154","4.39M","1.17%"
"10/08/2021","6,130","6,320","6,394","6,130","8.49M","-3.13%"
"10/07/2021","6,328","6,365","6,424","6,298","5.93M","-0.17%"
"10/06/2021","6,339","6,500","6,500","6,306","6.64M","-1.12%"
"10/05/2021","6,411","6,500","6,500","6,367","5.74M","-0.43%"
"10/04/2021","6,439","6,420","6,474","6,348","5.31M","-0.06%"
"10/01/2021","6,443","6,385","6,450","6,332","3.12M","0.80%"
"09/30/2021","6,392","6,400","6,432","6,305","6.46M","1.14%"
"09/29/2021","6,320","6,303","6,379","6,231","4.54M","1.09%"
"09/28/2021","6,252","6,300","6,401","6,173","6.55M","-0.37%"
"09/27/2021","6,275","6,350","6,352","6,162","5.55M","-0.63%"
"09/23/2021","6,315","6,263","6,335","6,178","3.04M","0.88%"
"09/22/2021","6,260","6,158","6,286","6,158","3.02M","1.99%"
"09/21/2021","6,138","6,200","6,208","6,096","2.55M","0.56%"
"09/20/2021","6,104","6,293","6,293","6,052","5.02M","-3.00%"
"09/17/2021","6,293","6,288","6,305","6,193","15.89M","1.14%"
"09/16/2021","6,222","6,400","6,400","6,191","17.86M","-1.83%"
"09/15/2021","6,338","6,255","6,447","6,255","5.01M","1.52%"
"09/14/2021","6,243","6,123","6,331","6,082","5.43M","1.96%"
"09/13/2021","6,123","6,068","6,150","5,971","3.33M","0.91%"
"09/10/2021","6,068","6,222","6,222","6,028","4.67M","-1.84%"
"09/09/2021","6,182","6,245","6,269","6,127","3.54M","-1.04%"
"09/08/2021","6,247","6,254","6,280","6,206","3.24M","-0.11%"
"09/07/2021","6,254","6,275","6,320","6,224","2.82M","-0.84%"
"09/06/2021","6,307","6,345","6,397","6,258","3.12M","-0.65%"
"09/03/2021","6,348","6,400","6,419","6,268","2.71M","-0.56%"
"09/02/2021","6,384","6,390","6,442","6,331","5.16M","-1.02%"
"09/01/2021","6,450","6,469","6,536","6,388","3.45M","0.09%"
"08/31/2021","6,444","6,350","6,469","6,350","5.72M","0.72%"
"08/30/2021","6,398","6,375","6,441","6,352","1.89M","0.58%"
"08/27/2021","6,361","6,429","6,477","6,349","3.61M","-0.61%"
"08/26/2021","6,400","6,310","6,416","6,310","3.76M","0.16%"
"08/25/2021","6,390","6,370","6,437","6,309","5.56M","0.65%"
"08/24/2021","6,349","6,260","6,413","6,260","3.62M","-0.03%"
"08/23/2021","6,351","6,318","6,386","6,277","2.21M","0.52%"
"08/20/2021","6,318","6,359","6,370","6,202","2.09M","-0.64%"
"08/19/2021","6,359","6,305","6,445","6,280","4.32M","-1.41%"
"08/18/2021","6,450","6,288","6,462","6,259","4.49M","2.38%"
"08/17/2021","6,300","6,200","6,356","6,175","10.48M","1.47%"
"08/16/2021","6,209","5,955","6,218","5,955","5.30M","3.66%"
"08/13/2021","5,990","5,991","6,067","5,944","3.30M","0.23%"
"08/12/2021","5,976","6,040","6,040","5,927","7.28M","-0.03%"
"08/11/2021","5,978","5,900","6,051","5,900","3.45M","0.27%"
"08/10/2021","5,962","6,093","6,100","5,937","6.10M","-1.34%"
"08/06/2021","6,043","5,813","6,083","5,813","3.66M","0.72%"
"08/05/2021","6,000","5,980","6,054","5,845","4.35M","2.48%"
"08/04/2021","5,855","5,900","5,922","5,802","4.29M","-0.53%"
"08/03/2021","5,886","5,816","5,909","5,804","3.34M","1.27%"
"08/02/2021","5,812","5,880","5,880","5,800","3.39M","0.41%"
"07/30/2021","5,788","5,730","5,837","5,730","6.73M","-0.21%"
"07/29/2021","5,800","5,790","5,850","5,765","4.12M","0.19%"
"07/28/2021","5,789","5,791","5,885","5,776","2.68M","-0.03%"
"07/27/2021","5,791","5,800","5,847","5,736","4.52M","0.24%"
"07/26/2021","5,777","5,850","5,880","5,748","4.78M","-1.30%"
"07/23/2021","5,853","5,871","5,903","5,827","2.30M","0.46%"
"07/22/2021","5,826","5,860","5,894","5,791","3.72M","0.73%"
"07/21/2021","5,784","5,775","5,817","5,725","2.56M","0.68%"
"07/20/2021","5,745","5,840","5,840","5,704","4.91M","-0.40%"
"07/19/2021","5,768","5,838","5,905","5,728","2.70M","-2.83%"
"07/16/2021","5,936","5,900","6,002","5,885","5.33M","0.51%"
"07/15/2021","5,906","5,899","6,000","5,886","3.86M","0.10%"
"07/14/2021","5,900","5,890","5,958","5,832","5.00M","0.22%"
"07/13/2021","5,887","6,000","6,017","5,810","8.00M","-2.37%"
"07/12/2021","6,030","6,044","6,044","5,871","6.94M","0.08%"
"07/09/2021","6,025","6,062","6,104","6,000","7.82M","-0.17%"
"07/08/2021","6,035","6,051","6,160","5,983","7.16M","-1.71%"
"07/07/2021","6,140","6,181","6,181","6,069","3.93M","0.15%"
"07/06/2021","6,131","6,100","6,214","6,050","3.34M","0.16%"
"07/05/2021","6,121","6,050","6,186","6,031","3.03M","0.44%"
"07/02/2021","6,094","6,158","6,158","6,051","2.10M","-0.33%"
"07/01/2021","6,114","6,130","6,170","6,111","3.64M","-0.37%"
"06/30/2021","6,137","6,260","6,285","6,137","10.46M","-0.84%"
"06/29/2021","6,189","6,035","6,250","6,035","6.90M","2.13%"
"06/28/2021","6,060","6,105","6,187","5,998","6.94M","-2.23%"
"06/25/2021","6,198","6,195","6,252","6,180","3.44M","0.44%"
"06/24/2021","6,171","6,050","6,207","6,050","4.01M","1.08%"
"06/23/2021","6,105","6,134","6,178","6,056","3.49M","-0.11%"
"06/22/2021","6,112","6,117","6,232","6,026","3.40M","-0.10%"
"06/21/2021","6,118","6,101","6,206","6,046","4.44M","-1.26%"
"06/18/2021","6,196","6,300","6,345","6,188","12.65M","-1.76%"
"06/17/2021","6,307","6,445","6,500","6,280","18.07M","-2.97%"
"06/15/2021","6,500","6,420","6,546","6,420","6.49M","0.26%"
"06/14/2021","6,483","6,400","6,514","6,379","4.41M","1.33%"
"06/11/2021","6,398","6,475","6,475","6,360","4.63M","-0.54%"
"06/10/2021","6,433","6,407","6,453","6,323","4.43M","0.52%"
"06/09/2021","6,400","6,154","6,425","6,130","7.24M","4.18%"
"06/08/2021","6,143","6,140","6,207","6,072","2.58M","-0.74%"
"06/07/2021","6,189","6,195","6,241","6,153","2.81M","-0.98%"
"06/04/2021","6,250","6,247","6,300","6,194","6.30M","0.05%"
"06/03/2021","6,247","6,200","6,350","6,200","6.82M","-0.05%"
"06/02/2021","6,250","6,092","6,269","6,092","7.47M","2.12%"
"06/01/2021","6,120","5,950","6,135","5,927","7.61M","2.86%"
"05/31/2021","5,950","5,988","5,988","5,878","3.91M","0.85%"
"05/28/2021","5,900","5,729","5,985","5,721","11.47M","2.79%"
"05/27/2021","5,740","5,732","5,770","5,681","12.86M","0.35%"
"05/26/2021","5,720","5,755","5,758","5,683","4.81M","0.35%"
"05/25/2021","5,700","5,672","5,823","5,672","5.54M","0.64%"
"05/24/2021","5,664","5,800","5,818","5,606","5.27M","-1.55%"
"05/21/2021","5,753","5,734","5,808","5,719","4.78M","0.49%"
"05/20/2021","5,725","5,715","5,783","5,689","5.39M","-0.12%"
"05/19/2021","5,732","5,761","5,821","5,707","7.23M","-1.41%"
"05/18/2021","5,814","5,860","5,875","5,762","3.46M","-0.43%"
"05/17/2021","5,839","5,890","5,931","5,769","3.46M","-0.76%"
"05/14/2021","5,884","5,930","5,930","5,826","6.94M","0.65%"
"05/13/2021","5,846","5,920","5,926","5,795","4.68M","-1.25%"
"05/12/2021","5,920","5,882","5,948","5,793","3.80M","0.66%"
"05/11/2021","5,881","5,860","5,954","5,802","4.32M","-0.10%"
"05/10/2021","5,887","5,925","6,006","5,861","4.91M","-0.05%"
"05/07/2021","5,890","5,790","5,912","5,743","5.03M","1.71%"
"05/06/2021","5,791","5,664","5,816","5,608","6.34M","2.31%"
"05/05/2021","5,660","5,550","5,679","5,526","4.02M","2.30%"
"05/04/2021","5,533","5,614","5,615","5,475","4.17M","-0.04%"
"05/03/2021","5,535","5,616","5,650","5,511","4.95M","-1.20%"
"04/30/2021","5,602","5,624","5,655","5,560","5.36M","-0.36%"
"04/29/2021","5,622","5,629","5,629","5,569","6.40M","0.81%"
"04/28/2021","5,577","5,495","5,638","5,495","4.86M","1.11%"
"04/26/2021","5,516","5,496","5,595","5,482","2.33M","0.36%"
"04/23/2021","5,496","5,473","5,528","5,439","2.75M","-0.07%"
"04/22/2021","5,500","5,515","5,567","5,483","4.24M","-0.58%"
"04/21/2021","5,532","5,600","5,600","5,441","4.65M","-0.04%"
"04/20/2021","5,534","5,625","5,640","5,526","4.40M","-1.88%"
"04/19/2021","5,640","5,700","5,711","5,562","4.22M","-1.04%"
"04/16/2021","5,699","5,658","5,709","5,634","8.43M","0.81%"
"04/15/2021","5,653","5,625","5,695","5,618","5.67M","-0.05%"
"04/14/2021","5,656","5,668","5,674","5,604","5.28M","0.30%"
"04/13/2021","5,639","5,650","5,650","5,558","5.42M","0.21%"
"04/12/2021","5,627","5,660","5,680","5,558","5.01M","-0.58%"
"04/09/2021","5,660","5,650","5,680","5,574","5.10M","1.40%"
"04/08/2021","5,582","5,650","5,662","5,555","4.80M","-0.87%"
"04/07/2021","5,631","5,669","5,789","5,599","7.59M","-5.66%"
"04/06/2021","5,969","5,913","6,000","5,861","5.60M","1.98%"
"04/01/2021","5,853","6,000","6,000","5,819","8.47M","-1.68%"
"03/31/2021","5,953","6,086","6,086","5,916","6.58M","-1.55%"
"03/30/2021","6,047","6,050","6,059","5,963","4.44M","0.47%"
"03/29/2021","6,019","5,913","6,043","5,899","6.21M","0.99%"
"03/26/2021","5,960","5,844","6,007","5,821","6.08M","3.13%"
"03/25/2021","5,779","5,930","5,958","5,733","5.71M","-1.78%"
"03/24/2021","5,884","5,877","5,985","5,740","5.14M","-0.03%"
"03/23/2021","5,886","6,127","6,127","5,840","5.07M","-2.73%"
"03/19/2021","6,051","6,130","6,130","5,985","7.55M","-0.12%"
"03/18/2021","6,058","6,216","6,254","5,985","14.45M","-0.90%"
"03/17/2021","6,113","6,185","6,286","6,086","5.90M","-2.19%"
"03/16/2021","6,250","6,421","6,421","6,154","7.57M","-1.30%"
"03/15/2021","6,332","6,420","6,456","6,303","6.35M","-1.14%"
"03/12/2021","6,405","6,370","6,538","6,319","8.87M","1.93%"
"03/11/2021","6,284","6,351","6,388","6,262","5.41M","0.79%"
"03/10/2021","6,235","6,250","6,281","6,105","3.26M","1.25%"
"03/09/2021","6,158","6,200","6,205","6,114","5.95M","-0.69%"
"03/08/2021","6,201","6,097","6,233","6,060","3.48M","0.70%"
"03/05/2021","6,158","6,200","6,200","5,999","3.75M","0.00%"
"03/04/2021","6,158","6,329","6,329","6,103","6.03M","-0.28%"
"03/03/2021","6,175","6,175","6,334","6,151","3.45M","-0.50%"
"03/02/2021","6,206","6,077","6,271","6,077","3.48M","0.24%"
"03/01/2021","6,191","6,030","6,236","6,030","4.81M","1.86%"
"02/26/2021","6,078","6,056","6,180","5,974","8.78M","-1.55%"
"02/25/2021","6,174","6,330","6,330","6,096","5.56M","-0.42%"
"02/24/2021","6,200","6,120","6,318","6,120","4.36M","0.36%"
"02/23/2021","6,178","6,165","6,329","6,128","4.52M","-0.71%"
"02/22/2021","6,222","6,150","6,320","6,150","4.12M","-0.35%"
"02/19/2021","6,244","6,175","6,271","6,104","5.71M","2.11%"
"02/18/2021","6,115","6,157","6,196","6,069","5.70M","-0.68%"
"02/17/2021","6,157","6,318","6,355","6,085","6.32M","-2.52%"
"02/16/2021","6,316","6,284","6,406","6,239","4.35M","1.19%"
"02/15/2021","6,242","6,356","6,356","6,200","3.17M","-0.37%"
"02/12/2021","6,265","6,197","6,307","6,170","3.21M","1.11%"
"02/11/2021","6,196","6,240","6,256","6,155","3.65M","0.18%"
"02/10/2021","6,185","6,284","6,350","6,151","4.31M","-0.79%"
"02/09/2021","6,234","6,133","6,282","6,008","4.44M","1.65%"
"02/08/2021","6,133","6,190","6,219","6,051","4.72M","-0.92%"
"02/05/2021","6,190","6,000","6,244","6,000","7.87M","3.00%"
"02/04/2021","6,010","5,710","6,010","5,710","7.42M","4.69%"
"02/03/2021","5,741","5,810","5,848","5,720","3.66M","-0.54%"
"02/02/2021","5,772","5,803","5,803","5,686","6.77M","1.17%"
"02/01/2021","5,705","5,780","5,800","5,700","3.55M","-1.06%"
"01/29/2021","5,766","5,850","5,851","5,734","11.05M","-2.80%"
"01/28/2021","5,932","5,900","5,984","5,801","5.01M","1.09%"
"01/27/2021","5,868","5,873","6,057","5,822","6.48M","0.50%"
"01/26/2021","5,839","5,740","5,892","5,740","4.98M","1.18%"
"01/25/2021","5,771","5,815","5,822","5,703","5.24M","-0.67%"
"01/22/2021","5,810","5,751","5,822","5,674","3.46M","-0.09%"
"01/21/2021","5,815","5,900","5,900","5,737","4.95M","-0.39%"
"01/20/2021","5,838","5,705","5,865","5,705","4.33M","1.51%"
"01/19/2021","5,751","5,735","5,846","5,735","4.30M","-0.33%"
"01/18/2021","5,770","5,780","5,841","5,738","2.78M","-0.29%"
"01/15/2021","5,787","5,800","5,800","5,688","2.75M","0.56%"
"01/14/2021","5,755","5,786","5,859","5,706","3.70M","-0.72%"
"01/13/2021","5,797","5,986","5,986","5,750","6.33M","-1.75%"
"01/12/2021","5,900","5,950","5,969","5,855","7.05M","-0.67%"
"01/11/2021","5,940","5,950","5,971","5,878","4.67M","-0.18%"
"01/08/2021","5,951","5,790","5,982","5,790","5.63M","3.46%"
"01/07/2021","5,752","5,661","5,757","5,659","5.47M","1.63%"
"01/06/2021","5,660","5,759","5,768","5,565","4.86M","-0.70%"
"01/05/2021","5,700","5,834","5,871","5,655","5.21M","-1.06%"
"01/04/2021","5,761","5,815","5,927","5,695","3.60M","-1.94%"
"12/31/2020","5,875","5,825","5,988","5,806","1.96M","0.17%"
"12/30/2020","5,865","5,815","5,995","5,815","2.23M","0.26%"
"12/29/2020","5,850","5,848","5,880","5,757","2.58M","0.91%"
"12/28/2020","5,797","5,800","5,842","5,783","959.73K","-0.05%"
"12/24/2020","5,800","5,849","5,849","5,739","477.86K","0.14%"
"12/23/2020","5,792","5,725","5,837","5,719","1.54M","1.17%"
"12/22/2020","5,725","5,615","5,831","5,615","3.40M","0.69%"
"12/21/2020","5,686","5,900","5,901","5,586","7.51M","-2.97%"
"12/18/2020","5,860","5,795","5,890","5,686","9.96M","1.95%"
"12/17/2020","5,748","5,760","5,895","5,694","14.62M","-1.02%"
"12/15/2020","5,807","5,820","5,861","5,727","6.60M","-0.22%"
"12/14/2020","5,820","5,801","5,983","5,768","5.34M","-0.85%"
"12/11/2020","5,870","5,659","5,870","5,627","12.32M","3.40%"
"12/10/2020","5,677","5,917","5,917","5,616","7.02M","-3.24%"
"12/09/2020","5,867","5,850","5,950","5,803","5.53M","0.53%"
"12/08/2020","5,836","5,650","5,883","5,650","5.74M","0.79%"
"12/07/2020","5,790","5,750","5,805","5,622","6.83M","0.28%"
"12/04/2020","5,774","5,750","5,829","5,726","5.15M","2.09%"
"12/03/2020","5,656","5,780","5,780","5,604","6.79M","-0.18%"
"12/02/2020","5,666","5,650","5,809","5,579","8.10M","1.47%"
"12/01/2020","5,584","5,550","5,699","5,520","5.53M","0.70%"
"11/30/2020","5,545","5,839","5,863","5,532","17.62M","-4.18%"
"11/27/2020","5,787","5,644","5,876","5,638","5.04M","0.38%"
"11/26/2020","5,765","5,700","5,817","5,633","4.23M","0.91%"
"11/25/2020","5,713","5,487","5,761","5,487","7.19M","0.69%"
"11/24/2020","5,674","5,512","5,730","5,512","6.95M","2.94%"
"11/23/2020","5,512","5,587","5,605","5,492","5.40M","0.25%"
"11/20/2020","5,498","5,556","5,637","5,485","5.07M","-1.29%"
"11/19/2020","5,570","5,575","5,638","5,540","4.64M","-1.59%"
"11/18/2020","5,660","5,760","5,784","5,600","6.58M","-1.15%"
"11/17/2020","5,726","5,779","5,875","5,703","6.71M","-0.26%"
"11/16/2020","5,741","5,780","5,800","5,645","5.07M","0.84%"
"11/13/2020","5,693","5,719","5,745","5,567","6.11M","-0.45%"
"11/12/2020","5,719","5,810","5,856","5,688","10.13M","-1.80%"
"11/11/2020","5,824","5,735","5,982","5,683","13.51M","2.95%"
"11/10/2020","5,657","5,479","5,708","5,400","9.24M","2.80%"
"11/09/2020","5,503","5,198","5,553","5,198","9.17M","5.93%"
"11/06/2020","5,195","5,061","5,299","5,035","7.47M","2.20%"
"11/05/2020","5,083","5,096","5,225","5,062","6.60M","0.75%"
"11/04/2020","5,045","4,975","5,098","4,776","6.45M","1.98%"
"11/03/2020","4,947","4,760","4,971","4,760","8.55M","3.88%"
"11/02/2020","4,762","4,730","4,820","4,702","6.30M","0.74%"
"10/30/2020","4,727","4,735","4,824","4,647","8.10M","-2.15%"
"10/29/2020","4,831","5,200","5,200","4,749","7.84M","-3.53%"
"10/28/2020","5,008","5,475","5,475","5,003","10.11M","-6.76%"
"10/27/2020","5,371","5,465","5,465","5,289","7.89M","-1.00%"
"10/26/2020","5,425","5,401","5,522","5,360","5.94M","-1.36%"
"10/23/2020","5,500","5,043","5,557","5,043","17.00M","8.40%"
"10/22/2020","5,074","4,950","5,100","4,926","26.14M","1.95%"
"10/21/2020","4,977","4,980","5,027","4,941","9.50M","0.57%"
"10/20/2020","4,949","4,970","5,015","4,949","10.58M","-1.02%"
"10/19/2020","5,000","5,054","5,135","4,992","8.25M","-0.77%"
"10/16/2020","5,039","5,148","5,148","5,033","4.54M","-1.12%"
"10/15/2020","5,096","5,050","5,106","4,938","5.43M","1.53%"
"10/14/2020","5,019","5,076","5,114","4,976","4.13M","-0.87%"
"10/13/2020","5,063","5,230","5,230","5,061","3.97M","-2.26%"
"10/12/2020","5,180","5,130","5,226","5,130","3.78M","0.97%"
"10/09/2020","5,130","5,250","5,279","5,130","4.35M","-2.77%"
"10/08/2020","5,276","5,419","5,419","5,223","5.01M","-0.25%"
"10/07/2020","5,289","5,250","5,364","5,216","3.38M","-0.21%"
"10/06/2020","5,300","5,280","5,327","5,196","5.81M","0.38%"
"10/05/2020","5,280","5,373","5,440","5,280","6.92M","-1.79%"
"10/02/2020","5,376","5,374","5,418","5,131","9.32M","1.97%"
"10/01/2020","5,272","5,170","5,363","5,161","6.15M","1.40%"
"09/30/2020","5,199","5,090","5,257","5,044","7.12M","2.14%"
"09/29/2020","5,090","5,082","5,158","4,987","6.55M","0.45%"
"09/28/2020","5,067","4,837","5,150","4,837","6.01M","5.17%"
"09/25/2020","4,818","5,050","5,061","4,811","11.15M","-5.06%"
"09/23/2020","5,075","5,126","5,180","5,068","6.03M","-0.59%"
"09/22/2020","5,105","5,085","5,217","4,972","5.83M","0.47%"
"09/21/2020","5,081","5,255","5,296","5,078","8.02M","-3.90%"
"09/18/2020","5,287","5,450","5,450","5,241","16.45M","-1.84%"
"09/17/2020","5,386","5,400","5,400","5,290","10.98M","-0.22%"
"09/16/2020","5,398","5,452","5,464","5,359","5.24M","-0.99%"
"09/15/2020","5,452","5,450","5,496","5,383","5.59M","0.04%"
"09/14/2020","5,450","5,570","5,613","5,433","5.15M","-2.14%"
"09/11/2020","5,569","5,595","5,653","5,500","7.93M","-1.28%"
"09/10/2020","5,641","5,690","5,710","5,475","8.27M","-0.27%"
"09/09/2020","5,656","5,399","5,656","5,310","6.89M","4.68%"
"09/08/2020","5,403","5,300","5,448","5,300","7.21M","2.41%"
"09/07/2020","5,276","5,189","5,332","5,170","4.56M","1.46%"
"09/04/2020","5,200","5,270","5,380","5,193","6.32M","-1.63%"
"09/03/2020","5,286","5,361","5,471","5,278","8.70M","-2.94%"
"09/02/2020","5,446","5,750","5,750","5,441","5.53M","-3.29%"
"09/01/2020","5,631","5,563","5,698","5,488","6.70M","2.42%"
"08/31/2020","5,498","5,689","5,755","5,464","19.30M","-3.80%"
"08/28/2020","5,715","5,835","5,879","5,689","5.86M","-2.07%"
"08/27/2020","5,836","5,796","5,849","5,746","4.25M","0.59%"
"08/26/2020","5,802","5,900","5,981","5,802","3.39M","-2.78%"
"08/25/2020","5,968","6,023","6,039","5,897","4.46M","-0.53%"
"08/24/2020","6,000","5,733","6,016","5,710","6.59M","4.00%"
"08/21/2020","5,769","5,700","5,866","5,700","5.75M","2.02%"
"08/20/2020","5,655","5,930","5,983","5,524","11.19M","-6.27%"
"08/19/2020","6,033","6,128","6,225","5,969","7.79M","-1.53%"
"08/18/2020","6,127","5,965","6,127","5,894","8.17M","3.58%"
"08/17/2020","5,915","6,041","6,082","5,869","6.80M","-1.66%"
"08/14/2020","6,015","5,875","6,015","5,875","3.10M","-0.07%"
"08/13/2020","6,019","5,960","6,029","5,760","5.70M","2.10%"
"08/12/2020","5,895","5,944","6,015","5,874","4.30M","-0.82%"
"08/11/2020","5,944","5,935","5,990","5,787","4.81M","2.17%"
"08/07/2020","5,818","5,785","5,965","5,785","4.22M","-0.38%"
"08/06/2020","5,840","5,900","5,967","5,754","5.62M","-0.14%"
"08/05/2020","5,848","6,050","6,050","5,792","5.03M","-0.54%"
"08/04/2020","5,880","5,962","6,030","5,865","4.61M","-0.36%"
"08/03/2020","5,901","6,090","6,166","5,901","5.62M","-2.96%"
"07/31/2020","6,081","6,290","6,290","6,050","9.64M","-1.78%"
"07/30/2020","6,191","6,400","6,483","6,165","5.02M","-4.83%"
"07/29/2020","6,505","6,326","6,554","6,326","4.42M","1.82%"
"07/28/2020","6,389","6,250","6,394","6,150","4.89M","3.02%"
"07/27/2020","6,202","6,059","6,245","6,047","2.65M","1.17%"
"07/24/2020","6,130","6,151","6,200","6,074","3.28M","-0.94%"
"07/23/2020","6,188","6,380","6,399","6,187","2.05M","-3.01%"
"07/22/2020","6,380","6,387","6,392","6,264","4.04M","0.39%"
"07/21/2020","6,355","6,280","6,452","6,274","3.88M","1.94%"
"07/20/2020","6,234","6,256","6,352","6,219","3.20M","-1.28%"
"07/17/2020","6,315","6,425","6,428","6,258","2.79M","-0.30%"
"07/16/2020","6,334","6,248","6,408","6,178","5.20M","1.30%"
"07/15/2020","6,253","6,355","6,400","6,251","6.21M","-0.48%"
"07/14/2020","6,283","6,251","6,367","6,230","6.56M","-0.65%"
"07/13/2020","6,324","6,300","6,373","6,210","5.17M","2.80%"
"07/10/2020","6,152","6,085","6,222","6,002","5.40M","0.08%"
"07/09/2020","6,147","6,050","6,283","6,050","5.15M","1.10%"
"07/08/2020","6,080","6,000","6,177","5,958","5.87M","0.88%"
"07/07/2020","6,027","6,001","6,073","5,959","7.21M","-0.86%"
"07/06/2020","6,079","6,050","6,142","5,950","4.08M","1.28%"
"07/03/2020","6,002","5,996","6,053","5,955","1.96M","0.10%"
"07/02/2020","5,996","5,905","6,099","5,905","3.50M","1.63%"
"07/01/2020","5,900","5,874","6,010","5,807","5.39M","0.10%"
"06/30/2020","5,894","6,000","6,033","5,863","4.92M","-0.89%"
"06/29/2020","5,947","5,785","5,994","5,764","3.67M","1.80%"
"06/26/2020","5,842","5,950","5,990","5,805","3.45M","-0.12%"
"06/25/2020","5,849","5,849","5,952","5,799","5.47M","-0.56%"
"06/24/2020","5,882","6,005","6,151","5,865","6.11M","-1.88%"
"06/23/2020","5,995","6,024","6,119","5,947","5.69M","0.22%"
"06/22/2020","5,982","6,005","6,046","5,933","5.46M","-1.97%"
"06/19/2020","6,102","5,969","6,136","5,875","15.09M","4.25%"
"06/18/2020","5,853","6,090","6,095","5,853","18.45M","-5.18%"
"06/17/2020","6,173","6,129","6,173","6,026","12.23M","4.05%"
"06/15/2020","5,933","5,711","6,023","5,711","10.19M","-1.12%"
"06/12/2020","6,000","5,601","6,008","5,601","6.28M","1.66%"
"06/11/2020","5,902","5,850","6,009","5,623","9.07M","-1.21%"
"06/10/2020","5,974","6,100","6,166","5,855","10.65M","-3.21%"
"06/09/2020","6,172","6,199","6,255","6,070","6.70M","1.60%"
"06/08/2020","6,075","6,220","6,274","6,065","7.02M","-2.22%"
"06/05/2020","6,213","6,250","6,414","6,081","6.81M","-0.21%"
"06/04/2020","6,226","6,270","6,289","6,073","9.63M","-0.86%"
"06/03/2020","6,280","5,941","6,280","5,941","7.66M","6.93%"
"06/02/2020","5,873","5,636","5,944","5,636","5.54M","3.64%"
"06/01/2020","5,667","5,730","5,830","5,589","4.73M","0.18%"
"05/29/2020","5,657","5,940","5,940","5,607","15.61M","-5.24%"
"05/28/2020","5,970","5,989","6,020","5,838","4.73M","1.44%"
"05/27/2020","5,885","5,887","6,037","5,854","3.44M","-0.03%"
"05/26/2020","5,887","5,575","5,937","5,572","4.28M","6.19%"
"05/25/2020","5,544","5,850","5,850","5,526","3.85M","-3.33%"
"05/22/2020","5,735","5,800","5,900","5,573","6.39M","-1.95%"
"05/21/2020","5,849","5,755","6,086","5,720","6.59M","0.02%"
"05/20/2020","5,848","5,627","5,886","5,527","5.55M","3.89%"
"05/19/2020","5,629","5,375","5,704","5,357","5.94M","5.45%"
"05/18/2020","5,338","5,280","5,394","5,153","6.49M","3.47%"
"05/15/2020","5,159","5,351","5,505","5,159","7.68M","-2.29%"
"05/14/2020","5,280","5,650","5,685","5,225","7.75M","-8.17%"
"05/13/2020","5,750","5,633","5,810","5,499","6.90M","2.15%"
"05/12/2020","5,629","5,899","5,899","5,621","5.44M","-3.66%"
"05/11/2020","5,843","5,945","6,030","5,811","4.18M","-1.72%"
"05/08/2020","5,945","5,665","5,970","5,665","4.58M","4.89%"
"05/07/2020","5,668","5,700","5,783","5,641","4.07M","-0.89%"
"05/06/2020","5,719","5,742","5,841","5,597","5.13M","-0.40%"
"05/05/2020","5,742","5,760","5,895","5,680","5.55M","0.74%"
"05/04/2020","5,700","5,799","5,799","5,600","7.40M","-3.85%"
"04/30/2020","5,928","6,000","6,020","5,822","7.78M","-1.00%"
"04/29/2020","5,988","5,796","6,040","5,700","7.54M","4.30%"
"04/28/2020","5,741","5,731","5,792","5,616","11.03M","2.19%"
"04/24/2020","5,618","5,390","5,622","5,300","6.67M","4.23%"
"04/23/2020","5,390","5,305","5,465","5,252","3.33M","0.88%"
"04/22/2020","5,343","5,400","5,545","5,302","3.93M","-0.72%"
"04/21/2020","5,382","5,300","5,454","5,182","6.34M","-0.43%"
"04/20/2020","5,405","5,547","5,547","5,349","4.84M","-1.33%"
"04/17/2020","5,478","5,411","5,665","5,411","6.21M","1.44%"
"04/16/2020","5,400","5,285","5,455","5,093","11.36M","3.23%"
"04/15/2020","5,231","5,250","5,250","5,046","13.39M","-5.90%"
"04/14/2020","5,559","5,750","5,799","5,368","10.66M","0.96%"
"04/09/2020","5,506","5,422","5,690","5,223","8.48M","1.87%"
"04/08/2020","5,405","5,736","5,736","5,383","8.07M","-4.94%"
"04/07/2020","5,686","5,500","6,039","5,429","6.82M","1.14%"
"04/06/2020","5,622","5,398","5,685","5,300","6.77M","5.96%"
"04/03/2020","5,306","5,304","5,345","5,022","7.52M","0.04%"
"04/02/2020","5,304","5,225","5,450","5,189","5.95M","2.00%"
"04/01/2020","5,200","5,099","5,313","4,985","7.74M","1.78%"
"03/31/2020","5,109","4,920","5,280","4,905","10.63M","4.65%"
"03/30/2020","4,882","4,730","5,031","4,417","8.08M","1.84%"
"03/27/2020","4,794","5,439","5,569","4,794","7.45M","-12.95%"
"03/26/2020","5,507","5,193","5,601","5,091","13.06M","7.98%"
"03/25/2020","5,100","5,090","5,439","4,905","10.19M","5.00%"
"03/24/2020","4,857","4,580","5,030","3,850","12.20M","6.89%"
"03/23/2020","4,544","5,280","5,280","4,510","11.05M","-14.26%"
"03/20/2020","5,300","5,200","5,609","5,101","18.42M","3.60%"
"03/19/2020","5,116","5,199","5,200","4,852","38.33M","-1.14%"
"03/18/2020","5,175","5,650","5,692","4,901","15.66M","-11.48%"
"03/17/2020","5,846","5,450","5,848","5,450","12.12M","7.36%"
"03/16/2020","5,445","5,950","5,950","5,151","11.96M","-9.17%"
"03/13/2020","5,995","5,865","6,231","5,865","8.15M","0.71%"
"03/12/2020","5,953","6,240","6,240","5,854","9.05M","-6.96%"
"03/11/2020","6,398","6,351","6,700","6,300","5.16M","0.98%"
"03/10/2020","6,336","6,355","6,430","6,152","8.40M","1.98%"
"03/09/2020","6,213","6,054","6,338","6,000","9.59M","-3.25%"
"03/06/2020","6,422","6,401","6,563","6,307","9.78M","-3.86%"
"03/05/2020","6,680","6,802","6,938","6,592","8.05M","-1.07%"
"03/04/2020","6,752","6,591","6,765","6,551","7.29M","2.46%"
"03/03/2020","6,590","6,545","6,688","6,493","7.79M","2.97%"
"03/02/2020","6,400","6,550","6,758","6,373","8.25M","-1.51%"
"02/28/2020","6,498","6,690","6,690","6,355","9.14M","-4.09%"
"02/27/2020","6,775","6,910","7,056","6,773","6.34M","-4.87%"
"02/26/2020","7,122","6,810","7,190","6,625","6.19M","3.97%"
"02/25/2020","6,850","7,012","7,076","6,807","4.38M","-1.27%"
"02/24/2020","6,938","7,210","7,210","6,838","4.73M","-3.71%"
"02/21/2020","7,205","7,331","7,334","7,121","3.06M","-2.12%"
"02/20/2020","7,361","7,442","7,513","7,315","3.12M","-1.09%"
"02/19/2020","7,442","7,383","7,488","7,307","4.08M","0.80%"
"02/18/2020","7,383","7,410","7,473","7,320","4.07M","-1.15%"
"02/17/2020","7,469","7,431","7,539","7,407","1.95M","0.51%"
"02/14/2020","7,431","7,564","7,564","7,431","4.26M","-0.85%"
"02/13/2020","7,495","7,486","7,578","7,446","2.90M","-0.48%"
"02/12/2020","7,531","7,352","7,577","7,352","5.58M","2.20%"
"02/11/2020","7,369","7,497","7,497","7,357","1.72M","-0.26%"
"02/10/2020","7,388","7,515","7,535","7,359","2.86M","-0.83%"
"02/07/2020","7,450","7,603","7,610","7,408","3.47M","-1.32%"
"02/06/2020","7,550","7,520","7,656","7,520","3.25M","0.67%"
"02/05/2020","7,500","7,524","7,547","7,420","6.01M","1.04%"
"02/04/2020","7,423","7,500","7,534","7,420","4.85M","0.34%"
"02/03/2020","7,398","7,371","7,524","7,371","2.03M","0.08%"
"01/31/2020","7,392","7,540","7,587","7,392","4.99M","-2.79%"
"01/30/2020","7,604","7,450","7,647","7,450","2.21M","-0.09%"
"01/29/2020","7,611","7,520","7,655","7,492","2.42M","1.67%"
"01/28/2020","7,486","7,508","7,555","7,408","2.44M","-0.51%"
"01/27/2020","7,524","7,680","7,680","7,473","2.68M","-2.12%"
"01/24/2020","7,687","7,700","7,756","7,661","1.63M","0.81%"
"01/23/2020","7,625","7,780","7,780","7,590","1.74M","-0.97%"
"01/22/2020","7,700","7,781","7,815","7,647","2.61M","-0.84%"
"01/21/2020","7,765","7,730","7,788","7,587","2.86M","0.32%"
"01/20/2020","7,740","7,822","7,837","7,714","1.51M","-0.19%"
"01/17/2020","7,755","7,800","7,832","7,691","2.87M","-0.21%"
"01/16/2020","7,771","7,800","7,949","7,650","2.73M","-1.02%"
"01/15/2020","7,851","7,864","7,913","7,791","2.20M","-0.48%"
"01/14/2020","7,889","7,775","7,900","7,738","4.65M","1.74%"
"01/13/2020","7,754","7,901","7,928","7,741","2.17M","-1.51%"
"01/10/2020","7,873","7,850","7,906","7,770","2.55M","1.30%"
"01/09/2020","7,772","7,780","7,887","7,718","2.63M","0.70%"
"01/08/2020","7,718","7,780","7,780","7,626","2.36M","-0.84%"
"01/07/2020","7,783","7,815","7,860","7,725","2.29M","0.56%"
"01/06/2020","7,740","7,801","7,880","7,695","2.46M","-2.87%"
"01/03/2020","7,969","7,949","7,976","7,833","2.60M","0.16%"
"01/02/2020","7,956","7,930","8,109","7,925","1.54M","0.58%"
"12/31/2019","7,910","8,140","8,140","7,901","1.03M","-2.22%"
"12/30/2019","8,090","8,105","8,145","8,018","1.38M","0.86%"
"12/27/2019","8,021","8,000","8,223","7,970","1.89M","-0.34%"
"12/24/2019","8,048","8,050","8,050","7,927","886.27K","-0.01%"
"12/23/2019","8,049","8,001","8,083","7,898","2.32M","-0.02%"
"12/20/2019","8,051","8,143","8,162","7,984","7.00M","-0.68%"
"12/19/2019","8,106","8,150","8,250","8,075","13.38M","-0.78%"
"12/18/2019","8,170","8,012","8,183","7,934","5.17M","3.00%"
"12/17/2019","7,932","7,889","8,192","7,889","7.36M","0.55%"
"12/13/2019","7,889","7,650","7,968","7,650","7.19M","4.13%"
"12/12/2019","7,576","7,750","7,750","7,541","4.42M","-0.18%"
"12/11/2019","7,590","7,667","7,734","7,555","6.72M","-1.06%"
"12/10/2019","7,671","7,650","7,690","7,572","3.27M","-1.15%"
"12/09/2019","7,760","7,801","7,833","7,682","2.27M","-0.53%"
"12/06/2019","7,801","7,770","7,850","7,707","3.72M","1.46%"
"12/05/2019","7,689","7,724","7,798","7,606","4.14M","-0.14%"
"12/04/2019","7,700","7,648","7,800","7,580","5.22M","1.44%"
"12/03/2019","7,591","7,578","7,633","7,530","5.40M","0.17%"
"12/02/2019","7,578","7,651","7,701","7,520","5.09M","-0.82%"
"11/29/2019","7,641","7,630","7,710","7,555","5.13M","0.13%"
"11/28/2019","7,631","7,706","7,780","7,620","4.07M","-2.57%"
"11/27/2019","7,832","7,700","7,832","7,700","4.52M","1.33%"
"11/26/2019","7,729","7,919","7,936","7,703","12.37M","-2.10%"
"11/25/2019","7,895","8,055","8,185","7,803","9.84M","-2.91%"
"11/22/2019","8,132","8,100","8,233","8,075","4.15M","-0.42%"
"11/21/2019","8,166","8,430","8,430","8,051","6.96M","-2.88%"
"11/20/2019","8,408","8,090","8,432","8,090","3.98M","1.74%"
"11/19/2019","8,264","8,134","8,269","8,106","3.32M","1.60%"
"11/18/2019","8,134","8,201","8,325","8,085","3.16M","-0.80%"
"11/15/2019","8,200","8,217","8,279","8,173","3.60M","0.04%"
"11/14/2019","8,197","8,185","8,215","8,089","3.42M","0.23%"
"11/13/2019","8,178","8,160","8,186","8,024","4.08M","0.22%"
"11/12/2019","8,160","8,100","8,243","8,094","5.70M","0.74%"
"11/11/2019","8,100","8,258","8,258","8,066","5.09M","-1.24%"
"11/08/2019","8,202","8,275","8,373","8,177","5.13M","-1.22%"
"11/07/2019","8,303","8,300","8,474","8,295","4.75M","-0.94%"
"11/06/2019","8,382","8,325","8,425","8,251","4.73M","0.56%"
"11/05/2019","8,335","8,125","8,335","8,105","6.67M","2.96%"
"11/04/2019","8,095","8,051","8,145","8,005","3.54M","1.39%"
"11/01/2019","7,984","7,900","8,069","7,870","3.58M","0.34%"
"10/31/2019","7,957","7,932","8,078","7,849","8.25M","0.86%"
"10/30/2019","7,889","8,079","8,135","7,834","6.32M","-2.70%"
"10/29/2019","8,108","8,165","8,232","8,038","4.53M","-0.49%"
"10/28/2019","8,148","8,160","8,191","8,075","4.02M","1.19%"
"10/25/2019","8,052","8,177","8,211","7,991","2.91M","-0.86%"
"10/24/2019","8,122","8,175","8,291","8,073","6.56M","-0.51%"
"10/23/2019","8,164","8,175","8,184","8,020","3.87M","-0.38%"
"10/22/2019","8,195","8,121","8,231","8,070","4.69M","1.15%"
"10/21/2019","8,102","7,946","8,119","7,936","3.21M","1.71%"
"10/18/2019","7,966","7,975","8,111","7,944","2.65M","-0.30%"
"10/17/2019","7,990","7,910","8,118","7,910","6.27M","0.35%"
"10/16/2019","7,962","7,850","7,983","7,774","4.41M","1.23%"
"10/15/2019","7,865","7,820","7,870","7,755","2.60M","1.33%"
"10/14/2019","7,762","7,766","7,824","7,684","2.57M","-0.23%"
"10/11/2019","7,780","7,670","7,811","7,669","2.85M","1.75%"
"10/10/2019","7,646","7,532","7,653","7,456","4.22M","2.21%"
"10/09/2019","7,481","7,505","7,670","7,456","3.23M","-0.56%"
"10/08/2019","7,523","7,682","7,696","7,486","4.28M","-0.92%"
"10/07/2019","7,593","7,575","7,604","7,461","2.76M","0.24%"
"10/04/2019","7,575","7,450","7,590","7,450","4.90M","1.76%"
"10/03/2019","7,444","7,453","7,482","7,400","5.36M","-0.12%"
"10/02/2019","7,453","7,468","7,533","7,392","5.29M","-0.32%"
"10/01/2019","7,477","7,460","7,557","7,440","2.67M","0.25%"
"09/30/2019","7,458","7,599","7,599","7,402","5.13M","-1.40%"
"09/27/2019","7,564","7,500","7,596","7,462","3.11M","0.07%"
"09/26/2019","7,559","7,365","7,608","7,354","5.50M","2.36%"
"09/25/2019","7,385","7,420","7,547","7,355","5.88M","-1.66%"
"09/23/2019","7,510","7,608","7,683","7,482","3.44M","-1.47%"
"09/20/2019","7,622","7,819","7,884","7,622","12.20M","-2.92%"
"09/19/2019","7,851","7,895","7,962","7,753","14.96M","-0.63%"
"09/18/2019","7,901","7,850","7,939","7,840","3.98M","0.42%"
"09/17/2019","7,868","7,986","7,986","7,770","4.53M","-1.96%"
"09/16/2019","8,025","7,750","8,025","7,707","9.81M","3.15%"
"09/13/2019","7,780","7,707","7,839","7,703","3.38M","0.39%"
"09/12/2019","7,750","7,731","7,862","7,634","3.57M","1.04%"
"09/11/2019","7,670","7,415","7,759","7,415","4.36M","1.70%"
"09/10/2019","7,542","7,533","7,582","7,410","2.95M","0.12%"
"09/09/2019","7,533","7,480","7,591","7,453","2.98M","0.49%"
"09/06/2019","7,496","7,400","7,661","7,400","5.63M","1.48%"
"09/05/2019","7,387","7,196","7,474","7,184","5.56M","2.75%"
"09/04/2019","7,189","7,231","7,270","7,143","3.95M","0.14%"
"09/03/2019","7,179","7,102","7,218","7,070","2.98M","0.48%"
"09/02/2019","7,145","7,248","7,284","7,140","1.92M","-1.79%"
"08/30/2019","7,275","7,131","7,275","7,075","4.45M","2.02%"
"08/29/2019","7,131","7,081","7,234","7,081","3.91M","-0.52%"
"08/28/2019","7,168","7,133","7,169","7,066","4.03M","0.67%"
"08/27/2019","7,120","7,062","7,161","7,020","7.22M","0.64%"
"08/26/2019","7,075","6,950","7,117","6,950","2.08M","0.26%"
"08/23/2019","7,057","7,150","7,152","7,046","2.13M","-1.02%"
"08/22/2019","7,130","7,109","7,239","7,057","2.96M","-0.38%"
"08/21/2019","7,157","6,980","7,175","6,980","3.17M","2.24%"
"08/20/2019","7,000","6,980","7,077","6,961","3.36M","-0.14%"
"08/19/2019","7,010","7,061","7,115","6,994","2.97M","0.29%"
"08/16/2019","6,990","6,975","7,058","6,959","4.31M","0.00%"
"08/15/2019","6,990","6,932","7,023","6,893","5.92M","1.51%"
"08/14/2019","6,886","7,050","7,095","6,886","6.01M","-2.24%"
"08/13/2019","7,044","6,985","7,090","6,985","3.87M","0.23%"
"08/12/2019","7,028","7,121","7,208","6,993","3.79M","-1.31%"
"08/08/2019","7,121","7,275","7,284","7,121","3.78M","-0.34%"
"08/07/2019","7,145","7,262","7,307","7,086","4.77M","-1.34%"
"08/06/2019","7,242","7,195","7,317","7,172","4.20M","1.17%"
"08/05/2019","7,158","7,250","7,377","7,124","4.77M","-3.14%"
"08/02/2019","7,390","7,385","7,460","7,242","5.16M","-1.20%"
"08/01/2019","7,480","7,404","7,480","7,235","5.31M","0.20%"
"07/31/2019","7,465","7,444","7,530","7,369","4.79M","-0.04%"
"07/30/2019","7,468","7,510","7,563","7,369","3.02M","-0.85%"
"07/29/2019","7,532","7,371","7,532","7,344","2.77M","3.07%"
"07/26/2019","7,308","7,405","7,480","7,308","2.64M","-2.01%"
"07/25/2019","7,458","7,591","7,640","7,416","2.41M","-1.70%"
"07/24/2019","7,587","7,690","7,727","7,558","2.73M","-1.28%"
"07/23/2019","7,685","7,650","7,707","7,582","3.84M","0.96%"
"07/22/2019","7,612","7,691","7,692","7,505","2.99M","-1.03%"
"07/19/2019","7,691","7,674","7,764","7,656","3.72M","1.20%"
"07/18/2019","7,600","7,530","7,707","7,530","2.61M","0.36%"
"07/17/2019","7,573","7,708","7,776","7,559","4.75M","-2.35%"
"07/16/2019","7,755","7,540","7,761","7,540","2.56M","2.32%"
"07/15/2019","7,579","7,601","7,697","7,534","1.70M","-0.29%"
"07/12/2019","7,601","7,800","7,800","7,585","1.74M","0.14%"
"07/11/2019","7,590","7,711","7,846","7,590","2.77M","-1.57%"
"07/10/2019","7,711","7,605","7,735","7,573","2.49M","1.17%"
"07/09/2019","7,622","7,789","7,789","7,595","2.39M","-2.14%"
"07/08/2019","7,789","7,700","7,789","7,691","1.71M","0.48%"
"07/05/2019","7,752","7,722","7,773","7,701","1.80M","-0.13%"
"07/04/2019","7,762","7,793","7,852","7,736","2.69M","-0.40%"
"07/03/2019","7,793","7,809","7,875","7,744","4.13M","-0.80%"
"07/02/2019","7,856","7,900","7,926","7,736","3.78M","-0.41%"
"07/01/2019","7,888","7,866","7,983","7,844","4.16M","0.92%"
"06/28/2019","7,816","7,835","7,884","7,772","4.58M","0.22%"
"06/27/2019","7,799","7,936","7,950","7,796","3.89M","-0.78%"
"06/26/2019","7,860","7,883","8,020","7,855","4.00M","-0.63%"
"06/25/2019","7,910","7,950","7,977","7,880","2.69M","-0.74%"
"06/24/2019","7,969","8,119","8,172","7,905","2.38M","-1.07%"
"06/21/2019","8,055","8,040","8,130","7,978","8.89M","-0.67%"
"06/20/2019","8,109","8,190","8,208","8,055","13.34M","0.25%"
"06/19/2019","8,089","7,944","8,130","7,931","6.96M","2.30%"
"06/18/2019","7,907","7,825","8,021","7,763","5.71M","1.05%"
"06/14/2019","7,825","7,770","7,874","7,629","4.32M","0.32%"
"06/13/2019","7,800","7,880","7,900","7,773","8.55M","-1.27%"
"06/12/2019","7,900","7,781","7,900","7,747","5.63M","0.80%"
"06/11/2019","7,837","7,810","7,944","7,744","4.32M","0.35%"
"06/10/2019","7,810","7,657","7,826","7,602","4.25M","1.81%"
"06/07/2019","7,671","7,460","7,705","7,405","4.05M","2.59%"
"06/06/2019","7,477","7,454","7,592","7,450","4.17M","-0.56%"
"06/05/2019","7,519","7,525","7,707","7,406","5.83M","0.66%"
"06/04/2019","7,470","7,642","7,674","7,403","7.55M","-2.61%"
"06/03/2019","7,670","7,616","7,690","7,570","4.56M","0.71%"
"05/31/2019","7,616","7,496","7,616","7,347","6.08M","1.33%"
"05/30/2019","7,516","7,335","7,572","7,335","3.83M","2.64%"
"05/29/2019","7,323","7,150","7,396","7,131","4.30M","1.58%"
"05/28/2019","7,209","7,315","7,357","7,209","10.98M","-1.86%"
"05/27/2019","7,346","7,300","7,417","7,300","1.89M","0.82%"
"05/24/2019","7,286","7,222","7,352","7,176","3.97M","1.55%"
"05/23/2019","7,175","7,360","7,412","7,128","3.61M","-3.21%"
"05/22/2019","7,413","7,380","7,510","7,351","3.35M","0.14%"
"05/21/2019","7,403","7,545","7,579","7,354","6.05M","-1.88%"
"05/20/2019","7,545","7,505","7,640","7,494","2.50M","0.01%"
"05/17/2019","7,544","7,720","7,720","7,512","3.11M","-2.03%"
"05/16/2019","7,700","7,715","7,753","7,605","4.09M","-0.19%"
"05/15/2019","7,715","7,780","7,843","7,550","4.65M","-1.22%"
"05/14/2019","7,810","7,760","7,993","7,693","6.17M","1.69%"
"05/13/2019","7,680","7,748","7,860","7,676","4.89M","-0.03%"
"05/10/2019","7,682","7,594","7,872","7,556","5.59M","2.63%"
"05/09/2019","7,485","7,773","7,811","7,485","5.03M","-3.71%"
"05/07/2019","7,773","7,925","7,990","7,751","3.03M","-2.30%"
"05/06/2019","7,956","7,700","7,964","7,700","2.80M","0.85%"
"05/03/2019","7,889","7,850","7,899","7,791","3.48M","-0.15%"
"05/02/2019","7,901","7,645","7,913","7,645","3.38M","3.28%"
"04/30/2019","7,650","7,666","7,808","7,640","4.61M","-0.21%"
"04/29/2019","7,666","7,753","7,784","7,575","2.22M","-1.12%"
"04/26/2019","7,753","7,754","7,764","7,674","1.85M","0.16%"
"04/25/2019","7,741","7,700","7,765","7,619","2.41M","0.85%"
"04/24/2019","7,676","7,814","7,933","7,614","5.21M","-2.24%"
"04/23/2019","7,852","7,980","7,994","7,804","1.89M","-1.75%"
"04/18/2019","7,992","7,930","8,000","7,861","3.33M","0.65%"
"04/17/2019","7,940","7,863","7,942","7,852","3.39M","0.99%"
"04/16/2019","7,862","7,688","7,870","7,636","3.58M","2.26%"
"04/15/2019","7,688","7,700","7,884","7,650","4.76M","0.07%"
"04/12/2019","7,683","7,601","7,777","7,581","2.83M","0.22%"
"04/11/2019","7,666","7,750","7,750","7,519","2.42M","-1.12%"
"04/10/2019","7,753","7,577","7,767","7,501","3.61M","-0.67%"
"04/09/2019","7,805","7,706","7,849","7,688","3.00M","1.11%"
"04/08/2019","7,719","7,760","7,788","7,605","2.15M","-0.53%"
"04/05/2019","7,760","7,750","7,801","7,718","1.95M","0.13%"
"04/04/2019","7,750","7,820","7,869","7,672","2.85M","-0.92%"
"04/03/2019","7,822","7,700","7,875","7,626","3.40M","2.19%"
"04/02/2019","7,654","7,676","7,731","7,535","4.21M","-0.29%"
"04/01/2019","7,676","7,435","7,708","7,388","4.61M","4.07%"
"03/29/2019","7,376","7,300","7,409","7,212","6.02M","2.26%"
"03/28/2019","7,213","7,390","7,390","7,201","3.66M","-1.16%"
"03/27/2019","7,298","7,340","7,421","7,210","6.89M","-0.03%"
"03/26/2019","7,300","7,200","7,320","7,179","4.68M","1.25%"
"03/25/2019","7,210","7,259","7,281","7,114","4.81M","-0.93%"
"03/22/2019","7,278","7,500","7,572","7,277","3.81M","-2.15%"
"03/20/2019","7,438","7,445","7,520","7,350","14.40M","-0.09%"
"03/19/2019","7,445","7,450","7,531","7,371","9.32M","0.01%"
"03/18/2019","7,444","7,360","7,444","7,300","4.91M","1.28%"
"03/15/2019","7,350","7,332","7,453","7,302","9.55M","0.42%"
"03/14/2019","7,319","7,250","7,390","7,195","12.81M","0.81%"
"03/13/2019","7,260","7,484","7,521","7,260","7.81M","-3.10%"
"03/12/2019","7,492","7,627","7,670","7,438","6.48M","-1.71%"
"03/11/2019","7,622","7,750","7,795","7,560","6.30M","-3.88%"
"03/08/2019","7,930","7,774","7,975","7,676","5.03M","1.17%"
"03/07/2019","7,838","7,750","7,849","7,450","7.11M","1.37%"
"03/06/2019","7,732","7,616","7,770","7,610","4.52M","1.52%"
"03/05/2019","7,616","7,750","7,814","7,610","5.28M","-2.03%"
"03/04/2019","7,774","7,751","7,915","7,717","4.03M","0.30%"
"03/01/2019","7,751","7,871","7,985","7,737","3.31M","-1.50%"
"02/28/2019","7,869","7,952","7,999","7,745","4.76M","-1.02%"
"02/27/2019","7,950","8,050","8,162","7,946","3.54M","-1.94%"
"02/26/2019","8,107","8,000","8,134","8,000","3.62M","0.68%"
"02/25/2019","8,052","7,995","8,100","7,906","3.23M","1.28%"
"02/22/2019","7,950","7,800","7,995","7,752","4.40M","1.92%"
"02/21/2019","7,800","7,659","7,942","7,602","5.56M","2.09%"
"02/20/2019","7,640","7,650","7,791","7,544","9.85M","0.47%"
"02/19/2019","7,604","7,760","7,761","7,528","3.07M","-2.04%"
"02/18/2019","7,762","7,575","7,762","7,569","2.38M","1.97%"
"02/15/2019","7,612","7,553","7,695","7,459","4.65M","0.67%"
"02/14/2019","7,561","7,687","7,849","7,552","6.72M","-2.48%"
"02/13/2019","7,753","7,765","7,900","7,601","5.33M","-0.40%"
"02/12/2019","7,784","7,750","7,879","7,729","3.71M","0.53%"
"02/11/2019","7,743","7,930","8,038","7,743","3.79M","-2.16%"
"02/08/2019","7,914","7,970","8,158","7,913","5.12M","-1.49%"
"02/07/2019","8,034","8,215","8,215","7,986","5.69M","-2.24%"
"02/06/2019","8,218","8,250","8,312","8,190","5.38M","-0.39%"
"02/05/2019","8,250","8,223","8,250","8,140","3.43M","0.61%"
"02/04/2019","8,200","8,410","8,525","8,200","3.66M","-2.96%"
"02/01/2019","8,450","8,400","8,482","8,315","3.66M","0.46%"
"01/31/2019","8,411","8,355","8,525","8,343","6.99M","1.35%"
"01/30/2019","8,299","8,255","8,396","8,245","4.52M","-0.67%"
"01/29/2019","8,355","8,250","8,385","8,205","3.92M","1.29%"
"01/28/2019","8,249","8,398","8,411","8,249","2.17M","-1.57%"
"01/25/2019","8,381","8,420","8,513","8,252","5.16M","-0.23%"
"01/24/2019","8,400","8,353","8,415","8,274","4.29M","0.30%"
"01/23/2019","8,375","8,400","8,400","8,136","4.40M","0.73%"
"01/22/2019","8,314","8,248","8,350","8,219","3.01M","-0.06%"
"01/21/2019","8,319","8,406","8,423","8,290","3.56M","-0.63%"
"01/18/2019","8,372","8,363","8,484","8,323","3.37M","0.38%"
"01/17/2019","8,340","8,449","8,450","8,253","5.18M","-1.04%"
"01/16/2019","8,428","8,425","8,484","8,325","3.64M","-0.48%"
"01/15/2019","8,469","8,265","8,469","8,265","4.58M","1.91%"
"01/14/2019","8,310","8,185","8,341","8,150","2.61M","0.59%"
"01/11/2019","8,261","8,115","8,315","8,115","3.25M","1.00%"
"01/10/2019","8,179","8,104","8,199","7,992","2.73M","0.93%"
"01/09/2019","8,104","8,050","8,131","7,988","3.69M","1.62%"
"01/08/2019","7,975","8,190","8,229","7,962","3.72M","-1.87%"
"01/07/2019","8,127","8,137","8,320","8,087","3.89M","0.11%"
"01/04/2019","8,118","7,985","8,128","7,897","2.50M","1.84%"
"01/03/2019","7,971","7,705","7,971","7,650","2.86M","2.86%"
"01/02/2019","7,749","7,825","7,899","7,684","2.29M","-2.89%"
"12/31/2018","7,980","7,951","7,999","7,882","1.37M","0.88%"
"12/28/2018","7,910","7,630","7,943","7,604","2.27M","2.66%"
"12/27/2018","7,705","7,651","7,797","7,586","2.79M","1.49%"
"12/24/2018","7,592","7,525","7,692","7,476","725.25K","0.60%"
"12/21/2018","7,547","7,600","7,799","7,539","6.46M","-2.11%"
"12/20/2018","7,710","7,600","7,776","7,476","9.90M","0.06%"
"12/19/2018","7,705","7,585","7,729","7,510","3.50M","1.85%"
"12/18/2018","7,565","7,365","7,565","7,255","4.59M","-0.46%"
"12/14/2018","7,600","7,405","7,600","7,373","3.06M","0.62%"
"12/13/2018","7,553","7,600","7,670","7,534","4.09M","-0.17%"
"12/12/2018","7,566","7,400","7,616","7,361","3.72M","2.99%"
"12/11/2018","7,346","7,470","7,470","7,241","4.10M","-0.30%"
"12/10/2018","7,368","7,286","7,407","7,160","3.40M","-0.05%"
"12/07/2018","7,372","7,549","7,595","7,344","4.27M","-1.05%"
"12/06/2018","7,450","7,475","7,680","7,137","9.36M","-3.05%"
"12/05/2018","7,684","7,900","7,981","7,656","6.46M","-4.08%"
"12/04/2018","8,011","7,847","8,011","7,800","5.04M","1.66%"
"12/03/2018","7,880","7,775","7,980","7,775","4.61M","2.56%"
"11/30/2018","7,683","7,847","7,902","7,579","6.93M","-2.09%"
"11/29/2018","7,847","7,835","7,948","7,753","4.71M","1.40%"
"11/28/2018","7,739","7,835","8,000","7,656","7.40M","-0.83%"
"11/27/2018","7,804","7,637","7,840","7,600","4.16M","0.87%"
"11/26/2018","7,737","7,500","7,761","7,427","3.80M","4.20%"
"11/23/2018","7,425","7,525","7,560","7,318","2.90M","-1.25%"
"11/22/2018","7,519","7,557","7,650","7,478","4.20M","-0.49%"
"11/21/2018","7,556","7,700","7,763","7,530","3.74M","-1.50%"
"11/20/2018","7,671","7,800","7,838","7,576","5.65M","-2.60%"
"11/19/2018","7,876","7,680","7,890","7,630","3.88M","2.01%"
"11/16/2018","7,721","7,859","7,915","7,607","4.99M","-1.76%"
"11/15/2018","7,859","7,585","7,885","7,585","5.48M","2.41%"
"11/14/2018","7,674","7,701","7,759","7,557","4.76M","-1.32%"
"11/13/2018","7,777","7,523","7,817","7,444","9.49M","3.38%"
"11/12/2018","7,523","7,650","7,784","7,485","4.38M","-2.32%"
"11/09/2018","7,702","7,648","7,791","7,541","5.49M","0.06%"
"11/08/2018","7,697","7,970","8,000","7,676","5.85M","-3.36%"
"11/07/2018","7,965","7,733","7,991","7,733","4.78M","1.59%"
"11/06/2018","7,840","7,880","7,962","7,646","4.75M","-0.85%"
"11/05/2018","7,907","7,700","7,927","7,700","3.50M","2.29%"
"11/02/2018","7,730","7,564","7,944","7,501","7.26M","2.66%"
"11/01/2018","7,530","7,495","7,530","7,304","6.16M","1.40%"
"10/31/2018","7,426","7,340","7,565","7,269","8.17M","3.28%"
"10/30/2018","7,190","7,091","7,280","7,053","5.48M","1.40%"
"10/29/2018","7,091","6,950","7,186","6,950","3.23M","2.00%"
"10/26/2018","6,952","7,068","7,145","6,891","4.44M","-2.62%"
"10/25/2018","7,139","7,022","7,173","6,829","5.46M","0.52%"
"10/24/2018","7,102","7,099","7,198","7,005","4.88M","0.30%"
"10/23/2018","7,081","7,050","7,173","7,000","4.01M","-2.06%"
"10/22/2018","7,230","7,183","7,418","7,183","2.89M","0.75%"
"10/19/2018","7,176","7,166","7,210","7,037","4.62M","0.14%"
"10/18/2018","7,166","7,135","7,244","7,047","3.76M","-0.80%"
"10/17/2018","7,224","7,315","7,420","7,151","8.24M","-0.08%"
"10/16/2018","7,230","7,040","7,230","6,964","5.44M","3.06%"
"10/15/2018","7,015","7,255","7,322","7,015","5.63M","-4.75%"
"10/12/2018","7,365","7,270","7,381","7,106","4.55M","3.67%"
"10/11/2018","7,104","7,186","7,294","7,011","5.71M","-3.73%"
"10/10/2018","7,379","7,471","7,549","7,238","4.54M","-0.94%"
"10/09/2018","7,449","7,433","7,469","7,184","4.13M","-0.55%"
"10/08/2018","7,490","7,405","7,525","7,300","4.73M","0.59%"
"10/05/2018","7,446","7,463","7,497","7,369","3.79M","-0.23%"
"10/04/2018","7,463","7,550","7,565","7,310","7.05M","-2.72%"
"10/03/2018","7,672","7,850","7,869","7,646","4.96M","-1.68%"
"10/02/2018","7,803","7,869","7,869","7,571","4.80M","-2.46%"
"10/01/2018","8,000","7,950","8,108","7,930","3.29M","1.13%"
"09/28/2018","7,911","8,100","8,120","7,766","5.96M","-2.38%"
"09/27/2018","8,104","7,995","8,121","7,872","5.94M","1.66%"
"09/26/2018","7,972","7,965","8,050","7,959","4.77M","0.10%"
"09/25/2018","7,964","7,984","8,074","7,827","3.61M","-1.14%"
"09/21/2018","8,056","8,020","8,166","7,918","8.57M","1.19%"
"09/20/2018","7,961","7,928","8,043","7,909","14.87M","0.71%"
"09/19/2018","7,905","7,637","7,905","7,617","5.40M","3.52%"
"09/18/2018","7,636","7,540","7,689","7,513","4.55M","0.42%"
"09/17/2018","7,604","7,701","7,782","7,542","4.62M","-3.01%"
"09/14/2018","7,840","7,687","7,882","7,652","3.87M","1.29%"
"09/13/2018","7,740","7,652","7,783","7,370","4.46M","1.71%"
"09/12/2018","7,610","7,498","7,669","7,449","3.73M","0.79%"
"09/11/2018","7,550","7,799","7,799","7,428","4.76M","-1.09%"
"09/10/2018","7,633","7,763","7,814","7,579","4.36M","-2.09%"
"09/07/2018","7,796","7,700","7,900","7,639","4.57M","1.58%"
"09/06/2018","7,675","7,589","7,714","7,455","7.66M","0.17%"
"09/05/2018","7,662","7,680","7,746","7,483","8.21M","-1.40%"
"09/04/2018","7,771","7,961","8,039","7,679","5.61M","-2.55%"
"09/03/2018","7,974","7,934","8,164","7,930","4.25M","0.50%"
"08/31/2018","7,934","7,904","8,008","7,798","7.23M","0.80%"
"08/30/2018","7,871","7,945","8,068","7,833","4.40M","-2.41%"
"08/29/2018","8,065","8,108","8,147","7,913","4.49M","-0.67%"
"08/28/2018","8,119","8,058","8,231","7,940","6.44M","0.76%"
"08/27/2018","8,058","7,902","8,058","7,888","4.20M","1.97%"
"08/24/2018","7,902","7,776","7,902","7,635","3.51M","2.08%"
"08/23/2018","7,741","7,704","7,786","7,632","5.99M","1.14%"
"08/22/2018","7,654","7,679","7,784","7,592","4.22M","0.31%"
"08/21/2018","7,630","7,535","7,651","7,535","4.43M","1.73%"
"08/20/2018","7,500","7,500","7,613","7,462","3.58M","0.86%"
"08/17/2018","7,436","7,440","7,529","7,368","4.36M","-0.40%"
"08/16/2018","7,466","7,275","7,474","7,253","5.44M","3.74%"
"08/15/2018","7,197","7,320","7,456","7,166","6.42M","-3.04%"
"08/14/2018","7,423","7,440","7,653","7,371","5.44M","-0.27%"
"08/13/2018","7,443","7,266","7,505","7,256","4.93M","0.40%"
"08/10/2018","7,413","7,450","7,587","7,371","3.90M","-3.11%"
"08/08/2018","7,651","7,545","7,688","7,487","4.08M","1.99%"
"08/07/2018","7,502","7,392","7,552","7,392","4.07M","1.09%"
"08/06/2018","7,421","7,508","7,508","7,341","3.28M","-0.38%"
"08/03/2018","7,449","7,400","7,495","7,304","3.25M","0.66%"
"08/02/2018","7,400","7,524","7,524","7,326","4.48M","-2.40%"
"08/01/2018","7,582","7,580","7,648","7,488","4.48M","-0.68%"
"07/31/2018","7,634","7,420","7,705","7,420","9.06M","2.83%"
"07/30/2018","7,424","7,453","7,547","7,349","5.07M","-0.64%"
"07/27/2018","7,472","7,370","7,494","7,370","3.31M","1.78%"
"07/26/2018","7,341","7,350","7,434","7,296","6.18M","0.38%"
"07/25/2018","7,313","7,221","7,374","7,200","9.45M","1.94%"
"07/24/2018","7,174","7,020","7,312","6,999","5.74M","2.41%"
"07/23/2018","7,005","7,090","7,090","6,910","3.75M","-0.74%"
"07/20/2018","7,057","6,949","7,102","6,916","3.15M","2.04%"
"07/19/2018","6,916","6,850","7,002","6,812","3.43M","0.23%"
"07/18/2018","6,900","7,015","7,015","6,830","3.25M","-0.59%"
"07/17/2018","6,941","6,872","7,020","6,810","4.99M","1.39%"
"07/16/2018","6,846","6,800","6,977","6,770","5.10M","-0.22%"
"07/13/2018","6,861","6,830","7,099","6,801","3.94M","-0.19%"
"07/12/2018","6,874","6,872","6,915","6,729","4.63M","1.10%"
"07/11/2018","6,799","6,989","7,000","6,788","4.65M","-3.27%"
"07/10/2018","7,029","7,130","7,171","6,971","3.55M","-1.35%"
"07/09/2018","7,125","7,000","7,153","6,943","5.80M","3.29%"
"07/06/2018","6,898","7,010","7,084","6,799","4.24M","-1.50%"
"07/05/2018","7,003","7,125","7,237","6,968","4.07M","-2.36%"
"07/04/2018","7,172","7,015","7,208","7,015","2.23M","0.59%"
"07/03/2018","7,130","7,115","7,155","6,961","2.81M","1.58%"
"07/02/2018","7,019","6,850","7,143","6,850","6.05M","0.17%"
"06/29/2018","7,007","6,945","7,079","6,844","8.15M","3.39%"
"06/28/2018","6,777","6,600","6,922","6,540","7.62M","0.89%"
"06/27/2018","6,717","7,048","7,048","6,717","6.73M","-4.84%"
"06/26/2018","7,059","7,300","7,300","7,059","5.95M","-2.27%"
"06/25/2018","7,223","7,310","7,326","7,198","2.99M","-1.15%"
"06/22/2018","7,307","7,130","7,352","7,130","3.56M","2.17%"
"06/21/2018","7,152","7,240","7,355","7,100","11.87M","-0.46%"
"06/20/2018","7,185","7,151","7,298","7,097","7.02M","2.31%"
"06/19/2018","7,023","6,910","7,152","6,882","6.60M","-0.07%"
"06/18/2018","7,028","7,249","7,249","6,950","2.86M","-2.23%"
"06/15/2018","7,188","7,405","7,430","7,140","9.99M","-3.35%"
"06/14/2018","7,437","7,370","7,600","7,370","4.09M","-0.27%"
"06/13/2018","7,457","7,349","7,484","7,303","3.53M","1.30%"
"06/12/2018","7,361","7,357","7,539","7,220","5.27M","0.18%"
"06/11/2018","7,348","7,400","7,490","7,274","4.55M","0.14%"
"06/08/2018","7,338","7,179","7,412","7,076","6.36M","0.94%"
"06/07/2018","7,270","7,699","7,699","7,100","13.74M","-3.71%"
"06/06/2018","7,550","8,130","8,132","7,410","12.30M","-6.25%"
"06/05/2018","8,053","8,120","8,175","7,906","10.79M","-0.83%"
"06/04/2018","8,120","7,885","8,178","7,821","7.76M","4.08%"
"06/01/2018","7,802","7,683","7,840","7,606","5.04M","2.59%"
"05/31/2018","7,605","7,445","7,672","7,379","31.27M","3.43%"
"05/30/2018","7,353","7,570","7,600","7,344","8.52M","-2.34%"
"05/29/2018","7,529","7,485","7,694","7,485","4.83M","-1.25%"
"05/28/2018","7,624","7,704","7,800","7,595","2.42M","-0.65%"
"05/25/2018","7,674","7,577","7,737","7,499","5.75M","2.63%"
"05/24/2018","7,477","7,774","7,775","7,470","6.65M","-2.50%"
"05/23/2018","7,669","7,859","7,859","7,666","4.69M","-2.09%"
"05/22/2018","7,833","7,656","7,902","7,607","6.04M","2.65%"
"05/21/2018","7,631","7,487","7,689","7,485","6.14M","1.75%"
"05/18/2018","7,500","7,673","7,756","7,442","9.14M","-1.76%"
"05/17/2018","7,634","7,726","7,792","7,603","6.43M","-2.38%"
"05/16/2018","7,820","7,835","7,927","7,720","4.99M","-0.70%"
"05/15/2018","7,875","7,835","8,066","7,802","11.53M","0.14%"
"05/14/2018","7,864","7,900","7,963","7,806","2.50M","-0.62%"
"05/11/2018","7,913","7,885","7,967","7,798","4.01M","0.96%"
"05/10/2018","7,838","7,770","7,861","7,749","5.27M","1.20%"
"05/09/2018","7,745","7,730","7,840","7,684","3.54M","0.35%"
"05/08/2018","7,718","7,895","7,985","7,669","8.94M","-2.30%"
"05/07/2018","7,900","7,815","7,998","7,815","3.35M","0.79%"
"05/04/2018","7,838","7,870","7,945","7,777","5.10M","0.28%"
"05/03/2018","7,816","7,943","8,100","7,771","6.80M","-3.51%"
"05/02/2018","8,100","7,943","8,180","7,892","8.04M","2.26%"
"04/30/2018","7,921","7,803","7,980","7,715","4.56M","1.94%"
"04/26/2018","7,770","7,716","7,901","7,716","4.63M","0.65%"
"04/25/2018","7,720","7,927","8,004","7,720","8.58M","-3.64%"
"04/24/2018","8,012","8,075","8,094","7,904","7.71M","-0.29%"
"04/23/2018","8,035","8,141","8,197","7,976","3.62M","-1.63%"
"04/20/2018","8,168","8,201","8,274","8,155","4.08M","-0.35%"
"04/19/2018","8,197","8,240","8,283","8,157","6.39M","0.45%"
"04/18/2018","8,160","8,127","8,206","8,051","6.32M","0.59%"
"04/17/2018","8,112","8,080","8,145","8,014","3.83M","1.02%"
"04/16/2018","8,030","8,010","8,122","8,001","4.48M","-0.56%"
"04/13/2018","8,075","8,100","8,178","7,980","4.24M","-0.31%"
"04/12/2018","8,100","8,100","8,193","8,085","4.14M","-0.25%"
"04/11/2018","8,120","8,111","8,190","8,040","4.88M","0.11%"
"04/10/2018","8,111","8,080","8,140","8,000","5.46M","1.32%"
"04/09/2018","8,005","8,000","8,073","7,841","9.26M","0.44%"
"04/06/2018","7,970","7,999","8,069","7,923","7.31M","-0.38%"
"04/05/2018","8,000","7,885","8,121","7,850","11.81M","2.97%"
"04/04/2018","7,769","8,047","8,047","7,589","13.55M","-5.96%"
"04/03/2018","8,261","8,442","8,536","8,261","8.52M","-3.15%"
"03/29/2018","8,530","8,449","8,589","8,406","15.71M","2.07%"
"03/28/2018","8,357","8,700","8,702","8,357","21.62M","-8.78%"
"03/27/2018","9,161","9,299","9,300","9,080","3.25M","-0.30%"
"03/26/2018","9,189","9,168","9,227","9,027","2.93M","1.33%"
"03/23/2018","9,068","9,151","9,200","8,994","3.86M","-1.52%"
"03/22/2018","9,208","9,260","9,539","9,208","7.00M","-1.34%"
"03/20/2018","9,333","9,417","9,550","9,257","4.13M","-0.89%"
"03/19/2018","9,417","9,266","9,511","9,201","8.62M","1.63%"
"03/16/2018","9,266","9,199","9,419","9,061","7.03M","1.23%"
"03/15/2018","9,153","9,161","9,345","9,140","11.13M","-0.92%"
"03/14/2018","9,238","9,315","9,330","9,128","3.53M","-0.93%"
"03/13/2018","9,325","9,495","9,495","9,254","4.42M","-0.37%"
"03/12/2018","9,360","9,359","9,534","9,359","4.05M","0.01%"
"03/09/2018","9,359","9,414","9,450","9,230","2.76M","-0.58%"
"03/08/2018","9,414","9,450","9,649","9,353","4.02M","-0.89%"
"03/07/2018","9,499","9,600","9,637","9,438","5.37M","-1.26%"
"03/06/2018","9,620","9,395","9,849","9,367","5.90M","2.95%"
"03/05/2018","9,344","9,450","9,545","9,310","3.75M","-0.90%"
"03/02/2018","9,429","9,182","9,467","9,181","4.03M","1.33%"
"03/01/2018","9,305","8,950","9,324","8,950","3.55M","1.97%"
"02/28/2018","9,125","9,135","9,235","8,875","4.66M","-1.66%"
"02/27/2018","9,279","9,350","9,379","9,233","4.04M","-0.40%"
"02/26/2018","9,316","9,460","9,460","9,271","4.38M","0.22%"
"02/23/2018","9,296","9,230","9,467","9,230","5.59M","0.22%"
"02/22/2018","9,276","9,444","9,468","9,182","3.54M","-1.84%"
"02/21/2018","9,450","9,430","9,550","9,134","7.30M","0.12%"
"02/20/2018","9,439","9,500","9,543","9,220","2.92M","-1.02%"
"02/19/2018","9,536","9,500","9,585","9,342","4.60M","-0.36%"
"02/16/2018","9,570","9,680","9,700","9,442","5.99M","-0.31%"
"02/15/2018","9,600","9,095","9,766","9,082","7.96M","7.26%"
"02/14/2018","8,950","9,065","9,096","8,830","5.15M","0.56%"
"02/13/2018","8,900","8,974","9,084","8,881","5.25M","-0.44%"
"02/12/2018","8,939","8,810","8,965","8,791","7.29M","1.58%"
"02/09/2018","8,800","8,975","8,975","8,715","9.04M","-2.76%"
"02/08/2018","9,050","9,025","9,214","8,998","6.75M","-1.09%"
"02/07/2018","9,150","8,800","9,285","8,701","7.15M","4.55%"
"02/06/2018","8,752","8,555","8,752","8,400","7.03M","-1.27%"
"02/05/2018","8,865","8,800","8,887","8,541","6.99M","-0.34%"
"02/02/2018","8,895","8,969","9,039","8,756","4.41M","-0.83%"
"02/01/2018","8,969","8,820","9,029","8,620","5.05M","1.69%"
"01/31/2018","8,820","8,421","8,859","8,393","9.72M","3.64%"
"01/30/2018","8,510","8,550","8,700","8,407","6.93M","-1.62%"
"01/29/2018","8,650","8,999","9,200","8,590","7.20M","-4.42%"
"01/26/2018","9,050","9,182","9,335","8,975","6.09M","-1.41%"
"01/25/2018","9,179","9,155","9,338","9,103","6.51M","-0.55%"
"01/24/2018","9,230","9,020","9,242","8,901","6.30M","2.33%"
"01/23/2018","9,020","8,748","9,133","8,748","3.85M","3.33%"
"01/22/2018","8,729","8,750","9,005","8,678","4.72M","-0.43%"
"01/19/2018","8,767","8,831","9,022","8,661","3.80M","-2.84%"
"01/18/2018","9,023","8,825","9,075","8,660","7.29M","3.23%"
"01/17/2018","8,741","8,361","8,828","8,361","4.47M","2.53%"
"01/16/2018","8,525","8,450","8,628","8,350","4.16M","1.34%"
"01/15/2018","8,412","8,200","8,459","8,100","2.86M","3.85%"
"01/12/2018","8,100","8,100","8,350","8,087","2.04M","-0.88%"
"01/11/2018","8,172","8,300","8,365","8,099","3.93M","-1.30%"
"01/10/2018","8,280","8,204","8,300","8,060","2.92M","0.94%"
"01/09/2018","8,203","8,350","8,450","8,140","3.88M","-1.75%"
"01/08/2018","8,349","8,221","8,387","8,170","3.03M","1.67%"
"01/05/2018","8,212","8,200","8,266","8,146","3.21M","0.76%"
"01/04/2018","8,150","8,180","8,290","8,055","4.92M","-1.81%"
"01/03/2018","8,300","8,450","8,497","8,006","4.91M","-1.43%"
"01/02/2018","8,420","8,700","8,700","8,420","3.39M","-3.22%"
"12/29/2017","8,700","8,355","8,737","8,355","1.57M","1.69%"
"12/28/2017","8,555","8,509","8,740","8,480","1.85M","0.54%"
"12/27/2017","8,509","8,150","8,515","8,150","3.41M","-0.28%"
"12/22/2017","8,533","8,875","8,875","8,265","2.31M","1.58%"
"12/21/2017","8,400","8,699","8,773","8,337","17.36M","-2.87%"
"12/20/2017","8,648","9,240","9,240","8,648","9.41M","-6.54%"
"12/19/2017","9,253","8,350","9,474","8,350","16.04M","9.26%"
"12/18/2017","8,469","7,882","8,495","7,806","8.37M","7.47%"
"12/15/2017","7,880","7,903","8,050","7,773","13.07M","-1.87%"
"12/14/2017","8,030","7,900","8,075","7,626","5.94M","4.37%"
"12/13/2017","7,694","7,566","7,784","7,566","3.84M","0.31%"
"12/12/2017","7,670","7,740","7,929","7,590","7.58M","0.10%"
"12/11/2017","7,662","7,750","7,999","7,619","4.78M","-1.87%"
"12/08/2017","7,808","8,150","8,199","7,774","9.67M","-4.56%"
"12/07/2017","8,181","8,050","8,240","8,050","7.73M","1.48%"
"12/06/2017","8,062","8,190","8,303","8,046","7.46M","-1.68%"
"12/05/2017","8,200","7,880","8,208","7,771","4.93M","4.23%"
"12/04/2017","7,867","7,801","7,870","7,764","2.95M","0.86%"
"12/01/2017","7,800","7,826","7,903","7,761","3.45M","-0.33%"
"11/30/2017","7,826","7,865","7,974","7,826","7.03M","-1.19%"
"11/29/2017","7,920","7,950","8,010","7,860","4.39M","-0.25%"
"11/28/2017","7,940","7,730","7,967","7,729","4.58M","2.19%"
"11/27/2017","7,770","7,650","7,866","7,611","4.11M","0.83%"
"11/24/2017","7,706","7,790","7,797","7,659","2.55M","-0.72%"
"11/23/2017","7,762","7,757","7,800","7,700","2.99M","-0.17%"
"11/22/2017","7,775","7,769","7,893","7,705","3.37M","0.10%"
"11/21/2017","7,767","7,640","7,767","7,592","5.11M","1.93%"
"11/20/2017","7,620","7,575","7,639","7,501","5.95M","0.99%"
"11/17/2017","7,545","7,300","7,549","7,300","5.35M","3.00%"
"11/16/2017","7,325","7,171","7,374","7,171","5.27M","2.15%"
"11/15/2017","7,171","7,203","7,279","7,135","4.05M","-1.20%"
"11/14/2017","7,258","7,130","7,270","7,105","4.38M","1.55%"
"11/13/2017","7,147","7,136","7,274","7,136","2.58M","-0.53%"
"11/10/2017","7,185","7,180","7,237","7,150","1.86M","-0.44%"
"11/09/2017","7,217","7,172","7,357","7,172","6.71M","-0.25%"
"11/08/2017","7,235","7,120","7,250","7,108","5.30M","0.53%"
"11/07/2017","7,197","7,131","7,228","7,102","3.09M","0.97%"
"11/06/2017","7,128","7,140","7,156","7,025","3.10M","0.51%"
"11/03/2017","7,092","7,142","7,237","7,070","3.81M","-0.70%"
"11/02/2017","7,142","7,172","7,237","7,142","3.20M","-0.97%"
"11/01/2017","7,212","7,070","7,221","7,054","4.60M","2.01%"
"10/31/2017","7,070","7,080","7,143","7,022","4.37M","-0.32%"
"10/30/2017","7,093","7,013","7,138","6,938","3.97M","0.75%"
"10/27/2017","7,040","6,893","7,050","6,893","4.50M","2.13%"
"10/26/2017","6,893","7,050","7,091","6,811","9.18M","-2.97%"
"10/25/2017","7,104","7,212","7,304","7,104","4.35M","-1.95%"
"10/24/2017","7,245","7,251","7,300","7,196","3.54M","-0.59%"
"10/23/2017","7,288","7,130","7,308","7,130","3.46M","1.67%"
"10/20/2017","7,168","7,280","7,280","7,122","5.29M","-0.83%"
"10/19/2017","7,228","7,280","7,285","7,162","4.25M","-0.15%"
"10/18/2017","7,239","7,167","7,277","7,103","3.28M","0.89%"
"10/17/2017","7,175","7,239","7,248","7,124","7.11M","-0.77%"
"10/16/2017","7,231","7,200","7,231","7,151","5.22M","0.65%"
"10/13/2017","7,184","7,080","7,190","7,037","4.15M","1.03%"
"10/12/2017","7,111","6,930","7,111","6,879","5.96M","3.06%"
"10/11/2017","6,900","6,856","6,950","6,852","7.67M","0.64%"
"10/10/2017","6,856","6,800","6,856","6,770","2.29M","1.36%"
"10/09/2017","6,764","6,815","6,871","6,750","3.31M","-0.82%"
"10/06/2017","6,820","6,810","6,837","6,755","4.78M","0.24%"
"10/05/2017","6,804","6,830","6,830","6,770","5.71M","-0.37%"
"10/04/2017","6,829","6,749","6,829","6,722","3.25M","2.18%"
"10/03/2017","6,683","6,800","6,800","6,683","4.42M","-1.21%"
"10/02/2017","6,765","6,850","6,875","6,749","4.18M","-0.01%"
"09/29/2017","6,766","6,715","6,845","6,665","7.87M","1.79%"
"09/28/2017","6,647","6,730","6,747","6,607","4.07M","-0.57%"
"09/27/2017","6,685","6,749","6,819","6,662","3.45M","-0.95%"
"09/26/2017","6,749","6,915","6,921","6,717","7.61M","-2.34%"
"09/22/2017","6,911","6,830","6,940","6,802","3.10M","0.99%"
"09/21/2017","6,843","6,820","6,854","6,717","15.35M","0.34%"
"09/20/2017","6,820","6,816","6,878","6,752","4.15M","0.07%"
"09/19/2017","6,815","6,840","6,849","6,720","3.33M","-0.54%"
"09/18/2017","6,852","6,798","6,878","6,787","2.61M","2.15%"
"09/15/2017","6,708","6,852","6,886","6,708","10.83M","-2.03%"
"09/14/2017","6,847","6,800","6,866","6,758","4.08M","0.85%"
"09/13/2017","6,789","6,860","6,871","6,781","3.01M","-0.75%"
"09/12/2017","6,840","6,780","6,891","6,770","3.44M","1.45%"
"09/11/2017","6,742","6,810","6,859","6,725","3.08M","-0.27%"
"09/08/2017","6,760","6,755","6,767","6,674","3.62M","-0.16%"
"09/07/2017","6,771","6,820","6,858","6,511","7.50M","-1.21%"
"09/06/2017","6,854","6,983","6,991","6,849","4.86M","-2.06%"
"09/05/2017","6,998","7,050","7,085","6,998","2.74M","-1.26%"
"09/04/2017","7,087","7,148","7,194","7,052","3.02M","-0.89%"
"09/01/2017","7,151","7,150","7,231","7,115","1.99M","-0.40%"
"08/31/2017","7,180","7,092","7,220","7,091","2.69M","1.24%"
"08/30/2017","7,092","7,250","7,250","7,092","2.53M","-1.24%"
"08/29/2017","7,181","7,200","7,200","7,138","3.86M","-0.53%"
"08/28/2017","7,219","7,230","7,320","7,181","2.29M","-0.32%"
"08/25/2017","7,242","7,201","7,322","7,201","2.71M","0.00%"
"08/24/2017","7,242","7,021","7,248","7,021","4.05M","3.00%"
"08/23/2017","7,031","7,005","7,166","7,002","2.86M","0.36%"
"08/22/2017","7,006","6,924","7,069","6,924","2.76M","1.26%"
"08/21/2017","6,919","6,858","7,019","6,858","3.13M","0.49%"
"08/18/2017","6,885","6,900","6,946","6,847","2.60M","-0.89%"
"08/17/2017","6,947","6,920","7,009","6,902","3.64M","0.29%"
"08/16/2017","6,927","6,860","6,990","6,860","2.62M","0.89%"
"08/15/2017","6,866","6,850","6,922","6,847","2.04M","0.01%"
"08/14/2017","6,865","6,872","6,926","6,836","3.27M","0.41%"
"08/11/2017","6,837","6,825","6,932","6,825","5.12M","-1.46%"
"08/10/2017","6,938","6,930","6,981","6,860","6.34M","-0.91%"
"08/08/2017","7,002","6,924","7,012","6,920","4.21M","0.75%"
"08/07/2017","6,950","6,850","6,979","6,850","4.34M","1.46%"
"08/04/2017","6,850","6,820","6,928","6,820","3.33M","0.44%"
"08/03/2017","6,820","6,674","6,883","6,613","7.01M","2.82%"
"08/02/2017","6,633","6,622","6,700","6,609","3.44M","-0.05%"
"08/01/2017","6,636","6,627","6,719","6,577","5.05M","0.02%"
"07/31/2017","6,635","6,812","6,845","6,635","4.84M","-1.98%"
"07/28/2017","6,769","6,691","6,793","6,691","2.94M","0.71%"
"07/27/2017","6,721","6,730","6,821","6,721","6.23M","-0.30%"
"07/26/2017","6,741","6,698","6,800","6,668","3.97M","0.45%"
"07/25/2017","6,711","6,920","6,952","6,690","4.72M","-2.26%"
"07/24/2017","6,866","6,887","6,978","6,866","3.24M","-0.65%"
"07/21/2017","6,911","6,857","6,987","6,857","3.74M","0.55%"
"07/20/2017","6,873","6,860","6,940","6,823","3.97M","0.69%"
"07/19/2017","6,826","6,703","6,881","6,650","3.18M","2.26%"
"07/18/2017","6,675","6,727","6,771","6,675","2.41M","-1.69%"
"07/17/2017","6,790","6,660","6,802","6,660","3.78M","1.95%"
"07/14/2017","6,660","6,625","6,674","6,554","5.16M","0.53%"
"07/13/2017","6,625","6,598","6,645","6,585","3.75M","0.41%"
"07/12/2017","6,598","6,460","6,602","6,460","3.88M","2.18%"
"07/11/2017","6,457","6,609","6,609","6,457","4.14M","-1.88%"
"07/10/2017","6,581","6,640","6,667","6,581","2.85M","-0.87%"
"07/07/2017","6,639","6,700","6,702","6,595","3.20M","-1.06%"
"07/06/2017","6,710","6,651","6,748","6,642","3.46M","0.90%"
"07/05/2017","6,650","6,623","6,687","6,579","4.77M","0.38%"
"07/04/2017","6,625","6,551","6,710","6,551","4.10M","0.50%"
"07/03/2017","6,592","6,500","6,610","6,468","2.88M","1.73%"
"06/30/2017","6,480","6,496","6,568","6,469","4.54M","-0.89%"
"06/29/2017","6,538","6,583","6,681","6,501","4.28M","-0.26%"
"06/28/2017","6,555","6,483","6,560","6,407","3.70M","1.11%"
"06/27/2017","6,483","6,574","6,582","6,452","4.73M","-0.54%"
"06/26/2017","6,518","6,533","6,590","6,505","3.18M","-0.29%"
"06/23/2017","6,537","6,499","6,572","6,470","3.52M","0.97%"
"06/22/2017","6,474","6,518","6,518","6,405","4.89M","-0.61%"
"06/21/2017","6,514","6,430","6,514","6,328","5.99M","1.62%"
"06/20/2017","6,410","6,461","6,499","6,380","5.96M","-1.38%"
"06/19/2017","6,500","6,460","6,545","6,398","9.10M","0.78%"
"06/15/2017","6,450","6,562","6,690","6,450","21.86M","-3.23%"
"06/14/2017","6,665","6,645","6,693","6,618","5.99M","0.11%"
"06/13/2017","6,658","6,723","6,723","6,650","4.49M","-0.63%"
"06/12/2017","6,700","6,690","6,728","6,622","5.41M","-0.03%"
"06/09/2017","6,702","6,631","6,741","6,600","7.13M","1.39%"
"06/08/2017","6,610","6,591","6,761","6,528","9.51M","0.32%"
"06/07/2017","6,589","6,550","6,660","6,490","11.56M","0.26%"
"06/06/2017","6,572","6,754","6,837","6,572","7.84M","-3.35%"
"06/05/2017","6,800","6,742","6,885","6,718","7.69M","-0.13%"
"06/02/2017","6,809","6,785","6,911","6,726","5.46M","1.32%"
"06/01/2017","6,720","6,915","6,915","6,719","5.36M","-2.08%"
"05/31/2017","6,863","6,890","7,012","6,851","6.18M","-1.22%"
"05/30/2017","6,948","6,881","6,989","6,881","1.65M","0.12%"
"05/29/2017","6,940","6,951","7,029","6,895","1.04M","-1.27%"
"05/26/2017","7,029","6,989","7,029","6,948","2.16M","0.06%"
"05/25/2017","7,025","7,058","7,114","6,992","2.69M","-0.45%"
"05/24/2017","7,057","7,037","7,135","7,037","4.02M","-0.24%"
"05/23/2017","7,074","6,911","7,150","6,911","6.69M","2.31%"
"05/22/2017","6,914","6,960","7,046","6,914","3.48M","-0.56%"
"05/19/2017","6,953","7,020","7,059","6,941","3.60M","-0.61%"
"05/18/2017","6,996","7,005","7,081","6,914","2.83M","-0.72%"
"05/17/2017","7,047","7,087","7,145","6,943","3.80M","-1.41%"
"05/16/2017","7,148","7,087","7,183","7,027","3.13M","1.28%"
"05/15/2017","7,058","7,100","7,103","6,953","2.42M","-0.38%"
"05/12/2017","7,085","6,971","7,117","6,971","2.53M","0.65%"
"05/11/2017","7,039","7,069","7,069","6,980","2.75M","0.07%"
"05/10/2017","7,034","6,951","7,054","6,944","4.03M","1.02%"
"05/09/2017","6,963","6,999","7,000","6,854","5.62M","-0.17%"
"05/08/2017","6,975","6,907","7,020","6,906","3.10M","0.40%"
"05/05/2017","6,947","6,960","7,020","6,912","3.42M","-0.04%"
"05/04/2017","6,950","7,029","7,094","6,925","5.44M","-1.52%"
"05/03/2017","7,057","7,044","7,200","6,995","4.98M","-0.95%"
"05/02/2017","7,125","7,069","7,170","7,069","3.50M","0.51%"
"04/28/2017","7,089","7,049","7,198","7,000","3.01M","-0.01%"
"04/26/2017","7,090","7,077","7,100","6,928","3.26M","0.01%"
"04/25/2017","7,089","7,018","7,099","6,969","3.56M","0.35%"
"04/24/2017","7,064","6,864","7,083","6,840","5.98M","3.88%"
"04/21/2017","6,800","6,935","6,964","6,799","3.53M","-1.33%"
"04/20/2017","6,892","6,940","6,969","6,817","4.21M","-0.12%"
"04/19/2017","6,900","6,895","6,979","6,867","9.16M","0.58%"
"04/18/2017","6,860","6,850","6,994","6,806","6.37M","0.04%"
"04/13/2017","6,857","6,871","6,949","6,801","4.51M","0.40%"
"04/12/2017","6,830","6,752","6,899","6,752","4.84M","1.44%"
"04/11/2017","6,733","6,503","6,735","6,503","6.16M","3.39%"
"04/10/2017","6,512","6,535","6,570","6,482","4.55M","-0.03%"
"04/07/2017","6,514","6,400","6,543","6,395","7.04M","1.10%"
"04/06/2017","6,443","6,300","6,443","6,206","9.91M","2.27%"
"04/05/2017","6,300","6,550","6,602","6,279","9.51M","-6.74%"
"04/04/2017","6,755","6,553","6,831","6,540","7.96M","0.75%"
"04/03/2017","6,705","6,700","6,738","6,567","7.04M","-0.47%"
"03/31/2017","6,737","6,600","6,810","6,560","15.62M","-1.88%"
"03/30/2017","6,866","6,911","6,935","6,790","8.59M","-0.49%"
"03/29/2017","6,900","6,925","6,930","6,758","7.10M","-0.72%"
"03/28/2017","6,950","6,899","6,992","6,875","5.25M","-0.04%"
"03/27/2017","6,953","7,001","7,087","6,935","4.21M","-1.79%"
"03/24/2017","7,080","7,115","7,191","7,016","3.85M","-0.37%"
"03/23/2017","7,106","7,150","7,190","7,101","3.88M","-0.67%"
"03/22/2017","7,154","7,210","7,210","7,009","8.26M","-1.22%"
"03/20/2017","7,242","7,167","7,299","7,167","3.00M","0.42%"
"03/17/2017","7,212","7,250","7,364","7,150","8.26M","-0.04%"
"03/16/2017","7,215","7,099","7,347","7,050","21.36M","3.32%"
"03/15/2017","6,983","6,964","7,010","6,907","2.67M","0.27%"
"03/14/2017","6,964","6,995","7,024","6,875","4.86M","-0.40%"
"03/13/2017","6,992","6,910","6,992","6,861","2.91M","0.60%"
"03/10/2017","6,950","6,951","7,100","6,912","3.10M","0.04%"
"03/09/2017","6,947","6,930","7,140","6,870","9.66M","1.49%"
"03/08/2017","6,845","6,971","6,980","6,795","4.68M","-1.72%"
"03/07/2017","6,965","6,810","6,972","6,810","5.27M","1.24%"
"03/06/2017","6,880","6,850","6,945","6,803","2.89M","0.44%"
"03/03/2017","6,850","6,875","6,896","6,730","4.53M","0.26%"
"03/02/2017","6,832","6,822","6,947","6,767","4.12M","0.15%"
"03/01/2017","6,822","6,799","6,847","6,701","3.42M","0.66%"
"02/28/2017","6,777","6,805","6,846","6,730","6.41M","-0.41%"
"02/27/2017","6,805","6,900","6,993","6,797","5.21M","-1.42%"
"02/24/2017","6,903","6,860","7,024","6,822","11.23M","0.36%"
"02/23/2017","6,878","6,710","7,007","6,625","10.48M","3.40%"
"02/22/2017","6,652","6,723","6,740","6,567","5.90M","-0.72%"
"02/21/2017","6,700","6,694","6,734","6,641","4.41M","0.09%"
"02/20/2017","6,694","6,720","6,754","6,652","3.51M","-0.46%"
"02/17/2017","6,725","6,800","6,870","6,677","5.02M","-2.11%"
"02/16/2017","6,870","6,770","6,907","6,715","7.43M","1.48%"
"02/15/2017","6,770","6,720","6,871","6,708","8.39M","1.04%"
"02/14/2017","6,700","6,630","6,781","6,594","9.18M","0.62%"
"02/13/2017","6,659","6,400","6,749","6,400","8.85M","2.73%"
"02/10/2017","6,482","6,349","6,522","6,339","10.41M","3.22%"
"02/09/2017","6,280","6,174","6,316","6,174","4.40M","1.29%"
"02/08/2017","6,200","6,144","6,208","6,100","5.70M","0.42%"
"02/07/2017","6,174","6,248","6,324","6,159","9.10M","-1.06%"
"02/06/2017","6,240","6,300","6,327","6,235","4.19M","-0.53%"
"02/03/2017","6,273","6,275","6,304","6,200","4.59M","0.21%"
"02/02/2017","6,260","6,430","6,430","6,150","11.99M","-1.96%"
"02/01/2017","6,385","6,594","6,594","6,339","13.84M","-1.75%"
"01/31/2017","6,499","6,485","6,593","6,454","3.85M","0.22%"
"01/30/2017","6,485","6,600","6,608","6,438","7.12M","-1.97%"
"01/27/2017","6,615","6,748","6,863","6,508","9.31M","-2.40%"
"01/26/2017","6,778","6,590","6,837","6,590","8.20M","2.65%"
"01/25/2017","6,603","6,620","6,658","6,591","3.75M","0.43%"
"01/24/2017","6,575","6,580","6,639","6,527","4.66M","0.83%"
"01/23/2017","6,521","6,440","6,559","6,400","3.20M","1.26%"
"01/20/2017","6,440","6,590","6,590","6,426","2.30M","-0.92%"
"01/19/2017","6,500","6,530","6,619","6,469","5.67M","-1.26%"
"01/18/2017","6,583","6,583","6,628","6,500","4.58M","1.28%"
"01/17/2017","6,500","6,460","6,597","6,442","5.86M","0.60%"
"01/16/2017","6,461","6,415","6,562","6,413","8.79M","-0.60%"
"01/13/2017","6,500","6,575","6,659","6,497","3.52M","-1.14%"
"01/12/2017","6,575","6,598","6,625","6,525","2.90M","-0.36%"
"01/11/2017","6,599","6,500","6,611","6,483","3.79M","0.44%"
"01/10/2017","6,570","6,466","6,609","6,466","4.74M","1.61%"
"01/09/2017","6,466","6,500","6,582","6,380","1.34M","0.23%"
"01/06/2017","6,451","6,313","6,497","6,313","1.99M","1.22%"
"01/05/2017","6,373","6,411","6,582","6,345","3.54M","-1.89%"
"01/04/2017","6,496","6,404","6,499","6,316","3.95M","1.77%"
"01/03/2017","6,383","6,400","6,400","6,256","2.69M","1.48%"
"12/30/2016","6,290","6,310","6,472","6,257","1.06M","-2.31%"
"12/29/2016","6,439","6,256","6,449","6,171","2.95M","2.21%"
"12/28/2016","6,300","6,125","6,318","6,125","2.20M","3.18%"
"12/23/2016","6,106","6,110","6,169","6,074","884.36K","-0.60%"
"12/22/2016","6,143","6,200","6,238","6,121","1.80M","-0.63%"
"12/21/2016","6,182","6,300","6,300","6,162","3.18M","-1.56%"
"12/20/2016","6,280","6,205","6,298","6,195","2.95M","1.70%"
"12/19/2016","6,175","6,076","6,290","6,072","3.60M","1.51%"
"12/15/2016","6,083","6,232","6,346","6,083","18.47M","-3.43%"
"12/14/2016","6,299","6,200","6,301","6,162","4.80M","1.60%"
"12/13/2016","6,200","6,135","6,249","6,101","7.87M","0.03%"
"12/12/2016","6,198","6,220","6,267","6,135","4.93M","-0.74%"
"12/09/2016","6,244","6,199","6,333","6,130","4.84M","0.73%"
"12/08/2016","6,199","6,151","6,219","6,102","4.98M","2.01%"
"12/07/2016","6,077","5,945","6,132","5,944","7.07M","2.24%"
"12/06/2016","5,944","6,127","6,132","5,944","5.75M","-2.99%"
"12/05/2016","6,127","5,995","6,175","5,971","3.89M","2.25%"
"12/02/2016","5,992","6,088","6,193","5,949","5.99M","-3.09%"
"12/01/2016","6,183","6,265","6,265","6,124","4.17M","0.26%"
"11/30/2016","6,167","6,385","6,385","6,164","7.26M","-1.63%"
"11/29/2016","6,269","6,399","6,435","6,269","5.34M","-2.05%"
"11/28/2016","6,400","6,263","6,415","6,255","4.18M","2.07%"
"11/25/2016","6,270","6,365","6,365","6,190","1.91M","0.26%"
"11/24/2016","6,254","6,365","6,384","6,225","2.22M","-1.53%"
"11/23/2016","6,351","6,359","6,460","6,307","4.98M","0.40%"
"11/22/2016","6,326","6,280","6,467","6,150","5.16M","2.86%"
"11/21/2016","6,150","6,196","6,285","6,150","2.58M","-0.74%"
"11/18/2016","6,196","6,238","6,273","6,100","3.81M","-0.74%"
"11/17/2016","6,242","6,150","6,247","6,127","3.87M","1.13%"
"11/16/2016","6,172","6,001","6,235","6,001","4.37M","2.02%"
"11/15/2016","6,050","6,002","6,100","6,000","4.48M","0.90%"
"11/14/2016","5,996","6,025","6,140","5,996","6.77M","-0.89%"
"11/11/2016","6,050","6,252","6,260","6,001","7.63M","-3.82%"
"11/10/2016","6,290","6,400","6,598","6,290","4.53M","-2.96%"
"11/09/2016","6,482","6,300","6,547","6,300","3.42M","-1.08%"
"11/08/2016","6,553","6,357","6,665","6,357","3.35M","3.10%"
"11/07/2016","6,356","6,320","6,403","6,251","2.99M","1.71%"
"11/04/2016","6,249","6,360","6,392","6,239","6.13M","-3.34%"
"11/03/2016","6,465","6,545","6,545","6,403","5.90M","-0.84%"
"11/02/2016","6,520","6,417","6,544","6,369","11.39M","-0.06%"
"11/01/2016","6,524","6,536","6,639","6,482","2.65M","-0.18%"
"10/31/2016","6,536","6,593","6,605","6,477","3.55M","0.91%"
"10/28/2016","6,477","6,550","6,625","6,400","3.22M","-1.91%"
"10/27/2016","6,603","6,550","6,664","6,509","5.06M","-0.08%"
"10/26/2016","6,608","6,517","6,608","6,499","2.99M","1.15%"
"10/25/2016","6,533","6,566","6,592","6,524","5.04M","-0.50%"
"10/24/2016","6,566","6,497","6,611","6,473","4.00M","1.30%"
"10/21/2016","6,482","6,422","6,485","6,396","2.32M","0.73%"
"10/20/2016","6,435","6,439","6,469","6,366","3.46M","-0.37%"
"10/19/2016","6,459","6,450","6,487","6,405","3.51M","0.16%"
"10/18/2016","6,449","6,392","6,498","6,305","4.37M","2.37%"
"10/17/2016","6,300","6,330","6,351","6,260","3.24M","-0.49%"
"10/14/2016","6,331","6,236","6,369","6,235","3.14M","1.56%"
"10/13/2016","6,234","6,370","6,394","6,205","5.13M","-2.93%"
"10/12/2016","6,422","6,352","6,438","6,280","5.14M","0.55%"
"10/11/2016","6,387","6,376","6,500","6,248","7.52M","-0.59%"
"10/10/2016","6,425","6,435","6,489","6,391","2.69M","-0.16%"
"10/07/2016","6,435","6,371","6,474","6,325","3.08M","0.37%"
"10/06/2016","6,411","6,430","6,548","6,411","9.02M","-0.36%"
"10/05/2016","6,434","6,393","6,464","6,320","2.46M","0.14%"
"10/04/2016","6,425","6,338","6,460","6,309","6.31M","1.97%"
"10/03/2016","6,301","6,409","6,450","6,257","3.26M","-1.24%"
"09/30/2016","6,380","6,326","6,413","6,239","6.78M","-0.53%"
"09/29/2016","6,414","6,424","6,489","6,396","7.29M","1.41%"
"09/28/2016","6,325","6,240","6,363","6,240","6.11M","1.02%"
"09/27/2016","6,261","6,438","6,483","6,177","4.57M","-2.64%"
"09/26/2016","6,431","6,417","6,467","6,244","5.77M","-0.28%"
"09/23/2016","6,449","6,372","6,486","6,346","7.94M","0.50%"
"09/22/2016","6,417","6,371","6,616","6,366","5.91M","0.58%"
"09/21/2016","6,380","6,385","6,396","6,277","5.70M","-0.02%"
"09/20/2016","6,381","6,352","6,430","6,302","5.32M","0.17%"
"09/19/2016","6,370","6,300","6,427","6,292","3.59M","1.19%"
"09/16/2016","6,295","6,300","6,344","6,229","10.00M","-0.21%"
"09/15/2016","6,308","6,238","6,315","6,152","16.11M","1.12%"
"09/14/2016","6,238","6,360","6,360","6,185","6.99M","-1.61%"
"09/13/2016","6,340","6,297","6,428","6,262","7.99M","1.44%"
"09/12/2016","6,250","6,350","6,350","6,152","15.44M","-3.71%"
"09/09/2016","6,491","6,515","6,554","6,422","5.20M","-0.37%"
"09/08/2016","6,515","6,599","6,623","6,329","9.63M","-2.57%"
"09/07/2016","6,687","6,590","6,687","6,532","5.19M","1.47%"
"09/06/2016","6,590","6,449","6,590","6,414","3.03M","2.15%"
"09/05/2016","6,451","6,535","6,535","6,342","2.89M","0.19%"
"09/02/2016","6,439","6,253","6,439","6,253","3.48M","2.99%"
"09/01/2016","6,252","6,248","6,344","6,185","7.56M","0.06%"
"08/31/2016","6,248","6,391","6,498","6,248","7.20M","-1.68%"
"08/30/2016","6,355","6,431","6,522","6,302","5.15M","-1.30%"
"08/29/2016","6,439","6,520","6,520","6,337","2.68M","-1.27%"
"08/26/2016","6,522","6,400","6,553","6,400","3.51M","2.05%"
"08/25/2016","6,391","6,448","6,618","6,391","5.82M","-0.14%"
"08/24/2016","6,400","6,353","6,500","6,260","11.98M","-2.66%"
"08/23/2016","6,575","6,551","6,686","6,536","4.22M","-0.20%"
"08/22/2016","6,588","6,525","6,627","6,487","4.92M","0.27%"
"08/19/2016","6,570","6,645","6,714","6,540","5.40M","-1.76%"
"08/18/2016","6,688","6,710","6,820","6,667","5.03M","0.06%"
"08/17/2016","6,684","6,937","6,937","6,639","8.26M","-3.14%"
"08/16/2016","6,901","6,931","7,050","6,880","10.24M","-1.12%"
"08/15/2016","6,979","6,970","7,035","6,907","4.32M","0.13%"
"08/12/2016","6,970","6,805","6,988","6,805","8.64M","2.97%"
"08/11/2016","6,769","6,818","6,829","6,618","5.30M","-0.47%"
"08/10/2016","6,801","6,765","6,900","6,752","5.45M","-0.50%"
"08/08/2016","6,835","6,680","6,835","6,669","2.24M","2.32%"
"08/05/2016","6,680","6,688","6,751","6,627","5.38M","-0.12%"
"08/04/2016","6,688","6,749","6,824","6,685","4.50M","0.41%"
"08/02/2016","6,661","6,810","6,862","6,621","6.36M","-3.11%"
"08/01/2016","6,875","6,623","6,875","6,623","7.90M","5.12%"
"07/29/2016","6,540","6,535","6,595","6,480","4.45M","-0.86%"
"07/28/2016","6,597","6,732","6,732","6,513","4.78M","-2.14%"
"07/27/2016","6,741","6,655","6,790","6,650","4.79M","1.37%"
"07/26/2016","6,650","6,643","6,720","6,608","5.09M","-0.18%"
"07/25/2016","6,662","6,533","6,732","6,511","5.07M","1.40%"
"07/22/2016","6,570","6,382","6,570","6,300","4.25M","1.91%"
"07/21/2016","6,447","6,445","6,471","6,323","2.69M","0.64%"
"07/20/2016","6,406","6,330","6,458","6,275","2.34M","1.34%"
"07/19/2016","6,321","6,260","6,321","6,213","3.83M","0.56%"
"07/18/2016","6,286","6,245","6,286","6,166","1.83M","0.58%"
"07/15/2016","6,250","6,064","6,271","6,064","3.43M","1.79%"
"07/14/2016","6,140","6,143","6,188","6,069","3.97M","-0.78%"
"07/13/2016","6,188","6,192","6,227","6,091","5.55M","-0.59%"
"07/12/2016","6,225","6,006","6,268","5,983","7.14M","3.34%"
"07/11/2016","6,024","5,950","6,080","5,900","3.74M","2.80%"
"07/08/2016","5,860","5,746","5,860","5,652","3.54M","1.74%"
"07/07/2016","5,760","5,713","5,821","5,664","4.48M","1.52%"
"07/06/2016","5,674","5,803","5,836","5,641","7.13M","-3.77%"
"07/05/2016","5,896","5,926","5,989","5,852","4.72M","-1.90%"
"07/04/2016","6,010","6,103","6,129","5,974","2.41M","-0.94%"
"07/01/2016","6,067","6,060","6,149","5,881","4.61M","0.51%"
"06/30/2016","6,036","6,000","6,163","5,940","7.21M","1.80%"
"06/29/2016","5,929","5,912","6,019","5,809","5.27M","0.92%"
"06/28/2016","5,875","5,817","5,950","5,801","6.05M","2.71%"
"06/27/2016","5,720","5,993","5,998","5,681","4.99M","-5.55%"
"06/24/2016","6,056","5,800","6,175","5,800","5.30M","-3.43%"
"06/23/2016","6,271","6,342","6,398","6,183","3.46M","-1.12%"
"06/22/2016","6,342","6,289","6,447","6,191","5.73M","1.73%"
"06/21/2016","6,234","6,220","6,285","6,145","3.83M","0.73%"
"06/20/2016","6,189","6,200","6,415","6,144","5.12M","0.55%"
"06/17/2016","6,155","5,978","6,191","5,967","8.18M","0.97%"
"06/15/2016","6,096","5,980","6,123","5,934","16.21M","2.64%"
"06/14/2016","5,939","6,142","6,170","5,887","7.86M","-4.07%"
"06/13/2016","6,191","6,193","6,290","6,132","5.18M","-0.75%"
"06/10/2016","6,238","6,340","6,340","6,112","6.17M","-0.98%"
"06/09/2016","6,300","6,325","6,411","6,226","6.09M","-1.10%"
"06/08/2016","6,370","6,700","6,826","6,186","11.71M","-5.07%"
"06/07/2016","6,710","6,549","6,740","6,500","8.07M","3.55%"
"06/06/2016","6,480","6,437","6,537","6,380","2.86M","0.51%"
"06/03/2016","6,447","6,482","6,539","6,349","5.23M","-0.08%"
"06/02/2016","6,452","6,384","6,520","6,351","4.12M","1.48%"
"06/01/2016","6,358","6,223","6,360","6,122","6.44M","2.17%"
"05/31/2016","6,223","6,449","6,478","6,223","39.03M","-3.59%"
"05/30/2016","6,455","6,460","6,489","6,400","2.61M","-0.52%"
"05/27/2016","6,489","6,399","6,526","6,357","7.40M","2.19%"
"05/26/2016","6,350","6,320","6,478","6,320","5.38M","-0.08%"
"05/25/2016","6,355","6,269","6,427","6,258","4.56M","2.07%"
"05/24/2016","6,226","6,173","6,300","6,117","4.27M","0.81%"
"05/23/2016","6,176","6,256","6,322","6,097","2.77M","-0.08%"
"05/20/2016","6,181","6,200","6,300","6,170","3.69M","-0.15%"
"05/19/2016","6,190","6,249","6,249","6,112","4.29M","-1.21%"
"05/18/2016","6,266","6,104","6,266","6,013","6.30M","2.09%"
"05/17/2016","6,138","6,300","6,301","6,065","6.08M","-1.32%"
"05/16/2016","6,220","6,231","6,273","6,126","6.50M","0.32%"
"05/13/2016","6,200","6,350","6,350","6,028","12.63M","-3.26%"
"05/12/2016","6,409","6,500","6,555","6,340","2.65M","-1.61%"
"05/11/2016","6,514","6,509","6,599","6,412","3.56M","0.77%"
"05/10/2016","6,464","6,403","6,501","6,309","5.02M","0.92%"
"05/09/2016","6,405","6,459","6,627","6,398","2.57M","-0.47%"
"05/06/2016","6,435","6,485","6,544","6,350","4.32M","-0.77%"
"05/05/2016","6,485","6,649","6,681","6,444","5.50M","-1.99%"
"05/04/2016","6,617","6,547","6,750","6,471","8.45M","-0.35%"
"05/03/2016","6,640","6,970","6,970","6,535","6.03M","-3.77%"
"04/29/2016","6,900","6,916","6,986","6,849","3.84M","-0.43%"
"04/28/2016","6,930","7,145","7,149","6,907","4.94M","-1.70%"
"04/26/2016","7,050","6,935","7,050","6,898","2.47M","0.33%"
"04/25/2016","7,027","6,954","7,066","6,819","4.42M","0.83%"
"04/22/2016","6,969","6,994","7,037","6,810","5.06M","-1.08%"
"04/21/2016","7,045","7,012","7,147","6,965","6.03M","0.34%"
"04/20/2016","7,021","6,799","7,062","6,690","4.44M","3.25%"
"04/19/2016","6,800","6,750","6,820","6,710","4.63M","0.37%"
"04/18/2016","6,775","6,600","6,775","6,600","2.55M","0.41%"
"04/15/2016","6,747","6,749","6,756","6,671","3.18M","0.70%"
"04/14/2016","6,700","6,709","6,793","6,656","5.38M","-0.39%"
"04/13/2016","6,726","6,636","6,895","6,608","7.26M","2.75%"
"04/12/2016","6,546","6,474","6,662","6,398","5.86M","0.55%"
"04/11/2016","6,510","6,353","6,510","6,168","4.46M","2.47%"
"04/08/2016","6,353","6,162","6,353","6,142","4.46M","3.30%"
"04/07/2016","6,150","6,418","6,435","6,116","6.01M","-3.15%"
"04/06/2016","6,350","6,314","6,400","6,240","10.01M","0.89%"
"04/05/2016","6,294","6,500","6,500","6,164","3.75M","-4.17%"
"04/04/2016","6,568","6,475","6,580","6,339","3.91M","-1.34%"
"04/01/2016","6,657","6,760","6,799","6,559","5.59M","-2.80%"
"03/31/2016","6,849","6,617","6,849","6,475","6.69M","3.35%"
"03/30/2016","6,627","6,450","6,678","6,394","6.29M","4.31%"
"03/29/2016","6,353","6,410","6,595","6,280","3.97M","-1.38%"
"03/24/2016","6,442","6,550","6,565","6,303","3.32M","-1.32%"
"03/23/2016","6,528","6,600","6,683","6,454","3.98M","-2.55%"
"03/22/2016","6,699","6,686","6,699","6,406","5.57M","0.53%"
"03/18/2016","6,664","6,300","6,664","6,300","9.15M","4.00%"
"03/17/2016","6,408","6,100","6,411","6,100","16.32M","4.36%"
"03/16/2016","6,140","6,000","6,149","5,938","4.04M","2.90%"
"03/15/2016","5,967","6,100","6,100","5,934","5.46M","-2.67%"
"03/14/2016","6,131","6,050","6,200","5,971","5.17M","2.83%"
"03/11/2016","5,962","5,900","6,007","5,803","3.05M","0.51%"
"03/10/2016","5,932","6,085","6,191","5,719","9.50M","-5.19%"
"03/09/2016","6,257","6,139","6,257","6,053","7.13M","1.08%"
"03/08/2016","6,190","6,140","6,204","6,026","10.08M","1.23%"
"03/07/2016","6,115","5,805","6,157","5,802","9.75M","5.98%"
"03/04/2016","5,770","5,760","5,831","5,676","5.23M","0.16%"
"03/03/2016","5,761","5,655","5,761","5,518","5.96M","3.06%"
"03/02/2016","5,590","5,630","5,741","5,541","4.59M","-0.48%"
"03/01/2016","5,617","5,260","5,645","5,260","4.19M","4.99%"
"02/29/2016","5,350","5,297","5,450","5,205","6.57M","1.00%"
"02/26/2016","5,297","5,380","5,499","5,282","2.56M","-1.52%"
"02/25/2016","5,379","5,375","5,460","5,200","4.27M","2.99%"
"02/24/2016","5,223","5,325","5,490","5,203","5.23M","-2.37%"
"02/23/2016","5,350","5,574","5,574","5,350","5.11M","-3.81%"
"02/22/2016","5,562","5,583","5,605","5,480","3.63M","1.50%"
"02/19/2016","5,480","5,700","5,798","5,422","5.60M","-5.11%"
"02/18/2016","5,775","5,670","5,823","5,560","5.78M","1.85%"
"02/17/2016","5,670","5,590","5,690","5,416","4.79M","2.55%"
"02/16/2016","5,529","5,725","5,725","5,529","3.50M","-0.83%"
"02/15/2016","5,575","5,549","5,723","5,511","5.09M","4.01%"
"02/12/2016","5,360","5,399","5,430","5,291","3.54M","1.28%"
"02/11/2016","5,292","5,300","5,446","5,174","5.72M","-1.54%"
"02/10/2016","5,375","5,305","5,571","5,272","3.86M","1.40%"
"02/09/2016","5,301","5,330","5,456","5,238","5.82M","-2.32%"
"02/08/2016","5,427","5,575","5,580","5,304","3.48M","-2.65%"
"02/05/2016","5,575","5,551","5,624","5,464","4.01M","-0.66%"
"02/04/2016","5,612","5,650","5,681","5,476","5.70M","4.10%"
"02/03/2016","5,391","5,245","5,492","5,245","4.20M","1.16%"
"02/02/2016","5,329","5,726","5,726","5,282","5.47M","-6.93%"
"02/01/2016","5,726","5,855","5,936","5,594","5.78M","-1.28%"
"01/29/2016","5,800","5,624","5,901","5,602","10.71M","3.13%"
"01/28/2016","5,624","5,323","5,671","5,323","4.88M","4.63%"
"01/27/2016","5,375","5,380","5,457","5,334","4.58M","1.34%"
"01/26/2016","5,304","5,388","5,388","5,168","7.07M","-1.92%"
"01/25/2016","5,408","5,530","5,648","5,367","5.97M","-1.94%"
"01/22/2016","5,515","5,300","5,567","5,231","8.68M","4.25%"
"01/21/2016","5,290","5,300","5,413","5,116","6.20M","-1.76%"
"01/20/2016","5,385","5,375","5,455","5,202","6.36M","-1.43%"
"01/19/2016","5,463","5,480","5,525","5,357","4.39M","2.28%"
"01/18/2016","5,341","5,277","5,459","5,277","4.34M","1.25%"
"01/15/2016","5,275","5,540","5,540","5,189","8.43M","-3.65%"
"01/14/2016","5,475","5,505","5,584","5,313","4.80M","-1.90%"
"01/13/2016","5,581","5,550","5,700","5,334","7.04M","3.22%"
"01/12/2016","5,407","5,200","5,484","5,116","7.40M","3.50%"
"01/11/2016","5,224","5,286","5,321","5,125","8.74M","-2.66%"
"01/08/2016","5,367","5,610","5,610","5,345","3.97M","-1.11%"
"01/07/2016","5,427","5,333","5,500","5,270","8.26M","-2.92%"
"01/06/2016","5,590","5,700","5,793","5,443","7.90M","-3.82%"
"01/05/2016","5,812","5,700","5,832","5,556","4.75M","1.52%"
"01/04/2016","5,725","5,990","5,990","5,610","4.22M","-5.43%"