"Date","Price","Open","High","Low","Vol.","Change %"
"03/27/2026","4,903","4,910","4,960","4,900","79.09K","-0.08%"
"03/26/2026","4,907","4,900","4,924","4,694","10.76M","-2.19%"
"03/25/2026","5,017","4,970","5,183","4,928","13.53M","4.52%"
"03/24/2026","4,800","4,779","4,874","4,604","15.73M","0.90%"
"03/23/2026","4,757","4,480","4,777","4,282","31.91M","0.59%"
"03/20/2026","4,729","4,750","4,943","4,623","33.68M","2.27%"
"03/19/2026","4,624","4,981","5,072","4,386","46.41M","-10.66%"
"03/18/2026","5,176","5,500","5,547","4,983","13.48M","-8.57%"
"03/17/2026","5,661","5,600","5,701","5,505","11.23M","1.09%"
"03/16/2026","5,600","5,382","5,669","5,349","22.49M","4.46%"
"03/13/2026","5,361","5,621","5,789","5,337","14.71M","-8.00%"
"03/12/2026","5,827","5,650","5,920","5,543","14.26M","3.39%"
"03/11/2026","5,636","5,930","5,930","5,446","9.68M","-4.96%"
"03/10/2026","5,930","5,954","6,005","5,780","10.45M","4.31%"
"03/09/2026","5,685","5,610","5,760","5,501","12.54M","-1.39%"
"03/06/2026","5,765","6,142","6,142","5,651","8.92M","-3.16%"
"03/05/2026","5,953","6,154","6,217","5,870","11.18M","-1.90%"
"03/04/2026","6,068","6,129","6,344","6,046","12.65M","3.11%"
"03/03/2026","5,885","6,696","6,696","5,795","19.94M","-12.85%"
"03/02/2026","6,753","7,225","7,449","6,708","15.09M","-3.53%"
"02/27/2026","7,000","6,840","7,045","6,771","24.72M","7.13%"
"02/26/2026","6,534","6,640","6,759","6,506","11.09M","-1.22%"
"02/25/2026","6,615","6,510","6,701","6,498","13.69M","4.26%"
"02/24/2026","6,345","6,490","6,551","6,276","10.88M","-2.61%"
"02/23/2026","6,515","6,308","6,554","6,269","13.05M","3.28%"
"02/20/2026","6,308","6,298","6,423","6,100","13.95M","1.84%"
"02/19/2026","6,194","6,401","6,442","6,020","15.19M","-3.17%"
"02/18/2026","6,397","6,510","6,677","5,950","19.49M","0.33%"
"02/17/2026","6,376","6,471","6,628","6,376","10.48M","-3.45%"
"02/16/2026","6,604","6,758","6,800","6,535","5.04M","-2.65%"
"02/13/2026","6,784","6,600","6,849","6,410","12.81M","-1.41%"
"02/12/2026","6,881","6,949","6,989","6,819","10.90M","-0.26%"
"02/11/2026","6,899","6,787","7,075","6,787","8.48M","2.68%"
"02/10/2026","6,719","6,689","6,794","6,604","9.74M","0.49%"
"02/09/2026","6,686","6,750","6,755","6,418","7.58M","1.70%"
"02/06/2026","6,574","6,285","6,637","6,251","11.91M","1.29%"
"02/05/2026","6,490","6,840","6,866","6,286","14.13M","-8.40%"
"02/04/2026","7,085","7,191","7,237","7,045","18.19M","2.16%"
"02/03/2026","6,935","7,000","7,059","6,827","15.54M","2.95%"
"02/02/2026","6,736","5,866","6,923","5,705","28.10M","-8.70%"
"01/30/2026","7,378","7,475","7,699","7,083","47.01M","-9.69%"
"01/29/2026","8,170","8,400","8,543","8,088","16.68M","-0.64%"
"01/28/2026","8,223","8,050","8,378","7,983","16.72M","5.73%"
"01/27/2026","7,777","7,880","8,050","7,766","17.05M","-3.76%"
"01/26/2026","8,081","8,000","8,139","7,921","15.98M","3.88%"
"01/23/2026","7,779","7,440","7,796","7,350","17.66M","6.29%"
"01/22/2026","7,319","7,045","7,349","7,023","15.69M","3.13%"
"01/21/2026","7,097","7,250","7,319","7,051","13.94M","0.24%"
"01/20/2026","7,080","7,201","7,241","7,035","10.09M","-0.67%"
"01/19/2026","7,128","7,104","7,147","6,960","6.77M","2.81%"
"01/16/2026","6,933","6,955","7,099","6,820","13.17M","-2.31%"
"01/15/2026","7,097","7,165","7,227","6,928","15.98M","-1.85%"
"01/14/2026","7,231","7,150","7,525","7,125","13.50M","0.49%"
"01/13/2026","7,196","6,820","7,238","6,803","14.23M","3.84%"
"01/12/2026","6,930","6,650","7,002","6,627","11.81M","6.04%"
"01/09/2026","6,535","6,320","6,565","6,287","8.41M","5.83%"
"01/08/2026","6,175","6,431","6,468","6,044","11.62M","-3.68%"
"01/07/2026","6,411","6,390","6,579","6,371","17.21M","-0.93%"
"01/06/2026","6,471","6,378","6,546","6,254","11.69M","1.30%"
"01/05/2026","6,388","6,143","6,388","6,082","11.52M","5.03%"
"01/02/2026","6,082","6,164","6,276","5,994","8.72M","0.53%"
"12/31/2025","6,050","5,950","6,050","5,850","4.05M","-2.34%"
"12/30/2025","6,195","6,040","6,364","6,040","12.21M","2.57%"
"12/29/2025","6,040","6,394","6,448","6,016","9.63M","-6.65%"
"12/24/2025","6,470","6,480","6,540","6,389","2.50M","2.03%"
"12/23/2025","6,341","6,405","6,479","6,341","8.87M","-0.06%"
"12/22/2025","6,345","6,090","6,379","6,090","12.90M","7.22%"
"12/19/2025","5,918","5,765","5,975","5,762","22.64M","1.01%"
"12/18/2025","5,859","5,881","5,931","5,746","28.98M","1.26%"
"12/17/2025","5,786","5,964","6,026","5,765","15.86M","2.66%"
"12/15/2025","5,636","5,865","5,929","5,633","11.26M","-3.90%"
"12/12/2025","5,865","5,520","5,865","5,475","20.54M","8.19%"
"12/11/2025","5,421","5,338","5,470","5,319","8.15M","1.55%"
"12/10/2025","5,338","5,380","5,460","5,305","4.52M","0.41%"
"12/09/2025","5,316","5,360","5,400","5,203","6.91M","-1.01%"
"12/08/2025","5,370","5,380","5,417","5,272","9.84M","-0.63%"
"12/05/2025","5,404","5,260","5,464","5,260","9.54M","4.32%"
"12/04/2025","5,180","5,340","5,363","5,125","8.61M","-4.22%"
"12/03/2025","5,408","5,410","5,478","5,340","10.02M","-0.92%"
"12/02/2025","5,458","5,568","5,568","5,409","12.29M","-4.20%"
"12/01/2025","5,697","5,658","5,777","5,561","18.44M","1.95%"
"11/28/2025","5,588","5,315","5,618","5,315","21.70M","6.05%"
"11/27/2025","5,269","5,360","5,459","5,228","14.55M","0.17%"
"11/26/2025","5,260","5,150","5,274","5,137","8.56M","4.16%"
"11/25/2025","5,050","5,245","5,295","5,027","9.92M","-0.36%"
"11/24/2025","5,068","4,975","5,109","4,866","18.83M","4.28%"
"11/21/2025","4,860","4,941","4,966","4,701","15.58M","-7.11%"
"11/20/2025","5,232","5,079","5,232","4,933","13.91M","1.83%"
"11/19/2025","5,138","4,790","5,156","4,756","13.18M","8.17%"
"11/18/2025","4,750","4,750","4,807","4,535","12.56M","-3.00%"
"11/17/2025","4,897","4,795","4,930","4,764","8.19M","1.60%"
"11/14/2025","4,820","4,887","4,910","4,701","11.56M","-2.78%"
"11/13/2025","4,958","5,056","5,141","4,918","11.89M","-1.45%"
"11/12/2025","5,031","4,921","5,046","4,858","9.74M","3.39%"
"11/11/2025","4,866","4,899","4,988","4,858","13.17M","-0.61%"
"11/10/2025","4,896","4,740","4,925","4,737","13.24M","7.13%"
"11/07/2025","4,570","4,650","4,707","4,520","9.22M","-3.75%"
"11/06/2025","4,748","4,755","4,800","4,554","11.82M","7.76%"
"11/05/2025","4,406","4,389","4,526","4,351","9.40M","0.14%"
"11/04/2025","4,400","4,501","4,536","4,378","10.43M","-5.19%"
"11/03/2025","4,641","4,684","4,714","4,564","5.71M","0.17%"
"10/31/2025","4,633","4,750","4,797","4,633","9.32M","-1.05%"
"10/30/2025","4,682","4,690","4,771","4,554","11.34M","-1.24%"
"10/29/2025","4,741","4,704","4,906","4,670","9.89M","2.84%"
"10/28/2025","4,610","4,381","4,634","4,281","19.44M","3.13%"
"10/27/2025","4,470","4,816","4,816","4,465","9.70M","-7.18%"
"10/24/2025","4,816","4,820","4,859","4,652","7.21M","-0.76%"
"10/23/2025","4,853","4,740","4,905","4,740","11.88M","5.16%"
"10/22/2025","4,615","4,533","4,720","4,275","22.16M","2.33%"
"10/21/2025","4,510","4,934","4,970","4,434","20.18M","-10.28%"
"10/20/2025","5,027","5,020","5,079","4,820","14.92M","-0.91%"
"10/17/2025","5,073","5,572","5,597","5,033","17.11M","-9.80%"
"10/16/2025","5,624","5,260","5,683","5,214","14.40M","8.03%"
"10/15/2025","5,206","5,170","5,310","5,152","12.58M","1.58%"
"10/14/2025","5,125","5,044","5,167","4,990","10.58M","0.95%"
"10/13/2025","5,077","4,919","5,170","4,919","13.87M","3.72%"
"10/10/2025","4,895","4,701","4,898","4,602","17.43M","-0.35%"
"10/09/2025","4,912","5,199","5,285","4,877","16.56M","-7.44%"
"10/08/2025","5,307","5,098","5,307","5,091","20.75M","5.15%"
"10/07/2025","5,047","4,887","5,117","4,841","20.08M","1.71%"
"10/06/2025","4,962","4,910","5,095","4,910","14.39M","1.37%"
"10/03/2025","4,895","4,844","4,943","4,821","8.87M","1.05%"
"10/02/2025","4,844","5,024","5,106","4,834","13.04M","-5.56%"
"10/01/2025","5,129","4,846","5,207","4,821","23.56M","4.06%"
"09/30/2025","4,929","4,899","4,960","4,654","21.79M","-0.56%"
"09/29/2025","4,957","5,000","5,049","4,836","19.46M","3.83%"
"09/26/2025","4,774","4,755","4,843","4,588","14.53M","1.94%"
"09/25/2025","4,683","4,490","4,795","4,465","18.63M","2.52%"
"09/23/2025","4,568","4,335","4,579","4,261","15.30M","7.18%"
"09/22/2025","4,262","4,200","4,298","4,122","16.95M","4.79%"
"09/19/2025","4,067","3,850","4,072","3,830","29.15M","6.80%"
"09/18/2025","3,808","3,676","3,920","3,676","31.18M","-0.03%"
"09/17/2025","3,809","3,750","3,845","3,661","13.27M","0.87%"
"09/16/2025","3,776","3,850","3,951","3,754","18.39M","-0.61%"
"09/15/2025","3,799","3,820","3,820","3,728","11.13M","-0.63%"
"09/12/2025","3,823","3,817","3,910","3,787","14.32M","1.41%"
"09/11/2025","3,770","3,776","3,807","3,648","17.76M","-0.66%"
"09/10/2025","3,795","3,811","3,900","3,795","15.03M","0.18%"
"09/09/2025","3,788","3,990","3,992","3,759","18.08M","-5.06%"
"09/08/2025","3,990","3,854","4,020","3,830","22.13M","5.53%"
"09/05/2025","3,781","3,690","3,864","3,656","20.37M","4.62%"
"09/04/2025","3,614","3,771","3,790","3,602","20.66M","-7.10%"
"09/03/2025","3,890","3,694","3,955","3,541","25.82M","5.22%"
"09/02/2025","3,697","3,780","3,816","3,585","33.10M","-1.26%"
"09/01/2025","3,744","3,411","3,783","3,402","22.91M","12.30%"
"08/29/2025","3,334","3,225","3,342","3,225","24.18M","2.14%"
"08/28/2025","3,264","3,565","3,567","3,188","24.45M","-6.15%"
"08/27/2025","3,478","3,681","3,734","3,451","20.95M","-5.54%"
"08/26/2025","3,682","3,739","3,817","3,682","261.99M","-1.55%"
"08/25/2025","3,740","3,640","3,742","3,640","12.79M","1.80%"
"08/22/2025","3,674","3,670","3,681","3,558","14.87M","-0.11%"
"08/21/2025","3,678","3,550","3,696","3,506","16.79M","4.88%"
"08/20/2025","3,507","3,511","3,550","3,456","24.99M","-0.79%"
"08/19/2025","3,535","3,590","3,652","3,524","16.21M","-1.53%"
"08/18/2025","3,590","3,655","3,697","3,558","14.32M","-1.16%"
"08/15/2025","3,632","3,791","3,820","3,565","20.43M","-3.51%"
"08/14/2025","3,764","3,820","3,832","3,739","14.65M","-1.77%"
"08/13/2025","3,832","3,915","3,943","3,808","14.65M","-1.03%"
"08/12/2025","3,872","3,881","3,931","3,843","12.75M","0.81%"
"08/11/2025","3,841","3,950","3,951","3,764","18.42M","-4.05%"
"08/08/2025","4,003","3,951","4,121","3,951","24.29M","3.76%"
"08/07/2025","3,858","3,959","4,036","3,842","15.12M","-1.38%"
"08/06/2025","3,912","4,013","4,045","3,888","18.67M","-0.25%"
"08/05/2025","3,922","4,025","4,073","3,816","27.94M","-0.78%"
"08/04/2025","3,953","3,780","3,953","3,686","25.21M","5.13%"
"08/01/2025","3,760","3,836","3,860","3,681","29.28M","-2.01%"
"07/31/2025","3,837","3,901","3,995","3,784","55.00M","-6.16%"
"07/30/2025","4,089","4,085","4,166","4,047","15.03M","-0.87%"
"07/29/2025","4,125","4,120","4,182","4,026","15.48M","-1.01%"
"07/28/2025","4,167","4,173","4,273","4,072","20.65M","-0.12%"
"07/25/2025","4,172","4,220","4,285","4,130","21.10M","-3.20%"
"07/24/2025","4,310","4,278","4,366","4,184","35.94M","-0.78%"
"07/23/2025","4,344","4,235","4,373","4,184","23.35M","2.94%"
"07/22/2025","4,220","4,175","4,224","4,034","32.03M","-0.59%"
"07/21/2025","4,245","4,114","4,268","4,107","32.99M","3.54%"
"07/18/2025","4,100","3,935","4,271","3,935","37.10M","4.83%"
"07/17/2025","3,911","3,893","3,920","3,812","20.77M","1.43%"
"07/16/2025","3,856","3,820","3,912","3,810","27.00M","-0.41%"
"07/15/2025","3,872","3,818","3,895","3,755","24.81M","0.57%"
"07/14/2025","3,850","3,707","3,918","3,707","28.30M","4.05%"
"07/11/2025","3,700","3,512","3,711","3,512","25.78M","6.05%"
"07/10/2025","3,489","3,425","3,521","3,357","16.91M","3.72%"
"07/09/2025","3,364","3,343","3,384","3,277","14.72M","-0.30%"
"07/08/2025","3,374","3,530","3,648","3,360","20.01M","-4.90%"
"07/07/2025","3,548","3,410","3,548","3,352","15.22M","1.55%"
"07/04/2025","3,494","3,343","3,494","3,342","8.43M","5.18%"
"07/03/2025","3,322","3,358","3,396","3,271","15.77M","-0.75%"
"07/02/2025","3,347","3,230","3,366","3,217","22.52M","2.48%"
"07/01/2025","3,266","3,226","3,336","3,194","20.76M","1.24%"
"06/30/2025","3,226","3,250","3,250","3,176","19.24M","2.77%"
"06/27/2025","3,139","3,315","3,315","3,111","26.10M","-5.28%"
"06/26/2025","3,314","3,181","3,400","3,181","21.13M","7.32%"
"06/25/2025","3,088","3,105","3,164","3,007","10.88M","-0.16%"
"06/24/2025","3,093","3,170","3,234","3,018","17.61M","-4.06%"
"06/23/2025","3,224","3,100","3,240","3,082","9.63M","3.00%"
"06/20/2025","3,130","3,127","3,155","3,063","25.55M","0.06%"
"06/19/2025","3,128","3,083","3,143","3,036","27.71M","0.71%"
"06/18/2025","3,106","3,040","3,134","3,011","11.22M","2.51%"
"06/17/2025","3,030","3,075","3,076","2,954","21.73M","-0.98%"
"06/13/2025","3,060","3,205","3,266","3,032","29.58M","-3.29%"
"06/12/2025","3,164","3,088","3,164","3,026","21.89M","2.46%"
"06/11/2025","3,088","3,065","3,099","2,990","31.36M","3.24%"
"06/10/2025","2,991","3,085","3,085","2,959","21.76M","-2.67%"
"06/09/2025","3,073","3,100","3,180","3,035","21.60M","2.84%"
"06/06/2025","2,988","3,000","3,089","2,930","22.65M","0.98%"
"06/05/2025","2,959","2,713","2,960","2,687","39.13M","11.03%"
"06/04/2025","2,665","2,798","2,830","2,656","14.80M","-4.10%"
"06/03/2025","2,779","2,780","2,790","2,730","8.83M","-1.56%"
"06/02/2025","2,823","2,753","2,846","2,697","13.39M","2.95%"
"05/30/2025","2,742","2,784","2,784","2,687","17.79M","-0.25%"
"05/29/2025","2,749","2,748","2,828","2,705","10.81M","0.11%"
"05/28/2025","2,746","2,700","2,781","2,700","11.04M","0.96%"
"05/27/2025","2,720","2,665","2,750","2,600","16.98M","0.00%"
"05/26/2025","2,720","2,735","2,767","2,695","5.74M","-0.55%"
"05/23/2025","2,735","2,740","2,868","2,662","25.13M","1.52%"
"05/22/2025","2,694","2,595","2,729","2,524","22.40M","4.06%"
"05/21/2025","2,589","2,450","2,674","2,450","35.70M","7.70%"
"05/20/2025","2,404","2,195","2,410","2,162","21.97M","9.67%"
"05/19/2025","2,192","2,133","2,235","2,133","19.85M","2.62%"
"05/16/2025","2,136","2,117","2,166","2,103","19.24M","0.56%"
"05/15/2025","2,124","2,040","2,154","2,040","17.21M","0.85%"
"05/14/2025","2,106","2,095","2,165","2,060","19.18M","-0.94%"
"05/13/2025","2,126","2,150","2,215","2,093","12.17M","-0.42%"
"05/12/2025","2,135","2,320","2,325","2,114","14.71M","-6.56%"
"05/09/2025","2,285","2,298","2,350","2,131","21.16M","0.48%"
"05/08/2025","2,274","2,271","2,307","2,243","23.66M","-2.45%"
"05/07/2025","2,331","2,240","2,348","2,221","28.83M","5.48%"
"05/06/2025","2,210","2,157","2,243","2,154","13.43M","3.76%"
"05/05/2025","2,130","2,100","2,199","2,067","14.21M","0.95%"
"05/02/2025","2,110","2,134","2,213","2,097","15.11M","-1.86%"
"04/30/2025","2,150","2,088","2,154","2,046","11.84M","2.28%"
"04/29/2025","2,102","2,075","2,147","2,075","10.47M","-0.10%"
"04/25/2025","2,104","2,140","2,166","2,091","13.94M","-3.88%"
"04/24/2025","2,189","2,240","2,287","2,170","12.61M","-2.71%"
"04/23/2025","2,250","2,242","2,266","2,199","23.82M","-3.02%"
"04/22/2025","2,320","2,369","2,397","2,249","33.42M","1.98%"
"04/17/2025","2,275","2,259","2,300","2,157","20.77M","0.04%"
"04/16/2025","2,274","2,160","2,307","2,128","21.15M","6.81%"
"04/15/2025","2,129","2,064","2,153","2,050","12.22M","3.15%"
"04/14/2025","2,064","2,086","2,086","1,988","10.31M","0.10%"
"04/11/2025","2,062","1,910","2,074","1,901","24.26M","9.04%"
"04/10/2025","1,891","1,875","1,910","1,787","21.76M","10.91%"
"04/09/2025","1,705","1,630","1,745","1,595","25.70M","2.10%"
"04/08/2025","1,670","1,776","1,790","1,670","26.70M","-3.75%"
"04/07/2025","1,735","1,598","1,778","1,552","33.01M","4.90%"
"04/04/2025","1,654","1,906","1,935","1,630","25.57M","-15.57%"
"04/03/2025","1,959","2,005","2,045","1,875","20.00M","-5.32%"
"04/02/2025","2,069","2,078","2,078","1,980","8.14M","-1.15%"
"04/01/2025","2,093","2,090","2,197","2,047","28.16M","0.48%"
"03/31/2025","2,083","2,032","2,108","1,993","24.61M","2.71%"
"03/28/2025","2,028","1,955","2,056","1,930","19.92M","4.11%"
"03/27/2025","1,948","1,975","1,975","1,917","18.89M","-1.86%"
"03/26/2025","1,985","1,980","1,996","1,938","11.48M","0.30%"
"03/25/2025","1,979","1,982","1,988","1,900","13.26M","1.38%"
"03/24/2025","1,952","1,945","1,990","1,939","14.93M","1.14%"
"03/20/2025","1,930","1,990","2,024","1,911","54.04M","-3.06%"
"03/19/2025","1,991","1,933","2,009","1,846","22.44M","5.34%"
"03/18/2025","1,890","1,836","1,929","1,826","30.72M","3.56%"
"03/17/2025","1,825","1,750","1,836","1,728","10.40M","3.34%"
"03/14/2025","1,766","1,779","1,795","1,740","10.79M","-0.67%"
"03/13/2025","1,778","1,743","1,778","1,677","21.96M","2.30%"
"03/12/2025","1,738","1,820","1,820","1,705","27.05M","-3.82%"
"03/11/2025","1,807","1,680","1,844","1,680","37.97M","5.61%"
"03/10/2025","1,711","1,682","1,730","1,673","15.13M","-0.70%"
"03/07/2025","1,723","1,689","1,783","1,667","26.90M","1.95%"
"03/06/2025","1,690","1,585","1,690","1,584","28.01M","7.23%"
"03/05/2025","1,576","1,520","1,588","1,520","19.45M","4.44%"
"03/04/2025","1,509","1,530","1,560","1,484","14.18M","-2.08%"
"03/03/2025","1,541","1,438","1,550","1,437","39.28M","9.45%"
"02/28/2025","1,408","1,431","1,440","1,388","289.56M","-3.50%"
"02/27/2025","1,459","1,515","1,515","1,441","31.26M","-3.95%"
"02/26/2025","1,519","1,551","1,564","1,501","29.68M","-2.00%"
"02/25/2025","1,550","1,576","1,585","1,538","30.38M","0.06%"
"02/24/2025","1,549","1,601","1,666","1,542","27.75M","-2.58%"
"02/21/2025","1,590","1,690","1,690","1,550","34.65M","-6.96%"
"02/20/2025","1,709","1,675","1,724","1,661","18.04M","1.61%"
"02/19/2025","1,682","1,738","1,747","1,669","17.82M","0.48%"
"02/18/2025","1,674","1,720","1,735","1,670","12.94M","-1.70%"
"02/17/2025","1,703","1,784","1,784","1,699","15.85M","-4.43%"
"02/14/2025","1,782","1,815","1,860","1,762","15.08M","1.48%"
"02/13/2025","1,756","1,833","1,859","1,727","18.80M","-3.94%"
"02/12/2025","1,828","1,799","1,850","1,751","17.36M","1.22%"
"02/11/2025","1,806","1,846","1,860","1,772","18.95M","-2.64%"
"02/10/2025","1,855","1,815","1,881","1,789","8.94M","1.37%"
"02/07/2025","1,830","1,862","1,903","1,809","13.16M","-1.67%"
"02/06/2025","1,861","1,900","1,912","1,855","14.18M","-2.72%"
"02/05/2025","1,913","1,901","1,922","1,870","16.29M","1.32%"
"02/04/2025","1,888","1,828","1,888","1,816","24.67M","3.57%"
"02/03/2025","1,823","1,780","1,832","1,763","13.86M","1.28%"
"01/31/2025","1,800","1,755","1,835","1,752","30.20M","4.65%"
"01/30/2025","1,720","1,676","1,720","1,651","13.24M","4.50%"
"01/29/2025","1,646","1,612","1,681","1,612","10.04M","1.29%"
"01/28/2025","1,625","1,683","1,683","1,617","10.59M","-3.50%"
"01/27/2025","1,684","1,747","1,749","1,650","11.43M","-3.94%"
"01/24/2025","1,753","1,720","1,775","1,697","12.58M","4.66%"
"01/23/2025","1,675","1,669","1,694","1,613","17.65M","1.15%"
"01/22/2025","1,656","1,693","1,710","1,653","13.47M","-2.01%"
"01/21/2025","1,690","1,660","1,702","1,660","8.23M","-0.06%"
"01/20/2025","1,691","1,684","1,695","1,650","6.47M","1.93%"
"01/17/2025","1,659","1,649","1,673","1,602","17.83M","-1.72%"
"01/16/2025","1,688","1,690","1,720","1,667","8.73M","0.06%"
"01/15/2025","1,687","1,655","1,733","1,655","11.77M","1.81%"
"01/14/2025","1,657","1,652","1,713","1,646","7.13M","-1.78%"
"01/13/2025","1,687","1,724","1,733","1,626","12.65M","-1.75%"
"01/10/2025","1,717","1,709","1,750","1,644","19.42M","1.90%"
"01/09/2025","1,685","1,636","1,731","1,636","10.12M","3.37%"
"01/08/2025","1,630","1,631","1,682","1,627","11.80M","-0.67%"
"01/07/2025","1,641","1,590","1,644","1,560","9.78M","4.66%"
"01/06/2025","1,568","1,575","1,639","1,560","10.49M","-0.44%"
"01/03/2025","1,575","1,638","1,641","1,566","12.45M","-1.19%"
"01/02/2025","1,594","1,528","1,618","1,526","15.30M","6.41%"
"12/31/2024","1,498","1,526","1,555","1,495","3.93M","-3.29%"
"12/30/2024","1,549","1,610","1,616","1,533","9.81M","-3.37%"
"12/27/2024","1,603","1,633","1,656","1,572","7.32M","-1.96%"
"12/24/2024","1,635","1,645","1,687","1,635","2.45M","0.18%"
"12/23/2024","1,632","1,686","1,710","1,625","10.29M","-3.15%"
"12/20/2024","1,685","1,652","1,695","1,616","26.58M","2.74%"
"12/19/2024","1,640","1,687","1,702","1,640","35.27M","-3.70%"
"12/18/2024","1,703","1,750","1,773","1,701","9.99M","-1.45%"
"12/17/2024","1,728","1,780","1,793","1,725","15.67M","-4.37%"
"12/13/2024","1,807","1,860","1,885","1,796","16.65M","-4.44%"
"12/12/2024","1,891","1,920","1,955","1,861","12.28M","-2.78%"
"12/11/2024","1,945","1,885","1,945","1,848","11.46M","3.24%"
"12/10/2024","1,884","1,840","1,891","1,813","13.51M","0.86%"
"12/09/2024","1,868","1,805","1,868","1,740","11.91M","5.96%"
"12/06/2024","1,763","1,788","1,821","1,753","7.05M","-3.24%"
"12/05/2024","1,822","1,835","1,861","1,792","13.47M","-2.41%"
"12/04/2024","1,867","1,900","1,922","1,844","4.88M","-0.37%"
"12/03/2024","1,874","1,800","1,906","1,800","10.12M","2.35%"
"12/02/2024","1,831","1,786","1,839","1,774","8.54M","2.40%"
"11/29/2024","1,788","1,793","1,831","1,785","8.34M","0.28%"
"11/28/2024","1,783","1,835","1,835","1,766","8.57M","-2.62%"
"11/27/2024","1,831","1,850","1,860","1,811","10.16M","-0.11%"
"11/26/2024","1,833","1,800","1,848","1,786","8.20M","1.72%"
"11/25/2024","1,802","1,890","1,890","1,798","21.59M","-4.86%"
"11/22/2024","1,894","1,891","1,959","1,879","6.87M","1.66%"
"11/21/2024","1,863","1,924","1,946","1,861","6.42M","-2.77%"
"11/20/2024","1,916","1,908","1,930","1,860","8.25M","1.38%"
"11/19/2024","1,890","1,910","1,953","1,888","8.57M","0.27%"
"11/18/2024","1,885","1,840","1,897","1,821","8.29M","2.11%"
"11/15/2024","1,846","1,843","1,885","1,823","8.60M","1.99%"
"11/14/2024","1,810","1,820","1,849","1,752","10.83M","-3.26%"
"11/13/2024","1,871","1,863","1,918","1,850","12.14M","-0.64%"
"11/12/2024","1,883","1,888","1,928","1,843","12.13M","-3.24%"
"11/11/2024","1,946","2,012","2,045","1,946","6.67M","-4.04%"
"11/08/2024","2,028","2,048","2,071","1,973","10.12M","-3.84%"
"11/07/2024","2,109","2,024","2,121","2,017","10.67M","3.48%"
"11/06/2024","2,038","2,140","2,203","1,983","22.47M","-8.86%"
"11/05/2024","2,236","1,989","2,250","1,979","26.51M","10.15%"
"11/04/2024","2,030","2,062","2,095","2,000","6.70M","-2.64%"
"11/01/2024","2,085","2,036","2,130","2,026","9.43M","2.86%"
"10/31/2024","2,027","2,145","2,169","2,020","14.63M","-6.80%"
"10/30/2024","2,175","2,299","2,299","2,160","14.70M","-5.80%"
"10/29/2024","2,309","2,240","2,318","2,185","19.12M","3.17%"
"10/28/2024","2,238","2,180","2,258","2,161","18.20M","1.22%"
"10/25/2024","2,211","2,150","2,220","2,035","17.53M","6.91%"
"10/24/2024","2,068","2,020","2,166","2,006","29.53M","7.26%"
"10/23/2024","1,928","2,028","2,046","1,905","21.50M","-1.38%"
"10/22/2024","1,955","1,950","1,989","1,897","13.30M","1.61%"
"10/21/2024","1,924","1,925","1,986","1,895","12.48M","3.33%"
"10/18/2024","1,862","1,815","1,864","1,799","13.37M","3.44%"
"10/17/2024","1,800","1,752","1,808","1,738","5.21M","2.92%"
"10/16/2024","1,749","1,670","1,758","1,670","11.06M","2.88%"
"10/15/2024","1,700","1,784","1,785","1,690","9.37M","-4.49%"
"10/14/2024","1,780","1,795","1,818","1,761","7.23M","-1.22%"
"10/11/2024","1,802","1,780","1,841","1,763","11.20M","2.33%"
"10/10/2024","1,761","1,935","1,935","1,697","36.37M","-8.28%"
"10/09/2024","1,920","1,920","1,925","1,879","11.67M","-0.62%"
"10/08/2024","1,932","1,923","1,944","1,886","12.01M","-3.21%"
"10/07/2024","1,996","2,021","2,043","1,984","12.93M","-1.87%"
"10/04/2024","2,034","2,000","2,034","1,988","20.45M","2.42%"
"10/03/2024","1,986","1,988","2,003","1,907","18.25M","-1.29%"
"10/02/2024","2,012","1,924","2,029","1,823","19.59M","8.64%"
"10/01/2024","1,852","1,765","1,923","1,748","18.45M","3.75%"
"09/30/2024","1,785","1,884","1,886","1,772","15.96M","-5.15%"
"09/27/2024","1,882","1,874","1,907","1,820","15.86M","0.05%"
"09/26/2024","1,881","1,920","1,938","1,878","14.93M","-0.90%"
"09/25/2024","1,898","1,909","1,942","1,871","17.34M","3.04%"
"09/23/2024","1,842","1,791","1,850","1,774","10.12M","1.77%"
"09/20/2024","1,810","1,853","1,879","1,796","20.61M","-2.79%"
"09/19/2024","1,862","1,869","1,904","1,830","27.89M","2.14%"
"09/18/2024","1,823","1,864","1,872","1,800","10.56M","-2.51%"
"09/17/2024","1,870","1,837","1,879","1,816","17.20M","2.69%"
"09/16/2024","1,821","1,781","1,829","1,736","18.03M","5.38%"
"09/13/2024","1,728","1,611","1,772","1,611","35.19M","11.56%"
"09/12/2024","1,549","1,479","1,600","1,479","27.22M","9.86%"
"09/11/2024","1,410","1,430","1,520","1,400","27.27M","-5.31%"
"09/10/2024","1,489","1,509","1,509","1,428","16.93M","-2.17%"
"09/09/2024","1,522","1,559","1,584","1,522","12.14M","-4.04%"
"09/06/2024","1,586","1,643","1,643","1,563","12.16M","-1.49%"
"09/05/2024","1,610","1,639","1,639","1,599","14.02M","-0.62%"
"09/04/2024","1,620","1,600","1,629","1,579","17.98M","1.38%"
"09/03/2024","1,598","1,720","1,720","1,598","12.71M","-7.20%"
"09/02/2024","1,722","1,655","1,722","1,571","14.14M","-0.06%"
"08/30/2024","1,723","1,845","1,845","1,722","20.97M","-5.74%"
"08/29/2024","1,828","1,831","1,864","1,818","5.64M","0.55%"
"08/28/2024","1,818","1,909","1,929","1,818","7.25M","-6.24%"
"08/27/2024","1,939","1,901","1,954","1,901","4.62M","0.67%"
"08/26/2024","1,926","1,950","1,974","1,916","3.90M","-0.72%"
"08/23/2024","1,940","1,911","1,959","1,905","4.74M","1.89%"
"08/22/2024","1,904","1,985","2,013","1,897","5.14M","-3.55%"
"08/21/2024","1,974","1,921","2,007","1,921","8.85M","0.05%"
"08/20/2024","1,973","1,915","2,002","1,900","11.08M","3.24%"
"08/19/2024","1,911","1,800","1,924","1,800","8.18M","4.03%"
"08/16/2024","1,837","1,837","1,873","1,816","9.41M","0.05%"
"08/15/2024","1,836","1,805","1,856","1,792","7.38M","2.34%"
"08/14/2024","1,794","1,813","1,841","1,789","7.42M","-0.72%"
"08/13/2024","1,807","1,785","1,818","1,750","13.74M","2.09%"
"08/12/2024","1,770","1,790","1,809","1,750","10.98M","-1.12%"
"08/08/2024","1,790","1,802","1,828","1,768","14.47M","-2.29%"
"08/07/2024","1,832","1,850","1,883","1,810","15.80M","0.11%"
"08/06/2024","1,830","1,870","1,874","1,804","13.98M","-1.77%"
"08/05/2024","1,863","1,896","1,907","1,837","23.23M","-4.27%"
"08/02/2024","1,946","2,075","2,075","1,946","12.46M","-1.96%"
"08/01/2024","1,985","2,086","2,086","1,984","7.90M","-4.84%"
"07/31/2024","2,086","1,970","2,086","1,961","19.76M","7.53%"
"07/30/2024","1,940","1,920","1,965","1,920","8.49M","1.15%"
"07/29/2024","1,918","1,947","1,979","1,918","6.30M","-1.49%"
"07/26/2024","1,947","2,009","2,009","1,945","5.92M","-1.72%"
"07/25/2024","1,981","2,035","2,035","1,950","9.06M","-4.21%"
"07/24/2024","2,068","2,040","2,091","2,021","8.97M","2.99%"
"07/23/2024","2,008","1,971","2,029","1,958","10.92M","2.03%"
"07/22/2024","1,968","2,034","2,045","1,968","5.61M","-3.01%"
"07/19/2024","2,029","2,020","2,048","1,960","9.66M","-3.10%"
"07/18/2024","2,094","2,150","2,151","2,075","8.32M","-1.04%"
"07/17/2024","2,116","2,150","2,217","2,116","13.34M","-1.54%"
"07/16/2024","2,149","2,071","2,167","2,071","8.25M","1.03%"
"07/15/2024","2,127","2,100","2,127","2,058","12.69M","0.14%"
"07/12/2024","2,124","2,121","2,150","2,070","5.33M","-1.44%"
"07/11/2024","2,155","2,195","2,219","2,116","10.76M","-0.65%"
"07/10/2024","2,169","2,102","2,185","2,102","5.94M","1.45%"
"07/09/2024","2,138","2,155","2,183","2,121","7.04M","-1.02%"
"07/08/2024","2,160","2,160","2,188","2,121","8.48M","0.37%"
"07/05/2024","2,152","2,140","2,185","2,090","6.70M","1.13%"
"07/04/2024","2,128","2,066","2,143","2,064","4.62M","1.92%"
"07/03/2024","2,088","1,948","2,100","1,924","11.04M","10.48%"
"07/02/2024","1,890","1,939","1,939","1,862","13.16M","-1.36%"
"07/01/2024","1,916","1,999","1,999","1,909","5.47M","-2.84%"
"06/28/2024","1,972","1,955","2,011","1,955","8.80M","-0.60%"
"06/27/2024","1,984","1,952","2,010","1,941","7.26M","1.38%"
"06/26/2024","1,957","2,000","2,014","1,926","13.11M","-2.15%"
"06/25/2024","2,000","2,101","2,135","2,000","9.15M","-5.44%"
"06/24/2024","2,115","2,090","2,168","2,074","13.37M","1.73%"
"06/21/2024","2,079","2,070","2,118","1,998","33.56M","1.56%"
"06/20/2024","2,047","2,050","2,095","2,003","39.02M","1.19%"
"06/19/2024","2,023","2,048","2,121","2,018","11.77M","-0.30%"
"06/18/2024","2,029","2,010","2,053","1,997","9.60M","1.25%"
"06/14/2024","2,004","2,001","2,030","1,955","8.00M","0.55%"
"06/13/2024","1,993","2,040","2,048","1,974","7.51M","-4.09%"
"06/12/2024","2,078","2,061","2,147","2,035","10.52M","1.37%"
"06/11/2024","2,050","2,100","2,119","2,032","6.51M","-1.82%"
"06/10/2024","2,088","2,100","2,122","2,076","7.47M","-1.83%"
"06/07/2024","2,127","2,199","2,244","2,105","14.55M","-1.35%"
"06/06/2024","2,156","2,131","2,195","2,131","8.03M","0.09%"
"06/05/2024","2,154","2,140","2,168","2,088","13.97M","0.14%"
"06/04/2024","2,151","2,340","2,340","2,147","14.32M","-7.32%"
"06/03/2024","2,321","2,350","2,351","2,285","10.13M","-1.69%"
"05/31/2024","2,361","2,365","2,407","2,337","21.00M","-0.84%"
"05/30/2024","2,381","2,266","2,411","2,235","14.11M","-0.25%"
"05/28/2024","2,387","2,387","2,434","2,362","8.01M","-1.00%"
"05/27/2024","2,411","2,420","2,455","2,405","4.54M","1.30%"
"05/24/2024","2,380","2,345","2,420","2,309","7.03M","2.67%"
"05/23/2024","2,318","2,370","2,419","2,316","9.02M","-3.98%"
"05/22/2024","2,414","2,510","2,530","2,403","14.19M","-4.47%"
"05/21/2024","2,527","2,531","2,556","2,456","8.48M","-2.09%"
"05/20/2024","2,581","2,600","2,672","2,539","12.08M","0.27%"
"05/17/2024","2,574","2,433","2,586","2,395","14.18M","5.80%"
"05/16/2024","2,433","2,424","2,518","2,403","15.68M","2.79%"
"05/15/2024","2,367","2,276","2,370","2,275","19.61M","5.53%"
"05/14/2024","2,243","2,298","2,304","2,167","24.81M","-2.69%"
"05/13/2024","2,305","2,290","2,305","2,241","14.54M","0.66%"
"05/10/2024","2,290","2,330","2,362","2,236","19.20M","3.11%"
"05/09/2024","2,221","2,170","2,265","2,117","13.51M","2.63%"
"05/08/2024","2,164","2,262","2,262","2,140","13.21M","-4.08%"
"05/07/2024","2,256","2,199","2,275","2,181","8.53M","2.59%"
"05/06/2024","2,199","2,115","2,226","2,115","11.34M","4.76%"
"05/03/2024","2,099","2,091","2,135","2,070","12.95M","-0.47%"
"05/02/2024","2,109","2,160","2,226","2,076","14.46M","-3.12%"
"04/30/2024","2,177","2,320","2,344","2,177","18.22M","-6.16%"
"04/29/2024","2,320","2,256","2,329","2,206","19.54M","4.55%"
"04/26/2024","2,219","2,280","2,335","2,219","16.03M","-0.94%"
"04/25/2024","2,240","2,270","2,289","2,175","13.06M","-1.62%"
"04/24/2024","2,277","2,282","2,325","2,216","8.25M","0.57%"
"04/23/2024","2,264","2,360","2,360","2,244","18.85M","-4.51%"
"04/22/2024","2,371","2,410","2,465","2,311","9.27M","-4.01%"
"04/19/2024","2,470","2,545","2,545","2,428","7.23M","-2.79%"
"04/18/2024","2,541","2,565","2,575","2,495","9.42M","-1.28%"
"04/17/2024","2,574","2,466","2,624","2,411","14.81M","5.15%"
"04/16/2024","2,448","2,531","2,531","2,420","17.29M","-5.12%"
"04/15/2024","2,580","2,627","2,632","2,495","21.65M","-5.04%"
"04/12/2024","2,717","2,598","2,738","2,582","29.95M","8.90%"
"04/11/2024","2,495","2,565","2,607","2,480","17.09M","-3.07%"
"04/10/2024","2,574","2,650","2,658","2,428","26.46M","-1.00%"
"04/09/2024","2,600","2,550","2,698","2,550","29.65M","2.24%"
"04/08/2024","2,543","2,400","2,548","2,357","25.77M","8.58%"
"04/05/2024","2,342","2,359","2,386","2,289","12.93M","-3.42%"
"04/04/2024","2,425","2,301","2,425","2,250","21.75M","9.23%"
"04/03/2024","2,220","2,253","2,253","2,187","10.02M","-0.45%"
"04/02/2024","2,230","2,175","2,268","2,175","18.75M","2.81%"
"03/28/2024","2,169","2,060","2,179","2,060","10.17M","5.55%"
"03/27/2024","2,055","2,109","2,127","2,022","11.73M","-3.20%"
"03/26/2024","2,123","2,170","2,200","2,107","12.04M","-3.19%"
"03/25/2024","2,193","2,124","2,198","2,099","12.49M","1.11%"
"03/22/2024","2,169","2,100","2,213","2,071","23.83M","11.86%"
"03/20/2024","1,939","1,910","2,007","1,894","32.48M","2.05%"
"03/19/2024","1,900","1,982","1,986","1,885","13.97M","-4.14%"
"03/18/2024","1,982","2,050","2,100","1,974","17.95M","-5.57%"
"03/15/2024","2,099","2,083","2,148","2,070","35.38M","0.43%"
"03/14/2024","2,090","2,146","2,180","2,076","17.31M","-3.51%"
"03/13/2024","2,166","2,016","2,213","2,016","13.79M","5.15%"
"03/12/2024","2,060","2,120","2,144","2,020","9.49M","-2.83%"
"03/11/2024","2,120","2,130","2,152","2,047","12.28M","-0.42%"
"03/08/2024","2,129","2,095","2,157","2,074","10.58M","3.96%"
"03/07/2024","2,048","1,996","2,057","1,993","11.40M","4.86%"
"03/06/2024","1,953","1,820","1,985","1,775","14.97M","7.19%"
"03/05/2024","1,822","1,942","2,010","1,790","20.06M","-5.69%"
"03/04/2024","1,932","1,999","2,050","1,924","10.86M","-1.73%"
"03/01/2024","1,966","1,980","1,999","1,901","13.44M","-1.06%"
"02/29/2024","1,987","1,951","2,016","1,950","19.73M","1.90%"
"02/28/2024","1,950","2,015","2,015","1,943","6.70M","-2.84%"
"02/27/2024","2,007","2,033","2,033","1,986","6.22M","-1.38%"
"02/26/2024","2,035","2,010","2,045","1,950","9.68M","1.50%"
"02/23/2024","2,005","2,030","2,067","1,984","10.80M","-1.57%"
"02/22/2024","2,037","1,966","2,062","1,966","17.67M","2.16%"
"02/21/2024","1,994","1,999","2,067","1,955","29.80M","-5.41%"
"02/20/2024","2,108","2,065","2,147","2,042","18.19M","1.10%"
"02/19/2024","2,085","2,126","2,162","2,071","6.76M","-2.62%"
"02/16/2024","2,141","2,170","2,180","2,105","7.61M","-1.25%"
"02/15/2024","2,168","2,092","2,182","2,070","9.81M","5.86%"
"02/14/2024","2,048","1,980","2,048","1,953","12.98M","4.28%"
"02/13/2024","1,964","2,050","2,074","1,962","13.90M","-2.87%"
"02/12/2024","2,022","2,000","2,045","1,961","16.27M","2.48%"
"02/09/2024","1,973","2,063","2,063","1,956","10.95M","-3.57%"
"02/08/2024","2,046","2,105","2,119","1,995","9.32M","-3.81%"
"02/07/2024","2,127","2,223","2,247","2,088","14.65M","-4.19%"
"02/06/2024","2,220","2,240","2,249","2,177","7.29M","1.69%"
"02/05/2024","2,183","2,250","2,289","2,183","9.25M","-3.32%"
"02/02/2024","2,258","2,329","2,350","2,237","7.20M","-1.14%"
"02/01/2024","2,284","2,255","2,299","2,211","6.95M","-0.17%"
"01/31/2024","2,288","2,251","2,312","2,223","46.36M","0.57%"
"01/30/2024","2,275","2,280","2,345","2,261","11.15M","1.11%"
"01/29/2024","2,250","2,224","2,281","2,204","10.37M","-0.88%"
"01/26/2024","2,270","2,260","2,280","2,190","6.33M","0.58%"
"01/25/2024","2,257","2,239","2,275","2,222","7.48M","0.09%"
"01/24/2024","2,255","2,207","2,299","2,207","9.51M","3.02%"
"01/23/2024","2,189","2,142","2,336","2,132","9.34M","2.77%"
"01/22/2024","2,130","2,105","2,148","2,051","9.76M","1.28%"
"01/19/2024","2,103","2,142","2,182","2,094","9.61M","-1.17%"
"01/18/2024","2,128","2,150","2,209","2,094","10.81M","0.00%"
"01/17/2024","2,128","2,220","2,243","2,118","11.42M","-6.13%"
"01/16/2024","2,267","2,290","2,319","2,250","8.44M","-1.31%"
"01/15/2024","2,297","2,375","2,398","2,281","4.73M","-4.13%"
"01/12/2024","2,396","2,320","2,482","2,256","13.24M","4.58%"
"01/11/2024","2,291","2,350","2,392","2,291","7.36M","-0.17%"
"01/10/2024","2,295","2,359","2,372","2,295","4.45M","-2.63%"
"01/09/2024","2,357","2,368","2,384","2,341","4.95M","1.33%"
"01/08/2024","2,326","2,386","2,386","2,287","5.79M","-2.68%"
"01/05/2024","2,390","2,341","2,390","2,341","8.03M","2.14%"
"01/04/2024","2,340","2,367","2,414","2,326","6.48M","-1.06%"
"01/03/2024","2,365","2,462","2,462","2,335","5.36M","-4.64%"
"01/02/2024","2,480","2,500","2,547","2,432","5.40M","-0.40%"
"12/29/2023","2,490","2,538","2,566","2,454","5.11M","-3.19%"
"12/28/2023","2,572","2,600","2,640","2,552","6.49M","-1.68%"
"12/27/2023","2,616","2,571","2,665","2,571","9.36M","1.95%"
"12/22/2023","2,566","2,560","2,629","2,520","3.73M","1.34%"
"12/21/2023","2,532","2,476","2,541","2,413","18.11M","1.40%"
"12/20/2023","2,497","2,504","2,590","2,476","7.87M","-1.42%"
"12/19/2023","2,533","2,450","2,533","2,385","9.37M","5.32%"
"12/18/2023","2,405","2,378","2,482","2,352","16.45M","1.99%"
"12/14/2023","2,358","2,181","2,395","2,181","34.76M","12.88%"
"12/13/2023","2,089","2,120","2,123","2,040","17.12M","-2.34%"
"12/12/2023","2,139","2,250","2,275","2,139","12.42M","-4.81%"
"12/11/2023","2,247","2,250","2,276","2,218","22.96M","1.31%"
"12/08/2023","2,218","2,175","2,229","2,145","11.54M","2.12%"
"12/07/2023","2,172","2,075","2,172","2,075","12.02M","2.07%"
"12/06/2023","2,128","2,097","2,166","2,056","11.84M","2.06%"
"12/05/2023","2,085","2,105","2,110","2,017","15.85M","-0.86%"
"12/04/2023","2,103","2,135","2,159","2,080","10.75M","-0.19%"
"12/01/2023","2,107","2,104","2,132","2,042","14.93M","1.30%"
"11/30/2023","2,080","2,100","2,125","2,066","25.47M","0.10%"
"11/29/2023","2,078","2,125","2,184","2,046","18.72M","-0.81%"
"11/28/2023","2,095","2,060","2,095","2,042","21.91M","2.39%"
"11/27/2023","2,046","2,040","2,048","2,009","21.42M","0.59%"
"11/24/2023","2,034","2,001","2,041","1,946","28.17M","2.16%"
"11/23/2023","1,991","2,076","2,080","1,988","21.27M","-1.19%"
"11/22/2023","2,015","1,940","2,015","1,910","67.88M","7.75%"
"11/21/2023","1,870","2,150","2,178","1,756","182.09M","-20.39%"
"11/20/2023","2,349","2,392","2,394","2,338","4.55M","-0.84%"
"11/17/2023","2,369","2,385","2,399","2,312","5.95M","-0.88%"
"11/16/2023","2,390","2,395","2,410","2,351","6.78M","-0.21%"
"11/15/2023","2,395","2,380","2,480","2,361","10.43M","0.50%"
"11/14/2023","2,383","2,249","2,383","2,189","9.96M","7.63%"
"11/13/2023","2,214","2,177","2,214","2,165","7.95M","2.03%"
"11/10/2023","2,170","2,284","2,297","2,156","16.13M","-6.59%"
"11/09/2023","2,323","2,344","2,356","2,293","9.24M","-3.49%"
"11/08/2023","2,407","2,351","2,407","2,319","7.00M","1.86%"
"11/07/2023","2,363","2,444","2,458","2,359","10.64M","-6.23%"
"11/06/2023","2,520","2,489","2,544","2,465","8.23M","3.11%"
"11/03/2023","2,444","2,293","2,456","2,263","12.30M","6.86%"
"11/02/2023","2,287","2,375","2,375","2,203","11.18M","-1.29%"
"11/01/2023","2,317","2,380","2,387","2,283","9.55M","-3.05%"
"10/31/2023","2,390","2,400","2,469","2,379","8.05M","-1.65%"
"10/30/2023","2,430","2,400","2,444","2,365","9.44M","3.62%"
"10/27/2023","2,345","2,380","2,449","2,332","11.54M","-1.18%"
"10/26/2023","2,373","2,305","2,373","2,235","15.53M","2.91%"
"10/25/2023","2,306","2,400","2,412","2,306","16.84M","-4.59%"
"10/24/2023","2,417","2,541","2,556","2,384","11.81M","-3.71%"
"10/23/2023","2,510","2,642","2,642","2,502","7.50M","-4.38%"
"10/20/2023","2,625","2,572","2,642","2,515","10.99M","2.34%"
"10/19/2023","2,565","2,650","2,650","2,557","8.08M","-4.75%"
"10/18/2023","2,693","2,882","2,882","2,693","8.42M","-5.67%"
"10/17/2023","2,855","2,806","2,876","2,793","7.27M","1.17%"
"10/16/2023","2,822","2,800","2,913","2,762","12.74M","0.86%"
"10/13/2023","2,798","2,680","2,808","2,648","7.28M","4.25%"
"10/12/2023","2,684","2,790","2,900","2,680","9.79M","-2.86%"
"10/11/2023","2,763","2,774","2,774","2,704","10.65M","-0.47%"
"10/10/2023","2,776","2,775","2,799","2,736","17.38M","1.31%"
"10/09/2023","2,740","2,586","2,749","2,586","15.34M","7.66%"
"10/06/2023","2,545","2,554","2,587","2,460","12.70M","-0.35%"
"10/05/2023","2,554","2,605","2,628","2,511","9.70M","-1.43%"
"10/04/2023","2,591","2,600","2,673","2,579","9.33M","-1.41%"
"10/03/2023","2,628","2,758","2,799","2,562","20.92M","-6.87%"
"10/02/2023","2,822","2,950","2,950","2,815","8.82M","-3.46%"
"09/29/2023","2,923","2,980","3,003","2,910","9.11M","-1.45%"
"09/28/2023","2,966","2,949","2,983","2,894","8.04M","1.40%"
"09/27/2023","2,925","3,000","3,020","2,918","5.87M","-2.21%"
"09/26/2023","2,991","2,975","3,082","2,842","11.41M","-2.09%"
"09/22/2023","3,055","3,091","3,154","3,052","8.00M","-0.88%"
"09/21/2023","3,082","3,160","3,160","2,969","23.46M","-4.14%"
"09/20/2023","3,215","3,150","3,216","3,101","7.76M","0.91%"
"09/19/2023","3,186","3,179","3,207","3,130","12.52M","0.95%"
"09/18/2023","3,156","3,189","3,233","3,108","12.50M","-1.13%"
"09/15/2023","3,192","2,990","3,198","2,963","38.17M","7.44%"
"09/14/2023","2,971","2,775","2,971","2,771","17.95M","7.92%"
"09/13/2023","2,753","2,701","2,774","2,675","9.75M","2.72%"
"09/12/2023","2,680","2,677","2,693","2,615","10.70M","1.09%"
"09/11/2023","2,651","2,625","2,700","2,620","9.51M","2.47%"
"09/08/2023","2,587","2,660","2,691","2,564","17.49M","-2.56%"
"09/07/2023","2,655","2,720","2,720","2,624","11.92M","-1.81%"
"09/06/2023","2,704","2,651","2,739","2,600","14.25M","-0.26%"
"09/05/2023","2,711","2,730","2,732","2,600","22.99M","-0.29%"
"09/04/2023","2,719","2,780","2,790","2,719","7.53M","-1.84%"
"09/01/2023","2,770","2,875","2,875","2,703","14.51M","-3.62%"
"08/31/2023","2,874","2,954","2,988","2,850","21.04M","-1.91%"
"08/30/2023","2,930","3,022","3,047","2,770","18.86M","-2.46%"
"08/29/2023","3,004","3,250","3,275","2,844","18.15M","-6.71%"
"08/28/2023","3,220","3,218","3,240","3,178","5.79M","2.06%"
"08/25/2023","3,155","3,220","3,259","3,155","6.67M","-1.65%"
"08/24/2023","3,208","3,108","3,221","3,108","6.93M","3.68%"
"08/23/2023","3,094","2,985","3,111","2,935","8.96M","5.27%"
"08/22/2023","2,939","2,992","2,994","2,921","8.95M","0.17%"
"08/21/2023","2,934","2,860","2,960","2,860","7.87M","1.80%"
"08/18/2023","2,882","2,974","2,974","2,860","23.95M","-1.97%"
"08/17/2023","2,940","2,931","2,966","2,877","13.18M","-1.21%"
"08/16/2023","2,976","3,050","3,050","2,933","6.58M","-0.30%"
"08/15/2023","2,985","3,001","3,005","2,905","11.14M","-0.10%"
"08/14/2023","2,988","3,198","3,204","2,980","12.22M","-6.57%"
"08/11/2023","3,198","3,150","3,227","3,150","10.64M","0.31%"
"08/10/2023","3,188","3,046","3,228","3,046","13.78M","4.18%"
"08/08/2023","3,060","3,149","3,149","3,035","18.37M","-2.30%"
"08/07/2023","3,132","3,179","3,222","3,110","7.12M","-0.60%"
"08/04/2023","3,151","3,136","3,183","3,051","13.69M","0.80%"
"08/03/2023","3,126","3,079","3,155","3,013","15.92M","3.34%"
"08/02/2023","3,025","3,205","3,205","3,025","19.72M","-4.72%"
"08/01/2023","3,175","3,402","3,444","3,150","18.28M","-6.12%"
"07/31/2023","3,382","3,295","3,417","3,252","23.00M","3.08%"
"07/28/2023","3,281","3,240","3,304","3,199","9.75M","1.55%"
"07/27/2023","3,231","3,284","3,369","3,208","11.18M","-0.49%"
"07/26/2023","3,247","3,200","3,284","3,191","9.84M","1.41%"
"07/25/2023","3,202","3,185","3,219","3,156","8.93M","0.53%"
"07/24/2023","3,185","3,241","3,290","3,169","7.05M","-1.70%"
"07/21/2023","3,240","3,226","3,249","3,189","7.87M","0.43%"
"07/20/2023","3,226","3,278","3,325","3,210","9.14M","-2.27%"
"07/19/2023","3,301","3,300","3,313","3,251","5.66M","0.76%"
"07/18/2023","3,276","3,279","3,299","3,221","9.99M","1.20%"
"07/17/2023","3,237","3,200","3,277","3,146","11.56M","-0.22%"
"07/14/2023","3,244","3,215","3,274","3,177","6.93M","1.60%"
"07/13/2023","3,193","3,200","3,220","3,105","9.31M","2.80%"
"07/12/2023","3,106","3,000","3,135","2,970","10.82M","4.51%"
"07/11/2023","2,972","2,900","3,023","2,889","9.77M","3.19%"
"07/10/2023","2,880","2,900","2,907","2,793","8.26M","-0.86%"
"07/07/2023","2,905","2,853","2,924","2,826","14.20M","2.11%"
"07/06/2023","2,845","2,940","2,958","2,837","15.23M","-3.92%"
"07/05/2023","2,961","2,960","2,972","2,918","5.71M","0.07%"
"07/04/2023","2,959","2,962","2,984","2,930","7.48M","-0.07%"
"07/03/2023","2,961","2,905","2,989","2,863","9.41M","2.10%"
"06/30/2023","2,900","2,920","2,949","2,826","12.92M","0.52%"
"06/29/2023","2,885","2,821","2,896","2,752","17.06M","3.04%"
"06/28/2023","2,800","2,855","2,855","2,782","9.02M","-1.93%"
"06/27/2023","2,855","2,950","2,981","2,822","12.34M","-2.73%"
"06/26/2023","2,935","3,000","3,018","2,881","9.63M","-1.11%"
"06/23/2023","2,968","3,005","3,010","2,901","13.23M","-0.37%"
"06/22/2023","2,979","3,055","3,062","2,930","12.08M","-2.46%"
"06/21/2023","3,054","3,181","3,189","3,036","8.60M","-4.53%"
"06/20/2023","3,199","3,290","3,290","3,188","13.77M","-1.66%"
"06/19/2023","3,253","3,310","3,435","3,253","8.25M","-1.78%"
"06/15/2023","3,312","3,378","3,378","3,204","42.06M","-2.44%"
"06/14/2023","3,395","3,380","3,439","3,352","7.75M","1.43%"
"06/13/2023","3,347","3,280","3,348","3,261","10.30M","2.79%"
"06/12/2023","3,256","3,363","3,365","3,214","9.34M","-3.15%"
"06/09/2023","3,362","3,470","3,471","3,324","6.66M","-2.15%"
"06/08/2023","3,436","3,490","3,499","3,404","9.64M","-2.08%"
"06/07/2023","3,509","3,455","3,564","3,432","9.64M","1.83%"
"06/06/2023","3,446","3,450","3,482","3,405","9.11M","-0.69%"
"06/05/2023","3,470","3,500","3,530","3,420","7.21M","-0.77%"
"06/02/2023","3,497","3,569","3,618","3,460","8.84M","-1.07%"
"06/01/2023","3,535","3,523","3,538","3,424","6.72M","0.97%"
"05/31/2023","3,501","3,480","3,548","3,426","32.51M","2.28%"
"05/30/2023","3,423","3,439","3,537","3,385","8.93M","-0.26%"
"05/29/2023","3,432","3,466","3,506","3,402","3.91M","-0.61%"
"05/26/2023","3,453","3,475","3,599","3,433","6.33M","-1.54%"
"05/25/2023","3,507","3,540","3,609","3,463","15.45M","-0.93%"
"05/24/2023","3,540","3,620","3,650","3,526","7.54M","-1.94%"
"05/23/2023","3,610","3,690","3,690","3,556","9.37M","-1.39%"
"05/22/2023","3,661","3,705","3,736","3,609","6.41M","-0.79%"
"05/19/2023","3,690","3,620","3,715","3,620","10.91M","1.21%"
"05/18/2023","3,646","3,657","3,699","3,584","9.98M","-0.68%"
"05/17/2023","3,671","3,687","3,731","3,656","9.64M","-0.86%"
"05/16/2023","3,703","3,715","3,773","3,696","4.71M","-0.64%"
"05/15/2023","3,727","3,774","3,805","3,696","7.76M","-1.25%"
"05/12/2023","3,774","3,750","3,844","3,671","8.72M","1.13%"
"05/11/2023","3,732","3,880","3,888","3,701","14.30M","-2.05%"
"05/10/2023","3,810","3,893","3,893","3,642","29.40M","-3.93%"
"05/09/2023","3,966","4,441","4,441","3,939","19.72M","-11.30%"
"05/08/2023","4,471","4,463","4,578","4,456","11.03M","0.29%"
"05/05/2023","4,458","4,299","4,490","4,287","26.64M","4.09%"
"05/04/2023","4,283","4,149","4,330","4,123","15.51M","4.59%"
"05/03/2023","4,095","3,975","4,098","3,968","11.62M","3.28%"
"05/02/2023","3,965","4,037","4,037","3,917","11.82M","-1.78%"
"04/28/2023","4,037","3,960","4,050","3,913","7.72M","1.43%"
"04/26/2023","3,980","4,030","4,033","3,939","8.02M","-0.33%"
"04/25/2023","3,993","4,010","4,050","3,934","7.44M","-1.58%"
"04/24/2023","4,057","4,055","4,184","4,005","12.05M","-0.78%"
"04/21/2023","4,089","4,128","4,166","4,060","9.21M","-1.82%"
"04/20/2023","4,165","4,185","4,199","4,035","10.81M","-0.76%"
"04/19/2023","4,197","4,265","4,265","4,132","13.24M","-2.46%"
"04/18/2023","4,303","3,886","4,319","3,886","25.79M","10.99%"
"04/17/2023","3,877","3,894","3,907","3,836","10.22M","0.75%"
"04/14/2023","3,848","4,099","4,099","3,810","11.12M","-4.44%"
"04/13/2023","4,027","3,890","4,043","3,840","11.03M","4.16%"
"04/12/2023","3,866","3,920","3,931","3,835","9.94M","-0.26%"
"04/11/2023","3,876","3,784","3,912","3,726","14.96M","4.42%"
"04/06/2023","3,712","3,726","3,784","3,700","9.06M","0.16%"
"04/05/2023","3,706","3,809","3,809","3,706","10.09M","-2.11%"
"04/04/2023","3,786","3,689","3,786","3,621","12.93M","3.56%"
"04/03/2023","3,656","3,730","3,730","3,614","10.38M","-0.19%"
"03/31/2023","3,663","3,801","3,821","3,640","11.19M","-3.35%"
"03/30/2023","3,790","3,800","3,875","3,743","8.81M","0.16%"
"03/29/2023","3,784","3,765","3,793","3,734","7.48M","0.96%"
"03/28/2023","3,748","3,700","3,750","3,681","9.90M","2.60%"
"03/27/2023","3,653","3,669","3,692","3,642","9.07M","-1.08%"
"03/24/2023","3,693","3,750","3,756","3,627","8.36M","-2.28%"
"03/23/2023","3,779","3,800","3,842","3,728","10.46M","-0.45%"
"03/22/2023","3,796","3,800","3,829","3,636","10.54M","-0.05%"
"03/20/2023","3,798","3,775","3,892","3,761","10.60M","1.52%"
"03/17/2023","3,741","3,720","3,770","3,655","43.88M","0.84%"
"03/16/2023","3,710","3,744","3,815","3,650","24.89M","-0.72%"
"03/15/2023","3,737","3,800","3,824","3,673","16.15M","0.05%"
"03/14/2023","3,735","3,980","3,980","3,717","19.55M","-6.30%"
"03/13/2023","3,986","3,820","4,010","3,751","24.83M","5.39%"
"03/10/2023","3,782","3,652","3,817","3,632","15.11M","1.69%"
"03/09/2023","3,719","3,685","3,737","3,640","10.85M","-0.13%"
"03/08/2023","3,724","3,649","3,727","3,615","10.76M","1.83%"
"03/07/2023","3,657","3,740","3,740","3,642","9.59M","-1.14%"
"03/06/2023","3,699","3,815","3,815","3,629","13.64M","-0.70%"
"03/03/2023","3,725","3,788","3,842","3,720","9.61M","1.97%"
"03/02/2023","3,653","3,689","3,714","3,542","15.72M","-0.90%"
"03/01/2023","3,686","3,720","3,786","3,640","16.12M","-0.67%"
"02/28/2023","3,711","3,830","3,839","3,651","19.32M","-2.96%"
"02/27/2023","3,824","3,850","3,850","3,755","7.26M","0.16%"
"02/24/2023","3,818","3,950","3,959","3,803","7.75M","-2.18%"
"02/23/2023","3,903","3,840","3,925","3,834","10.24M","1.91%"
"02/22/2023","3,830","3,993","3,993","3,744","14.04M","-2.40%"
"02/21/2023","3,924","4,160","4,180","3,825","17.99M","-5.45%"
"02/20/2023","4,150","4,160","4,175","4,106","5.21M","0.17%"
"02/17/2023","4,143","4,235","4,235","4,107","10.04M","-0.93%"
"02/16/2023","4,182","4,240","4,262","4,178","6.59M","0.12%"
"02/15/2023","4,177","4,300","4,350","4,158","13.23M","-4.09%"
"02/14/2023","4,355","4,400","4,423","4,299","6.33M","-1.00%"
"02/13/2023","4,399","4,320","4,417","4,315","5.54M","1.73%"
"02/10/2023","4,324","4,425","4,425","4,271","5.83M","-3.72%"
"02/09/2023","4,491","4,600","4,623","4,490","6.97M","-1.86%"
"02/08/2023","4,576","4,550","4,600","4,531","6.32M","0.57%"
"02/07/2023","4,550","4,456","4,580","4,422","9.46M","1.22%"
"02/06/2023","4,495","4,585","4,590","4,448","8.68M","-2.18%"
"02/03/2023","4,595","4,620","4,635","4,515","8.35M","0.22%"
"02/02/2023","4,585","4,585","4,663","4,521","9.57M","1.37%"
"02/01/2023","4,523","4,625","4,650","4,458","14.22M","-0.26%"
"01/31/2023","4,535","4,557","4,601","4,521","10.71M","-1.82%"
"01/30/2023","4,619","4,547","4,644","4,541","6.31M","0.30%"
"01/27/2023","4,605","4,675","4,719","4,581","6.96M","-0.78%"
"01/26/2023","4,641","4,711","4,792","4,640","7.32M","-1.32%"
"01/25/2023","4,703","4,800","4,800","4,630","8.14M","-0.40%"
"01/24/2023","4,722","4,917","4,959","4,722","6.15M","-3.08%"
"01/23/2023","4,872","4,855","4,953","4,844","4.87M","0.39%"
"01/20/2023","4,853","4,905","5,007","4,822","5.54M","-0.04%"
"01/19/2023","4,855","4,962","4,999","4,805","8.44M","-3.07%"
"01/18/2023","5,009","4,901","5,060","4,901","5.86M","0.80%"
"01/17/2023","4,969","5,060","5,060","4,905","7.52M","-1.80%"
"01/16/2023","5,060","5,220","5,220","5,033","6.25M","-2.09%"
"01/13/2023","5,168","5,098","5,235","5,018","8.61M","2.26%"
"01/12/2023","5,054","5,112","5,180","5,051","12.16M","-1.44%"
"01/11/2023","5,128","5,190","5,245","5,128","12.50M","-0.27%"
"01/10/2023","5,142","5,005","5,176","4,989","7.83M","1.62%"
"01/09/2023","5,060","5,020","5,185","5,011","9.69M","1.71%"
"01/06/2023","4,975","4,830","5,001","4,807","5.18M","4.56%"
"01/05/2023","4,758","4,760","4,889","4,665","8.11M","2.26%"
"01/04/2023","4,653","4,685","4,739","4,602","9.89M","-0.70%"
"01/03/2023","4,686","4,508","4,710","4,497","4.11M","4.79%"
"12/30/2022","4,472","4,630","4,630","4,472","2.13M","-3.41%"
"12/29/2022","4,630","4,620","4,635","4,511","4.23M","-0.86%"
"12/28/2022","4,670","4,680","4,714","4,609","4.40M","0.71%"
"12/23/2022","4,637","4,540","4,637","4,520","1.11M","1.71%"
"12/22/2022","4,559","4,637","4,676","4,534","3.85M","-1.94%"
"12/21/2022","4,649","4,500","4,658","4,499","5.89M","3.33%"
"12/20/2022","4,499","4,425","4,503","4,339","6.40M","0.00%"
"12/19/2022","4,499","4,452","4,539","4,452","5.53M","-0.40%"
"12/15/2022","4,517","4,600","4,607","4,462","38.46M","-2.14%"
"12/14/2022","4,616","4,800","4,824","4,615","11.54M","-6.73%"
"12/13/2022","4,949","4,765","4,993","4,730","9.00M","2.15%"
"12/12/2022","4,845","4,816","4,951","4,721","8.72M","-1.64%"
"12/09/2022","4,926","4,760","4,997","4,728","8.91M","2.84%"
"12/08/2022","4,790","4,720","4,807","4,720","5.57M","0.91%"
"12/07/2022","4,747","4,690","4,766","4,608","5.48M","-0.21%"
"12/06/2022","4,757","4,705","4,818","4,705","4.85M","-1.16%"
"12/05/2022","4,813","4,900","4,946","4,813","6.40M","0.27%"
"12/02/2022","4,800","4,824","4,882","4,700","13.72M","-1.82%"
"12/01/2022","4,889","4,800","4,897","4,733","17.07M","4.76%"
"11/30/2022","4,667","4,524","4,774","4,524","24.28M","3.34%"
"11/29/2022","4,516","4,403","4,673","4,401","10.78M","0.11%"
"11/28/2022","4,511","4,450","4,548","4,386","7.24M","1.14%"
"11/25/2022","4,460","4,540","4,542","4,405","5.31M","-1.98%"
"11/24/2022","4,550","4,415","4,595","4,406","6.84M","3.79%"
"11/23/2022","4,384","4,300","4,491","4,300","6.26M","-0.27%"
"11/22/2022","4,396","4,345","4,442","4,313","6.04M","1.24%"
"11/21/2022","4,342","4,400","4,405","4,282","6.85M","-2.27%"
"11/18/2022","4,443","4,440","4,513","4,364","5.05M","0.98%"
"11/17/2022","4,400","4,500","4,538","4,385","10.41M","-1.90%"
"11/16/2022","4,485","4,570","4,628","4,462","8.68M","-1.97%"
"11/15/2022","4,575","4,614","4,734","4,542","13.42M","-1.49%"
"11/14/2022","4,644","4,601","4,666","4,553","7.33M","0.37%"
"11/11/2022","4,627","4,663","4,760","4,594","15.63M","1.78%"
"11/10/2022","4,546","4,450","4,567","4,282","17.38M","1.75%"
"11/09/2022","4,468","4,400","4,468","4,310","8.73M","4.64%"
"11/08/2022","4,270","4,365","4,365","4,221","5.79M","-1.39%"
"11/07/2022","4,330","4,215","4,353","4,196","9.18M","1.88%"
"11/04/2022","4,250","3,979","4,274","3,815","21.28M","8.78%"
"11/03/2022","3,907","4,115","4,158","3,828","17.54M","-10.37%"
"11/02/2022","4,359","4,270","4,499","4,253","7.35M","0.93%"
"11/01/2022","4,319","4,375","4,487","4,300","6.54M","0.14%"
"10/31/2022","4,313","4,300","4,367","4,234","6.68M","0.30%"
"10/28/2022","4,300","4,385","4,413","4,255","10.62M","-2.49%"
"10/27/2022","4,410","4,337","4,466","4,300","8.62M","1.15%"
"10/26/2022","4,360","4,209","4,373","4,142","11.66M","5.72%"
"10/25/2022","4,124","4,291","4,320","4,023","15.52M","-3.49%"
"10/24/2022","4,273","4,329","4,329","4,190","4.76M","0.09%"
"10/21/2022","4,269","4,170","4,321","4,066","5.75M","1.35%"
"10/20/2022","4,212","4,249","4,249","4,072","16.71M","0.65%"
"10/19/2022","4,185","4,245","4,245","4,090","7.36M","-1.65%"
"10/18/2022","4,255","4,305","4,341","4,218","8.80M","-0.33%"
"10/17/2022","4,269","4,146","4,292","4,082","6.46M","4.35%"
"10/14/2022","4,091","4,259","4,359","4,071","6.64M","-1.92%"
"10/13/2022","4,171","4,202","4,250","4,080","8.72M","-1.35%"
"10/12/2022","4,228","4,210","4,300","4,194","5.17M","-0.40%"
"10/11/2022","4,245","4,240","4,343","4,175","7.99M","0.21%"
"10/10/2022","4,236","4,305","4,379","4,236","7.16M","-4.40%"
"10/07/2022","4,431","4,456","4,521","4,334","7.02M","-1.27%"
"10/06/2022","4,488","4,497","4,536","4,401","9.35M","1.65%"
"10/05/2022","4,415","4,480","4,490","4,379","7.59M","-1.65%"
"10/04/2022","4,489","4,358","4,550","4,298","14.31M","6.05%"
"10/03/2022","4,233","4,111","4,263","4,097","6.85M","0.76%"
"09/30/2022","4,201","4,100","4,229","4,100","11.03M","3.24%"
"09/29/2022","4,069","3,900","4,135","3,785","13.90M","4.93%"
"09/28/2022","3,878","3,710","3,907","3,655","8.84M","2.67%"
"09/27/2022","3,777","3,790","3,840","3,684","10.27M","1.34%"
"09/26/2022","3,727","3,616","3,755","3,568","12.33M","4.28%"
"09/23/2022","3,574","3,844","3,846","3,574","13.33M","-7.60%"
"09/22/2022","3,868","3,860","3,932","3,766","10.11M","0.18%"
"09/21/2022","3,861","3,946","3,969","3,858","6.91M","0.63%"
"09/20/2022","3,837","3,912","3,971","3,807","6.54M","-0.62%"
"09/19/2022","3,861","3,870","3,875","3,734","6.53M","-0.49%"
"09/16/2022","3,880","3,940","3,943","3,773","24.02M","-2.29%"
"09/15/2022","3,971","4,035","4,067","3,968","19.24M","-1.88%"
"09/14/2022","4,047","3,980","4,077","3,945","9.24M","-1.53%"
"09/13/2022","4,110","4,240","4,283","4,053","12.79M","-3.16%"
"09/12/2022","4,244","4,186","4,275","4,149","9.63M","2.36%"
"09/09/2022","4,146","4,102","4,264","4,102","15.12M","2.93%"
"09/08/2022","4,028","3,910","4,072","3,895","10.59M","4.06%"
"09/07/2022","3,871","3,858","3,908","3,765","7.27M","0.34%"
"09/06/2022","3,858","3,875","3,931","3,810","5.13M","0.31%"
"09/05/2022","3,846","3,800","3,944","3,788","4.98M","0.65%"
"09/02/2022","3,821","3,739","3,838","3,645","9.93M","4.09%"
"09/01/2022","3,671","3,849","3,854","3,650","12.81M","-4.62%"
"08/31/2022","3,849","3,850","3,929","3,802","13.63M","1.72%"
"08/30/2022","3,784","4,020","4,028","3,766","15.06M","-4.92%"
"08/29/2022","3,980","4,140","4,140","3,960","11.84M","-5.58%"
"08/26/2022","4,215","4,150","4,291","4,100","9.08M","2.46%"
"08/25/2022","4,114","4,076","4,149","3,997","10.72M","3.78%"
"08/24/2022","3,964","3,999","4,059","3,916","7.45M","-0.08%"
"08/23/2022","3,967","3,898","3,995","3,872","5.48M","2.93%"
"08/22/2022","3,854","3,860","3,894","3,750","8.44M","0.65%"
"08/19/2022","3,829","3,963","3,997","3,821","9.60M","-2.87%"
"08/18/2022","3,942","3,991","3,999","3,899","6.85M","0.00%"
"08/17/2022","3,942","4,150","4,150","3,856","14.77M","-5.87%"
"08/16/2022","4,188","4,076","4,195","4,068","7.70M","3.54%"
"08/15/2022","4,045","4,146","4,156","3,976","9.44M","-0.57%"
"08/12/2022","4,068","4,300","4,315","4,052","12.43M","-6.14%"
"08/11/2022","4,334","4,280","4,424","4,279","17.27M","-0.18%"
"08/10/2022","4,342","4,360","4,422","4,289","7.86M","-0.53%"
"08/08/2022","4,365","4,211","4,407","4,184","7.84M","4.68%"
"08/05/2022","4,170","4,100","4,173","4,014","5.63M","2.36%"
"08/04/2022","4,074","4,019","4,098","3,945","8.79M","3.11%"
"08/03/2022","3,951","3,985","4,077","3,905","8.82M","-0.90%"
"08/02/2022","3,987","4,040","4,071","3,900","10.68M","-1.21%"
"08/01/2022","4,036","4,060","4,154","3,998","5.99M","-0.39%"
"07/29/2022","4,052","4,030","4,096","3,986","16.34M","2.14%"
"07/28/2022","3,967","4,005","4,110","3,924","11.87M","2.03%"
"07/27/2022","3,888","3,960","3,967","3,865","5.89M","-0.74%"
"07/26/2022","3,917","3,949","3,975","3,859","9.88M","0.95%"
"07/25/2022","3,880","3,935","3,992","3,871","9.22M","-2.61%"
"07/22/2022","3,984","3,900","4,019","3,843","21.81M","2.81%"
"07/21/2022","3,875","3,880","3,897","3,737","10.31M","-1.22%"
"07/20/2022","3,923","3,951","3,976","3,837","6.70M","0.23%"
"07/19/2022","3,914","3,904","3,951","3,863","9.45M","-1.34%"
"07/18/2022","3,967","3,823","4,002","3,820","9.15M","6.50%"
"07/15/2022","3,725","3,815","3,820","3,608","14.16M","-1.82%"
"07/14/2022","3,794","4,169","4,190","3,794","12.60M","-8.84%"
"07/13/2022","4,162","4,220","4,263","4,062","8.19M","-1.05%"
"07/12/2022","4,206","4,230","4,269","4,155","6.42M","-1.64%"
"07/11/2022","4,276","4,299","4,314","4,176","4.59M","-2.08%"
"07/08/2022","4,367","4,246","4,369","4,110","8.33M","3.41%"
"07/07/2022","4,223","4,185","4,290","4,078","10.56M","1.25%"
"07/06/2022","4,171","4,046","4,209","4,039","6.92M","4.51%"
"07/05/2022","3,991","4,260","4,260","3,967","8.40M","-5.81%"
"07/04/2022","4,237","4,100","4,282","4,089","5.29M","5.77%"
"07/01/2022","4,006","4,001","4,050","3,922","7.59M","-1.50%"
"06/30/2022","4,067","4,200","4,200","4,049","11.43M","-2.12%"
"06/29/2022","4,155","4,105","4,357","4,059","14.66M","-1.09%"
"06/28/2022","4,201","4,250","4,350","4,195","10.50M","-0.10%"
"06/27/2022","4,205","4,265","4,404","4,183","11.16M","0.07%"
"06/24/2022","4,202","4,175","4,309","4,142","12.51M","-0.45%"
"06/23/2022","4,221","4,268","4,277","4,175","5.42M","-1.10%"
"06/22/2022","4,268","4,311","4,333","4,190","6.24M","-2.07%"
"06/21/2022","4,358","4,316","4,430","4,286","6.53M","1.73%"
"06/20/2022","4,284","4,328","4,458","4,281","6.56M","-0.44%"
"06/17/2022","4,303","4,394","4,450","4,256","18.52M","-1.10%"
"06/15/2022","4,351","4,161","4,427","4,107","29.29M","5.43%"
"06/14/2022","4,127","4,430","4,443","4,070","21.71M","-5.15%"
"06/13/2022","4,351","4,700","4,700","4,351","11.00M","-3.63%"
"06/10/2022","4,515","4,502","4,543","4,412","9.97M","0.53%"
"06/09/2022","4,491","4,591","4,608","4,478","11.06M","-2.94%"
"06/08/2022","4,627","4,811","4,814","4,562","10.16M","-3.04%"
"06/07/2022","4,772","4,874","4,874","4,748","7.34M","-1.38%"
"06/06/2022","4,839","5,010","5,014","4,798","7.90M","-0.92%"
"06/03/2022","4,884","4,973","5,027","4,870","5.93M","-2.81%"
"06/02/2022","5,025","4,876","5,073","4,876","12.84M","3.74%"
"06/01/2022","4,844","5,110","5,121","4,758","9.15M","-5.19%"
"05/31/2022","5,109","5,128","5,193","5,051","17.24M","-1.39%"
"05/30/2022","5,181","5,099","5,193","4,993","7.77M","2.78%"
"05/27/2022","5,041","5,050","5,130","4,943","8.62M","0.86%"
"05/26/2022","4,998","4,760","5,043","4,724","8.55M","5.84%"
"05/25/2022","4,722","4,834","4,834","4,581","10.41M","-1.03%"
"05/24/2022","4,771","4,850","4,852","4,694","6.85M","-0.89%"
"05/23/2022","4,814","4,700","4,869","4,700","8.53M","4.31%"
"05/20/2022","4,615","4,844","4,871","4,607","11.87M","-2.47%"
"05/19/2022","4,732","4,750","4,801","4,576","9.69M","-1.23%"
"05/18/2022","4,791","4,879","4,920","4,778","11.75M","-0.56%"
"05/17/2022","4,818","4,845","4,906","4,765","10.15M","0.96%"
"05/16/2022","4,772","4,663","4,790","4,588","11.18M","2.58%"
"05/13/2022","4,652","4,380","4,659","4,360","22.08M","5.85%"
"05/12/2022","4,395","4,550","4,550","4,246","23.93M","-6.69%"
"05/11/2022","4,710","4,730","4,761","4,593","15.84M","0.19%"
"05/10/2022","4,701","4,813","4,868","4,701","12.46M","-0.93%"
"05/09/2022","4,745","4,789","4,849","4,664","14.84M","-0.63%"
"05/06/2022","4,775","4,900","4,950","4,700","19.62M","-3.67%"
"05/05/2022","4,957","5,400","5,479","4,881","23.16M","-7.90%"
"05/04/2022","5,382","5,510","5,623","5,352","7.39M","-3.69%"
"05/03/2022","5,588","5,511","5,590","5,369","8.87M","0.16%"
"04/29/2022","5,579","5,600","5,678","5,542","12.86M","1.29%"
"04/28/2022","5,508","5,440","5,551","5,402","9.62M","1.83%"
"04/26/2022","5,409","5,412","5,573","5,351","6.51M","2.06%"
"04/25/2022","5,300","5,600","5,600","5,263","14.68M","-6.48%"
"04/22/2022","5,667","5,830","5,866","5,655","11.26M","-2.80%"
"04/21/2022","5,830","6,000","6,085","5,790","10.72M","-2.74%"
"04/20/2022","5,994","5,991","6,040","5,861","7.73M","0.37%"
"04/19/2022","5,972","6,107","6,224","5,958","7.71M","-1.60%"
"04/14/2022","6,069","6,149","6,189","6,037","6.29M","-1.30%"
"04/13/2022","6,149","6,170","6,225","6,075","7.33M","-0.63%"
"04/12/2022","6,188","6,363","6,427","6,087","10.81M","-2.38%"
"04/11/2022","6,339","6,335","6,450","6,200","10.60M","0.62%"
"04/08/2022","6,300","5,899","6,407","5,800","15.08M","8.32%"
"04/07/2022","5,816","5,788","5,888","5,707","8.17M","1.27%"
"04/06/2022","5,743","5,872","5,872","5,627","12.82M","-1.39%"
"04/05/2022","5,824","6,000","6,069","5,800","8.20M","-2.59%"
"04/04/2022","5,979","6,088","6,143","5,973","6.02M","-0.20%"
"04/01/2022","5,991","5,950","6,039","5,831","9.11M","0.18%"
"03/31/2022","5,980","6,000","6,001","5,860","13.93M","-1.08%"
"03/30/2022","6,045","5,792","6,045","5,721","16.33M","6.00%"
"03/29/2022","5,703","5,800","5,856","5,451","16.46M","-2.14%"
"03/28/2022","5,828","6,235","6,235","5,750","15.15M","-7.36%"
"03/25/2022","6,291","6,481","6,481","6,258","8.13M","-5.00%"
"03/24/2022","6,622","6,600","6,664","6,426","9.31M","1.72%"
"03/23/2022","6,510","6,470","6,795","6,454","12.33M","-0.76%"
"03/22/2022","6,560","6,725","6,799","6,438","10.56M","-0.11%"
"03/18/2022","6,567","6,689","6,729","6,567","24.85M","-1.20%"
"03/17/2022","6,647","6,475","6,698","6,339","21.78M","4.61%"
"03/16/2022","6,354","6,500","6,580","6,280","12.83M","0.25%"
"03/15/2022","6,338","6,199","6,370","6,027","13.28M","1.00%"
"03/14/2022","6,275","6,490","6,506","6,241","15.01M","-4.95%"
"03/11/2022","6,602","6,765","6,950","6,509","11.82M","-4.14%"
"03/10/2022","6,887","6,692","6,942","6,547","20.45M","2.49%"
"03/09/2022","6,720","6,965","7,110","6,501","26.60M","-4.76%"
"03/08/2022","7,056","7,625","7,699","6,955","26.96M","-4.69%"
"03/07/2022","7,403","7,780","8,022","7,400","26.17M","0.58%"
"03/04/2022","7,360","7,210","7,419","6,802","23.35M","2.18%"
"03/03/2022","7,203","7,600","7,739","7,118","17.78M","-4.47%"
"03/02/2022","7,540","7,615","7,814","7,498","21.90M","0.53%"
"03/01/2022","7,500","7,275","7,556","7,151","26.34M","5.09%"
"02/28/2022","7,137","6,743","7,315","6,588","41.40M","11.48%"
"02/25/2022","6,402","6,651","6,883","6,289","15.45M","-7.55%"
"02/24/2022","6,925","6,677","7,227","6,677","36.58M","8.24%"
"02/23/2022","6,398","6,400","6,415","6,225","10.83M","-0.64%"
"02/22/2022","6,439","6,300","6,499","6,134","14.93M","5.16%"
"02/21/2022","6,123","6,255","6,255","6,070","6.14M","-2.41%"
"02/18/2022","6,274","6,300","6,385","6,203","9.56M","-0.49%"
"02/17/2022","6,305","6,150","6,375","6,113","18.09M","4.21%"
"02/16/2022","6,050","5,850","6,076","5,850","10.47M","5.42%"
"02/15/2022","5,739","6,199","6,199","5,704","16.38M","-6.83%"
"02/14/2022","6,160","6,051","6,227","6,012","16.36M","4.76%"
"02/11/2022","5,880","5,665","5,995","5,665","10.27M","1.19%"
"02/10/2022","5,811","5,790","5,835","5,646","10.46M","-0.12%"
"02/09/2022","5,818","5,950","5,984","5,792","9.91M","-1.02%"
"02/08/2022","5,878","5,851","5,957","5,851","8.67M","1.61%"
"02/07/2022","5,785","5,801","5,899","5,703","7.04M","0.10%"
"02/04/2022","5,779","5,621","5,808","5,618","11.48M","2.81%"
"02/03/2022","5,621","5,615","5,693","5,519","10.56M","0.29%"
"02/02/2022","5,605","5,766","5,766","5,604","5.97M","-1.84%"
"02/01/2022","5,710","5,700","5,857","5,687","8.01M","1.01%"
"01/31/2022","5,653","5,621","5,702","5,508","10.65M","3.38%"
"01/28/2022","5,468","5,686","5,720","5,468","8.69M","-4.59%"
"01/27/2022","5,731","5,800","5,973","5,696","10.37M","-3.60%"
"01/26/2022","5,945","5,680","5,958","5,662","11.70M","6.27%"
"01/25/2022","5,594","5,545","5,625","5,491","10.87M","3.59%"
"01/24/2022","5,400","5,845","5,845","5,379","13.62M","-8.21%"
"01/21/2022","5,883","5,950","5,950","5,818","9.06M","-1.62%"
"01/20/2022","5,980","5,921","6,069","5,869","16.02M","1.96%"
"01/19/2022","5,865","5,526","5,865","5,452","8.87M","5.83%"
"01/18/2022","5,542","5,606","5,607","5,480","6.24M","-1.14%"
"01/17/2022","5,606","5,577","5,630","5,510","4.85M","-0.30%"
"01/14/2022","5,623","5,640","5,665","5,564","5.25M","-1.47%"
"01/13/2022","5,707","5,745","5,745","5,665","7.90M","-0.75%"
"01/12/2022","5,750","5,660","5,772","5,495","16.31M","3.51%"
"01/11/2022","5,555","5,314","5,555","5,300","20.78M","7.12%"
"01/10/2022","5,186","5,119","5,272","5,084","10.70M","4.18%"
"01/07/2022","4,978","4,980","5,020","4,926","6.02M","0.36%"
"01/06/2022","4,960","5,100","5,133","4,922","8.05M","-4.21%"
"01/05/2022","5,178","5,072","5,178","5,050","7.70M","1.11%"
"01/04/2022","5,121","4,933","5,132","4,928","6.02M","4.25%"
"01/03/2022","4,912","4,927","4,990","4,890","4.36M","0.04%"
"12/31/2021","4,910","4,974","5,000","4,900","1.63M","-1.29%"
"12/30/2021","4,974","4,915","5,004","4,882","4.39M","0.63%"
"12/29/2021","4,943","4,935","4,957","4,873","4.59M","-0.20%"
"12/28/2021","4,953","4,901","4,976","4,888","7.91M","1.81%"
"12/24/2021","4,865","4,955","4,985","4,865","1.04M","-0.63%"
"12/23/2021","4,896","4,950","4,992","4,855","3.99M","0.70%"
"12/22/2021","4,862","4,894","4,929","4,846","3.06M","-0.27%"
"12/21/2021","4,875","4,705","4,880","4,685","7.97M","4.73%"
"12/20/2021","4,655","4,800","4,800","4,622","9.16M","-3.16%"
"12/17/2021","4,807","4,945","4,973","4,779","34.12M","2.28%"
"12/15/2021","4,700","4,850","4,914","4,700","29.23M","-3.41%"
"12/14/2021","4,866","4,844","4,991","4,781","20.07M","0.45%"
"12/13/2021","4,844","4,820","4,940","4,806","9.42M","0.25%"
"12/10/2021","4,832","4,875","4,995","4,821","10.77M","-1.65%"
"12/09/2021","4,913","5,069","5,076","4,868","12.55M","-1.54%"
"12/08/2021","4,990","5,115","5,125","4,965","9.75M","-2.39%"
"12/07/2021","5,112","5,055","5,150","5,055","12.37M","1.33%"
"12/06/2021","5,045","5,149","5,151","4,982","8.97M","-0.75%"
"12/03/2021","5,083","5,075","5,174","5,058","12.38M","1.15%"
"12/02/2021","5,025","4,990","5,124","4,934","17.05M","-1.57%"
"12/01/2021","5,105","5,105","5,130","4,980","14.97M","1.21%"
"11/30/2021","5,044","4,925","5,080","4,913","31.75M","4.26%"
"11/29/2021","4,838","4,850","4,931","4,813","9.46M","1.00%"
"11/26/2021","4,790","4,965","5,044","4,728","11.62M","-3.62%"
"11/25/2021","4,970","5,064","5,119","4,957","6.22M","-1.09%"
"11/24/2021","5,025","5,107","5,122","4,935","9.27M","-1.82%"
"11/23/2021","5,118","5,112","5,217","5,035","8.63M","-0.62%"
"11/22/2021","5,150","5,220","5,286","5,069","9.35M","-1.74%"
"11/19/2021","5,241","5,402","5,407","5,149","9.86M","-3.03%"
"11/18/2021","5,405","5,549","5,549","5,384","10.66M","-2.93%"
"11/17/2021","5,568","5,520","5,599","5,481","10.19M","-0.07%"
"11/16/2021","5,572","5,500","5,615","5,464","15.98M","2.29%"
"11/15/2021","5,447","5,450","5,510","5,366","8.39M","-0.26%"
"11/12/2021","5,461","5,692","5,709","5,415","8.69M","-4.06%"
"11/11/2021","5,692","5,399","5,699","5,399","10.31M","4.08%"
"11/10/2021","5,469","5,144","5,469","5,097","16.70M","5.68%"
"11/09/2021","5,175","5,275","5,275","5,024","12.99M","-1.05%"
"11/08/2021","5,230","5,390","5,440","5,133","14.12M","-0.04%"
"11/05/2021","5,232","5,418","5,456","5,208","9.05M","-3.29%"
"11/04/2021","5,410","5,500","5,536","5,372","8.09M","-0.51%"
"11/03/2021","5,438","5,479","5,619","5,391","6.52M","-0.48%"
"11/02/2021","5,464","5,570","5,570","5,422","9.94M","2.44%"
"10/29/2021","5,334","5,382","5,514","5,297","13.56M","0.28%"
"10/28/2021","5,319","5,322","5,432","5,298","10.66M","0.61%"
"10/27/2021","5,287","5,350","5,375","5,266","8.87M","-0.47%"
"10/26/2021","5,312","5,180","5,379","5,180","10.13M","2.57%"
"10/25/2021","5,179","5,430","5,447","5,154","11.61M","-5.08%"
"10/22/2021","5,456","5,322","5,479","5,288","8.92M","2.52%"
"10/21/2021","5,322","5,450","5,467","5,250","12.45M","-3.36%"
"10/20/2021","5,507","5,537","5,569","5,434","6.27M","0.04%"
"10/19/2021","5,505","5,585","5,700","5,471","8.20M","-0.49%"
"10/18/2021","5,532","5,590","5,621","5,472","7.63M","-1.91%"
"10/15/2021","5,640","5,683","5,730","5,572","9.62M","-0.16%"
"10/14/2021","5,649","5,572","5,868","5,572","13.97M","1.16%"
"10/13/2021","5,584","5,527","5,584","5,470","8.87M","1.77%"
"10/12/2021","5,487","5,380","5,569","5,359","12.97M","1.31%"
"10/11/2021","5,416","5,403","5,449","5,248","12.79M","1.61%"
"10/08/2021","5,330","4,967","5,370","4,864","24.79M","9.60%"
"10/07/2021","4,863","4,620","4,863","4,620","13.43M","6.18%"
"10/06/2021","4,580","4,635","4,678","4,501","6.44M","-0.65%"
"10/05/2021","4,610","4,701","4,713","4,521","8.52M","-2.64%"
"10/04/2021","4,735","4,599","4,740","4,567","12.34M","3.63%"
"10/01/2021","4,569","4,584","4,652","4,535","11.66M","-1.78%"
"09/30/2021","4,652","4,585","4,665","4,542","18.97M","2.06%"
"09/29/2021","4,558","4,591","4,616","4,479","16.08M","-0.20%"
"09/28/2021","4,567","4,700","4,760","4,567","25.64M","-2.83%"
"09/27/2021","4,700","5,030","5,047","4,700","29.93M","-5.05%"
"09/23/2021","4,950","5,016","5,120","4,911","18.70M","-0.72%"
"09/22/2021","4,986","4,951","5,099","4,940","19.16M","2.87%"
"09/21/2021","4,847","4,710","4,952","4,710","14.46M","2.17%"
"09/20/2021","4,744","4,750","4,835","4,561","18.72M","0.51%"
"09/17/2021","4,720","4,792","4,868","4,720","33.42M","-0.06%"
"09/16/2021","4,723","4,880","4,932","4,692","32.08M","-2.90%"
"09/15/2021","4,864","4,775","4,933","4,693","20.58M","-3.97%"
"09/14/2021","5,065","5,100","5,143","4,944","31.50M","-2.03%"
"09/13/2021","5,170","5,045","5,213","4,985","24.36M","2.15%"
"09/10/2021","5,061","5,136","5,174","5,006","19.94M","-1.25%"
"09/09/2021","5,125","5,255","5,375","5,078","21.46M","-2.66%"
"09/08/2021","5,265","5,435","5,457","5,237","15.72M","-3.29%"
"09/07/2021","5,444","5,485","5,625","5,385","20.85M","-0.49%"
"09/06/2021","5,471","5,621","5,740","5,375","15.69M","-3.44%"
"09/03/2021","5,666","5,645","5,721","5,581","19.30M","0.75%"
"09/02/2021","5,624","5,866","5,866","5,585","17.02M","-3.86%"
"09/01/2021","5,850","5,946","5,995","5,829","7.78M","-0.68%"
"08/31/2021","5,890","5,884","5,950","5,829","10.80M","0.36%"
"08/30/2021","5,869","6,070","6,070","5,869","5.36M","-1.99%"
"08/27/2021","5,988","5,850","5,999","5,835","8.84M","3.38%"
"08/26/2021","5,792","5,865","6,000","5,755","12.75M","-1.36%"
"08/25/2021","5,872","5,938","5,989","5,835","11.24M","-1.58%"
"08/24/2021","5,966","5,958","6,080","5,950","6.54M","0.61%"
"08/23/2021","5,930","5,690","5,930","5,660","10.19M","5.37%"
"08/20/2021","5,628","5,740","5,816","5,471","17.58M","-3.38%"
"08/19/2021","5,825","6,124","6,151","5,727","21.51M","-5.73%"
"08/18/2021","6,179","6,300","6,375","6,179","10.02M","-3.50%"
"08/17/2021","6,403","6,230","6,415","6,230","16.21M","2.86%"
"08/16/2021","6,225","6,096","6,253","6,020","9.99M","0.81%"
"08/13/2021","6,175","6,115","6,206","6,086","7.65M","1.51%"
"08/12/2021","6,083","6,145","6,205","6,082","6.81M","-0.83%"
"08/11/2021","6,134","5,956","6,187","5,956","8.74M","3.95%"
"08/10/2021","5,901","6,000","6,113","5,896","15.67M","-2.46%"
"08/06/2021","6,050","6,140","6,216","5,957","11.35M","-1.31%"
"08/05/2021","6,130","6,312","6,375","6,130","10.88M","-3.99%"
"08/04/2021","6,385","6,331","6,424","6,304","9.68M","0.65%"
"08/03/2021","6,344","6,241","6,406","6,222","9.62M","0.68%"
"08/02/2021","6,301","6,376","6,430","6,301","6.72M","-1.22%"
"07/30/2021","6,379","6,300","6,407","6,290","12.35M","-1.13%"
"07/29/2021","6,452","6,379","6,480","6,322","9.76M","1.80%"
"07/28/2021","6,338","6,175","6,338","6,161","8.63M","3.02%"
"07/27/2021","6,152","6,170","6,250","6,124","8.14M","-1.01%"
"07/26/2021","6,215","6,060","6,290","6,040","9.53M","3.17%"
"07/23/2021","6,024","6,000","6,144","5,995","7.96M","0.48%"
"07/22/2021","5,995","5,870","6,020","5,870","7.89M","2.23%"
"07/21/2021","5,864","5,741","5,908","5,730","10.83M","2.99%"
"07/20/2021","5,694","5,646","5,760","5,570","13.93M","2.06%"
"07/19/2021","5,579","5,859","5,906","5,530","17.10M","-6.50%"
"07/16/2021","5,967","6,140","6,200","5,967","9.98M","-3.48%"
"07/15/2021","6,182","6,260","6,390","6,138","8.99M","-1.56%"
"07/14/2021","6,280","6,100","6,475","6,100","12.95M","3.15%"
"07/13/2021","6,088","6,104","6,250","6,045","13.90M","-0.69%"
"07/12/2021","6,130","5,952","6,130","5,906","7.50M","2.78%"
"07/09/2021","5,964","5,860","5,991","5,836","8.90M","1.69%"
"07/08/2021","5,865","6,100","6,135","5,852","12.90M","-5.60%"
"07/07/2021","6,213","6,037","6,258","6,022","13.71M","2.98%"
"07/06/2021","6,033","6,120","6,196","6,010","8.24M","-0.90%"
"07/05/2021","6,088","6,017","6,115","5,979","4.53M","1.67%"
"07/02/2021","5,988","6,123","6,180","5,960","5.94M","-2.36%"
"07/01/2021","6,133","6,039","6,135","5,955","10.07M","2.80%"
"06/30/2021","5,966","5,935","5,988","5,872","10.46M","0.24%"
"06/29/2021","5,952","5,950","6,025","5,860","8.32M","-0.03%"
"06/28/2021","5,954","5,950","6,040","5,891","8.04M","0.07%"
"06/25/2021","5,950","6,106","6,124","5,946","9.44M","-1.60%"
"06/24/2021","6,047","6,024","6,132","5,916","7.11M","-0.38%"
"06/23/2021","6,070","5,900","6,107","5,900","8.46M","3.73%"
"06/22/2021","5,852","5,880","5,935","5,809","7.82M","0.29%"
"06/21/2021","5,835","5,766","5,947","5,766","9.79M","-1.32%"
"06/18/2021","5,913","5,797","5,987","5,771","25.65M","2.46%"
"06/17/2021","5,771","6,051","6,119","5,763","38.02M","-6.15%"
"06/15/2021","6,149","6,192","6,313","6,113","10.67M","-2.37%"
"06/14/2021","6,298","6,350","6,376","6,232","10.20M","-1.01%"
"06/11/2021","6,362","6,472","6,600","6,338","6.48M","-1.06%"
"06/10/2021","6,430","6,485","6,520","6,370","8.64M","-0.92%"
"06/09/2021","6,490","6,530","6,560","6,387","7.43M","-0.69%"
"06/08/2021","6,535","6,582","6,685","6,535","10.52M","-0.53%"
"06/07/2021","6,570","6,560","6,601","6,424","5.90M","-0.02%"
"06/04/2021","6,571","6,545","6,670","6,452","10.06M","0.02%"
"06/03/2021","6,570","6,833","6,895","6,495","9.12M","-3.78%"
"06/02/2021","6,828","6,830","6,988","6,775","9.39M","0.41%"
"06/01/2021","6,800","6,578","6,900","6,482","19.47M","4.44%"
"05/31/2021","6,511","6,300","6,554","6,291","4.79M","3.86%"
"05/28/2021","6,269","6,285","6,375","6,205","6.91M","0.35%"
"05/27/2021","6,247","6,058","6,267","6,055","14.91M","3.70%"
"05/26/2021","6,024","6,200","6,245","5,990","8.07M","-1.83%"
"05/25/2021","6,136","6,280","6,413","6,089","10.72M","-2.40%"
"05/24/2021","6,287","6,370","6,402","6,287","6.25M","-1.13%"
"05/21/2021","6,359","6,465","6,551","6,359","4.65M","-1.94%"
"05/20/2021","6,485","6,450","6,530","6,401","8.71M","0.75%"
"05/19/2021","6,437","6,669","6,694","6,383","13.13M","-3.93%"
"05/18/2021","6,700","6,710","6,784","6,612","11.78M","1.25%"
"05/17/2021","6,617","6,500","6,630","6,423","9.13M","3.47%"
"05/14/2021","6,395","6,340","6,436","6,286","9.50M","1.83%"
"05/13/2021","6,280","6,330","6,376","6,164","21.00M","-2.86%"
"05/12/2021","6,465","6,585","6,603","6,360","10.73M","-0.11%"
"05/11/2021","6,472","6,670","6,678","6,379","9.66M","-3.93%"
"05/10/2021","6,737","6,799","6,900","6,706","8.77M","0.40%"
"05/07/2021","6,710","6,779","6,869","6,606","13.84M","0.45%"
"05/06/2021","6,680","6,875","6,900","6,409","19.75M","1.21%"
"05/05/2021","6,600","6,671","6,697","6,515","12.72M","-0.99%"
"05/04/2021","6,666","6,900","6,941","6,666","12.54M","-3.11%"
"05/03/2021","6,880","6,800","6,920","6,675","9.84M","1.59%"
"04/30/2021","6,772","6,890","6,890","6,726","8.41M","-0.54%"
"04/29/2021","6,809","6,940","6,992","6,800","6.65M","-1.25%"
"04/28/2021","6,895","6,944","6,985","6,797","6.38M","0.29%"
"04/26/2021","6,875","6,884","7,030","6,816","8.79M","-0.77%"
"04/23/2021","6,928","6,950","7,010","6,704","16.47M","-0.69%"
"04/22/2021","6,976","7,200","7,252","6,936","8.34M","-2.66%"
"04/21/2021","7,167","7,050","7,224","6,895","13.52M","2.94%"
"04/20/2021","6,962","7,083","7,128","6,836","9.89M","-1.16%"
"04/19/2021","7,044","7,357","7,423","7,035","10.37M","-3.40%"
"04/16/2021","7,292","7,150","7,400","7,150","13.20M","1.86%"
"04/15/2021","7,159","7,090","7,300","7,050","12.52M","1.62%"
"04/14/2021","7,045","6,851","7,050","6,823","22.89M","5.32%"
"04/13/2021","6,689","6,485","6,725","6,451","9.42M","3.23%"
"04/12/2021","6,480","6,570","6,653","6,464","7.75M","-2.23%"
"04/09/2021","6,628","6,710","6,744","6,500","7.72M","-1.19%"
"04/08/2021","6,708","6,840","6,900","6,679","7.52M","-0.21%"
"04/07/2021","6,722","6,867","7,003","6,655","13.28M","-2.79%"
"04/06/2021","6,915","6,851","6,960","6,700","13.64M","4.96%"
"04/01/2021","6,588","6,614","6,650","6,452","15.20M","1.35%"
"03/31/2021","6,500","6,530","6,575","6,474","10.91M","0.02%"
"03/30/2021","6,499","6,601","6,658","6,344","9.09M","-1.17%"
"03/29/2021","6,576","6,800","6,912","6,450","14.86M","-2.43%"
"03/26/2021","6,740","6,740","6,839","6,645","14.85M","3.09%"
"03/25/2021","6,538","6,505","6,776","6,500","16.99M","-0.58%"
"03/24/2021","6,576","6,475","6,697","6,318","16.25M","1.56%"
"03/23/2021","6,475","6,800","6,800","6,475","18.65M","-4.16%"
"03/19/2021","6,756","7,045","7,056","6,699","26.67M","-4.85%"
"03/18/2021","7,100","6,980","7,155","6,850","39.56M","6.26%"
"03/17/2021","6,682","6,789","6,897","6,588","12.12M","-5.00%"
"03/16/2021","7,034","6,815","7,335","6,702","20.56M","4.56%"
"03/15/2021","6,727","6,868","6,956","6,717","13.71M","-0.74%"
"03/12/2021","6,777","7,169","7,169","6,777","19.32M","-4.55%"
"03/11/2021","7,100","7,269","7,275","7,055","10.91M","-1.48%"
"03/10/2021","7,207","7,100","7,250","7,066","16.71M","1.02%"
"03/09/2021","7,134","7,187","7,373","7,015","19.68M","-2.39%"
"03/08/2021","7,309","7,395","7,456","7,255","11.99M","0.08%"
"03/05/2021","7,303","7,400","7,590","7,246","9.86M","-0.84%"
"03/04/2021","7,365","7,436","7,500","7,260","18.30M","-0.83%"
"03/03/2021","7,427","7,500","7,665","7,325","14.55M","0.98%"
"03/02/2021","7,355","7,121","7,356","7,040","13.88M","2.17%"
"03/01/2021","7,199","7,220","7,277","7,025","10.60M","2.81%"
"02/26/2021","7,002","7,290","7,350","7,002","67.14M","-6.23%"
"02/25/2021","7,467","7,220","7,530","7,170","22.15M","10.57%"
"02/24/2021","6,753","6,825","7,000","6,693","13.22M","0.36%"
"02/23/2021","6,729","7,102","7,200","6,703","17.44M","-4.23%"
"02/22/2021","7,026","6,851","7,085","6,851","16.59M","2.67%"
"02/19/2021","6,843","6,766","6,955","6,687","21.44M","-0.54%"
"02/18/2021","6,880","7,065","7,119","6,806","20.67M","-0.86%"
"02/17/2021","6,940","6,900","6,993","6,818","15.60M","0.59%"
"02/16/2021","6,899","7,075","7,175","6,745","18.59M","-1.43%"
"02/15/2021","6,999","6,600","7,058","6,538","15.90M","7.94%"
"02/12/2021","6,484","6,539","6,649","6,466","13.64M","-2.60%"
"02/11/2021","6,657","6,850","6,917","6,522","18.94M","-1.17%"
"02/10/2021","6,736","6,484","6,820","6,479","33.43M","6.38%"
"02/09/2021","6,332","6,420","6,498","6,300","13.60M","-0.83%"
"02/08/2021","6,385","6,309","6,450","6,176","15.16M","3.00%"
"02/05/2021","6,199","6,017","6,355","6,017","19.49M","3.96%"
"02/04/2021","5,963","5,900","6,070","5,859","16.94M","0.05%"
"02/03/2021","5,960","5,815","5,994","5,815","12.85M","2.34%"
"02/02/2021","5,824","5,950","6,000","5,817","12.64M","-2.33%"
"02/01/2021","5,963","5,755","6,058","5,700","15.27M","1.15%"
"01/29/2021","5,895","5,884","5,998","5,750","25.23M","0.70%"
"01/28/2021","5,854","5,499","5,857","5,415","15.77M","6.03%"
"01/27/2021","5,521","5,855","5,898","5,486","21.95M","-6.20%"
"01/26/2021","5,886","5,910","5,970","5,839","15.28M","-3.52%"
"01/25/2021","6,101","6,300","6,322","6,065","13.49M","-2.48%"
"01/22/2021","6,256","6,421","6,450","6,151","8.00M","-2.04%"
"01/21/2021","6,386","6,430","6,579","6,380","12.87M","0.36%"
"01/20/2021","6,363","6,255","6,416","6,165","9.53M","2.76%"
"01/19/2021","6,192","6,180","6,320","6,180","7.69M","-0.31%"
"01/18/2021","6,211","6,215","6,265","6,167","7.79M","-0.96%"
"01/15/2021","6,271","6,220","6,355","6,152","7.94M","0.90%"
"01/14/2021","6,215","6,343","6,344","6,190","8.70M","-1.60%"
"01/13/2021","6,316","6,305","6,410","6,270","10.55M","1.07%"
"01/12/2021","6,249","6,350","6,384","6,201","11.47M","0.68%"
"01/11/2021","6,207","6,195","6,325","6,080","10.56M","0.34%"
"01/08/2021","6,186","6,415","6,440","6,087","13.79M","-3.25%"
"01/07/2021","6,394","6,250","6,488","6,240","7.52M","1.09%"
"01/06/2021","6,325","6,350","6,496","6,305","7.05M","0.88%"
"01/05/2021","6,270","6,250","6,375","6,200","11.65M","-0.59%"
"01/04/2021","6,307","6,040","6,307","6,010","9.57M","5.12%"
"12/31/2020","6,000","5,945","6,099","5,920","2.78M","0.93%"
"12/30/2020","5,945","5,880","6,000","5,850","4.85M","0.95%"
"12/29/2020","5,889","5,895","5,973","5,794","6.46M","-0.46%"
"12/28/2020","5,916","5,800","6,000","5,771","4.15M","1.39%"
"12/24/2020","5,835","5,770","5,866","5,717","1.79M","1.25%"
"12/23/2020","5,763","5,697","5,800","5,630","3.63M","0.30%"
"12/22/2020","5,746","5,820","5,850","5,680","6.05M","-1.17%"
"12/21/2020","5,814","6,145","6,180","5,613","11.16M","-3.74%"
"12/18/2020","6,040","5,780","6,064","5,780","42.90M","4.50%"
"12/17/2020","5,780","5,500","5,780","5,455","29.26M","5.38%"
"12/15/2020","5,485","5,449","5,556","5,400","12.55M","-0.22%"
"12/14/2020","5,497","5,400","5,550","5,326","9.83M","1.50%"
"12/11/2020","5,416","5,490","5,529","5,350","10.80M","-1.92%"
"12/10/2020","5,522","5,400","5,556","5,400","10.62M","1.15%"
"12/09/2020","5,459","5,590","5,667","5,413","6.74M","-2.45%"
"12/08/2020","5,596","5,679","5,714","5,553","7.96M","-0.39%"
"12/07/2020","5,618","5,501","5,628","5,497","11.22M","2.05%"
"12/04/2020","5,505","5,510","5,663","5,401","13.30M","-1.66%"
"12/03/2020","5,598","5,709","5,784","5,589","13.72M","-1.41%"
"12/02/2020","5,678","5,500","5,688","5,367","17.19M","5.25%"
"12/01/2020","5,395","5,171","5,411","5,124","10.53M","4.76%"
"11/30/2020","5,150","5,180","5,278","5,071","19.20M","-0.43%"
"11/27/2020","5,172","5,220","5,366","5,124","10.08M","-0.98%"
"11/26/2020","5,223","5,024","5,284","5,016","6.97M","4.21%"
"11/25/2020","5,012","4,905","5,048","4,839","9.08M","2.94%"
"11/24/2020","4,869","5,100","5,124","4,822","15.73M","-6.02%"
"11/23/2020","5,181","5,337","5,388","5,150","10.90M","-1.78%"
"11/20/2020","5,275","5,200","5,304","5,102","9.76M","2.71%"
"11/19/2020","5,136","5,105","5,315","5,010","12.20M","1.60%"
"11/18/2020","5,055","4,919","5,116","4,866","13.83M","0.22%"
"11/17/2020","5,044","5,321","5,322","5,031","13.20M","-4.85%"
"11/16/2020","5,301","5,260","5,405","5,194","12.82M","2.28%"
"11/13/2020","5,183","5,081","5,230","4,987","9.50M","2.07%"
"11/12/2020","5,078","5,148","5,148","4,920","17.82M","-0.45%"
"11/11/2020","5,101","5,299","5,376","5,093","16.52M","-4.48%"
"11/10/2020","5,340","5,300","5,420","5,196","15.36M","1.68%"
"11/09/2020","5,252","5,750","5,795","5,187","25.33M","-7.58%"
"11/06/2020","5,683","5,480","5,776","5,430","19.39M","6.03%"
"11/05/2020","5,360","5,170","5,455","5,092","14.08M","4.69%"
"11/04/2020","5,120","5,105","5,183","4,961","10.49M","0.73%"
"11/03/2020","5,083","5,050","5,178","4,974","13.42M","3.63%"
"11/02/2020","4,905","4,805","5,000","4,777","14.78M","4.52%"
"10/30/2020","4,693","4,790","4,790","4,610","12.29M","-2.41%"
"10/29/2020","4,809","4,710","4,840","4,610","24.46M","5.62%"
"10/28/2020","4,553","4,930","4,930","4,517","15.65M","-6.62%"
"10/27/2020","4,876","5,058","5,082","4,850","7.32M","-3.45%"
"10/26/2020","5,050","5,105","5,219","5,047","10.10M","-1.94%"
"10/23/2020","5,150","5,263","5,306","5,115","7.81M","-1.34%"
"10/22/2020","5,220","5,375","5,434","5,180","11.54M","-4.62%"
"10/21/2020","5,473","5,002","5,512","5,000","23.47M","10.21%"
"10/20/2020","4,966","4,950","4,987","4,832","17.16M","-1.55%"
"10/19/2020","5,044","5,229","5,229","5,012","6.18M","-2.17%"
"10/16/2020","5,156","5,190","5,258","5,135","6.33M","-0.12%"
"10/15/2020","5,162","5,200","5,208","5,086","11.91M","-1.43%"
"10/14/2020","5,237","5,050","5,248","5,017","11.81M","5.27%"
"10/13/2020","4,975","5,125","5,185","4,962","8.89M","-2.78%"
"10/12/2020","5,117","5,225","5,241","5,062","13.28M","1.41%"
"10/09/2020","5,046","4,800","5,046","4,771","9.86M","7.02%"
"10/08/2020","4,715","4,601","4,775","4,535","13.53M","1.77%"
"10/07/2020","4,633","4,477","4,659","4,451","16.21M","-0.28%"
"10/06/2020","4,646","4,643","4,740","4,595","9.73M","0.15%"
"10/05/2020","4,639","4,561","4,728","4,489","11.27M","-0.39%"
"10/02/2020","4,657","4,710","4,710","4,492","8.93M","0.67%"
"10/01/2020","4,626","4,680","4,730","4,520","6.69M","-0.13%"
"09/30/2020","4,632","4,721","4,770","4,614","13.37M","-3.10%"
"09/29/2020","4,780","4,670","4,811","4,615","14.16M","2.42%"
"09/28/2020","4,667","4,511","4,721","4,511","16.10M","3.97%"
"09/25/2020","4,489","4,652","4,743","4,455","17.99M","-5.03%"
"09/23/2020","4,727","4,720","4,855","4,650","13.69M","-0.80%"
"09/22/2020","4,765","4,820","4,871","4,676","19.74M","-2.06%"
"09/21/2020","4,865","5,055","5,130","4,777","16.23M","-3.95%"
"09/18/2020","5,065","5,125","5,125","4,986","43.74M","0.30%"
"09/17/2020","5,050","5,075","5,210","4,980","35.41M","-4.57%"
"09/16/2020","5,292","5,365","5,429","5,214","17.52M","-1.29%"
"09/15/2020","5,361","5,360","5,728","5,301","30.11M","-1.13%"
"09/14/2020","5,422","5,476","5,549","5,312","30.01M","-5.85%"
"09/11/2020","5,759","5,625","5,807","5,592","9.63M","1.16%"
"09/10/2020","5,693","5,523","5,805","5,411","13.58M","3.64%"
"09/09/2020","5,493","5,331","5,513","5,206","13.03M","3.43%"
"09/08/2020","5,311","5,525","5,649","5,181","14.22M","-4.70%"
"09/07/2020","5,573","5,385","5,634","5,360","6.97M","4.76%"
"09/04/2020","5,320","5,302","5,514","5,225","15.33M","-0.93%"
"09/03/2020","5,370","5,255","5,430","5,191","11.43M","0.34%"
"09/02/2020","5,352","5,190","5,450","5,150","16.35M","3.02%"
"09/01/2020","5,195","5,250","5,390","5,150","18.18M","1.29%"
"08/31/2020","5,129","5,206","5,295","5,100","17.19M","0.29%"
"08/28/2020","5,114","5,115","5,236","5,054","7.81M","1.31%"
"08/27/2020","5,048","4,950","5,260","4,888","21.63M","3.27%"
"08/26/2020","4,888","4,840","4,922","4,688","11.64M","1.81%"
"08/25/2020","4,801","4,925","4,980","4,801","12.21M","-2.02%"
"08/24/2020","4,900","4,979","5,186","4,900","14.56M","-1.90%"
"08/21/2020","4,995","5,088","5,110","4,654","19.39M","-0.68%"
"08/20/2020","5,029","5,160","5,160","4,911","23.67M","-2.69%"
"08/19/2020","5,168","5,400","5,441","5,125","16.43M","-4.91%"
"08/18/2020","5,435","5,804","5,842","5,431","15.17M","-2.23%"
"08/17/2020","5,559","5,525","5,682","5,525","13.83M","1.78%"
"08/14/2020","5,462","5,266","5,695","5,230","25.02M","9.79%"
"08/13/2020","4,975","4,830","4,995","4,800","9.38M","2.83%"
"08/12/2020","4,838","4,755","4,989","4,701","29.19M","-1.55%"
"08/11/2020","4,914","4,960","5,147","4,911","18.43M","-3.40%"
"08/07/2020","5,087","5,155","5,285","5,020","13.04M","-3.33%"
"08/06/2020","5,262","5,335","5,462","5,222","14.91M","-2.28%"
"08/05/2020","5,385","5,170","5,412","5,132","16.39M","8.24%"
"08/04/2020","4,975","4,860","4,975","4,811","12.11M","2.16%"
"08/03/2020","4,870","4,835","4,940","4,771","11.27M","1.04%"
"07/31/2020","4,820","4,915","4,993","4,799","21.29M","-0.27%"
"07/30/2020","4,833","4,949","5,050","4,777","18.13M","-2.36%"
"07/29/2020","4,950","5,080","5,180","4,886","21.94M","-4.57%"
"07/28/2020","5,187","5,125","5,249","4,953","21.59M","0.91%"
"07/27/2020","5,140","4,900","5,175","4,826","27.00M","9.57%"
"07/24/2020","4,691","4,500","4,700","4,438","20.12M","1.32%"
"07/23/2020","4,630","4,460","4,669","4,433","27.87M","5.35%"
"07/22/2020","4,395","4,395","4,536","4,320","15.97M","0.46%"
"07/21/2020","4,375","4,380","4,460","4,330","21.41M","1.16%"
"07/20/2020","4,325","4,235","4,360","4,175","20.01M","4.04%"
"07/17/2020","4,157","4,152","4,207","4,094","8.75M","-0.34%"
"07/16/2020","4,171","4,148","4,231","4,067","8.57M","0.51%"
"07/15/2020","4,150","4,140","4,295","4,101","19.07M","1.02%"
"07/14/2020","4,108","3,990","4,140","3,980","13.41M","-1.20%"
"07/13/2020","4,158","4,066","4,201","4,025","11.80M","3.82%"
"07/10/2020","4,005","4,070","4,232","3,950","19.81M","-2.93%"
"07/09/2020","4,126","4,150","4,417","4,090","35.24M","-0.05%"
"07/08/2020","4,128","3,940","4,128","3,916","35.98M","5.25%"
"07/07/2020","3,922","4,010","4,044","3,800","33.24M","-0.53%"
"07/06/2020","3,943","3,830","3,985","3,750","11.72M","5.15%"
"07/03/2020","3,750","3,625","3,760","3,625","3.86M","0.00%"
"07/02/2020","3,750","3,680","3,806","3,574","17.34M","2.04%"
"07/01/2020","3,675","3,799","3,900","3,660","11.65M","-2.52%"
"06/30/2020","3,770","3,755","3,770","3,619","9.99M","1.89%"
"06/29/2020","3,700","3,550","3,736","3,541","10.93M","5.17%"
"06/26/2020","3,518","3,550","3,620","3,473","7.48M","-1.43%"
"06/25/2020","3,569","3,620","3,620","3,441","10.10M","-0.86%"
"06/24/2020","3,600","3,887","3,939","3,581","16.18M","-6.49%"
"06/23/2020","3,850","3,599","3,885","3,599","19.67M","6.35%"
"06/22/2020","3,620","3,496","3,622","3,444","12.16M","3.75%"
"06/19/2020","3,489","3,397","3,514","3,380","23.93M","3.84%"
"06/18/2020","3,360","3,240","3,390","3,207","24.09M","2.69%"
"06/17/2020","3,272","3,325","3,375","3,185","15.20M","0.12%"
"06/15/2020","3,268","3,449","3,449","3,188","25.24M","-6.49%"
"06/12/2020","3,495","3,410","3,571","3,381","16.02M","-1.94%"
"06/11/2020","3,564","3,661","3,670","3,515","23.14M","1.83%"
"06/10/2020","3,500","3,675","3,780","3,467","12.27M","-6.42%"
"06/09/2020","3,740","3,680","3,818","3,625","12.88M","1.63%"
"06/08/2020","3,680","3,598","3,710","3,550","13.71M","7.01%"
"06/05/2020","3,439","3,488","3,669","3,425","19.78M","-2.30%"
"06/04/2020","3,520","3,360","3,636","3,335","18.35M","4.14%"
"06/03/2020","3,380","3,500","3,536","3,355","15.95M","-6.09%"
"06/02/2020","3,599","3,400","3,738","3,366","26.51M","7.50%"
"06/01/2020","3,348","3,345","3,444","3,260","8.72M","3.43%"
"05/29/2020","3,237","3,230","3,380","3,223","17.32M","-2.35%"
"05/28/2020","3,315","3,355","3,400","3,243","14.35M","4.02%"
"05/27/2020","3,187","3,299","3,351","3,154","11.15M","-3.66%"
"05/26/2020","3,308","3,485","3,540","3,290","12.60M","-3.42%"
"05/25/2020","3,425","3,460","3,480","3,380","6.58M","-2.03%"
"05/22/2020","3,496","3,685","3,748","3,431","25.13M","-4.74%"
"05/21/2020","3,670","3,899","3,946","3,670","16.44M","-8.48%"
"05/20/2020","4,010","4,038","4,170","3,980","17.92M","1.06%"
"05/19/2020","3,968","3,875","4,020","3,780","19.17M","2.01%"
"05/18/2020","3,890","3,800","4,085","3,761","38.44M","8.81%"
"05/15/2020","3,575","3,375","3,620","3,375","11.37M","6.78%"
"05/14/2020","3,348","3,450","3,460","3,251","13.79M","-3.63%"
"05/13/2020","3,474","3,540","3,602","3,403","12.32M","-4.56%"
"05/12/2020","3,640","3,598","3,667","3,502","22.51M","6.90%"
"05/11/2020","3,405","3,590","3,625","3,341","6.18M","-4.62%"
"05/08/2020","3,570","3,619","3,700","3,405","12.43M","2.73%"
"05/07/2020","3,475","3,524","3,595","3,451","7.89M","-1.97%"
"05/06/2020","3,545","3,601","3,676","3,502","16.99M","-0.53%"
"05/05/2020","3,564","3,700","3,858","3,547","16.71M","-4.71%"
"05/04/2020","3,740","3,830","3,868","3,590","11.16M","-0.95%"
"04/30/2020","3,776","3,877","3,936","3,753","11.82M","-0.53%"
"04/29/2020","3,796","3,647","3,886","3,647","13.46M","4.89%"
"04/28/2020","3,619","3,625","3,777","3,522","15.07M","-4.89%"
"04/24/2020","3,805","3,661","4,000","3,629","28.28M","1.04%"
"04/23/2020","3,766","3,370","3,833","3,331","25.66M","16.59%"
"04/22/2020","3,230","3,010","3,239","2,891","16.92M","9.49%"
"04/21/2020","2,950","3,319","3,475","2,886","22.44M","-10.03%"
"04/20/2020","3,279","3,220","3,390","3,130","11.06M","-1.26%"
"04/17/2020","3,321","3,290","3,424","3,199","13.76M","1.56%"
"04/16/2020","3,270","3,574","3,622","3,186","21.79M","-5.44%"
"04/15/2020","3,458","3,589","3,595","3,400","20.34M","-6.01%"
"04/14/2020","3,679","3,300","3,740","3,243","25.11M","26.43%"
"04/09/2020","2,910","2,955","3,046","2,824","24.32M","-0.44%"
"04/08/2020","2,923","2,888","2,979","2,799","24.79M","-1.78%"
"04/07/2020","2,976","2,690","2,980","2,690","25.63M","17.03%"
"04/06/2020","2,543","2,399","2,580","2,360","16.51M","9.90%"
"04/03/2020","2,314","2,263","2,420","2,213","13.58M","0.83%"
"04/02/2020","2,295","2,131","2,320","2,120","16.36M","11.25%"
"04/01/2020","2,063","2,190","2,214","1,978","16.42M","-8.60%"
"03/31/2020","2,257","2,299","2,465","2,200","19.38M","-6.08%"
"03/30/2020","2,403","2,270","2,495","2,200","16.10M","0.97%"
"03/27/2020","2,380","2,590","2,614","2,320","16.57M","-11.09%"
"03/26/2020","2,677","2,667","2,872","2,619","18.82M","6.15%"
"03/25/2020","2,522","2,356","2,609","2,300","23.45M","11.89%"
"03/24/2020","2,254","1,995","2,300","1,862","36.95M","21.38%"
"03/23/2020","1,857","1,662","1,878","1,601","28.20M","-4.08%"
"03/20/2020","1,936","1,949","2,076","1,800","42.10M","17.12%"
"03/19/2020","1,653","1,840","1,969","1,537","37.41M","-13.05%"
"03/18/2020","1,901","2,230","2,338","1,736","45.20M","-14.72%"
"03/17/2020","2,229","2,200","2,233","1,912","34.06M","5.39%"
"03/16/2020","2,115","2,195","2,207","1,637","32.87M","-10.76%"
"03/13/2020","2,370","2,290","2,633","2,285","35.41M","0.00%"
"03/12/2020","2,370","2,631","2,744","2,317","48.89M","-22.60%"
"03/11/2020","3,062","3,189","3,309","3,033","23.69M","-4.31%"
"03/10/2020","3,200","3,450","3,590","3,180","25.18M","-3.50%"
"03/09/2020","3,316","3,595","3,595","3,198","36.31M","-11.24%"
"03/06/2020","3,736","3,575","3,899","3,234","36.80M","7.60%"
"03/05/2020","3,472","3,520","3,628","3,459","19.21M","0.03%"
"03/04/2020","3,471","3,455","3,539","3,391","19.55M","3.74%"
"03/03/2020","3,346","3,410","3,557","3,323","23.67M","2.80%"
"03/02/2020","3,255","3,398","3,496","3,255","36.84M","3.43%"
"02/28/2020","3,147","3,340","3,500","3,147","58.83M","-13.78%"
"02/27/2020","3,650","3,882","3,923","3,650","22.35M","-4.97%"
"02/26/2020","3,841","3,849","4,036","3,700","32.19M","-3.01%"
"02/25/2020","3,960","4,120","4,337","3,751","41.92M","-5.67%"
"02/24/2020","4,198","4,755","4,829","4,145","34.75M","-11.15%"
"02/21/2020","4,725","4,830","4,943","4,713","18.17M","-2.54%"
"02/20/2020","4,848","5,065","5,148","4,811","15.13M","-1.96%"
"02/19/2020","4,945","4,724","5,155","4,665","28.06M","11.55%"
"02/18/2020","4,433","4,466","4,622","4,433","29.33M","-0.56%"
"02/17/2020","4,458","4,239","4,528","4,206","14.34M","5.89%"
"02/14/2020","4,210","4,034","4,261","3,930","31.39M","6.88%"
"02/13/2020","3,939","3,830","3,981","3,830","17.54M","5.18%"
"02/12/2020","3,745","3,770","3,876","3,735","16.11M","-1.00%"
"02/11/2020","3,783","3,790","3,840","3,754","8.85M","1.53%"
"02/10/2020","3,726","3,729","3,777","3,665","13.28M","-0.43%"
"02/07/2020","3,742","3,655","3,819","3,655","23.34M","0.46%"
"02/06/2020","3,725","3,849","3,931","3,718","18.50M","-3.45%"
"02/05/2020","3,858","4,050","4,072","3,852","15.98M","-1.58%"
"02/04/2020","3,920","3,820","4,065","3,759","34.24M","4.28%"
"02/03/2020","3,759","3,811","3,827","3,720","11.80M","-3.81%"
"01/31/2020","3,908","3,890","3,950","3,834","12.60M","2.46%"
"01/30/2020","3,814","3,752","3,853","3,745","10.43M","3.78%"
"01/29/2020","3,675","3,630","3,820","3,595","13.12M","0.91%"
"01/28/2020","3,642","3,694","3,765","3,597","24.20M","-3.34%"
"01/27/2020","3,768","3,922","3,975","3,734","23.07M","-1.59%"
"01/24/2020","3,829","3,752","3,880","3,750","14.96M","0.50%"
"01/23/2020","3,810","4,000","4,025","3,810","15.13M","-2.46%"
"01/22/2020","3,906","3,935","4,029","3,875","15.45M","-0.23%"
"01/21/2020","3,915","4,100","4,160","3,886","26.46M","-4.74%"
"01/20/2020","4,110","4,020","4,215","4,000","21.97M","4.85%"
"01/17/2020","3,920","3,756","3,930","3,730","24.77M","5.32%"
"01/16/2020","3,722","3,688","3,824","3,670","20.02M","3.85%"
"01/15/2020","3,584","3,560","3,651","3,556","23.60M","2.99%"
"01/14/2020","3,480","3,509","3,509","3,436","14.99M","-2.11%"
"01/13/2020","3,555","3,551","3,586","3,521","20.82M","-0.36%"
"01/10/2020","3,568","3,580","3,626","3,535","14.16M","-0.67%"
"01/09/2020","3,592","3,531","3,645","3,509","15.86M","-3.05%"
"01/08/2020","3,705","3,789","3,808","3,690","18.85M","1.20%"
"01/07/2020","3,661","3,662","3,720","3,545","13.70M","-1.16%"
"01/06/2020","3,704","3,890","3,890","3,692","13.07M","0.08%"
"01/03/2020","3,701","3,615","3,806","3,615","17.41M","4.70%"
"01/02/2020","3,535","3,561","3,584","3,488","4.64M","-1.50%"
"12/31/2019","3,589","3,550","3,589","3,525","4.54M","4.33%"
"12/30/2019","3,440","3,500","3,523","3,426","4.90M","0.00%"
"12/27/2019","3,440","3,495","3,575","3,440","9.39M","-0.58%"
"12/24/2019","3,460","3,356","3,515","3,356","7.16M","4.19%"
"12/23/2019","3,321","3,341","3,387","3,265","12.17M","-3.04%"
"12/20/2019","3,425","3,447","3,499","3,410","16.83M","-0.95%"
"12/19/2019","3,458","3,481","3,530","3,426","29.21M","-0.35%"
"12/18/2019","3,470","3,474","3,566","3,450","15.06M","-0.26%"
"12/17/2019","3,479","3,421","3,536","3,360","18.35M","2.32%"
"12/13/2019","3,400","3,395","3,423","3,265","16.48M","-1.13%"
"12/12/2019","3,439","3,455","3,527","3,418","19.82M","1.15%"
"12/11/2019","3,400","3,200","3,400","3,182","25.55M","6.12%"
"12/10/2019","3,204","3,067","3,266","2,974","21.26M","3.86%"
"12/09/2019","3,085","3,061","3,092","3,010","13.55M","0.78%"
"12/06/2019","3,061","3,132","3,176","3,042","18.80M","-2.89%"
"12/05/2019","3,152","3,150","3,238","3,106","23.12M","-0.16%"
"12/04/2019","3,157","3,250","3,330","3,145","27.34M","-2.71%"
"12/03/2019","3,245","3,000","3,245","2,955","40.10M","7.56%"
"12/02/2019","3,017","2,888","3,020","2,872","33.65M","4.47%"
"11/29/2019","2,888","2,858","2,888","2,801","17.94M","1.09%"
"11/28/2019","2,857","2,772","2,882","2,763","8.16M","1.60%"
"11/27/2019","2,812","2,885","2,950","2,774","23.09M","-1.71%"
"11/26/2019","2,861","2,759","2,861","2,759","219.29M","2.80%"
"11/25/2019","2,783","2,719","2,783","2,710","14.83M","0.25%"
"11/22/2019","2,776","2,845","2,845","2,755","13.16M","-3.28%"
"11/21/2019","2,870","2,906","2,930","2,843","10.31M","-2.55%"
"11/20/2019","2,945","2,912","2,975","2,893","15.79M","1.66%"
"11/19/2019","2,897","2,849","2,909","2,832","20.96M","1.72%"
"11/18/2019","2,848","2,769","2,872","2,761","10.94M","1.64%"
"11/15/2019","2,802","2,770","2,850","2,731","10.33M","0.39%"
"11/14/2019","2,791","2,855","2,913","2,781","24.07M","-0.32%"
"11/13/2019","2,800","2,700","2,831","2,696","27.76M","5.46%"
"11/12/2019","2,655","2,578","2,674","2,538","20.49M","2.95%"
"11/11/2019","2,579","2,688","2,723","2,579","32.24M","-3.66%"
"11/08/2019","2,677","2,676","2,763","2,665","37.92M","-2.16%"
"11/07/2019","2,736","2,807","2,879","2,705","17.74M","-1.65%"
"11/06/2019","2,782","2,708","2,815","2,691","21.40M","3.54%"
"11/05/2019","2,687","2,714","2,849","2,660","17.70M","-3.00%"
"11/04/2019","2,770","2,950","2,950","2,759","10.46M","-2.33%"
"11/01/2019","2,836","2,890","2,978","2,819","15.52M","-2.71%"
"10/31/2019","2,915","2,863","2,926","2,810","33.56M","4.11%"
"10/30/2019","2,800","2,584","2,841","2,575","31.46M","8.11%"
"10/29/2019","2,590","2,583","2,629","2,571","11.93M","-1.89%"
"10/28/2019","2,640","2,604","2,670","2,580","19.21M","0.42%"
"10/25/2019","2,629","2,641","2,677","2,610","14.62M","1.31%"
"10/24/2019","2,595","2,579","2,611","2,540","20.78M","0.62%"
"10/23/2019","2,579","2,483","2,590","2,466","17.14M","5.27%"
"10/22/2019","2,450","2,535","2,543","2,442","21.76M","-4.11%"
"10/21/2019","2,555","2,611","2,683","2,555","18.18M","-1.01%"
"10/18/2019","2,581","2,560","2,672","2,555","21.40M","1.22%"
"10/17/2019","2,550","2,517","2,555","2,465","29.08M","1.96%"
"10/16/2019","2,501","2,364","2,505","2,364","23.85M","5.44%"
"10/15/2019","2,372","2,369","2,430","2,311","15.42M","0.13%"
"10/14/2019","2,369","2,340","2,397","2,324","17.42M","1.46%"
"10/11/2019","2,335","2,449","2,539","2,319","32.79M","-4.69%"
"10/10/2019","2,450","2,490","2,519","2,427","21.28M","-2.70%"
"10/09/2019","2,518","2,457","2,546","2,440","19.38M","3.54%"
"10/08/2019","2,432","2,332","2,475","2,332","13.72M","1.89%"
"10/07/2019","2,387","2,389","2,441","2,337","15.64M","3.78%"
"10/04/2019","2,300","2,319","2,377","2,281","17.29M","-2.17%"
"10/03/2019","2,351","2,305","2,379","2,305","21.50M","2.80%"
"10/02/2019","2,287","2,175","2,307","2,175","31.15M","3.30%"
"10/01/2019","2,214","2,015","2,214","2,015","29.84M","5.53%"
"09/30/2019","2,098","2,077","2,125","2,072","18.12M","-0.66%"
"09/27/2019","2,112","2,069","2,143","2,061","15.86M","-0.19%"
"09/26/2019","2,116","2,053","2,166","2,040","19.57M","1.58%"
"09/25/2019","2,083","2,059","2,150","2,041","39.31M","3.63%"
"09/23/2019","2,010","1,913","2,016","1,905","22.31M","5.68%"
"09/20/2019","1,902","1,792","1,902","1,792","86.93M","7.34%"
"09/19/2019","1,772","1,715","1,789","1,698","18.73M","-0.11%"
"09/18/2019","1,774","1,781","1,801","1,742","17.58M","0.68%"
"09/17/2019","1,762","1,665","1,790","1,656","29.23M","6.72%"
"09/16/2019","1,651","1,709","1,750","1,642","20.81M","-0.60%"
"09/13/2019","1,661","1,778","1,800","1,609","28.78M","-7.93%"
"09/12/2019","1,804","1,737","1,826","1,712","32.58M","5.25%"
"09/11/2019","1,714","1,726","1,732","1,666","14.41M","-0.35%"
"09/10/2019","1,720","1,750","1,763","1,692","17.29M","-2.66%"
"09/09/2019","1,767","1,842","1,853","1,767","9.92M","-4.85%"
"09/06/2019","1,857","1,876","1,898","1,825","21.26M","-2.93%"
"09/05/2019","1,913","1,930","1,979","1,899","15.37M","-1.59%"
"09/04/2019","1,944","2,015","2,018","1,925","29.39M","-4.94%"
"09/03/2019","2,045","2,105","2,111","2,024","16.33M","-2.39%"
"09/02/2019","2,095","2,093","2,150","2,061","13.73M","0.38%"
"08/30/2019","2,087","2,110","2,119","2,013","27.32M","-3.33%"
"08/29/2019","2,159","2,175","2,229","2,122","19.64M","2.81%"
"08/28/2019","2,100","2,022","2,132","2,005","22.38M","5.47%"
"08/27/2019","1,991","2,035","2,060","1,976","12.83M","-2.78%"
"08/26/2019","2,048","2,080","2,096","2,012","15.23M","1.04%"
"08/23/2019","2,027","2,000","2,041","1,930","13.12M","0.85%"
"08/22/2019","2,010","2,000","2,015","1,951","9.48M","0.85%"
"08/21/2019","1,993","2,025","2,039","1,985","16.81M","-0.50%"
"08/20/2019","2,003","1,955","2,016","1,911","19.02M","2.19%"
"08/19/2019","1,960","1,936","1,971","1,909","14.38M","-0.31%"
"08/16/2019","1,966","1,959","1,992","1,927","17.71M","0.05%"
"08/15/2019","1,965","1,951","2,004","1,920","22.04M","-1.21%"
"08/14/2019","1,989","1,886","2,015","1,871","22.57M","4.19%"
"08/13/2019","1,909","2,166","2,176","1,850","25.99M","-10.79%"
"08/12/2019","2,140","2,015","2,171","2,009","29.53M","6.57%"
"08/08/2019","2,008","2,050","2,086","2,008","9.78M","-2.71%"
"08/07/2019","2,064","2,025","2,103","2,021","22.49M","3.25%"
"08/06/2019","1,999","1,951","2,008","1,951","11.56M","0.25%"
"08/05/2019","1,994","1,911","2,006","1,907","13.82M","6.97%"
"08/02/2019","1,864","1,882","1,900","1,811","15.63M","2.42%"
"08/01/2019","1,820","1,745","1,839","1,717","16.81M","-0.11%"
"07/31/2019","1,822","1,908","1,924","1,822","21.86M","-3.85%"
"07/30/2019","1,895","1,900","1,946","1,887","13.50M","1.23%"
"07/29/2019","1,872","1,844","1,892","1,828","10.93M","1.03%"
"07/26/2019","1,853","1,839","1,885","1,823","5.33M","-0.05%"
"07/25/2019","1,854","1,803","1,909","1,797","12.22M","1.92%"
"07/24/2019","1,819","1,784","1,834","1,783","10.71M","1.06%"
"07/23/2019","1,800","1,779","1,814","1,761","12.71M","-0.33%"
"07/22/2019","1,806","1,810","1,839","1,798","7.54M","-0.17%"
"07/19/2019","1,809","1,802","1,847","1,794","14.78M","3.31%"
"07/18/2019","1,751","1,705","1,800","1,705","20.74M","3.00%"
"07/17/2019","1,700","1,662","1,707","1,662","8.70M","1.13%"
"07/16/2019","1,681","1,694","1,708","1,664","12.58M","-0.65%"
"07/15/2019","1,692","1,687","1,710","1,653","15.16M","1.68%"
"07/12/2019","1,664","1,652","1,679","1,639","6.21M","-0.36%"
"07/11/2019","1,670","1,705","1,750","1,667","17.58M","-0.65%"
"07/10/2019","1,681","1,632","1,714","1,632","15.62M","3.13%"
"07/09/2019","1,630","1,610","1,654","1,595","13.04M","1.75%"
"07/08/2019","1,602","1,586","1,650","1,585","12.45M","2.69%"
"07/05/2019","1,560","1,600","1,620","1,525","12.34M","-2.19%"
"07/04/2019","1,595","1,600","1,611","1,545","11.52M","-1.24%"
"07/03/2019","1,615","1,620","1,684","1,605","18.49M","2.54%"
"07/02/2019","1,575","1,579","1,633","1,575","10.93M","-0.94%"
"07/01/2019","1,590","1,609","1,609","1,533","13.25M","-5.13%"
"06/28/2019","1,676","1,675","1,691","1,656","13.53M","0.96%"
"06/27/2019","1,660","1,648","1,680","1,638","11.83M","0.67%"
"06/26/2019","1,649","1,635","1,658","1,614","8.36M","-2.14%"
"06/25/2019","1,685","1,650","1,715","1,650","17.02M","4.85%"
"06/24/2019","1,607","1,593","1,639","1,570","20.56M","4.76%"
"06/21/2019","1,534","1,550","1,584","1,524","20.79M","-0.07%"
"06/20/2019","1,535","1,505","1,535","1,494","23.36M","5.64%"
"06/19/2019","1,453","1,498","1,504","1,438","13.74M","-1.89%"
"06/18/2019","1,481","1,521","1,555","1,470","31.24M","-0.94%"
"06/14/2019","1,495","1,580","1,600","1,490","24.57M","-3.55%"
"06/13/2019","1,550","1,556","1,574","1,540","12.60M","0.85%"
"06/12/2019","1,537","1,485","1,542","1,485","14.45M","5.27%"
"06/11/2019","1,460","1,441","1,472","1,424","7.98M","0.14%"
"06/10/2019","1,458","1,463","1,476","1,402","9.11M","-1.69%"
"06/07/2019","1,483","1,477","1,520","1,420","32.89M","1.64%"
"06/06/2019","1,459","1,480","1,509","1,452","14.55M","-1.49%"
"06/05/2019","1,481","1,485","1,520","1,436","21.38M","1.44%"
"06/04/2019","1,460","1,449","1,474","1,416","19.39M","2.60%"
"06/03/2019","1,423","1,396","1,432","1,380","12.47M","3.42%"
"05/31/2019","1,376","1,310","1,383","1,294","16.44M","7.84%"
"05/30/2019","1,276","1,284","1,284","1,234","6.59M","-1.16%"
"05/29/2019","1,291","1,272","1,325","1,245","15.19M","3.86%"
"05/28/2019","1,243","1,111","1,248","1,111","13.94M","10.29%"
"05/27/2019","1,127","1,172","1,172","1,106","2.90M","-1.91%"
"05/24/2019","1,149","1,189","1,205","1,133","6.10M","-4.65%"
"05/23/2019","1,205","1,162","1,217","1,158","5.86M","1.77%"
"05/22/2019","1,184","1,166","1,199","1,159","4.68M","2.69%"
"05/21/2019","1,153","1,164","1,173","1,139","5.77M","0.26%"
"05/20/2019","1,150","1,136","1,162","1,125","7.45M","1.14%"
"05/17/2019","1,137","1,161","1,165","1,115","12.07M","-1.30%"
"05/16/2019","1,152","1,195","1,200","1,145","7.73M","-3.19%"
"05/15/2019","1,190","1,227","1,228","1,176","9.00M","-1.49%"
"05/14/2019","1,208","1,209","1,228","1,175","5.85M","0.83%"
"05/13/2019","1,198","1,243","1,257","1,188","16.67M","-3.07%"
"05/10/2019","1,236","1,242","1,270","1,225","6.63M","-0.32%"
"05/09/2019","1,240","1,354","1,368","1,231","6.62M","-5.70%"
"05/07/2019","1,315","1,297","1,320","1,287","6.26M","1.62%"
"05/06/2019","1,294","1,300","1,311","1,265","5.51M","-1.22%"
"05/03/2019","1,310","1,275","1,310","1,222","7.33M","4.72%"
"05/02/2019","1,251","1,330","1,330","1,246","17.80M","-6.99%"
"04/30/2019","1,345","1,383","1,402","1,327","12.69M","-2.75%"
"04/29/2019","1,383","1,430","1,442","1,383","13.14M","-2.95%"
"04/26/2019","1,425","1,443","1,444","1,411","2.13M","-0.35%"
"04/25/2019","1,430","1,440","1,460","1,425","10.20M","0.14%"
"04/24/2019","1,428","1,425","1,434","1,400","6.01M","-0.35%"
"04/23/2019","1,433","1,432","1,440","1,414","7.47M","0.21%"
"04/18/2019","1,430","1,458","1,467","1,407","17.67M","-0.69%"
"04/17/2019","1,440","1,350","1,440","1,330","29.22M","6.59%"
"04/16/2019","1,351","1,355","1,378","1,325","10.50M","0.60%"
"04/15/2019","1,343","1,360","1,360","1,323","13.26M","-3.38%"
"04/12/2019","1,390","1,400","1,441","1,376","15.66M","0.43%"
"04/11/2019","1,384","1,365","1,453","1,332","30.97M","-1.14%"
"04/10/2019","1,400","1,550","1,585","1,377","81.56M","-17.65%"
"04/09/2019","1,700","1,712","1,719","1,688","10.35M","-1.45%"
"04/08/2019","1,725","1,648","1,727","1,648","11.03M","5.50%"
"04/05/2019","1,635","1,610","1,645","1,595","5.49M","2.51%"
"04/04/2019","1,595","1,595","1,630","1,552","12.95M","0.63%"
"04/03/2019","1,585","1,548","1,610","1,535","16.19M","2.66%"
"04/02/2019","1,544","1,535","1,584","1,520","13.55M","0.59%"
"04/01/2019","1,535","1,537","1,543","1,441","19.51M","-2.42%"
"03/29/2019","1,573","1,515","1,607","1,481","23.53M","1.03%"
"03/28/2019","1,557","1,686","1,692","1,535","22.88M","-10.21%"
"03/27/2019","1,734","1,750","1,804","1,720","12.67M","-0.23%"
"03/26/2019","1,738","1,747","1,769","1,715","12.14M","-0.74%"
"03/25/2019","1,751","1,716","1,767","1,677","20.60M","1.51%"
"03/22/2019","1,725","1,703","1,747","1,703","10.07M","3.05%"
"03/20/2019","1,674","1,652","1,801","1,607","15.59M","1.09%"
"03/19/2019","1,656","1,506","1,672","1,505","31.55M","8.45%"
"03/18/2019","1,527","1,514","1,558","1,511","5.99M","0.86%"
"03/15/2019","1,514","1,480","1,529","1,473","15.31M","2.30%"
"03/14/2019","1,480","1,478","1,509","1,453","8.69M","0.20%"
"03/13/2019","1,477","1,454","1,494","1,420","10.04M","4.53%"
"03/12/2019","1,413","1,405","1,445","1,400","6.97M","0.64%"
"03/11/2019","1,404","1,521","1,521","1,390","9.49M","-4.94%"
"03/08/2019","1,477","1,470","1,505","1,465","11.74M","0.14%"
"03/07/2019","1,475","1,480","1,505","1,452","8.77M","-2.32%"
"03/06/2019","1,510","1,507","1,531","1,497","9.03M","1.00%"
"03/05/2019","1,495","1,523","1,540","1,485","11.54M","-2.10%"
"03/04/2019","1,527","1,505","1,559","1,497","9.17M","-1.99%"
"03/01/2019","1,558","1,523","1,568","1,523","5.04M","1.30%"
"02/28/2019","1,538","1,519","1,561","1,503","9.33M","-0.19%"
"02/27/2019","1,541","1,528","1,564","1,515","12.89M","1.38%"
"02/26/2019","1,520","1,500","1,545","1,488","9.17M","1.47%"
"02/25/2019","1,498","1,526","1,535","1,479","6.07M","-0.13%"
"02/22/2019","1,500","1,490","1,551","1,484","8.91M","-0.33%"
"02/21/2019","1,505","1,520","1,535","1,451","10.11M","-3.96%"
"02/20/2019","1,567","1,620","1,653","1,544","16.06M","-0.82%"
"02/19/2019","1,580","1,520","1,580","1,481","18.51M","4.29%"
"02/18/2019","1,515","1,450","1,528","1,450","5.53M","6.24%"
"02/15/2019","1,426","1,467","1,489","1,423","10.05M","-2.66%"
"02/14/2019","1,465","1,432","1,548","1,387","14.47M","1.60%"
"02/13/2019","1,442","1,461","1,487","1,416","10.09M","-1.57%"
"02/12/2019","1,465","1,455","1,500","1,441","9.90M","0.69%"
"02/11/2019","1,455","1,460","1,478","1,390","16.68M","2.39%"
"02/08/2019","1,421","1,350","1,437","1,343","33.82M","8.06%"
"02/07/2019","1,315","1,279","1,326","1,247","21.92M","1.94%"
"02/06/2019","1,290","1,280","1,324","1,269","9.31M","1.57%"
"02/05/2019","1,270","1,241","1,271","1,225","7.07M","2.83%"
"02/04/2019","1,235","1,235","1,284","1,214","15.36M","2.07%"
"02/01/2019","1,210","1,130","1,229","1,130","21.58M","7.56%"
"01/31/2019","1,125","1,115","1,140","1,091","7.66M","0.09%"
"01/30/2019","1,124","1,130","1,155","1,109","6.34M","1.08%"
"01/29/2019","1,112","1,087","1,122","1,087","12.02M","2.49%"
"01/28/2019","1,085","1,055","1,094","1,055","6.39M","3.63%"
"01/25/2019","1,047","1,020","1,049","1,008","6.14M","2.15%"
"01/24/2019","1,025","1,009","1,035","1,007","5.28M","2.81%"
"01/23/2019","997","1,000","1,018","992","5.68M","-0.89%"
"01/22/2019","1,006","1,000","1,032","990","4.50M","0.20%"
"01/21/2019","1,004","1,011","1,042","996","3.20M","-1.95%"
"01/18/2019","1,024","1,031","1,061","1,016","9.30M","2.40%"
"01/17/2019","1,000","950","1,030","950","10.99M","3.52%"
"01/16/2019","966","979","991","954","7.92M","-2.42%"
"01/15/2019","990","1,011","1,029","990","9.90M","-4.90%"
"01/14/2019","1,041","1,078","1,095","1,036","7.28M","-2.62%"
"01/11/2019","1,069","1,085","1,093","1,061","6.41M","-2.55%"
"01/10/2019","1,097","1,107","1,144","1,086","9.74M","3.00%"
"01/09/2019","1,065","1,040","1,073","1,040","5.39M","2.40%"
"01/08/2019","1,040","1,035","1,064","1,021","4.37M","-1.70%"
"01/07/2019","1,058","1,084","1,106","1,053","4.24M","1.63%"
"01/04/2019","1,041","1,075","1,094","1,036","4.69M","-2.98%"
"01/03/2019","1,073","1,075","1,097","1,053","6.49M","0.47%"
"01/02/2019","1,068","1,022","1,071","1,022","5.71M","6.59%"
"12/31/2018","1,002","991","1,023","982","3.54M","1.11%"
"12/28/2018","991","960","1,029","940","12.50M","3.99%"
"12/27/2018","953","920","975","910","7.85M","5.65%"
"12/24/2018","902","925","936","902","4.90M","-4.25%"
"12/21/2018","942","950","990","935","11.88M","-1.88%"
"12/20/2018","960","917","978","917","13.59M","-3.81%"
"12/19/2018","998","974","1,037","974","6.91M","0.71%"
"12/18/2018","991","968","1,009","959","10.31M","-3.69%"
"12/14/2018","1,029","1,002","1,068","1,002","10.18M","1.28%"
"12/13/2018","1,016","964","1,032","950","14.70M","4.96%"
"12/12/2018","968","952","984","946","5.66M","-0.10%"
"12/11/2018","969","998","1,012","965","5.98M","-3.00%"
"12/10/2018","999","999","1,022","977","9.14M","5.49%"
"12/07/2018","947","930","970","921","6.77M","0.96%"
"12/06/2018","938","895","961","880","10.30M","4.80%"
"12/05/2018","895","875","901","875","2.45M","2.52%"
"12/04/2018","873","866","906","861","5.75M","1.51%"
"12/03/2018","860","855","906","855","7.55M","1.18%"
"11/30/2018","850","884","884","827","8.24M","-3.95%"
"11/29/2018","885","887","907","883","2.63M","1.14%"
"11/28/2018","875","859","883","832","6.06M","2.82%"
"11/27/2018","851","877","896","848","2.13M","-2.74%"
"11/26/2018","875","899","903","875","3.95M","-1.91%"
"11/23/2018","892","879","920","879","1.70M","-0.56%"
"11/22/2018","897","935","936","878","4.16M","-4.78%"
"11/21/2018","942","940","963","922","6.91M","0.64%"
"11/20/2018","936","920","979","915","7.34M","-1.89%"
"11/19/2018","954","923","967","907","8.99M","3.25%"
"11/16/2018","924","906","938","888","8.27M","7.94%"
"11/15/2018","856","843","874","843","3.18M","1.90%"
"11/14/2018","840","820","849","820","9.30M","0.72%"
"11/13/2018","834","860","861","834","7.16M","-4.14%"
"11/12/2018","870","856","897","847","8.27M","1.64%"
"11/09/2018","856","870","897","853","2.62M","-2.51%"
"11/08/2018","878","852","898","841","7.23M","1.50%"
"11/07/2018","865","882","892","857","7.13M","-2.70%"
"11/06/2018","889","926","947","881","11.93M","-3.26%"
"11/05/2018","919","914","950","901","10.29M","-1.18%"
"11/02/2018","930","900","950","872","14.87M","0.54%"
"11/01/2018","925","1,037","1,040","873","22.41M","-9.67%"
"10/31/2018","1,024","1,035","1,069","1,010","9.99M","-1.35%"
"10/30/2018","1,038","1,021","1,053","1,009","7.36M","2.57%"
"10/29/2018","1,012","1,045","1,050","999","7.94M","-5.95%"
"10/26/2018","1,076","1,049","1,107","1,023","13.74M","4.26%"
"10/25/2018","1,032","1,110","1,129","1,030","10.96M","-3.91%"
"10/24/2018","1,074","1,123","1,123","1,062","9.51M","-5.04%"
"10/23/2018","1,131","1,085","1,193","1,084","16.68M","7.82%"
"10/22/2018","1,049","1,133","1,133","1,035","9.17M","-5.92%"
"10/19/2018","1,115","1,110","1,141","1,090","12.30M","1.18%"
"10/18/2018","1,102","1,130","1,149","1,088","15.88M","-3.67%"
"10/17/2018","1,144","1,155","1,161","1,106","20.80M","-1.29%"
"10/16/2018","1,159","1,244","1,270","1,141","19.40M","-7.35%"
"10/15/2018","1,251","1,140","1,341","1,140","36.25M","13.52%"
"10/12/2018","1,102","1,117","1,146","1,077","18.96M","-0.99%"
"10/11/2018","1,113","1,000","1,115","995","26.12M","13.46%"
"10/10/2018","981","989","989","964","6.67M","-1.80%"
"10/09/2018","999","976","1,006","962","9.66M","2.99%"
"10/08/2018","970","981","1,002","963","6.61M","-1.62%"
"10/05/2018","986","991","1,000","975","7.15M","-1.40%"
"10/04/2018","1,000","985","1,014","985","14.82M","2.99%"
"10/03/2018","971","982","999","942","8.93M","-1.22%"
"10/02/2018","983","900","995","895","17.56M","10.33%"
"10/01/2018","891","863","891","853","4.50M","3.97%"
"09/28/2018","857","836","873","836","6.39M","2.51%"
"09/27/2018","836","869","907","835","8.42M","-3.80%"
"09/26/2018","869","914","914","868","5.13M","-4.92%"
"09/25/2018","914","910","950","904","8.52M","3.04%"
"09/21/2018","887","933","940","887","21.91M","-5.64%"
"09/20/2018","940","921","969","921","13.47M","3.75%"
"09/19/2018","906","902","920","876","4.89M","-1.74%"
"09/18/2018","922","891","922","862","4.82M","1.43%"
"09/17/2018","909","901","927","884","4.34M","1.22%"
"09/14/2018","898","920","938","897","2.96M","-1.86%"
"09/13/2018","915","925","941","906","4.04M","0.88%"
"09/12/2018","907","900","933","886","4.54M","2.60%"
"09/11/2018","884","921","923","882","4.95M","-4.23%"
"09/10/2018","923","942","951","921","3.65M","-2.64%"
"09/07/2018","948","964","964","925","3.41M","-3.27%"
"09/06/2018","980","990","990","958","6.16M","-0.51%"
"09/05/2018","985","936","985","930","13.71M","8.36%"
"09/04/2018","909","888","930","888","9.96M","2.36%"
"09/03/2018","888","842","900","840","3.15M","3.86%"
"08/31/2018","855","817","855","817","8.25M","6.61%"
"08/30/2018","802","804","812","792","14.91M","0.50%"
"08/29/2018","798","800","817","790","8.21M","-2.56%"
"08/28/2018","819","843","852","808","10.74M","-2.03%"
"08/27/2018","836","804","845","804","4.49M","3.98%"
"08/24/2018","804","781","831","781","6.57M","-0.50%"
"08/23/2018","808","802","815","770","3.28M","2.15%"
"08/22/2018","791","804","808","787","2.70M","-0.50%"
"08/21/2018","795","800","823","786","2.75M","2.98%"
"08/20/2018","772","760","787","758","2.76M","0.92%"
"08/17/2018","765","760","791","744","3.85M","0.00%"
"08/16/2018","765","790","790","753","2.90M","1.73%"
"08/15/2018","752","830","830","742","8.54M","-8.52%"
"08/14/2018","822","858","858","812","6.13M","-5.08%"
"08/13/2018","866","885","896","866","4.75M","0.00%"
"08/10/2018","866","865","870","840","7.91M","2.97%"
"08/08/2018","841","856","859","841","3.68M","-2.10%"
"08/07/2018","859","860","878","854","4.91M","-0.12%"
"08/06/2018","860","850","878","849","5.40M","-1.26%"
"08/03/2018","871","840","873","836","11.44M","5.32%"
"08/02/2018","827","831","839","821","4.07M","1.22%"
"08/01/2018","817","814","825","802","3.79M","2.13%"
"07/31/2018","800","796","808","783","8.04M","1.65%"
"07/30/2018","787","731","796","731","3.99M","6.21%"
"07/27/2018","741","750","766","734","4.97M","0.14%"
"07/26/2018","740","733","755","715","8.60M","4.52%"
"07/25/2018","708","742","745","698","6.68M","-2.34%"
"07/24/2018","725","725","745","725","3.94M","-0.82%"
"07/23/2018","731","718","733","711","3.53M","0.97%"
"07/20/2018","724","730","739","720","1.95M","1.97%"
"07/19/2018","710","731","731","682","11.21M","-2.87%"
"07/18/2018","731","764","776","721","10.14M","-4.32%"
"07/17/2018","764","755","775","748","5.54M","1.46%"
"07/16/2018","753","735","767","713","13.77M","2.17%"
"07/13/2018","737","766","770","737","10.16M","-4.04%"
"07/12/2018","768","797","803","768","5.83M","-4.48%"
"07/11/2018","804","800","809","791","4.41M","1.52%"
"07/10/2018","792","787","799","780","4.45M","-0.38%"
"07/09/2018","795","805","805","776","5.80M","-1.00%"
"07/06/2018","803","794","805","785","3.97M","-0.25%"
"07/05/2018","805","791","809","790","2.93M","-0.49%"
"07/04/2018","809","808","818","795","7.01M","-1.34%"
"07/03/2018","820","800","835","770","8.01M","-2.03%"
"07/02/2018","837","814","849","811","4.64M","1.70%"
"06/29/2018","823","805","823","790","11.05M","2.88%"
"06/28/2018","800","775","800","752","15.27M","2.30%"
"06/27/2018","782","821","828","761","15.91M","-6.12%"
"06/26/2018","833","930","934","833","15.35M","-11.19%"
"06/25/2018","938","958","965","934","9.05M","-2.09%"
"06/22/2018","958","932","965","924","5.63M","2.68%"
"06/21/2018","933","939","947","916","3.60M","-0.64%"
"06/20/2018","939","935","947","920","7.91M","1.19%"
"06/19/2018","928","914","936","908","8.32M","3.69%"
"06/18/2018","895","860","912","860","5.99M","4.07%"
"06/15/2018","860","863","890","841","19.14M","0.00%"
"06/14/2018","860","855","900","847","11.48M","1.53%"
"06/13/2018","847","875","891","839","7.45M","-4.29%"
"06/12/2018","885","900","903","872","7.97M","-3.80%"
"06/11/2018","920","940","941","894","8.34M","-2.13%"
"06/08/2018","940","910","968","910","11.48M","2.62%"
"06/07/2018","916","874","929","871","11.74M","4.81%"
"06/06/2018","874","852","882","845","10.27M","2.58%"
"06/05/2018","852","810","852","800","12.08M","5.19%"
"06/04/2018","810","818","874","809","18.59M","-1.46%"
"06/01/2018","822","802","822","794","17.30M","4.18%"
"05/31/2018","789","799","821","787","165.94M","-0.13%"
"05/30/2018","790","770","796","758","17.89M","2.60%"
"05/29/2018","770","755","777","738","17.75M","3.36%"
"05/28/2018","745","756","780","743","7.84M","-1.84%"
"05/25/2018","759","800","813","752","19.16M","-5.13%"
"05/24/2018","800","815","838","791","17.43M","-1.23%"
"05/23/2018","810","879","879","810","12.32M","-7.95%"
"05/22/2018","880","859","885","859","5.82M","1.38%"
"05/21/2018","868","869","886","853","5.04M","-0.12%"
"05/18/2018","869","878","890","863","9.30M","-1.25%"
"05/17/2018","880","867","897","864","5.57M","1.62%"
"05/16/2018","866","899","909","859","10.18M","-2.48%"
"05/15/2018","888","940","941","835","34.38M","-5.33%"
"05/14/2018","938","875","942","875","8.34M","5.63%"
"05/11/2018","888","891","903","854","16.42M","0.00%"
"05/10/2018","888","929","929","877","12.21M","-4.62%"
"05/09/2018","931","956","956","906","13.75M","-3.52%"
"05/08/2018","965","989","1,007","929","18.02M","-3.21%"
"05/07/2018","997","1,070","1,073","991","15.90M","-7.69%"
"05/04/2018","1,080","1,100","1,109","1,065","5.99M","-3.74%"
"05/03/2018","1,122","1,113","1,165","1,110","9.13M","-1.58%"
"05/02/2018","1,140","1,113","1,159","1,102","7.90M","3.83%"
"04/30/2018","1,098","1,087","1,118","1,087","6.78M","1.01%"
"04/26/2018","1,087","1,090","1,114","1,081","3.97M","-0.18%"
"04/25/2018","1,089","1,068","1,103","1,055","4.97M","0.37%"
"04/24/2018","1,085","1,085","1,104","1,063","5.32M","-1.81%"
"04/23/2018","1,105","1,137","1,181","1,070","8.93M","-2.81%"
"04/20/2018","1,137","1,105","1,147","1,085","6.98M","2.90%"
"04/19/2018","1,105","1,074","1,125","1,063","17.18M","3.56%"
"04/18/2018","1,067","1,011","1,080","992","16.04M","5.64%"
"04/17/2018","1,010","1,060","1,065","997","8.68M","-5.61%"
"04/16/2018","1,070","1,099","1,099","1,036","11.73M","-2.73%"
"04/13/2018","1,100","1,083","1,108","1,079","8.45M","1.57%"
"04/12/2018","1,083","1,096","1,100","1,055","9.74M","-1.01%"
"04/11/2018","1,094","1,093","1,122","1,069","12.63M","3.40%"
"04/10/2018","1,058","1,076","1,090","1,040","15.19M","-2.67%"
"04/09/2018","1,087","1,133","1,137","1,050","26.29M","-2.51%"
"04/06/2018","1,115","1,079","1,115","1,071","13.08M","2.48%"
"04/05/2018","1,088","1,087","1,090","1,056","4.17M","0.65%"
"04/04/2018","1,081","1,103","1,124","1,069","10.06M","-3.83%"
"04/03/2018","1,124","1,159","1,162","1,120","6.68M","-0.71%"
"03/29/2018","1,132","1,150","1,151","1,100","5.56M","-1.91%"
"03/28/2018","1,154","1,144","1,168","1,108","6.83M","2.12%"
"03/27/2018","1,130","1,131","1,160","1,130","8.61M","0.80%"
"03/26/2018","1,121","1,104","1,169","1,090","13.15M","1.91%"
"03/23/2018","1,100","1,117","1,130","1,068","11.33M","0.36%"
"03/22/2018","1,096","1,093","1,102","1,061","9.28M","0.46%"
"03/20/2018","1,091","1,117","1,121","1,081","11.72M","0.37%"
"03/19/2018","1,087","1,087","1,123","1,079","5.85M","0.74%"
"03/16/2018","1,079","1,096","1,123","1,062","19.50M","-1.46%"
"03/15/2018","1,095","1,105","1,105","1,059","12.49M","-1.08%"
"03/14/2018","1,107","1,135","1,139","1,081","10.74M","-2.47%"
"03/13/2018","1,135","1,137","1,151","1,092","10.63M","-0.96%"
"03/12/2018","1,146","1,173","1,195","1,131","6.08M","-2.30%"
"03/09/2018","1,173","1,167","1,197","1,135","7.57M","-0.34%"
"03/08/2018","1,177","1,187","1,204","1,171","3.88M","-2.65%"
"03/07/2018","1,209","1,202","1,216","1,154","6.70M","0.58%"
"03/06/2018","1,202","1,173","1,202","1,143","5.99M","3.89%"
"03/05/2018","1,157","1,126","1,172","1,118","7.11M","2.84%"
"03/02/2018","1,125","1,102","1,128","1,096","10.43M","2.37%"
"03/01/2018","1,099","1,077","1,135","1,077","5.04M","0.73%"
"02/28/2018","1,091","1,087","1,102","1,068","9.55M","0.00%"
"02/27/2018","1,091","1,101","1,123","1,073","13.90M","-2.85%"
"02/26/2018","1,123","1,131","1,138","1,070","14.95M","2.37%"
"02/23/2018","1,097","1,096","1,151","1,030","26.05M","0.92%"
"02/22/2018","1,087","1,260","1,260","1,077","24.75M","-16.32%"
"02/21/2018","1,299","1,317","1,336","1,221","10.66M","-1.52%"
"02/20/2018","1,319","1,332","1,332","1,297","5.68M","-1.49%"
"02/19/2018","1,339","1,312","1,351","1,284","6.72M","2.37%"
"02/16/2018","1,308","1,310","1,326","1,296","7.73M","-0.15%"
"02/15/2018","1,310","1,313","1,328","1,270","6.60M","1.71%"
"02/14/2018","1,288","1,254","1,288","1,234","5.45M","2.71%"
"02/13/2018","1,254","1,213","1,269","1,212","5.08M","6.45%"
"02/12/2018","1,178","1,169","1,220","1,150","5.06M","-0.17%"
"02/09/2018","1,180","1,154","1,216","1,144","8.40M","2.25%"
"02/08/2018","1,154","1,199","1,230","1,150","12.70M","-3.91%"
"02/07/2018","1,201","1,239","1,239","1,177","8.62M","-2.28%"
"02/06/2018","1,229","1,264","1,291","1,212","7.72M","-1.99%"
"02/05/2018","1,254","1,279","1,292","1,240","9.82M","-3.02%"
"02/02/2018","1,293","1,329","1,355","1,284","4.31M","-2.12%"
"02/01/2018","1,321","1,334","1,356","1,282","7.20M","-0.97%"
"01/31/2018","1,334","1,324","1,351","1,302","9.72M","0.83%"
"01/30/2018","1,323","1,375","1,375","1,281","11.02M","-4.75%"
"01/29/2018","1,389","1,426","1,445","1,388","8.68M","-2.59%"
"01/26/2018","1,426","1,452","1,457","1,403","10.63M","-2.60%"
"01/25/2018","1,464","1,474","1,491","1,445","6.15M","-0.68%"
"01/24/2018","1,474","1,491","1,507","1,452","9.37M","0.75%"
"01/23/2018","1,463","1,452","1,471","1,441","3.84M","0.07%"
"01/22/2018","1,462","1,470","1,484","1,449","4.32M","-2.66%"
"01/19/2018","1,502","1,471","1,515","1,464","5.57M","0.13%"
"01/18/2018","1,500","1,500","1,533","1,423","14.56M","0.00%"
"01/17/2018","1,500","1,551","1,565","1,500","18.16M","-2.60%"
"01/16/2018","1,540","1,598","1,624","1,524","8.10M","-3.75%"
"01/15/2018","1,600","1,615","1,650","1,587","7.49M","1.91%"
"01/12/2018","1,570","1,577","1,612","1,570","4.24M","-0.25%"
"01/11/2018","1,574","1,562","1,590","1,529","4.67M","1.03%"
"01/10/2018","1,558","1,547","1,582","1,500","7.35M","0.39%"
"01/09/2018","1,552","1,567","1,590","1,524","5.74M","-1.15%"
"01/08/2018","1,570","1,567","1,635","1,538","3.96M","-0.95%"
"01/05/2018","1,585","1,577","1,591","1,545","4.73M","0.70%"
"01/04/2018","1,574","1,591","1,594","1,533","5.36M","-0.88%"
"01/03/2018","1,588","1,568","1,594","1,549","3.79M","1.79%"
"01/02/2018","1,560","1,539","1,579","1,529","4.05M","2.56%"
"12/29/2017","1,521","1,522","1,537","1,494","1.66M","0.26%"
"12/28/2017","1,517","1,509","1,546","1,399","2.98M","0.53%"
"12/27/2017","1,509","1,452","1,527","1,452","3.40M","6.12%"
"12/22/2017","1,422","1,418","1,450","1,409","1.63M","1.57%"
"12/21/2017","1,400","1,394","1,416","1,371","9.91M","2.87%"
"12/20/2017","1,361","1,442","1,446","1,361","15.38M","-6.91%"
"12/19/2017","1,462","1,489","1,489","1,451","12.16M","-1.81%"
"12/18/2017","1,489","1,529","1,529","1,479","8.25M","0.00%"
"12/15/2017","1,489","1,494","1,534","1,462","32.57M","3.47%"
"12/14/2017","1,439","1,572","1,615","1,375","32.20M","-7.10%"
"12/13/2017","1,549","1,549","1,582","1,530","11.56M","-0.26%"
"12/12/2017","1,553","1,617","1,617","1,535","10.63M","-5.02%"
"12/11/2017","1,635","1,621","1,660","1,612","5.83M","1.24%"
"12/08/2017","1,615","1,573","1,636","1,571","2.98M","1.89%"
"12/07/2017","1,585","1,538","1,585","1,527","6.28M","3.06%"
"12/06/2017","1,538","1,611","1,635","1,524","8.64M","-4.53%"
"12/05/2017","1,611","1,697","1,703","1,600","7.22M","-6.39%"
"12/04/2017","1,721","1,825","1,825","1,716","6.13M","-4.86%"
"12/01/2017","1,809","1,805","1,822","1,798","3.61M","0.22%"
"11/30/2017","1,805","1,815","1,837","1,799","8.32M","-1.10%"
"11/29/2017","1,825","1,813","1,838","1,808","5.34M","0.05%"
"11/28/2017","1,824","1,821","1,850","1,811","5.25M","0.16%"
"11/27/2017","1,821","1,886","1,900","1,801","8.64M","-2.41%"
"11/24/2017","1,866","1,847","1,916","1,847","7.96M","1.08%"
"11/23/2017","1,846","1,825","1,853","1,790","5.11M","1.04%"
"11/22/2017","1,827","1,734","1,845","1,724","7.53M","5.18%"
"11/21/2017","1,737","1,731","1,759","1,687","6.58M","0.40%"
"11/20/2017","1,730","1,789","1,817","1,726","5.92M","-2.43%"
"11/17/2017","1,773","1,773","1,816","1,755","6.07M","-0.06%"
"11/16/2017","1,774","1,831","1,850","1,774","10.04M","-4.73%"
"11/15/2017","1,862","1,876","1,933","1,858","9.95M","-1.27%"
"11/14/2017","1,886","1,950","1,950","1,864","14.38M","-3.28%"
"11/13/2017","1,950","1,956","1,979","1,937","8.62M","-0.31%"
"11/10/2017","1,956","1,923","1,976","1,904","11.62M","1.45%"
"11/09/2017","1,928","1,909","1,966","1,896","10.44M","1.47%"
"11/08/2017","1,900","1,874","1,910","1,871","9.42M","1.12%"
"11/07/2017","1,879","1,898","1,934","1,863","7.50M","-1.11%"
"11/06/2017","1,900","1,890","1,918","1,886","5.43M","1.33%"
"11/03/2017","1,875","1,857","1,889","1,846","8.99M","0.86%"
"11/02/2017","1,859","1,812","1,900","1,777","13.11M","1.86%"
"11/01/2017","1,825","1,762","1,827","1,762","15.56M","3.63%"
"10/31/2017","1,761","1,716","1,781","1,716","9.44M","1.21%"
"10/30/2017","1,740","1,717","1,741","1,687","10.70M","1.34%"
"10/27/2017","1,717","1,719","1,741","1,692","13.15M","-0.12%"
"10/26/2017","1,719","1,677","1,759","1,674","17.96M","4.24%"
"10/25/2017","1,649","1,618","1,665","1,600","9.09M","1.92%"
"10/24/2017","1,618","1,625","1,646","1,606","6.30M","-0.43%"
"10/23/2017","1,625","1,617","1,638","1,596","4.47M","-0.61%"
"10/20/2017","1,635","1,603","1,641","1,603","11.57M","2.00%"
"10/19/2017","1,603","1,572","1,623","1,567","11.04M","0.44%"
"10/18/2017","1,596","1,562","1,605","1,555","12.02M","2.18%"
"10/17/2017","1,562","1,557","1,591","1,543","18.09M","-1.51%"
"10/16/2017","1,586","1,550","1,593","1,549","12.31M","2.45%"
"10/13/2017","1,548","1,550","1,567","1,524","11.73M","1.11%"
"10/12/2017","1,531","1,531","1,546","1,522","3.89M","1.12%"
"10/11/2017","1,514","1,528","1,538","1,499","6.06M","-1.94%"
"10/10/2017","1,544","1,568","1,573","1,539","6.38M","-0.71%"
"10/09/2017","1,555","1,558","1,582","1,543","12.53M","2.71%"
"10/06/2017","1,514","1,500","1,533","1,490","7.40M","0.93%"
"10/05/2017","1,500","1,499","1,514","1,459","8.98M","-0.66%"
"10/04/2017","1,510","1,507","1,532","1,487","14.69M","1.62%"
"10/03/2017","1,486","1,417","1,488","1,417","7.30M","4.57%"
"10/02/2017","1,421","1,417","1,450","1,406","7.11M","-0.98%"
"09/29/2017","1,435","1,455","1,460","1,421","7.89M","0.14%"
"09/28/2017","1,433","1,400","1,438","1,364","18.27M","3.09%"
"09/27/2017","1,390","1,414","1,418","1,377","12.19M","-2.59%"
"09/26/2017","1,427","1,480","1,499","1,410","14.51M","-1.04%"
"09/22/2017","1,442","1,461","1,478","1,436","11.42M","0.49%"
"09/21/2017","1,435","1,479","1,517","1,435","18.24M","-5.47%"
"09/20/2017","1,518","1,527","1,554","1,508","17.08M","-2.00%"
"09/19/2017","1,549","1,652","1,656","1,480","55.28M","-6.23%"
"09/18/2017","1,652","1,686","1,716","1,641","6.12M","-2.07%"
"09/15/2017","1,687","1,745","1,768","1,687","18.53M","-2.26%"
"09/14/2017","1,726","1,767","1,791","1,707","16.80M","-4.16%"
"09/13/2017","1,801","1,783","1,852","1,774","11.55M","0.56%"
"09/12/2017","1,791","1,755","1,798","1,717","7.37M","0.00%"
"09/11/2017","1,791","1,771","1,812","1,738","8.34M","-0.50%"
"09/08/2017","1,800","1,843","1,859","1,800","6.81M","-0.88%"
"09/07/2017","1,816","1,832","1,844","1,771","9.19M","-2.31%"
"09/06/2017","1,859","1,914","1,919","1,839","9.25M","-3.33%"
"09/05/2017","1,923","1,982","1,983","1,890","10.18M","-3.17%"
"09/04/2017","1,986","2,005","2,024","1,954","7.91M","2.95%"
"09/01/2017","1,929","1,962","1,998","1,910","8.82M","-1.48%"
"08/31/2017","1,958","1,924","1,969","1,888","7.81M","-0.25%"
"08/30/2017","1,963","2,000","2,015","1,907","11.78M","-4.89%"
"08/29/2017","2,064","1,994","2,064","1,970","10.58M","6.94%"
"08/28/2017","1,930","1,904","1,937","1,892","3.28M","1.85%"
"08/25/2017","1,895","1,848","1,898","1,838","5.36M","2.65%"
"08/24/2017","1,846","1,846","1,846","1,826","4.07M","-0.11%"
"08/23/2017","1,848","1,856","1,867","1,821","3.84M","-0.11%"
"08/22/2017","1,850","1,805","1,851","1,782","10.03M","1.65%"
"08/21/2017","1,820","1,782","1,841","1,766","7.02M","0.33%"
"08/18/2017","1,814","1,773","1,835","1,773","6.80M","2.78%"
"08/17/2017","1,765","1,783","1,827","1,716","6.42M","1.20%"
"08/16/2017","1,744","1,716","1,744","1,683","3.52M","0.75%"
"08/15/2017","1,731","1,788","1,788","1,717","7.44M","-4.10%"
"08/14/2017","1,805","1,810","1,822","1,753","8.12M","-1.47%"
"08/11/2017","1,832","1,834","1,865","1,817","8.57M","1.50%"
"08/10/2017","1,805","1,777","1,820","1,763","8.92M","5.49%"
"08/08/2017","1,711","1,693","1,739","1,669","4.75M","0.35%"
"08/07/2017","1,705","1,725","1,741","1,671","6.61M","-1.16%"
"08/04/2017","1,725","1,687","1,749","1,687","11.83M","2.31%"
"08/03/2017","1,686","1,640","1,700","1,620","4.09M","0.90%"
"08/02/2017","1,671","1,640","1,681","1,607","7.11M","2.14%"
"08/01/2017","1,636","1,585","1,650","1,576","6.65M","3.22%"
"07/31/2017","1,585","1,532","1,585","1,532","5.56M","3.73%"
"07/28/2017","1,528","1,510","1,536","1,507","3.33M","1.26%"
"07/27/2017","1,509","1,508","1,549","1,487","6.99M","1.55%"
"07/26/2017","1,486","1,423","1,495","1,423","10.79M","2.84%"
"07/25/2017","1,445","1,433","1,447","1,401","10.35M","0.56%"
"07/24/2017","1,437","1,438","1,447","1,406","9.32M","-0.48%"
"07/21/2017","1,444","1,448","1,476","1,430","9.83M","0.42%"
"07/20/2017","1,438","1,442","1,461","1,421","9.76M","-0.28%"
"07/19/2017","1,442","1,453","1,469","1,427","9.63M","-0.76%"
"07/18/2017","1,453","1,466","1,501","1,453","7.83M","-1.42%"
"07/17/2017","1,474","1,480","1,492","1,405","9.86M","-0.41%"
"07/14/2017","1,480","1,468","1,502","1,457","4.89M","0.48%"
"07/13/2017","1,473","1,509","1,531","1,468","10.55M","-2.39%"
"07/12/2017","1,509","1,493","1,526","1,490","7.55M","1.55%"
"07/11/2017","1,486","1,460","1,486","1,460","8.75M","3.70%"
"07/10/2017","1,433","1,398","1,460","1,363","9.56M","0.70%"
"07/07/2017","1,423","1,461","1,472","1,406","6.44M","-2.47%"
"07/06/2017","1,459","1,471","1,490","1,446","5.37M","-0.82%"
"07/05/2017","1,471","1,430","1,482","1,408","5.04M","3.01%"
"07/04/2017","1,428","1,427","1,442","1,406","3.03M","2.22%"
"07/03/2017","1,397","1,421","1,421","1,356","8.37M","-1.55%"
"06/30/2017","1,419","1,452","1,452","1,409","7.18M","-1.18%"
"06/29/2017","1,436","1,479","1,488","1,417","16.70M","-2.31%"
"06/28/2017","1,470","1,527","1,551","1,457","10.74M","-3.35%"
"06/27/2017","1,521","1,529","1,561","1,521","9.24M","0.07%"
"06/26/2017","1,520","1,527","1,546","1,467","6.94M","-0.46%"
"06/23/2017","1,527","1,517","1,564","1,508","5.41M","0.73%"
"06/22/2017","1,516","1,538","1,553","1,497","9.68M","0.73%"
"06/21/2017","1,505","1,472","1,532","1,472","6.51M","2.31%"
"06/20/2017","1,471","1,499","1,502","1,467","11.64M","-1.34%"
"06/19/2017","1,491","1,442","1,492","1,419","27.00M","-2.04%"
"06/15/2017","1,522","1,508","1,526","1,455","35.74M","-3.55%"
"06/14/2017","1,578","1,571","1,626","1,557","23.77M","0.70%"
"06/13/2017","1,567","1,603","1,635","1,542","25.59M","-0.06%"
"06/12/2017","1,568","1,624","1,669","1,541","18.00M","-2.24%"
"06/09/2017","1,604","1,518","1,623","1,504","19.30M","6.79%"
"06/08/2017","1,502","1,543","1,582","1,494","10.55M","-2.02%"
"06/07/2017","1,533","1,603","1,653","1,524","15.27M","-2.97%"
"06/06/2017","1,580","1,490","1,587","1,489","17.26M","7.48%"
"06/05/2017","1,470","1,442","1,480","1,407","14.25M","1.45%"
"06/02/2017","1,449","1,397","1,449","1,333","26.25M","0.14%"
"06/01/2017","1,447","1,508","1,508","1,376","27.07M","-2.95%"
"05/31/2017","1,491","1,497","1,522","1,463","26.25M","-2.49%"
"05/30/2017","1,529","1,603","1,611","1,521","10.78M","-3.59%"
"05/29/2017","1,586","1,653","1,681","1,570","5.09M","-3.94%"
"05/26/2017","1,651","1,710","1,735","1,619","11.44M","-2.83%"
"05/25/2017","1,699","1,764","1,803","1,685","6.98M","-3.03%"
"05/24/2017","1,752","1,786","1,857","1,719","18.66M","-0.68%"
"05/23/2017","1,764","1,792","1,865","1,719","26.62M","-0.84%"
"05/22/2017","1,779","1,656","1,779","1,593","27.05M","7.43%"
"05/19/2017","1,656","1,691","1,702","1,543","20.64M","-2.82%"
"05/18/2017","1,704","1,778","1,778","1,574","27.19M","-4.11%"
"05/17/2017","1,777","1,753","1,827","1,753","7.09M","1.78%"
"05/16/2017","1,746","1,765","1,785","1,708","5.77M","-1.24%"
"05/15/2017","1,768","1,795","1,824","1,753","4.45M","-1.50%"
"05/12/2017","1,795","1,772","1,814","1,737","5.55M","2.22%"
"05/11/2017","1,756","1,735","1,780","1,704","6.37M","2.33%"
"05/10/2017","1,716","1,663","1,729","1,656","8.16M","5.21%"
"05/09/2017","1,631","1,632","1,638","1,610","4.18M","2.07%"
"05/08/2017","1,598","1,625","1,658","1,593","3.74M","-1.66%"
"05/05/2017","1,625","1,616","1,647","1,596","4.80M","0.62%"
"05/04/2017","1,615","1,613","1,662","1,598","10.61M","-2.06%"
"05/03/2017","1,649","1,629","1,669","1,613","10.57M","1.23%"
"05/02/2017","1,629","1,616","1,678","1,593","10.92M","-3.50%"
"04/28/2017","1,688","1,694","1,708","1,665","9.47M","-0.35%"
"04/26/2017","1,694","1,682","1,737","1,650","11.44M","0.95%"
"04/25/2017","1,678","1,711","1,774","1,666","8.78M","-3.34%"
"04/24/2017","1,736","1,784","1,786","1,729","8.35M","-6.01%"
"04/21/2017","1,847","1,847","1,885","1,800","8.71M","-0.86%"
"04/20/2017","1,863","1,932","1,932","1,820","9.95M","-4.31%"
"04/19/2017","1,947","2,065","2,065","1,933","11.39M","-6.35%"
"04/18/2017","2,079","2,153","2,177","2,042","12.05M","-5.89%"
"04/13/2017","2,209","2,103","2,209","2,085","12.04M","6.41%"
"04/12/2017","2,076","2,148","2,173","2,030","6.13M","-2.58%"
"04/11/2017","2,131","2,075","2,131","2,075","9.92M","3.50%"
"04/10/2017","2,059","2,098","2,109","2,039","7.87M","-2.97%"
"04/07/2017","2,122","2,129","2,176","2,104","8.39M","1.63%"
"04/06/2017","2,088","2,101","2,126","2,075","4.83M","0.82%"
"04/05/2017","2,071","2,015","2,098","1,976","9.03M","1.22%"
"04/04/2017","2,046","2,003","2,078","2,002","15.79M","6.67%"
"04/03/2017","1,918","1,822","1,918","1,819","7.66M","7.09%"
"03/31/2017","1,791","1,841","1,841","1,761","14.00M","2.40%"
"03/30/2017","1,749","1,815","1,819","1,747","4.28M","-3.64%"
"03/29/2017","1,815","1,806","1,832","1,774","6.69M","0.33%"
"03/28/2017","1,809","1,916","1,928","1,809","10.84M","-3.88%"
"03/27/2017","1,882","1,742","1,889","1,742","10.96M","9.36%"
"03/24/2017","1,721","1,707","1,729","1,677","8.11M","1.00%"
"03/23/2017","1,704","1,735","1,777","1,699","6.46M","-2.46%"
"03/22/2017","1,747","1,747","1,800","1,715","6.54M","4.99%"
"03/20/2017","1,664","1,685","1,710","1,659","3.29M","-2.06%"
"03/17/2017","1,699","1,676","1,741","1,651","11.76M","1.37%"
"03/16/2017","1,676","1,638","1,715","1,611","20.27M","8.06%"
"03/15/2017","1,551","1,554","1,583","1,529","6.83M","-1.77%"
"03/14/2017","1,579","1,541","1,610","1,528","8.03M","2.53%"
"03/13/2017","1,540","1,548","1,578","1,505","10.65M","2.80%"
"03/10/2017","1,498","1,553","1,553","1,480","17.40M","-3.60%"
"03/09/2017","1,554","1,566","1,576","1,527","7.45M","-0.77%"
"03/08/2017","1,566","1,579","1,621","1,546","6.08M","0.51%"
"03/07/2017","1,558","1,576","1,577","1,526","9.64M","-1.70%"
"03/06/2017","1,585","1,589","1,618","1,568","6.39M","0.96%"
"03/03/2017","1,570","1,609","1,609","1,555","9.50M","-3.03%"
"03/02/2017","1,619","1,627","1,662","1,610","7.46M","0.37%"
"03/01/2017","1,613","1,617","1,672","1,612","7.33M","-1.77%"
"02/28/2017","1,642","1,647","1,673","1,620","11.82M","-5.25%"
"02/27/2017","1,733","1,754","1,762","1,682","7.42M","-2.91%"
"02/24/2017","1,785","1,773","1,835","1,760","8.86M","0.00%"
"02/23/2017","1,785","1,688","1,809","1,573","28.60M","1.94%"
"02/22/2017","1,751","1,747","1,789","1,721","10.49M","0.29%"
"02/21/2017","1,746","1,776","1,794","1,735","10.56M","-1.69%"
"02/20/2017","1,776","1,774","1,784","1,722","2.78M","-2.31%"
"02/17/2017","1,818","1,819","1,848","1,779","6.55M","-0.38%"
"02/16/2017","1,825","1,827","1,838","1,799","6.75M","-0.22%"
"02/15/2017","1,829","1,854","1,867","1,814","8.23M","-1.40%"
"02/14/2017","1,855","1,842","1,871","1,842","4.23M","0.82%"
"02/13/2017","1,840","1,856","1,890","1,827","7.10M","-0.86%"
"02/10/2017","1,856","1,842","1,858","1,802","7.86M","-1.43%"
"02/09/2017","1,883","1,877","1,915","1,860","13.25M","0.32%"
"02/08/2017","1,877","1,872","1,909","1,855","13.48M","-1.05%"
"02/07/2017","1,897","1,904","1,915","1,878","7.84M","0.53%"
"02/06/2017","1,887","1,903","1,927","1,849","14.39M","0.80%"
"02/03/2017","1,872","1,935","1,954","1,840","12.83M","-3.70%"
"02/02/2017","1,944","1,904","2,010","1,895","10.23M","3.85%"
"02/01/2017","1,872","1,902","1,922","1,845","10.17M","-0.95%"
"01/31/2017","1,890","1,872","1,907","1,839","10.58M","1.29%"
"01/30/2017","1,866","1,810","1,900","1,810","9.90M","4.19%"
"01/27/2017","1,791","1,727","1,814","1,717","7.83M","1.53%"
"01/26/2017","1,764","1,770","1,772","1,732","7.09M","0.28%"
"01/25/2017","1,759","1,832","1,848","1,748","11.02M","-7.76%"
"01/24/2017","1,907","1,816","1,912","1,814","10.32M","5.42%"
"01/23/2017","1,809","1,750","1,828","1,744","10.59M","6.35%"
"01/20/2017","1,701","1,729","1,752","1,682","11.76M","0.77%"
"01/19/2017","1,688","1,766","1,767","1,688","9.37M","-6.22%"
"01/18/2017","1,800","1,742","1,819","1,741","10.41M","2.74%"
"01/17/2017","1,752","1,781","1,816","1,747","11.01M","-0.45%"
"01/16/2017","1,760","1,697","1,777","1,693","10.20M","5.26%"
"01/13/2017","1,672","1,697","1,697","1,646","6.30M","-2.56%"
"01/12/2017","1,716","1,704","1,722","1,681","6.15M","2.39%"
"01/11/2017","1,676","1,697","1,699","1,653","7.29M","-0.83%"
"01/10/2017","1,690","1,695","1,727","1,668","8.08M","0.84%"
"01/09/2017","1,676","1,679","1,695","1,654","6.22M","-0.59%"
"01/06/2017","1,686","1,704","1,721","1,671","9.13M","-0.47%"
"01/05/2017","1,694","1,671","1,697","1,641","8.19M","3.99%"
"01/04/2017","1,629","1,622","1,649","1,611","5.53M","2.00%"
"01/03/2017","1,597","1,573","1,606","1,547","5.17M","0.76%"
"12/30/2016","1,585","1,560","1,585","1,560","3.10M","2.86%"
"12/29/2016","1,541","1,529","1,545","1,492","7.52M","5.69%"
"12/28/2016","1,458","1,458","1,493","1,423","8.33M","5.88%"
"12/23/2016","1,377","1,410","1,420","1,360","1.68M","-1.71%"
"12/22/2016","1,401","1,401","1,411","1,338","13.05M","1.60%"
"12/21/2016","1,379","1,404","1,417","1,363","8.68M","0.51%"
"12/20/2016","1,372","1,448","1,448","1,344","17.82M","-4.19%"
"12/19/2016","1,432","1,436","1,484","1,424","12.66M","1.99%"
"12/15/2016","1,404","1,435","1,493","1,390","39.38M","-6.09%"
"12/14/2016","1,495","1,561","1,582","1,490","16.96M","-3.11%"
"12/13/2016","1,543","1,523","1,586","1,509","13.28M","2.52%"
"12/12/2016","1,505","1,535","1,568","1,482","35.54M","0.47%"
"12/09/2016","1,498","1,623","1,636","1,443","33.98M","-15.32%"
"12/08/2016","1,769","1,809","1,815","1,753","13.75M","-1.39%"
"12/07/2016","1,794","1,738","1,797","1,702","7.83M","3.22%"
"12/06/2016","1,738","1,751","1,779","1,702","9.20M","0.64%"
"12/05/2016","1,727","1,832","1,832","1,719","7.30M","-5.73%"
"12/02/2016","1,832","1,804","1,865","1,772","9.57M","4.63%"
"12/01/2016","1,751","1,819","1,847","1,735","9.95M","-3.79%"
"11/30/2016","1,820","1,820","1,870","1,800","16.05M","0.11%"
"11/29/2016","1,818","1,904","1,922","1,818","9.72M","-3.40%"
"11/28/2016","1,882","1,963","1,966","1,865","5.59M","-1.88%"
"11/25/2016","1,918","1,890","1,931","1,882","9.87M","1.91%"
"11/24/2016","1,882","1,935","2,003","1,867","12.56M","-3.39%"
"11/23/2016","1,948","1,997","2,048","1,940","8.85M","-2.45%"
"11/22/2016","1,997","2,079","2,109","1,997","7.99M","-3.94%"
"11/21/2016","2,079","2,116","2,134","2,059","4.13M","0.05%"
"11/18/2016","2,078","2,106","2,118","2,034","7.27M","-3.39%"
"11/17/2016","2,151","2,147","2,209","2,127","6.43M","1.18%"
"11/16/2016","2,126","2,191","2,209","2,126","5.52M","-0.19%"
"11/15/2016","2,130","2,154","2,215","2,091","10.86M","2.95%"
"11/14/2016","2,069","2,113","2,189","2,069","9.67M","-4.92%"
"11/11/2016","2,176","2,278","2,309","2,176","10.99M","-6.49%"
"11/10/2016","2,327","2,408","2,438","2,313","11.27M","-3.32%"
"11/09/2016","2,407","2,465","2,621","2,390","13.35M","5.94%"
"11/08/2016","2,272","2,315","2,371","2,269","6.08M","-2.57%"
"11/07/2016","2,332","2,402","2,416","2,325","7.56M","-5.13%"
"11/04/2016","2,458","2,406","2,493","2,373","8.49M","1.99%"
"11/03/2016","2,410","2,433","2,462","2,342","12.72M","-1.23%"
"11/02/2016","2,440","2,524","2,524","2,409","12.68M","-0.97%"
"11/01/2016","2,464","2,350","2,478","2,254","16.10M","7.46%"
"10/31/2016","2,293","2,384","2,421","2,280","11.30M","-2.09%"
"10/28/2016","2,342","2,435","2,451","2,237","18.54M","-3.26%"
"10/27/2016","2,421","2,628","2,628","2,405","11.19M","-7.10%"
"10/26/2016","2,606","2,601","2,632","2,576","5.46M","0.19%"
"10/25/2016","2,601","2,624","2,630","2,566","7.06M","-1.18%"
"10/24/2016","2,632","2,708","2,708","2,629","8.14M","-2.99%"
"10/21/2016","2,713","2,653","2,749","2,646","10.02M","2.69%"
"10/20/2016","2,642","2,734","2,777","2,640","7.85M","-1.49%"
"10/19/2016","2,682","2,608","2,718","2,566","12.07M","5.34%"
"10/18/2016","2,546","2,541","2,623","2,529","10.19M","1.23%"
"10/17/2016","2,515","2,579","2,601","2,496","11.06M","-2.78%"
"10/14/2016","2,587","2,577","2,671","2,512","14.66M","0.51%"
"10/13/2016","2,574","2,448","2,587","2,448","12.08M","6.10%"
"10/12/2016","2,426","2,421","2,487","2,381","14.08M","0.75%"
"10/11/2016","2,408","2,443","2,501","2,360","20.04M","0.42%"
"10/10/2016","2,398","2,496","2,528","2,383","7.22M","-1.48%"
"10/07/2016","2,434","2,533","2,587","2,430","11.57M","-2.44%"
"10/06/2016","2,495","2,600","2,645","2,495","8.91M","-3.29%"
"10/05/2016","2,580","2,745","2,745","2,580","9.86M","-7.63%"
"10/04/2016","2,793","2,972","2,972","2,752","8.97M","-6.43%"
"10/03/2016","2,985","3,061","3,061","2,970","4.16M","-3.30%"
"09/30/2016","3,087","3,032","3,142","3,028","8.85M","2.08%"
"09/29/2016","3,024","3,012","3,075","2,990","8.71M","3.00%"
"09/28/2016","2,936","2,840","2,958","2,798","11.14M","1.21%"
"09/27/2016","2,901","2,964","3,014","2,901","7.34M","-4.45%"
"09/26/2016","3,036","3,057","3,067","2,987","4.63M","-2.32%"
"09/23/2016","3,108","3,089","3,124","3,030","6.51M","-0.06%"
"09/22/2016","3,110","3,068","3,140","2,972","8.60M","3.01%"
"09/21/2016","3,019","2,927","3,035","2,879","8.66M","3.00%"
"09/20/2016","2,931","3,083","3,083","2,886","5.16M","-3.17%"
"09/19/2016","3,027","3,075","3,105","2,997","5.85M","-1.01%"
"09/16/2016","3,058","3,123","3,210","3,058","29.81M","-3.32%"
"09/15/2016","3,163","3,257","3,262","3,066","5.43M","-2.68%"
"09/14/2016","3,250","3,276","3,298","3,230","4.80M","-3.13%"
"09/13/2016","3,355","3,386","3,406","3,308","5.00M","0.72%"
"09/12/2016","3,331","3,369","3,369","3,288","4.58M","-3.00%"
"09/09/2016","3,434","3,451","3,525","3,418","6.92M","-0.55%"
"09/08/2016","3,453","3,530","3,590","3,446","5.77M","-1.20%"
"09/07/2016","3,495","3,629","3,643","3,476","3.64M","-2.54%"
"09/06/2016","3,586","3,588","3,599","3,499","5.28M","-0.33%"
"09/05/2016","3,598","3,682","3,682","3,570","2.20M","-0.66%"
"09/02/2016","3,622","3,669","3,707","3,524","7.84M","0.28%"
"09/01/2016","3,612","3,513","3,665","3,484","5.81M","1.49%"
"08/31/2016","3,559","3,619","3,619","3,408","11.72M","-2.79%"
"08/30/2016","3,661","3,799","3,799","3,636","3.31M","-3.05%"
"08/29/2016","3,776","3,832","3,832","3,720","4.00M","-2.40%"
"08/26/2016","3,869","3,926","3,999","3,785","7.36M","-1.45%"
"08/25/2016","3,926","3,870","3,985","3,560","13.52M","-3.21%"
"08/24/2016","4,056","4,052","4,123","3,977","3.46M","2.58%"
"08/23/2016","3,954","4,002","4,026","3,954","6.10M","-1.22%"
"08/22/2016","4,003","4,094","4,151","3,916","6.87M","-4.62%"
"08/19/2016","4,197","4,294","4,362","4,141","3.91M","-1.73%"
"08/18/2016","4,271","4,292","4,422","4,271","6.09M","0.83%"
"08/17/2016","4,236","4,232","4,288","4,206","5.75M","-0.31%"
"08/16/2016","4,249","4,275","4,298","4,200","5.69M","0.07%"
"08/15/2016","4,246","4,266","4,295","4,228","2.31M","-0.38%"
"08/12/2016","4,262","4,203","4,301","4,203","5.89M","0.12%"
"08/11/2016","4,257","4,314","4,327","4,203","4.52M","-1.34%"
"08/10/2016","4,315","4,228","4,352","4,204","6.00M","1.24%"
"08/08/2016","4,262","4,275","4,275","4,163","2.47M","-1.21%"
"08/05/2016","4,314","4,379","4,523","4,246","7.46M","-1.26%"
"08/04/2016","4,369","4,306","4,381","4,273","9.03M","-0.32%"
"08/02/2016","4,383","4,199","4,401","4,136","9.18M","6.10%"
"08/01/2016","4,131","4,056","4,158","4,025","11.88M","3.09%"
"07/29/2016","4,007","4,088","4,088","3,967","6.71M","-0.27%"
"07/28/2016","4,018","4,069","4,261","3,967","8.64M","0.75%"
"07/27/2016","3,988","3,994","4,051","3,888","8.62M","-0.08%"
"07/26/2016","3,991","3,782","4,000","3,782","4.50M","4.64%"
"07/25/2016","3,814","3,863","3,897","3,776","4.29M","-1.62%"
"07/22/2016","3,877","3,847","3,914","3,812","4.88M","1.07%"
"07/21/2016","3,836","3,748","3,869","3,714","4.33M","-0.39%"
"07/20/2016","3,851","3,970","3,970","3,813","6.63M","-3.58%"
"07/19/2016","3,994","3,859","3,994","3,836","6.75M","3.69%"
"07/18/2016","3,852","3,831","3,884","3,790","6.24M","-0.18%"
"07/15/2016","3,859","3,776","3,859","3,745","5.69M","2.28%"
"07/14/2016","3,773","3,745","3,811","3,640","14.10M","0.08%"
"07/13/2016","3,770","3,670","3,849","3,670","10.19M","0.69%"
"07/12/2016","3,744","3,620","3,744","3,588","13.22M","2.77%"
"07/11/2016","3,643","3,632","3,703","3,514","10.29M","3.61%"
"07/08/2016","3,516","3,432","3,583","3,391","10.79M","0.89%"
"07/07/2016","3,485","3,585","3,630","3,437","12.65M","-3.46%"
"07/06/2016","3,610","3,494","3,709","3,494","10.34M","5.74%"
"07/05/2016","3,414","3,426","3,485","3,349","7.96M","-1.30%"
"07/04/2016","3,459","3,370","3,459","3,309","3.48M","5.84%"
"07/01/2016","3,268","3,183","3,329","3,183","7.15M","4.48%"
"06/30/2016","3,128","3,170","3,192","3,119","8.78M","-1.23%"
"06/29/2016","3,167","3,120","3,173","3,074","7.88M","3.56%"
"06/28/2016","3,058","3,057","3,119","2,949","7.56M","-2.98%"
"06/27/2016","3,152","3,210","3,232","3,104","13.33M","2.14%"
"06/24/2016","3,086","3,120","3,308","2,978","15.09M","13.25%"
"06/23/2016","2,725","2,738","2,810","2,677","3.01M","0.48%"
"06/22/2016","2,712","2,652","2,765","2,628","7.04M","-0.33%"
"06/21/2016","2,721","2,788","2,788","2,652","6.21M","-2.12%"
"06/20/2016","2,780","2,800","2,823","2,704","5.00M","-0.71%"
"06/17/2016","2,800","2,782","2,925","2,780","9.12M","-2.13%"
"06/15/2016","2,861","2,964","2,964","2,809","4.21M","-1.31%"
"06/14/2016","2,899","2,883","2,992","2,830","5.22M","-0.10%"
"06/13/2016","2,902","3,105","3,138","2,894","7.06M","-5.23%"
"06/10/2016","3,062","3,016","3,147","2,991","8.28M","0.13%"
"06/09/2016","3,058","3,014","3,106","2,982","8.64M","-0.62%"
"06/08/2016","3,077","2,952","3,144","2,900","9.11M","4.91%"
"06/07/2016","2,933","2,934","2,957","2,914","7.11M","-0.03%"
"06/06/2016","2,934","3,027","3,074","2,934","5.52M","-2.07%"
"06/03/2016","2,996","2,964","3,077","2,858","7.93M","1.46%"
"06/02/2016","2,953","2,923","2,961","2,843","7.52M","3.87%"
"06/01/2016","2,843","2,821","2,926","2,821","3.75M","1.25%"
"05/31/2016","2,808","2,858","2,921","2,770","9.78M","-1.13%"
"05/30/2016","2,840","2,809","2,901","2,808","2.99M","-2.37%"
"05/27/2016","2,909","2,971","2,971","2,822","4.64M","0.14%"
"05/26/2016","2,905","2,911","2,964","2,902","5.16M","2.98%"
"05/25/2016","2,821","2,827","2,850","2,771","8.28M","-2.01%"
"05/24/2016","2,879","2,933","3,023","2,877","3.02M","-4.13%"
"05/23/2016","3,003","3,054","3,054","2,906","3.58M","-0.86%"
"05/20/2016","3,029","3,039","3,151","2,952","6.86M","1.58%"
"05/19/2016","2,982","3,002","3,084","2,965","6.56M","-8.10%"
"05/18/2016","3,245","3,223","3,298","3,150","2.82M","-1.25%"
"05/17/2016","3,286","3,324","3,366","3,188","4.56M","-0.70%"
"05/16/2016","3,309","3,401","3,416","3,309","7.74M","-1.37%"
"05/13/2016","3,355","3,276","3,355","3,200","3.91M","4.42%"
"05/12/2016","3,213","3,333","3,367","3,213","3.30M","-2.87%"
"05/11/2016","3,308","3,267","3,353","3,232","4.35M","6.20%"
"05/10/2016","3,115","3,152","3,178","3,074","4.65M","-3.71%"
"05/09/2016","3,235","3,401","3,432","3,192","5.39M","-6.96%"
"05/06/2016","3,477","3,383","3,492","3,304","6.60M","5.11%"
"05/05/2016","3,308","3,120","3,349","3,120","4.54M","1.22%"
"05/04/2016","3,268","3,288","3,382","3,250","4.83M","-1.21%"
"05/03/2016","3,308","3,432","3,432","3,272","8.88M","-1.11%"
"04/29/2016","3,345","3,401","3,422","3,238","9.74M","2.42%"
"04/28/2016","3,266","3,224","3,378","3,219","8.14M","5.19%"
"04/26/2016","3,105","3,182","3,211","3,064","4.55M","-3.69%"
"04/25/2016","3,224","3,258","3,270","3,058","6.62M","-4.22%"
"04/22/2016","3,366","3,320","3,399","3,276","3.89M","-0.24%"
"04/21/2016","3,374","3,398","3,517","3,323","6.06M","-2.60%"
"04/20/2016","3,464","3,411","3,483","3,341","6.52M","1.82%"
"04/19/2016","3,402","3,370","3,409","3,305","7.21M","1.04%"
"04/18/2016","3,367","3,517","3,539","3,291","8.02M","-2.01%"
"04/15/2016","3,436","3,436","3,514","3,372","7.44M","-2.72%"
"04/14/2016","3,532","3,556","3,613","3,492","4.90M","-3.44%"
"04/13/2016","3,658","3,743","3,776","3,565","7.86M","-2.92%"
"04/12/2016","3,768","3,682","3,779","3,672","9.43M","3.89%"
"04/11/2016","3,627","3,520","3,675","3,505","3.56M","5.13%"
"04/08/2016","3,450","3,550","3,550","3,386","3.23M","-3.17%"
"04/07/2016","3,563","3,526","3,595","3,461","5.02M","2.33%"
"04/06/2016","3,482","3,417","3,512","3,383","5.16M","2.93%"
"04/05/2016","3,383","3,370","3,476","3,341","5.26M","1.41%"
"04/04/2016","3,336","3,420","3,595","3,288","3.85M","-2.31%"
"04/01/2016","3,415","3,545","3,545","3,369","3.90M","-3.39%"
"03/31/2016","3,535","3,598","3,642","3,470","5.75M","-1.50%"
"03/30/2016","3,589","3,654","3,710","3,492","6.27M","0.31%"
"03/29/2016","3,578","3,564","3,626","3,483","6.26M","1.16%"
"03/24/2016","3,537","3,405","3,575","3,314","8.90M","3.88%"
"03/23/2016","3,405","3,539","3,539","3,255","10.36M","-6.28%"
"03/22/2016","3,633","3,573","3,728","3,570","9.42M","1.17%"
"03/18/2016","3,591","3,632","3,709","3,494","15.94M","-5.97%"
"03/17/2016","3,819","3,682","3,964","3,682","13.80M","10.76%"
"03/16/2016","3,448","3,481","3,558","3,411","5.81M","-0.32%"
"03/15/2016","3,459","3,280","3,494","3,280","7.96M","2.64%"
"03/14/2016","3,370","3,426","3,575","3,323","7.98M","-3.58%"
"03/11/2016","3,495","3,557","3,610","3,495","6.36M","-1.16%"
"03/10/2016","3,536","3,301","3,552","3,276","11.02M","5.90%"
"03/09/2016","3,339","3,494","3,555","3,339","9.41M","-7.51%"
"03/08/2016","3,610","3,526","3,774","3,501","10.97M","4.12%"
"03/07/2016","3,467","3,370","3,500","3,370","6.97M","-3.48%"
"03/04/2016","3,592","3,551","3,599","3,408","10.71M","2.95%"
"03/03/2016","3,489","3,420","3,541","3,401","9.71M","3.90%"
"03/02/2016","3,358","3,251","3,358","3,216","14.61M","-5.25%"
"03/01/2016","3,544","3,605","3,670","3,495","9.89M","-0.39%"
"02/29/2016","3,558","3,501","3,637","3,276","94.66M","1.48%"
"02/26/2016","3,506","3,339","3,506","3,339","12.84M","2.91%"
"02/25/2016","3,407","3,218","3,553","3,183","21.11M","4.99%"
"02/24/2016","3,245","2,964","3,245","2,964","15.84M","10.60%"
"02/23/2016","2,934","2,871","2,996","2,854","5.98M","3.31%"
"02/22/2016","2,840","2,864","2,870","2,652","7.97M","-3.60%"
"02/19/2016","2,946","2,935","2,990","2,822","12.55M","7.01%"
"02/18/2016","2,753","2,914","2,914","2,684","12.15M","-4.61%"
"02/17/2016","2,886","2,901","2,983","2,806","10.49M","-4.06%"
"02/16/2016","3,008","2,971","3,032","2,933","13.62M","-1.18%"
"02/15/2016","3,044","3,058","3,077","2,933","10.36M","-3.49%"
"02/12/2016","3,154","3,112","3,187","3,007","17.97M","6.77%"
"02/11/2016","2,954","2,699","3,038","2,699","17.91M","13.79%"
"02/10/2016","2,596","2,746","2,773","2,576","11.50M","-8.69%"
"02/09/2016","2,843","2,846","2,969","2,820","17.24M","-0.87%"
"02/08/2016","2,868","2,777","2,875","2,655","10.19M","8.64%"
"02/05/2016","2,640","2,634","2,728","2,579","9.77M","1.30%"
"02/04/2016","2,606","2,409","2,611","2,409","18.15M","10.75%"
"02/03/2016","2,353","2,318","2,447","2,309","14.55M","4.72%"
"02/02/2016","2,247","2,222","2,305","2,187","17.18M","2.00%"
"02/01/2016","2,203","2,191","2,243","2,142","13.95M","0.87%"
"01/29/2016","2,184","2,256","2,288","2,176","9.22M","-4.71%"
"01/28/2016","2,292","2,309","2,390","2,286","15.04M","-0.26%"
"01/27/2016","2,298","2,309","2,371","2,298","9.46M","-1.42%"
"01/26/2016","2,331","2,278","2,358","2,278","8.85M","5.86%"
"01/25/2016","2,202","2,116","2,257","2,109","7.74M","5.36%"
"01/22/2016","2,090","2,109","2,184","2,082","9.83M","-1.37%"
"01/21/2016","2,119","2,053","2,157","2,051","8.31M","3.82%"
"01/20/2016","2,041","2,048","2,098","1,973","9.33M","0.00%"
"01/19/2016","2,041","2,182","2,183","2,028","8.51M","-5.90%"
"01/18/2016","2,169","2,013","2,213","2,002","4.54M","6.27%"
"01/15/2016","2,041","1,928","2,113","1,902","8.81M","5.21%"
"01/14/2016","1,940","1,857","1,953","1,844","14.24M","4.58%"
"01/13/2016","1,855","1,795","1,855","1,747","6.55M","3.40%"
"01/12/2016","1,794","1,810","1,846","1,754","7.12M","0.17%"
"01/11/2016","1,791","1,692","1,821","1,692","4.85M","8.28%"
"01/08/2016","1,654","1,719","1,725","1,606","5.69M","-2.76%"
"01/07/2016","1,701","1,689","1,783","1,689","5.08M","2.72%"
"01/06/2016","1,656","1,570","1,674","1,570","4.36M","4.15%"
"01/05/2016","1,590","1,560","1,664","1,533","4.95M","3.72%"
"01/04/2016","1,533","1,430","1,560","1,430","4.57M","7.50%"