"Date","Price","Open","High","Low","Vol.","Change %"
"03/27/2026","15,450","15,458","15,531","15,200","130.77K","1.15%"
"03/26/2026","15,275","15,296","15,417","15,002","130.08K","-0.39%"
"03/25/2026","15,335","14,898","15,473","14,803","123.56K","4.33%"
"03/24/2026","14,699","14,750","14,945","14,641","93.78K","-0.39%"
"03/23/2026","14,757","14,401","15,600","14,284","113.95K","-0.43%"
"03/20/2026","14,820","14,938","15,122","14,733","196.81K","-0.39%"
"03/19/2026","14,878","15,151","15,151","14,426","183.63K","-1.98%"
"03/18/2026","15,179","15,640","15,905","15,179","122.15K","-2.30%"
"03/17/2026","15,536","15,956","16,008","15,493","215.10K","-2.77%"
"03/16/2026","15,978","15,750","16,252","15,503","154.72K","0.78%"
"03/13/2026","15,854","16,202","16,645","15,753","166.11K","-0.94%"
"03/12/2026","16,004","16,250","16,250","15,900","100.37K","-1.56%"
"03/11/2026","16,258","16,675","16,675","16,059","159.46K","-2.08%"
"03/10/2026","16,604","16,770","17,175","16,437","145.01K","1.70%"
"03/09/2026","16,326","17,301","17,306","16,326","216.40K","-6.30%"
"03/06/2026","17,423","18,107","18,307","17,378","442.08K","-4.70%"
"03/05/2026","18,283","17,844","18,379","17,827","239.70K","2.46%"
"03/04/2026","17,844","17,889","18,102","17,117","460.25K","1.20%"
"03/03/2026","17,632","20,998","20,998","17,589","412.58K","-16.51%"
"03/02/2026","21,119","20,960","21,231","20,743","77.21K","-0.03%"
"02/27/2026","21,126","20,997","21,451","20,895","241.08K","0.30%"
"02/26/2026","21,062","20,898","21,227","20,559","147.34K","1.76%"
"02/25/2026","20,698","20,481","20,832","20,415","179.28K","0.97%"
"02/24/2026","20,500","20,000","20,599","19,896","123.73K","0.91%"
"02/23/2026","20,316","19,597","20,445","19,400","117.15K","4.39%"
"02/20/2026","19,461","19,409","19,549","19,372","252.31K","0.62%"
"02/19/2026","19,341","19,050","19,400","19,050","158.51K","1.70%"
"02/18/2026","19,018","18,426","19,090","18,426","96.70K","1.63%"
"02/17/2026","18,713","18,550","18,802","18,550","85.78K","0.24%"
"02/16/2026","18,668","18,604","18,746","18,488","64.66K","1.03%"
"02/13/2026","18,477","17,900","18,965","17,900","88.35K","-1.17%"
"02/12/2026","18,695","18,000","18,879","18,000","83.89K","0.34%"
"02/11/2026","18,631","18,273","18,700","18,273","167.00K","0.38%"
"02/10/2026","18,560","18,253","18,651","18,147","133.02K","1.70%"
"02/09/2026","18,250","17,999","18,385","17,786","160.14K","1.72%"
"02/06/2026","17,942","17,663","17,942","17,486","92.36K","2.11%"
"02/05/2026","17,572","17,662","17,703","17,488","134.23K","-0.03%"
"02/04/2026","17,577","17,821","17,878","17,333","52.55K","-0.97%"
"02/03/2026","17,750","17,450","17,808","17,426","123.31K","2.60%"
"02/02/2026","17,300","17,029","17,459","16,885","74.93K","-0.57%"
"01/30/2026","17,400","17,211","17,426","17,118","213.71K","0.87%"
"01/29/2026","17,250","17,255","17,509","17,230","93.15K","-0.13%"
"01/28/2026","17,272","17,209","17,351","16,984","151.06K","0.58%"
"01/27/2026","17,173","17,393","17,393","17,101","88.74K","-0.16%"
"01/26/2026","17,200","17,381","17,448","17,150","162.34K","-0.38%"
"01/23/2026","17,265","17,323","17,405","17,075","151.19K","0.96%"
"01/22/2026","17,100","16,802","17,237","16,802","80.60K","1.79%"
"01/21/2026","16,800","16,843","16,843","16,335","107.62K","1.51%"
"01/20/2026","16,550","16,801","16,845","16,299","94.05K","-1.51%"
"01/19/2026","16,803","16,850","18,000","16,585","293.79K","-0.28%"
"01/16/2026","16,850","16,873","17,019","16,681","174.65K","-0.14%"
"01/15/2026","16,873","17,345","17,366","16,702","162.59K","-1.60%"
"01/14/2026","17,148","16,789","17,390","16,789","98.98K","0.45%"
"01/13/2026","17,071","17,314","17,397","16,938","62.18K","-1.83%"
"01/12/2026","17,389","17,421","17,543","17,243","70.85K","-0.06%"
"01/09/2026","17,400","17,399","17,545","17,199","180.29K","0.86%"
"01/08/2026","17,251","17,010","17,360","17,010","97.13K","1.73%"
"01/07/2026","16,958","16,766","17,003","16,766","45.48K","0.79%"
"01/06/2026","16,825","16,800","16,927","16,568","28.16K","1.07%"
"01/05/2026","16,647","16,607","16,846","16,476","55.45K","-0.31%"
"01/02/2026","16,698","16,640","16,747","16,347","44.09K","-0.07%"
"12/31/2025","16,709","16,631","16,759","16,576","28.14K","0.57%"
"12/30/2025","16,614","16,627","16,952","16,497","100.64K","-0.51%"
"12/29/2025","16,700","16,505","16,801","16,503","191.34K","1.33%"
"12/24/2025","16,481","16,500","16,549","16,402","16.39K","0.49%"
"12/23/2025","16,400","16,297","16,480","16,248","92.81K","1.22%"
"12/22/2025","16,202","16,120","16,275","15,949","136.55K","0.51%"
"12/19/2025","16,120","15,734","16,212","15,734","409.16K","1.90%"
"12/18/2025","15,820","15,655","15,910","15,595","107.12K","1.41%"
"12/17/2025","15,600","15,501","15,649","15,433","61.66K","0.32%"
"12/15/2025","15,550","15,891","15,891","15,451","85.32K","-1.46%"
"12/12/2025","15,781","15,476","15,800","15,374","74.61K","2.95%"
"12/11/2025","15,329","15,100","15,450","15,029","149.20K","2.00%"
"12/10/2025","15,029","15,200","15,240","15,025","27.71K","-0.18%"
"12/09/2025","15,056","15,075","15,291","14,936","79.64K","-0.10%"
"12/08/2025","15,071","15,500","15,500","15,006","67.62K","-2.77%"
"12/05/2025","15,500","15,182","15,546","15,109","79.82K","2.65%"
"12/04/2025","15,100","14,752","15,100","14,752","84.43K","1.60%"
"12/03/2025","14,862","14,771","14,944","14,771","148.64K","0.42%"
"12/02/2025","14,800","14,845","14,893","14,770","112.99K","-0.82%"
"12/01/2025","14,922","14,911","14,992","14,740","45.82K","-1.04%"
"11/28/2025","15,079","15,000","15,126","14,913","75.62K","0.53%"
"11/27/2025","15,000","15,038","15,219","14,955","176.43K","0.20%"
"11/26/2025","14,970","14,955","15,052","14,784","57.00K","0.20%"
"11/25/2025","14,940","14,982","15,111","14,900","57.20K","-0.51%"
"11/24/2025","15,016","14,963","15,024","14,832","93.50K","0.29%"
"11/21/2025","14,972","14,955","15,030","14,705","92.41K","-0.65%"
"11/20/2025","15,070","15,085","15,391","15,020","208.57K","0.41%"
"11/19/2025","15,009","14,960","15,009","14,528","63.67K","3.13%"
"11/18/2025","14,554","14,921","15,224","14,415","167.78K","-3.30%"
"11/17/2025","15,050","14,830","15,293","14,830","653.80K","1.20%"
"11/14/2025","14,871","15,061","15,146","14,763","242.54K","-1.54%"
"11/13/2025","15,104","15,230","15,326","15,029","121.03K","0.29%"
"11/12/2025","15,061","15,000","15,274","14,776","69.33K","1.14%"
"11/11/2025","14,891","15,000","15,000","14,747","57.50K","1.00%"
"11/10/2025","14,743","14,999","14,999","14,480","50.63K","1.68%"
"11/07/2025","14,500","14,649","14,897","14,422","100.34K","-2.03%"
"11/06/2025","14,800","15,097","15,153","14,726","108.97K","-0.98%"
"11/05/2025","14,947","14,757","15,129","14,641","58.59K","0.88%"
"11/04/2025","14,816","15,486","15,486","14,750","130.30K","-1.92%"
"11/03/2025","15,106","15,235","15,300","15,059","40.93K","-0.30%"
"10/31/2025","15,152","15,377","15,377","15,067","195.23K","-0.70%"
"10/30/2025","15,259","15,281","15,812","15,178","31.33K","-0.35%"
"10/29/2025","15,312","15,899","15,899","15,300","52.34K","-1.65%"
"10/28/2025","15,569","15,692","15,883","15,474","180.52K","-0.26%"
"10/27/2025","15,610","15,576","15,750","15,357","129.01K","0.85%"
"10/24/2025","15,479","15,366","15,510","15,122","141.71K","0.64%"
"10/23/2025","15,380","15,043","15,400","15,000","505.26K","2.24%"
"10/22/2025","15,043","15,077","15,283","15,020","115.60K","-2.32%"
"10/21/2025","15,401","15,723","15,736","15,395","84.66K","-1.34%"
"10/20/2025","15,610","15,760","15,922","15,402","55.08K","0.50%"
"10/17/2025","15,533","15,521","15,581","15,260","106.87K","0.08%"
"10/16/2025","15,521","15,848","15,848","15,510","93.33K","-1.69%"
"10/15/2025","15,788","15,872","16,000","15,674","205.34K","0.46%"
"10/14/2025","15,715","15,536","15,750","15,479","184.66K","1.06%"
"10/13/2025","15,550","15,397","15,640","15,294","243.95K","0.21%"
"10/10/2025","15,518","15,038","15,518","14,944","438.49K","3.52%"
"10/09/2025","14,990","15,005","15,107","14,886","1.28M","-0.40%"
"10/08/2025","15,050","14,971","15,087","14,858","240.33K","0.69%"
"10/07/2025","14,947","14,951","15,137","14,880","65.16K","-0.25%"
"10/06/2025","14,985","14,979","15,073","14,918","138.06K","-0.19%"
"10/03/2025","15,014","14,932","15,150","14,932","356.24K","0.43%"
"10/02/2025","14,950","15,430","15,430","14,950","127.27K","-1.75%"
"10/01/2025","15,217","14,861","15,280","14,861","66.59K","1.24%"
"09/30/2025","15,030","15,291","15,291","14,890","81.98K","-1.12%"
"09/29/2025","15,200","15,061","15,269","14,967","90.19K","0.52%"
"09/26/2025","15,122","15,095","15,268","14,879","74.14K","-0.19%"
"09/25/2025","15,151","15,156","15,307","15,093","54.41K","-0.69%"
"09/23/2025","15,257","15,503","15,568","15,169","37.52K","-1.43%"
"09/22/2025","15,479","15,211","15,479","15,197","58.21K","1.06%"
"09/19/2025","15,317","15,700","15,700","15,200","157.93K","-1.37%"
"09/18/2025","15,530","15,725","15,831","15,517","48.16K","-1.85%"
"09/17/2025","15,823","15,584","15,925","15,583","41.61K","0.90%"
"09/16/2025","15,682","16,200","16,200","15,530","177.07K","0.30%"
"09/15/2025","15,635","15,949","16,202","15,450","150.31K","-1.67%"
"09/12/2025","15,900","15,548","15,918","15,398","206.37K","2.75%"
"09/11/2025","15,475","15,601","15,832","15,269","334.37K","-1.49%"
"09/10/2025","15,709","16,764","16,860","15,666","327.75K","-6.47%"
"09/09/2025","16,796","17,057","17,350","16,551","127.03K","-1.43%"
"09/08/2025","17,039","16,951","17,361","16,903","47.08K","0.70%"
"09/05/2025","16,920","17,050","17,238","16,679","148.35K","0.15%"
"09/04/2025","16,895","16,811","17,025","16,707","78.66K","-0.26%"
"09/03/2025","16,939","16,769","17,318","16,769","85.02K","-0.55%"
"09/02/2025","17,032","17,449","17,449","16,705","44.70K","0.30%"
"09/01/2025","16,981","17,072","17,184","16,843","77.68K","-0.35%"
"08/29/2025","17,041","17,002","17,237","17,002","80.86K","0.24%"
"08/28/2025","17,001","16,964","17,199","16,961","86.77K","0.62%"
"08/27/2025","16,897","16,835","17,056","16,815","39.70K","-0.13%"
"08/26/2025","16,919","17,114","17,124","16,800","78.87K","-1.82%"
"08/25/2025","17,233","17,383","17,491","17,200","37.83K","-1.62%"
"08/22/2025","17,516","17,609","17,772","17,249","43.64K","-0.38%"
"08/21/2025","17,583","16,918","17,589","16,896","120.29K","3.55%"
"08/20/2025","16,981","17,177","17,268","16,871","35.05K","-1.27%"
"08/19/2025","17,200","17,090","17,492","16,949","95.81K","0.97%"
"08/18/2025","17,035","17,146","17,217","16,909","46.88K","-0.76%"
"08/15/2025","17,166","17,231","17,278","17,055","21.08K","-0.33%"
"08/14/2025","17,222","17,562","17,600","17,016","69.45K","-1.39%"
"08/13/2025","17,464","17,199","17,550","17,150","70.63K","2.09%"
"08/12/2025","17,106","16,901","17,151","16,750","144.66K","1.22%"
"08/11/2025","16,900","17,112","17,200","16,874","105.10K","-1.54%"
"08/08/2025","17,164","17,198","17,356","17,044","67.67K","0.32%"
"08/07/2025","17,110","16,813","17,233","16,813","213.74K","1.54%"
"08/06/2025","16,850","16,826","16,972","16,687","228.57K","0.78%"
"08/05/2025","16,719","17,420","17,420","16,669","132.50K","-1.03%"
"08/04/2025","16,893","17,037","17,252","16,662","97.83K","-1.01%"
"08/01/2025","17,066","17,228","17,233","17,020","91.88K","-1.85%"
"07/31/2025","17,388","17,499","17,729","17,265","272.01K","-1.16%"
"07/30/2025","17,592","17,245","17,663","17,219","109.30K","1.81%"
"07/29/2025","17,280","17,154","17,494","17,131","205.03K","0.85%"
"07/28/2025","17,134","17,300","17,440","17,102","63.23K","-0.38%"
"07/25/2025","17,200","17,179","17,250","17,047","65.05K","-0.42%"
"07/24/2025","17,272","17,468","17,485","17,272","98.17K","-0.73%"
"07/23/2025","17,399","17,600","17,600","17,306","83.67K","-0.71%"
"07/22/2025","17,523","17,700","17,782","17,523","72.80K","-0.74%"
"07/21/2025","17,654","17,649","17,779","17,600","133.71K","0.02%"
"07/18/2025","17,650","17,299","17,717","17,272","221.90K","2.26%"
"07/17/2025","17,260","17,603","17,603","17,260","243.24K","-1.37%"
"07/16/2025","17,500","17,352","17,607","17,238","480.14K","0.36%"
"07/15/2025","17,437","17,798","17,832","17,292","85.16K","-1.21%"
"07/14/2025","17,650","17,526","17,764","17,279","125.30K","0.71%"
"07/11/2025","17,525","17,476","17,709","17,476","117.11K","-1.28%"
"07/10/2025","17,752","17,700","17,898","17,698","76.40K","0.29%"
"07/09/2025","17,700","17,901","17,902","17,539","105.30K","-0.81%"
"07/08/2025","17,844","17,901","17,993","17,827","25.07K","-0.49%"
"07/07/2025","17,932","17,700","18,124","17,651","114.90K","0.18%"
"07/04/2025","17,900","17,920","18,000","17,786","107.86K","-0.04%"
"07/03/2025","17,908","17,895","18,329","17,894","104.18K","-0.84%"
"07/02/2025","18,059","18,372","18,403","17,913","53.73K","-1.63%"
"07/01/2025","18,359","18,502","18,588","18,342","21.87K","-0.58%"
"06/30/2025","18,467","18,349","18,486","18,321","42.98K","0.65%"
"06/27/2025","18,347","18,077","18,347","18,022","37.02K","1.72%"
"06/26/2025","18,037","18,088","18,260","17,667","47.53K","-0.27%"
"06/25/2025","18,086","18,293","18,550","17,973","59.45K","-1.89%"
"06/24/2025","18,435","17,932","18,585","17,826","195.58K","4.01%"
"06/23/2025","17,725","18,199","18,393","17,678","101.12K","-2.61%"
"06/20/2025","18,200","18,032","19,124","17,901","700.65K","0.19%"
"06/19/2025","18,166","18,157","18,294","18,060","71.38K","-0.96%"
"06/18/2025","18,343","18,501","18,520","18,014","117.82K","-0.30%"
"06/17/2025","18,399","18,609","18,772","18,296","192.95K","-0.35%"
"06/13/2025","18,464","19,254","19,254","18,371","251.06K","-4.11%"
"06/12/2025","19,255","19,335","19,438","18,969","73.47K","-0.75%"
"06/11/2025","19,400","19,500","19,590","19,100","81.28K","-0.46%"
"06/10/2025","19,489","19,002","19,599","19,001","78.54K","2.22%"
"06/09/2025","19,066","19,100","19,292","18,813","75.49K","1.09%"
"06/06/2025","18,860","18,820","19,037","18,617","51.91K","1.25%"
"06/05/2025","18,628","18,842","19,071","18,344","128.72K","-1.44%"
"06/04/2025","18,900","18,662","19,029","18,406","77.05K","2.29%"
"06/03/2025","18,477","18,172","18,519","18,000","107.86K","2.37%"
"06/02/2025","18,050","18,171","18,257","17,891","124.41K","-0.56%"
"05/30/2025","18,152","17,951","18,191","17,885","195.94K","1.50%"
"05/29/2025","17,884","18,116","18,201","17,817","114.80K","-0.55%"
"05/28/2025","17,983","18,330","18,350","17,966","54.16K","-1.82%"
"05/27/2025","18,317","18,264","18,400","18,108","120.18K","0.80%"
"05/26/2025","18,172","18,466","18,500","18,127","56.64K","-0.57%"
"05/23/2025","18,277","18,375","18,604","18,157","79.09K","-0.92%"
"05/22/2025","18,447","18,230","18,475","18,194","158.69K","0.68%"
"05/21/2025","18,323","18,115","18,535","18,067","161.00K","-0.30%"
"05/20/2025","18,378","18,522","18,561","18,234","137.62K","-0.54%"
"05/19/2025","18,478","18,681","18,691","18,389","74.90K","-1.56%"
"05/16/2025","18,770","19,129","19,129","18,626","54.17K","-0.82%"
"05/15/2025","18,926","19,117","19,490","18,804","75.29K","-0.24%"
"05/14/2025","18,972","19,033","19,541","18,611","86.74K","0.93%"
"05/13/2025","18,798","19,214","19,366","18,701","108.57K","-1.14%"
"05/12/2025","19,015","19,005","19,228","18,711","225.50K","1.00%"
"05/09/2025","18,826","18,596","19,257","18,596","109.12K","1.46%"
"05/08/2025","18,556","18,952","18,976","18,539","66.27K","-2.09%"
"05/07/2025","18,952","19,106","19,394","18,940","85.71K","-1.38%"
"05/06/2025","19,217","19,162","19,253","18,947","125.98K","0.37%"
"05/05/2025","19,147","19,428","20,001","18,887","74.54K","-1.44%"
"05/02/2025","19,427","19,132","19,851","19,132","116.96K","1.11%"
"04/30/2025","19,214","19,429","19,568","19,142","141.78K","-0.69%"
"04/29/2025","19,348","19,499","20,072","19,324","235.77K","-0.58%"
"04/25/2025","19,461","18,725","19,573","18,652","116.36K","4.54%"
"04/24/2025","18,616","18,101","18,759","18,000","63.77K","1.82%"
"04/23/2025","18,283","17,574","18,400","17,574","224.85K","1.57%"
"04/22/2025","18,000","18,735","18,735","17,966","184.83K","-1.73%"
"04/17/2025","18,316","18,251","18,493","18,250","137.21K","-0.45%"
"04/16/2025","18,399","18,847","18,847","18,314","199.70K","-1.31%"
"04/15/2025","18,644","18,621","18,827","18,493","153.99K","0.60%"
"04/14/2025","18,533","18,215","18,953","18,195","73.77K","2.58%"
"04/11/2025","18,067","17,770","18,243","17,654","80.45K","0.48%"
"04/10/2025","17,981","17,501","18,140","17,501","97.85K","3.30%"
"04/09/2025","17,406","17,536","17,655","17,097","114.66K","-1.39%"
"04/08/2025","17,652","16,831","17,957","16,831","79.67K","5.08%"
"04/07/2025","16,799","16,221","17,024","15,481","163.06K","1.32%"
"04/04/2025","16,580","17,067","17,174","16,496","186.35K","-3.68%"
"04/03/2025","17,213","17,647","17,647","16,504","146.37K","-4.24%"
"04/02/2025","17,975","18,846","18,846","17,888","86.39K","-3.40%"
"04/01/2025","18,608","18,151","18,608","17,925","120.20K","3.05%"
"03/31/2025","18,058","18,773","18,899","17,925","172.74K","-4.18%"
"03/28/2025","18,846","18,720","19,200","18,634","92.79K","-0.69%"
"03/27/2025","18,976","18,899","19,250","18,602","79.05K","1.47%"
"03/26/2025","18,702","19,015","19,302","18,702","56.37K","-1.04%"
"03/25/2025","18,898","18,762","19,309","18,762","97.42K","0.72%"
"03/24/2025","18,762","18,841","19,128","18,661","130.11K","-0.42%"
"03/20/2025","18,841","18,360","19,500","18,360","2.29M","-1.78%"
"03/19/2025","19,183","18,993","19,424","18,622","165.94K","2.58%"
"03/18/2025","18,700","18,363","18,934","18,363","181.74K","1.41%"
"03/17/2025","18,440","18,670","18,967","18,308","92.22K","-0.46%"
"03/14/2025","18,526","17,692","18,628","17,692","203.22K","4.40%"
"03/13/2025","17,746","17,831","18,128","17,661","54.91K","-1.36%"
"03/12/2025","17,990","18,013","18,619","17,990","44.61K","-0.71%"
"03/11/2025","18,118","17,999","18,499","16,823","65.46K","-0.70%"
"03/10/2025","18,245","17,797","18,745","17,797","86.72K","-1.70%"
"03/07/2025","18,560","18,733","19,114","18,507","119.89K","-0.91%"
"03/06/2025","18,730","18,858","19,098","18,686","74.46K","-0.45%"
"03/05/2025","18,815","19,055","19,399","18,563","126.62K","0.15%"
"03/04/2025","18,786","18,702","19,665","18,424","83.55K","-0.95%"
"03/03/2025","18,966","18,794","19,300","18,280","88.04K","1.92%"
"02/28/2025","18,608","18,724","19,103","18,400","131.46K","-1.95%"
"02/27/2025","18,978","19,301","19,623","18,540","86.25K","-2.88%"
"02/26/2025","19,541","19,384","20,100","19,384","27.62K","0.03%"
"02/25/2025","19,536","19,500","19,721","19,333","48.47K","-0.13%"
"02/24/2025","19,561","20,000","20,500","19,310","52.29K","-2.64%"
"02/21/2025","20,091","19,500","20,298","19,264","99.46K","3.27%"
"02/20/2025","19,455","19,960","20,299","19,247","107.21K","-1.36%"
"02/19/2025","19,723","20,395","20,395","19,591","161.34K","-2.08%"
"02/18/2025","20,141","20,695","20,695","20,024","66.29K","-0.78%"
"02/17/2025","20,300","20,920","24,996","20,296","45.54K","-3.56%"
"02/14/2025","21,049","20,916","21,075","20,847","39.48K","0.06%"
"02/13/2025","21,036","20,900","21,417","20,850","45.47K","0.70%"
"02/12/2025","20,890","21,587","21,587","20,800","24.74K","-1.70%"
"02/11/2025","21,251","20,981","21,999","20,901","63.09K","0.27%"
"02/10/2025","21,194","20,750","21,315","20,006","25.76K","1.01%"
"02/07/2025","20,982","21,497","21,595","20,153","97.29K","-0.75%"
"02/06/2025","21,141","20,900","21,346","20,900","60.23K","1.46%"
"02/05/2025","20,837","20,862","21,049","19,850","52.71K","-0.13%"
"02/04/2025","20,865","21,226","21,226","20,850","28.05K","-0.81%"
"02/03/2025","21,035","21,000","21,035","20,003","70.37K","0.17%"
"01/31/2025","21,000","21,600","22,180","20,836","55.80K","-3.99%"
"01/30/2025","21,872","21,453","21,932","21,110","50.79K","1.85%"
"01/29/2025","21,474","21,331","21,474","20,809","20.85K","2.39%"
"01/28/2025","20,973","20,602","21,402","19,980","57.34K","1.69%"
"01/27/2025","20,624","21,256","21,256","20,409","27.54K","-4.23%"
"01/24/2025","21,536","21,571","22,590","21,510","53.77K","-0.13%"
"01/23/2025","21,564","22,500","22,500","21,427","35.45K","-1.49%"
"01/22/2025","21,891","21,377","21,920","21,377","87.57K","2.16%"
"01/21/2025","21,429","20,967","21,476","20,890","34.77K","1.43%"
"01/20/2025","21,127","21,600","21,924","20,501","39.66K","-0.58%"
"01/17/2025","21,250","20,998","21,300","20,150","36.70K","2.86%"
"01/16/2025","20,660","21,089","21,167","20,284","44.38K","-0.03%"
"01/15/2025","20,667","20,314","20,807","19,934","66.22K","2.63%"
"01/14/2025","20,137","20,300","20,503","20,005","41.04K","-0.68%"
"01/13/2025","20,275","21,385","21,385","20,250","58.76K","-4.24%"
"01/10/2025","21,173","20,512","21,610","20,512","66.47K","1.52%"
"01/09/2025","20,857","21,388","21,878","20,857","54.06K","-3.11%"
"01/08/2025","21,526","21,354","22,152","21,354","71.89K","-1.23%"
"01/07/2025","21,793","21,685","21,947","21,184","86.07K","0.50%"
"01/06/2025","21,685","22,000","22,497","21,292","130.68K","-0.04%"
"01/03/2025","21,693","22,600","22,844","21,481","73.38K","-4.60%"
"01/02/2025","22,740","23,055","23,289","22,690","48.77K","-2.52%"
"12/31/2024","23,327","22,481","23,562","21,950","86.24K","5.63%"
"12/30/2024","22,084","22,324","22,563","22,066","66.81K","-1.57%"
"12/27/2024","22,436","21,834","22,599","21,834","106.09K","2.42%"
"12/24/2024","21,905","21,546","22,277","21,546","10.23K","0.15%"
"12/23/2024","21,872","21,959","22,949","21,532","36.46K","-0.57%"
"12/20/2024","21,998","21,796","22,154","21,301","195.22K","1.46%"
"12/19/2024","21,681","23,400","23,845","21,590","61.32K","-2.82%"
"12/18/2024","22,310","22,999","22,999","22,193","88.86K","-0.45%"
"12/17/2024","22,410","22,401","22,899","22,056","116.54K","-1.78%"
"12/13/2024","22,815","22,000","23,130","21,402","124.52K","5.86%"
"12/12/2024","21,553","20,869","21,553","20,869","87.45K","3.12%"
"12/11/2024","20,900","20,401","21,017","20,401","23.28K","0.00%"
"12/10/2024","20,901","20,609","20,901","20,483","39.66K","0.75%"
"12/09/2024","20,745","20,739","20,906","20,650","158.64K","0.30%"
"12/06/2024","20,682","20,699","20,700","20,500","58.37K","0.05%"
"12/05/2024","20,672","20,600","20,702","20,510","160.13K","1.29%"
"12/04/2024","20,408","20,373","20,627","20,229","79.62K","0.00%"
"12/03/2024","20,409","20,813","20,813","20,184","55.58K","-0.44%"
"12/02/2024","20,500","20,300","20,566","20,254","46.39K","0.44%"
"11/29/2024","20,410","20,300","20,477","20,130","51.79K","0.93%"
"11/28/2024","20,221","20,420","20,800","20,159","39.81K","-1.23%"
"11/27/2024","20,472","20,832","20,832","20,054","134.36K","-0.75%"
"11/26/2024","20,626","20,771","20,867","20,205","130.88K","-1.20%"
"11/25/2024","20,876","21,508","21,530","20,222","59.66K","-2.59%"
"11/22/2024","21,430","21,500","21,749","21,213","31.97K","-0.54%"
"11/21/2024","21,547","21,540","22,205","21,151","88.86K","0.94%"
"11/20/2024","21,347","21,219","21,450","20,950","44.35K","1.99%"
"11/19/2024","20,931","21,100","21,205","20,893","62.81K","0.42%"
"11/18/2024","20,844","20,940","21,126","20,795","43.07K","0.49%"
"11/15/2024","20,742","20,939","20,950","20,550","23.11K","-0.26%"
"11/14/2024","20,797","20,600","20,850","20,600","42.48K","0.49%"
"11/13/2024","20,695","20,711","20,900","20,501","71.49K","-0.27%"
"11/12/2024","20,750","20,523","20,950","20,490","56.66K","-0.16%"
"11/11/2024","20,784","21,020","21,265","20,784","37.86K","-2.15%"
"11/08/2024","21,241","20,996","21,299","20,500","77.53K","2.34%"
"11/07/2024","20,755","21,003","21,400","20,600","156.32K","-1.85%"
"11/06/2024","21,147","21,200","21,900","21,087","43.07K","-0.31%"
"11/05/2024","21,213","21,100","21,455","21,100","80.67K","0.69%"
"11/04/2024","21,067","21,247","21,410","21,067","77.54K","-1.59%"
"11/01/2024","21,408","21,699","21,701","21,383","67.36K","-0.53%"
"10/31/2024","21,523","21,500","21,600","21,370","161.59K","-0.20%"
"10/30/2024","21,566","21,625","22,289","21,361","100.14K","-0.27%"
"10/29/2024","21,624","21,494","21,839","21,475","79.58K","-0.26%"
"10/28/2024","21,680","22,068","22,068","21,200","95.88K","1.32%"
"10/25/2024","21,397","21,035","21,484","21,035","77.36K","0.02%"
"10/24/2024","21,393","21,021","21,485","21,021","57.76K","0.89%"
"10/23/2024","21,205","21,230","21,613","21,145","86.89K","-2.01%"
"10/22/2024","21,640","21,782","21,783","21,000","78.18K","-0.63%"
"10/21/2024","21,777","22,043","22,044","21,575","30.00K","-1.36%"
"10/18/2024","22,078","22,596","22,763","21,907","99.10K","-2.18%"
"10/17/2024","22,570","22,135","22,623","22,000","118.19K","1.03%"
"10/16/2024","22,341","22,420","22,624","22,001","324.06K","0.73%"
"10/15/2024","22,178","22,329","22,401","21,984","270.88K","-0.10%"
"10/14/2024","22,200","21,276","22,409","21,276","192.70K","3.26%"
"10/11/2024","21,500","21,401","21,700","21,401","170.17K","0.24%"
"10/10/2024","21,448","21,843","21,857","21,445","154.80K","-1.69%"
"10/09/2024","21,816","21,559","22,059","21,533","173.01K","0.53%"
"10/08/2024","21,700","21,560","21,829","21,368","171.57K","0.18%"
"10/07/2024","21,662","21,582","21,965","21,582","121.46K","-0.63%"
"10/04/2024","21,799","22,720","22,720","21,605","90.41K","-2.20%"
"10/03/2024","22,290","22,206","22,301","21,941","183.05K","0.53%"
"10/02/2024","22,172","22,877","22,877","22,032","521.44K","-2.98%"
"10/01/2024","22,854","23,355","24,560","22,834","539.73K","-1.21%"
"09/30/2024","23,134","23,250","23,348","23,000","310.06K","-0.28%"
"09/27/2024","23,199","23,600","23,680","23,054","312.78K","-0.94%"
"09/26/2024","23,419","23,110","23,456","22,974","150.22K","1.09%"
"09/25/2024","23,167","22,873","23,174","22,478","214.94K","3.08%"
"09/23/2024","22,475","22,264","22,598","22,085","112.11K","0.95%"
"09/20/2024","22,263","22,382","22,600","22,041","238.90K","0.06%"
"09/19/2024","22,250","22,381","22,600","22,025","166.32K","-0.28%"
"09/18/2024","22,312","21,801","22,312","21,757","204.74K","1.20%"
"09/17/2024","22,047","21,090","22,076","21,090","303.92K","4.04%"
"09/16/2024","21,191","20,599","21,200","20,480","95.71K","3.17%"
"09/13/2024","20,540","20,288","20,540","20,287","183.86K","0.82%"
"09/12/2024","20,372","20,408","20,408","20,059","75.09K","0.32%"
"09/11/2024","20,307","20,523","20,600","20,200","205.34K","-1.95%"
"09/10/2024","20,710","20,864","20,971","20,246","172.27K","-0.68%"
"09/09/2024","20,852","20,800","21,002","20,501","182.49K","1.22%"
"09/06/2024","20,600","20,552","20,673","20,416","109.96K","0.00%"
"09/05/2024","20,600","20,427","20,733","20,318","153.61K","1.30%"
"09/04/2024","20,336","20,185","20,490","20,057","99.29K","0.67%"
"09/03/2024","20,200","20,260","20,476","20,180","54.78K","-0.36%"
"09/02/2024","20,273","20,263","20,639","20,163","78.59K","-0.42%"
"08/30/2024","20,358","20,199","20,484","20,061","439.13K","1.28%"
"08/29/2024","20,100","19,901","20,149","19,707","145.43K","0.88%"
"08/28/2024","19,925","19,901","20,114","19,717","183.55K","-0.38%"
"08/27/2024","20,000","20,000","20,245","19,799","159.14K","-0.20%"
"08/26/2024","20,040","19,480","20,040","19,425","84.41K","2.77%"
"08/23/2024","19,500","19,220","19,540","18,862","114.17K","2.89%"
"08/22/2024","18,953","18,800","19,076","18,690","71.88K","0.81%"
"08/21/2024","18,800","18,639","18,979","18,552","82.03K","0.20%"
"08/20/2024","18,763","18,439","18,846","18,439","60.78K","1.50%"
"08/19/2024","18,486","18,600","18,659","18,372","25.43K","-0.06%"
"08/16/2024","18,498","18,485","18,684","18,422","27.16K","1.00%"
"08/15/2024","18,314","18,252","18,473","18,250","31.42K","-0.07%"
"08/14/2024","18,326","18,613","18,820","18,269","31.92K","-1.64%"
"08/13/2024","18,631","18,323","18,946","18,243","132.78K","1.61%"
"08/12/2024","18,336","18,140","18,460","18,130","46.35K","1.11%"
"08/08/2024","18,134","17,350","18,180","17,350","87.65K","2.52%"
"08/07/2024","17,688","17,611","18,031","17,611","46.05K","-0.07%"
"08/06/2024","17,701","17,756","17,982","17,620","81.61K","-0.36%"
"08/05/2024","17,765","18,038","18,096","17,545","77.82K","-1.47%"
"08/02/2024","18,030","18,563","18,563","17,118","123.59K","-1.82%"
"08/01/2024","18,365","18,004","18,597","18,004","190.53K","2.03%"
"07/31/2024","18,000","17,997","18,199","17,900","149.04K","0.69%"
"07/30/2024","17,876","17,699","18,099","17,699","36.14K","-0.02%"
"07/29/2024","17,879","18,041","18,124","17,879","48.86K","-0.67%"
"07/26/2024","18,000","17,892","18,034","17,795","39.95K","1.11%"
"07/25/2024","17,803","18,096","18,096","17,500","28.79K","-1.37%"
"07/24/2024","18,050","18,073","18,153","17,903","125.13K","-0.13%"
"07/23/2024","18,073","17,724","18,105","17,724","58.15K","1.55%"
"07/22/2024","17,797","17,500","17,873","17,500","60.95K","0.92%"
"07/19/2024","17,635","17,615","17,733","17,506","32.12K","-0.14%"
"07/18/2024","17,660","17,280","17,819","17,280","48.05K","0.62%"
"07/17/2024","17,551","17,410","17,699","17,406","39.73K","-0.50%"
"07/16/2024","17,640","17,518","17,776","17,323","34.30K","0.39%"
"07/15/2024","17,571","17,038","17,571","17,035","19.41K","2.72%"
"07/12/2024","17,106","17,062","17,292","17,050","47.55K","0.04%"
"07/11/2024","17,100","16,856","17,225","16,856","174.06K","0.59%"
"07/10/2024","17,000","17,635","17,635","16,821","112.56K","-2.86%"
"07/09/2024","17,500","16,942","17,591","16,942","97.68K","2.54%"
"07/08/2024","17,066","16,955","17,100","16,697","40.39K","-0.12%"
"07/05/2024","17,087","16,749","17,124","16,699","118.69K","1.11%"
"07/04/2024","16,900","16,736","17,148","16,644","201.09K","1.72%"
"07/03/2024","16,614","16,534","16,980","16,001","203.32K","0.48%"
"07/02/2024","16,535","16,576","16,576","16,015","59.20K","0.04%"
"07/01/2024","16,528","16,008","16,594","16,008","49.14K","3.25%"
"06/28/2024","16,008","15,681","16,229","15,680","35.82K","-0.11%"
"06/27/2024","16,026","15,983","16,114","15,213","32.90K","-0.15%"
"06/26/2024","16,050","15,915","16,071","15,915","17.95K","0.75%"
"06/25/2024","15,930","15,956","16,072","15,506","89.75K","-1.33%"
"06/24/2024","16,144","15,700","16,170","15,694","125.88K","2.83%"
"06/21/2024","15,700","15,519","15,919","15,519","579.73K","1.17%"
"06/20/2024","15,519","16,150","16,150","15,429","133.24K","-3.84%"
"06/19/2024","16,138","15,743","16,207","15,587","256.41K","2.93%"
"06/18/2024","15,678","15,600","15,841","15,296","66.92K","1.63%"
"06/14/2024","15,427","15,600","15,759","15,351","37.20K","-1.11%"
"06/13/2024","15,600","15,255","15,709","15,251","50.86K","1.28%"
"06/12/2024","15,403","15,439","15,513","15,200","24.43K","0.57%"
"06/11/2024","15,315","15,500","15,500","15,102","14.95K","0.70%"
"06/10/2024","15,208","15,100","15,285","15,050","29.93K","0.72%"
"06/07/2024","15,100","15,199","15,361","15,006","57.02K","0.00%"
"06/06/2024","15,100","14,766","15,450","14,700","171.37K","-1.20%"
"06/05/2024","15,284","15,023","15,285","14,995","126.38K","1.12%"
"06/04/2024","15,114","15,287","15,451","14,886","14.50K","0.29%"
"06/03/2024","15,070","15,749","15,749","14,933","31.51K","0.00%"
"05/31/2024","15,070","14,999","15,273","14,736","85.13K","-1.50%"
"05/30/2024","15,300","15,706","15,706","15,300","156.53K","-2.55%"
"05/28/2024","15,701","15,379","15,780","15,174","125.31K","2.56%"
"05/27/2024","15,309","15,201","15,364","15,000","38.59K","2.48%"
"05/24/2024","14,938","14,848","15,022","14,748","43.17K","0.61%"
"05/23/2024","14,848","15,323","15,323","14,732","45.16K","-2.03%"
"05/22/2024","15,155","14,694","15,700","14,570","145.10K","2.66%"
"05/21/2024","14,763","14,387","14,780","14,387","72.59K","1.30%"
"05/20/2024","14,573","14,645","14,645","14,505","34.86K","0.50%"
"05/17/2024","14,500","14,322","14,600","14,322","132.33K","0.00%"
"05/16/2024","14,500","14,491","14,580","14,371","55.11K","0.09%"
"05/15/2024","14,487","14,345","14,491","14,329","39.11K","0.99%"
"05/14/2024","14,345","14,379","14,379","14,231","105.71K","0.03%"
"05/13/2024","14,341","14,000","14,380","14,000","35.90K","1.14%"
"05/10/2024","14,180","14,000","14,180","13,981","14.28K","1.27%"
"05/09/2024","14,002","14,064","14,179","13,800","15.20K","0.01%"
"05/08/2024","14,000","13,655","14,080","13,655","120.26K","1.24%"
"05/07/2024","13,829","13,950","13,950","13,690","16.81K","0.04%"
"05/06/2024","13,824","13,795","13,969","13,673","9.57K","1.71%"
"05/03/2024","13,592","13,250","13,790","13,250","9.19K","0.36%"
"05/02/2024","13,543","13,919","13,975","13,455","40.08K","-3.06%"
"04/30/2024","13,971","13,695","14,000","13,300","112.01K","2.90%"
"04/29/2024","13,577","13,360","13,630","13,360","58.56K","0.57%"
"04/26/2024","13,500","13,350","13,640","13,261","344.23K","0.51%"
"04/25/2024","13,432","13,420","13,480","13,285","43.59K","-0.50%"
"04/24/2024","13,500","13,014","13,500","13,014","329.02K","0.97%"
"04/23/2024","13,370","13,589","13,589","13,049","40.98K","-0.04%"
"04/22/2024","13,376","13,650","13,666","13,376","29.35K","-2.24%"
"04/19/2024","13,682","13,331","13,682","13,205","23.99K","1.18%"
"04/18/2024","13,523","13,599","13,666","13,450","150.80K","0.26%"
"04/17/2024","13,488","13,294","13,488","13,103","20.21K","2.18%"
"04/16/2024","13,200","13,182","13,347","12,977","24.66K","-0.38%"
"04/15/2024","13,251","13,668","13,698","13,251","19.02K","-3.33%"
"04/12/2024","13,707","13,683","13,949","13,452","261.52K","-0.12%"
"04/11/2024","13,723","13,850","13,936","13,600","161.50K","0.70%"
"04/10/2024","13,627","13,800","13,800","13,287","29.83K","0.41%"
"04/09/2024","13,572","13,850","13,850","13,458","18.04K","-1.03%"
"04/08/2024","13,713","13,799","13,820","13,374","20.33K","0.48%"
"04/05/2024","13,648","13,250","13,648","13,250","29.71K","2.07%"
"04/04/2024","13,371","13,335","13,599","13,204","27.70K","0.53%"
"04/03/2024","13,301","13,507","13,507","13,129","49.54K","-0.45%"
"04/02/2024","13,361","13,590","13,704","13,361","30.63K","-1.69%"
"03/28/2024","13,590","13,900","13,900","13,553","7.46K","-0.15%"
"03/27/2024","13,611","13,500","13,740","13,405","19.50K","0.42%"
"03/26/2024","13,554","13,999","14,080","13,554","26.49K","-3.06%"
"03/25/2024","13,982","13,600","13,982","13,600","30.64K","0.66%"
"03/22/2024","13,890","13,850","13,890","13,555","23.35K","1.39%"
"03/20/2024","13,700","13,830","13,850","13,228","31.57K","0.27%"
"03/19/2024","13,663","13,496","13,869","13,000","77.43K","1.70%"
"03/18/2024","13,434","13,476","13,879","13,200","38.55K","-0.12%"
"03/15/2024","13,450","13,567","13,567","13,200","139.28K","-0.24%"
"03/14/2024","13,482","13,700","13,700","13,270","55.57K","-0.13%"
"03/13/2024","13,500","13,350","13,600","13,349","106.00K","1.13%"
"03/12/2024","13,349","13,998","13,998","13,305","98.98K","-0.49%"
"03/11/2024","13,415","13,715","13,981","13,305","45.97K","-3.78%"
"03/08/2024","13,942","13,313","13,942","13,311","48.37K","2.33%"
"03/07/2024","13,624","13,878","13,900","13,624","32.54K","-1.83%"
"03/06/2024","13,878","13,469","13,878","13,121","62.99K","5.14%"
"03/05/2024","13,200","13,565","13,565","13,100","14.47K","-1.92%"
"03/04/2024","13,458","13,550","13,550","13,102","5.01K","0.43%"
"03/01/2024","13,400","13,001","13,400","12,700","44.07K","3.04%"
"02/29/2024","13,005","13,206","13,569","13,005","62.47K","-3.51%"
"02/28/2024","13,478","12,979","13,600","12,736","65.97K","4.48%"
"02/27/2024","12,900","13,150","13,251","12,900","61.82K","-2.57%"
"02/26/2024","13,240","13,744","13,744","13,240","7.52K","-1.64%"
"02/23/2024","13,461","13,800","13,800","13,327","11.47K","-0.12%"
"02/22/2024","13,477","13,245","13,869","13,245","36.79K","2.51%"
"02/21/2024","13,147","13,071","13,300","12,853","37.07K","0.70%"
"02/20/2024","13,055","13,096","13,499","12,700","28.18K","-0.83%"
"02/19/2024","13,164","13,076","13,309","13,070","22.76K","0.41%"
"02/16/2024","13,110","13,111","13,489","12,750","54.32K","-1.35%"
"02/15/2024","13,290","13,671","13,675","13,145","35.02K","-2.28%"
"02/14/2024","13,600","13,200","13,679","13,200","49.19K","1.29%"
"02/13/2024","13,427","13,415","13,580","13,056","23.13K","-1.13%"
"02/12/2024","13,580","13,588","13,680","12,938","76.37K","-0.06%"
"02/09/2024","13,588","13,048","13,588","13,048","31.62K","2.90%"
"02/08/2024","13,205","13,300","13,531","13,180","35.59K","-0.84%"
"02/07/2024","13,317","13,150","13,579","13,150","37.84K","1.66%"
"02/06/2024","13,099","13,101","13,266","13,021","33.33K","0.65%"
"02/05/2024","13,014","13,034","13,178","12,912","32.50K","0.04%"
"02/02/2024","13,009","13,057","13,150","12,877","20.10K","-0.31%"
"02/01/2024","13,050","12,990","13,092","12,973","11.88K","0.12%"
"01/31/2024","13,035","13,000","13,176","12,980","33.52K","-1.00%"
"01/30/2024","13,167","12,975","13,256","12,975","27.86K","1.52%"
"01/29/2024","12,970","13,020","13,297","12,910","13.88K","-1.79%"
"01/26/2024","13,206","13,001","13,279","13,000","11.39K","1.06%"
"01/25/2024","13,067","13,050","13,069","13,000","12.91K","0.52%"
"01/24/2024","13,000","13,116","13,238","12,963","10.11K","0.33%"
"01/23/2024","12,957","12,900","13,273","12,900","12.52K","0.05%"
"01/22/2024","12,951","12,850","13,178","12,828","49.96K","-0.09%"
"01/19/2024","12,963","13,149","13,150","12,950","33.65K","-0.32%"
"01/18/2024","13,005","13,000","13,195","12,914","62.05K","0.23%"
"01/17/2024","12,975","13,101","13,222","12,975","50.33K","-0.95%"
"01/16/2024","13,100","13,200","13,292","12,896","13.52K","0.02%"
"01/15/2024","13,098","13,015","13,272","13,000","11.79K","-0.92%"
"01/12/2024","13,219","13,400","13,500","12,906","72.13K","-2.05%"
"01/11/2024","13,496","13,480","13,496","13,055","36.88K","0.72%"
"01/10/2024","13,400","13,000","13,497","12,947","38.57K","5.10%"
"01/09/2024","12,750","13,099","13,103","12,750","5.44K","-2.32%"
"01/08/2024","13,053","12,758","13,159","12,758","35.13K","0.10%"
"01/05/2024","13,040","13,156","13,159","12,950","81.01K","-0.15%"
"01/04/2024","13,059","13,196","13,495","12,872","28.05K","-2.66%"
"01/03/2024","13,416","12,801","13,435","12,733","20.11K","2.14%"
"01/02/2024","13,135","12,791","13,227","12,351","24.37K","0.99%"
"12/29/2023","13,006","12,899","13,118","12,850","34.71K","-0.15%"
"12/28/2023","13,026","13,134","13,134","13,026","26.04K","-0.82%"
"12/27/2023","13,134","13,000","13,376","13,000","48.04K","-1.57%"
"12/22/2023","13,343","12,778","13,366","12,778","13.15K","3.15%"
"12/21/2023","12,936","12,711","13,003","12,711","44.90K","-0.12%"
"12/20/2023","12,951","13,000","13,355","12,879","48.23K","-2.39%"
"12/19/2023","13,268","12,997","13,325","12,911","28.07K","0.52%"
"12/18/2023","13,200","13,066","13,498","12,551","70.01K","1.54%"
"12/14/2023","13,000","13,580","13,580","12,675","622.55K","-2.73%"
"12/13/2023","13,365","12,798","13,500","12,798","111.59K","2.14%"
"12/12/2023","13,085","12,900","13,301","12,600","69.22K","-0.63%"
"12/11/2023","13,168","12,700","13,231","12,700","46.27K","0.83%"
"12/08/2023","13,059","13,000","13,196","12,745","66.35K","0.45%"
"12/07/2023","13,001","12,849","13,147","12,800","86.29K","0.01%"
"12/06/2023","13,000","12,935","13,199","12,836","53.22K","-0.61%"
"12/05/2023","13,080","13,120","13,269","12,888","83.37K","-0.76%"
"12/04/2023","13,180","13,052","13,439","12,696","189.16K","-2.01%"
"12/01/2023","13,450","13,450","13,450","12,282","108.31K","6.75%"
"11/30/2023","12,600","12,883","12,883","12,210","263.53K","-0.76%"
"11/29/2023","12,696","12,377","12,696","12,049","133.63K","1.57%"
"11/28/2023","12,500","12,500","12,530","12,377","80.85K","0.00%"
"11/27/2023","12,500","12,450","12,600","12,432","60.17K","-0.59%"
"11/24/2023","12,574","12,374","12,584","12,374","27.30K","-0.08%"
"11/23/2023","12,584","12,700","12,780","12,375","74.92K","0.84%"
"11/22/2023","12,479","12,400","12,822","12,400","87.95K","0.60%"
"11/21/2023","12,404","13,100","13,100","12,404","144.79K","-5.15%"
"11/20/2023","13,078","12,870","13,388","12,711","67.97K","1.08%"
"11/17/2023","12,938","13,395","13,395","12,800","65.52K","-1.88%"
"11/16/2023","13,186","13,459","13,500","12,928","79.12K","-2.04%"
"11/15/2023","13,460","12,445","13,500","12,445","179.77K","7.68%"
"11/14/2023","12,500","12,453","12,559","12,375","165.67K","0.47%"
"11/13/2023","12,442","12,030","12,452","12,000","51.26K","3.45%"
"11/10/2023","12,027","12,092","12,150","11,860","101.54K","-0.46%"
"11/09/2023","12,082","12,422","12,490","12,082","89.29K","-2.99%"
"11/08/2023","12,454","12,551","12,686","12,373","61.26K","-1.11%"
"11/07/2023","12,594","12,499","12,700","12,400","39.56K","-0.56%"
"11/06/2023","12,665","12,400","12,665","12,396","57.37K","2.22%"
"11/03/2023","12,390","12,101","12,500","12,092","142.16K","2.40%"
"11/02/2023","12,100","12,099","12,104","12,050","136.63K","0.83%"
"11/01/2023","12,000","11,826","12,014","11,821","132.30K","1.51%"
"10/31/2023","11,822","11,801","11,871","11,750","125.20K","0.19%"
"10/30/2023","11,800","11,765","11,877","11,764","33.87K","-0.55%"
"10/27/2023","11,865","11,795","11,938","11,193","21.92K","0.30%"
"10/26/2023","11,830","11,859","11,900","11,550","96.89K","-0.41%"
"10/25/2023","11,879","11,602","12,041","11,602","35.11K","0.67%"
"10/24/2023","11,800","11,730","11,858","11,648","59.23K","-0.12%"
"10/23/2023","11,814","11,700","11,977","11,630","42.22K","0.02%"
"10/20/2023","11,812","11,900","12,150","11,767","24.78K","-1.85%"
"10/19/2023","12,035","11,733","12,248","11,600","55.78K","1.48%"
"10/18/2023","11,859","11,950","12,062","11,763","64.62K","-1.29%"
"10/17/2023","12,014","11,842","12,250","11,770","83.48K","0.20%"
"10/16/2023","11,990","12,125","12,235","11,901","39.68K","0.08%"
"10/13/2023","11,981","12,053","12,261","11,928","31.80K","-2.39%"
"10/12/2023","12,274","12,168","12,300","12,022","73.51K","0.47%"
"10/11/2023","12,217","12,092","12,389","12,092","45.02K","-0.55%"
"10/10/2023","12,285","11,849","12,286","11,849","43.83K","2.18%"
"10/09/2023","12,023","12,045","12,232","11,769","58.41K","-0.53%"
"10/06/2023","12,087","11,903","12,294","11,430","24.54K","0.73%"
"10/05/2023","12,000","11,700","12,146","11,602","52.62K","1.62%"
"10/04/2023","11,809","11,925","12,000","11,775","27.13K","-1.88%"
"10/03/2023","12,035","12,000","12,250","11,835","63.31K","-2.71%"
"10/02/2023","12,370","12,355","12,446","12,286","11.24K","-0.78%"
"09/29/2023","12,467","12,246","12,467","12,227","53.76K","0.57%"
"09/28/2023","12,396","12,303","12,400","12,004","122.81K","1.28%"
"09/27/2023","12,239","12,493","12,493","12,216","85.83K","-1.27%"
"09/26/2023","12,396","12,408","12,450","12,317","238.01K","0.85%"
"09/22/2023","12,291","12,238","12,496","12,133","112.33K","-0.77%"
"09/21/2023","12,386","12,057","12,424","11,826","270.82K","2.21%"
"09/20/2023","12,118","11,800","12,118","11,800","89.34K","1.95%"
"09/19/2023","11,886","12,100","12,263","11,781","101.11K","-1.66%"
"09/18/2023","12,087","11,794","12,244","11,570","102.60K","2.48%"
"09/15/2023","11,794","11,350","11,900","11,056","2.32M","5.37%"
"09/14/2023","11,193","11,259","11,263","10,951","97.30K","1.05%"
"09/13/2023","11,077","11,000","11,597","10,725","179.29K","0.48%"
"09/12/2023","11,024","11,100","11,393","10,602","130.88K","0.54%"
"09/11/2023","10,965","11,043","11,399","10,855","119.36K","-2.10%"
"09/08/2023","11,200","10,992","11,207","10,933","55.17K","0.96%"
"09/07/2023","11,093","11,152","11,619","10,790","105.91K","-3.80%"
"09/06/2023","11,531","11,200","11,805","11,167","59.02K","0.51%"
"09/05/2023","11,473","11,500","11,632","11,297","71.05K","-1.71%"
"09/04/2023","11,673","11,665","11,953","11,182","104.46K","3.55%"
"09/01/2023","11,273","11,346","11,477","11,063","62.56K","-0.64%"
"08/31/2023","11,346","11,971","11,994","11,346","119.29K","-5.38%"
"08/30/2023","11,991","11,810","12,000","11,810","72.93K","0.82%"
"08/29/2023","11,894","11,650","11,898","11,601","56.38K","1.23%"
"08/28/2023","11,750","11,549","11,750","11,549","46.21K","1.28%"
"08/25/2023","11,601","11,499","11,639","11,263","45.71K","0.00%"
"08/24/2023","11,601","11,499","11,749","11,499","26.39K","0.88%"
"08/23/2023","11,500","11,311","11,500","10,921","96.55K","3.73%"
"08/22/2023","11,086","10,701","11,400","10,689","293.86K","2.14%"
"08/21/2023","10,854","11,364","11,372","10,308","137.81K","-6.03%"
"08/18/2023","11,551","11,300","11,551","11,179","21.68K","0.54%"
"08/17/2023","11,489","11,214","11,720","11,214","16.54K","1.73%"
"08/16/2023","11,294","11,258","11,854","11,258","52.49K","-3.73%"
"08/15/2023","11,731","11,583","11,840","11,583","28.77K","-0.23%"
"08/14/2023","11,758","11,431","11,827","11,431","39.20K","0.20%"
"08/11/2023","11,735","11,100","11,800","11,100","59.97K","4.73%"
"08/10/2023","11,205","11,001","11,205","11,000","11.76K","-0.58%"
"08/08/2023","11,270","10,600","11,400","10,600","94.04K","2.22%"
"08/07/2023","11,025","10,600","11,100","10,451","55.15K","-0.23%"
"08/04/2023","11,050","10,800","11,100","10,650","14.16K","0.53%"
"08/03/2023","10,992","10,641","11,050","10,526","104.68K","1.78%"
"08/02/2023","10,800","10,831","11,049","10,312","65.46K","-1.75%"
"08/01/2023","10,992","10,650","11,400","10,600","66.59K","1.31%"
"07/31/2023","10,850","10,650","10,950","10,650","54.85K","-0.16%"
"07/28/2023","10,867","10,900","11,050","10,771","141.82K","-0.59%"
"07/27/2023","10,931","10,959","11,054","10,918","138.22K","-0.81%"
"07/26/2023","11,020","10,800","11,050","10,621","39.97K","0.85%"
"07/25/2023","10,927","10,800","11,050","10,800","18.87K","-0.78%"
"07/24/2023","11,013","10,800","11,200","10,800","67.86K","-0.09%"
"07/21/2023","11,023","10,764","11,307","10,751","34.72K","0.21%"
"07/20/2023","11,000","10,700","11,399","10,700","16.68K","0.31%"
"07/19/2023","10,966","10,620","11,350","10,620","14.23K","0.42%"
"07/18/2023","10,920","10,580","11,000","10,503","7.16K","0.08%"
"07/17/2023","10,911","11,122","11,400","10,702","31.54K","-4.29%"
"07/14/2023","11,400","11,096","11,400","10,223","16.89K","0.52%"
"07/13/2023","11,341","10,950","11,400","10,621","39.64K","1.51%"
"07/12/2023","11,172","10,800","11,478","10,350","15.66K","0.10%"
"07/11/2023","11,161","11,100","11,700","10,500","22.73K","-1.80%"
"07/10/2023","11,366","11,352","11,778","11,000","11.66K","-3.80%"
"07/07/2023","11,815","10,672","12,500","10,350","70.19K","11.50%"
"07/06/2023","10,596","10,470","10,799","10,202","23.90K","2.34%"
"07/05/2023","10,354","10,499","10,600","10,170","27.87K","-1.32%"
"07/04/2023","10,493","10,793","10,793","10,205","14.63K","0.20%"
"07/03/2023","10,472","10,285","10,746","10,176","19.25K","0.23%"
"06/30/2023","10,448","10,165","10,550","9,970","37.16K","2.27%"
"06/29/2023","10,216","10,166","10,344","10,165","12.69K","-0.81%"
"06/28/2023","10,299","10,181","10,800","10,000","78.43K","-0.64%"
"06/27/2023","10,365","10,644","10,799","10,001","32.08K","-3.75%"
"06/26/2023","10,769","10,318","10,769","10,318","33.02K","2.32%"
"06/23/2023","10,525","10,750","10,750","10,393","15.47K","-1.85%"
"06/22/2023","10,723","10,790","10,800","10,481","12.02K","-0.70%"
"06/21/2023","10,799","10,380","10,799","10,380","19.10K","1.14%"
"06/20/2023","10,677","10,205","10,677","10,010","119.87K","1.90%"
"06/19/2023","10,478","10,660","10,660","9,900","10.61K","-1.08%"
"06/15/2023","10,592","10,340","10,800","10,250","178.06K","3.39%"
"06/14/2023","10,245","9,897","10,445","9,621","31.06K","4.54%"
"06/13/2023","9,800","9,938","10,000","9,594","80.38K","0.80%"
"06/12/2023","9,722","9,677","9,944","9,352","21.71K","0.47%"
"06/09/2023","9,677","9,859","10,200","9,313","18.22K","0.28%"
"06/08/2023","9,650","9,700","10,500","9,557","12.51K","-3.02%"
"06/07/2023","9,950","9,630","10,449","9,500","48.64K","3.32%"
"06/06/2023","9,630","9,493","9,840","9,493","19.00K","0.31%"
"06/05/2023","9,600","9,600","9,856","9,600","5.60K","-0.45%"
"06/02/2023","9,643","9,863","9,863","9,609","8.19K","-1.99%"
"06/01/2023","9,839","9,522","9,903","9,522","3.79K","3.33%"
"05/31/2023","9,522","9,400","10,098","9,400","56.88K","0.49%"
"05/30/2023","9,476","9,350","9,898","9,350","21.10K","-1.98%"
"05/29/2023","9,667","9,544","10,289","9,201","12.66K","3.34%"
"05/26/2023","9,355","9,729","10,498","9,300","24.22K","-5.31%"
"05/25/2023","9,880","9,850","9,999","9,555","41.42K","-1.02%"
"05/24/2023","9,982","10,198","10,300","9,400","20.59K","-1.11%"
"05/23/2023","10,094","10,598","10,598","9,950","10.19K","-4.84%"
"05/22/2023","10,607","10,600","10,797","10,329","18.59K","-0.40%"
"05/19/2023","10,650","10,300","10,799","10,300","10.11K","-0.09%"
"05/18/2023","10,660","10,432","10,720","10,027","39.85K","0.04%"
"05/17/2023","10,656","10,426","10,695","10,292","33.85K","2.15%"
"05/16/2023","10,432","10,300","10,700","10,187","29.27K","-2.69%"
"05/15/2023","10,720","10,290","10,720","9,700","23.30K","2.11%"
"05/12/2023","10,498","10,399","10,498","9,500","32.03K","4.48%"
"05/11/2023","10,048","9,700","10,158","9,479","36.01K","3.27%"
"05/10/2023","9,730","9,700","10,350","9,411","26.14K","-1.22%"
"05/09/2023","9,850","10,538","10,800","9,450","53.39K","-6.36%"
"05/08/2023","10,519","10,863","10,920","10,515","10.77K","-2.14%"
"05/05/2023","10,749","10,367","10,749","10,251","6.72K","2.69%"
"05/04/2023","10,467","10,598","10,799","10,155","18.96K","-3.80%"
"05/03/2023","10,880","10,668","10,996","10,509","15.82K","0.13%"
"05/02/2023","10,866","10,757","10,989","10,401","26.68K","0.31%"
"04/28/2023","10,832","10,475","11,000","10,286","19.66K","1.23%"
"04/26/2023","10,700","10,266","10,880","10,113","37.10K","3.38%"
"04/25/2023","10,350","10,545","10,782","10,200","4.94K","-4.17%"
"04/24/2023","10,800","10,206","10,897","10,206","11.61K","3.85%"
"04/21/2023","10,400","10,666","10,765","10,312","12.38K","-1.33%"
"04/20/2023","10,540","10,800","11,000","10,535","13.28K","-3.24%"
"04/19/2023","10,893","10,745","10,893","10,500","17.32K","0.67%"
"04/18/2023","10,821","10,594","11,000","10,342","22.42K","0.26%"
"04/17/2023","10,793","10,505","10,793","10,205","23.36K","0.33%"
"04/14/2023","10,757","10,100","10,757","10,100","8.71K","3.22%"
"04/13/2023","10,421","10,200","10,500","10,150","15.55K","0.24%"
"04/12/2023","10,396","10,206","10,500","10,201","19.83K","0.86%"
"04/11/2023","10,307","10,500","10,699","10,150","33.90K","-3.81%"
"04/06/2023","10,715","10,700","10,900","10,532","28.19K","-1.66%"
"04/05/2023","10,896","11,095","11,095","10,701","15.12K","-3.78%"
"04/04/2023","11,324","10,685","11,379","10,405","42.00K","5.07%"
"04/03/2023","10,778","10,250","11,000","10,115","34.38K","1.87%"
"03/31/2023","10,580","10,200","10,780","10,200","36.06K","1.35%"
"03/30/2023","10,439","10,697","10,886","10,151","31.50K","-2.41%"
"03/29/2023","10,697","11,199","11,199","10,200","17.94K","-0.03%"
"03/28/2023","10,700","9,999","11,199","9,850","81.71K","8.64%"
"03/27/2023","9,849","9,750","9,950","9,602","19.75K","1.02%"
"03/24/2023","9,750","9,901","9,932","9,556","13.32K","-2.50%"
"03/23/2023","10,000","9,905","10,050","9,900","8.28K","0.00%"
"03/22/2023","10,000","10,100","10,100","9,900","10.12K","-1.66%"
"03/20/2023","10,169","10,052","10,199","9,883","32.03K","-3.22%"
"03/17/2023","10,507","10,100","10,633","10,100","71.05K","0.54%"
"03/16/2023","10,451","10,655","10,836","10,421","73.05K","-3.59%"
"03/15/2023","10,840","10,758","10,994","10,651","26.73K","-1.25%"
"03/14/2023","10,977","11,188","11,188","10,658","13.76K","-1.89%"
"03/13/2023","11,188","11,235","11,246","10,677","22.79K","-0.11%"
"03/10/2023","11,200","11,100","11,200","10,607","184.96K","0.71%"
"03/09/2023","11,121","11,047","11,225","10,986","19.16K","0.63%"
"03/08/2023","11,051","10,934","11,051","10,700","56.03K","1.39%"
"03/07/2023","10,900","10,731","10,999","10,650","72.52K","-0.31%"
"03/06/2023","10,934","10,501","10,934","10,501","28.08K","1.22%"
"03/03/2023","10,802","9,821","10,950","9,500","230.78K","5.90%"
"03/02/2023","10,200","10,500","10,700","9,800","308.39K","-0.78%"
"03/01/2023","10,280","10,577","10,700","9,302","56.41K","-1.15%"
"02/28/2023","10,400","10,550","10,550","9,000","16.95K","3.99%"
"02/27/2023","10,001","10,200","10,600","10,001","19.82K","-6.36%"
"02/24/2023","10,680","10,400","10,699","10,281","36.61K","0.54%"
"02/23/2023","10,623","10,468","10,623","10,150","10.86K","1.48%"
"02/22/2023","10,468","10,112","10,597","9,950","11.80K","4.24%"
"02/21/2023","10,042","10,317","10,428","9,950","26.57K","-1.06%"
"02/20/2023","10,150","10,158","10,586","10,050","125.81K","-1.13%"
"02/17/2023","10,266","10,051","10,292","10,027","1.93K","-1.02%"
"02/16/2023","10,372","10,365","10,400","10,112","10.11K","-0.27%"
"02/15/2023","10,400","10,159","10,486","10,000","35.92K","-0.82%"
"02/14/2023","10,486","10,001","10,500","10,001","9.83K","1.31%"
"02/13/2023","10,350","9,861","10,400","9,861","39.13K","0.08%"
"02/10/2023","10,342","9,951","10,342","9,951","20.48K","0.81%"
"02/09/2023","10,259","9,800","10,399","9,650","35.88K","2.80%"
"02/08/2023","9,980","9,550","9,980","9,418","68.08K","3.47%"
"02/07/2023","9,645","9,638","9,839","9,459","15.72K","-1.97%"
"02/06/2023","9,839","9,838","9,844","9,548","31.01K","0.62%"
"02/03/2023","9,778","9,585","9,819","9,538","6.31K","0.26%"
"02/02/2023","9,753","9,838","9,838","8,621","192.38K","0.03%"
"02/01/2023","9,750","9,840","9,900","9,257","39.88K","-0.92%"
"01/31/2023","9,841","8,800","10,000","8,800","83.07K","9.03%"
"01/30/2023","9,026","9,629","9,750","9,026","17.72K","-5.98%"
"01/27/2023","9,600","9,823","10,000","9,517","29.18K","2.61%"
"01/26/2023","9,356","9,655","9,999","9,356","10.34K","-3.07%"
"01/25/2023","9,652","10,200","10,200","9,652","9.62K","-2.99%"
"01/24/2023","9,949","9,120","10,600","9,120","27.47K","8.78%"
"01/23/2023","9,146","9,002","9,320","9,000","12.28K","-0.86%"
"01/20/2023","9,225","9,300","9,398","9,000","6.78K","-3.91%"
"01/19/2023","9,600","9,206","10,450","9,060","28.13K","0.00%"
"01/18/2023","9,600","9,100","9,600","9,050","8.64K","1.07%"
"01/17/2023","9,498","9,000","9,550","8,853","10.34K","4.95%"
"01/16/2023","9,050","8,651","9,390","8,651","32.07K","1.96%"
"01/13/2023","8,876","9,100","9,399","8,775","22.63K","-5.57%"
"01/12/2023","9,400","9,220","9,600","8,928","40.03K","1.95%"
"01/11/2023","9,220","9,200","9,600","9,200","19.47K","0.16%"
"01/10/2023","9,205","9,286","9,550","8,552","11.73K","-3.61%"
"01/09/2023","9,550","9,400","9,550","9,120","11.38K","1.61%"
"01/06/2023","9,399","9,100","9,399","8,818","13.84K","0.26%"
"01/05/2023","9,375","8,900","9,400","8,900","34.99K","1.60%"
"01/04/2023","9,227","8,999","9,250","8,779","28.86K","-0.68%"
"01/03/2023","9,290","9,227","9,399","8,780","10.37K","4.81%"
"12/30/2022","8,864","9,200","9,200","8,864","0.25K","-2.88%"
"12/29/2022","9,127","9,400","9,400","8,777","7.54K","-1.91%"
"12/28/2022","9,305","8,800","9,398","8,775","6.79K","6.04%"
"12/23/2022","8,775","9,254","9,254","8,775","7.29K","-0.88%"
"12/22/2022","8,853","9,000","9,199","8,851","4.37K","0.60%"
"12/21/2022","8,800","8,709","8,900","8,655","9.90K","-3.21%"
"12/20/2022","9,092","8,850","9,092","8,618","2.74K","2.73%"
"12/19/2022","8,850","9,025","9,025","8,701","22.61K","0.27%"
"12/15/2022","8,826","8,751","9,150","8,706","63.70K","4.04%"
"12/14/2022","8,483","8,914","9,200","8,341","19.04K","-3.31%"
"12/13/2022","8,773","8,889","9,198","8,602","20.80K","-3.17%"
"12/12/2022","9,060","9,025","9,100","8,861","20.41K","0.11%"
"12/09/2022","9,050","9,000","9,050","8,941","20.94K","0.95%"
"12/08/2022","8,965","9,000","9,172","8,860","8.75K","-0.09%"
"12/07/2022","8,973","8,950","9,085","8,861","32.49K","-1.42%"
"12/06/2022","9,102","8,900","9,200","8,852","26.48K","-1.49%"
"12/05/2022","9,240","8,549","9,240","8,400","15.18K","6.28%"
"12/02/2022","8,694","8,914","9,041","8,648","101.26K","-4.46%"
"12/01/2022","9,100","9,150","9,706","8,900","28.96K","-4.01%"
"11/30/2022","9,480","9,300","9,988","8,862","56.33K","-0.44%"
"11/29/2022","9,522","9,130","9,700","9,130","17.35K","-0.10%"
"11/28/2022","9,532","9,300","9,600","8,224","33.99K","0.26%"
"11/25/2022","9,507","10,200","10,200","9,330","9.37K","-4.04%"
"11/24/2022","9,907","9,690","9,950","9,400","14.02K","1.40%"
"11/23/2022","9,770","9,596","9,820","9,151","32.02K","2.83%"
"11/22/2022","9,501","9,620","9,990","9,420","17.58K","-5.08%"
"11/21/2022","10,009","10,150","10,194","9,860","28.74K","-1.87%"
"11/18/2022","10,200","9,949","10,200","9,742","16.54K","4.71%"
"11/17/2022","9,741","9,489","9,800","9,489","34.54K","2.75%"
"11/16/2022","9,480","9,590","9,801","9,441","67.60K","-1.82%"
"11/15/2022","9,656","9,666","9,700","9,400","13.36K","2.72%"
"11/14/2022","9,400","9,200","9,747","9,200","7.95K","-1.52%"
"11/11/2022","9,545","9,376","9,599","9,301","239.52K","0.74%"
"11/10/2022","9,475","9,580","9,580","9,203","5.55K","-0.11%"
"11/09/2022","9,485","9,400","9,650","9,210","26.80K","-0.11%"
"11/08/2022","9,495","9,202","9,599","9,202","14.04K","0.99%"
"11/07/2022","9,402","9,450","9,592","9,060","71.10K","-0.20%"
"11/04/2022","9,421","9,201","9,537","8,551","98.16K","2.40%"
"11/03/2022","9,200","9,201","9,500","9,200","17.21K","-2.42%"
"11/02/2022","9,428","9,535","9,550","9,285","87.05K","-1.14%"
"11/01/2022","9,537","9,750","9,750","9,000","28.63K","-1.10%"
"10/31/2022","9,643","9,699","9,699","9,181","31.33K","0.48%"
"10/28/2022","9,597","9,306","9,597","9,306","11.96K","0.43%"
"10/27/2022","9,556","9,151","9,763","8,699","37.68K","3.43%"
"10/26/2022","9,239","9,930","9,930","9,239","22.10K","-5.24%"
"10/25/2022","9,750","9,400","9,950","9,300","93.12K","2.37%"
"10/24/2022","9,524","8,811","9,700","8,810","48.58K","4.24%"
"10/21/2022","9,137","8,950","9,187","8,876","23.58K","1.52%"
"10/20/2022","9,000","9,224","9,224","8,851","261.26K","-1.28%"
"10/19/2022","9,117","9,205","9,205","8,900","41.82K","-1.26%"
"10/18/2022","9,233","9,196","9,233","8,821","46.19K","-0.45%"
"10/17/2022","9,275","8,800","9,300","8,600","47.68K","2.42%"
"10/14/2022","9,056","8,971","9,101","8,971","15.05K","0.95%"
"10/13/2022","8,971","8,749","8,971","8,749","26.85K","2.53%"
"10/12/2022","8,750","8,539","8,782","8,536","35.31K","0.00%"
"10/11/2022","8,750","9,069","9,069","8,506","56.73K","-0.39%"
"10/10/2022","8,784","8,800","9,364","8,500","94.30K","-3.13%"
"10/07/2022","9,068","8,999","9,197","8,801","33.41K","-4.26%"
"10/06/2022","9,471","9,118","9,498","9,005","69.73K","2.04%"
"10/05/2022","9,282","9,499","9,500","8,990","210.62K","0.37%"
"10/04/2022","9,248","8,989","9,250","8,945","84.55K","3.24%"
"10/03/2022","8,958","8,735","8,999","8,515","33.66K","4.33%"
"09/30/2022","8,586","8,555","8,727","8,350","79.15K","3.09%"
"09/29/2022","8,329","8,299","8,329","7,897","14.17K","3.29%"
"09/28/2022","8,064","8,000","8,327","7,796","356.02K","3.13%"
"09/27/2022","7,819","7,800","7,997","7,639","9.50K","0.53%"
"09/26/2022","7,778","7,501","7,803","7,358","64.28K","0.91%"
"09/23/2022","7,708","7,669","7,900","7,502","112.74K","0.10%"
"09/22/2022","7,700","7,608","8,139","7,501","27.24K","0.08%"
"09/21/2022","7,694","7,690","8,066","7,204","85.96K","0.27%"
"09/20/2022","7,673","7,373","7,697","7,370","139.79K","4.57%"
"09/19/2022","7,338","7,750","7,750","7,250","11.76K","0.11%"
"09/16/2022","7,330","7,457","7,738","7,260","99.95K","0.10%"
"09/15/2022","7,323","7,500","7,590","7,272","289.74K","-2.36%"
"09/14/2022","7,500","8,048","8,048","7,000","135.52K","-2.15%"
"09/13/2022","7,665","7,800","8,000","7,550","47.75K","-0.45%"
"09/12/2022","7,700","8,000","8,100","7,555","91.88K","-3.87%"
"09/09/2022","8,010","8,227","8,569","8,010","23.69K","1.14%"
"09/08/2022","7,920","8,549","8,600","7,815","27.04K","-3.40%"
"09/07/2022","8,199","8,250","8,289","7,900","16.35K","-1.22%"
"09/06/2022","8,300","8,000","8,509","7,817","137.52K","0.99%"
"09/05/2022","8,219","8,995","8,995","8,219","56.70K","-8.67%"
"09/02/2022","8,999","8,996","8,999","8,757","5.00K","-2.17%"
"09/01/2022","9,199","8,526","9,200","8,526","13.63K","4.23%"
"08/31/2022","8,826","8,246","8,826","8,246","6.21K","7.27%"
"08/30/2022","8,228","9,000","9,000","8,219","15.46K","-5.53%"
"08/29/2022","8,710","8,690","8,900","8,500","6.48K","-3.17%"
"08/26/2022","8,995","8,998","8,998","8,526","4.63K","4.59%"
"08/25/2022","8,600","8,659","9,198","8,465","13.31K","0.31%"
"08/24/2022","8,573","8,610","8,610","8,433","11.61K","-0.31%"
"08/23/2022","8,600","8,571","8,696","8,200","14.37K","2.38%"
"08/22/2022","8,400","8,221","8,727","7,800","25.67K","-0.60%"
"08/19/2022","8,451","8,208","8,955","7,258","30.34K","1.82%"
"08/18/2022","8,300","8,742","8,780","8,300","13.16K","-5.00%"
"08/17/2022","8,737","8,600","9,198","8,600","16.77K","2.22%"
"08/16/2022","8,547","8,450","9,122","8,215","34.38K","-0.62%"
"08/15/2022","8,600","8,954","9,091","8,600","20.13K","-3.94%"
"08/12/2022","8,953","8,971","9,238","8,951","11.01K","-2.68%"
"08/11/2022","9,200","8,985","9,604","8,985","10.55K","0.04%"
"08/10/2022","9,196","9,150","9,206","9,000","16.16K","-0.04%"
"08/08/2022","9,200","9,200","9,300","8,958","14.58K","0.47%"
"08/05/2022","9,157","8,801","9,157","8,800","13.62K","2.44%"
"08/04/2022","8,939","8,790","8,950","8,361","37.03K","1.75%"
"08/03/2022","8,785","8,900","9,198","8,575","7.27K","-1.29%"
"08/02/2022","8,900","8,981","9,094","8,578","31.04K","-3.23%"
"08/01/2022","9,197","9,018","9,200","9,018","9.82K","2.00%"
"07/29/2022","9,017","8,950","9,199","8,898","12.41K","4.25%"
"07/28/2022","8,649","8,800","9,097","8,571","6.95K","-4.78%"
"07/27/2022","9,083","9,165","9,300","9,083","17.85K","-1.27%"
"07/26/2022","9,200","9,400","9,400","9,128","108.08K","-0.96%"
"07/25/2022","9,289","9,202","9,500","9,185","19.81K","-1.18%"
"07/22/2022","9,400","9,553","9,900","9,205","93.78K","-4.03%"
"07/21/2022","9,795","9,810","10,300","9,300","55.20K","-0.15%"
"07/20/2022","9,810","9,190","9,850","9,182","30.50K","7.51%"
"07/19/2022","9,125","8,809","9,395","8,809","52.30K","0.27%"
"07/18/2022","9,100","8,806","9,200","8,806","11.16K","2.13%"
"07/15/2022","8,910","8,802","8,910","8,699","36.73K","0.12%"
"07/14/2022","8,899","8,754","8,899","8,627","39.11K","1.46%"
"07/13/2022","8,771","8,517","8,806","8,517","11.52K","-1.21%"
"07/12/2022","8,878","8,479","8,878","8,308","7.22K","4.20%"
"07/11/2022","8,520","8,574","8,607","8,497","2.63K","-0.63%"
"07/08/2022","8,574","8,374","8,699","8,374","62.38K","0.32%"
"07/07/2022","8,547","8,428","8,547","8,294","6.68K","4.23%"
"07/06/2022","8,200","8,687","8,687","8,100","40.52K","0.09%"
"07/05/2022","8,193","8,404","8,404","8,085","4.97K","-1.73%"
"07/04/2022","8,337","8,110","8,410","7,526","11.72K","4.87%"
"07/01/2022","7,950","8,153","8,153","7,317","76.31K","-1.71%"
"06/30/2022","8,088","8,144","8,256","7,575","51.14K","-2.03%"
"06/29/2022","8,256","8,141","8,550","8,141","43.27K","-0.53%"
"06/28/2022","8,300","8,431","8,538","8,288","18.23K","-2.72%"
"06/27/2022","8,532","8,699","8,699","8,288","31.74K","-0.52%"
"06/24/2022","8,577","8,189","8,577","8,075","28.74K","6.22%"
"06/23/2022","8,075","8,001","8,299","7,995","28.43K","-2.22%"
"06/22/2022","8,258","8,300","8,360","8,201","36.50K","-0.51%"
"06/21/2022","8,300","8,105","8,391","8,104","14.76K","2.41%"
"06/20/2022","8,105","8,169","8,330","8,000","5.90K","1.53%"
"06/17/2022","7,983","8,453","8,453","7,983","259.05K","-5.59%"
"06/15/2022","8,456","8,672","8,691","8,396","101.59K","-0.65%"
"06/14/2022","8,511","8,658","8,660","8,325","152.07K","1.32%"
"06/13/2022","8,400","8,229","8,684","8,050","21.07K","2.68%"
"06/10/2022","8,181","8,300","8,363","8,091","42.70K","-2.99%"
"06/09/2022","8,433","8,888","8,888","8,300","22.93K","-3.62%"
"06/08/2022","8,750","8,430","8,825","8,380","177.31K","4.35%"
"06/07/2022","8,385","8,502","8,502","8,305","115.39K","-1.05%"
"06/06/2022","8,474","8,506","8,506","8,350","16.51K","-0.31%"
"06/03/2022","8,500","8,689","8,700","8,491","42.14K","-0.58%"
"06/02/2022","8,550","8,380","8,593","8,323","83.31K","3.20%"
"06/01/2022","8,285","8,243","8,331","8,134","33.63K","1.49%"
"05/31/2022","8,163","8,034","8,163","7,919","70.62K","3.29%"
"05/30/2022","7,903","7,984","7,984","7,898","17.48K","-1.21%"
"05/27/2022","8,000","8,048","8,048","7,675","8.33K","0.76%"
"05/26/2022","7,940","7,801","7,950","7,513","44.18K","-0.58%"
"05/25/2022","7,986","8,099","8,099","7,597","93.59K","-0.09%"
"05/24/2022","7,993","7,800","8,100","7,494","54.21K","4.48%"
"05/23/2022","7,650","7,800","8,150","7,650","46.70K","-4.98%"
"05/20/2022","8,051","7,700","8,100","7,649","66.55K","0.55%"
"05/19/2022","8,007","7,802","8,137","7,802","72.92K","-0.61%"
"05/18/2022","8,056","7,976","8,172","7,900","62.29K","1.50%"
"05/17/2022","7,937","7,700","7,993","7,650","39.92K","3.35%"
"05/16/2022","7,680","7,538","7,863","7,498","27.78K","3.77%"
"05/13/2022","7,401","7,310","7,866","7,304","39.77K","1.36%"
"05/12/2022","7,302","7,386","7,419","7,100","30.29K","-0.46%"
"05/11/2022","7,336","7,250","7,920","7,238","15.44K","1.40%"
"05/10/2022","7,235","7,354","7,540","7,217","20.80K","-0.08%"
"05/09/2022","7,241","7,398","7,400","7,001","22.37K","-2.14%"
"05/06/2022","7,399","7,430","7,489","7,005","24.51K","1.29%"
"05/05/2022","7,305","7,680","7,794","7,305","35.81K","-2.60%"
"05/04/2022","7,500","7,525","7,677","7,445","19.61K","-0.31%"
"05/03/2022","7,523","7,654","7,654","7,400","25.20K","0.89%"
"04/29/2022","7,457","7,176","7,494","7,011","30.70K","4.32%"
"04/28/2022","7,148","7,273","7,273","7,050","11.82K","0.52%"
"04/26/2022","7,111","7,539","7,539","7,045","36.93K","-2.86%"
"04/25/2022","7,320","7,492","7,658","7,235","96.65K","-2.40%"
"04/22/2022","7,500","7,438","7,570","7,308","14.65K","2.67%"
"04/21/2022","7,305","7,695","7,695","7,303","16.61K","-3.26%"
"04/20/2022","7,551","7,946","7,946","7,546","42.81K","-2.77%"
"04/19/2022","7,766","7,701","7,890","7,550","33.86K","3.26%"
"04/14/2022","7,521","7,638","7,749","7,438","55.16K","-1.56%"
"04/13/2022","7,640","7,806","7,894","7,568","27.71K","-1.44%"
"04/12/2022","7,752","7,976","8,140","7,705","39.79K","-1.79%"
"04/11/2022","7,893","8,060","8,288","7,749","42.70K","-1.04%"
"04/08/2022","7,976","8,225","8,260","7,802","40.84K","-1.97%"
"04/07/2022","8,136","8,339","8,339","8,136","30.30K","-2.45%"
"04/06/2022","8,340","8,400","8,471","8,153","45.55K","2.44%"
"04/05/2022","8,141","8,117","8,254","7,749","161.29K","2.79%"
"04/04/2022","7,920","8,150","8,150","7,784","68.64K","-1.00%"
"04/01/2022","8,000","8,189","8,223","7,960","38.96K","-1.16%"
"03/31/2022","8,094","7,750","8,199","7,750","50.30K","3.77%"
"03/30/2022","7,800","7,986","8,000","7,761","76.21K","-1.27%"
"03/29/2022","7,900","7,873","7,972","7,810","65.85K","1.20%"
"03/28/2022","7,806","7,604","7,839","7,559","93.31K","2.66%"
"03/25/2022","7,604","7,897","7,906","7,457","43.96K","-1.25%"
"03/24/2022","7,700","7,700","7,750","7,411","151.87K","1.93%"
"03/23/2022","7,554","7,949","8,026","7,541","78.92K","-3.28%"
"03/22/2022","7,810","7,674","7,915","7,551","118.65K","1.77%"
"03/18/2022","7,674","7,749","7,749","7,560","262.84K","1.87%"
"03/17/2022","7,533","7,700","7,830","7,402","174.64K","-0.62%"
"03/16/2022","7,580","7,255","7,639","7,254","119.30K","4.91%"
"03/15/2022","7,225","7,800","7,864","7,094","59.71K","-3.73%"
"03/14/2022","7,505","7,778","8,176","7,416","54.21K","-2.25%"
"03/11/2022","7,678","8,000","8,000","7,626","48.08K","-2.14%"
"03/10/2022","7,846","7,848","8,101","7,643","83.41K","1.58%"
"03/09/2022","7,724","7,300","7,876","7,300","145.80K","3.51%"
"03/08/2022","7,462","7,471","7,565","7,125","153.85K","3.31%"
"03/07/2022","7,223","7,286","7,286","6,916","146.40K","-0.86%"
"03/04/2022","7,286","7,700","7,730","7,075","265.86K","-4.60%"
"03/03/2022","7,637","7,801","7,901","7,570","69.84K","-0.82%"
"03/02/2022","7,700","8,000","8,000","7,691","191.71K","-2.51%"
"03/01/2022","7,898","8,400","8,501","7,898","53.32K","-5.41%"
"02/28/2022","8,350","8,400","8,400","7,904","117.74K","0.75%"
"02/25/2022","8,288","8,501","8,506","8,175","59.83K","-1.33%"
"02/24/2022","8,400","8,200","8,550","7,509","495.95K","2.44%"
"02/23/2022","8,200","10,775","10,775","7,896","337.05K","-27.11%"
"02/22/2022","11,250","11,150","11,325","10,952","53.78K","0.45%"
"02/21/2022","11,200","11,400","11,400","11,151","21.76K","-0.88%"
"02/18/2022","11,300","11,393","11,399","11,177","36.46K","0.37%"
"02/17/2022","11,258","11,250","11,399","11,061","49.00K","0.64%"
"02/16/2022","11,186","11,099","11,249","10,987","38.50K","2.27%"
"02/15/2022","10,938","10,925","11,377","10,806","49.68K","-0.14%"
"02/14/2022","10,953","11,318","11,318","10,901","39.10K","-2.63%"
"02/11/2022","11,249","11,431","11,431","11,249","12.72K","-1.24%"
"02/10/2022","11,390","11,549","11,550","11,375","27.64K","-0.60%"
"02/09/2022","11,459","11,376","11,540","11,180","33.76K","0.14%"
"02/08/2022","11,443","11,417","11,530","11,410","106.13K","-0.40%"
"02/07/2022","11,489","11,258","11,527","11,200","65.93K","3.15%"
"02/04/2022","11,138","11,499","11,499","11,138","11.35K","-2.08%"
"02/03/2022","11,375","11,474","11,475","11,000","24.37K","0.33%"
"02/02/2022","11,338","11,350","11,485","11,201","17.31K","0.66%"
"02/01/2022","11,264","10,881","11,330","10,881","88.19K","1.63%"
"01/31/2022","11,083","11,433","11,449","11,064","22.77K","-0.90%"
"01/28/2022","11,184","10,900","11,299","10,900","49.70K","0.48%"
"01/27/2022","11,131","11,151","11,175","11,005","17.47K","-0.84%"
"01/26/2022","11,225","11,225","11,319","11,164","14.74K","0.00%"
"01/25/2022","11,225","11,265","11,374","11,100","54.66K","0.65%"
"01/24/2022","11,152","11,410","11,468","11,079","24.51K","-2.26%"
"01/21/2022","11,410","11,516","11,566","11,321","30.41K","-1.88%"
"01/20/2022","11,629","11,699","11,700","11,400","18.88K","0.26%"
"01/19/2022","11,599","11,567","11,644","11,465","32.55K","1.43%"
"01/18/2022","11,435","11,275","11,501","11,178","44.00K","1.37%"
"01/17/2022","11,281","11,500","11,535","11,250","70.51K","-1.82%"
"01/14/2022","11,490","11,340","11,500","11,340","31.07K","1.26%"
"01/13/2022","11,347","11,299","11,400","11,094","86.12K","1.31%"
"01/12/2022","11,200","11,410","11,410","11,179","84.43K","-0.36%"
"01/11/2022","11,240","11,400","11,410","11,180","49.86K","1.49%"
"01/10/2022","11,075","11,355","11,499","11,075","28.07K","-2.98%"
"01/07/2022","11,415","11,244","11,454","11,101","34.68K","1.51%"
"01/06/2022","11,245","11,105","11,481","11,100","25.45K","0.36%"
"01/05/2022","11,205","11,250","11,457","11,200","13.12K","0.26%"
"01/04/2022","11,176","11,474","11,499","11,101","19.03K","-1.26%"
"01/03/2022","11,319","11,494","11,494","11,080","44.67K","-0.08%"
"12/31/2021","11,328","11,493","11,493","11,211","7.11K","-0.76%"
"12/30/2021","11,415","11,150","11,415","11,000","23.96K","2.38%"
"12/29/2021","11,150","11,384","11,429","11,000","19.70K","-1.03%"
"12/28/2021","11,266","11,499","11,499","11,191","29.83K","-1.54%"
"12/24/2021","11,442","11,163","11,500","11,163","20.73K","1.38%"
"12/23/2021","11,286","11,500","11,550","11,286","31.04K","-0.60%"
"12/22/2021","11,354","11,520","11,643","11,296","67.12K","0.08%"
"12/21/2021","11,345","11,200","11,400","11,200","18.89K","1.69%"
"12/20/2021","11,156","11,150","11,251","10,944","43.60K","-0.36%"
"12/17/2021","11,196","10,999","11,410","10,875","573.97K","3.67%"
"12/15/2021","10,800","10,800","10,887","10,615","134.89K","1.11%"
"12/14/2021","10,681","10,750","10,800","10,599","149.11K","0.19%"
"12/13/2021","10,661","10,895","10,999","10,611","211.36K","-0.36%"
"12/10/2021","10,700","10,809","10,992","10,700","207.61K","-0.26%"
"12/09/2021","10,728","10,953","10,953","10,524","154.35K","-0.05%"
"12/08/2021","10,733","11,000","11,000","10,651","254.30K","-0.90%"
"12/07/2021","10,830","11,000","11,000","10,691","120.64K","-0.18%"
"12/06/2021","10,850","10,999","10,999","10,800","160.84K","0.00%"
"12/03/2021","10,850","10,780","11,000","10,776","135.41K","0.19%"
"12/02/2021","10,829","10,799","10,830","10,503","246.11K","1.21%"
"12/01/2021","10,700","11,199","11,199","10,614","239.00K","0.00%"
"11/30/2021","10,700","11,031","11,600","10,699","287.12K","-1.93%"
"11/29/2021","10,911","10,941","11,170","10,700","82.75K","2.60%"
"11/26/2021","10,634","11,100","11,117","10,450","103.50K","-4.81%"
"11/25/2021","11,171","11,093","11,257","11,093","72.95K","0.70%"
"11/24/2021","11,093","10,932","11,428","10,856","190.56K","-0.04%"
"11/23/2021","11,097","11,099","11,499","11,043","51.57K","-3.59%"
"11/22/2021","11,510","11,389","11,623","11,000","134.83K","3.76%"
"11/19/2021","11,093","11,390","11,425","11,009","158.47K","-2.68%"
"11/18/2021","11,399","11,251","11,700","11,251","42.95K","-0.88%"
"11/17/2021","11,500","11,553","11,713","11,500","76.40K","-1.50%"
"11/16/2021","11,675","11,970","12,086","11,566","30.64K","-2.71%"
"11/15/2021","12,000","11,988","12,000","11,849","41.40K","0.00%"
"11/12/2021","12,000","12,287","12,287","11,763","47.93K","-1.64%"
"11/11/2021","12,200","12,189","12,292","11,850","69.31K","2.43%"
"11/10/2021","11,910","11,699","12,159","11,669","166.23K","0.93%"
"11/09/2021","11,800","11,591","11,950","11,591","94.58K","0.85%"
"11/08/2021","11,700","11,330","11,786","11,256","149.28K","4.46%"
"11/05/2021","11,200","10,869","11,400","10,869","202.74K","2.62%"
"11/04/2021","10,914","10,800","10,983","10,651","112.45K","1.74%"
"11/03/2021","10,727","10,700","10,861","10,353","35.57K","2.65%"
"11/02/2021","10,450","10,745","10,820","10,450","74.45K","-2.22%"
"10/29/2021","10,687","10,860","10,860","10,648","49.07K","-1.59%"
"10/28/2021","10,860","10,799","10,887","10,710","27.36K","0.28%"
"10/27/2021","10,830","11,366","11,366","10,801","27.25K","-1.11%"
"10/26/2021","10,952","10,924","11,012","10,740","23.59K","0.45%"
"10/25/2021","10,903","11,122","11,122","10,715","10.01K","-0.61%"
"10/22/2021","10,970","11,700","11,700","10,751","32.59K","2.42%"
"10/21/2021","10,711","11,039","11,039","10,649","246.29K","-2.37%"
"10/20/2021","10,971","11,300","11,300","10,931","32.63K","-2.04%"
"10/19/2021","11,200","11,946","11,946","11,000","75.03K","-0.78%"
"10/18/2021","11,288","11,400","11,541","11,220","151.43K","-0.68%"
"10/15/2021","11,365","11,618","11,618","11,300","15.57K","-1.13%"
"10/14/2021","11,495","11,646","11,713","11,468","23.95K","0.31%"
"10/13/2021","11,460","11,550","11,550","11,288","50.60K","0.35%"
"10/12/2021","11,420","11,946","11,946","11,351","148.63K","0.25%"
"10/11/2021","11,391","11,556","11,610","11,368","45.25K","0.12%"
"10/08/2021","11,377","11,594","11,705","11,339","35.97K","-1.07%"
"10/07/2021","11,500","11,725","11,855","11,355","36.71K","-1.22%"
"10/06/2021","11,642","11,928","11,941","11,424","62.76K","-1.34%"
"10/05/2021","11,800","11,718","11,815","11,541","68.23K","2.01%"
"10/04/2021","11,567","11,715","11,830","11,462","32.86K","-1.16%"
"10/01/2021","11,703","11,920","11,920","11,662","65.71K","-1.03%"
"09/30/2021","11,825","11,775","11,945","11,753","41.71K","0.42%"
"09/29/2021","11,775","11,639","11,775","11,523","55.00K","2.39%"
"09/28/2021","11,500","11,545","11,722","11,327","156.66K","-0.95%"
"09/27/2021","11,610","12,263","12,263","11,574","105.46K","-4.18%"
"09/23/2021","12,117","12,178","12,249","11,900","94.22K","0.98%"
"09/22/2021","12,000","11,880","12,177","11,870","210.86K","2.19%"
"09/21/2021","11,743","11,920","11,920","11,500","62.69K","2.19%"
"09/20/2021","11,491","11,301","11,572","11,301","34.83K","-0.08%"
"09/17/2021","11,500","11,450","11,880","11,362","196.07K","0.69%"
"09/16/2021","11,421","11,301","11,717","11,226","87.30K","0.32%"
"09/15/2021","11,385","11,150","11,691","11,150","69.08K","-0.96%"
"09/14/2021","11,495","10,888","11,681","10,888","52.22K","0.78%"
"09/13/2021","11,406","10,889","11,897","10,889","96.26K","-3.68%"
"09/10/2021","11,842","11,543","11,919","11,306","62.16K","1.40%"
"09/09/2021","11,679","11,495","11,679","11,309","329.91K","1.87%"
"09/08/2021","11,465","11,919","11,919","11,465","61.78K","-2.49%"
"09/07/2021","11,758","11,774","11,868","11,526","40.56K","1.06%"
"09/06/2021","11,635","12,389","12,397","11,503","22.66K","-3.37%"
"09/03/2021","12,041","11,844","12,434","11,445","81.19K","2.04%"
"09/02/2021","11,800","12,021","12,195","11,704","50.91K","-1.92%"
"09/01/2021","12,031","12,165","12,306","11,921","22.86K","0.26%"
"08/31/2021","12,000","12,200","12,391","11,992","28.15K","-0.71%"
"08/30/2021","12,086","11,650","12,206","11,650","22.92K","1.20%"
"08/27/2021","11,943","11,800","12,010","11,800","41.21K","1.21%"
"08/26/2021","11,800","12,027","12,365","11,747","49.26K","-0.88%"
"08/25/2021","11,905","11,781","12,008","11,732","30.21K","1.05%"
"08/24/2021","11,781","12,579","12,580","11,741","41.00K","-3.21%"
"08/23/2021","12,172","11,760","12,172","11,760","73.25K","4.42%"
"08/20/2021","11,657","11,601","11,872","11,477","150.48K","0.84%"
"08/19/2021","11,560","11,440","11,602","11,419","55.43K","-0.77%"
"08/18/2021","11,650","11,550","11,700","11,279","58.87K","1.70%"
"08/17/2021","11,455","11,100","11,470","11,061","178.30K","1.02%"
"08/16/2021","11,339","10,976","11,416","10,844","125.08K","3.67%"
"08/13/2021","10,938","10,999","11,070","10,810","72.62K","0.13%"
"08/12/2021","10,924","10,878","11,075","10,878","90.90K","-0.39%"
"08/11/2021","10,967","10,984","11,235","10,758","1.56M","0.85%"
"08/10/2021","10,875","11,299","11,299","10,850","411.61K","-0.23%"
"08/06/2021","10,900","11,150","11,150","10,846","30.60K","-0.91%"
"08/05/2021","11,000","11,048","11,299","10,950","77.32K","0.09%"
"08/04/2021","10,990","11,142","11,300","10,901","153.06K","-2.05%"
"08/03/2021","11,220","11,147","11,297","11,011","35.83K","1.36%"
"08/02/2021","11,069","11,045","11,298","10,804","22.14K","0.17%"
"07/30/2021","11,050","10,928","11,365","10,928","94.17K","1.63%"
"07/29/2021","10,873","11,000","11,199","10,873","37.95K","-0.70%"
"07/28/2021","10,950","10,500","11,032","10,500","37.41K","-0.29%"
"07/27/2021","10,982","10,769","10,995","10,720","41.03K","2.52%"
"07/26/2021","10,712","10,896","11,022","10,643","27.21K","-1.72%"
"07/23/2021","10,900","11,101","11,101","10,879","24.91K","-0.91%"
"07/22/2021","11,000","10,999","11,030","10,672","93.65K","1.30%"
"07/21/2021","10,859","10,723","10,911","10,694","33.71K","1.70%"
"07/20/2021","10,678","10,889","10,892","10,607","31.95K","-0.35%"
"07/19/2021","10,715","10,900","10,940","10,637","46.61K","-2.63%"
"07/16/2021","11,004","10,962","11,239","10,599","27.52K","0.39%"
"07/15/2021","10,961","11,197","11,250","10,717","134.73K","-1.07%"
"07/14/2021","11,079","10,681","11,162","10,609","69.06K","3.46%"
"07/13/2021","10,709","10,900","10,900","10,634","41.70K","-2.04%"
"07/12/2021","10,932","11,035","11,081","10,802","135.94K","-0.67%"
"07/09/2021","11,006","11,091","11,186","10,983","62.48K","0.15%"
"07/08/2021","10,990","11,211","11,211","10,858","180.71K","-1.97%"
"07/07/2021","11,211","11,436","11,436","11,154","29.56K","-1.36%"
"07/06/2021","11,365","11,605","11,735","11,315","51.10K","-2.71%"
"07/05/2021","11,681","11,001","11,805","11,000","52.70K","0.70%"
"07/02/2021","11,600","11,491","11,677","11,399","63.20K","1.75%"
"07/01/2021","11,400","11,421","11,500","11,234","200.34K","0.88%"
"06/30/2021","11,300","11,577","11,623","11,254","64.05K","-1.69%"
"06/29/2021","11,494","11,450","11,623","11,400","73.89K","0.87%"
"06/28/2021","11,395","11,561","11,561","11,285","108.30K","-0.70%"
"06/25/2021","11,475","11,295","11,581","11,222","81.66K","1.78%"
"06/24/2021","11,274","11,300","11,317","11,050","67.33K","0.72%"
"06/23/2021","11,193","11,248","11,275","11,057","87.29K","0.51%"
"06/22/2021","11,136","11,308","11,517","11,000","131.49K","-1.31%"
"06/21/2021","11,284","11,197","11,322","11,097","45.27K","0.30%"
"06/18/2021","11,250","11,514","11,546","11,201","137.14K","-2.66%"
"06/17/2021","11,557","11,700","11,837","11,502","118.29K","-1.22%"
"06/15/2021","11,700","10,651","11,750","10,651","71.46K","0.14%"
"06/14/2021","11,684","11,432","11,776","11,294","77.20K","3.21%"
"06/11/2021","11,321","11,399","11,399","11,171","138.98K","-0.34%"
"06/10/2021","11,360","11,005","11,428","11,005","125.46K","0.44%"
"06/09/2021","11,310","11,392","11,448","11,250","123.81K","-0.81%"
"06/08/2021","11,402","11,669","11,669","11,357","139.17K","-2.41%"
"06/07/2021","11,684","11,531","11,780","11,350","43.28K","0.66%"
"06/04/2021","11,607","11,465","11,669","11,396","147.21K","1.27%"
"06/03/2021","11,461","11,447","11,568","11,353","167.65K","-0.66%"
"06/02/2021","11,537","11,375","11,740","11,375","56.25K","0.21%"
"06/01/2021","11,513","11,834","11,834","11,400","92.05K","-1.04%"
"05/31/2021","11,634","11,834","11,898","11,560","40.87K","-0.45%"
"05/28/2021","11,687","11,680","11,954","11,655","43.06K","0.19%"
"05/27/2021","11,665","11,642","11,750","11,596","97.24K","1.43%"
"05/26/2021","11,500","11,648","11,648","11,271","164.62K","0.17%"
"05/25/2021","11,480","11,252","11,537","11,245","98.88K","0.91%"
"05/24/2021","11,376","10,913","11,536","10,686","88.26K","3.00%"
"05/21/2021","11,045","11,200","11,200","10,779","129.54K","1.64%"
"05/20/2021","10,867","10,953","11,006","10,681","123.55K","-1.75%"
"05/19/2021","11,061","10,737","11,177","10,546","47.63K","1.90%"
"05/18/2021","10,855","11,000","11,000","10,776","52.75K","0.45%"
"05/17/2021","10,806","10,819","10,881","10,467","28.33K","3.94%"
"05/14/2021","10,396","10,788","11,076","10,365","39.04K","-1.90%"
"05/13/2021","10,597","11,200","11,200","10,425","39.66K","-0.92%"
"05/12/2021","10,695","11,023","11,023","10,559","69.90K","-0.84%"
"05/11/2021","10,786","11,060","11,060","10,701","89.52K","-1.29%"
"05/10/2021","10,927","10,647","10,962","10,540","63.97K","2.99%"
"05/07/2021","10,610","10,574","10,708","10,321","18.02K","2.22%"
"05/06/2021","10,380","10,638","10,691","10,300","44.78K","-1.42%"
"05/05/2021","10,530","10,428","10,664","10,428","28.51K","0.83%"
"05/04/2021","10,443","10,550","10,698","10,325","26.24K","-2.28%"
"05/03/2021","10,687","11,059","11,059","10,568","53.25K","-0.35%"
"04/30/2021","10,725","11,059","11,206","10,614","122.16K","-3.15%"
"04/29/2021","11,074","11,495","11,544","11,062","49.99K","-2.86%"
"04/28/2021","11,400","11,520","11,599","11,351","73.87K","-1.04%"
"04/26/2021","11,520","11,996","11,996","11,411","138.53K","-3.11%"
"04/23/2021","11,890","11,391","12,000","11,008","279.94K","6.16%"
"04/22/2021","11,200","11,241","11,348","11,092","173.11K","0.12%"
"04/21/2021","11,187","11,419","11,419","11,000","106.54K","0.78%"
"04/20/2021","11,100","11,249","11,249","10,935","176.86K","1.17%"
"04/19/2021","10,972","10,926","11,129","10,832","122.68K","0.07%"
"04/16/2021","10,964","11,054","11,202","10,821","178.55K","-0.05%"
"04/15/2021","10,970","10,731","11,075","10,712","122.61K","2.92%"
"04/14/2021","10,659","10,353","10,659","10,353","91.71K","2.88%"
"04/13/2021","10,361","10,449","10,450","10,350","85.09K","0.10%"
"04/12/2021","10,351","10,412","10,434","10,264","35.02K","-0.18%"
"04/09/2021","10,370","10,056","10,422","9,911","74.18K","4.75%"
"04/08/2021","9,900","10,195","10,195","9,728","168.68K","-0.78%"
"04/07/2021","9,978","10,000","10,050","9,829","116.63K","-0.22%"
"04/06/2021","10,000","10,199","10,199","9,902","244.79K","1.38%"
"04/01/2021","9,864","10,100","10,100","9,792","66.08K","0.74%"
"03/31/2021","9,792","10,428","10,428","9,779","81.14K","-4.93%"
"03/30/2021","10,300","10,567","10,567","10,234","86.93K","-1.33%"
"03/29/2021","10,439","10,351","10,559","10,179","43.03K","0.30%"
"03/26/2021","10,408","10,123","10,408","10,123","270.59K","3.48%"
"03/25/2021","10,058","10,037","10,131","9,961","98.47K","0.21%"
"03/24/2021","10,037","9,786","10,276","9,785","85.89K","1.64%"
"03/23/2021","9,875","9,775","9,906","9,775","117.16K","0.40%"
"03/19/2021","9,836","9,974","10,275","9,697","171.39K","-0.79%"
"03/18/2021","9,914","10,159","10,225","9,880","75.55K","-0.36%"
"03/17/2021","9,950","10,190","10,190","9,925","544.71K","0.53%"
"03/16/2021","9,898","10,348","10,348","9,715","185.35K","-2.66%"
"03/15/2021","10,169","10,416","10,678","10,169","409.06K","-1.32%"
"03/12/2021","10,305","10,001","10,636","10,001","488.01K","0.05%"
"03/11/2021","10,300","10,201","10,464","10,007","280.42K","1.42%"
"03/10/2021","10,156","9,805","10,156","9,723","76.86K","2.47%"
"03/09/2021","9,911","10,021","10,500","9,902","110.40K","-4.70%"
"03/08/2021","10,400","9,900","10,431","9,900","304.93K","3.07%"
"03/05/2021","10,090","9,709","10,272","9,709","342.85K","0.90%"
"03/04/2021","10,000","10,025","10,052","9,940","80.77K","0.50%"
"03/03/2021","9,950","10,153","10,299","9,600","262.36K","0.16%"
"03/02/2021","9,934","9,650","9,946","9,650","91.40K","1.41%"
"03/01/2021","9,796","9,366","9,887","9,366","62.05K","1.51%"
"02/26/2021","9,650","9,391","9,837","9,389","208.38K","0.36%"
"02/25/2021","9,615","9,550","9,615","9,387","153.79K","2.43%"
"02/24/2021","9,387","9,300","9,467","9,206","75.67K","1.81%"
"02/23/2021","9,220","9,036","9,300","9,036","74.60K","0.71%"
"02/22/2021","9,155","8,728","9,290","8,599","371.43K","4.86%"
"02/19/2021","8,731","8,875","8,875","8,599","86.19K","-1.69%"
"02/18/2021","8,881","8,775","8,999","8,451","331.33K","1.36%"
"02/17/2021","8,762","8,466","9,200","8,350","1.41M","2.00%"
"02/16/2021","8,590","8,377","8,646","8,377","130.83K","2.57%"
"02/15/2021","8,375","8,699","8,699","8,288","71.43K","-1.47%"
"02/12/2021","8,500","8,860","8,861","8,190","313.78K","0.00%"
"02/11/2021","8,500","8,477","8,668","8,460","52.99K","-1.73%"
"02/10/2021","8,650","8,698","8,700","8,427","67.04K","1.06%"
"02/09/2021","8,559","8,575","8,700","8,559","52.61K","-0.48%"
"02/08/2021","8,600","8,767","8,767","8,300","169.72K","-0.34%"
"02/05/2021","8,629","8,700","8,861","8,563","875.11K","0.07%"
"02/04/2021","8,623","8,700","8,826","8,556","489.80K","-0.87%"
"02/03/2021","8,699","8,550","8,880","8,531","55.70K","1.98%"
"02/02/2021","8,530","8,730","8,730","8,350","2.12M","1.33%"
"02/01/2021","8,418","8,289","8,889","8,210","58.25K","2.61%"
"01/29/2021","8,204","8,025","8,263","7,662","211.44K","2.46%"
"01/28/2021","8,007","8,375","8,589","8,007","51.90K","-4.11%"
"01/27/2021","8,350","8,499","8,582","8,350","31.96K","-1.75%"
"01/26/2021","8,499","8,889","8,889","8,350","95.57K","-2.20%"
"01/25/2021","8,690","8,500","8,690","8,301","53.66K","2.89%"
"01/22/2021","8,446","8,640","8,643","8,169","78.93K","-2.25%"
"01/21/2021","8,640","8,750","8,901","8,600","66.52K","-0.29%"
"01/20/2021","8,665","8,600","8,750","8,600","39.51K","1.50%"
"01/19/2021","8,537","8,400","8,738","8,158","86.31K","1.38%"
"01/18/2021","8,421","8,400","8,598","8,101","18.72K","-0.93%"
"01/15/2021","8,500","8,695","8,697","8,399","68.77K","0.04%"
"01/14/2021","8,497","8,401","8,749","8,310","78.83K","2.37%"
"01/13/2021","8,300","8,200","8,489","8,050","65.50K","1.22%"
"01/12/2021","8,200","8,376","8,669","8,144","60.54K","-0.91%"
"01/11/2021","8,275","8,689","8,689","8,050","114.63K","-1.89%"
"01/08/2021","8,434","8,500","8,605","8,326","57.25K","0.05%"
"01/07/2021","8,430","8,576","8,900","8,326","42.30K","-1.69%"
"01/06/2021","8,575","8,798","9,099","8,486","53.68K","-0.87%"
"01/05/2021","8,650","9,280","9,435","8,401","65.00K","-5.40%"
"01/04/2021","9,144","9,061","9,299","8,800","30.91K","0.33%"
"12/31/2020","9,114","9,451","10,100","9,051","16.04K","0.84%"
"12/30/2020","9,038","9,336","9,600","8,901","10.27K","-0.14%"
"12/29/2020","9,051","8,949","9,500","8,800","38.32K","0.32%"
"12/28/2020","9,022","9,430","9,430","8,951","8.68K","-2.18%"
"12/24/2020","9,223","9,229","9,398","9,165","7.28K","0.57%"
"12/23/2020","9,171","8,721","9,279","8,721","25.90K","1.60%"
"12/22/2020","9,027","8,855","9,200","8,537","137.85K","-1.39%"
"12/21/2020","9,154","9,499","9,499","8,825","32.44K","0.11%"
"12/18/2020","9,144","9,450","9,817","9,144","120.90K","-3.24%"
"12/17/2020","9,450","9,570","10,300","9,450","112.07K","-0.83%"
"12/15/2020","9,529","10,409","10,409","9,452","146.30K","-7.26%"
"12/14/2020","10,275","9,100","10,343","9,100","104.56K","3.44%"
"12/11/2020","9,933","9,617","10,149","9,500","166.01K","1.36%"
"12/10/2020","9,800","10,078","10,350","9,553","124.77K","-1.16%"
"12/09/2020","9,915","9,606","10,031","9,606","247.35K","0.76%"
"12/08/2020","9,840","9,800","10,071","9,572","365.56K","0.20%"
"12/07/2020","9,820","9,381","9,952","9,202","360.85K","1.88%"
"12/04/2020","9,639","9,699","9,977","9,355","36.32K","2.54%"
"12/03/2020","9,400","9,798","9,798","9,284","113.81K","-3.67%"
"12/02/2020","9,758","10,450","10,450","9,656","77.74K","-2.72%"
"12/01/2020","10,031","9,830","10,500","9,830","63.69K","-0.76%"
"11/30/2020","10,108","10,120","10,455","9,974","76.53K","-3.87%"
"11/27/2020","10,515","10,359","10,620","10,138","197.44K","4.11%"
"11/26/2020","10,100","10,290","10,546","9,770","136.91K","1.00%"
"11/25/2020","10,000","10,049","10,400","9,800","17.72K","1.60%"
"11/24/2020","9,843","9,881","10,676","9,821","53.53K","-2.77%"
"11/23/2020","10,123","10,105","11,000","9,800","211.79K","-2.65%"
"11/20/2020","10,399","10,400","10,400","10,027","33.71K","0.96%"
"11/19/2020","10,300","10,301","10,373","10,016","26.59K","-1.21%"
"11/18/2020","10,426","10,480","10,480","9,700","39.87K","5.31%"
"11/17/2020","9,900","9,900","10,164","9,150","70.15K","4.49%"
"11/16/2020","9,475","9,187","9,475","8,830","44.31K","3.13%"
"11/13/2020","9,187","9,460","9,895","8,800","37.25K","0.15%"
"11/12/2020","9,173","9,400","9,400","8,805","47.02K","-2.04%"
"11/11/2020","9,364","9,980","9,980","9,124","130.11K","-0.38%"
"11/10/2020","9,400","9,530","9,800","9,191","363.30K","0.53%"
"11/09/2020","9,350","8,701","9,519","8,701","149.34K","5.12%"
"11/06/2020","8,895","8,949","8,949","8,547","125.76K","1.01%"
"11/05/2020","8,806","8,889","9,699","8,403","63.24K","3.60%"
"11/04/2020","8,500","8,688","9,050","8,145","120.89K","2.14%"
"11/03/2020","8,322","8,699","8,699","8,263","88.91K","-0.57%"
"11/02/2020","8,370","8,859","9,089","8,194","298.69K","-1.25%"
"10/30/2020","8,476","9,500","9,500","8,352","75.46K","-6.15%"
"10/29/2020","9,031","9,652","10,300","9,031","365.05K","-4.38%"
"10/28/2020","9,445","10,390","10,756","9,407","141.47K","-6.14%"
"10/27/2020","10,063","10,100","10,500","9,900","47.59K","-1.73%"
"10/26/2020","10,240","10,380","10,380","10,137","37.14K","0.89%"
"10/23/2020","10,150","10,390","10,391","10,001","132.82K","-0.20%"
"10/22/2020","10,170","10,250","10,281","10,000","239.74K","-0.78%"
"10/21/2020","10,250","10,680","10,680","10,018","84.93K","-1.43%"
"10/20/2020","10,399","10,760","10,760","10,374","178.71K","-0.96%"
"10/19/2020","10,500","10,383","10,719","10,227","133.11K","0.00%"
"10/16/2020","10,500","10,460","10,700","10,221","49.66K","1.76%"
"10/15/2020","10,318","10,389","10,500","10,198","51.97K","-1.71%"
"10/14/2020","10,498","10,590","10,590","10,079","13.53K","0.92%"
"10/13/2020","10,402","10,480","11,014","10,288","38.35K","-2.60%"
"10/12/2020","10,680","10,807","10,984","10,401","148.41K","-0.19%"
"10/09/2020","10,700","10,960","10,960","10,101","114.75K","-0.41%"
"10/08/2020","10,744","10,926","10,926","10,581","66.28K","-1.67%"
"10/07/2020","10,926","10,881","10,926","10,311","28.50K","1.35%"
"10/06/2020","10,780","11,015","11,015","10,750","15.31K","-0.39%"
"10/05/2020","10,822","11,165","11,173","10,512","44.65K","-1.98%"
"10/02/2020","11,041","11,445","11,445","10,471","39.50K","-2.71%"
"10/01/2020","11,349","11,132","11,377","10,452","59.50K","2.01%"
"09/30/2020","11,125","11,284","11,285","11,030","47.83K","-1.37%"
"09/29/2020","11,280","10,717","11,318","10,500","46.41K","3.39%"
"09/28/2020","10,910","10,122","11,216","10,122","69.65K","5.42%"
"09/25/2020","10,349","10,750","11,249","10,100","46.32K","-3.73%"
"09/23/2020","10,750","10,880","11,100","10,513","65.36K","-3.40%"
"09/22/2020","11,128","10,978","11,128","10,500","19.28K","3.81%"
"09/21/2020","10,720","10,759","10,902","10,140","98.53K","0.82%"
"09/18/2020","10,633","10,865","10,882","10,087","37.84K","-0.35%"
"09/17/2020","10,670","10,633","11,437","10,633","260.07K","-3.43%"
"09/16/2020","11,049","10,985","11,270","10,809","427.23K","0.58%"
"09/15/2020","10,985","11,000","11,263","10,751","83.92K","-0.89%"
"09/14/2020","11,084","10,921","11,354","10,921","20.88K","-1.32%"
"09/11/2020","11,232","10,700","11,328","9,900","17.57K","1.60%"
"09/10/2020","11,055","11,120","11,292","10,660","29.59K","-2.25%"
"09/09/2020","11,309","11,450","11,450","11,000","15.98K","2.81%"
"09/08/2020","11,000","10,856","11,265","10,200","107.91K","-1.57%"
"09/07/2020","11,176","10,821","11,449","10,400","33.74K","1.08%"
"09/04/2020","11,057","11,450","11,450","10,950","16.48K","-2.30%"
"09/03/2020","11,317","10,862","11,327","10,862","36.53K","4.30%"
"09/02/2020","10,850","11,255","11,650","10,850","55.81K","-3.60%"
"09/01/2020","11,255","11,200","11,450","11,000","49.29K","1.57%"
"08/31/2020","11,081","10,999","11,523","10,991","49.91K","2.13%"
"08/28/2020","10,850","11,371","11,650","10,361","139.74K","-3.98%"
"08/27/2020","11,300","11,553","11,951","11,001","96.34K","-4.94%"
"08/26/2020","11,887","11,989","12,020","11,463","68.31K","0.75%"
"08/25/2020","11,798","11,819","12,222","11,171","56.27K","2.51%"
"08/24/2020","11,509","11,811","12,040","11,263","37.43K","-0.85%"
"08/21/2020","11,608","11,738","12,029","11,381","44.04K","-0.01%"
"08/20/2020","11,609","11,374","11,819","11,264","26.25K","1.39%"
"08/19/2020","11,450","11,500","11,599","10,915","47.41K","-0.93%"
"08/18/2020","11,557","11,135","11,893","11,135","58.70K","2.36%"
"08/17/2020","11,290","11,455","12,090","11,119","229.45K","-0.09%"
"08/14/2020","11,300","11,819","12,101","10,898","131.89K","-1.56%"
"08/13/2020","11,479","11,820","12,452","10,892","78.92K","-1.20%"
"08/12/2020","11,618","11,800","12,350","11,500","34.48K","-2.66%"
"08/11/2020","11,935","12,400","12,900","11,417","38.19K","-1.19%"
"08/07/2020","12,079","11,244","12,700","11,244","42.91K","5.04%"
"08/06/2020","11,499","11,477","11,546","11,250","58.77K","0.85%"
"08/05/2020","11,402","11,205","11,599","11,202","27.95K","-0.65%"
"08/04/2020","11,477","11,236","11,541","11,185","96.91K","2.59%"
"08/03/2020","11,187","10,956","11,400","10,956","188.02K","0.06%"
"07/31/2020","11,180","10,916","11,401","10,826","41.35K","3.27%"
"07/30/2020","10,826","11,236","11,368","10,826","37.38K","-5.04%"
"07/29/2020","11,400","11,380","11,508","11,006","75.81K","0.05%"
"07/28/2020","11,394","10,950","11,420","10,950","102.57K","4.05%"
"07/27/2020","10,950","10,895","10,950","10,807","28.35K","0.50%"
"07/24/2020","10,895","10,774","10,895","10,771","26.23K","1.16%"
"07/23/2020","10,770","10,700","10,855","10,700","24.83K","-0.78%"
"07/22/2020","10,855","10,758","10,855","10,554","27.00K","0.05%"
"07/21/2020","10,850","10,745","10,917","10,745","22.63K","0.83%"
"07/20/2020","10,761","10,783","10,816","10,439","122.10K","-0.20%"
"07/17/2020","10,783","10,777","10,850","10,514","46.64K","-0.16%"
"07/16/2020","10,800","10,785","10,985","10,232","69.33K","1.89%"
"07/15/2020","10,600","10,487","10,894","10,257","53.61K","3.40%"
"07/14/2020","10,251","10,366","10,504","10,160","43.68K","-2.82%"
"07/13/2020","10,548","10,147","10,800","10,147","25.33K","3.80%"
"07/10/2020","10,162","9,931","10,236","9,931","36.81K","-0.72%"
"07/09/2020","10,236","10,150","10,236","10,041","27.04K","1.35%"
"07/08/2020","10,100","10,050","10,206","9,901","57.72K","0.50%"
"07/07/2020","10,050","9,992","10,281","9,900","32.78K","-0.50%"
"07/06/2020","10,100","10,163","10,290","9,825","13.32K","-1.55%"
"07/03/2020","10,259","10,387","10,398","10,093","9.77K","-1.34%"
"07/02/2020","10,398","10,195","10,475","10,195","8.00K","2.95%"
"07/01/2020","10,100","9,866","10,194","9,866","135.78K","0.00%"
"06/30/2020","10,100","10,000","10,218","9,861","85.00K","0.66%"
"06/29/2020","10,034","9,922","10,036","9,900","8.50K","1.62%"
"06/26/2020","9,874","9,800","10,141","9,800","84.60K","0.76%"
"06/25/2020","9,800","9,851","9,954","9,610","296.28K","-2.00%"
"06/24/2020","10,000","10,048","10,181","9,840","29.09K","2.04%"
"06/23/2020","9,800","10,001","10,247","9,800","31.10K","-2.87%"
"06/22/2020","10,090","10,100","10,119","9,703","68.68K","-1.78%"
"06/19/2020","10,273","10,064","10,388","10,064","108.30K","2.09%"
"06/18/2020","10,063","9,764","10,281","9,764","131.13K","3.16%"
"06/17/2020","9,755","10,135","10,135","9,535","72.58K","-4.27%"
"06/15/2020","10,190","10,139","10,429","9,859","43.23K","-2.83%"
"06/12/2020","10,487","10,200","10,487","10,152","45.89K","0.00%"
"06/11/2020","10,487","10,000","11,499","9,706","87.82K","0.84%"
"06/10/2020","10,400","10,229","10,789","10,152","38.25K","-0.05%"
"06/09/2020","10,405","9,760","10,405","9,759","50.20K","3.83%"
"06/08/2020","10,021","10,234","10,234","9,985","31.53K","0.01%"
"06/05/2020","10,020","10,003","10,095","9,867","583.60K","0.73%"
"06/04/2020","9,947","10,100","10,299","9,799","87.26K","-2.48%"
"06/03/2020","10,200","9,978","10,498","9,222","580.51K","2.10%"
"06/02/2020","9,990","9,252","10,500","9,252","26.83K","4.44%"
"06/01/2020","9,565","9,675","9,980","9,340","20.36K","-0.16%"
"05/29/2020","9,580","9,413","9,900","9,200","47.15K","2.79%"
"05/28/2020","9,320","9,000","9,575","9,000","18.53K","1.30%"
"05/27/2020","9,200","9,319","9,319","9,086","34.60K","1.10%"
"05/26/2020","9,100","9,051","9,289","8,850","31.13K","2.82%"
"05/25/2020","8,850","9,600","9,600","8,663","22.24K","0.00%"
"05/22/2020","8,850","9,004","9,428","8,800","54.31K","1.49%"
"05/21/2020","8,720","9,190","9,600","8,720","57.01K","-3.34%"
"05/20/2020","9,021","8,931","9,438","8,781","54.05K","0.02%"
"05/19/2020","9,019","8,901","9,310","8,805","33.79K","1.34%"
"05/18/2020","8,900","8,400","9,120","8,400","22.43K","2.52%"
"05/15/2020","8,681","8,839","9,127","8,621","336.73K","1.41%"
"05/14/2020","8,560","9,256","9,599","8,560","77.01K","-5.67%"
"05/13/2020","9,075","9,220","9,220","8,805","30.85K","0.83%"
"05/12/2020","9,000","9,079","9,314","8,621","67.40K","1.34%"
"05/11/2020","8,881","9,459","9,459","8,501","87.03K","-2.67%"
"05/08/2020","9,125","8,900","9,419","8,900","20.25K","-0.60%"
"05/07/2020","9,180","8,850","9,550","8,800","126.78K","3.73%"
"05/06/2020","8,850","9,000","9,400","8,705","87.20K","-2.89%"
"05/05/2020","9,113","9,011","9,299","8,866","21.97K","-0.45%"
"05/04/2020","9,154","9,398","9,810","8,902","153.85K","-3.34%"
"04/30/2020","9,470","9,445","9,986","8,903","202.87K","3.85%"
"04/29/2020","9,119","8,950","9,479","8,746","223.43K","2.47%"
"04/28/2020","8,899","9,100","9,106","8,899","33.08K","-2.65%"
"04/24/2020","9,141","8,704","9,399","8,505","24.33K","3.11%"
"04/23/2020","8,865","8,716","9,413","8,526","67.95K","2.21%"
"04/22/2020","8,673","9,656","9,657","8,518","25.02K","-5.73%"
"04/21/2020","9,200","8,760","9,911","8,528","287.27K","4.20%"
"04/20/2020","8,829","8,704","9,096","8,604","31.67K","-0.80%"
"04/17/2020","8,900","9,200","9,200","8,561","113.24K","1.54%"
"04/16/2020","8,765","8,600","9,200","8,509","99.63K","1.91%"
"04/15/2020","8,601","8,776","8,874","8,525","23.22K","-1.70%"
"04/14/2020","8,750","8,989","9,186","8,500","30.06K","0.18%"
"04/09/2020","8,734","9,001","9,200","8,610","22.12K","0.39%"
"04/08/2020","8,700","8,879","9,199","8,555","155.12K","-0.62%"
"04/07/2020","8,754","8,791","9,373","8,640","189.57K","2.37%"
"04/06/2020","8,551","8,651","9,266","8,123","177.41K","1.79%"
"04/03/2020","8,401","8,215","8,499","8,055","111.44K","1.16%"
"04/02/2020","8,305","8,050","8,541","8,050","141.42K","3.17%"
"04/01/2020","8,050","8,099","8,402","7,970","105.25K","0.44%"
"03/31/2020","8,015","7,844","8,345","7,844","173.22K","2.68%"
"03/30/2020","7,806","8,104","8,195","7,801","94.44K","-4.75%"
"03/27/2020","8,195","7,961","8,209","7,818","47.41K","-0.67%"
"03/26/2020","8,250","7,960","8,600","7,570","267.34K","1.85%"
"03/25/2020","8,100","7,801","8,795","7,180","602.28K","0.70%"
"03/24/2020","8,044","8,049","9,200","7,000","102.42K","4.04%"
"03/23/2020","7,732","8,301","8,600","7,164","175.67K","-2.20%"
"03/20/2020","7,906","7,051","9,200","7,011","418.18K","15.64%"
"03/19/2020","6,837","7,200","7,499","6,800","260.17K","-5.04%"
"03/18/2020","7,200","7,603","8,118","6,350","94.87K","-6.49%"
"03/17/2020","7,700","8,286","8,286","7,354","134.88K","-4.35%"
"03/16/2020","8,050","8,850","8,850","7,454","101.40K","-8.40%"
"03/13/2020","8,788","8,200","9,000","8,000","56.82K","1.21%"
"03/12/2020","8,683","9,344","9,499","8,601","29.24K","-5.05%"
"03/11/2020","9,145","9,999","9,999","8,838","96.51K","-4.70%"
"03/10/2020","9,596","9,650","10,099","9,401","27.64K","1.12%"
"03/09/2020","9,490","9,090","9,750","8,633","55.24K","3.41%"
"03/06/2020","9,177","9,600","9,650","9,012","29.72K","-5.84%"
"03/05/2020","9,746","10,511","10,511","9,180","86.62K","-4.55%"
"03/04/2020","10,211","10,200","10,500","10,048","22.95K","2.63%"
"03/03/2020","9,949","10,305","10,382","9,300","21.83K","-4.03%"
"03/02/2020","10,367","10,329","10,628","9,983","26.59K","4.95%"
"02/28/2020","9,878","10,669","11,150","9,878","47.17K","-11.36%"
"02/27/2020","11,144","10,725","11,144","10,500","145.96K","3.90%"
"02/26/2020","10,726","10,300","10,730","9,810","125.12K","3.53%"
"02/25/2020","10,360","10,714","10,714","10,012","47.83K","-3.18%"
"02/24/2020","10,700","11,600","11,600","10,516","10.37K","-5.13%"
"02/21/2020","11,279","11,300","11,499","11,100","16.71K","0.71%"
"02/20/2020","11,200","12,041","12,041","11,200","20.71K","-6.26%"
"02/19/2020","11,948","13,000","13,000","11,559","43.63K","-3.33%"
"02/18/2020","12,360","12,500","12,996","12,113","20.85K","-4.92%"
"02/17/2020","13,000","13,200","13,200","11,900","17.40K","1.68%"
"02/14/2020","12,785","13,200","13,200","12,698","188.17K","-0.11%"
"02/13/2020","12,799","12,999","13,003","12,512","31.11K","-0.40%"
"02/12/2020","12,850","12,950","13,074","12,312","47.85K","-0.77%"
"02/11/2020","12,950","13,214","13,567","12,751","18.39K","-1.89%"
"02/10/2020","13,200","13,627","13,627","13,200","9.87K","-3.99%"
"02/07/2020","13,748","12,800","13,900","12,800","30.88K","5.75%"
"02/06/2020","13,000","13,400","13,799","12,341","4.58K","0.25%"
"02/05/2020","12,968","13,001","13,800","12,410","9.70K","-0.25%"
"02/04/2020","13,001","13,300","13,320","12,330","23.24K","0.78%"
"02/03/2020","12,900","13,000","13,499","12,466","15.21K","-0.60%"
"01/31/2020","12,978","13,000","13,757","11,942","37.91K","-0.93%"
"01/30/2020","13,100","13,000","13,778","13,000","6.34K","-2.14%"
"01/29/2020","13,387","13,040","13,500","13,001","20.88K","2.46%"
"01/28/2020","13,065","13,400","13,400","12,801","9.51K","1.67%"
"01/27/2020","12,850","13,050","14,155","12,658","20.79K","-2.72%"
"01/24/2020","13,209","13,752","13,752","13,204","21.53K","-2.16%"
"01/23/2020","13,501","14,000","14,000","12,750","46.56K","0.27%"
"01/22/2020","13,465","13,100","13,840","13,100","19.94K","-1.00%"
"01/21/2020","13,601","14,019","14,100","13,355","30.92K","-2.85%"
"01/20/2020","14,000","13,350","14,136","13,350","23.77K","0.14%"
"01/17/2020","13,981","13,050","13,981","13,050","38.82K","2.05%"
"01/16/2020","13,700","13,050","14,153","13,050","6.77K","0.31%"
"01/15/2020","13,658","14,100","14,100","13,051","50.55K","-2.59%"
"01/14/2020","14,021","14,199","14,199","13,234","25.07K","0.87%"
"01/13/2020","13,900","14,000","14,200","13,153","41.06K","2.35%"
"01/10/2020","13,581","12,700","14,187","12,700","5.45K","2.89%"
"01/09/2020","13,200","13,052","13,499","12,647","25.43K","1.13%"
"01/08/2020","13,052","13,950","14,199","12,800","8.86K","-3.02%"
"01/07/2020","13,458","13,234","13,500","13,234","10.81K","-0.32%"
"01/06/2020","13,501","14,100","14,200","13,234","11.39K","0.07%"
"01/03/2020","13,492","14,400","14,400","13,400","26.35K","-3.55%"
"01/02/2020","13,989","14,400","14,400","13,800","18.50K","1.29%"
"12/31/2019","13,811","14,400","14,400","13,811","4.91K","-1.35%"
"12/30/2019","14,000","14,400","14,400","13,750","20.31K","-2.09%"
"12/27/2019","14,299","14,649","14,649","14,230","30.45K","-1.01%"
"12/24/2019","14,445","13,379","14,471","13,379","4.42K","3.18%"
"12/23/2019","14,000","13,820","14,323","13,820","59.72K","-1.52%"
"12/20/2019","14,216","14,657","14,657","13,801","388.72K","-1.35%"
"12/19/2019","14,410","14,301","14,699","13,800","57.25K","-0.57%"
"12/18/2019","14,493","14,301","14,699","13,800","60.52K","-0.05%"
"12/17/2019","14,500","14,070","14,855","13,999","65.61K","4.47%"
"12/13/2019","13,879","13,796","14,271","13,350","83.48K","-1.18%"
"12/12/2019","14,045","14,133","14,246","13,270","88.11K","0.63%"
"12/11/2019","13,957","13,501","14,050","13,368","74.18K","0.48%"
"12/10/2019","13,891","14,497","14,497","13,749","52.31K","0.56%"
"12/09/2019","13,813","13,951","14,251","13,800","40.63K","-1.34%"
"12/06/2019","14,000","14,400","14,400","13,845","36.77K","1.31%"
"12/05/2019","13,819","13,775","13,948","13,483","66.01K","-0.17%"
"12/04/2019","13,843","13,850","14,198","13,390","73.00K","-0.65%"
"12/03/2019","13,934","13,620","14,321","13,236","68.46K","-0.54%"
"12/02/2019","14,010","14,050","14,101","13,971","54.45K","-0.31%"
"11/29/2019","14,054","14,181","14,219","13,971","32.42K","0.31%"
"11/28/2019","14,010","14,097","14,181","13,999","29.48K","0.79%"
"11/27/2019","13,900","14,091","14,150","13,721","24.12K","0.00%"
"11/26/2019","13,900","14,297","14,297","13,823","149.89K","-1.42%"
"11/25/2019","14,100","14,314","14,344","13,992","113.77K","-1.40%"
"11/22/2019","14,300","14,261","14,482","14,016","39.48K","0.25%"
"11/21/2019","14,264","14,101","14,397","14,010","114.48K","-0.25%"
"11/20/2019","14,300","14,406","14,490","14,110","57.73K","-0.69%"
"11/19/2019","14,400","14,303","14,485","14,287","24.50K","0.50%"
"11/18/2019","14,328","14,500","14,500","13,941","66.99K","-0.15%"
"11/15/2019","14,350","14,100","14,400","13,719","126.61K","1.77%"
"11/14/2019","14,100","13,387","14,225","13,382","131.85K","2.58%"
"11/13/2019","13,745","13,700","14,200","13,017","20.47K","0.33%"
"11/12/2019","13,700","13,602","14,182","13,437","60.16K","-2.91%"
"11/11/2019","14,110","14,200","14,283","13,601","47.66K","-1.33%"
"11/08/2019","14,300","14,303","14,470","14,189","30.01K","-0.02%"
"11/07/2019","14,303","14,260","14,333","14,194","22.55K","0.07%"
"11/06/2019","14,293","14,205","14,307","14,068","36.52K","0.21%"
"11/05/2019","14,263","13,700","14,500","13,010","70.60K","-0.29%"
"11/04/2019","14,305","14,200","14,331","14,073","19.52K","1.76%"
"11/01/2019","14,057","14,007","14,161","13,067","43.74K","-0.43%"
"10/31/2019","14,118","14,005","14,180","14,000","61.57K","-0.58%"
"10/30/2019","14,200","14,106","14,241","14,033","37.49K","0.45%"
"10/29/2019","14,136","14,110","14,474","14,000","140.50K","0.63%"
"10/28/2019","14,047","13,600","14,299","13,600","46.86K","-1.42%"
"10/25/2019","14,250","14,111","14,369","14,111","50.75K","-1.03%"
"10/24/2019","14,398","14,800","14,800","14,294","33.57K","-0.01%"
"10/23/2019","14,400","14,166","14,400","14,017","23.53K","1.05%"
"10/22/2019","14,250","14,600","14,890","14,177","16.62K","-0.36%"
"10/21/2019","14,302","14,266","14,460","14,225","10.61K","-1.37%"
"10/18/2019","14,500","14,477","14,575","14,170","225.42K","-0.89%"
"10/17/2019","14,630","14,516","14,730","14,174","8.14K","-0.49%"
"10/16/2019","14,702","14,200","14,902","14,146","153.13K","0.47%"
"10/15/2019","14,633","14,450","14,845","14,020","49.70K","1.27%"
"10/14/2019","14,450","13,550","14,451","13,026","65.78K","1.68%"
"10/11/2019","14,211","14,245","14,398","13,758","31.65K","-0.48%"
"10/10/2019","14,279","14,548","14,548","13,903","194.19K","2.29%"
"10/09/2019","13,959","14,699","14,699","13,690","49.29K","-0.30%"
"10/08/2019","14,001","14,900","14,900","13,400","61.40K","-1.28%"
"10/07/2019","14,183","14,000","14,468","13,931","84.15K","-0.82%"
"10/04/2019","14,300","13,927","14,904","13,927","84.49K","-3.59%"
"10/03/2019","14,833","14,900","14,900","14,544","190.47K","0.22%"
"10/02/2019","14,800","14,540","14,853","14,540","152.54K","1.02%"
"10/01/2019","14,650","14,225","14,709","14,225","56.62K","2.52%"
"09/30/2019","14,290","14,300","14,331","13,026","71.97K","0.14%"
"09/27/2019","14,270","14,300","14,300","13,210","117.71K","1.93%"
"09/26/2019","14,000","13,211","14,265","13,030","85.92K","2.74%"
"09/25/2019","13,627","13,600","14,239","13,320","61.75K","1.62%"
"09/23/2019","13,410","13,026","13,544","12,718","38.67K","2.37%"
"09/20/2019","13,099","13,522","13,713","13,099","296.48K","-4.45%"
"09/19/2019","13,709","13,784","13,784","13,468","27.68K","0.58%"
"09/18/2019","13,630","13,501","13,789","13,501","19.48K","-0.66%"
"09/17/2019","13,720","13,615","14,233","13,502","41.97K","-4.19%"
"09/16/2019","14,320","14,300","14,429","13,847","48.07K","-0.21%"
"09/13/2019","14,350","13,300","14,823","13,300","117.22K","2.32%"
"09/12/2019","14,024","13,030","14,445","13,030","64.30K","3.12%"
"09/11/2019","13,600","13,200","13,749","12,373","45.12K","3.98%"
"09/10/2019","13,080","12,902","13,089","12,224","118.18K","3.81%"
"09/09/2019","12,600","12,595","12,734","12,500","37.00K","-0.16%"
"09/06/2019","12,620","12,328","12,877","12,328","31.29K","3.35%"
"09/05/2019","12,211","11,000","12,444","10,999","146.09K","11.43%"
"09/04/2019","10,958","10,789","11,000","10,500","51.83K","4.36%"
"09/03/2019","10,500","10,500","10,793","10,001","113.79K","4.22%"
"09/02/2019","10,075","10,500","10,900","10,075","24.67K","0.57%"
"08/30/2019","10,018","9,951","10,072","9,830","116.78K","1.09%"
"08/29/2019","9,910","10,470","10,481","9,910","23.09K","-4.09%"
"08/28/2019","10,333","10,499","10,499","10,235","20.51K","0.91%"
"08/27/2019","10,240","10,255","10,790","10,100","28.30K","-5.10%"
"08/26/2019","10,790","10,306","10,848","10,306","3.29K","-0.06%"
"08/23/2019","10,796","10,850","10,850","10,430","31.59K","0.15%"
"08/22/2019","10,780","10,850","10,850","10,651","48.53K","0.87%"
"08/21/2019","10,687","10,550","10,785","10,550","17.48K","-0.58%"
"08/20/2019","10,749","10,653","10,973","10,601","31.33K","-0.20%"
"08/19/2019","10,771","10,983","10,983","9,899","34.19K","0.20%"
"08/16/2019","10,750","11,500","11,700","10,517","93.16K","-2.23%"
"08/15/2019","10,995","10,900","11,500","10,790","29.56K","1.76%"
"08/14/2019","10,805","10,800","11,700","10,661","7.39K","-0.64%"
"08/13/2019","10,875","11,200","11,298","10,602","131.67K","-0.78%"
"08/12/2019","10,961","11,080","11,414","10,807","14.39K","-3.00%"
"08/08/2019","11,300","11,500","11,590","11,200","57.76K","0.89%"
"08/07/2019","11,200","11,050","11,340","11,050","45.57K","0.00%"
"08/06/2019","11,200","11,000","11,297","10,600","63.66K","1.82%"
"08/05/2019","11,000","11,050","11,443","10,600","28.78K","-2.23%"
"08/02/2019","11,251","10,900","11,350","10,900","23.73K","-1.51%"
"08/01/2019","11,424","11,010","11,502","11,010","19.75K","-0.93%"
"07/31/2019","11,531","10,950","11,544","10,950","26.27K","0.70%"
"07/30/2019","11,451","11,001","11,578","11,001","41.12K","-0.18%"
"07/29/2019","11,472","11,600","11,659","11,250","22.60K","1.10%"
"07/26/2019","11,347","11,698","11,698","11,150","30.68K","-1.37%"
"07/25/2019","11,505","11,299","11,648","11,299","34.35K","1.73%"
"07/24/2019","11,309","11,006","11,309","10,902","40.17K","2.81%"
"07/23/2019","11,000","10,850","11,169","10,850","47.20K","0.15%"
"07/22/2019","10,983","10,900","11,017","10,861","218.11K","0.30%"
"07/19/2019","10,950","11,148","11,148","10,851","152.87K","-0.45%"
"07/18/2019","11,000","11,500","11,500","10,620","59.34K","-0.31%"
"07/17/2019","11,034","11,160","11,175","10,942","40.55K","-1.13%"
"07/16/2019","11,160","11,400","11,400","10,909","34.75K","0.42%"
"07/15/2019","11,113","11,770","11,770","10,886","11.49K","-1.12%"
"07/12/2019","11,239","11,465","11,650","11,105","42.05K","-1.91%"
"07/11/2019","11,458","11,340","11,528","11,127","246.64K","-0.17%"
"07/10/2019","11,478","11,399","11,694","11,399","30.55K","0.51%"
"07/09/2019","11,420","11,500","11,506","11,341","50.46K","-0.47%"
"07/08/2019","11,474","11,770","11,770","11,399","32.09K","-1.32%"
"07/05/2019","11,627","11,489","11,703","11,474","25.84K","1.10%"
"07/04/2019","11,500","11,700","11,700","11,450","236.28K","0.16%"
"07/03/2019","11,482","11,399","11,945","11,381","147.95K","1.71%"
"07/02/2019","11,289","10,850","11,598","10,848","287.49K","4.42%"
"07/01/2019","10,811","11,295","11,500","10,801","22.02K","-1.62%"
"06/28/2019","10,989","11,422","11,422","10,849","79.33K","-2.83%"
"06/27/2019","11,309","11,415","11,415","11,200","67.94K","-0.80%"
"06/26/2019","11,400","11,386","11,410","11,196","18.50K","1.60%"
"06/25/2019","11,220","10,850","11,297","10,850","61.68K","2.39%"
"06/24/2019","10,958","11,000","11,000","10,727","70.60K","1.46%"
"06/21/2019","10,800","10,443","10,866","10,422","200.61K","3.40%"
"06/20/2019","10,445","10,200","10,649","10,200","52.36K","-0.31%"
"06/19/2019","10,478","10,200","10,698","10,200","44.63K","0.27%"
"06/18/2019","10,450","10,350","10,628","10,145","39.37K","-1.42%"
"06/14/2019","10,600","10,650","10,920","9,900","122.29K","-2.75%"
"06/13/2019","10,900","10,800","10,993","10,400","19.72K","0.37%"
"06/12/2019","10,860","10,800","11,000","10,402","60.02K","2.34%"
"06/11/2019","10,612","10,500","10,859","10,446","17.00K","-0.48%"
"06/10/2019","10,663","10,724","11,248","10,301","23.94K","-2.93%"
"06/07/2019","10,985","10,400","11,000","10,302","19.44K","3.63%"
"06/06/2019","10,600","11,000","11,175","10,524","11.77K","-3.60%"
"06/05/2019","10,996","11,000","11,299","10,696","23.84K","0.51%"
"06/04/2019","10,940","11,260","11,687","10,940","34.88K","-5.04%"
"06/03/2019","11,521","11,499","11,697","10,800","21.20K","4.74%"
"05/31/2019","11,000","10,700","11,193","10,700","78.03K","-0.82%"
"05/30/2019","11,091","11,222","11,329","11,091","24.77K","-0.16%"
"05/29/2019","11,109","11,297","11,297","10,964","3.37K","0.95%"
"05/28/2019","11,005","11,000","11,500","10,800","226.37K","-0.33%"
"05/27/2019","11,041","11,600","11,600","10,715","25.73K","-1.33%"
"05/24/2019","11,190","11,078","11,339","11,078","15.02K","1.01%"
"05/23/2019","11,078","11,598","11,598","10,972","23.65K","-0.87%"
"05/22/2019","11,175","11,699","11,699","10,900","7.02K","-2.82%"
"05/21/2019","11,499","11,500","11,501","11,239","27.56K","-0.32%"
"05/20/2019","11,536","11,600","11,629","11,151","34.68K","-0.55%"
"05/17/2019","11,600","12,300","12,300","11,521","35.19K","-1.84%"
"05/16/2019","11,818","11,754","11,963","11,723","33.88K","0.54%"
"05/15/2019","11,755","11,402","11,869","11,402","19.54K","1.34%"
"05/14/2019","11,600","11,251","11,700","11,251","210.32K","2.53%"
"05/13/2019","11,314","11,250","11,982","11,061","55.03K","-1.62%"
"05/10/2019","11,500","11,305","12,549","11,305","43.73K","0.00%"
"05/09/2019","11,500","11,776","11,777","11,500","29.57K","-2.70%"
"05/07/2019","11,819","11,700","11,914","11,700","412.74K","-0.59%"
"05/06/2019","11,889","11,989","11,989","11,724","144.19K","0.78%"
"05/03/2019","11,797","11,799","11,924","11,661","187.34K","2.40%"
"05/02/2019","11,520","11,103","12,000","11,103","75.52K","1.96%"
"04/30/2019","11,299","11,413","11,470","10,400","61.29K","-0.01%"
"04/29/2019","11,300","11,098","11,419","11,065","31.80K","0.29%"
"04/26/2019","11,267","10,955","11,296","10,955","20.74K","3.28%"
"04/25/2019","10,909","10,901","11,475","10,901","19.79K","-2.05%"
"04/24/2019","11,137","11,229","11,448","10,998","65.20K","-0.12%"
"04/23/2019","11,150","11,200","11,259","10,967","49.14K","2.49%"
"04/18/2019","10,879","10,568","11,141","10,568","52.98K","2.65%"
"04/17/2019","10,598","10,340","10,635","10,306","243.64K","2.30%"
"04/16/2019","10,360","10,400","10,501","10,300","149.14K","-0.86%"
"04/15/2019","10,450","10,450","10,605","10,253","289.55K","0.58%"
"04/12/2019","10,390","10,450","10,630","10,332","158.14K","-0.72%"
"04/11/2019","10,465","10,610","10,616","10,402","123.69K","-1.27%"
"04/10/2019","10,600","10,602","10,679","10,593","87.61K","-0.47%"
"04/09/2019","10,650","10,681","10,844","10,638","81.59K","-0.24%"
"04/08/2019","10,676","10,700","10,700","10,601","24.25K","0.14%"
"04/05/2019","10,661","11,050","11,199","10,621","132.21K","-4.40%"
"04/04/2019","11,152","11,150","11,261","11,058","21.35K","0.02%"
"04/03/2019","11,150","11,700","12,098","11,109","59.37K","-1.23%"
"04/02/2019","11,289","10,950","11,800","10,931","114.20K","3.56%"
"04/01/2019","10,901","10,750","10,995","10,750","49.43K","1.56%"
"03/29/2019","10,734","10,800","11,395","10,650","137.17K","-0.73%"
"03/28/2019","10,813","10,701","11,112","10,701","44.50K","-0.33%"
"03/27/2019","10,849","11,172","11,172","10,774","41.73K","0.45%"
"03/26/2019","10,800","10,716","11,139","10,700","41.17K","0.77%"
"03/25/2019","10,717","10,000","10,812","10,000","62.42K","0.37%"
"03/22/2019","10,677","10,511","10,919","10,405","48.08K","-0.21%"
"03/20/2019","10,700","11,457","11,998","10,535","129.41K","-6.61%"
"03/19/2019","11,457","11,605","11,996","11,100","174.59K","-1.66%"
"03/18/2019","11,650","11,650","12,199","11,570","42.88K","0.39%"
"03/15/2019","11,605","11,500","12,200","11,453","261.01K","-1.73%"
"03/14/2019","11,809","11,800","11,900","11,466","251.79K","-0.31%"
"03/13/2019","11,846","11,911","11,911","11,724","94.07K","-0.51%"
"03/12/2019","11,907","11,879","11,991","11,850","36.14K","0.50%"
"03/11/2019","11,848","11,702","11,895","11,702","18.46K","0.23%"
"03/08/2019","11,821","11,451","12,002","11,451","96.93K","-1.37%"
"03/07/2019","11,985","11,848","12,136","11,848","17.28K","0.86%"
"03/06/2019","11,883","12,099","12,100","11,500","19.26K","0.70%"
"03/05/2019","11,800","11,950","12,088","11,751","69.91K","-2.40%"
"03/04/2019","12,090","12,058","12,200","11,728","47.82K","1.26%"
"03/01/2019","11,939","11,600","12,111","11,600","82.88K","0.33%"
"02/28/2019","11,900","11,600","11,922","11,100","142.39K","3.42%"
"02/27/2019","11,507","11,600","11,699","11,350","147.82K","-0.80%"
"02/26/2019","11,600","11,250","11,994","11,250","252.85K","3.20%"
"02/25/2019","11,240","11,499","11,500","11,052","162.42K","0.81%"
"02/22/2019","11,150","10,900","11,350","10,900","66.06K","-0.71%"
"02/21/2019","11,230","11,201","11,504","11,201","26.04K","-0.46%"
"02/20/2019","11,282","11,300","11,340","11,176","28.79K","0.66%"
"02/19/2019","11,208","11,275","11,275","11,131","99.80K","-0.59%"
"02/18/2019","11,275","11,500","11,500","10,941","12.89K","-0.22%"
"02/15/2019","11,300","11,849","11,998","11,200","170.06K","-0.33%"
"02/14/2019","11,337","11,393","11,555","11,296","40.29K","0.41%"
"02/13/2019","11,291","11,495","11,495","11,147","74.34K","-2.24%"
"02/12/2019","11,550","13,450","13,689","11,403","173.08K","-12.50%"
"02/11/2019","13,200","13,512","14,149","13,152","41.55K","-5.55%"
"02/08/2019","13,975","14,100","14,100","13,897","73.65K","0.76%"
"02/07/2019","13,870","13,990","14,000","13,865","15.79K","-0.69%"
"02/06/2019","13,967","13,950","14,190","13,800","48.31K","0.06%"
"02/05/2019","13,958","13,654","14,200","13,300","38.32K","-0.34%"
"02/04/2019","14,006","13,153","14,278","13,153","23.39K","0.26%"
"02/01/2019","13,970","14,048","14,336","13,651","68.99K","-0.21%"
"01/31/2019","14,000","14,100","14,750","13,942","84.21K","0.00%"
"01/30/2019","14,000","14,301","14,560","13,229","105.47K","-3.11%"
"01/29/2019","14,449","14,203","14,753","14,203","19.22K","0.55%"
"01/28/2019","14,370","14,000","14,822","14,000","30.07K","-0.14%"
"01/25/2019","14,390","14,400","14,875","14,311","39.03K","-1.07%"
"01/24/2019","14,545","14,850","14,950","14,480","29.08K","0.00%"
"01/23/2019","14,545","14,722","14,995","14,405","72.72K","-1.20%"
"01/22/2019","14,722","14,300","14,807","14,300","35.24K","1.13%"
"01/21/2019","14,557","14,500","14,951","14,300","21.03K","-0.11%"
"01/18/2019","14,573","14,800","14,818","14,249","30.11K","0.19%"
"01/17/2019","14,545","15,000","15,000","14,477","95.74K","-0.46%"
"01/16/2019","14,612","14,702","15,148","14,599","61.00K","-2.18%"
"01/15/2019","14,938","15,000","15,000","14,737","29.07K","1.07%"
"01/14/2019","14,780","14,600","15,198","14,600","21.14K","-0.14%"
"01/11/2019","14,800","14,602","15,097","14,602","48.64K","0.77%"
"01/10/2019","14,687","14,501","14,970","14,501","26.30K","-0.22%"
"01/09/2019","14,719","14,501","14,998","14,501","77.13K","1.11%"
"01/08/2019","14,557","14,500","14,559","14,490","10.54K","-0.28%"
"01/07/2019","14,598","13,600","14,825","13,600","73.26K","3.24%"
"01/04/2019","14,140","13,200","14,140","13,200","36.13K","3.30%"
"01/03/2019","13,688","12,954","13,688","12,954","43.29K","4.41%"
"01/02/2019","13,110","13,400","13,499","12,994","24.15K","-0.85%"
"12/31/2018","13,223","13,090","13,472","13,029","6.05K","-0.15%"
"12/28/2018","13,243","13,050","13,243","13,000","24.05K","1.08%"
"12/27/2018","13,101","13,500","13,500","12,950","29.65K","-1.64%"
"12/24/2018","13,320","13,000","13,320","13,000","15.99K","3.24%"
"12/21/2018","12,902","13,750","13,750","12,902","138.71K","-3.00%"
"12/20/2018","13,301","13,600","13,600","13,251","56.40K","-1.22%"
"12/19/2018","13,465","13,620","13,620","13,357","28.63K","0.86%"
"12/18/2018","13,350","13,950","14,000","13,318","53.14K","-1.93%"
"12/14/2018","13,613","13,800","13,900","13,613","41.50K","-1.19%"
"12/13/2018","13,777","13,750","14,063","13,590","223.18K","1.00%"
"12/12/2018","13,640","13,850","14,499","13,521","102.61K","0.69%"
"12/11/2018","13,547","13,401","13,754","13,199","356.23K","4.24%"
"12/10/2018","12,996","13,382","13,586","12,752","81.18K","-3.12%"
"12/07/2018","13,415","13,950","13,986","13,343","104.74K","-1.61%"
"12/06/2018","13,634","13,900","14,005","13,474","139.47K","-4.66%"
"12/05/2018","14,300","14,723","14,723","14,050","50.16K","-2.87%"
"12/04/2018","14,723","14,314","15,099","14,313","134.32K","0.53%"
"12/03/2018","14,645","14,710","15,000","14,314","43.80K","0.69%"
"11/30/2018","14,544","15,103","15,103","14,461","81.78K","-3.70%"
"11/29/2018","15,103","14,900","15,302","14,834","65.48K","4.16%"
"11/28/2018","14,500","14,400","14,889","14,400","34.79K","-0.68%"
"11/27/2018","14,600","14,650","14,947","14,548","24.07K","0.23%"
"11/26/2018","14,567","14,246","14,900","14,246","39.53K","1.34%"
"11/23/2018","14,374","14,700","15,199","14,330","28.50K","-0.31%"
"11/22/2018","14,419","14,686","14,899","14,333","18.14K","-1.91%"
"11/21/2018","14,700","15,000","15,367","14,501","37.05K","-0.24%"
"11/20/2018","14,735","14,850","15,249","14,401","57.53K","-0.11%"
"11/19/2018","14,751","15,312","15,312","14,751","56.01K","-3.66%"
"11/16/2018","15,312","15,400","15,500","15,249","16.47K","-0.96%"
"11/15/2018","15,461","15,200","15,493","15,121","40.77K","1.36%"
"11/14/2018","15,254","15,059","15,350","14,750","19.72K","0.16%"
"11/13/2018","15,229","15,117","15,312","15,117","24.17K","0.19%"
"11/12/2018","15,200","15,169","15,339","15,114","49.12K","-0.66%"
"11/09/2018","15,301","15,253","15,437","15,134","58.90K","-0.88%"
"11/08/2018","15,437","15,300","15,579","15,297","56.66K","0.40%"
"11/07/2018","15,376","15,255","15,500","15,255","53.24K","0.35%"
"11/06/2018","15,323","15,200","15,551","15,102","46.60K","-0.94%"
"11/05/2018","15,468","15,177","15,500","15,132","81.03K","1.35%"
"11/02/2018","15,262","15,201","15,597","15,150","55.22K","-0.72%"
"11/01/2018","15,372","15,499","15,500","15,100","99.26K","0.46%"
"10/31/2018","15,302","15,657","15,899","15,250","18.27K","-0.82%"
"10/30/2018","15,428","15,000","15,500","15,000","34.60K","2.17%"
"10/29/2018","15,101","14,900","15,639","14,900","93.01K","-1.01%"
"10/26/2018","15,255","15,600","15,600","15,100","53.47K","-1.71%"
"10/25/2018","15,521","15,000","15,674","14,950","103.26K","2.98%"
"10/24/2018","15,072","14,947","15,298","14,520","81.15K","-1.62%"
"10/23/2018","15,320","15,800","15,800","15,071","59.96K","-1.12%"
"10/22/2018","15,493","15,000","15,699","15,000","38.79K","-0.60%"
"10/19/2018","15,587","15,000","15,758","15,000","80.20K","-1.15%"
"10/18/2018","15,768","15,500","15,768","15,111","118.06K","3.27%"
"10/17/2018","15,268","15,999","16,000","15,011","39.07K","-2.88%"
"10/16/2018","15,720","16,100","16,100","15,497","40.57K","0.77%"
"10/15/2018","15,600","16,219","16,219","15,487","436.15K","-2.63%"
"10/12/2018","16,022","16,050","16,163","15,862","37.10K","1.10%"
"10/11/2018","15,847","16,348","16,348","15,609","57.45K","-0.71%"
"10/10/2018","15,960","16,350","16,350","15,950","57.74K","-2.39%"
"10/09/2018","16,350","16,000","16,458","16,000","213.85K","-0.26%"
"10/08/2018","16,392","16,002","16,393","15,851","100.89K","2.44%"
"10/05/2018","16,002","16,200","16,398","15,950","41.39K","-0.71%"
"10/04/2018","16,117","15,500","16,318","15,500","77.43K","2.21%"
"10/03/2018","15,768","15,650","15,881","15,551","66.62K","0.18%"
"10/02/2018","15,740","15,848","15,900","15,350","151.96K","2.87%"
"10/01/2018","15,301","15,899","15,899","15,190","81.17K","-0.37%"
"09/28/2018","15,358","15,245","15,416","14,902","53.47K","0.74%"
"09/27/2018","15,245","14,885","15,467","14,885","79.03K","1.57%"
"09/26/2018","15,010","14,885","15,286","14,885","111.39K","0.05%"
"09/25/2018","15,002","15,000","15,064","14,420","70.44K","-0.32%"
"09/21/2018","15,050","14,800","15,248","14,502","294.18K","3.08%"
"09/20/2018","14,600","14,500","14,683","14,422","68.59K","1.35%"
"09/19/2018","14,405","14,302","14,641","14,302","21.48K","-0.72%"
"09/18/2018","14,510","14,798","14,798","14,397","37.59K","-0.10%"
"09/17/2018","14,524","14,893","14,893","14,407","48.69K","0.48%"
"09/14/2018","14,454","14,650","14,893","14,405","69.66K","-0.32%"
"09/13/2018","14,500","14,499","14,500","14,400","69.28K","0.65%"
"09/12/2018","14,407","14,500","14,501","14,320","187.42K","-0.64%"
"09/11/2018","14,500","14,490","14,603","14,357","63.83K","0.00%"
"09/10/2018","14,500","14,410","14,814","14,219","146.78K","-0.30%"
"09/07/2018","14,543","14,250","14,829","14,250","68.32K","2.11%"
"09/06/2018","14,242","14,250","14,790","13,441","89.78K","-0.51%"
"09/05/2018","14,315","13,490","14,400","13,490","60.05K","0.81%"
"09/04/2018","14,200","14,166","14,893","14,166","28.20K","-4.67%"
"09/03/2018","14,895","14,443","14,917","14,443","100.58K","-0.57%"
"08/31/2018","14,980","14,760","15,192","14,699","76.23K","1.49%"
"08/30/2018","14,760","14,648","14,800","14,648","26.15K","0.77%"
"08/29/2018","14,647","14,900","14,900","14,437","69.69K","-0.75%"
"08/28/2018","14,758","14,900","14,900","14,711","73.32K","0.39%"
"08/27/2018","14,700","14,700","14,800","14,486","104.70K","0.00%"
"08/24/2018","14,700","15,586","15,586","14,609","74.30K","-7.55%"
"08/23/2018","15,900","15,940","15,940","15,827","113.78K","0.00%"
"08/22/2018","15,900","15,900","15,990","15,763","51.07K","1.04%"
"08/21/2018","15,736","15,650","15,800","15,525","133.94K","1.04%"
"08/20/2018","15,574","15,500","15,799","15,350","66.79K","0.48%"
"08/17/2018","15,500","15,362","15,984","15,362","45.77K","-1.52%"
"08/16/2018","15,739","15,650","15,826","15,234","91.76K","0.60%"
"08/15/2018","15,645","15,650","16,051","15,438","136.15K","-0.67%"
"08/14/2018","15,750","15,426","15,750","15,300","41.45K","2.63%"
"08/13/2018","15,347","15,115","15,414","15,025","33.52K","2.31%"
"08/10/2018","15,000","15,199","15,199","14,751","32.86K","-1.32%"
"08/08/2018","15,200","14,750","15,200","14,750","52.03K","1.20%"
"08/07/2018","15,020","15,150","15,193","14,604","28.35K","1.49%"
"08/06/2018","14,800","14,584","15,082","14,584","129.84K","-1.56%"
"08/03/2018","15,035","14,846","15,035","14,001","52.50K","4.99%"
"08/02/2018","14,321","14,871","14,948","13,913","55.04K","1.10%"
"08/01/2018","14,165","14,450","14,800","13,970","117.92K","1.94%"
"07/31/2018","13,896","14,147","14,324","13,826","120.76K","-2.00%"
"07/30/2018","14,180","14,500","14,500","13,652","43.44K","0.16%"
"07/27/2018","14,157","14,200","14,314","13,700","54.13K","1.64%"
"07/26/2018","13,928","14,400","14,400","13,850","59.36K","-2.55%"
"07/25/2018","14,293","14,108","14,380","14,108","13.98K","-0.67%"
"07/24/2018","14,390","14,620","14,620","14,251","34.88K","-1.11%"
"07/23/2018","14,552","15,426","15,426","14,225","39.41K","-1.86%"
"07/20/2018","14,828","15,380","15,380","14,600","29.40K","1.56%"
"07/19/2018","14,600","15,400","15,400","14,549","54.19K","-0.97%"
"07/18/2018","14,743","15,800","15,800","14,200","96.02K","-3.07%"
"07/17/2018","15,210","15,531","15,899","14,902","215.57K","-2.47%"
"07/16/2018","15,595","15,850","15,850","15,401","53.03K","0.61%"
"07/13/2018","15,500","15,900","15,900","15,400","18.48K","-0.16%"
"07/12/2018","15,525","15,550","15,550","15,400","18.01K","0.16%"
"07/11/2018","15,500","15,780","15,780","15,400","48.10K","-0.12%"
"07/10/2018","15,519","15,500","15,772","15,458","59.44K","0.12%"
"07/09/2018","15,500","15,607","15,814","15,395","84.54K","-0.46%"
"07/06/2018","15,572","15,900","15,900","15,489","35.95K","-1.13%"
"07/05/2018","15,750","15,899","15,900","15,600","43.48K","-0.77%"
"07/04/2018","15,873","15,500","15,926","15,351","82.97K","4.32%"
"07/03/2018","15,216","14,850","15,250","14,850","154.21K","1.47%"
"07/02/2018","14,995","15,400","15,400","14,863","127.78K","0.30%"
"06/29/2018","14,950","15,546","15,600","14,946","126.21K","0.20%"
"06/28/2018","14,920","15,000","15,015","14,900","52.99K","-2.71%"
"06/27/2018","15,336","14,900","15,491","14,900","203.13K","-0.42%"
"06/26/2018","15,400","15,400","15,517","15,250","95.40K","-0.70%"
"06/25/2018","15,508","15,400","15,601","15,310","37.06K","0.70%"
"06/22/2018","15,400","15,400","15,473","15,398","62.28K","-0.18%"
"06/21/2018","15,428","15,680","15,905","15,400","52.76K","-2.03%"
"06/20/2018","15,748","15,899","15,900","15,602","26.78K","0.44%"
"06/19/2018","15,679","16,110","16,110","15,639","47.18K","0.47%"
"06/18/2018","15,606","15,400","16,029","15,400","31.69K","1.34%"
"06/15/2018","15,400","15,400","15,616","15,400","128.59K","-0.13%"
"06/14/2018","15,420","15,000","15,420","15,000","161.54K","1.15%"
"06/13/2018","15,245","15,000","15,302","15,000","46.43K","-0.03%"
"06/12/2018","15,250","14,605","15,299","14,605","141.96K","1.50%"
"06/11/2018","15,024","13,998","15,204","13,998","76.21K","-0.52%"
"06/08/2018","15,102","15,010","15,219","14,884","23.80K","-0.97%"
"06/07/2018","15,250","15,401","15,699","15,250","102.31K","-1.17%"
"06/06/2018","15,430","15,900","16,122","15,300","192.56K","-4.28%"
"06/05/2018","16,120","15,602","16,120","15,602","103.67K","0.12%"
"06/04/2018","16,100","15,550","16,100","15,550","97.42K","2.76%"
"06/01/2018","15,668","15,300","15,849","15,300","107.68K","1.08%"
"05/31/2018","15,500","15,300","15,568","15,296","162.82K","1.31%"
"05/30/2018","15,300","15,300","15,477","15,228","62.50K","-0.65%"
"05/29/2018","15,400","15,300","15,518","15,290","162.23K","-1.33%"
"05/28/2018","15,607","15,300","15,607","15,300","12.81K","0.37%"
"05/25/2018","15,550","15,625","15,640","15,350","32.05K","1.63%"
"05/24/2018","15,300","15,300","15,524","15,298","46.48K","-0.65%"
"05/23/2018","15,400","15,380","15,501","15,361","66.91K","-0.06%"
"05/22/2018","15,410","15,401","15,693","15,362","39.14K","-0.13%"
"05/21/2018","15,430","15,450","15,493","15,404","12.48K","-0.23%"
"05/18/2018","15,466","15,039","15,556","15,039","42.74K","-0.41%"
"05/17/2018","15,530","15,899","15,899","15,428","16.71K","-0.18%"
"05/16/2018","15,558","15,513","15,687","15,504","66.67K","0.31%"
"05/15/2018","15,510","15,940","15,948","15,300","45.25K","0.55%"
"05/14/2018","15,425","16,000","16,000","15,400","20.46K","-0.78%"
"05/11/2018","15,546","15,998","15,999","15,304","24.16K","1.43%"
"05/10/2018","15,327","15,950","16,000","15,189","90.62K","-3.91%"
"05/09/2018","15,950","15,550","16,099","15,550","86.80K","2.20%"
"05/08/2018","15,607","15,600","16,020","15,600","75.88K","-2.80%"
"05/07/2018","16,057","16,099","16,099","15,963","50.19K","1.61%"
"05/04/2018","15,802","15,600","15,997","15,600","94.87K","0.01%"
"05/03/2018","15,800","15,954","16,100","15,600","80.50K","-2.05%"
"05/02/2018","16,131","15,954","16,271","15,778","70.16K","1.28%"
"04/30/2018","15,927","15,500","15,963","15,500","82.08K","2.42%"
"04/26/2018","15,550","15,500","15,773","15,500","68.42K","0.27%"
"04/25/2018","15,508","15,565","15,799","15,508","70.78K","-0.94%"
"04/24/2018","15,655","15,202","15,771","15,202","59.06K","0.35%"
"04/23/2018","15,600","15,940","15,940","15,500","114.26K","0.00%"
"04/20/2018","15,600","15,945","15,945","15,350","72.67K","0.38%"
"04/19/2018","15,541","15,952","15,952","15,431","80.51K","0.67%"
"04/18/2018","15,438","15,952","15,952","15,168","86.59K","0.99%"
"04/17/2018","15,287","14,950","15,900","14,950","108.11K","0.88%"
"04/16/2018","15,154","15,952","15,952","15,038","62.55K","-1.02%"
"04/13/2018","15,310","15,500","15,500","15,080","20.22K","-0.26%"
"04/12/2018","15,350","15,400","15,422","15,075","99.40K","2.33%"
"04/11/2018","15,000","15,269","15,358","14,900","50.72K","-1.21%"
"04/10/2018","15,183","15,000","15,328","14,527","173.51K","1.04%"
"04/09/2018","15,026","15,320","15,320","14,900","45.70K","-1.35%"
"04/06/2018","15,232","15,952","15,952","14,969","69.95K","1.20%"
"04/05/2018","15,051","15,321","15,841","14,846","78.82K","-0.71%"
"04/04/2018","15,159","14,802","15,502","14,802","99.54K","-2.01%"
"04/03/2018","15,470","15,001","15,810","15,001","85.08K","-0.20%"
"03/29/2018","15,501","15,823","15,823","15,167","216.82K","0.98%"
"03/28/2018","15,350","15,801","15,801","15,143","63.28K","-1.27%"
"03/27/2018","15,548","15,433","15,826","15,325","89.55K","0.75%"
"03/26/2018","15,433","15,200","15,606","15,176","295.43K","2.27%"
"03/23/2018","15,090","14,400","15,499","14,400","248.72K","0.07%"
"03/22/2018","15,080","15,530","16,196","15,061","74.49K","-2.74%"
"03/20/2018","15,505","15,136","16,026","14,851","67.59K","2.01%"
"03/19/2018","15,200","16,150","16,150","15,200","123.41K","-1.20%"
"03/16/2018","15,384","16,400","16,497","15,365","190.51K","-2.13%"
"03/15/2018","15,719","16,600","16,600","15,592","87.94K","0.11%"
"03/14/2018","15,701","16,799","16,799","15,450","266.79K","-6.54%"
"03/13/2018","16,800","16,500","16,800","15,699","165.25K","3.70%"
"03/12/2018","16,200","16,499","16,499","15,450","92.43K","2.21%"
"03/09/2018","15,850","17,000","17,000","15,638","103.95K","-0.88%"
"03/08/2018","15,990","16,500","16,500","15,579","116.35K","0.52%"
"03/07/2018","15,907","15,800","16,199","15,591","80.73K","-1.81%"
"03/06/2018","16,200","16,250","16,637","15,824","144.34K","2.82%"
"03/05/2018","15,755","17,300","17,490","15,655","244.26K","-6.59%"
"03/02/2018","16,866","17,249","17,249","16,621","206.49K","-2.51%"
"03/01/2018","17,300","17,350","17,350","17,200","232.95K","-0.24%"
"02/28/2018","17,342","17,250","17,473","17,156","212.48K","0.53%"
"02/27/2018","17,250","17,251","17,349","17,130","219.22K","0.88%"
"02/26/2018","17,100","17,350","17,350","16,401","104.59K","-1.27%"
"02/23/2018","17,320","18,100","18,101","17,180","34.49K","-0.37%"
"02/22/2018","17,385","17,581","17,581","17,300","60.32K","0.05%"
"02/21/2018","17,376","17,100","17,494","17,100","114.22K","1.37%"
"02/20/2018","17,142","17,100","17,189","16,999","34.15K","0.84%"
"02/19/2018","17,000","17,200","17,200","16,768","88.37K","0.59%"
"02/16/2018","16,900","16,500","17,398","16,451","95.89K","3.48%"
"02/15/2018","16,332","16,500","16,500","16,200","53.87K","0.25%"
"02/14/2018","16,292","16,250","16,355","16,049","80.44K","0.57%"
"02/13/2018","16,200","16,200","16,203","16,054","124.49K","0.04%"
"02/12/2018","16,193","15,200","16,249","15,199","40.40K","1.35%"
"02/09/2018","15,978","16,030","16,250","15,856","87.30K","-0.09%"
"02/08/2018","15,992","15,200","16,135","15,177","61.19K","0.86%"
"02/07/2018","15,855","16,050","16,050","15,794","151.42K","-1.03%"
"02/06/2018","16,020","15,900","16,020","15,788","96.67K","0.56%"
"02/05/2018","15,930","15,905","16,020","15,798","148.43K","-0.12%"
"02/02/2018","15,949","15,900","16,048","15,836","107.86K","0.28%"
"02/01/2018","15,904","15,901","16,003","15,840","95.61K","-0.13%"
"01/31/2018","15,925","15,800","16,049","15,800","57.51K","-0.80%"
"01/30/2018","16,054","15,600","16,500","15,420","16.78K","0.15%"
"01/29/2018","16,030","16,300","16,450","15,900","130.61K","0.56%"
"01/26/2018","15,940","15,800","16,182","15,751","69.13K","1.85%"
"01/25/2018","15,650","16,000","16,041","15,650","70.84K","-1.57%"
"01/24/2018","15,900","15,500","16,000","15,490","185.80K","2.65%"
"01/23/2018","15,490","15,500","15,702","15,380","91.35K","0.58%"
"01/22/2018","15,400","14,995","15,480","14,995","176.90K","2.69%"
"01/19/2018","14,996","14,900","14,996","14,500","43.38K","1.26%"
"01/18/2018","14,810","14,790","14,996","14,583","77.27K","0.50%"
"01/17/2018","14,736","14,300","14,993","14,300","128.74K","-0.09%"
"01/16/2018","14,750","14,700","14,802","14,351","88.36K","0.34%"
"01/15/2018","14,700","14,779","14,860","14,403","46.03K","1.38%"
"01/12/2018","14,500","14,300","15,249","14,202","37.99K","0.49%"
"01/11/2018","14,430","14,272","15,010","14,119","123.75K","0.87%"
"01/10/2018","14,305","14,730","14,757","14,305","109.00K","-3.14%"
"01/09/2018","14,768","15,100","15,255","14,499","15.22K","-0.95%"
"01/08/2018","14,909","14,300","15,255","14,300","66.78K","2.12%"
"01/05/2018","14,600","15,100","15,106","14,466","95.12K","-0.34%"
"01/04/2018","14,650","14,300","15,100","14,207","116.47K","-0.66%"
"01/03/2018","14,748","15,255","15,255","14,748","40.93K","-3.61%"
"01/02/2018","15,300","15,100","15,502","15,011","79.22K","-1.57%"
"12/29/2017","15,544","15,496","15,544","15,369","23.40K","0.94%"
"12/28/2017","15,400","15,100","15,481","15,100","13.45K","0.34%"
"12/27/2017","15,348","15,285","15,744","15,281","30.78K","-2.53%"
"12/22/2017","15,747","15,880","15,880","15,527","36.74K","3.54%"
"12/21/2017","15,209","15,591","15,888","15,100","106.11K","-3.69%"
"12/20/2017","15,792","15,750","16,500","15,721","58.13K","-0.24%"
"12/19/2017","15,830","15,200","16,134","15,200","217.92K","4.14%"
"12/18/2017","15,200","14,800","15,227","14,800","144.90K","3.43%"
"12/15/2017","14,696","14,500","15,100","14,350","250.40K","3.06%"
"12/14/2017","14,260","13,400","14,475","13,400","60.87K","1.13%"
"12/13/2017","14,100","14,400","15,110","13,731","121.26K","-2.44%"
"12/12/2017","14,452","14,501","14,599","13,906","76.79K","-0.56%"
"12/11/2017","14,534","14,800","14,800","14,499","43.15K","-2.15%"
"12/08/2017","14,854","14,500","14,854","14,500","45.85K","1.68%"
"12/07/2017","14,609","14,660","14,670","14,516","24.14K","-1.44%"
"12/06/2017","14,823","14,750","14,995","14,571","63.36K","0.16%"
"12/05/2017","14,800","14,501","14,999","14,501","48.05K","0.00%"
"12/04/2017","14,800","15,150","15,150","14,605","18.14K","-0.98%"
"12/01/2017","14,947","14,985","15,140","14,800","57.67K","-0.25%"
"11/30/2017","14,985","15,099","15,099","14,749","63.69K","1.25%"
"11/29/2017","14,800","14,650","14,800","14,650","32.34K","-0.03%"
"11/28/2017","14,805","14,500","14,914","14,500","60.68K","2.10%"
"11/27/2017","14,500","14,450","14,906","14,450","27.35K","-0.34%"
"11/24/2017","14,550","14,800","14,801","14,400","143.45K","0.53%"
"11/23/2017","14,474","14,344","15,189","14,344","59.00K","0.51%"
"11/22/2017","14,400","14,450","14,541","14,147","139.43K","-0.69%"
"11/21/2017","14,500","14,900","14,900","14,000","143.51K","-0.40%"
"11/20/2017","14,558","15,200","15,200","14,481","56.32K","0.05%"
"11/17/2017","14,551","14,700","14,847","14,200","156.30K","-1.62%"
"11/16/2017","14,790","14,175","14,800","14,175","34.17K","1.30%"
"11/15/2017","14,600","14,450","14,830","14,256","30.03K","-1.35%"
"11/14/2017","14,800","14,870","15,100","14,501","79.33K","-0.47%"
"11/13/2017","14,870","15,200","15,298","14,851","38.20K","-0.20%"
"11/10/2017","14,900","14,600","15,000","14,600","36.13K","-0.37%"
"11/09/2017","14,956","14,301","15,075","14,301","188.94K","1.40%"
"11/08/2017","14,750","15,000","15,086","14,574","46.33K","-2.67%"
"11/07/2017","15,154","15,000","15,157","14,750","83.64K","2.77%"
"11/06/2017","14,745","14,300","15,270","14,300","34.67K","-1.69%"
"11/03/2017","14,999","14,401","15,254","14,350","19.42K","1.94%"
"11/02/2017","14,713","14,600","15,300","14,600","36.07K","-2.81%"
"11/01/2017","15,139","15,150","15,150","14,175","72.80K","-0.07%"
"10/31/2017","15,150","15,322","15,458","14,948","132.10K","0.18%"
"10/30/2017","15,123","15,000","15,123","14,300","65.52K","1.16%"
"10/27/2017","14,950","14,500","14,998","14,499","58.18K","2.64%"
"10/26/2017","14,565","14,565","14,790","14,556","39.21K","0.00%"
"10/25/2017","14,565","14,700","14,700","14,304","53.37K","0.71%"
"10/24/2017","14,463","14,300","14,496","14,046","62.52K","2.10%"
"10/23/2017","14,166","14,520","14,528","13,649","107.73K","-0.94%"
"10/20/2017","14,301","14,690","14,690","14,301","136.94K","-2.01%"
"10/19/2017","14,594","14,700","14,700","14,288","67.33K","0.37%"
"10/18/2017","14,540","14,490","14,650","14,163","176.19K","0.28%"
"10/17/2017","14,500","14,770","14,770","14,495","113.96K","-1.83%"
"10/16/2017","14,770","14,990","14,990","14,700","71.77K","-0.20%"
"10/13/2017","14,800","14,950","14,950","14,370","84.63K","0.00%"
"10/12/2017","14,800","14,995","14,995","14,754","66.18K","0.14%"
"10/11/2017","14,779","14,988","15,000","14,700","92.45K","-1.01%"
"10/10/2017","14,930","14,985","14,985","14,675","34.97K","0.88%"
"10/09/2017","14,800","14,677","14,970","14,550","57.87K","-0.91%"
"10/06/2017","14,936","14,985","15,000","14,827","38.39K","0.72%"
"10/05/2017","14,829","14,900","14,981","14,616","25.39K","-0.48%"
"10/04/2017","14,900","14,785","14,998","14,760","73.01K","1.00%"
"10/03/2017","14,753","14,815","14,849","14,545","82.61K","-0.32%"
"10/02/2017","14,800","14,728","14,850","14,689","77.21K","0.49%"
"09/29/2017","14,728","14,650","14,999","14,554","80.53K","0.68%"
"09/28/2017","14,628","14,480","14,673","14,400","181.67K","1.02%"
"09/27/2017","14,480","14,503","14,598","14,480","39.83K","-0.82%"
"09/26/2017","14,600","14,525","14,780","14,499","89.35K","0.00%"
"09/22/2017","14,600","14,500","14,740","14,426","120.08K","-1.28%"
"09/21/2017","14,790","14,100","14,800","14,100","211.03K","4.64%"
"09/20/2017","14,134","14,433","14,433","14,002","147.40K","-0.73%"
"09/19/2017","14,238","14,299","14,422","14,150","27.59K","0.21%"
"09/18/2017","14,208","14,208","14,400","14,054","66.37K","2.02%"
"09/15/2017","13,926","14,600","14,600","13,926","229.69K","-1.76%"
"09/14/2017","14,176","14,465","14,465","14,099","94.61K","-0.01%"
"09/13/2017","14,178","14,599","14,599","14,074","66.21K","-0.92%"
"09/12/2017","14,309","14,385","14,597","14,100","39.33K","1.48%"
"09/11/2017","14,100","14,435","14,600","14,065","63.25K","-2.32%"
"09/08/2017","14,435","14,300","14,600","14,200","51.86K","0.73%"
"09/07/2017","14,330","14,250","14,497","14,000","285.34K","0.57%"
"09/06/2017","14,249","13,999","14,249","13,696","274.12K","1.06%"
"09/05/2017","14,100","13,725","14,249","13,725","53.77K","2.13%"
"09/04/2017","13,806","13,903","14,098","13,752","18.11K","-0.70%"
"09/01/2017","13,903","13,725","14,099","13,725","8.02K","0.20%"
"08/31/2017","13,875","14,100","14,100","13,663","71.36K","-0.04%"
"08/30/2017","13,881","13,820","14,127","13,820","22.12K","-0.71%"
"08/29/2017","13,980","14,170","14,199","13,858","29.09K","-1.43%"
"08/28/2017","14,183","14,020","14,200","13,963","23.53K","0.95%"
"08/25/2017","14,050","13,960","14,200","13,741","47.91K","0.50%"
"08/24/2017","13,980","13,900","14,200","13,900","12.17K","-0.11%"
"08/23/2017","13,996","14,400","14,502","13,724","63.04K","-2.45%"
"08/22/2017","14,348","14,120","14,358","13,961","179.23K","-0.19%"
"08/21/2017","14,375","14,100","14,487","13,961","71.38K","3.05%"
"08/18/2017","13,950","13,950","14,000","13,589","35.72K","0.00%"
"08/17/2017","13,950","13,924","13,984","13,716","57.05K","0.78%"
"08/16/2017","13,842","13,708","13,842","13,708","22.54K","0.93%"
"08/15/2017","13,715","13,701","13,925","13,701","36.44K","-0.29%"
"08/14/2017","13,755","13,700","13,817","13,650","67.42K","0.77%"
"08/11/2017","13,650","13,630","13,799","13,601","38.66K","0.15%"
"08/10/2017","13,630","13,980","13,980","13,542","83.30K","-0.66%"
"08/08/2017","13,720","13,698","13,800","13,575","124.25K","0.13%"
"08/07/2017","13,702","13,985","14,000","13,700","28.40K","-2.02%"
"08/04/2017","13,985","14,000","14,200","13,908","29.40K","0.37%"
"08/03/2017","13,934","14,000","14,000","13,776","14.67K","0.62%"
"08/02/2017","13,848","13,799","13,850","13,730","46.07K","0.35%"
"08/01/2017","13,800","14,000","14,000","13,701","47.33K","0.44%"
"07/31/2017","13,740","13,700","13,784","13,700","32.48K","0.15%"
"07/28/2017","13,720","13,525","13,769","13,525","32.22K","-0.41%"
"07/27/2017","13,776","13,700","13,776","13,689","35.47K","0.55%"
"07/26/2017","13,701","13,700","13,750","13,589","33.43K","0.00%"
"07/25/2017","13,701","13,701","13,761","13,695","40.60K","-0.33%"
"07/24/2017","13,746","13,791","13,888","13,657","36.43K","0.30%"
"07/21/2017","13,705","13,823","13,966","13,700","75.52K","-0.33%"
"07/20/2017","13,750","13,769","13,810","13,571","87.72K","-0.54%"
"07/19/2017","13,825","14,400","14,400","13,526","63.57K","-3.96%"
"07/18/2017","14,395","14,046","14,804","14,045","85.17K","0.21%"
"07/17/2017","14,365","13,987","14,540","13,866","58.12K","3.79%"
"07/14/2017","13,840","13,800","13,928","13,762","113.86K","0.29%"
"07/13/2017","13,800","13,825","13,827","13,528","30.31K","0.02%"
"07/12/2017","13,797","13,999","13,999","13,530","29.44K","0.80%"
"07/11/2017","13,687","13,618","13,854","13,482","105.52K","0.51%"
"07/10/2017","13,618","13,825","13,825","13,500","17.77K","-0.87%"
"07/07/2017","13,738","14,055","14,055","13,623","20.32K","-0.63%"
"07/06/2017","13,825","14,050","14,050","13,707","53.57K","-1.25%"
"07/05/2017","14,000","13,688","14,033","13,688","25.42K","0.57%"
"07/04/2017","13,920","14,100","14,100","13,900","49.91K","-0.57%"
"07/03/2017","14,000","14,000","14,470","13,960","90.04K","0.01%"
"06/30/2017","13,999","13,710","14,680","13,416","213.77K","2.11%"
"06/29/2017","13,710","13,700","13,752","13,684","88.02K","0.07%"
"06/28/2017","13,701","13,800","13,930","13,700","65.50K","-1.78%"
"06/27/2017","13,950","13,700","13,950","13,700","69.75K","0.00%"
"06/26/2017","13,950","14,000","14,000","13,765","90.72K","1.42%"
"06/23/2017","13,755","13,700","13,755","13,380","143.77K","0.45%"
"06/22/2017","13,693","14,294","14,294","13,687","34.06K","-2.02%"
"06/21/2017","13,975","14,323","14,456","13,739","86.41K","-3.42%"
"06/20/2017","14,470","14,843","14,898","14,350","78.12K","-1.92%"
"06/19/2017","14,754","15,000","15,000","14,460","96.78K","-1.27%"
"06/15/2017","14,944","14,175","14,981","14,153","219.79K","3.28%"
"06/14/2017","14,470","14,201","14,499","14,157","225.34K","2.55%"
"06/13/2017","14,110","13,845","14,200","13,845","48.19K","-0.35%"
"06/12/2017","14,160","13,533","14,295","13,533","75.42K","2.31%"
"06/09/2017","13,840","13,350","13,850","13,350","39.30K","2.38%"
"06/08/2017","13,518","13,250","13,590","13,250","55.95K","0.21%"
"06/07/2017","13,490","13,250","13,500","13,250","291.18K","-0.10%"
"06/06/2017","13,503","13,424","13,659","13,400","32.15K","0.02%"
"06/05/2017","13,500","13,444","13,772","13,295","37.05K","-1.81%"
"06/02/2017","13,749","13,500","13,749","13,280","40.19K","0.75%"
"06/01/2017","13,647","13,600","13,785","13,600","8.99K","-1.77%"
"05/31/2017","13,893","13,849","13,893","13,700","101.76K","1.15%"
"05/30/2017","13,735","14,000","14,000","13,670","73.59K","-0.11%"
"05/29/2017","13,750","13,900","13,906","13,601","23.95K","-1.08%"
"05/26/2017","13,900","13,980","13,980","13,700","66.12K","-0.57%"
"05/25/2017","13,980","13,980","14,073","13,750","69.62K","1.34%"
"05/24/2017","13,795","14,200","14,200","13,689","54.45K","-1.46%"
"05/23/2017","14,000","14,250","14,250","13,888","123.48K","-1.41%"
"05/22/2017","14,200","14,619","14,619","14,011","8.38K","-0.27%"
"05/19/2017","14,238","14,150","14,319","14,000","116.00K","1.59%"
"05/18/2017","14,015","14,447","14,447","13,961","95.56K","-2.33%"
"05/17/2017","14,350","14,500","14,500","14,300","53.20K","-1.03%"
"05/16/2017","14,500","14,500","14,791","14,134","28.25K","0.33%"
"05/15/2017","14,453","14,500","14,678","14,332","361.25K","-1.01%"
"05/12/2017","14,600","14,900","14,917","14,532","94.67K","-2.01%"
"05/11/2017","14,899","14,774","14,900","14,482","42.21K","2.75%"
"05/10/2017","14,500","14,450","14,726","14,092","115.22K","0.63%"
"05/09/2017","14,409","14,450","14,465","14,301","82.67K","-0.42%"
"05/08/2017","14,470","14,400","14,576","14,300","50.59K","0.10%"
"05/05/2017","14,455","14,439","14,465","14,324","27.61K","0.11%"
"05/04/2017","14,439","14,299","14,580","14,000","114.16K","2.77%"
"05/03/2017","14,050","14,700","14,773","14,001","57.32K","-1.92%"
"05/02/2017","14,325","14,355","14,773","14,200","55.94K","-0.20%"
"04/28/2017","14,354","14,800","14,800","14,195","66.64K","-1.35%"
"04/26/2017","14,550","14,740","14,779","14,165","62.98K","0.76%"
"04/25/2017","14,440","14,376","14,530","14,231","28.17K","1.33%"
"04/24/2017","14,250","14,376","14,376","14,021","41.12K","1.06%"
"04/21/2017","14,100","13,810","14,299","13,621","49.79K","0.71%"
"04/20/2017","14,000","13,900","14,043","13,716","104.28K","-0.48%"
"04/19/2017","14,068","14,582","14,582","14,007","29.27K","-1.47%"
"04/18/2017","14,278","14,464","14,650","14,268","26.24K","-3.32%"
"04/13/2017","14,768","14,800","14,800","14,457","32.24K","0.16%"
"04/12/2017","14,745","14,800","14,800","14,550","79.48K","0.67%"
"04/11/2017","14,647","14,589","14,774","14,305","154.71K","1.36%"
"04/10/2017","14,450","14,029","14,735","14,029","77.33K","1.77%"
"04/07/2017","14,199","14,599","14,600","13,998","114.33K","-1.12%"
"04/06/2017","14,360","14,706","15,199","14,192","196.40K","-4.58%"
"04/05/2017","15,050","15,600","15,614","15,033","39.42K","-3.53%"
"04/04/2017","15,600","16,000","16,000","15,509","56.55K","-2.30%"
"04/03/2017","15,967","16,299","16,299","15,700","58.14K","-0.92%"
"03/31/2017","16,115","16,063","16,163","15,526","198.37K","-0.22%"
"03/30/2017","16,150","16,290","16,290","15,955","25.90K","0.31%"
"03/29/2017","16,100","16,299","16,299","15,996","71.83K","-0.21%"
"03/28/2017","16,134","16,400","16,438","15,988","115.26K","0.96%"
"03/27/2017","15,980","15,900","16,085","15,804","31.77K","0.72%"
"03/24/2017","15,865","15,794","16,028","15,605","123.68K","0.41%"
"03/23/2017","15,800","15,600","16,220","15,600","81.84K","-0.01%"
"03/22/2017","15,802","15,701","15,876","15,251","182.07K","0.46%"
"03/20/2017","15,729","15,650","16,098","15,650","49.56K","-1.57%"
"03/17/2017","15,980","16,100","16,100","15,600","152.92K","0.34%"
"03/16/2017","15,926","15,770","16,043","15,083","207.05K","1.71%"
"03/15/2017","15,658","14,914","15,793","14,914","703.74K","3.01%"
"03/14/2017","15,200","15,340","15,408","14,970","80.85K","-0.91%"
"03/13/2017","15,340","14,821","15,340","14,821","42.79K","1.93%"
"03/10/2017","15,050","15,050","15,123","14,717","117.66K","0.00%"
"03/09/2017","15,050","14,920","15,050","14,840","65.74K","0.83%"
"03/08/2017","14,926","14,920","15,050","14,725","151.75K","0.04%"
"03/07/2017","14,920","14,976","15,124","14,794","51.32K","-0.53%"
"03/06/2017","15,000","14,700","15,040","14,700","71.10K","2.04%"
"03/03/2017","14,700","14,246","14,950","14,246","53.98K","0.00%"
"03/02/2017","14,700","14,334","14,775","13,880","18.57K","0.68%"
"03/01/2017","14,600","14,273","15,000","13,901","45.85K","0.17%"
"02/28/2017","14,575","14,950","14,950","14,254","90.73K","-1.19%"
"02/27/2017","14,750","14,400","14,800","14,000","110.22K","2.57%"
"02/24/2017","14,380","13,800","14,489","13,763","104.17K","0.20%"
"02/23/2017","14,351","13,800","14,499","13,800","117.27K","1.54%"
"02/22/2017","14,133","14,270","14,270","13,800","142.05K","-0.74%"
"02/21/2017","14,239","13,990","14,239","13,990","53.91K","0.27%"
"02/20/2017","14,201","14,779","14,779","14,199","41.96K","-2.97%"
"02/17/2017","14,635","15,100","15,250","14,400","84.10K","-3.91%"
"02/16/2017","15,230","14,628","15,230","14,613","72.59K","5.14%"
"02/15/2017","14,485","14,350","14,714","14,268","130.14K","-1.40%"
"02/14/2017","14,690","14,248","14,700","14,215","68.62K","0.98%"
"02/13/2017","14,548","14,500","14,548","14,247","48.09K","1.53%"
"02/10/2017","14,329","14,500","14,500","14,105","66.23K","0.55%"
"02/09/2017","14,251","14,200","14,420","14,176","32.10K","-1.27%"
"02/08/2017","14,435","14,689","14,700","14,250","78.77K","-1.80%"
"02/07/2017","14,699","14,313","14,775","14,093","80.21K","2.38%"
"02/06/2017","14,357","15,000","15,000","14,101","124.94K","-3.29%"
"02/03/2017","14,845","14,601","14,874","14,600","50.46K","0.92%"
"02/02/2017","14,710","14,800","14,800","14,688","63.11K","-0.44%"
"02/01/2017","14,775","14,649","14,800","14,401","37.89K","0.90%"
"01/31/2017","14,643","14,430","14,781","14,430","10.02K","0.71%"
"01/30/2017","14,540","14,611","14,798","14,313","56.27K","1.67%"
"01/27/2017","14,301","14,999","15,043","14,277","114.55K","-4.96%"
"01/26/2017","15,048","14,999","15,148","14,999","21.30K","0.33%"
"01/25/2017","14,999","14,999","15,116","14,995","40.69K","0.00%"
"01/24/2017","14,999","14,986","15,122","14,247","64.97K","0.09%"
"01/23/2017","14,986","14,938","15,093","14,526","88.64K","-0.43%"
"01/20/2017","15,050","13,950","15,092","13,950","166.59K","5.62%"
"01/19/2017","14,249","14,077","14,250","13,962","93.29K","0.84%"
"01/18/2017","14,130","14,291","14,291","14,052","85.54K","-0.42%"
"01/17/2017","14,190","14,400","14,400","14,100","118.63K","-0.14%"
"01/16/2017","14,210","14,180","14,500","14,051","68.80K","-1.32%"
"01/13/2017","14,400","14,700","14,700","14,151","106.64K","0.00%"
"01/12/2017","14,400","14,700","14,700","14,050","157.35K","0.08%"
"01/11/2017","14,389","14,100","14,539","14,054","155.49K","2.05%"
"01/10/2017","14,100","15,400","15,400","14,029","82.39K","-2.76%"
"01/09/2017","14,500","14,809","14,900","14,479","57.29K","0.00%"
"01/06/2017","14,500","14,940","15,400","14,500","62.41K","-4.28%"
"01/05/2017","15,149","15,144","15,356","15,040","33.12K","0.87%"
"01/04/2017","15,018","15,200","15,399","14,978","41.20K","-0.54%"
"01/03/2017","15,100","14,632","15,399","14,632","50.94K","-1.95%"
"12/30/2016","15,400","15,400","15,410","14,500","59.48K","2.98%"
"12/29/2016","14,954","14,972","15,398","14,831","14.30K","0.36%"
"12/28/2016","14,900","14,610","15,461","14,521","25.74K","-1.71%"
"12/23/2016","15,159","15,500","15,500","14,800","11.47K","-1.12%"
"12/22/2016","15,330","15,423","15,494","14,556","81.59K","-0.19%"
"12/21/2016","15,359","14,650","15,500","14,500","158.17K","0.52%"
"12/20/2016","15,279","14,657","15,499","14,500","82.53K","-0.13%"
"12/19/2016","15,299","14,600","15,890","14,600","188.23K","2.33%"
"12/15/2016","14,950","14,971","15,100","14,599","140.09K","-0.14%"
"12/14/2016","14,971","15,077","15,174","14,700","70.74K","-0.85%"
"12/13/2016","15,100","14,203","15,173","14,203","75.39K","4.13%"
"12/12/2016","14,501","14,850","15,275","14,450","90.63K","0.35%"
"12/09/2016","14,451","14,006","14,716","14,006","50.09K","2.83%"
"12/08/2016","14,053","13,626","14,650","13,603","101.51K","2.94%"
"12/07/2016","13,651","13,700","13,700","13,323","128.44K","0.41%"
"12/06/2016","13,595","14,100","14,456","13,350","141.27K","0.28%"
"12/05/2016","13,557","13,800","14,600","13,508","79.63K","-1.76%"
"12/02/2016","13,800","13,600","14,801","13,600","101.24K","-3.40%"
"12/01/2016","14,285","13,800","15,000","13,800","75.11K","-0.45%"
"11/30/2016","14,350","14,100","15,000","13,400","99.51K","-1.20%"
"11/29/2016","14,524","14,950","14,999","13,999","100.01K","-2.50%"
"11/28/2016","14,897","14,623","14,897","14,500","103.47K","2.60%"
"11/25/2016","14,520","14,851","15,000","14,500","61.54K","-1.54%"
"11/24/2016","14,747","14,757","14,891","14,699","78.02K","0.66%"
"11/23/2016","14,651","14,850","15,255","14,612","161.70K","-3.61%"
"11/22/2016","15,200","15,300","15,499","14,800","136.72K","0.76%"
"11/21/2016","15,086","15,000","15,277","15,000","79.11K","-0.75%"
"11/18/2016","15,200","14,701","15,205","14,700","119.09K","1.21%"
"11/17/2016","15,019","14,750","15,400","14,750","115.56K","0.03%"
"11/16/2016","15,015","14,700","15,082","14,700","134.56K","1.44%"
"11/15/2016","14,802","15,010","15,186","14,440","92.38K","-1.33%"
"11/14/2016","15,001","15,145","15,250","15,001","127.75K","-1.17%"
"11/11/2016","15,179","15,500","15,500","15,100","145.30K","1.14%"
"11/10/2016","15,008","15,000","15,549","15,000","181.82K","1.14%"
"11/09/2016","14,839","15,800","15,800","14,524","124.37K","-1.59%"
"11/08/2016","15,079","14,900","15,091","14,500","48.50K","1.65%"
"11/07/2016","14,834","14,818","14,900","14,647","101.70K","0.11%"
"11/04/2016","14,818","15,135","15,135","14,250","47.54K","0.39%"
"11/03/2016","14,760","14,700","14,899","14,250","117.96K","-0.05%"
"11/02/2016","14,768","14,495","15,199","13,500","58.57K","1.88%"
"11/01/2016","14,495","15,200","15,200","14,406","195.39K","-4.64%"
"10/31/2016","15,200","14,400","15,200","14,400","526.63K","4.82%"
"10/28/2016","14,501","14,550","14,721","14,400","26.16K","-0.68%"
"10/27/2016","14,600","14,500","14,631","14,500","41.41K","-0.68%"
"10/26/2016","14,700","14,600","15,200","14,600","82.00K","-3.26%"
"10/25/2016","15,196","14,406","15,286","14,250","93.64K","5.00%"
"10/24/2016","14,473","14,650","14,650","13,800","66.70K","1.94%"
"10/21/2016","14,197","14,739","14,739","14,041","70.15K","-1.59%"
"10/20/2016","14,426","15,000","15,000","14,105","42.03K","0.00%"
"10/19/2016","14,426","14,750","14,750","14,374","138.31K","-2.20%"
"10/18/2016","14,750","14,101","14,824","14,101","126.24K","3.51%"
"10/17/2016","14,250","14,200","14,419","14,072","125.24K","-0.30%"
"10/14/2016","14,293","14,600","14,600","14,293","38.63K","-1.74%"
"10/13/2016","14,546","14,995","14,995","14,419","135.60K","-2.99%"
"10/12/2016","14,995","15,220","15,542","14,957","76.22K","-2.63%"
"10/11/2016","15,400","15,575","15,775","15,243","135.02K","-1.67%"
"10/10/2016","15,661","15,750","15,755","15,528","131.50K","0.26%"
"10/07/2016","15,620","15,550","15,706","15,451","126.59K","0.56%"
"10/06/2016","15,533","15,340","15,601","15,318","256.46K","1.26%"
"10/05/2016","15,340","15,236","15,350","15,198","198.32K","0.35%"
"10/04/2016","15,287","15,100","15,335","14,925","154.16K","2.94%"
"10/03/2016","14,851","15,300","15,500","14,734","84.83K","-3.63%"
"09/30/2016","15,410","15,361","15,499","14,900","149.09K","0.06%"
"09/29/2016","15,400","15,556","15,694","15,254","183.34K","0.01%"
"09/28/2016","15,398","15,614","15,700","15,125","152.43K","-0.42%"
"09/27/2016","15,463","15,453","15,580","15,136","186.95K","-0.23%"
"09/26/2016","15,498","15,589","15,589","15,276","95.67K","-0.55%"
"09/23/2016","15,583","15,391","15,700","15,352","197.32K","0.67%"
"09/22/2016","15,480","15,827","15,854","15,330","165.90K","-2.41%"
"09/21/2016","15,863","16,416","16,416","15,863","199.76K","-2.30%"
"09/20/2016","16,237","16,480","16,480","16,123","99.28K","-1.05%"
"09/19/2016","16,410","16,550","16,550","16,404","93.25K","-1.08%"
"09/16/2016","16,590","16,469","17,099","16,369","185.62K","-0.06%"
"09/15/2016","16,600","16,569","17,084","16,569","141.43K","0.79%"
"09/14/2016","16,470","16,550","16,550","16,395","258.63K","-0.51%"
"09/13/2016","16,555","16,665","16,665","16,220","325.54K","-0.66%"
"09/12/2016","16,665","16,404","16,665","16,129","334.06K","0.08%"
"09/09/2016","16,651","16,802","16,827","16,500","613.61K","-0.09%"
"09/08/2016","16,666","16,900","16,900","16,411","280.76K","0.07%"
"09/07/2016","16,655","16,023","16,938","15,979","470.46K","4.45%"
"09/06/2016","15,946","14,900","16,350","14,900","258.21K","3.55%"
"09/05/2016","15,400","15,500","15,500","15,139","203.69K","-0.34%"
"09/02/2016","15,453","15,333","15,551","15,333","947.38K","0.91%"
"09/01/2016","15,313","15,000","15,313","14,852","299.62K","2.94%"
"08/31/2016","14,875","14,800","15,000","14,595","271.04K","0.71%"
"08/30/2016","14,770","14,700","14,882","14,665","71.02K","0.68%"
"08/29/2016","14,670","14,535","14,924","14,535","142.06K","0.82%"
"08/26/2016","14,550","14,550","14,600","14,500","239.98K","0.00%"
"08/25/2016","14,550","14,500","14,589","14,480","206.11K","0.69%"
"08/24/2016","14,450","14,385","14,581","14,307","137.05K","1.23%"
"08/23/2016","14,275","14,200","14,500","14,085","221.16K","0.39%"
"08/22/2016","14,220","14,250","14,800","13,899","152.95K","2.67%"
"08/19/2016","13,850","13,561","14,089","13,480","255.10K","2.59%"
"08/18/2016","13,500","13,500","13,600","13,461","143.68K","0.37%"
"08/17/2016","13,450","13,200","13,620","13,200","221.58K","-0.37%"
"08/16/2016","13,500","13,284","13,600","13,183","99.40K","2.23%"
"08/15/2016","13,206","13,549","13,640","13,104","55.42K","-0.80%"
"08/12/2016","13,312","13,000","13,510","12,799","87.99K","4.01%"
"08/11/2016","12,799","12,970","12,970","12,318","102.58K","0.38%"
"08/10/2016","12,750","12,368","12,915","12,198","126.49K","3.28%"
"08/08/2016","12,345","11,950","12,500","11,950","43.40K","0.53%"
"08/05/2016","12,280","11,853","12,496","11,853","164.60K","-0.33%"
"08/04/2016","12,321","12,401","12,537","11,950","53.71K","-0.65%"
"08/02/2016","12,401","12,101","12,902","11,984","99.16K","2.28%"
"08/01/2016","12,124","11,970","12,250","11,970","28.30K","1.46%"
"07/29/2016","11,950","11,551","12,181","11,551","60.50K","-0.24%"
"07/28/2016","11,979","11,950","12,310","11,948","104.63K","0.24%"
"07/27/2016","11,950","12,180","12,309","11,800","27.53K","-0.01%"
"07/26/2016","11,951","12,300","12,300","11,500","65.56K","-0.03%"
"07/25/2016","11,955","11,500","12,289","11,500","55.92K","-0.17%"
"07/22/2016","11,975","11,562","12,009","11,562","103.39K","-0.77%"
"07/21/2016","12,068","12,065","12,336","11,606","49.50K","0.32%"
"07/20/2016","12,030","11,980","12,340","11,950","58.73K","-2.20%"
"07/19/2016","12,300","12,113","12,330","11,900","51.38K","1.54%"
"07/18/2016","12,113","12,020","12,433","11,920","23.36K","0.44%"
"07/15/2016","12,060","11,900","12,350","11,900","82.33K","-0.83%"
"07/14/2016","12,161","12,150","12,443","12,110","54.16K","-1.29%"
"07/13/2016","12,320","12,493","12,500","11,800","36.65K","0.37%"
"07/12/2016","12,275","11,630","12,339","11,630","30.58K","3.15%"
"07/11/2016","11,900","12,180","12,700","11,798","67.19K","-2.46%"
"07/08/2016","12,200","12,160","12,200","11,880","21.35K","2.35%"
"07/07/2016","11,920","11,800","12,300","11,703","64.26K","-0.75%"
"07/06/2016","12,010","12,015","12,151","11,658","61.24K","-1.89%"
"07/05/2016","12,241","12,100","12,269","11,997","39.63K","0.67%"
"07/04/2016","12,160","12,012","12,241","11,952","37.37K","-0.33%"
"07/01/2016","12,200","12,100","12,600","12,100","75.19K","-3.04%"
"06/30/2016","12,582","12,514","12,582","12,148","76.86K","0.54%"
"06/29/2016","12,514","12,575","12,575","11,852","29.35K","4.28%"
"06/28/2016","12,000","11,221","12,588","11,221","52.92K","1.60%"
"06/27/2016","11,811","12,100","12,346","11,612","102.36K","-4.24%"
"06/24/2016","12,334","12,500","12,585","11,600","39.67K","-1.02%"
"06/23/2016","12,461","12,200","12,492","12,200","104.31K","1.28%"
"06/22/2016","12,303","12,250","12,402","12,002","92.40K","-1.16%"
"06/21/2016","12,448","12,430","12,449","12,000","70.97K","3.72%"
"06/20/2016","12,001","12,450","12,450","11,810","101.13K","-3.61%"
"06/17/2016","12,450","12,200","12,450","12,039","48.42K","3.47%"
"06/15/2016","12,033","11,700","12,189","11,700","49.46K","1.54%"
"06/14/2016","11,850","12,022","12,022","11,788","140.59K","-1.10%"
"06/13/2016","11,982","12,200","12,200","11,850","238.62K","-0.14%"
"06/10/2016","11,999","11,900","12,030","11,888","152.19K","0.62%"
"06/09/2016","11,925","11,935","12,027","11,899","83.10K","-0.50%"
"06/08/2016","11,985","11,800","12,071","11,800","126.91K","-1.51%"
"06/07/2016","12,169","12,485","12,605","12,023","159.26K","-1.18%"
"06/06/2016","12,314","12,399","12,455","11,880","115.41K","1.45%"
"06/03/2016","12,138","12,375","12,375","11,600","111.86K","1.89%"
"06/02/2016","11,913","12,199","12,199","11,601","48.60K","-0.07%"
"06/01/2016","11,921","11,850","12,127","11,575","72.40K","2.77%"
"05/31/2016","11,600","11,675","12,490","11,581","105.44K","0.00%"
"05/30/2016","11,600","11,900","12,200","11,600","63.62K","-0.42%"
"05/27/2016","11,649","11,351","11,771","11,351","101.43K","-0.82%"
"05/26/2016","11,745","11,678","11,908","11,632","81.53K","0.51%"
"05/25/2016","11,685","11,849","11,849","11,600","22.67K","-0.71%"
"05/24/2016","11,769","11,805","11,805","11,647","15.88K","-0.68%"
"05/23/2016","11,849","12,019","12,019","11,740","89.69K","-1.59%"
"05/20/2016","12,041","12,050","12,281","11,554","78.02K","2.91%"
"05/19/2016","11,700","11,830","12,198","11,443","71.09K","0.69%"
"05/18/2016","11,620","11,500","11,850","11,373","96.66K","1.04%"
"05/17/2016","11,500","11,799","11,857","11,319","294.58K","-1.41%"
"05/16/2016","11,665","11,740","11,867","11,638","73.16K","0.94%"
"05/13/2016","11,556","11,620","11,900","11,000","142.25K","1.81%"
"05/12/2016","11,350","11,700","11,760","11,207","122.59K","0.44%"
"05/11/2016","11,300","11,800","11,856","11,100","193.68K","0.00%"
"05/10/2016","11,300","11,100","11,428","11,100","180.66K","-0.32%"
"05/09/2016","11,336","11,499","11,504","11,146","122.24K","-1.04%"
"05/06/2016","11,455","11,700","11,921","11,400","138.58K","-3.46%"
"05/05/2016","11,865","11,600","11,981","11,600","182.12K","-1.13%"
"05/04/2016","12,000","11,950","12,150","11,808","96.98K","-0.83%"
"05/03/2016","12,100","12,321","12,321","12,100","129.23K","-0.41%"
"04/29/2016","12,150","12,000","12,351","12,000","74.39K","1.25%"
"04/28/2016","12,000","12,035","12,414","11,991","85.26K","-0.83%"
"04/26/2016","12,100","12,277","12,277","11,820","46.04K","-1.56%"
"04/25/2016","12,292","11,900","12,331","11,770","41.64K","2.43%"
"04/22/2016","12,000","12,113","12,601","11,755","96.32K","-1.60%"
"04/21/2016","12,195","12,500","12,605","11,602","109.05K","-2.49%"
"04/20/2016","12,506","12,145","12,650","11,893","148.65K","2.92%"
"04/19/2016","12,151","11,648","12,204","11,648","47.47K","0.44%"
"04/18/2016","12,098","12,100","12,100","11,886","94.44K","1.33%"
"04/15/2016","11,939","11,619","11,949","11,080","105.81K","1.99%"
"04/14/2016","11,706","12,200","12,200","11,427","59.23K","0.55%"
"04/13/2016","11,642","11,080","12,144","11,080","82.02K","-1.43%"
"04/12/2016","11,811","11,500","12,220","11,500","116.55K","1.82%"
"04/11/2016","11,600","11,805","12,250","11,300","62.18K","-5.88%"
"04/08/2016","12,325","11,801","12,550","11,172","334.65K","3.57%"
"04/07/2016","11,900","12,083","12,498","11,825","173.05K","-0.23%"
"04/06/2016","11,928","12,318","12,450","11,803","183.21K","0.91%"
"04/05/2016","11,821","12,000","12,587","11,805","210.21K","-5.55%"
"04/04/2016","12,515","11,800","12,606","11,800","53.54K","6.06%"
"04/01/2016","11,800","11,800","12,599","11,800","73.50K","-0.84%"
"03/31/2016","11,900","11,962","12,466","11,806","113.45K","-5.50%"
"03/30/2016","12,593","12,150","12,599","11,801","130.87K","6.72%"
"03/29/2016","11,800","12,310","12,310","11,749","90.15K","-4.14%"
"03/24/2016","12,310","12,389","12,390","11,882","53.38K","0.98%"
"03/23/2016","12,190","12,016","12,499","11,725","121.80K","1.45%"
"03/22/2016","12,016","12,599","12,599","11,662","108.04K","-3.31%"
"03/18/2016","12,427","12,500","12,655","12,170","148.97K","1.78%"
"03/17/2016","12,210","12,500","12,744","12,200","131.51K","-2.16%"
"03/16/2016","12,480","12,170","12,939","12,170","98.72K","-1.30%"
"03/15/2016","12,644","12,640","12,976","12,107","123.32K","-2.74%"
"03/14/2016","13,000","12,400","13,200","11,878","57.74K","1.07%"
"03/11/2016","12,862","11,765","12,862","11,765","59.85K","0.17%"
"03/10/2016","12,840","12,305","13,153","12,126","41.54K","0.98%"
"03/09/2016","12,715","12,901","12,979","12,600","41.86K","-2.57%"
"03/08/2016","13,050","12,850","13,208","12,505","94.75K","1.56%"
"03/07/2016","12,849","12,205","13,350","12,205","92.13K","1.22%"
"03/04/2016","12,694","11,804","12,752","11,804","127.26K","2.99%"
"03/03/2016","12,325","13,500","13,500","12,260","146.98K","-2.95%"
"03/02/2016","12,700","12,355","13,450","12,000","206.85K","1.60%"
"03/01/2016","12,500","12,900","12,900","12,350","160.74K","1.63%"
"02/29/2016","12,300","13,250","13,250","11,804","156.50K","-6.46%"
"02/26/2016","13,150","13,475","14,000","12,505","130.60K","-1.90%"
"02/25/2016","13,405","13,675","13,675","13,339","120.51K","0.04%"
"02/24/2016","13,400","13,464","13,835","12,699","162.66K","0.00%"
"02/23/2016","13,400","12,905","13,506","12,606","198.24K","3.88%"
"02/22/2016","12,900","12,200","12,999","12,200","203.44K","5.74%"
"02/19/2016","12,200","12,281","12,297","11,815","168.00K","-0.24%"
"02/18/2016","12,229","12,196","12,418","11,643","198.14K","1.36%"
"02/17/2016","12,065","12,330","12,352","11,720","183.94K","-1.43%"
"02/16/2016","12,240","12,400","12,432","11,750","198.53K","-1.88%"
"02/15/2016","12,475","11,605","12,550","11,605","254.53K","1.00%"
"02/12/2016","12,351","11,600","12,628","11,336","458.35K","7.87%"
"02/11/2016","11,450","11,517","11,813","11,416","166.47K","-0.64%"
"02/10/2016","11,524","11,500","11,703","11,335","197.74K","-1.50%"
"02/09/2016","11,700","11,800","11,800","11,356","108.53K","-0.85%"
"02/08/2016","11,800","11,999","11,999","11,499","95.59K","-0.67%"
"02/05/2016","11,880","11,794","12,116","11,150","170.99K","1.37%"
"02/04/2016","11,720","11,590","11,965","10,765","155.86K","1.17%"
"02/03/2016","11,585","11,419","11,600","10,650","196.23K","1.45%"
"02/02/2016","11,419","10,450","11,768","10,100","317.78K","3.99%"
"02/01/2016","10,981","10,309","11,399","10,215","182.23K","3.03%"
"01/29/2016","10,658","10,145","11,400","10,000","424.36K","0.55%"
"01/28/2016","10,600","10,455","10,880","10,196","126.81K","4.43%"
"01/27/2016","10,150","10,450","10,615","9,811","380.68K","1.50%"
"01/26/2016","10,000","10,000","10,200","9,696","161.04K","0.00%"
"01/25/2016","10,000","10,400","10,591","9,912","168.55K","-1.38%"
"01/22/2016","10,140","10,936","10,936","9,900","203.16K","-0.59%"
"01/21/2016","10,200","10,200","10,700","10,114","160.94K","0.00%"
"01/20/2016","10,200","10,305","10,648","10,200","335.68K","-4.34%"
"01/19/2016","10,663","10,753","10,780","10,663","98.09K","-0.90%"
"01/18/2016","10,760","11,000","11,051","10,500","100.29K","-0.37%"
"01/15/2016","10,800","10,960","11,320","10,750","204.80K","-0.04%"
"01/14/2016","10,804","11,100","11,350","10,804","70.20K","-5.39%"
"01/13/2016","11,420","11,245","11,420","11,109","103.17K","0.22%"
"01/12/2016","11,395","11,050","11,410","10,652","63.81K","5.46%"
"01/11/2016","10,805","11,100","11,132","10,650","68.51K","-3.75%"
"01/08/2016","11,226","11,256","11,256","11,100","6.95K","-0.27%"
"01/07/2016","11,256","10,950","11,397","10,778","132.55K","1.95%"
"01/06/2016","11,041","11,253","11,273","11,041","216.83K","-2.29%"
"01/05/2016","11,300","11,020","11,351","10,974","27.97K","-1.30%"
"01/04/2016","11,449","10,921","11,552","10,921","126.27K","1.09%"